0,729.9
0,731.3
0,722.3
0,721.1
0,722.4
0,721.7
0,721.6
0,721.7
0,721.6
0,719.9
0,719.8
0,717.3
0,717.1
0,717.0
0,716.8
0,716.7
0,716.6
0,716.0
0,715.6
0,715.5
0,714.2
0,713.0
0,712.4
0,712.7
0,715.2
0,715.4
0,716.6
0,716.4
0,718.5
0,717.4
0,716.8
0,716.0
0,715.8
0,715.5
0,717.5
0,716.7
0,717.0
0,718.0
0,717.4
0,718.2
0,716.5
0,715.7
0,714.4
0,714.3
0,714.4
0,717.4
0,719.6
0,720.1
0,719.7
0,719.3
0,719.3
0,719.0
0,718.6
0,720.3
0,720.2
0,721.9
0,722.0
0,721.9
0,721.0
0,720.6
0,718.9
0,718.8
0,718.8
0,719.1
0,719.3
0,720.7
0,721.6
0,720.9
0,721.4
0,723.3
0,723.5
0,723.4
0,723.3
0,723.3
0,723.2
0,723.4
0,723.3
0,724.0
0,724.2
0,724.6
0,724.8
0,724.7
0,725.5
0,726.6
0,726.7
0,726.6
0,725.8
0,726.1
0,726.2
0,726.2
0,727.3
0,727.2
0,727.3
0,726.7
0,725.7
0,725.0
0,724.2
0,723.5
0,724.8
0,724.9
0,725.4
0,725.7
0,725.6
0,725.8
0,724.4
0,723.8
0,722.8
0,723.5
0,723.8
0,723.3
0,723.4
0,724.2
0,724.3
0,724.2
0,723.9
0,724.4
0,725.0
0,724.7
0,724.5
0,724.7
0,724.6
0,724.9
0,723.9
0,723.9
0,723.9
0,724.5
0,724.4
0,724.5
0,724.7
0,725.2
0,726.0
0,725.9
0,726.2
0,726.3
0,726.0
0,726.4
0,727.2
0,726.3
0,726.1
0,726.1
0,727.0
0,726.3
0,727.0
0,726.4
0,726.0
0,725.9
0,725.0
0,724.7
0,725.0
0,724.7
0,724.2
0,724.2
0,724.5
0,724.4
0,724.1
0,724.4
0,724.3
0,725.5
0,725.8
0,725.9
0,726.1
0,726.2
0,727.2
0,723.7
0,725.4
0,725.6
0,725.5
0,724.4
0,724.0
0,725.7
0,726.6
0,725.7
0,725.9
0,725.8
0,726.0
0,725.2
0,725.5
0,725.6
0,725.4
0,725.3
0,725.0
0,724.9
0,725.2
0,725.4
0,725.6
0,726.0
0,725.7
0,725.5
0,725.9
0,724.5
0,725.1
0,725.3
0,725.5
0,725.1
0,725.2
0,725.7
0,725.6
0,725.8
0,726.0
0,726.1
0,726.0
0,726.0
0,726.1
0,726.4
0,726.2
0,726.4
0,726.0
0,725.8
0,724.9
0,725.9
0,726.0
0,726.1
0,725.9
0,726.3
0,726.5
0,726.4
0,726.3
0,726.4
0,726.4
0,725.8
0,725.8
0,725.9
0,725.8
0,726.2
0,726.5
0,726.4
0,726.0
0,726.2
0,726.1
0,726.2
0,726.5
0,726.4
0,725.9
0,725.4
0,725.4
0,725.7
0,725.5
0,725.2
0,725.4
0,725.4
0,725.3
0,725.5
0,725.3
0,725.2
0,725.2
0,725.3
0,725.4
0,725.5
0,725.8
0,725.6
0,725.1
0,725.3
0,725.8
0,725.8
0,725.6
0,725.4
0,725.6
0,725.2
0,725.9
0,725.8
0,726.2
0,726.2
0,726.9
0,727.3
0,726.7
0,726.8
0,726.9
0,726.8
0,727.0
0,727.0
0,727.7
0,727.9
0,727.8
0,727.7
0,728.0
0,728.6
0,727.3
0,727.8
0,727.9
0,727.9
0,728.0
0,728.7
0,729.0
0,728.8
0,729.0
0,728.7
0,728.4
0,727.9
0,728.0
0,727.2
0,727.6
0,728.0
0,728.1
0,728.0
0,727.9
0,727.4
0,727.4
0,727.4
0,727.0
0,727.9
0,728.1
0,728.3
0,728.3
0,727.8
0,727.3
0,727.7
0,726.9
0,727.2
0,727.0
0,727.3
0,727.0
0,726.8
0,726.2
0,726.0
0,726.0
0,726.6
0,726.3
0,726.4
0,725.8
0,725.9
0,725.7
0,725.7
0,725.6
0,725.8
0,725.9
0,725.7
0,725.4
0,724.6
0,724.2
0,724.7
0,724.0
0,722.0
0,722.1
0,722.7
0,722.5
0,723.8
0,723.4
0,723.3
0,723.3
0,722.2
0,723.2
0,722.7
0,722.1
0,722.2
0,722.2
0,722.8
0,722.8
0,723.1
0,723.4
0,723.3
0,724.1
0,723.8
0,723.5
0,723.6
0,723.9
0,724.6
0,724.9
0,724.4
0,724.7
0,724.0
0,723.9
0,724.6
0,724.4
0,724.2
0,724.8
0,724.7
0,725.5
0,725.6
0,726.5
0,727.4
0,725.9
0,726.7
0,726.3
0,726.3
0,726.3
0,726.6
0,726.2
0,726.5
0,725.3
0,725.4
0,725.1
0,725.3
0,725.7
0,725.1
0,724.7
0,724.5
0,724.7
0,724.7
0,724.1
0,723.9
0,722.7
0,723.0
0,717.4
0,719.7
0,719.5
0,714.0
0,717.2
0,718.1
0,719.6
0,718.7
0,718.4
0,717.2
0,718.0
0,718.1
0,718.0
0,718.5
0,716.2
0,719.0
0,721.5
0,720.4
0,720.1
0,719.0
0,719.4
0,720.7
0,721.9
0,722.1
0,722.1
0,722.2
0,722.6
0,722.9
0,723.9
0,726.4
0,727.0
0,726.4
0,726.5
0,726.6
0,726.3
0,724.3
0,724.4
0,725.5
0,727.0
0,726.8
0,726.8
0,726.5
0,724.9
0,725.3
0,725.4
0,725.2
0,724.9
0,725.5
0,726.0
0,726.2
0,728.7
0,729.1
0,728.7
0,728.7
0,728.5
0,728.4
0,728.3
0,728.2
0,728.7
0,729.1
0,728.8
0,728.4
0,729.5
0,729.9
0,731.1
0,730.1
0,730.7
0,730.6
0,730.6
0,730.3
0,730.1
0,730.1
0,729.8
0,728.6
0,729.5
0,728.7
0,728.5
0,728.2
0,727.3
0,727.2
0,726.7
0,727.3
0,727.3
0,726.9
0,727.1
0,727.1
0,726.8
0,726.2
0,725.8
0,725.7
0,726.0
0,725.6
0,724.8
0,724.3
0,724.8
0,725.9
0,725.7
0,726.1
0,726.0
0,725.9
0,726.3
0,726.7
0,726.6
0,726.4
0,726.6
0,726.7
0,726.9
0,726.8
0,726.6
0,726.0
0,726.3
0,726.3
0,726.2
0,726.4
0,725.4
0,725.5
0,725.4
0,725.6
0,726.1
0,727.2
0,727.4
0,727.4
0,727.1
0,727.6
0,727.9
0,727.8
0,729.6
0,729.6
0,730.0
0,730.5
0,730.2
0,729.7
0,728.9
0,728.9
0,729.1
0,729.1
0,728.2
0,727.4
0,727.7
0,727.8
0,727.3
0,727.5
0,727.1
0,727.0
0,727.0
0,727.3
0,727.2
0,726.6
0,726.4
0,727.2
0,726.7
0,726.4
0,726.3
0,725.8
0,725.6
0,725.8
0,725.4
0,724.7
0,724.2
0,723.8
0,723.9
0,723.1
0,722.9
0,722.9
0,721.7
0,722.4
0,723.2
0,723.2
0,718.1
0,723.1
0,723.4
0,723.3
0,723.3
0,722.3
0,722.4
0,721.1
0,722.0
0,721.9
0,721.8
0,721.9
0,721.7
0,721.5
0,721.0
0,721.3
0,721.1
0,721.3
0,721.4
0,721.2
0,721.2
0,720.9
0,720.8
0,721.3
0,721.7
0,722.3
0,721.8
0,722.2
0,722.0
0,721.3
0,721.4
0,721.7
0,721.4
0,721.3
0,721.4
0,721.5
0,721.4
0,721.3
0,720.7
0,720.4
0,721.0
0,721.3
0,721.6
0,722.6
0,722.7
0,722.1
0,722.1
0,722.1
0,722.2
0,722.0
0,722.1
0,722.4
0,721.8
0,721.8
0,721.8
0,721.2
0,721.9
0,721.8
0,722.3
0,722.2
0,722.6
0,721.9
0,721.5
0,721.4
0,722.1
0,722.1
0,721.9
0,722.5
0,722.3
0,721.5
0,721.6
0,721.5
0,721.8
0,721.8
0,721.9
0,722.6
0,721.9
0,722.1
0,722.2
0,722.2
0,722.1
0,724.3
0,723.7
0,723.2
0,723.0
0,722.7
0,723.5
0,722.9
0,723.6
0,723.0
0,722.8
0,722.8
0,723.3
0,723.1
0,722.8
0,724.4
0,724.3
0,725.2
0,724.2
0,724.0
0,723.4
0,723.0
0,722.7
0,722.5
0,722.7
0,722.9
0,722.8
0,723.5
0,723.0
0,724.1
0,724.2
0,724.2
0,723.9
0,722.6
0,722.4
0,721.9
0,721.6
0,721.9
0,721.9
0,723.8
0,723.3
0,723.3
0,722.6
0,722.2
0,721.9
0,721.0
0,720.8
0,721.5
0,720.9
0,721.1
0,721.2
0,720.7
0,721.2
0,720.7
0,720.7
0,720.0
0,720.0
0,719.6
0,719.7
0,719.8
0,719.2
0,718.6
0,718.8
0,718.3
0,718.2
0,718.5
0,718.4
0,718.4
0,718.3
0,718.1
0,717.9
0,717.5
0,718.1
0,718.1
0,718.5
0,718.2
0,718.7
0,718.2
0,717.1
0,716.9
0,717.6
0,717.8
0,717.4
0,718.1
0,718.8
0,717.7
0,717.4
0,717.3
0,717.6
0,716.6
0,716.0
0,716.5
0,716.7
0,716.4
0,716.3
0,715.7
0,716.5
0,716.3
0,716.0
0,715.8
0,715.9
0,715.3
0,715.2
0,715.4
0,715.0
0,715.4
0,715.2
0,715.5
0,715.7
0,715.6
0,715.4
0,715.6
0,715.4
0,715.3
0,715.2
0,716.0
0,715.6
0,716.0
0,716.0
0,715.7
0,715.7
0,715.5
0,715.5
0,715.5
0,714.6
0,715.3
0,716.6
0,716.8
0,722.3
0,719.4
0,719.8
0,719.9
0,720.0
0,720.4
0,720.6
0,720.9
0,721.2
0,721.8
0,721.6
0,719.4
0,719.3
0,719.0
0,717.7
0,718.0
0,717.4
0,717.7
0,719.5
0,719.0
0,719.4
0,719.7
0,719.8
0,719.8
0,719.1
0,719.3
0,719.2
0,719.9
0,719.9
0,719.9
0,719.1
0,718.8
0,719.1
0,718.9
0,720.3
0,720.5
0,721.6
0,722.3
0,723.9
0,723.3
0,723.1
0,723.1
0,723.1
0,723.5
0,723.9
0,723.6
0,723.2
0,725.9
0,725.1
0,725.7
0,725.8
0,726.7
0,726.7
0,727.9
0,727.7
0,727.7
0,727.8
0,727.9
0,728.0
0,726.8
0,726.7
0,726.5
0,726.9
0,727.0
0,727.2
0,726.9
0,727.4
0,727.5
0,727.5
0,727.4
0,727.3
0,724.6
0,725.0
0,724.5
0,724.1
0,725.2
0,727.1
0,727.3
0,726.3
0,725.3
0,723.1
0,723.2
0,723.8
0,724.4
0,724.4
0,724.1
0,723.6
0,723.7
0,724.1
0,723.9
0,724.1
0,724.0
0,724.1
0,724.0
0,724.2
0,724.3
0,724.5
0,724.7
0,724.6
0,724.8
0,724.7
0,724.1
0,723.8
0,724.3
0,724.5
0,724.0
0,724.1
0,724.3
0,725.2
0,725.2
0,724.3
0,724.3
0,724.3
0,724.4
0,724.6
0,724.8
0,724.9
0,723.7
0,723.6
0,723.4
0,723.5
0,723.8
0,723.7
0,723.3
0,723.5
0,723.6
0,724.0
0,723.3
0,721.5
0,722.2
0,724.0
0,724.1
0,723.9
0,723.3
0,723.3
0,723.3
0,723.5
0,723.4
0,723.1
0,722.8
0,722.6
0,722.9
0,722.4
0,722.6
0,722.5
0,723.6
0,723.4
0,723.0
0,722.7
0,722.5
0,722.8
0,722.7
0,722.8
0,722.4
0,722.8
0,722.7
0,722.8
0,722.4
0,724.3
0,725.6
0,725.6
0,725.2
0,725.9
0,725.9
0,725.9
0,726.8
0,726.8
0,725.9
0,725.6
0,725.5
0,725.1
0,724.6
0,724.4
0,724.2
0,724.5
0,724.9
0,724.9
0,725.2
0,726.2
0,724.4
0,724.1
0,724.7
0,724.5
0,724.3
0,724.1
0,724.5
0,724.0
0,723.9
0,723.8
0,723.3
0,723.2
0,722.7
0,722.9
0,722.4
0,721.7
0,722.6
0,723.2
0,723.5
0,723.5
0,723.5
0,723.3
0,722.5
0,723.3
0,723.1
0,723.4
0,723.7
0,723.4
0,722.7
0,723.3
0,723.3
0,723.6
0,724.2
0,723.6
0,724.1
0,724.3
0,723.5
0,723.1
0,723.8
0,723.2
0,723.3
0,723.5
0,723.1
0,723.5
0,723.3
0,724.1
0,723.2
0,723.6
0,723.5
0,723.5
0,723.6
0,724.2
0,724.1
0,724.3
0,724.2
0,724.4
0,724.6
0,724.8
0,724.7
0,725.0
0,724.0
0,724.4
0,724.7
0,724.5
0,724.3
0,724.3
0,723.0
0,724.1
0,724.3
0,723.5
0,724.4
0,724.4
0,724.8
0,723.8
0,723.9
0,724.7
0,724.8
0,724.7
0,725.1
0,724.9
0,724.5
0,724.5
0,724.5
0,725.0
0,725.4
0,726.7
0,727.9
0,727.4
0,726.2
0,727.1
0,727.1
0,727.1
0,727.4
0,726.7
0,726.8
0,727.1
0,727.1
0,727.1
0,726.9
0,726.8
0,726.9
0,727.0
0,727.2
0,726.8
0,727.0
0,726.9
0,726.8
0,725.9
0,726.0
0,726.2
0,726.6
0,726.9
0,725.5
0,726.7
0,725.9
0,726.2
0,726.7
0,728.5
0,727.1
0,727.0
0,727.3
0,727.4
0,728.0
0,727.8
0,727.8
0,727.4
0,727.0
0,727.1
0,726.8
0,727.2
0,726.7
0,727.0
0,726.8
0,727.0
0,726.8
0,726.6
0,726.5
0,726.8
0,726.8
0,726.9
0,726.7
0,728.2
0,729.3
0,729.7
0,729.9
0,729.1
0,728.7
0,729.0
0,729.2
0,728.5
0,728.9
0,729.2
0,729.2
0,729.5
0,729.4
0,729.0
0,729.1
0,730.2
0,730.5
0,730.4
0,730.3
0,730.3
0,731.3
0,732.0
0,732.0
0,731.0
0,731.1
0,731.5
0,731.2
0,731.2
0,731.3
0,730.6
0,730.6
0,729.7
0,729.8
0,729.6
0,729.5
0,729.1
0,728.9
0,729.0
0,721.8
0,721.8
0,725.7
0,728.4
0,739.7
0,743.2
0,742.7
0,730.6
0,733.6
0,732.9
0,733.6
0,733.8
0,734.5
0,733.3
0,732.2
0,731.7
0,731.5
0,732.6
0,733.6
0,734.0
0,734.1
0,734.1
0,734.1
0,733.7
0,733.6
0,734.0
0,734.2
0,734.0
0,733.4
0,732.1
0,732.7
0,733.1
0,732.3
0,730.9
0,732.2
0,732.3
0,732.5
0,732.9
0,732.4
0,732.9
0,732.8
0,732.8
0,733.2
0,732.7
0,732.6
0,732.0
0,732.3
0,731.2
0,731.1
0,731.9
0,731.8
0,731.7
0,731.8
0,731.8
0,732.0
0,731.9
0,730.6
0,731.3
0,732.2
0,730.5
0,729.8
0,730.5
0,730.1
0,729.9
0,730.4
0,730.5
0,731.0
0,730.7
0,730.3
0,729.8
0,729.9
0,729.3
0,730.3
0,730.3
0,730.4
0,729.1
0,728.8
0,728.9
0,729.6
0,729.9
0,729.1
0,728.5
0,729.8
0,730.0
0,729.7
0,729.9
0,729.8
0,728.9
0,729.7
0,730.2
0,730.2
0,729.5
0,729.8
0,730.1
0,729.7
0,729.3
0,729.4
0,729.6
0,729.9
0,729.7
0,729.5
0,729.7
0,729.8
0,729.6
0,729.8
0,729.9
0,729.4
0,728.7
0,727.7
0,726.5
0,726.8
0,727.4
0,726.7
0,727.2
0,726.6
0,727.4
0,726.9
0,726.2
0,725.7
0,726.3
0,726.7
0,726.5
0,726.4
0,725.4
0,724.9
0,725.4
0,725.1
0,725.1
0,724.9
0,725.5
0,725.0
0,725.1
0,724.5
0,723.8
0,724.1
0,724.4
0,724.2
0,723.8
0,723.2
0,723.2
0,723.9
0,724.0
0,723.7
0,723.8
0,724.0
0,723.5
0,723.4
0,723.5
0,723.5
0,723.6
0,724.0
0,722.9
0,724.6
0,724.9
0,724.8
0,724.9
0,724.9
0,725.0
0,726.1
0,725.5
0,725.6
0,725.5
0,725.7
0,725.7
0,729.3
0,728.2
0,726.5
0,726.4
0,726.6
0,728.3
0,728.5
0,727.8
0,728.7
0,728.5
0,728.7
0,729.5
0,727.8
0,727.8
0,728.9
0,729.2
0,729.8
0,729.4
0,729.6
0,729.0
0,729.1
0,729.8
0,730.0
0,730.1
0,729.8
0,730.1
0,729.5
0,729.4
0,729.7
0,729.7
0,729.6
0,729.8
0,729.9
0,729.9
0,729.3
0,729.2
0,729.3
0,729.5
0,729.8
0,729.8
0,729.1
0,730.2
0,730.2
0,729.4
0,730.4
0,729.7
0,729.8
0,729.9
0,729.8
0,729.8
0,732.3
0,733.2
0,734.0
0,735.1
0,734.7
0,734.2
0,737.6
0,736.5
0,735.4
0,735.7
0,736.2
0,736.4
0,735.7
0,735.6
0,735.6
0,735.8
0,735.7
0,735.3
0,735.5
0,735.1
0,735.6
0,734.8
0,734.8
0,735.0
0,735.6
0,735.0
0,735.4
0,734.9
0,734.9
0,734.8
0,735.0
0,734.7
0,734.4
0,734.7
0,734.3
0,733.9
0,734.4
0,734.1
0,733.9
0,733.6
0,732.9
0,732.8
0,732.5
0,732.5
0,731.8
0,732.0
0,732.0
0,732.5
0,732.3
0,732.2
0,732.0
0,730.2
0,730.6
0,730.6
0,731.3
0,731.5
0,731.7
0,731.8
0,732.7
0,732.7
0,733.1
0,733.1
0,732.7
0,737.5
0,736.5
0,735.9
0,737.1
0,738.2
0,737.0
0,736.2
0,736.5
0,736.1
0,736.0
0,735.6
0,735.2
0,735.5
0,735.5
0,735.3
0,735.4
0,734.7
0,734.4
0,734.4
0,735.0
0,734.7
0,734.4
0,734.6
0,734.7
0,734.8
0,734.5
0,734.5
0,734.0
0,734.2
0,734.2
0,734.6
0,734.5
0,734.8
0,734.2
0,734.3
0,734.2
0,733.8
0,733.3
0,733.7
0,733.2
0,734.1
0,733.9
0,733.5
0,733.0
0,733.3
0,732.4
0,732.5
0,731.1
0,732.1
0,732.3
0,731.6
0,731.5
0,732.7
0,732.4
0,731.4
0,731.9
0,731.7
0,731.6
0,731.8
0,731.6
0,731.9
0,731.7
0,730.9
0,730.9
0,731.0
0,730.8
0,731.0
0,731.1
0,731.0
0,731.2
0,731.1
0,731.2
0,730.9
0,730.9
0,730.8
0,730.9
0,730.8
0,730.4
0,730.7
0,730.7
0,730.8
0,730.5
0,731.1
0,731.6
0,732.2
0,732.3
0,732.3
0,732.5
0,732.4
0,732.5
0,732.6
0,733.5
0,734.7
0,735.0
0,734.2
0,733.8
0,734.3
0,733.8
0,733.9
0,733.8
0,733.8
0,733.9
0,733.9
0,733.5
0,733.9
0,733.8
0,733.7
0,733.7
0,734.3
0,734.8
0,733.0
0,730.6
0,738.1
0,734.0
0,735.0
0,734.0
0,738.3
0,738.1
0,735.5
0,736.6
0,736.2
0,737.5
0,737.9
0,738.1
0,739.9
0,739.1
0,738.6
0,739.3
0,739.4
0,739.8
0,738.3
0,739.6
0,739.6
0,739.1
0,739.2
0,739.3
0,739.4
0,739.2
0,739.1
0,739.7
0,738.6
0,739.3
0,739.3
0,740.3
0,740.2
0,740.1
0,738.6
0,738.4
0,739.1
0,740.5
0,740.8
0,739.5
0,739.7
0,740.9
0,740.5
0,741.2
0,741.2
0,741.6
0,742.9
0,742.3
0,741.5
0,741.4
0,741.9
0,741.6
0,741.4
0,741.4
0,741.9
0,742.0
0,740.6
0,741.1
0,741.2
0,740.4
0,740.6
0,741.0
0,741.3
0,741.3
0,741.3
0,741.7
0,746.9
0,746.4
0,747.6
0,748.7
0,748.0
0,748.1
0,748.3
0,745.7
0,747.0
0,747.9
0,748.1
0,748.3
0,748.7
0,750.1
0,750.9
0,751.0
0,753.4
0,754.1
0,752.7
0,752.9
0,752.6
0,751.6
0,749.5
0,750.3
0,750.3
0,750.2
0,750.0
0,749.9
0,749.7
0,748.7
0,748.3
0,748.8
0,749.7
0,748.8
0,748.5
0,748.6
0,748.7
0,749.5
0,749.8
0,749.7
0,749.6
0,749.6
0,748.7
0,748.6
0,749.2
0,749.1
0,749.4
0,749.5
0,749.6
0,749.8
0,749.8
0,749.4
0,749.9
0,749.4
0,749.5
0,749.0
0,749.4
0,748.8
0,748.7
0,749.0
0,749.6
0,749.7
0,749.9
0,749.0
0,749.7
0,749.2
0,749.1
0,749.2
0,749.5
0,749.6
0,749.6
0,749.2
0,749.1
0,749.5
0,749.4
0,749.6
0,749.9
0,752.2
0,752.3
0,753.1
0,750.7
0,750.6
0,751.8
0,751.3
0,752.0
0,752.1
0,750.5
0,751.8
0,751.4
0,751.7
0,750.9
0,751.7
0,751.8
0,751.5
0,753.9
0,754.3
0,754.1
0,754.5
0,754.7
0,754.7
0,756.3
0,755.2
0,754.5
0,755.7
0,755.5
0,755.5
0,755.7
0,756.5
0,755.9
0,756.7
0,756.0
0,755.9
0,758.3
0,758.2
0,758.4
0,757.9
0,758.5
0,758.2
0,758.0
0,758.6
0,758.5
0,757.4
0,759.3
0,759.7
0,758.3
0,758.4
0,759.6
0,757.9
0,757.5
0,757.9
0,757.9
0,757.8
0,757.9
0,758.0
0,758.2
0,760.7
0,762.7
0,764.0
0,764.2
0,763.3
0,763.4
0,763.5
0,764.7
0,764.8
0,764.7
0,763.9
0,764.0
0,761.5
0,762.6
0,762.0
0,761.5
0,761.3
0,759.7
0,759.3
0,759.7
0,759.9
0,760.9
0,759.5
0,760.1
0,760.2
0,760.7
0,760.6
0,761.7
0,761.1
0,761.1
0,761.1
0,760.8
0,761.4
0,760.8
0,761.5
0,761.2
0,761.8
0,761.5
0,760.9
0,761.2
0,761.6
0,762.8
0,762.5
0,763.7
0,764.0
0,764.1
0,764.4
0,765.3
0,765.9
0,766.7
0,767.4
0,766.9
0,766.3
0,765.5
0,764.4
0,764.8
0,764.5
0,765.4
0,765.3
0,765.2
0,765.2
0,764.8
0,767.3
0,765.5
0,765.1
0,765.5
0,765.6
0,765.3
0,764.9
0,764.3
0,763.6
0,763.9
0,764.6
0,764.8
0,764.4
0,763.8
0,763.6
0,763.6
0,763.8
0,763.4
0,763.5
0,764.0
0,764.2
0,763.9
0,764.3
0,764.5
0,764.0
0,764.0
0,764.1
0,763.7
0,763.3
0,763.7
0,763.9
0,763.3
0,763.8
0,763.9
0,763.1
0,763.0
0,762.5
0,761.9
0,760.7
0,761.1
0,760.4
0,761.1
0,760.7
0,761.3
0,761.0
0,761.2
0,761.1
0,760.6
0,760.8
0,760.9
0,760.9
0,759.4
0,759.6
0,759.3
0,760.0
0,760.4
0,760.9
0,760.8
0,761.4
0,761.5
0,762.0
0,762.2
0,762.1
0,762.6
0,761.8
0,761.1
0,761.5
0,761.4
0,761.4
0,761.0
0,761.2
0,761.2
0,761.0
0,761.0
0,761.4
0,761.7
0,761.1
0,760.6
0,760.9
0,761.1
0,761.1
0,760.7
0,760.6
0,761.0
0,761.1
0,761.1
0,761.4
0,761.9
0,762.2
0,761.1
0,760.8
0,760.7
0,761.0
0,760.7
0,760.7
0,760.9
0,760.6
0,760.2
0,760.5
0,760.4
0,759.6
0,760.0
0,760.2
0,760.3
0,760.1
0,759.8
0,760.1
0,759.1
0,759.6
0,759.9
0,760.1
0,760.4
0,760.1
0,760.2
0,759.2
0,759.5
0,759.6
0,759.9
0,760.0
0,759.9
0,759.8
0,760.1
0,759.9
0,759.9
0,760.1
0,760.0
0,759.8
0,759.5
0,759.6
0,759.5
0,759.8
0,756.4
0,758.6
0,759.5
0,759.6
0,759.7
0,764.5
0,764.3
0,765.0
0,763.4
0,764.9
0,765.0
0,765.2
0,766.1
0,766.4
0,764.7
0,764.6
0,763.5
0,763.0
0,763.3
0,762.4
0,761.2
0,760.9
0,759.0
0,757.7
0,755.6
0,758.7
0,761.0
0,762.5
0,763.3
0,763.4
0,763.3
0,763.7
0,763.0
0,760.7
0,761.9
0,761.3
0,762.0
0,763.5
0,763.8
0,764.3
0,763.5
0,762.0
0,762.1
0,763.9
0,764.1
0,764.1
0,763.5
0,766.5
0,766.7
0,766.8
0,766.9
0,768.0
0,767.9
0,767.6
0,767.1
0,766.9
0,767.3
0,767.1
0,766.1
0,766.6
0,766.2
0,766.1
0,766.0
0,766.6
0,766.0
0,766.1
0,766.7
0,766.8
0,766.8
0,767.0
0,766.6
0,766.2
0,765.9
0,765.3
0,765.3
0,765.8
0,765.2
0,764.6
0,764.7
0,764.6
0,765.8
0,766.0
0,766.0
0,765.8
0,765.9
0,766.0
0,766.0
0,765.9
0,768.1
0,767.9
0,769.1
0,769.8
0,772.0
0,770.5
0,772.2
0,772.4
0,771.1
0,770.1
0,770.5
0,770.0
0,770.4
0,770.7
0,770.8
0,770.3
0,770.6
0,770.5
0,771.0
0,771.0
0,770.2
0,770.5
0,771.0
0,770.9
0,770.9
0,771.0
0,770.4
0,770.2
0,769.9
0,769.0
0,768.2
0,768.7
0,769.8
0,769.4
0,769.7
0,769.2
0,769.3
0,769.4
0,769.5
0,769.5
0,769.1
0,769.3
0,769.5
0,769.6
0,769.7
0,769.8
0,769.3
0,769.2
0,769.3
0,769.6
0,769.0
0,769.6
0,769.5
0,769.3
0,768.7
0,768.6
0,768.4
0,768.2
0,767.8
0,768.2
0,768.3
0,767.5
0,766.8
0,766.4
0,765.9
0,765.6
0,765.2
0,764.8
0,764.2
0,764.6
0,765.0
0,765.2
0,764.6
0,764.4
0,764.2
0,764.3
0,764.4
0,765.2
0,767.1
0,767.2
0,765.8
0,765.3
0,764.3
0,764.1
0,763.2
0,764.1
0,764.0
0,763.3
0,763.3
0,763.6
0,763.1
0,763.2
0,759.7
0,760.1
0,765.1
0,762.7
0,762.9
0,762.3
0,762.1
0,761.3
0,760.4
0,761.2
0,760.3
0,760.4
0,760.3
0,760.2
0,760.4
0,760.7
0,763.0
0,762.1
0,762.8
0,761.8
0,764.3
0,763.5
0,764.6
0,764.8
0,764.3
0,763.0
0,762.9
0,763.2
0,763.3
0,763.3
0,764.1
0,763.8
0,762.7
0,761.9
0,761.8
0,760.8
0,761.0
0,760.6
0,760.6
0,760.5
0,760.1
0,758.4
0,757.7
0,757.9
0,759.2
0,759.0
0,759.4
0,759.6
0,760.2
0,760.4
0,760.6
0,760.7
0,761.1
0,760.9
0,760.0
0,760.9
0,762.4
0,762.5
0,762.5
0,762.0
0,762.6
0,761.9
0,762.3
0,761.8
0,762.4
0,762.7
0,762.6
0,762.4
0,761.7
0,761.6
0,762.5
0,762.8
0,762.5
0,761.8
0,762.2
0,762.3
0,762.9
0,762.6
0,762.7
0,762.9
0,763.7
0,763.4
0,765.3
0,764.4
0,763.2
0,762.9
0,760.9
0,762.2
0,761.9
0,762.4
0,762.6
0,762.6
0,762.7
0,762.9
0,762.9
0,762.7
0,762.8
0,762.9
0,762.0
0,762.8
0,762.8
0,763.0
0,762.4
0,763.0
0,763.1
0,762.9
0,762.8
0,763.1
0,762.6
0,763.3
0,762.7
0,763.1
0,763.2
0,762.9
0,763.0
0,763.0
0,763.4
0,763.3
0,763.3
0,763.0
0,762.8
0,762.9
0,762.9
0,762.8
0,763.0
0,762.4
0,763.3
0,763.2
0,763.0
0,763.0
0,762.9
0,763.0
0,762.7
0,763.1
0,763.5
0,762.8
0,763.3
0,763.1
0,763.2
0,763.2
0,763.3
0,762.9
0,762.9
0,762.6
0,762.6
0,762.6
0,762.7
0,762.5
0,762.3
0,761.8
0,761.9
0,761.0
0,760.9
0,761.0
0,760.5
0,760.9
0,760.5
0,760.3
0,760.3
0,760.1
0,760.3
0,760.0
0,759.8
0,759.6
0,759.7
0,760.1
0,760.1
0,760.9
0,761.2
0,762.1
0,761.8
0,760.8
0,761.2
0,761.4
0,761.7
0,761.5
0,761.7
0,762.2
0,762.3
0,762.4
0,762.5
0,762.7
0,762.5
0,762.2
0,762.1
0,762.3
0,762.4
0,762.7
0,762.2
0,762.0
0,762.0
0,761.7
0,761.8
0,761.7
0,761.6
0,761.2
0,761.1
0,760.9
0,761.3
0,760.2
0,760.4
0,760.4
0,760.9
0,760.9
0,761.2
0,762.2
0,761.2
0,761.5
0,761.5
0,761.4
0,761.6
0,761.9
0,762.1
0,762.6
0,762.2
0,761.6
0,760.1
0,760.2
0,754.9
0,763.8
0,760.5
0,765.9
0,766.2
0,762.2
0,762.6
0,762.4
0,762.1
0,762.3
0,759.0
0,758.3
0,760.0
0,760.3
0,760.3
0,760.2
0,760.3
0,763.5
0,761.9
0,761.8
0,763.1
0,762.5
0,762.6
0,762.0
0,761.0
0,761.0
0,760.7
0,761.7
0,762.4
0,762.2
0,761.8
0,761.7
0,759.5
0,758.9
0,759.8
0,756.9
0,758.2
0,758.2
0,759.6
0,759.5
0,760.2
0,760.3
0,758.5
0,758.2
0,757.6
0,757.9
0,757.7
0,757.5
0,756.6
0,755.5
0,756.0
0,756.3
0,755.9
0,756.2
0,757.0
0,757.0
0,757.7
0,757.3
0,755.2
0,754.8
0,753.1
0,753.1
0,753.3
0,754.1
0,753.9
0,754.7
0,755.7
0,755.6
0,755.8
0,755.9
0,756.6
0,756.6
0,757.2
0,755.9
0,756.1
0,756.2
0,756.7
0,756.1
0,756.4
0,759.0
0,759.2
0,758.7
0,757.5
0,757.7
0,757.4
0,758.1
0,757.6
0,756.9
0,757.3
0,757.7
0,759.0
0,758.8
0,757.6
0,758.0
0,758.2
0,758.7
0,759.5
0,760.2
0,759.3
0,759.0
0,759.3
0,759.1
0,759.3
0,759.6
0,759.2
0,759.1
0,759.2
0,759.4
0,759.3
0,759.5
0,759.3
0,759.2
0,758.9
0,758.8
0,758.9
0,759.3
0,759.2
0,758.8
0,759.0
0,759.2
0,759.1
0,759.9
0,759.9
0,760.0
0,759.5
0,759.6
0,759.6
0,759.3
0,759.4
0,759.2
0,759.0
0,759.5
0,759.2
0,759.4
0,759.6
0,759.9
0,759.8
0,759.7
0,759.4
0,758.9
0,759.0
0,759.2
0,759.2
0,759.0
0,759.1
0,759.2
0,759.1
0,757.8
0,758.0
0,758.1
0,758.0
0,757.8
0,756.7
0,755.6
0,755.9
0,755.8
0,756.6
0,756.8
0,756.6
0,756.3
0,757.0
0,756.5
0,756.5
0,757.3
0,757.8
0,758.1
0,758.0
0,757.6
0,757.5
0,757.6
0,756.1
0,757.0
0,757.0
0,757.1
0,757.0
0,757.0
0,756.8
0,756.7
0,757.1
0,757.4
0,757.1
0,755.4
0,757.8
0,757.9
0,757.6
0,757.4
0,757.6
0,757.8
0,758.0
0,758.6
0,758.7
0,758.4
0,758.9
0,758.5
0,758.6
0,758.9
0,758.8
0,758.9
0,759.2
0,759.1
0,758.9
0,759.2
0,758.7
0,759.0
0,759.1
0,758.9
0,758.6
0,759.0
0,759.0
0,759.1
0,759.6
0,759.5
0,759.4
0,759.7
0,759.4
0,759.5
0,759.6
0,760.0
0,761.0
0,762.2
0,762.4
0,762.9
0,762.9
0,762.8
0,762.2
0,762.3
0,761.7
0,761.8
0,762.7
0,761.7
0,761.6
0,761.6
0,761.7
0,761.5
0,761.6
0,761.1
0,761.0
0,761.8
0,762.1
0,761.6
0,761.8
0,761.7
0,762.0
0,761.8
0,763.1
0,763.3
0,763.3
0,763.2
0,763.3
0,763.2
0,763.3
0,763.0
0,763.3
0,763.2
0,763.3
0,763.2
0,763.7
0,763.8
0,764.3
0,764.1
0,764.7
0,764.8
0,765.0
0,765.3
0,765.4
0,765.2
0,765.2
0,765.4
0,766.0
0,765.5
0,765.9
0,766.0
0,765.8
0,765.6
0,765.8
0,766.0
0,765.8
0,766.1
0,765.8
0,766.2
0,765.9
0,765.8
0,765.5
0,765.7
0,765.5
0,765.1
0,765.6
0,766.4
0,766.7
0,766.4
0,766.6
0,766.8
0,767.1
0,767.1
0,766.9
0,767.9
0,767.8
0,768.0
0,766.9
0,767.8
0,768.2
0,768.5
0,768.4
0,768.3
0,769.0
0,768.8
0,769.1
0,768.8
0,768.9
0,768.6
0,768.9
0,769.0
0,768.4
0,768.3
0,768.8
0,769.6
0,769.4
0,769.9
0,769.9
0,770.0
0,769.7
0,769.5
0,770.0
0,770.0
0,769.6
0,769.6
0,769.1
0,768.2
0,768.7
0,769.2
0,768.9
0,767.8
0,767.7
0,768.0
0,767.4
0,767.8
0,767.9
0,768.1
0,767.9
0,768.2
0,768.5
0,768.3
0,768.4
0,768.6
0,769.6
0,769.7
0,769.7
0,769.5
0,769.5
0,769.0
0,769.3
0,769.0
0,769.5
0,769.3
0,769.5
0,769.6
0,769.5
0,769.6
0,769.5
0,770.4
0,770.3
0,770.5
0,770.6
0,769.2
0,769.2
0,769.5
0,770.2
0,769.8
0,770.0
0,769.5
0,769.1
0,769.6
0,769.9
0,769.7
0,770.0
0,769.7
0,769.4
0,769.8
0,769.5
0,769.8
0,769.6
0,768.6
0,769.3
0,768.9
0,768.9
0,768.8
0,768.1
0,768.5
0,772.7
0,772.3
0,771.5
0,771.4
0,771.4
0,771.2
0,770.8
0,767.6
0,766.9
0,766.7
0,769.6
0,769.0
0,766.5
0,767.8
0,767.3
0,767.4
0,767.4
0,769.0
0,769.5
0,769.3
0,770.7
0,770.2
0,771.0
0,771.6
0,772.3
0,772.3
0,771.6
0,769.5
0,770.5
0,770.4
0,770.7
0,771.2
0,771.5
0,772.0
0,772.1
0,771.8
0,770.4
0,769.1
0,770.0
0,770.8
0,770.5
0,769.0
0,768.8
0,768.4
0,768.5
0,768.0
0,767.1
0,767.3
0,768.0
0,768.8
0,766.4
0,767.3
0,766.7
0,766.8
0,766.7
0,766.8
0,767.1
0,767.9
0,768.1
0,767.5
0,766.9
0,766.9
0,767.0
0,767.4
0,767.2
0,767.1
0,767.2
0,767.0
0,765.9
0,766.6
0,767.1
0,766.7
0,767.0
0,767.1
0,766.9
0,766.7
0,767.2
0,767.1
0,767.9
0,767.8
0,768.2
0,767.4
0,767.4
0,767.5
0,767.7
0,767.7
0,767.9
0,768.5
0,768.4
0,768.4
0,767.4
0,767.1
0,767.0
0,766.8
0,766.9
0,767.2
0,767.6
0,767.6
0,767.3
0,767.0
0,767.4
0,767.4
0,767.9
0,768.4
0,767.2
0,767.5
0,768.1
0,768.2
0,767.9
0,767.7
0,766.7
0,766.9
0,767.7
0,767.9
0,767.6
0,767.7
0,767.8
0,767.7
0,767.7
0,767.0
0,766.1
0,766.8
0,766.9
0,766.8
0,767.0
0,766.6
0,766.4
0,765.8
0,766.7
0,766.4
0,766.9
0,767.0
0,766.9
0,766.8
0,766.9
0,766.1
0,766.2
0,766.0
0,766.5
0,766.9
0,767.0
0,767.0
0,766.6
0,765.7
0,765.9
0,765.8
0,765.7
0,766.0
0,766.3
0,766.0
0,766.8
0,767.2
0,766.3
0,766.3
0,766.5
0,766.7
0,766.2
0,765.6
0,765.7
0,765.8
0,764.3
0,766.0
0,766.5
0,766.8
0,767.0
0,767.0
0,767.9
0,766.0
0,765.7
0,766.0
0,765.7
0,767.2
0,766.8
0,766.3
0,766.6
0,766.9
0,766.7
0,766.5
0,766.0
0,766.1
0,766.4
0,765.8
0,766.2
0,766.5
0,766.4
0,766.2
0,765.9
0,765.8
0,765.9
0,765.6
0,765.8
0,765.6
0,765.6
0,765.8
0,766.0
0,767.1
0,765.9
0,766.2
0,766.4
0,766.8
0,766.4
0,766.7
0,766.7
0,766.6
0,766.1
0,766.4
0,766.5
0,766.0
0,766.0
0,766.1
0,766.0
0,765.3
0,765.9
0,765.4
0,766.1
0,765.7
0,766.1
0,766.1
0,765.7
0,765.6
0,766.1
0,765.9
0,764.9
0,765.3
0,765.3
0,764.4
0,764.4
0,764.3
0,764.3
0,764.2
0,764.4
0,764.0
0,764.1
0,764.4
0,765.1
0,765.5
0,765.5
0,765.6
0,765.3
0,765.2
0,765.3
0,765.6
0,765.4
0,765.3
0,765.4
0,765.5
0,765.6
0,765.9
0,765.8
0,765.8
0,766.0
0,766.3
0,766.0
0,766.5
0,767.6
0,768.4
0,767.7
0,768.5
0,768.4
0,768.7
0,767.6
0,768.6
0,769.1
0,769.0
0,769.6
0,769.2
0,767.9
0,768.1
0,767.9
0,768.0
0,768.4
0,768.4
0,768.6
0,768.5
0,768.3
0,768.7
0,768.7
0,768.2
0,768.6
0,768.4
0,768.5
0,768.8
0,768.6
0,768.4
0,768.3
0,768.0
0,768.2
0,768.8
0,768.9
0,768.4
0,768.4
0,768.4
0,768.3
0,768.5
0,768.9
0,768.1
0,767.8
0,767.6
0,767.3
0,767.6
0,767.4
0,767.5
0,766.7
0,767.1
0,767.3
0,767.6
0,767.5
0,767.5
0,767.6
0,767.3
0,767.6
0,767.4
0,767.3
0,767.4
0,767.4
0,766.8
0,766.9
0,766.8
0,766.9
0,767.3
0,766.9
0,766.9
0,766.9
0,767.3
0,767.1
0,767.1
0,767.1
0,767.1
0,766.7
0,766.0
0,765.9
0,765.6
0,765.8
0,765.8
0,764.7
0,764.9
0,764.8
0,765.2
0,765.7
0,765.4
0,765.3
0,765.8
0,765.1
0,765.0
0,765.0
0,765.1
0,764.9
0,765.2
0,765.3
0,765.2
0,765.2
0,764.5
0,765.3
0,758.5
0,758.5
0,759.4
0,761.8
0,763.4
0,760.9
0,764.4
0,762.2
0,760.0
0,759.9
0,764.2
0,765.3
0,765.3
0,766.6
0,768.5
0,767.5
0,767.6
0,764.2
0,764.3
0,766.4
0,765.4
0,764.9
0,765.2
0,763.9
0,762.3
0,762.1
0,762.0
0,762.9
0,763.0
0,763.2
0,763.2
0,763.4
0,763.6
0,762.7
0,761.1
0,760.1
0,760.1
0,760.1
0,759.1
0,759.5
0,759.2
0,759.2
0,759.2
0,759.2
0,759.3
0,758.8
0,758.6
0,757.4
0,756.9
0,756.5
0,756.4
0,756.1
0,755.3
0,754.7
0,755.8
0,754.4
0,754.6
0,755.2
0,754.0
0,753.7
0,753.8
0,753.7
0,753.7
0,753.7
0,753.4
0,753.3
0,753.2
0,752.9
0,753.4
0,751.8
0,751.6
0,752.0
0,752.0
0,751.8
0,752.0
0,751.9
0,751.6
0,751.8
0,751.7
0,751.6
0,751.3
0,751.2
0,750.4
0,750.7
0,751.7
0,751.6
0,750.8
0,750.7
0,751.1
0,751.1
0,751.2
0,750.5
0,750.4
0,750.5
0,750.6
0,750.5
0,749.8
0,749.9
0,749.8
0,749.8
0,749.7
0,750.4
0,750.6
0,750.7
0,750.7
0,751.8
0,751.7
0,751.2
0,751.7
0,752.9
0,752.0
0,753.0
0,752.9
0,753.2
0,753.0
0,753.3
0,754.4
0,754.8
0,754.8
0,754.8
0,755.0
0,755.0
0,756.0
0,756.1
0,756.8
0,756.9
0,757.3
0,757.8
0,757.2
0,756.7
0,754.7
0,754.9
0,754.9
0,754.6
0,754.7
0,754.7
0,754.6
0,754.7
0,754.6
0,754.9
0,755.8
0,755.7
0,755.9
0,756.0
0,755.7
0,755.6
0,755.5
0,755.4
0,755.5
0,754.8
0,755.0
0,754.6
0,754.8
0,754.8
0,754.9
0,754.8
0,754.6
0,754.1
0,754.2
0,754.2
0,754.0
0,752.5
0,754.6
0,754.7
0,754.6
0,755.0
0,754.9
0,754.5
0,754.6
0,754.6
0,753.5
0,753.6
0,753.7
0,753.8
0,753.9
0,754.5
0,755.4
0,754.8
0,754.4
0,754.3
0,755.6
0,755.5
0,755.6
0,755.0
0,754.7
0,753.8
0,753.7
0,753.8
0,754.0
0,753.9
0,753.8
0,753.8
0,753.8
0,753.7
0,753.8
0,753.7
0,753.4
0,753.4
0,753.1
0,753.5
0,753.2
0,753.6
0,753.5
0,753.5
0,753.4
0,753.1
0,753.2
0,753.3
0,753.4
0,753.2
0,753.6
0,754.2
0,753.2
0,753.5
0,754.2
0,753.8
0,753.2
0,753.6
0,753.4
0,753.3
0,753.4
0,753.5
0,753.9
0,754.1
0,753.9
0,753.5
0,753.2
0,753.5
0,753.3
0,753.3
0,753.2
0,753.2
0,753.3
0,753.5
0,753.6
0,753.7
0,753.4
0,753.2
0,753.3
0,753.2
0,752.9
0,752.7
0,752.1
0,752.9
0,753.0
0,752.7
0,753.1
0,753.6
0,753.0
0,753.0
0,753.4
0,754.2
0,755.2
0,754.4
0,755.7
0,755.8
0,755.9
0,756.8
0,756.6
0,756.8
0,757.3
0,757.0
0,757.0
0,757.8
0,757.8
0,757.3
0,757.2
0,756.6
0,756.3
0,756.5
0,757.0
0,756.2
0,756.2
0,755.4
0,756.1
0,756.2
0,757.1
0,757.5
0,758.2
0,758.7
0,758.5
0,758.0
0,758.1
0,758.1
0,758.7
0,758.6
0,758.5
0,758.0
0,758.1
0,758.1
0,758.3
0,757.9
0,756.2
0,755.9
0,756.3
0,755.8
0,756.0
0,756.3
0,756.5
0,755.3
0,755.9
0,756.3
0,756.1
0,756.3
0,756.3
0,755.6
0,755.4
0,754.8
0,754.7
0,754.9
0,754.9
0,755.2
0,754.9
0,755.0
0,755.3
0,754.7
0,754.9
0,754.6
0,754.9
0,754.7
0,754.7
0,754.2
0,755.3
0,754.7
0,755.3
0,754.6
0,754.8
0,755.3
0,754.6
0,755.3
0,755.0
0,755.2
0,755.2
0,754.5
0,754.0
0,754.4
0,754.4
0,753.7
0,753.9
0,753.9
0,753.6
0,753.8
0,753.7
0,753.4
0,753.7
0,753.8
0,753.7
0,753.5
0,753.6
0,753.7
0,754.4
0,754.0
0,753.4
0,753.8
0,759.9
0,759.9
0,760.1
0,759.7
0,759.6
0,759.6
0,760.2
0,760.3
0,759.5
0,760.3
0,759.3
0,761.1
0,762.6
0,763.1
0,761.1
0,759.4
0,757.8
0,758.5
0,758.6
0,758.9
0,758.7
0,757.0
0,757.6
0,757.5
0,757.3
0,758.3
0,758.3
0,758.0
0,758.0
0,758.3
0,758.0
0,758.1
0,758.1
0,758.4
0,758.2
0,758.3
0,758.3
0,758.3
0,758.4
0,758.8
0,758.6
0,758.8
0,759.1
0,759.7
0,758.4
0,758.7
0,757.1
0,756.1
0,756.2
0,758.7
0,759.1
0,758.0
0,758.1
0,758.1
0,757.4
0,757.2
0,757.2
0,757.0
0,757.6
0,757.7
0,756.8
0,756.6
0,756.8
0,757.2
0,756.9
0,756.8
0,756.5
0,756.5
0,758.2
0,758.0
0,757.5
0,757.7
0,757.4
0,757.4
0,758.5
0,758.6
0,758.8
0,758.6
0,758.6
0,759.2
0,759.3
0,758.9
0,758.7
0,759.4
0,759.3
0,760.0
0,760.8
0,758.4
0,758.9
0,758.7
0,759.4
0,758.6
0,758.7
0,759.2
0,759.2
0,759.1
0,758.9
0,758.8
0,758.8
0,758.8
0,759.0
0,759.1
0,759.1
0,759.2
0,759.5
0,759.2
0,759.0
0,759.3
0,759.6
0,759.0
0,759.3
0,759.1
0,759.1
0,758.8
0,759.3
0,759.5
0,759.4
0,757.8
0,758.2
0,757.6
0,759.4
0,759.2
0,759.0
0,758.5
0,758.8
0,758.3
0,758.4
0,758.3
0,758.2
0,757.9
0,757.6
0,757.3
0,757.7
0,756.9
0,757.8
0,757.6
0,756.8
0,756.9
0,757.1
0,755.9
0,756.2
0,756.1
0,756.2
0,756.4
0,757.2
0,757.0
0,757.8
0,757.5
0,757.9
0,757.4
0,757.0
0,757.3
0,757.1
0,755.9
0,756.4
0,756.3
0,757.0
0,757.1
0,757.2
0,757.1
0,756.3
0,756.6
0,756.2
0,756.5
0,756.1
0,755.7
0,756.3
0,755.7
0,755.7
0,756.1
0,756.8
0,756.3
0,756.3
0,755.8
0,756.3
0,754.1
0,756.4
0,756.8
0,756.6
0,755.6
0,755.8
0,755.6
0,755.7
0,755.9
0,755.4
0,756.0
0,756.1
0,756.9
0,757.1
0,757.1
0,756.9
0,756.7
0,756.9
0,757.2
0,757.4
0,756.5
0,757.1
0,757.0
0,757.0
0,757.1
0,756.8
0,756.2
0,756.5
0,756.2
0,755.5
0,755.5
0,755.3
0,755.2
0,755.3
0,755.5
0,755.6
0,755.4
0,755.7
0,754.9
0,755.0
0,755.5
0,754.3
0,754.6
0,754.7
0,755.0
0,755.5
0,756.3
0,756.3
0,756.3
0,755.6
0,754.8
0,754.3
0,754.8
0,754.6
0,754.7
0,754.0
0,753.8
0,753.3
0,754.1
0,754.7
0,754.6
0,755.0
0,754.5
0,754.4
0,754.6
0,755.2
0,755.3
0,755.5
0,755.6
0,755.8
0,754.7
0,754.6
0,754.3
0,754.3
0,755.1
0,756.0
0,754.8
0,754.9
0,754.8
0,754.9
0,755.6
0,755.7
0,755.8
0,756.0
0,755.5
0,754.7
0,754.2
0,755.1
0,755.3
0,755.2
0,755.3
0,754.8
0,754.9
0,755.1
0,754.8
0,754.7
0,754.8
0,754.8
0,755.0
0,755.1
0,755.8
0,755.7
0,755.9
0,756.1
0,756.1
0,756.9
0,757.4
0,757.4
0,757.8
0,757.6
0,757.4
0,758.2
0,757.4
0,757.7
0,757.4
0,758.0
0,757.7
0,757.9
0,758.4
0,758.7
0,758.8
0,758.3
0,758.5
0,758.6
0,758.5
0,758.8
0,759.0
0,759.0
0,758.8
0,759.6
0,759.6
0,758.9
0,759.7
0,759.4
0,758.7
0,758.5
0,758.5
0,758.9
0,759.2
0,759.5
0,759.2
0,759.4
0,759.3
0,759.1
0,759.4
0,759.5
0,759.4
0,759.3
0,759.4
0,759.3
0,759.3
0,759.5
0,759.6
0,759.9
0,759.8
0,761.3
0,761.8
0,761.6
0,761.7
0,761.5
0,761.5
0,760.8
0,760.6
0,760.5
0,760.4
0,760.3
0,760.8
0,761.4
0,761.4
0,761.5
0,761.6
0,761.7
0,761.4
0,761.8
0,761.2
0,760.1
0,760.1
0,759.8
0,759.9
0,760.2
0,760.3
0,760.0
0,760.2
0,760.1
0,760.1
0,760.3
0,760.2
0,760.3
0,760.2
0,760.1
0,760.3
0,760.2
0,760.3
0,760.3
0,759.9
0,759.7
0,759.9
0,759.8
0,759.9
0,759.9
0,759.7
0,759.8
0,759.7
0,759.8
0,760.1
0,760.2
0,759.9
0,754.0
0,756.3
0,756.1
0,756.6
0,758.9
0,759.4
0,758.9
0,757.5
0,758.6
0,759.3
0,758.8
0,758.9
0,758.8
0,759.3
0,757.7
0,757.4
0,757.3
0,755.9
0,755.5
0,755.4
0,755.3
0,754.5
0,754.8
0,754.6
0,754.7
0,757.1
0,757.2
0,758.3
0,758.4
0,758.6
0,759.2
0,759.2
0,757.3
0,757.9
0,758.7
0,758.8
0,759.2
0,758.1
0,758.3
0,758.3
0,758.5
0,758.9
0,758.3
0,758.2
0,759.0
0,759.1
0,759.5
0,758.7
0,758.6
0,758.4
0,757.6
0,757.9
0,757.4
0,757.4
0,756.2
0,756.2
0,755.6
0,755.4
0,756.5
0,756.6
0,756.0
0,756.0
0,756.5
0,755.9
0,756.1
0,756.0
0,755.5
0,754.6
0,755.1
0,755.2
0,754.6
0,754.9
0,756.0
0,756.2
0,756.6
0,756.2
0,756.1
0,756.0
0,755.6
0,755.5
0,755.9
0,755.9
0,757.1
0,757.4
0,756.5
0,756.4
0,756.4
0,756.4
0,756.5
0,756.6
0,757.6
0,757.0
0,756.9
0,757.7
0,758.4
0,757.6
0,757.9
0,758.5
0,758.8
0,758.8
0,758.8
0,759.1
0,760.1
0,759.3
0,759.5
0,759.4
0,759.6
0,759.7
0,759.3
0,759.3
0,759.1
0,758.5
0,758.8
0,758.7
0,758.8
0,758.6
0,759.0
0,758.7
0,758.9
0,759.7
0,759.6
0,759.9
0,759.6
0,759.4
0,759.2
0,759.4
0,759.7
0,760.4
0,760.6
0,760.6
0,760.1
0,760.2
0,760.3
0,761.1
0,760.4
0,760.1
0,759.9
0,759.5
0,759.4
0,759.4
0,759.4
0,759.5
0,759.3
0,759.6
0,760.2
0,760.3
0,760.0
0,759.9
0,760.1
0,760.2
0,760.2
0,761.3
0,761.4
0,761.9
0,761.6
0,760.7
0,760.9
0,760.8
0,761.1
0,759.5
0,759.2
0,758.9
0,756.6
0,757.7
0,757.4
0,757.1
0,757.0
0,756.5
0,756.6
0,756.3
0,756.9
0,758.3
0,757.6
0,757.7
0,757.1
0,756.9
0,756.9
0,756.7
0,756.7
0,756.9
0,756.9
0,757.1
0,757.0
0,756.9
0,757.1
0,757.0
0,757.0
0,757.0
0,758.3
0,757.8
0,757.7
0,757.3
0,757.3
0,757.2
0,757.3
0,757.5
0,758.4
0,757.9
0,757.8
0,758.0
0,758.2
0,758.6
0,758.6
0,758.7
0,758.9
0,758.8
0,759.4
0,759.1
0,759.2
0,758.9
0,758.9
0,759.0
0,759.8
0,760.1
0,759.7
0,759.5
0,759.6
0,759.7
0,759.6
0,760.1
0,759.4
0,758.7
0,758.9
0,758.5
0,758.6
0,758.7
0,758.8
0,759.0
0,759.6
0,759.8
0,759.8
0,760.2
0,760.1
0,759.8
0,759.8
0,759.7
0,759.0
0,758.5
0,758.5
0,759.1
0,759.2
0,759.2
0,759.0
0,758.7
0,758.8
0,759.4
0,758.8
0,758.7
0,757.8
0,757.7
0,757.3
0,757.2
0,756.9
0,756.9
0,757.3
0,756.8
0,755.5
0,756.6
0,756.9
0,757.1
0,756.9
0,757.1
0,757.2
0,757.3
0,757.6
0,757.7
0,758.1
0,757.2
0,756.8
0,757.1
0,757.0
0,757.3
0,757.5
0,757.4
0,757.4
0,757.7
0,757.6
0,757.7
0,757.7
0,758.0
0,758.3
0,758.3
0,758.8
0,758.0
0,758.1
0,757.7
0,757.8
0,757.9
0,758.0
0,757.8
0,757.8
0,757.6
0,756.9
0,757.1
0,757.5
0,757.7
0,757.5
0,757.4
0,757.4
0,757.6
0,757.2
0,757.2
0,757.1
0,757.1
0,757.2
0,757.1
0,756.9
0,757.3
0,756.9
0,756.3
0,756.7
0,756.6
0,757.2
0,756.5
0,755.9
0,756.7
0,756.8
0,757.1
0,757.0
0,757.2
0,757.5
0,758.4
0,757.7
0,757.8
0,757.7
0,757.7
0,757.8
0,757.8
0,757.9
0,757.6
0,757.6
0,758.3
0,758.2
0,758.4
0,758.5
0,758.7
0,758.3
0,758.5
0,758.6
0,758.5
0,758.0
0,758.0
0,757.7
0,758.0
0,757.7
0,758.1
0,758.3
0,757.6
0,758.1
0,757.7
0,757.6
0,757.7
0,756.2
0,755.3
0,756.0
0,755.9
0,755.5
0,755.8
0,756.9
0,757.6
0,759.1
0,759.6
0,758.1
0,758.2
0,758.8
0,759.8
0,759.8
0,760.4
0,760.1
0,760.2
0,760.0
0,760.8
0,760.7
0,760.1
0,760.3
0,760.7
0,761.6
0,761.9
0,763.0
0,760.4
0,760.1
0,759.8
0,760.7
0,761.0
0,758.5
0,758.9
0,759.5
0,759.6
0,759.6
0,759.9
0,759.5
0,758.6
0,759.5
0,760.1
0,760.4
0,760.3
0,759.6
0,758.3
0,756.9
0,757.4
0,758.3
0,759.2
0,759.3
0,759.4
0,759.2
0,758.4
0,759.1
0,758.5
0,759.1
0,758.7
0,758.2
0,758.3
0,759.0
0,759.1
0,758.6
0,756.3
0,757.2
0,755.6
0,756.2
0,755.4
0,756.0
0,755.6
0,756.7
0,756.8
0,756.9
0,754.8
0,755.1
0,756.1
0,756.2
0,756.2
0,756.2
0,756.0
0,755.7
0,755.9
0,755.8
0,757.6
0,756.6
0,756.1
0,756.0
0,756.6
0,758.1
0,756.0
0,756.8
0,757.1
0,757.4
0,757.0
0,756.7
0,756.0
0,756.6
0,756.7
0,756.9
0,756.9
0,756.8
0,757.3
0,757.5
0,757.5
0,757.2
0,757.3
0,757.5
0,757.6
0,757.7
0,757.5
0,757.2
0,757.1
0,757.4
0,757.2
0,756.8
0,757.5
0,757.0
0,756.9
0,757.0
0,757.2
0,757.3
0,757.5
0,758.3
0,758.5
0,757.9
0,757.9
0,758.0
0,758.4
0,757.2
0,757.8
0,757.4
0,757.3
0,757.6
0,757.0
0,757.0
0,756.1
0,756.6
0,758.0
0,755.4
0,756.9
0,756.9
0,757.0
0,756.7
0,756.3
0,756.3
0,756.4
0,756.3
0,756.4
0,756.1
0,755.7
0,756.0
0,756.0
0,755.8
0,755.2
0,755.3
0,755.6
0,754.9
0,754.1
0,753.9
0,754.0
0,755.0
0,755.2
0,755.3
0,756.2
0,756.1
0,756.2
0,759.3
0,755.7
0,756.7
0,756.8
0,756.9
0,757.4
0,757.3
0,756.3
0,755.9
0,756.8
0,756.3
0,756.2
0,755.1
0,755.5
0,756.0
0,756.4
0,756.3
0,756.1
0,756.0
0,756.1
0,755.9
0,756.2
0,756.2
0,755.3
0,756.3
0,755.8
0,755.6
0,755.6
0,755.6
0,755.6
0,755.6
0,755.7
0,755.6
0,754.9
0,755.1
0,755.0
0,755.0
0,755.0
0,754.9
0,755.1
0,755.7
0,755.8
0,756.0
0,756.0
0,756.1
0,757.1
0,755.7
0,755.8
0,756.5
0,757.4
0,757.1
0,756.2
0,756.2
0,755.7
0,755.9
0,756.7
0,755.9
0,756.0
0,756.1
0,755.9
0,755.9
0,756.1
0,756.1
0,755.8
0,755.9
0,756.1
0,756.0
0,754.4
0,754.4
0,754.5
0,754.7
0,753.4
0,754.2
0,754.5
0,753.9
0,753.8
0,754.3
0,754.1
0,754.2
0,753.5
0,754.2
0,753.4
0,754.1
0,754.1
0,754.0
0,753.9
0,752.4
0,752.4
0,753.2
0,753.1
0,753.5
0,753.6
0,753.4
0,752.8
0,752.9
0,753.5
0,753.6
0,753.0
0,753.1
0,753.6
0,753.2
0,751.8
0,752.8
0,753.3
0,753.3
0,753.4
0,753.7
0,753.7
0,753.6
0,754.3
0,754.2
0,754.2
0,754.4
0,754.1
0,754.5
0,754.2
0,754.4
0,754.6
0,753.9
0,754.9
0,754.9
0,754.7
0,754.5
0,754.7
0,755.2
0,755.8
0,755.9
0,756.0
0,757.0
0,756.7
0,757.0
0,756.3
0,756.5
0,756.9
0,757.6
0,757.1
0,756.3
0,756.2
0,756.0
0,756.4
0,756.1
0,756.6
0,756.8
0,755.5
0,756.8
0,755.7
0,755.3
0,755.8
0,756.1
0,755.8
0,755.9
0,756.3
0,755.7
0,756.3
0,756.8
0,756.6
0,756.5
0,756.0
0,755.1
0,756.6
0,755.9
0,756.7
0,756.4
0,755.8
0,755.5
0,755.6
0,756.2
0,755.4
0,755.6
0,756.3
0,755.8
0,755.7
0,755.4
0,755.6
0,755.4
0,755.5
0,755.8
0,754.3
0,754.9
0,754.8
0,755.1
0,754.2
0,754.6
0,754.7
0,754.5
0,754.5
0,754.9
0,754.8
0,754.9
0,754.8
0,755.0
0,754.2
0,753.4
0,753.6
0,753.5
0,754.2
0,752.7
0,753.2
0,752.8
0,753.1
0,753.3
0,753.6
0,753.8
0,753.6
0,753.5
0,753.7
0,753.8
0,752.1
0,751.7
0,752.1
0,751.7
0,751.8
0,755.1
0,750.9
0,752.1
0,752.2
0,752.2
0,751.5
0,752.4
0,749.6
0,755.3
0,756.7
0,755.7
0,756.1
0,757.1
0,757.7
0,757.9
0,755.1
0,755.7
0,755.6
0,755.7
0,755.9
0,756.8
0,755.7
0,756.5
0,756.5
0,756.7
0,756.8
0,756.9
0,757.1
0,756.9
0,756.9
0,756.4
0,756.6
0,756.4
0,753.2
0,752.4
0,751.9
0,752.8
0,752.9
0,753.0
0,753.3
0,754.2
0,753.3
0,753.7
0,753.9
0,753.6
0,753.9
0,754.0
0,753.7
0,753.2
0,752.3
0,753.2
0,753.7
0,753.3
0,752.5
0,753.3
0,753.5
0,753.5
0,753.1
0,752.8
0,751.8
0,752.0
0,751.7
0,750.4
0,750.1
0,749.8
0,749.9
0,750.5
0,750.3
0,750.2
0,750.3
0,750.4
0,750.2
0,750.2
0,750.2
0,750.1
0,749.9
0,751.0
0,751.1
0,751.2
0,750.9
0,750.8
0,750.8
0,751.5
0,750.3
0,750.4
0,750.8
0,749.5
0,749.6
0,749.7
0,749.6
0,749.4
0,749.2
0,748.0
0,747.9
0,748.0
0,747.5
0,747.7
0,747.9
0,747.4
0,747.9
0,747.6
0,747.5
0,747.6
0,747.5
0,747.5
0,747.4
0,748.8
0,748.6
0,749.0
0,749.0
0,749.1
0,748.2
0,748.6
0,749.1
0,749.0
0,749.1
0,749.0
0,749.1
0,748.4
0,749.0
0,749.6
0,749.7
0,750.5
0,750.4
0,750.6
0,750.5
0,750.6
0,750.8
0,750.5
0,750.3
0,750.9
0,750.3
0,750.1
0,750.6
0,750.1
0,750.7
0,749.6
0,749.7
0,750.1
0,751.0
0,750.7
0,750.9
0,750.4
0,750.5
0,751.3
0,750.8
0,750.6
0,751.1
0,751.3
0,751.4
0,752.0
0,751.3
0,751.1
0,750.9
0,751.0
0,751.1
0,750.7
0,751.2
0,751.4
0,751.5
0,752.1
0,752.6
0,752.9
0,753.4
0,753.2
0,753.4
0,752.7
0,750.3
0,750.3
0,753.0
0,753.2
0,752.7
0,753.0
0,753.6
0,753.3
0,752.6
0,751.4
0,750.5
0,750.1
0,751.1
0,751.3
0,751.4
0,752.2
0,752.4
0,752.0
0,751.4
0,751.6
0,751.4
0,751.2
0,751.4
0,751.5
0,751.2
0,752.1
0,752.0
0,751.7
0,752.2
0,751.6
0,752.2
0,752.9
0,752.4
0,752.6
0,752.1
0,752.6
0,752.6
0,752.7
0,752.7
0,752.7
0,752.0
0,751.9
0,751.2
0,751.4
0,750.7
0,751.2
0,751.5
0,751.2
0,751.1
0,750.4
0,749.9
0,750.2
0,749.0
0,749.9
0,750.0
0,749.1
0,750.1
0,750.1
0,750.1
0,750.1
0,750.1
0,749.5
0,749.9
0,749.1
0,749.2
0,749.0
0,749.2
0,749.4
0,749.8
0,749.9
0,750.8
0,750.2
0,750.1
0,750.7
0,749.4
0,749.9
0,749.5
0,749.6
0,749.6
0,750.0
0,749.9
0,749.5
0,749.6
0,749.6
0,750.1
0,750.1
0,749.7
0,750.1
0,750.2
0,750.0
0,749.6
0,750.1
0,750.2
0,750.2
0,750.3
0,750.4
0,750.0
0,749.7
0,749.8
0,750.3
0,749.9
0,750.5
0,750.1
0,749.4
0,750.5
0,750.6
0,750.7
0,750.2
0,750.2
0,749.8
0,749.9
0,749.7
0,749.9
0,750.2
0,749.6
0,748.9
0,749.2
0,749.3
0,750.1
0,749.6
0,749.9
0,749.9
0,749.8
0,749.7
0,749.5
0,750.1
0,750.1
0,749.4
0,749.1
0,749.7
0,749.6
0,749.9
0,747.9
0,750.0
0,749.5
0,749.4
0,749.4
0,749.3
0,749.6
0,749.1
0,748.4
0,747.6
0,747.0
0,747.1
0,747.8
0,748.1
0,747.9
0,748.9
0,748.8
0,749.0
0,749.3
0,749.6
0,749.6
0,749.4
0,749.1
0,747.1
0,746.2
0,746.6
0,744.8
0,744.5
0,746.4
0,747.1
0,748.7
0,748.4
0,748.6
0,748.5
0,748.2
0,748.2
0,748.1
0,747.0
0,747.0
0,747.4
0,747.3
0,747.5
0,747.1
0,747.6
0,747.3
0,747.6
0,747.2
0,747.4
0,746.9
0,746.9
0,747.0
0,747.6
0,745.4
0,745.8
0,746.8
0,746.7
0,747.0
0,747.6
0,747.3
0,746.8
0,747.3
0,747.2
0,746.9
0,747.0
0,746.9
0,746.4
0,746.8
0,747.1
0,746.9
0,747.1
0,747.0
0,746.8
0,747.1
0,747.2
0,746.5
0,746.8
0,746.9
0,746.4
0,746.8
0,746.8
0,746.6
0,745.9
0,741.6
0,742.5
0,743.3
0,742.1
0,742.0
0,745.0
0,743.8
0,742.6
0,743.7
0,744.5
0,744.8
0,744.9
0,746.9
0,748.6
0,750.2
0,748.8
0,750.1
0,749.9
0,750.0
0,751.2
0,750.3
0,749.7
0,749.7
0,749.4
0,747.6
0,746.3
0,748.0
0,748.9
0,748.1
0,749.1
0,749.3
0,750.3
0,749.3
0,749.8
0,750.8
0,750.9
0,752.7
0,753.2
0,752.4
0,755.2
0,753.7
0,752.8
0,752.9
0,752.3
0,752.5
0,752.6
0,752.5
0,750.8
0,750.9
0,751.2
0,751.8
0,752.3
0,752.4
0,752.6
0,752.3
0,752.0
0,752.1
0,754.0
0,753.0
0,752.6
0,752.1
0,752.6
0,752.3
0,752.3
0,751.0
0,751.3
0,750.8
0,751.2
0,751.9
0,751.6
0,751.7
0,752.4
0,752.0
0,751.9
0,752.4
0,752.6
0,751.9
0,752.0
0,752.0
0,752.5
0,752.5
0,752.6
0,752.6
0,752.7
0,752.7
0,752.6
0,753.3
0,753.1
0,752.9
0,753.6
0,754.2
0,752.9
0,753.7
0,753.6
0,753.7
0,754.2
0,752.6
0,752.4
0,752.4
0,752.4
0,751.8
0,752.4
0,752.3
0,751.4
0,751.5
0,752.4
0,752.6
0,753.7
0,753.9
0,753.1
0,752.9
0,752.4
0,752.6
0,753.3
0,753.1
0,753.4
0,752.2
0,752.1
0,752.6
0,750.8
0,750.7
0,751.7
0,751.5
0,752.6
0,752.6
0,751.7
0,751.3
0,751.5
0,751.8
0,750.7
0,750.1
0,749.8
0,750.0
0,750.1
0,750.3
0,749.7
0,750.1
0,750.2
0,750.4
0,751.1
0,751.2
0,751.5
0,751.4
0,751.2
0,751.2
0,751.1
0,750.9
0,749.9
0,750.2
0,751.0
0,750.7
0,750.6
0,750.6
0,752.1
0,752.3
0,752.9
0,752.4
0,753.1
0,753.0
0,752.8
0,753.7
0,753.1
0,753.0
0,753.2
0,753.7
0,753.2
0,753.7
0,751.9
0,752.2
0,752.1
0,752.4
0,752.2
0,752.7
0,752.4
0,752.2
0,750.5
0,751.3
0,752.0
0,752.1
0,752.2
0,751.7
0,751.5
0,750.9
0,752.4
0,752.4
0,752.0
0,752.0
0,752.3
0,752.0
0,752.1
0,751.9
0,751.5
0,750.5
0,750.8
0,750.8
0,750.9
0,750.8
0,751.3
0,750.1
0,748.6
0,748.9
0,749.4
0,749.2
0,748.3
0,748.2
0,748.3
0,748.5
0,748.6
0,750.1
0,750.3
0,749.8
0,750.1
0,750.2
0,749.9
0,749.9
0,749.5
0,750.0
0,750.1
0,749.6
0,749.7
0,749.8
0,749.5
0,749.8
0,749.4
0,749.7
0,749.8
0,748.7
0,749.0
0,747.6
0,747.5
0,747.7
0,748.2
0,748.0
0,748.9
0,748.4
0,748.9
0,748.5
0,748.8
0,749.1
0,749.4
0,749.1
0,749.1
0,749.2
0,749.4
0,749.1
0,749.2
0,748.4
0,749.0
0,749.5
0,749.7
0,750.4
0,750.5
0,750.0
0,750.6
0,750.4
0,749.1
0,749.6
0,750.6
0,749.2
0,749.4
0,748.9
0,750.0
0,749.9
0,749.4
0,750.0
0,750.2
0,749.8
0,749.4
0,749.5
0,749.6
0,749.8
0,749.7
0,749.9
0,749.8
0,749.9
0,750.6
0,750.7
0,750.8
0,750.1
0,750.1
0,750.1
0,750.2
0,749.9
0,750.0
0,749.6
0,749.7
0,750.6
0,750.1
0,750.2
0,749.9
0,750.7
0,750.2
0,750.2
0,749.7
0,749.7
0,750.1
0,749.8
0,749.8
0,749.8
0,749.9
0,750.3
0,750.1
0,751.0
0,751.2
0,751.8
0,751.6
0,751.6
0,751.5
0,751.3
0,751.3
0,751.9
0,751.8
0,751.9
0,751.8
0,751.4
0,751.8
0,751.5
0,751.9
0,752.0
0,751.5
0,751.6
0,751.4
0,751.2
0,751.5
0,751.7
0,751.6
0,751.8
0,751.9
0,752.0
0,752.0
0,751.9
0,752.0
0,751.4
0,751.1
0,751.1
0,751.4
0,751.4
0,751.5
0,752.3
0,751.2
0,751.6
0,751.5
0,751.7
0,751.1
0,751.7
0,751.4
0,751.2
0,751.0
0,751.2
0,751.0
0,751.4
0,751.3
0,751.1
0,751.1
0,750.8
0,751.0
0,749.5
0,739.4
0,737.6
0,737.5
0,734.8
0,734.5
0,734.3
0,732.0
0,727.8
0,723.8
0,720.9
0,719.3
0,713.6
0,714.3
0,715.1
0,715.3
0,715.3
0,714.2
0,717.0
0,719.0
0,718.0
0,717.6
0,717.8
0,718.0
0,717.9
0,716.0
0,715.5
0,717.5
0,716.6
0,720.5
0,720.0
0,720.6
0,720.2
0,719.6
0,719.3
0,717.8
0,714.9
0,714.6
0,713.1
0,714.2
0,713.4
0,712.8
0,711.5
0,709.6
0,709.3
0,707.2
0,706.5
0,706.1
0,709.6
0,709.9
0,707.2
0,706.2
0,705.7
0,704.8
0,704.1
0,704.3
0,703.9
0,703.5
0,704.4
0,707.2
0,705.9
0,706.6
0,708.4
0,709.4
0,710.1
0,712.0
0,712.8
0,712.9
0,713.4
0,714.3
0,718.5
0,719.9
0,720.2
0,720.7
0,721.5
0,723.5
0,726.3
0,724.8
0,725.5
0,726.1
0,724.2
0,721.8
0,721.2
0,719.7
0,719.6
0,720.2
0,719.4
0,719.0
0,719.3
0,718.2
0,718.3
0,719.2
0,719.0
0,720.1
0,720.1
0,721.4
0,721.1
0,720.8
0,720.7
0,720.5
0,719.2
0,719.7
0,719.8
0,720.3
0,720.2
0,720.2
0,719.6
0,719.3
0,719.0
0,715.9
0,715.6
0,715.0
0,714.0
0,714.7
0,716.8
0,713.1
0,714.9
0,714.4
0,714.2
0,713.3
0,712.8
0,713.1
0,713.2
0,713.4
0,712.8
0,711.9
0,711.1
0,711.3
0,711.8
0,712.2
0,712.0
0,711.8
0,710.8
0,710.6
0,710.8
0,711.4
0,712.1
0,712.1
0,711.6
0,711.8
0,711.3
0,711.0
0,711.9
0,712.1
0,712.5
0,712.9
0,713.1
0,712.7
0,713.6
0,713.6
0,713.4
0,712.8
0,715.1
0,715.3
0,715.4
0,715.2
0,715.3
0,716.9
0,714.9
0,714.8
0,714.1
0,714.0
0,713.6
0,712.9
0,713.5
0,713.4
0,712.6
0,712.9
0,713.8
0,714.3
0,714.8
0,714.2
0,714.5
0,713.8
0,713.6
0,713.3
0,713.3
0,713.3
0,713.3
0,713.2
0,713.1
0,713.0
0,714.4
0,714.4
0,714.6
0,714.3
0,714.2
0,714.3
0,713.8
0,713.0
0,713.1
0,713.2
0,713.5
0,713.2
0,713.1
0,713.3
0,713.2
0,712.3
0,712.1
0,712.0
0,711.5
0,712.0
0,712.2
0,711.3
0,711.8
0,712.1
0,711.6
0,711.6
0,712.7
0,713.1
0,713.5
0,713.5
0,714.2
0,713.6
0,711.8
0,711.6
0,712.0
0,712.7
0,712.1
0,713.2
0,714.0
0,713.7
0,713.5
0,713.6
0,715.5
0,716.2
0,716.2
0,716.2
0,716.7
0,716.7
0,715.7
0,715.4
0,715.5
0,715.7
0,716.4
0,716.5
0,717.0
0,716.5
0,715.7
0,716.0
0,716.3
0,716.9
0,716.6
0,716.6
0,716.6
0,716.4
0,716.4
0,716.5
0,716.5
0,718.0
0,717.9
0,717.8
0,718.1
0,718.2
0,719.0
0,718.8
0,718.2
0,717.4
0,718.2
0,718.1
0,718.1
0,718.1
0,718.5
0,718.4
0,717.5
0,718.4
0,718.7
0,719.4
0,719.6
0,719.4
0,720.0
0,719.8
0,720.3
0,720.4
0,720.1
0,719.4
0,719.5
0,719.3
0,718.9
0,719.0
0,719.2
0,719.4
0,719.0
0,718.0
0,717.6
0,717.8
0,717.2
0,716.6
0,716.9
0,716.5
0,716.5
0,717.2
0,718.0
0,718.2
0,718.3
0,718.2
0,718.5
0,718.5
0,718.6
0,718.4
0,717.0
0,717.7
0,717.8
0,717.9
0,717.8
0,717.7
0,717.8
0,717.8
0,717.8
0,718.0
0,718.1
0,718.4
0,718.9
0,719.1
0,718.8
0,719.4
0,719.1
0,718.2
0,718.8
0,718.7
0,718.6
0,719.2
0,718.5
0,718.5
0,717.8
0,718.5
0,718.5
0,718.4
0,718.2
0,718.0
0,717.6
0,717.1
0,716.3
0,715.7
0,715.7
0,715.4
0,715.8
0,715.2
0,714.3
0,713.9
0,714.2
0,713.8
0,713.1
0,712.9
0,713.0
0,713.3
0,713.4
0,713.8
0,714.1
0,711.7
0,712.9
0,713.2
0,712.9
0,712.7
0,711.9
0,711.7
0,712.1
0,712.5
0,712.9
0,712.9
0,713.0
0,712.9
0,712.2
0,711.5
0,711.8
0,712.0
0,711.3
0,711.4
0,710.7
0,710.5
0,710.7
0,710.5
0,710.6
0,710.7
0,711.3
0,711.3
0,710.3
0,710.3
0,710.2
0,710.2
0,710.5
0,710.4
0,710.5
0,710.8
0,710.6
0,710.8
0,711.0
0,710.8
0,711.3
0,711.4
0,711.5
0,711.2
0,711.9
0,711.6
0,712.3
0,712.8
0,712.4
0,712.3
0,712.7
0,712.1
0,712.5
0,712.1
0,711.9
0,711.8
0,712.0
0,712.3
0,712.3
0,711.5
0,711.9
0,711.8
0,712.3
0,712.1
0,705.3
0,705.9
0,706.3
0,707.3
0,707.4
0,710.7
0,711.8
0,713.3
0,713.5
0,705.6
0,709.0
0,709.8
0,710.6
0,707.6
0,708.8
0,711.0
0,712.1
0,713.2
0,712.0
0,713.3
0,712.9
0,713.3
0,713.4
0,715.4
0,714.3
0,712.0
0,713.3
0,713.5
0,715.2
0,716.1
0,716.9
0,714.3
0,714.5
0,716.6
0,716.4
0,714.9
0,715.4
0,715.9
0,716.0
0,714.6
0,714.2
0,714.5
0,714.2
0,714.4
0,714.2
0,712.9
0,711.7
0,711.1
0,712.2
0,712.6
0,713.1
0,713.6
0,714.9
0,713.0
0,712.3
0,712.2
0,713.3
0,713.7
0,713.5
0,714.7
0,715.1
0,716.1
0,715.4
0,716.1
0,717.2
0,715.4
0,715.8
0,715.1
0,715.9
0,716.2
0,717.5
0,717.4
0,715.0
0,714.8
0,714.1
0,714.4
0,714.3
0,714.4
0,714.5
0,712.6
0,712.9
0,712.0
0,712.9
0,711.9
0,711.2
0,711.8
0,711.9
0,713.3
0,713.0
0,712.2
0,711.6
0,711.4
0,710.9
0,711.0
0,711.1
0,712.8
0,710.7
0,709.7
0,709.8
0,710.3
0,710.3
0,709.9
0,708.0
0,708.6
0,708.5
0,708.7
0,708.6
0,708.1
0,708.7
0,708.6
0,709.6
0,709.7
0,710.0
0,708.5
0,709.1
0,708.8
0,709.1
0,708.9
0,708.5
0,708.9
0,708.2
0,708.2
0,707.8
0,708.0
0,708.1
0,707.7
0,707.6
0,707.5
0,707.2
0,708.1
0,707.9
0,708.6
0,708.7
0,708.0
0,708.0
0,708.5
0,708.8
0,707.9
0,710.4
0,712.8
0,714.5
0,712.9
0,711.2
0,710.6
0,711.8
0,711.4
0,713.4
0,712.8
0,712.6
0,712.9
0,712.4
0,713.1
0,714.1
0,714.5
0,714.2
0,715.5
0,715.1
0,715.7
0,715.3
0,714.9
0,715.0
0,715.7
0,715.6
0,713.2
0,713.8
0,714.1
0,715.0
0,713.4
0,713.9
0,714.4
0,714.0
0,714.4
0,714.3
0,714.1
0,712.5
0,713.6
0,714.2
0,715.6
0,715.7
0,716.0
0,714.9
0,715.6
0,715.6
0,714.7
0,715.1
0,715.1
0,715.4
0,714.6
0,714.9
0,715.0
0,715.1
0,715.2
0,715.9
0,716.0
0,716.4
0,716.4
0,718.2
0,717.1
0,713.5
0,717.9
0,718.2
0,718.5
0,718.5
0,718.2
0,718.5
0,718.4
0,718.8
0,718.2
0,718.0
0,717.5
0,715.7
0,717.4
0,716.5
0,717.7
0,717.8
0,717.6
0,717.8
0,717.5
0,717.3
0,717.7
0,717.3
0,717.2
0,715.9
0,716.8
0,717.4
0,715.8
0,715.0
0,714.9
0,713.9
0,713.3
0,714.5
0,714.4
0,714.2
0,714.1
0,711.9
0,713.0
0,713.2
0,713.3
0,713.4
0,713.3
0,712.9
0,713.1
0,713.3
0,713.3
0,715.6
0,715.2
0,715.3
0,715.2
0,713.4
0,713.7
0,714.6
0,714.7
0,714.8
0,713.9
0,714.1
0,713.7
0,713.3
0,713.7
0,713.6
0,713.7
0,713.8
0,713.9
0,713.5
0,713.7
0,713.5
0,712.6
0,713.0
0,713.0
0,712.6
0,713.0
0,711.6
0,711.6
0,713.9
0,712.5
0,712.6
0,712.4
0,712.3
0,712.5
0,712.4
0,712.5
0,713.3
0,712.8
0,712.6
0,712.5
0,711.9
0,712.1
0,712.2
0,712.5
0,712.6
0,712.6
0,712.3
0,711.9
0,711.8
0,711.6
0,712.0
0,711.1
0,711.5
0,711.6
0,711.7
0,711.7
0,710.9
0,711.2
0,711.2
0,711.5
0,710.8
0,711.3
0,710.8
0,710.8
0,711.0
0,710.1
0,709.9
0,709.8
0,709.9
0,710.7
0,710.7
0,710.5
0,711.1
0,711.1
0,711.2
0,711.3
0,711.3
0,711.1
0,710.3
0,710.4
0,710.7
0,710.6
0,710.3
0,709.1
0,709.2
0,710.1
0,709.9
0,709.8
0,709.9
0,709.8
0,709.4
0,709.6
0,709.7
0,709.6
0,709.8
0,709.7
0,709.1
0,708.5
0,707.5
0,707.3
0,707.1
0,706.9
0,706.8
0,705.5
0,705.9
0,706.4
0,705.8
0,705.2
0,705.7
0,706.1
0,706.1
0,706.5
0,706.4
0,705.6
0,705.7
0,705.6
0,704.4
0,704.5
0,703.7
0,703.3
0,704.3
0,702.9
0,703.3
0,703.7
0,704.5
0,703.8
0,702.4
0,702.7
0,702.3
0,702.5
0,702.5
0,702.9
0,704.0
0,703.5
0,703.2
0,703.3
0,703.1
0,703.9
0,703.5
0,703.8
0,702.2
0,702.3
0,703.3
0,703.2
0,703.6
0,704.5
0,704.6
0,705.1
0,705.2
0,704.8
0,705.6
0,705.6
0,705.5
0,705.6
0,705.5
0,705.5
0,705.5
0,705.0
0,705.1
0,705.1
0,704.8
0,704.7
0,704.4
0,705.1
0,705.8
0,705.6
0,711.7
0,710.7
0,710.3
0,710.4
0,710.3
0,711.2
0,710.1
0,710.5
0,712.2
0,712.4
0,714.0
0,714.4
0,714.6
0,714.8
0,717.5
0,716.6
0,713.6
0,712.3
0,712.5
0,712.8
0,713.5
0,712.5
0,712.4
0,712.6
0,711.4
0,709.9
0,708.0
0,709.2
0,708.7
0,708.2
0,708.7
0,708.9
0,708.9
0,710.5
0,711.8
0,712.7
0,712.8
0,713.6
0,714.3
0,714.0
0,714.3
0,714.0
0,711.8
0,712.0
0,712.1
0,710.7
0,710.9
0,711.7
0,711.8
0,713.1
0,713.2
0,712.0
0,711.9
0,712.6
0,711.3
0,712.3
0,711.9
0,710.6
0,711.2
0,711.0
0,710.9
0,711.1
0,711.9
0,711.7
0,712.6
0,712.0
0,712.2
0,713.0
0,711.8
0,711.4
0,711.8
0,711.5
0,712.9
0,712.5
0,712.7
0,712.8
0,712.9
0,713.5
0,713.5
0,714.3
0,713.8
0,714.0
0,714.6
0,714.3
0,714.9
0,714.9
0,715.4
0,715.5
0,714.6
0,713.9
0,714.3
0,713.0
0,712.6
0,713.0
0,712.9
0,713.0
0,713.1
0,713.1
0,713.2
0,713.3
0,714.3
0,714.7
0,712.7
0,713.3
0,713.6
0,713.6
0,713.2
0,713.3
0,713.0
0,712.8
0,712.9
0,713.0
0,712.8
0,713.1
0,713.0
0,713.1
0,712.7
0,713.2
0,713.3
0,713.3
0,713.2
0,713.2
0,713.0
0,713.2
0,713.1
0,712.6
0,712.4
0,712.1
0,711.7
0,711.6
0,711.7
0,710.9
0,711.4
0,712.4
0,712.5
0,712.8
0,712.7
0,712.3
0,711.9
0,712.4
0,712.0
0,712.5
0,712.5
0,713.2
0,712.4
0,712.4
0,712.4
0,713.2
0,713.3
0,711.7
0,711.1
0,708.6
0,705.2
0,712.3
0,714.0
0,714.2
0,714.2
0,715.7
0,715.4
0,716.2
0,717.9
0,716.8
0,718.7
0,718.8
0,718.7
0,719.7
0,718.4
0,718.5
0,718.6
0,718.8
0,718.9
0,718.2
0,718.3
0,717.9
0,717.2
0,715.4
0,716.1
0,716.2
0,715.6
0,716.3
0,715.6
0,715.4
0,713.7
0,713.7
0,714.6
0,715.0
0,715.7
0,716.0
0,716.3
0,716.4
0,717.1
0,716.6
0,716.2
0,716.0
0,715.5
0,715.6
0,716.1
0,716.6
0,716.5
0,715.8
0,715.8
0,715.2
0,715.8
0,715.7
0,715.2
0,715.1
0,714.9
0,714.7
0,714.7
0,713.6
0,714.9
0,714.8
0,712.4
0,713.3
0,713.4
0,714.0
0,714.0
0,714.0
0,713.6
0,712.9
0,712.7
0,714.6
0,714.6
0,714.5
0,713.7
0,714.8
0,714.2
0,714.8
0,714.9
0,715.0
0,714.4
0,715.1
0,716.8
0,716.9
0,716.8
0,715.9
0,716.0
0,716.4
0,716.3
0,716.7
0,716.9
0,716.7
0,717.3
0,717.4
0,716.6
0,716.5
0,716.0
0,716.3
0,716.4
0,716.4
0,716.7
0,716.5
0,717.2
0,716.0
0,716.0
0,714.3
0,713.7
0,713.9
0,714.0
0,714.0
0,714.8
0,716.3
0,716.3
0,716.3
0,716.0
0,716.0
0,716.2
0,715.6
0,715.3
0,714.9
0,714.9
0,715.5
0,715.8
0,715.8
0,715.7
0,714.8
0,714.1
0,714.0
0,714.0
0,713.6
0,715.2
0,716.7
0,717.9
0,717.5
0,716.8
0,715.9
0,716.3
0,715.4
0,715.1
0,716.2
0,715.5
0,715.2
0,715.1
0,715.0
0,714.7
0,715.2
0,716.4
0,717.4
0,716.3
0,715.9
0,716.7
0,716.4
0,716.3
0,715.4
0,715.4
0,715.2
0,715.2
0,716.2
0,716.4
0,716.6
0,716.5
0,716.0
0,717.1
0,718.1
0,718.1
0,717.8
0,716.7
0,716.9
0,717.0
0,715.7
0,716.2
0,716.8
0,717.0
0,718.0
0,717.3
0,717.4
0,717.9
0,717.7
0,717.4
0,717.8
0,717.7
0,717.2
0,718.1
0,718.2
0,718.4
0,718.6
0,718.7
0,717.9
0,717.9
0,717.8
0,718.2
0,717.9
0,717.8
0,717.8
0,718.5
0,718.6
0,718.3
0,717.9
0,718.1
0,718.0
0,718.2
0,718.3
0,725.6
0,724.6
0,724.5
0,724.4
0,720.8
0,721.2
0,720.3
0,719.7
0,721.7
0,721.5
0,720.1
0,719.4
0,721.4
0,721.5
0,721.4
0,720.8
0,718.8
0,720.6
0,720.2
0,719.5
0,719.5
0,717.7
0,718.6
0,718.5
0,718.8
0,717.1
0,716.9
0,717.0
0,718.4
0,718.9
0,718.8
0,717.6
0,717.9
0,717.6
0,717.6
0,719.8
0,718.8
0,719.0
0,719.1
0,718.3
0,718.3
0,718.2
0,719.2
0,718.4
0,719.8
0,719.5
0,719.6
0,719.8
0,719.7
0,720.3
0,719.9
0,719.9
0,719.6
0,719.9
0,719.8
0,719.6
0,720.1
0,720.4
0,720.9
0,720.8
0,720.0
0,720.0
0,720.0
0,719.3
0,719.3
0,720.1
0,719.8
0,719.7
0,719.4
0,719.0
0,718.3
0,718.3
0,719.4
0,719.9
0,719.6
0,719.1
0,719.4
0,718.9
0,719.1
0,720.3
0,719.7
0,719.4
0,719.3
0,719.4
0,719.4
0,719.8
0,719.5
0,719.1
0,718.4
0,719.0
0,719.6
0,718.1
0,718.2
0,718.4
0,718.0
0,718.0
0,718.5
0,718.7
0,718.8
0,718.5
0,718.5
0,718.7
0,717.7
0,718.2
0,718.2
0,717.8
0,716.7
0,716.6
0,716.8
0,717.7
0,718.0
0,718.8
0,718.7
0,717.9
0,718.7
0,718.5
0,718.4
0,717.5
0,717.4
0,717.5
0,718.0
0,718.3
0,716.8
0,716.6
0,716.6
0,716.7
0,716.9
0,716.6
0,717.4
0,717.6
0,718.0
0,718.2
0,718.1
0,718.2
0,718.1
0,718.0
0,718.2
0,718.0
0,717.7
0,718.1
0,717.8
0,717.5
0,718.0
0,717.7
0,717.9
0,717.9
0,717.6
0,717.5
0,717.5
0,717.6
0,717.2
0,717.1
0,717.5
0,717.3
0,716.8
0,715.1
0,715.8
0,715.4
0,715.5
0,716.2
0,716.0
0,716.0
0,715.7
0,716.0
0,715.8
0,716.1
0,716.2
0,716.3
0,716.5
0,717.1
0,716.4
0,716.6
0,717.1
0,717.2
0,717.4
0,716.8
0,716.8
0,716.7
0,713.9
0,714.0
0,716.1
0,716.8
0,716.1
0,716.1
0,715.5
0,716.1
0,716.1
0,715.9
0,715.7
0,715.6
0,714.9
0,713.2
0,714.0
0,714.2
0,714.1
0,714.2
0,715.6
0,715.1
0,714.8
0,715.2
0,715.3
0,715.7
0,716.0
0,716.1
0,716.2
0,715.8
0,715.8
0,715.7
0,715.8
0,715.8
0,716.4
0,717.1
0,716.9
0,716.9
0,716.7
0,716.7
0,716.6
0,716.4
0,716.4
0,716.1
0,716.2
0,715.3
0,715.2
0,715.8
0,716.8
0,716.6
0,716.6
0,716.1
0,716.3
0,716.3
0,716.4
0,716.1
0,716.0
0,716.0
0,716.2
0,716.8
0,716.9
0,717.1
0,716.5
0,716.3
0,716.9
0,716.6
0,716.3
0,716.2
0,716.2
0,716.5
0,716.6
0,715.7
0,715.4
0,715.7
0,715.8
0,716.0
0,716.4
0,716.5
0,716.6
0,716.4
0,716.2
0,716.3
0,716.5
0,716.2
0,717.0
0,717.2
0,717.4
0,717.5
0,717.1
0,717.2
0,716.6
0,716.2
0,717.1
0,717.4
0,717.6
0,717.5
0,718.4
0,718.3
0,718.0
0,717.4
0,717.6
0,717.7
0,717.6
0,717.8
0,718.2
0,717.9
0,718.3
0,718.3
0,718.0
0,718.0
0,718.0
0,718.0
0,718.0
0,718.0
0,718.1
0,718.1
0,718.1
0,718.4
0,717.8
0,718.0
0,717.8
0,717.9
0,718.0
0,718.0
0,717.9
0,717.8
0,718.1
0,717.7
0,718.2
0,718.0
0,717.9
0,717.7
0,717.9
0,717.9
0,718.2
0,717.5
0,717.6
0,717.7
0,717.7
0,718.0
0,717.7
0,717.6
0,717.7
0,717.8
0,717.8
0,718.1
0,717.9
0,717.8
0,718.2
0,718.1
0,717.8
0,718.1
0,718.1
0,718.2
0,718.1
0,718.5
0,718.1
0,717.6
0,717.4
0,717.6
0,717.8
0,717.9
0,718.2
0,718.1
0,718.2
0,717.9
0,718.3
0,718.1
0,718.2
0,717.9
0,718.2
0,718.1
0,718.0
0,718.0
0,718.0
0,718.1
0,718.1
0,718.3
0,718.5
0,718.4
0,718.3
0,718.2
0,718.4
0,709.7
0,709.5
0,711.1
0,711.9
0,712.3
0,716.9
0,720.6
0,724.3
0,720.4
0,719.4
0,715.2
0,717.1
0,719.0
0,720.9
0,719.3
0,719.2
0,718.7
0,717.9
0,718.9
0,719.8
0,719.5
0,719.8
0,719.8
0,719.1
0,719.1
0,719.2
0,719.3
0,719.4
0,718.7
0,718.5
0,718.6
0,719.1
0,718.7
0,718.5
0,718.4
0,718.3
0,718.2
0,717.7
0,717.2
0,717.3
0,716.3
0,717.7
0,717.8
0,717.5
0,716.4
0,715.5
0,715.7
0,715.6
0,715.1
0,714.9
0,714.9
0,712.6
0,712.9
0,713.1
0,714.0
0,712.8
0,713.1
0,712.8
0,713.1
0,713.1
0,713.1
0,713.3
0,713.1
0,714.2
0,714.2
0,714.4
0,714.5
0,713.3
0,711.3
0,712.1
0,712.0
0,712.0
0,712.0
0,712.1
0,712.9
0,712.0
0,712.2
0,712.1
0,712.2
0,713.3
0,713.4
0,713.5
0,714.1
0,714.3
0,714.2
0,712.6
0,712.7
0,712.8
0,713.2
0,714.2
0,715.0
0,715.1
0,715.0
0,715.2
0,716.3
0,717.0
0,715.9
0,715.9
0,716.0
0,716.5
0,717.9
0,717.2
0,717.1
0,716.7
0,716.5
0,716.9
0,716.5
0,716.1
0,716.1
0,716.2
0,717.7
0,717.9
0,717.5
0,717.8
0,717.9
0,718.0
0,718.4
0,717.6
0,717.2
0,717.3
0,717.3
0,716.6
0,716.4
0,716.3
0,716.3
0,716.2
0,715.9
0,715.9
0,716.5
0,716.5
0,717.5
0,717.6
0,717.7
0,717.1
0,717.1
0,718.0
0,718.2
0,718.1
0,717.6
0,717.6
0,717.3
0,717.3
0,717.5
0,718.3
0,718.2
0,718.0
0,717.7
0,717.7
0,718.1
0,718.2
0,718.4
0,718.4
0,718.3
0,718.2
0,717.0
0,717.8
0,718.0
0,717.8
0,718.3
0,718.5
0,717.1
0,717.3
0,717.3
0,717.6
0,719.8
0,719.0
0,719.3
0,719.0
0,718.7
0,718.8
0,719.3
0,719.2
0,719.1
0,719.2
0,719.1
0,719.3
0,719.2
0,718.9
0,718.7
0,719.2
0,719.5
0,718.4
0,719.4
0,719.0
0,719.2
0,717.7
0,717.6
0,717.5
0,717.2
0,717.2
0,717.0
0,715.7
0,715.9
0,715.7
0,715.1
0,716.8
0,718.0
0,717.9
0,717.9
0,717.8
0,717.9
0,717.2
0,717.2
0,716.9
0,716.9
0,717.6
0,717.5
0,717.5
0,717.2
0,716.8
0,716.7
0,717.9
0,717.7
0,717.2
0,717.9
0,717.8
0,717.5
0,717.8
0,717.4
0,717.2
0,716.9
0,717.2
0,717.0
0,717.4
0,717.7
0,717.7
0,717.3
0,717.6
0,717.7
0,718.1
0,718.1
0,718.1
0,718.1
0,717.9
0,717.8
0,717.6
0,718.0
0,717.7
0,717.9
0,717.7
0,718.2
0,718.3
0,718.0
0,718.2
0,717.9
0,719.0
0,719.2
0,719.2
0,718.9
0,718.3
0,718.5
0,718.3
0,718.4
0,718.4
0,718.2
0,718.0
0,718.3
0,718.4
0,718.3
0,718.9
0,718.7
0,718.4
0,718.4
0,718.4
0,718.2
0,718.0
0,718.1
0,718.1
0,717.9
0,718.2
0,718.4
0,718.3
0,718.4
0,718.2
0,718.1
0,718.2
0,718.2
0,718.1
0,718.1
0,718.1
0,718.0
0,716.6
0,716.0
0,716.0
0,714.7
0,714.6
0,714.8
0,713.9
0,714.0
0,713.8
0,713.2
0,713.3
0,712.3
0,713.2
0,713.2
0,713.8
0,713.6
0,713.0
0,714.0
0,713.9
0,714.0
0,713.7
0,713.8
0,714.3
0,713.2
0,713.3
0,713.8
0,714.0
0,713.8
0,713.8
0,714.2
0,714.4
0,713.3
0,713.4
0,713.4
0,714.0
0,714.4
0,714.8
0,714.5
0,714.3
0,714.4
0,714.4
0,714.3
0,714.3
0,714.3
0,714.1
0,714.0
0,714.7
0,714.9
0,714.6
0,714.4
0,713.8
0,713.7
0,713.6
0,713.5
0,713.3
0,713.3
0,713.3
0,713.4
0,713.3
0,713.3
0,712.9
0,712.5
0,712.1
0,712.1
0,712.2
0,712.5
0,713.1
0,713.1
0,712.2
0,711.4
0,711.5
0,711.1
0,710.9
0,711.4
0,711.0
0,711.1
0,711.7
0,712.3
0,711.9
0,711.3
0,711.9
0,711.2
0,710.2
0,710.2
0,710.3
0,710.0
0,710.9
0,711.0
0,711.3
0,711.1
0,711.4
0,711.1
0,711.2
0,711.1
0,711.5
0,711.5
0,711.6
0,712.0
0,712.8
0,712.9
0,713.0
0,713.6
0,716.5
0,716.2
0,715.1
0,717.3
0,717.3
0,716.4
0,712.8
0,712.4
0,712.8
0,712.9
0,712.6
0,713.3
0,714.1
0,716.2
0,716.5
0,715.8
0,716.0
0,716.6
0,717.0
0,717.2
0,717.1
0,717.7
0,717.8
0,718.8
0,719.4
0,719.1
0,719.5
0,718.9
0,719.1
0,718.4
0,718.9
0,718.6
0,718.5
0,720.1
0,718.9
0,719.1
0,719.2
0,719.5
0,719.3
0,719.3
0,719.5
0,719.5
0,719.5
0,719.4
0,719.5
0,719.5
0,719.7
0,720.0
0,719.6
0,719.4
0,719.5
0,720.3
0,720.3
0,720.4
0,720.5
0,720.2
0,719.8
0,720.6
0,719.8
0,719.1
0,718.9
0,719.8
0,719.6
0,720.3
0,720.2
0,720.1
0,719.7
0,720.1
0,720.1
0,720.1
0,720.2
0,720.0
0,719.4
0,719.0
0,717.6
0,717.6
0,717.5
0,716.5
0,714.3
0,716.6
0,715.9
0,716.3
0,717.1
0,716.3
0,717.0
0,717.9
0,717.6
0,717.5
0,716.6
0,717.0
0,717.1
0,716.6
0,716.2
0,716.9
0,718.2
0,718.1
0,717.5
0,717.6
0,717.6
0,718.0
0,718.3
0,718.4
0,718.2
0,717.3
0,717.8
0,717.9
0,718.1
0,718.4
0,718.4
0,718.4
0,718.3
0,718.6
0,718.4
0,718.4
0,718.8
0,718.9
0,718.7
0,718.8
0,719.0
0,719.0
0,719.1
0,719.0
0,719.1
0,718.9
0,718.9
0,719.1
0,719.1
0,719.0
0,718.8
0,719.2
0,719.0
0,719.0
0,719.2
0,719.1
0,719.1
0,719.3
0,718.5
0,719.6
0,718.6
0,718.5
0,718.4
0,718.6
0,718.4
0,718.6
0,718.3
0,717.7
0,718.1
0,718.0
0,718.0
0,718.4
0,718.4
0,717.9
0,718.4
0,719.1
0,719.8
0,719.0
0,719.7
0,722.4
0,719.5
0,720.1
0,719.4
0,719.6
0,719.7
0,719.8
0,720.0
0,718.9
0,719.0
0,718.9
0,718.2
0,718.9
0,718.7
0,718.3
0,718.4
0,718.5
0,718.6
0,719.7
0,718.5
0,718.9
0,719.0
0,719.0
0,719.4
0,719.0
0,719.1
0,719.2
0,720.2
0,719.6
0,720.1
0,720.3
0,720.1
0,719.5
0,719.4
0,720.1
0,718.9
0,718.8
0,719.3
0,719.4
0,719.5
0,719.4
0,719.4
0,719.6
0,719.6
0,719.8
0,719.8
0,719.6
0,719.6
0,720.1
0,720.2
0,720.3
0,719.5
0,720.2
0,720.5
0,719.7
0,720.6
0,720.4
0,720.1
0,719.9
0,719.6
0,719.0
0,718.9
0,719.3
0,720.1
0,719.9
0,720.1
0,720.1
0,720.0
0,719.8
0,719.6
0,719.7
0,719.8
0,719.5
0,719.9
0,720.1
0,720.0
0,719.6
0,719.7
0,719.7
0,720.0
0,719.9
0,719.6
0,719.7
0,719.5
0,720.1
0,719.9
0,719.8
0,720.1
0,720.1
0,719.9
0,719.7
0,720.1
0,719.8
0,720.0
0,720.1
0,720.1
0,720.3
0,720.4
0,720.4
0,720.3
0,720.4
0,720.0
0,720.5
0,719.7
0,720.0
0,719.4
0,719.8
0,719.5
0,720.1
0,720.0
0,720.1
0,720.1
0,720.3
0,720.3
0,719.9
0,720.0
0,719.9
0,719.9
0,720.3
0,720.3
0,719.9
0,720.2
0,720.1
0,720.4
0,720.1
0,720.2
0,720.2
0,720.2
0,719.9
0,720.2
0,720.3
0,720.2
0,720.9
0,721.0
0,720.4
0,720.3
0,720.9
0,721.0
0,720.4
0,720.7
0,720.7
0,720.8
0,720.4
0,719.6
0,720.4
0,720.5
0,720.5
0,720.8
0,720.6
0,720.6
0,720.7
0,720.6
0,720.9
0,720.8
0,721.1
0,721.1
0,721.7
0,721.6
0,721.5
0,722.1
0,721.7
0,721.7
0,721.3
0,721.6
0,721.6
0,720.8
0,720.8
0,720.7
0,721.1
0,720.8
0,721.1
0,720.6
0,721.1
0,720.8
0,720.4
0,720.0
0,720.3
0,720.2
0,720.4
0,720.6
0,720.5
0,719.3
0,720.0
0,719.5
0,720.4
0,720.5
0,720.3
0,720.3
0,720.2
0,720.3
0,720.5
0,720.8
0,719.4
0,720.4
0,719.9
0,720.0
0,720.1
0,720.1
0,720.3
0,720.2
0,720.1
0,720.1
0,720.0
0,719.7
0,712.0
0,713.5
0,713.9
0,714.2
0,716.0
0,716.5
0,716.8
0,718.0
0,721.5
0,719.5
0,719.5
0,720.5
0,722.4
0,722.4
0,721.9
0,720.6
0,720.0
0,719.7
0,719.2
0,718.9
0,718.7
0,720.1
0,720.2
0,720.9
0,720.5
0,720.4
0,720.3
0,720.4
0,720.3
0,720.4
0,719.8
0,719.9
0,720.7
0,721.1
0,721.1
0,721.0
0,720.4
0,720.8
0,720.8
0,721.2
0,720.4
0,721.0
0,721.2
0,721.3
0,721.5
0,721.6
0,721.5
0,721.4
0,720.6
0,721.0
0,720.8
0,721.3
0,721.5
0,721.2
0,721.1
0,721.1
0,721.5
0,721.3
0,721.1
0,720.4
0,721.2
0,721.3
0,721.7
0,722.2
0,722.1
0,722.2
0,722.5
0,722.6
0,722.4
0,722.3
0,723.2
0,722.9
0,722.5
0,722.7
0,722.9
0,722.6
0,722.6
0,723.1
0,723.1
0,723.1
0,723.4
0,722.6
0,723.0
0,722.7
0,723.0
0,722.8
0,722.6
0,722.8
0,722.4
0,722.7
0,722.4
0,722.3
0,722.6
0,722.7
0,722.4
0,722.6
0,722.7
0,722.7
0,722.8
0,723.3
0,722.7
0,722.7
0,722.5
0,722.0
0,722.2
0,722.4
0,722.6
0,722.7
0,722.6
0,722.8
0,722.8
0,722.7
0,722.7
0,722.8
0,722.5
0,723.1
0,722.9
0,723.1
0,722.9
0,722.9
0,722.4
0,722.2
0,722.4
0,722.4
0,722.5
0,722.3
0,722.4
0,722.3
0,722.2
0,722.2
0,722.4
0,722.6
0,722.2
0,722.7
0,722.5
0,722.2
0,722.4
0,722.5
0,722.6
0,723.1
0,723.2
0,722.6
0,722.6
0,723.0
0,725.3
0,723.3
0,723.2
0,722.7
0,723.5
0,723.3
0,723.0
0,722.7
0,723.5
0,723.2
0,723.1
0,722.7
0,723.0
0,723.0
0,723.0
0,722.8
0,722.9
0,723.0
0,722.7
0,722.5
0,721.7
0,722.0
0,721.7
0,721.7
0,721.7
0,722.1
0,721.9
0,722.1
0,722.0
0,722.1
0,722.3
0,722.5
0,722.6
0,722.6
0,722.5
0,722.7
0,722.7
0,722.8
0,722.7
0,722.7
0,722.7
0,722.9
0,722.8
0,722.9
0,723.1
0,723.0
0,723.0
0,723.2
0,723.2
0,723.1
0,723.2
0,723.0
0,723.0
0,723.6
0,723.8
0,724.1
0,724.1
0,723.9
0,724.1
0,724.2
0,724.0
0,724.1
0,724.3
0,724.2
0,724.1
0,723.6
0,724.1
0,724.2
0,724.3
0,724.4
0,724.2
0,724.2
0,724.0
0,724.2
0,723.9
0,724.0
0,724.0
0,723.9
0,724.1
0,723.6
0,723.8
0,724.0
0,723.3
0,720.2
0,720.2
0,720.3
0,719.6
0,718.8
0,718.8
0,718.9
0,718.6
0,718.9
0,718.3
0,718.4
0,718.5
0,718.4
0,718.6
0,718.8
0,719.2
0,719.0
0,719.3
0,719.3
0,719.5
0,719.4
0,719.4
0,719.0
0,718.6
0,718.3
0,718.9
0,718.0
0,717.7
0,717.7
0,718.2
0,718.1
0,718.2
0,718.2
0,718.0
0,718.3
0,718.3
0,718.8
0,719.3
0,719.2
0,719.4
0,719.6
0,719.5
0,719.5
0,718.5
0,719.0
0,718.6
0,718.4
0,718.4
0,718.4
0,717.2
0,717.5
0,717.7
0,717.7
0,717.7
0,718.0
0,717.7
0,718.0
0,717.8
0,718.0
0,717.7
0,717.2
0,717.3
0,716.6
0,716.5
0,716.5
0,716.4
0,717.1
0,717.2
0,717.8
0,717.2
0,717.1
0,716.2
0,716.7
0,716.8
0,716.9
0,716.5
0,716.4
0,715.8
0,716.0
0,716.2
0,716.2
0,715.2
0,715.2
0,715.3
0,715.4
0,715.4
0,715.6
0,715.6
0,716.2
0,716.2
0,716.3
0,716.2
0,716.4
0,716.4
0,718.2
0,717.2
0,717.4
0,717.0
0,716.4
0,716.6
0,712.6
0,712.3
0,712.5
0,718.8
0,718.7
0,718.7
0,717.9
0,719.1
0,720.0
0,719.6
0,718.9
0,717.7
0,718.3
0,718.4
0,719.2
0,719.1
0,718.5
0,718.6
0,718.6
0,718.0
0,717.9
0,718.5
0,718.3
0,717.4
0,719.5
0,719.4
0,719.4
0,719.1
0,719.2
0,719.3
0,719.3
0,719.3
0,718.4
0,718.3
0,718.3
0,718.2
0,719.2
0,719.2
0,718.9
0,717.4
0,716.7
0,715.9
0,715.7
0,715.6
0,715.8
0,715.4
0,715.7
0,715.3
0,714.6
0,714.7
0,714.6
0,714.6
0,714.7
0,715.0
0,715.2
0,715.3
0,715.3
0,715.7
0,716.2
0,716.2
0,716.9
0,716.9
0,717.0
0,717.0
0,717.1
0,717.6
0,716.7
0,716.7
0,717.7
0,717.4
0,716.3
0,715.2
0,715.1
0,715.2
0,714.9
0,715.0
0,714.3
0,714.4
0,714.3
0,714.7
0,714.6
0,714.6
0,714.8
0,714.9
0,714.6
0,714.4
0,714.3
0,714.6
0,714.3
0,714.4
0,713.9
0,714.0
0,713.3
0,713.3
0,713.0
0,711.2
0,710.4
0,710.6
0,710.5
0,709.9
0,709.9
0,710.2
0,710.3
0,710.6
0,711.1
0,710.8
0,710.8
0,711.0
0,710.9
0,710.7
0,710.3
0,711.1
0,710.7
0,710.4
0,710.3
0,710.1
0,710.0
0,709.7
0,709.8
0,709.4
0,709.3
0,709.6
0,709.5
0,709.6
0,709.5
0,709.4
0,709.2
0,709.3
0,709.2
0,709.0
0,708.7
0,709.3
0,709.5
0,710.2
0,710.4
0,710.2
0,709.3
0,709.2
0,709.3
0,709.4
0,709.2
0,709.7
0,709.6
0,709.3
0,709.1
0,709.7
0,709.9
0,709.7
0,709.8
0,709.5
0,709.7
0,709.2
0,706.8
0,709.4
0,709.3
0,710.0
0,710.1
0,709.9
0,709.9
0,709.7
0,709.6
0,709.7
0,709.2
0,709.4
0,709.3
0,709.1
0,709.7
0,709.6
0,709.9
0,710.0
0,710.2
0,710.1
0,709.8
0,709.7
0,709.9
0,710.0
0,710.0
0,709.8
0,709.6
0,708.4
0,708.5
0,708.4
0,707.9
0,707.5
0,707.3
0,708.3
0,708.2
0,708.7
0,708.6
0,708.8
0,708.0
0,708.1
0,708.3
0,708.4
0,708.5
0,708.5
0,708.3
0,707.9
0,707.8
0,707.9
0,707.6
0,706.1
0,706.7
0,706.6
0,706.5
0,706.6
0,706.4
0,706.7
0,706.4
0,706.5
0,705.6
0,705.5
0,704.9
0,704.9
0,704.9
0,703.7
0,704.1
0,704.5
0,704.4
0,704.3
0,703.9
0,703.8
0,703.0
0,702.8
0,702.4
0,702.8
0,703.0
0,702.5
0,702.9
0,702.9
0,702.9
0,702.8
0,702.6
0,702.9
0,703.1
0,703.2
0,703.1
0,703.1
0,703.0
0,702.2
0,702.3
0,702.4
0,702.0
0,701.9
0,702.0
0,701.6
0,701.4
0,701.1
0,700.9
0,700.9
0,700.5
0,700.8
0,700.6
0,700.7
0,700.9
0,701.2
0,700.4
0,700.5
0,699.2
0,699.1
0,699.2
0,699.2
0,699.4
0,699.0
0,698.9
0,698.0
0,698.0
0,698.2
0,698.7
0,699.2
0,699.5
0,699.4
0,699.4
0,698.6
0,699.5
0,699.9
0,700.0
0,699.8
0,699.5
0,699.6
0,699.2
0,697.6
0,697.7
0,697.8
0,695.8
0,697.6
0,697.1
0,697.4
0,697.2
0,697.2
0,697.1
0,696.9
0,696.4
0,695.8
0,696.2
0,695.8
0,696.0
0,696.1
0,696.1
0,696.1
0,695.7
0,695.4
0,695.4
0,695.1
0,695.2
0,695.1
0,694.2
0,693.1
0,693.9
0,693.9
0,694.2
0,695.2
0,695.2
0,695.1
0,694.9
0,694.8
0,695.3
0,694.5
0,694.8
0,694.8
0,694.5
0,694.5
0,694.5
0,694.8
0,695.0
0,695.0
0,695.1
0,695.1
0,695.1
0,695.7
0,695.6
0,696.5
0,696.0
0,696.3
0,1623.5
0,1622.25
0,1603.0
0,1601.25
0,1601.5
0,1598.5
0,1590.5
0,1592.0
0,1599.75
0,1600.0
0,1599.0
0,1590.0
0,1594.0
0,1592.25
0,1596.25
0,1594.5
0,1593.0
0,1588.25
0,1588.75
0,1588.25
0,1589.25
0,1590.0
0,1587.0
0,1587.25
0,1591.5
0,1592.5
0,1591.5
0,1594.0
0,1594.0
0,1594.75
0,1597.25
0,1597.0
0,1594.75
0,1598.75
0,1596.5
0,1599.25
0,1600.25
0,1604.0
0,1603.25
0,1599.25
0,1599.0
0,1600.75
0,1603.75
0,1600.75
0,1604.5
0,1607.5
0,1604.75
0,1605.75
0,1604.0
0,1605.25
0,1601.0
0,1602.25
0,1602.5
0,1604.0
0,1602.5
0,1602.5
0,1602.25
0,1598.5
0,1602.0
0,1601.75
0,1601.75
0,1602.25
0,1602.75
0,1603.5
0,1602.25
0,1602.0
0,1603.5
0,1602.75
0,1608.0
0,1607.5
0,1608.5
0,1607.75
0,1607.5
0,1608.5
0,1608.0
0,1610.75
0,1612.25
0,1611.5
0,1608.75
0,1611.25
0,1611.75
0,1611.5
0,1611.5
0,1613.25
0,1616.75
0,1614.5
0,1616.0
0,1618.5
0,1616.75
0,1613.75
0,1612.5
0,1614.0
0,1614.0
0,1612.75
0,1617.5
0,1617.0
0,1614.75
0,1615.0
0,1614.75
0,1616.25
0,1618.25
0,1617.25
0,1617.0
0,1615.5
0,1615.5
0,1618.0
0,1617.75
0,1618.0
0,1615.75
0,1616.0
0,1617.0
0,1617.5
0,1618.75
0,1621.75
0,1621.5
0,1619.5
0,1621.75
0,1622.5
0,1621.0
0,1622.75
0,1623.25
0,1623.75
0,1622.75
0,1622.25
0,1623.75
0,1623.0
0,1625.75
0,1625.75
0,1622.25
0,1622.25
0,1622.0
0,1620.25
0,1623.0
0,1624.5
0,1624.25
0,1624.0
0,1624.75
0,1624.0
0,1624.75
0,1625.0
0,1625.75
0,1625.25
0,1625.5
0,1627.5
0,1625.25
0,1625.75
0,1624.75
0,1624.75
0,1624.0
0,1624.0
0,1624.75
0,1625.0
0,1625.25
0,1626.5
0,1626.75
0,1627.25
0,1627.5
0,1626.5
0,1626.5
0,1627.75
0,1627.25
0,1627.5
0,1627.25
0,1627.5
0,1628.25
0,1629.25
0,1629.25
0,1630.25
0,1632.5
0,1631.75
0,1631.0
0,1631.0
0,1630.0
0,1629.25
0,1628.0
0,1629.0
0,1630.0
0,1630.25
0,1629.75
0,1630.5
0,1629.75
0,1629.25
0,1630.5
0,1631.25
0,1631.5
0,1632.0
0,1631.25
0,1632.75
0,1634.0
0,1634.0
0,1634.0
0,1634.25
0,1635.25
0,1635.75
0,1636.5
0,1636.75
0,1637.75
0,1638.25
0,1638.5
0,1639.5
0,1639.25
0,1641.5
0,1641.5
0,1642.0
0,1642.75
0,1643.0
0,1643.25
0,1643.75
0,1643.5
0,1644.0
0,1644.5
0,1644.5
0,1645.75
0,1646.5
0,1647.25
0,1646.75
0,1647.75
0,1648.75
0,1648.5
0,1649.25
0,1648.75
0,1648.75
0,1648.75
0,1649.75
0,1650.25
0,1649.5
0,1650.0
0,1650.25
0,1650.25
0,1650.5
0,1653.0
0,1656.5
0,1656.25
0,1650.5
0,1651.0
0,1650.75
0,1650.0
0,1649.5
0,1651.0
0,1652.25
0,1654.0
0,1654.5
0,1655.25
0,1654.75
0,1655.0
0,1656.25
0,1655.5
0,1654.75
0,1655.0
0,1656.0
0,1656.75
0,1655.75
0,1655.5
0,1656.75
0,1658.0
0,1658.0
0,1657.25
0,1657.25
0,1657.5
0,1655.0
0,1654.0
0,1654.0
0,1653.0
0,1651.25
0,1649.75
0,1651.0
0,1651.0
0,1651.0
0,1652.5
0,1654.0
0,1656.0
0,1657.75
0,1659.5
0,1661.75
0,1662.0
0,1661.75
0,1664.25
0,1660.5
0,1661.75
0,1661.75
0,1663.75
0,1660.75
0,1661.25
0,1660.75
0,1660.25
0,1658.0
0,1658.25
0,1659.0
0,1659.0
0,1658.75
0,1657.5
0,1657.5
0,1656.75
0,1657.25
0,1656.75
0,1654.75
0,1652.75
0,1653.0
0,1653.25
0,1653.75
0,1653.75
0,1653.75
0,1653.5
0,1653.5
0,1653.0
0,1652.5
0,1653.25
0,1652.75
0,1650.5
0,1648.5
0,1648.25
0,1647.5
0,1647.75
0,1647.5
0,1648.25
0,1648.75
0,1647.5
0,1647.0
0,1647.0
0,1647.0
0,1647.25
0,1646.75
0,1646.25
0,1649.0
0,1646.0
0,1645.75
0,1644.25
0,1644.5
0,1644.25
0,1645.25
0,1644.0
0,1645.0
0,1644.75
0,1645.75
0,1646.0
0,1645.25
0,1644.75
0,1644.75
0,1642.25
0,1644.25
0,1644.5
0,1645.25
0,1646.75
0,1647.25
0,1646.5
0,1646.5
0,1646.25
0,1647.0
0,1647.0
0,1647.0
0,1646.25
0,1646.75
0,1646.25
0,1647.0
0,1646.25
0,1646.25
0,1643.75
0,1641.5
0,1640.0
0,1638.25
0,1638.75
0,1638.0
0,1638.25
0,1638.5
0,1638.5
0,1639.75
0,1640.25
0,1640.75
0,1641.25
0,1641.0
0,1641.25
0,1641.0
0,1639.75
0,1639.25
0,1638.5
0,1639.5
0,1640.75
0,1639.75
0,1641.5
0,1642.5
0,1642.75
0,1643.25
0,1641.75
0,1640.0
0,1640.75
0,1640.25
0,1641.75
0,1640.25
0,1642.25
0,1641.25
0,1641.25
0,1641.75
0,1640.0
0,1640.25
0,1642.25
0,1641.75
0,1645.75
0,1646.0
0,1646.75
0,1644.25
0,1642.25
0,1642.75
0,1643.5
0,1645.25
0,1646.25
0,1646.75
0,1647.5
0,1647.0
0,1647.75
0,1647.75
0,1647.0
0,1647.0
0,1645.75
0,1642.75
0,1641.25
0,1641.5
0,1641.0
0,1641.25
0,1642.5
0,1640.75
0,1642.5
0,1643.0
0,1643.0
0,1643.75
0,1646.5
0,1645.25
0,1646.5
0,1647.0
0,1646.0
0,1646.25
0,1645.75
0,1646.25
0,1646.25
0,1646.5
0,1646.0
0,1646.5
0,1646.75
0,1645.5
0,1646.75
0,1648.25
0,1648.5
0,1647.5
0,1649.75
0,1651.75
0,1652.0
0,1652.25
0,1653.75
0,1653.75
0,1653.75
0,1655.0
0,1656.0
0,1656.5
0,1655.75
0,1656.0
0,1656.25
0,1655.75
0,1655.25
0,1653.75
0,1652.75
0,1652.25
0,1651.75
0,1651.0
0,1653.0
0,1654.25
0,1653.75
0,1654.0
0,1655.75
0,1656.25
0,1655.0
0,1655.5
0,1655.25
0,1655.75
0,1656.25
0,1655.25
0,1654.5
0,1654.75
0,1654.5
0,1657.25
0,1654.75
0,1654.5
0,1653.75
0,1652.25
0,1651.75
0,1652.5
0,1654.0
0,1649.75
0,1651.0
0,1650.75
0,1644.75
0,1640.5
0,1638.5
0,1637.5
0,1639.0
0,1643.5
0,1648.5
0,1644.75
0,1643.75
0,1646.25
0,1646.5
0,1642.0
0,1642.0
0,1640.75
0,1639.75
0,1639.75
0,1642.25
0,1643.25
0,1646.5
0,1650.25
0,1648.25
0,1647.5
0,1651.0
0,1649.75
0,1648.25
0,1647.0
0,1646.0
0,1646.5
0,1647.5
0,1651.25
0,1651.25
0,1651.75
0,1652.75
0,1657.75
0,1657.0
0,1653.0
0,1655.25
0,1656.75
0,1655.75
0,1655.25
0,1657.5
0,1658.0
0,1660.0
0,1658.75
0,1661.75
0,1660.5
0,1660.25
0,1659.5
0,1656.5
0,1654.5
0,1654.25
0,1655.75
0,1656.5
0,1656.5
0,1656.0
0,1657.5
0,1658.25
0,1658.0
0,1658.75
0,1658.5
0,1659.0
0,1658.25
0,1660.25
0,1662.0
0,1661.0
0,1666.25
0,1665.75
0,1661.5
0,1662.0
0,1662.75
0,1659.75
0,1660.5
0,1660.75
0,1663.25
0,1664.75
0,1666.75
0,1667.5
0,1667.75
0,1670.0
0,1668.75
0,1668.5
0,1669.25
0,1668.75
0,1671.75
0,1670.5
0,1670.25
0,1668.75
0,1668.5
0,1667.5
0,1669.25
0,1668.25
0,1667.25
0,1667.75
0,1665.0
0,1665.75
0,1666.0
0,1666.0
0,1668.0
0,1667.5
0,1668.0
0,1665.75
0,1663.25
0,1664.5
0,1666.0
0,1665.5
0,1666.75
0,1668.0
0,1669.5
0,1669.5
0,1666.75
0,1666.25
0,1667.25
0,1667.5
0,1667.5
0,1666.5
0,1667.75
0,1667.25
0,1667.5
0,1667.75
0,1667.0
0,1667.75
0,1667.0
0,1667.0
0,1666.5
0,1667.25
0,1667.75
0,1666.25
0,1667.25
0,1668.5
0,1670.0
0,1671.5
0,1670.25
0,1668.0
0,1668.0
0,1670.5
0,1669.75
0,1670.0
0,1665.75
0,1669.0
0,1667.5
0,1667.0
0,1667.25
0,1667.75
0,1667.5
0,1667.25
0,1668.25
0,1667.75
0,1668.75
0,1667.75
0,1666.75
0,1667.5
0,1667.0
0,1668.25
0,1667.5
0,1667.25
0,1667.25
0,1668.0
0,1667.5
0,1666.75
0,1667.75
0,1667.25
0,1667.0
0,1667.75
0,1666.5
0,1666.25
0,1666.25
0,1667.25
0,1666.25
0,1667.25
0,1666.0
0,1664.5
0,1665.5
0,1665.75
0,1666.25
0,1666.0
0,1667.0
0,1666.75
0,1668.25
0,1669.5
0,1667.75
0,1667.75
0,1668.5
0,1667.0
0,1667.25
0,1668.25
0,1668.25
0,1667.5
0,1665.5
0,1664.5
0,1664.5
0,1664.5
0,1664.0
0,1663.75
0,1661.0
0,1661.25
0,1662.0
0,1662.5
0,1663.25
0,1662.5
0,1662.25
0,1663.25
0,1662.75
0,1663.25
0,1663.0
0,1662.5
0,1661.75
0,1661.5
0,1661.75
0,1660.5
0,1660.25
0,1660.0
0,1659.75
0,1654.75
0,1650.0
0,1652.25
0,1652.25
0,1652.5
0,1652.25
0,1652.25
0,1650.25
0,1651.25
0,1652.5
0,1653.0
0,1652.5
0,1652.75
0,1653.25
0,1653.75
0,1654.5
0,1655.75
0,1656.5
0,1660.75
0,1661.0
0,1660.75
0,1658.5
0,1660.75
0,1662.0
0,1661.5
0,1660.5
0,1659.75
0,1658.0
0,1657.75
0,1657.25
0,1655.25
0,1654.0
0,1653.25
0,1653.5
0,1654.25
0,1656.0
0,1655.5
0,1655.25
0,1654.75
0,1655.0
0,1656.5
0,1656.5
0,1656.0
0,1655.0
0,1653.0
0,1653.0
0,1653.75
0,1654.5
0,1655.75
0,1656.75
0,1657.25
0,1657.25
0,1657.0
0,1657.75
0,1655.75
0,1656.0
0,1656.5
0,1657.0
0,1657.25
0,1655.75
0,1654.75
0,1655.0
0,1656.25
0,1654.75
0,1654.25
0,1654.25
0,1654.5
0,1655.5
0,1656.25
0,1655.75
0,1655.75
0,1655.75
0,1656.25
0,1657.5
0,1657.25
0,1657.75
0,1657.5
0,1657.75
0,1658.0
0,1660.75
0,1660.25
0,1660.5
0,1660.25
0,1660.5
0,1660.75
0,1661.5
0,1661.0
0,1660.25
0,1660.25
0,1660.75
0,1659.75
0,1659.75
0,1660.25
0,1661.5
0,1661.5
0,1662.25
0,1661.75
0,1661.75
0,1662.25
0,1658.25
0,1658.25
0,1657.25
0,1658.0
0,1658.5
0,1658.5
0,1657.0
0,1657.5
0,1657.75
0,1657.75
0,1657.75
0,1657.75
0,1658.25
0,1657.5
0,1656.75
0,1657.25
0,1657.75
0,1657.25
0,1658.0
0,1659.75
0,1659.5
0,1660.5
0,1660.5
0,1661.0
0,1660.25
0,1660.5
0,1661.25
0,1663.25
0,1663.75
0,1664.0
0,1666.25
0,1666.5
0,1667.0
0,1666.75
0,1664.5
0,1664.0
0,1664.75
0,1664.5
0,1665.25
0,1665.25
0,1665.25
0,1665.5
0,1665.75
0,1666.5
0,1666.5
0,1666.75
0,1666.5
0,1667.0
0,1664.5
0,1665.25
0,1664.0
0,1664.25
0,1664.25
0,1664.0
0,1664.5
0,1667.5
0,1667.75
0,1665.75
0,1668.75
0,1668.75
0,1668.25
0,1667.75
0,1666.5
0,1663.5
0,1659.25
0,1659.25
0,1660.5
0,1656.25
0,1658.0
0,1658.25
0,1659.0
0,1657.0
0,1655.25
0,1653.5
0,1654.25
0,1655.5
0,1655.0
0,1650.75
0,1648.0
0,1645.25
0,1645.5
0,1646.25
0,1648.0
0,1648.0
0,1649.25
0,1649.0
0,1649.75
0,1649.75
0,1646.25
0,1642.25
0,1639.75
0,1641.0
0,1638.0
0,1640.75
0,1640.0
0,1638.25
0,1639.0
0,1636.75
0,1637.0
0,1636.25
0,1634.5
0,1630.5
0,1628.75
0,1629.25
0,1628.25
0,1629.25
0,1630.75
0,1632.25
0,1630.75
0,1630.75
0,1629.25
0,1629.5
0,1629.0
0,1628.25
0,1628.75
0,1627.5
0,1627.25
0,1627.75
0,1625.25
0,1624.0
0,1624.75
0,1625.25
0,1624.25
0,1623.25
0,1621.5
0,1621.25
0,1619.0
0,1621.25
0,1621.5
0,1621.25
0,1622.25
0,1619.75
0,1620.25
0,1620.75
0,1623.25
0,1621.75
0,1622.5
0,1622.25
0,1621.25
0,1622.75
0,1622.75
0,1620.25
0,1621.75
0,1623.0
0,1623.75
0,1624.75
0,1624.75
0,1625.0
0,1626.5
0,1625.75
0,1625.75
0,1625.75
0,1626.25
0,1624.75
0,1625.25
0,1622.75
0,1620.75
0,1621.25
0,1622.5
0,1623.0
0,1622.5
0,1620.5
0,1621.75
0,1621.75
0,1622.75
0,1622.25
0,1621.75
0,1620.75
0,1623.0
0,1622.75
0,1621.75
0,1621.75
0,1619.75
0,1618.75
0,1616.75
0,1617.25
0,1618.25
0,1633.75
0,1637.0
0,1639.75
0,1642.5
0,1643.5
0,1646.0
0,1641.0
0,1636.25
0,1635.75
0,1642.25
0,1640.75
0,1633.0
0,1632.0
0,1629.5
0,1631.0
0,1632.75
0,1630.5
0,1634.75
0,1633.75
0,1632.0
0,1632.25
0,1636.75
0,1635.0
0,1636.5
0,1636.75
0,1637.0
0,1636.5
0,1635.5
0,1639.0
0,1642.25
0,1643.75
0,1639.0
0,1637.0
0,1636.75
0,1636.5
0,1631.25
0,1634.0
0,1637.0
0,1637.0
0,1639.25
0,1643.0
0,1639.0
0,1638.25
0,1639.5
0,1640.25
0,1642.0
0,1640.75
0,1642.5
0,1643.75
0,1644.25
0,1639.75
0,1641.0
0,1644.5
0,1643.75
0,1644.5
0,1645.5
0,1647.5
0,1647.0
0,1648.5
0,1649.5
0,1646.5
0,1643.5
0,1643.0
0,1641.5
0,1640.75
0,1640.75
0,1642.5
0,1641.75
0,1641.75
0,1644.25
0,1642.75
0,1644.25
0,1644.25
0,1645.5
0,1647.5
0,1645.5
0,1647.75
0,1648.0
0,1648.25
0,1647.5
0,1648.0
0,1647.5
0,1652.25
0,1656.5
0,1657.75
0,1656.75
0,1657.5
0,1661.0
0,1663.5
0,1663.25
0,1661.5
0,1659.0
0,1660.75
0,1660.25
0,1659.25
0,1658.75
0,1663.0
0,1663.75
0,1664.25
0,1663.75
0,1662.0
0,1662.0
0,1663.25
0,1664.25
0,1661.75
0,1662.0
0,1661.75
0,1658.75
0,1659.25
0,1657.75
0,1658.5
0,1659.0
0,1657.25
0,1658.0
0,1659.0
0,1658.5
0,1657.5
0,1658.5
0,1657.5
0,1656.5
0,1657.0
0,1657.0
0,1656.75
0,1656.25
0,1657.25
0,1654.75
0,1654.75
0,1654.5
0,1652.75
0,1656.0
0,1656.0
0,1657.0
0,1656.5
0,1655.5
0,1656.0
0,1654.5
0,1656.75
0,1656.5
0,1654.0
0,1651.75
0,1651.25
0,1650.5
0,1652.25
0,1648.5
0,1648.0
0,1649.5
0,1649.25
0,1652.5
0,1651.5
0,1649.75
0,1649.25
0,1649.0
0,1650.25
0,1650.0
0,1648.25
0,1650.0
0,1650.75
0,1650.75
0,1650.75
0,1651.25
0,1652.25
0,1652.75
0,1654.25
0,1653.75
0,1655.25
0,1655.25
0,1655.25
0,1655.75
0,1655.5
0,1655.75
0,1656.0
0,1656.5
0,1656.75
0,1656.75
0,1656.25
0,1658.25
0,1658.5
0,1656.25
0,1658.5
0,1656.5
0,1656.25
0,1654.5
0,1653.5
0,1653.75
0,1653.0
0,1653.75
0,1654.5
0,1655.75
0,1654.75
0,1654.5
0,1655.25
0,1655.5
0,1656.0
0,1657.75
0,1659.75
0,1659.25
0,1660.5
0,1661.75
0,1662.0
0,1661.5
0,1661.25
0,1662.5
0,1662.5
0,1663.5
0,1662.75
0,1662.75
0,1664.75
0,1663.75
0,1664.5
0,1664.0
0,1665.0
0,1663.5
0,1662.0
0,1659.25
0,1662.25
0,1662.5
0,1661.75
0,1663.5
0,1662.75
0,1667.25
0,1664.5
0,1667.5
0,1666.75
0,1665.25
0,1665.5
0,1664.75
0,1666.25
0,1664.5
0,1664.25
0,1665.75
0,1666.25
0,1666.0
0,1663.25
0,1663.25
0,1664.25
0,1666.5
0,1670.25
0,1670.75
0,1664.25
0,1664.5
0,1666.75
0,1666.5
0,1668.0
0,1666.25
0,1665.5
0,1668.25
0,1670.0
0,1667.5
0,1667.0
0,1667.25
0,1668.5
0,1670.0
0,1669.5
0,1670.25
0,1671.0
0,1671.0
0,1670.0
0,1670.5
0,1673.0
0,1672.25
0,1673.0
0,1672.25
0,1673.75
0,1674.25
0,1673.0
0,1671.75
0,1670.25
0,1669.75
0,1669.5
0,1668.75
0,1669.5
0,1671.75
0,1672.5
0,1673.0
0,1670.25
0,1673.0
0,1673.25
0,1673.0
0,1672.5
0,1672.5
0,1673.0
0,1671.75
0,1672.0
0,1671.0
0,1671.75
0,1669.75
0,1667.5
0,1667.75
0,1666.25
0,1666.5
0,1665.5
0,1665.5
0,1664.75
0,1667.25
0,1666.75
0,1666.25
0,1668.5
0,1667.25
0,1665.25
0,1666.0
0,1666.75
0,1667.25
0,1666.5
0,1666.5
0,1665.75
0,1665.25
0,1667.25
0,1667.5
0,1666.75
0,1664.25
0,1666.5
0,1666.5
0,1666.5
0,1666.25
0,1662.75
0,1662.5
0,1663.75
0,1663.75
0,1666.0
0,1666.25
0,1665.75
0,1665.5
0,1666.75
0,1663.5
0,1668.5
0,1670.25
0,1671.25
0,1671.0
0,1671.0
0,1670.0
0,1669.5
0,1670.25
0,1670.0
0,1671.25
0,1673.0
0,1673.75
0,1676.5
0,1676.0
0,1678.25
0,1677.25
0,1674.0
0,1676.25
0,1677.75
0,1679.75
0,1680.0
0,1678.75
0,1678.5
0,1678.5
0,1678.75
0,1679.75
0,1679.25
0,1678.5
0,1678.75
0,1677.25
0,1679.25
0,1677.5
0,1678.25
0,1677.5
0,1678.5
0,1678.25
0,1679.75
0,1680.0
0,1679.75
0,1680.75
0,1680.5
0,1679.5
0,1678.0
0,1679.5
0,1678.75
0,1677.5
0,1677.0
0,1677.75
0,1678.0
0,1678.75
0,1677.5
0,1678.0
0,1676.5
0,1676.5
0,1678.5
0,1677.5
0,1677.5
0,1677.5
0,1677.25
0,1673.0
0,1672.5
0,1672.25
0,1675.25
0,1674.25
0,1672.25
0,1674.5
0,1675.75
0,1675.25
0,1675.0
0,1674.5
0,1677.25
0,1677.5
0,1677.75
0,1678.5
0,1679.5
0,1678.5
0,1679.25
0,1680.25
0,1682.0
0,1681.25
0,1682.75
0,1681.5
0,1682.5
0,1680.75
0,1679.75
0,1680.75
0,1680.75
0,1682.0
0,1683.75
0,1686.0
0,1687.0
0,1684.75
0,1686.25
0,1685.75
0,1685.0
0,1685.25
0,1684.5
0,1685.0
0,1685.5
0,1684.25
0,1685.25
0,1684.0
0,1683.0
0,1680.0
0,1680.5
0,1679.0
0,1680.5
0,1680.5
0,1678.75
0,1678.75
0,1680.75
0,1685.5
0,1685.25
0,1685.0
0,1686.5
0,1691.5
0,1692.0
0,1691.5
0,1691.75
0,1692.5
0,1691.75
0,1693.25
0,1694.25
0,1691.5
0,1692.25
0,1692.0
0,1693.5
0,1693.25
0,1694.0
0,1694.25
0,1693.75
0,1696.25
0,1696.75
0,1696.5
0,1696.75
0,1695.5
0,1695.5
0,1695.5
0,1695.75
0,1694.5
0,1694.25
0,1695.5
0,1693.0
0,1691.5
0,1691.5
0,1692.75
0,1692.25
0,1693.25
0,1693.25
0,1692.0
0,1694.0
0,1695.25
0,1696.25
0,1695.25
0,1695.5
0,1695.5
0,1696.0
0,1696.25
0,1698.5
0,1698.5
0,1701.25
0,1702.0
0,1702.25
0,1701.5
0,1702.25
0,1703.75
0,1704.0
0,1704.25
0,1703.75
0,1703.0
0,1704.0
0,1702.25
0,1699.75
0,1701.25
0,1702.25
0,1702.0
0,1703.75
0,1703.0
0,1739.25
0,1740.75
0,1744.75
0,1744.0
0,1742.5
0,1745.5
0,1745.75
0,1740.5
0,1732.25
0,1737.0
0,1729.0
0,1734.25
0,1737.75
0,1735.25
0,1734.0
0,1734.5
0,1732.75
0,1729.25
0,1729.0
0,1730.5
0,1729.0
0,1728.0
0,1733.25
0,1733.75
0,1729.25
0,1732.0
0,1735.75
0,1736.75
0,1734.5
0,1733.75
0,1732.0
0,1735.0
0,1738.25
0,1737.75
0,1735.25
0,1731.75
0,1727.5
0,1726.25
0,1727.0
0,1726.25
0,1723.75
0,1722.75
0,1722.0
0,1726.5
0,1728.25
0,1729.0
0,1728.5
0,1731.0
0,1733.5
0,1733.0
0,1736.5
0,1740.25
0,1738.25
0,1736.5
0,1734.75
0,1736.75
0,1738.25
0,1735.25
0,1734.5
0,1734.25
0,1737.5
0,1738.75
0,1738.5
0,1735.75
0,1736.75
0,1737.25
0,1738.0
0,1735.75
0,1732.25
0,1733.75
0,1733.25
0,1732.0
0,1732.25
0,1732.5
0,1731.75
0,1730.25
0,1728.75
0,1729.5
0,1730.0
0,1732.75
0,1734.25
0,1737.25
0,1735.5
0,1734.0
0,1733.5
0,1730.25
0,1730.5
0,1730.25
0,1732.5
0,1732.75
0,1732.0
0,1730.75
0,1728.25
0,1729.25
0,1729.0
0,1729.5
0,1734.5
0,1732.25
0,1732.5
0,1732.25
0,1732.75
0,1731.5
0,1729.25
0,1729.75
0,1726.0
0,1725.5
0,1723.0
0,1722.5
0,1723.0
0,1721.5
0,1722.5
0,1722.5
0,1720.75
0,1720.25
0,1721.0
0,1721.75
0,1721.25
0,1718.75
0,1717.75
0,1715.5
0,1716.75
0,1717.0
0,1717.5
0,1720.0
0,1719.5
0,1717.25
0,1718.25
0,1719.0
0,1718.25
0,1718.0
0,1720.25
0,1721.0
0,1721.25
0,1722.25
0,1725.5
0,1724.25
0,1723.5
0,1722.25
0,1723.0
0,1722.5
0,1724.25
0,1725.5
0,1725.25
0,1724.75
0,1724.25
0,1725.75
0,1726.25
0,1728.5
0,1727.25
0,1727.0
0,1723.75
0,1724.5
0,1723.25
0,1722.5
0,1722.25
0,1727.0
0,1724.25
0,1723.75
0,1723.0
0,1722.75
0,1723.25
0,1725.25
0,1725.5
0,1725.5
0,1726.5
0,1725.0
0,1726.5
0,1725.5
0,1725.0
0,1723.5
0,1723.5
0,1722.75
0,1724.0
0,1723.25
0,1722.25
0,1722.0
0,1724.25
0,1722.25
0,1722.0
0,1721.75
0,1724.5
0,1723.5
0,1723.0
0,1724.0
0,1723.0
0,1722.5
0,1723.0
0,1721.5
0,1720.5
0,1720.0
0,1719.75
0,1720.25
0,1721.25
0,1720.5
0,1719.25
0,1719.75
0,1720.25
0,1718.75
0,1719.75
0,1718.5
0,1720.75
0,1722.5
0,1725.5
0,1725.5
0,1725.75
0,1725.5
0,1725.5
0,1725.75
0,1725.25
0,1725.5
0,1725.25
0,1724.75
0,1725.0
0,1725.25
0,1724.75
0,1725.25
0,1722.0
0,1721.5
0,1721.0
0,1719.75
0,1724.0
0,1723.5
0,1722.75
0,1722.75
0,1723.5
0,1723.25
0,1724.0
0,1723.75
0,1721.75
0,1721.5
0,1721.5
0,1727.0
0,1728.25
0,1726.75
0,1729.5
0,1729.0
0,1727.0
0,1726.75
0,1725.25
0,1725.75
0,1727.75
0,1728.25
0,1728.75
0,1727.75
0,1728.25
0,1729.75
0,1730.25
0,1733.0
0,1731.75
0,1732.75
0,1731.25
0,1734.0
0,1735.25
0,1737.0
0,1736.25
0,1736.0
0,1736.0
0,1739.5
0,1737.75
0,1736.75
0,1738.5
0,1738.5
0,1737.0
0,1737.0
0,1735.5
0,1736.0
0,1736.25
0,1736.0
0,1735.75
0,1733.5
0,1735.0
0,1733.5
0,1733.75
0,1733.5
0,1733.75
0,1734.75
0,1736.5
0,1735.25
0,1735.25
0,1736.5
0,1735.0
0,1734.5
0,1735.75
0,1735.75
0,1736.5
0,1735.5
0,1736.75
0,1736.5
0,1737.5
0,1736.75
0,1736.5
0,1737.5
0,1737.5
0,1737.0
0,1736.75
0,1737.0
0,1737.25
0,1737.75
0,1737.0
0,1737.5
0,1738.0
0,1738.0
0,1737.25
0,1738.25
0,1737.0
0,1736.75
0,1736.75
0,1736.75
0,1736.25
0,1735.75
0,1734.5
0,1733.25
0,1734.25
0,1734.0
0,1734.25
0,1734.5
0,1733.5
0,1733.25
0,1734.0
0,1734.0
0,1733.5
0,1734.0
0,1735.0
0,1735.25
0,1734.25
0,1734.0
0,1736.5
0,1735.75
0,1736.75
0,1737.5
0,1737.75
0,1739.75
0,1738.5
0,1739.0
0,1737.5
0,1737.25
0,1735.25
0,1735.5
0,1736.0
0,1735.25
0,1735.5
0,1737.5
0,1737.25
0,1737.75
0,1737.5
0,1737.0
0,1737.75
0,1736.5
0,1737.0
0,1735.75
0,1735.25
0,1736.75
0,1738.0
0,1738.5
0,1739.75
0,1740.25
0,1739.5
0,1741.0
0,1739.75
0,1739.25
0,1740.5
0,1742.0
0,1746.25
0,1745.25
0,1745.0
0,1744.5
0,1745.75
0,1745.25
0,1745.0
0,1745.5
0,1746.0
0,1747.0
0,1744.75
0,1744.75
0,1744.75
0,1743.75
0,1744.5
0,1744.75
0,1742.75
0,1741.75
0,1742.0
0,1743.25
0,1743.25
0,1742.75
0,1742.25
0,1743.25
0,1742.5
0,1743.25
0,1743.25
0,1743.0
0,1743.5
0,1743.75
0,1746.75
0,1744.75
0,1743.25
0,1744.25
0,1746.0
0,1747.25
0,1746.5
0,1745.75
0,1744.25
0,1745.75
0,1744.25
0,1744.5
0,1745.75
0,1747.5
0,1748.0
0,1747.0
0,1747.0
0,1749.75
0,1748.25
0,1752.0
0,1752.0
0,1751.0
0,1749.5
0,1748.75
0,1747.75
0,1745.75
0,1744.0
0,1743.75
0,1743.0
0,1743.25
0,1744.5
0,1744.25
0,1743.25
0,1743.5
0,1744.75
0,1745.0
0,1746.0
0,1745.0
0,1742.75
0,1741.25
0,1740.0
0,1741.5
0,1739.25
0,1740.0
0,1737.75
0,1737.5
0,1737.75
0,1742.0
0,1743.0
0,1741.5
0,1744.5
0,1742.75
0,1742.5
0,1743.0
0,1744.5
0,1745.5
0,1745.25
0,1744.75
0,1747.75
0,1747.25
0,1747.25
0,1748.75
0,1749.25
0,1750.5
0,1749.75
0,1749.25
0,1749.0
0,1750.0
0,1750.25
0,1752.25
0,1751.0
0,1749.75
0,1749.25
0,1749.75
0,1749.25
0,1751.0
0,1750.75
0,1751.75
0,1750.75
0,1750.0
0,1752.0
0,1752.75
0,1752.25
0,1751.75
0,1753.25
0,1753.75
0,1754.25
0,1754.75
0,1754.25
0,1753.5
0,1754.25
0,1754.75
0,1755.75
0,1754.25
0,1754.75
0,1755.5
0,1755.75
0,1750.5
0,1751.25
0,1751.25
0,1752.25
0,1752.5
0,1753.75
0,1752.75
0,1753.75
0,1752.75
0,1766.75
0,1777.0
0,1769.5
0,1770.75
0,1767.75
0,1771.5
0,1763.5
0,1769.25
0,1770.75
0,1776.25
0,1782.0
0,1780.25
0,1782.25
0,1780.75
0,1783.75
0,1774.0
0,1773.25
0,1775.75
0,1777.25
0,1777.25
0,1778.25
0,1779.75
0,1780.75
0,1783.25
0,1781.0
0,1779.5
0,1781.5
0,1779.25
0,1781.0
0,1780.5
0,1779.5
0,1777.25
0,1781.25
0,1784.0
0,1788.5
0,1787.25
0,1787.0
0,1784.5
0,1784.75
0,1787.25
0,1787.75
0,1786.25
0,1782.25
0,1784.5
0,1783.25
0,1786.75
0,1783.75
0,1781.75
0,1786.25
0,1786.5
0,1786.75
0,1785.0
0,1788.0
0,1790.75
0,1788.5
0,1787.0
0,1787.5
0,1790.5
0,1792.75
0,1792.25
0,1792.0
0,1792.25
0,1790.5
0,1792.5
0,1799.0
0,1794.25
0,1795.75
0,1796.5
0,1794.75
0,1795.0
0,1796.75
0,1798.0
0,1794.0
0,1793.75
0,1792.5
0,1793.75
0,1794.25
0,1796.0
0,1799.5
0,1799.0
0,1796.5
0,1797.25
0,1796.25
0,1797.0
0,1798.0
0,1802.75
0,1798.75
0,1797.5
0,1797.25
0,1795.25
0,1796.0
0,1795.25
0,1794.0
0,1793.75
0,1795.0
0,1797.5
0,1797.25
0,1800.0
0,1801.25
0,1800.75
0,1800.0
0,1801.25
0,1805.75
0,1803.75
0,1800.5
0,1800.5
0,1798.5
0,1800.25
0,1798.75
0,1799.5
0,1801.0
0,1801.25
0,1799.5
0,1800.75
0,1803.75
0,1801.25
0,1800.0
0,1799.5
0,1801.25
0,1802.5
0,1802.75
0,1801.0
0,1801.25
0,1798.75
0,1800.5
0,1800.5
0,1801.0
0,1798.25
0,1798.25
0,1800.5
0,1799.5
0,1799.25
0,1797.25
0,1797.5
0,1797.25
0,1795.5
0,1794.5
0,1795.25
0,1793.5
0,1795.25
0,1787.25
0,1789.5
0,1791.5
0,1789.5
0,1789.75
0,1788.75
0,1788.5
0,1789.5
0,1789.75
0,1787.75
0,1789.0
0,1788.5
0,1789.25
0,1791.25
0,1793.0
0,1792.0
0,1791.75
0,1792.5
0,1792.25
0,1793.25
0,1794.75
0,1795.5
0,1794.25
0,1793.75
0,1793.75
0,1794.5
0,1795.0
0,1795.25
0,1795.5
0,1797.25
0,1798.75
0,1798.5
0,1800.0
0,1802.5
0,1803.75
0,1804.25
0,1806.75
0,1808.75
0,1812.75
0,1813.5
0,1815.25
0,1817.75
0,1817.75
0,1815.5
0,1816.0
0,1817.0
0,1815.75
0,1813.0
0,1813.75
0,1815.5
0,1815.25
0,1815.5
0,1816.0
0,1816.5
0,1816.75
0,1816.5
0,1818.75
0,1817.5
0,1817.0
0,1814.5
0,1813.5
0,1813.25
0,1813.75
0,1817.0
0,1818.0
0,1817.0
0,1818.5
0,1820.5
0,1817.5
0,1817.25
0,1818.5
0,1817.5
0,1818.0
0,1818.0
0,1818.75
0,1819.5
0,1819.75
0,1820.0
0,1821.5
0,1821.75
0,1822.75
0,1822.25
0,1820.75
0,1822.0
0,1825.0
0,1824.5
0,1824.5
0,1824.0
0,1824.25
0,1825.0
0,1826.0
0,1825.5
0,1825.75
0,1826.5
0,1826.25
0,1827.5
0,1826.5
0,1837.25
0,1831.75
0,1828.5
0,1828.0
0,1825.5
0,1827.75
0,1826.25
0,1826.25
0,1826.5
0,1827.5
0,1826.5
0,1826.0
0,1825.75
0,1827.5
0,1826.5
0,1826.75
0,1826.25
0,1827.75
0,1827.75
0,1826.0
0,1826.25
0,1828.5
0,1828.0
0,1827.75
0,1828.5
0,1828.75
0,1827.25
0,1827.0
0,1826.5
0,1828.0
0,1827.0
0,1828.25
0,1826.75
0,1827.25
0,1827.75
0,1828.5
0,1829.0
0,1829.0
0,1827.75
0,1831.25
0,1832.5
0,1831.5
0,1830.0
0,1830.5
0,1830.75
0,1831.5
0,1832.25
0,1831.5
0,1833.5
0,1834.75
0,1837.25
0,1837.0
0,1834.0
0,1835.0
0,1838.75
0,1840.5
0,1842.25
0,1843.25
0,1842.0
0,1840.75
0,1838.5
0,1835.25
0,1835.25
0,1833.75
0,1833.25
0,1829.75
0,1828.75
0,1828.75
0,1828.0
0,1829.25
0,1832.0
0,1832.5
0,1834.5
0,1835.25
0,1837.0
0,1835.5
0,1833.75
0,1832.5
0,1829.5
0,1827.25
0,1826.75
0,1827.5
0,1827.25
0,1828.25
0,1827.5
0,1825.5
0,1828.25
0,1828.75
0,1832.0
0,1831.75
0,1833.0
0,1831.0
0,1829.0
0,1831.75
0,1829.25
0,1828.0
0,1828.25
0,1824.75
0,1826.25
0,1824.5
0,1823.5
0,1822.75
0,1819.25
0,1820.5
0,1823.25
0,1828.75
0,1829.25
0,1831.25
0,1833.75
0,1834.25
0,1834.5
0,1833.0
0,1830.5
0,1836.25
0,1837.0
0,1840.5
0,1840.25
0,1840.25
0,1839.25
0,1842.5
0,1844.25
0,1844.0
0,1840.75
0,1842.0
0,1842.5
0,1841.5
0,1845.75
0,1843.5
0,1841.5
0,1843.25
0,1845.5
0,1847.25
0,1848.5
0,1849.5
0,1850.25
0,1850.25
0,1850.25
0,1852.5
0,1852.0
0,1851.5
0,1847.25
0,1847.75
0,1847.5
0,1850.25
0,1853.5
0,1854.0
0,1853.25
0,1850.5
0,1849.0
0,1842.75
0,1845.5
0,1845.0
0,1843.0
0,1844.75
0,1845.25
0,1846.25
0,1843.25
0,1842.0
0,1842.0
0,1839.75
0,1834.75
0,1836.25
0,1837.0
0,1838.25
0,1838.5
0,1839.25
0,1841.75
0,1840.25
0,1839.25
0,1838.5
0,1838.25
0,1839.0
0,1840.25
0,1838.75
0,1838.25
0,1837.75
0,1840.0
0,1839.75
0,1840.25
0,1841.5
0,1840.75
0,1840.25
0,1842.0
0,1842.25
0,1841.0
0,1840.25
0,1839.0
0,1837.0
0,1838.25
0,1835.75
0,1835.0
0,1832.75
0,1833.25
0,1832.75
0,1834.25
0,1832.75
0,1833.5
0,1833.75
0,1837.5
0,1838.25
0,1841.0
0,1840.0
0,1839.25
0,1835.5
0,1835.25
0,1835.75
0,1836.75
0,1836.5
0,1835.5
0,1838.75
0,1840.5
0,1842.25
0,1843.0
0,1842.25
0,1841.5
0,1841.5
0,1839.0
0,1837.75
0,1837.75
0,1836.0
0,1835.5
0,1837.0
0,1837.0
0,1835.5
0,1836.75
0,1837.0
0,1837.0
0,1836.5
0,1837.5
0,1836.5
0,1835.5
0,1836.0
0,1837.75
0,1837.0
0,1839.25
0,1839.25
0,1840.25
0,1837.75
0,1838.75
0,1840.25
0,1840.25
0,1839.25
0,1839.5
0,1837.5
0,1837.0
0,1837.25
0,1837.25
0,1836.25
0,1836.75
0,1836.5
0,1836.5
0,1835.0
0,1833.0
0,1832.5
0,1836.25
0,1836.25
0,1838.75
0,1838.25
0,1840.75
0,1840.5
0,1839.0
0,1867.25
0,1869.25
0,1872.5
0,1880.25
0,1875.75
0,1877.5
0,1871.0
0,1859.25
0,1859.75
0,1866.0
0,1864.0
0,1864.0
0,1869.75
0,1870.25
0,1873.0
0,1871.5
0,1871.5
0,1867.5
0,1865.5
0,1860.75
0,1860.0
0,1866.0
0,1860.0
0,1866.75
0,1862.75
0,1860.75
0,1865.25
0,1862.75
0,1859.75
0,1864.5
0,1866.5
0,1865.75
0,1866.5
0,1864.25
0,1864.5
0,1862.5
0,1865.5
0,1868.5
0,1871.25
0,1873.75
0,1876.75
0,1876.25
0,1875.0
0,1875.5
0,1874.5
0,1871.75
0,1872.75
0,1872.5
0,1873.0
0,1871.75
0,1874.25
0,1874.5
0,1872.75
0,1870.0
0,1867.75
0,1869.75
0,1868.0
0,1868.25
0,1868.0
0,1869.75
0,1869.25
0,1867.75
0,1866.25
0,1866.5
0,1862.5
0,1863.5
0,1866.0
0,1865.0
0,1868.75
0,1870.5
0,1868.5
0,1869.0
0,1868.75
0,1867.25
0,1869.5
0,1868.75
0,1867.5
0,1868.5
0,1867.75
0,1867.75
0,1867.5
0,1868.75
0,1870.75
0,1873.5
0,1875.75
0,1875.5
0,1875.25
0,1872.75
0,1875.5
0,1876.0
0,1880.0
0,1879.5
0,1879.5
0,1877.75
0,1877.5
0,1880.0
0,1881.0
0,1881.25
0,1879.5
0,1879.0
0,1878.75
0,1878.0
0,1874.0
0,1873.75
0,1871.5
0,1866.5
0,1868.25
0,1864.75
0,1866.25
0,1865.75
0,1865.0
0,1864.25
0,1864.0
0,1864.75
0,1863.25
0,1861.5
0,1861.0
0,1860.5
0,1859.25
0,1859.75
0,1858.0
0,1859.25
0,1859.25
0,1860.25
0,1861.5
0,1861.5
0,1860.75
0,1861.25
0,1863.25
0,1862.75
0,1863.25
0,1865.5
0,1866.75
0,1864.75
0,1865.0
0,1865.75
0,1865.0
0,1864.5
0,1864.0
0,1865.5
0,1864.75
0,1863.75
0,1865.25
0,1865.0
0,1865.75
0,1866.5
0,1868.5
0,1868.0
0,1867.5
0,1867.75
0,1866.75
0,1869.25
0,1869.25
0,1871.5
0,1870.75
0,1869.75
0,1869.5
0,1868.5
0,1867.75
0,1866.5
0,1868.75
0,1869.5
0,1871.0
0,1870.75
0,1872.0
0,1871.25
0,1871.25
0,1872.0
0,1871.5
0,1872.25
0,1874.75
0,1874.5
0,1874.75
0,1874.75
0,1873.25
0,1872.0
0,1872.0
0,1870.5
0,1870.0
0,1869.25
0,1868.25
0,1868.0
0,1869.25
0,1869.25
0,1867.75
0,1867.0
0,1866.75
0,1865.75
0,1865.75
0,1866.0
0,1865.25
0,1865.0
0,1867.75
0,1868.25
0,1869.75
0,1869.75
0,1867.5
0,1866.5
0,1865.25
0,1865.25
0,1865.0
0,1865.0
0,1864.5
0,1864.25
0,1862.25
0,1865.75
0,1865.0
0,1865.25
0,1867.25
0,1867.5
0,1867.5
0,1869.25
0,1866.0
0,1866.5
0,1865.5
0,1864.75
0,1864.0
0,1863.75
0,1863.5
0,1863.25
0,1865.25
0,1864.5
0,1865.5
0,1863.75
0,1863.5
0,1861.75
0,1862.25
0,1863.75
0,1863.0
0,1862.0
0,1861.25
0,1860.0
0,1859.75
0,1861.25
0,1861.5
0,1859.25
0,1859.75
0,1860.25
0,1862.25
0,1862.75
0,1862.5
0,1864.0
0,1864.75
0,1864.0
0,1865.25
0,1865.5
0,1864.75
0,1864.75
0,1866.75
0,1867.0
0,1870.25
0,1869.75
0,1868.75
0,1868.75
0,1867.75
0,1868.25
0,1869.0
0,1867.5
0,1867.0
0,1866.75
0,1867.75
0,1868.25
0,1870.75
0,1872.0
0,1873.25
0,1873.0
0,1872.5
0,1871.25
0,1872.0
0,1871.75
0,1872.0
0,1872.25
0,1869.75
0,1870.5
0,1870.25
0,1871.25
0,1869.75
0,1872.5
0,1871.5
0,1871.25
0,1872.25
0,1872.0
0,1872.0
0,1871.5
0,1873.0
0,1872.25
0,1873.25
0,1875.0
0,1872.5
0,1873.5
0,1874.25
0,1873.25
0,1875.0
0,1873.25
0,1872.75
0,1871.0
0,1870.5
0,1871.5
0,1871.75
0,1872.5
0,1871.5
0,1873.0
0,1874.25
0,1874.75
0,1874.5
0,1873.5
0,1873.0
0,1872.75
0,1872.75
0,1872.25
0,1872.25
0,1873.75
0,1875.5
0,1875.0
0,1874.5
0,1874.25
0,1875.25
0,1872.75
0,1872.25
0,1871.0
0,1871.5
0,1871.75
0,1871.5
0,1870.0
0,1870.0
0,1868.5
0,1870.0
0,1870.0
0,1869.5
0,1869.5
0,1869.0
0,1868.75
0,1869.25
0,1871.0
0,1871.25
0,1871.25
0,1871.75
0,1871.75
0,1873.25
0,1873.5
0,1871.25
0,1870.5
0,1869.75
0,1868.25
0,1869.0
0,1869.5
0,1870.25
0,1869.75
0,1869.75
0,1870.25
0,1870.0
0,1870.75
0,1870.5
0,1871.0
0,1870.75
0,1869.75
0,1872.0
0,1872.25
0,1871.75
0,1871.25
0,1872.25
0,1874.25
0,1873.0
0,1873.5
0,1873.25
0,1873.75
0,1873.75
0,1874.25
0,1875.5
0,1875.75
0,1874.25
0,1875.0
0,1876.25
0,1876.0
0,1875.5
0,1876.0
0,1877.25
0,1878.0
0,1876.25
0,1876.25
0,1874.0
0,1874.75
0,1874.5
0,1873.75
0,1874.75
0,1873.5
0,1874.5
0,1875.25
0,1877.25
0,1875.25
0,1876.0
0,1875.75
0,1876.5
0,1876.75
0,1875.25
0,1875.0
0,1874.75
0,1874.75
0,1875.5
0,1877.0
0,1874.75
0,1875.0
0,1876.0
0,1877.0
0,1876.25
0,1875.75
0,1875.0
0,1874.5
0,1877.5
0,1877.25
0,1879.25
0,1880.5
0,1880.0
0,1879.0
0,1879.0
0,1879.5
0,1878.5
0,1879.25
0,1876.5
0,1876.0
0,1875.75
0,1877.0
0,1875.75
0,1878.5
0,1877.5
0,1876.25
0,1876.5
0,1876.25
0,1876.25
0,1875.25
0,1875.0
0,1878.0
0,1878.25
0,1878.25
0,1876.75
0,1877.25
0,1877.0
0,1876.25
0,1876.5
0,1873.5
0,1872.25
0,1871.25
0,1872.25
0,1873.25
0,1873.75
0,1874.75
0,1876.0
0,1877.75
0,1877.0
0,1876.25
0,1877.0
0,1874.75
0,1874.75
0,1874.25
0,1873.0
0,1874.75
0,1875.75
0,1877.0
0,1875.75
0,1875.25
0,1875.0
0,1875.25
0,1874.25
0,1874.0
0,1874.75
0,1875.25
0,1875.75
0,1875.5
0,1877.0
0,1875.25
0,1876.0
0,1874.5
0,1874.0
0,1872.25
0,1874.0
0,1873.25
0,1874.0
0,1874.5
0,1874.25
0,1876.0
0,1875.25
0,1876.75
0,1856.25
0,1856.0
0,1851.75
0,1858.75
0,1858.5
0,1856.75
0,1851.25
0,1853.0
0,1857.5
0,1854.0
0,1852.25
0,1850.25
0,1854.5
0,1857.25
0,1858.5
0,1860.0
0,1853.75
0,1854.25
0,1853.25
0,1851.5
0,1852.0
0,1853.25
0,1850.75
0,1855.5
0,1857.25
0,1858.25
0,1860.5
0,1863.25
0,1859.5
0,1863.75
0,1864.75
0,1870.0
0,1868.25
0,1867.0
0,1863.0
0,1860.75
0,1861.0
0,1863.0
0,1866.25
0,1867.75
0,1868.0
0,1868.0
0,1868.0
0,1866.0
0,1862.25
0,1858.5
0,1859.5
0,1862.25
0,1862.25
0,1862.75
0,1856.75
0,1857.0
0,1859.0
0,1859.75
0,1859.5
0,1861.25
0,1861.75
0,1860.75
0,1860.75
0,1863.75
0,1863.0
0,1862.5
0,1863.75
0,1861.5
0,1861.25
0,1863.25
0,1860.0
0,1857.25
0,1854.0
0,1855.5
0,1855.0
0,1852.75
0,1855.0
0,1850.75
0,1852.25
0,1851.25
0,1850.75
0,1850.5
0,1850.0
0,1851.75
0,1851.5
0,1851.5
0,1851.5
0,1851.5
0,1852.0
0,1850.5
0,1850.25
0,1850.25
0,1851.0
0,1851.75
0,1850.75
0,1850.0
0,1849.75
0,1850.25
0,1851.5
0,1850.0
0,1845.25
0,1847.0
0,1848.0
0,1847.0
0,1847.0
0,1844.25
0,1844.25
0,1844.5
0,1846.0
0,1843.5
0,1842.5
0,1845.75
0,1847.25
0,1848.75
0,1853.5
0,1853.25
0,1850.75
0,1850.0
0,1850.75
0,1853.5
0,1853.25
0,1853.0
0,1853.25
0,1851.0
0,1851.75
0,1852.0
0,1851.5
0,1852.0
0,1853.5
0,1850.5
0,1852.25
0,1850.75
0,1851.75
0,1852.25
0,1852.25
0,1852.5
0,1851.0
0,1852.5
0,1853.25
0,1852.75
0,1854.25
0,1854.5
0,1853.25
0,1851.25
0,1852.5
0,1853.5
0,1854.75
0,1854.75
0,1855.5
0,1856.0
0,1855.0
0,1853.25
0,1852.75
0,1853.5
0,1852.0
0,1852.25
0,1852.5
0,1852.0
0,1852.0
0,1852.0
0,1851.5
0,1853.0
0,1852.25
0,1852.5
0,1854.0
0,1853.5
0,1853.0
0,1853.5
0,1853.5
0,1856.75
0,1856.75
0,1858.5
0,1859.25
0,1859.25
0,1859.75
0,1856.25
0,1854.25
0,1855.75
0,1857.0
0,1856.25
0,1857.5
0,1858.25
0,1858.25
0,1857.25
0,1856.5
0,1856.75
0,1854.75
0,1855.0
0,1855.0
0,1855.0
0,1854.75
0,1855.25
0,1856.75
0,1855.75
0,1855.0
0,1855.5
0,1855.75
0,1856.75
0,1857.0
0,1856.0
0,1854.75
0,1855.5
0,1854.75
0,1855.0
0,1855.0
0,1853.5
0,1852.25
0,1851.75
0,1852.0
0,1853.0
0,1852.75
0,1853.25
0,1852.75
0,1850.75
0,1852.75
0,1853.25
0,1852.75
0,1852.5
0,1852.75
0,1853.75
0,1854.75
0,1855.75
0,1854.75
0,1855.25
0,1857.25
0,1857.75
0,1859.75
0,1859.75
0,1858.0
0,1856.25
0,1857.5
0,1854.75
0,1854.5
0,1855.25
0,1853.5
0,1854.0
0,1854.5
0,1854.0
0,1856.75
0,1856.0
0,1855.25
0,1854.25
0,1852.5
0,1852.5
0,1852.75
0,1855.25
0,1855.0
0,1854.25
0,1857.75
0,1857.25
0,1858.0
0,1859.75
0,1860.5
0,1861.75
0,1861.0
0,1861.0
0,1860.75
0,1860.75
0,1861.5
0,1862.75
0,1864.25
0,1863.5
0,1863.0
0,1862.5
0,1862.0
0,1862.75
0,1864.75
0,1865.75
0,1868.25
0,1867.0
0,1866.0
0,1866.75
0,1863.75
0,1863.0
0,1861.75
0,1861.5
0,1860.75
0,1859.75
0,1856.5
0,1856.75
0,1857.0
0,1857.0
0,1857.75
0,1857.5
0,1858.25
0,1858.5
0,1858.5
0,1861.75
0,1859.75
0,1860.5
0,1864.75
0,1862.5
0,1862.0
0,1864.25
0,1863.75
0,1864.5
0,1863.25
0,1863.25
0,1866.0
0,1867.0
0,1869.0
0,1869.0
0,1871.5
0,1871.75
0,1870.5
0,1869.75
0,1869.75
0,1868.75
0,1869.25
0,1869.75
0,1870.0
0,1869.75
0,1872.25
0,1874.25
0,1871.0
0,1869.5
0,1870.25
0,1869.5
0,1869.25
0,1867.5
0,1868.25
0,1868.0
0,1867.5
0,1868.25
0,1868.5
0,1868.5
0,1868.0
0,1868.75
0,1868.5
0,1871.25
0,1870.5
0,1870.75
0,1870.5
0,1870.25
0,1869.25
0,1867.75
0,1868.25
0,1868.75
0,1867.75
0,1867.25
0,1869.25
0,1865.5
0,1864.75
0,1865.0
0,1866.0
0,1868.25
0,1868.75
0,1873.25
0,1874.25
0,1873.25
0,1873.75
0,1872.5
0,1871.75
0,1871.5
0,1870.25
0,1869.75
0,1869.25
0,1869.75
0,1869.25
0,1869.75
0,1870.25
0,1868.25
0,1868.5
0,1867.0
0,1866.75
0,1867.25
0,1866.0
0,1865.5
0,1865.5
0,1864.75
0,1865.0
0,1865.25
0,1865.0
0,1865.75
0,1865.0
0,1865.25
0,1865.5
0,1864.75
0,1868.0
0,1870.75
0,1871.25
0,1870.75
0,1869.25
0,1869.75
0,1870.25
0,1870.0
0,1870.5
0,1870.0
0,1871.25
0,1871.0
0,1872.5
0,1871.0
0,1870.25
0,1873.75
0,1874.5
0,1875.75
0,1874.25
0,1875.5
0,1874.75
0,1873.0
0,1873.75
0,1875.75
0,1875.5
0,1875.0
0,1874.25
0,1871.75
0,1872.0
0,1874.25
0,1874.25
0,1873.0
0,1872.25
0,1872.75
0,1871.75
0,1872.5
0,1873.75
0,1874.5
0,1874.75
0,1877.0
0,1878.25
0,1878.0
0,1879.25
0,1882.0
0,1883.0
0,1883.75
0,1884.0
0,1883.5
0,1883.0
0,1882.0
0,1881.75
0,1880.75
0,1881.25
0,1880.0
0,1879.5
0,1879.0
0,1881.25
0,1880.5
0,1881.0
0,1882.0
0,1884.5
0,1885.75
0,1883.25
0,1885.25
0,1884.0
0,1883.75
0,1885.0
0,1885.0
0,1884.5
0,1885.0
0,1885.25
0,1887.75
0,1887.75
0,1886.0
0,1884.0
0,1883.0
0,1884.5
0,1885.25
0,1888.25
0,1887.25
0,1887.75
0,1887.0
0,1886.0
0,1884.5
0,1884.0
0,1884.75
0,1885.75
0,1885.0
0,1885.5
0,1885.5
0,1885.75
0,1887.5
0,1889.25
0,1889.75
0,1889.5
0,1890.25
0,1890.75
0,1891.75
0,1889.75
0,1889.75
0,1890.0
0,1890.25
0,1890.25
0,1890.5
0,1891.75
0,1891.75
0,1892.75
0,1892.25
0,1891.25
0,1890.5
0,1889.0
0,1891.0
0,1891.0
0,1890.75
0,1890.0
0,1890.25
0,1890.0
0,1889.75
0,1889.25
0,1888.25
0,1887.25
0,1886.25
0,1884.0
0,1879.5
0,1879.75
0,1881.75
0,1881.75
0,1920.25
0,1920.5
0,1925.75
0,1916.75
0,1915.25
0,1909.0
0,1897.25
0,1898.75
0,1895.0
0,1898.25
0,1899.75
0,1894.5
0,1887.0
0,1889.0
0,1884.25
0,1881.5
0,1883.75
0,1883.75
0,1878.75
0,1878.0
0,1874.75
0,1870.5
0,1875.5
0,1875.0
0,1879.0
0,1877.5
0,1880.75
0,1885.5
0,1888.0
0,1889.0
0,1888.75
0,1888.25
0,1889.0
0,1885.75
0,1886.25
0,1886.75
0,1886.5
0,1885.25
0,1882.25
0,1883.0
0,1888.0
0,1889.0
0,1886.0
0,1884.5
0,1884.0
0,1883.75
0,1884.5
0,1884.25
0,1886.0
0,1886.0
0,1884.25
0,1885.75
0,1888.75
0,1890.75
0,1891.0
0,1889.25
0,1889.0
0,1889.0
0,1894.5
0,1893.75
0,1893.0
0,1891.75
0,1890.75
0,1891.75
0,1893.75
0,1891.75
0,1890.75
0,1890.0
0,1889.5
0,1889.5
0,1888.75
0,1888.75
0,1890.75
0,1890.0
0,1889.0
0,1889.25
0,1890.75
0,1891.5
0,1893.25
0,1895.75
0,1895.75
0,1895.0
0,1894.5
0,1890.25
0,1889.5
0,1888.5
0,1888.5
0,1889.0
0,1890.0
0,1889.0
0,1889.0
0,1889.5
0,1889.5
0,1889.5
0,1889.25
0,1888.75
0,1889.0
0,1888.5
0,1889.0
0,1889.5
0,1889.5
0,1890.25
0,1892.75
0,1893.5
0,1890.5
0,1889.5
0,1888.0
0,1889.25
0,1887.75
0,1888.25
0,1888.0
0,1888.75
0,1888.5
0,1885.5
0,1882.75
0,1882.5
0,1883.5
0,1883.25
0,1882.75
0,1882.5
0,1881.75
0,1882.0
0,1881.0
0,1878.25
0,1878.25
0,1875.75
0,1875.0
0,1875.0
0,1872.75
0,1871.0
0,1870.0
0,1870.25
0,1870.75
0,1870.75
0,1871.0
0,1876.25
0,1878.25
0,1875.0
0,1875.25
0,1872.0
0,1873.0
0,1871.25
0,1872.25
0,1871.5
0,1871.75
0,1873.5
0,1874.5
0,1873.25
0,1874.5
0,1875.0
0,1875.75
0,1875.75
0,1874.5
0,1872.25
0,1872.5
0,1872.0
0,1871.0
0,1871.25
0,1872.5
0,1870.25
0,1871.25
0,1871.25
0,1870.5
0,1871.0
0,1872.75
0,1870.25
0,1871.0
0,1871.25
0,1873.0
0,1873.0
0,1874.5
0,1870.25
0,1867.5
0,1866.75
0,1866.5
0,1866.25
0,1867.5
0,1867.0
0,1866.5
0,1868.0
0,1865.25
0,1867.25
0,1867.0
0,1867.0
0,1867.5
0,1867.5
0,1867.25
0,1866.5
0,1866.0
0,1867.25
0,1867.0
0,1865.25
0,1864.0
0,1863.75
0,1865.5
0,1864.75
0,1865.75
0,1867.5
0,1867.0
0,1867.25
0,1866.5
0,1866.25
0,1864.5
0,1864.5
0,1863.0
0,1862.75
0,1866.0
0,1867.0
0,1863.25
0,1863.0
0,1865.0
0,1864.5
0,1865.25
0,1866.25
0,1866.75
0,1866.0
0,1865.0
0,1864.75
0,1864.5
0,1867.5
0,1867.0
0,1868.75
0,1867.75
0,1867.5
0,1868.0
0,1868.0
0,1869.25
0,1868.75
0,1867.0
0,1867.25
0,1866.5
0,1868.5
0,1867.75
0,1868.25
0,1868.75
0,1865.0
0,1864.75
0,1866.5
0,1866.0
0,1864.0
0,1863.25
0,1863.5
0,1863.5
0,1863.75
0,1863.0
0,1862.0
0,1862.25
0,1863.0
0,1864.25
0,1865.0
0,1865.25
0,1865.0
0,1865.5
0,1866.5
0,1867.0
0,1865.5
0,1865.75
0,1865.25
0,1864.5
0,1864.75
0,1865.5
0,1864.75
0,1864.25
0,1864.25
0,1864.25
0,1864.75
0,1865.0
0,1865.0
0,1867.0
0,1867.75
0,1867.75
0,1868.0
0,1869.0
0,1870.75
0,1870.75
0,1871.75
0,1871.25
0,1871.5
0,1872.0
0,1872.0
0,1872.5
0,1873.25
0,1873.75
0,1873.25
0,1872.75
0,1873.25
0,1873.25
0,1874.5
0,1876.25
0,1876.0
0,1875.5
0,1875.75
0,1875.0
0,1873.5
0,1875.5
0,1875.25
0,1874.75
0,1875.0
0,1875.0
0,1874.5
0,1874.75
0,1873.0
0,1873.25
0,1873.25
0,1873.75
0,1873.25
0,1872.5
0,1872.0
0,1871.75
0,1871.0
0,1870.5
0,1871.75
0,1872.5
0,1875.75
0,1877.5
0,1877.25
0,1877.25
0,1877.5
0,1878.25
0,1878.0
0,1881.5
0,1880.25
0,1881.25
0,1881.0
0,1878.75
0,1877.25
0,1875.0
0,1873.25
0,1871.75
0,1873.75
0,1874.5
0,1874.25
0,1874.5
0,1874.5
0,1875.5
0,1875.0
0,1875.75
0,1873.75
0,1875.5
0,1875.5
0,1875.75
0,1876.0
0,1875.75
0,1874.75
0,1876.0
0,1875.0
0,1879.5
0,1882.25
0,1882.75
0,1884.5
0,1883.75
0,1881.5
0,1879.5
0,1881.0
0,1881.0
0,1881.5
0,1882.25
0,1884.0
0,1885.0
0,1884.25
0,1885.25
0,1886.5
0,1885.0
0,1883.5
0,1882.25
0,1883.75
0,1884.5
0,1883.0
0,1883.0
0,1882.75
0,1884.0
0,1884.5
0,1885.5
0,1885.0
0,1885.5
0,1884.25
0,1883.75
0,1883.25
0,1885.25
0,1887.25
0,1886.5
0,1886.75
0,1887.75
0,1884.5
0,1885.5
0,1884.75
0,1883.5
0,1883.0
0,1884.25
0,1884.0
0,1883.5
0,1881.75
0,1884.25
0,1883.75
0,1883.25
0,1884.0
0,1885.0
0,1884.25
0,1884.0
0,1881.5
0,1881.0
0,1881.5
0,1881.25
0,1880.5
0,1880.75
0,1881.75
0,1883.75
0,1880.25
0,1879.5
0,1880.25
0,1882.25
0,1883.75
0,1883.5
0,1882.5
0,1883.0
0,1884.75
0,1886.0
0,1885.5
0,1885.0
0,1882.5
0,1881.25
0,1881.5
0,1880.25
0,1880.75
0,1879.5
0,1880.75
0,1882.75
0,1882.75
0,1881.25
0,1881.25
0,1880.75
0,1879.75
0,1882.25
0,1881.5
0,1880.0
0,1881.75
0,1882.5
0,1882.0
0,1881.5
0,1881.75
0,1881.75
0,1882.25
0,1882.0
0,1883.25
0,1882.75
0,1882.75
0,1882.25
0,1882.25
0,1882.0
0,1882.75
0,1882.25
0,1883.25
0,1881.75
0,1882.75
0,1882.75
0,1883.0
0,1882.5
0,1882.0
0,1880.0
0,1882.5
0,1883.0
0,1884.5
0,1886.25
0,1887.5
0,1887.5
0,1885.25
0,1885.5
0,1884.25
0,1885.5
0,1885.75
0,1886.0
0,1885.75
0,1885.25
0,1883.5
0,1885.25
0,1884.25
0,1886.25
0,1885.25
0,1883.25
0,1883.0
0,1883.25
0,1883.75
0,1882.5
0,1881.75
0,1881.5
0,1881.5
0,1882.0
0,1883.0
0,1882.75
0,1882.5
0,1883.25
0,1883.75
0,1884.25
0,1884.5
0,1883.25
0,1883.5
0,1882.5
0,1873.75
0,1873.25
0,1872.5
0,1876.5
0,1872.25
0,1872.5
0,1870.75
0,1870.25
0,1871.5
0,1872.25
0,1872.75
0,1869.0
0,1867.0
0,1867.25
0,1867.5
0,1867.75
0,1866.0
0,1863.75
0,1864.25
0,1867.25
0,1869.75
0,1870.25
0,1867.0
0,1870.0
0,1868.5
0,1868.5
0,1867.0
0,1866.75
0,1865.0
0,1862.5
0,1863.75
0,1862.75
0,1863.0
0,1864.5
0,1866.0
0,1864.5
0,1867.0
0,1866.0
0,1865.5
0,1865.25
0,1864.75
0,1870.5
0,1867.0
0,1866.5
0,1868.0
0,1867.25
0,1867.25
0,1866.5
0,1867.0
0,1867.25
0,1867.5
0,1867.25
0,1867.5
0,1868.25
0,1871.25
0,1871.0
0,1873.25
0,1871.0
0,1871.0
0,1870.75
0,1869.0
0,1867.0
0,1868.5
0,1867.5
0,1868.5
0,1867.25
0,1867.25
0,1866.25
0,1866.25
0,1865.75
0,1865.0
0,1864.5
0,1865.25
0,1866.0
0,1865.0
0,1864.0
0,1864.25
0,1865.0
0,1864.75
0,1863.75
0,1864.75
0,1864.75
0,1864.75
0,1865.5
0,1865.0
0,1864.0
0,1865.0
0,1865.5
0,1865.75
0,1866.5
0,1866.0
0,1865.75
0,1864.75
0,1863.75
0,1864.5
0,1865.25
0,1864.75
0,1863.5
0,1863.5
0,1862.5
0,1860.75
0,1859.75
0,1860.0
0,1860.75
0,1862.0
0,1862.25
0,1861.75
0,1862.75
0,1862.5
0,1862.5
0,1862.0
0,1861.5
0,1862.25
0,1864.5
0,1864.5
0,1863.75
0,1864.25
0,1864.75
0,1863.75
0,1863.75
0,1863.25
0,1863.75
0,1864.0
0,1863.25
0,1863.25
0,1864.5
0,1864.75
0,1865.0
0,1864.25
0,1863.75
0,1863.75
0,1863.5
0,1863.75
0,1863.75
0,1863.5
0,1863.5
0,1863.5
0,1864.5
0,1865.0
0,1866.0
0,1866.5
0,1868.0
0,1868.75
0,1868.5
0,1867.5
0,1868.0
0,1867.25
0,1866.0
0,1867.0
0,1867.25
0,1867.5
0,1866.75
0,1868.0
0,1868.25
0,1869.25
0,1869.0
0,1869.0
0,1869.75
0,1871.25
0,1871.75
0,1872.75
0,1872.0
0,1873.25
0,1874.75
0,1875.25
0,1874.75
0,1875.25
0,1873.0
0,1873.0
0,1873.25
0,1872.5
0,1871.25
0,1870.25
0,1868.25
0,1866.75
0,1865.75
0,1864.5
0,1865.0
0,1864.25
0,1866.0
0,1866.0
0,1865.25
0,1865.0
0,1865.25
0,1865.0
0,1865.25
0,1865.75
0,1865.75
0,1862.25
0,1863.0
0,1862.0
0,1862.75
0,1861.75
0,1862.5
0,1863.0
0,1863.25
0,1863.5
0,1864.75
0,1864.5
0,1863.75
0,1863.75
0,1864.0
0,1864.25
0,1864.0
0,1864.25
0,1864.75
0,1864.5
0,1865.75
0,1865.0
0,1866.75
0,1866.25
0,1866.25
0,1865.25
0,1864.75
0,1865.0
0,1865.0
0,1864.25
0,1864.0
0,1863.5
0,1863.75
0,1863.75
0,1864.25
0,1864.25
0,1864.75
0,1864.75
0,1865.0
0,1864.5
0,1864.25
0,1863.75
0,1863.25
0,1865.75
0,1865.5
0,1866.0
0,1869.0
0,1864.75
0,1865.0
0,1864.75
0,1864.25
0,1865.0
0,1864.5
0,1864.75
0,1864.75
0,1863.5
0,1863.0
0,1862.25
0,1861.0
0,1858.5
0,1856.0
0,1855.0
0,1853.5
0,1854.25
0,1852.25
0,1854.5
0,1853.0
0,1853.5
0,1852.75
0,1853.5
0,1852.75
0,1852.5
0,1853.0
0,1853.0
0,1853.0
0,1854.0
0,1853.0
0,1854.0
0,1854.25
0,1854.25
0,1855.5
0,1857.75
0,1859.75
0,1859.25
0,1858.25
0,1858.0
0,1857.75
0,1856.5
0,1855.25
0,1855.5
0,1856.5
0,1854.25
0,1855.0
0,1851.75
0,1850.25
0,1850.25
0,1849.75
0,1847.75
0,1847.0
0,1848.5
0,1849.75
0,1849.5
0,1850.75
0,1851.5
0,1854.5
0,1854.25
0,1853.75
0,1853.25
0,1852.75
0,1852.5
0,1851.75
0,1853.25
0,1852.5
0,1852.25
0,1852.5
0,1852.25
0,1852.0
0,1852.0
0,1851.75
0,1851.75
0,1851.75
0,1851.75
0,1852.0
0,1852.0
0,1851.25
0,1851.5
0,1850.25
0,1850.0
0,1850.75
0,1850.25
0,1850.75
0,1850.75
0,1850.0
0,1850.5
0,1851.75
0,1852.5
0,1853.0
0,1853.5
0,1854.0
0,1854.5
0,1855.5
0,1855.5
0,1857.5
0,1857.0
0,1856.25
0,1854.75
0,1853.5
0,1853.75
0,1854.25
0,1855.0
0,1854.5
0,1853.75
0,1852.75
0,1852.75
0,1853.25
0,1854.75
0,1857.25
0,1857.0
0,1855.25
0,1854.5
0,1854.25
0,1854.25
0,1854.25
0,1854.0
0,1853.75
0,1854.0
0,1853.75
0,1855.0
0,1854.0
0,1852.75
0,1850.75
0,1851.25
0,1850.25
0,1850.5
0,1851.25
0,1851.75
0,1851.75
0,1855.0
0,1854.5
0,1856.5
0,1857.75
0,1861.0
0,1860.0
0,1860.75
0,1860.75
0,1860.0
0,1860.5
0,1859.75
0,1861.5
0,1861.25
0,1860.5
0,1861.5
0,1860.0
0,1860.5
0,1860.0
0,1861.25
0,1861.75
0,1862.0
0,1861.75
0,1862.25
0,1862.0
0,1862.0
0,1864.75
0,1865.5
0,1865.25
0,1865.0
0,1865.5
0,1865.75
0,1865.0
0,1865.5
0,1866.25
0,1865.75
0,1866.25
0,1866.0
0,1866.75
0,1868.75
0,1869.0
0,1866.5
0,1866.25
0,1867.5
0,1868.5
0,1869.25
0,1870.25
0,1869.0
0,1867.75
0,1866.5
0,1865.5
0,1863.5
0,1864.25
0,1864.5
0,1867.0
0,1867.0
0,1866.5
0,1864.0
0,1865.5
0,1863.0
0,1861.0
0,1861.5
0,1862.0
0,1862.25
0,1862.5
0,1864.75
0,1865.0
0,1865.0
0,1866.25
0,1866.5
0,1864.75
0,1864.25
0,1862.75
0,1862.25
0,1862.0
0,1862.25
0,1862.5
0,1862.75
0,1863.5
0,1863.25
0,1862.75
0,1862.5
0,1861.5
0,1861.75
0,1861.75
0,1862.0
0,1861.5
0,1861.0
0,1861.25
0,1861.25
0,1861.75
0,1864.75
0,1863.5
0,1863.0
0,1863.75
0,1861.5
0,1861.25
0,1863.25
0,1863.0
0,1862.75
0,1862.25
0,1861.75
0,1861.0
0,1861.25
0,1862.25
0,1862.75
0,1863.5
0,1865.25
0,1864.5
0,1865.25
0,1865.25
0,1864.5
0,1864.75
0,1865.0
0,1864.5
0,1864.75
0,1865.25
0,1864.75
0,1862.25
0,1862.5
0,1863.5
0,1864.5
0,1864.75
0,1865.25
0,1866.75
0,1870.75
0,1879.75
0,1880.25
0,1885.5
0,1885.75
0,1887.75
0,1893.25
0,1893.5
0,1890.5
0,1890.75
0,1888.75
0,1890.0
0,1889.75
0,1894.0
0,1892.0
0,1890.25
0,1893.0
0,1893.0
0,1890.0
0,1891.25
0,1894.25
0,1892.75
0,1894.25
0,1894.5
0,1896.5
0,1895.75
0,1897.0
0,1894.5
0,1894.75
0,1895.0
0,1890.0
0,1888.0
0,1888.0
0,1889.5
0,1888.5
0,1887.5
0,1887.5
0,1887.5
0,1887.5
0,1888.0
0,1889.0
0,1887.0
0,1883.75
0,1884.0
0,1885.5
0,1886.75
0,1888.0
0,1887.5
0,1887.5
0,1885.5
0,1883.5
0,1882.75
0,1881.5
0,1880.0
0,1878.75
0,1879.5
0,1879.0
0,1877.75
0,1877.5
0,1876.0
0,1871.5
0,1870.75
0,1871.25
0,1867.75
0,1866.25
0,1864.0
0,1862.25
0,1864.75
0,1864.75
0,1863.5
0,1862.0
0,1862.75
0,1861.75
0,1861.5
0,1858.75
0,1862.0
0,1862.75
0,1862.5
0,1864.75
0,1860.5
0,1862.0
0,1862.75
0,1863.0
0,1863.5
0,1864.0
0,1864.75
0,1865.0
0,1864.5
0,1865.5
0,1865.25
0,1866.75
0,1867.75
0,1869.0
0,1868.75
0,1869.5
0,1868.5
0,1868.25
0,1867.75
0,1867.25
0,1866.75
0,1866.25
0,1865.25
0,1866.5
0,1866.75
0,1868.0
0,1869.5
0,1870.25
0,1870.0
0,1869.75
0,1870.25
0,1869.0
0,1866.75
0,1868.0
0,1869.25
0,1868.75
0,1870.25
0,1871.75
0,1870.25
0,1871.25
0,1871.25
0,1872.75
0,1871.5
0,1874.0
0,1874.0
0,1873.75
0,1873.0
0,1872.5
0,1873.25
0,1875.75
0,1875.75
0,1876.75
0,1876.25
0,1877.25
0,1877.75
0,1878.75
0,1881.5
0,1880.5
0,1879.75
0,1879.75
0,1881.25
0,1880.25
0,1879.5
0,1878.25
0,1876.5
0,1877.5
0,1879.5
0,1879.75
0,1880.0
0,1880.0
0,1880.25
0,1879.5
0,1877.75
0,1877.75
0,1877.25
0,1878.5
0,1878.25
0,1880.0
0,1881.25
0,1881.75
0,1881.5
0,1881.25
0,1881.25
0,1880.0
0,1880.5
0,1882.5
0,1883.0
0,1878.5
0,1878.75
0,1878.5
0,1879.25
0,1879.75
0,1879.75
0,1879.75
0,1879.75
0,1880.25
0,1880.25
0,1881.0
0,1882.25
0,1880.0
0,1880.0
0,1880.0
0,1882.0
0,1882.5
0,1882.0
0,1881.5
0,1880.5
0,1880.5
0,1881.25
0,1880.0
0,1880.25
0,1880.0
0,1880.0
0,1880.25
0,1882.0
0,1882.5
0,1884.0
0,1882.5
0,1881.0
0,1880.75
0,1881.25
0,1882.0
0,1882.0
0,1881.75
0,1879.5
0,1881.0
0,1882.5
0,1880.75
0,1881.5
0,1883.75
0,1883.0
0,1881.0
0,1883.5
0,1884.0
0,1882.5
0,1882.0
0,1881.75
0,1883.0
0,1885.75
0,1887.0
0,1885.5
0,1885.5
0,1883.0
0,1882.0
0,1881.25
0,1880.25
0,1880.0
0,1881.25
0,1881.75
0,1880.25
0,1881.0
0,1877.5
0,1877.5
0,1879.25
0,1879.5
0,1879.75
0,1880.0
0,1879.5
0,1880.0
0,1880.5
0,1880.5
0,1880.75
0,1880.5
0,1878.75
0,1880.5
0,1884.0
0,1885.25
0,1886.75
0,1886.5
0,1886.0
0,1885.75
0,1885.75
0,1885.5
0,1884.75
0,1885.0
0,1885.5
0,1886.75
0,1886.5
0,1887.25
0,1887.0
0,1890.5
0,1890.5
0,1889.75
0,1889.75
0,1890.25
0,1889.5
0,1890.25
0,1890.75
0,1891.0
0,1890.0
0,1889.5
0,1888.5
0,1888.25
0,1887.5
0,1887.5
0,1887.75
0,1888.5
0,1889.75
0,1890.25
0,1889.75
0,1890.0
0,1893.0
0,1892.0
0,1891.75
0,1889.75
0,1889.5
0,1891.0
0,1890.25
0,1889.75
0,1889.75
0,1891.25
0,1890.75
0,1890.0
0,1889.5
0,1889.75
0,1889.75
0,1889.25
0,1890.25
0,1892.0
0,1891.5
0,1891.75
0,1889.75
0,1890.75
0,1891.25
0,1891.0
0,1890.0
0,1889.75
0,1889.75
0,1889.75
0,1889.0
0,1889.0
0,1888.0
0,1887.75
0,1887.75
0,1890.25
0,1889.25
0,1889.5
0,1890.0
0,1890.0
0,1889.75
0,1889.25
0,1888.5
0,1887.75
0,1887.0
0,1885.25
0,1886.0
0,1886.5
0,1888.0
0,1887.5
0,1888.25
0,1889.25
0,1889.75
0,1889.5
0,1889.25
0,1889.0
0,1884.25
0,1886.25
0,1886.75
0,1887.0
0,1887.25
0,1888.0
0,1887.75
0,1887.75
0,1887.0
0,1886.25
0,1885.75
0,1885.5
0,1885.75
0,1885.75
0,1885.25
0,1885.75
0,1886.0
0,1886.5
0,1887.25
0,1888.0
0,1889.25
0,1889.0
0,1889.25
0,1893.25
0,1893.25
0,1889.75
0,1890.0
0,1890.75
0,1889.75
0,1890.25
0,1890.25
0,1890.0
0,1892.5
0,1891.0
0,1890.25
0,1891.25
0,1892.75
0,1893.0
0,1892.75
0,1895.5
0,1893.75
0,1893.0
0,1894.0
0,1894.0
0,1890.0
0,1893.25
0,1893.5
0,1893.0
0,1893.75
0,1892.25
0,1890.5
0,1891.25
0,1890.25
0,1893.25
0,1891.5
0,1891.25
0,1890.25
0,1890.5
0,1890.75
0,1890.0
0,1890.0
0,1890.25
0,1892.0
0,1894.0
0,1896.0
0,1895.5
0,1894.5
0,1892.75
0,1893.5
0,1894.0
0,1892.75
0,1891.75
0,1889.75
0,1889.5
0,1889.5
0,1890.5
0,1889.75
0,1890.0
0,1891.25
0,1891.75
0,1890.25
0,1890.25
0,1889.5
0,1889.75
0,1889.5
0,1890.25
0,1891.25
0,1890.0
0,1891.25
0,1891.75
0,1890.25
0,1890.75
0,1890.25
0,1890.5
0,1890.5
0,1892.75
0,1892.75
0,1892.5
0,1892.5
0,1891.75
0,1892.0
0,1891.75
0,1893.5
0,1893.25
0,1895.75
0,1895.5
0,1895.75
0,1895.75
0,1895.75
0,1896.25
0,1895.75
0,1895.0
0,1893.75
0,1895.25
0,1895.75
0,1896.0
0,1895.25
0,1895.25
0,1895.75
0,1895.0
0,1894.75
0,1895.75
0,1896.75
0,1895.75
0,1896.25
0,1894.75
0,1895.0
0,1895.75
0,1894.75
0,1895.25
0,1895.0
0,1895.0
0,1894.75
0,1894.75
0,1895.0
0,1895.0
0,1895.75
0,1895.25
0,1895.25
0,1895.5
0,1895.0
0,1895.25
0,1895.75
0,1895.75
0,1895.5
0,1894.75
0,1896.0
0,1896.25
0,1896.5
0,1901.25
0,1901.0
0,1901.25
0,1898.0
0,1899.5
0,1897.0
0,1900.0
0,1896.75
0,1894.5
0,1891.25
0,1889.5
0,1895.0
0,1896.5
0,1894.0
0,1894.75
0,1894.25
0,1894.5
0,1892.75
0,1888.25
0,1888.25
0,1888.0
0,1889.5
0,1890.25
0,1889.5
0,1889.5
0,1890.25
0,1890.0
0,1886.25
0,1885.5
0,1883.25
0,1886.0
0,1885.75
0,1886.25
0,1885.75
0,1883.5
0,1881.0
0,1881.5
0,1878.75
0,1875.5
0,1875.0
0,1877.5
0,1879.25
0,1880.0
0,1880.0
0,1879.25
0,1877.5
0,1876.75
0,1873.5
0,1868.75
0,1867.0
0,1866.0
0,1870.75
0,1872.5
0,1874.25
0,1872.75
0,1875.0
0,1873.0
0,1870.25
0,1869.75
0,1870.25
0,1871.75
0,1872.0
0,1872.5
0,1873.5
0,1871.0
0,1872.5
0,1872.5
0,1872.0
0,1871.5
0,1870.5
0,1867.5
0,1865.25
0,1862.5
0,1864.75
0,1863.5
0,1862.75
0,1859.75
0,1859.25
0,1858.5
0,1858.25
0,1858.25
0,1855.5
0,1854.25
0,1852.75
0,1852.5
0,1852.0
0,1852.25
0,1854.5
0,1856.75
0,1858.0
0,1858.75
0,1858.5
0,1856.5
0,1857.25
0,1857.25
0,1857.75
0,1857.25
0,1857.25
0,1858.5
0,1859.0
0,1861.75
0,1861.25
0,1858.5
0,1860.25
0,1859.75
0,1861.0
0,1861.75
0,1860.75
0,1861.75
0,1861.5
0,1862.0
0,1861.75
0,1862.5
0,1862.25
0,1861.25
0,1861.0
0,1861.25
0,1862.25
0,1862.5
0,1861.75
0,1862.0
0,1861.0
0,1861.75
0,1861.25
0,1863.0
0,1861.5
0,1860.75
0,1861.25
0,1861.5
0,1861.25
0,1861.75
0,1860.75
0,1859.75
0,1861.5
0,1858.5
0,1860.25
0,1857.0
0,1854.5
0,1853.25
0,1854.75
0,1856.75
0,1857.75
0,1855.75
0,1855.75
0,1856.5
0,1853.0
0,1854.25
0,1853.0
0,1851.5
0,1853.5
0,1856.0
0,1855.25
0,1858.75
0,1859.5
0,1860.25
0,1860.0
0,1859.0
0,1858.75
0,1859.0
0,1860.0
0,1859.25
0,1859.75
0,1860.0
0,1860.0
0,1858.0
0,1856.0
0,1856.0
0,1852.25
0,1851.5
0,1849.75
0,1850.0
0,1851.25
0,1855.0
0,1855.75
0,1855.25
0,1856.25
0,1856.25
0,1856.25
0,1857.0
0,1858.5
0,1859.0
0,1858.0
0,1856.0
0,1856.0
0,1855.25
0,1854.0
0,1854.5
0,1855.5
0,1854.75
0,1856.0
0,1858.25
0,1859.0
0,1859.75
0,1860.75
0,1861.0
0,1860.75
0,1861.25
0,1862.0
0,1863.5
0,1863.75
0,1864.25
0,1864.75
0,1863.75
0,1863.25
0,1863.25
0,1861.25
0,1860.0
0,1860.25
0,1860.25
0,1864.5
0,1864.5
0,1865.75
0,1865.25
0,1864.75
0,1865.5
0,1865.75
0,1868.0
0,1863.5
0,1864.0
0,1863.75
0,1863.25
0,1865.75
0,1869.75
0,1868.5
0,1870.25
0,1871.0
0,1874.0
0,1874.25
0,1873.25
0,1873.75
0,1874.0
0,1872.75
0,1868.5
0,1863.5
0,1862.25
0,1862.25
0,1864.0
0,1863.25
0,1863.25
0,1864.75
0,1866.75
0,1866.5
0,1866.75
0,1866.75
0,1866.75
0,1869.25
0,1868.75
0,1869.0
0,1870.25
0,1871.5
0,1872.25
0,1875.0
0,1877.0
0,1873.5
0,1874.5
0,1874.75
0,1874.5
0,1873.75
0,1872.0
0,1871.75
0,1871.5
0,1871.0
0,1867.5
0,1870.25
0,1871.25
0,1871.75
0,1873.25
0,1872.25
0,1874.25
0,1872.75
0,1872.75
0,1873.0
0,1873.5
0,1873.5
0,1874.25
0,1877.0
0,1879.75
0,1877.75
0,1878.0
0,1877.5
0,1878.75
0,1880.5
0,1879.75
0,1880.75
0,1880.25
0,1880.0
0,1876.5
0,1879.5
0,1881.5
0,1881.5
0,1881.5
0,1881.75
0,1879.25
0,1879.5
0,1879.75
0,1881.0
0,1880.75
0,1880.0
0,1882.25
0,1882.5
0,1881.75
0,1881.25
0,1881.0
0,1882.0
0,1881.75
0,1882.75
0,1884.25
0,1886.0
0,1884.5
0,1883.75
0,1883.5
0,1881.25
0,1882.75
0,1881.75
0,1882.25
0,1878.25
0,1880.5
0,1880.75
0,1883.25
0,1883.5
0,1884.0
0,1884.5
0,1884.5
0,1884.0
0,1884.25
0,1884.75
0,1883.75
0,1884.0
0,1883.5
0,1884.0
0,1883.5
0,1886.0
0,1886.0
0,1885.75
0,1885.0
0,1884.5
0,1884.25
0,1883.25
0,1883.25
0,1883.0
0,1884.25
0,1884.75
0,1886.75
0,1890.5
0,1890.25
0,1891.75
0,1891.25
0,1892.5
0,1891.75
0,1894.0
0,1895.25
0,1893.75
0,1897.0
0,1896.0
0,1896.5
0,1894.75
0,1894.5
0,1895.5
0,1895.0
0,1894.75
0,1894.5
0,1893.5
0,1895.0
0,1898.0
0,1895.75
0,1894.25
0,1894.25
0,1896.75
0,1896.75
0,1898.0
0,1899.5
0,1897.25
0,1895.75
0,1896.5
0,1899.75
0,1901.0
0,1902.25
0,1901.0
0,1900.5
0,1902.25
0,1898.5
0,1895.25
0,1889.75
0,1892.5
0,1896.0
0,1897.5
0,1897.25
0,1898.0
0,1895.0
0,1896.75
0,1896.25
0,1894.0
0,1897.75
0,1898.75
0,1900.0
0,1901.5
0,1902.5
0,1902.5
0,1903.25
0,1903.75
0,1903.75
0,1902.0
0,1901.25
0,1902.5
0,1902.25
0,1901.0
0,1900.75
0,1901.0
0,1900.75
0,1899.75
0,1899.25
0,1899.5
0,1901.5
0,1901.25
0,1900.0
0,1899.75
0,1901.0
0,1900.75
0,1901.0
0,1899.75
0,1900.75
0,1901.25
0,1900.75
0,1901.0
0,1901.25
0,1901.75
0,1902.0
0,1900.75
0,1900.25
0,1897.25
0,1894.5
0,1896.25
0,1897.0
0,1900.0
0,1898.75
0,1895.75
0,1896.5
0,1896.0
0,1896.5
0,1897.0
0,1897.75
0,1897.75
0,1900.5
0,1900.75
0,1900.25
0,1901.0
0,1901.25
0,1901.25
0,1901.5
0,1901.5
0,1901.0
0,1905.0
0,1904.5
0,1904.25
0,1903.75
0,1903.75
0,1902.5
0,1901.75
0,1901.75
0,1902.0
0,1902.75
0,1903.0
0,1901.5
0,1903.5
0,1904.5
0,1905.5
0,1905.5
0,1906.25
0,1906.25
0,1906.25
0,1906.5
0,1906.75
0,1906.0
0,1906.75
0,1907.75
0,1907.25
0,1907.75
0,1909.0
0,1910.75
0,1912.25
0,1911.0
0,1909.25
0,1910.25
0,1908.5
0,1906.25
0,1887.5
0,1886.5
0,1886.0
0,1883.25
0,1877.75
0,1876.25
0,1876.25
0,1867.25
0,1876.25
0,1876.0
0,1874.75
0,1877.0
0,1872.75
0,1873.25
0,1880.75
0,1872.0
0,1869.5
0,1868.5
0,1869.25
0,1868.0
0,1866.5
0,1868.0
0,1869.5
0,1865.75
0,1865.25
0,1867.25
0,1863.75
0,1867.0
0,1860.25
0,1856.75
0,1855.0
0,1862.5
0,1862.0
0,1862.5
0,1858.5
0,1859.5
0,1857.75
0,1852.0
0,1852.25
0,1851.0
0,1848.0
0,1849.0
0,1851.5
0,1852.75
0,1853.5
0,1853.0
0,1853.5
0,1851.75
0,1853.5
0,1856.0
0,1859.0
0,1857.0
0,1859.25
0,1859.75
0,1861.25
0,1860.5
0,1858.75
0,1858.5
0,1857.25
0,1856.0
0,1853.75
0,1850.0
0,1847.5
0,1849.25
0,1850.0
0,1851.5
0,1852.5
0,1852.5
0,1852.5
0,1852.0
0,1851.5
0,1850.0
0,1849.75
0,1849.75
0,1849.75
0,1850.25
0,1849.75
0,1848.75
0,1849.0
0,1851.0
0,1849.25
0,1849.25
0,1849.25
0,1849.5
0,1848.25
0,1850.5
0,1851.25
0,1850.25
0,1849.5
0,1852.0
0,1850.5
0,1850.75
0,1850.75
0,1851.5
0,1850.5
0,1850.75
0,1850.0
0,1849.5
0,1850.75
0,1851.25
0,1853.5
0,1853.5
0,1853.75
0,1854.25
0,1855.75
0,1855.25
0,1855.0
0,1855.5
0,1853.25
0,1852.25
0,1853.25
0,1853.25
0,1853.75
0,1852.5
0,1852.0
0,1852.5
0,1855.0
0,1854.5
0,1855.0
0,1854.5
0,1854.0
0,1855.25
0,1854.5
0,1852.75
0,1851.75
0,1851.0
0,1852.0
0,1852.5
0,1853.25
0,1851.5
0,1851.75
0,1851.25
0,1852.75
0,1853.5
0,1853.5
0,1854.5
0,1854.0
0,1854.0
0,1855.5
0,1855.75
0,1855.25
0,1855.75
0,1855.5
0,1856.25
0,1857.0
0,1857.75
0,1857.0
0,1856.75
0,1856.0
0,1856.75
0,1857.5
0,1855.5
0,1854.0
0,1854.25
0,1853.25
0,1851.5
0,1851.25
0,1851.0
0,1850.0
0,1850.5
0,1851.0
0,1850.75
0,1851.0
0,1853.25
0,1853.5
0,1853.75
0,1854.5
0,1855.75
0,1857.0
0,1856.0
0,1857.0
0,1856.75
0,1857.75
0,1858.5
0,1858.5
0,1856.75
0,1856.0
0,1854.75
0,1854.0
0,1853.75
0,1854.0
0,1853.5
0,1856.25
0,1856.25
0,1856.75
0,1855.25
0,1853.75
0,1853.25
0,1851.75
0,1851.25
0,1851.75
0,1851.5
0,1850.25
0,1852.0
0,1852.25
0,1852.75
0,1854.0
0,1854.5
0,1855.5
0,1854.0
0,1853.0
0,1852.75
0,1853.0
0,1853.25
0,1852.5
0,1852.25
0,1852.25
0,1853.25
0,1853.5
0,1854.75
0,1855.25
0,1854.5
0,1853.25
0,1852.0
0,1850.5
0,1850.75
0,1851.0
0,1851.0
0,1852.25
0,1851.75
0,1853.5
0,1854.5
0,1853.5
0,1854.25
0,1853.75
0,1853.5
0,1854.75
0,1854.75
0,1855.5
0,1856.5
0,1859.75
0,1859.25
0,1856.75
0,1857.0
0,1856.5
0,1859.0
0,1859.25
0,1859.75
0,1860.0
0,1859.75
0,1858.75
0,1858.75
0,1862.0
0,1862.5
0,1860.5
0,1859.5
0,1858.0
0,1858.25
0,1858.5
0,1859.25
0,1859.5
0,1858.75
0,1858.0
0,1858.5
0,1858.75
0,1858.0
0,1857.0
0,1855.5
0,1854.5
0,1855.75
0,1856.5
0,1856.25
0,1855.75
0,1857.25
0,1857.5
0,1856.25
0,1856.0
0,1857.75
0,1857.75
0,1858.0
0,1858.25
0,1858.25
0,1858.0
0,1856.75
0,1857.25
0,1858.0
0,1858.75
0,1857.75
0,1858.5
0,1859.0
0,1859.25
0,1860.0
0,1860.5
0,1860.5
0,1861.0
0,1861.25
0,1860.75
0,1860.0
0,1859.75
0,1859.0
0,1857.0
0,1856.5
0,1856.25
0,1854.25
0,1853.5
0,1852.75
0,1849.75
0,1847.5
0,1847.0
0,1845.0
0,1844.5
0,1841.0
0,1841.5
0,1844.5
0,1846.25
0,1846.0
0,1846.0
0,1846.0
0,1846.5
0,1848.25
0,1847.75
0,1851.25
0,1849.75
0,1851.25
0,1850.0
0,1850.75
0,1850.0
0,1849.0
0,1849.25
0,1847.75
0,1847.25
0,1847.75
0,1848.75
0,1851.0
0,1850.25
0,1852.75
0,1853.0
0,1849.25
0,1849.25
0,1849.5
0,1850.25
0,1850.0
0,1849.75
0,1849.75
0,1849.75
0,1850.0
0,1850.5
0,1849.0
0,1850.25
0,1850.0
0,1849.0
0,1848.75
0,1848.0
0,1848.25
0,1848.25
0,1849.25
0,1849.75
0,1848.5
0,1850.25
0,1850.25
0,1850.0
0,1849.75
0,1848.75
0,1847.25
0,1847.5
0,1847.5
0,1845.75
0,1843.75
0,1843.5
0,1843.75
0,1839.0
0,1837.5
0,1836.25
0,1835.0
0,1834.75
0,1833.5
0,1833.0
0,1832.25
0,1837.75
0,1838.25
0,1839.75
0,1842.0
0,1840.75
0,1840.25
0,1839.5
0,1839.25
0,1840.5
0,1841.0
0,1841.75
0,1841.5
0,1840.5
0,1840.0
0,1841.5
0,1842.75
0,1842.75
0,1843.5
0,1844.5
0,1846.0
0,1846.25
0,1845.25
0,1849.0
0,1848.25
0,1847.75
0,1847.25
0,1846.5
0,1845.75
0,1848.25
0,1847.5
0,1847.25
0,1847.0
0,1848.75
0,1850.75
0,1851.25
0,1851.75
0,1851.75
0,1852.25
0,1853.75
0,1853.5
0,1854.5
0,1855.75
0,1857.75
0,1857.75
0,1856.75
0,1857.25
0,1856.25
0,1857.25
0,1856.75
0,1855.5
0,1857.25
0,1858.75
0,1859.75
0,1859.75
0,1859.0
0,1862.25
0,1862.75
0,1862.25
0,1863.25
0,1862.25
0,1863.25
0,1863.75
0,1863.5
0,1863.25
0,1865.25
0,1865.5
0,1866.25
0,1865.5
0,1863.0
0,1863.5
0,1865.25
0,1863.75
0,1865.5
0,1865.25
0,1867.25
0,1867.5
0,1867.75
0,1867.75
0,1867.5
0,1867.25
0,1867.75
0,1868.25
0,1869.75
0,1867.5
0,1869.5
0,1868.75
0,1867.5
0,1869.25
0,1868.25
0,1866.75
0,1868.0
0,1870.25
0,1869.0
0,1868.75
0,1869.75
0,1871.5
0,1870.75
0,1870.25
0,1870.0
0,1870.5
0,1869.75
0,1869.75
0,1870.25
0,1870.0
0,1869.75
0,1871.0
0,1870.25
0,1869.5
0,1870.25
0,1869.5
0,1869.0
0,1868.25
0,1868.5
0,1868.5
0,1869.75
0,1878.5
0,1888.25
0,1890.5
0,1892.0
0,1892.25
0,1895.25
0,1902.0
0,1906.5
0,1906.0
0,1905.75
0,1907.75
0,1905.25
0,1905.25
0,1900.5
0,1905.25
0,1907.0
0,1909.75
0,1909.5
0,1912.0
0,1909.0
0,1905.5
0,1905.25
0,1903.0
0,1908.0
0,1906.0
0,1910.5
0,1909.5
0,1910.5
0,1910.75
0,1913.75
0,1914.25
0,1912.25
0,1911.5
0,1910.25
0,1909.75
0,1908.25
0,1909.0
0,1909.75
0,1911.5
0,1915.5
0,1915.25
0,1912.0
0,1910.75
0,1911.5
0,1910.25
0,1910.75
0,1910.0
0,1911.0
0,1909.5
0,1906.25
0,1904.75
0,1906.25
0,1908.25
0,1908.0
0,1910.0
0,1910.0
0,1909.25
0,1910.0
0,1910.25
0,1913.25
0,1911.75
0,1912.0
0,1913.5
0,1914.5
0,1913.75
0,1913.0
0,1914.25
0,1916.0
0,1916.5
0,1915.5
0,1915.75
0,1912.75
0,1912.25
0,1910.75
0,1911.75
0,1913.25
0,1913.75
0,1915.75
0,1914.5
0,1915.25
0,1913.25
0,1912.75
0,1912.25
0,1912.75
0,1913.0
0,1912.0
0,1913.75
0,1912.5
0,1913.5
0,1912.5
0,1909.0
0,1909.75
0,1909.75
0,1910.25
0,1911.0
0,1910.25
0,1909.75
0,1909.75
0,1910.0
0,1910.25
0,1911.25
0,1910.0
0,1911.0
0,1910.5
0,1910.25
0,1910.25
0,1909.5
0,1910.25
0,1909.75
0,1909.25
0,1909.5
0,1910.75
0,1910.75
0,1910.75
0,1909.75
0,1910.0
0,1912.0
0,1912.25
0,1912.25
0,1912.25
0,1913.0
0,1913.0
0,1911.75
0,1911.75
0,1911.5
0,1910.25
0,1911.0
0,1910.5
0,1910.75
0,1907.5
0,1917.75
0,1910.25
0,1909.0
0,1911.5
0,1911.25
0,1910.75
0,1910.75
0,1909.75
0,1910.75
0,1911.0
0,1910.5
0,1910.75
0,1910.25
0,1910.25
0,1910.5
0,1910.75
0,1910.5
0,1909.5
0,1910.0
0,1910.0
0,1909.25
0,1909.25
0,1909.0
0,1911.25
0,1910.25
0,1910.25
0,1911.0
0,1911.75
0,1910.75
0,1910.25
0,1911.5
0,1911.25
0,1912.0
0,1912.0
0,1913.75
0,1912.75
0,1912.0
0,1911.25
0,1910.75
0,1910.75
0,1910.25
0,1910.25
0,1910.75
0,1911.75
0,1912.25
0,1912.25
0,1913.0
0,1912.5
0,1912.25
0,1911.5
0,1912.75
0,1912.75
0,1912.25
0,1914.25
0,1914.5
0,1914.5
0,1914.75
0,1914.75
0,1915.25
0,1916.75
0,1916.5
0,1915.75
0,1916.25
0,1915.5
0,1917.0
0,1918.25
0,1920.0
0,1919.5
0,1919.25
0,1920.25
0,1919.75
0,1921.25
0,1923.0
0,1922.5
0,1921.0
0,1921.5
0,1921.75
0,1920.75
0,1920.75
0,1920.75
0,1922.25
0,1921.5
0,1920.75
0,1921.25
0,1921.0
0,1921.75
0,1921.0
0,1921.25
0,1922.5
0,1922.75
0,1924.75
0,1925.0
0,1925.0
0,1923.5
0,1922.75
0,1922.0
0,1921.5
0,1926.25
0,1925.0
0,1927.5
0,1929.0
0,1929.25
0,1929.5
0,1930.5
0,1930.0
0,1928.75
0,1927.25
0,1927.25
0,1927.25
0,1926.0
0,1925.5
0,1927.75
0,1927.5
0,1928.75
0,1927.75
0,1924.5
0,1924.75
0,1924.25
0,1923.75
0,1923.25
0,1923.0
0,1923.0
0,1923.5
0,1924.5
0,1924.75
0,1925.0
0,1924.25
0,1924.75
0,1925.25
0,1925.75
0,1925.25
0,1925.0
0,1925.0
0,1926.25
0,1926.25
0,1925.0
0,1925.5
0,1925.0
0,1925.25
0,1925.0
0,1925.25
0,1925.25
0,1924.75
0,1925.0
0,1924.75
0,1925.75
0,1925.5
0,1926.25
0,1925.25
0,1925.5
0,1927.0
0,1927.75
0,1926.75
0,1926.5
0,1927.25
0,1926.0
0,1925.25
0,1925.0
0,1926.5
0,1926.75
0,1925.25
0,1925.5
0,1925.75
0,1925.5
0,1925.5
0,1925.0
0,1925.5
0,1925.5
0,1925.0
0,1925.75
0,1925.25
0,1925.75
0,1925.5
0,1924.5
0,1925.0
0,1924.25
0,1924.0
0,1921.75
0,1924.75
0,1925.0
0,1926.25
0,1925.25
0,1925.0
0,1926.25
0,1926.75
0,1924.5
0,1925.5
0,1926.25
0,1925.75
0,1926.0
0,1926.0
0,1926.0
0,1925.75
0,1925.25
0,1925.25
0,1924.5
0,1925.25
0,1925.0
0,1924.75
0,1925.0
0,1924.75
0,1924.75
0,1924.75
0,1925.5
0,1925.25
0,1925.75
0,1925.25
0,1925.5
0,1924.75
0,1925.75
0,1925.5
0,1924.75
0,1924.75
0,1925.75
0,1924.25
0,1923.0
0,1923.5
0,1924.0
0,1924.5
0,1925.0
0,1925.5
0,1926.5
0,1925.75
0,1926.5
0,1926.75
0,1928.25
0,1927.75
0,1927.5
0,1927.0
0,1927.0
0,1926.75
0,1926.75
0,1926.75
0,1926.75
0,1927.25
0,1928.5
0,1928.0
0,1928.75
0,1925.25
0,1925.25
0,1926.75
0,1926.5
0,1925.75
0,1927.5
0,1928.75
0,1925.5
0,1924.5
0,1925.5
0,1924.5
0,1925.0
0,1925.0
0,1925.25
0,1924.75
0,1925.5
0,1925.25
0,1925.75
0,1926.25
0,1925.0
0,1925.75
0,1924.75
0,1925.25
0,1924.75
0,1924.0
0,1924.25
0,1925.25
0,1924.75
0,1925.0
0,1926.0
0,1925.25
0,1924.75
0,1924.25
0,1926.0
0,1926.25
0,1925.75
0,1924.75
0,1924.5
0,1925.25
0,1924.75
0,1924.75
0,1924.75
0,1925.25
0,1926.25
0,1926.5
0,1926.0
0,1927.0
0,1933.0
0,1935.25
0,1936.75
0,1938.0
0,1939.25
0,1940.25
0,1938.75
0,1939.5
0,1939.25
0,1939.0
0,1939.5
0,1940.25
0,1940.0
0,1940.25
0,1942.0
0,1943.25
0,1942.0
0,1942.25
0,1942.0
0,1941.5
0,1941.25
0,1940.5
0,1942.75
0,1943.0
0,1943.75
0,1944.0
0,1944.75
0,1945.25
0,1944.75
0,1944.25
0,1943.25
0,1942.75
0,1944.0
0,1943.25
0,1943.75
0,1944.0
0,1945.0
0,1945.25
0,1945.5
0,1945.75
0,1945.25
0,1945.25
0,1945.75
0,1946.25
0,1946.25
0,1947.75
0,1946.75
0,1946.0
0,1947.75
0,1947.25
0,1947.75
0,1946.75
0,1947.25
0,1946.75
0,1947.25
0,1946.75
0,1948.0
0,1948.0
0,1948.25
0,1948.25
0,1949.0
0,1947.0
0,1946.25
0,1948.25
0,1948.5
0,1950.0
0,1949.75
0,1950.25
0,1950.5
0,1951.25
0,1947.75
0,1947.0
0,1951.5
0,1950.5
0,1951.25
0,1948.0
0,1948.25
0,1947.0
0,1945.75
0,1948.0
0,1950.0
0,1947.5
0,1950.25
0,1949.75
0,1948.75
0,1951.5
0,1956.5
0,1958.0
0,1957.0
0,1960.5
0,1962.25
0,1961.5
0,1960.25
0,1960.0
0,1960.5
0,1960.5
0,1958.25
0,1957.0
0,1954.5
0,1952.5
0,1950.25
0,1950.75
0,1950.75
0,1951.25
0,1950.25
0,1951.0
0,1953.0
0,1954.0
0,1955.25
0,1956.0
0,1956.25
0,1956.25
0,1957.5
0,1956.5
0,1957.5
0,1958.75
0,1957.25
0,1955.75
0,1954.25
0,1952.25
0,1953.0
0,1952.0
0,1950.0
0,1950.25
0,1949.0
0,1947.25
0,1947.75
0,1950.5
0,1948.5
0,1948.5
0,1947.75
0,1948.25
0,1948.0
0,1947.25
0,1947.0
0,1947.0
0,1947.25
0,1946.5
0,1947.0
0,1946.5
0,1946.25
0,1945.0
0,1946.5
0,1947.0
0,1947.75
0,1946.5
0,1947.0
0,1946.75
0,1947.5
0,1947.5
0,1947.75
0,1947.0
0,1948.25
0,1947.5
0,1946.5
0,1947.5
0,1946.75
0,1946.5
0,1945.25
0,1945.5
0,1946.0
0,1945.5
0,1947.0
0,1946.5
0,1946.25
0,1947.25
0,1950.25
0,1949.75
0,1947.5
0,1946.75
0,1946.0
0,1946.25
0,1948.0
0,1948.75
0,1949.25
0,1948.25
0,1947.75
0,1948.25
0,1950.0
0,1949.5
0,1949.25
0,1948.5
0,1948.25
0,1947.5
0,1946.0
0,1945.75
0,1945.75
0,1946.25
0,1947.0
0,1946.75
0,1945.75
0,1946.25
0,1946.5
0,1948.5
0,1950.5
0,1950.75
0,1951.25
0,1951.25
0,1951.0
0,1949.5
0,1949.0
0,1949.0
0,1948.5
0,1947.25
0,1947.0
0,1948.0
0,1949.0
0,1947.75
0,1948.0
0,1946.5
0,1946.25
0,1946.5
0,1945.75
0,1947.75
0,1948.25
0,1946.75
0,1947.75
0,1947.75
0,1947.25
0,1946.5
0,1947.75
0,1949.0
0,1948.5
0,1947.75
0,1947.5
0,1947.25
0,1945.75
0,1946.0
0,1946.25
0,1946.0
0,1945.75
0,1945.25
0,1945.5
0,1945.25
0,1948.5
0,1949.25
0,1949.0
0,1948.25
0,1948.75
0,1947.75
0,1948.75
0,1949.0
0,1948.75
0,1948.75
0,1948.25
0,1946.75
0,1946.5
0,1945.5
0,1946.5
0,1948.5
0,1948.0
0,1947.25
0,1948.0
0,1946.0
0,1947.0
0,1947.0
0,1947.25
0,1946.75
0,1945.75
0,1946.0
0,1946.5
0,1945.75
0,1946.25
0,1946.25
0,1945.75
0,1945.75
0,1945.5
0,1945.5
0,1945.25
0,1944.75
0,1944.25
0,1944.75
0,1945.0
0,1944.75
0,1945.75
0,1946.0
0,1946.0
0,1947.0
0,1947.25
0,1947.25
0,1946.75
0,1944.5
0,1944.25
0,1948.0
0,1946.25
0,1944.25
0,1944.25
0,1944.75
0,1943.25
0,1944.0
0,1944.5
0,1945.0
0,1945.5
0,1944.75
0,1945.25
0,1943.75
0,1944.75
0,1944.75
0,1945.0
0,1945.25
0,1945.0
0,1944.5
0,1944.5
0,1944.5
0,1944.75
0,1944.5
0,1944.5
0,1943.5
0,1943.25
0,1942.75
0,1942.75
0,1943.25
0,1942.5
0,1942.5
0,1944.5
0,1944.25
0,1943.25
0,1943.0
0,1943.25
0,1944.0
0,1944.25
0,1944.25
0,1944.5
0,1944.25
0,1943.25
0,1942.75
0,1943.25
0,1942.75
0,1943.0
0,1943.25
0,1943.75
0,1943.5
0,1942.75
0,1943.5
0,1944.25
0,1944.0
0,1943.75
0,1943.25
0,1947.0
0,1947.5
0,1947.25
0,1946.25
0,1946.5
0,1946.25
0,1947.5
0,1945.5
0,1945.0
0,1945.5
0,1945.25
0,1945.0
0,1944.0
0,1944.75
0,1945.0
0,1944.0
0,1945.0
0,1945.25
0,1946.25
0,1946.75
0,1946.75
0,1947.75
0,1947.5
0,1947.75
0,1946.75
0,1945.75
0,1945.0
0,1945.75
0,1946.25
0,1946.25
0,1946.0
0,1945.5
0,1946.5
0,1946.0
0,1946.5
0,1947.75
0,1947.5
0,1947.75
0,1948.0
0,1947.75
0,1947.75
0,1946.25
0,1946.75
0,1947.0
0,1948.25
0,1949.0
0,1949.25
0,1949.0
0,1948.75
0,1947.25
0,1947.25
0,1946.5
0,1945.25
0,1944.75
0,1944.75
0,1945.0
0,1945.25
0,1944.5
0,1944.75
0,1945.0
0,1945.25
0,1945.0
0,1944.5
0,1944.0
0,1942.25
0,1942.75
0,1945.0
0,1944.5
0,1945.0
0,1945.0
0,1944.5
0,1943.5
0,1943.5
0,1944.75
0,1944.25
0,1944.25
0,1944.75
0,1944.75
0,1945.75
0,1946.0
0,1945.25
0,1944.5
0,1945.0
0,1944.5
0,1943.25
0,1943.5
0,1944.0
0,1943.75
0,1946.0
0,1946.25
0,1946.25
0,1946.0
0,1946.0
0,1945.5
0,1945.25
0,1945.75
0,1944.75
0,1944.5
0,1948.5
0,1947.25
0,1948.75
0,1950.75
0,1950.0
0,1950.75
0,1949.0
0,1949.0
0,1949.5
0,1949.25
0,1948.5
0,1948.5
0,1944.75
0,1948.5
0,1948.25
0,1948.25
0,1947.0
0,1946.75
0,1947.5
0,1947.5
0,1947.25
0,1948.25
0,1947.5
0,1946.75
0,1947.75
0,1947.25
0,1945.25
0,1945.75
0,1945.75
0,1946.0
0,1948.0
0,1948.25
0,1947.75
0,1947.25
0,1948.0
0,1947.25
0,1946.5
0,1948.0
0,1947.5
0,1947.25
0,1947.25
0,1946.75
0,1946.0
0,1945.5
0,1945.75
0,1945.25
0,1945.25
0,1947.0
0,1947.0
0,1947.25
0,1948.25
0,1946.0
0,1947.0
0,1946.5
0,1945.75
0,1945.25
0,1946.0
0,1946.25
0,1946.0
0,1946.0
0,1944.75
0,1945.75
0,1945.5
0,1946.25
0,1945.5
0,1943.75
0,1943.25
0,1944.75
0,1943.0
0,1942.75
0,1941.25
0,1940.5
0,1938.0
0,1939.5
0,1942.5
0,1942.75
0,1943.75
0,1946.25
0,1944.0
0,1944.0
0,1946.25
0,1946.5
0,1946.25
0,1943.5
0,1943.5
0,1945.25
0,1943.75
0,1946.0
0,1945.5
0,1945.5
0,1948.25
0,1949.75
0,1951.75
0,1953.75
0,1953.5
0,1954.5
0,1953.25
0,1951.5
0,1951.25
0,1953.0
0,1952.0
0,1953.0
0,1953.0
0,1952.5
0,1951.25
0,1952.0
0,1952.25
0,1953.25
0,1952.75
0,1954.0
0,1951.75
0,1950.0
0,1949.0
0,1946.0
0,1945.5
0,1942.0
0,1944.25
0,1945.75
0,1948.25
0,1949.25
0,1950.25
0,1946.5
0,1946.25
0,1947.75
0,1947.25
0,1946.0
0,1946.25
0,1944.25
0,1944.5
0,1944.5
0,1944.5
0,1943.25
0,1946.25
0,1943.75
0,1944.25
0,1942.75
0,1943.0
0,1945.0
0,1943.5
0,1942.75
0,1943.75
0,1943.5
0,1944.0
0,1944.75
0,1944.5
0,1946.0
0,1945.25
0,1943.0
0,1942.75
0,1943.5
0,1943.5
0,1944.25
0,1944.5
0,1946.75
0,1946.75
0,1946.75
0,1947.25
0,1947.0
0,1946.75
0,1947.75
0,1947.75
0,1947.25
0,1948.75
0,1948.75
0,1948.0
0,1948.25
0,1949.0
0,1947.5
0,1946.75
0,1947.5
0,1948.0
0,1945.25
0,1947.0
0,1947.5
0,1946.5
0,1945.25
0,1945.5
0,1944.5
0,1945.5
0,1944.75
0,1944.75
0,1945.5
0,1944.25
0,1944.0
0,1944.25
0,1944.5
0,1944.75
0,1944.75
0,1942.25
0,1942.5
0,1943.75
0,1943.25
0,1943.5
0,1943.25
0,1942.75
0,1941.75
0,1943.25
0,1942.25
0,1941.25
0,1942.0
0,1942.25
0,1943.25
0,1943.75
0,1944.0
0,1942.25
0,1941.75
0,1941.75
0,1943.25
0,1944.0
0,1943.75
0,1944.0
0,1943.5
0,1943.75
0,1943.25
0,1942.75
0,1942.75
0,1944.0
0,1943.25
0,1941.75
0,1942.75
0,1942.75
0,1944.5
0,1945.5
0,1946.5
0,1947.75
0,1946.25
0,1945.75
0,1945.25
0,1946.0
0,1946.0
0,1947.0
0,1946.75
0,1946.25
0,1947.25
0,1948.0
0,1948.0
0,1947.75
0,1946.75
0,1946.75
0,1947.25
0,1947.75
0,1945.0
0,1943.75
0,1943.25
0,1942.75
0,1943.75
0,1946.0
0,1946.25
0,1944.75
0,1944.5
0,1944.5
0,1945.0
0,1944.5
0,1942.25
0,1941.5
0,1941.75
0,1941.25
0,1942.25
0,1943.5
0,1942.0
0,1942.0
0,1941.75
0,1942.0
0,1941.5
0,1941.5
0,1942.0
0,1941.5
0,1941.75
0,1941.5
0,1942.0
0,1942.75
0,1942.75
0,1943.0
0,1943.25
0,1945.0
0,1945.5
0,1945.75
0,1946.75
0,1947.75
0,1947.5
0,1945.25
0,1946.25
0,1947.75
0,1947.0
0,1946.75
0,1947.0
0,1946.25
0,1945.75
0,1944.75
0,1944.0
0,1944.0
0,1946.0
0,1945.0
0,1945.0
0,1946.5
0,1949.5
0,1950.75
0,1949.75
0,1946.25
0,1945.0
0,1945.5
0,1945.5
0,1945.75
0,1946.0
0,1945.75
0,1945.75
0,1944.75
0,1945.0
0,1945.25
0,1945.25
0,1945.75
0,1945.0
0,1945.0
0,1943.75
0,1942.75
0,1944.5
0,1944.5
0,1944.5
0,1944.75
0,1944.5
0,1945.25
0,1948.5
0,1947.0
0,1947.25
0,1948.5
0,1948.5
0,1947.5
0,1947.75
0,1948.5
0,1948.75
0,1947.5
0,1948.0
0,1948.5
0,1948.5
0,1947.75
0,1947.75
0,1947.75
0,1947.5
0,1946.5
0,1946.25
0,1946.75
0,1945.75
0,1946.5
0,1947.0
0,1946.0
0,1946.0
0,1945.25
0,1944.25
0,1944.25
0,1943.25
0,1943.25
0,1943.5
0,1944.25
0,1944.0
0,1943.5
0,1943.5
0,1944.5
0,1945.5
0,1945.75
0,1945.75
0,1945.25
0,1944.75
0,1944.5
0,1943.25
0,1943.75
0,1943.5
0,1943.75
0,1943.25
0,1943.5
0,1943.25
0,1943.0
0,1942.0
0,1943.25
0,1942.5
0,1943.5
0,1942.5
0,1941.75
0,1941.5
0,1940.25
0,1940.25
0,1939.25
0,1939.25
0,1940.5
0,1940.0
0,1939.25
0,1939.5
0,1938.75
0,1939.0
0,1938.5
0,1937.75
0,1937.75
0,1937.75
0,1938.75
0,1938.5
0,1938.75
0,1938.25
0,1938.0
0,1938.75
0,1939.25
0,1939.25
0,1937.5
0,1938.0
0,1938.5
0,1937.75
0,1939.0
0,1939.0
0,1940.0
0,1939.5
0,1938.0
0,1939.75
0,1939.25
0,1939.25
0,1938.75
0,1938.0
0,1938.25
0,1938.5
0,1937.75
0,1939.5
0,1939.75
0,1939.5
0,1939.25
0,1937.75
0,1937.75
0,1938.0
0,1938.5
0,1939.0
0,1938.75
0,1938.5
0,1938.5
0,1937.0
0,1937.0
0,1936.25
0,1937.25
0,1939.0
0,1937.5
0,1937.75
0,1937.5
0,1937.0
0,1935.25
0,1935.0
0,1933.0
0,1932.25
0,1932.0
0,1931.5
0,1928.0
0,1926.0
0,1926.5
0,1923.25
0,1920.0
0,1919.25
0,1917.0
0,1914.0
0,1911.75
0,1910.75
0,1909.75
0,1909.5
0,1913.25
0,1912.0
0,1917.25
0,1919.0
0,1920.0
0,1921.0
0,1922.0
0,1918.75
0,1919.0
0,1918.5
0,1913.75
0,1911.0
0,1913.5
0,1913.25
0,1913.0
0,1912.75
0,1911.5
0,1910.5
0,1910.25
0,1911.5
0,1911.75
0,1913.75
0,1914.0
0,1915.25
0,1916.25
0,1914.75
0,1915.25
0,1915.0
0,1915.25
0,1916.25
0,1918.25
0,1920.0
0,1922.0
0,1922.25
0,1919.75
0,1919.5
0,1921.75
0,1920.25
0,1921.0
0,1921.5
0,1919.75
0,1920.0
0,1919.75
0,1920.0
0,1919.25
0,1919.25
0,1920.25
0,1920.0
0,1920.0
0,1919.25
0,1921.5
0,1924.5
0,1925.5
0,1925.75
0,1926.25
0,1926.25
0,1927.75
0,1928.25
0,1928.0
0,1923.5
0,1922.5
0,1923.5
0,1924.25
0,1926.25
0,1926.25
0,1925.75
0,1926.75
0,1927.75
0,1927.0
0,1927.25
0,1929.5
0,1928.75
0,1930.5
0,1932.0
0,1931.0
0,1929.5
0,1929.5
0,1929.5
0,1928.75
0,1929.0
0,1930.0
0,1930.25
0,1930.25
0,1929.75
0,1929.75
0,1929.5
0,1929.0
0,1928.75
0,1929.25
0,1928.25
0,1917.25
0,1919.0
0,1914.0
0,1912.25
0,1902.75
0,1902.5
0,1905.5
0,1906.75
0,1905.75
0,1909.5
0,1909.0
0,1906.25
0,1907.0
0,1909.75
0,1910.0
0,1906.5
0,1903.75
0,1904.0
0,1907.25
0,1909.0
0,1910.0
0,1909.75
0,1910.75
0,1911.5
0,1911.25
0,1911.5
0,1911.25
0,1910.5
0,1909.0
0,1907.75
0,1907.0
0,1908.5
0,1909.25
0,1909.75
0,1909.75
0,1908.25
0,1907.75
0,1910.75
0,1909.75
0,1909.5
0,1908.5
0,1908.5
0,1908.25
0,1908.5
0,1910.5
0,1908.0
0,1904.5
0,1904.5
0,1905.0
0,1904.0
0,1903.0
0,1903.75
0,1903.25
0,1902.5
0,1902.0
0,1901.75
0,1903.0
0,1901.75
0,1902.0
0,1900.5
0,1904.25
0,1905.75
0,1906.0
0,1903.75
0,1903.75
0,1907.0
0,1910.0
0,1909.5
0,1908.25
0,1908.0
0,1904.75
0,1906.5
0,1907.0
0,1906.25
0,1907.0
0,1906.25
0,1906.75
0,1906.75
0,1906.25
0,1907.0
0,1907.0
0,1907.0
0,1906.0
0,1904.75
0,1905.25
0,1904.5
0,1906.25
0,1905.0
0,1905.5
0,1905.75
0,1903.75
0,1904.5
0,1903.75
0,1904.25
0,1904.75
0,1906.0
0,1905.25
0,1906.25
0,1905.25
0,1904.5
0,1905.25
0,1905.25
0,1904.25
0,1904.5
0,1905.0
0,1904.75
0,1904.75
0,1904.25
0,1904.25
0,1904.0
0,1904.0
0,1904.25
0,1905.75
0,1906.0
0,1904.75
0,1905.0
0,1905.0
0,1905.5
0,1904.25
0,1904.0
0,1904.0
0,1904.25
0,1904.5
0,1905.5
0,1906.25
0,1905.75
0,1904.75
0,1905.5
0,1905.0
0,1906.0
0,1906.25
0,1907.25
0,1906.25
0,1906.5
0,1907.0
0,1906.5
0,1909.25
0,1909.25
0,1908.25
0,1908.5
0,1908.75
0,1908.0
0,1909.25
0,1909.5
0,1908.25
0,1908.25
0,1908.25
0,1909.5
0,1908.5
0,1908.75
0,1908.25
0,1907.75
0,1906.75
0,1906.75
0,1907.5
0,1908.5
0,1907.5
0,1906.75
0,1907.0
0,1907.0
0,1907.5
0,1907.0
0,1907.5
0,1908.0
0,1907.5
0,1908.0
0,1907.5
0,1907.25
0,1907.25
0,1906.0
0,1906.25
0,1906.75
0,1907.25
0,1907.75
0,1907.75
0,1908.25
0,1908.0
0,1907.75
0,1907.25
0,1907.75
0,1908.0
0,1909.25
0,1908.25
0,1907.25
0,1907.25
0,1907.75
0,1907.25
0,1909.0
0,1908.0
0,1908.75
0,1908.25
0,1907.0
0,1908.0
0,1909.0
0,1908.75
0,1907.5
0,1907.0
0,1908.75
0,1908.25
0,1908.75
0,1908.75
0,1909.5
0,1909.0
0,1908.25
0,1907.75
0,1908.25
0,1907.25
0,1906.0
0,1906.25
0,1906.25
0,1906.25
0,1907.0
0,1907.25
0,1907.0
0,1906.25
0,1907.0
0,1908.0
0,1908.5
0,1908.25
0,1907.75
0,1908.25
0,1910.75
0,1910.25
0,1908.75
0,1907.75
0,1908.25
0,1910.0
0,1909.5
0,1909.25
0,1909.0
0,1909.0
0,1909.75
0,1910.0
0,1909.5
0,1909.0
0,1908.5
0,1908.75
0,1908.0
0,1907.75
0,1908.25
0,1908.25
0,1908.25
0,1908.5
0,1908.75
0,1908.0
0,1908.25
0,1908.0
0,1908.25
0,1908.25
0,1909.0
0,1909.25
0,1910.25
0,1909.75
0,1908.25
0,1908.0
0,1907.5
0,1908.0
0,1908.5
0,1907.75
0,1907.75
0,1907.25
0,1906.0
0,1905.5
0,1904.5
0,1904.5
0,1905.75
0,1905.5
0,1905.25
0,1904.75
0,1905.75
0,1905.0
0,1905.5
0,1905.5
0,1905.75
0,1905.25
0,1906.5
0,1906.5
0,1905.5
0,1905.5
0,1905.0
0,1905.0
0,1904.75
0,1904.75
0,1904.0
0,1902.0
0,1901.0
0,1902.0
0,1902.25
0,1903.0
0,1902.25
0,1902.25
0,1904.0
0,1906.0
0,1904.75
0,1904.5
0,1904.75
0,1905.25
0,1905.0
0,1905.25
0,1905.5
0,1906.0
0,1905.0
0,1905.25
0,1903.0
0,1899.75
0,1901.25
0,1901.0
0,1898.5
0,1897.75
0,1896.5
0,1895.5
0,1895.5
0,1896.0
0,1893.5
0,1892.25
0,1893.25
0,1892.5
0,1891.75
0,1892.25
0,1892.25
0,1892.25
0,1892.25
0,1892.25
0,1891.75
0,1892.25
0,1892.75
0,1893.25
0,1892.75
0,1890.25
0,1891.25
0,1891.25
0,1890.75
0,1890.75
0,1890.5
0,1890.75
0,1888.25
0,1888.25
0,1887.5
0,1887.25
0,1885.75
0,1886.0
0,1884.5
0,1882.5
0,1879.5
0,1883.0
0,1883.75
0,1882.75
0,1881.75
0,1880.75
0,1877.5
0,1879.0
0,1879.5
0,1879.5
0,1883.0
0,1880.5
0,1879.5
0,1881.25
0,1882.0
0,1883.75
0,1882.75
0,1882.25
0,1883.75
0,1883.25
0,1881.0
0,1879.75
0,1879.25
0,1878.0
0,1879.5
0,1879.0
0,1880.0
0,1881.25
0,1880.25
0,1879.5
0,1882.5
0,1880.0
0,1878.75
0,1881.75
0,1881.75
0,1884.75
0,1882.25
0,1882.0
0,1880.0
0,1880.0
0,1879.75
0,1879.5
0,1879.0
0,1878.75
0,1877.75
0,1876.75
0,1875.5
0,1877.0
0,1877.25
0,1875.25
0,1874.75
0,1874.0
0,1873.75
0,1874.5
0,1874.75
0,1872.5
0,1871.75
0,1868.25
0,1866.25
0,1862.75
0,1861.25
0,1861.75
0,1864.5
0,1865.5
0,1865.5
0,1862.25
0,1862.0
0,1861.75
0,1863.5
0,1863.25
0,1864.5
0,1864.0
0,1863.25
0,1860.5
0,1858.5
0,1855.75
0,1856.25
0,1853.75
0,1854.5
0,1852.75
0,1853.0
0,1853.75
0,1854.0
0,1854.0
0,1854.25
0,1853.75
0,1850.75
0,1850.0
0,1848.75
0,1849.75
0,1848.75
0,1853.25
0,1855.25
0,1856.25
0,1854.0
0,1853.75
0,1854.25
0,1857.0
0,1856.5
0,1855.25
0,1854.5
0,1855.75
0,1855.5
0,1862.0
0,1862.75
0,1863.5
0,1864.0
0,1865.5
0,1864.25
0,1865.5
0,1864.0
0,1864.5
0,1869.25
0,1869.75
0,1870.5
0,1868.0
0,1868.0
0,1867.75
0,1866.0
0,1862.75
0,1866.5
0,1863.5
0,1866.75
0,1868.75
0,1867.25
0,1866.0
0,1867.5
0,1903.0
0,1913.5
0,1907.5
0,1900.5
0,1903.25
0,1905.0
0,1895.5
0,1898.0
0,1896.75
0,1893.5
0,1897.0
0,1898.0
0,1897.25
0,1897.75
0,1897.5
0,1902.0
0,1902.0
0,1900.5
0,1906.0
0,1908.75
0,1911.25
0,1912.75
0,1910.75
0,1907.5
0,1909.75
0,1913.5
0,1912.0
0,1909.75
0,1908.5
0,1906.25
0,1909.25
0,1908.25
0,1910.75
0,1911.0
0,1911.25
0,1909.5
0,1907.5
0,1909.5
0,1908.0
0,1908.75
0,1909.5
0,1910.0
0,1909.25
0,1909.0
0,1910.5
0,1909.0
0,1908.0
0,1906.25
0,1905.0
0,1900.25
0,1899.0
0,1899.0
0,1899.5
0,1900.5
0,1899.0
0,1901.75
0,1902.0
0,1901.75
0,1901.25
0,1898.25
0,1897.0
0,1897.0
0,1896.75
0,1897.5
0,1897.25
0,1900.5
0,1899.5
0,1898.5
0,1899.25
0,1900.5
0,1899.5
0,1900.0
0,1898.5
0,1899.75
0,1900.75
0,1901.25
0,1903.0
0,1905.75
0,1904.75
0,1902.0
0,1901.75
0,1902.5
0,1901.5
0,1901.75
0,1902.0
0,1902.5
0,1902.25
0,1902.0
0,1901.75
0,1902.0
0,1903.5
0,1903.5
0,1904.5
0,1904.0
0,1906.0
0,1905.25
0,1906.25
0,1905.25
0,1905.25
0,1905.25
0,1905.0
0,1905.25
0,1905.25
0,1904.5
0,1905.5
0,1903.5
0,1905.25
0,1904.5
0,1905.75
0,1906.0
0,1905.25
0,1904.75
0,1906.0
0,1904.5
0,1905.25
0,1905.25
0,1905.0
0,1905.0
0,1904.75
0,1904.75
0,1905.25
0,1904.75
0,1905.25
0,1904.75
0,1905.25
0,1905.5
0,1905.25
0,1905.5
0,1904.75
0,1904.25
0,1904.5
0,1903.75
0,1902.75
0,1903.75
0,1904.75
0,1905.25
0,1905.0
0,1905.0
0,1904.75
0,1905.75
0,1905.75
0,1906.5
0,1908.75
0,1908.5
0,1908.5
0,1908.25
0,1907.0
0,1905.75
0,1905.75
0,1906.0
0,1906.25
0,1905.75
0,1906.5
0,1906.0
0,1908.25
0,1908.75
0,1908.75
0,1909.25
0,1909.0
0,1908.25
0,1907.0
0,1907.5
0,1907.25
0,1907.25
0,1907.75
0,1908.75
0,1908.0
0,1908.0
0,1908.0
0,1908.75
0,1909.25
0,1908.75
0,1910.75
0,1909.75
0,1908.75
0,1909.75
0,1909.75
0,1910.25
0,1909.5
0,1910.5
0,1908.5
0,1908.25
0,1908.5
0,1909.5
0,1909.75
0,1909.0
0,1909.0
0,1909.75
0,1910.25
0,1910.0
0,1909.0
0,1908.25
0,1908.0
0,1908.75
0,1909.25
0,1910.0
0,1910.0
0,1910.0
0,1910.5
0,1908.5
0,1907.75
0,1907.75
0,1910.25
0,1910.0
0,1910.25
0,1910.0
0,1910.25
0,1909.0
0,1908.0
0,1907.5
0,1909.5
0,1910.0
0,1910.25
0,1910.5
0,1908.75
0,1908.25
0,1909.5
0,1909.75
0,1911.0
0,1910.25
0,1910.5
0,1916.25
0,1911.25
0,1911.25
0,1910.75
0,1910.75
0,1910.75
0,1910.75
0,1911.25
0,1910.5
0,1909.75
0,1909.75
0,1910.25
0,1910.75
0,1910.5
0,1910.5
0,1910.25
0,1909.5
0,1910.0
0,1909.0
0,1909.0
0,1910.25
0,1910.5
0,1911.25
0,1912.0
0,1910.0
0,1910.25
0,1911.0
0,1911.0
0,1910.75
0,1911.0
0,1910.25
0,1909.25
0,1908.75
0,1908.5
0,1908.0
0,1908.5
0,1908.5
0,1909.0
0,1910.0
0,1910.25
0,1910.0
0,1909.5
0,1910.5
0,1909.75
0,1910.25
0,1910.0
0,1910.0
0,1910.25
0,1910.5
0,1911.0
0,1910.5
0,1911.25
0,1911.0
0,1911.25
0,1913.25
0,1913.75
0,1913.25
0,1911.75
0,1911.5
0,1912.5
0,1912.75
0,1912.75
0,1911.25
0,1911.25
0,1910.0
0,1910.0
0,1910.5
0,1911.25
0,1910.75
0,1910.25
0,1911.25
0,1911.0
0,1909.5
0,1910.5
0,1909.5
0,1906.25
0,1903.75
0,1903.0
0,1900.0
0,1900.5
0,1901.25
0,1904.0
0,1906.0
0,1906.5
0,1905.75
0,1904.5
0,1902.25
0,1902.0
0,1901.5
0,1901.75
0,1901.75
0,1900.5
0,1898.25
0,1897.0
0,1895.25
0,1897.25
0,1897.0
0,1898.0
0,1899.75
0,1899.5
0,1899.0
0,1899.0
0,1898.75
0,1898.5
0,1899.0
0,1900.75
0,1901.75
0,1900.75
0,1899.5
0,1899.75
0,1901.0
0,1901.75
0,1902.75
0,1902.0
0,1902.25
0,1901.75
0,1902.0
0,1903.75
0,1903.5
0,1904.75
0,1904.75
0,1903.75
0,1904.25
0,1903.25
0,1902.25
0,1901.0
0,1905.25
0,1905.25
0,1902.75
0,1901.75
0,1902.75
0,1902.5
0,1903.0
0,1903.25
0,1903.5
0,1901.25
0,1905.25
0,1904.75
0,1906.75
0,1907.75
0,1908.25
0,1906.25
0,1905.75
0,1906.75
0,1907.75
0,1908.0
0,1909.0
0,1905.25
0,1903.5
0,1903.5
0,1904.25
0,1901.75
0,1901.5
0,1902.25
0,1902.0
0,1900.0
0,1900.0
0,1898.75
0,1895.5
0,1895.25
0,1896.25
0,1896.75
0,1897.5
0,1896.25
0,1895.5
0,1897.75
0,1897.75
0,1899.25
0,1899.5
0,1901.0
0,1901.0
0,1902.25
0,1902.5
0,1903.0
0,1904.0
0,1905.0
0,1905.25
0,1904.75
0,1901.5
0,1900.75
0,1900.5
0,1899.5
0,1898.75
0,1899.5
0,1900.25
0,1900.0
0,1900.5
0,1901.0
0,1901.25
0,1899.75
0,1901.0
0,1900.0
0,1900.25
0,1900.5
0,1899.0
0,1900.25
0,1900.75
0,1898.0
0,1896.5
0,1893.0
0,1893.0
0,1894.5
0,1895.5
0,1893.75
0,1895.0
0,1893.5
0,1893.0
0,1892.75
0,1893.5
0,1893.5
0,1892.0
0,1891.0
0,1891.25
0,1890.5
0,1890.0
0,1890.5
0,1887.25
0,1887.75
0,1887.75
0,1889.5
0,1890.5
0,1891.0
0,1893.25
0,1894.5
0,1896.25
0,1896.75
0,1899.5
0,1899.0
0,1898.0
0,1897.75
0,1900.25
0,1900.5
0,1900.75
0,1899.5
0,1899.25
0,1899.25
0,1899.75
0,1900.0
0,1899.5
0,1902.0
0,1903.25
0,1905.5
0,1907.5
0,1906.75
0,1906.5
0,1907.5
0,1908.0
0,1908.25
0,1907.0
0,1907.25
0,1906.75
0,1914.75
0,1926.75
0,1921.0
0,1918.75
0,1911.75
0,1909.75
0,1912.0
0,1911.75
0,1912.75
0,1906.25
0,1911.75
0,1912.0
0,1913.0
0,1911.75
0,1912.75
0,1912.75
0,1916.5
0,1919.25
0,1918.0
0,1914.75
0,1915.0
0,1915.25
0,1916.5
0,1915.0
0,1917.5
0,1916.75
0,1916.25
0,1915.5
0,1916.5
0,1916.5
0,1916.0
0,1912.75
0,1912.5
0,1910.75
0,1912.0
0,1911.5
0,1910.75
0,1913.0
0,1911.25
0,1912.0
0,1912.25
0,1911.75
0,1912.5
0,1912.5
0,1909.75
0,1908.5
0,1908.75
0,1906.75
0,1905.75
0,1908.5
0,1908.75
0,1910.0
0,1910.0
0,1910.75
0,1910.75
0,1909.0
0,1908.5
0,1908.0
0,1909.5
0,1909.0
0,1909.5
0,1909.25
0,1911.25
0,1912.5
0,1913.25
0,1916.5
0,1916.0
0,1917.5
0,1915.5
0,1916.0
0,1915.75
0,1918.5
0,1917.75
0,1919.5
0,1919.75
0,1919.25
0,1919.25
0,1916.5
0,1917.0
0,1918.5
0,1918.5
0,1918.75
0,1918.5
0,1918.25
0,1918.75
0,1919.5
0,1917.5
0,1917.0
0,1917.5
0,1916.5
0,1916.0
0,1915.5
0,1916.0
0,1915.0
0,1915.0
0,1915.25
0,1915.0
0,1914.75
0,1915.25
0,1914.5
0,1915.0
0,1915.5
0,1914.5
0,1915.0
0,1915.25
0,1915.5
0,1917.25
0,1917.0
0,1916.25
0,1915.25
0,1914.75
0,1915.0
0,1914.5
0,1914.25
0,1914.5
0,1914.5
0,1915.25
0,1914.75
0,1914.0
0,1915.5
0,1915.75
0,1914.5
0,1914.0
0,1914.25
0,1914.0
0,1914.5
0,1914.0
0,1914.0
0,1913.5
0,1912.0
0,1912.0
0,1912.75
0,1912.5
0,1912.25
0,1913.5
0,1914.5
0,1915.25
0,1915.25
0,1915.5
0,1915.0
0,1914.25
0,1914.25
0,1914.75
0,1914.75
0,1915.0
0,1913.5
0,1913.75
0,1914.5
0,1914.0
0,1914.75
0,1915.0
0,1914.25
0,1914.75
0,1915.0
0,1915.75
0,1915.0
0,1915.25
0,1916.0
0,1915.25
0,1916.5
0,1917.5
0,1919.5
0,1920.75
0,1921.75
0,1921.25
0,1922.5
0,1922.75
0,1921.75
0,1921.0
0,1920.75
0,1920.25
0,1919.25
0,1919.5
0,1919.25
0,1918.75
0,1918.0
0,1918.5
0,1920.0
0,1920.25
0,1919.0
0,1919.25
0,1918.5
0,1918.75
0,1918.25
0,1918.25
0,1918.25
0,1920.0
0,1920.0
0,1919.75
0,1920.0
0,1920.75
0,1922.25
0,1922.25
0,1922.5
0,1924.25
0,1926.25
0,1927.0
0,1929.5
0,1927.75
0,1928.5
0,1928.75
0,1928.5
0,1927.75
0,1925.75
0,1925.0
0,1925.25
0,1925.75
0,1924.5
0,1924.5
0,1925.5
0,1924.25
0,1924.25
0,1924.75
0,1925.25
0,1925.5
0,1925.5
0,1925.0
0,1924.0
0,1923.5
0,1923.0
0,1924.75
0,1924.0
0,1924.75
0,1924.25
0,1925.0
0,1925.5
0,1925.75
0,1926.5
0,1926.5
0,1926.5
0,1925.5
0,1925.25
0,1927.25
0,1926.25
0,1926.25
0,1924.5
0,1925.0
0,1925.0
0,1924.5
0,1924.0
0,1924.5
0,1923.5
0,1925.0
0,1927.0
0,1928.0
0,1928.75
0,1928.75
0,1927.0
0,1927.25
0,1927.0
0,1926.5
0,1924.25
0,1924.75
0,1924.25
0,1924.5
0,1924.75
0,1926.0
0,1926.5
0,1926.25
0,1927.25
0,1927.25
0,1927.75
0,1926.75
0,1927.25
0,1928.5
0,1930.0
0,1926.75
0,1926.0
0,1926.25
0,1927.5
0,1927.5
0,1928.25
0,1928.0
0,1928.75
0,1927.75
0,1926.75
0,1927.25
0,1928.5
0,1929.75
0,1930.25
0,1931.0
0,1930.75
0,1930.5
0,1930.5
0,1930.25
0,1929.25
0,1929.0
0,1928.25
0,1926.25
0,1927.25
0,1926.5
0,1926.75
0,1927.5
0,1928.25
0,1929.75
0,1928.75
0,1929.0
0,1928.25
0,1928.75
0,1927.75
0,1928.25
0,1928.25
0,1925.0
0,1925.0
0,1926.75
0,1928.0
0,1929.0
0,1929.75
0,1930.5
0,1930.5
0,1931.25
0,1931.75
0,1932.5
0,1931.75
0,1931.5
0,1929.75
0,1930.25
0,1930.25
0,1930.25
0,1930.25
0,1929.25
0,1930.0
0,1930.0
0,1930.5
0,1929.75
0,1929.0
0,1929.25
0,1927.5
0,1928.75
0,1929.5
0,1931.0
0,1930.25
0,1930.25
0,1930.0
0,1930.25
0,1930.25
0,1929.75
0,1929.75
0,1930.5
0,1930.0
0,1929.25
0,1930.5
0,1930.25
0,1930.25
0,1929.75
0,1930.75
0,1931.5
0,1930.5
0,1931.0
0,1930.75
0,1931.25
0,1929.25
0,1928.25
0,1927.75
0,1928.25
0,1928.75
0,1930.5
0,1930.75
0,1930.25
0,1930.5
0,1930.0
0,1929.0
0,1929.25
0,1930.0
0,1930.25
0,1930.5
0,1931.75
0,1930.0
0,1930.25
0,1930.75
0,1929.75
0,1929.75
0,1929.5
0,1928.25
0,1926.75
0,1927.5
0,1929.25
0,1928.75
0,1928.75
0,1929.75
0,1930.25
0,1930.25
0,1930.25
0,1929.5
0,1929.0
0,1929.25
0,1927.5
0,1928.5
0,1927.0
0,1928.75
0,1931.0
0,1932.75
0,1933.5
0,1933.75
0,1931.75
0,1930.5
0,1930.75
0,1931.25
0,1931.25
0,1931.0
0,1930.0
0,1929.75
0,1930.25
0,1929.25
0,1928.75
0,1928.75
0,1928.25
0,1928.75
0,1929.0
0,1928.75
0,1930.25
0,1930.0
0,1930.75
0,1930.75
0,1930.0
0,1929.75
0,1929.25
0,1930.0
0,1931.25
0,1930.75
0,1931.0
0,1932.0
0,1933.75
0,1933.5
0,1934.0
0,1935.5
0,1934.75
0,1936.0
0,1936.5
0,1936.5
0,1938.5
0,1937.5
0,1937.5
0,1938.0
0,1938.5
0,1936.5
0,1937.5
0,1937.25
0,1936.5
0,1936.25
0,1933.75
0,1933.5
0,1933.25
0,1932.25
0,1932.5
0,1931.0
0,1931.25
0,1931.25
0,1932.0
0,1932.0
0,1931.5
0,1931.75
0,1929.75
0,1931.5
0,1931.0
0,1929.75
0,1928.75
0,1928.75
0,1927.0
0,1926.75
0,1925.25
0,1924.75
0,1926.0
0,1924.5
0,1925.5
0,1926.5
0,1926.25
0,1925.75
0,1925.75
0,1926.5
0,1926.25
0,1926.0
0,1923.5
0,1924.75
0,1925.25
0,1925.5
0,1926.25
0,1926.5
0,1927.25
0,1927.5
0,1927.5
0,1928.25
0,1926.5
0,1926.0
0,1926.25
0,1922.5
0,1921.25
0,1922.25
0,1924.5
0,1922.5
0,1910.0
0,1912.0
0,1912.0
0,1911.5
0,1916.25
0,1920.5
0,1920.5
0,1917.25
0,1919.0
0,1918.5
0,1920.25
0,1920.5
0,1919.5
0,1920.5
0,1923.0
0,1919.75
0,1921.25
0,1922.25
0,1922.5
0,1921.25
0,1920.75
0,1920.25
0,1918.75
0,1920.25
0,1921.5
0,1919.5
0,1918.25
0,1917.25
0,1918.0
0,1920.25
0,1918.75
0,1918.5
0,1918.0
0,1916.0
0,1918.75
0,1919.5
0,1919.5
0,1918.75
0,1920.25
0,1920.5
0,1920.25
0,1920.0
0,1920.5
0,1922.75
0,1919.75
0,1919.0
0,1919.5
0,1919.0
0,1920.25
0,1921.25
0,1921.0
0,1921.25
0,1921.0
0,1923.25
0,1922.5
0,1921.25
0,1922.75
0,1924.25
0,1926.0
0,1926.0
0,1926.0
0,1927.5
0,1926.0
0,1925.75
0,1926.25
0,1926.0
0,1925.75
0,1926.0
0,1926.25
0,1926.0
0,1926.75
0,1925.75
0,1926.25
0,1926.25
0,1927.0
0,1926.25
0,1927.75
0,1927.0
0,1926.75
0,1927.0
0,1928.25
0,1927.75
0,1929.0
0,1931.5
0,1930.75
0,1932.25
0,1930.5
0,1929.75
0,1929.25
0,1929.0
0,1930.0
0,1930.75
0,1931.0
0,1932.0
0,1932.5
0,1931.5
0,1932.75
0,1932.25
0,1932.0
0,1931.75
0,1931.75
0,1930.75
0,1932.25
0,1931.25
0,1931.5
0,1931.5
0,1931.5
0,1932.5
0,1931.25
0,1931.0
0,1932.25
0,1932.25
0,1933.75
0,1934.0
0,1934.5
0,1935.75
0,1936.5
0,1935.75
0,1935.0
0,1935.25
0,1935.25
0,1936.25
0,1936.75
0,1937.75
0,1938.0
0,1939.0
0,1939.0
0,1939.75
0,1940.0
0,1942.0
0,1942.25
0,1945.75
0,1945.25
0,1948.75
0,1948.75
0,1947.25
0,1946.0
0,1947.25
0,1949.75
0,1948.0
0,1947.0
0,1946.75
0,1945.5
0,1946.25
0,1946.5
0,1946.25
0,1945.0
0,1945.75
0,1945.0
0,1945.25
0,1945.75
0,1945.25
0,1944.75
0,1944.25
0,1946.0
0,1944.5
0,1944.0
0,1944.25
0,1943.75
0,1945.25
0,1945.5
0,1945.25
0,1943.75
0,1943.5
0,1944.0
0,1940.25
0,1940.75
0,1941.0
0,1941.75
0,1942.0
0,1940.25
0,1940.75
0,1942.0
0,1943.0
0,1942.75
0,1944.0
0,1944.5
0,1944.25
0,1944.5
0,1946.0
0,1948.0
0,1948.75
0,1947.75
0,1948.25
0,1948.25
0,1947.75
0,1947.25
0,1946.75
0,1948.0
0,1947.75
0,1948.75
0,1948.5
0,1948.0
0,1948.75
0,1949.75
0,1948.75
0,1949.0
0,1951.25
0,1950.5
0,1950.25
0,1950.75
0,1950.25
0,1950.25
0,1950.75
0,1949.0
0,1949.0
0,1949.5
0,1949.5
0,1949.0
0,1949.25
0,1949.25
0,1949.75
0,1946.0
0,1941.75
0,1941.5
0,1939.75
0,1940.25
0,1940.75
0,1941.0
0,1939.75
0,1939.75
0,1939.0
0,1938.0
0,1939.75
0,1941.25
0,1942.0
0,1941.5
0,1942.0
0,1942.5
0,1942.75
0,1943.75
0,1944.25
0,1943.75
0,1944.5
0,1943.5
0,1943.25
0,1943.0
0,1942.5
0,1944.25
0,1942.75
0,1943.0
0,1942.0
0,1942.75
0,1942.75
0,1943.5
0,1942.5
0,1941.75
0,1939.5
0,1939.5
0,1939.75
0,1939.75
0,1940.25
0,1940.0
0,1940.25
0,1940.5
0,1941.0
0,1940.25
0,1940.0
0,1940.0
0,1939.75
0,1938.5
0,1938.25
0,1940.0
0,1940.25
0,1940.5
0,1941.5
0,1940.5
0,1939.0
0,1938.25
0,1937.25
0,1939.0
0,1937.25
0,1937.75
0,1937.75
0,1937.75
0,1938.25
0,1939.5
0,1940.5
0,1939.75
0,1939.25
0,1939.5
0,1939.0
0,1940.0
0,1940.75
0,1940.0
0,1939.0
0,1939.25
0,1939.5
0,1940.25
0,1940.0
0,1939.0
0,1936.25
0,1936.25
0,1935.5
0,1936.0
0,1937.25
0,1938.0
0,1938.5
0,1940.25
0,1940.0
0,1939.75
0,1940.25
0,1939.75
0,1940.25
0,1939.75
0,1940.0
0,1939.75
0,1940.75
0,1941.0
0,1941.75
0,1942.0
0,1942.0
0,1942.0
0,1940.5
0,1939.75
0,1940.75
0,1938.0
0,1938.5
0,1939.0
0,1939.0
0,1939.5
0,1938.5
0,1939.75
0,1939.75
0,1939.75
0,1939.25
0,1936.25
0,1934.25
0,1935.0
0,1935.25
0,1932.0
0,1932.75
0,1932.75
0,1931.5
0,1930.0
0,1929.5
0,1930.75
0,1930.25
0,1929.75
0,1929.75
0,1929.25
0,1929.75
0,1930.75
0,1931.5
0,1931.5
0,1930.75
0,1930.75
0,1930.25
0,1930.5
0,1931.0
0,1931.25
0,1931.0
0,1935.0
0,1935.25
0,1934.75
0,1935.0
0,1934.75
0,1934.5
0,1934.0
0,1933.0
0,1931.0
0,1931.5
0,1930.75
0,1929.25
0,1928.5
0,1929.75
0,1929.75
0,1930.75
0,1932.75
0,1932.75
0,1932.5
0,1932.0
0,1929.75
0,1928.25
0,1923.25
0,1927.0
0,1926.75
0,1926.75
0,1925.5
0,1925.5
0,1926.0
0,1926.0
0,1927.0
0,1927.75
0,1926.25
0,1926.25
0,1926.25
0,1926.25
0,1926.75
0,1926.25
0,1926.0
0,1926.5
0,1927.75
0,1927.0
0,1929.0
0,1928.75
0,1929.25
0,1927.5
0,1927.0
0,1927.75
0,1929.5
0,1930.75
0,1930.25
0,1931.75
0,1931.5
0,1932.25
0,1932.25
0,1931.75
0,1930.75
0,1930.25
0,1930.5
0,1930.0
0,1930.25
0,1929.5
0,1929.25
0,1930.25
0,1932.0
0,1929.5
0,1929.25
0,1928.5
0,1927.0
0,1926.25
0,1926.75
0,1926.5
0,1927.0
0,1927.25
0,1926.5
0,1929.75
0,1930.0
0,1930.5
0,1931.0
0,1931.0
0,1930.0
0,1930.25
0,1929.75
0,1929.75
0,1931.0
0,1931.25
0,1931.0
0,1930.75
0,1931.25
0,1932.75
0,1930.75
0,1931.5
0,1930.75
0,1931.0
0,1930.75
0,1930.75
0,1930.75
0,1930.75
0,1930.0
0,1931.75
0,1932.25
0,1932.75
0,1932.75
0,1933.25
0,1934.25
0,1933.75
0,1935.0
0,1934.5
0,1934.0
0,1934.75
0,1934.5
0,1935.5
0,1937.0
0,1938.25
0,1938.25
0,1939.0
0,1938.5
0,1938.5
0,1938.0
0,1937.0
0,1941.5
0,1940.25
0,1926.0
0,1927.5
0,1929.25
0,1928.5
0,1929.75
0,1929.5
0,1926.0
0,1922.5
0,1924.5
0,1927.0
0,1923.25
0,1921.25
0,1920.5
0,1919.0
0,1917.75
0,1920.75
0,1918.5
0,1917.0
0,1914.0
0,1916.25
0,1918.0
0,1920.75
0,1916.0
0,1919.5
0,1918.5
0,1921.5
0,1921.25
0,1923.25
0,1923.5
0,1922.75
0,1925.0
0,1926.25
0,1926.25
0,1927.5
0,1926.5
0,1928.75
0,1931.5
0,1931.0
0,1930.0
0,1931.25
0,1930.0
0,1931.5
0,1931.0
0,1929.5
0,1931.0
0,1930.25
0,1933.0
0,1934.0
0,1932.25
0,1933.0
0,1934.75
0,1937.75
0,1936.75
0,1938.0
0,1939.75
0,1939.25
0,1940.0
0,1937.75
0,1941.25
0,1941.0
0,1941.75
0,1943.5
0,1940.5
0,1943.0
0,1942.5
0,1942.25
0,1942.0
0,1941.0
0,1942.75
0,1943.75
0,1943.75
0,1943.0
0,1942.25
0,1942.5
0,1941.25
0,1942.5
0,1943.0
0,1944.5
0,1944.5
0,1942.25
0,1941.0
0,1941.5
0,1940.25
0,1942.0
0,1941.0
0,1939.5
0,1938.0
0,1936.75
0,1936.5
0,1936.0
0,1935.25
0,1936.5
0,1938.0
0,1940.25
0,1938.75
0,1936.75
0,1938.5
0,1939.75
0,1940.75
0,1941.0
0,1942.25
0,1940.75
0,1940.25
0,1941.5
0,1943.0
0,1943.0
0,1942.0
0,1944.5
0,1943.5
0,1943.25
0,1942.75
0,1942.25
0,1942.5
0,1943.5
0,1942.75
0,1943.75
0,1944.75
0,1944.75
0,1944.75
0,1944.5
0,1942.5
0,1944.0
0,1944.25
0,1944.75
0,1946.25
0,1947.0
0,1945.5
0,1944.75
0,1946.25
0,1947.25
0,1948.75
0,1950.25
0,1951.5
0,1950.5
0,1951.25
0,1951.25
0,1952.75
0,1951.75
0,1951.5
0,1952.0
0,1950.75
0,1949.75
0,1949.25
0,1948.75
0,1948.75
0,1950.0
0,1950.5
0,1950.75
0,1951.0
0,1950.5
0,1949.0
0,1947.0
0,1948.5
0,1950.0
0,1949.0
0,1948.5
0,1949.0
0,1949.75
0,1949.0
0,1950.75
0,1949.5
0,1949.0
0,1949.75
0,1951.0
0,1950.5
0,1950.25
0,1947.5
0,1947.5
0,1949.0
0,1948.5
0,1947.0
0,1947.0
0,1947.75
0,1943.0
0,1943.25
0,1943.5
0,1943.75
0,1943.5
0,1941.75
0,1941.0
0,1942.25
0,1942.0
0,1940.0
0,1941.0
0,1941.0
0,1940.5
0,1939.75
0,1940.0
0,1941.75
0,1941.0
0,1941.0
0,1940.5
0,1940.0
0,1939.25
0,1938.25
0,1937.0
0,1938.0
0,1939.0
0,1940.0
0,1939.75
0,1938.25
0,1940.25
0,1940.75
0,1941.75
0,1942.5
0,1941.75
0,1942.25
0,1942.25
0,1942.25
0,1941.5
0,1942.0
0,1940.5
0,1940.25
0,1939.0
0,1939.75
0,1939.75
0,1938.25
0,1937.75
0,1938.25
0,1938.75
0,1939.0
0,1940.0
0,1940.75
0,1941.5
0,1941.25
0,1942.0
0,1942.5
0,1944.5
0,1943.0
0,1942.25
0,1944.5
0,1945.25
0,1946.5
0,1947.0
0,1947.5
0,1947.25
0,1946.25
0,1947.0
0,1944.5
0,1945.0
0,1946.75
0,1947.0
0,1946.0
0,1944.75
0,1944.25
0,1944.0
0,1944.5
0,1943.75
0,1943.25
0,1943.75
0,1943.0
0,1943.25
0,1944.25
0,1946.75
0,1946.5
0,1946.25
0,1946.0
0,1945.0
0,1945.0
0,1945.25
0,1946.25
0,1946.75
0,1946.5
0,1947.5
0,1947.25
0,1947.5
0,1946.75
0,1946.75
0,1946.75
0,1948.25
0,1949.25
0,1948.25
0,1949.25
0,1949.5
0,1951.0
0,1951.25
0,1951.0
0,1952.5
0,1952.5
0,1952.0
0,1952.25
0,1951.5
0,1950.75
0,1948.75
0,1948.5
0,1948.75
0,1949.5
0,1949.5
0,1947.75
0,1948.25
0,1949.5
0,1949.75
0,1950.25
0,1950.25
0,1950.5
0,1950.5
0,1950.25
0,1950.25
0,1950.0
0,1949.25
0,1949.75
0,1949.25
0,1948.75
0,1948.5
0,1946.5
0,1945.5
0,1943.75
0,1944.0
0,1945.75
0,1945.0
0,1945.25
0,1943.75
0,1941.5
0,1942.75
0,1941.25
0,1941.5
0,1941.0
0,1940.75
0,1941.0
0,1940.0
0,1940.5
0,1939.75
0,1940.75
0,1940.75
0,1940.5
0,1941.75
0,1942.0
0,1940.75
0,1940.25
0,1941.0
0,1941.0
0,1940.5
0,1939.5
0,1940.0
0,1940.0
0,1940.0
0,1939.75
0,1940.25
0,1940.0
0,1939.5
0,1939.25
0,1940.75
0,1941.75
0,1944.0
0,1943.75
0,1944.0
0,1941.0
0,1939.75
0,1941.0
0,1942.5
0,1942.25
0,1943.75
0,1945.75
0,1944.25
0,1943.75
0,1944.25
0,1945.25
0,1943.75
0,1942.0
0,1941.0
0,1941.25
0,1941.0
0,1938.5
0,1940.0
0,1940.75
0,1940.75
0,1941.25
0,1941.0
0,1941.75
0,1939.75
0,1939.25
0,1940.25
0,1941.75
0,1943.25
0,1944.25
0,1943.5
0,1942.5
0,1941.5
0,1940.5
0,1941.5
0,1941.0
0,1940.75
0,1941.5
0,1945.25
0,1945.0
0,1945.0
0,1944.75
0,1942.5
0,1943.25
0,1942.75
0,1944.25
0,1944.0
0,1946.25
0,1945.75
0,1943.25
0,1942.75
0,1944.0
0,1944.0
0,1945.25
0,1945.75
0,1944.75
0,1944.25
0,1944.0
0,1945.25
0,1943.25
0,1945.0
0,1946.75
0,1946.75
0,1948.75
0,1950.75
0,1950.75
0,1950.25
0,1949.25
0,1950.75
0,1949.75
0,1951.0
0,1952.25
0,1949.0
0,1948.5
0,1948.25
0,1948.0
0,1951.0
0,1950.75
0,1950.5
0,1948.75
0,1949.25
0,1949.25
0,1949.25
0,1949.25
0,1946.75
0,1946.25
0,1946.0
0,1946.75
0,1946.25
0,1944.75
0,1944.75
0,1945.0
0,1943.0
0,1941.75
0,1942.25
0,1942.25
0,1941.5
0,1940.25
0,1938.75
0,1936.25
0,1939.5
0,1938.5
0,1939.5
0,1938.5
0,1939.5
0,1941.0
0,1940.5
0,1940.5
0,1941.25
0,1940.25
0,1940.25
0,1940.5
0,1940.75
0,1940.25
0,1941.5
0,1941.25
0,1942.0
0,1941.25
0,1941.75
0,1942.0
0,1941.5
0,1943.25
0,1944.5
0,1943.75
0,1944.75
0,1945.0
0,1943.75
0,1944.0
0,1946.0
0,1944.5
0,1944.75
0,1951.75
0,1952.5
0,1953.25
0,1954.25
0,1955.0
0,1954.5
0,1959.75
0,1958.25
0,1961.75
0,1960.75
0,1959.5
0,1962.75
0,1960.5
0,1961.75
0,1963.0
0,1962.5
0,1964.0
0,1963.0
0,1960.5
0,1961.75
0,1965.0
0,1964.75
0,1961.25
0,1960.25
0,1962.0
0,1961.5
0,1965.25
0,1965.75
0,1966.5
0,1965.25
0,1962.75
0,1961.5
0,1959.75
0,1959.0
0,1959.25
0,1960.25
0,1960.25
0,1959.75
0,1959.75
0,1959.75
0,1958.75
0,1958.5
0,1959.5
0,1960.0
0,1959.75
0,1959.75
0,1958.5
0,1960.5
0,1960.75
0,1960.25
0,1959.5
0,1959.0
0,1961.0
0,1960.5
0,1961.25
0,1960.25
0,1963.75
0,1963.25
0,1963.5
0,1965.25
0,1965.25
0,1963.75
0,1963.25
0,1963.25
0,1962.5
0,1961.5
0,1963.5
0,1963.75
0,1965.0
0,1966.25
0,1967.75
0,1968.25
0,1968.0
0,1971.0
0,1971.5
0,1972.0
0,1972.25
0,1975.0
0,1972.5
0,1970.75
0,1972.75
0,1972.0
0,1969.5
0,1971.5
0,1971.0
0,1969.0
0,1968.75
0,1970.75
0,1972.0
0,1971.25
0,1970.0
0,1972.0
0,1973.5
0,1970.5
0,1970.5
0,1969.0
0,1967.0
0,1966.75
0,1967.25
0,1967.75
0,1967.75
0,1966.0
0,1966.75
0,1967.25
0,1966.0
0,1966.5
0,1966.5
0,1967.75
0,1968.5
0,1969.75
0,1968.5
0,1967.75
0,1968.0
0,1967.75
0,1968.25
0,1970.0
0,1968.5
0,1968.0
0,1968.0
0,1967.75
0,1967.75
0,1968.25
0,1968.25
0,1969.5
0,1969.0
0,1968.75
0,1967.75
0,1968.5
0,1967.75
0,1967.5
0,1968.25
0,1967.75
0,1968.25
0,1968.0
0,1967.5
0,1968.0
0,1967.5
0,1967.75
0,1968.25
0,1967.75
0,1967.0
0,1967.0
0,1967.0
0,1966.5
0,1965.75
0,1965.25
0,1965.25
0,1965.5
0,1965.0
0,1962.75
0,1960.0
0,1960.0
0,1958.75
0,1957.75
0,1958.5
0,1959.5
0,1959.75
0,1960.0
0,1961.25
0,1962.75
0,1962.75
0,1961.75
0,1961.75
0,1961.75
0,1961.5
0,1962.0
0,1961.75
0,1961.5
0,1962.0
0,1961.75
0,1961.25
0,1961.0
0,1960.75
0,1961.5
0,1963.0
0,1963.0
0,1961.5
0,1961.75
0,1962.0
0,1963.0
0,1963.25
0,1963.25
0,1963.25
0,1963.75
0,1963.25
0,1963.25
0,1963.0
0,1963.0
0,1963.25
0,1964.0
0,1964.5
0,1963.5
0,1963.25
0,1961.75
0,1961.0
0,1961.75
0,1961.25
0,1961.0
0,1960.75
0,1960.25
0,1961.75
0,1961.25
0,1961.25
0,1961.25
0,1962.25
0,1962.25
0,1961.75
0,1961.75
0,1961.75
0,1960.25
0,1960.5
0,1961.0
0,1962.25
0,1962.0
0,1961.75
0,1962.0
0,1961.75
0,1961.0
0,1961.0
0,1961.5
0,1961.0
0,1960.75
0,1960.75
0,1960.75
0,1961.75
0,1961.0
0,1961.0
0,1961.25
0,1961.75
0,1960.75
0,1961.0
0,1962.25
0,1962.5
0,1963.75
0,1964.0
0,1963.75
0,1965.5
0,1965.0
0,1965.25
0,1965.5
0,1965.0
0,1965.25
0,1964.75
0,1964.5
0,1964.5
0,1964.5
0,1963.0
0,1962.75
0,1961.75
0,1964.75
0,1965.25
0,1966.25
0,1967.25
0,1967.5
0,1967.5
0,1966.5
0,1965.0
0,1964.5
0,1964.5
0,1965.0
0,1967.75
0,1966.75
0,1965.75
0,1966.75
0,1968.0
0,1968.0
0,1966.5
0,1966.25
0,1967.5
0,1967.25
0,1966.0
0,1966.5
0,1965.5
0,1965.75
0,1967.25
0,1967.25
0,1967.25
0,1968.25
0,1967.75
0,1967.5
0,1967.75
0,1968.5
0,1969.25
0,1970.0
0,1969.5
0,1968.5
0,1968.25
0,1966.25
0,1965.25
0,1964.75
0,1963.25
0,1961.75
0,1961.75
0,1962.5
0,1960.5
0,1961.25
0,1960.25
0,1960.75
0,1961.0
0,1961.25
0,1961.75
0,1961.25
0,1960.75
0,1961.0
0,1960.75
0,1961.0
0,1959.75
0,1961.75
0,1962.0
0,1961.75
0,1962.0
0,1962.0
0,1960.5
0,1960.25
0,1959.75
0,1960.25
0,1961.75
0,1961.5
0,1961.5
0,1962.75
0,1961.75
0,1958.75
0,1959.0
0,1957.75
0,1958.25
0,1958.25
0,1957.0
0,1957.5
0,1958.25
0,1958.25
0,1957.5
0,1956.25
0,1955.75
0,1955.5
0,1956.75
0,1958.75
0,1959.0
0,1959.5
0,1958.75
0,1959.25
0,1959.5
0,1963.0
0,1962.0
0,1961.25
0,1959.75
0,1959.75
0,1959.5
0,1959.0
0,1959.5
0,1959.75
0,1960.0
0,1959.75
0,1959.0
0,1958.75
0,1960.0
0,1960.0
0,1959.0
0,1959.25
0,1959.25
0,1959.75
0,1958.0
0,1958.0
0,1958.25
0,1957.0
0,1955.0
0,1957.25
0,1955.0
0,1955.75
0,1955.75
0,1952.5
0,1954.0
0,1951.25
0,1950.75
0,1951.75
0,1949.0
0,1946.25
0,1947.0
0,1946.0
0,1944.75
0,1944.5
0,1946.25
0,1947.25
0,1947.5
0,1946.75
0,1945.5
0,1945.75
0,1945.0
0,1944.75
0,1941.5
0,1939.5
0,1942.0
0,1940.5
0,1939.75
0,1941.0
0,1942.0
0,1943.25
0,1943.75
0,1944.25
0,1946.25
0,1946.0
0,1945.25
0,1946.75
0,1948.5
0,1948.75
0,1949.5
0,1950.0
0,1951.0
0,1951.5
0,1951.75
0,1954.25
0,1954.5
0,1954.75
0,1955.25
0,1955.75
0,1955.25
0,1954.5
0,1955.0
0,1955.75
0,1954.75
0,1954.75
0,1955.25
0,1956.0
0,1956.75
0,1957.25
0,1958.25
0,1958.75
0,1959.25
0,1959.75
0,1959.25
0,1958.75
0,1957.5
0,1958.5
0,1956.75
0,1957.75
0,1957.0
0,1956.5
0,1955.25
0,1954.0
0,1952.75
0,1952.75
0,1953.75
0,1955.75
0,1956.25
0,1954.25
0,1953.5
0,1952.25
0,1950.5
0,1949.25
0,1949.0
0,1948.75
0,1949.25
0,1948.75
0,1948.75
0,1945.25
0,1946.75
0,1946.25
0,1946.25
0,1946.0
0,1945.75
0,1946.0
0,1947.25
0,1946.25
0,1946.75
0,1946.25
0,1946.25
0,1945.75
0,1944.0
0,1943.0
0,1943.75
0,1950.5
0,1959.0
0,1962.0
0,1961.0
0,1962.5
0,1970.0
0,1968.25
0,1969.5
0,1970.75
0,1970.5
0,1972.25
0,1973.75
0,1977.5
0,1974.0
0,1974.75
0,1973.5
0,1972.75
0,1971.25
0,1973.5
0,1974.5
0,1975.5
0,1976.25
0,1978.75
0,1978.25
0,1976.0
0,1976.0
0,1973.0
0,1973.0
0,1976.0
0,1977.25
0,1977.25
0,1977.5
0,1977.5
0,1975.0
0,1975.5
0,1975.25
0,1974.25
0,1973.5
0,1973.25
0,1971.75
0,1969.75
0,1970.5
0,1967.75
0,1970.75
0,1972.0
0,1970.25
0,1970.5
0,1970.75
0,1968.0
0,1969.75
0,1971.5
0,1970.0
0,1968.75
0,1967.5
0,1967.75
0,1966.5
0,1963.75
0,1962.25
0,1962.25
0,1961.75
0,1963.75
0,1963.5
0,1965.25
0,1962.75
0,1960.0
0,1959.5
0,1960.0
0,1959.25
0,1959.0
0,1959.0
0,1960.75
0,1961.25
0,1964.25
0,1964.0
0,1965.5
0,1965.25
0,1966.0
0,1968.25
0,1971.0
0,1972.0
0,1970.25
0,1970.25
0,1968.75
0,1968.25
0,1966.5
0,1968.25
0,1968.0
0,1967.5
0,1966.75
0,1966.25
0,1965.75
0,1967.25
0,1968.25
0,1967.5
0,1967.75
0,1966.75
0,1969.5
0,1971.0
0,1969.75
0,1968.75
0,1970.0
0,1970.0
0,1970.75
0,1972.25
0,1971.75
0,1972.0
0,1973.0
0,1974.25
0,1973.75
0,1974.25
0,1972.5
0,1973.0
0,1971.5
0,1971.25
0,1971.25
0,1971.25
0,1970.75
0,1970.75
0,1972.75
0,1972.75
0,1970.25
0,1970.0
0,1968.25
0,1967.75
0,1968.25
0,1969.0
0,1970.75
0,1969.0
0,1968.75
0,1966.5
0,1967.25
0,1965.5
0,1966.5
0,1965.25
0,1966.0
0,1966.5
0,1964.25
0,1964.75
0,1964.25
0,1963.75
0,1961.0
0,1960.75
0,1958.75
0,1957.0
0,1954.5
0,1954.0
0,1954.0
0,1953.5
0,1953.25
0,1953.75
0,1952.5
0,1952.75
0,1953.0
0,1954.0
0,1954.5
0,1952.75
0,1953.75
0,1956.0
0,1956.0
0,1954.75
0,1955.0
0,1956.25
0,1956.5
0,1955.75
0,1956.25
0,1954.75
0,1956.25
0,1959.25
0,1959.25
0,1957.5
0,1958.0
0,1958.75
0,1958.5
0,1957.5
0,1958.25
0,1957.75
0,1958.5
0,1958.0
0,1958.0
0,1957.0
0,1957.25
0,1957.0
0,1956.75
0,1956.5
0,1956.0
0,1955.25
0,1956.25
0,1955.75
0,1953.5
0,1954.5
0,1954.0
0,1954.25
0,1955.0
0,1955.5
0,1955.0
0,1954.75
0,1954.5
0,1954.5
0,1954.5
0,1953.75
0,1954.0
0,1954.25
0,1954.5
0,1953.75
0,1954.25
0,1953.25
0,1952.75
0,1954.25
0,1954.5
0,1954.25
0,1953.0
0,1952.75
0,1952.25
0,1951.5
0,1952.25
0,1952.25
0,1951.75
0,1952.0
0,1951.75
0,1952.0
0,1953.25
0,1952.25
0,1951.0
0,1950.25
0,1949.0
0,1949.25
0,1949.5
0,1949.25
0,1948.25
0,1949.75
0,1950.0
0,1948.0
0,1950.0
0,1951.25
0,1952.25
0,1950.25
0,1950.25
0,1949.25
0,1949.75
0,1951.5
0,1951.25
0,1952.25
0,1955.25
0,1956.0
0,1956.5
0,1956.0
0,1957.0
0,1957.75
0,1957.0
0,1957.5
0,1957.5
0,1957.5
0,1957.75
0,1958.0
0,1957.5
0,1957.75
0,1957.25
0,1958.5
0,1957.5
0,1957.5
0,1957.5
0,1957.25
0,1957.5
0,1957.5
0,1952.5
0,1950.75
0,1951.5
0,1952.25
0,1952.5
0,1953.25
0,1953.75
0,1954.25
0,1953.0
0,1953.25
0,1951.5
0,1950.75
0,1950.25
0,1947.5
0,1947.0
0,1947.0
0,1946.75
0,1944.25
0,1945.5
0,1944.5
0,1944.25
0,1941.75
0,1941.5
0,1943.0
0,1942.75
0,1942.5
0,1942.75
0,1940.75
0,1941.75
0,1941.0
0,1942.0
0,1942.25
0,1942.5
0,1942.0
0,1943.0
0,1944.75
0,1944.0
0,1941.75
0,1940.75
0,1939.5
0,1937.75
0,1938.25
0,1938.5
0,1937.0
0,1939.75
0,1938.25
0,1938.5
0,1938.75
0,1938.75
0,1936.75
0,1938.0
0,1938.0
0,1938.25
0,1938.5
0,1938.25
0,1938.0
0,1937.25
0,1936.75
0,1937.25
0,1939.25
0,1939.25
0,1940.5
0,1941.0
0,1941.75
0,1942.0
0,1941.25
0,1941.5
0,1939.75
0,1937.0
0,1937.25
0,1936.75
0,1938.25
0,1936.75
0,1937.25
0,1936.5
0,1938.5
0,1938.0
0,1939.0
0,1937.25
0,1937.75
0,1938.5
0,1938.0
0,1938.75
0,1938.25
0,1937.25
0,1936.75
0,1936.75
0,1939.0
0,1937.5
0,1937.75
0,1937.0
0,1936.25
0,1934.5
0,1935.25
0,1936.25
0,1935.75
0,1935.5
0,1935.25
0,1934.75
0,1934.5
0,1935.5
0,1936.5
0,1936.5
0,1936.5
0,1936.25
0,1936.75
0,1936.0
0,1936.5
0,1939.75
0,1941.75
0,1942.25
0,1941.75
0,1941.0
0,1943.25
0,1938.5
0,1938.25
0,1937.5
0,1941.25
0,1940.0
0,1939.5
0,1939.25
0,1939.0
0,1938.0
0,1938.25
0,1936.25
0,1937.25
0,1934.0
0,1935.25
0,1932.5
0,1934.75
0,1934.75
0,1934.25
0,1934.75
0,1933.5
0,1934.25
0,1934.5
0,1932.25
0,1930.25
0,1932.75
0,1933.25
0,1931.75
0,1932.75
0,1933.5
0,1932.5
0,1931.75
0,1929.75
0,1930.25
0,1931.0
0,1932.5
0,1932.0
0,1931.75
0,1932.5
0,1933.25
0,1932.75
0,1934.75
0,1935.25
0,1938.75
0,1938.75
0,1940.0
0,1940.5
0,1942.25
0,1939.75
0,1941.75
0,1939.75
0,1938.75
0,1937.25
0,1938.5
0,1939.25
0,1940.25
0,1939.25
0,1939.0
0,1938.25
0,1938.25
0,1938.5
0,1937.5
0,1936.75
0,1937.25
0,1937.75
0,1939.0
0,1939.0
0,1939.25
0,1939.25
0,1939.0
0,1938.0
0,1937.25
0,1936.75
0,1935.25
0,1934.75
0,1933.75
0,1932.25
0,1933.0
0,1933.0
0,1933.5
0,1933.5
0,1933.25
0,1932.5
0,1934.25
0,1933.0
0,1935.75
0,1936.25
0,1939.75
0,1938.25
0,1937.5
0,1937.5
0,1937.75
0,1936.0
0,1934.75
0,1936.25
0,1936.0
0,1935.75
0,1935.5
0,1935.75
0,1935.0
0,1934.0
0,1933.5
0,1931.25
0,1930.5
0,1931.0
0,1929.25
0,1929.5
0,1928.5
0,1929.75
0,1928.5
0,1927.75
0,1927.75
0,1927.75
0,774.3
0,770.1
0,766.7
0,766.2
0,766.1
0,761.4
0,759.6
0,759.3
0,759.1
0,758.5
0,755.4
0,755.8
0,755.5
0,755.9
0,756.0
0,754.9
0,753.1
0,753.4
0,748.9
0,748.0
0,746.1
0,745.5
0,746.7
0,744.7
0,744.5
0,743.5
0,741.4
0,742.5
0,744.7
0,744.4
0,741.0
0,742.2
0,741.2
0,741.5
0,743.0
0,741.7
0,743.6
0,744.3
0,743.7
0,743.7
0,744.5
0,743.2
0,743.5
0,743.0
0,743.3
0,743.2
0,743.6
0,743.3
0,744.3
0,743.5
0,743.1
0,741.3
0,739.5
0,739.7
0,740.5
0,741.0
0,739.8
0,739.2
0,739.0
0,739.2
0,737.4
0,736.5
0,736.4
0,736.4
0,737.0
0,737.2
0,735.7
0,737.5
0,738.3
0,738.9
0,740.9
0,740.5
0,741.2
0,742.1
0,740.7
0,740.9
0,743.2
0,745.8
0,745.8
0,744.8
0,744.7
0,745.4
0,745.5
0,746.2
0,747.0
0,747.6
0,748.5
0,748.6
0,749.8
0,750.1
0,749.1
0,749.2
0,749.8
0,750.1
0,750.7
0,749.6
0,750.2
0,750.4
0,750.4
0,752.8
0,749.7
0,749.7
0,748.3
0,747.9
0,748.4
0,748.5
0,750.2
0,750.4
0,751.2
0,750.6
0,749.3
0,748.8
0,748.7
0,748.0
0,748.4
0,748.4
0,747.9
0,749.1
0,749.0
0,748.7
0,748.4
0,749.0
0,748.7
0,750.3
0,749.0
0,748.2
0,747.5
0,747.9
0,748.2
0,748.5
0,748.0
0,746.1
0,747.1
0,747.9
0,749.0
0,749.3
0,749.5
0,749.9
0,748.8
0,748.8
0,749.2
0,749.4
0,749.4
0,749.2
0,749.0
0,749.7
0,748.5
0,748.7
0,749.1
0,748.9
0,748.7
0,749.1
0,748.8
0,749.1
0,749.1
0,748.8
0,748.0
0,748.1
0,748.1
0,748.6
0,748.8
0,748.4
0,748.6
0,749.0
0,748.7
0,748.5
0,748.7
0,748.9
0,749.1
0,749.2
0,749.0
0,749.2
0,748.7
0,748.5
0,747.8
0,747.8
0,747.6
0,746.8
0,745.8
0,745.7
0,747.0
0,747.9
0,748.1
0,748.1
0,747.5
0,747.0
0,747.2
0,746.8
0,747.4
0,748.2
0,748.6
0,748.4
0,748.6
0,748.6
0,748.6
0,748.6
0,748.6
0,748.6
0,748.4
0,748.6
0,748.4
0,748.0
0,747.7
0,747.8
0,747.3
0,747.4
0,747.5
0,747.3
0,747.4
0,747.2
0,747.5
0,746.7
0,746.7
0,746.5
0,746.1
0,745.8
0,746.1
0,746.9
0,747.1
0,747.5
0,747.5
0,747.2
0,747.9
0,748.1
0,748.2
0,749.5
0,750.5
0,750.7
0,749.6
0,749.2
0,749.3
0,749.7
0,750.4
0,750.5
0,749.0
0,748.1
0,749.6
0,749.7
0,750.0
0,751.5
0,752.7
0,753.1
0,753.5
0,752.9
0,752.7
0,752.9
0,754.6
0,754.6
0,753.2
0,752.8
0,753.0
0,753.2
0,753.0
0,753.2
0,753.0
0,753.0
0,753.0
0,752.7
0,753.1
0,753.4
0,753.5
0,754.0
0,754.4
0,753.9
0,753.4
0,753.8
0,754.2
0,754.3
0,754.5
0,755.2
0,755.9
0,755.4
0,755.9
0,755.6
0,755.7
0,757.0
0,757.8
0,756.7
0,756.5
0,755.3
0,754.9
0,753.9
0,755.0
0,754.4
0,755.5
0,755.6
0,754.0
0,754.3
0,754.3
0,753.6
0,753.9
0,754.3
0,753.5
0,753.4
0,752.8
0,752.4
0,752.3
0,752.5
0,751.5
0,750.7
0,750.9
0,751.3
0,751.3
0,751.5
0,752.5
0,752.0
0,751.6
0,752.0
0,752.6
0,752.6
0,752.3
0,751.9
0,752.6
0,751.5
0,751.3
0,750.9
0,751.2
0,750.6
0,752.3
0,752.6
0,752.3
0,752.1
0,752.0
0,751.6
0,752.2
0,752.0
0,752.0
0,752.5
0,752.2
0,750.8
0,751.0
0,751.2
0,751.1
0,750.5
0,750.7
0,750.6
0,751.0
0,750.1
0,750.4
0,750.4
0,750.7
0,750.5
0,750.7
0,750.3
0,750.8
0,750.9
0,750.9
0,750.4
0,751.6
0,750.4
0,750.2
0,750.0
0,750.7
0,751.0
0,751.1
0,751.7
0,750.9
0,751.3
0,751.7
0,752.0
0,751.9
0,752.6
0,752.0
0,751.5
0,751.4
0,751.8
0,752.5
0,752.1
0,752.3
0,752.2
0,752.5
0,752.5
0,752.5
0,752.8
0,753.6
0,753.8
0,754.3
0,756.2
0,756.5
0,756.6
0,756.3
0,755.5
0,754.4
0,755.3
0,756.2
0,755.7
0,755.5
0,755.4
0,755.5
0,756.1
0,756.2
0,756.2
0,756.0
0,755.9
0,756.9
0,756.6
0,758.0
0,759.0
0,758.4
0,758.6
0,757.9
0,758.2
0,759.5
0,760.4
0,761.3
0,761.2
0,760.5
0,759.0
0,758.8
0,758.5
0,760.0
0,761.4
0,761.2
0,761.1
0,760.9
0,760.8
0,760.4
0,760.6
0,760.7
0,762.2
0,763.0
0,762.2
0,762.0
0,761.5
0,760.8
0,760.1
0,760.8
0,760.6
0,761.5
0,762.2
0,761.9
0,760.9
0,762.4
0,761.9
0,761.4
0,762.9
0,762.1
0,761.7
0,761.0
0,760.9
0,760.0
0,760.4
0,760.2
0,760.9
0,759.8
0,760.2
0,760.6
0,761.1
0,761.6
0,761.5
0,762.5
0,763.5
0,763.7
0,762.2
0,763.6
0,764.0
0,764.0
0,763.3
0,763.6
0,764.0
0,763.5
0,764.0
0,763.7
0,764.2
0,765.6
0,765.9
0,765.6
0,765.2
0,764.9
0,765.7
0,764.9
0,765.9
0,766.9
0,768.1
0,768.3
0,768.8
0,769.4
0,769.5
0,770.3
0,769.8
0,770.7
0,770.2
0,769.8
0,770.5
0,770.7
0,772.0
0,772.6
0,771.6
0,771.7
0,771.1
0,770.5
0,770.5
0,771.9
0,772.4
0,771.1
0,769.5
0,766.6
0,758.4
0,758.1
0,754.2
0,754.2
0,757.5
0,757.4
0,754.8
0,754.8
0,757.0
0,754.6
0,753.8
0,749.9
0,751.3
0,749.2
0,749.4
0,748.4
0,749.6
0,750.5
0,752.5
0,752.5
0,755.1
0,756.9
0,755.0
0,752.7
0,751.8
0,752.2
0,752.9
0,751.1
0,753.5
0,751.7
0,750.2
0,751.4
0,750.9
0,748.5
0,749.6
0,750.6
0,751.2
0,752.8
0,753.2
0,753.6
0,755.5
0,755.6
0,753.9
0,754.7
0,755.8
0,757.0
0,754.5
0,753.4
0,751.6
0,752.3
0,752.6
0,752.5
0,753.9
0,755.3
0,755.3
0,755.8
0,756.8
0,755.6
0,756.1
0,757.6
0,757.3
0,755.6
0,753.9
0,752.5
0,754.6
0,752.4
0,753.7
0,753.5
0,754.7
0,755.5
0,756.2
0,755.6
0,755.8
0,757.8
0,755.6
0,756.1
0,756.0
0,756.2
0,755.7
0,755.7
0,754.9
0,755.9
0,756.3
0,755.7
0,755.1
0,755.2
0,754.1
0,752.7
0,753.2
0,754.2
0,755.2
0,755.2
0,756.9
0,757.0
0,755.7
0,755.7
0,756.4
0,755.9
0,754.9
0,754.9
0,757.1
0,756.3
0,757.9
0,757.0
0,757.7
0,757.6
0,755.5
0,756.2
0,756.3
0,755.5
0,755.8
0,755.3
0,754.7
0,755.2
0,754.7
0,754.9
0,755.1
0,754.4
0,755.4
0,755.8
0,755.9
0,756.1
0,754.8
0,756.1
0,756.9
0,757.2
0,758.2
0,757.7
0,757.7
0,757.8
0,759.0
0,759.1
0,760.4
0,758.2
0,757.8
0,758.1
0,757.9
0,757.5
0,758.4
0,758.0
0,759.3
0,759.0
0,759.9
0,760.2
0,760.3
0,759.4
0,758.8
0,759.1
0,759.8
0,760.8
0,761.1
0,760.2
0,759.4
0,758.9
0,759.1
0,759.9
0,760.6
0,760.7
0,760.6
0,761.2
0,760.5
0,759.7
0,759.2
0,759.7
0,759.8
0,759.9
0,758.3
0,757.9
0,758.1
0,758.5
0,758.2
0,758.8
0,759.1
0,758.8
0,758.7
0,760.9
0,760.7
0,760.2
0,759.6
0,759.0
0,758.8
0,758.3
0,758.2
0,758.3
0,757.6
0,758.4
0,758.5
0,758.3
0,759.1
0,758.7
0,758.2
0,759.0
0,758.3
0,758.2
0,758.6
0,758.2
0,758.2
0,758.0
0,758.3
0,758.1
0,757.9
0,758.3
0,758.0
0,758.5
0,759.0
0,759.2
0,758.9
0,758.1
0,757.8
0,757.6
0,758.0
0,758.5
0,758.4
0,757.9
0,758.0
0,758.3
0,758.4
0,758.3
0,758.3
0,758.0
0,756.9
0,756.7
0,756.7
0,757.1
0,757.4
0,758.1
0,758.2
0,758.2
0,758.2
0,758.6
0,759.6
0,760.9
0,761.6
0,762.0
0,760.7
0,761.5
0,760.5
0,761.4
0,762.8
0,763.6
0,762.8
0,762.1
0,761.6
0,762.5
0,762.3
0,762.3
0,761.7
0,762.0
0,761.5
0,761.4
0,761.9
0,761.5
0,761.1
0,760.9
0,761.6
0,761.5
0,761.8
0,762.3
0,762.4
0,761.8
0,763.0
0,763.5
0,763.3
0,763.5
0,763.7
0,763.8
0,763.2
0,762.8
0,762.6
0,762.5
0,762.9
0,762.7
0,762.9
0,762.9
0,762.5
0,762.5
0,762.0
0,762.5
0,762.3
0,762.6
0,763.2
0,763.7
0,764.3
0,764.3
0,764.3
0,764.3
0,765.1
0,766.1
0,766.3
0,767.1
0,767.6
0,767.8
0,768.1
0,768.1
0,768.0
0,768.2
0,768.2
0,768.7
0,768.6
0,768.7
0,767.7
0,768.3
0,769.7
0,770.1
0,771.0
0,769.8
0,770.1
0,769.9
0,770.2
0,769.2
0,769.3
0,770.1
0,771.6
0,770.3
0,769.7
0,769.9
0,767.8
0,766.4
0,766.0
0,766.0
0,762.2
0,761.0
0,761.3
0,759.8
0,759.4
0,758.8
0,757.8
0,757.6
0,756.4
0,757.3
0,758.3
0,756.5
0,756.0
0,758.0
0,758.5
0,759.3
0,759.9
0,759.5
0,759.6
0,760.0
0,759.0
0,759.6
0,760.5
0,760.1
0,760.3
0,761.9
0,762.5
0,761.2
0,760.9
0,761.4
0,761.1
0,760.9
0,761.3
0,761.5
0,761.7
0,761.6
0,760.8
0,760.7
0,760.9
0,760.7
0,761.2
0,760.6
0,762.2
0,762.0
0,762.0
0,762.6
0,762.4
0,762.9
0,763.4
0,763.4
0,763.3
0,763.7
0,763.5
0,764.6
0,762.6
0,762.0
0,760.3
0,758.8
0,757.5
0,758.0
0,756.0
0,757.3
0,757.4
0,757.4
0,757.3
0,757.0
0,756.3
0,754.9
0,755.1
0,754.7
0,754.4
0,753.9
0,753.7
0,753.7
0,752.6
0,752.9
0,752.6
0,752.6
0,752.8
0,751.2
0,751.7
0,750.3
0,748.5
0,747.6
0,747.5
0,746.2
0,746.2
0,746.3
0,745.1
0,744.9
0,743.1
0,742.1
0,741.9
0,741.5
0,740.7
0,741.2
0,740.8
0,742.0
0,741.6
0,742.9
0,742.5
0,741.8
0,741.5
0,741.9
0,742.2
0,742.0
0,741.3
0,742.2
0,739.3
0,738.6
0,737.2
0,735.1
0,734.2
0,732.2
0,730.9
0,730.6
0,730.6
0,730.1
0,728.3
0,729.2
0,730.1
0,729.4
0,729.0
0,730.8
0,729.1
0,730.4
0,728.8
0,729.3
0,728.4
0,727.9
0,728.6
0,727.7
0,728.7
0,731.2
0,731.3
0,731.9
0,730.2
0,732.0
0,734.3
0,735.2
0,734.7
0,734.3
0,733.6
0,734.4
0,734.7
0,734.9
0,734.7
0,735.2
0,735.8
0,736.9
0,737.4
0,739.5
0,739.7
0,739.8
0,739.6
0,740.0
0,739.1
0,735.0
0,734.3
0,734.9
0,737.1
0,737.6
0,737.8
0,737.7
0,736.4
0,736.1
0,737.5
0,737.3
0,738.5
0,755.9
0,758.4
0,761.0
0,759.4
0,758.6
0,752.7
0,753.4
0,752.9
0,753.1
0,754.8
0,756.8
0,754.3
0,754.3
0,753.5
0,753.9
0,752.0
0,750.2
0,750.2
0,750.9
0,751.8
0,751.1
0,752.1
0,752.1
0,752.0
0,749.9
0,750.8
0,750.6
0,752.0
0,750.8
0,752.2
0,752.8
0,753.3
0,751.8
0,753.4
0,752.2
0,751.0
0,750.6
0,752.0
0,751.6
0,750.6
0,749.9
0,754.2
0,754.9
0,756.9
0,756.7
0,755.3
0,756.3
0,755.2
0,756.0
0,755.6
0,757.0
0,756.0
0,756.1
0,757.1
0,757.1
0,756.7
0,757.3
0,757.7
0,758.2
0,759.5
0,757.5
0,756.7
0,756.5
0,755.9
0,755.8
0,755.5
0,755.7
0,753.8
0,753.9
0,754.5
0,756.1
0,757.6
0,758.3
0,759.7
0,759.8
0,761.0
0,757.2
0,756.9
0,756.8
0,757.1
0,756.1
0,762.4
0,766.4
0,766.6
0,765.9
0,764.4
0,764.0
0,764.4
0,767.2
0,765.8
0,765.3
0,764.2
0,765.0
0,765.2
0,766.5
0,766.0
0,768.2
0,769.5
0,770.8
0,772.8
0,770.7
0,767.5
0,766.8
0,767.1
0,768.2
0,768.8
0,769.5
0,768.9
0,769.3
0,767.6
0,767.5
0,767.4
0,766.7
0,765.3
0,765.6
0,765.3
0,766.2
0,766.0
0,766.5
0,767.3
0,767.1
0,767.7
0,765.8
0,766.3
0,766.3
0,765.9
0,766.7
0,767.5
0,766.5
0,766.7
0,768.1
0,768.8
0,767.6
0,768.5
0,768.6
0,768.6
0,769.3
0,769.6
0,769.5
0,769.1
0,768.8
0,769.1
0,768.0
0,766.7
0,765.6
0,765.5
0,765.8
0,767.7
0,765.9
0,764.7
0,765.2
0,764.0
0,765.3
0,764.7
0,763.0
0,763.5
0,763.6
0,766.2
0,766.6
0,767.1
0,767.7
0,766.1
0,765.5
0,765.6
0,764.1
0,764.6
0,764.3
0,764.0
0,764.7
0,764.2
0,763.5
0,763.7
0,763.7
0,763.0
0,763.2
0,762.5
0,762.5
0,762.8
0,763.8
0,763.0
0,762.8
0,762.3
0,763.5
0,764.1
0,765.1
0,765.4
0,765.4
0,764.9
0,764.6
0,764.6
0,765.0
0,765.1
0,765.1
0,765.1
