0,35.6897
0,-6.2146
0,28.6600
0,18.9667
0,14.6000
0,31.1667
0,-23.5504
0,37.5600
0,19.4333
0,23.1288
0,39.9050
0,30.0561
0,40.6943
0,22.5411
0,55.7558
0,13.7500
0,-34.5997
0,22.5350
0,23.7289
0,6.4500
0,41.0100
0,34.7500
0,24.8600
0,12.9699
0,35.7000
0,-4.3233
0,10.8167
0,34.1139
0,-22.9083
0,32.9987
0,38.8671
0,13.0825
0,30.6600
0,31.5497
0,48.8566
0,51.5072
0,35.0606
0,39.1467
0,38.0422
0,33.6250
0,-12.0500
0,17.3667
0,36.6116
0,4.6126
0,36.7167
0,35.1167
0,30.5872
0,35.2333
0,25.8292
0,34.2610
0,41.8373
0,-8.8383
0,28.1987
0,32.8986
0,3.1478
0,35.4000
0,23.0475
0,36.6667
0,23.0292
0,21.0245
0,18.5196
0,29.5628
0,43.9000
0,32.9773
0,29.8750
0,38.3037
0,32.0500
0,31.8639
0,23.0300
0,22.3050
0,21.1967
0,27.2418
0,26.8968
0,15.6031
0,31.9829
0,33.3936
0,22.8192
0,34.2667
0,41.8039
0,39.6292
0,-33.4500
0,34.7492
0,34.4259
0,37.3997
0,24.6500
0,-6.8000
0,32.1264
0,28.4419
0,34.6587
0,27.3019
0,24.9139
0,30.2500
0,25.7839
0,30.4500
0,21.6618
0,25.0433
0,30.7991
0,27.7050
0,23.5533
0,31.7542
0,27.8041
0,40.4167
0,29.0397
0,28.6583
0,36.4500
0,25.5102
0,21.1700
0,33.3500
0,36.1167
0,1.3000
0,32.7936
0,31.2152
0,33.6333
0,32.0654
0,40.0077
0,29.9870
0,-1.2864
0,35.2992
0,39.9300
0,36.2001
0,22.6293
0,37.4513
0,29.7863
0,33.7627
0,26.4515
0,16.8000
0,43.7417
0,46.6384
0,38.9047
0,47.3398
0,29.1046
0,59.9500
0,23.3735
0,-33.8650
0,34.4996
0,33.9331
0,20.6767
0,31.3040
0,26.0769
0,27.3328
0,31.2231
0,-19.9281
0,24.5093
0,33.8626
0,-37.8136
0,28.6842
0,34.3500
0,32.4831
0,-7.2458
0,5.3364
0,27.5494
0,27.1172
0,31.4669
0,30.9273
0,30.0000
0,31.2000
0,35.0304
0,33.7350
0,23.1115
0,33.5000
0,34.5906
0,25.7989
0,25.2667
0,29.7048
0,30.5000
0,42.3188
0,34.7936
0,22.5833
0,31.8122
0,41.3825
0,31.5667
0,36.7831
0,30.7522
0,38.9000
0,37.7348
0,45.7500
0,32.3912
0,28.7596
0,-26.2044
0,28.5833
0,24.2998
0,42.2663
0,33.5992
0,26.5794
0,39.5196
0,40.8108
0,38.4127
0,36.0812
0,27.9991
0,25.6667
0,28.8918
0,34.0244
0,29.5872
0,33.5722
0,30.1256
0,23.0500
0,30.7083
0,23.0961
0,24.4797
0,32.3062
0,27.9814
0,27.8407
0,31.9500
0,21.5428
0,27.7378
0,31.1289
0,23.6842
0,31.3340
0,23.0965
0,47.6211
0,37.3806
0,35.4333
0,24.3264
0,34.3609
0,30.4673
0,33.0794
0,34.5328
0,34.8667
0,52.5167
0,41.1066
0,36.0617
0,40.9739
0,37.7562
0,35.7639
0,30.5098
0,35.2290
0,32.9354
0,45.5089
0,42.3834
0,23.9010
0,35.1000
0,36.7764
0,34.5809
0,37.8733
0,32.6351
0,26.8470
0,41.5757
0,24.6928
0,29.5854
0,38.2655
0,43.1715
0,22.5333
0,36.1953
0,32.8312
0,31.4180
0,-17.7892
0,39.9398
0,31.8576
0,32.2109
0,43.8225
0,43.6172
0,23.7503
0,27.7233
0,21.9500
0,26.9167
0,38.4178
0,9.0272
0,30.0575
0,-15.7939
0,36.3069
0,41.1144
0,42.2841
0,24.8011
0,29.3750
0,22.7664
0,44.9635
0,50.4500
0,15.3500
0,14.6333
0,35.5806
0,37.4639
0,40.1833
0,26.6667
0,27.9942
0,46.5979
0,52.4800
0,25.4394
0,30.8695
0,-12.9708
0,23.4833
0,27.8431
0,39.7621
0,41.8931
0,-16.4942
0,39.0300
0,12.0000
0,24.1500
0,15.6835
0,29.3498
0,44.5861
0,40.7094
0,22.6167
0,-2.1833
0,35.4164
0,53.4794
0,26.4725
0,40.6562
0,25.0478
0,26.6448
0,23.6700
0,25.0881
0,7.3964
0,40.8151
0,-18.9386
0,33.5350
0,37.5000
0,22.3350
0,18.4764
0,30.9475
0,26.2658
0,40.6501
0,21.8556
0,6.2447
0,22.9242
0,-27.4678
0,25.1211
0,25.2697
0,33.5830
0,35.7278
0,25.1500
0,32.4353
0,3.4400
0,30.2018
0,35.8667
0,-3.7275
0,14.6099
0,3.8578
0,4.0500
0,43.8500
0,40.7503
0,23.8864
0,36.9081
0,41.3000
0,-6.9500
0,21.1539
0,32.4831
0,40.1167
0,33.8680
0,-6.2333
0,28.6667
0,32.5250
0,46.8081
0,5.6037
0,24.3495
0,26.2456
0,49.2500
0,-6.1783
0,37.8714
0,40.7498
0,40.6653
0,37.0000
0,3.6667
0,34.7736
0,22.7206
0,31.7135
0,35.5412
0,28.9545
0,40.3667
0,30.7804
0,33.9562
0,36.6239
0,-17.8292
0,36.5952
0,23.1367
0,11.5696
0,33.6000
0,2.0408
0,35.4906
0,23.2993
0,28.4500
0,24.8141
0,33.9381
0,39.3051
0,20.8000
0,36.2333
0,23.7333
0,33.6007
0,6.6833
0,45.5372
0,22.3000
0,-31.9522
0,29.4658
0,17.7333
0,32.1500
0,37.0667
0,41.8708
0,38.6358
0,12.6458
0,-0.2186
0,53.9022
0,27.6333
0,22.4167
0,37.1583
0,-5.8970
0,34.0000
0,43.0621
0,24.4164
0,45.2937
0,10.5000
0,42.0127
0,36.2000
0,43.2500
0,35.3333
0,48.2083
0,53.7997
0,38.5667
0,-15.7861
0,22.9833
0,22.2769
0,44.4000
0,37.9278
0,23.2500
0,-25.4297
0,30.1978
0,40.0800
0,-25.3000
0,34.7500
0,53.5500
0,0.0500
0,-4.2667
0,28.4772
0,36.8000
0,35.0111
0,-3.1000
0,41.2643
0,36.5448
0,37.3019
0,52.2167
0,37.4500
0,-11.6697
0,20.0200
0,33.5131
0,34.1299
0,50.8333
0,32.6447
0,47.4983
0,50.2458
0,-15.4167
0,25.3792
0,37.9108
0,18.6278
0,39.3408
0,41.4767
0,40.4396
0,25.6100
0,36.3667
0,30.3004
0,30.8200
0,21.4225
0,9.5092
0,0.3136
0,19.6097
0,39.1413
0,-5.1331
0,31.3867
0,30.9083
0,55.0077
0,-6.3940
0,24.9650
0,39.1239
0,12.3572
0,7.0667
0,40.7834
0,-6.9667
0,38.4795
0,14.6500
0,55.0333
0,35.0833
0,27.1800
0,35.8327
0,39.7771
0,29.2942
0,19.0333
0,19.2502
0,9.9197
0,41.2920
0,22.8000
0,-8.0539
0,39.9862
0,38.0833
0,10.6333
0,29.1255
0,21.4667
0,46.6388
0,34.6913
0,35.2080
0,29.9888
0,31.6500
0,21.6146
0,24.9633
0,28.1958
0,29.9361
0,30.1697
0,-1.4558
0,23.4000
0,20.9147
0,35.1667
0,20.0000
0,-30.0328
0,10.1667
0,6.1667
0,36.7335
0,36.3510
0,48.1372
0,-36.8500
0,56.8356
0,29.7132
0,32.6889
0,29.6100
0,34.3422
0,-2.9833
0,21.1167
0,32.0500
0,50.0000
0,35.5300
0,31.8775
0,30.6583
0,36.0080
0,27.7780
0,52.6736
0,23.6139
0,35.7497
0,40.8501
0,21.9135
0,52.0767
0,5.4833
0,25.3575
0,28.4333
0,47.9203
0,-16.6806
0,38.7333
0,28.1188
0,44.8167
0,36.7833
0,45.4669
0,19.8800
0,28.3147
0,28.3797
0,43.0642
0,42.6979
0,-34.9289
0,50.0833
0,41.2867
0,22.2969
0,27.2578
0,22.8167
0,-31.4167
0,-23.4667
0,31.7386
0,35.8617
0,-34.8667
0,-6.1209
0,25.7232
0,35.9100
0,25.3000
0,34.4000
0,28.9900
0,44.8249
0,26.2312
0,21.6540
0,37.8576
0,40.8523
0,28.2333
0,33.5800
0,37.9874
0,10.9639
0,23.1667
0,19.1800
0,38.9355
0,32.3852
0,56.3269
0,14.0833
0,32.9387
0,23.7928
0,47.7235
0,36.1833
0,30.6667
0,55.7908
0,26.8808
0,37.2858
0,31.9087
0,33.9317
0,51.0500
0,10.0333
0,9.0556
0,29.3081
0,21.9769
0,34.6000
0,30.4889
0,26.5944
0,3.2167
0,25.4550
0,25.3189
0,55.1500
0,-4.0500
0,41.8230
0,34.6461
0,11.8333
0,-25.9153
0,-32.9575
0,6.3176
0,27.7950
0,14.7500
0,31.3203
0,53.3497
0,30.3322
0,24.4667
0,34.0911
0,54.9667
0,-7.7167
0,-5.4294
0,53.1833
0,28.1417
0,35.5500
0,38.5158
0,-22.9009
0,27.6961
0,29.8239
0,36.0656
0,19.7475
0,14.7319
0,29.7169
0,-1.9536
0,20.7167
0,26.4179
0,19.4500
0,26.5849
0,30.3833
0,31.6167
0,-12.0611
0,27.8800
0,34.1511
0,14.0942
0,19.4100
0,32.8752
0,47.2333
0,19.4000
0,19.3000
0,30.0162
0,41.7225
0,54.7333
0,34.0433
0,37.3900
0,32.6633
0,10.9277
0,26.2150
0,32.6877
0,7.5304
0,-12.7667
0,47.3139
0,40.7777
0,21.2167
0,30.0372
0,12.1100
0,30.6520
0,43.5036
0,32.5556
0,22.5900
0,50.9422
0,56.0167
0,31.3697
0,-22.8269
0,36.1715
0,40.1814
0,23.3556
0,51.1333
0,18.0858
0,-26.6736
0,37.5295
0,-2.5300
0,15.5000
0,32.1724
0,35.1046
0,37.6564
0,16.5167
0,53.5344
0,35.9900
0,36.8008
0,27.6609
0,30.3972
0,10.0678
0,38.2683
0,51.6717
0,58.0139
0,35.2281
0,37.5139
0,36.8833
0,-6.6000
0,35.8325
0,10.4236
0,30.7353
0,42.8667
0,-25.9667
0,8.1333
0,37.9500
0,-9.6658
0,13.5086
0,12.1500
0,1.0678
0,40.9833
0,30.1286
0,28.8523
0,6.3106
0,39.6271
0,31.1690
0,46.4775
0,42.3000
0,30.0687
0,10.8199
0,48.7086
0,18.5425
0,33.6989
0,12.3086
0,22.3559
0,27.7167
0,21.2379
0,43.7034
0,-16.3988
0,4.7500
0,38.1663
0,32.1287
0,33.4433
0,48.4500
0,25.1800
0,30.1920
0,24.4781
0,59.3294
0,45.4247
0,15.3333
0,8.4833
0,31.7833
0,4.3732
0,9.0000
0,52.3667
0,6.1319
0,0.3901
0,45.8000
0,38.5731
0,-13.9833
0,6.4000
0,17.9667
0,6.9167
0,-25.7464
0,49.8844
0,46.8139
0,59.9111
0,37.9842
0,-3.3825
0,60.1756
0,41.9833
0,47.0228
0,56.9475
0,55.6761
0,17.9714
0,34.0253
0,54.6833
0,13.6989
0,11.5950
0,38.7452
0,43.4186
0,59.4372
0,-33.9250
0,48.1447
0,41.3300
0,-35.2931
0,-41.2889
0,33.8869
0,-6.1835
0,44.6475
0,11.8592
0,4.8500
0,-9.4789
0,6.8161
0,48.4283
0,-29.3100
0,35.1725
0,-22.5700
0,6.4833
0,-19.0431
0,9.9333
0,46.0500
0,43.8667
0,25.0667
0,-29.1000
0,14.6104
0,-24.6569
0,5.8667
0,-8.5586
0,42.6667
0,6.7833
0,3.7521
0,36.1324
0,-20.8789
0,4.1750
0,42.4397
0,26.2250
0,-20.1667
0,12.1080
0,28.7000
0,46.9480
0,-17.5334
0,64.1475
0,14.9177
0,49.6106
0,6.9000
0,13.0975
0,-11.7036
0,27.4833
0,-26.3208
0,-22.2625
0,-9.4333
0,-18.1333
0,14.0167
0,4.9330
0,0.3333
0,-17.7333
0,32.2942
0,4.9167
0,43.7396
0,-3.4264
0,10.6667
0,-13.8333
0,54.1500
0,12.5186
0,49.1833
0,47.1415
0,13.4531
0,-12.7871
0,7.0918
0,1.3382
0,19.2866
0,-4.6236
0,13.1667
0,17.1211
0,-21.1347
0,42.5000
0,64.1750
0,17.2500
0,15.3000
0,17.2983
0,62.0000
0,-14.2740
0,35.8978
0,31.5069
0,21.4664
0,6.9178
0,-8.5167
0,-26.4465
0,-21.2070
0,12.0444
0,43.9320
0,31.7764
0,15.2137
0,16.0000
0,-51.7000
0,41.9000
0,-19.0560
0,13.4745
0,-15.9251
0,18.0706
0,18.0256
0,18.4167
0,17.8958
0,46.7811
0,18.2167
0,-13.2825
0,-29.0569
0,7.5006
0,26.0928
0,26.0928
0,78.2167
0,-25.0667
0,-10.4167
0,28.3640
0,16.0600
0,4.5781
0,33.8704
0,26.2918
0,24.1681
0,32.8534
0,24.1878
0,31.0500
0,55.8609
0,35.6000
0,22.7645
0,31.9948
0,-6.9838
0,46.0635
0,19.5000
0,39.7370
0,35.4667
0,40.8333
0,21.4283
0,31.8131
0,35.4676
0,43.6045
0,36.7194
0,37.7731
0,26.1500
0,11.0000
0,26.1667
0,37.4386
0,22.2486
0,17.6833
0,35.7767
0,36.3619
0,36.1860
0,34.1736
0,0.5153
0,15.6333
0,21.8760
0,31.6295
0,48.0089
0,45.7680
0,-8.1119
0,10.3000
0,30.8706
0,41.1918
0,51.2206
0,10.8269
0,34.3662
0,-0.9556
0,36.6967
0,42.9016
0,30.2965
0,30.1003
0,32.7811
0,22.6896
0,-20.4686
0,39.6896
0,41.7661
0,26.4333
0,37.4989
0,29.6500
0,34.7333
0,36.2481
0,20.9700
0,22.1717
0,-36.8200
0,36.0800
0,15.3600
0,7.1500
0,32.1545
0,45.0333
0,-5.7950
0,28.6353
0,3.0333
0,45.0667
0,9.9333
0,36.9758
0,31.3256
0,34.0500
0,43.2964
0,34.8500
0,39.7767
0,36.3833
0,-5.0949
0,4.6000
0,32.5320
0,53.4000
0,6.9167
0,35.6969
0,50.9000
0,37.1792
0,0.5333
0,50.8058
0,28.9632
0,34.3167
0,47.4585
0,31.1817
0,8.5000
0,41.2627
0,37.6804
0,51.5333
0,-23.6939
0,36.1911
0,-22.7400
0,31.8479
0,-8.6667
0,44.5323
0,19.4753
0,20.2644
0,34.9057
0,36.6372
0,5.5167
0,-4.7889
0,29.1409
0,5.3942
0,19.3000
0,22.1511
0,38.7094
0,-7.1200
0,19.2925
0,21.3294
0,20.5875
0,29.8182
0,36.6941
0,29.0989
0,30.6326
0,14.5167
0,25.4333
0,32.7847
0,38.4451
0,26.4103
0,35.2125
0,34.7513
0,41.0050
0,30.5333
0,39.4700
0,29.2785
0,26.2273
0,-19.1583
0,2.8883
0,1.4556
0,34.5380
0,19.7683
0,37.9161
0,14.5750
0,28.8418
0,34.7167
0,24.8069
0,27.7389
0,-7.9800
0,25.0910
0,31.6783
0,30.0533
0,14.5842
0,-14.9167
0,52.9500
0,22.9297
0,50.0614
0,39.9097
0,40.6629
0,24.2075
0,30.1772
0,36.8667
0,29.3956
0,31.7761
0,36.8494
0,35.1053
0,10.5231
0,19.5367
0,34.3962
0,31.6189
0,50.1136
0,-0.5022
0,24.0667
0,-29.5833
0,39.8231
0,16.7000
0,8.3596
0,7.9075
0,31.4174
0,8.5000
0,57.1500
0,21.1606
0,47.8378
0,20.4736
0,35.4599
0,32.8031
0,48.4800
0,13.0622
0,33.5277
0,40.1881
0,37.5486
0,7.8333
0,26.7345
0,35.0833
0,48.1147
0,39.0099
0,-45.8667
0,31.5833
0,51.4500
0,40.0059
0,49.8419
0,36.8625
0,53.1153
0,26.0922
0,32.0290
0,35.5667
0,28.9008
0,27.3386
0,43.6000
0,34.5221
0,34.6500
0,31.2575
0,30.9333
0,39.7797
0,22.3762
0,6.4403
0,5.4145
0,-8.1803
0,-23.6572
0,27.8983
0,10.9200
0,31.4515
0,53.5167
0,29.9640
0,17.9756
0,35.6924
0,-23.5328
0,40.6328
0,35.5236
0,43.1680
0,36.7831
0,-3.3333
0,11.6500
0,-18.9189
0,24.7355
0,45.1715
0,25.6775
0,35.7833
0,27.0284
0,-10.9111
0,10.3158
0,43.2567
0,51.7769
0,28.8049
0,40.4019
0,20.5500
0,32.6167
0,37.7333
0,-23.1789
0,34.2189
0,16.8636
0,53.3833
0,34.9756
0,32.0058
0,14.4667
0,9.9667
0,40.5961
0,-7.3333
0,22.2030
0,25.5394
0,41.9952
0,29.5908
0,27.8116
0,29.2649
0,-28.0167
0,8.4833
0,26.7611
0,30.7005
0,38.1157
0,30.9933
0,36.1284
0,37.1653
0,34.4161
0,26.6446
0,41.8000
0,35.7004
0,28.8417
0,-21.1783
0,14.3294
0,31.0540
0,44.4167
0,10.6000
0,32.0836
0,7.6833
0,32.5000
0,35.5500
0,37.2000
0,35.8219
0,24.0167
0,13.9304
0,37.3236
0,-20.1667
0,25.6005
0,39.9808
0,16.3000
0,25.7003
0,37.9722
0,-19.9319
0,11.1075
0,36.8064
0,41.6483
0,51.2311
0,56.8500
0,28.2861
0,-23.5019
0,17.9892
0,3.1073
0,25.0208
0,29.8518
0,52.0908
0,-5.0333
0,38.8674
0,14.7000
0,35.6000
0,39.3257
0,25.8833
0,51.1100
0,37.2833
0,47.2181
0,48.7761
0,25.3608
0,31.0236
0,-17.3935
0,53.3567
0,34.4333
0,29.3395
0,51.9225
0,32.1167
0,47.9086
0,37.6367
0,40.2248
0,22.2492
0,29.8419
0,32.8153
0,19.4167
0,39.8734
0,34.7879
0,12.8703
0,37.3000
0,54.3167
0,52.2833
0,19.1500
0,14.4624
0,-0.0206
0,14.5314
0,39.1235
0,42.1155
0,42.9500
0,37.0659
0,42.5279
0,-15.5958
0,31.9579
0,-12.2669
0,48.4833
0,28.1277
0,37.9423
0,39.9656
0,-6.1200
0,18.2536
0,26.3333
0,13.5789
0,43.6119
0,-26.8167
0,57.6167
0,28.0667
0,42.9620
0,43.1167
0,3.8167
0,57.6717
0,20.4500
0,-1.5900
0,39.4887
0,32.6853
0,14.4500
0,-6.8833
0,16.7528
0,-1.1489
0,31.1375
0,-26.3039
0,-29.8583
0,6.1167
0,19.9500
0,31.5800
0,51.3333
0,23.4895
0,42.9833
0,23.3448
0,-38.0000
0,43.6833
0,30.9793
0,4.8143
0,33.6095
0,51.5139
0,25.0461
0,14.5500
0,42.6664
0,3.0833
0,35.9692
0,51.4508
0,45.2116
0,38.0740
0,7.1186
0,37.3925
0,44.4072
0,36.8528
0,20.6167
0,-33.6167
0,30.3180
0,21.2667
0,14.8139
0,35.3529
0,18.8000
0,35.6667
0,41.2278
0,29.7211
0,27.1000
0,56.4886
0,30.2833
0,53.7444
0,30.9667
0,42.8322
0,37.3590
0,41.2407
0,30.4418
0,19.6167
0,8.1167
0,23.5500
0,51.7667
0,38.0005
0,23.6833
0,10.6765
0,41.0798
0,41.3112
0,32.2739
0,-7.5667
0,33.2605
0,29.2167
0,29.4833
0,30.8258
0,34.0376
0,55.3333
0,51.0500
0,19.1903
0,21.7650
0,39.7396
0,53.7500
0,14.4333
0,-6.7630
0,39.5667
0,14.8022
0,35.5333
0,-5.5667
0,20.9333
0,41.7646
0,38.3710
0,-23.3100
0,28.3838
0,40.6189
0,42.5380
0,10.4603
0,40.4543
0,26.4680
0,8.7289
0,27.2000
0,9.7457
0,31.0439
0,32.4833
0,4.4378
0,52.3744
0,54.6167
0,42.9392
0,15.4500
0,-1.3658
0,29.4761
0,30.3200
0,52.4000
0,41.1664
0,-24.7883
0,46.3333
0,32.7816
0,55.7000
0,28.0181
0,23.8333
0,19.5400
0,-12.9683
0,34.8065
0,4.1425
0,43.9167
0,31.8578
0,45.7600
0,21.1861
0,25.7833
0,10.2333
0,-33.5167
0,53.2000
0,25.8797
0,31.2500
0,36.9329
0,33.8833
0,49.4539
0,36.0322
0,46.4078
0,22.0057
0,36.5500
0,42.8976
0,33.4017
0,49.1900
0,-29.1678
0,22.7697
0,19.6500
0,23.1828
0,19.2431
0,11.2361
0,41.5933
0,20.9399
0,18.5333
0,52.4417
0,52.6333
0,42.9044
0,31.7117
0,52.6167
0,15.6333
0,19.2167
0,22.1879
0,14.3833
0,41.1676
0,12.8000
0,33.8333
0,25.4486
0,-12.8208
0,39.4500
0,5.1167
0,27.9550
0,22.6761
0,8.7600
0,39.6542
0,14.4667
0,32.7333
0,23.2200
0,37.9861
0,7.4667
0,58.6000
0,49.8000
0,-8.9983
0,29.0167
0,51.4322
0,46.9667
0,40.2457
0,30.6412
0,-22.8833
0,35.7878
0,27.6995
0,49.4428
0,34.6794
0,42.2705
0,27.1167
0,-9.0745
0,19.3186
0,41.4200
0,30.4271
0,35.4043
0,41.8020
0,33.5720
0,6.1333
0,19.5500
0,18.6733
0,19.6450
0,26.2672
0,31.6078
0,34.7333
0,27.5600
0,56.1333
0,38.7299
0,19.6158
0,55.9530
0,15.8667
0,54.2000
0,29.9667
0,36.8622
0,31.8972
0,-20.1289
0,8.5500
0,35.7911
0,34.8353
0,34.0800
0,25.7500
0,17.3333
0,-21.7642
0,43.3667
0,40.8321
0,32.0833
0,-22.7392
0,38.2500
0,24.9000
0,37.6896
0,41.6639
0,23.3715
0,51.4833
0,22.4700
0,20.9000
0,-15.1167
0,24.7500
0,-27.5933
0,31.7167
0,31.3446
0,33.2333
0,39.6708
0,54.7167
0,37.3606
0,40.5834
0,-31.5375
0,-20.3364
0,0.0330
0,31.7083
0,41.5725
0,-5.2008
0,28.6804
0,32.3849
0,48.2395
0,47.2489
0,20.5222
0,37.1449
0,48.5833
0,-34.7000
0,26.5555
0,28.7412
0,33.7447
0,9.4075
0,54.3667
0,1.4931
0,38.5168
0,36.6000
0,4.9500
0,33.7981
0,38.3554
0,16.4637
0,-38.0996
0,21.0167
0,27.2796
0,-23.6678
0,34.4858
0,32.0800
0,23.3629
0,14.6500
0,36.9947
0,15.8222
0,14.2167
0,33.2176
0,33.4258
0,2.1889
0,27.0387
0,42.9688
0,24.9889
0,10.7167
0,5.9750
0,43.7192
0,24.3667
0,30.7833
0,55.8000
0,24.5833
0,51.7372
0,47.1306
0,-2.5000
0,24.8047
0,10.1333
0,36.3650
0,35.0907
0,7.6167
0,37.8833
0,14.5500
0,43.0826
0,29.4774
0,-19.9678
0,15.1500
0,20.0283
0,34.8670
0,39.5497
0,32.5408
0,37.5875
0,-20.8200
0,40.7000
0,40.2752
0,48.6936
0,19.7958
0,35.5486
0,44.3429
0,-19.8333
0,34.7256
0,7.7714
0,47.3786
0,40.5944
0,39.4167
0,-23.6858
0,45.3357
0,16.8667
0,8.7833
0,34.3738
0,-10.1633
0,33.5097
0,27.2000
0,-23.9608
0,5.0661
0,45.0500
0,12.9889
0,-7.8014
0,11.2500
0,36.6667
0,-27.9831
0,51.8272
0,37.7903
0,36.7000
0,33.9833
0,34.2500
0,5.0500
0,-23.4250
0,18.3000
0,35.1833
0,-13.5183
0,44.6000
0,14.5833
0,-8.7619
0,-34.8167
0,20.7333
0,44.0222
0,30.4167
0,-23.5228
0,35.9794
0,-10.9833
0,3.8772
0,45.5833
0,35.0833
0,36.1029
0,37.7486
0,56.8578
0,38.6667
0,7.2500
0,16.8906
0,26.3559
0,45.5420
0,44.5735
0,2.7297
0,25.1307
0,43.5130
0,48.5833
0,29.6792
0,53.3833
0,34.3500
0,15.1472
0,13.1833
0,45.5050
0,25.4352
0,-10.7167
0,23.3689
0,33.7346
0,29.5392
0,-3.3667
0,37.2652
0,37.8328
0,34.6900
0,-8.5833
0,35.0657
0,10.3127
0,31.2681
0,31.4766
0,-0.1000
0,-2.5333
0,-16.7322
0,-9.9781
0,36.7000
0,31.1282
0,47.6671
0,43.5853
0,25.2500
0,57.0000
0,7.7667
0,14.4297
0,27.4939
0,39.1000
0,11.0667
0,40.9953
0,53.2500
0,32.0691
0,10.2469
0,37.0282
0,1.0806
0,42.8833
0,27.1869
0,-31.6333
0,-7.2306
0,32.7833
0,53.4247
0,43.9000
0,43.0409
0,-23.5228
0,8.8853
0,-23.1864
0,35.4167
0,40.0421
0,51.4408
0,27.6119
0,13.3300
0,31.0304
0,30.0500
0,32.6998
0,31.9167
0,37.9765
0,22.8667
0,5.8388
0,35.5914
0,19.8075
0,29.4708
0,41.6949
0,-21.7523
0,49.1203
0,12.2495
0,50.6000
0,9.2000
0,-12.3597
0,-9.6589
0,-8.0089
0,44.4939
0,31.9892
0,32.5736
0,35.4603
0,45.1804
0,45.5928
0,16.9333
0,33.3645
0,25.3500
0,46.9804
0,-6.0027
0,45.6148
0,18.6704
0,43.6007
0,20.6167
0,-2.5167
0,50.3000
0,34.1963
0,35.5667
0,34.9500
0,-20.2639
0,27.5236
0,28.1272
0,30.3880
0,24.7868
0,43.7714
0,41.4044
0,49.1953
0,42.9836
0,37.6374
0,28.3042
0,1.2136
0,35.3039
0,36.2688
0,20.6667
0,45.2644
0,44.3000
0,38.4261
0,22.6900
0,-12.0667
0,39.7087
0,14.6625
0,18.5098
0,38.7974
0,19.2704
0,13.3500
0,41.0993
0,-43.5309
0,36.2000
0,-3.7333
0,39.7500
0,30.6267
0,43.3713
0,-37.0000
0,53.0000
0,10.4500
0,49.2372
0,28.9000
0,18.4004
0,6.3319
0,35.3097
0,27.4861
0,-3.7050
0,10.3333
0,25.1283
0,34.7667
0,-33.5500
0,43.2114
0,27.6858
0,38.4177
0,9.4204
0,14.7167
0,30.3307
0,30.3892
0,26.5196
0,18.9186
0,19.5833
0,34.9136
0,55.1833
0,36.6486
0,-22.3147
0,39.9432
0,51.4833
0,-16.3269
0,52.4081
0,48.0033
0,19.7131
0,25.7933
0,39.1475
0,40.7656
0,-3.7956
0,30.3866
0,61.2500
0,11.1833
0,5.5333
0,14.0333
0,-0.8950
0,14.3167
0,28.2097
0,53.9089
0,48.6433
0,5.6500
0,20.4200
0,40.1000
0,-20.3189
0,53.6667
0,56.1286
0,43.2569
0,-23.9633
0,-13.0333
0,25.9733
0,-23.4864
0,51.2667
0,17.9833
0,57.9167
0,-25.0950
0,35.0476
0,34.2333
0,52.3156
0,37.6236
0,28.4202
0,34.6833
0,38.5019
0,-27.4833
0,14.3583
0,2.9275
0,64.5500
0,24.4935
0,35.8911
0,10.4000
0,49.2842
0,16.4152
0,19.0833
0,36.0713
0,-29.9200
0,20.8872
0,40.5404
0,33.8390
0,39.8300
0,-22.7250
0,53.1167
0,-23.6464
0,33.4667
0,16.9833
0,52.0333
0,-8.2828
0,48.0556
0,-18.0000
0,30.4427
0,34.5277
0,40.4580
0,35.7994
0,40.5917
0,13.1700
0,31.8416
0,14.4667
0,44.9484
0,42.1433
0,15.4802
0,35.0167
0,-31.7719
0,34.6935
0,36.0956
0,8.2333
0,-33.0153
0,-20.5389
0,52.0847
0,54.5333
0,34.7368
0,27.7260
0,26.1200
0,51.2333
0,24.9211
0,27.5667
0,41.9377
0,35.9251
0,40.3864
0,37.3252
0,19.3200
0,12.6667
0,14.3333
0,50.4111
0,36.9167
0,38.3453
0,-26.0936
0,21.5083
0,27.6666
0,37.9640
0,0.5000
0,-9.3928
0,35.1928
0,25.9755
0,8.9534
0,51.4542
0,-19.7478
0,54.5964
0,37.0333
0,36.4722
0,39.2320
0,32.2381
0,-33.0245
0,52.0167
0,-2.8974
0,41.0886
0,13.9411
0,14.4000
0,-19.7669
0,22.6700
0,36.3833
0,40.6403
0,40.6828
0,22.1500
0,33.7366
0,24.7504
0,29.3000
0,43.0235
0,-3.9675
0,39.6511
0,30.5667
0,21.6000
0,54.7828
0,43.7706
0,40.7384
0,37.3417
0,36.8500
0,13.7500
0,27.4833
0,22.7000
0,44.9164
0,30.3204
0,14.5667
0,50.7339
0,-25.5350
0,10.4042
0,43.8767
0,23.8504
0,55.5932
0,-26.1625
0,25.5611
0,48.7833
0,34.4100
0,16.8244
0,-6.9197
0,35.0846
0,14.5692
0,46.0726
0,-0.2833
0,39.8143
0,33.3500
0,33.5589
0,2.8200
0,37.4772
0,41.1253
0,-8.3833
0,1.5397
0,13.8000
0,-3.7328
0,12.6000
0,32.3163
0,13.4969
0,23.7300
0,38.4458
0,19.4456
0,42.7142
0,26.2122
0,35.0364
0,18.4037
0,38.0423
0,37.1012
0,-7.6167
0,-32.9167
0,55.4408
0,23.7147
0,33.9234
0,19.4208
0,21.3786
0,42.2755
0,-24.1856
0,45.7597
0,37.8845
0,32.4907
0,14.9000
0,27.8804
0,59.1333
0,9.0500
0,-14.6585
0,49.5744
0,36.0133
0,10.5823
0,39.6986
0,36.3500
0,18.1500
0,34.6988
0,49.9900
0,22.2553
0,10.5200
0,46.7667
0,14.3833
0,-6.7167
0,12.4722
0,9.1833
0,14.2750
0,59.2167
0,54.1833
0,30.6783
0,6.2167
0,51.9625
0,23.2500
0,35.7333
0,49.0167
0,31.1167
0,33.2937
0,52.9686
0,32.2833
0,35.7214
0,-14.8661
0,35.1333
0,-23.9936
0,37.5027
0,25.7800
0,22.9476
0,40.5478
0,-33.9581
0,36.5436
0,35.5704
0,34.4175
0,36.8300
0,13.7696
0,21.4704
0,34.9667
0,19.2647
0,49.4878
0,38.7333
0,35.6597
0,15.4833
0,35.2500
0,5.8904
0,-26.9189
0,38.5039
0,43.1833
0,-5.8167
0,43.0600
0,27.1500
0,15.0333
0,44.9477
0,43.0400
0,62.0272
0,9.6139
0,29.1489
0,10.2167
0,55.4297
0,23.7333
0,-25.5167
0,43.8333
0,34.6431
0,-6.8883
0,37.7644
0,41.1333
0,-20.3162
0,15.4833
0,-7.9408
0,17.0833
0,4.5389
0,39.7197
0,-33.6000
0,-34.4331
0,48.3900
0,6.2000
0,35.9439
0,-23.0333
0,37.9789
0,28.0556
0,9.6000
0,7.0500
0,34.1958
0,2.4411
0,-24.0058
0,28.3185
0,7.2167
0,41.6528
0,-5.1878
0,14.7000
0,17.9229
0,53.1167
0,8.5833
0,68.9667
0,35.9500
0,38.7581
0,42.2314
0,-8.1727
0,-38.7167
0,36.5804
0,25.4100
0,-22.5050
0,24.1556
0,28.8154
0,17.4917
0,51.4939
0,35.3386
0,23.4500
0,40.7845
0,-33.0458
0,48.3717
0,-8.9000
0,-22.5647
0,25.7500
0,26.7200
0,38.3686
0,14.6667
0,40.5489
0,22.6500
0,30.5833
0,-12.1958
0,29.4004
0,18.5500
0,35.5500
0,37.3675
0,52.7167
0,47.1622
0,14.7833
0,7.7300
0,46.6333
0,43.3125
0,47.2100
0,5.4667
0,-27.4514
0,45.6500
0,51.3166
0,-15.4908
0,18.4333
0,39.6833
0,36.1900
0,40.2236
0,54.9000
0,47.7500
0,4.9433
0,40.8090
0,23.2504
0,16.7000
0,13.6500
0,37.1943
0,61.1508
0,11.7167
0,9.2994
0,33.0502
0,33.6772
0,-12.6978
0,47.9025
0,14.4514
0,-23.5428
0,15.2667
0,49.8356
0,-18.0556
0,9.4578
0,44.1733
0,32.8000
0,19.6333
0,-7.2342
0,45.8353
0,41.5563
0,37.7608
0,8.6150
0,11.3950
0,17.3433
0,26.7039
0,35.0800
0,23.7104
0,-29.6839
0,-23.6019
0,-5.3689
0,24.1600
0,36.5726
0,-38.7399
0,53.6333
0,42.2597
0,-6.8667
0,-14.0667
0,40.7245
0,41.0300
0,37.8747
0,35.6658
0,2.9600
0,10.3686
0,61.7833
0,41.6767
0,34.7717
0,15.4768
0,22.2333
0,32.4656
0,-11.2052
0,21.3136
0,49.4444
0,-12.8500
0,50.0825
0,57.7667
0,42.3790
0,35.8167
0,-18.8508
0,50.2500
0,27.3417
0,34.7400
0,60.9389
0,35.6000
0,20.1000
0,-7.2128
0,9.5833
0,49.4200
0,7.1962
0,18.4167
0,32.0281
0,-27.3667
0,45.4833
0,42.2833
0,33.7096
0,0.0486
0,18.4617
0,10.6000
0,35.9786
0,32.6281
0,23.3167
0,34.7607
0,-7.4639
0,52.9167
0,34.7186
0,31.1417
0,44.0563
0,43.5333
0,22.9311
0,23.4800
0,-10.2128
0,44.3333
0,-0.8667
0,-3.5336
0,39.7747
0,40.8222
0,20.4461
0,35.6581
0,3.6000
0,35.6689
0,51.2333
0,23.9667
0,36.5504
0,24.8200
0,50.3714
0,-0.2542
0,44.7167
0,13.9833
0,50.2544
0,18.6700
0,10.2904
0,36.3667
0,60.2100
0,21.1900
0,7.0697
0,5.9333
0,34.4000
0,13.9333
0,40.8075
0,56.6328
0,-5.9158
0,43.4833
0,35.4981
0,24.0889
0,20.5703
0,40.0806
0,48.2908
0,-22.8219
0,33.5659
0,24.0943
0,50.9068
0,-6.4167
0,14.6833
0,14.0700
0,40.3400
0,28.0118
0,-19.4678
0,12.4394
0,39.4242
0,44.9231
0,34.6667
0,34.9506
0,47.0749
0,27.7931
0,51.4667
0,-2.9500
0,-17.9667
0,32.3878
0,37.0750
0,30.2084
0,35.8500
0,1.6667
0,51.0536
0,-25.3431
0,-38.1500
0,41.1597
0,26.2442
0,51.5167
0,44.8400
0,51.2000
0,-22.5231
0,-14.7306
0,36.9000
0,-23.5111
0,27.5629
0,13.8667
0,40.7161
0,45.4397
0,15.1206
0,35.3933
0,31.0500
0,25.6500
0,-24.9558
0,35.3231
0,32.5100
0,33.2826
0,40.7778
0,7.4478
0,36.0641
0,35.8256
0,36.7280
0,25.6833
0,25.7835
0,-5.5258
0,19.5200
0,14.8183
0,32.3778
0,37.7667
0,-25.5400
0,45.4386
0,34.5664
0,26.7855
0,33.2015
0,20.6275
0,33.6872
0,52.5833
0,31.0754
0,60.3925
0,30.4551
0,48.3336
0,-19.8667
0,7.0904
0,14.6969
0,11.9304
0,-30.0808
0,40.7520
0,-29.9433
0,-7.8166
0,11.7500
0,34.0667
0,14.8433
0,24.1422
0,34.2100
0,16.2104
0,16.4847
0,10.2283
0,5.3303
0,6.8900
0,9.7500
0,-15.1953
0,42.8500
0,38.8667
0,32.3473
0,33.3101
0,31.9500
0,15.5000
0,3.0300
0,27.2172
0,33.9500
0,-1.6794
0,10.0125
0,40.9667
0,47.2333
0,37.1939
0,13.6300
0,-15.6500
0,-33.4167
0,33.5791
0,-27.7844
0,41.7733
0,38.6833
0,25.4200
0,36.2880
0,28.9958
0,10.3411
0,15.2167
0,29.6334
0,35.6506
0,40.5333
0,7.6300
0,1.8650
0,50.5500
0,36.5500
0,45.4233
0,32.7628
0,10.5563
0,49.5881
0,52.2692
0,50.6197
0,54.5189
0,13.7472
0,-2.2100
0,14.2306
0,28.0833
0,28.4337
0,35.3339
0,36.5208
0,50.7762
0,54.3233
0,30.6706
0,11.0042
0,-29.6778
0,2.3000
0,35.4693
0,-31.7444
0,38.2500
0,-17.9800
0,36.0333
0,-34.6653
0,-22.6528
0,61.6667
0,55.8892
0,26.4833
0,-25.2919
0,50.8333
0,52.1333
0,9.3598
0,6.1726
0,51.6167
0,23.1704
0,40.4348
0,13.0869
0,22.7500
0,36.6778
0,35.1614
0,28.7437
0,11.5850
0,38.6131
0,-5.0667
0,36.2167
0,18.8000
0,41.1495
0,10.4335
0,11.2444
0,-22.7475
0,25.3867
0,41.6722
0,38.0333
0,32.0833
0,36.8945
0,-34.7708
0,-19.4658
0,-6.4833
0,25.2938
0,20.3833
0,-22.0178
0,37.5265
0,51.4828
0,-29.7600
0,35.7333
0,40.8417
0,39.6167
0,-20.1389
0,56.1572
0,46.1978
0,-42.8806
0,39.7114
0,-19.1167
0,34.6750
0,32.9100
0,52.1278
0,32.8584
0,40.5100
0,45.5333
0,34.7936
0,48.7167
0,25.3994
0,50.6278
0,5.5500
0,38.8270
0,49.4900
0,4.8500
0,39.2500
0,-26.2547
0,48.9228
0,23.6802
0,23.6167
0,13.4916
0,27.7562
0,33.1631
0,36.4669
0,-34.7167
0,25.5269
0,55.6333
0,36.3276
0,27.0046
0,16.7667
0,17.4500
0,34.7661
0,28.5902
0,-25.8603
0,39.3797
0,22.4700
0,47.7000
0,35.4817
0,37.1781
0,18.2167
0,13.9759
0,9.3000
0,44.8980
0,-13.0167
0,38.2669
0,32.6342
0,20.3817
0,21.6425
0,48.5076
0,33.8972
0,36.0807
0,-8.1152
0,-22.3708
0,4.4147
0,-3.2667
0,28.0733
0,26.9103
0,11.9300
0,14.8333
0,38.1936
0,49.0775
0,42.7491
0,-2.4431
0,41.4333
0,30.8100
0,38.8786
0,10.2500
0,25.8696
0,25.8004
0,39.9651
0,33.2667
0,49.2667
0,-34.1654
0,56.2333
0,52.0400
0,-22.2139
0,56.1667
0,39.8112
0,-23.0903
0,6.1719
0,47.9947
0,-2.1733
0,-3.8769
0,35.9775
0,35.4394
0,-38.9573
0,13.9667
0,-34.7500
0,-22.8789
0,0.9000
0,51.2000
0,18.1167
0,40.7912
0,37.9881
0,-23.6039
0,25.7725
0,64.4833
0,48.5103
0,50.8096
0,-16.4708
0,20.1383
0,51.3333
0,14.3944
0,14.7581
0,22.7528
0,35.7126
0,59.7300
0,42.5000
0,20.6667
0,33.3858
0,12.0500
0,25.9980
0,41.8167
0,43.3000
0,-7.7500
0,-23.3050
0,12.1704
0,19.6083
0,14.8333
0,41.5611
0,-21.7939
0,52.5667
0,35.8333
0,8.1700
0,31.3186
0,6.4489
0,-2.3496
0,-23.5489
0,9.2833
0,35.2714
0,1.3667
0,29.6804
0,10.2686
0,-18.1492
0,19.8500
0,55.9167
0,-22.2208
0,42.8679
0,61.4981
0,36.2404
0,50.2578
0,58.5210
0,22.8711
0,31.7978
0,21.5767
0,37.9667
0,-27.0958
0,-26.1070
0,10.8000
0,51.2981
0,-26.9078
0,19.8000
0,9.8667
0,41.1231
0,22.1833
0,-22.1258
0,-34.5167
0,49.5667
0,14.7167
0,-26.1847
0,41.5483
0,8.5667
0,28.5800
0,-23.9000
0,36.2200
0,33.5606
0,51.4036
0,50.7478
0,43.3600
0,30.4271
0,35.0211
0,19.2242
0,44.2779
0,32.7000
0,-9.4139
0,-14.7858
0,26.3000
0,51.5440
0,18.8942
0,29.3242
0,4.0847
0,50.0000
0,-22.8583
0,1.4472
0,22.9000
0,38.4789
0,31.4167
0,-0.9500
0,0.1251
0,13.4833
0,18.4572
0,32.3328
0,47.5436
0,6.1167
0,35.7425
0,51.8783
0,47.2431
0,27.1500
0,57.1500
0,53.8697
0,38.2772
0,23.6167
0,53.2144
0,-3.4667
0,10.3105
0,52.6300
0,37.9069
0,37.6000
0,54.8622
0,40.4667
0,37.7556
0,34.1417
0,10.1667
0,14.7333
0,60.3000
0,31.3167
0,11.0167
0,30.5852
0,36.4028
0,42.2749
0,50.4547
0,34.1914
0,10.2278
0,31.1033
0,33.6833
0,53.1500
0,37.2785
0,37.1450
0,46.2000
0,34.0968
0,11.3167
0,-29.9900
0,-17.5103
0,22.2500
0,51.4699
0,8.8858
0,36.6817
0,34.4303
0,33.9244
0,35.2000
0,4.0167
0,34.2492
0,1.8067
0,45.4064
0,42.8167
0,23.0436
0,44.9386
0,-28.6775
0,19.2511
0,-32.0350
0,57.8167
0,49.7956
0,36.9706
0,40.6924
0,5.5403
0,7.0675
0,-20.8489
0,28.4667
0,4.7704
0,5.3631
0,6.8204
0,51.9000
0,10.4739
0,23.2938
0,54.0833
0,44.0608
0,6.7804
0,5.3533
0,37.2792
0,10.4667
0,31.2589
0,35.5644
0,27.0577
0,52.3758
0,-3.2967
0,26.1667
0,37.6000
0,46.8652
0,28.6500
0,22.4067
0,22.3302
0,-36.7913
0,-36.8490
0,22.1083
0,10.3500
0,-6.8242
0,44.5150
0,-14.5500
0,-35.4266
0,-1.0544
0,36.0987
0,24.9439
0,48.3000
0,45.6503
0,10.9375
0,-5.9147
0,34.8500
0,35.6833
0,25.0000
0,29.0667
0,16.7000
0,42.6056
0,55.9167
0,-6.1667
0,44.1447
0,36.4611
0,40.7333
0,35.1988
0,12.5833
0,0.7833
0,29.7204
0,32.0807
0,-28.2628
0,15.7800
0,35.7225
0,-29.9532
0,30.1500
0,8.0000
0,50.9787
0,43.6773
0,53.2167
0,52.5167
0,50.4167
0,18.4300
0,-15.8667
0,20.5333
0,53.0167
0,0.9188
0,24.8333
0,9.7004
0,25.6969
0,3.3000
0,34.4285
0,29.6804
0,20.9667
0,25.6900
0,55.6814
0,35.4681
0,50.3000
0,-18.4784
0,32.6604
0,36.8403
0,-11.1083
0,47.5300
0,15.4800
0,-7.1644
0,40.8522
0,51.3727
0,31.5938
0,22.0257
0,19.6656
0,13.1906
0,28.2769
0,40.3097
0,44.8479
0,16.6171
0,47.0417
0,28.4500
0,10.2261
0,50.6397
0,65.0142
0,33.1555
0,-34.7000
0,35.9302
0,40.9466
0,-22.4108
0,41.5495
0,32.7604
0,28.4104
0,-10.1996
0,15.8833
0,32.8800
0,5.0300
0,37.4667
0,7.8333
0,40.2833
0,44.7667
0,34.1818
0,33.6960
0,24.1000
0,40.4181
0,45.5389
0,42.4650
0,42.9750
0,-3.4135
0,22.7000
0,28.9050
0,17.5500
0,13.6167
0,49.1667
0,32.0167
0,3.2500
0,10.0889
0,47.0722
0,13.1333
0,42.5404
0,22.7000
0,41.7637
0,28.7833
0,21.3004
0,34.4167
0,-5.2496
0,-9.9294
0,35.6714
0,5.0247
0,32.3394
0,53.8833
0,42.3444
0,23.2200
0,0.5167
0,39.9667
0,26.5606
0,17.2500
0,39.8417
0,44.8015
0,34.8822
0,13.2804
0,9.5597
0,22.9000
0,37.2306
0,32.4767
0,41.5507
0,33.3881
0,37.4504
0,40.3281
0,7.8833
0,-29.9027
0,38.8870
0,28.9667
0,43.8808
0,19.0633
0,37.0078
0,46.9500
0,43.8667
0,11.1333
0,0.5411
0,32.6872
0,-17.8764
0,35.4000
0,36.1472
0,29.3375
0,37.1833
0,-34.9333
0,14.7189
0,19.7500
0,43.4500
0,36.1785
0,2.0500
0,-32.9167
0,38.7333
0,41.4000
0,50.8725
0,-9.7525
0,7.9000
0,-21.2089
0,51.5600
0,-1.2969
0,9.0436
0,31.5598
0,51.5761
0,-7.6300
0,9.3206
0,16.7333
0,-7.6406
0,37.8481
0,30.5920
0,45.0000
0,-22.2819
0,43.3200
0,52.0390
0,-7.8672
0,34.9667
0,36.6884
0,-7.0000
0,21.1382
0,-23.5411
0,-22.7539
0,28.3006
0,58.0500
0,39.6500
0,51.3594
0,7.3214
0,-19.5833
0,15.9281
0,13.9125
0,41.5583
0,35.2175
0,9.3400
0,-18.9728
0,41.5421
0,23.9000
0,22.4122
0,36.5695
0,25.6167
0,35.6939
0,-3.4328
0,-23.0069
0,19.3000
0,36.5117
0,60.4517
0,10.4717
0,-20.2141
0,41.9665
0,35.6667
0,10.2558
0,32.1669
0,35.5011
0,50.7200
0,40.6723
0,37.1500
0,42.2167
0,43.5397
0,35.6833
0,16.6805
0,34.4836
0,49.2628
0,44.6458
0,11.7704
0,40.2833
0,33.2566
0,40.1411
0,38.4109
0,23.6000
0,37.5947
0,0.0722
0,7.3000
0,51.5875
0,15.6300
0,35.5833
0,50.0667
0,47.5606
0,4.0904
0,34.0393
0,25.8519
0,39.6401
0,37.0500
0,-20.0219
0,19.0522
0,42.1168
0,-22.4119
0,45.6366
0,43.5845
0,35.7247
0,-21.4333
0,-7.3667
0,64.5667
0,50.0500
0,11.4189
0,12.0667
0,21.0200
0,63.4400
0,43.6500
0,43.3192
0,-7.1908
0,35.6808
0,53.7167
0,43.3167
0,27.6204
0,52.4000
0,7.9564
0,50.8147
0,-3.7857
0,-25.3950
0,34.9437
0,45.2692
0,35.2494
0,38.7500
0,41.5333
0,26.1412
0,9.9833
0,38.1144
0,26.1505
0,-34.7679
0,38.5503
0,29.4904
0,24.2500
0,25.7333
0,4.8361
0,49.2333
0,14.0833
0,53.0167
0,20.1444
0,6.5833
0,11.5643
0,-26.4858
0,7.6667
0,-19.2564
0,5.1800
0,50.3011
0,11.5204
0,17.6483
0,8.0931
0,-29.4131
0,40.1500
0,13.5500
0,-3.0000
0,-13.1631
0,6.2000
0,9.5004
0,52.0594
0,-5.8500
0,35.3667
0,41.6781
0,42.7700
0,43.5100
0,-14.7889
0,41.4409
0,-22.5439
0,-26.8667
0,35.8492
0,35.9907
0,51.6667
0,-21.5317
0,31.1249
0,-2.5619
0,-5.0667
0,5.3306
0,-7.3095
0,37.1051
0,38.1619
0,4.4667
0,24.9575
0,9.0804
0,17.0197
0,43.4628
0,41.2077
0,32.8664
0,23.6236
0,19.4167
0,12.9204
0,22.6200
0,36.7511
0,34.1248
0,69.3333
0,53.1167
0,-10.8550
0,33.7341
0,24.9167
0,21.9833
0,11.0100
0,18.2004
0,40.3500
0,37.9430
0,54.9061
0,-19.3987
0,17.7866
0,50.3000
0,38.6803
0,51.5588
0,49.7414
0,18.8167
0,-17.7978
0,36.9789
0,16.0333
0,30.3342
0,43.1258
0,18.6333
0,41.4016
0,39.9831
0,33.7844
0,38.6970
0,16.0333
0,-12.4167
0,41.2583
0,33.2247
0,36.6650
0,22.8667
0,9.3200
0,54.5767
0,33.2667
0,6.5000
0,53.7800
0,11.7500
0,40.3047
0,37.3919
0,40.5700
0,3.3283
0,16.2511
0,42.6504
0,29.4700
0,14.0833
0,38.6000
0,8.1575
0,38.4160
0,53.1667
0,10.6722
0,45.4347
0,-16.2528
0,21.3564
0,38.9956
0,49.4811
0,12.4333
0,15.8200
0,22.7400
0,49.8225
0,42.9304
0,14.3000
0,50.3470
0,41.8082
0,20.9514
0,24.6561
0,23.0236
0,26.0128
0,34.8828
0,36.6000
0,32.8639
0,55.6029
0,38.1133
0,4.5833
0,19.3833
0,-8.1950
0,51.4275
0,-17.4042
0,-7.8508
0,44.7000
0,30.4628
0,44.3711
0,55.8167
0,14.1520
0,35.3681
0,42.3500
0,35.7933
0,21.0178
0,-23.2817
0,33.7787
0,47.5167
0,10.5388
0,10.3833
0,56.4000
0,36.0164
0,33.5869
0,28.4050
0,42.3372
0,-3.9906
0,-37.7833
0,43.8000
0,-3.4044
0,17.9667
0,16.1667
0,36.0667
0,42.4647
0,34.2942
0,-5.0939
0,7.7600
0,35.7820
0,2.0336
0,47.4222
0,33.9600
0,34.8667
0,48.0809
0,6.7500
0,-33.2994
0,-41.4718
0,33.8616
0,53.1439
0,22.4333
0,24.6728
0,32.5005
0,36.7817
0,29.1780
0,59.8498
0,41.1500
0,10.2003
0,18.8100
0,24.9004
0,-21.7878
0,38.2992
0,-3.6861
0,34.2000
0,11.5833
0,-1.2417
0,12.9667
0,18.6181
0,2.9667
0,40.1711
0,36.7650
0,-23.7172
0,-23.6228
0,19.1020
0,55.1667
0,-25.6667
0,38.2500
0,11.5442
0,-13.7667
0,35.1667
0,34.2903
0,-23.2642
0,8.1491
0,25.8804
0,30.9833
0,18.3431
0,7.2970
0,32.0300
0,-28.7386
0,34.7178
0,-0.3603
0,16.2430
0,36.7541
0,36.8667
0,23.9167
0,37.8417
0,44.4196
0,52.2789
0,40.7706
0,43.1121
0,13.3322
0,43.9000
0,55.7075
0,51.0333
0,35.9333
0,31.6333
0,53.3917
0,27.6300
0,-4.8589
0,22.1456
0,14.7300
0,12.8308
0,36.2497
0,23.2893
0,53.6450
0,44.1523
0,51.5100
0,-32.8494
0,-36.6067
0,29.3333
0,55.4004
0,-5.1167
0,32.0700
0,31.8020
0,-27.6167
0,43.8445
0,21.4618
0,52.3803
0,5.6667
0,28.7000
0,-23.5917
0,37.8944
0,38.5000
0,20.8504
0,7.7000
0,33.9517
0,40.6667
0,30.0703
0,33.7050
0,40.1167
0,47.1167
0,22.7807
0,43.3494
0,13.4500
0,23.2723
0,30.5589
0,42.9848
0,9.4333
0,-4.9039
0,22.7755
0,44.8500
0,14.2828
0,28.0300
0,13.2000
0,19.2833
0,36.5656
0,31.4175
0,40.6337
0,30.4000
0,-26.1883
0,14.9333
0,49.4122
0,27.2578
0,38.4811
0,-9.3000
0,52.2100
0,55.8000
0,-13.8578
0,0.1333
0,17.4833
0,23.4000
0,46.2500
0,45.4000
0,51.1667
0,46.7468
0,14.5500
0,-34.5333
0,-34.8333
0,18.3793
0,-22.9189
0,25.7915
0,-22.9239
0,47.3167
0,38.1522
0,7.0731
0,33.3333
0,49.8667
0,19.1167
0,28.4853
0,46.1667
0,28.6471
0,20.7833
0,38.8861
0,-33.3333
0,-12.0139
0,18.4200
0,48.7208
0,43.5500
0,32.3256
0,38.6833
0,51.7298
0,14.2833
0,7.0167
0,41.4667
0,-28.4686
0,9.3500
0,40.1144
0,38.8185
0,-33.9667
0,51.5426
0,44.4178
0,35.7547
0,37.6328
0,-1.7178
0,35.3594
0,25.8800
0,42.4257
0,10.7000
0,41.4450
0,34.5781
0,31.5200
0,39.7710
0,16.7367
0,-34.7167
0,-33.1230
0,18.9333
0,45.7667
0,15.3167
0,31.1500
0,-17.5350
0,39.6977
0,51.7519
0,-8.0219
0,40.3990
0,36.6206
0,37.3447
0,27.0813
0,-22.4624
0,39.7464
0,23.0701
0,-25.7684
0,-27.8158
0,47.7972
0,32.5861
0,41.4304
0,2.7833
0,36.1528
0,18.8833
0,41.6458
0,32.2689
0,37.9125
0,39.4336
0,44.8667
0,36.1647
0,18.5036
0,47.4736
0,37.5392
0,12.9167
0,23.5239
0,-25.5208
0,21.0094
0,0.9500
0,34.9893
0,30.2012
0,31.8831
0,15.0667
0,39.2167
0,52.4697
0,36.3964
0,17.0500
0,40.9833
0,33.2348
0,54.2260
0,36.2864
0,51.2003
0,-22.5269
0,48.1000
0,32.5970
0,41.6344
0,34.5944
0,46.8333
0,10.9500
0,12.9333
0,15.3249
0,26.0294
0,25.2167
0,32.0249
0,9.7833
0,27.4833
0,-15.6700
0,7.0500
0,53.3667
0,40.3542
0,28.7657
0,17.6167
0,-6.7500
0,20.9478
0,15.1458
0,49.0167
0,29.8554
0,53.9583
0,10.1600
0,54.9000
0,-40.5739
0,-8.4228
0,31.1000
0,35.6333
0,33.2497
0,36.3824
0,-5.9229
0,-12.1528
0,-16.1579
0,-11.4500
0,-2.9050
0,26.7504
0,51.5836
0,50.7167
0,42.4333
0,39.1450
0,43.2281
0,48.9500
0,40.0833
0,11.8283
0,14.9500
0,24.7904
0,32.8065
0,6.2167
0,-16.9303
0,24.7500
0,20.4478
0,39.1234
0,36.2601
0,35.2937
0,23.2500
0,33.7793
0,38.0167
0,36.4019
0,13.8300
0,37.3836
0,23.6636
0,-5.4667
0,16.2618
0,34.2144
0,33.0023
0,20.0833
0,11.3408
0,7.1917
0,34.9403
0,0.6928
0,36.0622
0,37.2500
0,14.2504
0,55.0500
0,12.6242
0,43.8380
0,51.7550
0,42.8167
0,-1.0333
0,3.1700
0,34.0585
0,13.3622
0,41.4584
0,33.1347
0,10.4603
0,-1.6743
0,-27.7694
0,-12.5500
0,24.3620
0,51.7167
0,35.8531
0,19.9833
0,20.3397
0,29.6583
0,-34.8167
0,38.8803
0,-36.7145
0,-18.5871
0,-27.3665
0,35.7058
0,44.0142
0,16.2415
0,44.0594
0,56.4620
0,10.1136
0,35.2833
0,-39.8142
0,2.7667
0,35.8175
0,36.4086
0,42.2500
0,-9.3172
0,-7.9667
0,15.6804
0,38.8000
0,23.1333
0,41.6697
0,23.7000
0,40.9667
0,13.9667
0,-26.7150
0,51.9833
0,-31.3922
0,34.1500
0,28.1931
0,27.7306
0,39.7225
0,40.6500
0,21.8478
0,35.8358
0,41.3833
0,29.8742
0,36.5167
0,20.9344
0,-12.5447
0,22.8869
0,38.2592
0,35.9333
0,22.8300
0,30.7194
0,45.8000
0,41.7483
0,-33.0498
0,35.4281
0,21.1516
0,55.1000
0,41.4056
0,21.4411
0,47.5951
0,42.1014
0,-9.3467
0,7.2111
0,30.3786
0,31.1308
0,26.0031
0,43.6905
0,9.5333
0,46.5833
0,41.6916
0,39.0346
0,-22.3719
0,7.4004
0,41.5189
0,44.0333
0,45.7831
0,-3.3349
0,37.2744
0,32.6250
0,51.5167
0,11.9020
0,2.1404
0,-23.3286
0,55.6733
0,26.7319
0,10.9000
0,47.7617
0,35.8303
0,13.9715
0,-25.5928
0,14.6000
0,13.7403
0,-33.2000
0,55.0833
0,39.6369
0,34.7473
0,-8.2900
0,30.0849
0,-11.8639
0,25.8167
0,18.2900
0,22.7837
0,23.0494
0,17.1333
0,8.4333
0,48.0077
0,-34.6833
0,37.1118
0,59.4167
0,-16.4500
0,25.5744
0,37.5058
0,41.3167
0,40.6556
0,37.2500
0,35.0167
0,10.0386
0,35.3989
0,40.9147
0,37.3057
0,13.1333
0,5.1000
0,14.5333
0,16.9333
0,14.4600
0,21.5833
0,-10.7539
0,43.2500
0,48.4167
0,18.1000
0,4.6333
0,33.2700
0,27.6833
0,1.6142
0,38.2705
0,40.2111
0,30.7700
0,32.3184
0,21.8481
0,12.3528
0,46.0708
0,33.5492
0,53.8142
0,24.5804
0,47.8666
0,15.4000
0,33.8346
0,-12.9667
0,20.9500
0,-22.2958
0,33.1000
0,38.6250
0,46.8000
0,16.5333
0,30.4167
0,19.7386
0,51.5880
0,43.5263
0,37.3250
0,-37.4707
0,-1.6928
0,18.4539
0,32.5992
0,52.6766
0,-24.7139
0,-13.3000
0,8.1500
0,8.5667
0,42.0103
0,37.0104
0,44.6000
0,29.9944
0,36.2000
0,46.5333
0,35.8622
0,-19.4580
0,49.8881
0,29.9977
0,35.3403
0,24.0300
0,50.0833
0,44.4190
0,30.3658
0,41.0167
0,40.4500
0,28.5000
0,33.6800
0,38.9478
0,19.2433
0,33.9508
0,38.7703
0,39.9197
0,27.8000
0,20.8170
0,49.0500
0,6.9500
0,20.3928
0,50.2628
0,25.9773
0,1.8500
0,34.1597
0,56.3606
0,-17.8578
0,32.7623
0,35.7108
0,23.9210
0,10.9805
0,7.0083
0,15.3312
0,38.8832
0,34.9334
0,11.9667
0,36.2675
0,10.0800
0,15.7833
0,29.5799
0,34.1959
0,4.3372
0,53.4240
0,29.5167
0,35.2739
0,15.0444
0,-34.6582
0,14.0367
0,48.8352
0,51.9397
0,35.0622
0,17.7167
0,47.2436
0,30.3500
0,39.2333
0,18.3000
0,-22.8858
0,26.2667
0,24.0004
0,-2.2439
0,20.9142
0,36.1833
0,49.2839
0,32.9890
0,10.5322
0,39.0876
0,38.4281
0,53.2824
0,22.7736
0,18.2079
0,36.6944
0,12.2604
0,41.1187
0,49.8920
0,-31.5800
0,38.3484
0,33.8038
0,33.8841
0,21.9339
0,-21.2258
0,32.0231
0,19.1056
0,35.4886
0,-7.4722
0,-12.4381
0,48.7636
0,12.5242
0,50.7264
0,40.4151
0,34.8458
0,33.8100
0,27.0000
0,39.9167
0,-27.6444
0,2.2489
0,-7.7667
0,1.1167
0,10.5333
0,-19.8858
0,32.8082
0,-23.1172
0,62.2333
0,23.2500
0,38.9500
0,-17.3975
0,-8.8903
0,19.2833
0,-17.8500
0,-27.5667
0,-8.4667
0,35.3761
0,-10.7183
0,-4.8833
0,41.2333
0,34.8667
0,-27.3333
0,18.4054
0,35.5269
0,13.6742
0,35.2500
0,59.8601
0,37.1361
0,13.0833
0,46.8500
0,-23.5508
0,-4.0217
0,36.7169
0,40.9000
0,37.2242
0,19.2833
0,46.5497
0,32.3265
0,40.6806
0,51.6833
0,30.1995
0,-8.1000
0,26.1917
0,18.7889
0,50.8429
0,37.2836
0,32.0833
0,-37.6858
0,18.8165
0,41.1404
0,4.7500
0,16.6833
0,17.9500
0,41.5345
0,37.1436
0,9.3103
0,40.6889
0,45.3503
0,32.4500
0,-7.1139
0,35.0000
0,10.4000
0,13.3500
0,14.9736
0,33.3683
0,16.8892
0,31.6658
0,33.8000
0,49.6375
0,32.0089
0,31.0308
0,14.0667
0,37.0551
0,-22.8728
0,15.1493
0,13.3667
0,46.3500
0,15.9761
0,22.9078
0,-2.1347
0,27.9183
0,10.2450
0,19.0886
0,7.7170
0,40.0833
0,31.8914
0,-25.4589
0,24.9781
0,25.4667
0,42.4934
0,34.7849
0,40.4757
0,51.6522
0,13.8000
0,13.4500
0,26.2702
0,47.2683
0,35.7839
0,13.1000
0,36.8206
0,13.0050
0,1.8539
0,30.5254
0,35.8642
0,46.5923
0,30.4333
0,31.9500
0,9.9369
0,20.2539
0,10.4929
0,47.6842
0,38.2311
0,41.3833
0,44.8353
0,16.2000
0,0.3628
0,42.5809
0,58.9701
0,20.4000
0,47.3887
0,41.2000
0,51.6287
0,8.9219
0,-6.7303
0,28.6400
0,43.5500
0,10.7792
0,5.7158
0,4.1667
0,22.7135
0,-10.8853
0,45.3272
0,-29.7178
0,17.9961
0,16.5333
0,8.5667
0,35.7833
0,9.1397
0,35.7372
0,15.9167
0,11.0104
0,-4.0167
0,59.6173
0,14.8333
0,40.4614
0,36.0758
0,14.1997
0,16.4621
0,30.1204
0,50.1667
0,38.4167
0,5.6923
0,4.3036
0,-22.2281
0,22.9700
0,41.5333
0,48.7543
0,-3.4939
0,34.4089
0,43.9100
0,-3.8900
0,37.4507
0,17.4253
0,28.6781
0,-5.0167
0,37.3645
0,-8.1264
0,40.8265
0,13.5500
0,30.0500
0,42.7274
0,35.5956
0,37.7527
0,34.8303
0,13.0833
0,45.0167
0,-20.6600
0,43.3972
0,16.7667
0,3.1167
0,33.4833
0,37.4313
0,49.4783
0,54.9167
0,53.5780
0,-9.2583
0,41.1035
0,-33.0428
0,-12.5500
0,7.8167
0,49.7944
0,38.7333
0,-11.1822
0,40.6657
0,50.6722
0,56.1167
0,-22.3569
0,14.4962
0,51.5768
0,30.7192
0,-15.8433
0,31.3342
0,-31.3883
0,51.5833
0,29.1453
0,-12.1356
0,45.9160
0,-8.7351
0,30.0419
0,6.1000
0,18.4600
0,39.1098
0,-34.7667
0,49.3500
0,35.2167
0,23.1399
0,47.1333
0,43.8833
0,14.4333
0,52.1153
0,30.0000
0,42.9627
0,10.3500
0,27.6000
0,-33.5431
0,5.8372
0,7.2467
0,55.4333
0,32.7648
0,34.7333
0,38.2000
0,11.6667
0,-23.8953
0,42.8833
0,50.8392
0,26.4837
0,56.0833
0,13.1619
0,35.2222
0,36.3406
0,59.2669
0,10.8000
0,29.1083
0,48.3984
0,8.4904
0,45.5836
0,11.3131
0,-23.4439
0,61.1000
0,49.1404
0,21.3320
0,-0.2244
0,5.8219
0,41.0167
0,-1.5058
0,22.6572
0,22.3375
0,19.5689
0,41.4676
0,-20.6578
0,41.1271
0,-34.6500
0,-29.7550
0,23.4088
0,50.7167
0,48.8950
0,37.4003
0,35.1833
0,33.6458
0,15.1700
0,-12.1167
0,-2.1000
0,34.2663
0,6.0500
0,57.0337
0,13.5441
0,52.4130
0,22.9500
0,20.1500
0,7.2004
0,22.7100
0,-9.5469
0,37.5455
0,-7.4706
0,12.8705
0,55.9167
0,12.0000
0,14.9333
0,54.0333
0,14.3333
0,15.5839
0,11.9136
0,40.9319
0,6.2000
0,10.1875
0,-23.5278
0,14.4741
0,54.9500
0,43.0117
0,35.7581
0,18.8500
0,18.9000
0,35.3493
0,-26.9908
0,-22.4689
0,34.7119
0,-23.4189
0,39.5842
0,10.9556
0,39.0259
0,36.5350
0,42.5864
0,35.2335
0,8.8167
0,27.8440
0,52.7333
0,15.0719
0,33.5722
0,52.4231
0,37.0694
0,42.4614
0,50.8483
0,53.2000
0,56.9167
0,36.1275
0,33.1333
0,36.2039
0,40.0249
0,4.3313
0,47.6597
0,16.5500
0,33.4581
0,48.1214
0,37.3739
0,-25.6167
0,44.2222
0,-6.3356
0,52.9527
0,45.6950
0,9.2467
0,11.3778
0,13.7167
0,25.6667
0,43.4132
0,42.0692
0,53.7590
0,-15.5369
0,-0.6698
0,19.2500
0,-6.7415
0,24.3512
0,30.4667
0,6.1333
0,14.8000
0,32.4543
0,-53.1627
0,-21.5508
0,26.6120
0,50.3182
0,39.2590
0,32.9300
0,15.8777
0,-26.2672
0,47.1414
0,34.4833
0,26.3419
0,16.6167
0,39.2358
0,35.0381
0,53.7480
0,-20.5569
0,10.0667
0,19.6923
0,7.8940
0,14.6379
0,42.4643
0,36.4619
0,30.5958
0,22.7900
0,29.5585
0,25.4760
0,-12.5546
0,13.4692
0,0.7333
0,14.4142
0,3.8000
0,38.5243
0,48.8611
0,10.2000
0,-29.1708
0,-22.5667
0,40.7167
0,55.8000
0,30.7258
0,40.7833
0,20.8175
0,34.5094
0,42.6986
0,37.0692
0,33.4933
0,15.7300
0,-23.7108
0,19.9500
0,-17.0667
0,39.4421
0,36.0850
0,38.7217
0,22.5111
0,-28.4572
0,51.5900
0,37.8723
0,52.5500
0,10.4167
0,32.9717
0,39.5500
0,40.5698
0,39.8321
0,34.0326
0,-22.9708
0,-19.6189
0,17.5944
0,-29.9508
0,37.0770
0,30.4700
0,37.9500
0,51.5339
0,15.1167
0,45.7891
0,10.1167
0,14.2833
0,28.9833
0,27.0417
0,43.1039
0,39.1357
0,35.7631
0,35.8794
0,-21.1378
0,62.8925
0,-23.5286
0,48.9356
0,32.4833
0,-25.3250
0,9.6500
0,13.3167
0,-23.2108
0,44.0151
0,-21.1378
0,33.8439
0,14.9667
0,16.4300
0,35.9522
0,42.5209
0,43.8583
0,-34.7667
0,36.5224
0,27.7000
0,20.9500
0,30.4355
0,46.7756
0,22.6225
0,43.2167
0,54.1667
0,34.3000
0,14.9108
0,-9.4078
0,7.5333
0,-22.8167
0,-9.5333
0,15.6581
0,34.9416
0,33.5328
0,33.8814
0,37.0047
0,51.9000
0,42.3759
0,44.6333
0,51.2089
0,60.9804
0,55.7667
0,-3.3100
0,-7.8339
0,46.0667
0,10.2431
0,39.2958
0,34.0153
0,26.8167
0,35.7056
0,-21.2889
0,51.5232
0,34.9167
0,36.0687
0,29.5935
0,5.8167
0,58.4094
0,-23.5469
0,14.4972
0,40.6883
0,44.2225
0,19.6833
0,34.6919
0,13.9311
0,20.0667
0,23.5193
0,18.9089
0,8.5304
0,29.4128
0,11.5204
0,9.3667
0,-4.4550
0,41.6559
0,59.7439
0,43.4199
0,-14.4333
0,6.4000
0,4.8147
0,-18.6489
0,32.5822
0,8.9004
0,-13.1333
0,16.9959
0,48.6239
0,47.2400
0,19.6667
0,55.1000
0,11.7139
0,6.9886
0,39.7575
0,14.5234
0,41.2671
0,-33.0806
0,41.3333
0,51.2667
0,50.7667
0,51.2720
0,-25.0500
0,48.4833
0,49.1044
0,39.1610
0,13.8460
0,18.8500
0,10.0600
0,16.2360
0,47.9500
0,51.7167
0,-1.5167
0,47.6400
0,4.9500
0,-21.1200
0,3.9036
0,-11.8181
0,-32.8833
0,27.9789
0,-37.3167
0,41.1570
0,33.2847
0,45.1517
0,-23.3556
0,10.2167
0,54.2333
0,-0.7167
0,40.7267
0,47.7041
0,-31.3308
0,24.8894
0,36.6224
0,56.0424
0,-37.0167
0,39.0871
0,40.8662
0,48.9500
0,19.7072
0,10.9400
0,40.6024
0,12.9496
0,16.4297
0,55.5669
0,36.7167
0,35.6536
0,26.9333
0,36.9350
0,34.1167
0,21.1333
0,27.0333
0,14.9000
0,51.7361
0,40.4027
0,-3.2028
0,53.5150
0,9.2033
0,27.9367
0,39.1637
0,36.9617
0,-23.3500
0,46.7598
0,43.8081
0,34.0739
0,-25.4419
0,33.9603
0,32.9066
0,33.1247
0,22.9700
0,-42.7730
0,-3.7678
0,36.3144
0,36.8625
0,48.8700
0,50.3597
0,54.4833
0,45.5339
0,-23.2008
0,27.4367
0,34.3486
0,50.3000
0,28.2000
0,44.7500
0,23.8163
0,33.4928
0,53.5500
0,31.7514
0,-34.8167
0,36.8278
0,-34.7000
0,35.7769
0,10.3204
0,-7.7700
0,15.2167
0,43.6112
0,48.4840
0,7.9500
0,14.1667
0,10.3900
0,-12.3833
0,37.8586
0,33.9697
0,51.8917
0,51.6167
0,35.9500
0,4.2981
0,-14.0814
0,21.0228
0,-34.9800
0,30.1738
0,-33.7242
0,34.0500
0,35.2744
0,-23.0058
0,14.4167
0,-23.6200
0,-0.3097
0,53.3920
0,49.5964
0,36.5011
0,35.2347
0,18.0120
0,-11.7600
0,21.2700
0,36.7108
0,50.9917
0,6.7000
0,-16.3778
0,66.0847
0,-17.3333
0,4.7306
0,37.7167
0,39.8837
0,-4.9469
0,-34.6500
0,8.9833
0,37.7667
0,45.5500
0,33.6667
0,53.4300
0,23.9722
0,-41.1500
0,14.3167
0,43.1833
0,52.1333
0,32.5183
0,52.5125
0,35.1128
0,43.0961
0,10.2606
0,10.1692
0,35.4167
0,13.4167
0,22.8000
0,-23.7658
0,39.1444
0,51.1802
0,34.5578
0,50.0833
0,18.1667
0,-34.8167
0,55.9333
0,42.0667
0,50.9272
0,14.4900
0,40.6069
0,-0.0350
0,40.8500
0,14.4833
0,35.2083
0,15.0933
0,22.3606
0,47.5772
0,22.7333
0,26.2428
0,18.1951
0,-19.0089
0,55.6011
0,26.7468
0,58.1467
0,32.6500
0,-19.5389
0,13.2167
0,41.7277
0,6.8567
0,15.3194
0,51.4668
0,42.5667
0,14.9167
0,42.4920
0,-2.6278
0,49.7567
0,45.7000
0,50.4667
0,53.6136
0,55.5725
0,52.1350
0,34.4992
0,47.9525
0,40.9937
0,-26.4833
0,32.7867
0,-33.6667
0,47.4992
0,2.7833
0,44.5381
0,50.0125
0,34.4167
0,35.6619
0,22.7200
0,15.3075
0,12.8804
0,37.4667
0,32.2917
0,14.8869
0,33.9379
0,28.4797
0,53.4083
0,46.9074
0,-18.1700
0,42.6389
0,13.7167
0,13.9214
0,23.1750
0,39.5926
0,28.9381
0,35.0111
0,44.0431
0,42.0385
0,17.4500
0,-19.5189
0,16.6164
0,3.0083
0,34.7953
0,14.9167
0,20.4583
0,-22.9789
0,9.9281
0,18.3500
0,29.2667
0,37.9477
0,8.2322
0,-3.6619
0,12.8866
0,50.7833
0,18.4667
0,35.9975
0,36.5144
0,35.7333
0,35.4000
0,-33.5333
0,54.5270
0,36.0365
0,43.5083
0,37.2939
0,23.6014
0,23.0700
0,25.9433
0,-13.7100
0,31.8167
0,22.7583
0,44.0562
0,44.4877
0,34.8894
0,11.1304
0,8.3067
0,14.9496
0,10.6833
0,11.3167
0,-9.9161
0,34.0010
0,33.3547
0,-21.1308
0,35.3754
0,-33.0078
0,35.1667
0,36.7256
0,49.1800
0,47.7486
0,33.9366
0,36.8217
0,45.5023
0,-33.7500
0,-1.3333
0,-23.8597
0,5.7836
0,33.0452
0,0.8289
0,35.1186
0,45.5272
0,39.1833
0,34.2741
0,-1.5069
0,47.7667
0,13.7000
0,13.8260
0,51.1092
0,42.3667
0,34.8167
0,47.4817
0,34.7288
0,53.4830
0,51.5528
0,40.2507
0,14.2804
0,-20.0750
0,32.5000
0,46.1328
0,14.9200
0,20.1767
0,30.6667
0,12.1973
0,-20.2500
0,26.5167
0,51.5397
0,16.0700
0,12.4504
0,19.2053
0,55.9281
0,56.6000
0,10.3059
0,41.1549
0,33.9566
0,9.1500
0,12.6904
0,-34.6175
0,54.1903
0,14.3004
0,9.6500
0,35.3328
0,48.3822
0,48.5200
0,45.2000
0,23.7075
0,52.7833
0,50.8547
0,30.9210
0,-31.9000
0,30.0342
0,42.6781
0,17.1500
0,39.7211
0,13.6138
0,29.4873
0,14.8833
0,32.1858
0,48.4672
0,14.9442
0,-19.5928
0,51.3850
0,50.6901
0,44.8199
0,46.5000
0,-23.2758
0,34.1453
0,49.0333
0,37.5053
0,31.1076
0,20.3333
0,18.7787
0,10.1000
0,53.1500
0,-25.8500
0,-4.3311
0,18.9483
0,14.1167
0,19.5667
0,46.0989
0,55.3833
0,-34.6500
0,47.3404
0,21.4833
0,-10.6833
0,43.3500
0,-27.6339
0,63.2017
0,13.7000
0,8.4363
0,48.1333
0,-28.4669
0,25.2836
0,35.7780
0,-8.4614
0,54.5092
0,-7.0244
0,39.5529
0,-27.7333
0,42.4959
0,38.4261
0,38.3756
0,10.2550
0,-20.7189
0,-37.5500
0,26.0789
0,24.4629
0,56.2817
0,37.6862
0,-45.8667
0,20.3000
0,46.0983
0,41.9833
0,37.0833
0,-33.3500
0,-2.5319
0,8.5667
0,14.3838
0,-19.8758
0,26.5642
0,11.6804
0,50.5114
0,-18.4200
0,52.6167
0,56.0167
0,34.6000
0,35.4847
0,14.9121
0,12.3833
0,19.2847
0,25.9861
0,39.5419
0,33.1088
0,16.0500
0,-27.6456
0,52.0500
0,28.4000
0,35.9114
0,11.9300
0,-18.9689
0,-5.3795
0,51.4592
0,50.7700
0,39.8208
0,45.4500
0,14.9000
0,29.9800
0,34.0555
0,52.1503
0,54.7500
0,39.5729
0,43.4667
0,-21.2450
0,6.0395
0,43.2972
0,16.0167
0,16.8333
0,-15.3833
0,43.5667
0,56.3000
0,51.2369
0,33.9072
0,48.8978
0,17.6444
0,23.5899
0,-16.6489
0,15.0789
0,33.4489
0,35.8322
0,36.1283
0,-8.6189
0,7.0500
0,37.5521
0,-34.6667
0,50.7700
0,52.1920
0,-34.6167
0,51.7390
0,7.7333
0,26.2817
0,20.0500
0,11.7833
0,6.7297
0,-41.2167
0,52.0119
0,48.6806
0,22.9750
0,9.4004
0,39.2004
0,33.9196
0,45.0500
0,17.5900
0,33.9069
0,-36.6203
0,35.4028
0,-4.1961
0,-21.2050
0,10.7667
0,14.5417
0,53.5448
0,50.7239
0,6.2667
0,50.8756
0,25.0790
0,-1.1615
0,46.3167
0,35.1379
0,-34.6833
0,14.5333
0,34.1174
0,-1.6819
0,53.8872
0,-1.0396
0,37.7927
0,2.1900
0,14.8333
0,8.7143
0,-34.8167
0,35.9572
0,-8.0019
0,-4.5833
0,34.1542
0,53.1000
0,23.7081
0,39.1228
0,13.3233
0,35.4933
0,-0.4167
0,23.5517
0,47.7900
0,35.6200
0,52.1500
0,48.8988
0,36.4153
0,41.7347
0,50.8352
0,38.6034
0,22.8200
0,55.8500
0,37.9667
0,22.5340
0,53.4541
0,10.7333
0,32.8017
0,-26.4500
0,0.3333
0,34.1879
0,40.1686
0,40.0763
0,20.6592
0,45.5266
0,28.6331
0,9.9667
0,28.6833
0,35.2383
0,7.7667
0,19.7125
0,46.6167
0,49.0847
0,-12.7406
0,16.0892
0,19.4553
0,32.7922
0,29.7958
0,36.3333
0,32.0436
0,39.5189
0,-12.9692
0,4.0333
0,51.7526
0,-22.6619
0,-34.8667
0,19.8333
0,47.4784
0,43.6167
0,48.7875
0,42.4229
0,23.2254
0,33.1896
0,52.3333
0,41.7400
0,-2.0636
0,34.5983
0,-14.8333
0,49.5939
0,38.3590
0,21.3000
0,35.4489
0,-4.2758
0,53.6800
0,24.0515
0,12.0833
0,32.8600
0,26.3197
0,38.4633
0,51.9000
0,39.9650
0,47.6626
0,35.8706
0,51.6550
0,31.4424
0,19.9519
0,52.7842
0,53.5537
0,51.7606
0,5.0292
0,6.9100
0,49.4447
0,14.3167
0,27.3300
0,43.8240
0,38.4750
0,35.3333
0,14.6550
0,12.6714
0,31.9333
0,-23.3189
0,35.2439
0,8.3697
0,40.5360
0,43.4872
0,15.4725
0,42.7677
0,52.2681
0,38.0375
0,39.0500
0,32.5193
0,53.2344
0,55.5333
0,40.5611
0,-4.2250
0,37.7269
0,50.6761
0,23.4976
0,45.1047
0,14.9020
0,52.3931
0,40.6667
0,-7.1333
0,25.6667
0,40.7700
0,26.7122
0,-13.6386
0,-34.7261
0,61.0000
0,48.7911
0,46.5500
0,35.8228
0,46.8144
0,32.1556
0,21.7000
0,36.4667
0,43.2700
0,40.2983
0,18.0106
0,9.7833
0,-3.5667
0,-3.2100
0,47.2000
0,-33.5000
0,40.4486
0,18.9608
0,-22.5361
0,43.3126
0,1.7425
0,48.9131
0,14.6833
0,1.5604
0,7.0903
0,-33.4500
0,34.2600
0,42.6500
0,35.7904
0,51.4828
0,53.6333
0,36.8764
0,-34.7667
0,30.7119
0,48.9236
0,40.6000
0,51.5323
0,35.6700
0,48.9747
0,12.3667
0,0.2833
0,-51.6333
0,32.9333
0,23.6271
0,48.8975
0,33.8930
0,31.9319
0,48.7406
0,35.1333
0,20.0129
0,35.0167
0,26.1547
0,54.6900
0,23.2374
0,39.2092
0,42.3833
0,-10.2736
0,51.5175
0,53.3930
0,34.2300
0,42.2516
0,36.7531
0,42.4779
0,12.4500
0,-34.7333
0,44.6361
0,19.6850
0,41.9346
0,47.6514
0,25.1308
0,58.3800
0,17.9561
0,50.2092
0,37.5164
0,33.9448
0,13.7817
0,24.5700
0,8.8817
0,52.5230
0,-24.1831
0,51.4630
0,47.6974
0,50.6592
0,48.8950
0,-27.1300
0,42.8778
0,50.0386
0,59.5667
0,45.1993
0,46.8333
0,32.2300
0,55.7250
0,9.6647
0,51.4070
0,38.7566
0,51.3800
0,37.8822
0,14.8667
0,30.4000
0,51.6154
0,30.2942
0,51.5127
0,56.0167
0,-21.1736
0,48.9386
0,57.7833
0,6.6333
0,36.5417
0,63.8285
0,37.8800
0,35.2500
0,25.6000
0,-1.8167
0,33.7523
0,-34.7167
0,40.8128
0,39.1755
0,35.7456
0,38.9100
0,34.8833
0,44.2667
0,34.0232
0,46.5800
0,17.9422
0,49.1750
0,42.4700
0,40.9375
0,49.0000
0,39.5119
0,51.0281
0,48.4414
0,32.0333
0,35.7261
0,39.3611
0,48.8053
0,41.7000
0,51.4880
0,25.8171
0,37.7071
0,45.5333
0,35.8867
0,51.4160
0,42.9167
0,19.4167
0,41.3458
0,-25.4500
0,20.6525
0,48.9108
0,19.6325
0,2.9000
0,40.7853
0,9.9010
0,38.6948
0,40.7909
0,12.2500
0,33.4589
0,6.6150
0,16.1671
0,38.4430
0,-23.4025
0,18.1764
0,14.4333
0,37.3167
0,23.2589
0,37.4264
0,15.7133
0,18.1692
0,17.9830
0,44.5333
0,51.6185
0,9.0575
0,33.3833
0,-34.7517
0,35.2167
0,39.8567
0,46.9275
0,45.6120
0,35.8344
0,33.9146
0,-23.0986
0,10.1333
0,60.8681
0,53.1167
0,33.6831
0,25.5500
0,48.8239
0,45.8103
0,61.4847
0,53.5809
0,42.4824
0,15.6167
0,27.3128
0,33.9678
0,40.8631
0,-12.6000
0,27.4167
0,19.2356
0,10.5144
0,18.0667
0,42.1892
0,48.7500
0,32.7021
0,55.9700
0,34.9267
0,45.5603
0,20.5104
0,4.2332
0,-0.5996
0,47.0523
0,42.8833
0,22.8897
0,48.8172
0,-30.9025
0,35.6839
0,6.3604
0,44.0500
0,35.7297
0,37.4339
0,42.6097
0,48.9044
0,7.8881
0,6.6114
0,52.5190
0,36.8092
0,34.0840
0,49.2167
0,-29.8608
0,45.2970
0,51.3700
0,48.8760
0,40.9000
0,-12.2765
0,52.5050
0,52.5080
0,13.9870
0,3.1167
0,45.0342
0,35.5173
0,19.9319
0,39.9490
0,8.6057
0,7.1853
0,37.4000
0,42.0119
0,7.6078
0,41.1125
0,26.2500
0,49.0250
0,38.0333
0,-10.5089
0,14.4500
0,11.7000
0,-18.7201
0,54.9950
0,55.8466
0,51.3460
0,-7.5606
0,40.1431
0,16.4333
0,33.8572
0,39.0028
0,-40.3549
0,55.8714
0,45.5500
0,38.0874
0,48.7994
0,37.5744
0,42.3908
0,38.0167
0,53.5930
0,-20.7876
0,51.4415
0,26.3050
0,44.9244
0,41.4933
0,53.2729
0,10.3204
0,35.8500
0,-32.3200
0,41.8445
0,7.5300
0,45.6997
0,43.5561
0,48.9300
0,-6.3594
0,6.1023
0,36.8333
0,32.9333
0,34.7904
0,34.2100
0,14.7833
0,5.6631
0,42.7003
0,13.5833
0,35.5047
0,13.8194
0,52.4800
0,43.3000
0,18.9058
0,41.1351
0,15.2281
0,33.7309
0,33.8471
0,54.8910
0,2.1400
0,47.2333
0,48.7353
0,28.5818
0,32.1833
0,53.9919
0,40.6389
0,13.7689
0,53.0109
0,40.9305
0,51.5000
0,46.1591
0,-25.3000
0,40.3412
0,55.7645
0,10.0667
0,48.3147
0,-34.6667
0,52.5167
0,28.6483
0,-6.3436
0,51.5713
0,47.4233
0,43.5513
0,37.7670
0,51.4002
0,36.9206
0,36.7167
0,0.4431
0,38.5552
0,4.2667
0,55.4670
0,45.3778
0,10.3353
0,-34.7167
0,31.2000
0,21.2667
0,33.1978
0,44.8739
0,13.8331
0,14.8145
0,37.9320
0,33.8880
0,19.9500
0,51.1465
0,37.8364
0,35.0000
0,9.0905
0,50.9481
0,22.7850
0,31.9318
0,48.8172
0,44.1167
0,51.5121
0,25.4639
0,35.7547
0,16.7504
0,43.5808
0,-17.5689
0,47.1333
0,35.6072
0,62.6000
0,-34.5333
0,52.3700
0,49.4867
0,25.5744
0,-29.1500
0,52.8019
0,52.0181
0,59.3808
0,51.5404
0,13.5000
0,34.0829
0,49.2331
0,51.8333
0,21.9300
0,11.4840
0,7.7833
0,52.7958
0,23.5329
0,53.0990
0,23.6528
0,41.0319
0,12.5847
0,-0.4569
0,23.5792
0,-0.8711
0,34.8833
0,-20.0744
0,48.8478
0,35.8958
0,13.0078
0,50.7948
0,51.4550
0,13.7333
0,-13.7829
0,36.4514
0,13.5833
0,38.8391
0,48.7833
0,35.9344
0,9.1228
0,27.6667
0,-11.3042
0,36.1667
0,26.9260
0,48.8881
0,32.3436
0,30.9167
0,51.5990
0,39.9362
0,38.0167
0,42.0463
0,48.8478
0,59.2096
0,18.2319
0,34.8756
0,10.3400
0,5.3256
0,16.9358
0,51.4496
0,-25.3797
0,61.0583
0,-22.9500
0,41.2800
0,36.6218
0,51.6310
0,41.6758
0,6.0400
0,-13.6333
0,48.8078
0,35.0625
0,49.7778
0,43.0822
0,57.4781
0,-34.7000
0,41.8744
0,43.8914
0,37.2714
0,8.8792
0,54.9000
0,26.1605
0,-7.5325
0,5.9500
0,36.6000
0,27.4403
0,52.4417
0,47.1747
0,10.3736
0,44.4297
0,32.2500
0,38.4000
0,41.9267
0,51.5217
0,0.2300
0,16.8158
0,35.8267
0,19.9333
0,13.1283
0,48.6239
0,49.2069
0,42.1322
0,32.0697
0,25.6736
0,19.9942
0,49.0361
0,51.9357
0,16.8914
0,19.9094
0,33.6372
0,14.1284
0,51.4220
0,7.3360
0,41.3158
0,52.7705
0,27.2667
0,22.9125
0,45.6978
0,21.8822
0,39.7415
0,33.5931
0,17.4000
0,22.9333
0,55.0170
0,42.8222
0,52.5800
0,-17.2000
0,-23.9822
0,33.9240
0,37.9869
0,51.3750
0,44.1500
0,40.8574
0,-13.3703
0,40.7000
0,19.1489
0,43.2121
0,42.3540
0,9.6804
0,11.6000
0,2.9300
0,56.5083
0,51.5135
0,48.8966
0,48.7539
0,36.3783
0,52.0250
0,51.4009
0,2.5653
0,37.7400
0,60.6670
0,53.0460
0,-34.6917
0,36.0269
0,40.9167
0,41.1919
0,50.7206
0,27.8742
0,50.8800
0,26.1772
0,42.8167
0,61.0000
0,18.3839
0,39.1346
0,40.7674
0,37.9556
0,54.2773
0,-26.7753
0,37.6536
0,-7.5053
0,-18.7564
0,-3.2997
0,-6.9808
0,32.5667
0,22.4194
0,51.2900
0,63.1000
0,-24.4066
0,40.6333
0,13.6564
0,6.6505
0,28.9625
0,41.3246
0,52.2008
0,19.1925
0,40.9136
0,19.0333
0,51.4490
0,52.4575
0,55.9500
0,24.8597
0,51.4279
0,51.5400
0,48.9553
0,10.7856
0,27.8600
0,35.6415
0,19.7442
0,43.0033
0,40.6333
0,43.1000
0,38.0053
0,33.8574
0,43.7234
0,26.2056
0,43.1500
0,40.2546
0,35.6857
0,31.8804
0,41.6083
0,14.9667
0,47.5862
0,20.0361
0,48.2997
0,41.3464
0,48.3777
0,-34.5000
0,41.6400
0,12.2236
0,14.9653
0,48.8058
0,36.1611
0,-0.3296
0,-4.8186
0,53.6910
0,39.6636
0,33.9682
0,44.2000
0,50.8117
0,48.9956
0,52.0314
0,22.3375
0,53.3630
0,42.8025
0,20.4830
0,-17.9167
0,40.8197
0,38.2939
0,7.2061
0,-12.1833
0,48.7919
0,1.0167
0,32.7000
0,34.8000
0,53.8167
0,-10.5078
0,40.6661
0,37.0161
0,37.1298
0,42.0267
0,14.7667
0,15.1333
0,52.1667
0,18.3667
0,40.7651
0,50.8361
0,13.3300
0,-23.8650
0,51.0190
0,54.6600
0,46.0764
0,-17.3450
0,51.8168
0,23.6333
0,-0.9333
0,36.8000
0,48.9387
0,51.9600
0,-1.0536
0,10.7500
0,35.9942
0,-28.6606
0,52.4502
0,40.9000
0,45.5781
0,-12.9163
0,34.9486
0,42.2811
0,40.7839
0,36.7667
0,42.5000
0,35.1833
0,-29.3562
0,49.6333
0,51.5760
0,48.9022
0,8.3350
0,42.8711
0,10.2500
0,12.4881
0,52.9967
0,4.7360
0,51.1320
0,50.8758
0,48.9123
0,48.0333
0,53.4158
0,54.1108
0,49.2500
0,47.6833
0,25.9007
0,-34.9100
0,42.0359
0,42.9981
0,-27.8708
0,14.5286
0,12.6742
0,13.6371
0,12.8958
0,39.2369
0,48.8517
0,48.8700
0,35.7386
0,-39.4833
0,46.3017
0,10.0022
0,-5.2248
0,55.5833
0,-34.7833
0,33.9902
0,46.3667
0,16.4833
0,34.0155
0,34.8167
0,14.0167
0,43.3194
0,66.5028
0,6.5397
0,43.9000
0,45.5700
0,13.5486
0,48.9106
0,-15.8025
0,40.7938
0,62.7903
0,25.6700
0,-1.4944
0,47.2460
0,32.6654
0,33.6122
0,26.3344
0,26.2803
0,10.2333
0,-45.5712
0,6.7697
0,45.7697
0,52.6653
0,35.6091
0,7.5561
0,14.5586
0,-32.3595
0,1.6000
0,7.8004
0,12.0833
0,25.7723
0,56.8837
0,33.9278
0,42.4305
0,10.6308
0,25.7589
0,47.7500
0,50.8438
0,32.6550
0,33.9336
0,35.2948
0,19.9147
0,52.0565
0,-6.2700
0,47.1000
0,53.2790
0,-11.6642
0,14.4828
0,48.6239
0,18.6058
0,39.4750
0,26.8667
0,43.0068
0,43.8500
0,40.6570
0,27.1000
0,20.8708
0,14.5567
0,42.3800
0,55.3667
0,0.5666
0,21.0000
0,34.0497
0,38.9000
0,32.1500
0,48.8850
0,36.4412
0,-20.4644
0,35.2472
0,20.2670
0,30.9622
0,35.7672
0,32.6800
0,33.8944
0,46.6833
0,33.4300
0,37.3168
0,32.7703
0,55.6333
0,22.8136
0,19.2641
0,42.3243
0,3.3004
0,40.6172
0,-40.8000
0,-10.6864
0,-6.1296
0,51.8780
0,-31.7100
0,48.8014
0,35.5449
0,43.5833
0,26.2466
0,32.8000
0,40.9730
0,39.1512
0,48.9603
0,16.8700
0,38.5667
0,46.2167
0,49.2625
0,32.0833
0,41.4459
0,8.0400
0,10.2833
0,48.8833
0,50.5833
0,40.6953
0,19.3133
0,6.1508
0,48.9372
0,43.9887
0,41.0220
0,48.9333
0,15.3147
0,38.5676
0,46.8392
0,51.5837
0,34.1342
0,51.1714
0,45.1553
0,52.4015
0,23.5667
0,32.5158
0,48.8050
0,13.6004
0,30.4167
0,10.7750
0,52.3885
0,42.5300
0,19.7969
0,53.4872
0,32.2833
0,55.7770
0,53.3838
0,33.9800
0,-29.8231
0,41.3767
0,42.4234
0,-17.3500
0,40.4597
0,17.1167
0,17.4986
0,18.9817
0,-19.9833
0,51.4050
0,47.1372
0,21.2731
0,-54.8072
0,56.0719
0,52.2920
0,47.1911
0,45.8636
0,37.2167
0,51.6840
0,9.0667
0,14.3594
0,42.5119
0,46.2389
0,15.1052
0,22.7344
0,41.5356
0,48.8942
0,42.3994
0,56.6522
0,25.7556
0,46.6383
0,49.8486
0,48.7309
0,25.7081
0,39.8230
0,41.1833
0,40.8333
0,17.5747
0,50.6130
0,14.7667
0,45.6649
0,56.6754
0,48.6139
0,41.1169
0,51.5299
0,-20.4164
0,25.5330
0,40.4833
0,52.4800
0,53.4457
0,38.9089
0,25.7753
0,40.4870
0,40.9167
0,-17.6242
0,-10.4614
0,40.8068
0,40.4342
0,33.7105
0,-35.7250
0,20.5170
0,50.4353
0,18.3000
0,54.0470
0,42.5542
0,31.3167
0,11.5833
0,42.4442
0,16.7083
0,26.1128
0,41.7139
0,13.4500
0,-0.4500
0,61.6875
0,42.4828
0,37.1989
0,0.4669
0,51.4015
0,51.4452
0,51.0810
0,41.8433
0,35.0183
0,45.4920
0,36.0189
0,11.8067
0,40.7242
0,40.6167
0,34.0689
0,0.8117
0,48.8667
0,13.9424
0,33.8976
0,19.8931
0,51.5423
0,48.7630
0,0.6092
0,43.6644
0,17.1564
0,53.1250
0,12.5337
0,43.4900
0,53.2581
0,47.8989
0,31.9333
0,13.6333
0,45.5286
0,19.6667
0,-18.1833
0,52.2939
0,40.7536
0,55.5991
0,45.5333
0,16.2667
0,16.1772
0,42.4192
0,-5.5031
0,39.0928
0,56.1107
0,46.5965
0,10.9833
0,40.5000
0,51.6444
0,55.7090
0,48.8894
0,43.3303
0,55.9450
0,20.6894
0,40.7856
0,-14.4781
0,40.7453
0,-15.2796
0,48.3022
0,35.2833
0,34.9276
0,32.7600
0,41.8872
0,53.7160
0,11.8500
0,45.0833
0,33.8111
0,53.7547
0,-6.7669
0,13.9099
0,35.3731
0,38.8972
0,-5.2395
0,45.7768
0,38.7536
0,41.3002
0,16.9072
0,-17.0392
0,51.5072
0,25.5500
0,50.6333
0,6.6930
0,49.4003
0,45.7800
0,40.7241
0,67.2833
0,-26.9500
0,51.4510
0,51.3940
0,40.5203
0,53.4897
0,32.6000
0,21.1425
0,7.9611
0,33.8807
0,34.3686
0,53.4466
0,50.8719
0,36.2214
0,41.1167
0,-2.9022
0,20.0333
0,22.2667
0,34.9233
0,-1.1958
0,48.9333
0,17.4139
0,-34.8596
0,54.4014
0,13.5833
0,33.5792
0,42.7467
0,32.2723
0,33.5586
0,8.0330
0,15.3333
0,51.8062
0,56.9680
0,48.7983
0,4.2750
0,48.9728
0,48.9192
0,52.9320
0,9.3667
0,33.2833
0,45.6167
0,25.9407
0,-15.3175
0,50.9452
0,51.4080
0,14.5833
0,30.1920
0,13.7167
0,-21.9667
0,-34.6667
0,40.6154
0,-46.4290
0,39.0492
0,41.5610
0,19.2044
0,-6.0333
0,25.4400
0,55.6500
0,45.0000
0,26.2329
0,45.5667
0,48.8123
0,30.9600
0,48.9056
0,9.5000
0,51.7020
0,-18.0244
0,39.0393
0,8.9833
0,33.8677
0,13.0500
0,6.4414
0,35.0104
0,42.2667
0,41.4824
0,43.4055
0,-12.7850
0,56.3970
0,-14.2036
0,45.4833
0,32.0523
0,10.4167
0,65.5838
0,52.2583
0,48.8692
0,32.1461
0,-41.2931
0,1.7500
0,41.3833
0,37.3333
0,40.8098
0,-34.4667
0,38.6500
0,50.2306
0,-34.7833
0,55.4580
0,52.0610
0,51.4100
0,20.1333
0,48.9908
0,33.8171
0,36.8563
0,48.9322
0,-16.3578
0,48.0833
0,51.4997
0,34.8742
0,17.5461
0,48.8000
0,28.6000
0,55.6000
0,37.5953
0,0.0844
0,15.8619
0,14.4333
0,17.5965
0,45.6500
0,-22.3833
0,18.0417
0,17.8842
0,66.5333
0,-33.2500
0,28.0771
0,38.7153
0,39.7444
0,25.4403
0,18.8667
0,-17.3000
0,41.9817
0,42.7008
0,0.3500
0,33.9025
0,36.0000
0,50.8500
0,46.7806
0,40.7569
0,-28.8734
0,40.7500
0,55.5167
0,52.5413
0,-9.3296
0,40.9167
0,51.4800
0,44.8000
0,6.2500
0,50.8667
0,38.6713
0,32.9000
0,53.7492
0,15.6950
0,27.9617
0,63.8376
0,38.4832
0,34.0903
0,13.8042
0,8.0500
0,25.9136
0,41.4969
0,41.4305
0,45.7953
0,16.5128
0,16.9508
0,26.0500
0,48.8265
0,36.7308
0,7.9667
0,-8.0742
0,6.9847
0,46.4558
0,48.8169
0,51.4594
0,42.3167
0,11.2800
0,18.6000
0,32.0636
0,53.7160
0,8.1004
0,50.8500
0,43.5769
0,-24.9833
0,-0.5333
0,-16.8095
0,8.7666
0,63.1775
0,51.7430
0,58.2671
0,41.0076
0,50.3580
0,42.4064
0,43.7339
0,55.8625
0,48.5136
0,-11.0183
0,23.5613
0,53.4487
0,12.4833
0,38.1345
0,44.5639
0,41.1152
0,33.1667
0,50.9281
0,51.4600
0,34.3100
0,35.8589
0,45.3833
0,7.0104
0,48.9500
0,43.9686
0,26.1736
0,41.5814
0,46.7590
0,48.8208
0,51.4103
0,2.8200
0,45.7394
0,43.2414
0,21.8847
0,27.6753
0,17.9703
0,12.0140
0,41.4375
0,10.6338
0,46.1956
0,6.8664
0,-30.4667
0,42.4187
0,53.6591
0,51.4010
0,19.7756
0,26.1780
0,39.9733
0,48.8833
0,37.9722
0,46.9833
0,51.3656
0,48.5406
0,51.1280
0,-1.2496
0,45.6167
0,51.2333
0,34.1928
0,32.8331
0,51.8720
0,48.9175
0,48.8375
0,10.1889
0,50.2920
0,25.5653
0,47.1833
0,48.7787
0,34.5853
0,14.6622
0,53.4826
0,51.0740
0,26.1911
0,43.2300
0,36.7594
0,26.2113
0,52.0833
0,51.5780
0,40.8890
0,-26.7986
0,50.7000
0,12.2500
0,41.5112
0,0.6710
0,41.2133
0,41.7153
0,32.0333
0,-34.6500
0,19.6500
0,41.7358
0,53.7139
0,18.3601
0,43.2305
0,56.6694
0,17.8333
0,-34.5333
0,7.4667
0,20.8833
0,51.4750
0,51.6670
0,-17.8392
0,21.4656
0,46.4303
0,51.3360
0,38.8324
0,38.3480
0,42.5083
0,0.4004
0,38.7704
0,48.8100
0,42.5129
0,52.9710
0,39.2011
0,40.9167
0,52.4864
0,51.2480
0,53.5533
0,-34.3667
0,13.2233
0,51.9165
0,10.0167
0,25.9302
0,-1.6333
0,3.3500
0,19.5620
0,46.1958
0,45.6255
0,36.1005
0,40.6515
0,18.0000
0,42.6403
0,55.1260
0,37.6254
0,11.8869
0,48.9889
0,40.7637
0,44.1186
0,40.7112
0,45.1672
0,40.5364
0,15.1072
0,52.6060
0,10.6000
0,46.8000
0,52.8980
0,20.2903
0,48.8422
0,53.0050
0,43.1342
0,46.3610
0,48.7919
0,40.7049
0,52.4629
0,49.9640
0,41.1167
0,41.3447
0,-34.6417
0,5.7667
0,41.6740
0,51.3700
0,31.9600
0,16.0894
0,33.8167
0,22.6731
0,-34.3333
0,51.7130
0,50.3714
0,20.4170
0,33.9663
0,45.6272
0,43.5267
0,-33.1156
0,-3.8400
0,18.4167
0,-9.9969
0,48.6797
0,37.2802
0,51.5906
0,9.9764
0,42.0010
0,30.2144
0,19.4170
0,6.4264
0,40.9094
0,34.3058
0,27.9390
0,45.1436
0,41.8000
0,14.3169
0,-34.5175
0,53.4500
0,40.9153
0,15.5333
0,-4.9696
0,20.2156
0,50.6711
0,-25.7500
0,19.2167
0,45.4333
0,40.3007
0,-32.9000
0,54.0285
0,51.1667
0,15.4800
0,26.6272
0,48.8850
0,53.4474
0,35.1167
0,-0.4625
0,14.4800
0,-2.9000
0,39.5064
0,35.8283
0,48.4560
0,-8.8183
0,41.2468
0,51.2834
0,40.8564
0,45.9833
0,58.3844
0,55.0456
0,54.0090
0,37.9803
0,25.7184
0,17.8833
0,45.8989
0,40.8900
0,45.0689
0,13.9790
0,48.9550
0,36.7439
0,4.5705
0,5.9500
0,52.9270
0,13.8444
0,51.3350
0,38.7700
0,48.9294
0,18.9167
0,48.8537
0,13.0833
0,-1.9400
0,35.1322
0,48.6369
0,34.0714
0,14.5333
0,42.5333
0,51.8860
0,41.4681
0,13.6903
0,51.9940
0,15.7583
0,53.4554
0,14.8864
0,34.0948
0,8.9000
0,55.0097
0,25.9854
0,15.6000
0,51.7030
0,41.3668
0,51.5878
0,-2.2267
0,45.5000
0,45.0029
0,-24.4167
0,46.2000
0,42.3959
0,54.0819
0,40.9422
0,54.4419
0,34.0323
0,46.2291
0,48.9261
0,21.3858
0,48.9992
0,-34.1000
0,48.9656
0,42.7833
0,40.0489
0,45.5500
0,48.7800
0,38.9706
0,12.5789
0,34.0058
0,53.5239
0,9.2500
0,-33.3833
0,-26.2433
0,22.0500
0,19.0194
0,20.4133
0,69.6546
0,-15.4886
0,50.8606
0,49.2583
0,51.5470
0,12.4667
0,38.1924
0,40.1500
0,13.7357
0,39.9108
0,41.4328
0,38.0391
0,16.3283
0,40.3831
0,22.8233
0,48.7653
0,21.8281
0,33.6928
0,-9.9329
0,48.7145
0,40.8509
0,44.4833
0,51.5520
0,16.7597
0,41.4920
0,51.3500
0,39.1061
0,48.8800
0,26.6196
0,52.6640
0,6.4833
0,42.6217
0,33.5581
0,-13.6089
0,50.5464
0,53.6530
0,34.9396
0,48.7074
0,25.7065
0,56.0011
0,40.8254
0,-23.1606
0,35.1575
0,51.5189
0,27.1300
0,21.8667
0,48.0706
0,11.0333
0,11.7833
0,32.7110
0,38.7568
0,45.5508
0,17.7667
0,33.8002
0,23.5226
0,50.8667
0,54.6180
0,45.8244
0,19.9333
0,40.7197
0,34.7761
0,45.5972
0,11.1558
0,29.6948
0,3.3614
0,-38.6625
0,52.7858
0,33.4500
0,14.0500
0,39.1373
0,-1.7464
0,49.4969
0,40.9417
0,48.7811
0,28.0177
0,22.9822
0,64.2250
0,-24.0200
0,13.6421
0,45.4900
0,48.7325
0,25.6105
0,47.6965
0,40.6647
0,41.9819
0,33.9197
0,48.8833
0,51.9470
0,18.0667
0,14.5500
0,51.3930
0,18.2333
0,17.0794
0,25.5886
0,43.5439
0,33.1256
0,15.8056
0,41.9761
0,44.0000
0,53.4597
0,25.9565
0,42.0125
0,46.3627
0,17.4756
0,45.5167
0,17.0321
0,48.8422
0,60.6130
0,51.9780
0,32.6314
0,13.5367
0,52.5812
0,48.9261
0,48.9102
0,51.5932
0,56.1611
0,20.3953
0,40.7431
0,19.5869
0,2.1500
0,51.3200
0,50.3333
0,51.5864
0,46.0367
0,34.0882
0,51.4330
0,19.2850
0,44.2049
0,51.9000
0,20.4511
0,18.9667
0,10.6000
0,7.0100
0,40.6553
0,44.8762
0,55.8286
0,-4.8278
0,40.6520
0,42.2432
0,46.8521
0,32.0333
0,50.7271
0,19.1238
0,48.6078
0,52.6835
0,48.8897
0,53.4429
0,16.6833
0,26.1682
0,40.7950
0,51.6020
0,10.4828
0,48.6713
0,48.8597
0,36.0225
0,53.5333
0,42.5839
0,48.9922
0,56.4333
0,17.8833
0,41.8000
0,39.4656
0,42.3700
0,38.0333
0,38.6867
0,45.1206
0,-19.6772
0,51.9189
0,48.8840
0,40.7033
0,53.7070
0,34.1021
0,53.5452
0,40.9167
0,11.0333
0,-32.1833
0,51.7440
0,53.6980
0,49.8353
0,48.7550
0,48.7711
0,18.8333
0,45.7372
0,19.3378
0,50.8703
0,51.1295
0,16.7733
0,38.9667
0,51.4590
0,48.9875
0,-1.5794
0,33.9801
0,23.4500
0,16.0533
0,22.3536
0,42.5184
0,19.3500
0,53.8346
0,41.8000
0,7.6178
0,46.9903
0,53.4100
0,43.3108
0,15.0500
0,33.9417
0,-5.3495
0,6.5369
0,45.4167
0,38.0350
0,33.8895
0,49.0516
0,48.7001
0,41.1822
0,34.3972
0,32.0781
0,52.2733
0,18.4167
0,48.8275
0,54.5567
0,-24.1000
0,11.1086
0,13.6333
0,48.7775
0,41.0833
0,39.6468
0,34.5787
0,12.7111
0,19.1333
0,42.0611
0,41.4333
0,39.9686
0,13.0500
0,28.3349
0,35.4249
0,-19.2239
0,26.5000
0,48.7893
0,16.4333
0,52.2280
0,-34.7006
0,48.6562
0,18.2350
0,-22.6667
0,-15.0725
0,-2.7333
0,26.8304
0,48.8133
0,18.6067
0,40.1224
0,39.1783
0,52.7740
0,55.7739
0,51.2226
0,30.9819
0,-0.5167
0,39.4639
0,48.8203
0,44.1303
0,0.4608
0,38.6657
0,51.6578
0,42.6300
0,40.6148
0,50.4322
0,17.6256
0,25.9129
0,58.7582
0,6.5300
0,45.5333
0,57.3897
0,39.8456
0,11.4520
0,37.3512
0,12.0500
0,48.8400
0,-34.7542
0,48.0853
0,37.5553
0,40.8333
0,53.6910
0,34.0786
0,19.7714
0,32.8167
0,52.5798
0,10.4939
0,1.6744
0,48.7650
0,41.9196
0,14.0500
0,51.8500
0,38.8653
0,42.2467
0,40.5887
0,52.9877
0,50.3860
0,45.4872
0,35.9000
0,11.6167
0,39.4278
0,35.3403
0,49.0325
0,14.6664
0,52.3353
0,16.5431
0,-34.8000
0,48.6567
0,50.4228
0,53.0010
0,45.1929
0,22.2333
0,-0.3692
0,40.9536
0,-26.8569
0,42.1167
0,56.9333
0,53.4383
0,25.8570
0,40.9359
0,50.8508
0,17.6500
0,43.1689
0,37.6000
0,40.8446
0,49.4092
0,40.2386
0,5.6681
0,4.3754
0,14.6530
0,55.0820
0,51.9200
0,48.6537
0,13.8442
0,41.4478
0,41.8616
0,56.3111
0,48.5841
0,19.0447
0,54.3260
0,-4.2150
0,45.4687
0,52.5249
0,3.9167
0,33.8884
0,46.7785
0,45.7150
0,32.5310
0,-1.3667
0,40.3752
0,41.1151
0,19.6969
0,4.7370
0,55.8190
0,-6.2167
0,52.5708
0,42.8000
0,51.5347
0,48.9722
0,45.6885
0,48.9000
0,38.9960
0,31.4361
0,6.8000
0,46.3558
0,45.8214
0,-0.2196
0,20.9167
0,50.6500
0,42.4657
0,40.7002
0,48.7171
0,40.7176
0,58.4546
0,-28.3350
0,62.7333
0,47.1681
0,34.3722
0,9.9609
0,19.9686
0,31.7311
0,24.7656
0,48.7796
0,18.6339
0,-43.3000
0,40.8791
0,23.7823
0,54.0400
0,55.5000
0,48.9000
0,6.8647
0,52.9040
0,-4.2117
0,51.5981
0,13.3611
0,51.2279
0,41.5753
0,44.8086
0,1.1450
0,49.9200
0,49.0094
0,-4.3196
0,39.3832
0,41.6336
0,25.9125
0,24.8504
0,39.8697
0,50.5290
0,38.0667
0,19.3333
0,51.7950
0,50.0833
0,48.9372
0,43.6680
0,53.3015
0,48.7464
0,13.9576
0,-34.7167
0,39.8854
0,43.7750
0,-5.0567
0,39.1114
0,57.8833
0,58.4617
0,2.4758
0,55.1810
0,14.2783
0,54.1531
0,41.4744
0,50.6455
0,13.3171
0,37.9628
0,53.3210
0,19.5661
0,47.2042
0,48.7714
0,37.5860
0,37.5083
0,46.3833
0,13.7342
0,49.3817
0,41.4817
0,48.8075
0,52.3950
0,47.5050
0,51.3600
0,43.3566
0,39.4028
0,48.9922
0,-25.2167
0,36.7687
0,16.5833
0,51.5402
0,52.7661
0,8.0592
0,21.4481
0,46.1817
0,-34.6625
0,40.6328
0,33.9333
0,35.3014
0,10.0670
0,37.3764
0,-6.4696
0,50.7250
0,54.0833
0,40.7682
0,29.3005
0,39.5968
0,51.0800
0,55.9192
0,9.9985
0,40.7750
0,50.8365
0,55.7716
0,22.1772
0,51.4222
0,39.0052
0,20.2944
0,40.2965
0,34.3521
0,25.0143
0,-5.8667
0,26.3200
0,37.4982
0,45.5771
0,-34.5333
0,52.5660
0,-12.1675
0,45.9075
0,52.3528
0,18.9267
0,51.6060
0,29.5644
0,54.8700
0,51.5152
0,47.3981
0,51.6280
0,15.9167
0,3.5270
0,13.3369
0,-33.2308
0,13.5167
0,52.4299
0,40.6077
0,34.0476
0,37.4020
0,37.1500
0,47.4056
0,-20.4642
0,40.7317
0,51.5606
0,52.2675
0,54.6200
0,25.7474
0,37.9633
0,51.3868
0,50.9667
0,40.6500
0,8.6500
0,38.2473
0,-24.1578
0,44.3164
0,53.3761
0,40.9362
0,38.8648
0,6.9667
0,18.5336
0,-17.5039
0,26.1844
0,53.5355
0,51.1703
0,48.9503
0,52.0800
0,22.1514
0,45.2506
0,48.6979
0,18.8167
0,14.0413
0,20.1158
0,52.4080
0,52.6831
0,53.5490
0,48.8239
0,42.4649
0,6.0000
0,-34.4833
0,18.9000
0,38.7057
0,14.9167
0,37.4917
0,48.8422
0,-34.4714
0,55.9333
0,16.4811
0,20.2119
0,48.9719
0,37.4671
0,44.8578
0,52.1617
0,13.6250
0,19.1464
0,40.9167
0,47.2081
0,13.8882
0,41.0052
0,13.4097
0,18.5667
0,48.7697
0,51.5425
0,8.5100
0,49.0264
0,30.2833
0,55.8997
0,50.6558
0,21.0153
0,50.6881
0,14.9942
0,11.6667
0,48.9656
0,43.5805
0,51.5641
0,52.7001
0,14.8833
0,54.8500
0,48.8529
0,53.4828
0,18.8167
0,40.8192
0,-41.5167
0,45.7000
0,40.7883
0,-34.7058
0,41.9167
0,46.1278
0,56.5067
0,48.7847
0,40.8917
0,52.1667
0,1.2503
0,51.4434
0,44.8651
0,52.4600
0,52.0090
0,41.7444
0,52.6140
0,48.4306
0,32.6541
0,-8.6467
0,51.5557
0,46.4667
0,35.7887
0,17.5667
0,36.1368
0,-8.7656
0,48.9767
0,1.6167
0,52.9060
0,53.9230
0,51.5716
0,52.4775
0,33.0500
0,28.8386
0,18.3676
0,50.6369
0,55.8667
0,52.5987
0,60.7944
0,49.4072
0,42.4556
0,-15.2450
0,19.3167
0,48.8214
0,46.5353
0,52.5236
0,39.9495
0,45.6000
0,13.9968
0,10.2806
0,50.6333
0,12.1837
0,51.4300
0,53.9550
0,53.3000
0,12.8833
0,45.5475
0,39.5000
0,34.4144
0,-34.7000
0,21.3500
0,51.4840
0,41.5142
0,46.3667
0,43.4800
0,-23.3167
0,21.4465
0,50.5303
0,18.3583
0,51.4670
0,52.4072
0,32.5689
0,30.6167
0,16.2394
0,45.6847
0,42.4333
0,48.7439
0,51.5414
0,55.9046
0,52.1833
0,40.9236
0,45.5833
0,54.5556
0,33.5491
0,48.8619
0,53.4834
0,21.2000
0,40.7500
0,52.4981
0,37.3667
0,40.6858
0,43.5816
0,18.6850
0,48.9469
0,9.1833
0,40.6220
0,53.7876
0,13.8667
0,49.4311
0,35.9122
0,48.9739
0,36.0819
0,11.2833
0,39.4552
0,20.2933
0,47.8078
0,33.9885
0,37.5154
0,53.0970
0,48.9944
0,18.9350
0,38.4014
0,57.6500
0,52.0833
0,3.5337
0,41.3406
0,32.7331
0,40.6858
0,18.3667
0,28.2722
0,30.6028
0,37.2000
0,51.9639
0,19.6833
0,21.6500
0,44.8792
0,46.1944
0,33.9759
0,25.4937
0,3.6504
0,50.2130
0,45.6474
0,25.7469
0,8.4167
0,20.7000
0,17.4069
0,53.5230
0,46.2322
0,55.5000
0,51.6180
0,55.0722
0,14.4675
0,53.5102
0,19.1666
0,-6.1478
0,48.8086
0,52.8463
0,49.9833
0,48.8502
0,41.5053
0,45.6667
0,53.5521
0,37.3833
0,53.0290
0,20.3028
0,44.3506
0,17.9000
0,36.4432
0,40.0758
0,18.9483
0,11.4333
0,40.8221
0,42.3960
0,13.5812
0,11.0878
0,43.9731
0,17.2077
0,51.4380
0,45.6333
0,48.0167
0,26.7833
0,39.2042
0,53.4727
0,50.9840
0,15.8758
0,45.1939
0,48.7039
0,30.1453
0,53.7400
0,53.5628
0,36.7669
0,52.3364
0,17.2000
0,67.6378
0,50.6781
0,53.0874
0,46.1833
0,19.7167
0,29.7882
0,6.0704
0,33.7711
0,36.5942
0,48.0667
0,30.5470
0,21.3344
0,39.0950
0,53.8750
0,-33.1333
0,48.6618
0,51.6010
0,37.6737
0,37.5833
0,48.6943
0,57.6290
0,53.5122
0,37.9197
0,48.9906
0,30.8375
0,44.8853
0,53.5250
0,50.6128
0,39.6239
0,51.5172
0,53.6800
0,53.3024
0,25.7464
0,31.5700
0,-1.4830
0,51.6126
0,32.1142
0,34.1103
0,38.0833
0,52.3410
0,-0.6883
0,51.6100
0,45.7300
0,51.2772
0,27.4612
0,-30.1590
0,26.6349
0,45.3500
0,-3.5500
0,45.7640
0,52.4500
0,18.4454
0,40.6242
0,49.2044
0,49.1006
0,21.8110
0,48.7786
0,53.6970
0,7.0006
0,39.4250
0,13.8167
0,39.3167
0,32.8506
0,53.8520
0,19.0167
0,29.9014
0,45.7981
0,45.5500
0,16.9542
0,13.6519
0,37.7268
0,51.5860
0,52.5510
0,40.7330
0,19.9097
0,48.8111
0,48.5333
0,40.6634
0,17.0872
0,41.9029
0,50.2364
0,41.3411
0,19.7667
0,34.0061
0,51.6178
0,20.4667
0,51.5870
0,38.9699
0,48.6883
0,50.1500
0,53.5660
0,35.3672
0,34.5628
0,14.1833
0,48.7834
0,48.7664
0,19.5500
0,38.7590
0,28.5940
0,40.6644
0,51.9243
0,48.8411
0,14.8000
0,38.8492
0,50.4120
0,31.7886
0,45.5500
0,51.4900
0,32.8718
0,19.8100
0,52.8306
0,51.0314
0,40.9000
0,37.6942
0,14.3167
0,48.8456
0,51.7120
0,38.7332
0,40.8784
0,-34.6333
0,34.2886
0,12.6086
0,39.9101
0,41.2883
0,47.8360
0,38.0824
0,38.9215
0,40.9556
0,57.5381
0,53.4500
0,38.8477
0,45.5697
0,40.9333
0,51.6600
0,57.7919
0,20.5167
0,21.1667
0,41.9225
0,28.4727
0,55.8791
0,48.5177
0,45.5833
0,32.2850
0,53.5920
0,50.6283
0,-0.4833
0,53.7822
0,51.6316
0,-1.6056
0,48.7333
0,48.9344
0,-6.7586
0,48.9750
0,48.8183
0,27.2272
0,48.7025
0,51.9900
0,6.6147
0,48.6325
0,13.1119
0,34.0401
0,45.5333
0,59.9086
0,47.8533
0,38.5477
0,50.7220
0,54.7600
0,53.8160
0,50.1190
0,33.9631
0,40.6728
0,50.8340
0,32.8376
0,26.1994
0,54.8400
0,47.5508
0,39.4222
0,-11.6333
0,25.8878
0,50.6694
0,48.3500
0,51.0253
0,40.5848
0,47.4331
0,-0.9890
0,34.0512
0,20.1256
0,53.1200
0,55.0318
0,26.0128
0,53.2158
0,38.7944
0,51.2803
0,46.3820
0,48.9602
0,26.4003
0,55.8165
0,35.9000
0,51.3752
0,41.8798
0,53.4559
0,47.9512
0,48.2000
0,17.7833
0,30.8057
0,50.6047
0,41.1181
0,56.8169
0,52.6477
0,56.1160
0,47.3923
0,33.9057
0,41.6578
0,-2.2686
0,39.4481
0,-2.9221
0,39.2568
0,19.7728
0,48.9878
0,40.9762
0,-3.6833
0,33.9199
0,53.3250
0,48.8003
0,16.8667
0,18.2167
0,-4.1536
0,55.9024
0,-11.9000
0,5.7378
0,49.2756
0,53.7485
0,51.5584
0,55.2833
0,25.9632
0,47.7417
0,51.2376
0,34.9514
0,56.4975
0,48.0856
0,40.7500
0,51.8250
0,0.7025
0,53.4739
0,-16.0316
0,38.9241
0,18.2167
0,53.3310
0,12.1719
0,53.3774
0,16.4431
0,35.9483
0,48.3853
0,-1.8667
0,25.6708
0,19.0667
0,45.7086
0,17.4853
0,37.5994
0,51.6430
0,32.9667
0,51.4010
0,3.8833
0,48.1558
0,45.5531
0,35.8703
0,-16.9167
0,40.8667
0,48.5575
0,53.2179
0,50.2600
0,14.8951
0,38.5515
0,16.4169
0,40.7333
0,53.7067
0,-30.2600
0,45.9036
0,-25.3870
0,54.7173
0,50.5989
0,18.9000
0,33.8229
0,1.1492
0,55.9833
0,51.1964
0,55.9791
0,51.4135
0,27.8197
0,7.2531
0,49.0172
0,24.9500
0,44.9794
0,48.8411
0,53.4010
0,40.6961
0,55.1330
0,47.4936
0,31.1833
0,28.2930
0,45.5000
0,53.3580
0,-34.7083
0,51.2600
0,51.5535
0,35.4369
0,46.5647
0,-6.0833
0,33.9380
0,51.5308
0,40.6527
0,25.9385
0,40.6676
0,45.7736
0,51.4380
0,-33.9999
0,18.2086
0,49.4625
0,41.6169
0,40.7601
0,53.0670
0,21.3403
0,9.9035
0,17.2042
0,40.3000
0,51.7010
0,42.6900
0,40.0020
0,42.3954
0,48.7983
0,51.4220
0,48.8967
0,55.2514
0,40.0375
0,16.9000
0,47.3989
0,38.9513
0,55.8346
0,6.3172
0,-13.8167
0,46.5167
0,50.8640
0,50.5810
0,39.9539
0,45.8333
0,18.2500
0,13.7000
0,52.9010
0,51.2393
0,49.0300
0,1.1000
0,47.7921
0,54.9718
0,48.7742
0,-16.9569
0,40.6209
0,48.8992
0,55.2667
0,-34.4525
0,11.9667
0,47.3831
0,45.6167
0,47.3122
0,14.3000
0,-11.7900
0,48.8000
0,51.0875
0,41.3833
0,48.6139
0,47.2953
0,53.8341
0,25.7786
0,43.4017
0,52.7115
0,17.9744
0,18.2667
0,41.6456
0,47.9133
0,1.6333
0,41.3653
0,53.7343
0,53.5156
0,51.4330
0,40.3667
0,-33.5333
0,34.4869
0,17.2500
0,45.7744
0,20.6550
0,22.9922
0,53.7672
0,-34.5228
0,40.6904
0,40.8472
0,37.5500
0,40.7839
0,13.2139
0,24.3228
0,18.7893
0,51.7330
0,43.9231
0,27.9167
0,51.4800
0,53.4320
0,45.5139
0,53.8509
0,15.7883
0,34.0493
0,52.6566
0,40.8756
0,53.3990
0,51.2050
0,45.0228
0,46.9553
0,36.4028
0,53.4338
0,53.7050
0,48.8206
0,-3.0833
0,45.0484
0,51.4230
0,51.5170
0,51.4300
0,53.7250
0,13.4833
0,45.9314
0,51.3813
0,51.9030
0,33.7933
0,50.8424
0,51.6686
0,27.4345
0,40.5708
0,41.1167
0,27.9314
0,51.9340
0,52.0220
0,52.9780
0,48.7628
0,46.3003
0,14.8539
0,45.4500
0,35.8794
0,46.2639
0,53.5166
0,54.2667
0,40.7431
0,43.9584
0,50.8300
0,39.9601
0,22.6500
0,0.5904
0,41.9236
0,18.5500
0,34.0123
0,40.9050
0,51.9249
0,44.8364
0,52.9000
0,46.5094
0,51.5730
0,45.4833
0,50.4883
0,53.4676
0,51.7318
0,44.8917
0,53.5160
0,0.0504
0,40.6959
0,51.4606
0,18.3000
0,23.9214
0,19.3191
0,55.7370
0,51.0889
0,22.4004
0,3.8708
0,29.3696
0,17.1833
0,39.1605
0,24.4497
0,-2.5667
0,38.7682
0,53.7820
0,37.8898
0,34.2322
0,41.9167
0,10.0404
0,13.6590
0,53.0500
0,16.2364
0,51.4650
0,53.8330
0,41.7805
0,46.6744
0,20.0397
0,41.8900
0,54.9456
0,31.7958
0,0.2000
0,53.4290
0,38.9897
0,45.5161
0,21.4936
0,14.6792
0,22.0103
0,53.4760
0,47.2081
0,40.6579
0,16.8167
0,9.4000
0,55.8747
0,42.2847
0,21.3270
0,48.9872
0,-2.9331
0,7.7707
0,25.7333
0,41.6176
0,-2.3000
0,55.8699
0,52.4908
0,33.8654
0,14.2120
0,53.8222
0,18.9853
0,40.9224
0,14.8000
0,48.8547
0,40.7966
0,53.8510
0,39.8390
0,40.7469
0,40.9575
0,51.6040
0,41.7213
0,51.3695
0,47.9131
0,53.5360
0,33.8333
0,-6.1658
0,51.3765
0,47.5333
0,19.9733
0,48.8939
0,14.1194
0,50.4080
0,48.9736
0,19.2500
0,47.7069
0,50.9755
0,29.7040
0,-26.5833
0,-25.6200
0,43.3586
0,53.3750
0,53.4075
0,19.1430
0,29.1167
0,-5.5500
0,49.0169
0,16.8056
0,19.9000
0,55.6000
0,48.8669
0,39.3972
0,13.3773
0,32.9000
0,62.6323
0,19.3167
0,55.4956
0,40.0772
0,39.5703
0,2.4500
0,40.9579
0,15.7753
0,-1.9525
0,50.5692
0,53.1720
0,53.3730
0,40.3839
0,51.3220
0,19.8333
0,41.0783
0,51.0716
0,41.8829
0,23.7500
0,40.6840
0,46.4186
0,43.1000
0,31.6944
0,40.0053
0,53.8711
0,38.9802
0,53.3360
0,40.5839
0,38.7878
0,49.0108
0,15.2787
0,47.4769
0,40.9333
0,42.3751
0,22.4275
0,48.9478
0,40.7031
0,48.8361
0,47.1414
0,34.7024
0,19.7333
0,18.0000
0,43.7419
0,-4.5696
0,18.9219
0,20.9314
0,43.1875
0,47.4949
0,51.3710
0,51.5130
0,19.2038
0,40.7005
0,45.5500
0,53.4020
0,56.6442
0,35.8772
0,41.8245
0,40.8203
0,6.4104
0,53.3500
0,47.4122
0,38.8731
0,41.5819
0,29.1900
0,38.8896
0,-41.3333
0,12.5556
0,38.9612
0,53.5075
0,-22.3333
0,-14.3667
0,52.5230
0,51.5423
0,40.5702
0,14.8911
0,56.8614
0,53.7239
0,52.0471
0,41.5156
0,14.0567
0,47.9969
0,52.4600
0,50.4033
0,45.5300
0,49.8156
0,10.6333
0,46.5333
0,53.7818
0,58.3633
0,18.0750
0,4.4167
0,48.8014
0,39.9311
0,48.4383
0,52.9290
0,37.7740
0,41.6389
0,13.8206
0,37.1500
0,37.3875
0,52.7684
0,38.7903
0,49.4011
0,54.3471
0,46.2000
0,51.5043
0,51.5383
0,26.1833
0,31.6706
0,27.9589
0,51.8230
0,42.7867
0,27.3389
0,22.7667
0,56.0339
0,20.2833
0,42.0758
0,38.9810
0,40.8859
0,-0.7444
0,52.4795
0,53.4877
0,53.5300
0,51.5700
0,48.9697
0,45.5355
0,48.4306
0,36.3232
0,48.7450
0,16.8711
0,50.7794
0,50.6714
0,39.6003
0,19.1652
0,50.6092
0,51.8560
0,45.5333
0,34.6500
0,23.1883
0,25.8697
0,-9.7019
0,19.9667
0,41.5911
0,38.7625
0,40.9452
0,-22.4500
0,25.6331
0,49.5197
0,38.7719
0,53.4759
0,40.6374
0,53.7145
0,53.4710
0,29.6611
0,50.8500
0,51.5537
0,53.9250
0,26.8194
0,0.9472
0,24.2910
0,53.7432
0,53.3950
0,20.6667
0,48.9986
0,50.8815
0,17.8000
0,52.1897
0,35.1500
0,54.4858
0,54.8208
0,18.2833
0,2.3333
0,50.4006
0,26.5080
0,48.4089
0,43.6186
0,55.4220
0,51.5778
0,52.0870
0,45.5294
0,55.6333
0,51.4579
0,40.6817
0,21.5005
0,15.4228
0,40.2417
0,0.5667
0,50.5850
0,50.6603
0,38.7485
0,52.0220
0,48.0833
0,48.9086
0,20.3667
0,25.8216
0,51.9058
0,52.9301
0,17.1588
0,56.9008
0,41.5318
0,47.5167
0,50.3714
0,38.8181
0,-18.7628
0,52.4928
0,40.6797
0,-45.8750
0,52.5500
0,52.0320
0,21.5167
0,45.6053
0,36.9860
0,53.5352
0,30.1692
0,38.4400
0,18.1436
0,55.9421
0,42.9000
0,55.9167
0,6.1889
0,50.4660
0,-0.8794
0,38.6444
0,46.8000
0,50.2330
0,52.6277
0,19.0667
0,56.9669
0,41.6317
0,43.5461
0,53.5183
0,-37.9640
0,41.1775
0,52.5770
0,57.6930
0,39.0698
0,30.7264
0,38.7802
0,-6.2019
0,13.9841
0,53.4790
0,52.6354
0,55.8758
0,32.8189
0,33.8676
0,18.0344
0,39.5064
0,51.6100
0,42.4531
0,52.6210
0,40.7491
0,51.2667
0,56.4672
0,51.7142
0,53.4200
0,40.9337
0,37.1167
0,25.9563
0,38.9600
0,45.6167
0,41.4667
0,47.2833
0,44.9291
0,38.8373
0,44.4509
0,53.5630
0,59.3506
0,39.0017
0,13.6333
0,42.4619
0,9.9619
0,50.7033
0,37.4252
0,45.5167
0,14.2031
0,53.4352
0,-25.8653
0,45.6150
0,32.3412
0,41.6381
0,33.2678
0,34.1198
0,48.7064
0,52.5400
0,17.0667
0,51.2038
0,19.2576
0,-1.1333
0,34.0982
0,45.6000
0,-25.0900
0,19.1833
0,52.4619
0,45.8089
0,50.8282
0,22.9194
0,40.8000
0,19.2092
0,-4.3500
0,51.9950
0,52.5050
0,52.6040
0,37.6792
0,50.8728
0,48.6294
0,51.5166
0,53.4990
0,46.6442
0,53.7806
0,49.1533
0,48.8136
0,51.2842
0,47.6678
0,55.3500
0,18.5969
0,50.8360
0,43.0292
0,64.7333
0,55.0000
0,33.9683
0,52.6310
0,-8.9917
0,31.0928
0,40.7226
0,47.5086
0,17.0142
0,38.4993
0,46.3728
0,48.9064
0,51.6094
0,33.8950
0,40.4455
0,41.6831
0,41.1392
0,42.9665
0,52.9519
0,48.6931
0,52.4590
0,52.6470
0,40.7875
0,54.9020
0,35.6781
0,25.6211
0,15.3800
0,52.9977
0,-8.9833
0,36.6087
0,48.8742
0,48.1681
0,39.4271
0,29.7157
0,55.9167
0,53.3025
0,51.6420
0,0.9161
0,35.6700
0,52.9160
0,51.4300
0,48.7583
0,48.5903
0,31.8614
0,40.3383
0,33.8504
0,34.0381
0,46.4500
0,36.6192
0,40.2226
0,46.2250
0,40.5905
0,43.3025
0,50.7207
0,48.7011
0,40.6569
0,42.4986
0,18.7781
0,40.7599
0,41.8072
0,16.4401
0,51.3530
0,55.8000
0,40.4442
0,26.4214
0,40.5415
0,42.9167
0,21.2084
0,40.7175
0,19.4181
0,40.9000
0,-34.0733
0,47.4839
0,46.1833
0,52.4830
0,35.8667
0,51.5870
0,16.3014
0,27.4333
0,52.5278
0,48.8753
0,46.5276
0,21.6836
0,51.4903
0,24.8667
0,-30.4001
0,25.9840
0,18.4333
0,51.5990
0,53.3870
0,50.7100
0,19.1528
0,40.7460
0,51.7808
0,-20.9450
0,52.4377
0,40.6678
0,39.0183
0,42.9646
0,34.5225
0,-38.1892
0,-8.4667
0,28.0333
0,21.3145
0,45.5667
0,53.3740
0,46.2333
0,39.0855
0,57.3131
0,53.3205
0,53.4220
0,41.9269
0,46.4366
0,53.9926
0,20.3167
0,37.1500
0,40.7600
0,51.5910
0,11.7833
0,51.8240
0,47.8456
0,-34.6333
0,33.8389
0,18.3000
0,16.4167
0,47.4786
0,38.0667
0,38.5172
0,39.0412
0,48.2797
0,47.3167
0,1.2294
0,41.5250
0,51.8000
0,44.3748
0,51.7300
0,45.6306
0,53.4985
0,51.6900
0,38.8847
0,40.7676
0,-15.5126
0,42.2017
0,42.8361
0,9.4300
0,15.8725
0,45.3833
0,17.1656
0,49.2000
0,-31.3697
0,13.3100
0,33.5333
0,46.6806
0,39.9063
0,23.9667
0,56.5005
0,18.1667
0,21.3181
0,19.1481
0,12.2833
0,47.0211
0,52.7460
0,51.5840
0,21.3753
0,57.1539
0,53.5022
0,48.6242
0,53.0961
0,47.5531
0,35.8625
0,37.4754
0,18.6769
0,20.4800
0,6.1241
0,18.1150
0,53.4678
0,39.3791
0,35.7167
0,53.5784
0,38.0667
0,41.4219
0,46.7833
0,18.1500
0,51.4316
0,32.3333
0,51.5316
0,18.7771
0,26.0561
0,38.9295
0,51.5280
0,40.8182
0,-15.8528
0,51.9451
0,33.8303
0,41.9637
0,51.5957
0,51.0375
0,52.6705
0,51.6010
0,54.9720
0,51.1235
0,19.6500
0,50.7595
0,41.6343
0,54.3333
0,43.2667
0,48.8261
0,51.4033
0,53.0426
0,21.3913
0,-10.5496
0,54.8679
0,17.6550
0,51.9470
0,50.1000
0,45.6978
0,42.3933
0,47.3364
0,-1.3539
0,37.5667
0,40.4439
0,25.7241
0,13.5333
0,58.2533
0,16.7361
0,53.6100
0,19.8000
0,41.7034
0,53.7669
0,50.9679
0,24.5200
0,39.9160
0,5.3166
0,51.6080
0,52.6245
0,51.3600
0,42.5956
0,18.4350
0,41.8650
0,43.1132
0,49.4697
0,39.9650
0,19.2000
0,42.4390
0,42.1000
0,23.1500
0,22.8281
0,5.4442
0,40.3332
0,40.5006
0,40.9864
0,41.8683
0,14.5926
0,51.5360
0,42.2333
0,48.6739
0,51.7000
0,30.8267
0,50.3760
0,48.0500
0,40.6653
0,17.2714
0,35.8986
0,20.2656
0,45.7453
0,50.5450
0,48.9536
0,56.3200
0,54.5406
0,41.0500
0,45.7517
0,11.2000
0,51.4570
0,39.4481
0,35.1204
0,48.7858
0,53.8240
0,48.9783
0,52.4560
0,51.1234
0,51.6320
0,52.7691
0,9.9320
0,24.8875
0,49.4819
0,17.9300
0,52.2200
0,46.1333
0,41.4839
0,35.9050
0,51.3286
0,52.9690
0,21.2833
0,40.8237
0,-27.4833
0,1.4608
0,38.7916
0,53.4780
0,35.9208
0,39.5272
0,55.9800
0,48.0308
0,18.6167
0,50.4278
0,47.3653
0,47.2553
0,5.9261
0,-15.6167
0,27.9700
0,53.9147
0,-24.6333
0,21.0022
0,30.5406
0,7.3821
0,20.8133
0,41.8308
0,43.0914
0,48.6694
0,53.4470
0,9.3333
0,18.8931
0,50.1678
0,53.3700
0,45.9667
0,39.9849
0,35.8556
0,-2.0594
0,20.1178
0,52.6485
0,51.1930
0,18.9625
0,48.7147
0,46.1850
0,57.2800
0,64.0147
0,39.0309
0,38.0180
0,38.9654
0,27.0500
0,40.7667
0,49.2808
0,57.7769
0,46.9431
0,40.8543
0,5.4000
0,-9.0833
0,18.5865
0,26.9861
0,12.5833
0,25.6908
0,39.8651
0,45.5190
0,41.2652
0,40.0033
0,17.5931
0,41.4948
0,45.7036
0,18.1844
0,15.1872
0,55.9616
0,26.1593
0,41.0997
0,-18.1778
0,28.2333
0,51.6700
0,8.4859
0,35.8903
0,52.4700
0,18.4283
0,40.3353
0,33.8117
0,53.1400
0,54.6300
0,26.1167
0,49.2500
0,46.8258
0,57.5860
0,35.9000
0,37.4504
0,26.5834
0,21.0536
0,53.4130
0,-14.8167
0,47.6406
0,-33.8700
0,48.9358
0,50.7605
0,48.6844
0,40.7697
0,46.6586
0,40.9000
0,39.6094
0,51.3470
0,53.5093
0,18.3789
0,53.4620
0,50.6758
0,40.8333
0,23.0000
0,48.8103
0,49.0981
0,60.0986
0,45.9000
0,51.4420
0,-4.0692
0,46.5282
0,48.8778
0,53.8800
0,57.8486
0,45.6577
0,39.7692
0,40.9667
0,40.7621
0,45.5403
0,51.2903
0,48.7422
0,18.9167
0,51.7417
0,28.5812
0,17.0667
0,49.9267
0,32.1061
0,40.0625
0,19.1264
0,50.4197
0,40.6871
0,45.1486
0,33.8784
0,47.5736
0,40.7454
0,22.9958
0,15.0949
0,54.0206
0,53.6130
0,45.5395
0,47.8933
0,37.8382
0,46.5200
0,26.7061
0,53.3667
0,20.0708
0,28.4800
0,41.0500
0,52.5682
0,35.7122
0,19.0224
0,20.5322
0,0.2250
0,51.3600
0,6.7533
0,-7.3800
0,46.0167
0,40.8618
0,56.0229
0,48.8650
0,53.7750
0,51.7585
0,40.3481
0,46.2558
0,51.3651
0,18.8457
0,35.8826
0,51.7286
0,25.7079
0,51.4062
0,47.3997
0,-34.3139
0,52.9750
0,16.0748
0,23.1226
0,48.6967
0,35.8292
0,42.5367
0,42.8473
0,50.6350
0,37.3157
0,25.5164
0,54.9000
0,51.8100
0,8.4091
0,52.0940
0,33.9955
0,19.6656
0,46.1655
0,51.3024
0,40.6983
0,13.4586
0,46.5500
0,47.3247
0,20.2667
0,48.6506
0,47.8064
0,49.4547
0,54.7886
0,49.0028
0,25.9500
0,53.6622
0,-10.3167
0,52.4474
0,19.5922
0,51.6814
0,25.8604
0,41.0667
0,37.3695
0,49.0139
0,41.9661
0,50.7067
0,-33.1810
0,28.4778
0,25.7237
0,19.3281
0,39.9325
0,40.8535
0,7.3710
0,51.7000
0,48.8425
0,21.4143
0,41.4194
0,48.9867
0,21.4134
0,52.9230
0,40.9268
0,13.9433
0,20.4764
0,33.8029
0,12.6519
0,50.4144
0,56.1950
0,23.2883
0,55.9830
0,47.1256
0,51.6967
0,58.9810
0,40.6294
0,51.1485
0,24.8566
0,56.0027
0,52.5727
0,53.5197
0,19.8833
0,45.7167
0,46.1950
0,55.0330
0,54.5050
0,46.4006
0,-2.6817
0,50.8406
0,51.8990
0,50.9500
0,50.6681
0,43.0019
0,50.4181
0,43.3622
0,43.1667
0,51.3814
0,37.8226
0,51.6040
0,33.7886
0,40.7927
0,44.4510
0,41.7877
0,47.7492
0,19.6742
0,53.2519
0,48.7256
0,36.6211
0,18.4500
0,41.5547
0,51.9200
0,16.3064
0,53.3750
0,18.0765
0,14.5333
0,18.7167
0,41.1138
0,46.8817
0,48.8597
0,52.4254
0,-3.1000
0,51.5926
0,51.7478
0,53.4253
0,27.5833
0,53.8063
0,47.2544
0,45.9153
0,41.8828
0,43.6686
0,34.5949
0,51.5291
0,41.9936
0,30.6186
0,38.5683
0,53.5958
0,35.1536
0,57.1770
0,54.6318
0,51.4200
0,35.8267
0,40.8463
0,51.6480
0,40.5181
0,52.6650
0,42.6000
0,44.8975
0,39.9210
0,56.4120
0,10.5626
0,39.2467
0,21.7667
0,59.3575
0,53.3796
0,39.9408
0,53.4170
0,40.7072
0,19.1831
0,15.4694
0,49.5064
0,45.8014
0,5.0111
0,21.1000
0,59.2914
0,56.4810
0,20.1000
0,-2.5833
0,39.9532
0,58.9469
0,52.5757
0,50.1690
0,35.9500
0,12.2417
0,25.6347
0,46.8969
0,39.5306
0,43.3219
0,8.4644
0,29.7663
0,48.6908
0,53.7550
0,52.6715
0,10.1333
0,38.9047
0,-33.6731
0,53.4199
0,56.7844
0,33.2692
0,52.9310
0,33.9244
0,-28.7833
0,40.9167
0,40.5058
0,46.8806
0,53.0821
0,44.8947
0,41.7112
0,48.7586
0,55.9797
0,16.3300
0,47.8709
0,40.8028
0,39.5117
0,41.2063
0,40.5676
0,10.2837
0,53.7820
0,48.6606
0,56.2000
0,39.5643
0,21.2017
0,51.6850
0,34.1161
0,47.0814
0,56.9672
0,45.8358
0,43.6167
0,41.0500
0,52.3176
0,53.2760
0,42.9600
0,48.6653
0,35.8861
0,-2.8500
0,54.0991
0,53.6200
0,56.3757
0,16.3394
0,32.6333
0,35.7333
0,34.1025
0,28.9833
0,53.1250
0,30.7136
0,36.9772
0,-34.1989
0,46.0667
0,33.9168
0,17.6750
0,45.6667
0,37.9687
0,51.5400
0,45.7281
0,29.8781
0,48.6386
0,52.5724
0,52.3970
0,42.7243
0,40.6218
0,42.4316
0,56.4067
0,20.8583
0,18.8167
0,33.9765
0,19.7444
0,39.5356
0,55.9240
0,25.6061
0,53.4793
0,49.2367
0,40.6432
0,40.7324
0,14.4333
0,40.8348
0,26.6994
0,40.9333
0,47.5914
0,53.4200
0,55.0778
0,42.6000
0,18.3609
0,-4.1333
0,33.9235
0,56.6667
0,52.6331
0,51.2189
0,51.6760
0,35.8878
0,-26.0200
0,51.3890
0,56.7299
0,-2.5500
0,47.4103
0,35.8833
0,45.7743
0,21.3865
0,40.4471
0,51.5578
0,40.9025
0,53.8510
0,15.1375
0,53.6440
0,53.7973
0,-6.0230
0,51.4331
0,6.5965
0,45.6500
0,53.7285
0,53.4100
0,53.6470
0,47.1530
0,1.3333
0,45.6667
0,54.6667
0,45.8247
0,21.8772
0,55.8615
0,42.8442
0,41.9801
0,45.6506
0,42.1475
0,38.9424
0,-16.0667
0,45.9622
0,18.2394
0,56.6692
0,51.6138
0,52.5983
0,48.8792
0,52.7365
0,47.9561
0,51.3850
0,52.1247
0,51.4770
0,40.8507
0,38.2000
0,53.0160
0,7.7667
0,40.3734
0,55.9690
0,-17.7983
0,1.8911
0,55.1000
0,49.2933
0,52.2150
0,40.2342
0,1.4500
0,45.3667
0,39.8774
0,40.4852
0,18.0821
0,51.6811
0,55.8908
0,47.0931
0,60.1550
0,45.7039
0,-34.6469
0,45.9551
0,46.9594
0,54.5828
0,53.4932
0,16.6500
0,16.9667
0,52.3214
0,50.3858
0,48.5625
0,53.5638
0,-0.8667
0,54.2101
0,-8.5167
0,45.5167
0,39.1023
0,51.2965
0,39.0392
0,40.8638
0,-8.1000
0,51.8980
0,40.7328
0,50.4522
0,40.7240
0,40.9099
0,47.5236
0,51.8833
0,45.2000
0,39.8924
0,20.8042
0,-8.7239
0,56.1296
0,50.6284
0,51.4300
0,-29.2885
0,57.2447
0,51.2790
0,51.7220
0,28.6100
0,18.4000
0,53.3268
0,51.0910
0,51.4290
0,39.9151
0,35.8542
0,51.7100
0,56.2433
0,52.3667
0,51.3143
0,20.9922
0,25.7578
0,41.1410
0,56.6258
0,20.4500
0,36.8698
0,47.7708
0,48.4698
0,38.8658
0,45.6430
0,20.4414
0,51.5516
0,38.8717
0,58.8833
0,38.8709
0,18.4855
0,51.6853
0,17.0580
0,38.7753
0,51.7200
0,40.4207
0,39.8906
0,53.0500
0,49.2297
0,53.3500
0,51.6970
0,45.6667
0,52.4024
0,46.4575
0,18.7007
0,16.8031
0,46.3333
0,40.2111
0,53.8852
0,55.5344
0,53.4014
0,54.2111
0,40.6746
0,54.6333
0,45.9590
0,55.3306
0,51.6380
0,45.7369
0,37.9797
0,51.9000
0,51.3069
0,52.0180
0,43.5294
0,56.0020
0,48.9031
0,5.0404
0,33.7451
0,53.3900
0,40.8750
0,40.7436
0,39.9793
0,41.9663
0,24.7894
0,55.4330
0,40.9363
0,40.3941
0,52.0070
0,33.8885
0,51.0559
0,24.0833
0,51.6360
0,41.7233
0,39.0235
0,46.3941
0,20.3997
0,54.5492
0,51.6500
0,45.7506
0,39.1577
0,51.7960
0,-42.4667
0,26.0979
0,51.5798
0,45.1922
0,34.0489
0,40.5333
0,1.6833
0,20.6981
0,46.5167
0,38.9423
0,38.6121
0,32.7153
0,18.3703
0,26.0950
0,26.1598
0,51.5840
0,25.8487
0,40.0772
0,51.9302
0,40.4945
0,35.8822
0,18.5544
0,47.1722
0,19.9828
0,41.8500
0,43.6394
0,55.9908
0,33.2100
0,50.8925
0,21.2964
0,55.8306
0,40.8390
0,46.0565
0,38.8106
0,-26.6800
0,18.4936
0,40.0358
0,35.0167
0,50.7833
0,3.4136
0,40.1032
0,9.2500
0,37.1333
0,40.6844
0,21.9167
0,27.3648
0,17.1667
0,3.4500
0,54.9390
0,34.9608
0,52.8147
0,50.6240
0,38.3126
0,45.7947
0,42.0264
0,38.9206
0,47.3661
0,40.6417
0,53.2167
0,32.8130
0,39.7667
0,51.2930
0,40.4933
0,40.6296
0,18.0583
0,25.3653
0,45.9044
0,18.2264
0,41.6650
0,18.3735
0,40.8041
0,52.2664
0,12.4500
0,54.5680
0,23.8500
0,35.8975
0,55.6333
0,18.2529
0,46.4786
0,40.1775
0,56.5439
0,-34.3436
0,27.5800
0,46.5437
0,40.6100
0,21.4025
0,41.1298
0,42.3522
0,41.0714
0,35.8992
0,53.7682
0,48.3628
0,1.6287
0,-3.4667
0,44.2658
0,54.2479
0,56.8367
0,28.4611
0,16.8211
0,51.7072
0,18.4273
0,55.8956
0,46.5093
0,4.3167
0,20.8583
0,40.7587
0,35.8833
0,47.4997
0,-1.5000
0,57.0769
0,56.3250
0,21.2939
0,40.5903
0,52.0944
0,44.1842
0,39.8996
0,41.0919
0,45.4833
0,56.6008
0,48.2244
0,18.1894
0,1.3089
0,45.8884
0,40.3110
0,18.0469
0,39.8785
0,56.3539
0,18.3919
0,40.7869
0,41.7078
0,0.3000
0,41.5905
0,57.1750
0,42.0783
0,-39.3410
0,57.5147
0,35.8597
0,3.7571
0,40.2630
0,18.1784
0,45.3564
0,56.8542
0,40.6422
0,47.2167
0,5.1038
0,40.6557
0,49.8678
0,41.9500
0,54.3111
0,39.9301
0,26.1990
0,41.7014
0,-18.0607
0,40.6252
0,39.8891
0,33.3664
0,40.8399
0,18.0762
0,21.3418
0,34.1234
0,37.9261
0,41.9233
0,40.9530
0,57.4239
0,19.3011
0,-0.9025
0,36.7650
0,40.5182
0,26.0892
0,44.8375
0,39.8858
0,40.1564
0,39.0191
0,40.9394
0,39.9188
0,56.0611
0,16.1760
0,58.7461
0,39.4000
0,-21.7000
0,58.0536
0,35.8881
0,19.7000
0,25.9705
0,37.8878
0,47.1667
0,16.7546
0,39.8438
0,42.4761
0,56.2942
0,-26.4500
0,-8.8500
0,18.4509
0,58.9944
0,21.3617
0,40.6775
0,42.0893
0,47.0333
0,-3.9236
0,38.5326
0,45.3886
0,40.9258
0,41.2031
0,17.9706
0,36.9618
0,55.7306
0,45.7000
0,46.1342
0,38.8588
0,38.9859
0,-3.2500
0,56.7175
0,41.9158
0,33.2257
0,35.8483
0,39.9867
0,49.8117
0,55.8333
0,45.5711
0,47.3306
0,46.0025
0,39.8865
0,40.3494
0,42.4920
0,34.1160
0,39.7385
0,35.9014
0,46.5469
0,40.4688
0,57.1292
0,45.7167
0,40.9380
0,-17.5028
0,18.1775
0,-2.0208
0,46.1461
0,41.2404
0,25.8878
0,18.0989
0,40.5666
0,56.6000
0,42.3167
0,29.3489
0,40.7959
0,39.1011
0,32.1955
0,40.9642
0,44.5469
0,66.9389
0,12.2780
0,39.9075
0,39.9198
0,40.7355
0,-7.9270
0,25.8787
0,40.9069
0,42.4019
0,15.7167
0,39.2039
0,54.7492
0,39.3439
0,41.3700
0,40.1798
0,-26.2000
0,39.8566
0,25.9351
0,55.2333
0,-29.5333
0,21.4689
0,34.9900
0,27.9086
0,36.0503
0,38.9633
0,41.1214
0,18.2860
0,45.8500
0,-0.3089
0,39.7507
0,-1.4043
0,37.9084
0,40.3029
0,53.6333
0,5.5000
0,27.4333
0,17.9687
0,35.9264
0,40.7715
0,42.2060
0,56.8266
0,36.5263
0,18.2116
0,46.3362
0,36.9646
0,13.4500
0,37.6914
0,-8.5935
0,57.4242
0,37.6021
0,18.0595
0,39.7036
0,40.4085
0,36.0381
0,40.7500
0,40.5656
0,27.8155
0,37.9939
0,56.2667
0,27.7526
0,69.2167
0,45.4536
0,41.8337
0,17.9779
0,46.2516
0,42.9037
0,16.1000
0,27.6167
0,54.9556
0,26.8667
0,36.2534
0,46.3667
0,47.2197
0,35.9042
0,46.2225
0,35.8933
0,-1.1714
0,5.9100
0,57.1333
0,11.5776
0,47.2000
0,45.1011
0,15.2653
0,62.2375
0,4.5828
0,-3.9333
0,11.4833
0,45.9389
0,35.8892
0,20.6464
0,55.4917
0,55.9809
0,53.8000
0,35.8442
0,18.3669
0,46.0092
0,35.9056
0,57.7753
0,49.5444
0,-11.0153
0,46.5900
0,41.3169
0,39.7500
0,54.6333
0,46.6149
0,45.9283
0,18.0264
0,20.2019
0,45.5651
0,56.6908
0,35.8483
0,45.7964
0,35.8417
0,46.1563
0,46.5383
0,41.9794
0,35.8603
0,15.1875
0,6.4456
0,35.8419
0,49.6747
0,42.0775
0,35.9241
0,46.0460
0,46.6810
0,35.9184
0,55.1333
0,56.7211
0,-5.4833
0,36.0331
0,45.9104
0,39.9833
0,58.9944
0,0.5714
0,1.7389
0,45.5271
0,54.4147
0,41.5133
0,13.5510
0,-3.2194
0,56.9444
0,2.5403
0,8.2500
0,56.7425
0,11.4028
0,35.9197
0,54.2319
0,45.5793
0,56.5375
0,0.5303
0,35.8908
0,6.1509
0,46.2781
0,35.8864
0,45.0808
0,41.4114
0,57.0364
0,68.7097
0,35.8342
0,46.5755
0,56.9408
0,46.5206
0,5.7970
0,41.7592
0,45.6472
0,60.7167
0,57.2636
0,20.9500
0,36.0269
0,3.5204
0,6.6223
0,55.7250
0,53.5333
0,15.1375
0,52.2053
0,45.9180
0,35.8333
0,3.3833
0,6.8874
0,-14.9889
0,8.2000
0,45.7667
0,46.5662
0,46.2931
0,41.9667
0,2.6717
0,56.6161
0,1.3965
0,15.0250
0,10.6374
0,41.4128
0,4.2631
0,13.4940
0,56.6833
0,41.9333
0,6.9639
0,56.5528
0,41.2403
0,25.1800
0,53.2878
0,42.1553
0,4.8000
0,57.8969
0,47.1167
0,36.0244
0,36.0353
0,42.3667
0,5.4697
0,5.3258
0,0.7085
0,41.2208
0,47.2450
0,57.7494
0,41.4667
0,56.6500
0,41.5161
0,8.4000
0,41.1083
0,-21.0696
0,46.6053
0,56.6467
0,41.3358
0,13.7394
0,20.5453
0,55.3040
0,52.9779
0,41.8542
0,54.6056
0,46.2749
0,36.0406
0,39.6408
0,4.3742
0,52.3550
0,52.3342
0,56.4611
0,41.4758
0,41.5775
0,1.7156
0,57.3142
0,0.7539
0,14.9167
0,55.9781
0,57.5031
0,-15.7167
0,36.0444
0,-2.8000
0,56.7444
0,5.6000
0,-9.0000
0,1.4356
0,-2.8714
0,57.0458
0,45.8463
0,56.6064
0,57.0964
0,42.5194
0,46.0659
0,0.4919
0,43.9750
0,0.3533
0,46.4071
0,46.5992
0,36.0303
0,-1.0634
0,43.1583
0,47.2199
0,56.7867
0,-0.4989
0,3.4651
0,36.0375
0,56.6756
0,56.0947
0,35.8731
0,10.6333
0,5.8833
0,36.0611
0,46.5833
0,56.4472
0,8.3982
0,-0.6000
0,41.4406
0,57.0100
0,21.3100
0,18.0973
0,56.6175
0,0.6703
0,2.1878
0,45.8389
0,-15.8000
0,56.6078
0,-0.5633
0,56.8975
0,-14.9667
0,5.8904
0,53.7270
0,56.9718
0,-8.7678
0,53.5550
0,3.4718
0,16.6667
0,4.1200
0,-0.6167
0,44.7558
0,46.3378
0,3.0567
0,-10.4544
0,56.4185
0,53.9469
0,56.3453
0,42.2000
0,56.9017
0,-0.3000
0,1.0833
0,53.2667
0,-12.2822
0,42.1817
0,7.4833
0,39.9111
0,-17.8000
0,-0.7210
0,41.0419
0,57.5167
0,47.2283
0,1.0112
0,35.8719
0,1.6806
0,41.4958
0,57.3333
0,-0.7813
0,41.8833
0,42.0731
0,6.8000
0,56.3856
0,42.5085
0,44.0212
0,15.5667
0,56.9683
0,46.3444
0,57.3319
0,57.1842
0,7.4500
0,-6.7111
0,17.4833
0,41.3028
0,35.9136
0,46.1550
0,57.1797
0,2.9217
0,25.2919
0,0.4044
0,57.8667
0,45.9383
0,46.2375
0,-0.4031
0,57.7669
0,35.3044
0,43.9683
0,46.2471
0,15.6594
0,34.5428
0,42.7339
0,52.8619
0,57.2336
0,56.1622
0,56.2044
0,-16.0350
0,57.6272
0,-13.0364
0,5.2803
0,-10.7380
0,56.3458
0,43.8500
0,41.7817
0,57.5214
0,15.0833
0,36.0550
0,53.9908
0,41.4264
0,1.8342
0,46.4047
0,5.7669
0,17.2014
0,44.3656
0,42.9167
0,46.2208
0,57.1797
0,0.0607
0,41.6100
0,46.2542
0,-3.3444
0,46.3800
0,21.3833
0,39.2464
0,56.8878
0,41.4775
0,56.1233
0,11.1811
0,10.7167
0,42.7000
0,57.5392
0,56.7314
0,43.5000
0,44.1869
0,44.3655
0,41.8867
0,42.0975
0,35.8858
0,-5.9897
0,-17.4667
0,44.3992
0,10.1741
0,45.8463
0,53.0309
0,42.6950
0,44.6200
0,55.0470
0,0.4578
0,46.3000
0,43.9042
0,-16.1069
0,-13.6532
0,61.6000
0,53.8500
0,36.2583
0,56.3394
0,31.7167
0,15.1670
0,6.1833
0,46.2369
0,-9.1031
0,56.4200
0,46.5058
0,10.6472
0,56.9803
0,41.8167
0,4.7086
0,46.3394
0,-3.9736
0,43.8667
0,57.8836
0,1.1667
0,43.9408
0,3.2704
0,0.8492
0,1.2389
0,56.9550
0,46.2833
0,17.6261
0,4.9267
0,0.2398
0,43.8667
0,11.9167
0,36.0578
0,42.5872
0,44.6633
0,11.5349
0,36.4481
0,24.2558
0,11.9359
0,0.7008
0,18.0231
0,47.1801
0,46.5000
0,46.5500
0,43.5383
0,44.0833
0,24.4167
0,46.0444
0,-2.8869
0,46.1333
0,1.0433
0,0.9061
0,22.3991
0,-15.3981
0,46.1369
0,1.9845
0,56.1592
0,44.6039
0,61.9125
0,46.0886
0,56.9994
0,48.1982
0,46.8053
0,46.3176
0,46.1669
0,46.3833
0,46.3025
0,-0.2989
0,-9.1081
0,43.1519
0,43.9492
0,57.0619
0,0.6263
0,46.3119
0,42.9667
0,-6.1333
0,5.5375
0,46.2272
0,57.4731
0,46.2038
0,56.9447
0,17.1833
0,45.9833
0,42.8101
0,46.0333
0,-8.1448
0,0.3375
0,0.9378
0,57.6947
0,46.6114
0,46.6472
0,62.2833
0,46.0167
0,9.5144
0,46.6556
0,46.5031
0,-0.5853
0,56.5828
0,43.9453
0,14.3436
0,25.3722
0,0.8949
0,46.5208
0,43.2339
0,44.1500
0,-13.7973
0,25.4697
0,-8.7281
0,46.3878
0,43.9092
0,1.1942
0,19.7470
0,0.8363
0,10.2000
0,57.3711
0,41.1865
0,18.4411
0,46.1667
0,6.8167
0,46.3333
0,6.3249
0,0.9784
0,43.0167
0,56.4497
0,46.2456
0,-0.1539
0,45.9553
0,46.4519
0,-1.7808
0,-3.5050
0,46.3817
0,43.1968
0,-0.8411
0,54.8356
0,-19.5417
0,46.1500
0,62.0978
0,0.1818
0,43.9092
0,0.6328
0,61.4814
0,32.3325
0,44.3333
0,25.5669
0,14.7040
0,-0.6842
0,-0.1667
0,44.2167
0,13.6957
0,14.1167
0,36.0431
0,46.3517
0,-0.1578
0,43.4167
0,46.0236
0,46.3561
0,46.4089
0,-25.4745
0,45.1283
0,44.2167
0,-1.8500
0,46.2000
0,-1.1883
0,-43.9510
0,10.8623
0,45.6794
0,46.2897
0,0.9166
0,6.7362
0,42.4300
0,46.5406
0,46.4667
0,46.6069
0,1.5180
0,2.0036
0,-4.8296
0,-0.3831
0,43.0142
0,0.4772
0,-0.6260
0,49.6444
0,1.3169
0,46.3375
0,14.1817
0,0.0044
0,49.9689
0,1.4167
0,46.6817
0,16.1503
0,36.5633
0,46.2439
0,45.9778
0,-1.1647
0,46.0569
0,-0.6583
0,-0.2643
0,45.9144
0,2.4002
0,46.3667
0,36.0722
0,46.2769
0,2.5135
0,-1.0833
0,-0.7200
0,42.5167
0,-0.4161
0,46.1333
0,46.3167
0,39.7229
0,46.4147
0,1.3000
0,-18.3592
0,45.9069
0,0.5567
0,57.1528
0,1.9167
0,46.4367
0,-13.8230
0,6.2541
0,44.2525
0,47.0667
0,0.2111
0,46.2333
0,1.4314
0,9.5511
0,46.0886
0,45.9603
0,7.5905
0,0.3792
0,2.2447
0,44.8783
0,46.1072
0,-9.2000
0,46.1256
0,-9.3129
0,-8.5167
0,45.7128
0,43.9061
0,46.5695
0,17.1503
0,45.8500
0,-0.9575
0,46.3456
0,45.7800
0,0.1772
0,-4.3500
0,36.6092
0,-24.8667
0,-13.8318
0,45.8620
0,32.5319
0,46.4036
0,45.6461
0,2.2141
0,45.3314
0,41.9945
0,46.4658
0,45.9964
0,46.6278
0,34.1782
0,12.0042
0,43.2906
0,42.5434
0,46.2361
0,62.1156
0,46.5683
0,4.8067
0,-0.0772
0,49.9350
0,27.0219
0,0.7806
0,12.8489
0,46.5767
0,-17.6167
0,46.6492
0,46.1864
0,13.1880
0,10.2667
0,16.5667
0,47.1100
0,46.6086
0,56.5500
0,42.4664
0,43.9261
0,1.1517
0,15.0669
0,0.2600
0,1.8160
0,56.1983
0,-4.1737
0,-0.8686
0,45.6667
0,0.5022
0,6.2058
0,49.7489
0,40.5121
0,45.7667
0,36.6009
0,62.1096
0,42.3656
0,46.5836
0,46.6392
0,34.9897
0,46.5744
0,45.8603
0,-15.2869
0,14.0194
0,0.2725
0,43.7519
0,44.7475
0,0.7011
0,43.8247
0,22.9614
0,46.3833
0,45.8339
0,18.4953
0,44.0000
0,61.5544
0,46.0550
0,1.6378
0,5.7000
0,45.8322
0,46.7067
0,17.8814
0,45.9067
0,57.2425
0,43.7167
0,45.9342
0,36.0430
0,45.2269
0,45.6100
0,46.5719
0,46.7208
0,46.3942
0,3.5297
0,7.0123
0,46.8000
0,41.0925
0,43.7167
0,43.6667
0,10.1800
0,33.6374
0,27.2750
0,28.8755
0,44.2500
0,-5.8550
0,44.3042
0,45.6109
0,45.7717
0,46.6972
0,46.5706
0,27.3685
0,46.1589
0,2.6131
0,13.1483
0,45.6000
0,45.6167
0,46.8369
0,39.5544
0,46.4847
0,8.7667
0,46.2953
0,43.1833
0,46.3686
0,2.9806
0,45.2000
0,33.9953
0,46.3453
0,45.7386
0,45.8956
0,33.1757
0,9.9361
0,-5.8489
0,46.3917
0,47.3000
0,3.0500
0,43.2833
0,62.2448
0,61.5264
0,-13.8745
0,46.3353
0,42.4254
0,44.9833
0,50.0547
0,49.7656
0,6.8036
0,8.0662
0,15.0339
0,14.1016
0,46.5350
0,46.3833
0,46.4842
0,10.5667
0,10.2992
0,-27.1167
0,42.5550
0,42.5005
0,43.9167
0,42.5670
0,2.8338
0,6.3909
0,46.5275
0,14.8714
0,24.3420
0,45.8153
0,45.3667
0,10.5273
0,45.6847
0,46.5006
0,48.3853
0,46.0750
0,33.7218
0,2.1178
0,19.4500
0,1.9500
0,46.6064
0,55.1328
0,45.1117
0,2.0525
0,12.1517
0,18.3831
0,46.1367
0,47.8161
0,26.8007
0,46.6875
0,46.5869
0,46.5167
0,26.8639
0,46.3172
0,46.8000
0,27.3333
0,40.9825
0,0.3586
0,42.8333
0,2.2514
0,61.4733
0,27.0380
0,14.8833
0,45.4850
0,0.7373
0,46.5217
0,42.2897
0,43.7500
0,46.2294
0,-30.1153
0,44.9833
0,46.5129
0,-13.6715
0,43.5811
0,8.3100
0,12.7081
0,6.8706
0,45.0492
0,44.3562
0,11.4672
0,17.4084
0,45.5292
0,44.3783
0,45.2392
0,7.9281
0,45.7069
0,44.4500
0,44.2333
0,45.5522
0,44.2266
0,1.8763
0,43.8667
0,-2.6806
0,9.5600
0,-0.2356
0,-14.2933
0,46.0500
0,1.5917
0,27.0989
0,44.3667
0,26.1400
0,35.3129
0,43.4553
0,42.9089
0,45.7611
0,40.7649
0,46.6514
0,9.3646
0,15.6167
0,2.7017
0,43.5708
0,10.3059
0,44.5667
0,43.1408
0,1.0411
0,41.2012
0,43.2859
0,46.4411
0,44.6500
0,62.1990
0,44.9089
0,39.3994
0,45.6667
0,46.1569
0,-13.9338
0,20.6922
0,23.3908
0,44.4167
0,42.6100
0,-5.4219
0,42.0208
0,-13.7659
0,2.5004
0,45.0031
0,-13.5196
0,45.7011
0,42.7800
0,22.5667
0,-13.4513
0,40.1098
0,46.6847
0,44.6167
0,-13.7555
0,46.4839
0,2.8139
0,8.4746
0,42.5619
0,16.6158
0,22.6906
0,46.2750
0,42.9875
0,41.0893
0,43.0680
0,39.7950
0,62.0717
0,54.8653
0,43.3836
0,39.4072
0,62.2995
0,13.0000
0,46.8250
0,44.3667
0,11.5900
0,16.1641
0,1.9167
0,15.1058
0,44.7500
0,13.7177
0,9.5221
0,44.4833
0,44.4708
0,62.2079
0,11.5264
0,45.4053
0,62.1548
0,55.3797
0,43.2203
0,9.5500
0,45.0522
0,1.1987
0,0.1342
0,-13.3753
0,15.3503
0,27.6116
0,61.4055
0,62.1186
0,46.4194
0,-21.0667
0,12.9092
0,62.0537
0,46.8233
0,61.5068
0,56.5047
0,2.6342
0,-13.4489
0,44.1979
0,42.3514
0,-13.8761
0,11.7956
0,55.3406
0,62.3600
0,37.8875
0,-20.6245
0,45.5084
0,40.9111
0,27.5168
0,61.8344
0,11.7120
0,27.2169
0,17.0208
0,9.0830
0,2.8375
0,-11.5531
0,-18.9315
0,35.4206
0,42.8250
0,5.1974
0,7.0667
0,18.8989
0,-4.6519
0,8.4774
0,61.8099
0,-7.9286
0,16.0667
0,27.6679
0,27.5492
0,43.4667
0,10.6162
0,61.8314
0,62.2917
0,27.0753
0,43.2178
0,62.3263
0,-20.5636
0,46.3833
0,42.9500
0,61.7710
0,43.1528
0,46.3611
0,-37.0675
0,26.5833
0,27.9067
0,27.4471
0,-24.6017
0,5.2667
0,19.9333
0,8.0778
0,21.3547
0,24.1667
0,-20.9000
0,42.3067
0,42.4667
0,0.2222
0,38.9786
0,46.0667
0,51.7570
0,51.2101
0,35.4258
0,8.7500
0,22.9610
0,13.9500
0,36.3072
0,14.0167
0,41.2317
0,36.7642
0,18.8200
0,41.2013
0,52.2500
0,39.4007
0,26.3752
0,-36.7500
0,43.4631
0,8.2333
0,39.9949
0,-22.1858
0,55.8500
0,29.6967
0,52.6500
0,38.9144
0,38.9172
0,58.1953
0,35.2872
0,33.6269
0,4.8633
0,45.4779
0,56.4667
0,18.5564
0,6.6833
0,35.6478
0,10.4004
0,43.0167
0,22.3131
0,38.9597
0,-34.0833
0,36.2692
0,19.4833
0,36.2489
0,-33.6450
0,57.0500
0,-22.7611
0,7.9667
0,13.7167
0,53.5444
0,33.7667
0,51.4333
0,36.4167
0,59.6000
0,40.4917
0,39.5032
0,41.5682
0,43.1667
0,50.1328
0,18.7700
0,48.9169
0,3.2608
0,44.1333
0,-3.1428
0,16.0167
0,63.5667
0,1.3244
0,-33.7333
0,-22.4700
0,52.5630
0,35.5147
0,29.6167
0,33.1879
0,33.1350
0,44.2000
0,24.7704
0,40.5710
0,-26.6992
0,54.6500
0,40.3703
0,9.3171
0,53.6864
0,39.4833
0,47.3091
0,48.0846
0,10.1167
0,35.8900
0,24.0376
0,34.3700
0,7.2000
0,43.2461
0,30.3751
0,50.4550
0,25.7356
0,40.3520
0,23.6032
0,28.2360
0,34.3975
0,15.7333
0,42.0821
0,43.9102
0,38.7998
0,-24.0458
0,45.7564
0,37.6798
0,39.3444
0,-30.1139
0,13.8840
0,10.7361
0,54.9333
0,6.9500
0,37.9119
0,7.7000
0,27.8227
0,7.2333
0,39.9589
0,32.5853
0,14.9500
0,25.1496
0,59.6333
0,33.3997
0,36.9719
0,44.1080
0,41.3167
0,41.1833
0,43.9500
0,10.6204
0,7.8167
0,23.0614
0,-19.8600
0,50.2000
0,41.4735
0,8.1833
0,36.5672
0,50.8782
0,34.0391
0,33.6909
0,53.4925
0,26.1260
0,43.1887
0,10.8333
0,59.5667
0,52.8922
0,38.8556
0,44.9133
0,17.0264
0,58.1333
0,36.8468
0,33.9836
0,36.8564
0,46.1389
0,-18.9167
0,36.3039
0,30.6218
0,35.6689
0,36.3274
0,13.9167
0,42.3127
0,38.2540
0,-17.2217
0,36.0422
0,25.3916
0,55.3167
0,48.1744
0,45.1283
0,42.3972
0,32.4500
0,15.6667
0,-43.2533
0,51.3833
0,37.9513
0,5.1704
0,-17.7439
0,19.8178
0,39.4653
0,34.1781
0,43.0580
0,30.2881
0,34.6176
0,7.8704
0,13.7917
0,28.3000
0,-31.2667
0,56.3500
0,39.3886
0,46.8750
0,50.8500
0,-6.8396
0,39.3515
0,-12.5450
0,32.6087
0,40.5469
0,5.7167
0,14.0500
0,-2.5329
0,49.6942
0,-19.7900
0,44.0716
0,3.5778
0,-33.2996
0,39.2867
0,13.5928
0,39.4654
0,45.3167
0,40.3394
0,39.9895
0,4.7078
0,36.6953
0,43.9350
0,-0.3596
0,37.2300
0,31.9339
0,50.8000
0,43.8354
0,54.7819
0,32.8538
0,-22.4319
0,23.5025
0,13.9333
0,12.8508
0,-33.6167
0,-20.4228
0,-23.1008
0,33.8374
0,48.5200
0,41.0330
0,-6.6450
0,32.7667
0,-16.0711
0,6.8333
0,-19.5828
0,54.3136
0,30.3239
0,28.5278
0,20.9085
0,36.7125
0,-22.4258
0,37.6862
0,32.3500
0,-22.9200
0,45.4906
0,23.7141
0,-15.4528
0,-12.3667
0,6.2167
0,43.7167
0,10.5172
0,14.9123
0,43.9333
0,-21.1358
0,49.1642
0,35.6433
0,18.8679
0,13.9833
0,53.6475
0,56.2000
0,53.9833
0,50.7189
0,34.9984
0,13.5833
0,16.1553
0,29.6994
0,8.2461
0,34.4581
0,10.6931
0,-10.7000
0,14.1200
0,58.5919
0,50.5833
0,7.5504
0,43.8500
0,52.2300
0,-3.6669
0,37.6130
0,38.9764
0,9.3005
0,48.3167
0,41.7137
0,53.5595
0,-11.9361
0,44.9667
0,7.1167
0,51.0383
0,7.3744
0,36.6000
0,-2.0696
0,31.5776
0,-21.9689
0,22.5783
0,-12.6678
0,23.6742
0,6.6333
0,53.7250
0,-23.0728
0,13.2922
0,31.6333
0,41.1144
0,25.5086
0,50.8833
0,7.9711
0,20.1881
0,38.7850
0,11.4086
0,10.9000
0,8.1333
0,34.8000
0,-41.4419
0,42.3316
0,31.3417
0,23.7472
0,20.0087
0,15.2415
0,10.5958
0,51.3000
0,15.6000
0,25.8670
0,38.1902
0,36.3208
0,46.4900
0,-5.7928
0,-17.8808
0,30.2167
0,52.7667
0,-11.4386
0,40.1989
0,22.5292
0,23.3014
0,-7.9573
0,51.6167
0,30.6708
0,7.6667
0,36.9194
0,-33.8836
0,17.6800
0,34.7503
0,-11.7289
0,22.5083
0,8.4405
0,10.4667
0,40.2046
0,41.2000
0,40.6383
0,28.0108
0,35.4283
0,33.9000
0,39.8556
0,-19.9858
0,23.9303
0,36.5653
0,-11.0150
0,22.5586
0,13.9904
0,42.2431
0,26.6195
0,40.3969
0,-36.9167
0,-34.1667
0,19.6819
0,19.3649
0,51.2833
0,33.2613
0,35.1395
0,50.9333
0,40.2000
0,18.3961
0,35.3086
0,51.2009
0,23.2445
0,32.8110
0,8.8490
0,-0.6261
0,34.7690
0,20.7418
0,-23.4339
0,-33.5809
0,41.1319
0,45.6722
0,25.5655
0,13.0000
0,42.9082
0,27.9100
0,12.5125
0,-36.9000
0,47.6633
0,30.6657
0,25.1945
0,47.7833
0,32.6536
0,54.5333
0,54.0143
0,10.2667
0,11.7104
0,42.3697
0,7.1500
0,41.3170
0,40.0891
0,34.6494
0,36.6000
0,35.9833
0,49.3641
0,37.5026
0,5.6175
0,-14.2228
0,37.9778
0,46.7106
0,35.4958
0,33.3754
0,-30.0394
0,45.4667
0,35.0000
0,48.0603
0,38.2087
0,-26.2500
0,-8.0289
0,36.4167
0,57.4500
0,33.6606
0,-27.0250
0,11.3333
0,38.2976
0,54.9917
0,39.4365
0,-7.0049
0,37.8792
0,50.9000
0,-22.9494
0,35.0589
0,-34.5939
0,54.5700
0,44.1256
0,45.7333
0,27.9088
0,44.8306
0,-16.3578
0,-7.5500
0,51.6667
0,-8.2008
0,-11.1808
0,-23.3967
0,9.9342
0,13.4083
0,6.3667
0,39.3106
0,10.6300
0,34.0333
0,38.0833
0,33.6151
0,56.3500
0,-7.9858
0,-26.8989
0,6.3000
0,26.2041
0,7.6697
0,36.7500
0,8.8867
0,36.7831
0,49.6319
0,6.9667
0,42.5818
0,36.9631
0,37.0758
0,16.1500
0,56.2500
0,42.4333
0,-23.6628
0,-28.3878
0,33.9508
0,15.7000
0,-2.5208
0,18.3800
0,28.0996
0,49.1577
0,16.0323
0,55.7333
0,13.7167
0,52.3069
0,30.4397
0,16.0031
0,23.1863
0,-30.8908
0,-5.6385
0,-23.8040
0,12.8370
0,-1.8839
0,-22.7439
0,37.7965
0,37.7981
0,32.2653
0,56.7667
0,35.9216
0,-4.0850
0,51.3400
0,28.1085
0,40.8231
0,32.1742
0,42.9822
0,36.7833
0,35.4190
0,33.5983
0,17.8894
0,17.6500
0,42.7396
0,37.3967
0,39.9297
0,40.7536
0,27.6722
0,13.1833
0,59.2167
0,-7.6308
0,8.6549
0,35.1283
0,42.3172
0,13.9667
0,31.3833
0,16.3333
0,-18.9439
0,52.2883
0,-25.4833
0,28.2408
0,-22.1169
0,40.2258
0,49.2167
0,50.4778
0,42.7722
0,29.8977
0,44.3000
0,4.7175
0,32.7378
0,-34.4588
0,45.8167
0,6.0886
0,15.7167
0,-5.8578
0,58.0000
0,35.1872
0,-26.7833
0,47.1000
0,-34.5703
0,5.9333
0,-23.2064
0,-5.1989
0,-4.5328
0,37.6663
0,25.3172
0,14.1500
0,24.1263
0,44.8944
0,35.3306
0,-21.6033
0,10.6000
0,51.8333
0,-39.0333
0,29.9777
0,28.5000
0,43.5169
0,7.3619
0,42.3192
0,47.3039
0,41.7658
0,-33.0251
0,18.3167
0,-1.4500
0,57.2500
0,23.5607
0,21.3298
0,6.0000
0,38.6668
0,36.1899
0,30.4711
0,33.8300
0,41.7062
0,11.1000
0,7.8342
0,9.5167
0,55.4833
0,10.6000
0,32.2500
0,19.9039
0,35.7289
0,-3.6333
0,-4.9708
0,42.4860
0,54.0714
0,-21.4289
0,-21.1411
0,53.7064
0,-38.5500
0,17.5815
0,5.9760
0,40.0705
0,37.2692
0,45.1112
0,-5.1036
0,17.5500
0,3.5200
0,42.2304
0,33.5000
0,-3.7419
0,-13.6575
0,31.3074
0,31.2923
0,-21.6947
0,41.7264
0,25.4283
0,6.5172
0,36.3792
0,34.0147
0,41.3500
0,11.2000
0,9.0000
0,38.1717
0,47.0004
0,-9.4233
0,41.7667
0,19.5164
0,34.8303
0,53.1900
0,23.0188
0,33.1389
0,22.7815
0,20.3444
0,-24.3239
0,30.8502
0,45.0225
0,44.4994
0,19.0600
0,23.6128
0,15.2500
0,-20.2581
0,39.0833
0,36.1389
0,33.4314
0,30.6668
0,35.8558
0,19.3800
0,35.5104
0,48.2311
0,7.0833
0,43.1961
0,-18.3500
0,16.7500
0,30.5106
0,56.3339
0,55.7556
0,-32.4103
0,28.9021
0,40.4640
0,33.7899
0,16.7000
0,-11.5008
0,39.7599
0,31.3258
0,-26.2289
0,36.4333
0,33.0344
0,26.1685
0,20.0575
0,-26.0808
0,35.4500
0,38.9034
0,9.7333
0,49.8917
0,23.8787
0,40.4166
0,11.0167
0,2.6422
0,53.0506
0,31.5130
0,9.7167
0,8.1728
0,-23.3750
0,33.4006
0,-19.6167
0,26.5281
0,5.4538
0,15.7833
0,-7.0769
0,34.5211
0,60.7092
0,36.5333
0,-12.6128
0,40.1908
0,52.7500
0,13.8772
0,35.8212
0,31.0214
0,15.3833
0,45.4333
0,19.4686
0,-32.7167
0,10.2550
0,19.9991
0,41.3843
0,56.3603
0,18.6700
0,14.7029
0,41.0769
0,46.8500
0,19.4333
0,37.7030
0,43.3476
0,33.4487
0,45.2819
0,9.0667
0,-3.9008
0,14.4816
0,51.5314
0,9.4669
0,17.8039
0,51.2556
0,-20.9494
0,51.2365
0,51.1644
0,10.9504
0,25.6167
0,-29.7839
0,48.6044
0,14.7928
0,50.8167
0,13.4333
0,37.7512
0,41.1019
0,39.8879
0,6.8000
0,-8.8333
0,36.0644
0,29.6100
0,44.5608
0,-4.3589
0,53.8167
0,36.7581
0,29.7586
0,34.1178
0,52.1833
0,36.7198
0,38.9667
0,5.9667
0,39.0140
0,35.9167
0,32.7786
0,16.2853
0,41.0667
0,38.9333
0,34.2230
0,45.4203
0,5.4500
0,29.6236
0,30.1739
0,-6.8995
0,51.5500
0,53.5167
0,51.8657
0,44.9000
0,35.3597
0,50.2411
0,52.2833
0,10.3319
0,36.6987
0,39.1891
0,40.5570
0,20.2139
0,14.9081
0,48.5472
0,9.5907
0,42.2986
0,-23.6564
0,5.9167
0,-33.7500
0,-0.3344
0,56.0833
0,7.5854
0,-28.2989
0,33.8667
0,15.8300
0,50.2333
0,39.4531
0,49.8919
0,-15.2489
0,-21.6786
0,29.8736
0,4.1486
0,31.9500
0,50.8161
0,35.2967
0,16.5333
0,51.4000
0,46.3909
0,37.7625
0,30.9667
0,-21.2550
0,9.3331
0,-9.4778
0,-30.6031
0,21.2914
0,40.4146
0,29.0516
0,10.9500
0,40.6266
0,37.3333
0,56.0833
0,49.9481
0,28.5910
0,23.5723
0,42.8909
0,56.7500
0,35.4875
0,8.6667
0,44.0228
0,-29.6378
0,37.3403
0,41.6169
0,13.3000
0,29.7000
0,38.6085
0,13.9720
0,29.5630
0,53.2525
0,46.2506
0,16.4300
0,44.3500
0,0.5833
0,40.0752
0,40.0600
0,3.9889
0,25.6697
0,26.6667
0,-27.2339
0,10.3500
0,25.5667
0,-26.9500
0,10.8167
0,36.2450
0,7.1104
0,51.6600
0,7.3606
0,37.0667
0,10.9039
0,38.5740
0,-8.4189
0,5.9500
0,-10.7833
0,37.9679
0,6.6500
0,35.0754
0,13.6167
0,41.5906
0,-33.3333
0,12.9333
0,51.5500
0,40.5082
0,31.0639
0,38.1218
0,42.0955
0,49.6167
0,51.0500
0,8.5050
0,-21.9961
0,53.7890
0,6.3486
0,13.8833
0,5.2000
0,41.6903
0,42.6645
0,10.1167
0,53.4000
0,39.1735
0,42.3085
0,51.9378
0,-9.4069
0,34.8581
0,13.9210
0,37.7256
0,44.2008
0,42.8306
0,32.1896
0,62.3902
0,37.6030
0,-20.3853
0,55.7667
0,-23.1361
0,54.0833
0,52.2275
0,37.7574
0,35.6535
0,13.7417
0,29.4000
0,15.3333
0,40.4728
0,-10.9830
0,-1.7658
0,51.3967
0,53.9169
0,48.5333
0,-5.6339
0,20.4861
0,10.0560
0,45.1853
0,39.3858
0,55.3667
0,36.3450
0,11.0500
0,11.0600
0,36.9250
0,40.6687
0,8.5333
0,13.7333
0,36.0694
0,-35.8454
0,52.7080
0,35.1817
0,44.9620
0,-32.8799
0,50.9333
0,33.8864
0,15.9000
0,38.0548
0,33.6712
0,46.2664
0,-26.2353
0,40.3741
0,15.7874
0,58.5500
0,34.5328
0,51.2198
0,-23.0300
0,48.5397
0,15.4257
0,36.4833
0,46.5333
0,13.9575
0,28.0500
0,40.7656
0,9.2833
0,38.5066
0,-14.8200
0,-29.2250
0,18.4333
0,32.2628
0,28.4333
0,27.1930
0,52.9833
0,4.8672
0,20.6556
0,36.8667
0,45.1333
0,-22.4361
0,36.1328
0,37.0389
0,32.4750
0,60.0160
0,-13.1167
0,2.1153
0,48.0263
0,54.4167
0,42.0307
0,28.6282
0,42.8724
0,-3.9839
0,-5.1778
0,44.9056
0,52.0436
0,-4.5619
0,9.8833
0,-0.6796
0,42.4765
0,32.0628
0,39.2773
0,39.5028
0,38.6473
0,45.1089
0,41.2000
0,38.0182
0,-32.4833
0,-8.3358
0,39.6380
0,52.4117
0,32.5690
0,30.5061
0,31.2335
0,38.4361
0,47.4356
0,-29.1333
0,43.0087
0,-27.2139
0,38.5342
0,14.1000
0,12.7167
0,36.1833
0,-9.1619
0,22.7225
0,6.4669
0,16.7787
0,-30.3022
0,-1.2989
0,47.6762
0,24.4667
0,6.9903
0,8.2336
0,21.5294
0,45.3500
0,51.8333
0,44.7833
0,49.9757
0,54.5167
0,39.2291
0,42.9994
0,53.8670
0,57.6042
0,44.8386
0,33.9392
0,34.0511
0,15.8889
0,47.2806
0,30.6286
0,15.7350
0,48.4202
0,-16.9725
0,29.8803
0,13.5917
0,30.1900
0,56.9667
0,22.3158
0,21.1072
0,37.9410
0,10.0331
0,0.0500
0,47.6018
0,26.1006
0,-24.8500
0,9.3169
0,-26.8978
0,38.7954
0,35.6400
0,34.7575
0,-26.9308
0,39.9034
0,35.0217
0,14.7500
0,30.7408
0,45.3800
0,48.6328
0,50.1431
0,44.2039
0,42.6855
0,30.4068
0,16.0439
0,37.1440
0,33.6274
0,40.8167
0,32.8605
0,55.1481
0,-29.6789
0,-29.1443
0,31.2314
0,-20.9169
0,51.2167
0,39.9541
0,25.9452
0,30.9504
0,39.0500
0,6.3333
0,44.3531
0,49.2167
0,9.7500
0,35.6394
0,36.5572
0,31.4014
0,32.3423
0,37.9024
0,18.7670
0,7.8353
0,19.7494
0,48.0817
0,10.2289
0,14.5167
0,43.0758
0,32.7588
0,37.0397
0,26.7500
0,16.1167
0,-32.9978
0,37.7771
0,36.3283
0,52.6256
0,47.7333
0,25.2933
0,38.7823
0,19.1197
0,50.9304
0,28.1217
0,2.1961
0,15.4239
0,-4.9400
0,39.1559
0,13.4667
0,21.2458
0,-0.7883
0,33.2233
0,44.0333
0,34.3333
0,54.0833
0,15.6500
0,41.2243
0,40.4136
0,37.1889
0,-11.2678
0,10.8333
0,-2.9667
0,36.7667
0,52.5333
0,45.7833
0,-13.2550
0,25.4665
0,43.4184
0,-8.3592
0,13.2925
0,26.4550
0,37.9371
0,43.7403
0,15.8125
0,52.0333
0,8.4089
0,46.7667
0,36.5667
0,4.7425
0,9.5157
0,33.6847
0,14.7425
0,42.2669
0,50.5528
0,10.6500
0,35.6918
0,29.1994
0,8.4258
0,38.2727
0,53.7000
0,-16.8391
0,-28.9350
0,39.3000
0,21.0333
0,34.8115
0,-16.8496
0,59.9000
0,51.5667
0,-5.1092
0,48.8372
0,15.9430
0,-6.7608
0,29.0769
0,51.6589
0,6.3833
0,40.7410
0,-21.4678
0,34.5730
0,38.8075
0,11.5667
0,12.7504
0,14.5619
0,36.3172
0,20.6228
0,44.7333
0,30.6687
0,45.8833
0,52.8066
0,51.6667
0,39.3763
0,7.1904
0,31.3333
0,14.7608
0,34.4362
0,54.6000
0,40.0230
0,-3.4900
0,-20.2839
0,32.7006
0,13.2589
0,7.9667
0,-11.5639
0,23.6272
0,39.8117
0,32.5227
0,42.5008
0,49.7835
0,39.0834
0,28.8285
0,5.5462
0,43.0674
0,39.5683
0,47.3833
0,10.6442
0,56.1517
0,42.4186
0,14.8000
0,9.7612
0,38.0175
0,19.7161
0,-23.8333
0,42.0259
0,37.6590
0,41.5522
0,20.7167
0,17.2667
0,13.3616
0,13.8167
0,37.0264
0,-23.8322
0,15.9167
0,39.6764
0,40.4202
0,33.8890
0,35.9658
0,18.5667
0,51.5000
0,10.2000
0,11.7750
0,42.8420
0,45.2806
0,36.4971
0,35.3167
0,-6.1333
0,8.7500
0,42.1181
0,44.5697
0,52.1146
0,10.1167
0,13.1500
0,52.6636
0,41.7285
0,18.8200
0,31.6258
0,36.8531
0,14.9664
0,32.9157
0,9.1905
0,36.4791
0,44.6774
0,35.6658
0,-6.4578
0,37.3786
0,-1.3306
0,12.0333
0,7.6833
0,-22.6458
0,10.1667
0,38.6500
0,34.0704
0,-26.1000
0,6.5339
0,6.1188
0,46.1461
0,55.5500
0,22.8475
0,7.2833
0,41.9313
0,51.6642
0,38.2423
0,14.4167
0,50.8719
0,33.6417
0,13.8000
0,-32.8250
0,50.9167
0,32.9603
0,42.6229
0,49.9950
0,10.2667
0,56.1167
0,43.8667
0,48.0500
0,14.2000
0,38.3367
0,38.3222
0,8.7833
0,49.0442
0,54.8869
0,39.7603
0,33.5275
0,44.8169
0,43.4844
0,45.2586
0,-17.6486
0,30.0109
0,-12.5278
0,6.7167
0,14.8333
0,57.4333
0,-22.5986
0,6.9000
0,-27.4833
0,-9.1628
0,48.7133
0,43.5903
0,50.5031
0,50.5986
0,-29.6058
0,14.9500
0,30.9412
0,-3.8000
0,18.7900
0,36.7833
0,34.7808
0,47.6017
0,35.6100
0,-31.6667
0,18.3550
0,-29.6889
0,50.9833
0,6.8981
0,39.0158
0,26.9199
0,40.4004
0,35.8275
0,-21.9350
0,25.8151
0,14.4833
0,15.3667
0,53.2000
0,37.7221
0,-1.8667
0,20.6500
0,45.1696
0,36.7417
0,53.6303
0,55.7833
0,40.4060
0,50.4950
0,40.4759
0,14.9333
0,36.1996
0,51.8403
0,47.0844
0,-6.4008
0,53.9667
0,26.9167
0,44.9333
0,57.7304
0,44.8067
0,53.4500
0,10.3333
0,50.9500
0,26.6461
0,30.4520
0,13.7904
0,37.3913
0,15.7833
0,40.3893
0,50.4286
0,52.0833
0,50.4700
0,27.5000
0,35.1833
0,30.9639
0,33.5500
0,6.1744
0,47.5022
0,14.6167
0,13.7667
0,51.0964
0,10.1110
0,41.7099
0,48.2833
0,14.5644
0,16.8833
0,52.6333
0,47.8561
0,37.4592
0,51.5565
0,53.9667
0,16.4667
0,10.4167
0,16.3220
0,44.8488
0,29.1084
0,53.5569
0,37.7161
0,16.2300
0,29.6202
0,47.9218
0,16.3184
0,2.3834
0,7.3868
0,40.0354
0,-24.5333
0,20.1700
0,-12.6700
0,31.3925
0,15.6833
0,20.4500
0,46.6900
0,15.4431
0,-32.7507
0,36.9500
0,33.4498
0,19.1797
0,37.9355
0,38.6337
0,38.3063
0,15.6321
0,-7.8828
0,43.3378
0,41.6693
0,51.3400
0,8.8750
0,36.4503
0,39.0833
0,59.1288
0,15.5781
0,24.2634
0,10.9500
0,44.3833
0,15.4988
0,51.0883
0,57.0000
0,41.3916
0,-10.2900
0,29.5833
0,33.9617
0,10.7333
0,32.8833
0,41.8513
0,-1.3608
0,33.6103
0,35.9270
0,-2.4189
0,15.8944
0,35.9676
0,46.0103
0,42.7838
0,35.7203
0,14.1911
0,35.7283
0,13.5333
0,11.8878
0,45.3167
0,52.7528
0,14.1364
0,51.3162
0,30.8128
0,38.7303
0,42.5230
0,10.3667
0,47.9967
0,31.4492
0,45.7000
0,39.7924
0,6.5436
0,14.0036
0,-13.4500
0,-8.6828
0,13.7000
0,14.1833
0,27.9167
0,28.1565
0,44.7833
0,43.3109
0,-32.2522
0,32.7500
0,10.8833
0,10.6747
0,51.6000
0,45.4000
0,44.0833
0,35.7917
0,8.0667
0,26.5917
0,50.9447
0,51.1333
0,-15.9400
0,6.6000
0,50.0417
0,64.8353
0,52.0500
0,44.0538
0,38.9866
0,51.6159
0,56.4943
0,55.1708
0,15.9000
0,-33.5833
0,40.3258
0,32.9889
0,7.9000
0,53.1833
0,0.5006
0,-1.9750
0,41.7669
0,39.1419
0,8.9500
0,-4.4500
0,39.2703
0,37.7091
0,45.1755
0,42.0938
0,38.5667
0,-1.9358
0,-5.9000
0,45.8719
0,44.1712
0,6.5505
0,44.6274
0,36.6458
0,-28.6386
0,50.1983
0,14.4039
0,-30.8528
0,48.5167
0,4.9167
0,51.3850
0,56.8000
0,51.3667
0,61.2500
0,33.0490
0,44.5581
0,53.3410
0,56.1000
0,30.5728
0,21.5989
0,32.3464
0,41.0665
0,54.5989
0,48.1500
0,39.2624
0,-4.1806
0,38.3622
0,-31.4000
0,42.3889
0,10.2000
0,37.1500
0,6.0667
0,37.4915
0,-2.7500
0,-3.3539
0,5.4208
0,50.4455
0,5.9167
0,54.0730
0,50.3500
0,26.9918
0,44.1000
0,26.8800
0,28.0847
0,19.2739
0,19.5667
0,35.2669
0,40.1508
0,15.4164
0,14.8429
0,37.8862
0,41.1256
0,50.9667
0,27.4770
0,55.3648
0,15.3986
0,26.1181
0,31.3167
0,41.2369
0,-30.3358
0,-21.4200
0,-3.3928
0,-12.1578
0,17.1167
0,55.3833
0,39.3938
0,59.8331
0,43.8672
0,9.5928
0,35.3293
0,9.3394
0,-31.4356
0,32.9068
0,8.0005
0,40.1519
0,7.8145
0,50.2833
0,56.4500
0,9.7925
0,47.9000
0,-4.2728
0,-34.6833
0,37.3644
0,30.7167
0,8.5167
0,34.9167
0,35.1500
0,-12.5469
0,17.7333
0,7.7581
0,58.1004
0,-1.1969
0,39.5550
0,-4.1300
0,8.9744
0,41.1775
0,47.6542
0,35.0463
0,48.8000
0,49.0167
0,42.7750
0,13.3500
0,52.7000
0,-0.6828
0,12.5667
0,51.2917
0,16.3610
0,-22.5369
0,13.9331
0,41.2669
0,-6.8900
0,34.2661
0,52.4183
0,43.8435
0,40.6892
0,28.7893
0,53.0167
0,41.5033
0,-28.2839
0,-28.5119
0,50.8775
0,18.2003
0,44.7648
0,-2.8858
0,44.0181
0,5.9833
0,17.2000
0,36.2046
0,43.6300
0,38.9497
0,-15.8900
0,-4.9596
0,42.3377
0,33.8500
0,9.2333
0,47.1628
0,33.0036
0,40.9500
0,-8.2333
0,27.1017
0,41.3961
0,30.0613
0,54.3092
0,34.0090
0,38.4625
0,42.2260
0,42.4786
0,33.9533
0,5.0456
0,25.1872
0,51.6586
0,-22.5000
0,6.7833
0,39.2739
0,34.4892
0,33.7333
0,38.2800
0,51.3667
0,48.6203
0,0.6964
0,10.8231
0,-20.8911
0,19.7667
0,11.1333
0,44.3080
0,10.7833
0,38.6712
0,40.9350
0,40.6667
0,54.0833
0,52.7667
0,56.2656
0,41.2000
0,16.0667
0,26.6897
0,18.8500
0,38.3964
0,-34.1833
0,40.1086
0,40.9167
0,42.4047
0,48.4708
0,53.1000
0,37.8833
0,36.6167
0,51.1167
0,39.8642
0,14.7000
0,54.1000
0,-25.4000
0,-16.7689
0,44.6333
0,36.3872
0,37.1146
0,47.1203
0,43.1224
0,14.7667
0,44.3998
0,43.8833
0,16.0500
0,8.6622
0,14.9281
0,-20.0250
0,-19.6269
0,41.8783
0,2.9500
0,-30.7667
0,-3.3836
0,12.9167
0,-5.1458
0,6.3769
0,16.3667
0,41.6812
0,16.5239
0,-41.1333
0,14.3000
0,39.2093
0,42.0082
0,52.5758
0,56.8500
0,-4.4508
0,25.6814
0,15.0906
0,9.3500
0,20.1333
0,38.6983
0,19.8342
0,44.8322
0,58.2333
0,31.1116
0,36.0167
0,-1.6269
0,26.6338
0,14.5119
0,10.7458
0,45.6167
0,16.4333
0,5.8667
0,32.2681
0,46.3258
0,37.3111
0,59.7500
0,-24.6867
0,43.7575
0,7.5386
0,20.2767
0,37.0764
0,16.5167
0,22.1108
0,39.6019
0,-32.8337
0,-13.0500
0,14.2833
0,12.5686
0,35.2337
0,27.4900
0,42.6493
0,38.1593
0,48.3833
0,47.9117
0,13.4535
0,13.3679
0,15.2833
0,41.5367
0,56.3936
0,-22.4628
0,43.1809
0,34.6414
0,38.2460
0,35.7239
0,51.5347
0,42.5084
0,42.1159
0,35.9917
0,30.8938
0,15.0292
0,39.8958
0,7.3761
0,3.3217
0,18.9100
0,14.3333
0,44.2856
0,46.1833
0,40.0282
0,24.0505
0,8.1167
0,36.7500
0,42.4921
0,-2.1519
0,-8.6233
0,36.8475
0,10.8833
0,58.8500
0,37.2150
0,42.0345
0,45.2167
0,44.0915
0,22.8106
0,43.6241
0,34.8281
0,50.0667
0,36.5750
0,15.5833
0,42.5667
0,31.0554
0,38.9569
0,41.2667
0,36.2018
0,21.7815
0,40.6500
0,2.7405
0,43.1983
0,11.0500
0,41.3667
0,34.8833
0,-38.1378
0,48.7025
0,-6.7000
0,54.6333
0,-6.8550
0,43.6453
0,38.7631
0,-24.2196
0,15.7333
0,31.9046
0,37.9905
0,45.0000
0,-5.5769
0,-34.5839
0,50.6613
0,41.0833
0,27.8205
0,43.1783
0,-38.8800
0,14.0833
0,13.8183
0,34.7186
0,62.1333
0,39.9319
0,52.1333
0,34.5658
0,15.7667
0,42.7394
0,52.3500
0,14.9000
0,46.2824
0,45.9636
0,13.8833
0,16.0023
0,38.7824
0,28.2106
0,35.5600
0,37.4453
0,-2.0078
0,52.6680
0,11.0000
0,44.8667
0,59.6333
0,12.9486
0,3.4189
0,51.1933
0,36.3063
0,35.4058
0,-20.8189
0,40.8996
0,34.9124
0,32.8554
0,52.1031
0,-35.1189
0,52.9647
0,55.8834
0,19.3783
0,14.0417
0,54.5000
0,-16.2308
0,56.9000
0,36.5020
0,37.7878
0,17.0531
0,40.8500
0,28.5727
0,34.1639
0,-25.4500
0,33.8261
0,50.3250
0,46.0670
0,41.6074
0,22.1833
0,22.1635
0,45.8500
0,19.3333
0,39.3944
0,0.6661
0,41.7753
0,52.0333
0,15.2896
0,43.0704
0,35.4333
0,42.1984
0,-9.7819
0,-21.7578
0,16.4800
0,55.9619
0,49.4303
0,22.6481
0,39.5084
0,38.0833
0,26.8466
0,40.1728
0,59.7733
0,45.6832
0,15.2165
0,11.8500
0,35.2569
0,46.4833
0,-14.2694
0,42.5300
0,-39.0578
0,10.0333
0,41.0023
0,12.2333
0,18.4654
0,-22.7797
0,41.9036
0,39.9108
0,14.0649
0,35.4630
0,50.7700
0,50.7667
0,41.9667
0,36.1681
0,18.5667
0,50.5167
0,16.3962
0,44.9333
0,-20.8958
0,34.0150
0,18.5500
0,35.3778
0,36.7333
0,28.5000
0,42.9561
0,-3.5428
0,32.8508
0,-33.6667
0,38.5383
0,51.1528
0,-7.8969
0,41.2833
0,50.8167
0,27.5806
0,47.7664
0,-1.9419
0,52.4394
0,41.6333
0,51.2667
0,-35.6587
0,39.1886
0,12.7000
0,6.7500
0,47.7564
0,-21.3669
0,56.6583
0,-8.1186
0,34.4919
0,5.9761
0,40.0980
0,11.1833
0,9.6018
0,13.8322
0,23.3916
0,38.0833
0,40.5467
0,51.6204
0,51.7918
0,14.6206
0,19.9539
0,34.5006
0,44.3833
0,48.8303
0,15.3736
0,18.0667
0,-21.4058
0,6.8333
0,-23.8539
0,33.8633
0,59.2981
0,13.8312
0,38.2897
0,13.4833
0,49.9381
0,33.7439
0,34.7400
0,41.2667
0,25.6163
0,15.0939
0,37.3108
0,20.1686
0,20.1881
0,12.2253
0,36.8000
0,-15.9489
0,7.1490
0,19.0558
0,43.1500
0,-11.3328
0,51.6431
0,48.2363
0,45.6700
0,28.2331
0,-24.4878
0,7.5752
0,48.1167
0,42.3994
0,-25.4669
0,5.3500
0,41.1333
0,15.2667
0,7.9167
0,35.6119
0,32.3894
0,16.2333
0,48.8892
0,41.2409
0,35.4419
0,42.6167
0,11.8667
0,67.5000
0,11.1286
0,34.7481
0,40.2667
0,49.6881
0,33.8992
0,13.6333
0,17.8864
0,43.1199
0,51.2800
0,-23.2833
0,37.1333
0,52.9583
0,55.8667
0,44.2700
0,37.0183
0,35.9078
0,35.3525
0,42.4333
0,39.0124
0,-10.4389
0,41.3783
0,55.6167
0,-10.9628
0,49.0636
0,34.9514
0,12.9058
0,41.5670
0,67.5675
0,-36.7833
0,-6.0028
0,11.1167
0,33.9991
0,16.0500
0,42.4517
0,10.6500
0,-23.0650
0,28.7125
0,-1.9608
0,40.9153
0,34.0578
0,-7.8750
0,-22.9467
0,19.7072
0,38.9609
0,13.7333
0,52.4914
0,40.9504
0,11.2000
0,9.0008
0,11.2817
0,42.5645
0,33.8744
0,50.0500
0,18.0554
0,-39.2667
0,48.7619
0,38.0920
0,45.4237
0,52.7167
0,-13.5308
0,43.8175
0,-20.5000
0,40.1108
0,-11.7254
0,44.0000
0,41.1083
0,34.1113
0,16.9833
0,42.3164
0,13.4500
0,10.9580
0,51.3992
0,50.2292
0,39.4100
0,39.9162
0,32.9343
0,-25.2853
0,6.6500
0,16.5833
0,35.9956
0,43.7718
0,33.9970
0,8.6500
0,13.3667
0,21.8704
0,44.7457
0,31.6061
0,14.2833
0,42.1764
0,34.2564
0,23.6889
0,15.0400
0,7.5866
0,6.5550
0,43.1836
0,20.5206
0,33.8363
0,47.6559
0,46.6705
0,-3.5619
0,15.3650
0,-21.8539
0,38.0828
0,-2.7469
0,35.7670
0,36.3546
0,33.6842
0,34.5189
0,26.1422
0,39.6957
0,8.6760
0,23.1277
0,10.3833
0,59.2839
0,34.0538
0,51.0000
0,36.3264
0,41.9295
0,53.0833
0,37.0359
0,-10.4378
0,-6.5614
0,16.5333
0,52.5233
0,10.9000
0,36.8672
0,38.4858
0,42.6589
0,40.0667
0,52.0875
0,12.5204
0,41.2739
0,40.7008
0,38.9358
0,28.2294
0,60.1417
0,-34.9000
0,47.0600
0,31.7500
0,-26.1769
0,-21.5958
0,60.4667
0,23.6193
0,40.5218
0,13.2000
0,46.8719
0,14.8311
0,-23.1531
0,43.3183
0,41.2256
0,-11.4167
0,25.3500
0,41.5667
0,0.4253
0,42.1333
0,-20.8969
0,17.3300
0,37.7992
0,40.1399
0,20.6833
0,-8.6118
0,59.3792
0,-11.0889
0,42.8390
0,-0.8578
0,53.4000
0,35.1241
0,40.2500
0,52.5500
0,14.9980
0,21.2800
0,6.7667
0,44.9322
0,18.8000
0,22.7200
0,7.8881
0,38.4789
0,6.5500
0,15.0839
0,40.9481
0,15.4330
0,50.9822
0,17.3500
0,34.0336
0,13.7021
0,51.3833
0,16.8920
0,60.3831
0,31.1450
0,35.8741
0,41.2398
0,12.5833
0,18.4900
0,42.1258
0,6.6833
0,11.9000
0,52.4333
0,41.3761
0,-27.0078
0,13.8176
0,39.1058
0,42.0641
0,41.1833
0,15.4083
0,58.0833
0,8.0204
0,-30.7411
0,7.0289
0,50.5667
0,47.4989
0,40.1216
0,41.6667
0,27.8589
0,50.9167
0,13.4585
0,49.3443
0,21.5167
0,16.3825
0,41.4472
0,37.6125
0,38.1749
0,27.9254
0,15.6867
0,41.1535
0,38.5557
0,43.3500
0,22.8728
0,28.7014
0,-20.7369
0,6.4375
0,50.6000
0,39.9883
0,46.3934
0,-5.1350
0,16.0656
0,14.0333
0,-12.4300
0,-10.7078
0,30.9113
0,-22.9950
0,-8.5228
0,42.0861
0,40.9214
0,11.0333
0,36.4667
0,6.4583
0,33.7378
0,-31.3950
0,45.4931
0,55.3194
0,13.5222
0,7.8333
0,48.5667
0,-21.5319
0,43.4330
0,41.2256
0,41.6951
0,43.9734
0,-6.0950
0,22.8086
0,33.1856
0,-3.3269
0,16.7833
0,39.9315
0,42.5335
0,33.0362
0,-5.8089
0,32.4597
0,44.1667
0,43.3531
0,-34.6500
0,51.7633
0,32.5992
0,13.9667
0,21.7000
0,10.9833
0,9.2419
0,38.4000
0,-0.6833
0,52.2167
0,17.7200
0,49.0500
0,-24.0869
0,44.8914
0,52.1622
0,50.1000
0,-2.7619
0,-4.7758
0,-26.2300
0,19.3747
0,13.5667
0,37.6422
0,41.8561
0,16.6000
0,16.7547
0,-3.2200
0,-5.6992
0,-3.1200
0,62.4723
0,37.7701
0,9.0800
0,49.0107
0,34.0250
0,13.3561
0,14.1379
0,43.6767
0,18.9822
0,47.0460
0,-11.1839
0,11.1725
0,36.2814
0,-14.0689
0,33.0015
0,-20.2528
0,-25.2128
0,55.2103
0,15.2667
0,-5.1278
0,45.9626
0,40.8601
0,46.9300
0,-7.0950
0,52.2778
0,51.7900
0,10.3667
0,-1.9178
0,42.1000
0,42.9833
0,-22.6800
0,-21.3050
0,50.7333
0,1.2222
0,39.9378
0,40.6589
0,8.0833
0,-30.7333
0,44.7667
0,33.0404
0,41.2070
0,10.6000
0,30.5522
0,26.6895
0,34.4500
0,9.7372
0,-23.2150
0,34.6618
0,45.6167
0,29.5500
0,18.8297
0,40.1819
0,39.4069
0,-10.1758
0,10.5833
0,36.0483
0,13.9667
0,25.1264
0,40.6167
0,14.2333
0,42.8852
0,16.7993
0,40.2833
0,12.0000
0,14.1133
0,49.8469
0,-36.3833
0,30.6263
0,40.1537
0,10.0500
0,49.8542
0,36.9836
0,11.3000
0,35.9631
0,-26.8769
0,43.3833
0,56.1844
0,-46.4333
0,31.5630
0,-28.4828
0,52.0858
0,37.6517
0,28.1278
0,8.0459
0,42.3511
0,45.0809
0,34.7114
0,35.9722
0,6.2792
0,49.3194
0,46.3000
0,28.1167
0,-34.0356
0,34.1449
0,-2.6000
0,-34.4719
0,24.2591
0,47.4762
0,43.6667
0,43.7544
0,53.9791
0,-10.8339
0,-3.2778
0,32.9867
0,48.6833
0,36.0781
0,11.2667
0,14.5421
0,38.7049
0,-15.7569
0,40.4899
0,51.2631
0,69.0692
0,34.5600
0,37.5183
0,36.7555
0,35.0955
0,-7.5061
0,53.1500
0,51.0333
0,31.8247
0,16.0200
0,56.0833
0,47.7831
0,33.8195
0,37.9007
0,40.2833
0,14.1093
0,34.3164
0,14.2000
0,37.9799
0,33.9076
0,51.9060
0,51.0620
0,35.0471
0,37.1830
0,7.9484
0,-22.7394
0,56.0064
0,40.4432
0,36.3000
0,38.7996
0,48.0733
0,42.0639
0,56.4500
0,59.4500
0,7.6047
0,15.2533
0,33.2386
0,43.8500
0,41.4500
0,31.7455
0,35.4764
0,10.7000
0,51.4166
0,41.5500
0,45.5667
0,15.8227
0,38.9564
0,52.0261
0,-23.1041
0,14.4861
0,-4.8519
0,44.1667
0,41.6833
0,42.7340
0,17.0667
0,39.0901
0,8.5667
0,35.0675
0,10.7956
0,48.0333
0,-32.7833
0,48.8572
0,51.0000
0,53.9667
0,31.9323
0,47.6156
0,12.0000
0,16.1869
0,36.8295
0,36.7167
0,36.5047
0,-22.5731
0,44.7547
0,45.6500
0,-26.8867
0,39.1355
0,-18.7108
0,32.3041
0,29.2487
0,23.4611
0,38.6265
0,36.1484
0,9.1097
0,55.9800
0,52.3203
0,41.6736
0,53.3669
0,41.6167
0,33.9716
0,7.6397
0,35.1205
0,43.2096
0,36.1316
0,17.4333
0,41.7957
0,32.8819
0,-13.0189
0,45.0725
0,6.4906
0,41.7634
0,-17.1078
0,27.9951
0,32.7440
0,25.0530
0,27.6909
0,-20.5808
0,10.7808
0,50.8167
0,11.4500
0,-9.8758
0,45.1564
0,43.9673
0,-23.6028
0,58.4000
0,-24.1125
0,19.1000
0,53.9492
0,33.6681
0,8.5337
0,24.5032
0,34.8058
0,58.5083
0,43.8333
0,36.1553
0,6.7154
0,43.9289
0,15.4531
0,46.5667
0,19.7856
0,12.9167
0,-7.2829
0,60.3931
0,19.5370
0,50.4628
0,31.6019
0,48.6761
0,39.5054
0,34.1386
0,5.9161
0,13.7833
0,8.5500
0,41.0526
0,53.6167
0,39.8153
0,11.8167
0,53.0833
0,31.2783
0,41.4667
0,39.0300
0,41.0027
0,59.4340
0,7.8682
0,51.6167
0,15.1333
0,34.7308
0,38.4437
0,48.8014
0,36.6511
0,52.4586
0,35.7267
0,50.3500
0,25.7037
0,27.1500
0,-8.1296
0,45.2189
0,36.4061
0,49.7453
0,37.8615
0,6.3133
0,18.0170
0,37.1275
0,9.9811
0,35.9423
0,33.9617
0,38.6190
0,39.4999
0,49.0200
0,40.7667
0,28.1167
0,35.7312
0,50.3074
0,13.8833
0,39.8674
0,37.9351
0,52.2000
0,-31.8500
0,-2.0783
0,37.8683
0,42.2000
0,50.7300
0,36.4375
0,-36.0806
0,48.2375
0,43.7167
0,1.3364
0,51.6530
0,31.0504
0,13.5167
0,38.2517
0,33.9418
0,33.4167
0,-4.1800
0,32.9871
0,-23.8000
0,39.9868
0,40.9500
0,7.1167
0,10.0367
0,-3.4522
0,48.7714
0,45.8500
0,33.7970
0,42.9438
0,58.6333
0,6.0819
0,48.4028
0,14.6676
0,42.7354
0,37.5204
0,51.0500
0,6.5667
0,-34.6394
0,41.1641
0,42.8547
0,40.3183
0,51.8417
0,41.7949
0,-20.2689
0,7.2500
0,32.8464
0,36.5987
0,40.1112
0,32.4355
0,6.6167
0,10.7000
0,35.0208
0,8.6100
0,-3.4803
0,40.7000
0,-3.6058
0,40.6498
0,50.7592
0,36.2394
0,33.3730
0,30.3665
0,43.4053
0,-9.6582
0,49.8483
0,44.9022
0,-9.1700
0,9.7822
0,37.5878
0,10.4667
0,35.3000
0,48.2603
0,36.0392
0,36.0308
0,22.0300
0,-28.5539
0,41.4333
0,14.9667
0,14.0635
0,52.2125
0,35.2167
0,45.1333
0,35.8433
0,16.6133
0,-31.4333
0,48.4500
0,44.9488
0,53.8667
0,-37.7988
0,13.5677
0,17.6333
0,6.9633
0,23.0837
0,26.3808
0,28.4167
0,40.4957
0,41.3072
0,54.5667
0,22.0628
0,52.3506
0,10.0333
0,41.1500
0,54.1667
0,52.1400
0,35.6028
0,33.8017
0,51.2000
0,44.8833
0,50.8744
0,48.8772
0,16.0000
0,37.0711
0,32.9261
0,-2.7908
0,41.0467
0,24.3333
0,47.4167
0,35.7178
0,39.5051
0,-4.5496
0,29.9937
0,50.5833
0,27.1157
0,50.7736
0,54.7761
0,-10.8229
0,43.8256
0,14.8000
0,41.9154
0,-23.7439
0,40.1703
0,26.3164
0,38.8759
0,38.6457
0,46.5667
0,28.5787
0,48.5133
0,32.5170
0,-7.3889
0,13.0504
0,36.3000
0,48.3369
0,-31.6667
0,34.1556
0,32.9272
0,37.5667
0,26.7333
0,42.7480
0,39.8994
0,37.0103
0,54.8333
0,52.2000
0,38.3376
0,33.9917
0,43.0615
0,10.5679
0,16.1667
0,-5.2900
0,41.6500
0,35.4494
0,23.4718
0,51.8667
0,51.9528
0,39.5915
0,15.3500
0,17.8387
0,53.3667
0,16.3982
0,51.5711
0,36.6500
0,-8.2578
0,39.6515
0,38.4314
0,15.4198
0,-18.7250
0,16.8017
0,53.6008
0,-18.2489
0,46.1639
0,32.5810
0,-9.3778
0,33.5817
0,8.3000
0,33.4536
0,49.7719
0,6.4104
0,33.6318
0,13.3167
0,-38.0712
0,41.2833
0,45.1583
0,15.6167
0,15.5333
0,-34.0333
0,33.7663
0,-23.1808
0,-9.5019
0,39.7470
0,40.4281
0,-0.9396
0,7.5333
0,47.2122
0,16.3167
0,-36.7333
0,50.8667
0,-8.5139
0,13.7707
0,57.5913
0,45.6972
0,23.3032
0,25.9039
0,39.7310
0,-17.7442
0,10.9525
0,43.0921
0,36.5383
0,48.0167
0,-3.3281
0,38.9436
0,-14.1369
0,42.4044
0,7.1544
0,37.1042
0,10.9333
0,8.1667
0,-28.1200
0,38.0167
0,41.8065
0,36.3533
0,-15.7800
0,52.2333
0,52.4253
0,33.4539
0,21.2975
0,38.6588
0,2.0008
0,-24.0058
0,-33.6794
0,14.5446
0,13.9032
0,19.3167
0,60.2500
0,24.5004
0,9.1453
0,44.7667
0,3.7236
0,47.7735
0,20.9078
0,-33.2333
0,5.6556
0,48.6481
0,40.7893
0,36.6831
0,26.9949
0,59.3667
0,43.3000
0,36.5570
0,48.8086
0,22.3775
0,33.9672
0,47.5939
0,36.2600
0,42.0825
0,13.8815
0,37.9416
0,38.5108
0,8.3125
0,50.2028
0,41.6895
0,-14.8833
0,13.7167
0,38.6833
0,49.1994
0,32.9337
0,-4.2469
0,4.3942
0,33.4572
0,53.7000
0,24.0316
0,47.6480
0,51.4458
0,-1.3896
0,6.3156
0,-38.3667
0,43.2908
0,50.4738
0,19.1608
0,10.3833
0,49.3448
0,37.9841
0,40.1423
0,42.4128
0,-10.7828
0,41.6333
0,13.0333
0,35.7438
0,34.5089
0,6.5500
0,42.5074
0,15.1083
0,39.2836
0,4.4136
0,48.6667
0,7.7000
0,50.0747
0,23.7210
0,15.6833
0,22.4776
0,8.2592
0,33.5756
0,38.6167
0,14.1000
0,44.5333
0,13.1333
0,38.0658
0,51.8308
0,33.5914
0,8.3814
0,39.3237
0,50.0186
0,33.6317
0,22.0833
0,11.4833
0,55.6667
0,50.7278
0,45.3167
0,8.1333
0,41.8973
0,43.2100
0,-25.8739
0,-14.4739
0,50.3167
0,51.4197
0,9.6167
0,-25.2950
0,-23.3075
0,40.4860
0,52.2031
0,-22.8989
0,43.0781
0,41.2833
0,41.4437
0,-16.8667
0,20.1667
0,40.0892
0,-3.8900
0,60.6306
0,38.6750
0,45.0275
0,3.2300
0,-17.7319
0,38.8137
0,41.5904
0,52.5000
0,35.2170
0,-1.0219
0,-9.0658
0,11.5500
0,15.8456
0,9.8167
0,51.0167
0,-8.5908
0,10.9186
0,55.6111
0,9.8584
0,7.4504
0,9.9500
0,48.9575
0,-32.1768
0,35.4300
0,-1.0500
0,34.5072
0,57.0333
0,51.8240
0,12.5667
0,50.9489
0,39.7119
0,43.8756
0,-9.3015
0,11.2667
0,34.8406
0,14.8500
0,45.3167
0,37.7821
0,13.5594
0,14.6386
0,-23.2950
0,35.3528
0,41.7667
0,52.2000
0,32.7536
0,41.5476
0,10.0333
0,-23.5464
0,43.2232
0,30.4422
0,-12.7778
0,51.8671
0,55.6500
0,39.3239
0,61.0331
0,43.6406
0,15.0583
0,-7.2947
0,38.4682
0,36.1586
0,-21.0225
0,47.2667
0,27.4256
0,34.3283
0,49.5561
0,-13.6428
0,11.0500
0,28.5421
0,50.4125
0,32.4208
0,39.6500
0,7.9633
0,51.2239
0,26.5200
0,-3.2850
0,26.3363
0,-26.4728
0,7.6404
0,37.1326
0,25.0322
0,39.4311
0,39.0141
0,35.1922
0,51.4585
0,26.3815
0,50.0256
0,51.0632
0,36.5831
0,32.9169
0,-12.5300
0,11.4833
0,-21.4825
0,23.4372
0,20.2094
0,43.9667
0,34.7550
0,11.0500
0,43.6800
0,-15.2258
0,41.8242
0,8.5134
0,33.6905
0,37.0278
0,26.0470
0,16.5583
0,13.4000
0,19.3830
0,22.4922
0,-2.6958
0,11.6500
0,9.2800
0,48.2119
0,20.1500
0,35.9629
0,50.8333
0,37.9667
0,48.8989
0,14.7785
0,12.4000
0,21.4031
0,-32.3500
0,14.4295
0,-30.7000
0,54.9910
0,20.8414
0,-16.4958
0,-23.1650
0,8.9578
0,53.7919
0,34.2692
0,13.7667
0,24.6160
0,4.9333
0,46.8103
0,-3.7178
0,40.1376
0,27.5333
0,-37.1000
0,44.3000
0,40.3840
0,13.9000
0,39.1500
0,42.8374
0,25.7408
0,49.0833
0,46.0500
0,54.0667
0,50.0515
0,45.5664
0,19.5036
0,-7.4928
0,12.9167
0,-8.1458
0,8.1781
0,41.9311
0,32.2167
0,-12.4189
0,10.3833
0,36.0256
0,34.2116
0,42.0611
0,47.8167
0,40.5933
0,32.6078
0,23.4792
0,31.7000
0,37.7604
0,39.8605
0,39.3658
0,49.1333
0,26.1708
0,40.1790
0,52.9180
0,-7.0950
0,18.2367
0,15.1083
0,9.1497
0,19.6886
0,56.8667
0,43.4053
0,32.8167
0,-18.7550
0,52.9333
0,65.9230
0,51.4263
0,43.7131
0,37.3425
0,47.8800
0,52.7674
0,-22.3517
0,41.1120
0,52.6667
0,-6.2608
0,-25.7700
0,65.5333
0,-28.4489
0,41.1514
0,-28.5700
0,47.6297
0,1.1727
0,59.9167
0,36.4370
0,31.3217
0,32.6153
0,48.3500
0,53.5550
0,52.5583
0,-22.4197
0,50.8424
0,58.2833
0,7.2389
0,52.7544
0,35.8000
0,44.0991
0,16.9200
0,6.0333
0,34.5851
0,34.8500
0,38.6843
0,36.5715
0,39.5700
0,6.2667
0,16.4379
0,41.3128
0,-23.0864
0,38.1975
0,8.8511
0,-22.2153
0,-4.5858
0,50.2670
0,41.4587
0,-22.1619
0,51.2278
0,32.7897
0,18.2000
0,51.5706
0,51.4500
0,34.6750
0,46.4972
0,38.6084
0,19.3441
0,43.2294
0,40.2739
0,37.8121
0,-6.8389
0,17.5383
0,49.4722
0,7.7968
0,48.9667
0,40.5934
0,39.9335
0,47.9878
0,22.2667
0,39.7249
0,40.5177
0,33.0925
0,17.1500
0,52.5055
0,45.7686
0,-6.0750
0,-41.1333
0,41.6390
0,17.4175
0,24.6907
0,15.8468
0,52.3725
0,52.0000
0,-27.3667
0,-4.0489
0,41.6206
0,40.3191
0,41.8742
0,34.5850
0,5.0728
0,39.0710
0,-5.1558
0,48.3000
0,37.2241
0,23.3228
0,51.9167
0,40.7942
0,15.8110
0,-28.2928
0,-20.0700
0,14.0167
0,14.8000
0,34.4078
0,7.5903
0,55.4503
0,40.4656
0,40.5600
0,45.5700
0,15.8793
0,42.9942
0,41.9839
0,28.6615
0,23.0505
0,55.0667
0,14.9197
0,29.3708
0,44.4925
0,43.5483
0,8.3333
0,18.5103
0,18.8760
0,28.7232
0,40.5286
0,51.5917
0,33.5000
0,21.8526
0,-22.1908
0,18.6642
0,16.0267
0,40.8722
0,38.0228
0,36.8500
0,12.9035
0,40.8206
0,44.1874
0,33.9551
0,-3.3515
0,33.9670
0,7.7000
0,5.0128
0,-5.7428
0,-22.2519
0,16.7167
0,32.8176
0,38.1024
0,-24.7893
0,35.1822
0,36.1833
0,8.0698
0,24.7333
0,14.1833
0,7.6568
0,41.6050
0,30.9769
0,14.2667
0,53.3042
0,29.2960
0,7.5000
0,-14.2662
0,31.5211
0,36.4008
0,51.0800
0,37.1256
0,-23.6489
0,-23.2194
0,1.2333
0,25.5765
0,40.9450
0,8.5504
0,34.9000
0,35.1714
0,35.8092
0,41.8994
0,20.7500
0,-37.0944
0,52.1167
0,32.9925
0,32.2667
0,11.2000
0,46.8673
0,-16.0200
0,45.6500
0,40.0333
0,32.6750
0,38.3200
0,41.7667
0,-22.3381
0,51.5258
0,55.4167
0,52.2333
0,44.1833
0,53.8925
0,-21.7633
0,-31.3650
0,-8.6669
0,22.9064
0,43.5151
0,39.9651
0,38.1329
0,-31.0833
0,38.8444
0,24.7260
0,51.0758
0,34.7400
0,44.1667
0,11.1833
0,19.1000
0,18.1500
0,43.0555
0,6.6167
0,-31.4167
0,48.1333
0,36.6000
0,-2.9690
0,43.3068
0,16.7571
0,-7.2589
0,46.2056
0,33.9254
0,-17.8919
0,42.2191
0,26.2324
0,52.7543
0,50.8014
0,13.3667
0,16.6667
0,-17.8329
0,5.1689
0,22.3352
0,40.5203
0,42.5587
0,-17.8000
0,51.8833
0,31.9967
0,11.6341
0,52.8817
0,49.4556
0,23.7784
0,-21.0103
0,4.4461
0,56.2992
0,-39.9333
0,21.9667
0,-0.1300
0,-5.3896
0,42.9099
0,44.8167
0,-2.9339
0,29.7914
0,52.2994
0,-11.9419
0,9.4337
0,16.3222
0,-33.1500
0,21.9464
0,41.7333
0,12.0500
0,51.3167
0,53.6167
0,51.6000
0,14.6667
0,52.4886
0,46.7226
0,34.7167
0,36.3782
0,19.5167
0,3.2503
0,19.1833
0,48.5831
0,-1.9611
0,50.0189
0,40.7695
0,38.0694
0,45.7686
0,37.4000
0,44.5241
0,60.4667
0,-20.7203
0,51.8439
0,38.7773
0,53.1667
0,-12.9600
0,7.2167
0,35.9918
0,32.8253
0,49.4444
0,50.9747
0,-4.3319
0,26.7243
0,30.3633
0,39.3787
0,9.9153
0,-18.3647
0,10.3556
0,42.0310
0,53.4975
0,-21.5389
0,22.9936
0,52.3077
0,-4.8333
0,16.7333
0,32.8331
0,47.8115
0,46.2403
0,38.3804
0,13.3956
0,50.1710
0,33.3985
0,39.3301
0,52.2474
0,37.9929
0,2.4775
0,-26.2539
0,38.0671
0,8.1856
0,50.4167
0,-2.2308
0,31.5147
0,9.6833
0,45.7500
0,35.3042
0,27.6414
0,38.3849
0,27.7527
0,49.3667
0,-29.7608
0,10.7167
0,50.1833
0,43.5953
0,-41.3969
0,34.1945
0,-36.6171
0,41.2553
0,45.2500
0,42.4667
0,51.0631
0,51.6667
0,28.3667
0,-22.1158
0,-21.5958
0,22.9307
0,39.8318
0,26.5477
0,59.8989
0,40.6251
0,47.1794
0,14.9953
0,23.4338
0,39.2015
0,25.0300
0,48.2333
0,45.6298
0,37.6273
0,46.9250
0,43.8865
0,49.3167
0,-9.6219
0,-22.2167
0,49.3000
0,51.4747
0,-11.2739
0,30.7050
0,43.3003
0,34.7201
0,40.1106
0,53.4714
0,43.8844
0,51.5050
0,35.5433
0,42.5681
0,55.1000
0,11.2167
0,4.5653
0,34.4376
0,42.0500
0,-3.3608
0,7.5794
0,36.9985
0,7.6017
0,67.9394
0,-8.8089
0,49.7908
0,50.2585
0,32.4376
0,42.1500
0,32.7282
0,37.9408
0,6.0297
0,38.1500
0,39.8151
0,45.4667
0,32.8381
0,45.2110
0,43.6000
0,30.3316
0,7.8667
0,-5.2578
0,29.5649
0,20.8794
0,8.9884
0,-16.1167
0,46.6689
0,36.1844
0,19.0372
0,38.3198
0,55.9500
0,23.5667
0,44.1281
0,37.9752
0,48.6267
0,44.6000
0,36.3480
0,28.5000
0,54.5667
0,15.3458
0,33.3800
0,52.4238
0,-5.4539
0,36.5292
0,53.3833
0,44.5517
0,-20.6958
0,-21.0178
0,14.5167
0,13.3004
0,28.6580
0,37.7526
0,39.0661
0,53.7358
0,53.6955
0,55.0500
0,39.8659
0,-13.3978
0,39.9156
0,6.4167
0,-1.7478
0,35.3206
0,49.3292
0,43.7500
0,48.4667
0,50.6833
0,38.8152
0,16.0725
0,7.7500
0,40.4505
0,53.7000
0,11.8231
0,33.6536
0,13.6500
0,60.7333
0,8.5050
0,47.7419
0,15.6025
0,50.9119
0,13.6094
0,7.7056
0,39.8833
0,11.4667
0,56.8000
0,53.9167
0,36.7500
0,15.8899
0,10.2667
0,29.0856
0,36.6667
0,51.1000
0,50.6644
0,39.1644
0,11.1956
0,45.7333
0,39.1773
0,26.1648
0,46.0333
0,43.3000
0,9.1858
0,6.7000
0,41.9544
0,8.0667
0,29.3919
0,21.6172
0,47.9645
0,39.9565
0,33.3766
0,36.8019
0,-16.1833
0,44.7744
0,13.7000
0,51.8000
0,39.9716
0,39.2646
0,51.8067
0,39.0887
0,33.7554
0,48.6483
0,58.0500
0,49.3589
0,39.5275
0,33.8132
0,36.9539
0,-22.0678
0,-29.9550
0,44.0833
0,48.6928
0,6.4333
0,39.9484
0,18.3800
0,32.9638
0,12.2259
0,11.4272
0,55.0833
0,38.7551
0,5.9833
0,37.0183
0,-9.8839
0,41.4821
0,12.5833
0,23.9475
0,9.7822
0,-20.4711
0,-6.0258
0,38.1536
0,20.0472
0,7.0261
0,40.4762
0,41.7399
0,51.8333
0,40.2866
0,17.0167
0,44.5594
0,34.8839
0,18.4199
0,6.9699
0,45.2667
0,7.3000
0,42.1382
0,5.0694
0,15.9667
0,60.4722
0,50.3833
0,15.5500
0,14.0667
0,49.6811
0,51.2667
0,41.3060
0,12.8333
0,29.2331
0,41.0333
0,-10.0669
0,40.1241
0,52.0277
0,13.7667
0,-18.0858
0,38.7479
0,52.8331
0,14.2250
0,12.7314
0,51.1987
0,-0.6136
0,-25.7500
0,49.2000
0,40.7528
0,22.1967
0,48.7228
0,52.1408
0,37.0630
0,-5.7572
0,60.7500
0,14.8667
0,14.2000
0,52.5333
0,37.7306
0,-29.8869
0,49.4149
0,38.7206
0,-1.9765
0,-11.7839
0,54.9778
0,50.7428
0,40.2847
0,40.1101
0,52.5242
0,43.1306
0,-26.7250
0,38.5165
0,-22.9600
0,6.5500
0,40.6000
0,44.9842
0,31.5644
0,-11.4833
0,11.3667
0,-14.5250
0,-15.1639
0,15.7967
0,43.6139
0,49.1122
0,38.0517
0,45.6861
0,34.8032
0,56.7381
0,41.3981
0,23.7460
0,39.6000
0,7.7833
0,51.2000
0,35.0656
0,5.5153
0,45.6000
0,11.4667
0,56.6500
0,-20.1428
0,42.4297
0,35.0200
0,37.5092
0,38.5531
0,12.9000
0,40.6798
0,39.6000
0,-10.7378
0,53.4769
0,14.9667
0,35.6235
0,4.5331
0,38.2192
0,65.1442
0,-5.0389
0,52.5108
0,41.9803
0,-0.7339
0,37.2608
0,42.5912
0,-33.2833
0,45.8833
0,50.6806
0,40.5496
0,43.5228
0,51.0608
0,-11.1000
0,40.4256
0,51.2150
0,60.1333
0,24.2700
0,51.8958
0,42.5195
0,0.9078
0,47.8804
0,50.1500
0,49.2833
0,11.6504
0,18.4779
0,42.1673
0,42.0975
0,14.3333
0,39.3054
0,-20.2914
0,50.0876
0,7.3333
0,-22.7308
0,10.5911
0,39.2863
0,43.4850
0,43.6833
0,55.3000
0,26.7038
0,6.8548
0,-28.2400
0,33.5064
0,14.7222
0,51.0167
0,1.0872
0,52.2000
0,-1.3486
0,13.7569
0,42.0450
0,40.6169
0,50.0333
0,39.0334
0,19.2000
0,48.8000
0,17.0833
0,48.1667
0,40.8813
0,-23.1019
0,29.5111
0,-6.2280
0,-9.1167
0,49.1167
0,-21.0900
0,37.0333
0,35.0698
0,36.1519
0,14.9500
0,37.0564
0,42.4869
0,27.6670
0,44.2503
0,7.9833
0,35.8644
0,13.5167
0,53.2833
0,57.8833
0,52.5259
0,26.1984
0,13.9134
0,8.5833
0,26.7741
0,20.4311
0,-7.7958
0,-6.7519
0,50.5667
0,33.5281
0,8.1167
0,3.7931
0,42.2125
0,50.2167
0,10.5259
0,56.1980
0,7.8500
0,41.0333
0,35.0092
0,9.8504
0,43.5403
0,41.3500
0,-6.2289
0,9.7667
0,40.1167
0,15.6667
0,40.0275
0,0.2333
0,26.7723
0,16.2896
0,48.9333
0,45.1714
0,26.3342
0,-8.1608
0,-20.5208
0,33.8072
0,14.9984
0,-15.8032
0,41.8349
0,14.0500
0,37.6834
0,40.8333
0,40.3427
0,50.7361
0,8.3667
0,44.9925
0,11.6333
0,61.1167
0,49.2500
0,16.9589
0,5.3072
0,1.8047
0,39.2832
0,-27.2828
0,18.8833
0,37.5333
0,11.4333
0,48.7575
0,-3.9019
0,41.7000
0,38.0290
0,-10.7481
0,16.8798
0,50.8247
0,42.2333
0,32.6849
0,45.4130
0,-17.5978
0,42.3645
0,36.8667
0,-21.2647
0,44.4608
0,53.3285
0,4.9206
0,16.5142
0,36.4272
0,35.7431
0,9.9761
0,48.0500
0,16.8167
0,41.6318
0,28.0140
0,7.5667
0,51.2500
0,43.4574
0,-29.8178
0,-19.7278
0,-30.2578
0,30.9200
0,16.2833
0,64.4167
0,40.2800
0,7.0592
0,42.9726
0,45.7111
0,47.0996
0,43.3000
0,-22.5908
0,41.0833
0,43.5500
0,-26.3700
0,6.4500
0,38.9847
0,41.1715
0,38.7489
0,19.7272
0,46.2500
0,43.5578
0,42.2650
0,42.3494
0,34.1353
0,52.6000
0,-21.4678
0,-0.1569
0,24.7265
0,45.4000
0,40.4985
0,41.3374
0,8.5333
0,16.9333
0,37.9987
0,47.6632
0,40.5723
0,51.2080
0,8.5196
0,60.4833
0,47.5440
0,10.7708
0,-4.3755
0,52.0794
0,-21.8761
0,39.2618
0,38.1333
0,50.8333
0,54.1167
0,39.3024
0,47.3453
0,-36.1500
0,41.2201
0,18.8031
0,10.9333
0,8.6214
0,53.4824
0,36.5333
0,8.8833
0,19.7000
0,13.0583
0,-26.4842
0,-12.6278
0,18.0667
0,36.7357
0,-4.3878
0,50.8167
0,7.5839
0,40.2104
0,38.4264
0,50.8481
0,50.6872
0,51.7620
0,12.3333
0,32.5922
0,42.0209
0,35.0829
0,52.6060
0,30.2333
0,50.0558
0,53.1833
0,12.6667
0,49.9893
0,41.9182
0,36.2221
0,-16.1185
0,35.7158
0,48.2156
0,0.0439
0,18.4491
0,40.9717
0,45.6300
0,22.2403
0,27.2388
0,39.4531
0,-4.0400
0,47.8284
0,14.6000
0,35.5849
0,38.0817
0,58.7000
0,37.1781
0,43.0640
0,50.9083
0,17.9031
0,21.5403
0,12.3333
0,37.9383
0,11.2711
0,47.3514
0,-1.1269
0,30.7480
0,28.4417
0,6.5520
0,35.9567
0,51.6667
0,50.9622
0,40.9500
0,52.2500
0,9.3500
0,38.7499
0,-41.8682
0,47.1280
0,36.5183
0,50.1775
0,18.1000
0,45.4375
0,33.5683
0,18.2667
0,36.5517
0,8.4500
0,-4.9696
0,6.6000
0,50.3931
0,24.8333
0,40.9956
0,34.9610
0,51.6167
0,31.3276
0,-30.9828
0,51.1814
0,37.1625
0,36.3272
0,10.0333
0,33.6165
0,19.7083
0,12.5167
0,53.5500
0,48.1778
0,-37.8464
0,49.1337
0,48.6333
0,39.7027
0,41.3597
0,-9.2000
0,13.9334
0,60.4028
0,-21.5369
0,31.3297
0,-4.4338
0,10.7500
0,35.7486
0,2.6233
0,22.5822
0,41.2390
0,32.6460
0,-21.6458
0,60.1167
0,45.7086
0,4.4908
0,7.7887
0,47.9831
0,50.9967
0,7.0781
0,11.3833
0,10.8196
0,14.1728
0,14.4167
0,14.9667
0,32.8353
0,28.5402
0,56.2167
0,42.1308
0,36.1148
0,-21.3600
0,13.3167
0,10.3333
0,56.6167
0,51.6333
0,35.9427
0,10.4667
0,-19.0169
0,44.8667
0,-32.2569
0,24.4003
0,21.1719
0,38.7048
0,50.8000
0,50.0162
0,38.2621
0,51.6169
0,39.3647
0,37.6189
0,37.6112
0,16.3500
0,-7.6028
0,27.2116
0,22.5158
0,56.7129
0,36.2040
0,-10.6908
0,32.5553
0,-21.7361
0,4.9504
0,-6.7889
0,8.4488
0,-1.4500
0,12.4667
0,26.5394
0,13.7833
0,28.2075
0,51.3700
0,5.9333
0,-0.8932
0,-7.7778
0,42.0608
0,37.2333
0,37.3503
0,34.5978
0,40.3137
0,65.9998
0,55.5250
0,41.4867
0,37.8167
0,50.6333
0,42.5977
0,43.1167
0,20.7303
0,34.4892
0,39.9587
0,5.8931
0,9.2647
0,47.8833
0,53.8667
0,34.3627
0,29.5460
0,-21.0094
0,37.9985
0,56.6425
0,16.0167
0,12.0369
0,-29.9900
0,42.0000
0,40.3716
0,9.8694
0,-8.4700
0,7.5783
0,23.6861
0,48.9464
0,39.0870
0,21.6645
0,52.2150
0,54.8410
0,34.5358
0,45.3667
0,39.8595
0,39.2694
0,45.4000
0,51.5000
0,9.1847
0,-15.4333
0,-17.6908
0,49.2881
0,50.9667
0,22.3017
0,12.3400
0,54.4500
0,42.7333
0,17.1852
0,22.8019
0,-27.0952
0,9.2833
0,41.2564
0,20.2311
0,43.1487
0,34.6894
0,-33.4200
0,32.4484
0,8.2000
0,32.4032
0,51.5000
0,27.9193
0,47.9309
0,43.3000
0,-35.3333
0,52.0917
0,-13.9696
0,11.2667
0,14.2667
0,-5.5669
0,25.4333
0,36.3780
0,-3.7928
0,50.6856
0,39.6421
0,49.7100
0,53.0667
0,48.2833
0,-13.0300
0,17.8000
0,-4.5419
0,48.9500
0,11.2725
0,39.4900
0,56.1166
0,16.6667
0,39.0197
0,-4.1669
0,34.2294
0,16.3167
0,36.0114
0,35.6530
0,-33.4500
0,40.8616
0,43.2508
0,-7.1802
0,-11.6725
0,36.2965
0,-28.7744
0,9.4667
0,-33.2864
0,34.2634
0,5.4667
0,59.4102
0,54.3167
0,-9.3000
0,-37.5811
0,37.1175
0,12.3167
0,50.8207
0,-12.4328
0,35.5175
0,-32.8500
0,52.1333
0,18.1725
0,-15.7428
0,41.1559
0,45.0131
0,-29.5739
0,-34.8833
0,44.8161
0,39.5204
0,21.3920
0,51.7558
0,43.9749
0,52.2917
0,49.7714
0,57.8500
0,-12.4308
0,2.1142
0,30.7567
0,-25.8828
0,22.2198
0,59.5400
0,13.1167
0,50.1333
0,43.1604
0,44.5539
0,-2.9200
0,23.9062
0,14.1300
0,11.7570
0,44.6308
0,43.5167
0,-7.7508
0,37.6262
0,33.7894
0,21.5397
0,21.2389
0,6.6472
0,57.6542
0,34.0049
0,32.3570
0,22.3067
0,6.7504
0,51.9539
0,9.2464
0,48.6375
0,61.3167
0,43.4516
0,42.2842
0,4.2039
0,10.9167
0,13.3584
0,51.1311
0,-10.2178
0,43.3333
0,16.2973
0,30.4174
0,54.5500
0,38.9545
0,45.4122
0,51.1842
0,46.3408
0,61.3000
0,45.3415
0,7.5000
0,-16.8500
0,35.0653
0,7.4176
0,28.6889
0,8.6400
0,-20.2833
0,47.1417
0,39.0786
0,43.2000
0,36.2411
0,35.5782
0,42.1227
0,43.1602
0,-4.0396
0,57.6667
0,-38.1580
0,41.6000
0,33.6173
0,42.9619
0,50.6106
0,37.1083
0,42.0653
0,10.8833
0,42.2039
0,54.8667
0,37.1833
0,57.3667
0,41.4699
0,40.0781
0,35.0894
0,42.1822
0,40.8035
0,39.1468
0,48.1167
0,13.1833
0,38.8663
0,-8.7000
0,43.1833
0,48.3001
0,33.5619
0,41.2055
0,-4.7558
0,39.9514
0,46.9833
0,43.1333
0,38.6803
0,-3.5968
0,36.6700
0,46.8573
0,55.7139
0,45.4667
0,52.9740
0,36.1991
0,30.4833
0,26.1903
0,13.6000
0,38.8887
0,38.2249
0,41.5866
0,50.3300
0,36.0708
0,33.1500
0,22.9575
0,36.2882
0,40.8443
0,37.1341
0,-11.2558
0,59.4667
0,41.4917
0,3.6575
0,42.9311
0,30.3983
0,38.5053
0,34.0047
0,16.9000
0,36.4640
0,7.7333
0,19.8836
0,47.7753
0,10.0654
0,8.9772
0,54.6100
0,51.8306
0,39.8634
0,39.4833
0,33.7761
0,36.1811
0,38.3089
0,13.6000
0,39.5667
0,-8.6639
0,34.5775
0,37.9398
0,11.8333
0,-3.3696
0,36.8624
0,2.1828
0,42.3167
0,40.3201
0,11.4000
0,13.5000
0,-11.7958
0,-10.8700
0,39.8489
0,43.3552
0,12.1333
0,-11.5500
0,55.8600
0,-29.3789
0,43.1167
0,-42.9000
0,32.3846
0,-3.6839
0,8.5161
0,42.8587
0,44.8833
0,37.7333
0,38.0392
0,40.7753
0,2.6469
0,53.2333
0,16.8500
0,24.3670
0,10.2300
0,37.3757
0,42.2399
0,59.1419
0,36.4700
0,-27.4019
0,-10.7296
0,48.5711
0,44.3000
0,-22.4947
0,40.5314
0,-22.4739
0,43.8172
0,41.5656
0,41.2727
0,-3.4500
0,28.0329
0,40.0353
0,28.3146
0,-38.3833
0,52.1728
0,-7.5696
0,-35.4500
0,-21.6400
0,32.4588
0,49.5167
0,41.9314
0,51.2167
0,37.9500
0,-13.9450
0,51.9458
0,5.7094
0,45.0155
0,52.5517
0,-3.7678
0,8.0667
0,30.5009
0,33.0167
0,49.3000
0,49.0425
0,17.0433
0,32.9300
0,49.7333
0,60.4028
0,-33.7500
0,35.9417
0,38.4472
0,13.8167
0,33.8436
0,-35.3533
0,34.2855
0,39.3333
0,13.3667
0,7.4764
0,-7.0250
0,34.1650
0,42.8803
0,39.1578
0,9.3550
0,38.3308
0,43.1769
0,43.1175
0,13.4882
0,34.1259
0,23.3974
0,41.6834
0,47.7213
0,54.4836
0,16.8667
0,33.3943
0,-22.5500
0,7.5060
0,7.8833
0,17.5833
0,32.6368
0,19.5932
0,6.8244
0,-5.6508
0,37.2303
0,18.6833
0,62.2889
0,48.1333
0,12.3333
0,42.2847
0,33.5998
0,40.8725
0,13.5667
0,42.6833
0,38.7539
0,37.3600
0,47.9850
0,-8.4143
0,44.7333
0,39.4914
0,35.3529
0,52.3885
0,-8.0706
0,37.6625
0,45.8872
0,38.8222
0,14.6667
0,40.2650
0,44.2752
0,17.5500
0,50.3833
0,40.5393
0,-10.8267
0,52.2167
0,-11.3169
0,-27.0258
0,-2.2083
0,33.1525
0,53.7534
0,-20.3333
0,35.5077
0,-1.0439
0,21.8662
0,41.2602
0,70.7670
0,32.4605
0,53.1833
0,41.0689
0,46.1408
0,45.1473
0,46.8000
0,54.6333
0,53.2000
0,14.7678
0,41.6134
0,-8.7223
0,33.5009
0,56.2433
0,48.4000
0,-5.6639
0,-8.0589
0,23.1499
0,46.2304
0,10.0431
0,-21.8878
0,37.4042
0,40.8127
0,32.9658
0,-11.5653
0,33.1167
0,49.9747
0,-6.5608
0,35.1448
0,3.7647
0,34.6683
0,14.6796
0,36.1592
0,10.8333
0,42.6466
0,42.8854
0,-23.4850
0,33.1258
0,26.0463
0,7.6136
0,39.8894
0,53.6920
0,32.4522
0,15.5833
0,45.3308
0,40.3456
0,9.5250
0,22.2006
0,11.9333
0,2.3528
0,33.5905
0,44.7806
0,13.5667
0,16.0700
0,28.3698
0,-1.6628
0,51.4530
0,49.2500
0,33.0274
0,41.0670
0,49.2150
0,49.7500
0,36.0203
0,9.9167
0,42.7080
0,39.4453
0,43.5966
0,16.6044
0,28.0577
0,50.3292
0,39.0271
0,44.8247
0,38.3269
0,47.1772
0,32.6500
0,39.9649
0,41.4833
0,-3.0996
0,13.2350
0,47.3492
0,13.3000
0,12.7992
0,40.3272
0,51.2500
0,-2.4278
0,11.4167
0,49.9896
0,35.0433
0,23.0825
0,45.4775
0,50.0086
0,-26.2378
0,50.9167
0,4.9661
0,-21.0528
0,2.3867
0,0.7675
0,-8.0067
0,52.6906
0,19.9758
0,39.4323
0,4.6239
0,35.0061
0,61.8667
0,39.3723
0,35.9025
0,37.7492
0,42.2312
0,-38.9333
0,-25.8178
0,51.9833
0,57.2000
0,-19.3639
0,30.5783
0,40.0251
0,36.7200
0,1.3361
0,-21.0335
0,36.7833
0,9.0211
0,33.5633
0,15.2500
0,35.4874
0,26.7812
0,22.0000
0,4.5704
0,13.7500
0,43.4252
0,-9.5972
0,13.6731
0,-11.8100
0,38.5799
0,-10.0028
0,-3.4100
0,38.6558
0,52.8478
0,48.9167
0,22.7472
0,10.7500
0,43.4861
0,35.8712
0,38.2392
0,7.5167
0,40.0272
0,11.0611
0,7.0306
0,49.3167
0,48.4506
0,47.7986
0,32.8789
0,44.1333
0,16.9918
0,51.1033
0,38.8950
0,17.6000
0,50.1781
0,36.6111
0,39.6953
0,58.7333
0,45.8467
0,45.3667
0,15.3784
0,53.2900
0,-10.6708
0,47.5725
0,10.8858
0,-3.5228
0,45.9352
0,35.2609
0,15.5500
0,50.8500
0,51.1392
0,48.2965
0,14.2978
0,62.5333
0,53.3667
0,-8.9919
0,-5.5378
0,45.1167
0,53.1492
0,39.1465
0,49.6776
0,25.3614
0,34.4500
0,-36.1214
0,43.1222
0,13.3167
0,10.7903
0,-3.8878
0,32.8511
0,6.8819
0,50.0244
0,51.6539
0,9.4386
0,-21.6847
0,-3.8544
0,42.6000
0,36.7453
0,39.5503
0,14.2930
0,9.2447
0,33.7575
0,4.0897
0,41.1543
0,51.3658
0,16.9953
0,33.5333
0,9.2833
0,-33.0442
0,44.5739
0,39.4115
0,52.3961
0,15.8666
0,15.4333
0,-6.4333
0,-24.2508
0,20.1667
0,8.2519
0,50.8833
0,55.0333
0,2.6867
0,-1.8139
0,13.6500
0,54.8833
0,46.1833
0,53.2308
0,29.6689
0,-22.7469
0,46.3139
0,45.7667
0,-20.4650
0,-17.8569
0,42.5856
0,40.2233
0,-22.0603
0,54.8500
0,31.6507
0,13.1439
0,-38.2167
0,46.9933
0,-14.8808
0,-9.0150
0,46.3063
0,-8.1639
0,50.7833
0,41.2464
0,33.6696
0,-29.3350
0,29.0224
0,-22.7300
0,9.0167
0,41.9703
0,14.9486
0,53.5964
0,33.5209
0,37.9540
0,10.1960
0,39.4812
0,38.6881
0,51.1714
0,38.0887
0,61.0242
0,41.4728
0,50.7281
0,41.1765
0,37.0749
0,32.4911
0,13.6000
0,33.7153
0,34.4918
0,13.3364
0,34.4614
0,49.1347
0,38.9076
0,7.9833
0,44.4000
0,44.0206
0,-9.3178
0,33.7116
0,51.3544
0,14.7212
0,37.4686
0,48.8200
0,49.2494
0,-6.3800
0,49.4145
0,-2.6296
0,7.2833
0,43.1827
0,39.6192
0,52.0200
0,44.0572
0,-5.8908
0,11.7167
0,41.6933
0,-12.6178
0,11.0667
0,40.8615
0,41.5333
0,48.9306
0,-34.6500
0,-18.7750
0,12.4181
0,-5.6819
0,48.2731
0,-10.5028
0,18.4000
0,51.3833
0,-28.4078
0,-37.8000
0,10.6667
0,52.3031
0,41.6922
0,43.1698
0,34.3006
0,11.3167
0,64.1119
0,-38.8167
0,38.4042
0,-23.5475
0,53.5833
0,-35.0228
0,-10.6000
0,34.7667
0,-8.5119
0,20.7333
0,46.7340
0,37.7562
0,20.9697
0,12.0130
0,27.6650
0,12.5470
0,-22.4039
0,45.3800
0,24.8695
0,-15.1600
0,8.3128
0,50.6200
0,41.0334
0,-15.8078
0,38.2639
0,53.6747
0,31.6134
0,-8.4932
0,40.7010
0,33.4518
0,16.0667
0,45.1342
0,41.3851
0,52.1504
0,51.4791
0,31.6384
0,38.6753
0,42.1778
0,13.4833
0,50.1767
0,43.4160
0,15.8524
0,-7.2500
0,-23.8489
0,45.1281
0,45.3603
0,48.8555
0,56.0997
0,3.3404
0,47.7633
0,38.6350
0,39.7167
0,26.3909
0,36.6792
0,44.2631
0,2.7969
0,50.1833
0,5.3394
0,40.1563
0,-21.3403
0,11.0697
0,41.5743
0,-18.0128
0,43.4600
0,41.3898
0,9.5833
0,45.9020
0,35.2763
0,41.6138
0,49.4833
0,-16.5250
0,39.2237
0,50.7956
0,47.2519
0,39.4905
0,42.0028
0,51.5197
0,49.5380
0,26.3218
0,-26.7408
0,45.0464
0,51.6114
0,50.4103
0,37.2333
0,31.0700
0,1.8792
0,37.5667
0,8.0667
0,36.5780
0,-22.0744
0,51.6839
0,42.9348
0,-7.4733
0,43.1009
0,9.6500
0,13.9667
0,53.0167
0,42.0862
0,45.6667
0,22.8889
0,34.0260
0,-1.5228
0,-17.9333
0,53.5450
0,9.9522
0,24.5218
0,38.6833
0,8.5408
0,34.5815
0,55.6201
0,53.0325
0,-7.8608
0,39.5770
0,32.4011
0,-28.2750
0,-6.6597
0,48.8353
0,-20.3628
0,47.2147
0,39.8189
0,54.6500
0,33.7384
0,35.6656
0,7.6000
0,7.3106
0,32.3500
0,57.2500
0,41.3099
0,13.8333
0,53.0833
0,54.9000
0,48.0028
0,41.4782
0,50.3933
0,-8.0875
0,39.8010
0,46.7758
0,8.5391
0,-20.1000
0,38.1897
0,26.4277
0,39.3571
0,52.9647
0,-4.1658
0,43.2181
0,-22.2828
0,-26.7689
0,-32.6333
0,40.6137
0,21.4062
0,38.2902
0,3.8005
0,6.5986
0,50.7667
0,36.7461
0,45.3500
0,11.0500
0,47.0872
0,11.2833
0,11.1000
0,-9.8058
0,20.3694
0,40.9506
0,35.8511
0,49.4911
0,9.1667
0,-1.4050
0,36.4500
0,14.9742
0,15.5116
0,39.9435
0,36.4917
0,-29.1667
0,56.8500
0,56.9167
0,56.2184
0,1.9075
0,47.8667
0,41.2448
0,9.3775
0,-30.5119
0,11.4728
0,-3.4919
0,14.8112
0,7.8474
0,51.3414
0,18.2270
0,27.0911
0,51.1833
0,46.6333
0,42.8781
0,13.9000
0,-21.9550
0,-24.3050
0,-5.5758
0,-29.5800
0,-34.1889
0,50.9000
0,34.1082
0,35.5397
0,3.1739
0,4.4333
0,47.5611
0,39.6011
0,-6.4858
0,52.1902
0,40.8125
0,14.6833
0,24.6817
0,-7.8558
0,33.4733
0,37.8037
0,-23.3503
0,39.5031
0,5.2667
0,49.2831
0,40.9409
0,-42.4824
0,-5.1989
0,40.1686
0,58.7242
0,39.8728
0,32.4668
0,7.6263
0,39.6776
0,15.9808
0,32.8837
0,-8.7519
0,-4.5767
0,10.7833
0,33.2198
0,39.3893
0,51.6765
0,38.1338
0,29.6898
0,55.0700
0,44.3208
0,42.8888
0,41.6833
0,34.8578
0,61.4767
0,41.7368
0,-4.3289
0,45.4009
0,50.0282
0,59.4000
0,48.0981
0,-27.9667
0,39.4286
0,-12.3269
0,4.6615
0,34.9313
0,10.2833
0,55.9333
0,23.5245
0,58.0500
0,4.8967
0,13.9167
0,10.5167
0,42.4456
0,53.5500
0,-6.7550
0,51.1528
0,52.3125
0,55.1500
0,39.9905
0,-16.2569
0,40.1638
0,50.1000
0,41.0100
0,6.7000
0,-15.6750
0,40.3449
0,48.2136
0,12.5667
0,19.8000
0,10.4608
0,55.5667
0,-15.4189
0,-35.1167
0,31.1192
0,51.3360
0,14.4622
0,15.9844
0,12.8667
0,44.5967
0,49.6900
0,34.5764
0,44.4716
0,-10.2600
0,-8.6008
0,35.3678
0,33.1119
0,-13.3428
0,55.7839
0,41.5000
0,12.4000
0,40.3792
0,34.8839
0,41.1101
0,50.3667
0,14.7950
0,7.9758
0,45.2571
0,35.1195
0,39.2758
0,11.3167
0,-30.6500
0,8.9167
0,-22.8428
0,26.8600
0,13.9000
0,40.5833
0,-20.7328
0,43.3044
0,32.7914
0,22.2828
0,45.4000
0,48.8183
0,10.9942
0,-3.0196
0,29.2500
0,49.0811
0,39.4936
0,11.7000
0,34.1026
0,-9.0122
0,-11.5333
0,49.2950
0,7.9500
0,-21.9039
0,53.9250
0,15.7833
0,38.9900
0,53.4430
0,50.9222
0,42.0667
0,40.2667
0,49.5942
0,14.3557
0,-25.2300
0,-7.0333
0,56.5000
0,18.4667
0,14.5336
0,53.1940
0,-19.9458
0,51.8000
0,36.9167
0,42.1292
0,21.6819
0,-13.7439
0,37.5983
0,35.3069
0,51.8350
0,48.2192
0,54.8000
0,-7.6569
0,49.7197
0,41.9193
0,34.9000
0,18.9000
0,51.7167
0,9.5667
0,40.1903
0,11.3944
0,-21.8269
0,-2.0028
0,11.0500
0,39.4768
0,32.7356
0,9.0192
0,39.4833
0,51.1521
0,1.1133
0,34.8208
0,-2.0172
0,60.4069
0,-23.8778
0,61.5500
0,52.7306
0,2.3469
0,-7.7419
0,40.0078
0,50.9850
0,-6.7700
0,26.3584
0,2.6108
0,54.4333
0,-18.2058
0,25.2499
0,-11.5247
0,46.6222
0,18.2519
0,43.9333
0,-32.9167
0,18.4441
0,37.3186
0,58.4500
0,35.6308
0,-1.8278
0,9.8469
0,40.2309
0,8.5000
0,37.0400
0,-24.7569
0,49.8625
0,45.2750
0,52.2639
0,47.6000
0,-12.6908
0,-19.0333
0,37.7711
0,50.8667
0,43.1031
0,51.4639
0,44.9553
0,2.5503
0,10.2229
0,40.2954
0,43.3844
0,-20.0489
0,9.7620
0,12.8500
0,40.7838
0,47.0979
0,55.4167
0,-25.1900
0,7.6939
0,8.0527
0,35.3689
0,52.1039
0,33.4608
0,36.1183
0,59.1167
0,27.5950
0,27.1936
0,50.6696
0,38.2170
0,-21.7967
0,40.2043
0,-31.3439
0,38.7914
0,51.4331
0,45.1834
0,-4.7000
0,-28.8833
0,46.8178
0,-38.9500
0,46.1897
0,43.0196
0,11.5833
0,-16.2078
0,14.8833
0,31.0572
0,34.5542
0,40.8167
0,48.4500
0,34.2283
0,-22.6650
0,52.2031
0,42.0063
0,34.4727
0,39.0524
0,8.2750
0,52.3667
0,41.0290
0,-21.2608
0,53.0130
0,36.7349
0,32.9545
0,30.5203
0,56.0337
0,44.7544
0,8.1079
0,22.5833
0,47.3915
0,-6.6391
0,40.3239
0,14.6167
0,-9.5578
0,15.6167
0,14.4667
0,13.8167
0,14.3333
0,28.3597
0,-37.4667
0,48.7372
0,25.5396
0,52.2800
0,17.9373
0,37.8167
0,-23.7778
0,7.8167
0,35.0992
0,12.1794
0,16.0333
0,-4.8339
0,34.3711
0,18.2250
0,19.2000
0,26.0594
0,61.4639
0,5.9676
0,14.1286
0,7.0667
0,-23.1100
0,51.6422
0,50.0798
0,52.2506
0,41.3773
0,15.1500
0,50.8081
0,38.7809
0,10.7167
0,40.5303
0,46.0500
0,-22.4914
0,32.2056
0,16.2667
0,40.5333
0,62.7603
0,51.3167
0,-25.4078
0,17.0167
0,35.1922
0,28.1205
0,51.3610
0,57.5333
0,39.5610
0,33.0681
0,43.3789
0,35.5131
0,39.8236
0,51.7667
0,-5.5576
0,43.2260
0,-25.4289
0,8.4964
0,-32.7833
0,-25.5621
0,-10.8128
0,32.9922
0,7.9000
0,10.0795
0,41.1030
0,52.4667
0,-38.9028
0,40.1884
0,39.2394
0,8.0324
0,35.5621
0,22.2915
0,17.0167
0,44.6915
0,38.0500
0,-5.1150
0,13.6000
0,7.0275
0,17.6000
0,35.4667
0,38.7952
0,22.0839
0,30.5666
0,39.9058
0,40.5679
0,41.4524
0,17.9267
0,34.7703
0,48.5967
0,10.8331
0,32.3167
0,43.7826
0,39.3393
0,20.3667
0,-10.6996
0,34.1208
0,30.3151
0,5.7800
0,35.9903
0,35.7289
0,10.5367
0,38.7308
0,-24.2478
0,39.5544
0,37.6546
0,0.0167
0,1.2219
0,11.4167
0,32.8667
0,19.0500
0,45.7753
0,-5.8194
0,33.6156
0,19.8008
0,36.5888
0,43.0490
0,-12.2839
0,39.8833
0,8.2833
0,-37.9810
0,41.2592
0,33.7394
0,36.6827
0,51.3265
0,48.1000
0,36.5437
0,38.3551
0,15.4872
0,40.5167
0,36.9167
0,40.0287
0,44.5667
0,7.5857
0,60.7589
0,43.3518
0,43.7625
0,16.5431
0,36.2097
0,19.0433
0,40.2500
0,5.8833
0,54.9583
0,40.6428
0,51.1931
0,10.7758
0,-8.7151
0,47.7369
0,52.5833
0,47.5947
0,36.9667
0,47.0666
0,14.6862
0,-30.9817
0,33.3693
0,39.1221
0,44.4333
0,52.4750
0,52.1000
0,-23.8489
0,-38.7333
0,20.5333
0,40.0280
0,-6.2222
0,-7.5133
0,37.6786
0,-19.9589
0,32.7316
0,19.2429
0,-20.7314
0,35.2989
0,-14.9081
0,50.9620
0,9.3336
0,-27.3589
0,50.7167
0,14.9000
0,33.4631
0,16.7101
0,43.2167
0,40.1797
0,50.8500
0,8.0381
0,24.1736
0,36.8386
0,-2.5839
0,53.9167
0,-1.3900
0,41.2492
0,45.8422
0,12.7209
0,11.4500
0,15.9000
0,-16.4419
0,24.4702
0,7.3483
0,45.9228
0,43.2990
0,-6.7528
0,50.2775
0,38.9120
0,44.8964
0,-17.2189
0,51.7000
0,51.5467
0,50.8833
0,-20.2108
0,50.9833
0,40.8696
0,5.1664
0,8.0342
0,53.4375
0,33.0874
0,34.4167
0,-6.2108
0,-19.9858
0,43.3708
0,38.1993
0,22.0974
0,15.6056
0,41.0860
0,31.4167
0,36.4392
0,52.7667
0,-23.5053
0,-21.1936
0,42.7089
0,-17.3381
0,34.8508
0,-14.0928
0,51.3500
0,39.4583
0,32.9421
0,59.1264
0,10.3305
0,53.2783
0,4.8980
0,14.3000
0,35.6934
0,4.0281
0,24.5637
0,37.2833
0,44.1000
0,-35.9671
0,45.4500
0,9.9500
0,59.0167
0,42.6832
0,64.6500
0,13.4448
0,53.0358
0,-17.4678
0,37.2043
0,30.8612
0,41.4150
0,20.8715
0,40.7322
0,67.1569
0,-1.9000
0,40.4028
0,-23.7000
0,36.8067
0,25.8308
0,39.7728
0,30.0972
0,-18.5928
0,43.4000
0,-1.0719
0,29.5639
0,2.7837
0,-16.0995
0,9.8833
0,-10.9089
0,16.9833
0,-3.6078
0,30.9694
0,-3.4619
0,18.8900
0,-23.5728
0,40.9107
0,13.3167
0,4.6192
0,10.5333
0,-7.6519
0,51.9167
0,51.5911
0,33.9460
0,41.2598
0,50.9535
0,10.1500
0,33.5920
0,40.7837
0,40.9333
0,37.1000
0,53.7667
0,40.9333
0,34.7847
0,40.3563
0,40.5515
0,52.9936
0,-29.0289
0,51.5528
0,43.2883
0,51.6494
0,9.9797
0,44.6000
0,-19.5189
0,-13.5328
0,14.5233
0,52.3439
0,47.2514
0,17.6850
0,35.8511
0,-40.9167
0,20.0500
0,-22.7464
0,59.7419
0,33.7875
0,-20.0739
0,41.5915
0,52.4089
0,34.8668
0,14.4750
0,-29.7019
0,11.2333
0,41.4890
0,39.4041
0,-53.7914
0,42.6120
0,-16.5750
0,-12.6258
0,-18.9058
0,33.5088
0,49.9833
0,52.0167
0,-27.2408
0,-28.8178
0,-15.6100
0,42.2691
0,5.0899
0,50.6908
0,38.6504
0,-5.5189
0,42.6167
0,55.4833
0,51.8175
0,-33.5189
0,-11.3500
0,-7.8121
0,43.5500
0,40.4236
0,43.8224
0,52.4438
0,42.2814
0,57.1833
0,-13.6786
0,51.8167
0,-7.7619
0,-29.1039
0,52.9222
0,-2.9458
0,43.3386
0,31.3624
0,-3.0508
0,37.8902
0,15.4333
0,34.4360
0,32.6612
0,22.2833
0,41.5530
0,48.5500
0,42.1629
0,45.6175
0,29.8871
0,53.5615
0,36.7500
0,40.7104
0,40.6957
0,33.5310
0,43.1664
0,49.3089
0,48.2833
0,42.6713
0,33.9523
0,50.8415
0,28.5987
0,39.4056
0,49.9311
0,-20.7090
0,57.3667
0,28.0875
0,17.3667
0,51.3652
0,-22.9658
0,42.9859
0,-7.9992
0,47.6667
0,12.5330
0,41.7373
0,32.5767
0,-24.0800
0,44.8333
0,40.8171
0,10.6667
0,48.3178
0,45.5214
0,6.0383
0,38.6886
0,41.5589
0,43.9167
0,6.3000
0,47.0772
0,37.3885
0,-6.1108
0,47.3306
0,42.9167
0,28.4167
0,37.8136
0,14.7167
0,-23.9319
0,36.5796
0,13.3167
0,45.0681
0,17.2000
0,53.1167
0,-2.8025
0,13.5500
0,48.6852
0,-29.2000
0,8.1669
0,41.4457
0,18.8300
0,-32.6167
0,30.0398
0,41.0896
0,12.5667
0,44.3500
0,45.5242
0,34.8661
0,40.5256
0,51.3021
0,37.5133
0,-25.4100
0,34.2557
0,15.5819
0,51.3081
0,-37.8294
0,54.0833
0,45.1029
0,52.1331
0,-2.6989
0,-27.1778
0,40.1000
0,34.2467
0,50.4397
0,19.3083
0,54.9917
0,-16.9728
0,44.4150
0,51.2781
0,13.9667
0,42.9338
0,53.2269
0,8.8219
0,42.2257
0,4.8500
0,41.4141
0,7.4263
0,19.7738
0,53.0000
0,40.4693
0,37.9333
0,-10.9978
0,30.1356
0,50.1435
0,39.8157
0,11.4214
0,40.3293
0,42.6260
0,44.0928
0,7.4833
0,34.8500
0,54.2833
0,41.0796
0,40.5842
0,32.8333
0,-24.7081
0,10.9050
0,-12.9397
0,42.3708
0,-29.2978
0,33.4928
0,43.8900
0,18.2882
0,-19.0008
0,43.2306
0,15.3167
0,-1.5500
0,34.5568
0,40.6599
0,35.5958
0,9.2578
0,38.7667
0,33.8842
0,62.2000
0,36.9500
0,7.5333
0,39.4050
0,23.9620
0,41.3484
0,-7.7296
0,45.7694
0,19.2500
0,40.8089
0,8.2988
0,52.2880
0,51.1261
0,12.0667
0,53.8500
0,40.0902
0,35.4725
0,56.6503
0,35.9258
0,50.5610
0,43.0457
0,6.9844
0,33.5872
0,48.8039
0,41.6870
0,-6.3439
0,13.7394
0,41.2339
0,52.6703
0,37.2303
0,55.5000
0,26.9052
0,-1.5655
0,50.8683
0,49.3786
0,15.3500
0,38.9393
0,42.2167
0,48.3500
0,41.8434
0,10.9098
0,13.9833
0,51.4400
0,37.2684
0,10.4000
0,-30.7489
0,36.5891
0,-3.4389
0,44.7000
0,3.1964
0,17.0500
0,53.2500
0,4.9158
0,-28.8167
0,36.6367
0,37.3833
0,23.8334
0,45.5833
0,22.1539
0,5.9331
0,13.9000
0,37.3685
0,49.3869
0,38.5951
0,7.4833
0,35.4827
0,18.6000
0,-26.6319
0,39.2537
0,8.5714
0,41.3138
0,47.4606
0,-27.5833
0,53.0631
0,51.7314
0,50.6506
0,51.3503
0,11.4300
0,37.0815
0,-39.1000
0,51.6667
0,26.6528
0,48.7333
0,-9.5158
0,41.2167
0,14.6800
0,8.2167
0,-9.4742
0,16.7000
0,38.5162
0,49.4471
0,53.3000
0,16.9004
0,50.1380
0,27.7600
0,15.8167
0,-15.7895
0,53.2594
0,29.5889
0,49.6836
0,-3.4608
0,51.6236
0,51.3208
0,40.2602
0,-14.3050
0,55.0704
0,40.7962
0,-3.4539
0,32.6616
0,5.1536
0,-22.6119
0,51.2904
0,39.3444
0,52.6910
0,39.1552
0,-21.7739
0,20.1889
0,34.4833
0,12.5756
0,33.5253
0,31.5000
0,40.6333
0,-29.9428
0,48.2792
0,46.8000
0,42.5073
0,47.7833
0,48.9328
0,39.0872
0,-1.6750
0,38.0584
0,53.0036
0,-6.0500
0,-1.8000
0,3.8567
0,40.7855
0,39.8894
0,48.1814
0,-37.2556
0,-16.4333
0,60.4667
0,55.8667
0,53.5900
0,44.1689
0,7.4667
0,49.0364
0,38.2486
0,15.9833
0,42.2833
0,43.6625
0,33.7436
0,38.0333
0,43.7223
0,-20.0383
0,45.5583
0,53.6833
0,4.2844
0,44.6672
0,16.9833
0,-22.2289
0,51.3494
0,45.4931
0,22.8067
0,-25.3689
0,50.3353
0,9.8180
0,24.1169
0,35.7468
0,51.8000
0,11.3000
0,37.0017
0,51.8000
0,50.9500
0,25.4831
0,14.7631
0,-23.1936
0,55.0000
0,44.8833
0,-0.9869
0,34.0334
0,42.7918
0,22.8640
0,8.6330
0,48.8236
0,40.9443
0,54.3044
0,37.9754
0,33.4361
0,53.7939
0,41.1490
0,48.0528
0,36.6167
0,33.9397
0,11.1500
0,42.3172
0,33.3850
0,51.8258
0,40.9942
0,34.0053
0,46.9757
0,48.2689
0,44.0505
0,42.8133
0,11.5217
0,38.5976
0,32.1457
0,39.1463
0,37.3543
0,45.5861
0,-0.7650
0,43.4244
0,13.2167
0,-13.0350
0,42.1823
0,40.6515
0,45.8323
0,42.7517
0,60.7333
0,49.8452
0,51.6433
0,33.6167
0,51.9500
0,45.4689
0,40.0663
0,27.3401
0,38.4275
0,50.6625
0,55.7000
0,36.8000
0,5.1340
0,43.4667
0,50.9000
0,-8.5408
0,41.1833
0,46.6500
0,46.7050
0,43.0732
0,-11.3808
0,-22.8389
0,64.5833
0,36.8503
0,4.9081
0,18.6151
0,30.5593
0,22.8247
0,14.0157
0,35.2897
0,7.8167
0,27.9971
0,48.8764
0,56.7833
0,39.2922
0,50.0697
0,51.6439
0,41.5101
0,51.6483
0,55.9500
0,41.1000
0,44.1383
0,41.8274
0,51.7067
0,42.1861
0,49.5500
0,-1.8950
0,-32.8167
0,-25.9667
0,41.5567
0,16.3500
0,48.6953
0,42.8869
0,15.9896
0,40.4333
0,49.2806
0,40.0121
0,-4.2258
0,44.8500
0,9.2461
0,-32.8167
0,34.1418
0,49.0167
0,7.9167
0,27.8667
0,-2.4833
0,-5.2481
0,-17.3408
0,42.7902
0,41.8364
0,8.2472
0,45.3075
0,-16.6333
0,3.2219
0,39.8450
0,3.8547
0,-3.5158
0,-4.2550
0,25.3595
0,63.2940
0,-7.9001
0,10.3500
0,38.7777
0,43.3108
0,41.9699
0,52.5000
0,-13.7319
0,37.1304
0,40.8667
0,11.5500
0,64.4333
0,21.9453
0,35.9639
0,0.0069
0,22.7169
0,24.8391
0,41.5114
0,53.8450
0,-5.7058
0,39.0144
0,40.4686
0,52.2167
0,42.3381
0,23.6522
0,16.0730
0,39.3269
0,45.4311
0,18.3333
0,51.9667
0,17.9414
0,30.0731
0,12.7329
0,38.9833
0,-21.1336
0,-25.2200
0,-24.1850
0,44.0558
0,0.3436
0,49.3236
0,41.7264
0,55.5500
0,-8.1886
0,-35.5924
0,44.2500
0,5.9667
0,47.4444
0,-11.7750
0,7.4386
0,57.9833
0,22.1888
0,52.6936
0,-24.7361
0,38.3242
0,15.8012
0,8.8667
0,12.5333
0,51.7667
0,-26.9619
0,52.3333
0,4.7197
0,-8.7728
0,38.9944
0,36.0555
0,0.3272
0,-7.9950
0,47.0407
0,60.4167
0,10.9785
0,40.2158
0,51.6970
0,54.7500
0,28.3547
0,42.2047
0,4.3347
0,41.2004
0,51.1636
0,55.3500
0,-39.2667
0,41.6986
0,41.0233
0,10.5167
0,42.0278
0,30.6579
0,7.5881
0,27.1746
0,49.2979
0,-44.4000
0,40.8662
0,32.2387
0,52.3167
0,30.6344
0,49.4564
0,-20.4428
0,27.8886
0,64.0667
0,-33.7344
0,41.5417
0,-21.0496
0,51.5140
0,50.3833
0,43.1843
0,49.4703
0,42.1565
0,50.7250
0,-21.2350
0,36.4667
0,22.1500
0,41.8710
0,36.0567
0,26.8377
0,31.5333
0,51.1767
0,41.0090
0,23.2538
0,36.6833
0,35.8367
0,-1.3600
0,50.8567
0,35.0675
0,33.1116
0,-11.0089
0,-3.9419
0,52.9500
0,53.1836
0,43.1667
0,39.8564
0,-17.3008
0,51.0478
0,51.1167
0,53.7833
0,20.2833
0,26.8794
0,43.3139
0,35.0639
0,40.2667
0,28.6625
0,15.0167
0,11.0672
0,-10.2111
0,42.3043
0,41.2984
0,44.6951
0,-7.0783
0,45.9833
0,-2.1667
0,44.7592
0,15.3000
0,49.8594
0,-24.2839
0,35.5938
0,48.1214
0,-5.5339
0,37.8360
0,32.2567
0,39.0603
0,10.2833
0,30.0988
0,15.5439
0,52.5500
0,26.6920
0,34.8036
0,7.7500
0,8.7944
0,8.4042
0,42.1192
0,42.1913
0,51.7800
0,53.0500
0,42.0657
0,53.6500
0,1.9289
0,6.7669
0,24.0950
0,47.2667
0,50.5500
0,41.4854
0,40.7949
0,-4.2096
0,-2.6736
0,48.3314
0,42.9974
0,32.4167
0,34.9767
0,43.0845
0,42.8644
0,-33.8000
0,37.7297
0,12.9658
0,10.7833
0,48.1814
0,33.2500
0,54.5922
0,53.5089
0,50.2167
0,41.0667
0,41.4860
0,38.9510
0,49.6556
0,42.1253
0,11.5667
0,21.7511
0,51.1333
0,43.0700
0,48.6244
0,41.0932
0,-0.7139
0,-31.2944
0,43.5853
0,3.7975
0,49.2075
0,17.6333
0,10.0083
0,51.2589
0,40.8072
0,-11.8300
0,40.5836
0,-4.4200
0,8.7351
0,-22.6119
0,39.1668
0,45.5619
0,30.0049
0,20.2666
0,42.3266
0,-23.4150
0,-2.8789
0,59.9750
0,38.7892
0,47.7856
0,-3.4281
0,22.0189
0,13.7500
0,24.1989
0,-34.0333
0,48.3464
0,61.1146
0,15.2008
0,44.6408
0,43.1514
0,32.3227
0,46.2169
0,38.4744
0,16.3556
0,45.9313
0,-22.7322
0,48.6114
0,40.8000
0,-19.9150
0,10.6083
0,39.9897
0,-7.4019
0,42.0492
0,11.4833
0,-23.8128
0,52.3500
0,9.1442
0,-17.0167
0,37.6549
0,51.3881
0,14.9333
0,51.2386
0,51.5833
0,37.5833
0,47.1006
0,50.4378
0,34.6312
0,49.3481
0,49.9032
0,26.7517
0,33.3694
0,39.4067
0,-19.6828
0,34.1889
0,35.4956
0,20.2333
0,45.4646
0,50.5447
0,18.9200
0,-16.2778
0,35.2631
0,38.0725
0,38.0375
0,30.1689
0,8.2801
0,34.8807
0,43.1100
0,28.3201
0,53.5833
0,-20.2408
0,43.6833
0,16.1161
0,42.4681
0,37.8397
0,41.8958
0,47.2286
0,43.2019
0,49.4731
0,38.0808
0,37.6063
0,14.1463
0,43.7000
0,40.8111
0,36.5922
0,44.0500
0,23.3129
0,50.2486
0,29.5091
0,17.2667
0,48.1500
0,18.0716
0,38.7292
0,-18.4231
0,59.7925
0,-17.3508
0,17.7500
0,33.8614
0,38.0667
0,10.3167
0,40.1859
0,10.1333
0,56.8753
0,39.4000
0,36.6833
0,9.5500
0,16.7914
0,37.2542
0,39.1897
0,8.0500
0,35.5201
0,58.2833
0,-22.0910
0,-25.5768
0,-28.8333
0,-31.9000
0,52.4333
0,11.4207
0,37.9772
0,37.9819
0,41.6800
0,40.5229
0,9.2000
0,-19.3069
0,-8.5844
0,41.2841
0,41.1428
0,-4.5796
0,41.2136
0,50.9000
0,38.3725
0,-20.0500
0,8.3333
0,48.5300
0,47.0344
0,61.1931
0,-18.4728
0,47.0403
0,38.5018
0,48.5231
0,26.6247
0,-15.6750
0,44.3927
0,21.3642
0,25.8864
0,-40.1667
0,16.4889
0,8.5333
0,35.9424
0,48.5833
0,38.2693
0,-11.3196
0,30.5373
0,51.3167
0,-32.5658
0,35.9454
0,41.5139
0,40.2897
0,40.4167
0,19.8050
0,44.9876
0,8.7522
0,40.8617
0,-11.4119
0,34.8786
0,21.9053
0,36.1242
0,-2.1600
0,-1.8039
0,-22.6289
0,50.4833
0,-4.8828
0,5.2006
0,38.8478
0,55.2833
0,9.1167
0,50.5833
0,25.9667
0,19.0000
0,-3.4708
0,43.2586
0,39.2026
0,49.6833
0,53.5665
0,34.5278
0,8.4146
0,51.8000
0,24.5738
0,50.5667
0,37.2239
0,29.0249
0,30.0314
0,10.5833
0,45.3772
0,18.5167
0,42.9577
0,45.0841
0,55.0000
0,41.3988
0,-14.7558
0,49.2994
0,41.6484
0,31.2833
0,22.6153
0,38.5788
0,19.0392
0,20.4350
0,8.2872
0,50.6000
0,-28.2089
0,50.8342
0,50.8094
0,39.5583
0,36.6990
0,40.8000
0,-21.2167
0,54.9797
0,45.5000
0,59.6650
0,35.9472
0,45.5667
0,-28.7839
0,-9.6408
0,29.7041
0,45.1167
0,-32.0150
0,45.2617
0,25.5909
0,32.5329
0,38.2048
0,41.8667
0,56.8167
0,40.7830
0,5.4506
0,2.2558
0,51.3150
0,43.3198
0,37.1222
0,34.4225
0,16.9667
0,-22.1519
0,-18.7819
0,11.7120
0,47.6553
0,38.4430
0,-12.1850
0,-26.1500
0,34.3520
0,19.9327
0,-19.9519
0,11.3500
0,45.2980
0,-14.2778
0,36.9194
0,53.1667
0,42.5022
0,41.8806
0,41.5375
0,-3.1239
0,49.2942
0,33.7581
0,46.5678
0,37.9763
0,41.9728
0,-6.7908
0,35.1782
0,-23.1014
0,44.0650
0,16.2864
0,8.4500
0,27.5833
0,42.5740
0,-8.7528
0,-25.3478
0,52.1928
0,44.8942
0,42.2413
0,41.4139
0,41.7676
0,40.3037
0,40.6571
0,-3.9278
0,-11.3828
0,47.5000
0,40.2105
0,49.1917
0,34.9772
0,5.8494
0,-11.4289
0,39.9534
0,39.9403
0,10.0833
0,50.9653
0,27.8900
0,40.9181
0,-21.7100
0,9.6570
0,51.4340
0,-34.5981
0,35.7842
0,7.9112
0,10.4944
0,56.0500
0,41.1333
0,43.0491
0,43.5822
0,48.6444
0,-36.6229
0,-7.0739
0,39.2133
0,9.8333
0,40.7623
0,58.8800
0,19.1607
0,25.6063
0,16.9833
0,51.1290
0,37.9033
0,41.4396
0,43.3568
0,-23.0506
0,50.6256
0,41.4199
0,-25.5375
0,34.6815
0,-0.9750
0,45.6167
0,50.9328
0,9.8650
0,19.9167
0,33.0590
0,51.4050
0,28.3254
0,48.3042
0,34.9430
0,44.7528
0,41.5648
0,51.6944
0,15.7167
0,51.7500
0,18.7667
0,39.3903
0,40.4262
0,36.4733
0,-28.7469
0,45.3700
0,9.6097
0,10.9860
0,45.8571
0,14.9192
0,39.7049
0,7.6333
0,7.4500
0,43.6778
0,47.2717
0,15.1333
0,-12.7658
0,15.1642
0,20.0583
0,36.8317
0,37.5667
0,43.2000
0,-29.4478
0,44.8500
0,28.6167
0,21.0131
0,45.3500
0,10.9922
0,41.4742
0,48.9875
0,51.3265
0,51.9250
0,37.1667
0,42.2642
0,-22.3300
0,-8.1492
0,41.7000
0,-12.9828
0,50.4217
0,17.8861
0,34.9512
0,8.7611
0,-7.7764
0,15.6333
0,50.0650
0,45.9547
0,45.1833
0,40.7500
0,40.2606
0,-21.4119
0,44.7251
0,-7.5819
0,-27.0667
0,42.5667
0,36.7914
0,42.1599
0,37.1500
0,40.1667
0,43.8375
0,8.1144
0,27.3500
0,47.3659
0,20.1144
0,54.4833
0,-11.8589
0,19.1811
0,44.8667
0,51.0597
0,-9.9169
0,41.6054
0,51.8833
0,43.6333
0,39.9562
0,40.8709
0,52.3000
0,39.9703
0,44.7725
0,51.8097
0,47.6858
0,46.6519
0,-28.2939
0,-5.6295
0,48.1975
0,46.4319
0,47.2600
0,-14.2139
0,34.2933
0,45.0842
0,39.2897
0,38.5417
0,41.7995
0,8.0833
0,13.8833
0,47.5100
0,52.6378
0,37.7610
0,50.7500
0,13.8413
0,20.0953
0,51.1667
0,37.8167
0,32.8913
0,42.0771
0,40.5024
0,40.6761
0,42.7129
0,3.6604
0,17.2833
0,-19.2200
0,43.6296
0,14.9500
0,-7.7478
0,18.6500
0,-10.8061
0,49.0786
0,42.3388
0,52.6667
0,48.2531
0,44.5441
0,14.5951
0,40.5667
0,47.6733
0,27.0120
0,53.2779
0,43.8475
0,42.0327
0,34.0622
0,41.4744
0,28.0730
0,-11.1469
0,35.3703
0,52.4022
0,-32.7000
0,41.6043
0,40.0403
0,39.8330
0,-8.3608
0,42.5035
0,-1.7178
0,9.5350
0,44.8164
0,-9.1700
0,52.5808
0,39.2187
0,35.2904
0,41.0333
0,59.7667
0,-20.4627
0,-29.8000
0,49.5103
0,38.7189
0,56.8500
0,40.7634
0,40.6500
0,39.6828
0,40.8492
0,42.2595
0,35.7166
0,36.6831
0,7.5333
0,43.1487
0,39.4062
0,41.5097
0,-4.0239
0,19.7511
0,38.7220
0,32.9302
0,36.7114
0,53.7333
0,39.3103
0,6.6333
0,51.7319
0,59.8675
0,51.6258
0,11.2915
0,14.8436
0,35.2748
0,35.2418
0,50.6011
0,50.8100
0,45.6200
0,49.6953
0,33.7236
0,21.9244
0,-15.5050
0,-7.4003
0,34.9333
0,35.4969
0,-11.3669
0,-7.0508
0,41.3502
0,22.7073
0,41.0833
0,-10.4919
0,40.7097
0,-24.6500
0,8.0000
0,13.8064
0,50.4114
0,33.8969
0,-6.7778
0,52.3000
0,6.7931
0,17.7422
0,12.6440
0,41.8960
0,53.6000
0,-21.2358
0,51.8222
0,-6.2669
0,7.9842
0,45.4933
0,48.6383
0,-24.8600
0,-3.8369
0,8.8953
0,40.8000
0,50.0715
0,42.4181
0,51.6833
0,39.9907
0,33.4399
0,45.7000
0,28.2582
0,2.7603
0,46.4333
0,43.1256
0,-23.0539
0,13.6881
0,17.3167
0,12.3880
0,18.4151
0,54.6000
0,45.3669
0,49.9000
0,9.4167
0,42.6004
0,36.2949
0,29.3871
0,51.6429
0,-10.4428
0,8.1917
0,56.1500
0,40.2519
0,-11.0100
0,50.6928
0,67.8494
0,42.4903
0,34.7847
0,52.6667
0,46.6731
0,39.7525
0,56.1000
0,5.7731
0,-23.1839
0,14.1333
0,63.5833
0,63.7415
0,45.3833
0,42.0341
0,43.6353
0,-14.6700
0,41.5900
0,40.1485
0,35.8813
0,48.0658
0,40.8186
0,-15.9339
0,28.0437
0,37.8919
0,52.1453
0,51.3211
0,-28.9358
0,-16.6850
0,47.4625
0,33.7247
0,45.9333
0,8.9272
0,33.9252
0,-22.2753
0,26.4253
0,7.7592
0,67.6142
0,27.3667
0,53.4500
0,33.0711
0,47.8333
0,-34.4167
0,-22.3661
0,48.9500
0,60.1500
0,20.0569
0,12.0378
0,53.1620
0,44.2012
0,-40.2952
0,45.6500
0,-38.1958
0,49.6415
0,42.2340
0,22.6174
0,-21.5400
0,32.2730
0,40.5500
0,-3.3608
0,45.5613
0,-10.0119
0,-5.5878
0,-7.5908
0,53.5000
0,46.5440
0,40.1993
0,49.4500
0,44.0864
0,45.5331
0,38.7042
0,33.3709
0,51.5833
0,2.0406
0,40.7832
0,10.0797
0,32.6786
0,50.4367
0,51.6833
0,-22.4289
0,-7.0419
0,52.5050
0,19.0000
0,51.8667
0,39.3512
0,31.5058
0,-11.6850
0,51.4667
0,50.7600
0,44.4808
0,41.8479
0,48.5500
0,59.8667
0,42.3244
0,48.2833
0,41.1062
0,39.2012
0,5.3840
0,44.8544
0,13.6333
0,44.9261
0,51.9667
0,-20.4272
0,52.2600
0,-19.8650
0,12.1500
0,40.9667
0,12.1923
0,34.5922
0,49.9653
0,37.9833
0,45.5203
0,34.9768
0,50.6450
0,-37.1950
0,52.2997
0,33.0320
0,10.2840
0,39.4833
0,32.3173
0,24.8345
0,-16.8196
0,49.9669
0,-8.9478
0,41.7167
0,50.9833
0,11.1429
0,40.1502
0,8.1514
0,13.8650
0,37.7051
0,54.5153
0,14.7318
0,7.0491
0,-22.8166
0,32.9783
0,34.1245
0,47.8667
0,44.1670
0,48.4333
0,34.9833
0,47.5293
0,-8.8278
0,40.1667
0,66.6500
0,1.3847
0,40.0436
0,7.6500
0,38.0064
0,41.0816
0,44.5925
0,31.4142
0,30.1901
0,-23.2328
0,54.6566
0,13.6604
0,15.4054
0,40.9455
0,47.5458
0,38.0414
0,27.2414
0,50.8925
0,-21.4800
0,47.2225
0,5.8811
0,36.7339
0,41.9975
0,50.7689
0,54.3500
0,41.5687
0,22.2479
0,53.4167
0,49.3387
0,14.6095
0,44.6200
0,12.4739
0,-11.8139
0,23.0636
0,32.5992
0,53.3250
0,37.1309
0,23.6420
0,47.5167
0,48.5333
0,41.0500
0,-5.3958
0,50.1000
0,-29.5869
0,38.4549
0,-9.3628
0,-12.7669
0,-41.3178
0,38.4136
0,49.0698
0,-8.8339
0,-4.3708
0,51.0000
0,41.7013
0,41.4196
0,10.7389
0,43.9636
0,36.2111
0,-15.5619
0,46.7307
0,13.2833
0,41.8826
0,-9.1058
0,25.0439
0,27.7882
0,33.2589
0,52.2281
0,31.4337
0,15.8333
0,45.5333
0,-10.9778
0,31.5437
0,20.6500
0,49.4667
0,17.8000
0,38.0017
0,37.5833
0,38.3850
0,-20.0869
0,10.8167
0,34.1478
0,42.6833
0,11.5000
0,-23.4178
0,42.6416
0,50.9679
0,56.5000
0,48.2217
0,51.9472
0,10.0667
0,38.6156
0,32.9726
0,40.2411
0,-4.5496
0,43.3578
0,5.5333
0,44.9200
0,36.4609
0,40.7417
0,17.8667
0,50.2569
0,5.1833
0,45.4161
0,7.8790
0,12.0667
0,48.6314
0,45.7464
0,38.4792
0,33.6688
0,28.1100
0,43.6364
0,12.5013
0,37.9333
0,37.2254
0,-20.0869
0,17.3167
0,44.7717
0,-13.7833
0,5.1633
0,14.2000
0,53.9667
0,42.8547
0,46.6941
0,42.6420
0,38.8600
0,40.9697
0,-30.5439
0,44.4528
0,31.8388
0,27.0275
0,15.6000
0,41.1358
0,33.8399
0,9.3194
0,-36.3132
0,41.0094
0,36.0041
0,11.4232
0,-30.5000
0,26.8239
0,-13.0833
0,16.4717
0,50.7010
0,36.5000
0,42.8796
0,43.3047
0,26.8667
0,40.8035
0,38.9667
0,47.3208
0,41.5951
0,17.1167
0,3.6969
0,52.8000
0,50.7631
0,41.8353
0,47.5661
0,41.0667
0,52.3081
0,40.5068
0,45.0657
0,14.6333
0,33.5653
0,-8.9969
0,-11.2328
0,49.2461
0,54.8594
0,15.1333
0,51.8831
0,51.1890
0,31.6956
0,42.1140
0,19.8500
0,43.7500
0,45.9675
0,40.7944
0,51.3589
0,19.1594
0,53.9333
0,8.0958
0,38.6864
0,42.0276
0,10.8500
0,38.0329
0,22.6986
0,41.7892
0,-20.6383
0,42.3096
0,39.7530
0,-33.4500
0,39.3460
0,49.9214
0,50.8961
0,-11.3828
0,-21.4728
0,40.9483
0,32.6320
0,19.5786
0,40.1674
0,45.1336
0,49.8056
0,49.0447
0,-19.4958
0,-20.9539
0,34.0675
0,52.1906
0,-38.7000
0,20.6258
0,-8.6639
0,53.4758
0,48.4343
0,46.1000
0,31.5833
0,36.6331
0,44.0914
0,48.8264
0,19.5731
0,36.7478
0,32.1043
0,51.1236
0,40.3139
0,19.4275
0,55.1833
0,48.8094
0,7.0178
0,6.5978
0,-18.2150
0,46.9000
0,32.4738
0,32.7667
0,18.1622
0,34.7247
0,59.7833
0,38.9194
0,52.9875
0,23.0093
0,-24.5258
0,48.1681
0,43.6718
0,-9.1178
0,34.8537
0,41.5904
0,33.9598
0,40.1592
0,39.5917
0,10.6333
0,39.4938
0,50.9500
0,49.6878
0,41.5450
0,-6.4008
0,48.1397
0,55.0070
0,40.7056
0,51.2128
0,45.1929
0,28.1493
0,39.4210
0,-0.7169
0,-33.6478
0,50.7169
0,11.4400
0,15.3833
0,17.4667
0,51.8667
0,32.2135
0,35.8873
0,45.5244
0,14.3667
0,24.4166
0,40.8434
0,0.6983
0,10.8000
0,33.6693
0,45.7072
0,-3.4578
0,-23.0458
0,56.2667
0,43.6310
0,27.7065
0,33.7672
0,51.1019
0,41.7288
0,51.3956
0,51.8200
0,60.3475
0,13.9167
0,34.4833
0,8.0000
0,-11.9283
0,42.1625
0,-20.6258
0,49.9753
0,28.1312
0,40.5082
0,50.3186
0,45.6500
0,54.6365
0,-16.4339
0,51.7978
0,1.2847
0,3.1239
0,49.5639
0,-4.8319
0,51.2778
0,1.6967
0,1.6053
0,66.0398
0,-31.7628
0,41.1173
0,35.5061
0,38.0094
0,16.6500
0,-27.4139
0,54.8500
0,17.4831
0,43.1383
0,-18.5928
0,40.6936
0,-38.6900
0,43.0258
0,51.9667
0,51.7269
0,50.6333
0,-9.0739
0,33.6958
0,-4.9558
0,36.3143
0,-22.5128
0,54.5480
0,33.4617
0,43.4611
0,-11.0478
0,-15.9289
0,-16.5500
0,24.2752
0,-19.4778
0,14.5791
0,45.2667
0,42.7639
0,51.4221
0,6.7411
0,7.4655
0,48.4450
0,5.1467
0,40.9846
0,51.0897
0,-31.7667
0,39.5879
0,44.1333
0,21.1342
0,29.8761
0,8.5500
0,30.6388
0,27.5094
0,44.6706
0,35.3338
0,15.1333
0,50.9939
0,37.2864
0,47.1956
0,47.6439
0,53.5967
0,51.6708
0,52.3833
0,42.2466
0,24.0299
0,42.7986
0,37.6667
0,-21.6100
0,43.0503
0,-21.2753
0,45.1702
0,32.0331
0,51.3614
0,43.8272
0,52.4100
0,-16.5333
0,57.4337
0,18.2667
0,23.8099
0,34.5581
0,54.1167
0,-20.4839
0,61.3417
0,-24.5097
0,38.7923
0,8.9150
0,41.7022
0,45.9421
0,39.0804
0,53.8117
0,48.3500
0,45.3314
0,39.3275
0,39.9625
0,50.2206
0,44.7465
0,16.8667
0,45.7833
0,41.5000
0,33.6073
0,-20.6500
0,52.2670
0,-7.9025
0,43.2830
0,18.0553
0,-8.4500
0,36.3964
0,15.7458
0,64.6847
0,11.9000
0,6.4603
0,-2.7758
0,-22.1069
0,59.7647
0,53.3918
0,40.4097
0,51.5264
0,51.8667
0,48.9667
0,39.2667
0,42.2544
0,51.6303
0,25.3561
0,39.7836
0,42.5351
0,39.3345
0,42.1465
0,42.8860
0,26.6333
0,46.8419
0,38.7931
0,41.8684
0,9.1650
0,51.5690
0,19.3908
0,-14.4500
0,8.0333
0,-9.8419
0,40.2709
0,-9.1519
0,48.4167
0,60.7029
0,54.0070
0,21.1425
0,36.1000
0,29.5358
0,40.9602
0,43.7517
0,40.9822
0,33.1871
0,-11.7300
0,-2.9178
0,-1.3519
0,51.5206
0,34.1234
0,41.3065
0,40.5778
0,-12.2489
0,36.6510
0,18.8667
0,35.9206
0,50.7700
0,51.9833
0,50.6833
0,45.4214
0,14.7939
0,-21.2278
0,52.1465
0,50.8000
0,32.7194
0,43.5667
0,50.9197
0,51.4500
0,45.4603
0,52.3194
0,-22.4569
0,52.3772
0,29.6994
0,51.0289
0,44.4309
0,-20.4428
0,-9.6239
0,33.6871
0,8.5833
0,40.3111
0,40.3567
0,51.1333
0,18.3330
0,40.2278
0,14.8246
0,14.0762
0,-6.4950
0,37.5571
0,43.2833
0,48.6333
0,13.1235
0,50.5336
0,39.5922
0,50.3569
0,22.4546
0,47.1689
0,41.2883
0,45.3107
0,32.0705
0,47.4664
0,58.3667
0,6.8348
0,32.8739
0,40.8500
0,31.8667
0,35.6591
0,44.3022
0,50.4500
0,23.6012
0,52.0920
0,15.0768
0,18.5833
0,47.3817
0,39.1286
0,48.7590
0,43.5234
0,9.8167
0,42.9853
0,-32.2241
0,42.2113
0,10.4456
0,38.8802
0,40.1149
0,45.2536
0,-10.1253
0,16.0697
0,41.8803
0,38.6881
0,11.5333
0,27.1736
0,44.9637
0,-9.7478
0,31.9286
0,26.6615
0,52.4342
0,42.6990
0,14.4000
0,-34.8500
0,41.8729
0,42.3000
0,39.8867
0,40.2463
0,60.4861
0,49.7461
0,48.8490
0,4.6087
0,39.2314
0,35.5885
0,51.7681
0,-3.2796
0,58.4833
0,5.0167
0,41.9906
0,40.6339
0,2.5219
0,42.6735
0,49.4386
0,13.8436
0,-17.7219
0,-22.1089
0,10.4167
0,49.2000
0,59.0532
0,42.7525
0,41.3833
0,47.9597
0,-9.6419
0,35.2372
0,33.7644
0,-22.5092
0,44.0259
0,15.2667
0,44.0491
0,31.2603
0,34.1944
0,17.1333
0,40.5963
0,42.6746
0,28.0390
0,37.4377
0,8.9917
0,-7.3289
0,-34.3000
0,51.4167
0,52.6011
0,48.7906
0,-22.0789
0,18.5667
0,43.1621
0,36.1066
0,51.6383
0,41.7102
0,6.6500
0,24.8500
0,50.5500
0,-6.9428
0,18.6000
0,42.0362
0,34.1081
0,50.9167
0,51.1264
0,-14.8583
0,10.4164
0,36.7620
0,-9.6178
0,38.4028
0,36.6569
0,-3.2078
0,36.6876
0,42.0480
0,15.8208
0,46.8500
0,-8.8819
0,33.2394
0,19.4833
0,-21.9989
0,7.1636
0,47.3822
0,2.3306
0,7.9000
0,-6.6069
0,47.8425
0,44.5500
0,48.9575
0,38.8682
0,49.0900
0,-7.3039
0,49.7447
0,52.9161
0,47.6231
0,3.0400
0,37.2667
0,16.0167
0,48.2167
0,52.6000
0,25.6220
0,-27.0858
0,43.6113
0,45.4833
0,40.5083
0,35.7000
0,50.8667
0,40.2667
0,41.4945
0,37.6667
0,-3.7978
0,8.5333
0,44.7506
0,47.1601
0,7.9742
0,37.8090
0,34.0451
0,16.0500
0,15.6248
0,52.2579
0,41.6044
0,31.4625
0,51.5167
0,-22.0941
0,36.5453
0,40.0825
0,10.1614
0,50.1424
0,27.8784
0,50.7833
0,21.9000
0,48.1500
0,41.7948
0,32.3540
0,-29.9589
0,-0.7528
0,45.3811
0,39.6000
0,37.8917
0,30.5280
0,58.3089
0,45.6005
0,45.0000
0,56.8000
0,41.6076
0,40.8220
0,39.7927
0,35.1531
0,-8.6169
0,39.7866
0,38.6769
0,-12.9067
0,9.6144
0,43.2352
0,-9.1328
0,46.9994
0,57.1000
0,60.0731
0,53.3970
0,41.0196
0,38.8868
0,0.9636
0,-6.3108
0,57.0000
0,26.1091
0,38.2069
0,50.8250
0,16.2833
0,-34.7547
0,-16.0050
0,42.5864
0,1.4792
0,45.6890
0,41.4803
0,51.5203
0,10.0000
0,-16.4058
0,47.0931
0,22.7667
0,-19.5489
0,33.9500
0,48.3814
0,38.6450
0,-5.1214
0,6.4858
0,32.8657
0,5.0619
0,50.7356
0,5.4976
0,-26.3589
0,50.5000
0,48.1142
0,4.9367
0,32.2778
0,37.6453
0,9.2654
0,27.7149
0,5.4000
0,42.2935
0,13.2500
0,52.5998
0,30.8394
0,38.6951
0,36.7235
0,18.4415
0,41.1833
0,20.4797
0,18.1000
0,3.8428
0,43.0539
0,28.0693
0,40.2489
0,34.9431
0,44.2985
0,39.9280
0,26.1298
0,38.7339
0,50.9847
0,-14.1639
0,43.9452
0,35.4747
0,42.8640
0,50.0897
0,38.7771
0,34.7287
0,45.4622
0,31.2256
0,53.7194
0,53.3969
0,42.1567
0,40.6332
0,11.9167
0,42.7401
0,13.9283
0,28.1887
0,31.0672
0,52.7599
0,-23.4903
0,36.1394
0,-4.0400
0,34.0090
0,20.7197
0,22.9764
0,51.6183
0,63.4750
0,-19.5658
0,26.0800
0,53.4870
0,3.5292
0,51.7917
0,41.5129
0,53.7128
0,42.7057
0,-9.0100
0,40.5694
0,35.6634
0,-14.8650
0,24.2167
0,45.4000
0,12.6636
0,49.8075
0,36.6686
0,53.5586
0,40.1572
0,-22.4328
0,50.3500
0,51.1194
0,48.1167
0,17.0667
0,15.2333
0,48.1050
0,32.4236
0,41.1266
0,20.4623
0,52.3000
0,39.2745
0,42.2893
0,41.5984
0,10.9333
0,54.4769
0,45.5037
0,42.0337
0,-29.0808
0,45.3833
0,-6.8028
0,-1.0108
0,36.8833
0,15.7789
0,7.7930
0,50.6008
0,6.9480
0,43.7903
0,50.7824
0,33.3611
0,-11.6936
0,56.0667
0,-27.4558
0,40.5748
0,52.0938
0,41.0279
0,9.7667
0,-25.3658
0,5.1600
0,51.1740
0,13.9333
0,-4.4908
0,37.3667
0,-17.3028
0,28.4214
0,51.0139
0,37.3667
0,46.9890
0,38.8531
0,40.6564
0,41.0955
0,-26.7500
0,33.7267
0,44.1333
0,27.1163
0,48.7144
0,47.7647
0,-29.5169
0,32.5542
0,47.4500
0,-7.5550
0,7.9325
0,41.9238
0,51.0500
0,30.4445
0,-4.6278
0,37.3906
0,60.9886
0,48.6833
0,-20.8056
0,-21.8919
0,-13.1819
0,42.0163
0,-0.9417
0,52.7667
0,38.6272
0,56.2000
0,51.2089
0,-9.0483
0,38.8158
0,-27.7728
0,39.1752
0,37.6306
0,50.1814
0,-18.3808
0,28.0597
0,-10.7078
0,40.1655
0,36.9996
0,28.9594
0,20.0000
0,-20.0058
0,39.0955
0,33.3114
0,5.2069
0,13.1744
0,32.0824
0,-20.7728
0,33.7542
0,14.1146
0,18.5583
0,48.6700
0,18.9833
0,18.9833
0,42.5098
0,49.5000
0,41.4833
0,44.6961
0,26.0000
0,47.9972
0,51.1544
0,42.4803
0,34.4383
0,32.4167
0,50.9828
0,36.9375
0,53.7333
0,38.8967
0,-24.9178
0,34.1375
0,29.9437
0,12.5167
0,-20.1019
0,36.1833
0,47.4271
0,48.2025
0,33.5214
0,27.9239
0,41.0075
0,-16.0819
0,49.9511
0,52.4667
0,52.8000
0,9.4644
0,-6.5250
0,31.3557
0,34.6042
0,41.5399
0,51.0000
0,44.8873
0,41.1225
0,14.6833
0,1.4739
0,7.8840
0,50.1058
0,-30.1608
0,36.7909
0,50.0781
0,-20.2500
0,-17.1889
0,-6.2119
0,10.5333
0,43.1300
0,49.5944
0,-28.0228
0,14.7667
0,51.6275
0,10.1210
0,7.6167
0,39.9654
0,35.8731
0,49.3500
0,51.2719
0,-15.8628
0,51.4833
0,39.9264
0,14.3500
0,35.9981
0,10.8833
0,17.7917
0,16.4167
0,41.5667
0,-5.4478
0,-13.4408
0,52.2500
0,10.3804
0,31.6503
0,35.7200
0,51.4000
0,41.9500
0,7.9051
0,29.6493
0,55.2167
0,-8.7600
0,52.8500
0,18.4500
0,32.6640
0,32.5667
0,51.4667
0,-8.6639
0,9.8957
0,41.3818
0,-15.3139
0,50.2699
0,12.3833
0,17.1667
0,48.4633
0,47.0331
0,22.9919
0,39.6339
0,-21.6100
0,47.6458
0,7.8994
0,19.0997
0,45.3603
0,-19.0050
0,-3.1019
0,56.9833
0,35.4480
0,36.1680
0,47.6500
0,31.2108
0,49.7167
0,48.6333
0,-8.9030
0,18.7550
0,51.1011
0,46.6167
0,40.8000
0,49.0403
0,-26.3581
0,37.4688
0,50.0897
0,42.2176
0,-27.6878
0,45.4500
0,56.5833
0,50.7333
0,-3.4260
0,38.8193
0,37.7952
0,37.2833
0,28.2667
0,43.7333
0,30.2782
0,-37.4547
0,42.4843
0,52.3161
0,49.6079
0,49.5667
0,43.0114
0,33.6400
0,34.6931
0,-25.0333
0,-9.4550
0,41.1110
0,38.9476
0,37.7616
0,45.7167
0,55.4220
0,55.6333
0,45.5725
0,24.6168
0,39.6258
0,50.2027
0,52.8500
0,-14.5028
0,37.3408
0,8.7900
0,4.6736
0,42.2237
0,32.3150
0,52.3500
0,-16.3667
0,14.0167
0,9.6622
0,9.7243
0,34.3819
0,28.3500
0,42.8844
0,37.0833
0,38.5264
0,34.2044
0,-20.9908
0,41.5833
0,14.2833
0,55.8833
0,20.6992
0,-32.8342
0,42.0747
0,38.0000
0,3.8100
0,54.2167
0,51.1611
0,-13.4000
0,28.6984
0,26.2663
0,28.1058
0,31.1345
0,32.6787
0,16.2167
0,-17.3739
0,11.9000
0,32.7667
0,56.5610
0,42.4598
0,11.8500
0,60.7167
0,43.1893
0,43.4483
0,31.5261
0,38.4690
0,22.9745
0,41.4368
0,-22.0850
0,41.7806
0,16.0339
0,41.8167
0,-22.2839
0,42.3557
0,39.5333
0,34.1911
0,47.5794
0,-17.8897
0,-35.4167
0,44.0850
0,8.4353
0,39.0437
0,-22.4819
0,41.4485
0,12.5418
0,47.2608
0,-4.3828
0,15.0619
0,-24.2078
0,12.3167
0,17.4000
0,43.1939
0,1.2864
0,51.1800
0,42.5609
0,-25.2600
0,42.3364
0,42.1750
0,-29.1175
0,47.9961
0,32.6412
0,53.6990
0,9.9532
0,45.4200
0,10.6419
0,12.4833
0,-16.8050
0,48.8788
0,41.6767
0,27.6164
0,13.7850
0,44.1053
0,11.6500
0,39.8639
0,48.4824
0,50.9147
0,-17.5189
0,40.5167
0,48.1500
0,38.2060
0,53.8266
0,33.4333
0,31.4086
0,-0.7689
0,-21.6789
0,27.3576
0,31.7333
0,41.7918
0,-11.7458
0,9.3431
0,52.1272
0,40.5550
0,14.6500
0,33.2075
0,50.1437
0,8.1892
0,-21.7050
0,52.2000
0,20.5333
0,53.3228
0,-10.1497
0,-22.9228
0,48.8806
0,43.5553
0,-41.1806
0,-23.1350
0,42.2431
0,10.1500
0,-18.0364
0,38.9953
0,42.4741
0,57.4833
0,48.3167
0,-22.0789
0,9.2500
0,36.7427
0,51.4881
0,-23.5328
0,38.5986
0,48.3444
0,58.3167
0,18.1500
0,-6.9628
0,22.2806
0,38.7601
0,42.9667
0,48.2667
0,46.5444
0,52.8592
0,2.6233
0,43.5464
0,-6.8739
0,21.2794
0,24.5925
0,48.4167
0,40.9954
0,46.8917
0,7.8530
0,51.1708
0,42.1667
0,12.7500
0,46.1911
0,41.5381
0,-23.3469
0,39.5061
0,52.7667
0,-21.4423
0,7.8269
0,42.1899
0,-27.3439
0,47.7516
0,29.2000
0,40.5730
0,44.6573
0,34.7015
0,55.6550
0,51.2833
0,-28.3589
0,52.7500
0,15.1000
0,47.4394
0,37.9356
0,49.2615
0,40.7833
0,16.9972
0,53.4016
0,15.6565
0,8.5692
0,11.6333
0,-33.0333
0,-7.7369
0,53.6500
0,36.3880
0,33.0166
0,44.7318
0,40.4260
0,-29.2358
0,9.1997
0,22.9306
0,46.2561
0,-7.7450
0,35.7056
0,46.3103
0,36.2667
0,52.6404
0,-30.3878
0,40.3377
0,53.8690
0,41.3351
0,12.9667
0,40.8500
0,26.4497
0,-15.8519
0,34.9386
0,58.3500
0,51.1431
0,51.0167
0,39.7936
0,14.0716
0,39.9756
0,41.3666
0,47.0914
0,35.7033
0,55.7333
0,52.7833
0,48.2167
0,32.2167
0,41.6460
0,7.0014
0,-8.3758
0,47.2303
0,2.0250
0,30.3261
0,29.3833
0,-19.1719
0,16.5167
0,42.1236
0,35.3917
0,37.1936
0,47.5189
0,40.8822
0,14.2308
0,48.7136
0,51.0048
0,49.7500
0,-40.9667
0,39.1639
0,47.7667
0,36.0448
0,48.4000
0,47.8256
0,37.4758
0,54.4742
0,-20.3578
0,50.8167
0,54.9089
0,35.5183
0,-13.2289
0,15.0272
0,37.8206
0,8.0333
0,38.3242
0,53.2500
0,-5.8369
0,45.4333
0,-17.2333
0,13.0333
0,45.0377
0,47.8639
0,41.8500
0,29.0258
0,14.7647
0,54.2833
0,52.1750
0,31.0525
0,-14.8289
0,-38.9772
0,47.8333
0,49.1900
0,50.8233
0,9.8333
0,37.5833
0,53.2396
0,47.5580
0,-3.9833
0,37.4833
0,-6.3289
0,8.7437
0,30.6187
0,25.9017
0,11.2167
0,36.8167
0,53.2500
0,-33.5667
0,52.2617
0,36.7475
0,43.7667
0,45.6960
0,3.5897
0,26.4727
0,32.5370
0,-33.5500
0,31.1169
0,35.0708
0,48.1000
0,33.5448
0,32.6267
0,38.5866
0,34.0566
0,46.8014
0,59.7336
0,-38.8167
0,33.2418
0,6.5564
0,-12.8878
0,15.2500
0,52.0331
0,42.9073
0,42.0423
0,-12.5058
0,11.5667
0,43.1800
0,42.9494
0,13.9226
0,61.0667
0,36.6812
0,-12.3169
0,41.3864
0,50.7167
0,44.1136
0,49.4718
0,54.6833
0,45.4511
0,50.2000
0,12.5689
0,43.8667
0,53.8397
0,24.8304
0,39.7665
0,45.0658
0,-22.5808
0,46.8290
0,55.0500
0,53.2590
0,48.6667
0,-20.1839
0,-15.6178
0,47.9531
0,-3.2289
0,8.2233
0,42.4518
0,6.9092
0,5.2519
0,11.1500
0,43.8342
0,-27.1939
0,45.8889
0,50.4088
0,55.8000
0,51.5161
0,38.7178
0,36.1833
0,48.1500
0,10.7833
0,37.4129
0,36.2943
0,35.9307
0,42.6140
0,44.3833
0,36.7500
0,25.1494
0,20.9092
0,35.6303
0,34.6211
0,15.0000
0,42.9153
0,48.5367
0,46.1697
0,30.5217
0,47.7466
0,42.3666
0,47.4659
0,36.7167
0,41.2696
0,51.0953
0,37.1487
0,44.0633
0,42.9687
0,48.2289
0,9.9167
0,40.9000
0,54.5900
0,22.4164
0,47.3553
0,45.9192
0,48.5519
0,-7.8658
0,41.7662
0,7.8088
0,53.7970
0,33.9667
0,33.6404
0,53.5639
0,37.8667
0,50.2322
0,38.0674
0,21.1781
0,-9.9000
0,10.8500
0,18.9011
0,61.3139
0,52.3247
0,38.0605
0,53.5850
0,52.2725
0,46.2200
0,26.5000
0,21.0308
0,-19.2739
0,8.0836
0,53.1258
0,19.3333
0,29.8153
0,40.0641
0,44.5700
0,41.6857
0,40.8369
0,36.0839
0,41.6476
0,45.6667
0,41.1528
0,45.5467
0,4.9333
0,36.5333
0,9.3703
0,-13.6869
0,-17.7319
0,45.4362
0,40.5000
0,53.0206
0,14.3500
0,40.6734
0,41.3635
0,40.3583
0,54.1961
0,42.9407
0,-22.6058
0,37.2915
0,7.2433
0,30.4249
0,51.2000
0,37.0453
0,16.4316
0,48.6333
0,15.4833
0,50.0117
0,9.6210
0,44.4239
0,50.8690
0,19.7167
0,37.8364
0,41.1395
0,51.0247
0,24.8098
0,41.5469
0,37.1411
0,45.5333
0,33.8560
0,41.9807
0,47.5900
0,31.2100
0,50.7836
0,40.7266
0,4.5808
0,49.5995
0,37.4333
0,46.3297
0,52.5264
0,9.5611
0,43.6369
0,-11.6258
0,12.2605
0,13.8664
0,49.3833
0,49.3956
0,-13.6258
0,38.7627
0,-2.8939
0,49.3181
0,26.6210
0,20.7653
0,33.5941
0,41.0108
0,20.4242
0,52.3333
0,45.7000
0,-37.6103
0,55.9000
0,45.5000
0,35.7754
0,40.1759
0,-32.8167
0,48.3525
0,12.4833
0,27.5805
0,33.0333
0,38.0028
0,8.0167
0,20.9531
0,-5.5096
0,47.8635
0,18.7811
0,5.8444
0,-11.1758
0,-22.8378
0,41.6284
0,3.6231
0,34.5424
0,48.1117
0,7.9667
0,-3.7458
0,41.8333
0,30.4729
0,-37.6750
0,38.4833
0,-16.6233
0,48.9861
0,44.4081
0,14.5667
0,1.6800
0,44.4550
0,59.7000
0,18.5797
0,7.8500
0,23.2524
0,41.5485
0,51.9656
0,38.0264
0,35.9500
0,55.9420
0,36.2076
0,48.0746
0,14.1012
0,40.7964
0,38.9874
0,36.8770
0,50.9081
0,0.3325
0,43.4869
0,41.6990
0,51.6846
0,47.9128
0,44.3800
0,-13.2750
0,51.5717
0,35.0062
0,1.8158
0,51.8828
0,-25.7789
0,-20.4419
0,35.7200
0,46.7167
0,40.7960
0,42.8030
0,44.7000
0,46.4847
0,48.0939
0,50.7250
0,38.7872
0,19.6493
0,39.6520
0,3.6504
0,34.9016
0,13.2000
0,43.6465
0,44.0986
0,41.2399
0,51.7008
0,28.1396
0,19.8144
0,37.8514
0,34.9157
0,15.6667
0,36.4452
0,41.3345
0,41.1973
0,32.2083
0,18.4410
0,11.7667
0,39.8167
0,38.8029
0,30.5261
0,41.3536
0,41.7287
0,42.8566
0,-14.4089
0,10.6500
0,54.4000
0,44.9094
0,40.7704
0,48.0253
0,-27.1578
0,49.7333
0,44.5317
0,43.8340
0,39.8890
0,7.8000
0,33.9890
0,48.6933
0,4.4033
0,35.1944
0,-3.6328
0,41.6827
0,-26.4128
0,36.6167
0,50.2908
0,59.6217
0,41.0435
0,-22.7889
0,36.0608
0,51.3000
0,40.5070
0,42.0000
0,39.4343
0,52.2500
0,8.9597
0,-15.2928
0,43.2756
0,45.1679
0,44.3341
0,51.4300
0,37.2667
0,12.1335
0,38.9091
0,-23.0744
0,35.4987
0,33.1435
0,33.4725
0,51.1344
0,40.7158
0,2.7719
0,26.1504
0,-21.7139
0,53.5174
0,8.0667
0,54.9333
0,41.4094
0,58.3630
0,8.5578
0,47.5167
0,50.1434
0,42.0340
0,49.1333
0,1.5700
0,5.7000
0,41.5737
0,48.4311
0,41.5667
0,40.2811
0,21.2167
0,-3.8939
0,56.3419
0,37.3531
0,38.8158
0,45.4000
0,52.9333
0,-1.1950
0,65.7336
0,58.6667
0,-15.1553
0,47.5142
0,50.3167
0,-16.4608
0,-8.9089
0,-18.9633
0,19.7194
0,58.0667
0,47.6788
0,50.9333
0,51.6622
0,-43.5960
0,50.0441
0,40.2740
0,33.5156
0,-3.5328
0,41.6028
0,55.9500
0,59.2011
0,36.1844
0,37.2747
0,36.7278
0,63.5611
0,12.3667
0,51.3833
0,51.2370
0,41.9174
0,0.0719
0,-33.5333
0,41.0117
0,16.9167
0,49.9894
0,28.2110
0,25.7716
0,65.8497
0,51.7286
0,48.7018
0,40.1505
0,42.1000
0,53.3492
0,47.6667
0,51.8553
0,27.8511
0,32.6594
0,32.5681
0,12.2500
0,34.1617
0,-21.9769
0,8.8000
0,32.8560
0,-26.1900
0,-8.2378
0,11.0333
0,9.8167
0,-8.8978
0,39.0667
0,-33.3167
0,40.7154
0,53.3599
0,40.7810
0,51.6980
0,-14.5928
0,43.4225
0,44.9901
0,-9.5358
0,3.7244
0,8.5583
0,14.0810
0,45.6958
0,47.2156
0,33.6833
0,-2.4089
0,40.3854
0,36.4667
0,49.1500
0,31.1770
0,42.1194
0,31.4667
0,52.2667
0,44.5833
0,-8.8550
0,16.7914
0,34.0601
0,37.3833
0,8.1500
0,-22.7550
0,38.8052
0,63.0750
0,43.0587
0,33.6000
0,-8.9639
0,-14.6778
0,37.1992
0,19.7333
0,51.0953
0,41.8832
0,14.2448
0,-29.4478
0,16.0465
0,5.8728
0,1.5164
0,32.7624
0,-22.6508
0,-26.3358
0,44.5000
0,37.4500
0,53.7333
0,43.8667
0,51.4703
0,-20.4728
0,-25.9800
0,41.9497
0,46.0667
0,50.3386
0,43.1290
0,13.8667
0,41.0500
0,50.4000
0,-20.1794
0,41.6160
0,62.6167
0,-28.9708
0,41.0786
0,49.2167
0,41.3133
0,43.7100
0,35.4794
0,47.8968
0,51.3647
0,41.9171
0,50.8333
0,29.7904
0,31.7127
0,56.0147
0,52.0436
0,44.6500
0,13.6000
0,35.4483
0,53.7567
0,16.1500
0,7.9667
0,38.1097
0,51.9681
0,43.8828
0,11.4167
0,42.2689
0,-7.5158
0,9.8311
0,41.9015
0,47.0250
0,-12.8469
0,-19.1128
0,49.2389
0,-11.7197
0,42.9189
0,51.2833
0,39.7292
0,43.4106
0,41.2000
0,39.4667
0,47.6663
0,42.9851
0,42.8833
0,33.8722
0,48.4500
0,50.3286
0,-11.5108
0,55.9357
0,-7.2333
0,-21.5331
0,38.9819
0,22.7819
0,51.0167
0,9.8011
0,30.2612
0,19.6031
0,-30.7833
0,51.8939
0,41.7447
0,51.4008
0,48.7780
0,41.5377
0,37.4509
0,51.1333
0,51.3667
0,44.0900
0,9.1586
0,40.5964
0,51.4560
0,43.3369
0,14.6363
0,18.1667
0,35.3041
0,41.7500
0,44.6131
0,20.7803
0,-6.6878
0,51.1858
0,43.4553
0,52.7333
0,10.8500
0,41.8000
0,41.6077
0,-21.0908
0,51.6497
0,47.0200
0,38.3221
0,27.7864
0,39.9190
0,-10.7078
0,61.8639
0,33.9042
0,42.1000
0,44.6364
0,-21.1900
0,37.4500
0,-6.3378
0,-7.1769
0,53.1080
0,45.5167
0,-9.3967
0,40.7000
0,49.2167
0,37.9766
0,53.4500
0,5.8747
0,-30.4333
0,1.0294
0,10.4325
0,-6.4328
0,30.4620
0,47.4108
0,39.3611
0,-7.9358
0,38.4361
0,43.4674
0,44.9927
0,5.8744
0,13.5004
0,-16.2125
0,41.3058
0,49.1100
0,53.7167
0,36.8167
0,41.8864
0,9.0225
0,1.5694
0,1.9131
0,39.5611
0,23.1427
0,44.5195
0,50.3197
0,48.2269
0,56.2500
0,39.1941
0,49.9484
0,49.1441
0,8.4333
0,60.1000
0,-14.8661
0,64.9147
0,51.0667
0,47.9667
0,47.9096
0,45.8436
0,-28.5178
0,40.2886
0,35.4239
0,30.7735
0,44.0771
0,-6.2439
0,49.2500
0,52.9833
0,38.8815
0,52.4000
0,32.2878
0,36.4311
0,49.8683
0,28.3500
0,36.5643
0,-31.9000
0,36.7469
0,39.2994
0,43.3986
0,42.5447
0,47.5333
0,41.2333
0,-22.1089
0,7.6667
0,40.9135
0,34.8190
0,37.6192
0,38.9802
0,53.2524
0,53.5167
0,2.5103
0,9.5288
0,40.7007
0,35.7250
0,-23.6028
0,10.4500
0,28.6500
0,56.0128
0,23.1394
0,42.8333
0,34.7356
0,12.8667
0,31.2500
0,33.0474
0,47.6900
0,-6.7500
0,42.9955
0,40.0963
0,60.8833
0,28.8815
0,-7.2128
0,53.7920
0,28.8560
0,-14.0208
0,41.5239
0,11.2667
0,41.5977
0,24.5067
0,54.8333
0,-21.9796
0,30.2011
0,47.5189
0,42.1921
0,57.4500
0,-20.9731
0,-22.5539
0,45.5906
0,42.1905
0,36.0089
0,18.2333
0,20.1803
0,41.2395
0,-21.1333
0,34.1610
0,5.6092
0,39.3333
0,39.4241
0,-21.7203
0,52.0680
0,-34.2900
0,48.8036
0,37.2000
0,45.7765
0,41.6833
0,32.2148
0,-18.8708
0,-15.1169
0,42.9420
0,8.2958
0,51.3490
0,33.5967
0,50.6167
0,-11.9600
0,6.6386
0,41.4817
0,42.0455
0,40.3660
0,45.8777
0,53.6028
0,37.8572
0,42.9253
0,45.6797
0,62.3167
0,-21.9167
0,35.9260
0,9.6227
0,4.6142
0,35.9167
0,37.8174
0,34.9973
0,51.1167
0,40.8387
0,44.1167
0,47.3668
0,22.1475
0,1.9750
0,57.8787
0,11.4667
0,35.0742
0,16.5000
0,42.2357
0,39.8525
0,38.7333
0,43.3341
0,39.6106
0,-25.4333
0,7.8205
0,-21.1869
0,39.7034
0,39.8431
0,40.2891
0,47.1791
0,-3.1308
0,-13.5378
0,13.7167
0,53.3620
0,51.4719
0,68.7989
0,5.2158
0,-50.3395
0,29.4546
0,47.8479
0,45.7422
0,39.5969
0,53.9194
0,51.3177
0,56.1167
0,8.6667
0,47.8056
0,50.1833
0,40.2500
0,5.9267
0,50.7333
0,60.6494
0,45.4333
0,14.3833
0,38.3456
0,-10.7428
0,-29.4008
0,31.3094
0,38.4296
0,-21.7108
0,12.0000
0,49.2775
0,10.4167
0,44.2500
0,-21.9769
0,48.4525
0,39.3807
0,-0.6000
0,8.5667
0,51.0600
0,55.2333
0,53.0500
0,52.0050
0,-35.5750
0,55.7167
0,34.6167
0,10.6106
0,37.9458
0,56.5000
0,30.4263
0,29.8876
0,53.1500
0,40.3499
0,50.4833
0,43.0198
0,45.3800
0,40.0556
0,39.7804
0,35.0108
0,-16.2228
0,45.3619
0,39.4793
0,49.5627
0,44.5667
0,41.0003
0,42.5266
0,-6.3708
0,37.7000
0,45.3642
0,48.9839
0,49.9489
0,39.5350
0,19.7539
0,4.2075
0,41.8426
0,22.2167
0,9.6000
0,69.4000
0,48.2456
0,40.5650
0,-13.6593
0,-36.9759
0,-21.9758
0,44.3978
0,55.6667
0,17.5333
0,45.6833
0,34.0510
0,45.4447
0,45.0333
0,9.7500
0,46.8467
0,-12.7408
0,-30.1200
0,45.4667
0,-8.5006
0,-20.4283
0,34.6152
0,20.4266
0,53.5333
0,52.6653
0,-40.9167
0,49.9041
0,52.0831
0,7.7333
0,52.1333
0,-18.5204
0,49.3500
0,14.3082
0,45.7099
0,41.8011
0,-23.7850
0,43.2667
0,36.0167
0,45.7808
0,-7.7900
0,40.8439
0,27.7618
0,-6.4078
0,47.8683
0,36.5647
0,50.6825
0,32.5000
0,19.3208
0,-27.1378
0,48.0678
0,40.6667
0,39.8094
0,57.2833
0,55.5833
0,-6.1308
0,50.1081
0,34.5170
0,49.3861
0,34.0506
0,45.0374
0,-14.3128
0,48.8000
0,8.9999
0,34.8821
0,51.3922
0,31.8436
0,47.8631
0,5.4919
0,45.6000
0,9.5258
0,-46.8000
0,27.7607
0,29.5521
0,48.4064
0,1.4933
0,53.0990
0,54.9667
0,38.6111
0,-1.8795
0,2.8464
0,38.6984
0,44.9475
0,60.9083
0,36.0319
0,42.9575
0,28.3150
0,68.1500
0,61.2667
0,25.3500
0,19.5283
0,34.8658
0,39.6188
0,59.4172
0,50.4331
0,49.2422
0,36.0465
0,46.1753
0,49.3500
0,39.9849
0,39.6167
0,43.0769
0,50.6242
0,36.5000
0,41.2636
0,-15.3078
0,11.1856
0,28.3611
0,28.1864
0,39.9709
0,46.0167
0,-11.9578
0,-13.2678
0,42.8800
0,41.1833
0,52.6560
0,38.4468
0,28.3333
0,33.5486
0,9.4167
0,43.7750
0,47.4016
0,14.4333
0,43.7667
0,39.1222
0,9.1333
0,43.6500
0,36.6146
0,36.7303
0,10.5000
0,39.7406
0,50.2500
0,-31.6327
0,50.8117
0,49.3632
0,40.9000
0,-20.5339
0,42.0819
0,20.2756
0,51.7590
0,48.9703
0,17.3043
0,39.0763
0,48.6806
0,-2.5139
0,-8.7578
0,38.8800
0,36.4583
0,22.7814
0,42.3402
0,60.6331
0,50.9989
0,11.0800
0,53.5833
0,10.0003
0,-8.1339
0,-31.4478
0,51.2853
0,15.9183
0,-23.0508
0,42.9120
0,34.6794
0,31.7453
0,45.6486
0,-9.5669
0,9.9667
0,43.6950
0,14.0500
0,42.5845
0,48.7833
0,41.3531
0,51.8572
0,51.5125
0,50.8647
0,48.8500
0,41.2998
0,34.9078
0,-8.3578
0,44.5206
0,48.3159
0,40.8308
0,51.7190
0,21.1547
0,39.4251
0,-17.9869
0,13.8437
0,11.1833
0,41.5199
0,59.6603
0,41.1667
0,-19.5162
0,60.7957
0,48.8306
0,46.7475
0,41.2443
0,49.9639
0,51.0944
0,-17.1658
0,53.5333
0,11.7000
0,39.5111
0,8.3538
0,53.5167
0,-8.4858
0,41.6562
0,38.1150
0,-8.8400
0,-9.7795
0,45.5926
0,32.3833
0,40.7472
0,8.1833
0,34.8167
0,34.9353
0,31.0275
0,52.9901
0,58.6000
0,-21.3758
0,52.1667
0,27.7500
0,40.0167
0,53.7167
0,41.6833
0,32.5359
0,19.6593
0,41.3123
0,33.8833
0,43.3329
0,38.4333
0,51.9925
0,51.1061
0,47.4729
0,36.2979
0,56.0906
0,1.9499
0,45.1039
0,-30.9442
0,-37.8833
0,-4.5639
0,-24.2808
0,50.6553
0,41.3000
0,-23.8739
0,41.2167
0,43.4000
0,39.5000
0,22.8500
0,23.9167
0,-34.1267
0,43.4000
0,13.9833
0,51.8974
0,30.2337
0,38.7490
0,33.2206
0,48.1698
0,-14.6728
0,43.9007
0,45.9541
0,41.0667
0,-9.2608
0,45.1220
0,27.7556
0,39.4817
0,51.5207
0,34.6958
0,42.4991
0,33.0186
0,51.8792
0,-8.4319
0,48.7325
0,47.9211
0,45.2653
0,47.2969
0,33.7492
0,32.1333
0,38.4705
0,1.5039
0,14.5138
0,41.6114
0,37.0361
0,8.9167
0,0.1272
0,8.3411
0,39.4000
0,7.8509
0,38.1796
0,32.8022
0,50.5800
0,41.1516
0,37.4833
0,37.1667
0,12.7120
0,51.9597
0,45.2977
0,4.8697
0,53.2333
0,52.3981
0,13.1642
0,39.9784
0,-28.6278
0,45.6053
0,42.6513
0,52.5167
0,53.8489
0,57.3333
0,51.3667
0,-19.5139
0,37.4667
0,39.4861
0,42.0833
0,45.6133
0,52.4661
0,42.1667
0,42.7000
0,41.7652
0,44.1997
0,55.5764
0,53.5747
0,10.4300
0,47.6681
0,42.3757
0,26.7000
0,6.0456
0,45.5000
0,8.4785
0,41.5723
0,50.7000
0,-2.4489
0,26.8933
0,41.2457
0,14.9877
0,47.4481
0,50.8167
0,38.6083
0,50.3506
0,38.0368
0,32.7781
0,36.7632
0,32.3255
0,41.1837
0,48.5322
0,-6.4850
0,-28.6150
0,47.4749
0,41.4969
0,43.1646
0,-11.6000
0,48.7184
0,50.6547
0,-22.1508
0,43.2419
0,52.2972
0,43.9411
0,36.8064
0,42.7167
0,-26.0700
0,50.4999
0,32.1154
0,45.6758
0,53.6807
0,51.3833
0,-15.8978
0,40.0360
0,21.6667
0,50.1333
0,33.4871
0,55.5333
0,48.6333
0,-17.0719
0,-10.1858
0,39.7014
0,-1.8167
0,7.9564
0,41.7138
0,53.3647
0,17.0667
0,4.2392
0,47.1775
0,50.4167
0,50.1872
0,25.6988
0,41.1593
0,36.8936
0,40.8668
0,41.2667
0,10.8833
0,37.3833
0,35.2297
0,42.6500
0,49.8821
0,47.2186
0,16.7667
0,51.5603
0,30.4019
0,-23.4386
0,43.6000
0,40.3188
0,-9.5319
0,6.6000
0,44.6761
0,38.5696
0,42.2633
0,36.3259
0,44.9267
0,53.0180
0,16.7333
0,39.1241
0,58.4667
0,53.1400
0,51.8297
0,40.3955
0,41.3500
0,34.1510
0,53.6992
0,44.4475
0,33.7301
0,41.3869
0,37.1206
0,42.2870
0,41.9367
0,37.2659
0,47.6092
0,45.0433
0,8.5500
0,47.9181
0,48.9881
0,59.5208
0,40.8792
0,11.4167
0,-29.5908
0,52.4117
0,51.9333
0,47.6333
0,10.4500
0,11.8353
0,32.5550
0,44.5703
0,53.4450
0,-4.3800
0,44.8505
0,42.2437
0,37.0639
0,41.6572
0,41.5327
0,56.2465
0,51.7779
0,52.8931
0,-17.4806
0,48.2842
0,39.3900
0,43.9194
0,38.5499
0,40.7394
0,20.6000
0,22.9833
0,27.8868
0,26.5240
0,24.7333
0,43.5911
0,38.4592
0,33.8333
0,51.9819
0,27.3649
0,39.6323
0,50.8320
0,27.4540
0,40.7222
0,-6.5578
0,-29.6833
0,40.6515
0,51.2333
0,31.9053
0,21.3472
0,-11.7108
0,39.4842
0,43.2343
0,53.6872
0,48.6217
0,47.2989
0,-10.2833
0,-4.7128
0,-14.6119
0,13.7500
0,-15.6600
0,-9.6450
0,-20.7950
0,45.7477
0,53.2590
0,40.8699
0,29.6244
0,37.2833
0,21.4756
0,-2.7939
0,53.5406
0,-32.2394
0,-6.4796
0,48.0200
0,45.5333
0,51.3422
0,33.8563
0,33.6781
0,-4.4078
0,39.9373
0,42.2833
0,-21.5147
0,45.4889
0,51.2167
0,36.0828
0,13.6500
0,30.2286
0,45.8333
0,43.0417
0,57.6833
0,51.0500
0,44.8876
0,41.6528
0,9.1059
0,32.4333
0,-41.0636
0,43.2191
0,-19.8008
0,-4.2319
0,50.3500
0,-10.3581
0,43.1065
0,42.4592
0,40.9500
0,53.9276
0,-8.1100
0,-23.1333
0,33.6209
0,51.5667
0,18.3461
0,33.7500
0,20.7754
0,34.2097
0,40.8217
0,11.0337
0,5.0337
0,16.2833
0,-20.8639
0,47.1833
0,51.3128
0,14.1850
0,51.8367
0,32.8317
0,41.4703
0,-7.1208
0,31.4500
0,40.6500
0,52.0500
0,47.8753
0,-15.1639
0,50.9667
0,-6.3500
0,50.0596
0,-3.6250
0,31.4800
0,35.5430
0,-20.1508
0,-3.6769
0,43.5390
0,47.4467
0,33.5126
0,44.9018
0,27.1892
0,45.5642
0,35.2695
0,44.8167
0,51.7953
0,41.6406
0,54.7000
0,33.7215
0,62.6042
0,47.3906
0,-22.7306
0,60.2269
0,47.6494
0,-21.3594
0,32.8088
0,37.8808
0,33.2845
0,46.1769
0,19.1667
0,34.1777
0,50.7167
0,51.1881
0,48.2189
0,8.7997
0,26.1811
0,43.7833
0,36.1342
0,-35.1667
0,42.4550
0,58.6208
0,50.9030
0,60.5697
0,40.4517
0,38.1225
0,-20.8722
0,34.7597
0,45.4000
0,42.3887
0,51.0500
0,41.7240
0,50.8547
0,-4.8569
0,45.3593
0,-18.8389
0,42.1955
0,-17.5333
0,11.0178
0,46.4132
0,58.8667
0,41.7141
0,40.8838
0,41.7167
0,43.2192
0,56.0333
0,45.6333
0,8.2777
0,50.8789
0,20.3675
0,-24.6667
0,-11.0689
0,40.1801
0,49.1144
0,40.4265
0,46.8400
0,39.3266
0,39.3618
0,41.3532
0,18.6380
0,39.4880
0,-5.6996
0,43.9017
0,55.8016
0,41.7230
0,36.7333
0,45.6958
0,35.9814
0,52.2056
0,32.5167
0,45.3333
0,49.5000
0,28.2939
0,37.4301
0,52.2394
0,26.9970
0,48.9287
0,32.7640
0,27.7814
0,41.3043
0,-8.1439
0,48.2594
0,32.7600
0,39.1029
0,53.6269
0,41.3865
0,13.2833
0,61.6667
0,47.3167
0,51.9278
0,40.6154
0,36.2886
0,38.8394
0,-20.1239
0,47.8595
0,-34.3500
0,32.4166
0,21.3591
0,36.3483
0,51.3167
0,35.9116
0,32.0308
0,-3.3208
0,43.2137
0,21.8500
0,45.6833
0,16.5667
0,-23.1017
0,-19.5358
0,58.7772
0,36.4667
0,16.9667
0,51.4500
0,41.9640
0,44.5898
0,28.0290
0,45.7000
0,40.3336
0,-22.2208
0,43.2122
0,47.1972
0,-31.6501
0,52.0167
0,38.5077
0,-4.7500
0,36.8035
0,56.5167
0,54.7333
0,41.3500
0,10.7772
0,38.9260
0,50.6333
0,15.2167
0,11.3334
0,47.5833
0,-25.8558
0,40.3581
0,26.4789
0,40.0986
0,45.2333
0,10.5603
0,63.6667
0,42.0883
0,37.1667
0,32.6009
0,53.1421
0,33.6220
0,41.4745
0,-22.2739
0,32.2167
0,48.5919
0,0.7128
0,44.1977
0,43.5378
0,34.3356
0,46.0613
0,41.3747
0,53.1460
0,50.2569
0,-36.3583
0,41.5297
0,9.6500
0,-4.2869
0,-8.7350
0,48.7508
0,17.9833
0,31.7917
0,53.2807
0,48.1667
0,46.7675
0,31.6799
0,-40.6250
0,41.7237
0,36.6618
0,-18.4178
0,37.2667
0,34.4792
0,13.3140
0,45.0573
0,54.2167
0,32.7470
0,40.6167
0,-12.0819
0,51.2186
0,46.0167
0,48.6903
0,59.8086
0,48.3517
0,43.2086
0,48.6586
0,45.0500
0,50.8858
0,45.8936
0,44.8828
0,50.9072
0,41.5034
0,43.5656
0,51.3500
0,52.3236
0,61.2028
0,-23.4706
0,48.1103
0,40.4456
0,-29.2269
0,22.7439
0,54.3399
0,48.5737
0,-8.7208
0,-2.8639
0,46.3553
0,31.4957
0,50.9833
0,51.8333
0,-0.1150
0,62.4709
0,-13.4108
0,42.2552
0,42.7525
0,50.7422
0,43.6808
0,-11.2289
0,52.1900
0,37.1411
0,35.3721
0,40.3690
0,11.2672
0,55.0430
0,-29.6508
0,19.9445
0,43.4833
0,6.5333
0,51.3847
0,41.3379
0,34.9478
0,63.7167
0,38.3883
0,33.3470
0,36.8153
0,51.1167
0,47.8650
0,51.8931
0,37.6418
0,47.3228
0,17.3715
0,52.2608
0,16.9953
0,50.9890
0,-18.9178
0,51.0497
0,-17.7147
0,49.7017
0,52.2167
0,44.4622
0,54.0333
0,52.1140
0,48.0189
0,-4.1419
0,51.9833
0,47.4383
0,41.7438
0,28.4868
0,38.6760
0,41.0354
0,43.1667
0,37.3833
0,51.1058
0,35.4175
0,14.6536
0,29.4834
0,37.7773
0,40.8124
0,16.5833
0,52.6810
0,50.3333
0,35.9484
0,29.9750
0,37.2000
0,47.6708
0,60.7333
0,49.7575
0,41.1830
0,52.5833
0,44.8042
0,60.3764
0,45.6231
0,47.8083
0,53.6484
0,40.8156
0,44.4883
0,50.0687
0,41.5095
0,-26.3700
0,47.8333
0,42.2380
0,-24.7150
0,16.8206
0,-5.0739
0,-11.0319
0,45.5197
0,43.9667
0,47.8500
0,51.0000
0,25.6539
0,43.5700
0,-23.8739
0,51.3588
0,29.1718
0,-13.8128
0,40.2083
0,45.5719
0,47.7603
0,-26.1058
0,52.7025
0,50.7154
0,9.9167
0,23.4558
0,54.0658
0,-32.4267
0,34.4818
0,36.7000
0,-24.1128
0,51.9867
0,-14.1839
0,45.2653
0,40.7432
0,43.9278
0,-17.0819
0,47.9361
0,-24.3208
0,35.7823
0,37.3333
0,40.6556
0,49.9869
0,-20.9072
0,51.2225
0,-23.3886
0,-25.9150
0,-14.9589
0,40.8000
0,36.8517
0,32.8567
0,41.4887
0,44.0617
0,43.5724
0,52.2833
0,44.0083
0,37.2229
0,51.0333
0,7.7239
0,60.5000
0,42.1000
0,-24.5089
0,42.5167
0,14.9667
0,39.6560
0,-7.4389
0,42.1981
0,37.6059
0,24.9692
0,34.6833
0,-14.8818
0,51.3572
0,50.2411
0,-15.7008
0,63.1125
0,18.7433
0,42.0733
0,44.7962
0,57.4333
0,40.0500
0,53.0116
0,33.9957
0,-27.6258
0,43.9000
0,41.7100
0,7.6500
0,42.0333
0,47.6569
0,48.1111
0,49.4100
0,54.9333
0,51.7833
0,50.1797
0,42.1470
0,-3.7728
0,39.2428
0,49.2833
0,45.4667
0,43.0406
0,48.4656
0,-9.0458
0,39.2106
0,51.6667
0,50.3273
0,-29.5500
0,49.5097
0,50.9658
0,-7.5450
0,35.2083
0,51.1617
0,37.9931
0,49.2117
0,39.0109
0,40.8000
0,51.8889
0,53.6833
0,51.8109
0,26.5989
0,16.2783
0,48.5667
0,41.6481
0,35.5072
0,55.3167
0,44.9803
0,11.8438
0,5.9728
0,13.5070
0,-38.1890
0,37.2306
0,-33.6000
0,40.1999
0,-10.4000
0,40.1578
0,20.1039
0,14.7667
0,11.0000
0,-25.6719
0,45.0140
0,51.2336
0,-29.4667
0,-2.0428
0,38.3667
0,31.6345
0,53.2694
0,-11.6600
0,34.3894
0,34.3631
0,29.3000
0,40.4275
0,37.0466
0,-27.0569
0,32.1167
0,41.0937
0,38.6737
0,55.1167
0,6.2592
0,51.7333
0,-12.0167
0,17.3000
0,-32.4494
0,16.2833
0,-8.3589
0,53.6334
0,43.4642
0,-15.8650
0,53.3167
0,25.6650
0,48.6925
0,18.2500
0,42.1625
0,61.4667
0,43.1642
0,-23.0356
0,40.1541
0,43.7225
0,19.5333
0,8.0333
0,12.7778
0,50.6281
0,53.1500
0,49.4219
0,48.0247
0,48.6261
0,51.0000
0,48.5894
0,41.1165
0,32.0000
0,42.3847
0,41.6333
0,36.5083
0,42.4620
0,45.4333
0,7.7850
0,20.8667
0,41.3195
0,-3.1750
0,47.2025
0,52.4167
0,50.7500
0,40.8667
0,37.6167
0,-16.6589
0,12.8339
0,18.3333
0,43.3167
0,-14.9796
0,37.8286
0,-8.4469
0,32.3037
0,-21.9339
0,19.5667
0,36.0697
0,-21.2989
0,51.1167
0,41.0500
0,43.6954
0,-20.2839
0,20.9275
0,47.7400
0,50.7797
0,38.9500
0,-12.5358
0,42.0891
0,-10.7328
0,51.7667
0,49.7517
0,53.2468
0,65.6833
0,44.4333
0,42.3562
0,-29.3758
0,52.5567
0,37.2739
0,46.7031
0,48.7186
0,65.1833
0,40.1735
0,42.6167
0,37.8000
0,27.2213
0,42.2681
0,53.2500
0,47.6906
0,63.9167
0,45.4020
0,49.2153
0,-51.7263
0,-20.9628
0,40.1558
0,39.0433
0,58.7228
0,-21.5289
0,52.0000
0,38.6172
0,44.2229
0,-20.8400
0,40.3419
0,30.5047
0,11.9000
0,51.6200
0,14.8833
0,19.3200
0,43.1497
0,50.7697
0,47.4353
0,37.4994
0,21.0042
0,40.2323
0,43.8236
0,39.5661
0,51.0160
0,41.5494
0,45.4500
0,41.0001
0,26.1274
0,46.6669
0,-35.1170
0,-25.4289
0,13.8000
0,49.4472
0,53.5790
0,31.8021
0,60.4681
0,43.8881
0,44.5778
0,8.0833
0,-4.0278
0,40.9333
0,41.3692
0,-19.4139
0,40.0522
0,35.8017
0,-6.7558
0,48.4667
0,50.4097
0,39.5612
0,53.8470
0,-2.1039
0,39.9682
0,45.6187
0,5.2633
0,-27.2015
0,-7.3333
0,-4.5289
0,47.4796
0,64.8006
0,46.6219
0,-15.4608
0,15.4168
0,50.3571
0,45.6883
0,21.1819
0,66.3167
0,-25.6758
0,34.9262
0,51.8300
0,56.2167
0,59.8081
0,62.4167
0,26.8272
0,-7.5619
0,51.6833
0,47.3167
0,44.2733
0,-20.7333
0,36.3718
0,6.0131
0,51.9886
0,52.4140
0,43.9642
0,41.4833
0,47.5228
0,40.0553
0,48.4126
0,32.7341
0,53.0140
0,4.4578
0,45.2086
0,41.6283
0,50.4258
0,40.5936
0,31.7317
0,33.4167
0,45.9969
0,41.3220
0,48.0500
0,42.3765
0,51.8917
0,11.7333
0,50.8181
0,27.8435
0,51.1000
0,55.7550
0,48.8666
0,41.4636
0,41.9465
0,47.4164
0,-9.5878
0,42.0881
0,49.2667
0,45.4667
0,42.9167
0,-9.6778
0,57.5091
0,39.9456
0,61.7000
0,21.2122
0,50.7117
0,51.5047
0,38.2667
0,-17.8419
0,43.1167
0,14.9658
0,13.4833
0,-2.6450
0,-12.4450
0,41.4431
0,50.7667
0,49.0592
0,48.7661
0,13.7167
0,-22.4883
0,50.0881
0,44.9833
0,-31.4939
0,-10.3200
0,-25.8719
0,53.4636
0,46.2444
0,36.8833
0,9.4581
0,44.6627
0,48.8268
0,51.2061
0,48.1233
0,-11.5469
0,49.7028
0,-6.9308
0,-26.0169
0,19.0006
0,-3.7269
0,-34.2683
0,19.1487
0,5.6331
0,42.2085
0,53.0167
0,53.1167
0,10.9740
0,25.0500
0,16.5833
0,47.7667
0,46.1161
0,34.4314
0,38.8597
0,41.3664
0,51.1000
0,33.6992
0,42.1992
0,41.0486
0,-6.5369
0,-8.5747
0,-11.6939
0,47.7247
0,41.6701
0,46.0637
0,39.7603
0,41.5591
0,45.8403
0,46.4276
0,-6.5550
0,48.6000
0,32.5000
0,37.6500
0,24.6642
0,50.5094
0,-11.6408
0,26.0540
0,-1.7028
0,25.6681
0,16.4523
0,50.2881
0,45.0870
0,51.3203
0,41.1056
0,52.1667
0,-13.1128
0,-12.6600
0,44.2702
0,28.9838
0,20.2000
0,49.4618
0,50.0108
0,44.3542
0,41.3443
0,49.0306
0,34.7667
0,53.4833
0,40.0227
0,45.8000
0,44.1625
0,-5.1139
0,42.1654
0,44.5081
0,-5.4658
0,26.2697
0,39.9520
0,30.7000
0,48.9933
0,39.5796
0,31.9600
0,45.3667
0,57.9333
0,-22.4200
0,47.3531
0,38.6621
0,46.0603
0,49.0873
0,-22.4758
0,-7.8050
0,50.7489
0,29.7428
0,11.7625
0,52.5167
0,35.9825
0,46.1167
0,38.1584
0,41.5000
0,41.3696
0,-4.1389
0,45.3881
0,28.3820
0,31.1591
0,27.0217
0,51.7600
0,-31.2333
0,44.5374
0,51.9039
0,51.5986
0,39.2861
0,8.8000
0,8.2854
0,-4.1939
0,49.2333
0,41.8333
0,63.1105
0,61.0393
0,16.5333
0,48.4878
0,17.9833
0,50.3011
0,34.5197
0,11.1167
0,17.4592
0,34.0629
0,49.3375
0,43.9555
0,52.4446
0,40.4165
0,17.8494
0,13.7270
0,45.9833
0,-10.6000
0,53.3570
0,16.3167
0,10.3778
0,33.7634
0,42.1085
0,29.5000
0,47.0494
0,-26.0269
0,-23.6889
0,-10.2758
0,52.5883
0,47.3855
0,27.8260
0,9.8690
0,-27.1158
0,-20.8728
0,48.9502
0,45.6833
0,44.0881
0,51.9156
0,-34.0231
0,55.4614
0,32.3717
0,37.3000
0,30.4106
0,49.2099
0,15.1800
0,41.5175
0,-13.1519
0,30.2829
0,-2.8728
0,-32.2378
0,-14.9508
0,53.6344
0,31.7475
0,45.5500
0,41.1457
0,44.9261
0,46.7769
0,45.7606
0,45.7333
0,52.3395
0,41.2070
0,32.0247
0,13.6500
0,41.2810
0,46.7200
0,47.3475
0,-6.8300
0,11.5167
0,56.5000
0,49.4261
0,37.5000
0,41.3738
0,18.1500
0,47.7958
0,49.4092
0,-13.0369
0,42.5026
0,45.8275
0,47.0178
0,48.1411
0,40.7877
0,-11.7969
0,53.6378
0,37.5904
0,52.0808
0,34.6566
0,41.6895
0,-15.0378
0,23.6500
0,47.4892
0,50.3761
0,45.5089
0,29.2153
0,7.8167
0,5.7167
0,-12.7608
0,51.9000
0,30.5125
0,13.8667
0,35.1033
0,20.1444
0,39.7839
0,41.4036
0,43.2039
0,42.0655
0,42.8700
0,54.3833
0,-20.8350
0,39.0851
0,42.9119
0,41.4499
0,51.2833
0,9.4500
0,-3.9508
0,24.9232
0,46.3158
0,11.6167
0,-9.8300
0,51.7535
0,59.9871
0,-7.9328
0,48.2500
0,32.4961
0,53.3650
0,52.4167
0,50.9128
0,-6.0339
0,48.7503
0,25.9740
0,40.2417
0,60.3820
0,51.7333
0,29.9653
0,41.9951
0,38.9133
0,-27.2144
0,-7.9028
0,35.3667
0,41.7907
0,16.6667
0,14.8764
0,37.1095
0,39.4692
0,40.8040
0,40.9961
0,-7.8450
0,42.8833
0,-7.0769
0,53.4260
0,-35.1864
0,51.6594
0,36.7500
0,56.1776
0,42.8124
0,58.1418
0,-20.7136
0,51.4000
0,41.6328
0,15.0486
0,-14.8950
0,40.5844
0,52.1667
0,9.6167
0,20.8333
0,41.5444
0,34.3667
0,-5.3100
0,-19.8008
0,44.6611
0,39.8333
0,51.2563
0,32.3979
0,35.3364
0,49.0517
0,25.9644
0,45.0453
0,-21.9950
0,42.1419
0,35.6200
0,37.1229
0,31.1717
0,-7.5908
0,45.4322
0,14.1333
0,31.7544
0,43.1350
0,40.0428
0,36.4943
0,49.1200
0,18.7500
0,47.7358
0,-15.9169
0,56.0120
0,29.7844
0,39.0153
0,62.3000
0,27.2977
0,50.4931
0,36.0140
0,51.5906
0,46.3769
0,16.6333
0,45.1000
0,50.9167
0,11.1333
0,43.7667
0,53.1667
0,-7.3108
0,45.2014
0,39.9934
0,26.9080
0,45.5622
0,34.8522
0,-14.9758
0,43.7981
0,-15.8658
0,35.8231
0,53.9356
0,53.4167
0,42.0031
0,-15.1019
0,46.2500
0,49.5480
0,41.1878
0,47.5185
0,43.1667
0,51.5636
0,-3.9022
0,-11.1542
0,59.5750
0,41.7404
0,-28.6508
0,44.8893
0,-4.4000
0,42.1394
0,47.6200
0,19.4333
0,-0.7500
0,41.4032
0,-5.6278
0,12.5310
0,-23.3861
0,43.8567
0,49.3494
0,46.7333
0,43.0975
0,-5.7328
0,17.8500
0,35.0144
0,-25.2408
0,-4.3719
0,-18.7789
0,43.6091
0,-27.6500
0,45.5543
0,44.5256
0,-31.9667
0,34.4667
0,45.4333
0,32.8390
0,30.1210
0,37.6043
0,40.0186
0,45.2660
0,41.3398
0,52.6370
0,45.4833
0,38.7581
0,38.2497
0,26.2884
0,42.9467
0,32.3833
0,42.3435
0,-37.0167
0,35.6613
0,48.4264
0,50.9833
0,-10.4086
0,47.8333
0,38.7887
0,-6.6019
0,38.5830
0,48.4381
0,53.0667
0,28.4059
0,11.5901
0,42.2129
0,16.5167
0,36.1728
0,50.8997
0,14.1941
0,43.0190
0,9.7167
0,41.8083
0,-32.8000
0,33.7810
0,36.1231
0,54.3378
0,40.6278
0,37.5187
0,-10.9539
0,14.8122
0,41.9593
0,9.7500
0,50.5453
0,41.6581
0,43.4690
0,35.2478
0,50.0688
0,52.6000
0,37.0150
0,-23.8619
0,-21.2750
0,18.0500
0,28.0080
0,39.4775
0,43.4050
0,52.8000
0,-9.1269
0,53.8554
0,49.9646
0,-5.0569
0,-32.7564
0,51.3867
0,40.4721
0,43.3547
0,33.8186
0,40.7500
0,10.0167
0,33.9931
0,45.9167
0,52.6500
0,-22.2919
0,-6.2378
0,33.4500
0,-9.3828
0,53.3250
0,31.8194
0,7.3903
0,33.8184
0,43.3831
0,51.0761
0,47.4000
0,38.9667
0,51.9833
0,29.8447
0,-6.7289
0,11.1667
0,40.9964
0,-14.0669
0,38.9964
0,26.4765
0,8.6892
0,39.0833
0,13.4358
0,40.2000
0,48.2167
0,32.7419
0,42.1295
0,26.8394
0,50.7470
0,51.0589
0,30.6642
0,30.8194
0,20.4674
0,25.9330
0,45.6194
0,40.8815
0,21.1272
0,-7.0678
0,27.8700
0,18.1519
0,40.1040
0,39.9333
0,50.7525
0,49.5217
0,44.5000
0,-24.1850
0,45.2333
0,-19.0369
0,54.5805
0,40.6686
0,52.6500
0,8.6000
0,55.6147
0,35.9096
0,-2.1200
0,51.1264
0,-9.6844
0,38.5117
0,38.7760
0,52.5167
0,14.2532
0,58.3833
0,41.1842
0,-28.7119
0,40.5004
0,53.3850
0,43.1848
0,20.4000
0,32.4719
0,52.3344
0,14.0000
0,39.7097
0,51.5000
0,-2.4697
0,34.2833
0,-24.6925
0,-5.6128
0,44.2124
0,-17.5258
0,45.4156
0,14.1083
0,53.5042
0,40.9902
0,51.1498
0,52.6160
0,30.1585
0,30.4082
0,44.9222
0,33.8789
0,10.1960
0,49.2667
0,37.2833
0,32.7554
0,55.7930
0,48.1208
0,56.1825
0,-23.1808
0,49.2833
0,-22.7228
0,5.9639
0,-24.8239
0,60.1912
0,35.4167
0,34.8069
0,-2.6358
0,35.7918
0,41.3308
0,40.7333
0,40.8167
0,34.7683
0,46.8000
0,-31.9567
0,37.5777
0,7.8833
0,55.9900
0,48.6981
0,36.0608
0,52.2953
0,38.2833
0,35.9527
0,49.3589
0,-46.5500
0,39.3831
0,52.9960
0,47.5533
0,-3.3339
0,51.9667
0,-12.7278
0,46.9061
0,39.0394
0,55.1333
0,42.4017
0,-23.3972
0,14.6206
0,-28.4592
0,41.6353
0,35.0968
0,24.6011
0,41.2250
0,-30.9500
0,40.5929
0,33.3456
0,-2.2325
0,47.1931
0,54.5350
0,50.8420
0,-27.0508
0,37.8439
0,36.2861
0,41.7904
0,37.4420
0,54.0000
0,-13.4869
0,15.7500
0,8.6603
0,-20.5828
0,-27.2578
0,30.4138
0,4.3500
0,-28.2225
0,40.3653
0,35.5307
0,52.5867
0,44.5392
0,52.2459
0,28.7921
0,27.0782
0,-2.4695
0,39.8741
0,9.9771
0,45.7796
0,46.2918
0,-11.1000
0,43.3481
0,13.8174
0,40.1125
0,53.7898
0,42.0627
0,9.7000
0,-13.5458
0,32.6314
0,42.8182
0,36.6718
0,40.7823
0,49.1597
0,-7.4819
0,42.2573
0,20.8834
0,38.7250
0,33.2184
0,50.7022
0,38.7553
0,42.2567
0,-44.0330
0,20.1297
0,50.6167
0,38.0833
0,45.6000
0,49.2339
0,40.3833
0,48.9797
0,16.1000
0,-2.6208
0,-24.2208
0,12.6287
0,39.9543
0,44.3833
0,15.2128
0,-27.9956
0,33.7436
0,2.0833
0,31.2414
0,31.8514
0,13.4333
0,43.6547
0,69.1983
0,40.7586
0,-5.8950
0,28.6295
0,37.2333
0,13.6575
0,-5.8900
0,29.9101
0,53.8500
0,40.2758
0,-37.2463
0,19.2167
0,50.4297
0,41.6464
0,52.1243
0,39.3026
0,36.4008
0,41.8005
0,41.7667
0,36.5483
0,13.0667
0,-27.1489
0,33.9330
0,50.5486
0,-3.3958
0,52.1992
0,41.9361
0,40.7495
0,5.4906
0,30.7000
0,40.6743
0,-6.7469
0,41.6741
0,-6.2408
0,-4.0696
0,37.3000
0,-10.7408
0,43.4058
0,-37.8778
0,48.6747
0,41.3948
0,39.0722
0,47.4688
0,40.1986
0,35.0323
0,-19.7606
0,42.2255
0,-8.5000
0,35.3697
0,43.5644
0,40.9284
0,51.1081
0,40.1115
0,43.7034
0,45.4333
0,50.0097
0,51.2278
0,36.1285
0,9.7167
0,12.6667
0,-40.2250
0,34.9667
0,42.4333
0,40.9049
0,51.7511
0,10.9000
0,50.0000
0,43.1192
0,42.1981
0,30.5818
0,32.3778
0,36.9550
0,53.7500
0,-18.5489
0,41.6804
0,14.4878
0,30.1690
0,51.0900
0,45.2099
0,48.2264
0,50.5786
0,56.1960
0,-24.1569
0,43.6108
0,48.2667
0,44.0308
0,47.0196
0,37.6375
0,41.0000
0,42.8530
0,54.3667
0,32.5500
0,33.6333
0,48.0756
0,51.3600
0,37.7173
0,34.4868
0,41.1023
0,-21.8025
0,41.0957
0,45.5333
0,43.6103
0,39.1016
0,34.9158
0,51.5158
0,43.2553
0,41.5175
0,44.1778
0,27.6463
0,19.4189
0,42.1000
0,34.6837
0,17.9540
0,49.3000
0,60.8167
0,53.1167
0,47.6472
0,38.7884
0,32.4697
0,54.1167
0,50.8756
0,43.2295
0,-38.0167
0,45.5897
0,44.3327
0,-7.0219
0,28.7592
0,52.2608
0,13.0667
0,-36.7167
0,8.4672
0,43.9858
0,57.4333
0,39.0392
0,48.0867
0,-14.3358
0,45.8500
0,34.8333
0,61.4964
0,34.5500
0,-10.7378
0,39.4582
0,4.8519
0,45.6855
0,38.6500
0,40.2709
0,-16.6228
0,47.2047
0,18.1167
0,-23.0134
0,-45.4068
0,53.4833
0,-9.4075
0,50.4128
0,40.2962
0,42.9063
0,-37.7710
0,45.4500
0,-11.8469
0,35.6871
0,37.4500
0,37.7436
0,51.9569
0,49.8000
0,-16.9619
0,5.1017
0,-14.4228
0,39.1335
0,50.5531
0,-26.4000
0,51.6942
0,40.6994
0,16.9667
0,58.0833
0,39.0223
0,38.9577
0,40.1735
0,45.6756
0,35.3736
0,53.3572
0,52.3667
0,6.1122
0,30.5743
0,7.1412
0,54.1378
0,-20.9458
0,-19.8650
0,29.6235
0,51.3775
0,52.0855
0,31.5319
0,54.1380
0,40.6239
0,29.9707
0,37.2650
0,51.8833
0,48.3858
0,-37.1525
0,47.3506
0,51.6647
0,37.2944
0,41.5922
0,29.6271
0,47.8514
0,48.7000
0,43.4200
0,41.7153
0,38.6208
0,54.7667
0,-35.0667
0,52.9936
0,53.5800
0,40.9167
0,-12.0889
0,6.9581
0,55.2333
0,45.6000
0,42.1498
0,40.2503
0,51.1731
0,42.0361
0,48.5669
0,39.7430
0,-30.6728
0,43.6569
0,47.0567
0,52.0583
0,7.1167
0,21.1933
0,-24.0008
0,-14.7708
0,51.9533
0,48.7272
0,29.3690
0,48.5472
0,41.1632
0,50.1831
0,43.5678
0,17.3099
0,19.3333
0,-10.6478
0,48.2583
0,51.3000
0,44.5545
0,53.7080
0,8.6667
0,54.0460
0,-21.6989
0,49.5667
0,38.0487
0,41.3749
0,40.6666
0,51.2667
0,-3.5014
0,52.5222
0,41.6695
0,37.2500
0,38.7931
0,16.9917
0,17.5388
0,11.9333
0,41.9855
0,40.7072
0,55.8051
0,51.1167
0,17.0589
0,60.9167
0,51.5902
0,51.3902
0,38.0886
0,39.8983
0,49.0275
0,-4.7889
0,27.8911
0,-21.0328
0,-26.3958
0,52.5833
0,39.8172
0,49.0778
0,43.0500
0,38.3833
0,52.8598
0,11.9833
0,9.7082
0,45.2317
0,20.9000
0,-23.2267
0,23.9423
0,11.6206
0,41.6147
0,-8.0058
0,45.9958
0,-10.5389
0,42.4551
0,12.6500
0,46.2000
0,40.0484
0,44.9247
0,41.8311
0,16.9000
0,47.7500
0,35.5479
0,53.8833
0,50.9053
0,64.9125
0,50.3979
0,14.9252
0,50.4373
0,50.6508
0,40.9488
0,39.1869
0,51.5833
0,40.1167
0,37.7394
0,41.1722
0,49.2858
0,-6.8528
0,-7.1878
0,47.6167
0,-22.2528
0,49.3297
0,53.5264
0,48.1667
0,49.7019
0,45.9000
0,35.3594
0,-9.9639
0,-16.1328
0,49.9667
0,-10.5328
0,44.6453
0,36.1430
0,9.8000
0,40.8742
0,47.9514
0,47.4028
0,47.5833
0,-7.6678
0,41.1816
0,-23.0428
0,47.3908
0,-2.5358
0,49.7817
0,44.4796
0,48.9347
0,51.9500
0,36.0640
0,55.3333
0,46.9753
0,42.6844
0,41.6833
0,-4.4700
0,-24.7989
0,31.6667
0,18.6618
0,34.9364
0,11.2500
0,49.1383
0,13.9297
0,20.0833
0,56.3404
0,40.6333
0,23.6630
0,18.9524
0,49.0833
0,36.8500
0,40.7311
0,-3.6806
0,25.8061
0,16.7833
0,49.7560
0,50.5500
0,14.9333
0,37.0165
0,53.7167
0,50.2411
0,47.1833
0,52.6333
0,-28.2333
0,11.4667
0,49.4022
0,50.9511
0,21.8000
0,48.4508
0,30.1118
0,39.2642
0,-26.5650
0,49.2183
0,43.4746
0,29.9833
0,17.5000
0,9.1333
0,43.0333
0,-25.9278
0,42.0777
0,31.3090
0,44.7444
0,31.8288
0,-19.3258
0,-14.7939
0,46.9398
0,37.2011
0,61.1667
0,35.7060
0,-28.0278
0,-20.5408
0,-25.0325
0,-22.5022
0,13.6833
0,49.9624
0,50.5453
0,-19.9328
0,42.8851
0,11.1167
0,57.3000
0,38.4167
0,38.9861
0,15.0311
0,43.6164
0,55.7167
0,32.2833
0,44.5539
0,-11.8669
0,-27.1689
0,54.2367
0,25.7090
0,42.9891
0,55.9178
0,-25.9408
0,58.0333
0,41.6986
0,44.4167
0,32.5353
0,45.2400
0,51.2000
0,-14.8358
0,53.3694
0,45.6833
0,17.7200
0,38.0419
0,51.2139
0,-14.5489
0,50.3940
0,52.6072
0,48.1865
0,33.3792
0,9.6000
0,6.0597
0,26.6549
0,44.3381
0,-26.6833
0,-0.9525
0,37.5546
0,41.1244
0,54.1667
0,45.6167
0,40.9989
0,41.4674
0,45.6833
0,-22.3996
0,38.3107
0,17.4667
0,21.0519
0,-7.8500
0,-6.5739
0,46.7831
0,-25.7669
0,49.7667
0,40.0375
0,54.4272
0,19.2833
0,45.1796
0,40.1508
0,54.4250
0,44.4169
0,25.3833
0,37.0819
0,33.1778
0,43.0995
0,45.0333
0,36.8961
0,19.6113
0,51.8656
0,46.1442
0,49.6408
0,42.0521
0,38.7361
0,47.9431
0,44.2500
0,40.1358
0,-33.2299
0,50.4751
0,50.8089
0,17.1000
0,49.0167
0,12.3939
0,-22.7089
0,46.7994
0,-11.4550
0,43.1324
0,50.2593
0,-17.8500
0,51.9333
0,51.4031
0,37.3333
0,41.1333
0,32.0736
0,41.2100
0,37.1452
0,50.1167
0,49.8261
0,-26.9608
0,48.9167
0,39.8414
0,-20.8089
0,45.5783
0,-40.3337
0,47.8833
0,31.9400
0,38.5325
0,34.7833
0,53.5339
0,36.3833
0,-11.3417
0,30.0856
0,10.2500
0,42.2884
0,35.1525
0,32.8539
0,14.4333
0,40.7500
0,-23.3728
0,20.4000
0,42.8405
0,48.9406
0,16.9667
0,-34.7322
0,47.8500
0,-5.5208
0,39.0578
0,33.6391
0,-20.7364
0,51.7656
0,60.9167
0,-21.7808
0,36.3000
0,45.1836
0,49.3167
0,42.0604
0,43.1502
0,-11.9658
0,47.3667
0,36.6675
0,9.9167
0,-21.1258
0,30.4158
0,49.6414
0,44.4833
0,50.3631
0,-33.7833
0,-4.9208
0,38.7846
0,44.7500
0,47.8833
0,45.2333
0,32.6530
0,48.4236
0,-22.1296
0,40.6728
0,21.3667
0,51.9667
0,-3.9889
0,41.7727
0,35.0167
0,43.6000
0,47.2858
0,46.1664
0,-18.4894
0,51.2383
0,47.4269
0,36.6833
0,51.0000
0,47.5308
0,32.9000
0,43.4533
0,30.5322
0,-12.4061
0,54.8385
0,-14.4928
0,40.8754
0,-24.2888
0,35.3887
0,33.8230
0,50.3060
0,49.1147
0,42.2774
0,48.5142
0,-21.8389
0,-21.1750
0,47.7928
0,47.4828
0,34.6039
0,-7.6719
0,19.2667
0,40.9568
0,44.8514
0,31.4645
0,45.3833
0,36.3327
0,14.7243
0,63.1014
0,-7.3996
0,49.9917
0,-4.1669
0,49.9167
0,45.2545
0,10.4039
0,41.5167
0,11.1728
0,50.5853
0,35.2698
0,43.3500
0,33.5496
0,39.8772
0,27.1548
0,46.0550
0,36.6180
0,45.4000
0,53.2890
0,27.9195
0,45.9364
0,-21.0428
0,-17.0100
0,-29.6450
0,43.9500
0,45.1894
0,8.5956
0,45.4978
0,13.7333
0,50.9103
0,39.2500
0,-32.5667
0,54.0333
0,34.7167
0,28.2468
0,40.5364
0,45.5333
0,-21.7391
0,39.3455
0,36.3617
0,9.7420
0,32.1594
0,49.0251
0,50.8040
0,52.0167
0,43.4948
0,32.3500
0,41.0500
0,11.6390
0,45.6000
0,36.2082
0,49.3764
0,47.8042
0,53.4090
0,53.3669
0,61.3403
0,48.2083
0,-14.8419
0,52.9333
0,-12.6519
0,-23.5319
0,39.8718
0,53.2000
0,33.8073
0,23.9918
0,49.4585
0,35.0376
0,42.7732
0,50.9394
0,42.1972
0,44.4667
0,42.7833
0,50.6333
0,43.6833
0,-30.9833
0,1.8656
0,31.2442
0,33.0897
0,45.5501
0,22.1650
0,45.1600
0,35.5356
0,-19.9669
0,35.4573
0,40.7408
0,28.0962
0,50.6667
0,13.9167
0,-17.8069
0,9.7000
0,-22.1869
0,38.0617
0,47.7822
0,32.7144
0,14.8833
0,16.8167
0,54.3430
0,53.5720
0,16.7000
0,67.5594
0,15.5758
0,40.3875
0,47.6222
0,12.2584
0,19.9667
0,43.7736
0,53.9167
0,41.6007
0,45.6075
0,35.3208
0,43.3056
0,33.9169
0,40.3768
0,40.8889
0,37.2953
0,26.1533
0,50.2881
0,32.4711
0,-44.8650
0,11.7690
0,-20.2002
0,54.0333
0,33.9379
0,41.9706
0,-21.0667
0,54.9000
0,-2.7469
0,43.6581
0,51.7776
0,42.1300
0,42.9987
0,47.3765
0,-18.5833
0,35.7408
0,35.3124
0,51.3620
0,47.2494
0,41.7571
0,64.0000
0,45.7000
0,50.3197
0,37.0695
0,40.0170
0,47.2153
0,40.0564
0,43.9439
0,40.6460
0,15.2054
0,34.2919
0,-20.2569
0,30.0954
0,34.5936
0,-22.5097
0,35.3068
0,48.2264
0,-15.3097
0,49.1667
0,64.0833
0,50.4481
0,51.8167
0,51.9333
0,52.1333
0,45.2569
0,-3.5808
0,38.7605
0,40.7049
0,37.3833
0,-20.9178
0,41.3810
0,27.6627
0,26.9471
0,52.2000
0,40.3758
0,26.6877
0,49.1236
0,29.5545
0,50.1038
0,53.7369
0,43.0767
0,-6.8162
0,41.1365
0,9.9096
0,60.8514
0,38.8996
0,9.6333
0,41.5637
0,43.1174
0,41.2396
0,50.8167
0,38.3933
0,36.5028
0,41.0615
0,52.7344
0,44.0925
0,34.7610
0,43.8825
0,54.0353
0,-25.4769
0,42.5500
0,36.1581
0,31.3602
0,45.2500
0,50.2305
0,41.7833
0,45.0544
0,32.5781
0,-12.9858
0,37.5516
0,7.0736
0,49.0833
0,42.2961
0,53.1736
0,-22.3900
0,36.9854
0,44.9667
0,36.7853
0,49.9884
0,48.7475
0,45.7364
0,-23.0589
0,51.3780
0,52.1000
0,39.5954
0,21.3289
0,29.7395
0,40.4003
0,14.9000
0,51.6953
0,38.9395
0,42.1180
0,50.7500
0,35.0410
0,51.6331
0,-21.1858
0,36.9817
0,48.4812
0,-38.4333
0,50.0591
0,7.7833
0,28.8000
0,50.9700
0,-17.3547
0,40.8887
0,28.6021
0,32.7822
0,58.3333
0,53.2280
0,41.5222
0,40.0008
0,-26.1608
0,-31.0833
0,33.1613
0,-37.9500
0,47.3851
0,-3.6058
0,51.7833
0,42.5500
0,44.8610
0,34.8500
0,44.9000
0,-4.2242
0,26.1960
0,-32.8500
0,51.3667
0,-29.6208
0,37.7417
0,51.5000
0,55.8260
0,39.3667
0,33.7990
0,45.9614
0,49.5461
0,53.1111
0,50.5667
0,39.7994
0,51.7167
0,13.6983
0,51.1333
0,-23.3728
0,16.5167
0,38.6876
0,40.4744
0,49.8985
0,-27.4828
0,59.3747
0,47.4911
0,36.3142
0,42.6122
0,41.8045
0,12.1500
0,-23.7328
0,-39.6667
0,60.8042
0,51.2139
0,49.4167
0,42.5379
0,41.3118
0,26.1467
0,49.7186
0,49.6786
0,40.5833
0,51.4500
0,39.7667
0,13.6928
0,35.5317
0,53.4699
0,42.2492
0,49.3667
0,57.1500
0,53.7683
0,43.6167
0,44.5816
0,46.8711
0,46.1000
0,51.1834
0,49.3000
0,39.4738
0,47.0750
0,32.3933
0,50.5167
0,47.3281
0,-20.7389
0,38.5974
0,33.3188
0,34.5833
0,32.7522
0,45.5553
0,38.0897
0,34.0889
0,32.3277
0,40.5472
0,35.0895
0,7.6994
0,45.8667
0,42.9167
0,49.0464
0,40.6797
0,-18.5569
0,40.6136
0,41.3783
0,33.7777
0,-15.0078
0,51.2833
0,9.6333
0,44.2776
0,-40.7333
0,47.8067
0,53.5677
0,32.9590
0,39.0802
0,51.6167
0,36.0857
0,14.2333
0,-18.6819
0,34.8407
0,35.3136
0,9.4640
0,50.7547
0,33.6645
0,37.8369
0,51.8050
0,47.4106
0,39.6250
0,44.6777
0,-13.7728
0,36.3567
0,28.4547
0,48.2833
0,42.0597
0,48.1167
0,53.3636
0,48.0058
0,45.7000
0,27.1958
0,36.8865
0,45.1042
0,33.1421
0,-15.4708
0,45.1872
0,-7.4267
0,16.1619
0,45.4833
0,36.5500
0,33.7333
0,-15.8369
0,34.3833
0,41.8167
0,0.6100
0,35.8407
0,7.9667
0,38.5223
0,-27.0678
0,-6.8367
0,34.7861
0,48.3997
0,-21.0231
0,41.8439
0,19.7322
0,-23.3396
0,-27.8900
0,-2.6847
0,-9.4000
0,49.0781
0,45.5372
0,51.6453
0,-2.7189
0,-23.6800
0,53.2581
0,43.5992
0,-10.0686
0,49.4314
0,15.7119
0,-6.2539
0,34.8868
0,-8.8078
0,41.9151
0,51.5667
0,53.2800
0,42.5976
0,41.4419
0,37.9071
0,42.6529
0,41.3833
0,50.1500
0,43.3663
0,32.2914
0,53.0617
0,-26.4250
0,9.6000
0,34.7381
0,35.1088
0,49.3536
0,45.5612
0,-8.6239
0,49.3439
0,47.0042
0,51.4210
0,13.7841
0,51.3800
0,51.8667
0,40.2810
0,42.2202
0,47.2911
0,41.7443
0,35.5113
0,48.7147
0,46.6660
0,12.2694
0,46.7111
0,41.8492
0,43.8167
0,58.6000
0,47.5124
0,50.7511
0,52.5580
0,36.6371
0,33.6446
0,34.9877
0,41.2082
0,48.8156
0,45.5822
0,56.7000
0,5.5194
0,52.2258
0,7.9333
0,47.3667
0,-16.0866
0,41.7403
0,47.3069
0,32.2236
0,-2.3829
0,38.9708
0,49.7822
0,32.9297
0,43.5478
0,42.1667
0,32.4833
0,36.8140
0,59.6989
0,40.0324
0,47.2401
0,-25.6628
0,34.2894
0,41.5279
0,33.7305
0,28.6825
0,50.3500
0,13.4167
0,14.1750
0,45.8833
0,43.5756
0,52.8494
0,41.6395
0,36.5457
0,9.2333
0,53.1692
0,43.3800
0,34.0587
0,44.3694
0,37.7562
0,51.4120
0,55.8833
0,-5.0950
0,30.3608
0,48.6731
0,51.8811
0,28.9241
0,53.7130
0,39.5146
0,39.8403
0,41.5174
0,41.3629
0,35.5587
0,-7.1978
0,17.7040
0,45.0333
0,6.7811
0,12.6227
0,48.5653
0,46.1167
0,-14.3378
0,-23.3883
0,57.3033
0,53.6500
0,34.4398
0,45.5442
0,50.0042
0,10.0264
0,14.4933
0,30.3547
0,41.0511
0,33.0592
0,54.0084
0,41.4976
0,48.6750
0,35.6907
0,30.5291
0,45.3747
0,44.9106
0,39.9094
0,47.4461
0,34.2220
0,-41.7712
0,47.5667
0,51.2417
0,38.9590
0,33.1044
0,51.5700
0,47.3500
0,34.3989
0,15.0600
0,57.0125
0,45.6167
0,21.0167
0,45.7092
0,53.7000
0,44.4593
0,43.1164
0,36.6940
0,39.6567
0,46.8167
0,59.4781
0,56.7000
0,52.0667
0,34.5000
0,55.9340
0,45.2000
0,45.4167
0,23.3663
0,49.4700
0,41.5886
0,-17.9136
0,-21.7169
0,48.4556
0,41.0675
0,53.0611
0,40.6333
0,51.4608
0,39.8008
0,19.7500
0,18.8070
0,20.6167
0,33.8835
0,40.7478
0,40.6841
0,42.9853
0,50.4318
0,-28.2152
0,14.1023
0,43.8072
0,40.5822
0,31.3833
0,32.5028
0,33.9830
0,-16.5589
0,37.1503
0,44.2500
0,48.0289
0,49.7333
0,48.5531
0,34.3903
0,60.6833
0,39.9947
0,-14.6939
0,42.1039
0,36.2166
0,25.8997
0,16.4000
0,51.3017
0,40.0110
0,37.7546
0,54.7500
0,-11.5189
0,-14.7450
0,45.1778
0,11.6667
0,40.1500
0,51.0769
0,37.9833
0,42.8667
0,25.7061
0,33.1906
0,49.5394
0,49.1042
0,20.3356
0,53.5402
0,-29.8128
0,33.0725
0,41.5621
0,54.1072
0,42.9003
0,-11.0469
0,18.0170
0,47.3981
0,27.3092
0,-11.5289
0,33.6098
0,51.1021
0,34.9690
0,33.8833
0,-8.9728
0,15.5333
0,35.0287
0,40.4000
0,-7.9900
0,31.4525
0,50.1861
0,53.1167
0,32.0036
0,40.2143
0,51.5000
0,43.1793
0,42.2652
0,49.5258
0,50.3219
0,-19.4489
0,40.8258
0,-11.6169
0,37.5633
0,-0.7167
0,52.9500
0,29.9921
0,55.7000
0,52.2500
0,-36.1333
0,38.3500
0,-14.0350
0,51.3244
0,51.7600
0,34.2434
0,-34.5333
0,42.0465
0,40.8268
0,51.0333
0,51.3347
0,-19.1983
0,35.9825
0,43.3814
0,-18.5478
0,41.5333
0,52.3214
0,-6.0450
0,44.5097
0,39.6063
0,50.2481
0,42.0475
0,-35.3486
0,48.7117
0,45.8781
0,40.6308
0,-14.2839
0,1.6931
0,39.7094
0,51.1989
0,51.6354
0,46.5333
0,-31.0833
0,35.6139
0,40.6206
0,-20.4500
0,-11.6619
0,41.6091
0,31.0881
0,40.6210
0,4.8658
0,-16.2039
0,43.4544
0,45.5167
0,44.6167
0,-6.5419
0,37.1667
0,33.8659
0,23.8167
0,32.2937
0,38.2636
0,24.7413
0,-22.2839
0,11.5000
0,40.6203
0,60.7025
0,40.4500
0,39.1378
0,-7.0919
0,17.4155
0,17.6746
0,47.1156
0,39.6152
0,49.4433
0,42.8178
0,46.7917
0,44.8319
0,12.5333
0,-41.1667
0,41.0918
0,37.7333
0,54.5164
0,-18.6658
0,40.6323
0,54.4794
0,39.3667
0,32.7025
0,40.8389
0,32.3208
0,-22.0500
0,44.5519
0,49.3000
0,47.9228
0,49.2344
0,50.3333
0,40.1286
0,50.1635
0,43.2651
0,50.9833
0,50.9116
0,35.9321
0,35.0837
0,51.4318
0,47.1278
0,41.4169
0,65.9667
0,34.9500
0,38.1970
0,49.4000
0,41.9945
0,51.7944
0,53.7000
0,-8.6578
0,43.7296
0,45.3833
0,48.0500
0,-5.4978
0,34.2964
0,31.8000
0,45.3500
0,44.9858
0,52.3883
0,46.8500
0,40.1308
0,45.2500
0,43.2239
0,56.0166
0,0.8667
0,43.9006
0,36.0596
0,-14.4108
0,52.3031
0,60.6247
0,45.4249
0,49.9019
0,32.2687
0,55.6667
0,37.9333
0,47.6608
0,-20.1069
0,38.9647
0,50.7483
0,39.6067
0,57.4954
0,28.4253
0,39.6942
0,25.6415
0,40.3556
0,35.5707
0,50.6333
0,-39.3669
0,-28.7250
0,50.1608
0,43.2482
0,34.7087
0,50.1250
0,41.1725
0,4.1840
0,32.9429
0,-20.4381
0,-5.6228
0,14.0681
0,-21.6200
0,21.0836
0,52.0672
0,44.7381
0,58.0333
0,49.2833
0,52.3331
0,33.5640
0,35.0004
0,16.1253
0,9.9715
0,44.5139
0,-1.3628
0,42.9261
0,52.4272
0,-26.2550
0,-19.6958
0,32.8019
0,44.7181
0,53.4130
0,42.5816
0,41.6964
0,35.8912
0,41.6787
0,39.7863
0,61.1083
0,53.6100
0,52.5277
0,57.3833
0,36.8877
0,43.5997
0,35.6863
0,39.2070
0,44.6774
0,15.9900
0,42.0994
0,-7.9408
0,28.7014
0,-12.3000
0,25.3885
0,35.0042
0,32.1600
0,49.4736
0,46.4778
0,43.1271
0,52.3922
0,52.4167
0,33.6000
0,38.6966
0,35.3113
0,57.6013
0,-3.2000
0,13.2403
0,47.1119
0,60.7833
0,-21.5750
0,33.0092
0,36.7667
0,-1.2058
0,-8.7178
0,38.9414
0,54.9500
0,52.6500
0,43.6481
0,44.9333
0,-22.2958
0,50.2314
0,49.7167
0,43.1940
0,33.5333
0,34.1185
0,20.6167
0,42.5824
0,39.2582
0,51.7889
0,50.6000
0,45.3243
0,50.6103
0,48.0712
0,49.2072
0,-38.2500
0,-21.8389
0,50.3289
0,-21.3564
0,-9.2378
0,39.4714
0,41.4291
0,51.7495
0,-30.7039
0,37.5770
0,15.3833
0,48.4089
0,-5.8039
0,51.4861
0,49.8333
0,43.5156
0,-33.2800
0,50.7039
0,-8.1189
0,-12.8708
0,48.0686
0,48.6500
0,37.6660
0,49.2942
0,53.9500
0,34.0474
0,16.2108
0,17.4917
0,51.0333
0,29.9457
0,60.3000
0,48.7483
0,40.8098
0,48.1914
0,51.4960
0,41.2305
0,35.0103
0,-7.2839
0,40.7358
0,18.6167
0,51.0038
0,11.8167
0,42.9391
0,-38.1000
0,42.0492
0,39.1065
0,43.4544
0,14.9333
0,33.3000
0,33.4329
0,30.6333
0,24.6997
0,48.4994
0,-7.0139
0,43.3223
0,-18.7578
0,34.1685
0,14.0500
0,33.7488
0,41.8379
0,50.3131
0,9.2704
0,47.7680
0,32.5228
0,41.3695
0,30.5119
0,53.6500
0,38.3140
0,19.8878
0,53.6167
0,40.3416
0,25.6952
0,47.5517
0,39.1956
0,44.6500
0,-14.8500
0,49.4469
0,6.2181
0,20.8333
0,35.5108
0,-31.5833
0,14.0470
0,40.2811
0,-20.6708
0,-11.7608
0,45.8667
0,-5.9500
0,16.7922
0,37.0528
0,28.1559
0,45.4994
0,47.3181
0,45.8000
0,43.8050
0,10.9667
0,-40.8760
0,51.0333
0,-24.5919
0,48.1189
0,43.0427
0,50.8000
0,40.1322
0,17.6100
0,-27.5952
0,51.3100
0,46.5361
0,33.0500
0,43.2469
0,-19.8289
0,49.3758
0,41.5200
0,-19.9089
0,55.9000
0,49.2992
0,17.5833
0,-12.1600
0,40.9000
0,47.2848
0,49.9167
0,11.2333
0,34.9402
0,37.6167
0,-8.9758
0,54.9630
0,12.3000
0,50.7375
0,53.3623
0,40.2639
0,52.4650
0,38.5447
0,32.2953
0,60.4000
0,51.1450
0,40.7587
0,48.7717
0,53.3333
0,12.4167
0,41.2592
0,-21.4208
0,47.0164
0,20.3333
0,54.2000
0,53.3492
0,-24.5200
0,16.5316
0,69.9686
0,28.4466
0,49.9292
0,39.6000
0,18.3000
0,42.4366
0,-11.1500
0,60.4569
0,-16.3239
0,38.0192
0,52.0000
0,-33.7000
0,43.1819
0,16.6167
0,10.3000
0,-7.8378
0,48.5775
0,45.3728
0,33.4237
0,40.2667
0,34.0263
0,32.1919
0,-33.1858
0,29.9122
0,31.6597
0,44.9214
0,44.5172
0,41.1641
0,28.3793
0,49.2167
0,-12.8819
0,41.8333
0,-6.8719
0,45.9153
0,48.9047
0,46.8828
0,-5.2600
0,51.9331
0,45.2658
0,42.6167
0,47.8075
0,47.2539
0,50.1667
0,52.9277
0,41.0333
0,52.8671
0,52.5647
0,53.4931
0,-11.0469
0,54.2500
0,51.3417
0,53.4992
0,36.7249
0,51.3363
0,38.3575
0,58.6000
0,42.5167
0,5.6647
0,33.4530
0,48.0333
0,45.1671
0,8.0000
0,40.6333
0,-25.6828
0,33.8201
0,-32.7833
0,-23.8528
0,35.0387
0,59.4833
0,41.1145
0,13.6667
0,49.9022
0,47.7914
0,39.2737
0,51.1532
0,49.8726
0,49.2358
0,-16.3489
0,49.3928
0,-13.1039
0,45.5000
0,-12.6050
0,11.7833
0,33.5331
0,51.0250
0,-8.3378
0,15.7333
0,28.3500
0,38.2667
0,-21.3589
0,43.1175
0,40.6203
0,-13.6019
0,43.2167
0,-21.2428
0,-24.0328
0,36.5900
0,53.4000
0,49.9747
0,48.8436
0,-21.3808
0,14.7500
0,1.5058
0,-38.2200
0,32.8169
0,-10.0269
0,54.6648
0,48.9878
0,37.5609
0,52.3135
0,45.8011
0,-21.3178
0,20.2028
0,53.1667
0,48.6856
0,41.4851
0,34.9249
0,30.6100
0,18.4043
0,40.9627
0,42.2167
0,9.1667
0,41.4500
0,47.2081
0,50.1617
0,38.1397
0,42.9017
0,52.9581
0,16.3667
0,-8.6200
0,-15.0367
0,48.4336
0,-3.6250
0,51.5246
0,53.1819
0,47.2703
0,43.0922
0,47.0448
0,44.8905
0,20.7000
0,45.4000
0,34.8232
0,-6.7200
0,48.8333
0,40.7385
0,45.5667
0,33.6363
0,20.2167
0,34.0754
0,33.4504
0,37.0975
0,38.4850
0,39.3667
0,28.9643
0,34.9833
0,20.2528
0,38.3593
0,43.1694
0,46.0000
0,-22.9969
0,43.2333
0,34.7837
0,53.7017
0,33.9333
0,53.1828
0,27.3260
0,40.4000
0,-6.5339
0,-7.5350
0,49.2600
0,50.5515
0,27.5510
0,39.3572
0,13.6411
0,-5.7328
0,-9.7358
0,13.8273
0,45.5931
0,52.5667
0,38.5333
0,41.6992
0,-7.2228
0,47.6997
0,-4.0458
0,48.9044
0,48.6744
0,41.0358
0,42.8852
0,50.7444
0,-13.2569
0,49.7667
0,45.7167
0,26.9603
0,41.0307
0,30.8032
0,50.9983
0,48.2625
0,40.5539
0,-17.5469
0,53.9620
0,47.9445
0,46.9750
0,46.9063
0,38.5333
0,42.9901
0,56.1100
0,48.7000
0,46.3115
0,40.6283
0,47.7111
0,32.4914
0,-34.7333
0,64.0722
0,40.6505
0,28.0507
0,40.8372
0,51.2716
0,39.5383
0,44.4000
0,42.3231
0,33.5961
0,42.0800
0,53.9721
0,45.0000
0,49.4511
0,4.5761
0,-23.7228
0,41.4083
0,40.7983
0,43.8103
0,32.2044
0,69.4167
0,52.1725
0,-38.2333
0,48.7058
0,21.1011
0,43.2371
0,47.1533
0,50.5873
0,35.0717
0,50.3003
0,40.1723
0,35.0716
0,53.9186
0,14.0167
0,40.6167
0,10.2667
0,42.9117
0,40.4205
0,9.2159
0,58.7050
0,34.9382
0,42.2787
0,50.9856
0,42.4757
0,-13.3750
0,39.8790
0,-20.6858
0,-21.6424
0,-22.1219
0,31.6581
0,40.1495
0,59.9500
0,-6.3789
0,-3.2619
0,-24.0028
0,52.1833
0,10.5529
0,-13.8289
0,53.6500
0,45.6582
0,37.8573
0,-25.6208
0,63.7922
0,48.9808
0,48.5572
0,-19.2500
0,18.1500
0,35.2833
0,32.3375
0,54.4642
0,48.5328
0,35.9000
0,49.1511
0,43.3476
0,11.1500
0,35.0563
0,41.5833
0,47.5069
0,38.7403
0,36.6975
0,50.0500
0,43.3903
0,-14.7200
0,39.7618
0,39.7157
0,31.4520
0,60.9477
0,41.6474
0,49.0228
0,43.1500
0,40.8833
0,41.1976
0,35.1274
0,46.7150
0,50.8519
0,14.9333
0,48.1144
0,39.5208
0,51.9833
0,52.0133
0,58.8833
0,54.1000
0,-6.4389
0,43.7833
0,43.6854
0,42.5467
0,45.5478
0,46.1856
0,24.0900
0,51.1333
0,43.3150
0,-20.7669
0,37.8546
0,37.9500
0,43.7202
0,5.6500
0,54.8064
0,59.0500
0,49.6878
0,42.1111
0,50.1425
0,32.5379
0,-15.5628
0,35.1267
0,51.6770
0,48.8525
0,12.4500
0,-2.5500
0,37.3875
0,42.8372
0,34.1971
0,48.5158
0,27.8191
0,43.7517
0,45.8833
0,45.7569
0,-38.1500
0,40.5903
0,41.0595
0,-24.8928
0,44.7527
0,39.7353
0,32.8439
0,42.9894
0,12.1791
0,40.6333
0,46.5042
0,13.5934
0,39.0110
0,42.8901
0,32.0806
0,39.8936
0,40.6561
0,47.3150
0,50.9950
0,47.4828
0,48.1917
0,47.7167
0,51.1178
0,52.2645
0,15.1833
0,42.5366
0,49.2786
0,-9.1828
0,39.2170
0,47.2464
0,55.5333
0,40.8692
0,45.6631
0,52.1331
0,52.2333
0,62.7667
0,43.3942
0,35.4043
0,31.2282
0,37.3792
0,6.7012
0,47.0900
0,56.0167
0,46.4000
0,51.0944
0,49.6733
0,-4.2200
0,56.3089
0,-4.4500
0,52.5302
0,43.7333
0,50.5478
0,40.1167
0,13.9667
0,38.0925
0,43.1700
0,-27.2867
0,32.8618
0,38.0430
0,-5.6419
0,52.3083
0,31.9642
0,38.2969
0,58.3106
0,42.4394
0,9.7333
0,39.8812
0,45.7081
0,52.2333
0,41.6776
0,-10.3450
0,33.9547
0,-5.5928
0,-11.2958
0,18.5333
0,13.5833
0,21.1647
0,30.1796
0,38.6008
0,35.2651
0,40.7833
0,37.6717
0,48.2667
0,45.6246
0,12.0356
0,55.1675
0,36.5811
0,59.9750
0,47.7486
0,38.2167
0,-27.5850
0,19.1645
0,-5.1739
0,51.5000
0,10.6500
0,29.0856
0,7.7167
0,33.8500
0,45.9581
0,42.8031
0,40.6333
0,11.5000
0,49.7428
0,34.6568
0,31.1774
0,47.2167
0,37.3446
0,46.9319
0,33.4725
0,-8.8019
0,30.7325
0,50.3340
0,48.8808
0,-17.9619
0,43.4433
0,55.8667
0,41.4400
0,58.1833
0,47.6500
0,-11.6069
0,40.3333
0,-11.1247
0,39.6036
0,38.8602
0,31.9536
0,41.3500
0,30.0918
0,43.0105
0,-7.0569
0,12.2983
0,14.8864
0,40.0221
0,-12.0069
0,47.9094
0,-27.3150
0,47.6211
0,52.5700
0,45.3736
0,27.6739
0,8.9855
0,33.8939
0,42.1977
0,49.2556
0,51.8000
0,51.7190
0,50.4083
0,33.1249
0,46.6186
0,47.5111
0,45.5240
0,19.8798
0,-26.6108
0,41.8786
0,49.4167
0,14.7833
0,59.5832
0,51.6878
0,-32.4925
0,-34.3833
0,49.3686
0,50.8817
0,30.0964
0,17.6165
0,-14.4108
0,32.9762
0,-22.4739
0,33.3797
0,51.3591
0,28.5473
0,46.2833
0,47.6644
0,42.5569
0,49.5686
0,49.9890
0,34.3676
0,40.0949
0,20.7667
0,-33.7511
0,40.4204
0,46.4167
0,42.4333
0,33.0528
0,55.5400
0,37.7578
0,-1.2947
0,-24.6178
0,48.0903
0,5.0917
0,46.1294
0,37.3358
0,11.2500
0,49.4014
0,51.3358
0,48.5058
0,48.5344
0,3.9833
0,40.5333
0,47.3422
0,-7.5989
0,35.6011
0,16.4119
0,-20.6350
0,-21.7250
0,42.7833
0,35.1927
0,13.9874
0,40.9667
0,51.9722
0,24.5550
0,-32.1806
0,40.2806
0,13.7003
0,34.8802
0,30.8478
0,-23.0569
0,50.8519
0,37.8209
0,54.4167
0,30.3562
0,39.6874
0,-21.8689
0,51.3582
0,53.5744
0,49.4667
0,42.1270
0,9.6081
0,33.5434
0,50.4947
0,-18.1900
0,45.7317
0,14.5900
0,50.3846
0,43.0701
0,62.9708
0,39.7494
0,37.5667
0,53.3280
0,50.7536
0,43.7252
0,31.5456
0,41.4667
0,13.3167
0,52.9999
0,40.2502
0,51.3500
0,42.8076
0,39.2500
0,35.3286
0,51.3003
0,-17.4028
0,-32.5969
0,35.4599
0,32.0833
0,-12.7019
0,49.9739
0,46.2433
0,32.8625
0,30.5822
0,-1.8878
0,47.5163
0,36.7523
0,11.7536
0,-14.3628
0,-25.1008
0,28.6619
0,-3.9489
0,41.7598
0,45.0742
0,32.6215
0,-23.3969
0,44.0210
0,-6.1869
0,4.1904
0,48.0922
0,-8.1628
0,34.7436
0,38.7230
0,18.9556
0,32.1576
0,48.6667
0,-21.9925
0,45.3703
0,39.6581
0,21.4053
0,48.8000
0,20.5833
0,-21.9239
0,50.9167
0,-28.8150
0,9.7812
0,47.6467
0,52.8330
0,40.5424
0,-11.8100
0,-17.9958
0,48.6322
0,47.3500
0,53.5300
0,-21.2489
0,39.0168
0,53.6101
0,50.3000
0,43.4833
0,36.8636
0,9.5620
0,6.5017
0,-22.7800
0,28.8143
0,38.0395
0,-3.0189
0,40.2165
0,45.6508
0,50.1833
0,47.4831
0,37.3000
0,-11.3369
0,45.6000
0,10.6500
0,53.1667
0,47.5677
0,52.2764
0,47.1892
0,-29.8833
0,46.5167
0,40.4333
0,32.5842
0,43.0667
0,42.4786
0,50.8667
0,50.9500
0,-11.8339
0,-14.1450
0,45.6333
0,-2.1900
0,36.5443
0,56.0168
0,50.5942
0,39.9833
0,43.8000
0,48.7444
0,37.0047
0,40.7500
0,40.8762
0,-7.7411
0,40.5629
0,42.5388
0,47.7483
0,34.5500
0,45.0833
0,33.2172
0,31.7667
0,51.0522
0,34.9474
0,37.0020
0,48.7633
0,9.6167
0,9.1500
0,34.4391
0,42.0352
0,43.1394
0,48.8500
0,-30.0769
0,43.3775
0,28.0465
0,42.1224
0,32.2381
0,48.4128
0,31.5339
0,49.8979
0,41.1601
0,40.9175
0,50.5642
0,43.8439
0,39.1333
0,53.7000
0,47.5667
0,55.7000
0,48.2167
0,45.1833
0,41.6042
0,39.4675
0,51.9897
0,34.4833
0,40.2279
0,32.0442
0,52.2000
0,67.3658
0,34.6438
0,51.3881
0,-15.6996
0,53.2048
0,40.2833
0,50.8933
0,28.6271
0,53.1920
0,43.2162
0,51.6017
0,29.7941
0,-26.1489
0,45.7456
0,-13.8258
0,39.6683
0,45.7617
0,38.5514
0,-29.4889
0,-16.6128
0,-26.9000
0,-23.8928
0,19.8667
0,43.3089
0,-20.3100
0,40.7667
0,-12.0278
0,-34.4000
0,45.0167
0,59.1281
0,51.6333
0,43.0458
0,40.2759
0,39.2625
0,40.5711
0,53.5355
0,40.8197
0,14.9060
0,17.6103
0,-30.3105
0,40.8630
0,23.3202
0,45.0261
0,57.9667
0,14.7302
0,-23.4250
0,36.8656
0,48.3000
0,34.6250
0,26.7529
0,46.7236
0,48.6833
0,32.4773
0,33.2383
0,47.7208
0,-19.9289
0,31.0167
0,41.8433
0,44.9358
0,56.0169
0,40.2220
0,41.7333
0,46.3667
0,-17.9708
0,51.6597
0,38.5355
0,-21.3150
0,25.9500
0,39.6015
0,50.8167
0,45.8231
0,48.5511
0,33.2833
0,39.1551
0,30.3821
0,42.4310
0,35.1223
0,56.2833
0,41.6254
0,38.8422
0,48.0683
0,38.9042
0,62.9171
0,12.4800
0,9.8989
0,43.1833
0,-27.1700
0,16.8000
0,15.5858
0,45.7128
0,37.3434
0,48.1789
0,50.5831
0,19.0778
0,-19.2808
0,45.5150
0,36.4180
0,-12.2339
0,36.3348
0,32.9242
0,48.3453
0,54.9333
0,39.3989
0,-20.4128
0,37.9536
0,-4.8689
0,42.5000
0,50.9108
0,34.2565
0,57.3600
0,49.6558
0,14.3800
0,44.8894
0,42.6449
0,27.7572
0,44.5500
0,45.6369
0,40.5739
0,43.0709
0,-22.3078
0,51.7877
0,46.3806
0,31.4508
0,10.6530
0,31.5065
0,12.4833
0,15.8233
0,38.0044
0,18.8500
0,8.1333
0,53.3130
0,16.5667
0,44.7957
0,-19.3089
0,-20.7619
0,-17.3972
0,49.2653
0,38.9306
0,47.4892
0,10.8286
0,31.6043
0,34.7181
0,40.7447
0,37.9085
0,37.6667
0,51.6070
0,52.2742
0,50.8831
0,37.3017
0,52.6772
0,40.8033
0,-22.7469
0,51.4003
0,48.8229
0,29.1760
0,42.0282
0,53.0083
0,30.3950
0,47.5497
0,57.8833
0,50.8331
0,4.9151
0,15.4556
0,51.8333
0,34.6006
0,53.1636
0,54.3500
0,48.9794
0,54.9447
0,31.0338
0,47.3197
0,37.7145
0,-38.3333
0,36.1030
0,36.4619
0,38.8151
0,-13.5989
0,10.8333
0,63.3728
0,28.1389
0,-14.7796
0,40.0014
0,-2.0650
0,47.7115
0,37.7667
0,50.1401
0,47.4174
0,53.1000
0,42.4175
0,40.6895
0,47.4742
0,-20.2258
0,33.6049
0,41.3179
0,-22.6136
0,32.2947
0,-12.3058
0,35.1578
0,51.1500
0,8.5244
0,36.3871
0,41.9312
0,52.2411
0,48.1917
0,6.0625
0,41.3645
0,-22.7558
0,52.8567
0,40.9541
0,-47.7500
0,38.3917
0,26.1090
0,47.6919
0,26.3617
0,60.2456
0,53.4500
0,38.5515
0,48.8109
0,33.6678
0,-3.9089
0,42.4742
0,52.5292
0,40.3333
0,-22.5500
0,33.7601
0,48.9578
0,47.5539
0,45.6333
0,41.5000
0,28.3412
0,-21.1350
0,-25.0239
0,43.6539
0,39.5963
0,49.5692
0,-11.3508
0,41.3000
0,53.7050
0,48.3941
0,41.7577
0,54.6136
0,42.1230
0,-19.8019
0,54.1500
0,31.3447
0,11.1097
0,68.4383
0,42.2167
0,35.3242
0,44.3981
0,29.5751
0,40.5167
0,41.6178
0,41.0500
0,30.2175
0,33.1869
0,45.5981
0,12.4750
0,17.5504
0,42.3106
0,42.9371
0,42.4970
0,43.2036
0,51.9500
0,-28.4667
0,-23.5167
0,38.9611
0,29.8785
0,40.9525
0,48.9217
0,48.2833
0,51.3167
0,33.3255
0,9.2333
0,-27.5000
0,42.9772
0,31.3414
0,48.0500
0,39.9333
0,55.0383
0,47.4356
0,50.8958
0,52.9849
0,53.2833
0,40.9015
0,26.5160
0,51.6419
0,-20.6394
0,43.3000
0,44.0400
0,33.7440
0,-21.4719
0,40.3113
0,50.9711
0,30.0502
0,20.3844
0,59.0197
0,35.2949
0,50.4375
0,-14.4278
0,36.2438
0,39.4578
0,51.9800
0,40.5000
0,-23.2808
0,45.6500
0,58.3321
0,41.5997
0,9.1833
0,40.4777
0,42.7833
0,31.2938
0,48.6392
0,43.1791
0,39.0608
0,-1.8833
0,34.4557
0,45.6983
0,34.5037
0,50.8950
0,48.0167
0,43.1000
0,45.0591
0,52.8750
0,39.9384
0,27.3328
0,47.3717
0,24.0814
0,27.5390
0,8.2917
0,5.8983
0,-5.3578
0,14.0751
0,13.9667
0,30.1348
0,45.4127
0,-23.9333
0,51.7389
0,13.2639
0,45.6000
0,42.4029
0,0.8533
0,43.1829
0,35.1139
0,42.5244
0,29.9008
0,32.5975
0,39.7693
0,41.8585
0,37.3831
0,48.4039
0,52.4000
0,33.5609
0,41.7333
0,52.3000
0,31.4046
0,14.1667
0,26.4726
0,-23.9128
0,30.3281
0,44.3931
0,36.8039
0,-37.4900
0,15.0500
0,41.8833
0,53.3833
0,29.8472
0,52.5833
0,35.5667
0,39.5481
0,41.0667
0,34.5187
0,39.4461
0,40.1506
0,44.2700
0,40.5667
0,30.4709
0,-20.4619
0,33.9458
0,50.2415
0,39.1207
0,39.9711
0,-16.8308
0,27.0729
0,43.9667
0,49.0500
0,-27.8508
0,-12.1278
0,53.2969
0,16.5533
0,35.7356
0,42.0593
0,27.5469
0,39.0730
0,51.0890
0,-16.7419
0,41.3817
0,-25.0108
0,30.0292
0,36.3377
0,9.9923
0,-23.7969
0,44.8856
0,51.2669
0,33.9153
0,40.3878
0,-24.3189
0,52.0667
0,49.3167
0,42.1286
0,49.5811
0,46.9918
0,-21.5622
0,50.5833
0,46.6203
0,41.5036
0,-2.5100
0,42.6857
0,35.8613
0,26.4759
0,-3.6719
0,40.1089
0,44.8500
0,32.8492
0,43.6414
0,20.2231
0,41.4880
0,13.3847
0,39.7667
0,45.6667
0,40.4901
0,44.1813
0,10.7978
0,-5.8239
0,-33.4833
0,47.7000
0,41.6335
0,-36.7162
0,-22.6106
0,41.7064
0,35.9485
0,41.4282
0,42.4119
0,-6.3489
0,47.6981
0,39.6572
0,41.2827
0,35.2645
0,-7.8050
0,50.8000
0,53.3583
0,55.8958
0,34.8736
0,-26.3667
0,32.2631
0,32.8544
0,43.6992
0,50.0667
0,25.8195
0,41.0833
0,-7.3778
0,40.4700
0,29.6930
0,-3.5689
0,41.6122
0,27.0434
0,33.1228
0,-18.0439
0,-5.3578
0,42.0221
0,44.7208
0,32.5500
0,44.4721
0,33.1778
0,51.9111
0,43.4695
0,47.5542
0,49.2500
0,41.6833
0,45.1370
0,40.7875
0,52.7575
0,40.5768
0,62.4319
0,50.5353
0,49.2369
0,49.6569
0,50.8102
0,45.8167
0,38.0512
0,33.8724
0,47.3500
0,38.5649
0,11.9052
0,39.8769
0,33.9434
0,43.6778
0,51.1333
0,30.0610
0,30.3371
0,49.8826
0,50.0353
0,2.5604
0,38.4482
0,40.1812
0,45.2389
0,50.9458
0,34.1849
0,-15.4978
0,12.6376
0,41.0555
0,43.4442
0,50.0519
0,18.7197
0,40.9033
0,49.2925
0,40.4833
0,47.6595
0,31.9013
0,44.1833
0,-2.5778
0,48.8381
0,37.4340
0,-26.4550
0,-3.5078
0,-7.6858
0,45.7833
0,38.2892
0,43.4756
0,-8.4658
0,-8.7119
0,-6.4167
0,45.4833
0,51.1667
0,50.5217
0,54.0050
0,-32.7150
0,43.4667
0,7.7500
0,35.0135
0,34.5596
0,41.5733
0,-5.9578
0,40.6781
0,41.0801
0,40.6000
0,5.5983
0,48.8919
0,16.5000
0,39.9659
0,55.3333
0,-11.7396
0,-10.6828
0,42.3585
0,49.3939
0,32.8500
0,51.5897
0,36.3947
0,51.0833
0,50.6378
0,42.7336
0,46.2853
0,-6.4358
0,51.5500
0,41.9408
0,48.0758
0,-19.4628
0,53.0333
0,52.0263
0,53.0700
0,-29.4508
0,42.7382
0,54.3667
0,18.3508
0,31.3783
0,-8.9678
0,46.5500
0,47.5186
0,52.5758
0,57.6080
0,54.3063
0,49.1833
0,17.5917
0,-22.1056
0,41.9278
0,39.8971
0,-10.7158
0,50.9128
0,48.0117
0,-28.3258
0,-27.3708
0,44.2803
0,32.8908
0,53.9050
0,51.0378
0,-16.8039
0,-20.3008
0,33.5806
0,9.4833
0,4.6733
0,-3.8496
0,50.6000
0,-23.1128
0,27.5251
0,50.7861
0,-7.1608
0,34.7498
0,-34.2300
0,36.9257
0,36.6554
0,51.9475
0,45.3833
0,42.1925
0,23.3700
0,-12.8069
0,-6.1508
0,55.4529
0,51.8510
0,47.0794
0,8.7914
0,44.3775
0,45.7917
0,43.2172
0,51.6950
0,54.4167
0,-21.8808
0,-7.2000
0,50.6667
0,37.7667
0,29.5333
0,15.7463
0,39.9100
0,44.4333
0,-19.5308
0,-0.9008
0,50.8225
0,51.2090
0,41.7248
0,39.2529
0,37.4000
0,-3.5419
0,-22.2475
0,40.4578
0,11.7000
0,42.4261
0,49.2061
0,50.4419
0,-26.4278
0,53.3312
0,30.6175
0,-9.5628
0,37.2167
0,51.6417
0,41.9833
0,46.4669
0,48.3044
0,28.9831
0,39.2825
0,49.0525
0,18.2833
0,-29.8839
0,40.2324
0,40.5744
0,55.7433
0,-10.7939
0,49.3167
0,14.9253
0,43.7000
0,40.7386
0,40.8761
0,45.4500
0,50.0167
0,41.5696
0,-11.0200
0,-23.1289
0,38.0332
0,35.2439
0,43.7256
0,48.3281
0,-5.9289
0,50.9303
0,45.5333
0,49.7305
0,50.6167
0,34.8969
0,-18.2939
0,45.8833
0,-34.4792
0,52.2049
0,50.8150
0,50.2000
0,21.2333
0,37.7500
0,60.4411
0,43.0871
0,27.8776
0,49.6539
0,50.7336
0,50.0000
0,45.6557
0,-15.4289
0,40.7092
0,48.8863
0,41.7117
0,-7.6237
0,-16.2628
0,43.5167
0,44.7167
0,48.1766
0,36.7676
0,-13.5789
0,55.9340
0,42.5333
0,51.1975
0,47.9258
0,48.0267
0,53.4340
0,43.6397
0,40.5181
0,51.3681
0,35.2571
0,37.1833
0,-12.3919
0,39.4190
0,48.3725
0,53.7040
0,41.5096
0,55.0333
0,49.7056
0,40.5632
0,14.4833
0,-30.5833
0,-15.7469
0,50.7333
0,40.8667
0,21.4569
0,24.5300
0,45.0570
0,41.9666
0,14.9333
0,43.6500
0,50.7956
0,41.3079
0,52.1167
0,-28.6496
0,50.2833
0,48.1667
0,49.3542
0,32.4817
0,10.0600
0,40.6996
0,-9.5769
0,42.2886
0,43.2792
0,-22.4069
0,48.2431
0,48.2556
0,-6.4128
0,49.8522
0,42.4167
0,38.5534
0,47.9242
0,25.0897
0,40.3031
0,50.5808
0,40.2997
0,-7.4828
0,-11.3728
0,16.6079
0,59.6667
0,45.3667
0,20.7278
0,46.6831
0,39.0168
0,50.3489
0,52.7711
0,-30.2908
0,-22.0061
0,7.8667
0,-8.0008
0,33.9375
0,46.9550
0,45.7314
0,43.0950
0,-20.0558
0,41.9862
0,14.4000
0,38.6587
0,41.5732
0,39.6040
0,48.7247
0,26.7219
0,38.9833
0,52.0481
0,49.9242
0,49.2053
0,42.6608
0,17.9200
0,48.7208
0,41.8624
0,18.5088
0,42.1351
0,48.6749
0,55.7337
0,-21.2019
0,20.7833
0,-29.0772
0,44.5639
0,45.0740
0,51.5256
0,47.2150
0,53.2482
0,48.0708
0,50.4254
0,52.7167
0,49.3658
0,-24.5158
0,45.6862
0,38.1333
0,-23.4167
0,32.8425
0,47.0828
0,19.1612
0,40.9833
0,28.4968
0,38.8888
0,52.0806
0,43.4214
0,48.3031
0,10.4481
0,40.9357
0,53.6021
0,34.6000
0,45.4333
0,43.4403
0,41.4261
0,45.5988
0,47.7269
0,54.8667
0,41.0500
0,36.3367
0,38.0923
0,-9.5289
0,42.2748
0,47.7574
0,1.3000
0,44.6333
0,46.3333
0,14.3258
0,39.8525
0,-30.0167
0,52.3167
0,48.1069
0,52.9831
0,36.0311
0,48.0375
0,32.9411
0,45.1865
0,42.0833
0,51.3500
0,41.9250
0,44.4488
0,36.5448
0,40.9167
0,14.8833
0,53.5860
0,-11.2589
0,43.5514
0,27.2438
0,-27.8333
0,52.8980
0,39.1549
0,28.8118
0,44.7500
0,-9.4650
0,49.4417
0,51.4167
0,36.6127
0,48.0167
0,31.3514
0,50.4450
0,52.6602
0,-20.3919
0,47.4244
0,34.8028
0,47.6331
0,32.5207
0,39.0817
0,34.2536
0,37.5167
0,-19.3319
0,49.3011
0,46.3159
0,35.6774
0,48.6886
0,0.6100
0,51.0347
0,8.2497
0,55.9800
0,51.9000
0,40.5862
0,29.3892
0,35.1736
0,45.5500
0,50.9428
0,55.6989
0,11.1167
0,8.1333
0,32.4934
0,51.2088
0,40.8323
0,38.1667
0,41.4647
0,51.0031
0,39.8644
0,47.2784
0,40.1740
0,48.4086
0,33.8503
0,56.3819
0,43.4078
0,40.7389
0,43.6835
0,44.3622
0,-29.3328
0,47.9731
0,-22.2333
0,49.6225
0,-33.4500
0,46.4817
0,48.2686
0,61.3484
0,-38.0083
0,34.3414
0,-11.4158
0,21.0128
0,42.0172
0,48.7767
0,-38.3403
0,52.2072
0,-32.8181
0,37.6869
0,2.2600
0,43.7000
0,47.1656
0,-21.5550
0,49.4492
0,47.9181
0,47.5631
0,38.3736
0,39.6666
0,9.6600
0,46.1667
0,40.2989
0,40.2989
0,-6.8278
0,49.7954
0,33.8458
0,45.3654
0,49.1656
0,44.3600
0,55.9538
0,37.9151
0,34.3962
0,58.3405
0,46.1706
0,-7.2989
0,-25.1171
0,-33.6333
0,48.9989
0,32.5506
0,49.7564
0,32.6722
0,40.1684
0,45.8200
0,-14.1628
0,42.0667
0,40.3102
0,46.9511
0,48.3800
0,48.3731
0,50.2883
0,48.0608
0,41.5172
0,52.8210
0,48.8110
0,47.3024
0,34.6278
0,38.9833
0,41.8022
0,35.6136
0,-26.6478
0,39.4000
0,30.8467
0,42.7833
0,32.8955
0,39.9920
0,41.6904
0,32.2125
0,38.5507
0,30.4240
0,-10.8228
0,40.2538
0,44.1047
0,-13.5319
0,38.7566
0,52.0417
0,37.0297
0,43.3439
0,48.7664
0,52.0578
0,-33.1500
0,43.4299
0,-14.0189
0,50.2240
0,50.9158
0,45.5833
0,29.9593
0,49.5800
0,41.6667
0,43.0418
0,52.2489
0,52.6622
0,48.9583
0,43.1211
0,-13.0850
0,-11.4950
0,-32.7167
0,-7.7258
0,14.3406
0,19.7000
0,42.1535
0,29.5716
0,45.1071
0,-27.1833
0,31.9505
0,39.0336
0,-24.4450
0,34.1373
0,46.0500
0,50.6597
0,47.5478
0,38.1500
0,52.2833
0,51.8939
0,43.7725
0,50.9300
0,40.6764
0,49.9728
0,19.2167
0,47.2614
0,53.4000
0,11.9263
0,14.9489
0,42.6866
0,32.9942
0,50.6439
0,65.1333
0,51.8439
0,40.8467
0,41.4816
0,40.3055
0,44.0000
0,53.7333
0,43.2332
0,48.5342
0,8.6870
0,45.4581
0,53.0833
0,51.3050
0,50.7611
0,44.3979
0,48.6253
0,26.8675
0,33.7871
0,41.4626
0,48.7186
0,-16.4102
0,61.4292
0,50.4500
0,50.5333
0,54.6500
0,34.0419
0,40.4491
0,45.6867
0,47.7569
0,-21.3108
0,37.6500
0,51.5992
0,59.3931
0,49.2194
0,13.8758
0,40.8575
0,24.4891
0,15.3069
0,41.7846
0,51.6628
0,40.3627
0,36.9500
0,12.3150
0,37.3167
0,41.4735
0,46.1333
0,51.6225
0,49.1000
0,17.2791
0,32.7109
0,39.4361
0,41.4213
0,32.3557
0,42.9893
0,37.7939
0,-38.9338
0,38.6176
0,46.3900
0,44.4472
0,49.8583
0,39.8689
0,40.7275
0,47.2817
0,52.8508
0,41.8865
0,37.4047
0,41.4833
0,50.4833
0,47.4344
0,-11.1406
0,42.1332
0,34.8500
0,44.3121
0,48.7894
0,42.9894
0,51.5655
0,-22.7658
0,44.0356
0,50.3575
0,53.5667
0,39.9167
0,52.5350
0,40.1000
0,37.3667
0,46.9500
0,-31.9134
0,7.7333
0,-3.4808
0,21.2015
0,46.5658
0,53.8000
0,38.7358
0,44.5333
0,30.5833
0,18.0167
0,43.0300
0,36.8167
0,-14.6889
0,56.4381
0,38.0789
0,49.6169
0,-21.3258
0,41.3697
0,19.9675
0,33.3869
0,35.6630
0,55.8167
0,51.3272
0,48.1247
0,43.0667
0,41.8210
0,-1.3964
0,49.5444
0,41.5165
0,40.1346
0,38.1500
0,45.2167
0,46.3000
0,50.5331
0,47.4181
0,42.9203
0,49.6514
0,-26.7208
0,39.7837
0,49.8353
0,-24.3878
0,50.8975
0,46.3425
0,55.9333
0,43.6564
0,32.5789
0,45.2000
0,44.8800
0,50.4797
0,30.4969
0,47.6000
0,-28.8344
0,14.8333
0,48.2822
0,39.2679
0,-14.8839
0,51.7667
0,49.9469
0,-32.7615
0,53.2304
0,45.0794
0,39.4792
0,26.9833
0,49.2238
0,-21.4678
0,42.9204
0,38.2031
0,56.3733
0,32.9395
0,43.7300
0,45.3833
0,26.8216
0,-22.4128
0,42.5297
0,-25.5839
0,50.5483
0,40.6437
0,45.3200
0,42.9234
0,38.7140
0,-5.6750
0,45.0833
0,44.6197
0,41.4363
0,-15.7750
0,51.1439
0,53.1706
0,53.1703
0,43.6281
0,44.4614
0,48.7214
0,-7.7100
0,44.6586
0,39.4228
0,35.8419
0,36.2930
0,-37.3833
0,51.4964
0,14.2306
0,25.2617
0,40.1885
0,49.3706
0,51.7086
0,-20.9139
0,34.4805
0,-5.4589
0,39.9341
0,41.4313
0,48.7347
0,-28.8578
0,46.1344
0,44.8167
0,39.5309
0,40.2502
0,45.4300
0,41.6362
0,29.1656
0,45.7300
0,-4.3833
0,48.9450
0,41.6441
0,25.2225
0,30.2562
0,26.5504
0,43.1860
0,37.5500
0,51.6556
0,35.2500
0,50.1605
0,48.9553
0,33.5986
0,44.3333
0,59.5617
0,-3.7600
0,38.3714
0,51.8897
0,41.0950
0,49.3708
0,49.5081
0,43.3694
0,41.6333
0,49.4847
0,52.4683
0,50.8000
0,38.3725
0,47.0955
0,35.4846
0,47.2309
0,26.0249
0,44.6352
0,44.3333
0,48.3119
0,34.1224
0,39.9454
0,-2.5908
0,-33.8611
0,-28.9258
0,45.7333
0,13.8929
0,-32.2654
0,-8.3219
0,12.4167
0,-12.7058
0,48.6408
0,40.8333
0,52.9663
0,36.5883
0,41.5558
0,34.5428
0,35.8500
0,37.4786
0,4.7633
0,59.0633
0,41.4242
0,-22.8800
0,7.7892
0,44.0451
0,46.0789
0,-30.7167
0,45.6000
0,39.9633
0,43.7608
0,32.6500
0,-12.1200
0,28.0590
0,39.6733
0,45.9089
0,32.3278
0,40.2905
0,14.6666
0,47.4114
0,-9.2728
0,15.4833
0,33.6480
0,48.3761
0,50.3983
0,45.1500
0,49.9647
0,40.9141
0,51.2811
0,50.9131
0,52.6667
0,52.0626
0,51.4500
0,51.2730
0,40.9231
0,43.4667
0,17.2500
0,32.6619
0,-32.9000
0,45.7169
0,40.6961
0,51.0000
0,53.1875
0,40.7000
0,32.0217
0,-14.6819
0,47.7950
0,43.2358
0,45.4583
0,26.5391
0,55.7606
0,25.8395
0,47.8167
0,16.1333
0,43.5406
0,43.2078
0,34.4977
0,38.4216
0,45.5000
0,48.9808
0,43.4688
0,41.6333
0,13.6667
0,52.9236
0,51.7592
0,39.1822
0,38.4673
0,34.1088
0,52.7000
0,43.0447
0,52.6667
0,39.0147
0,50.9406
0,35.0939
0,41.4152
0,51.4491
0,-20.8758
0,31.9849
0,52.0038
0,40.8279
0,-6.9000
0,32.6425
0,-14.0989
0,39.7033
0,41.2980
0,41.4767
0,48.0086
0,-4.8039
0,-22.0669
0,7.8167
0,-21.8669
0,51.5000
0,51.2731
0,33.8608
0,41.2340
0,-26.0978
0,43.3790
0,45.2981
0,34.3436
0,50.3369
0,9.8000
0,45.3333
0,41.0313
0,28.9391
0,41.7391
0,51.8000
0,50.0833
0,48.2150
0,48.4419
0,-6.3158
0,-12.5196
0,-19.2519
0,54.9931
0,17.2833
0,43.1126
0,9.1167
0,47.7194
0,15.7167
0,52.3129
0,45.7081
0,48.5833
0,42.2903
0,-41.1258
0,13.2168
0,8.5583
0,34.7122
0,-3.3139
0,51.7972
0,44.3142
0,52.1406
0,50.6800
0,50.1556
0,14.5864
0,45.3961
0,-38.0121
0,47.5333
0,42.5356
0,33.5440
0,47.4439
0,35.4136
0,49.1519
0,-27.4667
0,46.4500
0,51.2340
0,43.1875
0,32.4750
0,35.0997
0,11.1520
0,41.7995
0,33.8353
0,47.4864
0,47.4431
0,49.5903
0,15.0844
0,51.9833
0,-20.4558
0,36.7467
0,39.0986
0,13.7333
0,-4.8428
0,14.0858
0,47.3374
0,41.0167
0,-21.8583
0,39.6701
0,-17.4019
0,-7.9163
0,51.6500
0,-10.5800
0,38.6446
0,39.2159
0,-8.1833
0,40.9068
0,43.6300
0,-31.1069
0,50.4022
0,38.7580
0,36.8022
0,40.4000
0,8.4176
0,38.2333
0,48.6844
0,49.1833
0,13.6333
0,49.1383
0,50.0828
0,48.3728
0,50.3892
0,40.3145
0,39.1147
0,42.1848
0,55.7710
0,50.3562
0,60.1333
0,47.2307
0,43.2906
0,44.4912
0,10.5291
0,61.0096
0,49.4222
0,37.2333
0,43.3469
0,41.5696
0,47.8000
0,46.9361
0,-39.8500
0,45.6739
0,45.3647
0,51.8658
0,48.5667
0,43.6167
0,11.1500
0,35.1167
0,34.0223
0,19.1961
0,10.9667
0,48.8103
0,18.1914
0,50.6846
0,46.1700
0,31.2858
0,34.6667
0,48.5589
0,56.2028
0,47.6833
0,46.7221
0,39.9843
0,-32.3008
0,22.6800
0,33.8887
0,42.4627
0,45.8500
0,37.5667
0,40.3428
0,45.3500
0,56.7333
0,52.3667
0,29.7851
0,51.8800
0,-23.3800
0,20.1000
0,41.7526
0,-34.3851
0,52.2167
0,53.7281
0,42.7558
0,38.5667
0,36.5338
0,46.7667
0,49.2122
0,64.8694
0,45.9667
0,51.4084
0,43.5183
0,50.2667
0,49.1111
0,40.6315
0,-31.5778
0,50.9789
0,57.2333
0,50.4500
0,-13.7444
0,31.8944
0,-22.2308
0,-2.5719
0,30.9167
0,20.8848
0,37.3753
0,-33.9799
0,43.4878
0,16.6167
0,37.2333
0,43.6653
0,43.1288
0,36.7247
0,49.3214
0,40.0472
0,53.2000
0,-10.9408
0,28.0167
0,40.9090
0,46.8221
0,-7.8208
0,-22.4089
0,-22.9303
0,38.0667
0,30.2759
0,43.0392
0,52.3720
0,-21.4608
0,43.4333
0,-7.8539
0,30.6350
0,32.2041
0,26.9224
0,35.9046
0,48.9667
0,-31.6167
0,53.8964
0,41.6072
0,48.4686
0,7.3536
0,44.3333
0,69.1942
0,33.8116
0,41.1969
0,50.6270
0,40.8039
0,30.3520
0,43.2167
0,45.5164
0,42.7056
0,51.6470
0,40.2360
0,-8.3158
0,26.2773
0,45.4167
0,40.5302
0,52.9200
0,28.3170
0,40.1043
0,47.8147
0,35.6598
0,39.9483
0,-15.3969
0,47.2884
0,32.6652
0,44.9800
0,47.2400
0,42.5662
0,14.7284
0,50.9831
0,44.7425
0,30.1393
0,42.7133
0,6.7561
0,48.4932
0,51.1950
0,51.6009
0,18.4657
0,45.7833
0,46.7831
0,50.9136
0,45.8833
0,31.9833
0,48.8167
0,37.7983
0,50.4731
0,50.2260
0,47.4792
0,48.4119
0,45.4000
0,-1.0500
0,51.1700
0,52.4744
0,54.9500
0,37.2528
0,35.4800
0,19.9667
0,36.2500
0,51.5750
0,29.4793
0,41.9267
0,45.8333
0,51.8500
0,43.5361
0,-3.0339
0,7.4067
0,35.8926
0,42.9253
0,10.4592
0,38.1786
0,-24.0300
0,33.9963
0,49.1817
0,54.4454
0,49.6156
0,39.5328
0,-4.9739
0,39.1628
0,-3.8928
0,29.9765
0,52.9694
0,48.7381
0,-23.2539
0,19.6500
0,31.5336
0,44.2985
0,49.3419
0,44.5472
0,36.3333
0,-19.9828
0,51.5172
0,35.2585
0,40.7594
0,53.3758
0,48.1606
0,-5.5158
0,56.2667
0,36.4648
0,48.9164
0,9.4353
0,40.4095
0,64.2597
0,33.4047
0,53.6869
0,62.5833
0,-39.9167
0,-20.9228
0,38.7266
0,41.8081
0,-15.9650
0,53.3409
0,46.6167
0,49.8167
0,48.9383
0,-21.4878
0,-17.4000
0,33.9851
0,52.5132
0,-17.2089
0,-28.7000
0,36.8453
0,-11.7981
0,38.1667
0,53.5380
0,44.1000
0,39.1958
0,44.3122
0,52.8500
0,-22.4144
0,-25.0150
0,18.2583
0,56.5833
0,45.5667
0,38.0464
0,-24.0619
0,55.9450
0,55.6194
0,43.6667
0,40.7679
0,18.3392
0,16.7667
0,41.7495
0,45.7833
0,42.7667
0,47.9511
0,49.1592
0,44.7000
0,45.5875
0,-23.4519
0,53.8500
0,42.9868
0,48.5953
0,44.1128
0,28.2140
0,41.2697
0,51.3484
0,38.8551
0,28.6067
0,7.2500
0,44.1650
0,41.2922
0,49.0647
0,20.0000
0,46.8297
0,39.3237
0,20.2135
0,39.2847
0,34.0312
0,47.7314
0,30.2369
0,40.8905
0,-25.3678
0,37.6078
0,50.2986
0,38.0869
0,29.5825
0,-32.7150
0,43.4721
0,44.3764
0,50.2856
0,56.3000
0,47.8728
0,44.9947
0,39.6266
0,53.6830
0,43.3333
0,45.0579
0,30.2661
0,51.8333
0,44.8717
0,40.3461
0,40.4285
0,48.6833
0,34.1550
0,44.5183
0,9.6000
0,49.9532
0,37.2917
0,-19.6350
0,35.2211
0,51.7833
0,52.8000
0,50.1333
0,52.3667
0,51.0561
0,-0.9296
0,49.5722
0,40.0978
0,40.4167
0,38.9408
0,45.6500
0,-23.0389
0,24.4580
0,39.7400
0,47.5135
0,-33.4179
0,26.6299
0,33.8088
0,38.9558
0,50.0000
0,49.1667
0,18.0167
0,49.5000
0,48.0833
0,51.4410
0,39.9333
0,53.5008
0,-16.3689
0,-31.3163
0,43.2586
0,42.0980
0,17.6500
0,48.0483
0,48.9333
0,37.5000
0,53.4517
0,51.1100
0,52.4167
0,51.6242
0,31.6806
0,56.3492
0,40.5906
0,47.4901
0,45.8463
0,47.6031
0,53.6728
0,39.9569
0,43.2289
0,41.6637
0,-21.7400
0,44.1833
0,43.7764
0,-13.7600
0,52.2333
0,52.2333
0,32.3375
0,40.8565
0,35.3369
0,49.3150
0,31.3738
0,39.9833
0,42.0530
0,62.8278
0,53.4157
0,45.0137
0,40.7333
0,53.3253
0,40.8644
0,51.7386
0,48.8883
0,52.4390
0,17.3333
0,38.3825
0,-20.4219
0,45.1231
0,34.5866
0,-15.0228
0,21.5472
0,51.2656
0,11.6578
0,48.0425
0,45.6167
0,14.7836
0,10.3500
0,45.2000
0,41.7833
0,-3.4658
0,38.2016
0,26.4249
0,34.1018
0,35.3299
0,49.0833
0,53.5521
0,40.3147
0,46.1667
0,52.6833
0,-20.9358
0,48.3628
0,51.7004
0,37.9821
0,39.1518
0,51.2000
0,-12.2200
0,-17.3389
0,40.7589
0,41.9699
0,51.7500
0,35.5167
0,39.3542
0,42.1178
0,35.3433
0,30.5580
0,-8.4700
0,42.1320
0,52.2833
0,34.8281
0,-20.1458
0,54.6658
0,52.7856
0,41.3919
0,47.8400
0,-30.5900
0,40.7167
0,33.0038
0,42.3037
0,46.8333
0,47.5635
0,37.5511
0,41.4195
0,43.0421
0,-23.1500
0,50.0339
0,10.8667
0,37.9806
0,13.5853
0,41.2500
0,36.9512
0,46.3333
0,47.6833
0,44.7347
0,35.9451
0,43.5531
0,-14.0958
0,-3.6700
0,41.7828
0,41.3483
0,35.4630
0,17.5703
0,50.7681
0,47.4178
0,-6.5839
0,44.8412
0,40.9060
0,43.2514
0,40.1800
0,5.6969
0,53.8478
0,47.3667
0,-3.3167
0,44.3296
0,50.7000
0,43.3440
0,50.2110
0,53.3834
0,46.1236
0,48.1825
0,51.0342
0,43.9664
0,18.7667
0,41.9727
0,43.6131
0,-29.6089
0,47.9122
0,35.5153
0,45.5833
0,52.4833
0,-21.7108
0,42.6711
0,-17.7833
0,40.3047
0,46.0722
0,-17.6000
0,31.4419
0,40.0233
0,43.4333
0,-32.6833
0,47.2667
0,41.7000
0,53.3332
0,16.7775
0,48.2100
0,35.2167
0,14.1833
0,28.6114
0,51.2725
0,44.5542
0,41.0096
0,47.5169
0,51.9933
0,39.7000
0,40.5263
0,53.5344
0,-27.1658
0,40.8928
0,32.9572
0,34.7593
0,-29.7667
0,49.2806
0,37.6133
0,38.7371
0,39.2480
0,-5.2878
0,47.7169
0,35.4494
0,39.4387
0,49.9694
0,44.9216
0,42.6662
0,48.1269
0,41.0333
0,43.4267
0,44.1935
0,36.7348
0,29.2443
0,49.5053
0,-24.1789
0,39.0846
0,43.5000
0,8.9556
0,34.1500
0,52.6110
0,45.7983
0,47.4042
0,42.6903
0,-19.1939
0,-21.0828
0,47.3375
0,27.7463
0,38.8518
0,43.4272
0,41.3265
0,41.2399
0,42.3167
0,28.9347
0,28.0775
0,35.7333
0,37.5167
0,51.2496
0,27.9572
0,-16.1439
0,45.5967
0,-13.9089
0,50.4333
0,54.1930
0,32.7749
0,-3.5800
0,45.0667
0,52.1605
0,43.3117
0,45.3864
0,31.1600
0,54.6470
0,57.4667
0,52.5331
0,-16.9519
0,45.5209
0,46.1114
0,-11.0297
0,43.6975
0,53.4317
0,57.8506
0,19.2322
0,42.1064
0,41.6000
0,18.6000
0,44.9167
0,32.2843
0,35.2041
0,45.5167
0,31.4903
0,36.2936
0,29.4954
0,39.4181
0,36.7378
0,52.3167
0,37.4306
0,53.1299
0,48.8883
0,35.1898
0,53.3670
0,48.2167
0,37.9167
0,49.1261
0,50.3697
0,54.9710
0,46.3700
0,38.4369
0,47.5303
0,40.5711
0,-8.8028
0,33.5008
0,45.7439
0,9.5000
0,45.0833
0,47.5698
0,40.2737
0,19.6283
0,52.3667
0,52.5833
0,-29.6683
0,37.1318
0,-19.1719
0,42.8000
0,49.4833
0,47.0644
0,39.9500
0,-12.4350
0,37.9403
0,44.9125
0,-14.9400
0,45.6436
0,-7.8350
0,43.4700
0,43.7833
0,49.0000
0,41.4574
0,-32.7667
0,51.5831
0,21.3435
0,47.3342
0,17.4897
0,38.6000
0,37.9393
0,50.9500
0,34.7192
0,39.4343
0,28.4042
0,45.6842
0,48.4475
0,45.1856
0,-20.3900
0,42.7069
0,54.2167
0,2.0337
0,42.0054
0,12.6667
0,40.9167
0,48.2903
0,42.6650
0,-2.8369
0,37.0726
0,43.8011
0,44.4917
0,47.6867
0,-12.7378
0,-6.5939
0,-23.0839
0,41.1331
0,36.1014
0,42.1888
0,39.9569
0,52.8167
0,53.0667
0,44.9609
0,59.1667
0,32.5120
0,34.8514
0,47.8286
0,-10.5728
0,50.0172
0,-11.9658
0,54.0500
0,6.3264
0,-33.0950
0,-3.3333
0,28.8825
0,46.5331
0,-15.6069
0,35.7687
0,54.3122
0,41.4022
0,33.7816
0,20.1333
0,17.4500
0,-7.0839
0,-2.1608
0,-18.7250
0,31.4292
0,-21.4608
0,49.4917
0,51.2839
0,36.8667
0,42.8167
0,43.3181
0,46.1075
0,54.3566
0,39.9102
0,41.6833
0,46.4862
0,31.5992
0,41.1064
0,22.4871
0,47.3842
0,51.0239
0,48.2500
0,39.3642
0,39.7937
0,-9.1269
0,45.3333
0,-23.0378
0,47.2017
0,45.6000
0,51.3489
0,10.3247
0,49.8242
0,49.1936
0,52.3167
0,62.7333
0,50.6303
0,48.1917
0,18.1476
0,50.7577
0,36.8441
0,30.4432
0,42.6706
0,52.2282
0,33.9381
0,41.8439
0,48.4897
0,44.9751
0,45.8700
0,48.6167
0,48.1047
0,62.5333
0,41.3601
0,48.1478
0,35.3646
0,41.9143
0,47.9075
0,49.3236
0,40.2913
0,38.8831
0,-8.6139
0,51.5389
0,44.6242
0,37.3833
0,49.0764
0,39.8119
0,45.2500
0,-0.9369
0,-6.2508
0,47.9669
0,61.1333
0,48.8778
0,49.4875
0,48.5658
0,41.6957
0,43.1900
0,49.4719
0,45.7508
0,54.7972
0,32.2719
0,27.6573
0,43.7476
0,-22.1528
0,43.1714
0,-20.9639
0,60.5756
0,45.9500
0,-11.6678
0,28.9454
0,37.1413
0,40.3842
0,50.5083
0,40.3667
0,43.7114
0,40.7911
0,-29.7000
0,54.1605
0,51.5000
0,49.1500
0,35.3728
0,-26.9289
0,43.1836
0,43.9775
0,45.2050
0,48.9333
0,6.6044
0,36.4247
0,53.4498
0,47.4907
0,40.2538
0,33.2891
0,38.8617
0,-38.1333
0,-11.3583
0,42.3589
0,51.5906
0,39.2933
0,32.7353
0,36.5245
0,34.4058
0,-4.1500
0,8.7894
0,16.5000
0,6.2639
0,42.6713
0,52.1417
0,38.1634
0,-24.2458
0,45.2511
0,21.2997
0,48.6958
0,-2.1328
0,41.3667
0,51.3081
0,45.4500
0,42.7280
0,-27.3619
0,45.8500
0,-13.1278
0,52.2544
0,38.5015
0,32.9125
0,13.8369
0,39.6208
0,21.0053
0,37.1667
0,45.0775
0,33.2033
0,47.2189
0,23.7630
0,47.3017
0,44.1167
0,44.2905
0,30.9046
0,46.9311
0,50.7258
0,51.6167
0,41.8793
0,17.2995
0,41.5733
0,14.7000
0,36.0311
0,48.5112
0,32.6187
0,-14.4489
0,41.1233
0,50.0085
0,53.1981
0,44.5061
0,40.6148
0,40.5696
0,35.1877
0,-13.0478
0,53.7430
0,62.5861
0,43.6936
0,45.9333
0,44.1290
0,52.7033
0,33.8500
0,56.5000
0,-6.7900
0,-14.4358
0,28.5645
0,51.9778
0,9.3169
0,-23.4989
0,40.1400
0,38.3482
0,38.7942
0,33.5911
0,53.7100
0,-5.0850
0,14.9175
0,45.6681
0,45.8564
0,9.2342
0,30.6167
0,33.5429
0,39.9639
0,37.9833
0,52.8675
0,45.3557
0,40.2841
0,44.3525
0,54.9193
0,38.2192
0,-21.6208
0,40.7167
0,47.4625
0,42.1728
0,48.8300
0,47.3780
0,42.3219
0,43.1081
0,48.5333
0,15.8647
0,13.6167
0,41.8347
0,13.6333
0,47.3817
0,-35.3333
0,52.2728
0,48.8417
0,41.8167
0,-38.4000
0,48.4531
0,35.5384
0,40.9374
0,49.1992
0,50.7564
0,50.7356
0,48.2169
0,55.0480
0,-8.2767
0,34.3272
0,40.1576
0,45.3200
0,15.7304
0,31.5850
0,47.3833
0,48.3781
0,46.9481
0,8.2000
0,47.8353
0,52.0167
0,5.9000
0,48.3000
0,59.4500
0,-26.1928
0,35.1842
0,59.7794
0,-4.7450
0,53.3090
0,53.8947
0,-6.1100
0,30.8393
0,46.8878
0,41.3147
0,38.0500
0,50.4261
0,19.6667
0,40.5187
0,42.7183
0,-10.3662
0,53.1497
0,49.9831
0,47.1443
0,34.1000
0,38.4400
0,56.7080
0,40.2248
0,42.9633
0,53.2800
0,33.1631
0,33.1839
0,25.5614
0,52.0588
0,49.0708
0,41.2764
0,45.6118
0,40.3668
0,37.2283
0,38.0833
0,47.9892
0,47.2717
0,50.6839
0,43.4414
0,41.0534
0,-7.7219
0,50.7000
0,47.8027
0,25.6426
0,45.6833
0,43.2525
0,48.7000
0,43.6526
0,43.2534
0,43.9000
0,40.1420
0,50.3708
0,41.0294
0,51.2955
0,36.8931
0,40.8619
0,39.5455
0,52.6593
0,39.3515
0,32.1792
0,43.2375
0,47.8694
0,30.2810
0,39.8482
0,42.9464
0,51.0333
0,34.2812
0,47.8067
0,34.7992
0,43.5236
0,37.2667
0,-22.3200
0,44.4035
0,38.2122
0,48.7578
0,52.1310
0,44.3656
0,39.2428
0,32.4667
0,37.6333
0,-27.1028
0,31.5803
0,53.4167
0,37.2740
0,44.1691
0,38.6858
0,41.4895
0,-26.6269
0,40.6350
0,52.5167
0,33.2284
0,28.3594
0,49.3789
0,40.9814
0,46.8914
0,48.5264
0,42.2471
0,42.3648
0,31.4501
0,45.7636
0,41.5158
0,47.2858
0,34.1753
0,45.4704
0,36.3167
0,47.7890
0,42.5535
0,52.6000
0,46.1667
0,23.5000
0,43.9000
0,48.4894
0,50.2700
0,51.0722
0,52.4522
0,-7.0828
0,43.3847
0,-38.2260
0,52.2007
0,19.6500
0,49.2000
0,20.0124
0,45.0850
0,50.7778
0,51.9333
0,41.5124
0,41.7187
0,-21.0800
0,-1.0378
0,41.0500
0,48.7000
0,45.1333
0,38.6833
0,16.8667
0,50.3890
0,-34.6000
0,17.1290
0,43.7961
0,40.7333
0,21.8642
0,13.0470
0,50.7467
0,-1.4300
0,39.2563
0,54.3167
0,48.3189
0,41.0667
0,48.1000
0,59.0500
0,37.3000
0,47.7906
0,41.9234
0,41.9876
0,14.6500
0,14.0656
0,48.8569
0,39.8045
0,30.4200
0,-12.0250
0,42.8900
0,40.3395
0,40.0333
0,48.6131
0,42.6281
0,50.5000
0,51.8833
0,24.0559
0,50.6551
0,-42.9769
0,41.4849
0,40.3059
0,43.2142
0,61.2297
0,53.4197
0,51.8833
0,50.3869
0,16.5318
0,46.2667
0,43.7204
0,43.2372
0,28.6181
0,50.1208
0,-12.1358
0,34.0559
0,42.4575
0,34.3734
0,47.1389
0,50.5500
0,44.2494
0,49.3333
0,-35.4745
0,46.9306
0,45.5333
0,9.8291
0,41.5729
0,38.6229
0,44.1222
0,-11.6169
0,19.9500
0,45.3986
0,-22.1361
0,47.4718
0,40.0474
0,50.1500
0,-28.8483
0,44.5700
0,35.1117
0,43.1743
0,20.4034
0,43.1792
0,38.5569
0,35.1538
0,52.4972
0,-18.4539
0,45.3347
0,48.6156
0,-26.7378
0,-25.1469
0,4.1833
0,-19.2950
0,47.6831
0,53.2417
0,42.0513
0,54.9610
0,49.2500
0,55.4667
0,34.0368
0,41.5908
0,47.2658
0,-21.0258
0,45.5500
0,39.2936
0,-22.4128
0,-32.6125
0,31.6281
0,44.8333
0,39.3585
0,-16.9833
0,42.1333
0,6.5383
0,47.3608
0,-26.7828
0,50.3000
0,52.9044
0,45.0833
0,40.9667
0,40.8054
0,50.0667
0,43.6161
0,-16.5339
0,46.0669
0,-26.0700
0,36.4667
0,32.1355
0,28.2610
0,15.8160
0,59.9500
0,17.9214
0,39.5400
0,47.4525
0,48.4622
0,48.6517
0,43.2375
0,48.2947
0,44.6833
0,-20.3450
0,42.1163
0,61.8042
0,-10.3500
0,-19.9900
0,44.9833
0,45.5833
0,51.7962
0,30.0951
0,48.3406
0,-39.5833
0,63.3167
0,47.3167
0,-8.7269
0,49.7064
0,53.7970
0,25.4418
0,50.5178
0,-15.2628
0,40.7500
0,50.4581
0,45.6000
0,48.2084
0,41.0440
0,51.4301
0,48.5667
0,37.0555
0,51.6667
0,36.8175
0,-20.3939
0,59.2400
0,19.7500
0,49.4447
0,5.8772
0,27.7886
0,43.1425
0,33.3595
0,51.4050
0,41.5178
0,-14.4422
0,53.2214
0,34.6097
0,47.4694
0,55.1450
0,48.7619
0,48.6000
0,52.2500
0,51.9140
0,45.6833
0,47.7881
0,51.2370
0,35.2594
0,-6.8489
0,53.4500
0,-20.6508
0,33.7039
0,43.6933
0,40.0050
0,-6.2450
0,-7.3128
0,48.9794
0,-38.9908
0,49.3553
0,45.8500
0,42.8231
0,39.3390
0,38.6920
0,-12.2895
0,48.6225
0,19.7369
0,46.8161
0,51.7292
0,51.6258
0,43.4144
0,48.7414
0,42.0550
0,43.8167
0,44.7000
0,-5.6658
0,41.8739
0,31.9563
0,25.3500
0,45.6178
0,36.7555
0,43.3204
0,28.5233
0,51.4958
0,30.8075
0,42.5841
0,37.8333
0,41.6642
0,-4.2250
0,45.2667
0,31.9102
0,49.5483
0,40.9601
0,28.3326
0,48.5667
0,46.7333
0,37.2678
0,50.3300
0,37.8500
0,39.5933
0,36.5167
0,-12.8700
0,51.5167
0,-16.2850
0,13.9408
0,-32.0416
0,-21.1069
0,38.0497
0,51.9792
0,56.0500
0,-9.1667
0,32.7117
0,29.0256
0,-26.9228
0,37.8793
0,48.9569
0,47.9686
0,44.6392
0,28.4771
0,48.4831
0,45.6003
0,49.1869
0,47.3033
0,52.1000
0,51.1598
0,47.5333
0,43.3983
0,-19.1108
0,42.1185
0,66.4000
0,-21.6219
0,26.7217
0,13.8023
0,-27.6639
0,51.5210
0,-28.3408
0,52.7819
0,40.7218
0,41.7456
0,14.9333
0,11.0333
0,41.6757
0,37.4487
0,17.8910
0,19.9906
0,49.2985
0,48.8856
0,35.8428
0,38.9955
0,51.5330
0,45.3831
0,10.8000
0,49.3500
0,49.1333
0,29.1987
0,32.4194
0,-6.9639
0,37.6167
0,44.2833
0,55.8621
0,50.5294
0,48.6500
0,45.6819
0,32.6108
0,14.7361
0,53.5333
0,47.6215
0,38.6745
0,48.5667
0,-28.3308
0,49.3056
0,-32.7583
0,52.2831
0,49.4222
0,52.4192
0,47.6667
0,44.3167
0,51.1000
0,41.2602
0,48.2833
0,-7.2290
0,10.6667
0,50.8583
0,53.4539
0,59.0017
0,39.6386
0,53.7258
0,48.9722
0,-18.5658
0,47.5583
0,33.5594
0,52.3369
0,38.7292
0,49.5831
0,52.1380
0,49.2228
0,32.7333
0,32.4686
0,50.4692
0,50.9864
0,38.0500
0,45.5167
0,35.1167
0,43.6022
0,40.8881
0,41.5852
0,41.3226
0,56.9640
0,69.3836
0,-22.3550
0,35.5339
0,8.8572
0,-8.9208
0,49.6006
0,52.0500
0,-27.4597
0,39.5538
0,33.3715
0,50.7350
0,-35.7081
0,57.1167
0,17.9835
0,-16.5819
0,40.7833
0,64.9500
0,-21.3178
0,31.8697
0,57.7917
0,28.4865
0,43.0333
0,52.2894
0,43.2991
0,47.3525
0,32.5379
0,19.2028
0,43.4975
0,47.1742
0,36.3344
0,41.3979
0,47.3892
0,47.3667
0,51.1019
0,51.9381
0,40.2462
0,50.7083
0,52.0750
0,49.0278
0,15.4500
0,47.8000
0,41.4759
0,41.3805
0,40.5743
0,40.8428
0,48.8097
0,20.0177
0,48.0167
0,51.3506
0,52.8833
0,52.2054
0,40.6030
0,45.7333
0,51.1363
0,52.3700
0,45.6500
0,-22.9300
0,-8.7058
0,-24.9000
0,35.3850
0,31.2655
0,15.3008
0,32.0944
0,39.5746
0,37.2833
0,54.6360
0,-4.3058
0,51.2950
0,34.0294
0,33.7950
0,49.7081
0,67.6083
0,51.1919
0,16.5000
0,51.7667
0,51.5981
0,32.7784
0,40.0817
0,50.6853
0,-22.0508
0,-20.9219
0,37.9167
0,34.7414
0,35.1797
0,53.7917
0,-7.4478
0,38.8230
0,52.7281
0,51.9556
0,17.6490
0,51.4064
0,-6.4858
0,55.7500
0,48.6678
0,-21.4183
0,26.4561
0,38.9358
0,43.2006
0,42.6500
0,-20.5578
0,50.9931
0,16.9667
0,-24.6028
0,49.3933
0,-16.9439
0,46.3500
0,-14.5728
0,3.8808
0,46.2803
0,42.6181
0,43.0564
0,44.5067
0,43.4176
0,38.9985
0,42.3003
0,39.4083
0,55.7940
0,-8.9800
0,41.6500
0,-29.2839
0,54.0214
0,42.8618
0,10.0333
0,-28.6678
0,45.5333
0,-6.4108
0,45.8389
0,55.9667
0,1.2671
0,38.7673
0,40.1880
0,50.3610
0,43.6744
0,-25.3069
0,39.1625
0,5.0306
0,49.6500
0,49.7709
0,53.4800
0,-24.9389
0,35.9033
0,51.3333
0,49.3772
0,-38.7187
0,39.8167
0,53.1167
0,51.6497
0,49.2608
0,46.6967
0,-21.6614
0,49.8500
0,45.7667
0,39.5672
0,45.1833
0,46.5151
0,49.4406
0,30.7812
0,40.6483
0,37.9833
0,47.3875
0,39.3481
0,-5.3158
0,32.4442
0,34.1667
0,35.9617
0,40.6669
0,47.7689
0,40.8462
0,-12.0650
0,45.1167
0,49.6711
0,28.2957
0,43.2486
0,51.1031
0,40.7773
0,50.2514
0,33.2833
0,28.1809
0,39.1503
0,48.6840
0,53.0636
0,30.5700
0,46.9833
0,42.8101
0,52.6491
0,45.6500
0,-29.4969
0,26.4166
0,19.5000
0,41.1353
0,56.7667
0,27.1461
0,-23.1978
0,51.9833
0,45.6333
0,40.7333
0,-14.5139
0,44.8958
0,45.5000
0,49.0102
0,39.8228
0,-20.7719
0,50.9039
0,51.2658
0,24.6000
0,48.2950
0,49.1364
0,48.8747
0,48.7114
0,13.4458
0,23.2611
0,58.4500
0,37.3333
0,43.7155
0,33.2774
0,40.5352
0,48.8119
0,-10.5778
0,31.5617
0,-4.4569
0,50.1401
0,39.9667
0,-23.4333
0,45.5333
0,39.0460
0,13.8439
0,21.3892
0,53.8333
0,37.3539
0,45.0300
0,41.1000
0,50.5667
0,45.8872
0,-12.5628
0,41.5860
0,29.5317
0,46.0428
0,41.4833
0,38.7145
0,45.0333
0,41.2142
0,47.0110
0,-7.3550
0,40.6440
0,52.2167
0,34.4936
0,32.4333
0,59.5369
0,40.1534
0,41.9049
0,37.7833
0,45.5339
0,53.3667
0,48.6325
0,34.2671
0,69.4081
0,48.0167
0,43.7667
0,18.4833
0,-4.4178
0,-4.1558
0,52.3167
0,37.0253
0,49.4500
0,50.5497
0,47.4053
0,32.2933
0,-22.4628
0,50.3014
0,32.1667
0,40.8731
0,-10.0358
0,51.9900
0,-23.4695
0,32.1890
0,40.7868
0,20.2833
0,31.8137
0,-11.4289
0,54.0000
0,38.7602
0,54.8667
0,33.2517
0,45.3726
0,43.3972
0,38.2644
0,53.2833
0,45.5817
0,9.4014
0,53.3080
0,-7.3589
0,47.9596
0,44.0079
0,40.0380
0,53.6595
0,43.5141
0,51.8167
0,32.3516
0,38.6851
0,46.7211
0,47.3747
0,45.7444
0,44.8733
0,44.7667
0,48.6569
0,51.1178
0,40.1085
0,37.2467
0,41.9586
0,42.7994
0,49.0439
0,47.0264
0,-3.5889
0,42.5897
0,29.6341
0,55.1411
0,33.7972
0,29.9627
0,17.1500
0,53.5720
0,41.4507
0,46.0905
0,41.6000
0,-29.5850
0,30.3582
0,9.3028
0,45.7361
0,31.8189
0,38.0117
0,-25.8072
0,39.0464
0,44.1667
0,-20.6728
0,37.5573
0,42.5667
0,32.3400
0,9.5958
0,42.3264
0,47.1973
0,38.8872
0,47.3500
0,58.3833
0,35.0525
0,48.2219
0,36.1973
0,53.7860
0,-34.2889
0,12.0667
0,-23.2054
0,37.7167
0,51.2570
0,9.9519
0,40.0333
0,36.2501
0,41.8310
0,42.3658
0,52.3338
0,32.7133
0,-12.1508
0,41.0647
0,53.1070
0,28.2430
0,14.3739
0,40.7467
0,41.0061
0,-21.0989
0,38.0648
0,-8.1858
0,-27.6496
0,41.9694
0,41.1613
0,42.2063
0,-4.9000
0,39.8665
0,-0.0047
0,31.5339
0,39.4306
0,45.6083
0,4.7336
0,31.4500
0,39.9333
0,34.0019
0,42.4261
0,43.5500
0,41.6433
0,54.8500
0,-23.7278
0,29.0167
0,45.6500
0,-12.0819
0,40.2618
0,-14.8600
0,50.9516
0,47.8897
0,-6.2428
0,45.8961
0,52.1333
0,45.9236
0,44.8815
0,-30.2578
0,-14.4139
0,52.0100
0,48.2000
0,51.5890
0,37.5649
0,49.9447
0,50.7447
0,40.3084
0,-10.1369
0,35.0390
0,52.0067
0,40.2197
0,42.8705
0,49.0542
0,39.1922
0,-4.0969
0,48.0886
0,58.0942
0,45.6500
0,52.0542
0,41.0893
0,50.9667
0,30.7667
0,49.4697
0,51.8500
0,42.8333
0,-8.8833
0,54.7128
0,53.4302
0,43.9114
0,33.4850
0,39.8955
0,29.2861
0,-10.7908
0,35.2544
0,42.6137
0,48.2719
0,52.3153
0,49.1000
0,50.4594
0,39.9286
0,41.9604
0,47.8560
0,39.0170
0,-27.3667
0,15.6556
0,-20.6939
0,-26.2389
0,47.7992
0,42.2400
0,-21.7986
0,39.0571
0,-8.3278
0,43.1056
0,21.4451
0,37.3854
0,49.9333
0,44.3461
0,-3.4069
0,49.1583
0,40.5551
0,-28.0150
0,36.3921
0,9.2674
0,33.6885
0,39.0654
0,45.0833
0,44.2167
0,7.4703
0,46.5831
0,49.0625
0,46.0333
0,53.7000
0,-21.0914
0,-16.4269
0,53.3589
0,34.0746
0,26.2785
0,30.4904
0,51.8100
0,54.9333
0,39.7000
0,19.0556
0,19.6178
0,47.3883
0,-14.8550
0,48.3333
0,50.2294
0,-0.5333
0,13.9333
0,31.8878
0,43.5764
0,39.8989
0,-19.2189
0,49.1425
0,16.7928
0,17.0833
0,32.7931
0,49.3256
0,55.6352
0,43.5500
0,-30.8500
0,43.8761
0,49.1392
0,43.3947
0,38.4000
0,-38.3333
0,53.6833
0,47.4997
0,48.6142
0,48.5667
0,13.9511
0,25.8826
0,43.5346
0,15.6667
0,52.3752
0,36.8993
0,47.5775
0,33.2692
0,9.0000
0,41.1225
0,32.7333
0,48.8386
0,53.9167
0,41.7759
0,44.4869
0,47.4831
0,14.9322
0,43.7617
0,58.3667
0,35.1114
0,43.6315
0,50.2944
0,44.4600
0,39.7353
0,45.7500
0,-22.8628
0,45.3416
0,41.9266
0,-15.7258
0,-8.7419
0,39.9694
0,10.6014
0,36.8272
0,19.0400
0,50.4934
0,39.8924
0,55.1000
0,14.7478
0,-32.7819
0,42.6806
0,34.5156
0,48.0000
0,35.7728
0,47.2380
0,-9.1108
0,53.0394
0,50.8490
0,15.6833
0,50.1629
0,48.6133
0,-13.2938
0,50.5175
0,60.9389
0,48.7983
0,24.4575
0,44.6934
0,48.4042
0,47.4261
0,19.5828
0,42.6500
0,32.7506
0,8.1092
0,-29.0928
0,48.0731
0,49.2312
0,-22.8208
0,47.9611
0,35.8761
0,52.1422
0,34.7667
0,18.1437
0,46.1092
0,49.5416
0,34.5699
0,51.2080
0,54.7667
0,35.0228
0,18.1865
0,45.5000
0,-22.6681
0,37.8167
0,47.4278
0,35.9644
0,40.8313
0,41.3939
0,48.9700
0,-26.8939
0,43.4931
0,47.7417
0,41.2831
0,54.0000
0,50.3833
0,44.8033
0,39.2909
0,59.7639
0,45.7335
0,42.1403
0,-20.9308
0,52.4500
0,40.4264
0,45.4386
0,42.0697
0,26.8350
0,45.4233
0,-29.4558
0,42.8356
0,51.9667
0,50.7856
0,51.5833
0,42.0188
0,51.3900
0,50.8558
0,41.8346
0,49.6563
0,12.4547
0,30.2500
0,34.5988
0,46.5975
0,36.2994
0,27.9226
0,36.2631
0,34.4545
0,46.4167
0,50.6817
0,32.5825
0,57.7833
0,-6.4358
0,-7.0908
0,44.1500
0,27.9915
0,-22.8508
0,31.7135
0,-26.4558
0,46.6486
0,40.5000
0,53.3577
0,-25.5708
0,29.5866
0,51.7833
0,-7.0878
0,45.3305
0,28.1782
0,38.2412
0,36.8658
0,34.4307
0,4.3781
0,4.9081
0,50.1167
0,51.8877
0,-14.3139
0,36.7370
0,36.1667
0,38.9621
0,50.2946
0,41.0086
0,51.1275
0,27.2587
0,50.9919
0,-33.2808
0,54.5619
0,43.9333
0,48.9536
0,40.1830
0,38.6317
0,47.7356
0,44.4578
0,36.1833
0,55.5667
0,-21.7681
0,52.0389
0,37.3333
0,18.0175
0,46.6500
0,-39.6419
0,45.0672
0,37.8333
0,43.3171
0,40.9372
0,38.2054
0,40.2927
0,49.0611
0,18.0380
0,40.3414
0,53.3960
0,37.0922
0,63.6000
0,39.9432
0,45.8500
0,63.7500
0,44.5802
0,47.9000
0,38.6454
0,-11.4119
0,41.6692
0,41.9499
0,59.3617
0,41.3284
0,39.5362
0,45.7797
0,46.6833
0,-21.8900
0,34.6303
0,49.2050
0,41.5603
0,41.1572
0,-20.7258
0,50.9167
0,19.1433
0,19.6667
0,38.2543
0,42.8607
0,39.0186
0,-11.5639
0,-23.8650
0,-30.2167
0,50.6667
0,44.9344
0,-4.1650
0,40.9878
0,40.5818
0,-19.4369
0,33.2330
0,-12.9908
0,-11.9989
0,40.8192
0,-18.1500
0,45.0031
0,-40.7616
0,46.2722
0,37.6057
0,42.6431
0,46.8678
0,26.4975
0,47.2675
0,46.2833
0,44.6442
0,40.1686
0,43.4003
0,17.1833
0,56.2500
0,36.6978
0,-9.1678
0,32.2328
0,47.3867
0,35.8763
0,40.8586
0,32.8808
0,-19.9550
0,30.3039
0,49.9083
0,-34.3000
0,42.1608
0,43.5261
0,-26.8719
0,42.3794
0,-19.8258
0,29.6705
0,-5.4978
0,50.5117
0,43.0553
0,51.3280
0,55.2000
0,42.1471
0,-4.5850
0,15.0700
0,35.1894
0,-22.2200
0,44.1564
0,-13.3819
0,47.1039
0,45.5704
0,56.1844
0,40.8025
0,31.5145
0,35.2497
0,53.5147
0,44.1697
0,34.4777
0,49.3833
0,41.0127
0,51.4933
0,45.3500
0,46.6622
0,13.5833
0,45.5167
0,46.1784
0,-22.4408
0,53.1142
0,41.6500
0,-22.2708
0,52.3219
0,55.4833
0,-26.5333
0,46.4922
0,42.0843
0,43.2972
0,41.6339
0,40.7397
0,42.4940
0,44.6986
0,44.8393
0,52.3881
0,57.3833
0,39.9734
0,44.0000
0,40.3937
0,48.0856
0,20.5833
0,41.9949
0,43.2617
0,34.5937
0,48.5864
0,47.5910
0,47.3325
0,48.0652
0,42.9833
0,-25.2058
0,43.9914
0,41.2743
0,51.5333
0,39.9737
0,46.2917
0,36.6901
0,40.7841
0,15.2482
0,44.5800
0,37.2222
0,36.1389
0,39.7296
0,48.6797
0,-9.2789
0,34.2000
0,14.9979
0,50.9481
0,49.1739
0,41.0024
0,38.5930
0,-24.2750
0,-20.6478
0,14.7490
0,35.2348
0,49.0130
0,43.1341
0,8.5756
0,-20.9128
0,51.3833
0,49.6897
0,37.3842
0,42.7736
0,-5.2728
0,45.7000
0,59.3081
0,42.9542
0,44.1333
0,28.8885
0,44.7568
0,53.7833
0,39.2682
0,42.4589
0,35.3483
0,49.1667
0,-30.9000
0,47.4369
0,51.5810
0,50.4333
0,38.8800
0,44.5528
0,55.0333
0,45.6000
0,44.2564
0,44.7208
0,-29.6667
0,41.1220
0,30.2132
0,38.2481
0,36.7581
0,47.6687
0,52.1592
0,53.4500
0,55.6432
0,43.1468
0,41.1817
0,49.1469
0,51.3033
0,48.6033
0,48.6833
0,53.3743
0,-21.3639
0,42.2011
0,42.1719
0,47.8528
0,45.8258
0,43.6314
0,40.0010
0,52.4398
0,32.5385
0,40.8286
0,51.8331
0,40.0241
0,44.0540
0,-6.0469
0,54.5667
0,8.4167
0,48.0833
0,-6.9339
0,50.5833
0,-21.2758
0,38.0000
0,-9.4000
0,40.2492
0,44.7667
0,41.4953
0,24.7579
0,-27.4778
0,40.0802
0,49.4725
0,49.2531
0,44.4500
0,9.6104
0,54.1667
0,41.0020
0,44.0167
0,32.1167
0,42.7811
0,51.1667
0,47.8500
0,41.2431
0,39.9417
0,48.3156
0,49.2542
0,47.2167
0,-15.4639
0,-19.4819
0,37.4902
0,44.7667
0,50.7333
0,-19.8739
0,48.0578
0,41.7333
0,48.4219
0,46.2022
0,40.7167
0,39.1167
0,43.6472
0,41.0612
0,13.7065
0,49.9889
0,-37.1194
0,50.6833
0,-22.6889
0,32.3470
0,45.2171
0,50.8022
0,53.0167
0,19.1575
0,51.5100
0,38.8754
0,45.6728
0,48.5289
0,-6.4650
0,37.3833
0,46.8091
0,38.9237
0,39.6163
0,19.1799
0,63.9292
0,-23.1022
0,20.8000
0,49.4944
0,51.6011
0,50.6333
0,28.4833
0,-15.9508
0,55.5322
0,50.1333
0,-5.3408
0,-36.8000
0,30.0800
0,55.9979
0,47.0532
0,16.7081
0,36.9978
0,6.4764
0,44.6430
0,50.6497
0,53.5399
0,53.3137
0,50.0808
0,-0.7864
0,34.2994
0,52.8037
0,50.2689
0,44.4250
0,-19.4489
0,43.1072
0,39.1058
0,14.6013
0,42.1136
0,39.2496
0,48.8564
0,-27.0358
0,45.6500
0,49.6611
0,48.3194
0,47.4772
0,41.2833
0,-0.9428
0,41.2012
0,-6.4878
0,47.1797
0,37.9210
0,-15.9000
0,39.0471
0,-45.6000
0,17.4331
0,39.3550
0,40.8489
0,29.5077
0,49.8039
0,12.5167
0,44.4902
0,54.6694
0,38.4167
0,50.6833
0,51.2925
0,-3.3639
0,47.2575
0,-3.2496
0,-19.2319
0,13.6486
0,50.1180
0,62.0986
0,51.3667
0,42.6667
0,43.6989
0,41.3249
0,49.0514
0,61.5770
0,62.2003
0,38.4600
0,35.6912
0,37.3728
0,37.6000
0,50.3703
0,47.3417
0,33.9809
0,28.3367
0,44.9167
0,51.6968
0,51.6267
0,50.5458
0,-21.5869
0,41.8000
0,-21.6558
0,-14.4228
0,9.7000
0,40.6883
0,30.1675
0,62.1641
0,-10.2269
0,20.0296
0,51.2833
0,48.8333
0,41.8950
0,37.8833
0,36.0172
0,47.3433
0,19.9892
0,13.3515
0,20.7419
0,53.4106
0,49.3542
0,42.2975
0,-33.9833
0,48.3647
0,28.1459
0,-4.7528
0,39.4462
0,43.9127
0,46.9833
0,-7.3728
0,19.8833
0,35.0240
0,53.4661
0,33.7059
0,6.4708
0,47.6190
0,49.6502
0,39.3921
0,41.2018
0,-20.4986
0,5.7837
0,34.1014
0,34.1687
0,-22.6839
0,40.5881
0,40.9039
0,47.2056
0,48.1806
0,18.9869
0,50.8560
0,-21.1939
0,51.4167
0,45.8800
0,53.9050
0,47.1664
0,53.5080
0,49.0636
0,44.9044
0,43.1942
0,48.3500
0,44.9911
0,49.5724
0,18.0827
0,48.8631
0,51.5228
0,53.5907
0,47.8053
0,42.0558
0,44.8867
0,40.3167
0,48.8697
0,42.4052
0,45.3852
0,31.9600
0,31.8667
0,39.3667
0,48.6819
0,44.6667
0,47.1608
0,51.7897
0,20.6217
0,45.5137
0,3.7192
0,44.0763
0,40.9645
0,39.4625
0,35.5758
0,-11.8128
0,52.7137
0,29.5993
0,-16.5108
0,44.7747
0,31.2167
0,41.7485
0,29.7452
0,45.3833
0,45.3667
0,51.1346
0,52.4333
0,42.4264
0,34.1230
0,52.1294
0,47.4172
0,48.6711
0,43.9573
0,19.2647
0,33.5672
0,45.5333
0,-23.2219
0,46.3173
0,45.0448
0,43.9691
0,43.4881
0,31.6025
0,-37.7833
0,49.9110
0,51.0238
0,46.3833
0,18.4382
0,44.7444
0,-28.9828
0,45.0378
0,43.2024
0,43.1583
0,53.0549
0,-2.0000
0,37.1500
0,40.1188
0,28.8600
0,41.9219
0,40.7369
0,-21.2528
0,42.5289
0,50.8500
0,38.3000
0,32.6322
0,47.9500
0,31.0833
0,34.1255
0,50.1167
0,16.8167
0,50.7017
0,44.7286
0,-37.2500
0,41.9195
0,31.5792
0,43.3932
0,47.3353
0,44.9167
0,-32.0010
0,53.2950
0,9.9167
0,34.5628
0,38.3333
0,37.1833
0,19.7858
0,-5.9908
0,9.9561
0,41.6454
0,37.8167
0,36.3053
0,-12.4828
0,39.7415
0,36.9754
0,26.5804
0,42.1954
0,45.6547
0,45.5667
0,40.4667
0,32.6128
0,29.7282
0,47.2583
0,-9.8319
0,44.4023
0,-23.1939
0,44.6142
0,51.5580
0,-9.2539
0,-7.6319
0,43.2301
0,48.1553
0,30.3374
0,27.5908
0,61.6333
0,30.6978
0,-33.8183
0,51.6000
0,53.0110
0,48.1667
0,46.0481
0,51.0500
0,49.7517
0,47.4042
0,-7.6028
0,41.4039
0,-9.2458
0,-33.3833
0,49.3603
0,38.1000
0,32.8403
0,40.8650
0,19.7000
0,42.0667
0,45.5333
0,49.2494
0,44.3621
0,-27.2650
0,44.7253
0,-7.2050
0,35.2385
0,-26.8528
0,33.3743
0,33.5927
0,31.8325
0,54.9830
0,40.7617
0,-18.0839
0,52.1167
0,48.7306
0,60.4569
0,49.5000
0,44.0333
0,48.6150
0,10.8742
0,51.3833
0,42.3332
0,38.4805
0,37.1947
0,-22.0628
0,39.3167
0,48.2264
0,-14.0169
0,43.7408
0,54.0500
0,35.2404
0,35.3700
0,56.3167
0,39.9400
0,55.3556
0,37.4751
0,-1.4028
0,38.0836
0,45.7167
0,43.4469
0,34.5807
0,-12.9308
0,41.4349
0,32.7772
0,33.7118
0,45.4833
0,45.2333
0,47.9153
0,43.6200
0,-6.4769
0,12.8000
0,35.3350
0,-24.4239
0,41.8893
0,38.1186
0,28.3897
0,51.3770
0,43.3622
0,38.6894
0,44.7088
0,49.5839
0,34.6575
0,42.8038
0,40.3317
0,41.7926
0,-28.9969
0,31.3477
0,43.1833
0,40.4497
0,17.2500
0,45.6333
0,43.5322
0,-25.8278
0,31.2647
0,34.9100
0,49.7831
0,37.5833
0,-9.7539
0,42.6030
0,51.7231
0,40.0281
0,50.8000
0,52.4547
0,40.5849
0,43.6583
0,29.3885
0,39.5625
0,-37.6833
0,50.3344
0,51.2403
0,-5.5500
0,52.0496
0,46.1961
0,51.3500
0,53.8647
0,52.0739
0,53.1660
0,58.8500
0,-2.9667
0,44.6629
0,-36.7000
0,44.6222
0,-7.3496
0,27.9633
0,31.7483
0,43.6922
0,52.3446
0,41.9044
0,-12.7719
0,47.2394
0,-18.8228
0,42.2000
0,41.5756
0,-27.9058
0,52.3680
0,-21.1683
0,48.3667
0,49.9499
0,37.6121
0,54.4833
0,-6.7800
0,49.3714
0,52.0667
0,45.9600
0,-6.1058
0,32.2575
0,-22.4708
0,55.9833
0,49.8167
0,44.4333
0,45.0940
0,22.0910
0,-14.3719
0,52.0333
0,45.5972
0,38.3403
0,37.6924
0,-17.4439
0,43.0103
0,14.1000
0,50.8456
0,68.6962
0,41.8389
0,14.6918
0,36.9314
0,13.9241
0,33.4747
0,32.0333
0,49.9682
0,39.6431
0,30.4808
0,37.9400
0,41.9465
0,48.6250
0,52.1357
0,36.0833
0,39.4463
0,48.0481
0,50.6667
0,40.2242
0,38.5967
0,53.8667
0,49.8328
0,37.7289
0,-31.4278
0,40.4000
0,49.8721
0,-4.9800
0,-18.1339
0,43.4556
0,-16.9119
0,36.8624
0,35.3681
0,42.5461
0,36.0833
0,41.2921
0,45.7000
0,39.0342
0,51.1580
0,19.5342
0,48.9492
0,36.2934
0,46.6222
0,38.5319
0,43.7013
0,37.6760
0,60.2097
0,28.2881
0,-14.2589
0,41.7139
0,45.7667
0,47.4922
0,38.2833
0,37.5833
0,43.7358
0,32.5783
0,64.1333
0,40.0667
0,45.3500
0,48.5397
0,-28.6378
0,42.6386
0,42.5628
0,14.6058
0,30.6286
0,41.1447
0,44.8069
0,50.0019
0,43.1381
0,49.7992
0,51.6317
0,8.6664
0,50.7694
0,41.0667
0,41.9017
0,41.7286
0,33.0093
0,45.9000
0,38.4581
0,15.6000
0,-21.0278
0,49.0669
0,51.6014
0,54.4000
0,42.4256
0,47.2097
0,48.8714
0,-6.7869
0,38.0500
0,40.3438
0,-7.6408
0,48.1000
0,-21.7783
0,34.9833
0,29.9609
0,45.0244
0,38.7672
0,40.5663
0,44.6956
0,52.6333
0,40.4629
0,43.5650
0,52.2500
0,45.8914
0,43.4522
0,50.6000
0,-13.2858
0,61.1764
0,51.2158
0,44.6167
0,42.4614
0,59.3750
0,34.2167
0,60.3833
0,62.1468
0,28.4476
0,39.7903
0,41.7282
0,44.6697
0,-5.4550
0,36.8345
0,47.4667
0,36.2940
0,36.3386
0,61.5667
0,47.3081
0,27.6747
0,44.6500
0,52.3167
0,35.3127
0,50.4167
0,38.0176
0,51.2278
0,21.1333
0,51.7042
0,35.4675
0,40.1333
0,28.4651
0,44.6050
0,38.8529
0,43.1678
0,48.6856
0,28.3933
0,48.9167
0,32.4693
0,34.9667
0,47.4469
0,28.6020
0,41.6877
0,37.4019
0,-20.0878
0,43.5489
0,32.9441
0,61.6560
0,45.3167
0,12.1833
0,-28.8719
0,56.8198
0,55.9500
0,28.3237
0,-14.1896
0,41.4042
0,-9.8308
0,52.0458
0,43.5486
0,58.4033
0,42.2861
0,23.3568
0,45.8244
0,57.3139
0,16.5904
0,49.5990
0,18.0250
0,32.7775
0,42.4239
0,38.3500
0,51.6933
0,46.5961
0,50.9333
0,-8.8178
0,34.3912
0,14.7000
0,40.2123
0,33.5667
0,39.2088
0,49.4692
0,34.6994
0,43.1000
0,38.7495
0,52.4920
0,-12.6150
0,40.7000
0,34.5897
0,31.7000
0,45.6500
0,46.6500
0,41.4441
0,48.0167
0,44.7333
0,20.1333
0,43.0322
0,20.7844
0,8.3667
0,47.2189
0,45.7833
0,54.9500
0,51.6558
0,52.5408
0,43.0569
0,-22.8978
0,18.5791
0,52.8500
0,-33.2833
0,39.7879
0,-20.1378
0,46.0500
0,-10.7278
0,39.0711
0,13.9611
0,51.5667
0,42.2515
0,40.6790
0,58.8869
0,43.7789
0,9.2167
0,-37.7333
0,40.7679
0,48.0050
0,53.3508
0,35.4912
0,58.8333
0,38.0368
0,48.4517
0,43.6100
0,-37.7833
0,40.1899
0,-13.7619
0,33.6064
0,30.1291
0,-32.6617
0,44.0481
0,48.6214
0,39.7197
0,-5.6578
0,-20.8800
0,53.5063
0,45.1350
0,33.2925
0,28.2605
0,38.7529
0,43.5219
0,-34.7751
0,35.1203
0,41.4103
0,12.6167
0,58.1333
0,39.8706
0,-21.0778
0,-17.7796
0,50.8667
0,12.5431
0,47.3144
0,47.4303
0,46.0894
0,-4.6478
0,49.5067
0,45.5667
0,45.4339
0,47.6000
0,33.5880
0,53.1500
0,51.3558
0,-20.0167
0,49.5928
0,36.2403
0,47.3219
0,43.9833
0,47.6000
0,55.9597
0,48.6561
0,17.4168
0,34.3562
0,38.7266
0,39.4399
0,39.4667
0,47.0639
0,43.6286
0,50.3167
0,51.0833
0,45.4761
0,41.8121
0,58.0333
0,-15.9239
0,43.0528
0,49.9833
0,-33.5333
0,17.4262
0,49.2333
0,29.5283
0,41.5829
0,-20.3508
0,43.3268
0,49.0886
0,25.8670
0,49.3833
0,-17.3196
0,44.1736
0,50.1831
0,43.9667
0,-26.4995
0,63.7464
0,48.1917
0,41.2353
0,61.4519
0,49.2833
0,45.6373
0,48.7058
0,56.3315
0,-17.8728
0,38.1789
0,48.1500
0,39.9333
0,46.2294
0,-19.8300
0,47.9542
0,40.0348
0,52.4406
0,43.2102
0,46.8167
0,45.5000
0,42.5220
0,40.3635
0,-21.0939
0,39.0167
0,45.2500
0,48.9664
0,40.7779
0,52.5000
0,20.0918
0,41.5589
0,54.5711
0,17.4057
0,40.6376
0,47.6167
0,-24.0019
0,49.4500
0,34.8574
0,41.6655
0,35.8428
0,33.1107
0,26.0409
0,-15.3208
0,-25.0519
0,5.3069
0,-21.9550
0,51.1792
0,34.4787
0,43.4000
0,39.5667
0,-6.1578
0,48.1511
0,50.6000
0,-16.9928
0,48.5300
0,61.0000
0,20.0167
0,50.6606
0,36.4268
0,31.7611
0,34.1480
0,40.8225
0,44.0492
0,40.6207
0,48.6228
0,40.3000
0,-0.6639
0,-7.9939
0,55.8667
0,48.4586
0,43.5161
0,43.6399
0,50.2200
0,45.9167
0,17.1000
0,53.3760
0,41.2004
0,50.3381
0,-14.4378
0,56.5916
0,45.7000
0,44.6500
0,32.7342
0,55.4889
0,48.7319
0,42.9177
0,44.1625
0,41.0074
0,44.0333
0,56.2667
0,48.7664
0,43.0438
0,48.4322
0,40.2306
0,-21.1089
0,42.4407
0,29.5978
0,-16.0950
0,44.8934
0,45.6403
0,41.5500
0,50.3936
0,34.5314
0,40.7273
0,40.7996
0,45.4153
0,34.0324
0,52.6950
0,40.7876
0,12.6196
0,39.2243
0,55.9667
0,9.5083
0,-3.9128
0,20.1667
0,43.3146
0,51.7260
0,14.7167
0,47.4122
0,49.3575
0,51.8833
0,41.8600
0,-22.7800
0,-18.6219
0,41.2284
0,-30.3833
0,37.7915
0,-20.8908
0,11.2569
0,51.9094
0,42.8333
0,50.7701
0,48.5586
0,51.8333
0,-19.0211
0,45.0721
0,31.6667
0,50.5636
0,28.9330
0,50.1436
0,48.6500
0,51.2358
0,45.7000
0,27.9570
0,-5.1228
0,49.9122
0,45.7000
0,44.8551
0,51.0760
0,-16.3750
0,33.9072
0,50.9486
0,47.2872
0,44.5167
0,47.6453
0,-27.0667
0,45.6000
0,38.6833
0,31.9117
0,-14.7058
0,40.9819
0,19.0000
0,49.5607
0,-26.9089
0,51.7381
0,41.6478
0,-38.4333
0,51.0500
0,28.0036
0,-14.8978
0,48.3439
0,36.9353
0,42.9472
0,28.1583
0,-3.2258
0,-13.0050
0,42.2802
0,26.6615
0,48.6239
0,39.2679
0,41.4905
0,39.5073
0,-27.7669
0,18.4833
0,-28.3833
0,41.0216
0,-21.0931
0,50.1333
0,41.4051
0,6.2875
0,60.6167
0,-8.2300
0,38.2306
0,49.5500
0,45.3833
0,45.3000
0,46.1742
0,50.4942
0,46.1167
0,47.8392
0,50.2167
0,-4.2469
0,43.9378
0,47.5644
0,44.1121
0,40.8857
0,53.4500
0,48.5200
0,48.7503
0,51.2333
0,45.1833
0,33.0939
0,47.6882
0,48.4500
0,46.0500
0,40.9419
0,48.1719
0,52.6000
0,52.3925
0,-25.2028
0,46.5036
0,30.4167
0,54.0196
0,42.1515
0,43.6739
0,45.7833
0,43.3200
0,43.0950
0,4.5092
0,47.9089
0,50.9783
0,52.4508
0,45.6333
0,47.5467
0,-5.0219
0,47.8136
0,40.0831
0,14.6867
0,48.2656
0,44.6667
0,-6.4139
0,46.4000
0,45.2167
0,44.8634
0,47.0572
0,39.1167
0,53.9500
0,54.7881
0,45.3819
0,35.2167
0,40.0634
0,40.7424
0,40.3919
0,32.7400
0,47.9667
0,49.4742
0,39.5000
0,41.6953
0,50.0399
0,42.7250
0,48.0500
0,47.8000
0,51.6723
0,33.4000
0,48.5428
0,13.6167
0,13.7217
0,54.2333
0,53.5833
0,52.4580
0,36.6417
0,43.3742
0,35.4903
0,-24.0278
0,47.2328
0,41.1518
0,14.4626
0,-29.5389
0,-14.9769
0,19.1586
0,44.2014
0,49.2792
0,54.3541
0,33.6681
0,52.4667
0,4.9957
0,48.2683
0,45.8492
0,39.3167
0,11.4667
0,-11.7100
0,29.8493
0,46.3237
0,6.1442
0,38.0514
0,43.4917
0,20.8372
0,43.9978
0,49.5615
0,55.2000
0,-29.4650
0,14.9602
0,-6.9269
0,48.5417
0,44.7667
0,53.7167
0,45.5333
0,47.9828
0,-13.0700
0,2.4978
0,43.4775
0,48.7422
0,37.6000
0,-11.1000
0,14.8992
0,42.3519
0,47.5103
0,54.0160
0,30.0472
0,44.9172
0,32.2934
0,49.9833
0,37.9683
0,50.6731
0,56.7167
0,-16.8428
0,48.5427
0,45.8500
0,47.9276
0,39.9137
0,48.7833
0,46.9131
0,21.1000
0,-22.0989
0,42.0833
0,51.8310
0,-18.9158
0,35.4761
0,-39.2858
0,44.6425
0,31.6000
0,47.2753
0,28.6392
0,45.0167
0,35.4854
0,41.8934
0,-21.7258
0,43.3503
0,41.2106
0,40.5213
0,57.4833
0,32.6514
0,50.5000
0,54.0060
0,47.1969
0,41.8500
0,-7.5119
0,-8.2200
0,43.2833
0,44.0085
0,39.7603
0,42.0400
0,62.2597
0,39.3240
0,-11.8200
0,53.6667
0,40.5421
0,42.3012
0,39.5348
0,35.5285
0,36.7178
0,50.2015
0,49.9790
0,47.1725
0,37.2883
0,43.5694
0,39.9643
0,50.1331
0,-14.9200
0,52.6272
0,41.0510
0,40.9239
0,53.3220
0,45.3333
0,50.7006
0,-11.2522
0,43.4500
0,34.1667
0,16.3383
0,43.1500
0,41.0134
0,45.2586
0,40.2667
0,50.4492
0,44.7748
0,47.8167
0,42.0261
0,33.9296
0,52.7167
0,44.1333
0,43.4411
0,-15.6208
0,43.3250
0,40.8144
0,40.2644
0,-27.7000
0,55.0914
0,-16.3708
0,49.2606
0,51.8333
0,50.7000
0,43.3200
0,43.0714
0,48.0497
0,45.6000
0,40.2905
0,45.4333
0,8.6358
0,43.0414
0,43.2407
0,9.9500
0,45.8513
0,50.3975
0,36.5000
0,49.4000
0,41.3017
0,33.2833
0,43.0368
0,50.7356
0,39.6348
0,40.4135
0,44.4967
0,52.5331
0,42.7809
0,42.0611
0,38.7044
0,53.6440
0,-19.0728
0,40.4626
0,43.7811
0,38.6529
0,-3.0860
0,41.0000
0,46.3567
0,49.4167
0,40.9347
0,36.0981
0,17.0000
0,48.8167
0,43.5928
0,40.1428
0,42.5350
0,-19.6978
0,46.0903
0,32.2567
0,47.6803
0,50.6386
0,30.6281
0,40.4291
0,41.4831
0,47.3597
0,43.1983
0,35.9572
0,49.9927
0,45.7333
0,49.1015
0,61.5000
0,40.4167
0,44.6086
0,45.2000
0,52.2550
0,18.4991
0,38.8631
0,38.7601
0,9.7571
0,51.9763
0,53.2000
0,44.0750
0,43.7967
0,41.0936
0,41.2333
0,53.6620
0,43.3967
0,46.7667
0,48.0833
0,29.7468
0,-18.3295
0,13.9333
0,51.9575
0,32.0275
0,40.3784
0,49.5867
0,47.5200
0,43.4000
0,54.6436
0,50.8262
0,-7.0596
0,43.9699
0,40.0911
0,16.0167
0,19.9692
0,44.7167
0,44.3349
0,35.9680
0,6.1019
0,48.1781
0,39.5678
0,50.8281
0,43.6441
0,17.2713
0,54.0833
0,49.7580
0,38.7176
0,56.2333
0,45.1333
0,-14.6000
0,50.9089
0,48.2092
0,35.4867
0,35.0192
0,17.6834
0,27.8832
0,48.3217
0,41.5868
0,27.6594
0,-25.4000
0,63.8667
0,-16.1196
0,50.0172
0,29.9373
0,63.0000
0,51.5018
0,52.9428
0,15.1788
0,57.6760
0,40.9261
0,14.1000
0,34.5022
0,50.8500
0,-20.9528
0,47.1734
0,45.4126
0,42.0991
0,46.7228
0,34.6527
0,47.4822
0,45.1502
0,32.2004
0,-16.6178
0,50.8240
0,49.7622
0,41.4759
0,52.1333
0,52.2000
0,42.9114
0,41.0136
0,34.9319
0,37.2500
0,52.8333
0,51.6500
0,43.8825
0,63.3667
0,43.2317
0,29.0565
0,48.1864
0,39.9833
0,45.5792
0,37.2594
0,44.3333
0,35.8073
0,51.9867
0,35.2001
0,37.6667
0,38.9070
0,37.3167
0,65.3167
0,37.9637
0,48.2720
0,33.0736
0,49.7413
0,46.0500
0,35.4500
0,49.5406
0,47.4761
0,49.0179
0,-9.1889
0,45.6000
0,19.1756
0,34.3800
0,52.7833
0,51.9156
0,39.7461
0,17.7255
0,47.8933
0,-20.1969
0,29.5693
0,47.8919
0,35.4633
0,62.4917
0,45.8409
0,46.1342
0,27.2855
0,45.5500
0,47.9317
0,55.9580
0,-27.7350
0,48.5928
0,22.3000
0,16.5333
0,59.5936
0,50.6439
0,64.8083
0,46.8500
0,25.1224
0,41.5036
0,31.4569
0,43.5336
0,43.6539
0,43.5600
0,43.5236
0,47.0997
0,40.2386
0,34.2606
0,38.8385
0,51.1130
0,-7.6958
0,44.5167
0,42.9653
0,40.8034
0,47.9853
0,43.7894
0,47.3233
0,-30.9667
0,69.4000
0,-22.7678
0,39.9590
0,43.1328
0,50.5092
0,43.5142
0,40.5500
0,54.8167
0,51.8719
0,42.9833
0,35.5287
0,-19.5489
0,49.0500
0,42.7447
0,12.9714
0,57.1167
0,53.9956
0,52.4500
0,44.3167
0,37.8844
0,47.4103
0,19.3708
0,-22.8889
0,33.6976
0,28.3102
0,62.7056
0,25.4453
0,47.5167
0,52.6081
0,40.4333
0,52.1300
0,42.6028
0,38.3769
0,47.9000
0,54.4167
0,40.8808
0,44.7650
0,47.3717
0,-14.2419
0,39.0270
0,9.1531
0,45.6000
0,49.7078
0,-30.1908
0,40.7833
0,64.9333
0,41.0555
0,51.1419
0,-40.3167
0,17.1625
0,29.7778
0,48.7239
0,47.3206
0,43.9393
0,38.5167
0,40.9847
0,53.5200
0,39.3457
0,40.2928
0,37.7000
0,45.5525
0,45.5833
0,40.0319
0,46.8256
0,45.6333
0,50.0479
0,47.3028
0,43.8685
0,51.3347
0,41.7758
0,55.1049
0,50.5197
0,52.0117
0,41.9243
0,36.7586
0,43.4586
0,53.4114
0,50.2081
0,45.9000
0,52.2577
0,44.6622
0,46.4547
0,52.9784
0,9.8667
0,40.3058
0,-22.4258
0,39.6840
0,53.3819
0,39.0181
0,49.0225
0,56.1667
0,8.5261
0,53.5417
0,42.0857
0,57.3660
0,42.6043
0,35.2476
0,50.9469
0,-6.3658
0,53.0733
0,40.6866
0,41.6036
0,54.4242
0,13.5333
0,17.9684
0,49.1474
0,49.0342
0,47.2039
0,51.1762
0,50.4667
0,-23.6408
0,64.5167
0,45.0619
0,38.5897
0,45.6000
0,62.1292
0,49.7012
0,43.5761
0,37.0123
0,48.7742
0,50.1585
0,37.2767
0,44.7000
0,13.6918
0,18.5167
0,48.7950
0,38.6963
0,53.8022
0,18.4180
0,50.4350
0,45.5658
0,62.3500
0,45.6075
0,45.5619
0,41.7463
0,42.3503
0,44.8606
0,54.2922
0,48.4289
0,47.4675
0,-37.8097
0,42.0699
0,52.4540
0,50.6759
0,48.0833
0,48.1220
0,14.3121
0,37.0518
0,62.1575
0,49.3386
0,52.7833
0,39.7953
0,38.8514
0,39.1166
0,53.8167
0,51.8800
0,43.4499
0,30.5534
0,60.3972
0,45.6667
0,46.7400
0,39.2903
0,39.3785
0,45.6833
0,60.5708
0,44.7749
0,54.9200
0,49.3487
0,59.9833
0,44.8463
0,51.9250
0,40.1350
0,-6.1269
0,51.3290
0,19.2939
0,41.9773
0,44.3333
0,52.5787
0,31.9033
0,42.2806
0,49.4261
0,30.2233
0,42.8210
0,-5.6169
0,16.1600
0,48.0483
0,39.2167
0,32.4408
0,39.8379
0,-34.5483
0,34.0609
0,33.8787
0,41.5638
0,-34.4500
0,43.5883
0,52.3667
0,18.4152
0,44.5212
0,39.6022
0,63.2833
0,41.3855
0,45.6858
0,18.9163
0,52.3500
0,47.3308
0,43.2566
0,34.9167
0,45.4835
0,45.7375
0,48.6350
0,50.2047
0,33.9342
0,56.4211
0,51.7736
0,38.8355
0,-13.3289
0,21.0588
0,40.9060
0,49.7234
0,34.5056
0,-28.1833
0,54.9830
0,47.2167
0,61.0556
0,52.0833
0,39.2628
0,40.3475
0,43.4075
0,35.4570
0,54.1100
0,45.7333
0,49.5614
0,47.6514
0,47.2153
0,50.8500
0,-12.2869
0,46.7400
0,40.8952
0,30.4743
0,-11.9419
0,-46.1920
0,39.1416
0,37.9238
0,37.3667
0,32.2800
0,47.4097
0,40.7810
0,41.6070
0,29.1024
0,41.0362
0,67.2596
0,38.1739
0,43.3881
0,50.7905
0,19.7819
0,47.3700
0,45.5481
0,32.5167
0,40.8733
0,45.5569
0,-33.9000
0,47.0160
0,38.7333
0,35.3308
0,41.1612
0,50.1333
0,-34.9786
0,47.0483
0,13.4833
0,37.6833
0,43.0998
0,57.5572
0,47.9206
0,47.5200
0,39.9049
0,49.7413
0,19.8946
0,39.9167
0,51.2738
0,58.0828
0,50.9481
0,35.0675
0,42.7666
0,42.0544
0,50.3446
0,48.1778
0,54.3739
0,55.2167
0,43.5581
0,38.1763
0,20.0767
0,52.0845
0,43.0610
0,41.4188
0,38.9621
0,50.3033
0,28.6677
0,42.2347
0,48.3119
0,48.6589
0,43.5989
0,40.4500
0,49.3003
0,46.2167
0,46.1390
0,41.4993
0,41.2658
0,34.1985
0,41.4009
0,34.5844
0,-36.5519
0,41.7697
0,43.2567
0,38.3574
0,28.4403
0,39.0518
0,44.9500
0,53.1400
0,43.5216
0,45.7500
0,42.9716
0,50.6669
0,53.2740
0,37.1167
0,17.3833
0,50.2697
0,68.8831
0,51.1564
0,43.4981
0,-14.9469
0,19.4449
0,52.9833
0,51.8033
0,19.6238
0,53.6139
0,50.7970
0,50.6080
0,40.8179
0,57.8167
0,44.4348
0,-18.5450
0,43.1797
0,32.5520
0,47.9822
0,45.2958
0,50.5426
0,33.2421
0,45.5667
0,32.8976
0,45.6731
0,51.8667
0,42.8667
0,37.4167
0,52.6500
0,41.8167
0,49.4100
0,-19.6528
0,38.8187
0,42.9084
0,39.9016
0,43.1797
0,48.0167
0,52.0339
0,45.1278
0,40.0986
0,42.2436
0,45.4167
0,34.2803
0,50.5897
0,42.1783
0,49.5625
0,41.7598
0,-31.5578
0,36.9607
0,28.4348
0,50.8689
0,44.6833
0,45.8761
0,41.9944
0,32.0333
0,32.3274
0,-18.9828
0,40.1864
0,45.8500
0,49.0167
0,39.7469
0,37.6429
0,27.5435
0,40.7833
0,44.6399
0,45.3167
0,46.1167
0,52.2897
0,52.2000
0,31.8818
0,43.6644
0,45.8306
0,32.1942
0,38.7882
0,8.9996
0,46.0572
0,46.8058
0,52.3833
0,52.3240
0,41.8776
0,40.8167
0,52.6167
0,40.5430
0,36.3155
0,-23.0033
0,51.7910
0,39.6927
0,48.1958
0,34.7825
0,38.5352
0,45.1820
0,51.8500
0,53.5442
0,28.5644
0,40.9571
0,-23.4108
0,44.1000
0,48.5092
0,45.8500
0,38.9943
0,46.5028
0,50.5170
0,37.3167
0,-20.8739
0,53.2222
0,49.8500
0,50.7500
0,52.2167
0,27.9808
0,48.0447
0,37.8786
0,46.9000
0,46.6333
0,17.0500
0,53.0530
0,43.7742
0,33.9337
0,44.8225
0,49.2775
0,45.9000
0,48.5286
0,50.5928
0,39.1500
0,37.4353
0,-31.2611
0,42.6078
0,33.4936
0,37.8160
0,-20.4158
0,50.4839
0,-33.7483
0,51.8333
0,33.6682
0,36.3879
0,45.8314
0,36.5167
0,37.3665
0,51.6000
0,9.1653
0,48.5661
0,40.2010
0,41.4052
0,35.0339
0,36.7667
0,42.6000
0,45.5236
0,47.4869
0,44.3842
0,47.5225
0,27.7235
0,45.4863
0,20.8392
0,50.1830
0,33.0450
0,13.7268
0,55.1764
0,39.4194
0,43.5606
0,-8.8389
0,43.1718
0,49.8694
0,44.1644
0,53.8333
0,8.1490
0,52.5667
0,47.8147
0,58.5960
0,47.0028
0,51.2897
0,51.1167
0,45.6089
0,35.0675
0,46.4511
0,8.9500
0,36.7522
0,50.6000
0,35.3606
0,45.3167
0,-20.9050
0,42.2489
0,-20.0008
0,40.2791
0,47.1733
0,45.5471
0,48.7100
0,17.3000
0,51.6594
0,35.5706
0,39.9950
0,51.1833
0,41.5615
0,46.9433
0,52.5167
0,-23.4700
0,41.6086
0,43.6500
0,6.1878
0,48.2967
0,42.4677
0,39.9342
0,40.5170
0,41.5873
0,49.3833
0,45.2978
0,41.7469
0,49.4869
0,32.9010
0,40.9561
0,45.8167
0,41.6128
0,45.3500
0,40.9240
0,48.1747
0,45.6833
0,45.7373
0,36.2561
0,52.9667
0,43.6890
0,32.2064
0,48.0933
0,50.2486
0,18.9500
0,16.3298
0,30.3456
0,51.2940
0,42.1076
0,50.9667
0,37.6167
0,50.4747
0,55.8407
0,37.4074
0,54.9400
0,48.0267
0,42.4300
0,33.9739
0,40.5833
0,50.0817
0,45.6333
0,44.9667
0,37.2962
0,42.6003
0,50.6310
0,52.2664
0,37.9528
0,45.7592
0,45.7497
0,47.3597
0,51.8140
0,48.1733
0,41.8385
0,53.3000
0,17.9167
0,41.7502
0,41.5061
0,36.4214
0,37.3167
0,39.4492
0,40.5608
0,41.0303
0,43.5347
0,48.4519
0,41.6657
0,-25.9928
0,27.1446
0,33.9192
0,54.5164
0,49.5053
0,18.7836
0,47.1079
0,50.4053
0,-26.5578
0,49.9242
0,41.6594
0,49.7039
0,45.4464
0,44.9328
0,39.1457
0,42.7500
0,35.0450
0,26.6825
0,50.9000
0,49.3278
0,20.8536
0,41.4461
0,36.1456
0,44.4833
0,46.8738
0,47.6667
0,43.6735
0,54.9500
0,55.9417
0,40.2000
0,18.9851
0,30.8926
0,-18.1439
0,45.4048
0,50.3878
0,45.6586
0,49.4108
0,47.4200
0,55.6389
0,39.6167
0,44.6333
0,47.4939
0,-11.7828
0,47.6460
0,36.0708
0,40.6667
0,-16.0058
0,-13.2589
0,34.8847
0,50.7389
0,52.3378
0,43.9625
0,-12.0169
0,40.2792
0,52.5497
0,54.8970
0,37.3405
0,40.0500
0,49.2678
0,51.2175
0,43.3103
0,48.5333
0,35.1490
0,42.6671
0,47.7064
0,40.7336
0,41.5575
0,50.8000
0,33.3932
0,32.3528
0,-9.5000
0,45.8353
0,40.1540
0,43.1732
0,44.4500
0,35.7252
0,47.3889
0,43.4344
0,-11.5289
0,39.3576
0,33.0920
0,45.4500
0,50.6728
0,56.1838
0,44.1667
0,57.7833
0,34.0587
0,52.6267
0,39.3743
0,35.1169
0,39.2833
0,44.9058
0,52.1667
0,50.0167
0,59.3372
0,-15.9658
0,49.7770
0,45.7000
0,41.3962
0,54.4911
0,51.9436
0,-9.2358
0,46.7167
0,51.5667
0,30.3126
0,47.4331
0,49.5208
0,50.5151
0,45.8000
0,16.9500
0,42.1337
0,48.1867
0,35.0253
0,33.3647
0,33.1914
0,45.4000
0,40.8667
0,40.1756
0,-19.9478
0,47.2933
0,29.9000
0,16.8333
0,29.3531
0,46.4059
0,47.1536
0,39.8667
0,36.0333
0,35.5890
0,-37.4167
0,40.4618
0,4.5186
0,37.1531
0,44.2440
0,47.8500
0,30.2403
0,28.4799
0,50.0374
0,49.2825
0,52.1031
0,-25.9500
0,37.6955
0,-17.5269
0,43.4725
0,31.4175
0,61.6778
0,-12.9708
0,37.9667
0,54.4333
0,48.3712
0,45.1249
0,35.2134
0,30.5308
0,47.5656
0,49.1878
0,-21.9569
0,42.0426
0,53.2603
0,20.0333
0,45.2833
0,33.6258
0,43.3114
0,35.7641
0,43.0383
0,45.9833
0,13.9000
0,51.8730
0,55.6397
0,-10.7378
0,55.4458
0,49.0828
0,41.4706
0,50.5000
0,52.0500
0,40.6696
0,49.1550
0,43.8415
0,43.9879
0,62.4736
0,48.9008
0,47.6197
0,47.2539
0,34.7667
0,12.4167
0,-13.7978
0,39.3180
0,46.5500
0,-22.0000
0,38.1500
0,43.9417
0,-26.3939
0,57.4667
0,50.8303
0,45.4017
0,33.0148
0,41.0167
0,39.1067
0,21.3311
0,45.7681
0,38.7797
0,30.3874
0,48.1019
0,47.6749
0,45.6833
0,52.2539
0,50.9710
0,45.5633
0,51.8167
0,43.1364
0,48.3172
0,-23.2044
0,44.7728
0,32.3359
0,36.2998
0,36.2119
0,16.8333
0,44.9492
0,55.2000
0,38.0000
0,-28.1580
0,27.8575
0,49.9772
0,46.5500
0,46.1528
0,41.3687
0,36.6667
0,36.7401
0,30.8791
0,44.3897
0,39.5922
0,45.5631
0,34.8022
0,48.6792
0,-22.1678
0,39.2580
0,35.2000
0,52.9422
0,38.9588
0,47.1464
0,50.8086
0,41.9093
0,-26.6180
0,40.8371
0,28.9175
0,42.8465
0,-6.3689
0,50.4945
0,52.5833
0,33.1757
0,49.3369
0,53.1637
0,-20.1719
0,50.9983
0,43.3114
0,40.8540
0,5.5589
0,38.0245
0,30.8930
0,50.6233
0,45.4167
0,45.6833
0,48.5078
0,35.1512
0,41.9798
0,53.8833
0,44.9500
0,39.6215
0,47.8831
0,-21.1878
0,10.3586
0,44.5167
0,39.1063
0,41.8132
0,-6.8278
0,49.1750
0,50.4739
0,41.6833
0,42.1741
0,38.1594
0,45.4689
0,50.4181
0,29.8039
0,44.6425
0,46.4258
0,28.0922
0,44.1487
0,-28.2500
0,13.7167
0,38.8667
0,47.1617
0,44.6500
0,50.4003
0,35.0005
0,-23.1758
0,28.0839
0,52.2600
0,-37.6680
0,45.3250
0,49.3856
0,32.8444
0,45.9700
0,39.8032
0,46.2164
0,45.6394
0,45.7103
0,43.0111
0,52.3833
0,40.6356
0,26.8845
0,38.8307
0,39.4500
0,55.0917
0,35.8110
0,44.9167
0,48.9230
0,41.5988
0,49.4483
0,52.9486
0,-21.1889
0,43.1027
0,17.1011
0,20.9188
0,46.9497
0,50.8000
0,40.7798
0,46.0419
0,49.0583
0,30.0379
0,45.5167
0,52.1740
0,53.0792
0,55.6450
0,38.0167
0,48.5500
0,16.6500
0,45.3500
0,52.2814
0,47.9714
0,43.6419
0,41.6167
0,47.2533
0,45.4416
0,49.0519
0,41.7714
0,48.0500
0,49.6841
0,51.6167
0,43.2818
0,45.8056
0,34.9985
0,53.5960
0,42.7928
0,41.3456
0,48.8133
0,15.6078
0,41.3500
0,36.6061
0,46.8060
0,50.9625
0,43.5517
0,44.9500
0,47.1761
0,33.6177
0,20.9233
0,39.2174
0,-27.6628
0,-22.0036
0,53.6167
0,53.3864
0,-20.2597
0,35.1091
0,54.9100
0,41.2008
0,48.6675
0,43.5891
0,52.2194
0,38.4351
0,-34.1957
0,40.8698
0,51.2667
0,56.7903
0,47.4731
0,31.7667
0,17.0465
0,49.7208
0,24.7262
0,42.3030
0,34.0999
0,50.3744
0,49.8386
0,51.7667
0,-22.8928
0,47.1828
0,51.7500
0,37.7825
0,42.0399
0,40.7717
0,28.9451
0,-21.2364
0,51.1170
0,61.4833
0,37.7833
0,44.7194
0,56.6667
0,51.5167
0,41.0510
0,-11.7100
0,55.8960
0,46.2550
0,42.1167
0,43.3215
0,39.6672
0,29.9374
0,47.9194
0,42.3461
0,43.9292
0,41.1683
0,52.0667
0,47.8710
0,51.7680
0,12.9058
0,41.2021
0,39.1856
0,44.9300
0,51.7240
0,35.0850
0,-13.2500
0,41.4678
0,-9.4828
0,32.0132
0,48.5442
0,-10.6958
0,43.6272
0,45.7711
0,39.3622
0,40.9884
0,44.3489
0,49.5333
0,41.7507
0,50.6000
0,43.1614
0,40.4138
0,35.0764
0,62.5675
0,42.9921
0,46.3872
0,53.9833
0,52.2667
0,43.3494
0,49.3097
0,43.1633
0,53.9697
0,45.2865
0,41.1666
0,45.2333
0,-16.6189
0,33.6467
0,-34.5483
0,28.0500
0,38.0563
0,48.4676
0,49.3103
0,38.8475
0,42.7499
0,45.8488
0,11.0742
0,43.8408
0,41.4723
0,34.8901
0,39.4228
0,46.2167
0,43.3333
0,39.3819
0,52.5200
0,30.0500
0,30.7257
0,48.9167
0,47.3607
0,47.2878
0,47.4803
0,-44.7081
0,49.4892
0,32.2000
0,44.9944
0,38.9014
0,41.3604
0,60.3386
0,52.6769
0,53.6167
0,33.9831
0,38.7961
0,45.8500
0,50.2733
0,45.5336
0,38.6404
0,42.9859
0,41.5685
0,48.7103
0,48.0503
0,42.5186
0,48.7411
0,47.1386
0,16.8167
0,37.9794
0,33.7706
0,44.9667
0,47.8936
0,41.5234
0,39.3663
0,37.1742
0,47.3019
0,50.5100
0,5.3172
0,38.8585
0,43.4333
0,45.6911
0,35.9641
0,53.2333
0,32.9781
0,51.7928
0,-34.8661
0,45.6050
0,42.0141
0,52.2453
0,53.2580
0,39.8519
0,39.8458
0,33.4467
0,45.3719
0,40.5475
0,40.2744
0,45.7939
0,51.0667
0,50.4994
0,40.3000
0,-13.0789
0,60.0708
0,47.6500
0,53.9944
0,-5.6008
0,41.3051
0,48.2167
0,36.5793
0,40.1639
0,38.2129
0,42.6465
0,-38.1500
0,48.7406
0,31.5000
0,50.3558
0,39.1167
0,43.9500
0,49.9333
0,52.4478
0,49.9328
0,17.5898
0,52.9520
0,22.8900
0,40.2315
0,40.1304
0,-7.9256
0,46.0667
0,33.9874
0,38.8945
0,48.3331
0,54.1622
0,43.2333
0,41.5391
0,39.3448
0,42.3718
0,45.8114
0,52.8333
0,51.0059
0,41.1599
0,43.1667
0,45.6469
0,55.0667
0,47.7995
0,50.5864
0,17.0322
0,48.1112
0,47.5958
0,15.1671
0,48.1597
0,9.2450
0,35.9815
0,43.2180
0,47.0350
0,37.2294
0,52.2000
0,-12.5289
0,-33.7150
0,51.7810
0,-20.7889
0,-20.2458
0,51.2833
0,35.6764
0,52.2680
0,33.1399
0,47.7900
0,43.4933
0,13.6500
0,46.0607
0,47.7478
0,50.6039
0,50.3872
0,48.5550
0,43.6300
0,43.3472
0,33.5566
0,16.1083
0,47.3164
0,-33.2850
0,32.9608
0,52.1000
0,54.6613
0,43.6481
0,48.4200
0,45.3333
0,34.7235
0,36.6144
0,49.2475
0,40.7186
0,30.7467
0,49.0453
0,47.1911
0,38.8503
0,44.5453
0,-18.9000
0,52.1167
0,52.3667
0,43.4053
0,49.1989
0,42.1892
0,36.9220
0,44.3896
0,51.6167
0,54.7167
0,46.6125
0,54.0833
0,-32.1833
0,46.5764
0,11.9108
0,50.5273
0,41.7361
0,41.2012
0,40.1333
0,42.4067
0,44.0674
0,16.2955
0,48.0114
0,16.2430
0,39.4111
0,38.9373
0,45.7167
0,49.1964
0,-25.7058
0,45.8833
0,48.7772
0,31.0927
0,60.6292
0,43.0097
0,45.5667
0,52.7403
0,44.6953
0,19.7200
0,59.9642
0,43.3186
0,40.0237
0,48.6372
0,40.3833
0,-45.9257
0,40.6410
0,55.5911
0,48.8100
0,20.0033
0,43.7447
0,32.4233
0,46.7856
0,40.3070
0,46.1164
0,40.4261
0,39.9705
0,45.8000
0,57.0610
0,47.7886
0,51.2611
0,31.5793
0,34.4233
0,43.6136
0,51.6831
0,45.8519
0,35.5058
0,15.0697
0,43.8269
0,-28.5608
0,37.8854
0,40.9141
0,-2.8389
0,32.8311
0,55.9900
0,28.7321
0,43.7714
0,52.8500
0,41.8167
0,35.2060
0,58.3574
0,42.1494
0,43.5925
0,52.1750
0,49.9533
0,57.0333
0,60.2528
0,40.9833
0,64.8000
0,51.0667
0,40.3277
0,49.7147
0,-23.0117
0,49.1981
0,38.7620
0,52.6331
0,28.5478
0,55.8978
0,51.2333
0,54.3760
0,43.3884
0,31.5833
0,41.4500
0,52.2719
0,42.3167
0,-37.5970
0,47.8744
0,38.2333
0,49.8400
0,43.2139
0,43.0691
0,45.7833
0,49.9217
0,42.7689
0,45.9889
0,47.4394
0,51.0186
0,-33.4186
0,41.9333
0,41.5500
0,44.6904
0,-28.0500
0,45.9089
0,40.6453
0,44.7350
0,39.8646
0,44.9500
0,39.6831
0,45.6666
0,42.1435
0,-20.8458
0,44.0031
0,31.0512
0,52.1849
0,27.8683
0,53.9108
0,-22.0289
0,58.3272
0,49.4318
0,39.5896
0,51.7200
0,37.6695
0,43.0903
0,50.7372
0,41.9900
0,40.7500
0,-19.5744
0,49.1331
0,45.2925
0,33.4492
0,44.6500
0,54.6900
0,48.3939
0,44.7835
0,53.5022
0,-11.8078
0,44.6167
0,18.3411
0,38.3987
0,43.0203
0,29.1031
0,40.8847
0,43.0813
0,51.7590
0,35.0864
0,52.7347
0,15.4570
0,48.4906
0,42.3514
0,51.0525
0,45.5847
0,45.4031
0,31.4988
0,-8.5789
0,38.9996
0,41.1160
0,45.3870
0,52.4568
0,48.2500
0,36.7924
0,33.2122
0,51.8225
0,44.8933
0,45.0278
0,45.4153
0,43.6422
0,-15.3419
0,51.0906
0,45.3364
0,46.6868
0,41.4798
0,40.7272
0,51.2720
0,49.8641
0,60.5347
0,-40.9667
0,48.3397
0,48.0722
0,43.3213
0,37.6833
0,16.3514
0,48.6206
0,41.2471
0,54.5667
0,-25.0578
0,-19.6200
0,41.0150
0,44.7283
0,49.0747
0,-11.2833
0,36.7928
0,52.3812
0,38.7560
0,46.9525
0,30.0861
0,31.2136
0,49.7812
0,-30.3592
0,48.4333
0,46.1333
0,45.7667
0,40.2115
0,42.2478
0,49.0833
0,51.2640
0,43.2906
0,46.3603
0,21.6667
0,27.8708
0,20.9156
0,47.8500
0,31.9372
0,41.3575
0,36.0028
0,46.1086
0,44.0826
0,52.7997
0,45.7000
0,44.2231
0,50.0016
0,44.8900
0,52.0245
0,49.3444
0,-15.5950
0,48.9900
0,43.8600
0,48.1167
0,37.7679
0,19.1817
0,39.7621
0,45.1786
0,50.3158
0,5.7069
0,48.8464
0,-11.5589
0,39.5332
0,38.5483
0,46.6419
0,16.9170
0,12.0702
0,47.2000
0,42.5539
0,34.7050
0,47.0131
0,54.7640
0,43.6991
0,44.6175
0,-34.7667
0,39.8401
0,44.7667
0,51.3400
0,45.7500
0,50.5833
0,30.3141
0,56.0767
0,45.7138
0,23.6390
0,43.5225
0,48.8669
0,43.0792
0,-2.7489
0,51.2778
0,-28.3600
0,41.0587
0,48.5222
0,-37.1383
0,48.6833
0,33.0617
0,51.2500
0,50.8981
0,47.1694
0,38.3716
0,48.6889
0,49.6920
0,49.3500
0,20.1842
0,61.5986
0,45.8761
0,-34.2914
0,38.8878
0,47.2636
0,59.8236
0,34.2531
0,45.8833
0,-20.0308
0,30.8434
0,39.7202
0,53.4000
0,44.8228
0,56.4333
0,48.2994
0,37.7373
0,38.8733
0,40.1842
0,37.2118
0,52.3833
0,-10.7336
0,37.7729
0,48.7681
0,40.3000
0,33.5737
0,37.9667
0,40.5556
0,-16.0444
0,42.4603
0,62.0833
0,49.1167
0,49.5833
0,47.7653
0,40.9047
0,50.9336
0,48.0333
0,48.4059
0,45.3409
0,37.7654
0,41.4884
0,43.5503
0,-11.1919
0,-18.6039
0,42.7000
0,-6.6839
0,52.8211
0,-14.3878
0,48.1622
0,-6.6878
0,45.5047
0,40.9833
0,40.0801
0,-37.2833
0,55.8333
0,32.7128
0,32.6973
0,47.6714
0,38.4028
0,-19.1250
0,-20.1000
0,50.7758
0,35.1523
0,47.2957
0,22.1500
0,8.8658
0,44.0265
0,33.9007
0,32.2222
0,17.1667
0,30.4998
0,50.4333
0,41.4901
0,44.0994
0,4.5672
0,33.5667
0,52.6510
0,34.7570
0,44.8118
0,-9.0300
0,31.7025
0,61.8000
0,41.1000
0,39.5404
0,-23.4650
0,48.3069
0,45.7067
0,-12.0169
0,53.1197
0,7.3433
0,42.2164
0,-38.3770
0,16.3667
0,48.0067
0,49.4122
0,40.5092
0,35.2256
0,9.8000
0,45.5164
0,37.6552
0,-8.8508
0,32.1550
0,-23.7450
0,-4.7450
0,51.3865
0,-22.1878
0,39.6349
0,50.2500
0,45.0553
0,20.9833
0,49.1021
0,37.8509
0,48.2500
0,35.9208
0,-28.7239
0,15.5500
0,14.9611
0,49.8694
0,43.7237
0,47.6336
0,26.0899
0,43.1113
0,33.7053
0,50.3500
0,32.9175
0,52.2419
0,16.0278
0,-16.2100
0,-23.5508
0,46.5500
0,34.1333
0,52.7167
0,58.2833
0,54.3667
0,35.0670
0,46.0500
0,52.6152
0,43.7931
0,50.4333
0,40.9333
0,51.9480
0,53.7025
0,40.4333
0,43.4700
0,45.3833
0,35.0430
0,41.8506
0,32.6811
0,43.5239
0,35.9981
0,-38.1722
0,50.6500
0,18.0867
0,30.2249
0,42.0525
0,44.5459
0,39.4797
0,-13.4750
0,48.9339
0,-20.5928
0,41.7667
0,18.5177
0,32.2642
0,40.3774
0,33.5717
0,-23.3958
0,40.8177
0,57.7934
0,55.8230
0,49.3500
0,-15.0389
0,39.6090
0,-20.7450
0,47.9675
0,-35.5317
0,43.6169
0,45.5000
0,-25.1908
0,48.2932
0,42.1278
0,40.6155
0,21.0000
0,39.3036
0,49.0014
0,45.2850
0,38.7439
0,51.8667
0,47.6556
0,-28.3578
0,41.1732
0,15.2167
0,-37.6547
0,40.2188
0,45.0408
0,31.0500
0,42.8167
0,42.4000
0,47.7333
0,52.1136
0,35.5661
0,50.4553
0,50.3661
0,48.4692
0,-11.7323
0,51.6089
0,-20.7350
0,37.9306
0,32.0989
0,45.6361
0,42.8870
0,-34.5444
0,35.2850
0,48.0394
0,30.6901
0,44.2000
0,41.3658
0,41.6425
0,41.3566
0,51.5942
0,42.1347
0,43.1081
0,48.3842
0,45.9222
0,30.1706
0,45.9733
0,47.6075
0,17.1151
0,50.6020
0,41.4709
0,-14.5469
0,39.8432
0,39.4228
0,54.6614
0,-51.5333
0,16.3997
0,50.4731
0,43.3350
0,26.6932
0,45.5969
0,43.5983
0,45.9500
0,58.1167
0,19.9947
0,40.1297
0,46.0833
0,12.8270
0,47.0292
0,51.5821
0,17.7703
0,52.8667
0,53.2910
0,-20.9028
0,50.9636
0,43.9615
0,29.7000
0,-28.2619
0,49.6409
0,46.7928
0,37.9108
0,64.1250
0,33.0500
0,52.1167
0,41.5000
0,27.3711
0,-23.7778
0,50.7172
0,34.8333
0,0.9706
0,50.4231
0,41.3936
0,38.6309
0,-9.4869
0,41.5923
0,12.2500
0,26.8133
0,45.4333
0,32.8440
0,51.3469
0,46.2725
0,45.8944
0,51.2667
0,51.1806
0,37.0244
0,46.8356
0,56.1167
0,49.8789
0,48.8275
0,60.0333
0,45.1517
0,-12.9308
0,46.4533
0,6.8150
0,41.0992
0,40.4398
0,51.2043
0,47.7500
0,35.7878
0,50.0000
0,67.4149
0,43.6608
0,43.9544
0,41.8425
0,45.7531
0,44.9000
0,42.0934
0,28.9931
0,42.4264
0,17.3333
0,35.7689
0,53.9667
0,52.1117
0,49.1589
0,43.3303
0,34.5089
0,17.3500
0,38.1139
0,51.3000
0,39.0158
0,48.8972
0,-32.9111
0,49.1064
0,12.0500
0,41.5221
0,-21.7578
0,-23.0053
0,53.5410
0,47.8672
0,29.3138
0,39.0886
0,-19.8428
0,42.9701
0,47.8167
0,39.0188
0,51.9033
0,41.1144
0,41.8292
0,45.5500
0,40.2643
0,45.6667
0,39.0091
0,45.1561
0,33.1017
0,36.6664
0,37.1000
0,50.9697
0,-17.7828
0,34.4909
0,41.7981
0,34.8164
0,60.7884
0,44.0125
0,49.1533
0,44.8097
0,57.7667
0,36.4778
0,48.1267
0,45.0435
0,52.6833
0,-3.9789
0,45.2667
0,46.8942
0,11.3333
0,-17.6878
0,4.7903
0,48.9658
0,53.6720
0,-21.6850
0,50.4531
0,59.9333
0,42.0328
0,-43.6400
0,58.5667
0,48.8661
0,39.7335
0,41.7723
0,46.0750
0,-29.6919
0,45.2833
0,54.3722
0,37.0617
0,40.3719
0,39.6627
0,-22.0016
0,-33.3833
0,-21.0078
0,37.3505
0,52.7310
0,42.6154
0,45.3489
0,48.1556
0,38.3553
0,48.4339
0,50.2500
0,38.7285
0,33.3716
0,51.9831
0,52.0440
0,18.7057
0,39.0433
0,49.7149
0,48.6922
0,44.1962
0,49.2907
0,47.9597
0,48.7081
0,42.9136
0,29.4611
0,46.7500
0,50.6667
0,43.2142
0,45.9222
0,44.2692
0,47.4772
0,47.0239
0,47.0500
0,19.8167
0,48.9584
0,52.5167
0,41.5409
0,-37.0500
0,37.6130
0,52.4167
0,32.0868
0,-14.4808
0,50.8086
0,43.6611
0,43.2060
0,34.2486
0,33.7561
0,39.1175
0,9.6833
0,-22.4008
0,49.0378
0,45.5333
0,48.2503
0,43.0167
0,-32.5894
0,42.6047
0,42.9833
0,50.7667
0,62.3564
0,41.9916
0,52.5553
0,44.8167
0,43.5967
0,48.1500
0,52.7139
0,48.7000
0,42.2894
0,44.9750
0,37.8445
0,55.9990
0,-23.8708
0,45.1333
0,38.5973
0,52.3450
0,-27.1050
0,37.7263
0,35.2366
0,39.8327
0,58.4190
0,-5.1250
0,50.8667
0,37.8915
0,41.8800
0,42.7240
0,13.8005
0,41.0353
0,28.6484
0,49.0667
0,39.5499
0,40.0540
0,-20.1078
0,41.5200
0,38.3167
0,20.7500
0,53.7333
0,38.0422
0,43.6864
0,-22.3328
0,54.2439
0,51.6860
0,49.7881
0,-13.2558
0,-21.2158
0,42.3848
0,47.0102
0,51.1167
0,46.9108
0,42.5658
0,38.8061
0,40.2333
0,47.0497
0,-15.6858
0,43.2439
0,49.4667
0,31.3101
0,50.8333
0,-20.6150
0,40.5991
0,16.4906
0,50.4763
0,49.9667
0,50.8216
0,51.5831
0,48.9067
0,43.6766
0,45.1833
0,43.0196
0,30.2398
0,47.4167
0,53.4810
0,40.0168
0,43.9167
0,46.8000
0,45.9667
0,51.4320
0,39.2639
0,40.5391
0,40.9625
0,40.9405
0,35.8824
0,49.1919
0,36.7000
0,42.2313
0,45.3167
0,50.6586
0,39.7000
0,16.7804
0,33.0333
0,45.7853
0,43.3611
0,43.7072
0,-21.8878
0,44.0043
0,36.0220
0,28.1889
0,41.6338
0,45.5617
0,48.6417
0,50.3669
0,-22.0289
0,45.3667
0,48.0503
0,46.9863
0,33.2000
0,37.1667
0,-27.5169
0,52.7252
0,39.4138
0,53.7667
0,60.7208
0,-21.5167
0,46.7686
0,38.1005
0,34.2665
0,44.9124
0,32.6434
0,51.8100
0,52.1608
0,10.7428
0,52.3997
0,52.1461
0,50.0167
0,18.3356
0,40.4127
0,52.5331
0,31.6289
0,50.4167
0,51.6609
0,50.5925
0,38.0631
0,39.3575
0,35.1333
0,40.2916
0,28.5939
0,48.5019
0,-33.6967
0,40.5000
0,15.3333
0,48.4950
0,49.7112
0,41.8298
0,14.0219
0,55.4000
0,47.5272
0,49.8556
0,58.8333
0,43.2920
0,48.2728
0,-5.3608
0,51.2583
0,5.8575
0,34.9967
0,34.7167
0,2.0528
0,42.8821
0,40.0540
0,-27.4581
0,51.1756
0,50.7000
0,40.3147
0,-8.7289
0,48.7058
0,42.9250
0,41.6311
0,53.9500
0,50.0681
0,37.0878
0,40.5908
0,51.8831
0,52.1000
0,38.6378
0,44.1274
0,51.6150
0,58.8667
0,49.9833
0,48.3150
0,13.6806
0,29.4828
0,40.3822
0,17.4750
0,43.5372
0,40.1086
0,30.0741
0,31.9283
0,51.8000
0,51.4481
0,-7.4069
0,47.0966
0,45.7167
0,36.1250
0,44.0167
0,17.1500
0,49.1556
0,49.0833
0,47.2914
0,-6.9928
0,43.3075
0,63.6528
0,-20.2569
0,5.5297
0,35.1449
0,39.7931
0,16.4167
0,49.6065
0,41.0319
0,39.9282
0,46.9228
0,34.7609
0,40.8480
0,50.0667
0,43.5667
0,40.0364
0,39.5386
0,-16.2008
0,-6.4428
0,38.9949
0,43.2608
0,37.2959
0,49.5592
0,50.7825
0,45.5833
0,42.7311
0,-11.9789
0,45.7408
0,46.4128
0,40.6838
0,45.0960
0,-17.5236
0,52.0500
0,41.2000
0,40.2498
0,47.9000
0,-27.7558
0,51.5692
0,54.4030
0,-8.4750
0,43.5470
0,52.6833
0,42.0324
0,60.4417
0,55.6770
0,41.7635
0,-7.7378
0,-13.7778
0,38.9142
0,53.6630
0,50.1678
0,30.1713
0,29.9904
0,40.3676
0,45.6000
0,40.1920
0,53.5920
0,40.7977
0,53.9500
0,60.7167
0,53.3090
0,47.6000
0,42.4184
0,-28.6469
0,51.1167
0,34.3670
0,54.3250
0,50.0833
0,32.7333
0,54.3694
0,41.0529
0,47.4533
0,39.1950
0,11.2500
0,38.3613
0,51.5775
0,41.4333
0,42.8430
0,-29.5519
0,39.5611
0,28.5404
0,48.6933
0,41.8310
0,39.2297
0,47.8814
0,37.8997
0,48.7725
0,44.7508
0,16.8699
0,41.5775
0,39.8431
0,54.4000
0,28.1530
0,41.5000
0,50.2368
0,26.7998
0,44.6303
0,46.9281
0,-7.4428
0,-39.4523
0,53.1569
0,33.0942
0,-9.2544
0,-20.6669
0,35.6784
0,47.4092
0,46.1833
0,36.6831
0,-13.4508
0,13.6667
0,35.2500
0,51.8089
0,15.8980
0,39.6794
0,57.9066
0,51.9861
0,52.3544
0,49.0000
0,35.7155
0,35.4850
0,50.7492
0,43.8229
0,42.7381
0,32.5407
0,43.3875
0,50.6214
0,40.6722
0,48.9975
0,21.0733
0,60.8792
0,40.9964
0,47.9284
0,40.0854
0,44.3700
0,47.9414
0,39.3112
0,47.9606
0,20.3500
0,-21.0283
0,37.8211
0,43.7978
0,-15.1428
0,47.9928
0,8.4670
0,45.6735
0,39.2273
0,50.8550
0,-10.4358
0,48.5117
0,40.0249
0,47.9675
0,33.6833
0,47.9961
0,-36.3833
0,51.7500
0,44.8344
0,40.2074
0,41.7849
0,30.9925
0,43.0550
0,46.8403
0,46.6975
0,-30.3317
0,40.8507
0,33.7808
0,52.2972
0,40.0468
0,36.3930
0,51.3855
0,54.1833
0,40.9733
0,47.2381
0,-9.8333
0,43.0005
0,50.5667
0,46.6024
0,47.8167
0,49.8431
0,39.6506
0,-28.2564
0,51.1650
0,33.2565
0,49.2161
0,47.2828
0,34.7344
0,42.6819
0,35.9224
0,45.4167
0,45.4878
0,55.9500
0,41.8478
0,-31.7239
0,49.0792
0,50.5833
0,47.1000
0,48.8461
0,34.6643
0,35.4605
0,44.4667
0,48.7667
0,39.9687
0,41.5283
0,40.5183
0,39.3500
0,42.3347
0,57.2401
0,45.3258
0,39.0167
0,34.4950
0,54.9667
0,46.2922
0,64.4670
0,51.0226
0,53.9309
0,47.1436
0,42.3465
0,6.2325
0,47.3537
0,42.5450
0,39.5659
0,42.8044
0,42.2363
0,51.0062
0,35.1062
0,51.4080
0,42.8933
0,46.5250
0,52.8036
0,39.9809
0,47.3181
0,39.2365
0,49.2500
0,-12.9458
0,32.0091
0,47.1343
0,45.7769
0,17.6167
0,31.9495
0,49.7303
0,40.3833
0,20.9822
0,43.2564
0,40.7976
0,43.7114
0,-20.2878
0,47.6831
0,-29.9050
0,48.7650
0,34.5406
0,53.1000
0,44.7931
0,41.0000
0,4.7897
0,17.2764
0,54.3667
0,49.2528
0,34.7204
0,57.8556
0,34.0981
0,41.1113
0,31.5525
0,42.5806
0,31.1697
0,48.0447
0,51.6288
0,51.1992
0,50.6908
0,35.8254
0,49.6564
0,42.0812
0,46.6869
0,49.9797
0,43.5333
0,-31.9940
0,45.6376
0,48.5286
0,40.3227
0,38.3792
0,50.6222
0,45.5333
0,51.9667
0,47.3528
0,46.6175
0,45.4667
0,38.5310
0,-16.8608
0,49.8644
0,42.6284
0,13.9203
0,53.5420
0,30.7436
0,38.0405
0,47.2747
0,32.6025
0,45.9333
0,48.1833
0,39.4963
0,43.8556
0,47.7833
0,49.7225
0,44.6836
0,52.5592
0,54.9056
0,30.1601
0,9.4949
0,30.8209
0,-29.1358
0,50.4306
0,45.2456
0,49.3992
0,37.0500
0,18.5167
0,-15.9073
0,-6.7700
0,49.7847
0,14.3761
0,40.0017
0,32.7986
0,39.7458
0,32.8467
0,15.5183
0,43.4594
0,37.3671
0,51.1500
0,47.1333
0,55.9500
0,47.5125
0,45.9044
0,38.4333
0,48.9667
0,37.1311
0,40.2942
0,51.6675
0,51.8036
0,40.7455
0,44.7333
0,48.0581
0,47.4464
0,49.3308
0,13.7833
0,53.5817
0,49.3467
0,49.0408
0,50.7050
0,10.1664
0,42.4214
0,-10.4289
0,34.2656
0,48.4256
0,45.4667
0,49.0239
0,13.5183
0,47.1956
0,38.3342
0,41.1484
0,45.6833
0,45.6369
0,39.8782
0,40.2153
0,21.4734
0,45.2381
0,34.4987
0,-12.4800
0,13.5000
0,48.6667
0,40.7460
0,65.7990
0,52.6500
0,40.0600
0,57.3167
0,47.5833
0,46.2967
0,38.8530
0,32.6267
0,42.0065
0,52.2167
0,41.6839
0,42.4194
0,40.9628
0,50.4372
0,54.7140
0,48.4700
0,39.6149
0,50.5336
0,47.4664
0,44.4167
0,46.1830
0,47.4592
0,40.3833
0,14.0207
0,45.0213
0,27.8877
0,50.7570
0,48.8561
0,46.7472
0,54.1333
0,42.1330
0,41.5714
0,34.3309
0,43.2379
0,47.7144
0,38.8302
0,47.8653
0,45.5786
0,55.6500
0,15.9167
0,47.9486
0,40.1784
0,49.4510
0,48.7233
0,-20.1700
0,54.0167
0,45.7500
0,45.0000
0,16.0740
0,17.3500
0,-32.7419
0,50.7383
0,44.1891
0,48.6308
0,41.5518
0,45.8014
0,50.9233
0,51.8000
0,52.4028
0,42.6411
0,38.4270
0,-11.9081
0,35.4316
0,50.4331
0,46.8198
0,48.8603
0,-9.1678
0,16.8833
0,52.2083
0,10.3253
0,39.3575
0,-22.0286
0,50.8532
0,47.2894
0,-37.2833
0,33.7842
0,46.3426
0,43.4558
0,51.3150
0,47.9667
0,51.1667
0,48.5669
0,27.9981
0,37.7127
0,38.7500
0,-21.4894
0,-6.2939
0,47.3417
0,43.0660
0,40.0047
0,48.7019
0,27.6964
0,-23.8489
0,47.3646
0,-4.1308
0,30.3854
0,45.7383
0,30.1004
0,48.9919
0,40.1194
0,47.1669
0,52.6819
0,46.1344
0,12.3500
0,49.0239
0,10.2742
0,48.4239
0,30.4365
0,38.9927
0,45.2767
0,16.5833
0,50.4661
0,40.2440
0,34.0543
0,41.4056
0,30.6957
0,52.9070
0,32.4067
0,11.5167
0,51.0393
0,49.5950
0,33.4883
0,44.9333
0,51.8258
0,44.9657
0,47.8067
0,43.9346
0,51.6310
0,51.9119
0,64.8833
0,-21.2000
0,50.0614
0,48.8469
0,39.7500
0,39.7044
0,35.1125
0,48.3467
0,45.3650
0,41.4833
0,54.4078
0,40.7620
0,31.9167
0,-13.0269
0,45.2833
0,-10.6528
0,36.9736
0,47.6306
0,45.8356
0,45.4562
0,47.3317
0,47.7833
0,51.6697
0,30.3690
0,29.9058
0,55.3525
0,41.5000
0,6.6956
0,34.1713
0,-15.1719
0,50.4667
0,54.1544
0,51.1990
0,50.4522
0,42.0967
0,43.0500
0,-36.0167
0,42.7987
0,47.2344
0,49.9297
0,38.5130
0,27.7493
0,54.4840
0,48.8000
0,40.1260
0,39.6672
0,-16.2958
0,44.6592
0,36.0579
0,40.0823
0,47.4664
0,49.8333
0,39.4023
0,17.1000
0,53.0833
0,43.1517
0,36.5060
0,51.5250
0,47.2733
0,4.9711
0,14.1667
0,16.0840
0,52.4667
0,54.5211
0,36.5434
0,39.8521
0,37.7749
0,37.8911
0,44.6339
0,47.2522
0,41.4828
0,38.1756
0,36.9674
0,15.5167
0,53.9140
0,36.8534
0,47.0264
0,48.4329
0,40.7091
0,51.7109
0,48.5789
0,45.0619
0,52.8833
0,49.4325
0,50.5739
0,27.6378
0,49.4167
0,49.2456
0,38.9347
0,-6.7839
0,52.4990
0,-24.8205
0,43.4456
0,53.7558
0,46.0272
0,6.8986
0,35.2210
0,49.2030
0,42.4167
0,48.7133
0,40.7023
0,51.4092
0,38.8384
0,52.6667
0,47.0100
0,45.9436
0,42.6815
0,-20.3972
0,8.1722
0,47.5667
0,42.5549
0,41.0708
0,41.8000
0,40.1105
0,32.0635
0,37.1750
0,40.6448
0,-19.7608
0,36.6639
0,50.4153
0,37.4083
0,37.1668
0,51.6881
0,59.3731
0,-6.5558
0,37.6500
0,27.1862
0,43.3322
0,42.4116
0,47.6500
0,52.9622
0,33.3660
0,42.2147
0,-18.4919
0,-6.1167
0,58.1794
0,33.8676
0,-5.3119
0,48.5256
0,-15.4589
0,-6.6008
0,52.9470
0,45.6410
0,11.7000
0,55.6749
0,44.7554
0,48.5225
0,5.6167
0,42.1380
0,65.3583
0,48.9175
0,48.1000
0,36.9774
0,39.0077
0,40.3267
0,42.6183
0,43.2806
0,41.5661
0,45.7294
0,47.5358
0,55.9333
0,-19.9778
0,-34.6708
0,41.8136
0,47.2789
0,35.3250
0,42.0800
0,39.9221
0,46.0167
0,45.7217
0,-23.0761
0,45.1197
0,41.9736
0,-30.8719
0,36.9572
0,15.2417
0,48.8347
0,51.3095
0,37.6292
0,34.4382
0,42.0160
0,9.3000
0,-7.8289
0,45.4694
0,33.3442
0,43.6428
0,34.8298
0,34.2216
0,43.9333
0,39.4167
0,45.5833
0,39.0459
0,40.0657
0,-9.0039
0,49.3167
0,41.4274
0,40.0902
0,15.0000
0,41.7870
0,28.5591
0,51.3700
0,37.6273
0,64.3167
0,-27.0814
0,47.0464
0,8.9667
0,42.1693
0,49.0037
0,52.0833
0,48.7839
0,43.0073
0,49.1687
0,48.9281
0,40.3949
0,55.8253
0,33.0500
0,41.4677
0,39.8983
0,47.6000
0,28.0657
0,39.8374
0,-21.5708
0,33.4666
0,45.6167
0,33.4773
0,33.9322
0,44.2881
0,45.4717
0,50.7333
0,19.0258
0,49.2978
0,48.0255
0,46.8461
0,58.2090
0,60.1000
0,34.1369
0,52.5908
0,46.1500
0,29.5782
0,-20.6508
0,52.0894
0,40.3664
0,11.9119
0,44.2394
0,49.7333
0,49.9318
0,49.4221
0,50.4002
0,37.9199
0,49.5275
0,37.1000
0,47.1333
0,43.1681
0,11.9651
0,41.3978
0,42.0000
0,48.7867
0,51.6331
0,57.0333
0,49.3354
0,41.0633
0,15.0411
0,34.5667
0,47.3231
0,42.6167
0,41.3684
0,27.9133
0,41.7653
0,49.4819
0,42.1147
0,41.2857
0,48.2506
0,36.7938
0,53.6408
0,49.9667
0,5.5772
0,49.9602
0,51.3617
0,47.5806
0,39.8229
0,35.5995
0,36.1197
0,31.2113
0,49.2542
0,53.2686
0,50.5569
0,51.6034
0,51.8667
0,40.6781
0,43.5686
0,36.9992
0,37.0333
0,48.8006
0,47.2496
0,60.7181
0,17.0667
0,50.7732
0,43.6653
0,34.9500
0,53.3078
0,-18.1419
0,46.0333
0,45.9892
0,43.2650
0,42.6319
0,37.9333
0,47.3583
0,-9.1578
0,3.2408
0,16.5250
0,43.2458
0,42.5892
0,44.5847
0,28.4847
0,48.4317
0,41.9567
0,-6.4250
0,48.6833
0,-32.1786
0,49.1117
0,-23.4319
0,51.7831
0,51.1167
0,43.0540
0,45.6333
0,40.2424
0,51.8406
0,51.4836
0,32.2044
0,34.5329
0,50.4336
0,-26.3678
0,42.4805
0,27.0694
0,44.3979
0,35.1484
0,35.0712
0,52.9340
0,45.8042
0,40.3115
0,42.5833
0,35.6142
0,37.1500
0,49.4058
0,46.3092
0,21.2472
0,47.9500
0,16.9667
0,-35.2244
0,48.2589
0,28.1904
0,43.6456
0,39.9568
0,23.4486
0,41.2000
0,31.2156
0,13.6000
0,48.6161
0,52.6624
0,43.1154
0,43.8980
0,38.4489
0,52.5713
0,61.6380
0,50.3500
0,52.8500
0,38.7933
0,40.8015
0,41.7413
0,47.6272
0,-10.4478
0,52.1667
0,46.1846
0,40.9465
0,38.9948
0,39.7506
0,52.4358
0,45.8108
0,43.1892
0,-28.1408
0,32.4395
0,-42.5333
0,45.7245
0,49.4278
0,40.8206
0,43.1500
0,50.1986
0,43.7514
0,47.3122
0,37.4630
0,47.5044
0,40.1991
0,47.5800
0,47.9850
0,49.2667
0,49.5230
0,51.2019
0,31.1397
0,24.4125
0,49.9322
0,40.9562
0,54.0000
0,44.9356
0,42.5686
0,51.2463
0,41.0167
0,41.8275
0,47.0500
0,-35.1036
0,46.0167
0,-36.3167
0,50.7500
0,-18.8439
0,34.8167
0,44.0833
0,42.6269
0,46.0833
0,44.5078
0,44.9033
0,38.1667
0,-14.3219
0,-27.1939
0,47.2747
0,-30.1269
0,46.1500
0,55.4134
0,35.1276
0,-37.6561
0,54.9667
0,47.1356
0,51.1447
0,40.4767
0,51.1972
0,48.0169
0,37.2583
0,40.7432
0,-10.7439
0,43.8877
0,41.7889
0,40.0892
0,33.9797
0,47.5020
0,48.4228
0,34.7111
0,44.9833
0,42.0985
0,45.6000
0,50.4320
0,40.4446
0,41.4950
0,34.0142
0,48.7992
0,45.0167
0,47.7354
0,-6.6658
0,43.9583
0,48.4536
0,62.9764
0,40.3991
0,42.5628
0,50.8617
0,34.5019
0,17.4000
0,47.7225
0,37.2746
0,41.7444
0,36.9344
0,-38.0847
0,49.4883
0,48.7308
0,32.4580
0,34.9551
0,-37.6833
0,-1.1919
0,51.8036
0,49.6664
0,37.9844
0,-22.9528
0,-27.1442
0,49.2330
0,53.4600
0,39.0735
0,41.4782
0,49.2947
0,45.5333
0,53.0058
0,37.1319
0,-20.5058
0,52.2544
0,41.2005
0,56.2667
0,48.2714
0,41.2743
0,41.1400
0,43.2199
0,60.9833
0,44.9583
0,45.6333
0,42.1025
0,33.9837
0,46.7831
0,42.4412
0,40.6151
0,53.2500
0,46.8400
0,-3.4669
0,51.6086
0,38.4033
0,45.9408
0,37.4167
0,46.6482
0,30.7047
0,49.0186
0,-21.1708
0,47.7106
0,70.6634
0,10.1886
0,44.9033
0,47.8333
0,49.3861
0,40.6333
0,45.9300
0,-23.6500
0,49.3028
0,46.6634
0,-21.9369
0,39.7524
0,39.9057
0,19.4614
0,45.5849
0,48.6469
0,-9.1389
0,44.8164
0,49.8200
0,46.3878
0,53.4500
0,-19.5158
0,45.4742
0,42.1096
0,39.5412
0,40.9600
0,46.1333
0,50.5425
0,42.1000
0,33.3835
0,48.7199
0,49.5493
0,-25.9778
0,38.1266
0,34.0103
0,49.2235
0,48.3278
0,43.1958
0,-10.7628
0,52.1667
0,41.4612
0,45.8199
0,45.3365
0,47.5283
0,52.1772
0,49.0950
0,48.8564
0,33.1277
0,17.2333
0,41.7836
0,43.4833
0,41.0300
0,52.6617
0,47.0939
0,41.0667
0,42.1333
0,49.4461
0,39.2862
0,33.7783
0,-23.9639
0,37.2454
0,45.3250
0,46.6167
0,49.3025
0,48.5978
0,52.2500
0,35.1097
0,37.5417
0,39.4047
0,40.1468
0,47.9519
0,46.5225
0,47.0869
0,53.7633
0,49.4100
0,56.5500
0,36.3694
0,-27.2489
0,43.3015
0,-12.2628
0,51.4578
0,-22.6606
0,-26.9550
0,51.6900
0,39.8715
0,-20.8058
0,51.9412
0,30.3791
0,59.2603
0,45.5478
0,29.1400
0,40.6693
0,35.7449
0,48.0731
0,41.5803
0,42.4817
0,38.1906
0,47.8625
0,30.5035
0,50.1933
0,42.6528
0,45.5004
0,-20.1739
0,50.8288
0,39.6952
0,43.8436
0,50.6811
0,53.0983
0,57.2119
0,49.3256
0,44.3239
0,50.8491
0,55.9861
0,40.5514
0,51.5919
0,28.1820
0,43.4208
0,39.8500
0,43.6611
0,-27.0019
0,37.5833
0,38.9041
0,42.6267
0,39.3718
0,45.3033
0,38.6781
0,48.3833
0,45.1220
0,42.8670
0,-4.5158
0,45.6075
0,43.3650
0,36.0451
0,42.4881
0,42.9594
0,49.5311
0,49.3853
0,40.3298
0,26.8202
0,34.4000
0,53.8667
0,21.4379
0,41.4400
0,49.0067
0,40.7500
0,25.6056
0,54.4667
0,38.9801
0,41.0829
0,38.7026
0,42.2783
0,-20.3333
0,-18.7458
0,51.3456
0,43.4125
0,44.3333
0,48.5719
0,56.1282
0,49.8662
0,46.1894
0,6.6514
0,31.1533
0,41.8372
0,-19.0058
0,40.6667
0,56.2500
0,47.1906
0,38.6538
0,40.6167
0,48.7542
0,-17.2358
0,-37.9833
0,48.8067
0,-6.4119
0,33.0194
0,41.8387
0,50.5669
0,41.7994
0,54.2096
0,54.5569
0,-6.7569
0,50.7910
0,44.9833
0,48.2308
0,52.1140
0,63.5444
0,46.4819
0,-31.1000
0,59.5333
0,47.6314
0,43.7933
0,45.0783
0,53.8500
0,43.7643
0,-21.5597
0,38.5192
0,39.1803
0,39.5226
0,46.3167
0,-7.7708
0,48.9553
0,50.8122
0,-22.8667
0,40.2990
0,48.5475
0,40.2199
0,35.1350
0,45.3926
0,45.2975
0,50.9164
0,47.8772
0,43.0044
0,40.7884
0,43.1509
0,37.6167
0,44.9209
0,20.2031
0,58.2488
0,31.0640
0,51.4636
0,47.1900
0,48.1500
0,38.5800
0,53.4975
0,39.8638
0,52.0242
0,48.3500
0,37.8000
0,38.4122
0,45.2193
0,40.9567
0,48.7736
0,14.1571
0,40.7792
0,41.6298
0,45.6398
0,47.8663
0,50.8133
0,47.1206
0,48.4403
0,-7.6019
0,45.2025
0,38.7119
0,42.3690
0,38.6194
0,-23.5828
0,51.7238
0,35.1316
0,17.1111
0,-13.0028
0,45.3000
0,56.2872
0,40.2504
0,36.8190
0,30.4399
0,37.9792
0,20.9161
0,50.7644
0,15.7940
0,38.4922
0,51.8500
0,45.1819
0,54.7744
0,37.6833
0,56.0180
0,41.4409
0,44.5500
0,26.0476
0,30.5659
0,51.7331
0,53.8419
0,-26.6150
0,19.4261
0,5.4222
0,32.8095
0,49.4281
0,50.4831
0,44.5324
0,38.7261
0,48.5150
0,52.2000
0,41.6531
0,47.4789
0,40.6417
0,43.1711
0,50.8144
0,50.4286
0,48.0722
0,39.2355
0,38.1389
0,49.3167
0,-33.0000
0,44.4167
0,-19.3389
0,45.7339
0,48.2833
0,50.3225
0,44.9486
0,49.0394
0,53.4453
0,47.3483
0,47.2500
0,56.4402
0,52.7167
0,43.3564
0,52.3057
0,41.8674
0,49.2667
0,47.9261
0,45.9356
0,40.8871
0,40.6706
0,45.6667
0,39.5386
0,39.2974
0,47.1884
0,41.7019
0,50.5500
0,45.1708
0,37.3833
0,-5.2708
0,44.3630
0,9.3778
0,45.4833
0,-19.2878
0,49.5097
0,43.7290
0,45.6778
0,45.8019
0,53.5667
0,41.8445
0,45.5667
0,52.3244
0,47.2669
0,36.9530
0,41.5578
0,40.3833
0,12.2833
0,42.7494
0,45.3991
0,47.2522
0,33.9858
0,34.7114
0,29.2945
0,39.8722
0,49.2042
0,34.6167
0,50.7031
0,53.2980
0,44.5531
0,42.6706
0,-32.5289
0,32.4848
0,53.2667
0,51.0667
0,45.5667
0,37.3833
0,30.9903
0,50.7519
0,42.9736
0,54.8570
0,53.1833
0,-20.2028
0,39.0817
0,45.8686
0,51.1700
0,-20.9119
0,42.1968
0,40.2423
0,42.0225
0,41.1333
0,50.8529
0,-4.6739
0,-25.8808
0,39.6858
0,39.1833
0,45.8000
0,-23.9408
0,-16.5819
0,24.0668
0,47.1931
0,34.0964
0,47.6067
0,-27.5489
0,48.2500
0,43.8000
0,47.6500
0,-16.6189
0,40.0076
0,42.7534
0,48.0944
0,15.9972
0,52.0567
0,-22.8469
0,46.3667
0,-49.3070
0,62.4917
0,60.5642
0,41.3705
0,42.1771
0,19.2500
0,43.7739
0,42.1957
0,53.3100
0,49.2228
0,41.5417
0,50.3299
0,29.8903
0,35.6618
0,43.5614
0,38.7628
0,-21.7369
0,47.3728
0,48.2136
0,32.6342
0,49.0433
0,-37.2333
0,40.2883
0,-10.6833
0,43.0637
0,52.5614
0,38.2410
0,49.7699
0,-9.2658
0,52.0331
0,37.7596
0,-25.3069
0,-7.1719
0,46.0858
0,39.0933
0,60.6833
0,49.8310
0,53.9137
0,21.1511
0,49.1000
0,32.7208
0,44.8029
0,42.9258
0,43.1525
0,50.0500
0,50.9042
0,36.7089
0,34.7986
0,51.4309
0,56.1330
0,51.1386
0,48.7442
0,45.6833
0,51.1970
0,51.8769
0,30.0298
0,43.1308
0,45.1833
0,-3.4828
0,47.3500
0,48.8481
0,17.3240
0,55.6167
0,44.9167
0,55.9453
0,49.8500
0,34.3928
0,36.4124
0,30.8833
0,40.9902
0,45.1222
0,-32.0569
0,46.2500
0,36.7875
0,49.8849
0,45.4331
0,54.0089
0,41.1206
0,49.4167
0,49.7530
0,38.6144
0,51.1781
0,52.0333
0,40.8698
0,43.5972
0,40.5669
0,4.3753
0,49.0344
0,31.3669
0,46.5801
0,41.9914
0,45.1833
0,41.3807
0,33.0328
0,45.4814
0,47.6614
0,42.6500
0,-15.8228
0,35.5560
0,40.3134
0,40.8949
0,52.8356
0,47.5031
0,26.0750
0,41.1334
0,41.9694
0,-24.7564
0,15.3833
0,47.8028
0,47.7747
0,-21.7128
0,50.6000
0,46.4672
0,40.4461
0,47.2083
0,53.7030
0,37.7785
0,47.5544
0,38.1394
0,14.5686
0,50.5624
0,43.4677
0,40.3125
0,43.8167
0,46.2167
0,45.6753
0,14.4242
0,13.6500
0,41.0761
0,30.7123
0,28.4015
0,50.2856
0,38.6724
0,43.1570
0,40.9578
0,46.2500
0,48.4233
0,18.1398
0,38.5320
0,47.3081
0,39.4995
0,36.9505
0,27.3082
0,45.4000
0,-33.3442
0,51.7458
0,55.2000
0,43.2197
0,40.4018
0,47.2694
0,40.9981
0,45.5167
0,-13.8558
0,17.6874
0,-15.9378
0,41.0208
0,48.5667
0,53.5030
0,43.8119
0,33.4486
0,32.6578
0,-8.5808
0,44.2300
0,-33.3630
0,-31.9667
0,45.7833
0,48.9450
0,60.5619
0,6.0572
0,40.4080
0,33.2872
0,-22.6800
0,45.7167
0,-21.2794
0,47.4775
0,-33.7250
0,51.2773
0,37.6833
0,41.3274
0,42.0236
0,45.1864
0,36.5190
0,46.5497
0,52.4488
0,32.8000
0,16.8069
0,42.6771
0,41.3972
0,25.9333
0,34.7768
0,-23.3039
0,46.8300
0,62.4333
0,51.4000
0,43.9744
0,53.5165
0,47.1939
0,49.1739
0,41.0458
0,50.2239
0,36.8167
0,56.5542
0,44.2833
0,44.7333
0,50.6975
0,51.6417
0,-28.5939
0,50.4167
0,47.6333
0,42.0992
0,12.0500
0,39.0628
0,50.2909
0,48.1067
0,32.5769
0,45.9100
0,49.6092
0,-15.0908
0,-17.0800
0,41.0777
0,49.4225
0,45.8106
0,-26.0333
0,40.7795
0,31.1755
0,39.2593
0,44.8406
0,24.7352
0,35.6500
0,43.5178
0,43.7317
0,40.3592
0,41.7033
0,47.2878
0,-16.4078
0,51.3480
0,-6.3239
0,42.0816
0,50.8803
0,41.9500
0,49.4050
0,53.3167
0,44.9667
0,44.8500
0,44.2333
0,41.9276
0,39.4947
0,40.3699
0,49.7753
0,-31.1500
0,28.0106
0,66.7150
0,45.5313
0,54.0504
0,47.7783
0,45.1413
0,61.9181
0,47.9606
0,42.5512
0,37.8103
0,-27.7158
0,45.4133
0,47.8839
0,43.1374
0,38.2589
0,8.9167
0,53.8310
0,48.8692
0,36.6860
0,14.7833
0,-6.5539
0,26.5611
0,51.0696
0,45.8333
0,41.1667
0,33.4000
0,34.6955
0,32.5866
0,38.6333
0,47.8122
0,47.6833
0,38.8261
0,42.9539
0,47.2803
0,-9.3658
0,50.7903
0,30.9221
0,35.2322
0,49.7833
0,48.7239
0,47.9333
0,42.3309
0,49.8411
0,49.2889
0,51.1817
0,48.3531
0,51.8972
0,43.0281
0,-10.4428
0,41.8500
0,39.8957
0,41.3797
0,-20.4078
0,-18.1008
0,38.5300
0,36.7132
0,38.6514
0,28.8870
0,41.5271
0,48.6167
0,49.2306
0,35.4333
0,43.2460
0,14.2200
0,51.0667
0,50.6000
0,32.6333
0,39.6967
0,37.5170
0,40.1416
0,40.9464
0,38.5831
0,45.3833
0,-29.3039
0,41.0333
0,-21.4033
0,55.7411
0,38.6279
0,41.8360
0,44.1900
0,44.4576
0,55.3444
0,38.0817
0,47.8656
0,47.7758
0,44.0788
0,46.3500
0,-27.9694
0,36.5930
0,53.1840
0,40.6333
0,39.8304
0,42.3330
0,15.7000
0,48.4667
0,48.5120
0,48.6333
0,29.8130
0,44.1167
0,34.8204
0,48.8000
0,58.4540
0,44.1412
0,39.9849
0,40.4934
0,45.1667
0,46.3625
0,44.3905
0,45.6333
0,44.0333
0,50.9215
0,48.0874
0,41.0597
0,50.2833
0,43.1346
0,-21.0169
0,48.3508
0,43.6839
0,-28.3333
0,49.0950
0,-3.3508
0,52.9667
0,37.6167
0,50.3953
0,-21.5478
0,50.0950
0,64.9295
0,31.2683
0,38.1667
0,52.4800
0,48.3500
0,43.5842
0,44.4500
0,45.7500
0,39.9182
0,-6.9408
0,42.8887
0,48.2167
0,39.9667
0,37.8283
0,47.8269
0,20.8329
0,45.2392
0,42.9500
0,30.2450
0,50.7164
0,60.8253
0,52.7667
0,50.3167
0,52.5614
0,45.6667
0,44.3833
0,-34.6483
0,17.3333
0,-14.1328
0,-15.2939
0,32.3217
0,49.8222
0,42.8403
0,44.1500
0,-39.4236
0,50.2526
0,51.4094
0,48.1833
0,50.8008
0,51.6722
0,40.9291
0,45.3000
0,-24.7072
0,27.6667
0,45.6833
0,-28.5471
0,-7.6858
0,53.2140
0,47.9647
0,39.3949
0,39.6266
0,56.5075
0,-21.3028
0,45.3456
0,43.3006
0,48.0000
0,-30.8128
0,-13.0439
0,28.6513
0,41.4145
0,35.1583
0,51.6528
0,45.9856
0,52.5433
0,41.8387
0,14.9000
0,52.3806
0,49.0375
0,41.1030
0,38.4001
0,40.9218
0,45.5667
0,6.2950
0,40.3954
0,50.9262
0,46.2097
0,40.4667
0,42.4623
0,51.6689
0,51.8667
0,42.6498
0,45.6179
0,41.3070
0,27.0375
0,45.8000
0,40.0060
0,42.6333
0,47.5167
0,49.8361
0,53.0780
0,-20.8569
0,36.7215
0,42.9500
0,45.6500
0,50.0740
0,43.7534
0,40.6317
0,-24.4200
0,41.0008
0,43.7500
0,45.5619
0,37.2622
0,45.1819
0,34.4438
0,40.1900
0,49.4189
0,43.4408
0,34.0157
0,-6.1339
0,39.6210
0,30.3776
0,42.8714
0,51.1556
0,38.0500
0,47.2019
0,40.7833
0,48.1167
0,42.5298
0,30.8157
0,49.2231
0,18.4468
0,38.0739
0,-21.0500
0,40.9989
0,46.6638
0,41.5500
0,32.7828
0,48.5333
0,41.4983
0,35.3061
0,16.9981
0,45.6728
0,48.2054
0,-27.0769
0,48.2539
0,45.3167
0,41.7847
0,62.3756
0,48.0333
0,47.2035
0,-5.0508
0,53.3333
0,48.8056
0,40.7614
0,43.2406
0,42.6066
0,45.0833
0,17.9814
0,54.2433
0,-19.7258
0,42.8321
0,42.1387
0,45.6203
0,40.0567
0,19.0167
0,45.2167
0,47.6872
0,-22.5231
0,37.3414
0,42.9833
0,48.5806
0,47.1919
0,40.2500
0,43.6919
0,29.0500
0,42.5725
0,48.0042
0,42.6527
0,48.1131
0,32.7767
0,45.7089
0,-11.3819
0,-37.8333
0,29.6000
0,44.9119
0,43.7333
0,50.8467
0,44.3506
0,46.4435
0,53.1633
0,48.0603
0,50.3120
0,21.2800
0,42.4822
0,45.3473
0,46.2973
0,64.2667
0,45.8739
0,20.7706
0,47.2436
0,-9.5639
0,41.8584
0,44.2167
0,37.2925
0,35.9798
0,43.2833
0,45.2064
0,50.4722
0,39.7485
0,35.9126
0,42.0869
0,-12.1500
0,49.2208
0,11.7540
0,34.6081
0,47.7381
0,-6.1889
0,49.1000
0,61.2556
0,5.8650
0,43.0748
0,48.0747
0,44.5277
0,-6.1489
0,37.7912
0,42.7628
0,48.5736
0,58.9441
0,48.0667
0,45.6911
0,41.6696
0,50.5857
0,20.1697
0,44.6760
0,35.1933
0,40.9748
0,42.9931
0,53.0611
0,48.5667
0,4.7817
0,40.7268
0,47.8761
0,34.4333
0,46.8662
0,35.3069
0,49.9078
0,15.0970
0,48.8922
0,29.8222
0,45.7000
0,47.8908
0,48.5858
0,52.5167
0,18.6886
0,49.7564
0,43.0834
0,34.7088
0,50.1517
0,52.0025
0,-11.5739
0,47.3933
0,40.3100
0,47.9800
0,45.7000
0,-27.9619
0,51.5630
0,42.8091
0,37.6000
0,41.9747
0,32.2156
0,-26.6308
0,34.1236
0,52.4510
0,45.6000
0,35.1333
0,52.3650
0,43.5277
0,47.7394
0,-22.7469
0,33.6925
0,48.0683
0,31.3942
0,40.0915
0,40.3815
0,43.0167
0,43.6300
0,48.7436
0,28.0391
0,63.5167
0,-18.7289
0,49.2117
0,-6.6478
0,38.9924
0,43.1306
0,57.0550
0,47.7510
0,-19.8889
0,47.3700
0,59.3489
0,48.4081
0,27.9826
0,30.5331
0,49.1603
0,51.5969
0,42.9410
0,46.7245
0,42.8850
0,45.4833
0,37.6020
0,-34.3500
0,45.7564
0,48.8133
0,33.8183
0,41.0843
0,-25.2955
0,40.2046
0,39.9508
0,13.5167
0,37.9833
0,-6.1917
0,45.5700
0,48.4583
0,48.9911
0,-19.8428
0,45.9500
0,30.4519
0,48.3708
0,37.3747
0,46.3419
0,44.6667
0,39.1049
0,-7.7158
0,-27.1928
0,38.3485
0,47.7000
0,42.9561
0,40.0159
0,42.2617
0,14.6960
0,15.2084
0,54.2479
0,50.4925
0,39.9620
0,-23.5669
0,54.0833
0,41.2649
0,52.6776
0,45.6714
0,37.5200
0,53.2840
0,45.2364
0,34.2942
0,38.6268
0,-10.9114
0,33.8536
0,48.9672
0,41.4000
0,45.0917
0,-30.3878
0,39.7915
0,43.0720
0,48.4111
0,40.3139
0,50.2719
0,57.8333
0,43.3169
0,43.0060
0,36.8626
0,29.5126
0,43.1522
0,45.7167
0,40.1977
0,37.4807
0,19.8500
0,46.9364
0,48.0667
0,46.3606
0,46.0939
0,39.8791
0,36.9426
0,5.5489
0,49.9811
0,43.7400
0,48.5455
0,40.0799
0,16.8842
0,47.7172
0,37.9886
0,54.0167
0,48.8942
0,46.2275
0,50.6613
0,48.6428
0,47.5892
0,46.1589
0,44.3739
0,42.3056
0,41.7292
0,38.0110
0,42.5333
0,46.9955
0,42.2312
0,46.2500
0,-21.2058
0,34.4500
0,-16.6389
0,49.1533
0,47.6417
0,55.6968
0,41.1270
0,42.6848
0,-25.1950
0,47.6494
0,39.0089
0,-20.6408
0,44.7131
0,24.1025
0,48.1992
0,31.1000
0,48.5908
0,48.2453
0,-27.2989
0,33.4753
0,40.1165
0,-37.0636
0,49.9167
0,-18.9739
0,52.6529
0,39.7550
0,45.2500
0,35.0180
0,42.9351
0,49.5133
0,39.3153
0,9.9369
0,37.0333
0,41.1833
0,49.6167
0,30.8075
0,45.2486
0,41.5000
0,49.6500
0,40.1833
0,-39.3500
0,44.0833
0,-28.8469
0,48.2778
0,36.9854
0,43.9486
0,48.1111
0,42.4347
0,49.0525
0,48.0667
0,42.5667
0,42.7667
0,-13.2508
0,50.2650
0,-27.8989
0,41.0500
0,31.5853
0,51.7220
0,35.1019
0,53.6345
0,49.1716
0,40.8828
0,48.7667
0,50.0567
0,45.3194
0,48.4267
0,60.4250
0,50.6667
0,50.7333
0,38.5260
0,39.3057
0,38.2000
0,-18.3058
0,28.6333
0,48.7778
0,53.7333
0,-33.7453
0,36.1103
0,30.7687
0,35.3867
0,40.6275
0,-20.7178
0,45.3000
0,30.5736
0,39.8967
0,41.1833
0,53.9333
0,45.3731
0,43.2872
0,41.4976
0,4.9017
0,52.3594
0,35.6234
0,52.8500
0,41.9610
0,50.8575
0,41.3206
0,39.5500
0,54.2333
0,59.8667
0,45.3500
0,40.0413
0,34.4487
0,43.2388
0,36.8000
0,45.6500
0,41.6522
0,-28.7983
0,65.9567
0,32.5703
0,17.3167
0,-21.4967
0,-9.2550
0,39.5167
0,6.2942
0,32.9139
0,41.0198
0,45.3700
0,39.0656
0,40.3122
0,51.2125
0,41.3764
0,30.2537
0,-1.1667
0,17.2333
0,43.4369
0,37.5114
0,40.5833
0,42.8313
0,49.3667
0,61.5971
0,51.1000
0,52.9400
0,-8.3919
0,31.2031
0,53.8081
0,46.1667
0,47.8758
0,-34.8480
0,44.8333
0,17.4722
0,53.2833
0,49.0521
0,51.4167
0,44.0575
0,44.6200
0,51.0108
0,29.7812
0,38.0513
0,40.2658
0,63.7486
0,45.6333
0,37.3500
0,46.6236
0,41.3319
0,51.1100
0,48.9432
0,-7.0019
0,47.8422
0,52.0331
0,33.8897
0,48.5703
0,35.5099
0,49.2833
0,48.2758
0,47.3044
0,40.3415
0,42.4500
0,14.5596
0,53.3933
0,52.0972
0,43.0569
0,50.4244
0,52.2342
0,47.7603
0,45.9036
0,48.4667
0,52.5883
0,51.3906
0,40.7811
0,-10.4269
0,50.4956
0,49.9161
0,43.7536
0,45.5333
0,56.5167
0,48.4489
0,53.2033
0,38.3836
0,-15.0170
0,47.4644
0,44.9491
0,42.8385
0,49.7124
0,44.3950
0,47.6278
0,43.3033
0,49.4733
0,47.1922
0,39.9667
0,43.0157
0,51.2931
0,47.2764
0,32.3333
0,52.1925
0,52.6167
0,48.3547
0,48.7667
0,34.9333
0,51.6297
0,49.6697
0,50.0743
0,43.8167
0,59.0578
0,49.4817
0,-22.5458
0,48.8228
0,47.4900
0,53.0661
0,52.6370
0,45.4196
0,42.0547
0,12.0667
0,40.7899
0,40.6939
0,41.1595
0,42.2731
0,-17.8050
0,48.7386
0,41.6496
0,52.4333
0,11.7833
0,34.7115
0,46.9661
0,36.8389
0,28.8397
0,-38.9958
0,39.8947
0,51.2780
0,38.3279
0,41.5532
0,46.5808
0,50.7833
0,46.1867
0,-17.2658
0,-27.3408
0,-22.3169
0,-26.0400
0,45.6466
0,40.7411
0,35.3853
0,-26.9800
0,48.1667
0,53.0370
0,44.3245
0,49.9611
0,26.4534
0,32.3567
0,43.1667
0,41.4986
0,49.0717
0,48.2563
0,36.0370
0,62.6250
0,43.2333
0,6.4431
0,-10.4700
0,60.4862
0,41.8914
0,42.7000
0,47.3636
0,47.0300
0,40.9775
0,40.9260
0,-6.9958
0,41.3200
0,42.7333
0,51.7492
0,45.0706
0,47.2431
0,31.8437
0,45.3189
0,50.4578
0,48.9636
0,42.4518
0,40.4356
0,49.2847
0,50.9789
0,47.4167
0,45.6550
0,47.0953
0,41.7135
0,44.0844
0,-18.1667
0,37.9833
0,42.9156
0,39.8798
0,35.3830
0,40.5360
0,-32.1750
0,41.3015
0,49.6625
0,47.0581
0,54.8000
0,20.7386
0,-7.3739
0,28.6569
0,34.6766
0,34.7192
0,50.9762
0,40.2363
0,39.4936
0,37.9000
0,37.2742
0,-22.8175
0,54.1536
0,48.4167
0,-14.2958
0,-20.4833
0,18.3782
0,33.2363
0,47.4589
0,41.8694
0,47.5547
0,37.9000
0,42.1152
0,42.9937
0,39.6285
0,46.4161
0,47.6864
0,38.7229
0,8.0519
0,45.7333
0,33.4484
0,51.4142
0,44.8167
0,41.1833
0,30.6959
0,20.8667
0,43.5503
0,30.4402
0,13.1833
0,-35.2667
0,25.8331
0,42.8515
0,40.2167
0,33.3148
0,41.2000
0,-25.9858
0,53.5281
0,39.6167
0,39.4934
0,40.1326
0,30.2268
0,17.3595
0,56.0900
0,48.3667
0,39.4687
0,54.3750
0,45.2722
0,55.8670
0,-15.8008
0,-6.9158
0,-16.0869
0,49.8700
0,-15.1428
0,43.2917
0,43.0644
0,49.8017
0,51.3492
0,47.4656
0,49.8703
0,47.9903
0,-29.7333
0,50.9464
0,44.6794
0,14.4701
0,39.4000
0,49.3053
0,-29.2228
0,61.3139
0,47.7153
0,48.2449
0,17.9564
0,45.6667
0,44.7511
0,44.7350
0,29.9649
0,46.0597
0,45.5611
0,50.1733
0,-6.5539
0,51.7239
0,45.9222
0,50.3900
0,43.0361
0,53.8800
0,51.6798
0,42.8631
0,47.2533
0,47.2131
0,50.1000
0,-15.4919
0,17.5322
0,51.3600
0,36.6606
0,38.7565
0,32.7761
0,40.6267
0,-9.6028
0,39.6384
0,31.6809
0,43.0389
0,39.2067
0,41.8945
0,47.3283
0,53.9307
0,38.8526
0,52.2531
0,-6.0239
0,43.3706
0,20.8480
0,40.4453
0,-37.0300
0,36.0991
0,49.1500
0,48.1747
0,28.3568
0,-41.1531
0,43.0353
0,50.3822
0,-29.7900
0,54.1667
0,43.7219
0,43.4500
0,49.9767
0,43.9500
0,40.2502
0,32.5732
0,45.1428
0,44.9167
0,37.7000
0,30.3598
0,44.4951
0,39.8333
0,43.9167
0,49.8404
0,-6.1889
0,53.3304
0,42.0343
0,44.3733
0,52.7167
0,12.1500
0,40.5260
0,20.0028
0,42.4936
0,42.5875
0,51.3036
0,-4.1981
0,-6.9728
0,49.5731
0,-3.8119
0,48.1833
0,-9.6028
0,37.8333
0,61.3556
0,42.7656
0,-24.2858
0,39.4500
0,47.2400
0,-32.0167
0,49.4906
0,13.7161
0,45.9120
0,47.4120
0,36.6686
0,38.9961
0,-31.4650
0,-31.6167
0,41.8006
0,53.4828
0,49.0272
0,49.5167
0,53.2935
0,51.4167
0,49.9500
0,34.3306
0,43.1167
0,40.6330
0,51.2300
0,48.8075
0,-29.5889
0,41.0833
0,38.5374
0,43.4685
0,43.2800
0,51.6954
0,6.3328
0,51.5386
0,39.3564
0,40.7060
0,45.3500
0,38.9203
0,-15.3389
0,45.3500
0,52.8930
0,50.8872
0,40.0119
0,38.8024
0,51.6570
0,38.0417
0,51.0186
0,48.5283
0,49.0816
0,28.2000
0,51.6400
0,61.5167
0,47.8858
0,55.8183
0,27.3926
0,45.6906
0,35.2219
0,35.0725
0,39.5150
0,34.5309
0,44.8370
0,45.6167
0,43.3637
0,40.6762
0,45.9500
0,38.9867
0,46.6639
0,48.7428
0,32.2951
0,40.0158
0,43.8954
0,42.0658
0,37.6976
0,43.2156
0,50.7125
0,-34.1833
0,40.2298
0,48.0758
0,49.7116
0,47.1239
0,42.9229
0,42.5334
0,53.6970
0,-10.6000
0,36.2041
0,46.9667
0,50.6080
0,-34.8203
0,44.2931
0,39.1237
0,47.0353
0,37.6333
0,52.5500
0,41.7167
0,39.9971
0,38.5701
0,50.6874
0,-28.2389
0,41.6471
0,28.8014
0,40.7215
0,-20.7308
0,40.7533
0,48.1108
0,-20.6600
0,49.2600
0,52.9140
0,40.9036
0,41.2005
0,-21.2489
0,50.0694
0,45.5517
0,38.5669
0,47.6678
0,44.0062
0,47.0512
0,50.5667
0,44.5519
0,43.8489
0,29.3436
0,41.3843
0,-20.1419
0,40.8481
0,38.9745
0,21.9728
0,-27.5611
0,56.0580
0,43.3844
0,26.2642
0,47.2242
0,50.9833
0,50.7500
0,53.4167
0,45.8381
0,43.4082
0,45.2667
0,43.2583
0,49.5092
0,49.9000
0,33.8574
0,52.7200
0,47.4120
0,32.0242
0,40.2833
0,7.2019
0,46.3250
0,41.1378
0,52.1750
0,30.3165
0,49.2033
0,47.3333
0,51.2700
0,47.3878
0,40.7259
0,49.0764
0,28.6909
0,-6.7750
0,38.3333
0,46.7633
0,47.9333
0,44.9000
0,45.9442
0,-17.2800
0,19.9167
0,-21.1519
0,42.6863
0,47.4664
0,50.9083
0,47.2833
0,41.5803
0,-20.2400
0,42.0459
0,-6.8678
0,4.7721
0,51.6120
0,-13.5169
0,43.0667
0,42.6689
0,35.0708
0,47.8167
0,50.9275
0,32.2309
0,15.5034
0,37.3360
0,28.4724
0,50.1833
0,47.6667
0,38.8750
0,45.8333
0,35.1798
0,41.8333
0,36.3718
0,27.9216
0,51.8042
0,51.7030
0,39.7051
0,53.2222
0,-21.3578
0,39.5149
0,39.7859
0,40.2924
0,40.7958
0,44.3761
0,19.0293
0,37.6500
0,34.4956
0,42.6543
0,49.0706
0,51.3156
0,26.1544
0,41.2982
0,40.4833
0,48.6531
0,-32.8167
0,45.6500
0,50.3947
0,43.6494
0,52.6833
0,51.3380
0,48.6647
0,50.6500
0,44.9000
0,45.8138
0,41.0269
0,40.4333
0,47.9064
0,42.3290
0,12.3383
0,22.6751
0,44.4552
0,45.5003
0,19.0100
0,57.1883
0,-35.8333
0,20.4333
0,41.7340
0,41.4622
0,42.1146
0,52.9500
0,50.3022
0,34.3147
0,40.5333
0,48.5892
0,30.4407
0,20.6308
0,54.6637
0,61.7694
0,45.4000
0,40.9099
0,40.9952
0,41.6313
0,50.2355
0,36.6078
0,40.6441
0,36.7667
0,45.7467
0,49.3000
0,37.8000
0,45.3508
0,60.6536
0,51.7784
0,40.0330
0,42.7261
0,53.1667
0,-31.7833
0,40.6481
0,38.1667
0,36.9833
0,-22.3028
0,36.9321
0,46.5269
0,38.1550
0,46.5506
0,42.9321
0,-36.2350
0,43.3237
0,38.9642
0,40.9493
0,46.6747
0,47.4418
0,37.4667
0,45.7528
0,44.2008
0,41.3188
0,42.8625
0,45.4511
0,53.7395
0,40.9954
0,42.0214
0,47.1831
0,45.0000
0,-27.1492
0,52.8122
0,41.1857
0,47.0125
0,45.3667
0,35.0716
0,38.5455
0,-28.3700
0,47.5222
0,52.7600
0,39.1511
0,39.6667
0,-37.1667
0,47.9664
0,39.7977
0,41.3000
0,45.7431
0,14.4161
0,15.5333
0,36.6909
0,33.5816
0,46.6011
0,51.9333
0,-34.7701
0,-4.9539
0,56.6519
0,41.0833
0,44.1000
0,51.1833
0,51.3117
0,40.0667
0,48.8453
0,37.5120
0,46.3667
0,49.1480
0,5.9978
0,43.1803
0,38.1500
0,40.1142
0,45.1953
0,40.9667
0,44.6188
0,44.6475
0,18.4500
0,-6.2128
0,50.8986
0,33.8011
0,50.7697
0,37.7670
0,38.3833
0,51.6331
0,-34.4667
0,49.2397
0,47.7044
0,-5.5219
0,47.8558
0,47.2610
0,45.4500
0,44.4667
0,46.1858
0,40.2833
0,51.4189
0,18.2697
0,41.0315
0,47.8669
0,45.2942
0,41.3780
0,35.1403
0,26.2978
0,64.1375
0,31.9458
0,34.5256
0,34.2133
0,46.2000
0,40.0902
0,43.7006
0,33.8200
0,-2.1708
0,39.8025
0,48.1381
0,48.3833
0,-8.8419
0,43.6678
0,46.8931
0,44.5000
0,51.3691
0,48.0789
0,45.7333
0,18.1000
0,44.8825
0,51.0978
0,41.0333
0,-9.2578
0,43.4633
0,39.2004
0,40.1684
0,49.6725
0,42.6656
0,50.2208
0,36.0681
0,54.8756
0,43.0642
0,41.5319
0,38.0645
0,14.8167
0,41.7532
0,45.1333
0,-8.8039
0,43.7444
0,48.3972
0,38.7564
0,43.4275
0,-7.2500
0,62.7250
0,43.5581
0,41.6159
0,-27.2169
0,45.3667
0,40.6764
0,29.5669
0,44.7039
0,48.6942
0,38.7264
0,44.4528
0,51.3410
0,50.0472
0,47.9333
0,33.4359
0,43.0761
0,47.4500
0,36.1606
0,17.6667
0,14.3253
0,43.0910
0,48.5797
0,50.4447
0,38.1410
0,45.0333
0,40.0025
0,-21.7219
0,47.4223
0,41.4452
0,50.1128
0,-28.5589
0,37.4539
0,42.7500
0,61.8386
0,52.5562
0,-20.3439
0,45.2939
0,43.4500
0,55.3842
0,41.6725
0,-42.3796
0,30.6651
0,42.5380
0,-7.3839
0,42.4298
0,-17.0769
0,43.8183
0,45.0667
0,43.2333
0,45.9681
0,40.4223
0,39.5658
0,40.3797
0,13.2884
0,47.4167
0,50.7407
0,52.0917
0,53.9333
0,42.0333
0,6.3308
0,45.4353
0,62.7997
0,4.6372
0,47.3833
0,41.9268
0,9.7176
0,45.2256
0,50.2416
0,45.1958
0,-20.7839
0,46.5686
0,37.9209
0,30.2956
0,42.8257
0,47.9533
0,41.8667
0,46.5269
0,48.4931
0,33.1493
0,47.7795
0,40.6038
0,56.3333
0,36.9833
0,44.5069
0,48.6158
0,47.5266
0,-20.6158
0,52.6717
0,32.2275
0,49.6606
0,49.7806
0,33.0167
0,31.0336
0,48.7333
0,40.5093
0,36.8393
0,43.2342
0,50.6000
0,50.9850
0,50.3667
0,52.2520
0,50.7667
0,35.1333
0,-19.2300
0,33.7057
0,47.1667
0,53.7701
0,47.7667
0,51.0272
0,-27.3550
0,32.0697
0,-7.0478
0,51.6825
0,36.3333
0,35.5436
0,40.8500
0,49.3508
0,32.6833
0,18.8000
0,49.7064
0,54.3417
0,-30.8750
0,30.5649
0,41.5936
0,13.5589
0,43.6005
0,57.7167
0,56.1550
0,45.8517
0,50.9889
0,42.2578
0,53.7500
0,62.0292
0,45.7667
0,-6.9969
0,51.1772
0,-22.5708
0,33.2262
0,26.4324
0,47.6292
0,47.9417
0,38.3688
0,47.6000
0,35.2425
0,45.1342
0,45.0167
0,46.2167
0,-7.1778
0,50.8667
0,43.9797
0,50.4328
0,50.8500
0,-23.7100
0,50.3256
0,45.6500
0,-34.0333
0,42.8121
0,31.8110
0,41.0034
0,34.8729
0,48.8900
0,33.7459
0,35.6942
0,41.4226
0,48.8794
0,43.2533
0,53.3794
0,56.6500
0,46.0512
0,19.5223
0,-18.7619
0,17.1000
0,-20.2450
0,51.5439
0,38.5210
0,48.7500
0,-5.5008
0,52.7633
0,48.4549
0,44.0919
0,50.4049
0,52.9870
0,42.0823
0,61.5737
0,35.6931
0,39.6589
0,41.1926
0,-13.8100
0,37.3369
0,45.9348
0,45.7328
0,51.1167
0,48.2119
0,48.5142
0,48.7606
0,31.0961
0,47.5553
0,52.1203
0,44.3608
0,27.3214
0,53.9500
0,61.0500
0,45.3333
0,44.0500
0,45.5053
0,47.7233
0,37.8580
0,-27.6550
0,46.1000
0,40.1333
0,-19.1578
0,43.1377
0,32.7683
0,39.0355
0,37.4216
0,33.0509
0,49.2839
0,52.9000
0,48.7483
0,19.9358
0,41.2372
0,45.4333
0,48.9000
0,48.6553
0,50.6500
0,54.5833
0,40.2710
0,42.7706
0,41.9474
0,34.8422
0,38.5063
0,50.3011
0,45.0506
0,47.2038
0,43.3042
0,43.3853
0,48.6922
0,49.5108
0,47.1031
0,46.4858
0,35.1385
0,30.3801
0,47.8089
0,52.7667
0,47.3861
0,20.5968
0,39.2910
0,38.6464
0,46.3225
0,36.1740
0,-10.1278
0,-18.9839
0,53.6027
0,41.0590
0,48.7667
0,19.5686
0,48.1342
0,55.8023
0,44.3273
0,-35.3039
0,47.3831
0,43.0023
0,45.3000
0,-23.6208
0,37.7467
0,-30.9667
0,51.8500
0,-35.1125
0,47.7789
0,35.1917
0,35.2346
0,51.7000
0,39.4039
0,62.6128
0,50.7078
0,44.7920
0,-28.8289
0,39.2292
0,-8.8458
0,40.1028
0,44.8997
0,41.0212
0,31.1247
0,33.1864
0,49.2625
0,48.7167
0,48.9297
0,54.8667
0,46.1081
0,42.0375
0,47.2351
0,46.7536
0,40.5667
0,52.9704
0,41.5077
0,44.9794
0,51.1514
0,39.9092
0,36.9333
0,47.7333
0,16.4333
0,30.4314
0,49.3594
0,37.7917
0,-20.2863
0,31.7547
0,49.3978
0,45.8833
0,47.4489
0,43.6953
0,43.3994
0,-30.0000
0,38.1248
0,20.2167
0,44.4833
0,51.3640
0,40.9750
0,20.0833
0,45.4000
0,54.5600
0,51.6445
0,57.4081
0,37.9481
0,41.7833
0,-16.0028
0,48.6456
0,43.9167
0,44.3673
0,44.6333
0,52.8892
0,46.4731
0,39.3809
0,46.5831
0,54.8230
0,52.9670
0,42.1206
0,38.4187
0,47.5272
0,41.9300
0,51.6700
0,47.3818
0,50.3569
0,54.1230
0,51.0500
0,-22.7478
0,47.8194
0,48.2172
0,47.0538
0,47.7597
0,40.6361
0,38.3000
0,45.4982
0,43.1333
0,48.9558
0,45.7167
0,48.8803
0,62.2403
0,47.0836
0,53.9170
0,40.6254
0,29.9284
0,-25.2538
0,47.6167
0,51.1749
0,45.4642
0,49.9320
0,43.4528
0,49.7880
0,29.8414
0,62.5667
0,51.5222
0,45.1667
0,4.9667
0,54.1753
0,48.9997
0,39.9167
0,50.6833
0,46.3889
0,42.9122
0,35.0708
0,39.3586
0,43.1100
0,41.6063
0,47.8161
0,-18.1239
0,48.9999
0,20.7767
0,49.1528
0,40.6500
0,54.0660
0,-16.0300
0,-30.6414
0,41.5553
0,43.3567
0,52.0547
0,43.5928
0,4.9344
0,41.0513
0,41.0497
0,47.2972
0,-20.7069
0,20.9778
0,31.1272
0,-41.0000
0,48.7336
0,37.8445
0,43.6578
0,47.2633
0,28.7753
0,40.9163
0,29.4470
0,39.9500
0,-15.4458
0,39.6368
0,46.2258
0,44.1617
0,39.1668
0,40.7373
0,47.8163
0,46.8167
0,-21.3167
0,45.7136
0,-6.2058
0,47.1711
0,48.0486
0,-19.9369
0,49.6939
0,-18.4864
0,42.6000
0,40.4327
0,-36.8331
0,39.6967
0,28.2118
0,-21.1216
0,49.0833
0,51.8000
0,50.0533
0,48.3756
0,48.6525
0,49.0500
0,49.6114
0,46.0736
0,47.7924
0,50.1381
0,35.6771
0,46.0839
0,40.8839
0,40.4504
0,55.7667
0,-26.9978
0,48.9614
0,43.0501
0,41.7322
0,48.4833
0,45.7167
0,46.2527
0,54.5667
0,44.9550
0,37.4862
0,-19.6328
0,38.8900
0,-18.9989
0,49.8167
0,41.3667
0,-19.0389
0,51.2025
0,30.9131
0,43.9212
0,44.8333
0,47.2806
0,44.1361
0,41.6986
0,29.8333
0,17.5837
0,53.7530
0,53.8300
0,39.1167
0,39.8290
0,-18.4369
0,30.0850
0,36.1832
0,44.4833
0,37.8167
0,42.8370
0,47.4836
0,40.5010
0,30.5328
0,-22.4333
0,51.3667
0,51.8636
0,18.6167
0,40.7167
0,38.0614
0,48.4458
0,40.1100
0,19.2514
0,-17.5919
0,-16.7350
0,50.8506
0,-9.8000
0,43.4853
0,33.7085
0,44.3333
0,44.4167
0,37.7500
0,52.5881
0,47.3542
0,38.3998
0,-27.7689
0,20.8858
0,46.8200
0,40.1552
0,50.4203
0,63.9322
0,31.3500
0,31.9992
0,40.1500
0,50.0661
0,47.0931
0,52.2367
0,40.1250
0,39.8865
0,40.7375
0,51.4500
0,48.6112
0,38.9754
0,58.9667
0,39.7551
0,40.0423
0,42.6883
0,49.1333
0,27.7645
0,55.6833
0,38.6078
0,27.1914
0,53.8333
0,46.0836
0,43.3629
0,55.8680
0,9.9078
0,37.3277
0,53.1664
0,39.8494
0,48.8258
0,-23.3178
0,44.5820
0,56.0869
0,-26.5733
0,-15.7258
0,36.4444
0,27.4736
0,50.3833
0,16.6833
0,47.6561
0,45.7061
0,37.5858
0,42.6519
0,48.1083
0,52.3128
0,44.4110
0,-23.3150
0,-6.5628
0,32.9352
0,48.3556
0,27.4702
0,40.4005
0,27.7740
0,60.8833
0,50.6439
0,45.6667
0,41.8358
0,52.7870
0,34.7625
0,52.1000
0,45.1161
0,37.2903
0,41.8606
0,38.7993
0,40.9500
0,37.8096
0,45.1333
0,6.4625
0,-29.6750
0,51.9000
0,35.5003
0,14.7000
0,52.5036
0,59.3231
0,-22.2914
0,40.2432
0,45.4962
0,50.3914
0,38.8500
0,-29.8808
0,29.8502
0,45.9145
0,45.0704
0,41.7425
0,46.9256
0,-19.0039
0,45.5000
0,48.6244
0,47.8142
0,32.7811
0,43.9500
0,47.2778
0,51.3833
0,51.6003
0,41.3069
0,43.3578
0,45.5806
0,0.8578
0,9.6833
0,48.9206
0,46.6881
0,43.2617
0,41.5397
0,42.2110
0,48.5842
0,30.3685
0,43.3500
0,-7.2589
0,43.2139
0,41.1287
0,43.5198
0,50.4200
0,52.7014
0,5.3500
0,42.8955
0,43.0776
0,42.1224
0,-19.5508
0,49.3169
0,30.4972
0,50.4383
0,47.0100
0,39.4909
0,32.0304
0,39.2059
0,39.9090
0,44.2067
0,41.8737
0,17.3333
0,31.4458
0,42.8386
0,37.0782
0,-37.0500
0,44.8667
0,-28.7300
0,4.8841
0,-22.7358
0,49.0752
0,41.4461
0,16.2000
0,38.8708
0,29.3908
0,-26.8556
0,45.5375
0,39.0453
0,40.6811
0,48.6853
0,48.6217
0,51.9467
0,52.4995
0,60.2389
0,45.4667
0,-20.3269
0,50.9200
0,34.8491
0,40.9337
0,-26.2769
0,41.1532
0,-20.2758
0,46.1786
0,-14.4878
0,30.1090
0,44.1000
0,39.2182
0,45.5800
0,42.6500
0,53.0640
0,45.7500
0,43.4517
0,45.7211
0,37.4000
0,46.4831
0,45.2167
0,37.1403
0,30.1263
0,41.2853
0,48.5833
0,52.9617
0,33.7333
0,-6.8928
0,30.5981
0,47.4394
0,51.2510
0,41.3913
0,41.4472
0,44.0833
0,49.1824
0,55.1830
0,47.4294
0,38.8093
0,45.8333
0,-31.6531
0,56.8750
0,52.4400
0,41.0080
0,43.1307
0,51.4069
0,43.3167
0,46.9728
0,48.1756
0,44.3590
0,47.6636
0,51.1409
0,36.1100
0,36.2766
0,50.8833
0,43.3019
0,49.4517
0,50.7775
0,33.5846
0,44.9206
0,42.9574
0,40.7369
0,36.2633
0,-6.0319
0,39.4239
0,-23.5989
0,39.1699
0,49.1858
0,40.8984
0,36.4239
0,49.5471
0,50.8450
0,39.8192
0,41.9333
0,53.2080
0,57.6731
0,49.1833
0,45.9436
0,47.8286
0,49.0003
0,42.9110
0,28.8359
0,38.8267
0,-7.5578
0,45.4500
0,53.1950
0,-27.6188
0,58.7247
0,41.6390
0,46.2000
0,40.1235
0,-31.4039
0,50.2920
0,41.0253
0,52.1255
0,33.9041
0,47.1453
0,41.5000
0,28.2020
0,56.2339
0,52.4358
0,32.7974
0,30.3084
0,48.1620
0,33.4426
0,43.4997
0,40.2353
0,43.0256
0,41.8259
0,48.0217
0,33.4352
0,35.3653
0,47.7100
0,45.7489
0,44.7517
0,51.3583
0,47.2307
0,51.6400
0,50.5336
0,50.6872
0,47.4653
0,52.1367
0,39.9637
0,48.9103
0,48.1478
0,46.6497
0,42.0694
0,56.9833
0,-28.8317
0,48.1833
0,52.3290
0,47.8667
0,42.4266
0,-22.0428
0,51.6628
0,-7.2108
0,-26.1578
0,42.6150
0,43.1007
0,13.6500
0,41.2155
0,47.3139
0,48.6067
0,31.5500
0,-4.3919
0,22.8444
0,47.3589
0,50.3610
0,33.1280
0,45.3000
0,-3.7703
0,51.2000
0,54.4111
0,47.9525
0,55.8167
0,-33.4500
0,5.7833
0,-32.0239
0,-22.8269
0,-33.9550
0,-9.8278
0,39.6570
0,37.9364
0,-29.7500
0,42.3075
0,-9.8328
0,13.2333
0,17.5642
0,-6.0858
0,42.3833
0,20.5117
0,26.7135
0,52.7000
0,49.1977
0,61.0750
0,57.7189
0,41.5969
0,50.9536
0,47.0070
0,44.6811
0,41.4074
0,17.4743
0,48.7389
0,51.4667
0,55.8780
0,64.7500
0,32.2925
0,31.2357
0,45.6000
0,47.2886
0,45.8500
0,39.3899
0,-29.4333
0,35.4308
0,49.7931
0,68.9055
0,34.1787
0,62.2736
0,-33.6908
0,37.0829
0,44.4000
0,13.5051
0,44.2670
0,39.0092
0,38.0500
0,40.1849
0,40.9460
0,15.0408
0,51.3167
0,-18.2339
0,39.8050
0,-45.0400
0,40.2962
0,62.3623
0,48.5386
0,55.6000
0,53.1416
0,38.5513
0,-38.9500
0,45.5144
0,50.0000
0,49.3785
0,59.6236
0,-23.3756
0,33.8150
0,33.9813
0,-25.8239
0,47.7206
0,43.3354
0,41.5136
0,-27.6833
0,33.8250
0,34.9890
0,-23.0178
0,47.8753
0,36.6243
0,47.4192
0,45.7225
0,47.7633
0,49.5261
0,61.7110
0,50.3238
0,48.2667
0,41.6885
0,46.8667
0,45.3167
0,42.8903
0,45.1167
0,41.7842
0,50.4461
0,49.1258
0,40.5394
0,50.5022
0,34.4228
0,-17.0936
0,-9.0558
0,33.5935
0,-19.7919
0,50.6588
0,53.6394
0,42.7520
0,44.9775
0,45.5083
0,-18.9789
0,49.0865
0,54.4917
0,49.2289
0,-14.9608
0,41.4300
0,41.5947
0,48.9158
0,45.1000
0,48.6058
0,53.4833
0,52.8767
0,36.3858
0,54.0500
0,34.6245
0,46.9667
0,-27.6689
0,62.0097
0,34.8819
0,45.2500
0,50.6094
0,41.0203
0,41.1191
0,41.1391
0,-7.7200
0,47.4833
0,48.5833
0,51.7150
0,37.2167
0,36.3968
0,45.5833
0,50.8500
0,45.8322
0,41.3320
0,-17.2369
0,38.5833
0,47.1228
0,46.0103
0,48.0727
0,49.9498
0,38.1000
0,17.9698
0,40.4500
0,46.0731
0,51.7328
0,-21.0869
0,50.7167
0,40.2014
0,49.2333
0,49.6106
0,-29.4689
0,48.1282
0,50.9978
0,43.2417
0,47.4900
0,41.8000
0,43.7438
0,33.7790
0,-8.2150
0,52.8667
0,27.3564
0,43.6500
0,45.6000
0,54.8222
0,43.1244
0,42.2478
0,48.2167
0,50.2335
0,51.0967
0,38.5289
0,49.2717
0,16.8869
0,43.2961
0,48.4103
0,34.7572
0,43.3953
0,20.1667
0,25.9852
0,48.1186
0,48.0794
0,40.7389
0,48.7460
0,44.8921
0,39.2322
0,43.9099
0,-7.6578
0,-23.9108
0,46.9956
0,45.5494
0,49.0667
0,42.9847
0,47.4497
0,40.0667
0,48.0550
0,33.4756
0,35.9858
0,42.7017
0,32.2000
0,20.9767
0,46.2122
0,33.7983
0,14.4439
0,33.1246
0,50.6500
0,52.9970
0,37.9500
0,52.5550
0,47.1997
0,39.2338
0,47.9878
0,46.9296
0,47.1404
0,41.0333
0,-16.1178
0,49.2108
0,48.4736
0,46.0903
0,42.6189
0,34.5225
0,40.9076
0,30.9931
0,41.6340
0,48.7333
0,33.8136
0,41.4600
0,39.1959
0,48.8725
0,41.8349
0,49.4814
0,52.6356
0,7.0008
0,44.6000
0,52.0839
0,36.4333
0,49.6167
0,40.1778
0,33.3258
0,20.1553
0,60.9500
0,-34.6317
0,-17.3119
0,52.4769
0,45.8822
0,37.4060
0,63.1333
0,52.6743
0,52.3506
0,60.4286
0,31.6292
0,50.3091
0,44.9708
0,33.0584
0,41.0447
0,38.5000
0,60.5275
0,39.0363
0,40.3348
0,50.4869
0,45.1500
0,35.6458
0,49.7708
0,43.2678
0,46.7756
0,40.3626
0,-20.5208
0,46.4836
0,39.3914
0,50.0358
0,38.6083
0,45.0326
0,17.3000
0,43.2780
0,47.5414
0,45.3500
0,43.4321
0,34.8119
0,48.3667
0,44.4500
0,48.2833
0,47.2703
0,6.8680
0,49.1703
0,13.7437
0,16.9500
0,57.8672
0,43.8003
0,4.8693
0,-28.3869
0,33.7434
0,41.8442
0,40.4667
0,49.6572
0,48.4506
0,50.5833
0,49.5683
0,46.1689
0,51.0907
0,46.2536
0,48.1108
0,43.1015
0,52.0983
0,47.4164
0,49.1490
0,50.0167
0,52.1529
0,16.9364
0,40.0803
0,52.0806
0,44.5667
0,38.4167
0,43.7822
0,47.3506
0,53.1167
0,13.4681
0,48.5883
0,49.3255
0,49.9089
0,48.3333
0,49.4333
0,40.5617
0,-26.7397
0,49.4250
0,40.3539
0,-22.4403
0,33.2139
0,58.2714
0,63.7250
0,45.0000
0,53.6000
0,45.5833
0,43.2447
0,52.6103
0,39.0358
0,46.2167
0,61.3389
0,42.4922
0,48.6653
0,45.1906
0,38.0405
0,52.0108
0,41.8161
0,52.8820
0,-29.5750
0,41.9500
0,30.7667
0,46.6264
0,35.3844
0,50.3772
0,44.4280
0,49.6647
0,48.2936
0,-7.3550
0,40.3042
0,51.9982
0,42.0186
0,50.7000
0,48.4536
0,52.1500
0,41.6681
0,-37.9333
0,45.3969
0,47.3900
0,17.4551
0,43.7244
0,-21.1700
0,45.7393
0,43.6183
0,63.0750
0,49.9479
0,51.9481
0,46.5250
0,51.6833
0,44.2333
0,-10.5669
0,47.3942
0,39.4500
0,51.3667
0,51.6155
0,49.2000
0,45.6667
0,41.6346
0,51.0200
0,44.3981
0,45.1833
0,6.8436
0,49.9833
0,-21.8950
0,49.6481
0,41.3333
0,45.7167
0,14.4800
0,45.1167
0,36.5204
0,41.5658
0,38.6547
0,46.2167
0,19.7000
0,49.7540
0,42.5500
0,56.2903
0,53.7353
0,41.6726
0,48.5544
0,-33.0740
0,50.2500
0,42.6000
0,-33.0667
0,48.6333
0,52.6167
0,39.3436
0,39.7239
0,-5.8178
0,53.0820
0,50.5976
0,52.7250
0,48.7000
0,35.0073
0,32.9827
0,51.4835
0,63.6556
0,55.8450
0,40.4325
0,48.4906
0,46.3050
0,33.2100
0,44.9000
0,52.1000
0,46.1500
0,55.9707
0,42.6995
0,48.0094
0,43.4217
0,55.2853
0,50.0333
0,45.7333
0,45.1221
0,40.8833
0,42.3325
0,55.4053
0,39.6375
0,35.4833
0,-24.1458
0,43.5646
0,34.5019
0,-27.6208
0,46.0289
0,36.2637
0,35.1558
0,20.2667
0,45.4461
0,49.4308
0,48.2167
0,38.1792
0,46.7942
0,53.1203
0,39.8689
0,47.4386
0,38.5489
0,-26.3550
0,38.7775
0,46.9761
0,50.7374
0,43.5900
0,47.1172
0,-27.8328
0,18.0532
0,35.2639
0,45.9225
0,33.5767
0,52.3753
0,50.3978
0,42.2672
0,34.4284
0,49.4806
0,49.6722
0,35.5360
0,27.7522
0,38.4154
0,39.0650
0,-21.3750
0,50.8708
0,51.7603
0,40.6048
0,13.1248
0,41.9500
0,44.3800
0,61.3100
0,39.7179
0,-21.3161
0,44.0471
0,43.1339
0,47.0858
0,49.5333
0,38.5284
0,-19.4978
0,60.8972
0,30.1333
0,-37.0879
0,41.1667
0,48.5500
0,50.0929
0,45.8642
0,44.7556
0,44.3434
0,37.1194
0,45.7472
0,52.8320
0,40.8629
0,37.4042
0,42.6172
0,41.2017
0,38.3167
0,9.1000
0,33.9972
0,55.6800
0,45.6376
0,42.4805
0,42.4235
0,48.1336
0,42.7306
0,53.8642
0,39.2123
0,43.6000
0,49.1581
0,44.6925
0,-7.4278
0,-28.1850
0,31.1111
0,5.7667
0,51.0117
0,37.7333
0,58.5333
0,31.8540
0,45.6825
0,32.4980
0,50.7025
0,47.2875
0,29.1081
0,-6.8719
0,-6.5328
0,42.4795
0,50.1356
0,-22.9339
0,43.5392
0,47.8808
0,42.2404
0,43.2296
0,48.9170
0,49.7892
0,37.3167
0,-34.8000
0,40.0603
0,34.1346
0,35.8756
0,43.0525
0,48.3167
0,14.3680
0,47.4343
0,42.8905
0,41.3499
0,40.2833
0,-7.1569
0,51.7744
0,29.9321
0,46.6333
0,40.5922
0,30.7323
0,45.0336
0,40.6531
0,50.6419
0,-29.7478
0,50.9509
0,49.0439
0,-4.1328
0,50.5167
0,28.3595
0,46.7378
0,18.7167
0,15.7543
0,51.0139
0,39.2667
0,50.1000
0,39.8833
0,54.0401
0,57.5970
0,50.8333
0,50.2161
0,16.3749
0,32.8347
0,47.6079
0,33.7243
0,48.2667
0,41.8667
0,-20.9050
0,45.3167
0,46.9369
0,43.1488
0,51.5878
0,50.5267
0,-29.5378
0,50.6833
0,42.2585
0,60.7928
0,-21.0158
0,-22.8158
0,42.9328
0,-27.3939
0,48.7733
0,45.6203
0,39.2531
0,52.2500
0,39.4933
0,57.8833
0,49.6681
0,48.8589
0,52.8250
0,36.7272
0,43.1953
0,27.6736
0,37.9000
0,-27.6939
0,46.5333
0,44.2106
0,53.3633
0,44.4386
0,45.3500
0,45.6500
0,33.9392
0,-15.0500
0,16.3682
0,14.5326
0,43.9575
0,43.3167
0,15.0691
0,41.5167
0,53.2942
0,29.8524
0,49.5167
0,47.7167
0,45.5475
0,-17.7708
0,51.2575
0,43.2517
0,-18.2750
0,39.0130
0,48.6270
0,45.5833
0,37.6500
0,43.4599
0,42.5059
0,42.2500
0,32.3955
0,36.0851
0,42.6373
0,51.8931
0,35.8090
0,-28.2078
0,50.4833
0,41.8183
0,47.6514
0,40.5425
0,65.8342
0,52.2750
0,54.4000
0,-33.7164
0,48.5403
0,45.3167
0,-30.4600
0,36.2349
0,48.4058
0,46.8189
0,41.5832
0,36.8011
0,-27.0700
0,43.1228
0,-20.1069
0,-27.9519
0,50.6519
0,52.5333
0,44.9167
0,48.9669
0,42.2861
0,52.7500
0,-32.0833
0,46.4667
0,48.6711
0,44.6372
0,40.6042
0,45.2672
0,52.7517
0,61.8972
0,33.7833
0,40.7787
0,40.4583
0,40.4833
0,43.6519
0,42.4113
0,40.9667
0,62.6213
0,38.7747
0,51.2280
0,-36.2833
0,34.2022
0,19.9285
0,49.1844
0,50.5167
0,37.5618
0,34.2064
0,48.9786
0,41.6603
0,48.6161
0,-37.5500
0,40.3868
0,50.5703
0,53.5959
0,43.1581
0,45.5833
0,-5.0678
0,45.0667
0,43.7242
0,-27.9880
0,41.0695
0,40.2976
0,40.5201
0,-20.7100
0,34.9296
0,63.2856
0,30.2834
0,39.3400
0,36.2621
0,-29.4719
0,27.4306
0,47.4997
0,41.0053
0,34.0426
0,44.9081
0,33.6609
0,40.4489
0,43.9569
0,50.3903
0,45.6614
0,-6.8419
0,49.9000
0,50.2631
0,19.5050
0,50.8847
0,45.7500
0,16.0728
0,37.3500
0,46.6867
0,-23.9158
0,46.6687
0,45.6500
0,41.3957
0,52.5724
0,50.6333
0,32.5567
0,44.3494
0,45.8500
0,9.5769
0,43.2918
0,53.6590
0,53.5094
0,40.2485
0,48.3500
0,38.1562
0,41.3565
0,-20.1819
0,46.9500
0,-3.7428
0,43.8361
0,-7.2669
0,15.2099
0,49.2997
0,40.4680
0,40.1014
0,-21.9469
0,-19.6078
0,-19.6833
0,50.4970
0,-38.3380
0,31.1386
0,42.5870
0,50.2056
0,53.0828
0,53.2620
0,41.4738
0,54.3833
0,47.9581
0,46.1239
0,38.9942
0,38.9686
0,50.8600
0,-6.4489
0,39.6445
0,-1.2678
0,17.5000
0,45.3833
0,45.7333
0,45.6667
0,43.6789
0,51.6910
0,63.2042
0,40.4071
0,48.4689
0,50.8170
0,52.1444
0,40.3908
0,46.6856
0,47.3164
0,40.9736
0,47.7227
0,45.8144
0,45.5333
0,-17.8869
0,35.0652
0,49.0880
0,52.7103
0,31.1942
0,50.4361
0,-16.8719
0,49.5561
0,44.1050
0,47.7069
0,29.7334
0,44.7667
0,35.4779
0,36.8404
0,47.8500
0,50.2295
0,42.6835
0,40.8721
0,38.5939
0,47.7333
0,-6.0939
0,52.7428
0,-10.0794
0,37.6764
0,39.1332
0,49.3178
0,41.4508
0,48.3706
0,51.8667
0,40.5270
0,46.9685
0,40.6333
0,35.2131
0,46.3319
0,33.9602
0,48.4369
0,-13.2672
0,45.9667
0,43.1120
0,43.5578
0,44.4346
0,-9.3439
0,37.4788
0,49.5676
0,-27.3978
0,50.3540
0,52.4496
0,31.2337
0,35.2846
0,39.0254
0,66.8633
0,48.4833
0,49.3833
0,50.4833
0,47.3319
0,47.5833
0,44.8488
0,-21.8583
0,38.7732
0,47.1942
0,45.7964
0,43.4188
0,34.4868
0,44.1864
0,45.8833
0,38.8125
0,40.6736
0,-6.3769
0,44.7650
0,51.6490
0,45.8667
0,-22.8608
0,49.9603
0,47.1236
0,37.7319
0,-29.2350
0,40.1321
0,30.6377
0,42.7799
0,43.0429
0,48.1797
0,14.5890
0,52.6750
0,34.1408
0,57.2408
0,43.4772
0,53.9322
0,40.8114
0,-21.3739
0,42.0181
0,44.2833
0,41.0349
0,37.6816
0,46.7664
0,29.3583
0,42.7897
0,48.2864
0,47.8619
0,-20.3669
0,48.3833
0,47.9453
0,45.8186
0,50.8600
0,54.3050
0,43.6644
0,39.6983
0,52.8444
0,42.6608
0,29.7038
0,42.0875
0,34.0000
0,43.4167
0,31.2564
0,41.8131
0,45.6000
0,-18.6608
0,47.4606
0,42.0926
0,47.7030
0,47.7152
0,46.1167
0,37.3667
0,46.9000
0,15.3300
0,10.6560
0,57.3969
0,50.5142
0,-29.7150
0,51.1667
0,47.1286
0,62.0984
0,39.0960
0,43.2469
0,42.4908
0,39.0626
0,48.8083
0,47.1102
0,53.2400
0,48.6108
0,40.3064
0,-32.3500
0,53.6967
0,-22.3500
0,-14.2108
0,52.8536
0,-6.9808
0,48.0328
0,51.0429
0,-23.9000
0,48.6222
0,43.8833
0,34.1209
0,48.3306
0,43.5800
0,48.3206
0,42.3464
0,46.2889
0,45.1667
0,53.4631
0,49.7833
0,48.5625
0,35.1069
0,29.5875
0,40.2667
0,55.2382
0,31.3442
0,51.4491
0,46.4522
0,-10.6658
0,50.7000
0,49.1128
0,48.0478
0,34.3539
0,40.0667
0,48.3081
0,29.7676
0,41.3606
0,51.5831
0,40.5961
0,45.4000
0,45.3833
0,49.5061
0,44.0556
0,51.9292
0,45.5031
0,45.3333
0,52.1289
0,36.6953
0,50.9500
0,-20.4489
0,36.9394
0,50.7722
0,-22.0725
0,-13.7758
0,40.2348
0,28.8007
0,41.5707
0,49.0333
0,40.8298
0,47.6986
0,48.2494
0,50.7347
0,37.8133
0,38.3000
0,52.9000
0,-16.3639
0,-15.7736
0,47.6958
0,47.0170
0,33.5024
0,29.1457
0,48.2114
0,14.6204
0,48.2964
0,41.5319
0,45.6189
0,49.4597
0,44.9711
0,49.1333
0,42.6715
0,42.4330
0,20.4500
0,42.8831
0,37.6928
0,51.8120
0,41.9356
0,19.2614
0,32.1526
0,28.0371
0,50.5833
0,38.4293
0,52.2865
0,46.9931
0,43.2269
0,41.8461
0,46.6336
0,37.9806
0,38.9254
0,39.1485
0,41.8094
0,52.7167
0,43.4983
0,58.3044
0,53.9667
0,48.8928
0,43.3706
0,-7.2508
0,50.1227
0,39.0833
0,46.9223
0,42.2965
0,-24.0658
0,38.6048
0,42.7541
0,29.7167
0,-10.3392
0,38.8866
0,51.1667
0,67.6531
0,50.5933
0,50.4881
0,10.4404
0,28.5441
0,38.9345
0,39.4832
0,49.9000
0,43.2667
0,41.3526
0,48.1681
0,39.3198
0,31.3269
0,45.7000
0,31.3858
0,45.8000
0,46.1556
0,15.5341
0,39.7452
0,43.3257
0,44.8167
0,45.3333
0,-26.5339
0,44.5650
0,48.5911
0,-6.9158
0,52.2156
0,46.0422
0,-18.7839
0,30.7496
0,-49.9830
0,46.9025
0,40.3391
0,41.3500
0,51.9742
0,45.8275
0,43.8281
0,44.6652
0,46.6358
0,48.3461
0,41.2651
0,37.1000
0,39.6104
0,45.6833
0,45.3692
0,5.9092
0,34.0396
0,41.9230
0,43.2619
0,40.0524
0,41.1167
0,48.6469
0,39.7781
0,45.5000
0,-15.1908
0,41.2500
0,49.6142
0,51.7736
0,-32.5167
0,49.6244
0,40.1144
0,47.5344
0,45.1300
0,-7.0850
0,49.7167
0,45.9833
0,17.0167
0,41.3792
0,53.5000
0,49.3956
0,48.6125
0,43.6301
0,43.1266
0,50.3658
0,42.7883
0,32.3011
0,47.1703
0,31.2848
0,38.9229
0,-36.4000
0,49.9153
0,45.7833
0,42.9332
0,47.6672
0,27.3922
0,47.0497
0,33.0647
0,36.9912
0,41.8667
0,37.7460
0,47.4489
0,39.2815
0,50.8247
0,31.3177
0,50.0860
0,41.7009
0,34.5554
0,45.8476
0,-45.2492
0,54.6917
0,39.6172
0,45.5401
0,45.7572
0,48.5884
0,45.6212
0,17.3181
0,20.2167
0,40.2333
0,44.3603
0,48.5717
0,-36.9550
0,-24.6569
0,48.9392
0,-35.9942
0,36.4081
0,46.2068
0,51.4889
0,41.3642
0,40.1142
0,39.7072
0,40.2262
0,37.2167
0,35.3107
0,47.8756
0,51.5800
0,40.2089
0,51.1192
0,52.1972
0,44.9039
0,46.1726
0,-30.1150
0,47.6233
0,45.2031
0,51.8464
0,28.6928
0,34.7813
0,62.2833
0,43.3649
0,34.4710
0,-26.2728
0,47.4795
0,49.3914
0,-29.4978
0,-23.1347
0,38.4119
0,38.5500
0,43.6497
0,42.7224
0,42.9250
0,36.2125
0,59.4167
0,50.7388
0,-17.4044
0,45.4833
0,49.2200
0,50.4378
0,40.8999
0,44.7225
0,48.3333
0,47.4025
0,42.3830
0,39.1111
0,41.6331
0,49.0333
0,-19.9069
0,40.2485
0,48.7167
0,49.3463
0,45.8667
0,48.2267
0,47.2828
0,49.8092
0,46.2339
0,47.3650
0,45.8094
0,-28.5461
0,-31.7100
0,48.7011
0,44.3331
0,39.4394
0,50.9547
0,53.2040
0,-11.7489
0,35.2650
0,-20.6408
0,55.7533
0,50.2400
0,-9.5319
0,51.7317
0,45.7806
0,-43.0833
0,0.0531
0,45.5833
0,28.1224
0,36.5009
0,28.0596
0,35.4446
0,48.9147
0,38.3860
0,34.1538
0,47.1220
0,44.0833
0,42.2009
0,46.2000
0,-23.7928
0,48.0431
0,33.2014
0,31.3114
0,43.1500
0,40.3306
0,41.1167
0,50.4797
0,42.5299
0,33.9816
0,45.6322
0,54.3818
0,44.7631
0,41.4497
0,40.2820
0,46.3876
0,38.0308
0,-27.3919
0,36.6661
0,37.0500
0,44.7167
0,44.6333
0,45.5833
0,41.7167
0,-6.7300
0,28.0201
0,39.9023
0,45.0261
0,37.1569
0,48.3667
0,51.9400
0,41.4150
0,51.7981
0,48.5167
0,49.6549
0,47.9400
0,-22.7428
0,43.0378
0,50.6614
0,50.0371
0,52.0642
0,54.6089
0,40.2314
0,32.5426
0,46.9469
0,49.9000
0,33.9622
0,46.6267
0,40.8323
0,38.7148
0,-19.4908
0,24.7833
0,-23.0958
0,41.6687
0,45.8333
0,53.0333
0,30.5408
0,32.9833
0,47.2667
0,-28.0172
0,-21.0164
0,11.1000
0,41.4801
0,39.8986
0,48.6208
0,63.4506
0,-22.4294
0,48.1133
0,34.8891
0,41.0711
0,-16.1828
0,48.9836
0,45.5828
0,43.3319
0,36.3667
0,39.8797
0,42.2608
0,32.5313
0,48.4667
0,47.2303
0,53.7072
0,52.9361
0,43.6117
0,48.9061
0,41.2594
0,46.8500
0,41.9578
0,-15.0378
0,39.8135
0,42.3219
0,42.1833
0,5.8028
0,9.2760
0,66.7881
0,24.9408
0,45.1433
0,51.5228
0,48.2089
0,48.6594
0,45.2500
0,-22.7897
0,28.6110
0,49.8666
0,46.1833
0,46.0167
0,49.0808
0,42.6841
0,55.8100
0,50.9942
0,39.7533
0,46.7681
0,49.7164
0,49.1147
0,46.1997
0,48.0742
0,-27.9800
0,56.1667
0,48.8031
0,30.3270
0,47.5300
0,47.7694
0,48.1000
0,49.7306
0,-35.9667
0,48.6714
0,29.9157
0,45.0383
0,30.2930
0,-18.7689
0,45.7000
0,46.0833
0,32.7731
0,-20.4400
0,43.8403
0,43.7308
0,48.6992
0,40.4251
0,51.4450
0,42.2380
0,26.4000
0,34.2452
0,53.6780
0,47.1667
0,47.6231
0,47.5069
0,39.8915
0,26.0889
0,39.1450
0,-40.0692
0,40.0500
0,35.7200
0,36.0573
0,48.1566
0,48.6392
0,47.3156
0,-22.6128
0,41.2186
0,44.0567
0,37.9833
0,49.8150
0,51.8833
0,34.0322
0,48.5147
0,47.9222
0,40.8775
0,48.4936
0,-31.6288
0,-7.7750
0,54.8050
0,17.3456
0,47.1358
0,-15.9308
0,50.7833
0,45.9286
0,40.3211
0,45.3167
0,33.8034
0,42.6590
0,48.5800
0,-16.2969
0,45.8833
0,49.5558
0,45.5167
0,60.8000
0,53.9667
0,-19.8628
0,53.0833
0,54.8336
0,50.6428
0,49.2333
0,39.1267
0,40.0692
0,47.6333
0,46.9647
0,49.5167
0,37.8244
0,39.5776
0,53.7590
0,51.1972
0,44.5595
0,48.7306
0,46.9917
0,53.6500
0,47.9031
0,40.9000
0,60.2042
0,42.6542
0,47.0931
0,43.4033
0,52.8333
0,48.1117
0,45.2833
0,50.3531
0,47.7314
0,56.0600
0,41.2483
0,39.9413
0,-22.0289
0,48.3494
0,45.7500
0,-18.3378
0,-7.2489
0,35.7977
0,47.7500
0,35.2497
0,42.4816
0,40.7067
0,16.2710
0,42.2000
0,-29.2439
0,33.6667
0,-21.1439
0,51.6989
0,48.3197
0,36.8833
0,-37.9500
0,42.8094
0,40.6221
0,-41.3000
0,-15.9339
0,38.9565
0,42.9156
0,-34.2233
0,42.8614
0,47.9039
0,-7.1850
0,28.1041
0,15.7359
0,47.6989
0,49.0758
0,-9.1119
0,44.9203
0,40.7042
0,40.8357
0,-32.0833
0,53.0905
0,44.7958
0,51.6776
0,45.8500
0,38.0000
0,47.4125
0,42.1124
0,40.2908
0,-39.0833
0,50.5625
0,44.0833
0,51.7700
0,33.2994
0,40.1474
0,45.1089
0,46.7039
0,42.4667
0,30.4398
0,49.2856
0,-4.0528
0,30.4850
0,33.9467
0,51.1167
0,23.8883
0,47.5167
0,50.2200
0,-37.3630
0,38.9000
0,48.7328
0,40.1044
0,-18.4878
0,30.1885
0,38.7467
0,32.3628
0,46.2067
0,45.6478
0,47.4500
0,44.9667
0,58.2275
0,39.5617
0,43.5800
0,31.5300
0,47.7350
0,38.0469
0,-38.6334
0,-22.1939
0,39.8357
0,51.5500
0,30.2941
0,46.6283
0,47.3958
0,-6.8200
0,43.4196
0,43.0573
0,-37.5139
0,41.3031
0,37.3827
0,27.2856
0,48.3942
0,29.6385
0,28.6167
0,31.2100
0,51.9792
0,61.5917
0,-6.7178
0,37.6311
0,46.0592
0,43.1248
0,49.3033
0,48.5222
0,47.2844
0,41.0446
0,58.6500
0,42.6661
0,43.7031
0,52.9869
0,42.1639
0,41.6291
0,43.5033
0,28.8176
0,38.9105
0,42.1500
0,41.8762
0,59.3833
0,39.3211
0,41.0277
0,30.3652
0,39.7717
0,-22.0600
0,56.1242
0,-20.1758
0,53.0750
0,46.2167
0,47.6758
0,46.3500
0,55.2667
0,-0.8500
0,48.6167
0,20.6873
0,20.7669
0,48.9089
0,33.7750
0,48.9409
0,53.2833
0,38.0000
0,42.8500
0,43.7358
0,-29.3769
0,39.2650
0,49.4533
0,42.1708
0,43.3842
0,44.1985
0,50.5178
0,46.8602
0,52.5983
0,48.7503
0,45.6328
0,43.1592
0,47.8414
0,43.7422
0,36.4490
0,-16.2550
0,44.3139
0,41.4859
0,49.0086
0,43.6989
0,33.6469
0,47.3261
0,46.5731
0,41.9259
0,-26.8989
0,60.1333
0,43.1881
0,43.5531
0,44.5764
0,48.8550
0,44.9172
0,42.5192
0,39.2019
0,40.4265
0,55.8960
0,48.1344
0,47.9850
0,32.4195
0,53.4833
0,45.0035
0,32.6296
0,-12.1961
0,41.9613
0,41.8311
0,54.9209
0,46.5566
0,48.7158
0,47.2150
0,45.6022
0,40.4829
0,49.2000
0,52.8833
0,42.3389
0,41.5500
0,49.9425
0,45.5333
0,40.8185
0,51.3100
0,37.8697
0,6.2106
0,45.5500
0,30.8577
0,13.4000
0,-37.2667
0,52.9278
0,54.6333
0,46.2364
0,54.2947
0,49.6000
0,-34.1500
0,57.2031
0,41.2156
0,45.2333
0,-22.0139
0,50.8858
0,44.3167
0,48.6675
0,39.6466
0,43.1378
0,45.4833
0,38.3039
0,43.4886
0,48.8839
0,50.8868
0,49.1147
0,49.3858
0,50.6619
0,32.1973
0,36.6206
0,40.2081
0,42.0845
0,37.0808
0,14.9189
0,-6.7128
0,29.8080
0,50.1567
0,48.1383
0,51.5100
0,43.0025
0,-17.3969
0,44.2408
0,48.5575
0,-22.6639
0,51.1456
0,-15.6639
0,-17.0489
0,60.8667
0,46.8008
0,48.5736
0,38.3010
0,-14.7050
0,50.2819
0,-3.7289
0,51.7997
0,34.2532
0,43.2244
0,49.2453
0,-37.9331
0,51.1367
0,44.3333
0,41.4390
0,40.7336
0,-33.5983
0,50.3510
0,41.3046
0,50.1514
0,-21.3169
0,61.4181
0,34.4000
0,34.1058
0,30.5983
0,-6.0358
0,-5.5139
0,28.9203
0,41.2779
0,44.9196
0,47.0706
0,47.8183
0,35.4421
0,46.6872
0,49.1544
0,41.1709
0,43.2294
0,-20.2828
0,40.3783
0,46.8761
0,60.5417
0,13.8000
0,54.1861
0,48.3167
0,33.5700
0,49.6831
0,41.8808
0,39.8832
0,49.0333
0,49.3518
0,45.2431
0,40.5000
0,43.2397
0,39.6608
0,42.7781
0,37.3167
0,41.6033
0,-23.0811
0,46.1500
0,32.8571
0,45.5667
0,-51.5840
0,41.2000
0,47.4467
0,43.4278
0,47.3000
0,56.1500
0,45.4852
0,46.7636
0,38.3862
0,49.8717
0,47.4725
0,42.2308
0,44.1453
0,-5.4100
0,44.0500
0,45.7333
0,38.9293
0,34.1377
0,31.5592
0,52.6631
0,45.4950
0,46.1833
0,45.8336
0,50.5863
0,45.3365
0,-5.6678
0,-42.7828
0,-19.2128
0,26.2326
0,48.3494
0,26.9618
0,45.2269
0,43.6575
0,46.9499
0,53.1690
0,43.0479
0,45.8167
0,41.8333
0,46.8614
0,29.2987
0,52.6597
0,16.8847
0,40.8247
0,45.7378
0,46.9775
0,45.7167
0,43.8238
0,32.3875
0,54.6500
0,47.7108
0,32.8850
0,41.0039
0,44.0298
0,52.5247
0,53.6870
0,40.9144
0,49.5514
0,51.1000
0,-23.2536
0,52.1167
0,59.4572
0,42.4622
0,40.7278
0,32.4599
0,51.7264
0,41.2843
0,38.2072
0,47.3019
0,50.5100
0,44.3833
0,47.5081
0,48.5311
0,38.9390
0,46.8749
0,44.9667
0,43.8494
0,49.0017
0,45.4928
0,-22.3900
0,37.1667
0,49.0833
0,48.4300
0,40.1612
0,43.3933
0,43.1239
0,40.9437
0,47.7478
0,22.0650
0,46.9844
0,49.2858
0,47.1989
0,20.0856
0,53.5529
0,41.1340
0,42.0930
0,37.1068
0,52.4675
0,37.5167
0,31.6500
0,59.6153
0,40.6398
0,18.5000
0,64.7941
0,34.7236
0,46.6167
0,17.6358
0,30.4083
0,35.4433
0,33.5945
0,34.7332
0,52.7690
0,44.6833
0,46.8869
0,48.3239
0,-22.1158
0,35.1625
0,37.4000
0,41.0667
0,18.5000
0,35.1318
0,49.2489
0,38.4597
0,42.8200
0,39.0894
0,42.6264
0,43.2325
0,63.2761
0,37.5134
0,-15.5169
0,43.7042
0,19.8667
0,39.1109
0,37.4538
0,48.2872
0,38.0500
0,34.9758
0,51.6320
0,56.1530
0,-28.9700
0,38.9708
0,49.8253
0,48.1317
0,15.8707
0,-20.8550
0,42.5458
0,45.3333
0,43.8605
0,37.1572
0,50.7708
0,41.8997
0,47.7852
0,35.2500
0,37.4470
0,50.7603
0,-19.2228
0,38.5866
0,53.6165
0,38.5356
0,48.9667
0,43.8656
0,30.3640
0,47.4431
0,49.0792
0,36.8432
0,26.4817
0,37.6833
0,44.9333
0,-28.8594
0,11.2990
0,42.1961
0,41.0518
0,51.8044
0,43.2475
0,-24.4002
0,50.2167
0,40.7710
0,41.7981
0,43.4861
0,44.0997
0,-22.7931
0,38.7383
0,41.5026
0,48.5497
0,38.8369
0,42.9539
0,41.9622
0,45.3000
0,49.6600
0,51.3500
0,-34.9144
0,48.1992
0,42.4167
0,40.1000
0,43.8769
0,49.7000
0,49.3994
0,43.4550
0,62.5500
0,45.7964
0,51.7353
0,41.2683
0,40.0667
0,50.4544
0,53.5289
0,40.6313
0,47.5283
0,42.9608
0,21.1406
0,53.5500
0,44.0966
0,-7.4800
0,50.2992
0,48.1333
0,46.3728
0,43.7214
0,40.1297
0,39.1833
0,66.0167
0,45.7500
0,54.8833
0,48.2275
0,41.2294
0,43.1216
0,48.6581
0,48.7075
0,48.4250
0,49.2833
0,48.7433
0,42.2468
0,-19.3939
0,44.3579
0,47.4815
0,54.3689
0,41.1433
0,48.2875
0,44.7500
0,-3.9878
0,43.6103
0,44.7667
0,-17.6389
0,51.3561
0,39.3167
0,36.4073
0,-37.3930
0,4.8783
0,9.4942
0,37.3167
0,44.4436
0,51.9600
0,49.1637
0,45.0833
0,48.5778
0,-6.2158
0,48.2833
0,47.3328
0,47.8413
0,42.7523
0,48.9617
0,-21.5108
0,53.1150
0,43.4698
0,51.5000
0,51.0135
0,53.6167
0,-18.0708
0,43.1683
0,-8.1819
0,39.4560
0,51.7290
0,50.0694
0,47.2639
0,16.3992
0,34.4293
0,45.3442
0,45.7000
0,51.1640
0,35.0728
0,42.8863
0,52.0486
0,43.9172
0,43.9887
0,42.2366
0,44.6000
0,47.4167
0,39.6062
0,28.5266
0,46.4169
0,-18.0666
0,54.0833
0,49.0653
0,48.4086
0,48.6372
0,51.3992
0,39.4777
0,46.0622
0,-5.7678
0,-7.8328
0,55.5342
0,36.8667
0,48.6000
0,47.1356
0,43.7850
0,40.0620
0,38.9472
0,59.2644
0,-23.5558
0,44.0094
0,43.3256
0,45.5900
0,44.0562
0,43.4511
0,49.1861
0,43.7897
0,47.7989
0,40.9375
0,46.1700
0,-23.7358
0,60.9667
0,52.1951
0,39.8891
0,40.0333
0,45.6397
0,47.4861
0,35.0630
0,42.9167
0,51.6070
0,49.7567
0,48.5925
0,49.5200
0,49.3478
0,-31.3500
0,48.0014
0,50.1528
0,13.6264
0,-21.3408
0,30.1889
0,46.1697
0,-8.1478
0,51.2333
0,35.6447
0,51.7861
0,-5.6028
0,41.6698
0,58.6978
0,54.6628
0,12.9728
0,47.6756
0,35.4758
0,39.7844
0,46.4261
0,35.2631
0,34.8833
0,49.6633
0,54.6997
0,-21.9758
0,40.9157
0,47.5847
0,50.6383
0,53.6570
0,40.1500
0,39.9767
0,40.6814
0,37.1565
0,40.2633
0,42.0598
0,40.6432
0,28.1588
0,33.2911
0,51.6967
0,18.6743
0,51.2480
0,40.4375
0,36.7392
0,39.9239
0,51.0167
0,34.7531
0,59.0833
0,38.0019
0,49.0833
0,41.9574
0,20.2011
0,44.9540
0,44.3500
0,51.4110
0,46.2644
0,-7.5008
0,48.6833
0,51.3070
0,40.6333
0,41.8838
0,39.1515
0,51.3975
0,-6.3169
0,54.6667
0,53.3856
0,43.1489
0,54.7500
0,35.8713
0,58.3381
0,-20.0319
0,-53.2956
0,43.2000
0,44.1219
0,42.0637
0,52.8564
0,45.6225
0,45.1583
0,50.9242
0,47.3717
0,50.5124
0,-16.8000
0,52.2500
0,40.0010
0,-31.8500
0,51.3290
0,50.2010
0,51.8833
0,38.7186
0,34.4644
0,55.8377
0,47.0514
0,39.6232
0,41.4098
0,56.1874
0,54.6200
0,48.8667
0,49.0247
0,29.5164
0,47.3333
0,41.4000
0,38.9667
0,33.1224
0,44.3116
0,46.1000
0,45.1411
0,40.6561
0,-7.8889
0,44.7850
0,46.7667
0,45.4667
0,49.2013
0,43.6159
0,38.2863
0,-27.5658
0,41.8930
0,51.5817
0,31.5617
0,51.4140
0,54.2667
0,5.6206
0,41.2833
0,43.6233
0,40.0206
0,50.5639
0,41.2408
0,26.9333
0,47.4809
0,45.2914
0,40.1667
0,41.8222
0,53.0053
0,47.8781
0,59.3517
0,51.7020
0,50.2656
0,47.1131
0,49.5767
0,40.7765
0,59.2972
0,43.2972
0,47.3986
0,55.7066
0,52.2916
0,42.6893
0,42.3396
0,53.1497
0,42.7833
0,-20.3000
0,48.8994
0,48.2167
0,52.0894
0,40.3556
0,40.1489
0,39.6386
0,50.3833
0,54.7653
0,47.1817
0,30.3982
0,43.3858
0,50.7810
0,38.8167
0,40.2258
0,45.3069
0,46.7639
0,-18.7208
0,48.5244
0,-23.6158
0,-22.8808
0,47.1413
0,42.4355
0,39.0489
0,34.4427
0,15.8506
0,38.3479
0,8.3780
0,38.8840
0,46.3608
0,37.0045
0,41.4652
0,16.2597
0,50.8864
0,38.9431
0,52.3236
0,38.1000
0,50.4533
0,51.0481
0,59.4227
0,38.2000
0,47.1472
0,41.0244
0,46.5914
0,49.1279
0,35.9017
0,38.3360
0,-16.1308
0,46.4063
0,61.2000
0,26.2230
0,42.1247
0,52.7975
0,-25.4128
0,50.5167
0,39.7743
0,42.4612
0,43.4174
0,54.8167
0,54.0333
0,26.0962
0,29.6776
0,40.6333
0,47.5183
0,41.5375
0,52.2696
0,53.4372
0,50.5030
0,52.0556
0,-5.8400
0,40.0851
0,50.3525
0,29.2933
0,34.3015
0,47.3557
0,44.8000
0,-27.4708
0,30.6167
0,-21.1658
0,47.7667
0,45.6000
0,43.0592
0,48.2994
0,50.8104
0,36.8849
0,36.4800
0,35.2889
0,32.8056
0,45.2544
0,42.9147
0,40.3910
0,38.5828
0,48.7075
0,-29.6139
0,50.6826
0,49.1550
0,-38.4833
0,45.9500
0,45.4833
0,-23.4253
0,41.7741
0,42.6567
0,38.0667
0,26.2752
0,45.5833
0,-27.6569
0,42.1667
0,44.9000
0,49.6739
0,8.7500
0,43.5867
0,49.2983
0,54.5999
0,39.7558
0,50.5500
0,48.2853
0,44.1597
0,52.7739
0,52.2060
0,47.5333
0,37.2674
0,-22.5672
0,39.6018
0,30.0266
0,62.9475
0,-6.7200
0,48.6075
0,39.7923
0,-26.2078
0,38.5670
0,59.6530
0,48.3900
0,47.9297
0,49.8335
0,53.0069
0,41.1579
0,32.6461
0,40.5626
0,40.2667
0,-9.6378
0,45.8225
0,35.8318
0,45.0472
0,47.9667
0,39.5912
0,40.0648
0,29.2464
0,50.6333
0,44.3322
0,-7.7508
0,-22.8519
0,45.2231
0,-26.6883
0,39.0117
0,41.3957
0,33.1454
0,42.5847
0,43.3128
0,35.3831
0,54.9053
0,40.5931
0,-33.6167
0,52.4833
0,52.6800
0,47.1497
0,52.1978
0,48.9494
0,31.0061
0,55.5500
0,55.3000
0,39.9715
0,44.4331
0,44.3833
0,40.8167
0,45.8333
0,43.2097
0,48.9531
0,53.8111
0,-20.2650
0,49.2975
0,40.6486
0,36.3172
0,52.5000
0,52.2000
0,35.7885
0,37.3178
0,40.8003
0,46.5617
0,48.7222
0,-21.7278
0,34.3627
0,45.4333
0,49.4106
0,16.0370
0,32.2794
0,43.8333
0,50.1794
0,44.0875
0,43.6847
0,46.8000
0,43.7833
0,39.1833
0,44.8141
0,35.6029
0,16.6001
0,37.6478
0,41.0163
0,48.2908
0,41.8896
0,50.3728
0,30.0297
0,45.8667
0,50.5639
0,53.7568
0,49.3072
0,46.6502
0,48.5697
0,37.2929
0,-27.5839
0,39.5667
0,48.1667
0,43.4311
0,35.5233
0,35.7413
0,33.4421
0,43.7297
0,-18.0658
0,48.8225
0,50.4267
0,37.6280
0,-34.2333
0,49.6000
0,-7.1619
0,-8.9539
0,50.4472
0,32.2997
0,47.3525
0,58.0341
0,52.7667
0,43.2056
0,43.0206
0,38.3899
0,45.8125
0,49.2486
0,49.9000
0,37.2545
0,52.1943
0,50.6756
0,37.0000
0,44.8000
0,50.8167
0,16.3894
0,48.4306
0,46.4119
0,17.4000
0,31.0754
0,48.0631
0,54.0331
0,50.5489
0,49.8667
0,49.1833
0,48.2000
0,47.6897
0,-20.7853
0,37.8667
0,38.7333
0,29.5149
0,39.4043
0,14.4453
0,46.7122
0,40.1500
0,39.8393
0,47.5333
0,38.8237
0,31.4167
0,50.8828
0,49.0204
0,32.7515
0,44.8361
0,44.5710
0,39.1063
0,50.4742
0,45.1875
0,29.6814
0,52.2019
0,43.8151
0,46.9633
0,48.2969
0,2.1333
0,43.6633
0,47.7522
0,40.7175
0,32.7500
0,62.0222
0,52.0733
0,38.5935
0,32.6421
0,41.3570
0,53.1853
0,46.5381
0,41.5542
0,34.5237
0,39.3307
0,41.6291
0,39.9494
0,41.9834
0,35.4919
0,46.1878
0,47.0908
0,33.8658
0,53.0786
0,50.1545
0,33.5838
0,48.4500
0,61.7773
0,51.4500
0,40.5321
0,45.7667
0,-19.2350
0,44.9917
0,41.8473
0,39.5592
0,49.1278
0,51.2268
0,14.7608
0,49.9422
0,45.3167
0,47.2717
0,39.8400
0,38.7000
0,49.9864
0,47.3140
0,39.6636
0,38.6138
0,48.1517
0,-34.3075
0,40.9190
0,48.6611
0,50.9144
0,36.7989
0,45.5833
0,34.7519
0,47.9261
0,-10.2269
0,48.0833
0,40.8772
0,51.0038
0,42.5678
0,51.7350
0,42.9730
0,37.7630
0,46.8559
0,42.0247
0,46.9746
0,48.3167
0,47.6675
0,45.6053
0,40.1000
0,42.0183
0,41.2155
0,33.9191
0,36.5167
0,34.0278
0,32.7548
0,45.4194
0,34.3496
0,45.5833
0,43.4764
0,43.0797
0,53.3167
0,41.0253
0,51.5167
0,33.8513
0,47.3458
0,42.3132
0,52.8912
0,44.9167
0,40.8208
0,48.1428
0,44.3833
0,50.3753
0,-6.1189
0,38.4675
0,48.8167
0,44.9000
0,45.0000
0,43.2919
0,37.4058
0,43.6214
0,38.8508
0,40.1167
0,47.5667
0,40.6911
0,41.3584
0,21.2861
0,50.8678
0,44.4910
0,38.4333
0,45.6358
0,37.2333
0,44.8565
0,40.5811
0,43.0337
0,41.0734
0,40.3331
0,40.4000
0,40.6572
0,46.4022
0,46.1403
0,35.0228
0,46.9106
0,36.9000
0,53.9928
0,47.1942
0,54.4039
0,45.9000
0,43.6797
0,48.3667
0,40.0735
0,48.4881
0,58.5000
0,48.6667
0,48.1514
0,52.0500
0,28.4131
0,35.5273
0,-14.9850
0,39.6833
0,44.9428
0,51.4831
0,50.2550
0,36.4105
0,42.5667
0,51.9322
0,-20.7939
0,43.0992
0,43.2692
0,-23.0369
0,-20.6778
0,47.1058
0,48.0808
0,34.8558
0,50.8792
0,55.8852
0,52.7900
0,37.5689
0,15.9617
0,45.0067
0,15.4557
0,29.7824
0,39.2254
0,47.4442
0,37.2000
0,47.7867
0,41.5833
0,45.6436
0,42.3298
0,39.9322
0,40.6951
0,47.9147
0,39.4840
0,-6.4169
0,48.2947
0,44.2833
0,51.3850
0,48.1167
0,41.3165
0,41.7665
0,50.6089
0,39.1883
0,48.1156
0,40.4931
0,39.9994
0,40.1186
0,44.7167
0,48.1333
0,42.0557
0,-27.6000
0,47.3583
0,41.7333
0,47.1234
0,47.7769
0,30.7943
0,49.2910
0,49.0490
0,47.7556
0,52.6878
0,45.5303
0,-15.2408
0,43.2281
0,40.8982
0,27.7241
0,49.5069
0,44.5450
0,46.6231
0,49.4375
0,55.8436
0,38.7231
0,48.2519
0,49.9564
0,55.5500
0,43.7135
0,13.2638
0,49.3444
0,39.7794
0,34.7074
0,45.1667
0,-21.2644
0,58.8094
0,40.9933
0,27.3336
0,39.4453
0,-16.5739
0,29.6909
0,41.5942
0,57.6500
0,33.8180
0,54.1472
0,48.3500
0,44.2431
0,59.5736
0,43.6269
0,-5.7769
0,44.9500
0,70.0733
0,51.7631
0,49.3158
0,50.0351
0,34.0106
0,39.1916
0,-7.6000
0,51.1907
0,47.3442
0,44.2671
0,49.4833
0,33.6398
0,40.3357
0,50.7456
0,45.5667
0,28.9757
0,40.7466
0,53.4199
0,38.2333
0,46.3700
0,40.0833
0,43.2900
0,40.2522
0,52.7333
0,42.9555
0,33.4461
0,30.5897
0,26.2303
0,39.6878
0,28.3738
0,59.0000
0,-7.9408
0,40.5256
0,43.1766
0,43.7000
0,47.0833
0,40.4889
0,30.5467
0,41.8786
0,45.6667
0,34.0049
0,43.0968
0,-38.0500
0,42.5239
0,40.4333
0,40.7633
0,41.4296
0,62.5639
0,40.2598
0,38.6833
0,-9.6589
0,-21.1528
0,35.1930
0,37.6500
0,48.4050
0,47.1167
0,48.8206
0,-21.5922
0,31.3500
0,40.0819
0,37.2357
0,33.1803
0,37.6180
0,4.9271
0,40.2206
0,41.4684
0,42.9333
0,46.7001
0,-21.3519
0,23.6111
0,43.7433
0,31.8750
0,28.3404
0,38.3342
0,41.0273
0,50.9664
0,32.8272
0,59.4725
0,44.0753
0,-20.2350
0,43.5428
0,42.9298
0,43.4625
0,37.4045
0,29.8962
0,40.7828
0,29.8300
0,47.6333
0,51.9667
0,48.0167
0,38.6500
0,43.8222
0,35.8075
0,-19.5269
0,40.8925
0,40.4782
0,47.7167
0,46.8494
0,48.8242
0,51.3607
0,38.4456
0,53.2667
0,32.8028
0,43.1167
0,41.0044
0,42.5119
0,47.8333
0,49.5667
0,39.0462
0,47.2706
0,46.5500
0,49.9511
0,48.2269
0,38.5085
0,51.3694
0,47.4000
0,21.6100
0,47.8403
0,19.1494
0,42.3020
0,42.8833
0,43.0628
0,47.6300
0,43.0535
0,41.6496
0,43.3558
0,41.5167
0,47.5733
0,50.5307
0,39.7067
0,46.1685
0,45.3556
0,-28.1828
0,44.5592
0,28.0392
0,43.9641
0,51.3146
0,48.1222
0,48.5672
0,40.4082
0,47.9325
0,-17.3989
0,40.3619
0,31.5136
0,48.9422
0,49.5333
0,46.0000
0,36.7103
0,49.1064
0,47.5483
0,47.2131
0,39.9167
0,43.2997
0,26.2633
0,-27.1328
0,-18.4682
0,32.6906
0,40.9813
0,44.0517
0,49.4660
0,48.0769
0,50.6667
0,39.6833
0,47.7407
0,61.5956
0,40.1407
0,42.1519
0,45.9578
0,38.7253
0,47.7331
0,47.2439
0,-24.6258
0,43.3594
0,-20.0439
0,47.7667
0,40.8072
0,40.4907
0,30.0700
0,47.7378
0,-21.4628
0,6.0283
0,42.7500
0,45.0092
0,50.2039
0,-21.9100
0,49.7744
0,40.3160
0,55.6707
0,61.0792
0,42.4011
0,38.5784
0,44.5347
0,47.2418
0,48.0781
0,31.5162
0,45.5500
0,42.5050
0,26.9027
0,17.1000
0,48.1017
0,47.8233
0,40.8500
0,42.8903
0,40.2477
0,39.3409
0,43.9668
0,28.5271
0,17.2567
0,43.1833
0,43.1958
0,47.4500
0,53.2798
0,42.1500
0,37.5774
0,42.9774
0,48.9994
0,60.3667
0,38.4252
0,43.5608
0,44.5333
0,38.7167
0,49.0450
0,43.0604
0,-19.3600
0,45.9458
0,47.2408
0,-6.9039
0,42.2235
0,30.1954
0,53.4928
0,45.6856
0,50.6860
0,41.2808
0,41.7179
0,38.2366
0,49.6365
0,51.9567
0,12.9500
0,42.4543
0,47.8821
0,45.3167
0,43.2286
0,48.9344
0,49.5445
0,36.7833
0,21.6443
0,53.6172
0,-10.2519
0,47.6889
0,44.6642
0,30.7714
0,40.7400
0,51.0333
0,46.7822
0,43.1917
0,48.5523
0,40.9333
0,51.0833
0,29.9555
0,48.2353
0,62.9403
0,47.0000
0,48.2653
0,46.8833
0,50.8964
0,17.3333
0,46.2167
0,56.5197
0,40.1667
0,48.5953
0,39.1111
0,40.6336
0,45.7833
0,41.1167
0,48.6019
0,43.1979
0,42.3638
0,50.8900
0,51.7050
0,53.8250
0,52.9890
0,32.7265
0,40.3445
0,43.0281
0,43.0772
0,52.7000
0,45.4167
0,47.1375
0,46.7736
0,49.1681
0,49.7906
0,50.8919
0,-7.3319
0,49.2919
0,49.4931
0,61.3653
0,-14.3969
0,-33.7650
0,41.0759
0,-2.7058
0,-18.4758
0,45.8925
0,43.0333
0,40.3744
0,50.2081
0,54.5800
0,42.0842
0,37.3689
0,31.0958
0,56.5667
0,51.2833
0,43.2592
0,-11.3058
0,50.0667
0,45.0066
0,40.4311
0,28.2381
0,47.5519
0,39.5741
0,31.9458
0,56.4200
0,48.6394
0,35.6977
0,55.1000
0,35.9908
0,44.4975
0,55.5985
0,42.1151
0,53.6167
0,47.6256
0,51.0489
0,43.0249
0,-23.8958
0,45.1522
0,-19.9289
0,46.0193
0,43.3998
0,44.5422
0,35.2289
0,38.4130
0,44.8667
0,44.1153
0,34.7233
0,50.4262
0,28.0909
0,47.0917
0,-34.8333
0,37.4167
0,49.4000
0,40.4537
0,42.2379
0,43.6831
0,51.3333
0,44.9333
0,48.6383
0,39.8466
0,-9.8358
0,39.9859
0,42.8908
0,57.7833
0,47.5967
0,42.3028
0,48.5333
0,45.7000
0,43.7147
0,45.1000
0,54.5586
0,46.5300
0,39.2755
0,44.1910
0,41.3204
0,-26.0200
0,46.7858
0,51.2000
0,40.0420
0,48.2717
0,38.0788
0,47.7636
0,4.7600
0,45.7667
0,48.1122
0,33.5881
0,5.7000
0,53.7290
0,53.0347
0,38.1803
0,-21.1239
0,45.6333
0,43.3283
0,52.2567
0,20.8511
0,29.9474
0,35.2802
0,36.0285
0,35.5523
0,50.3531
0,53.7000
0,38.2130
0,-42.6238
0,37.5833
0,22.3591
0,46.2864
0,49.9167
0,40.2824
0,44.3333
0,45.4619
0,-8.2839
0,49.7124
0,48.9010
0,38.7208
0,14.6300
0,39.5144
0,44.9000
0,40.2876
0,50.9778
0,45.3480
0,49.4430
0,43.5389
0,44.9591
0,44.0379
0,44.0333
0,40.0856
0,41.1833
0,29.0484
0,28.2152
0,50.6008
0,48.6844
0,-18.1328
0,44.8369
0,61.9900
0,14.3347
0,29.6237
0,50.4386
0,51.6400
0,50.7872
0,-23.9239
0,32.0500
0,36.7892
0,21.2678
0,50.2683
0,-7.6600
0,42.7751
0,-34.4122
0,47.2167
0,40.1148
0,49.2406
0,-19.8319
0,50.4278
0,43.4544
0,51.5856
0,47.1158
0,50.1205
0,41.1211
0,43.0802
0,39.8585
0,26.2285
0,41.7332
0,44.6353
0,48.8167
0,45.6386
0,-21.0208
0,41.6949
0,40.8636
0,46.6850
0,49.8710
0,50.0528
0,43.2333
0,46.8014
0,49.6500
0,55.7847
0,49.0953
0,49.7500
0,45.5500
0,38.9333
0,45.8167
0,49.0383
0,-27.2667
0,40.1798
0,50.3481
0,46.1125
0,49.4105
0,48.9994
0,52.1331
0,42.8647
0,42.5686
0,56.0012
0,54.4000
0,36.2959
0,47.5608
0,48.7865
0,47.9761
0,33.6665
0,37.4612
0,43.5932
0,39.1127
0,38.7513
0,39.3447
0,44.6061
0,42.6706
0,45.8167
0,48.2194
0,48.9839
0,34.4836
0,50.5920
0,43.9000
0,50.2625
0,29.3867
0,38.7185
0,49.8667
0,37.3333
0,44.7833
0,32.0355
0,37.9667
0,31.7978
0,42.0889
0,0.8000
0,51.7667
0,40.0406
0,44.1103
0,40.1877
0,50.0792
0,-24.4731
0,-16.8314
0,48.4581
0,44.1500
0,49.3000
0,44.7500
0,54.0833
0,34.6519
0,42.3833
0,39.0356
0,41.5000
0,43.5468
0,-23.5667
0,53.2450
0,-13.3589
0,42.2576
0,30.7941
0,-15.7108
0,53.9609
0,-20.6958
0,18.6500
0,50.2167
0,38.0778
0,49.3953
0,49.4864
0,48.7667
0,26.2164
0,41.5774
0,44.0463
0,-18.3658
0,52.2322
0,50.7500
0,33.6113
0,-38.0000
0,40.4833
0,48.2653
0,55.2606
0,45.8667
0,0.0853
0,48.6667
0,13.4248
0,39.1083
0,48.5536
0,50.0000
0,48.1831
0,-35.9333
0,40.5722
0,31.3085
0,39.7858
0,62.2753
0,45.1453
0,41.7600
0,42.3000
0,40.7506
0,43.5417
0,35.2841
0,-7.0762
0,51.6500
0,-26.6758
0,45.8117
0,47.9117
0,27.2779
0,47.4756
0,49.0033
0,48.5997
0,49.3897
0,46.9372
0,48.5471
0,39.9446
0,48.5000
0,46.1167
0,47.4886
0,43.2955
0,48.5964
0,48.5453
0,43.3318
0,38.6500
0,55.9320
0,33.1469
0,12.0840
0,47.6028
0,50.1469
0,61.9167
0,47.1869
0,50.1464
0,51.5661
0,42.2826
0,42.7646
0,42.4884
0,-21.8317
0,44.7167
0,-20.7689
0,43.3321
0,40.7148
0,69.3047
0,51.2000
0,50.6922
0,40.9838
0,40.3732
0,42.0989
0,62.9417
0,49.5044
0,6.6719
0,48.1000
0,60.0458
0,47.6095
0,49.1358
0,-19.7528
0,48.6767
0,22.2489
0,35.9692
0,39.2473
0,46.2833
0,50.3369
0,52.5167
0,36.9450
0,35.9925
0,48.6619
0,48.7642
0,43.3552
0,-6.4650
0,47.9167
0,18.2650
0,51.3966
0,49.3214
0,36.3713
0,36.6364
0,37.9350
0,40.1000
0,44.1442
0,36.8811
0,48.8084
0,50.1167
0,51.6605
0,40.2564
0,48.7339
0,-23.4328
0,46.6622
0,38.3867
0,-29.6100
0,-21.4225
0,35.9175
0,44.7699
0,41.5984
0,30.6852
0,40.7681
0,-5.6939
0,52.0739
0,48.7619
0,50.7333
0,41.3338
0,47.7586
0,-27.8278
0,43.0947
0,38.8003
0,42.4201
0,41.5015
0,44.1778
0,45.8500
0,16.0233
0,21.3421
0,49.2442
0,42.1091
0,39.4000
0,42.8139
0,32.3595
0,45.3333
0,39.1667
0,43.3210
0,40.8930
0,40.0341
0,50.8332
0,-6.3831
0,-22.9728
0,27.8092
0,32.3994
0,38.7118
0,41.0167
0,47.6522
0,49.6000
0,42.2969
0,63.9017
0,37.2833
0,39.1673
0,39.9494
0,-19.9861
0,5.6100
0,46.9742
0,44.9899
0,50.8721
0,40.8933
0,40.1636
0,-27.7158
0,37.8925
0,40.1702
0,50.7000
0,-27.5669
0,49.8281
0,33.1136
0,49.3522
0,46.4667
0,50.5667
0,50.1387
0,48.1267
0,44.2547
0,37.1885
0,50.3539
0,49.1700
0,48.2467
0,54.5500
0,44.2430
0,39.7582
0,50.1286
0,9.9580
0,48.9572
0,-11.0000
0,43.8258
0,-28.6483
0,47.8053
0,52.9919
0,17.5427
0,-21.4600
0,50.6789
0,-19.7039
0,50.4500
0,33.3970
0,39.6324
0,47.1908
0,47.6975
0,15.2348
0,-8.5950
0,-21.6758
0,41.4484
0,47.8583
0,47.8500
0,47.2442
0,54.1000
0,-22.5278
0,31.7643
0,31.8701
0,-7.4139
0,39.2774
0,52.0134
0,45.2327
0,49.0906
0,-20.0903
0,41.4261
0,42.0125
0,34.3472
0,42.4500
0,15.3322
0,34.1064
0,36.7144
0,-7.6408
0,46.9469
0,53.0300
0,49.8987
0,43.1200
0,49.0523
0,44.9308
0,47.9000
0,41.3525
0,63.6833
0,43.1820
0,46.3386
0,49.0411
0,47.3344
0,39.1172
0,45.9333
0,53.5898
0,30.6542
0,41.2500
0,39.8500
0,39.9000
0,46.1175
0,28.0062
0,39.8226
0,35.0836
0,42.9626
0,43.3072
0,47.9667
0,17.5567
0,35.0719
0,61.2111
0,50.3857
0,40.8180
0,14.1315
0,45.2667
0,48.3811
0,48.3456
0,48.2986
0,41.8699
0,42.9663
0,40.1813
0,50.8667
0,45.3500
0,41.5149
0,47.8921
0,-0.9167
0,-20.5208
0,48.7833
0,62.4861
0,31.1097
0,53.9233
0,42.0401
0,40.1333
0,34.5812
0,40.1833
0,-7.1400
0,36.2318
0,42.3275
0,39.8787
0,42.9316
0,21.9159
0,47.8222
0,33.5148
0,41.7320
0,-40.1000
0,47.3667
0,40.0422
0,-17.3667
0,50.3260
0,48.3556
0,45.1000
0,33.0619
0,46.1547
0,54.5167
0,50.0167
0,50.6817
0,48.7044
0,-24.2256
0,35.9013
0,42.7447
0,40.6791
0,40.0397
0,13.8718
0,-22.7803
0,41.7863
0,50.4869
0,38.7306
0,35.4039
0,32.7566
0,45.6431
0,39.8454
0,-16.5684
0,35.9347
0,50.9833
0,44.7719
0,39.0265
0,49.5000
0,37.8228
0,49.0044
0,48.5333
0,5.5467
0,43.7389
0,42.7833
0,-37.1377
0,51.2333
0,51.3868
0,46.1000
0,49.8683
0,45.7931
0,33.7036
0,39.8148
0,44.3852
0,37.2000
0,32.1083
0,45.6833
0,-7.2228
0,46.0167
0,53.7503
0,52.5883
0,39.1498
0,-7.7439
0,49.1842
0,45.9500
0,36.9179
0,45.4500
0,46.4833
0,49.6286
0,54.3167
0,43.0141
0,40.4333
0,-27.6750
0,30.8608
0,40.1008
0,45.5833
0,39.3828
0,40.4494
0,-7.4889
0,48.2000
0,43.2067
0,-3.4178
0,45.2500
0,34.4108
0,49.2508
0,50.8000
0,-15.7578
0,40.1394
0,47.0000
0,37.4222
0,-21.5000
0,45.8000
0,48.7972
0,40.3390
0,47.4822
0,52.6000
0,41.7550
0,45.7333
0,47.8122
0,42.4975
0,44.0406
0,60.8042
0,19.0225
0,50.9449
0,41.6121
0,47.5266
0,50.7428
0,45.1800
0,16.5415
0,49.5000
0,41.9197
0,53.4069
0,45.4667
0,49.6978
0,43.0882
0,48.5167
0,52.2630
0,46.8702
0,44.5485
0,47.9833
0,40.8801
0,47.8414
0,38.4167
0,40.8712
0,55.1975
0,-19.1719
0,19.8667
0,54.0099
0,29.4771
0,52.9667
0,49.4469
0,42.9906
0,39.5807
0,50.6667
0,-9.2778
0,39.3843
0,40.7294
0,32.7184
0,40.8097
0,45.7942
0,17.4379
0,38.6817
0,33.0019
0,-20.0750
0,42.1333
0,39.8333
0,41.2392
0,52.6067
0,30.6740
0,45.1500
0,50.8147
0,-19.6250
0,-18.4628
0,43.3167
0,44.2111
0,35.0111
0,42.5092
0,-18.4458
0,38.9833
0,48.1967
0,50.4664
0,40.3219
0,41.6431
0,45.5000
0,-22.1081
0,-27.8558
0,49.7000
0,41.6089
0,56.1330
0,-11.1469
0,49.9718
0,43.4683
0,56.7039
0,29.8449
0,42.3073
0,36.2167
0,44.2981
0,47.1539
0,51.2667
0,40.1256
0,48.2350
0,12.1000
0,40.7667
0,52.7428
0,42.9557
0,49.7736
0,44.0195
0,49.2833
0,37.8428
0,35.8693
0,16.6000
0,45.0711
0,40.5148
0,48.4569
0,48.4203
0,48.1950
0,53.8167
0,41.6255
0,38.8285
0,49.8159
0,48.8206
0,45.9264
0,33.0909
0,43.8667
0,49.3167
0,40.6833
0,55.7110
0,47.2667
0,48.0344
0,47.3253
0,19.7500
0,37.8831
0,-17.0650
0,-22.6978
0,50.6711
0,41.3833
0,33.2920
0,-20.5350
0,49.1194
0,-29.4100
0,41.6939
0,36.5242
0,59.5931
0,47.6500
0,41.7581
0,41.6167
0,35.5120
0,33.9125
0,40.8055
0,49.1500
0,32.9680
0,42.8260
0,31.6343
0,47.5017
0,17.4972
0,49.2667
0,41.1488
0,45.8000
0,41.2772
0,14.5333
0,49.5347
0,42.4664
0,40.8895
0,40.4395
0,56.2833
0,45.0000
0,47.7650
0,53.6927
0,47.5193
0,49.4972
0,54.7000
0,51.0167
0,39.8500
0,52.7142
0,31.6572
0,42.3625
0,37.6233
0,5.5603
0,47.0833
0,42.1631
0,45.0833
0,30.4926
0,48.4967
0,38.8833
0,42.4134
0,44.0933
0,45.2000
0,38.0281
0,49.0653
0,37.0286
0,46.1167
0,37.6500
0,43.0743
0,35.9006
0,44.6667
0,49.8000
0,46.7136
0,-22.5869
0,39.3611
0,47.9614
0,45.2848
0,43.3042
0,39.4313
0,28.7065
0,40.8943
0,-9.6358
0,38.0851
0,59.0000
0,39.6685
0,56.2050
0,15.2353
0,41.9317
0,32.5284
0,41.5919
0,48.0272
0,27.0469
0,38.8576
0,16.0961
0,48.0839
0,48.3458
0,25.8000
0,48.8056
0,55.2615
0,40.7500
0,52.1644
0,42.1026
0,52.4333
0,43.9704
0,34.7234
0,47.2250
0,47.7453
0,54.2833
0,29.9129
0,48.5100
0,41.3457
0,42.5815
0,39.6879
0,40.5167
0,50.7000
0,40.0307
0,44.0481
0,39.4133
0,43.3778
0,17.4500
0,43.2344
0,43.1344
0,38.3000
0,45.6261
0,48.8424
0,47.1807
0,52.7061
0,-38.6056
0,42.8251
0,48.7933
0,17.2567
0,18.5167
0,46.8292
0,40.6541
0,33.5304
0,45.3167
0,55.7832
0,39.7467
0,-23.5378
0,59.6514
0,48.9812
0,34.5971
0,40.7752
0,41.0517
0,50.0294
0,-17.8528
0,47.6886
0,47.9846
0,42.0988
0,31.1989
0,45.5000
0,50.5986
0,48.3667
0,43.2833
0,47.9617
0,45.2987
0,29.8817
0,50.0119
0,44.4319
0,41.6267
0,49.6849
0,39.6584
0,45.5667
0,48.2869
0,40.7380
0,42.5167
0,41.8139
0,57.0667
0,41.1392
0,42.8230
0,-11.5350
0,41.0346
0,42.3000
0,-6.0158
0,50.8094
0,57.6950
0,40.1008
0,44.8360
0,41.7478
0,51.8002
0,47.5456
0,45.3231
0,45.2928
0,39.0658
0,41.1725
0,43.3692
0,-22.0289
0,35.0117
0,36.7500
0,43.3587
0,48.2058
0,51.3680
0,45.7302
0,51.4117
0,47.7194
0,54.9806
0,40.8822
0,35.0592
0,47.6475
0,-10.2639
0,31.9876
0,39.9809
0,39.4318
0,45.1002
0,49.0900
0,54.7819
0,50.4747
0,42.3582
0,46.7370
0,53.6271
0,36.1814
0,26.7493
0,42.7464
0,46.2407
0,45.1500
0,40.3228
0,-22.9108
0,44.7844
0,47.4117
0,34.7082
0,37.1231
0,34.9684
0,41.1785
0,32.1101
0,37.2333
0,54.1242
0,46.7822
0,40.8489
0,-12.1308
0,51.4878
0,49.2328
0,47.3137
0,49.2969
0,-23.7428
0,39.7424
0,48.5000
0,47.4333
0,41.1615
0,36.2693
0,-27.1989
0,46.0389
0,48.1536
0,55.1333
0,49.4870
0,60.5000
0,45.0880
0,62.6667
0,49.2887
0,46.6400
0,37.6869
0,40.4389
0,40.8023
0,29.4901
0,45.8500
0,49.3208
0,37.3211
0,-27.5058
0,32.2348
0,45.5856
0,38.8511
0,53.4305
0,45.9611
0,50.4824
0,-32.7261
0,43.3500
0,31.4187
0,45.9000
0,48.4000
0,-27.5689
0,47.8636
0,50.7979
0,39.4880
0,39.4196
0,47.4564
0,45.9200
0,7.7411
0,49.5937
0,46.3075
0,33.4240
0,42.4650
0,47.0344
0,49.3909
0,48.0197
0,37.6000
0,49.1408
0,47.6381
0,40.9017
0,29.9072
0,49.0667
0,56.6272
0,42.7489
0,19.5423
0,68.0500
0,42.3556
0,44.0644
0,56.9500
0,47.2404
0,61.2917
0,49.9564
0,47.1983
0,45.2333
0,47.1667
0,56.4644
0,-28.5092
0,36.1371
0,-3.1908
0,40.4005
0,47.0992
0,40.8306
0,-27.1619
0,48.4209
0,49.7333
0,31.3428
0,29.4856
0,50.1620
0,48.3667
0,51.3833
0,43.1300
0,38.3214
0,48.3747
0,48.0814
0,35.1483
0,47.5417
0,44.9814
0,57.5811
0,-20.2072
0,39.9391
0,40.7803
0,27.0250
0,61.9064
0,19.0945
0,51.4667
0,50.3947
0,40.2364
0,46.8442
0,4.3911
0,54.6692
0,43.6086
0,43.0990
0,40.4454
0,41.3774
0,43.3614
0,-34.2833
0,40.2686
0,41.9424
0,43.3300
0,-19.9528
0,48.9606
0,43.4906
0,31.1322
0,32.9421
0,40.1604
0,53.3500
0,40.9984
0,50.9330
0,39.2167
0,57.3431
0,44.3484
0,29.7744
0,-28.9336
0,15.9624
0,49.0158
0,42.4362
0,47.4500
0,41.9167
0,62.3642
0,49.7722
0,57.1278
0,47.7155
0,46.2667
0,-19.3739
0,48.3167
0,-16.2489
0,40.3166
0,42.7100
0,37.8207
0,39.0583
0,43.4253
0,48.2922
0,37.9000
0,36.5620
0,50.2503
0,53.5881
0,-5.2228
0,48.9500
0,40.8162
0,35.1775
0,6.0192
0,30.1667
0,45.8167
0,38.2486
0,19.5726
0,50.8289
0,40.3364
0,46.0667
0,50.8636
0,44.8500
0,51.6561
0,38.6220
0,37.9274
0,31.0000
0,49.8647
0,37.0825
0,-7.2658
0,28.2311
0,46.6879
0,-21.7708
0,45.5167
0,33.9179
0,-22.1467
0,49.6217
0,42.8453
0,50.2022
0,56.5550
0,-16.1958
0,40.7557
0,27.2856
0,42.8294
0,42.8333
0,46.6167
0,42.5583
0,44.4572
0,40.0678
0,41.7233
0,40.5183
0,37.5681
0,43.2764
0,34.2429
0,41.6273
0,42.8262
0,60.0378
0,48.8147
0,38.3317
0,51.4396
0,41.0141
0,36.2701
0,37.9000
0,-15.2050
0,34.9645
0,63.0625
0,5.7544
0,53.1600
0,34.7321
0,50.6733
0,48.1667
0,50.1000
0,33.6679
0,-10.6889
0,43.6456
0,47.1204
0,50.0572
0,38.1833
0,32.2964
0,33.0347
0,-23.7550
0,47.3933
0,43.5039
0,45.6483
0,55.2244
0,51.6658
0,35.4106
0,49.0833
0,44.8761
0,53.9208
0,47.0850
0,39.0871
0,15.7133
0,48.2283
0,45.7150
0,33.5369
0,6.4094
0,36.5011
0,40.0667
0,51.2833
0,42.3044
0,-27.5729
0,46.6833
0,32.9703
0,30.9908
0,-20.1600
0,47.0608
0,39.2667
0,39.6662
0,47.5267
0,47.8650
0,57.1111
0,45.8232
0,-9.7958
0,47.6300
0,-12.4922
0,41.2621
0,45.7953
0,-6.3958
0,47.9779
0,47.9364
0,30.1833
0,53.0458
0,50.1320
0,47.3369
0,43.4272
0,46.2739
0,32.4312
0,38.4933
0,50.7609
0,43.4878
0,-38.9890
0,48.0833
0,49.5042
0,49.1744
0,47.3847
0,62.3889
0,48.1000
0,43.1025
0,48.4528
0,41.4648
0,30.1761
0,47.3404
0,50.5648
0,52.4247
0,38.5818
0,42.0561
0,38.9988
0,50.2256
0,49.0000
0,-17.3150
0,52.5703
0,49.7725
0,53.5700
0,39.1423
0,37.2167
0,49.9328
0,30.7100
0,36.1578
0,41.0302
0,41.7100
0,61.5500
0,46.8678
0,48.7175
0,32.9884
0,42.6008
0,39.3250
0,41.9736
0,39.2049
0,50.1874
0,36.4667
0,-19.0578
0,55.8229
0,-7.5550
0,50.9589
0,38.8831
0,39.5681
0,15.1988
0,40.2472
0,58.4494
0,43.5000
0,49.1667
0,45.4000
0,39.2350
0,40.3686
0,40.8467
0,39.4815
0,46.2381
0,40.6167
0,53.0444
0,49.0998
0,47.5515
0,48.3811
0,38.3500
0,47.7261
0,37.0346
0,40.8678
0,40.1814
0,40.4485
0,46.1522
0,-16.6078
0,47.9778
0,32.7523
0,39.3386
0,32.6474
0,43.0068
0,16.8020
0,31.4126
0,43.9107
0,32.3634
0,45.3474
0,42.5300
0,42.6500
0,17.1500
0,40.1995
0,41.4697
0,38.4919
0,40.7888
0,38.7764
0,-26.8808
0,49.7383
0,17.0857
0,32.7317
0,42.9623
0,39.8721
0,-4.2628
0,47.2233
0,-19.2358
0,26.3504
0,55.3333
0,14.7629
0,-8.0128
0,39.0870
0,41.0541
0,31.7930
0,64.9061
0,42.2002
0,50.7978
0,51.6783
0,50.9500
0,37.8500
0,13.5500
0,50.6333
0,42.2833
0,57.3097
0,-20.7889
0,44.5472
0,46.0300
0,31.8667
0,53.3761
0,45.0668
0,43.0010
0,55.6333
0,34.4542
0,49.8167
0,47.4500
0,46.8847
0,52.6727
0,40.8500
0,53.0870
0,49.4833
0,33.8287
0,-6.5128
0,48.0450
0,49.6175
0,31.1881
0,27.3243
0,-23.6008
0,35.1833
0,47.7458
0,35.8468
0,42.4755
0,49.8435
0,15.0054
0,16.3167
0,37.2435
0,-23.9474
0,32.8320
0,26.6770
0,50.1333
0,40.6333
0,42.1006
0,48.1978
0,46.1298
0,42.3246
0,28.4690
0,53.2560
0,40.7407
0,63.7500
0,39.8671
0,49.1733
0,-20.8319
0,51.5380
0,54.3031
0,32.2536
0,43.3828
0,41.8227
0,50.3575
0,47.8167
0,49.2833
0,30.5167
0,35.8162
0,34.8899
0,42.3377
0,51.2917
0,-14.6628
0,39.7369
0,-40.8424
0,43.9592
0,40.2874
0,54.7667
0,49.6694
0,48.2467
0,44.3421
0,35.1997
0,19.3453
0,47.9275
0,37.1341
0,40.6051
0,-21.6239
0,51.7156
0,43.2689
0,-27.3908
0,50.2500
0,42.8087
0,42.0399
0,42.1741
0,56.3500
0,42.0638
0,33.0570
0,41.2115
0,48.0367
0,33.9042
0,-5.7989
0,35.3675
0,26.2788
0,42.9616
0,47.7167
0,48.3500
0,47.3422
0,48.7242
0,40.1873
0,42.7134
0,47.3664
0,39.7320
0,49.0578
0,41.2658
0,40.0456
0,45.0667
0,42.3929
0,42.2128
0,40.6425
0,60.5405
0,47.5531
0,43.0764
0,48.6667
0,41.3330
0,48.7500
0,52.5200
0,46.4303
0,48.8422
0,50.0175
0,45.4500
0,30.1995
0,30.7185
0,47.9933
0,-12.6508
0,39.9928
0,-35.5500
0,55.8042
0,48.5675
0,-23.2000
0,44.4453
0,49.8333
0,46.8906
0,60.4750
0,43.1069
0,44.3300
0,34.9164
0,51.4333
0,32.1883
0,28.2669
0,42.7200
0,33.5328
0,53.1478
0,-27.4619
0,-18.0769
0,35.3226
0,45.8333
0,42.3915
0,50.1497
0,43.3922
0,56.8306
0,53.9333
0,41.0689
0,42.2000
0,42.3187
0,36.9000
0,-29.5508
0,21.9954
0,41.6054
0,32.5276
0,16.3217
0,47.7864
0,-15.4569
0,49.0517
0,58.0500
0,41.0203
0,47.2632
0,40.6039
0,40.2620
0,40.2995
0,42.5378
0,-15.0819
0,-6.1950
0,40.0792
0,44.3851
0,35.4694
0,52.8657
0,57.5390
0,-31.1667
0,40.3468
0,54.3697
0,33.6735
0,38.0000
0,37.3925
0,61.2847
0,37.6333
0,47.8681
0,48.5454
0,51.1333
0,51.0473
0,43.4081
0,40.5966
0,38.2500
0,-8.7758
0,42.3120
0,41.7091
0,43.6614
0,47.0275
0,63.9069
0,26.2237
0,42.9672
0,42.5136
0,42.7232
0,60.5278
0,42.3976
0,31.8483
0,48.5433
0,-16.4467
0,52.4667
0,-1.8261
0,41.3357
0,50.2000
0,29.4716
0,31.9185
0,34.4939
0,45.1833
0,50.1428
0,45.9833
0,31.2842
0,34.1809
0,39.6000
0,41.6000
0,38.2764
0,38.8392
0,41.4678
0,41.3500
0,-15.3578
0,-21.4828
0,47.6317
0,48.0169
0,43.8181
0,38.0686
0,62.1792
0,34.0697
0,27.8097
0,42.6500
0,39.4505
0,33.1911
0,52.5050
0,33.5566
0,43.1621
0,49.1739
0,40.0285
0,-20.6497
0,47.6231
0,0.9014
0,38.0863
0,44.2445
0,49.4667
0,44.6430
0,45.2225
0,38.8026
0,38.5228
0,37.2664
0,8.3132
0,61.2653
0,45.8689
0,37.0667
0,18.0010
0,41.4549
0,47.4253
0,5.5633
0,42.6290
0,40.6284
0,44.9792
0,49.9369
0,62.0167
0,37.2243
0,42.8696
0,42.3516
0,17.7828
0,-19.7100
0,51.2500
0,8.8584
0,42.7500
0,42.9333
0,34.6152
0,31.2915
0,54.0778
0,43.2079
0,29.0609
0,44.6578
0,37.5262
0,54.1522
0,-22.1678
0,-27.7700
0,44.1020
0,41.1716
0,40.1500
0,-27.2739
0,47.6800
0,60.0972
0,42.1301
0,50.5825
0,-21.8758
0,38.9532
0,41.5438
0,34.0121
0,26.6758
0,19.3333
0,43.4549
0,47.7259
0,-23.8519
0,34.9777
0,40.3756
0,39.2624
0,51.5000
0,55.0039
0,46.8833
0,49.0325
0,-20.3839
0,34.9044
0,45.6704
0,26.2347
0,43.1796
0,58.3500
0,43.8107
0,43.1738
0,38.3356
0,40.3934
0,53.4000
0,33.7897
0,45.2697
0,-18.2189
0,50.7949
0,40.5247
0,42.1631
0,-9.6719
0,41.1988
0,39.3826
0,47.3716
0,-37.1677
0,-42.9193
0,33.9449
0,48.4266
0,49.6869
0,41.6266
0,41.6979
0,43.8511
0,40.9104
0,32.5293
0,54.9667
0,46.8167
0,52.0600
0,-19.0669
0,40.7667
0,-5.9928
0,37.0335
0,39.8060
0,36.5522
0,-22.0797
0,41.1386
0,34.3789
0,41.4181
0,42.4294
0,42.7833
0,41.8104
0,-21.1269
0,42.5190
0,43.2653
0,-20.6569
0,-18.8069
0,47.1615
0,43.1242
0,41.0219
0,41.1319
0,42.2318
0,39.7528
0,63.5472
0,50.4976
0,48.5015
0,44.8772
0,-23.3169
0,40.8198
0,40.8450
0,43.1886
0,-21.4600
0,30.1702
0,33.0249
0,-22.8083
0,40.1558
0,41.1207
0,41.8891
0,40.5830
0,43.5916
0,44.7600
0,28.0115
0,42.2121
0,-19.0558
0,44.9505
0,34.4977
0,43.0504
0,-21.4300
0,40.5249
0,42.1742
0,39.0229
0,-8.7269
0,63.2417
0,-15.4028
0,35.3284
0,33.2652
0,42.1500
0,42.2385
0,-6.4450
0,16.2333
0,59.1423
0,43.1815
0,44.4764
0,41.6784
0,43.8299
0,-20.4708
0,-18.9689
0,47.5731
0,60.4422
0,44.0026
0,41.4507
0,41.9595
0,26.5733
0,35.2687
0,31.9382
0,40.8441
0,41.4866
0,-26.9578
0,34.1787
0,34.2292
0,43.2469
0,58.7500
0,42.5220
0,40.5735
0,43.8989
0,-16.1269
0,38.5137
0,16.6667
0,-8.9650
0,19.0959
0,40.7294
0,34.2042
0,39.7478
0,44.1098
0,41.2975
0,40.4608
0,48.2122
0,39.3535
0,31.3285
0,32.4680
0,41.0987
0,45.0324
0,39.1258
0,33.4552
0,45.6167
0,67.4667
0,-18.6500
0,-28.5500
0,-34.2411
0,-20.2103
0,-24.8672
0,65.7931
0,62.7808
0,54.4444
0,-40.8440
0,68.2333
0,-32.9360
0,-41.7550
0,-46.5900
0,-23.3539
0,-19.6381
0,40.3000
0,-20.6403
0,-48.7509
0,-22.7167
0,-29.1286
0,-36.2167
0,-33.4661
0,19.4333
0,14.7328
0,-36.8983
0,-18.9344
0,-33.6908
0,32.0110
0,-25.3333
0,40.3333
0,-12.6167
0,-33.9167
0,-41.5099
0,0.7833
0,15.7500
0,40.5042
0,69.7000
0,-42.0500
0,-33.4200
0,19.6008
0,-3.4167
0,-34.6700
0,20.2167
0,69.2406
0,11.5478
0,-17.3333
0,15.1100
0,44.3337
0,7.5660
0,-27.3167
0,-20.4017
0,-16.4834
0,-30.7300
0,-33.8333
0,-22.6939
0,-42.7167
0,69.7271
0,-45.4167
0,-37.6667
0,67.4500
0,-13.2606
0,66.7708
0,-26.4016
0,13.4392
0,-21.1833
0,54.6500
0,65.8500
0,-3.9058
0,51.0140
0,5.3800
0,-20.7000
0,-36.3118
0,-34.2000
0,-5.8800
0,-1.2192
0,-0.8496
0,1.9504
0,23.6936
0,-23.4422
0,-31.4820
0,-18.1794
0,-19.3075
0,-26.5167
0,43.5837
0,-13.3042
0,-26.9667
0,-45.6870
0,-47.2539
0,-0.9333
0,3.9105
0,-41.1667
0,64.8680
0,66.0738
0,-30.0817
0,-28.8666
0,-28.4500
0,50.6833
0,-4.5083
0,-21.9331
0,-42.0667
0,-19.1825
0,-13.5833
0,30.8333
0,6.7167
0,64.2500
0,10.1850
0,-9.6942
0,7.1114
0,-16.1833
0,65.2667
0,-34.6300
0,71.9653
0,-23.9169
0,4.7300
0,-15.7736
0,-20.4869
0,-42.4000
0,-0.1296
0,-28.6083
0,-23.1000
0,-33.3167
0,65.6150
0,-36.8167
0,-34.3667
0,64.5333
0,68.8201
0,-54.9341
0,67.6919
0,-27.7100
0,-19.6639
0,-29.2833
0,-37.3786
0,54.3500
0,-32.8000
0,-20.4547
0,77.4670
0,-18.2300
0,-26.2308
0,70.6747
0,-32.9667
0,-45.0419
0,-40.5875
0,5.4804
0,-35.0667
0,-15.7355
0,24.2622
0,-14.4667
0,-24.0961
0,-15.1833
0,61.9956
0,-23.5555
0,-20.1686
0,2.0171
0,67.7167
0,7.5190
0,42.3364
0,65.5842
0,-33.6833
0,-12.4167
0,-35.6883
0,-38.5208
0,72.7839
0,-20.8438
0,67.5500
0,-26.5931
0,27.4181
0,-25.2406
0,-15.4825
0,-23.4006
0,54.7000
0,-20.7667
0,15.1337
0,61.1844
0,-11.0896
0,-41.8667
0,74.5781
0,-22.3913
0,-42.3000
0,69.2472
0,-28.8800
0,-31.3400
0,56.4686
0,-31.5650
0,-21.6333
0,-28.6280
0,-29.2111
0,-31.2500
0,65.2331
0,43.5171
0,-41.0333
0,-32.1961
0,-33.5831
0,-25.3667
0,-21.6350
0,-30.2156
0,-27.5667
0,-33.1333
0,52.5833
0,-28.0600
0,-29.5333
0,66.1667
0,-24.9500
0,-42.2667
0,-28.0667
0,-46.8990
0,26.5404
0,69.4225
0,16.2304
0,70.4853
0,-42.3833
0,-17.4838
0,-20.7306
0,-30.4470
0,-18.3000
0,-16.7467
0,-22.9000
0,-20.4531
0,-13.2381
0,-17.7167
0,49.7504
0,-43.3850
0,-32.8983
0,3.6000
0,-28.0000
0,-13.8231
0,-1.1833
0,-11.9058
0,67.8783
0,66.9545
0,16.2447
0,10.9167
0,-19.9167
0,-22.0000
0,-14.8167
0,15.2105
0,60.3731
0,3.1738
0,-25.8989
0,-24.3500
0,-25.4206
0,28.9289
0,30.2558
0,5.5333
0,51.5500
0,66.6903
0,-30.9000
0,48.9664
0,64.3728
0,56.5608
0,25.3719
0,70.1333
0,73.0081
0,68.5042
0,69.6167
0,70.8536
0,53.0667
0,-17.5196
0,31.3333
0,40.1261
0,-2.6500
0,35.7321
0,32.8397
0,53.7506
0,-15.8328
0,43.6228
0,-5.9796
0,39.5161
0,40.1645
0,35.7991
0,32.1305
0,48.2749
0,1.6404
0,14.0464
0,24.0391
0,32.1114
0,43.2167
0,50.7546
0,43.4561
0,63.1933
0,44.2659
0,37.6339
0,-39.5000
0,42.0263
0,34.2083
0,43.2000
0,52.3519
0,47.6540
0,15.9653
0,35.6264
0,13.8888
0,43.0997
0,53.2914
0,24.6014
0,-31.3431
0,14.0706
0,36.3351
0,43.7650
0,53.5151
0,64.5666
0,40.2321
0,44.0817
0,29.2500
0,18.7294
0,17.6367
0,49.6003
0,28.3515
0,45.6160
0,53.0804
0,24.6501
0,-31.5500
0,43.3004
0,14.1688
0,-13.1833
0,43.3469
0,14.0131
0,24.0737
0,47.8167
0,46.5467
0,43.1500
0,27.6422
0,38.2242
0,52.2291
0,52.4502
0,-32.8833
0,43.6717
0,19.0727
0,6.0874
0,30.2778
0,44.3667
0,1.7004
0,36.1371
0,48.2325
0,50.9500
0,35.0333
0,49.4249
0,52.4758
0,43.7397
0,-15.4700
0,53.3396
0,44.3294
0,-3.3500
0,15.2255
0,18.4217
0,53.3794
0,44.5255
0,40.4638
0,52.4580
0,43.3356
0,7.9670
0,33.2106
0,43.6897
0,33.9856
0,44.2833
0,40.8255
0,16.3770
0,43.6931
0,63.7598
0,-14.9896
0,46.4658
0,13.4336
0,14.8503
0,48.6917
0,35.8566
0,59.4875
0,44.6511
0,-39.0000
0,35.1978
0,44.5772
0,14.2171
0,-31.1833
0,47.2764
0,-18.6496
0,-31.7767
0,14.3601
0,21.7400
0,-41.6061
0,32.2269
0,43.3850
0,51.2704
0,50.5799
0,5.2670
0,43.2375
0,57.0970
0,30.8722
0,14.8108
0,47.4556
0,52.4997
0,52.6980
0,47.6610
0,-0.6829
0,-28.2631
0,43.2645
0,9.0072
0,45.6703
0,14.1371
0,8.0887
0,22.4814
0,15.3608
0,-13.5400
0,13.8825
0,36.9218
0,14.3433
0,7.4874
0,-31.3333
0,-34.0125
0,-43.1201
0,43.4750
0,35.4542
0,34.7101
0,-17.6077
0,33.5667
0,36.7124
0,9.3782
0,48.3675
0,43.4125
0,-21.9390
0,14.3387
0,15.1436
0,51.7502
0,44.0000
0,46.6033
0,44.8611
0,32.1433
0,48.2386
0,14.6187
0,44.2297
0,13.3918
0,8.6500
0,62.6660
0,30.9069
0,34.8614
0,49.5406
0,35.6633
0,43.9000
0,48.0610
0,53.4889
0,14.2565
0,37.4833
0,51.8971
0,49.0989
0,46.5865
0,17.1821
0,14.1542
0,14.8347
0,17.4333
0,47.3000
0,45.7925
0,45.1264
0,45.7628
0,48.4936
0,37.1995
0,14.0821
0,46.7500
0,46.1500
0,44.0627
0,29.6919
0,43.9000
0,28.0174
0,44.6128
0,29.9919
0,46.3916
0,47.5833
0,44.5008
0,38.2755
0,44.9575
0,44.0500
0,14.2713
0,53.4880
0,45.7833
0,-16.3600
0,53.5360
0,46.5644
0,14.6811
0,14.2283
0,44.9350
0,58.2719
0,20.8753
0,44.9176
0,33.8808
0,45.2042
0,50.4069
0,48.4517
0,55.0944
0,31.8017
0,43.6103
0,47.7181
0,17.2750
0,46.7935
0,46.7928
0,13.5572
0,64.6931
0,-2.3829
0,-30.7679
0,53.2353
0,17.3999
0,46.2819
0,46.5833
0,14.3841
0,51.7183
0,66.6814
0,45.0186
0,49.0422
0,50.8750
0,11.8847
0,46.8078
0,47.9011
0,53.7740
0,47.1328
0,14.4179
0,44.7261
0,44.0236
0,50.1915
0,13.9109
0,67.4667
0,44.5467
0,23.8667
0,6.4585
0,13.7795
0,56.1833
0,14.7398
0,43.4894
0,14.3671
0,32.9464
0,14.3234
0,53.2333
0,43.0572
0,14.5007
0,49.7769
0,52.6870
0,5.7504
0,47.2833
0,45.7000
0,44.6833
0,-25.9610
0,44.6145
0,55.2092
0,43.7336
0,13.9872
0,14.4525
0,44.7156
0,13.6702
0,22.6790
0,13.8146
0,47.3003
0,48.9011
0,48.3786
0,54.6703
0,44.5888
0,-34.0167
0,71.6269
0,46.1667
0,-29.3414
0,46.3800
0,47.7883
0,38.0737
0,46.2039
0,36.9744
0,43.2531
0,45.3886
0,47.4217
0,-13.4596
0,43.7181
0,13.4334
0,45.3642
0,49.5955
0,42.6819
0,45.5670
0,60.6300
0,42.9774
0,59.3830
0,-28.6547
0,45.9917
0,13.6127
0,44.9803
0,50.5569
0,-31.6630
0,48.2403
0,50.9430
0,-31.3214
0,42.7237
0,14.6338
0,28.0453
0,33.3651
0,32.4403
0,38.4679
0,-2.3796
0,14.1094
0,44.1000
0,53.6620
0,30.6142
0,64.2833
0,45.7205
0,30.4837
0,8.0671
0,54.8056
0,14.1938
0,56.6128
0,34.5637
0,14.6416
0,34.7706
0,59.7014
0,46.1375
0,45.3729
0,47.4003
0,13.4070
0,52.4000
0,43.4957
0,48.3823
0,29.1228
0,47.7313
0,47.4183
0,-27.0795
0,43.3892
0,45.1324
0,42.2960
0,53.2189
0,45.8367
0,44.9914
0,33.7844
0,43.8589
0,46.4667
0,60.6925
0,49.6260
0,35.6519
0,30.6450
0,45.3060
0,48.5333
0,17.8005
0,54.9561
0,12.1733
0,14.2697
0,16.7321
0,47.8356
0,44.5171
0,19.3337
0,20.5333
0,47.9200
0,46.9667
0,45.1833
0,47.5167
0,42.9833
0,32.8938
0,41.4481
0,24.0731
0,46.9659
0,48.5914
0,63.0128
0,18.0951
0,-24.4196
0,45.7000
0,33.8312
0,45.8009
0,46.0323
0,-12.5329
0,50.4462
0,45.2992
0,33.9007
0,55.2822
0,14.3145
0,42.0667
0,27.0671
0,57.8036
0,46.7000
0,49.6186
0,-22.2896
0,56.2135
0,-19.5600
0,63.9241
0,71.9833
0,5.0200
0,25.6959
0,46.1195
0,-24.2162
0,67.6560
0,-16.2896
0,62.5333
0,-14.7196
0,56.1350
0,1.5104
0,-16.9800
0,18.9000
0,-32.9377
0,7.8504
0,43.5421
0,8.9600
0,40.8175
0,59.4515
0,42.0500
0,59.0840
0,68.7501
0,65.7360
0,51.4666
0,-15.1757
0,-37.6996
0,52.9833
0,64.7333
0,-14.3896
0,48.4172
0,1.0171
0,-25.0500
0,60.4566
0,-26.0296
0,22.6666
0,-21.4799
0,64.2600
0,-39.8829
0,-24.0796
0,-21.5300
0,65.7464
0,64.4235
0,70.6183
0,29.2337
0,-22.0300
0,-33.4700
0,-32.5931
0,-5.4297
0,-32.1167
0,-24.8400
0,-10.5996
0,-39.2166
0,-3.0382
0,66.3221
0,7.3500
0,-23.4300
0,61.9500
0,-1.7496
0,24.6333
0,20.6330
0,40.6171
0,-9.6954
0,-17.1667
0,63.0655
0,8.6004
0,16.1619
0,29.7504
0,-1.5662
0,-7.4329
0,-21.4329
0,70.0171
0,60.8000
0,9.5004
0,-14.5495
0,11.7730
0,-0.7329
0,-13.6996
0,-24.7257
0,-32.1895
0,-26.0200
0,39.4362
0,-0.7570
0,-16.7795
0,-19.9161
0,-15.4996
0,-23.5996
0,16.9924
0,56.3000
0,-16.7495
0,-10.1496
0,-20.5200
0,30.1500
0,18.7170
0,-8.6996
0,-5.4746
0,-9.9996
0,-18.2996
0,60.3808
0,12.6170
0,-6.5095
0,49.6999
0,51.6324
0,62.4908
0,1.1164
0,-21.5373
0,-24.0629
0,-23.9100
0,-26.6161
0,-19.1000
0,-16.8921
0,3.7666
0,-19.8496
0,-11.3196
0,73.5000
0,11.9670
0,-8.9322
0,-22.6400
0,-17.3196
0,5.6170
0,26.3666
0,-5.7796
0,-31.1496
0,73.3690
0,50.5306
0,-2.9828
0,71.4333
0,-23.1829
0,-52.6500
0,-4.4565
0,65.5666
0,27.5170
0,68.8079
0,68.5166
0,-2.8543
0,69.7630
0,72.3796
0,-48.4679
0,-10.0426
0,-2.5096
0,19.1264
0,-5.5829
0,74.1210
0,-25.0219
0,-17.5996
0,29.5333
0,10.5667
0,4.2170
0,61.1666
0,1.0838
0,-0.3329
0,59.9600
0,52.4999
0,40.9053
0,76.0195
0,-19.1597
0,-20.7666
0,70.8814
0,-0.1166
0,-12.5200
0,25.2333
0,68.4837
0,44.9387
0,66.4171
0,71.6983
0,-54.2806
0,-13.6830
0,30.6704
0,-0.9329
0,62.9670
0,61.1012
0,-20.9829
0,-2.9021
0,-2.3328
0,28.5504
0,55.9004
0,23.9460
0,-2.5161
0,61.8670
0,52.4390
0,60.2004
0,21.0150
0,61.6333
0,73.2204
0,73.4833
0,61.8680
0,60.5816
0,67.6898
0,73.3779
0,60.1000
0,64.9004
0,61.5995
0,59.0337
0,57.5504
0,69.7301
0,72.5997
0,73.2700
0,67.9886
0,57.6666
0,70.9566
0,74.8983
0,72.7666
0,71.4504
0,57.3670
0,63.6667
0,81.7166
0,62.5333
0,74.0165
