0,4171.895
0,4039.233
0,3959.466
0,3923.594
0,3942.702
0,4024.264
0,4174.893
0,4279.366
0,4311.496
0,4197.156
0,4060.334
0,3937.113
0,3857.865
0,3802.927
0,3809.858
0,3893.37
0,4093.363
0,4349.38
0,4646.206
0,4669.936
0,4604.734
0,4519.976
0,4369.966
0,4197.044
0,4069.878
0,3921.01
0,3807.634
0,3752.689
0,3711.455
0,3712.536
0,3775.549
0,3804.784
0,3859.883
0,3930.53
0,3898.485
0,4042.959
0,4266.644
0,4379.123
0,4409.405
0,4447.729
0,4440.518
0,4522.27
0,4673.946
0,4710.693
0,4639.381
0,4526.441
0,4382.217
0,4191.256
0,4027.027
0,3880.716
0,3805.878
0,3773.135
0,3790.14
0,3868.929
0,4096.695
0,4392.631
0,4639.066
0,4757.857
0,4743.602
0,4616.781
0,4558.851
0,4505.751
0,4543.206
0,4658.311
0,4860.13
0,5098.937
0,5419.615
0,5387.742
0,5265.204
0,5120.185
0,4915.777
0,4659.713
0,4424.723
0,4198.161
0,4080.221
0,4014.291
0,3994.168
0,4059.745
0,4244.189
0,4492.821
0,4654.806
0,4695.584
0,4668.244
0,4606.654
0,4621.337
0,4568.906
0,4638.036
0,4737.124
0,4844.709
0,4977.457
0,5264.336
0,5218.884
0,5092.555
0,4928.269
0,4741.201
0,4493.586
0,4263.798
0,4150.525
0,3967.677
0,3914.527
0,3905.05
0,3968.523
0,4194.613
0,4456.744
0,4654.967
0,4626.082
0,4485.672
0,4405.015
0,4373.032
0,4377.174
0,4428.745
0,4523.944
0,4693.535
0,4858.038
0,5123.987
0,5063.12
0,4950.777
0,4782.928
0,4594.815
0,4338.767
0,4101.375
0,3905.927
0,3796.675
0,3729.003
0,3720.196
0,3784.907
0,3983.79
0,4219.852
0,4393.208
0,4438.986
0,4402.439
0,4270.546
0,4266.183
0,4297.631
0,4393.384
0,4510.171
0,4674.086
0,4830.569
0,5084.394
0,5021.45
0,4892.86
0,4728.506
0,4528.846
0,4294.28
0,4060.021
0,3853.637
0,3742.935
0,3673.656
0,3654.611
0,3708.855
0,3883.376
0,4134.362
0,4309.84
0,4416.447
0,4409.83
0,4280.429
0,4247.558
0,4294.82
0,4382.162
0,4496.276
0,4559.283
0,4667.774
0,4880.394
0,4885.78
0,4698.627
0,4499.029
0,4323.135
0,4091.604
0,3860.081
0,3665.787
0,3537.792
0,3464.371
0,3426.126
0,3432.124
0,3518.008
0,3587.252
0,3622.945
0,3605.063
0,3585.675
0,3603.649
0,3628.409
0,3691.505
0,3780.608
0,3896.752
0,4057.307
0,4209.786
0,4438.793
0,4436.86
0,4352.929
0,4221.561
0,4088.081
0,3914.452
0,3733.384
0,3553.154
0,3425.968
0,3365.512
0,3312.01
0,3318.114
0,3369.507
0,3406.09
0,3388.349
0,3349.49
0,3344.022
0,3364.978
0,3433.363
0,3535.382
0,3663.35
0,3821.757
0,4021.894
0,4182.939
0,4457.081
0,4444.237
0,4363.188
0,4229.293
0,4060.629
0,3868.498
0,3667.814
0,3501.857
0,3417.371
0,3370.067
0,3356.792
0,3429.214
0,3641.334
0,3922.289
0,4142.686
0,4185.747
0,4164.153
0,4170.143
0,4225.678
0,4334.27
0,4453.165
0,4616.682
0,4769.939
0,4884.295
0,5074.599
0,4968.467
0,4807.398
0,4630.85
0,4394.495
0,4134.255
0,3876.136
0,3666.369
0,3538.98
0,3476.28
0,3452.607
0,3506.732
0,3673.482
0,3940.52
0,4155.859
0,4235.624
0,4202.6
0,4226.341
0,4317.51
0,4426.501
0,4589.204
0,4727.089
0,4852.833
0,4951.955
0,5165.484
0,5073.448
0,4914.265
0,4724.065
0,4502.069
0,4237.214
0,3974.245
0,3756.204
0,3612.832
0,3550.466
0,3502.266
0,3554.928
0,3727.624
0,4021.512
0,4274.341
0,4506.446
0,4650.795
0,4805.317
0,4895.51
0,4967.621
0,5031.185
0,5033.114
0,5030.654
0,5124.327
0,5239.226
0,5130.443
0,4987.287
0,4805.991
0,4601.633
0,4355.901
0,4099.203
0,3909.995
0,3775.187
0,3692.661
0,3653.453
0,3682.117
0,3853.22
0,4172.048
0,4406.514
0,4600.41
0,4689.647
0,4678.33
0,4750.617
0,4782.816
0,4780.152
0,4775.339
0,4785.344
0,4948.386
0,5050.386
0,4951.001
0,4813.445
0,4648.287
0,4443.37
0,4194.81
0,3954.605
0,3759.574
0,3632.981
0,3567.716
0,3532.454
0,3596.934
0,3766.648
0,4070.38
0,4319.121
0,4581.459
0,4715.092
0,4774.335
0,4778.955
0,4797.653
0,4698.135
0,4540.69
0,4555.151
0,4710.778
0,4978.709
0,4932.201
0,4819.624
0,4697.939
0,4526.552
0,4293.441
0,4064.456
0,3870.149
0,3742.185
0,3678.419
0,3630.312
0,3655.567
0,3726.493
0,3817.459
0,3847.632
0,3797.706
0,3719.776
0,3664.274
0,3643.265
0,3653.42
0,3664.205
0,3785.765
0,3970.459
0,4221.637
0,4563.518
0,4594.986
0,4548.876
0,4479.243
0,4365.848
0,4211.851
0,4032.378
0,3882.404
0,3766.315
0,3702.143
0,3660.666
0,3668.803
0,3719.842
0,3765.332
0,3750.369
0,3731.301
0,3626.754
0,3663.024
0,3917.456
0,4051.869
0,4117.331
0,4191.458
0,4280.843
0,4464.339
0,4657.992
0,4630.655
0,4528.545
0,4371.91
0,4174.446
0,3972.504
0,3757.882
0,3604.164
0,3509.547
0,3461.208
0,3470.193
0,3541.667
0,3761.536
0,4086.578
0,4292.163
0,4338.981
0,4260.866
0,4191.64
0,4188.344
0,4175.121
0,4239.478
0,4370.489
0,4544.108
0,4779.117
0,5080.449
0,5054.223
0,4946.174
0,4809.723
0,4606.162
0,4351.474
0,4112.793
0,3909.104
0,3806.296
0,3760.702
0,3754.878
0,3826.139
0,4035.17
0,4363.051
0,4597.582
0,4805.324
0,4847.846
0,4712.575
0,4747.125
0,4774.33
0,4880.114
0,4867.859
0,4881.858
0,5069.948
0,5355.448
0,5322.643
0,5200.289
0,5049.423
0,4827.42
0,4579.855
0,4347.535
0,4157.139
0,4034.988
0,3979.122
0,3980.545
0,4035.414
0,4258.236
0,4581.21
0,4795.662
0,4862.266
0,4777.345
0,4709.979
0,4657.182
0,4619.907
0,4676.754
0,4813.546
0,5017.223
0,5289.741
0,5604.61
0,5560.721
0,5461.773
0,5310.756
0,5087.204
0,4807.994
0,4542.854
0,4352.719
0,4236.716
0,4180.269
0,4171.847
0,4244.408
0,4439.867
0,4765.629
0,4953.683
0,4997.202
0,4954.141
0,4818.124
0,4675.044
0,4608.069
0,4641.184
0,4819.079
0,4953.571
0,5169.157
0,5412.738
0,5346.041
0,5231.033
0,5064.943
0,4838.66
0,4559.289
0,4263.21
0,4065.684
0,3932.968
0,3873.283
0,3848.662
0,3907.177
0,4099.195
0,4404.839
0,4578.732
0,4603.791
0,4467.514
0,4362.634
0,4292.239
0,4283.545
0,4321.108
0,4431.159
0,4564.452
0,4731.974
0,4964.895
0,4904.538
0,4797.51
0,4664.836
0,4477.319
0,4251.073
0,4035.97
0,3829.202
0,3692.683
0,3603.409
0,3559.863
0,3572.711
0,3666.351
0,3797.362
0,3839.07
0,3884.821
0,3775.444
0,3720.319
0,3726.438
0,3815.52
0,3989.997
0,4070.748
0,4114.391
0,4330.128
0,4556.484
0,4540.907
0,4481.35
0,4381.03
0,4261.902
0,4077.889
0,3885.252
0,3714.418
0,3601.989
0,3527.423
0,3488.845
0,3494.672
0,3547.36
0,3640.609
0,3688.726
0,3799.591
0,3922.05
0,4044.654
0,4149.008
0,4237.443
0,4278.474
0,4310.5
0,4380.333
0,4605.982
0,4762.016
0,4728.159
0,4636.969
0,4508.123
0,4339.338
0,4118.094
0,3888.017
0,3694.595
0,3573.275
0,3503.085
0,3493.689
0,3556.666
0,3743.196
0,4064.728
0,4360.717
0,4590.8
0,4721.066
0,4636.747
0,4394.827
0,4280.679
0,4336.436
0,4501.51
0,4699.614
0,4938.693
0,5243.932
0,5195.886
0,5089.548
0,4956.391
0,4736.381
0,4480.634
0,4206.002
0,3975.414
0,3854.96
0,3799.006
0,3791.176
0,3855.376
0,4070.278
0,4384.525
0,4608.101
0,4647.594
0,4589.47
0,4566.983
0,4437.225
0,4386.048
0,4427.843
0,4559.422
0,4733.84
0,4990.989
0,5285.641
0,5242.278
0,5156.014
0,5029.216
0,4808.228
0,4530.778
0,4258.287
0,4021.568
0,3870.885
0,3789.327
0,3763.998
0,3836.335
0,4027.619
0,4357.482
0,4553.553
0,4629.477
0,4563.937
0,4555.871
0,4583.058
0,4638.823
0,4678.443
0,4660.371
0,4684.266
0,4881.148
0,5099.41
0,5039.554
0,4933.567
0,4786.296
0,4601.145
0,4365.647
0,4092.418
0,3855.41
0,3706.735
0,3593.904
0,3549.831
0,3538.464
0,3607.054
0,3712.753
0,3797.555
0,3902.477
0,4031.098
0,4016.579
0,4024.625
0,4148.024
0,4105.323
0,4065.779
0,4163.503
0,4272.49
0,4416.448
0,4310.693
0,4210.658
0,4125.393
0,4030.313
0,3894.473
0,3733.85
0,3568.414
0,3459.267
0,3403.124
0,3380.638
0,3418.143
0,3547.336
0,3725.621
0,3785.354
0,3796.235
0,3788.662
0,3774.119
0,3872.493
0,4035.874
0,4125.781
0,4157.34
0,4225.874
0,4423.973
0,4663.137
0,4629.064
0,4554.801
0,4441.282
0,4309.229
0,4113.508
0,3893.535
0,3697.594
0,3566.991
0,3489.462
0,3450.654
0,3462.639
0,3531.11
0,3657.899
0,3706.221
0,3715.704
0,3629.453
0,3638.006
0,3762.831
0,3940.954
0,3971.968
0,3897.984
0,4037.046
0,4287.471
0,4629.534
0,4653.522
0,4609.909
0,4534.242
0,4419.997
0,4239.381
0,4049.31
0,3853.599
0,3742.8
0,3666.728
0,3642.303
0,3647.982
0,3711.174
0,3805.175
0,3809.067
0,3753.869
0,3653.065
0,3582.655
0,3556.689
0,3585.191
0,3655.681
0,3810.03
0,4017.479
0,4347.265
0,4727.092
0,4753.761
0,4721.739
0,4613.267
0,4434.522
0,4224.605
0,3971.837
0,3783.567
0,3660.686
0,3614.085
0,3579.029
0,3670.027
0,3860.834
0,4176.729
0,4495.28
0,4782.196
0,4955.773
0,5094.981
0,5145.146
0,5137.227
0,5110.509
0,5039.834
0,5004.693
0,5186.498
0,5304.604
0,5197.293
0,5042.051
0,4858.099
0,4631.208
0,4340.716
0,4057.414
0,3815.632
0,3683.025
0,3603.853
0,3580.523
0,3626.813
0,3817.803
0,4128.803
0,4378.809
0,4477.459
0,4463.511
0,4515.506
0,4634.315
0,4767.417
0,4811.478
0,4903.027
0,4960.658
0,5191.062
0,5459.189
0,5402.204
0,5313.819
0,5183.889
0,4978.518
0,4712.294
0,4428.413
0,4203.469
0,4069
0,3991.216
0,3982.941
0,4053.898
0,4251.496
0,4566.66
0,4798.902
0,4913.942
0,4855.377
0,4805.906
0,5003.908
0,5157.716
0,5162.612
0,5104.269
0,5078.136
0,5288.744
0,5594.29
0,5534.166
0,5432.671
0,5283.272
0,5079.999
0,4788.886
0,4499.365
0,4275.453
0,4139.193
0,4086.083
0,4068.124
0,4140.252
0,4328.682
0,4653.575
0,4866.815
0,4921.042
0,4777.778
0,4703.768
0,4648.384
0,4601.788
0,4591.245
0,4709.812
0,4903.034
0,5210.718
0,5456.748
0,5399.232
0,5280.567
0,5121.255
0,4898.75
0,4618.959
0,4323.564
0,4083.263
0,3928.831
0,3854.447
0,3831.894
0,3885.73
0,4068.812
0,4390.264
0,4634.881
0,4839.266
0,4916.058
0,4955.856
0,4965.153
0,5026.267
0,5054.82
0,5062.622
0,5065.507
0,5235.823
0,5371.808
0,5278.58
0,5159.622
0,5001.766
0,4826.519
0,4559.127
0,4299.548
0,4071.573
0,3884.07
0,3792.285
0,3753.003
0,3755.748
0,3847.486
0,3992.202
0,4148.682
0,4304.655
0,4506.882
0,4628.095
0,4680.087
0,4597.08
0,4458.313
0,4436.521
0,4597.666
0,4823.737
0,5129.075
0,5135.975
0,5083.525
0,5003.364
0,4859.917
0,4646.874
0,4411.411
0,4199.446
0,4062.342
0,3945.426
0,3903.072
0,3904.961
0,3962.775
0,4051.979
0,4075.656
0,4089.705
0,4079.107
0,4007.943
0,3970.093
0,3995.93
0,4084.913
0,4265.993
0,4501.656
0,4864.749
0,5278.113
0,5283.795
0,5248.071
0,5167.671
0,4999.786
0,4752.645
0,4461.203
0,4270.174
0,4146.72
0,4093.698
0,4094.63
0,4179.045
0,4399.827
0,4751.786
0,5038.99
0,5219.29
0,5105.869
0,5004.008
0,4857.412
0,4838.823
0,4853.069
0,4953.242
0,5109.851
0,5425.866
0,5790.471
0,5755.569
0,5657.846
0,5514.253
0,5305.524
0,5010.88
0,4688.166
0,4431.323
0,4277.549
0,4212.577
0,4199.423
0,4254.214
0,4446.62
0,4803.021
0,5094.539
0,5342.904
0,5435.383
0,5465.041
0,5385.33
0,5226.786
0,5090.989
0,5130.655
0,5276.876
0,5555.233
0,5910.21
0,5850.06
0,5736.876
0,5600.341
0,5367.983
0,5061.078
0,4726.86
0,4485.191
0,4361.461
0,4277.816
0,4256.356
0,4327.163
0,4506.947
0,4845.845
0,5136.852
0,5325.922
0,5333.589
0,5192.772
0,5365.996
0,5482.374
0,5533.096
0,5479.697
0,5525.89
0,5745.2
0,5964.243
0,5869.057
0,5723.165
0,5554.369
0,5323.459
0,5022.336
0,4679.559
0,4420.046
0,4277.104
0,4187.983
0,4156.989
0,4208.134
0,4393.306
0,4718.624
0,4942.927
0,4991.916
0,4873.647
0,4784.629
0,4755.423
0,4645.483
0,4667.667
0,4784.441
0,4946.441
0,5246.147
0,5585.251
0,5558.626
0,5472.079
0,5347.455
0,5152.474
0,4879.079
0,4572.124
0,4317.991
0,4221.076
0,4160.066
0,4159.841
0,4230.05
0,4421.652
0,4745.381
0,4989.462
0,5065.32
0,4922.426
0,4756.158
0,4641.672
0,4597.823
0,4619.432
0,4695.746
0,4823.785
0,5064.736
0,5362.209
0,5307.191
0,5200.769
0,5071.925
0,4903.793
0,4672.643
0,4417.418
0,4166.789
0,4022.969
0,3924.159
0,3872.036
0,3878.785
0,3966.783
0,4113.839
0,4203.132
0,4296.829
0,4455.239
0,4539.956
0,4555.72
0,4536.153
0,4468.555
0,4438.813
0,4449.891
0,4654.795
0,4966.306
0,4979.002
0,4888.513
0,4799.181
0,4666.91
0,4454.185
0,4204.388
0,3972.177
0,3815.088
0,3707.476
0,3657.376
0,3654.577
0,3710.258
0,3802.737
0,3821.628
0,3816.948
0,3756.68
0,3695.525
0,3784.475
0,3788.193
0,3819.688
0,3974.119
0,4176.553
0,4518.514
0,4893.668
0,4917.556
0,4872.223
0,4798.385
0,4648.497
0,4413.133
0,4154.113
0,3922.503
0,3793.342
0,3729.145
0,3718.047
0,3807.475
0,4029.391
0,4385.462
0,4743.891
0,5032.455
0,5178.473
0,5247.816
0,5327.536
0,5392.313
0,5409.722
0,5412.047
0,5402.705
0,5515.407
0,5795.906
0,5736.233
0,5617.155
0,5478.759
0,5254.019
0,4957.506
0,4635.488
0,4389.949
0,4247.018
0,4180.613
0,4182.594
0,4272.237
0,4485.211
0,4840.275
0,5123.454
0,5179.82
0,5107.203
0,4884.688
0,4821.943
0,4792.041
0,4845.583
0,5023.199
0,5207.113
0,5538.308
0,5878.09
0,5860.489
0,5767.198
0,5635.771
0,5445.224
0,5144.283
0,4842.699
0,4587.912
0,4449.923
0,4394.775
0,4375.587
0,4443.992
0,4649.171
0,5008.096
0,5250.596
0,5475.088
0,5611.137
0,5675.438
0,5759.503
0,5805.735
0,5833.983
0,5852.485
0,5877.18
0,6091.7
0,6241.692
0,6137.284
0,6011.727
0,5845.024
0,5609.379
0,5322.456
0,5015.337
0,4767.916
0,4573.83
0,4489.31
0,4487.41
0,4549.99
0,4699.755
0,4903.587
0,5060.452
0,5259.067
0,5383.918
0,5379.09
0,5330.81
0,5331.805
0,5350.46
0,5336.881
0,5404.1
0,5657.016
0,6051.614
0,5994.956
0,5896.258
0,5769.163
0,5590.389
0,5310.138
0,5019.25
0,4620.245
0,4495.466
0,4420.972
0,4395.802
0,4446.851
0,4629.299
0,4942.728
0,5214.263
0,5429.65
0,5535.974
0,5487.84
0,5419.502
0,5338.642
0,5304.188
0,5287.863
0,5306.543
0,5506.889
0,5859.65
0,5799.702
0,5693.404
0,5579.09
0,5395.281
0,5166.483
0,5050.158
0,4827.388
0,4675.19
0,4593.985
0,4576.838
0,4588.1
0,4688.285
0,4866.958
0,4972.042
0,5061.733
0,5088.725
0,5074.524
0,5044.912
0,5034.942
0,5041.238
0,5050.538
0,5115.505
0,5380.411
0,5675.021
0,5694.993
0,5650.451
0,5551.124
0,5444.473
0,5224.896
0,4971.283
0,4646.863
0,4475.103
0,4359.652
0,4310.414
0,4298.605
0,4342.076
0,4453.23
0,4534.664
0,4654.404
0,4831.323
0,4941.649
0,4980.882
0,5011.243
0,4984.291
0,4898.779
0,4907.78
0,5155.802
0,5462.139
0,5455.255
0,5393.439
0,5312.602
0,5131.779
0,4877.361
0,4571.224
0,4395.984
0,4236.944
0,4159.828
0,4138.389
0,4198.49
0,4378.12
0,4720.1
0,5011.894
0,5221.414
0,5316.727
0,5312.572
0,5242.229
0,5027.702
0,4954.044
0,5019.046
0,5137.724
0,5388.073
0,5708.46
0,5658.066
0,5568.87
0,5431.94
0,5238.429
0,4948.953
0,4636.529
0,4362.75
0,4204.652
0,4118.947
0,4098.586
0,4151.899
0,4332.867
0,4654.867
0,4923.815
0,5111.834
0,5112.567
0,4937.366
0,4847.554
0,4920.678
0,5064.253
0,5143.868
0,5243.09
0,5455.577
0,5709.216
0,5642.549
0,5542.745
0,5428.621
0,5226.833
0,4934.896
0,4615.499
0,4371.741
0,4221.819
0,4159.145
0,4147.864
0,4205.597
0,4400.855
0,4727.688
0,4961.3
0,5037.254
0,4920.661
0,4819.231
0,4718.87
0,4711.097
0,4708.544
0,4811.38
0,4964.269
0,5257.561
0,5566.243
0,5535.057
0,5464.636
0,5357.315
0,5182.881
0,4931.77
0,4636.757
0,4357.429
0,4172.946
0,4066.061
0,4001.583
0,4002.687
0,4113.208
0,4305.23
0,4385.723
0,4438.083
0,4454.289
0,4488.701
0,4572.291
0,4570.433
0,4611.386
0,4608.074
0,4677.962
0,4897.058
0,5035.131
0,4908.252
0,4757.147
0,4631.14
0,4484.618
0,4306.668
0,4101.831
0,3887.883
0,3719.13
0,3595.62
0,3522.581
0,3502.572
0,3529.631
0,3624.097
0,3727.837
0,3820.519
0,3984.008
0,4087.858
0,4238.011
0,4296.998
0,4314.083
0,4315.338
0,4391.859
0,4584.791
0,4852.304
0,4844.868
0,4835.149
0,4801.786
0,4749.172
0,4645.751
0,4475.76
0,4307.344
0,4204.186
0,4139.258
0,4095.994
0,4132.257
0,4234.207
0,4401.297
0,4495.762
0,4525.165
0,4463.171
0,4379.507
0,4324.964
0,4306.201
0,4352.098
0,4493.251
0,4740.555
0,5081.221
0,5465.577
0,5495.967
0,5456.567
0,5387.015
0,5237.645
0,5040.966
0,4805.213
0,4608.337
0,4447.672
0,4353.644
0,4302.86
0,4306.878
0,4357.446
0,4460.572
0,4481.116
0,4437.952
0,4325.926
0,4215.285
0,4165.405
0,4139.874
0,4199.784
0,4312.222
0,4523.972
0,4871.779
0,5310.418
0,5364.085
0,5321.355
0,5245.258
0,5090.844
0,4877.068
0,4625.739
0,4405.153
0,4261.515
0,4182.532
0,4148.428
0,4192.001
0,4352.487
0,4609.666
0,4813.171
0,4943.725
0,5126.403
0,5101.195
0,4988.771
0,4768.475
0,4633.403
0,4699.919
0,4851.334
0,5102.526
0,5481.627
0,5458.866
0,5361.101
0,5214.522
0,5035.411
0,4774.858
0,4494.397
0,4261.454
0,4118.672
0,4049.67
0,4036.351
0,4101.619
0,4280.01
0,4552.125
0,4755.774
0,4853.747
0,4797.238
0,4708.332
0,4659.479
0,4690.275
0,4743.817
0,4873.01
0,5077.32
0,5370.311
0,5758.259
0,5739.803
0,5646.86
0,5527.326
0,5344.809
0,5073.559
0,4803.873
0,4561.779
0,4413.472
0,4341.241
0,4320.668
0,4364.437
0,4519.309
0,4786.655
0,4999.64
0,5171.121
0,5205.784
0,5033.87
0,4917.769
0,4831.727
0,4940.526
0,5039.517
0,5117.593
0,5337.169
0,5665.828
0,5619.497
0,5511.203
0,5367.293
0,5184.034
0,4898.184
0,4577.655
0,4304.197
0,4123.176
0,4006.676
0,3953.029
0,3961.891
0,4073.502
0,4277.244
0,4471.967
0,4612.052
0,4763.601
0,4848.753
0,4859.302
0,4798.802
0,4773.258
0,4844.616
0,4894.89
0,5121
0,5346.592
0,5276.648
0,5141.334
0,5000.307
0,4851.019
0,4689.621
0,4544.911
0,4372.675
0,4227.992
0,4127.424
0,4078.236
0,4093.322
0,4160.423
0,4261.044
0,4244.524
0,4185.01
0,4130.577
0,4233.425
0,4420.446
0,4491.988
0,4561.371
0,4642.042
0,4745.243
0,4997.572
0,5187.728
0,5154.052
0,5089.539
0,5003.836
0,4847.752
0,4648.029
0,4402.089
0,4190.946
0,4043.908
0,3938.807
0,3890.311
0,3879.667
0,3942.688
0,4065.256
0,4149.089
0,4149.387
0,4022.153
0,4031.338
0,4068.231
0,4028.737
0,4128.759
0,4105.011
0,4275.164
0,4550.844
0,4937.568
0,4994.152
0,4954.657
0,4898.573
0,4776.495
0,4607.531
0,4410.641
0,4208.836
0,4075.302
0,3998.371
0,3956.938
0,3962.037
0,4016.886
0,4086.643
0,4191.286
0,4274.261
0,4466.06
0,4590.016
0,4677.914
0,4809.702
0,4900.071
0,4913.219
0,4953.214
0,5134.601
0,5327.974
0,5307.437
0,5232.374
0,5118.116
0,4936.262
0,4689.806
0,4432.583
0,4222.606
0,4095.694
0,4031.684
0,4030.053
0,4099.1
0,4306.6
0,4627.797
0,4946.314
0,5109.743
0,5129.039
0,5016.41
0,4887.859
0,4887.824
0,5061.775
0,5174.687
0,5212.334
0,5339.298
0,5593.048
0,5530.293
0,5398.629
0,5243.451
0,5034.27
0,4757.341
0,4469.175
0,4234.239
0,4094.698
0,4030.904
0,4013.155
0,4076.103
0,4259.308
0,4597.996
0,4908.689
0,5117.034
0,5196.78
0,5174.806
0,5138.491
0,5138.533
0,5200.911
0,5249.163
0,5261.796
0,5413.457
0,5634.96
0,5563.456
0,5441.27
0,5289.364
0,5085.707
0,4808.735
0,4526.57
0,4293.166
0,4170.693
0,4104.697
0,4090.308
0,4173.328
0,4366.473
0,4688.992
0,4944.881
0,5034.142
0,4935.119
0,4827.806
0,4716.33
0,4707.096
0,4773.991
0,4927.916
0,5127.005
0,5337.91
0,5681.502
0,5665.515
0,5551.782
0,5401.554
0,5198.166
0,4924.193
0,4643.844
0,4434.072
0,4307.344
0,4243.34
0,4229.457
0,4292.814
0,4481.963
0,4799.58
0,5072.243
0,5154.714
0,5036.311
0,4857.488
0,4757.181
0,4707.896
0,4724.704
0,4823.806
0,4995.09
0,5237.484
0,5605.744
0,5608.51
0,5517.611
0,5398.599
0,5226.653
0,4955.668
0,4683.908
0,4480.408
0,4373.206
0,4309.267
0,4309.124
0,4385.515
0,4571.592
0,4888.504
0,5150.761
0,5264.866
0,5237.916
0,5135.221
0,5140.133
0,5225.526
0,5247.432
0,5278.477
0,5342.221
0,5474.677
0,5678.541
0,5609.165
0,5502.862
0,5382.056
0,5227.139
0,5000.217
0,4765.13
0,4549.973
0,4412.224
0,4359.27
0,4325.945
0,4366.771
0,4445.932
0,4609.568
0,4681.374
0,4691.447
0,4602.832
0,4499.519
0,4457.979
0,4495.997
0,4570.634
0,4707.979
0,4793.52
0,5009.332
0,5292.315
0,5295.954
0,5207.484
0,5112.555
0,4984.393
0,4800.286
0,4593.453
0,4391.407
0,4270.671
0,4187.262
0,4154.809
0,4162.973
0,4223.055
0,4327.729
0,4362.221
0,4326.2
0,4213.343
0,4091.191
0,4058.76
0,4040.933
0,4051.853
0,4164.499
0,4380.4
0,4670.341
0,5087.897
0,5161.102
0,5137.756
0,5083.004
0,4951.668
0,4751.314
0,4529.496
0,4360.018
0,4268.768
0,4232.853
0,4244.325
0,4336.845
0,4546.098
0,4894.723
0,5189.898
0,5308.43
0,5388.796
0,5410.616
0,5387.154
0,5387.826
0,5257.44
0,5348.372
0,5398.928
0,5510.138
0,5763.079
0,5720.306
0,5605.177
0,5468.009
0,5264.785
0,4995.382
0,4732.949
0,4529.978
0,4416.242
0,4358.279
0,4362.189
0,4437.575
0,4625.647
0,4985.824
0,5272.445
0,5337.729
0,5160.182
0,4952.796
0,4839.774
0,4744.75
0,4735.762
0,4813.103
0,4978.115
0,5198.479
0,5533.691
0,5555.396
0,5456.549
0,5304.246
0,5097.249
0,4841.207
0,4589.565
0,4383.518
0,4261.779
0,4182.855
0,4158.651
0,4232.539
0,4393.029
0,4742.709
0,5040.653
0,5168.372
0,5089.063
0,4944.22
0,4859.856
0,4884.218
0,4961.734
0,5023.751
0,5102.851
0,5271.804
0,5576.796
0,5550.553
0,5439.093
0,5286.059
0,5092.982
0,4813.991
0,4511.514
0,4303.948
0,4196.692
0,4138.876
0,4135.005
0,4192.413
0,4381.991
0,4711.967
0,4996.321
0,5065.758
0,4901.963
0,4913.05
0,4956.582
0,4867.493
0,4741.677
0,4752.828
0,4857.976
0,5039.179
0,5343.05
0,5337.883
0,5227.875
0,5099.471
0,4904.389
0,4674.831
0,4412.056
0,4204.065
0,4095.725
0,4045.345
0,4041.223
0,4126.819
0,4317.868
0,4629.662
0,4921.607
0,5118.842
0,5164.425
0,5162.498
0,5189.185
0,5137.082
0,5148.765
0,5150.439
0,5159.511
0,5247.905
0,5372.315
0,5290.688
0,5164.032
0,5011.198
0,4824.092
0,4614.89
0,4357.161
0,4139.723
0,3986.984
0,3898.428
0,3860.841
0,3869
0,3932.606
0,4072.409
0,4174.703
0,4281.203
0,4394.173
0,4383.968
0,4377.507
0,4291.961
0,4294.409
0,4339.491
0,4402.083
0,4594.208
0,4912.04
0,4969.542
0,4913.5
0,4842.368
0,4719.904
0,4555.355
0,4380.096
0,4202.31
0,4087.201
0,3995.682
0,3964.072
0,3962.74
0,4029.494
0,4128.974
0,4157.026
0,4137.554
0,4053.573
0,3993.071
0,3986.94
0,4147.158
0,4287.726
0,4366.489
0,4508.311
0,4694.882
0,4973.407
0,4987.411
0,4893.192
0,4799.673
0,4658.386
0,4466.162
0,4251.189
0,4063.169
0,3950.359
0,3894.328
0,3894.126
0,3955.713
0,4149.048
0,4415.345
0,4604.913
0,4634.46
0,4533.44
0,4412.695
0,4463.378
0,4534.722
0,4708.57
0,4712.458
0,4777.603
0,4988.172
0,5332.241
0,5339.076
0,5247.654
0,5117.536
0,4927.642
0,4679.08
0,4428.892
0,4236.044
0,4137.044
0,4083.646
0,4068.281
0,4150.672
0,4369.723
0,4728.081
0,5013.764
0,5075.109
0,4912.825
0,4814.661
0,4822.024
0,4959.826
0,4991.746
0,4931.144
0,5015.766
0,5209.775
0,5524.969
0,5544.966
0,5441.213
0,5295.198
0,5106.282
0,4834.291
0,4575.667
0,4369.361
0,4227.14
0,4158.925
0,4142.2
0,4192.389
0,4373.582
0,4726.879
0,5034.291
0,5186.755
0,5147.591
0,5002.722
0,5024.494
0,4950.45
0,5026.784
0,5002.968
0,5157.811
0,5392.446
0,5717.568
0,5743.829
0,5645.163
0,5491.237
0,5299.357
0,5016.991
0,4739.668
0,4521.985
0,4407.316
0,4363.022
0,4364.734
0,4449.264
0,4654.207
0,5009.613
0,5274.374
0,5441.271
0,5445.121
0,5103.576
0,4921.393
0,4915.658
0,5030.318
0,5093.51
0,5167.561
0,5273.204
0,5552.874
0,5574.532
0,5488.432
0,5346.852
0,5151.359
0,4890.992
0,4595.851
0,4379.312
0,4251.01
0,4192.399
0,4167.759
0,4227.227
0,4398.154
0,4754.025
0,5006.052
0,5063.296
0,5007.579
0,5010.134
0,4928.915
0,4952.458
0,5001.456
0,4980.674
0,5000.866
0,5159.371
0,5402.624
0,5413.783
0,5314.493
0,5176.222
0,4993.938
0,4774.748
0,4535.523
0,4332.696
0,4222.236
0,4175.067
0,4163.696
0,4199.948
0,4306.383
0,4463.802
0,4566.513
0,4595.184
0,4502.855
0,4444.032
0,4450.476
0,4482.777
0,4401.545
0,4462.937
0,4664.089
0,4964.809
0,5343.003
0,5468.282
0,5434.947
0,5357.324
0,5240.104
0,5036.56
0,4823.46
0,4637.074
0,4512.4
0,4433.747
0,4392.101
0,4401.805
0,4465.16
0,4587.107
0,4624.518
0,4583.389
0,4468.253
0,4375.28
0,4344.395
0,4351.933
0,4414.905
0,4571.145
0,4738.552
0,4982.588
0,5370.541
0,5444.82
0,5397.219
0,5296.784
0,5119.374
0,4878.947
0,4640.838
0,4450.231
0,4350.812
0,4293.836
0,4305.018
0,4389.751
0,4625.169
0,4989.917
0,5277.161
0,5425.48
0,5408.344
0,5370.848
0,5212.988
0,5136.319
0,5172.085
0,5213.455
0,5302.955
0,5447.007
0,5729.087
0,5700.299
0,5592.635
0,5432.895
0,5219.183
0,4940.978
0,4649.48
0,4434.868
0,4311.617
0,4246.698
0,4235.196
0,4287.335
0,4487.413
0,4811.846
0,5110.818
0,5315.88
0,5446.584
0,5525.694
0,5617.683
0,5660.911
0,5660.516
0,5625.976
0,5655.549
0,5712.906
0,5850.773
0,5767.904
0,5628.055
0,5434.243
0,5256.547
0,4927.125
0,4612.936
0,4401.459
0,4270.473
0,4205.082
0,4192.487
0,4262.309
0,4457.892
0,4785.224
0,5031.894
0,5117.521
0,5165.621
0,5224.776
0,5265.91
0,5326.958
0,5366.684
0,5383.766
0,5392.182
0,5519.186
0,5741.871
0,5734.767
0,5627.856
0,5473.889
0,5259.731
0,4985.61
0,4715.455
0,4516.304
0,4385.88
0,4332.456
0,4329.526
0,4407.521
0,4612.737
0,4981.683
0,5283.89
0,5449.946
0,5392.103
0,5115.627
0,4964.655
0,4884.788
0,4906.658
0,5019.592
0,5231.134
0,5507.194
0,5907.397
0,6021.456
0,5965.673
0,5865.855
0,5672.098
0,5390.065
0,5130.068
0,4912.653
0,4796.063
0,4721.687
0,4693.062
0,4789.091
0,5023.915
0,5390.081
0,5654.967
0,5729.483
0,5618.629
0,5489.006
0,5427.466
0,5377.888
0,5376.204
0,5426.896
0,5599.753
0,5820.408
0,6155.513
0,6202.785
0,6104.91
0,5961.239
0,5779.315
0,5525.105
0,5282.912
0,5062.156
0,4900.998
0,4807.209
0,4770.192
0,4782.307
0,4859.076
0,5007.236
0,5071.739
0,5029.605
0,4895.392
0,4749.295
0,4642.741
0,4544.325
0,4516.993
0,4556.317
0,4734.423
0,5000.096
0,5397.46
0,5554.296
0,5515.859
0,5448.724
0,5330.533
0,5150.051
0,4961.376
0,4771.747
0,4637.732
0,4550.132
0,4503.663
0,4503.258
0,4564.346
0,4669.357
0,4726.908
0,4854.833
0,4976.498
0,5054.389
0,5150.836
0,5182.488
0,5212.595
0,5255.476
0,5341.711
0,5465.837
0,5747.624
0,5816.411
0,5759.711
0,5654.66
0,5496.573
0,5260.403
0,5025.557
0,4808.558
0,4682.536
0,4609.27
0,4584.943
0,4616.594
0,4729.661
0,4913.446
0,5078.177
0,5269.597
0,5440.292
0,5513.181
0,5560.429
0,5579.779
0,5542.976
0,5481.303
0,5440.718
0,5488.637
0,5712.927
0,5716.882
0,5598.696
0,5443.035
0,5242.395
0,4989.639
0,4728.083
0,4520.038
0,4396.421
0,4334.786
0,4318.54
0,4359.854
0,4490.661
0,4700.103
0,4862.641
0,5071.255
0,5210.611
0,5278.552
0,5312.165
0,5356.356
0,5342.524
0,5315.022
0,5314.188
0,5372.891
0,5612.461
0,5664.02
0,5560.235
0,5416.749
0,5200.135
0,4953.016
0,4696.311
0,4482.75
0,4387.014
0,4353.344
0,4340.97
0,4413.45
0,4597.904
0,4915.504
0,5166.59
0,5387.09
0,5489.835
0,5514.592
0,5510.159
0,5526.988
0,5490.759
0,5476.767
0,5489.542
0,5552.353
0,5802.73
0,5858.74
0,5756.575
0,5606.068
0,5401.404
0,5119.996
0,4833.208
0,4598.051
0,4486.025
0,4415.567
0,4404.447
0,4475.606
0,4676.888
0,4993.99
0,5255.974
0,5392.619
0,5403.936
0,5365.606
0,5306.527
0,5245.588
0,5198.728
0,5145.402
0,5109.738
0,5179.663
0,5458.631
0,5593.028
0,5515.823
0,5397.413
0,5206.067
0,4951.129
0,4674.502
0,4460.716
0,4338.649
0,4266.742
0,4247.302
0,4295.948
0,4478.54
0,4791.994
0,5090.401
0,5318.392
0,5404.434
0,5260.045
0,5133.176
0,5030.019
0,4943.611
0,4875.353
0,4883.175
0,4958.68
0,5207.199
0,5336.081
0,5265.936
0,5142.494
0,4995.603
0,4796.127
0,4605.673
0,4420.071
0,4299.435
0,4221.485
0,4227.96
0,4250.753
0,4357.728
0,4511.417
0,4581.112
0,4605.896
0,4552.087
0,4519.981
0,4499.23
0,4472.484
0,4457.727
0,4497.582
0,4526.496
0,4650.654
0,4975.874
0,5162.899
0,5129.541
0,5039.746
0,4924.531
0,4747.524
0,4548.926
0,4358.277
0,4223.998
0,4152.723
0,4105.011
0,4096.961
0,4144.63
0,4243.737
0,4284.122
0,4469.327
0,4716.827
0,4900.615
0,5007.547
0,5084.576
0,5107.516
0,5083.2
0,5038.421
0,5028.872
0,5268.709
0,5412.299
0,5283.167
0,5187.368
0,5102.814
0,4932.407
0,4737.515
0,4560.461
0,4480.913
0,4454.663
0,4487.172
0,4574.917
0,4785.278
0,5118.717
0,5407.703
0,5624.135
0,5723.197
0,5714.659
0,5678.494
0,5613.932
0,5536.772
0,5453.429
0,5433.484
0,5487.872
0,5770.428
0,5936.348
0,5877.202
0,5746.972
0,5549.387
0,5286.218
0,4994.313
0,4768.909
0,4669.513
0,4612.973
0,4582.872
0,4639.741
0,4818.135
0,5148.26
0,5392.117
0,5637.2
0,5741.706
0,5801.653
0,5836.064
0,5855.628
0,5830.166
0,5763.946
0,5710.124
0,5683.623
0,5827.581
0,5905.292
0,5806.501
0,5660.963
0,5450.842
0,5192.653
0,4916.081
0,4697.337
0,4594.183
0,4540.305
0,4538.986
0,4611.437
0,4811.322
0,5143.049
0,5429.83
0,5619.135
0,5676.645
0,5595.247
0,5478.366
0,5432.569
0,5413.801
0,5377.15
0,5387.982
0,5478.773
0,5722.305
0,5808.225
0,5696.196
0,5546.265
0,5339.246
0,5059.59
0,4819.585
0,4609.78
0,4507.368
0,4447.421
0,4449
0,4509.572
0,4721.728
0,5044.501
0,5295.973
0,5541.832
0,5677.38
0,5713.452
0,5722.193
0,5680.388
0,5622.264
0,5546.508
0,5529.587
0,5579.496
0,5771.981
0,5876.839
0,5776.079
0,5641.838
0,5443.037
0,5187.498
0,4940.237
0,4771.586
0,4669.594
0,4626.307
0,4632.519
0,4716.56
0,4947.176
0,5258.262
0,5486.301
0,5687.662
0,5776.648
0,5805.292
0,5839.946
0,5821.593
0,5771.715
0,5728.912
0,5689.041
0,5691.046
0,5845.052
0,5900.433
0,5803.335
0,5649.914
0,5474.845
0,5227.972
0,4982.937
0,4705.412
0,4546.757
0,4478.347
0,4450.086
0,4458.249
0,4544.104
0,4687.249
0,4800.758
0,4986.73
0,5151.195
0,5230.149
0,5263.3
0,5266.915
0,5250.409
0,5257.866
0,5260.034
0,5331.051
0,5535.495
0,5623.202
0,5555.275
0,5443.222
0,5291.999
0,5089.889
0,4877.072
0,4658.158
0,4515.044
0,4425.688
0,4377.82
0,4364.626
0,4411.598
0,4500.124
0,4538.08
0,4669.159
0,4819.779
0,4903.796
0,4891.169
0,4861.895
0,4806.832
0,4759.855
0,4764.498
0,4846.558
0,5095.907
0,5243.178
0,5186.006
0,5086.653
0,4952.65
0,4767.741
0,4561.438
0,4375.984
0,4285.864
0,4226.578
0,4208.755
0,4274.364
0,4415.223
0,4674.988
0,4848.578
0,5061.595
0,5228.29
0,5280.658
0,5309.079
0,5328.539
0,5301.635
0,5299.888
0,5324.706
0,5398.338
0,5601.73
0,5675.895
0,5556.541
0,5410.678
0,5197.401
0,4950.736
0,4683.986
0,4487.902
0,4350.51
0,4252.835
0,4233.04
0,4288.059
0,4438.149
0,4743.853
0,4984.495
0,5170.418
0,5116.301
0,5087.194
0,4972.013
0,4860.159
0,4787.585
0,4702.408
0,4863.607
0,5022.4
0,5280.509
0,5477.74
0,5421.518
0,5330.805
0,5164.155
0,4932.706
0,4705.169
0,4507.587
0,4432.619
0,4389.101
0,4402.328
0,4488.667
0,4715.171
0,5045.31
0,5314.2
0,5457.396
0,5310.222
0,5165.636
0,5115.497
0,5051.479
0,5103.349
0,5123.366
0,5133.527
0,5295.122
0,5539.691
0,5788.779
0,5726.835
0,5590.569
0,5405.514
0,5142.81
0,4867.371
0,4668.008
0,4561.458
0,4492.392
0,4468.356
0,4523.898
0,4725.532
0,5020.002
0,5280.529
0,5533.423
0,5706.481
0,5792.145
0,5830.84
0,5809.687
0,5729.343
0,5680.668
0,5622.976
0,5605.255
0,5764.265
0,5888.738
0,5775.881
0,5609.407
0,5412.466
0,5144.418
0,4889.69
0,4665.074
0,4545.469
0,4494.258
0,4468.129
0,4520.345
0,4696.579
0,4961.327
0,5199.705
0,5475.69
0,5656.219
0,5711.263
0,5766.815
0,5733.801
0,5659.619
0,5610.509
0,5575.368
0,5584.017
0,5660.842
0,5755.427
0,5641.217
0,5474.934
0,5299.233
0,5049.281
0,4838.466
0,4591.408
0,4473.435
0,4390.423
0,4352.724
0,4386.25
0,4481.907
0,4622.927
0,4703.664
0,4819.319
0,4896.784
0,4904.718
0,4892.273
0,4883.145
0,4851.219
0,4841.574
0,4866.293
0,4929.033
0,5152.922
0,5436.425
0,5415.049
0,5353.661
0,5234.765
0,5064.596
0,4875.299
0,4689.238
0,4560.809
0,4507.621
0,4465.989
0,4464.41
0,4526.482
0,4601.567
0,4609.197
0,4644.093
0,4674.62
0,4685.516
0,4679.031
0,4617.643
0,4563.647
0,4533.882
0,4546.801
0,4682.1
0,4985.043
0,5305.126
0,5304.116
0,5238.57
0,5116.912
0,4894.445
0,4661.055
0,4476.629
0,4367.401
0,4310.542
0,4311.092
0,4380.476
0,4603.755
0,4936.046
0,5213.689
0,5433.453
0,5529.269
0,5600.036
0,5718.233
0,5776.378
0,5756.391
0,5716.982
0,5676.384
0,5674.875
0,5688.269
0,5799.055
0,5677.114
0,5523.383
0,5273.849
0,4995.062
0,4715.471
0,4483.007
0,4362.365
0,4313.125
0,4304.792
0,4369.631
0,4560.444
0,4865.37
0,5114.708
0,5283.889
0,5317.616
0,5332.92
0,5328.572
0,5362.087
0,5340.344
0,5113.894
0,5133.731
0,5250.71
0,5393.792
0,5499.828
0,5403.205
0,5247.08
0,5033.381
0,4778.519
0,4511.501
0,4308.978
0,4170.841
0,4122.333
0,4130.936
0,4212.648
0,4421.333
0,4711.522
0,4894.671
0,4906.131
0,4843.292
0,4668.679
0,4584.144
0,4447.424
0,4420.329
0,4436.683
0,4517.341
0,4699.813
0,4941.469
0,5181.247
0,5113.404
0,4988.918
0,4789.28
0,4535.72
0,4274.183
0,4053.732
0,3943.498
0,3893.363
0,3885.968
0,3973.725
0,4181.052
0,4496.144
0,4671.144
0,4642.466
0,4525.899
0,4415.15
0,4348.144
0,4314.121
0,4280.939
0,4327.857
0,4458.183
0,4693.358
0,4965.353
0,5214.758
0,5185.399
0,5077.125
0,4902.549
0,4673.604
0,4448.287
0,4257.378
0,4132.713
0,4075.012
0,4064.776
0,4123.379
0,4351.736
0,4652.218
0,4794.48
0,4722.78
0,4575.123
0,4416.452
0,4336.449
0,4341.994
0,4419.023
0,4514.887
0,4632.449
0,4790.684
0,5013.208
0,5212.129
0,5150.773
0,5037.942
0,4853
0,4657.185
0,4416.888
0,4218.11
0,4080.032
0,4017.147
0,3970.975
0,3971.237
0,4056.021
0,4175.925
0,4285.862
0,4458.736
0,4624.516
0,4708.142
0,4684.267
0,4519.111
0,4397.485
0,4225.888
0,4105.72
0,4230.39
0,4503.727
0,4803.63
0,4795.948
0,4729.477
0,4618.304
0,4458.54
0,4280.294
0,4091.409
0,3960.26
0,3871.983
0,3840.545
0,3844.244
0,3891.009
0,3967.339
0,4009.5
0,4120.146
0,4201.054
0,4356.483
0,4370.565
0,4503.725
0,4553
0,4561.422
0,4607.79
0,4708.664
0,4890.445
0,5015.527
0,4958.863
0,4834.982
0,4678.714
0,4433.723
0,4207.884
0,4024.224
0,3920.29
0,3849.088
0,3869.096
0,3936.68
0,4139.434
0,4461.136
0,4699.727
0,4929.021
0,5030.906
0,5137.181
0,5202.439
0,5129.966
0,4960.955
0,4916.212
0,4916.112
0,5009.25
0,5152.421
0,5417.664
0,5380.241
0,5279.26
0,5108.902
0,4884.634
0,4682.834
0,4513.571
0,4442.331
0,4420.054
0,4442.653
0,4555.187
0,4792.716
0,5075.133
0,5221.367
0,5169.928
0,5011.724
0,4878.308
0,4818.227
0,4758.09
0,4748.93
0,4794.671
0,4921.271
0,5136.588
0,5470.151
0,5721.768
0,5675.713
0,5532.889
0,5314.98
0,5064.328
0,4757.309
0,4557.408
0,4435.837
0,4372.598
0,4360.698
0,4441.823
0,4629.677
0,4895.525
0,4979.481
0,4881.1
0,4701.717
0,4526.519
0,4420.708
0,4334.024
0,4310.783
0,4346.983
0,4445.98
0,4668.984
0,4909.693
0,5187.698
0,5142.201
0,5021.603
0,4826.08
0,4586.383
0,4329.396
0,4140.938
0,4042.637
0,3988.165
0,3990.779
0,4058.647
0,4276.157
0,4550.664
0,4701.078
0,4747.329
0,4745.01
0,4651.128
0,4555.948
0,4443.076
0,4430.793
0,4572.706
0,4704.877
0,4883.891
0,5190.284
0,5496.144
0,5489.116
0,5392.749
0,5228.176
0,4991.208
0,4759.673
0,4585.284
0,4493.502
0,4455.421
0,4446.191
0,4529.406
0,4752.026
0,5014.902
0,5128.818
0,5069.744
0,4954.791
0,4783.292
0,4685.68
0,4617.224
0,4594.389
0,4628.605
0,4740.82
0,4961.213
0,5253.583
0,5486.213
0,5448.246
0,5339.332
0,5160.921
0,4942.709
0,4705.073
0,4495.24
0,4350.363
0,4270.677
0,4238.012
0,4238.222
0,4317.529
0,4394.148
0,4394.812
0,4406.581
0,4487.749
0,4484.082
0,4482.309
0,4444.256
0,4491.555
0,4534.316
0,4603.024
0,4737.12
0,4976.907
0,5224.585
0,5211.022
0,5134.991
0,4996.635
0,4807.056
0,4592.157
0,4413.598
0,4294.622
0,4221.144
0,4184.794
0,4208.726
0,4260.974
0,4283.862
0,4183.129
0,4022.776
0,3909.482
0,3838.546
0,3780.155
0,3747.977
0,3738.372
0,3783.783
0,3923.91
0,4229.439
0,4605.077
0,4980.026
0,5028.633
0,4967.401
0,4858.053
0,4659.235
0,4465.535
0,4308.554
0,4235.583
0,4207.23
0,4244.524
0,4325.385
0,4570.084
0,4842.321
0,4965.34
0,4888.896
0,4756.342
0,4619.806
0,4516.198
0,4454.65
0,4441.028
0,4453.944
0,4544.111
0,4765.974
0,5053.36
0,5329.178
0,5290.109
0,5165.814
0,4963.093
0,4709.954
0,4444.811
0,4238.48
0,4128.022
0,4067.1
0,4054.184
0,4115.858
0,4298.072
0,4552.843
0,4720.679
0,4643.796
0,4422.091
0,4241.792
0,4152.349
0,4112.344
0,4157.918
0,4192.242
0,4284.83
0,4457.233
0,4671.775
0,4917.171
0,4895.615
0,4773.287
0,4582.157
0,4362.009
0,4121.85
0,3948.036
0,3855.646
0,3824.076
0,3822.935
0,3914.187
0,4124.068
0,4371.553
0,4473.866
0,4396.243
0,4264.709
0,4147.294
0,4056.994
0,4037.726
0,4042.645
0,4111.597
0,4232.119
0,4440.326
0,4686.271
0,4944.904
0,4925.198
0,4790.339
0,4594.67
0,4344.234
0,4070.239
0,3878.574
0,3775.619
0,3712.713
0,3695.878
0,3761.192
0,3960.296
0,4219.782
0,4391.963
0,4419.8
0,4245.267
0,4061.388
0,4002.208
0,4002.574
0,4042.404
0,4199.788
0,4257.259
0,4443.809
0,4569.267
0,4779.206
0,4736.98
0,4590.877
0,4411.241
0,4159.809
0,3890.684
0,3716.755
0,3584.981
0,3525.21
0,3495.857
0,3538.988
0,3704.476
0,3922.662
0,4147.491
0,4230.202
0,4188.577
0,4201.541
0,4180.593
0,3966.32
0,3912.836
0,3997.285
0,4122.914
0,4273.298
0,4422.107
0,4624.749
0,4591.856
0,4464.055
0,4307.359
0,4103.431
0,3907.105
0,3688.673
0,3581.137
0,3541.114
0,3546.464
0,3613.571
0,3758.021
0,3819.067
0,3793.353
0,3700.836
0,3627.285
0,3553.571
0,3493.159
0,3438.751
0,3404.953
0,3443.446
0,3593.518
0,3867.189
0,4182.213
0,4505.327
0,4550.731
0,4500.171
0,4420.62
0,4250.962
0,4073.953
0,3902.063
0,3787.429
0,3727.804
0,3694.34
0,3737.859
0,3809.356
0,3799.684
0,3710.396
0,3567.355
0,3432.491
0,3350.156
0,3342.434
0,3360.391
0,3396.963
0,3453.297
0,3598.389
0,3894.803
0,4233.547
0,4592.502
0,4701.954
0,4636.599
0,4500.651
0,4323.814
0,4170.606
0,4069.494
0,4057.357
0,4065.587
0,4169.121
0,4381.267
0,4752.957
0,5050.435
0,5108.082
0,4955.629
0,4775.996
0,4636.38
0,4535.105
0,4473.902
0,4430.915
0,4444.374
0,4542.041
0,4784.321
0,5011.548
0,5274.358
0,5252.423
0,5098.444
0,4859.425
0,4582.976
0,4388.919
0,4256.862
0,4190.376
0,4181.898
0,4220.468
0,4435.435
0,4771.155
0,5062.82
0,5232.828
0,5247.718
0,5261.713
0,5308.429
0,5319.799
0,5328.177
0,5285.107
0,5254.721
0,5272.48
0,5309.888
0,5352.54
0,5425.314
0,5317.954
0,5115.902
0,4821.897
0,4538.562
0,4288.91
0,4159.048
0,4074.82
0,4037.34
0,4087.995
0,4267.668
0,4607.067
0,4894.569
0,5086.036
0,5156.052
0,5095.667
0,5008.172
0,4900.267
0,4748.386
0,4742.937
0,4784.96
0,4860.465
0,4891.147
0,4945.591
0,5058.242
0,4972.226
0,4790.404
0,4526.596
0,4271.848
0,4044.756
0,3908.715
0,3832.168
0,3802.147
0,3852.506
0,4034.246
0,4366.001
0,4680.17
0,4889.017
0,5004.977
0,5085.344
0,5128.467
0,5156.219
0,5162.861
0,5119.506
0,5076.8
0,5033.804
0,5050.322
0,5019.57
0,5094.966
0,4988.71
0,4812.455
0,4569.779
0,4308.146
0,4119.48
0,4027.567
0,3994.379
0,3994.041
0,4064.128
0,4275.637
0,4645.402
0,4891.077
0,4909.704
0,4845.072
0,4679.334
0,4602.659
0,4370.561
0,4313.411
0,4220.63
0,4207.108
0,4292.84
0,4461.764
0,4693.053
0,4932.154
0,4956.562
0,4849.114
0,4665.764
0,4464.304
0,4239.429
0,4127.095
0,4057.8
0,4030.791
0,4047.806
0,4135.881
0,4288.659
0,4332.102
0,4242.334
0,4044.456
0,3848.393
0,3683.046
0,3548.476
0,3451.563
0,3394.371
0,3422.435
0,3552.288
0,3787.682
0,4057.396
0,4334.001
0,4421.387
0,4338.019
0,4193.879
0,4033.934
0,3889.474
0,3789.109
0,3734.865
0,3718.734
0,3727.257
0,3795.636
0,3905.079
0,3886.888
0,3775.857
0,3586.975
0,3440.728
0,3325.149
0,3253.595
0,3207.128
0,3202.85
0,3284.453
0,3452.501
0,3724.946
0,3989.591
0,4276.127
0,4365.716
0,4261.599
0,4090.067
0,3904.096
0,3743.615
0,3666.38
0,3631.279
0,3648.63
0,3747.034
0,3976.815
0,4347.521
0,4560.493
0,4535.188
0,4350.561
0,4159.492
0,4034.787
0,3943.144
0,3894.094
0,3886.353
0,3934.566
0,4041.12
0,4241.556
0,4426.257
0,4649.51
0,4674.864
0,4519.225
0,4270.719
0,4041.227
0,3834.197
0,3733.079
0,3682.381
0,3688.442
0,3748.396
0,3956.861
0,4284.493
0,4506.706
0,4552.73
0,4402.846
0,4183.172
0,4013.457
0,3926.544
0,3894.507
0,3920.75
0,3991.14
0,4132.648
0,4290.052
0,4421.725
0,4622.58
0,4607.088
0,4426.183
0,4183.114
0,3934.296
0,3731.485
0,3644.046
0,3581.938
0,3557.894
0,3613.287
0,3805.06
0,4129.756
0,4378.098
0,4554.571
0,4575.782
0,4556.811
0,4624.572
0,4691.82
0,4741.016
0,4750.37
0,4725.472
0,4741.146
0,4801.126
0,4834.804
0,4865.714
0,4752.367
0,4578.636
0,4294.686
0,4019.549
0,3808.214
0,3669.578
0,3599.801
0,3569.146
0,3613.675
0,3785.192
0,4082.924
0,4336.675
0,4483.863
0,4515.561
0,4482.349
0,4481.924
0,4463.633
0,4446.668
0,4408.004
0,4396.863
0,4416.211
0,4442.946
0,4491.082
0,4656.713
0,4626.633
0,4437.877
0,4206.95
0,3947.493
0,3739.135
0,3601.374
0,3520.594
0,3494.253
0,3536.036
0,3693.202
0,3984.567
0,4203.24
0,4437.329
0,4623.222
0,4542.142
0,4384.053
0,4140.034
0,4245.078
0,4221.911
0,4186.648
0,4270.614
0,4404.954
0,4449.551
0,4531.976
0,4508.346
0,4335.362
0,4102.36
0,3881.295
0,3662.539
0,3499.122
0,3417.722
0,3395.997
0,3352.75
0,3431.691
0,3549.615
0,3571.559
0,3546.783
0,3449.434
0,3377.059
0,3306.244
0,3297.159
0,3307.812
0,3352.112
0,3448.205
0,3670.178
0,3853.915
0,3976.279
0,4165.583
0,4199.643
0,4091.291
0,3927.339
0,3728.118
0,3556.902
0,3422.55
0,3339.924
0,3291.069
0,3290.6
0,3318.438
0,3406.474
0,3456.939
0,3655.228
0,3792.656
0,3915.382
0,3947.131
0,4039.797
0,4075.547
0,4152.18
0,4122.256
0,4177.293
0,4191.259
0,4287.111
0,4449.584
0,4392.877
0,4252.074
0,4067.475
0,3875.828
0,3693.755
0,3592.008
0,3531.046
0,3552.645
0,3652.623
0,3856.615
0,4183.917
0,4414.361
0,4424.95
0,4353.817
0,4222.545
0,4133.304
0,4019.655
0,3939.914
0,3925.749
0,3949.764
0,4070.236
0,4261.156
0,4471.162
0,4693.612
0,4759.723
0,4608.67
0,4394.092
0,4158.841
0,3960.355
0,3849.814
0,3792.313
0,3795.216
0,3874.376
0,4072.139
0,4372.881
0,4541.013
0,4460.294
0,4291.599
0,4112.334
0,4009.823
0,3934.58
0,3888.708
0,3902.327
0,3941.808
0,4068.093
0,4265.038
0,4451.834
0,4653.687
0,4698.913
0,4523.156
0,4298.002
0,4056.977
0,3857.961
0,3733.172
0,3669.734
0,3643.632
0,3720.276
0,3882.186
0,4161.862
0,4339.265
0,4486.391
0,4538.851
0,4608.696
0,4599.653
0,4606.658
0,4653.523
0,4762.569
0,4745.966
0,4660.435
0,4698.407
0,4732.626
0,4831.09
0,4740.626
0,4566.745
0,4317.485
0,4065.647
0,3857.917
0,3710.477
0,3647.218
0,3621.622
0,3695.627
0,3868.708
0,4190.793
0,4478.855
0,4675.109
0,4794.054
0,4867.61
0,4799.285
0,4564.594
0,4339.512
0,4075.407
0,4115.988
0,4229.017
0,4428.056
0,4635.601
0,4863.391
0,4912.828
0,4795.851
0,4581.719
0,4354.548
0,4161.053
0,4035.363
0,3984.63
0,3977.122
0,4047.716
0,4214.51
0,4456.281
0,4539.975
0,4455.731
0,4492.444
0,4666.261
0,4669.17
0,4595.857
0,4449.404
0,4420.518
0,4336.377
0,4307.835
0,4460.582
0,4644.101
0,4869.651
0,4880.444
0,4734.226
0,4562.043
0,4369.124
0,4172.208
0,4041.049
0,3979.251
0,3958.452
0,3977.378
0,4061.564
0,4137.702
0,4133.419
0,3990.339
0,3816.156
0,3657.876
0,3527.737
0,3422.225
0,3337.64
0,3289.118
0,3319.401
0,3475.456
0,3756.04
0,4013.633
0,4285.426
0,4385.986
0,4316.551
0,4176.291
0,4002.138
0,3817
0,3689.629
0,3595.695
0,3544.62
0,3531.804
0,3576.744
0,3622.719
0,3648.973
0,3700.492
0,3588.583
0,3499.755
0,3256.909
0,3100.245
0,3063.766
0,3076.823
0,3260.438
0,3465.374
0,3655.02
0,3855.719
0,4086.389
0,4246.485
0,4180.422
0,4023.796
0,3838.013
0,3681.885
0,3578.612
0,3520.076
0,3519.63
0,3608.578
0,3807.247
0,4064.729
0,4224.495
0,4198.771
0,4092.144
0,3981.579
0,3900.938
0,3865.27
0,3872.543
0,3883.336
0,3950.386
0,4077.883
0,4267.319
0,4418.175
0,4611.666
0,4630.851
0,4480.299
0,4274.972
0,4017.503
0,3817.963
0,3693.689
0,3627.603
0,3604.831
0,3673.01
0,3856.278
0,4113.484
0,4272.577
0,4218.395
0,4083.029
0,3970.168
0,3912.717
0,3871.55
0,3784.454
0,3784.543
0,3873.185
0,4011.429
0,4171.513
0,4304.504
0,4477.35
0,4531.403
0,4388.967
0,4228.956
0,3960.339
0,3669.617
0,3542.247
0,3481.194
0,3465.711
0,3523.022
0,3696.168
0,3933.036
0,4150.351
0,4348.055
0,4501.392
0,4466.228
0,4163.311
0,3950.234
0,3846.829
0,3843.457
0,3920.772
0,4058.753
0,4236.596
0,4345.707
0,4488.404
0,4529.72
0,4349.031
0,4128.722
0,3979.716
0,3782.994
0,3551.818
0,3460.497
0,3444.312
0,3503.72
0,3674.792
0,3898.348
0,4060.709
0,4035.37
0,3945.032
0,3848.714
0,3790.978
0,3772.562
0,3817.574
0,3872.364
0,3953.224
0,4080.448
0,4236.169
0,4352.789
0,4487.01
0,4532.624
0,4358.164
0,4121.173
0,3859.937
0,3646.179
0,3511.327
0,3445.378
0,3417.504
0,3465.415
0,3614.546
0,3817.237
0,4030.368
0,4121.851
0,4076.476
0,4041.94
0,4023.942
0,4073.477
0,4193.728
0,4250.17
0,4295.616
0,4314.9
0,4320.998
0,4389.616
0,4546.036
0,4575.758
0,4344.949
0,4095.342
0,3868.632
0,3664.05
0,3520.942
0,3433.519
0,3376.216
0,3386.806
0,3453.158
0,3540.16
0,3601.399
0,3695.692
0,3737.3
0,3765.531
0,3727.825
0,3561.419
0,3446.236
0,3477.391
0,3599.429
0,3702.002
0,3845.481
0,3964.682
0,4152.979
0,4217.545
0,4117.385
0,3939.643
0,3751.956
0,3561.815
0,3437.567
0,3329.282
0,3294.387
0,3275.509
0,3311.14
0,3346.214
0,3378.547
0,3516.468
0,3658.691
0,3778.619
0,3851.386
0,3908.669
0,3920.358
0,3948.346
0,3968.649
0,3985.088
0,4083.57
0,4189.758
0,4304.724
0,4303.457
0,4167.289
0,3966.54
0,3759.182
0,3585.279
0,3480.166
0,3423.763
0,3420.146
0,3496.736
0,3686.043
0,3999.85
0,4315.179
0,4577.151
0,4708.21
0,4747.846
0,4729.565
0,4701.785
0,4697.432
0,4648.882
0,4635.181
0,4639.53
0,4689.421
0,4719.506
0,4771.337
0,4746.404
0,4557.771
0,4289.489
0,4038.017
0,3967.767
0,3839.146
0,3780.207
0,3739.698
0,3805.123
0,3985.04
0,4249.049
0,4306.593
0,4335.612
0,4198.213
0,4108.753
0,4036.892
0,3837.193
0,3798.066
0,3804.454
0,3890.8
0,3989.822
0,4186.075
0,4339.792
0,4486.46
0,4583.314
0,4423.413
0,4156.781
0,3894.216
0,3706.159
0,3570.515
0,3497.449
0,3482.501
0,3540.715
0,3724.6
0,3943.22
0,4109.684
0,4087.154
0,3995.331
0,3964.304
0,4014.067
0,4129.433
0,4405.593
0,4422.652
0,4420.484
0,4509.91
0,4498.87
0,4511.402
0,4564.172
0,4585.049
0,4412.759
0,4164.419
0,3897.458
0,3685.354
0,3549.493
0,3482.544
0,3445.069
0,3497.862
0,3653.464
0,3896.402
0,4124.951
0,4370.985
0,4484.073
0,4502.093
0,4599.485
0,4641.956
0,4585.669
0,4535.096
0,4526.486
0,4570.471
0,4559.582
0,4548.539
0,4607.691
0,4623.404
0,4451.422
0,4219.627
0,3968.347
0,3769.543
0,3645.09
0,3576.043
0,3564.09
0,3626.697
0,3796.517
0,4050.245
0,4175.791
0,4151.277
0,4268.414
0,4315.901
0,4344.684
0,4362.898
0,4193.27
0,4213.105
0,4259.072
0,4288.188
0,4376.335
0,4452.518
0,4562.463
0,4604.775
0,4517.691
0,4246.72
0,4012.443
0,3810.316
0,3681.126
0,3598.607
0,3553.701
0,3565.361
0,3632.44
0,3681.423
0,3723.032
0,3699.88
0,3643.52
0,3720.905
0,3765.988
0,3787.541
0,3850.572
0,3827.123
0,3836.612
0,3952.734
0,4018.063
0,4055.179
0,4195.438
0,4257.345
0,4159.415
0,4009.141
0,3827.715
0,3659.879
0,3534.411
0,3457.798
0,3417.456
0,3410.017
0,3453.557
0,3445.041
0,3433.179
0,3311.683
0,3158.241
0,3137.58
0,3278.412
0,3300.139
0,3327.392
0,3489.559
0,3607.632
0,3678.567
0,3792.38
0,3931.033
0,4100.026
0,4201.038
0,4084.968
0,3897.202
0,3686.444
0,3516.63
0,3415.672
0,3367.546
0,3363.93
0,3435.141
0,3627.144
0,3871.218
0,4053.306
0,4029.907
0,3967.423
0,3948.443
0,4083.722
0,4328.079
0,4354.132
0,4335.266
0,4263.687
0,4176.997
0,4174.345
0,4281.583
0,4456.65
0,4519.255
0,4349.076
0,4104.66
0,3852.96
0,3650.866
0,3537.981
0,3475.053
0,3456.229
0,3512.93
0,3718.388
0,3926.539
0,4091.426
0,4062.324
0,3990.02
0,3905.297
0,3935.408
0,3879.612
0,3906.089
0,3940.274
0,4050.511
0,4197.927
0,4307.249
0,4411.006
0,4520.481
0,4586.832
0,4425.868
0,4126.256
0,3869.496
0,3629.021
0,3494.609
0,3417.995
0,3385.769
0,3428.631
0,3576.936
0,3774.169
0,3999.011
0,4151.512
0,4123.302
0,4151.112
0,4140.092
0,4089.048
0,4157.243
0,4394.562
0,4288.106
0,4174.229
0,4148.02
0,4374.772
0,4550.587
0,4624.924
0,4472.466
0,4232.988
0,4001.943
0,3831.676
0,3722.568
0,3656.166
0,3646.409
0,3727.603
0,3933.692
0,4178.851
0,4329.438
0,4298.233
0,4223.544
0,4183.859
0,4183.422
0,4184.105
0,4201.305
0,4193.955
0,4200.693
0,4297.183
0,4397.289
0,4496.474
0,4674.85
0,4790.229
0,4635.499
0,4382.917
0,4126.351
0,3931.848
0,3800.638
0,3741.994
0,3716.253
0,3780.043
0,3959.914
0,4169.854
0,4276.804
0,4200.558
0,4079.522
0,3931.466
0,3845.714
0,3772.565
0,3756.182
0,3720.513
0,3758.124
0,3868.435
0,4012.07
0,4147.302
0,4293.339
0,4427.532
0,4314.843
0,4099.165
0,3889.53
0,3693.549
0,3560.924
0,3483.85
0,3450.374
0,3456.949
0,3524.947
0,3528.161
0,3643.098
0,3598.847
0,3508.747
0,3445.341
0,3399.209
0,3362.521
0,3414.5
0,3500.268
0,3610.674
0,3720.85
0,3791.465
0,3910.232
0,4057.413
0,4149.587
0,4050.69
0,3883.183
0,3704.143
0,3519.763
0,3396.324
0,3314.535
0,3271.424
0,3266.404
0,3304.582
0,3337.176
0,3388.705
0,3486.398
0,3498.989
0,3575.227
0,3622.936
0,3473.694
0,3534.069
0,3567.305
0,3582.018
0,3507.922
0,3688.496
0,3826.498
0,4012.223
0,4156.368
0,4066.379
0,3869.263
0,3670.973
0,3497.498
0,3392.611
0,3348.383
0,3349.216
0,3436.529
0,3643.471
0,3855.891
0,4038.517
0,4040.587
0,3941.797
0,3831.842
0,3774.459
0,3725.816
0,3720.065
0,3717.04
0,3770.32
0,3883.458
0,4056.39
0,4213.021
0,4372.965
0,4510.868
0,4377.444
0,4123.7
0,3870.164
0,3667.043
0,3558.503
0,3509.764
0,3492.61
0,3542.745
0,3723.271
0,3949.728
0,4127.374
0,4189.249
0,4181.599
0,4083.66
0,3966.119
0,3835.322
0,3808.481
0,3836.428
0,3934.264
0,4079.579
0,4232.001
0,4354.457
0,4453.697
0,4568.408
0,4417.959
0,4138.67
0,3870.021
0,3652.291
0,3520.627
0,3445.038
0,3408.444
0,3448.237
0,3597.433
0,3775.737
0,3977.007
0,4072.449
0,4088.702
0,4103.491
0,4144.012
0,4223.942
0,4382.076
0,4602.831
0,4808.503
0,4964.061
0,5144.75
0,5179.154
0,5269.861
0,5348.992
0,5145.527
0,4799.343
0,4421.106
0,4147.764
0,3911.363
0,3761.064
0,3673.812
0,3663.47
0,3787.264
0,3981.586
0,4244.47
0,4509.356
0,4647.257
0,4695.559
0,4715.426
0,4820.211
0,5014.21
0,5095.593
0,5033.944
0,5070.229
0,5149.854
0,5168.538
0,5199.636
0,5185.974
0,4996.308
0,4720.406
0,4426.165
0,4153.596
0,3978.385
0,3822.142
0,3704.507
0,3683.666
0,3761.76
0,3912.738
0,4107.49
0,4096.62
0,4064.932
0,4049.202
0,4216.937
0,4219.939
0,4223.96
0,4077.442
0,4078.994
0,4237.595
0,4249.361
0,4252.234
0,4288.28
0,4387.564
0,4255.892
0,4039.949
0,3818.79
0,3613.478
0,3480.872
0,3407.168
0,3377.494
0,3376.321
0,3437.468
0,3452.084
0,3450.532
0,3384.712
0,3302.93
0,3218.741
0,3164.577
0,3109.536
0,3082.796
0,3081.984
0,3153.907
0,3305.464
0,3569.165
0,3799.138
0,3940.906
0,4083.141
0,4037.592
0,3867.017
0,3703.335
0,3550.707
0,3375.351
0,3295.352
0,3237.888
0,3234.543
0,3253.822
0,3188.374
0,3210.747
0,3269.763
0,3264.054
0,3528.399
0,3426.863
0,3252.905
0,3241.813
0,3428.77
0,3585.371
0,3889.826
0,4227.271
0,4454.415
0,4579.432
0,4695.329
0,4558.367
0,4307.901
0,4042.225
0,3798.981
0,3584.752
0,3466.131
0,3411.877
0,3445.524
0,3573.967
0,3721.477
0,4004.677
0,4268.644
0,4407.127
0,4471.774
0,4531.294
0,4432.924
0,4443.019
0,4596.869
0,4586.462
0,4581.194
0,4571.481
0,4571.713
0,4590.449
0,4582.844
0,4418.961
0,4174.165
0,3920.099
0,3670.479
0,3541.199
0,3442.056
0,3428.648
0,3447.427
0,3601.764
0,3789.377
0,4067.733
0,4257.263
0,4358.106
0,4376.334
0,4238.976
0,4218.226
0,4269.096
0,4452.507
0,4649.259
0,4834.395
0,4945.849
0,4962.024
0,4890.663
0,4894.665
0,4675.552
0,4343.784
0,4027.743
0,3795.241
0,3605.84
0,3504.797
0,3451.505
0,3473.326
0,3630.051
0,3801
0,4121.245
0,4385.756
0,4523.745
0,4554.591
0,4584.672
0,4585.692
0,4544.124
0,4505.624
0,4306.377
0,4398.751
0,4588.728
0,4636.983
0,4602.438
0,4594.633
0,4419.576
0,4159.899
0,3898.326
0,3663.81
0,3532.18
0,3440.584
0,3428.976
0,3472.727
0,3599.918
0,3790.832
0,3931.983
0,3954.5
0,3930.075
0,3859.134
0,3773.621
0,3733.394
0,3761.003
0,3817.825
0,3921.955
0,4111.104
0,4287.931
0,4300.92
0,4400.429
0,4518.236
0,4376.443
0,4126.685
0,3880.331
0,3633.79
0,3499.65
0,3424.902
0,3408.535
0,3414.638
0,3551.131
0,3749.601
0,3862.36
0,3921.426
0,3869.781
0,3793.952
0,3836.051
0,3925.062
0,3914.645
0,3902.396
0,4081.268
0,4173.249
0,4206.383
0,4191.794
0,4257.807
0,4368.534
0,4274.492
0,4098.215
0,3816.411
0,3601.796
0,3468.601
0,3375.848
0,3330.265
0,3330.692
0,3375.776
0,3381.24
0,3481.444
0,3585.882
0,3703.953
0,3691.838
0,3710.299
0,3716.322
0,3684.913
0,3578.52
0,3627.85
0,3759.576
0,3842.641
0,3860.972
0,3976.767
0,4139.826
0,4100.609
0,3950.862
0,3781.074
0,3631.461
0,3471.878
0,3388.067
0,3352.381
0,3333.537
0,3336.981
0,3280.588
0,3234.524
0,3208.731
0,3182.002
0,3217.839
0,3313.747
0,3215.531
0,3343.878
0,3635.608
0,3725.759
0,3686.373
0,3793.232
0,3950.421
0,4059.751
0,4158.885
0,4073.796
0,3888.695
0,3707.504
0,3561.261
0,3422.376
0,3364.431
0,3346.571
0,3406.382
0,3584.552
0,3770.558
0,4063.006
0,4246.801
0,4350.139
0,4160.178
0,4133.719
0,4210.694
0,4271.593
0,4290.156
0,4232.47
0,4159.819
0,4239.417
0,4275.883
0,4332.754
0,4473.372
0,4369.321
0,4142.04
0,3892.898
0,3662.627
0,3533.239
0,3472.141
0,3450.103
0,3511.524
0,3656.919
0,3845.188
0,3977.018
0,3963.989
0,3893.715
0,3807.307
0,3780.679
0,3781.383
0,3952.153
0,4131.441
0,4245.726
0,4288.57
0,4295.161
0,4276.684
0,4378.766
0,4473.237
0,4348.008
0,4094.982
0,3831.089
0,3637.653
0,3501.201
0,3443.233
0,3422.421
0,3490.512
0,3617.734
0,3812.74
0,3959.202
0,3973.183
0,3881.981
0,3799.825
0,3776.627
0,3769.715
0,3823.889
0,3911.229
0,4038.325
0,4168.855
0,4257.083
0,4311.524
0,4374.55
0,4478.165
0,4364.124
0,4109.297
0,3843.61
0,3627.131
0,3501.005
0,3407.968
0,3400.645
0,3448.938
0,3592.515
0,3771.294
0,3918.764
0,3918.946
0,3870.743
0,3831.514
0,3847.741
0,3866.572
0,3905.328
0,3945.699
0,4071.116
0,4239.167
0,4363.076
0,4408.612
0,4430.752
0,4509.796
0,4383.537
0,4120.589
0,3847.057
0,3618.165
0,3481.935
0,3400.607
0,3371.775
0,3410.713
0,3516.109
0,3718.914
0,3862.349
0,3931.998
0,3922.419
0,3910.314
0,3946.272
0,4023.318
0,4140.364
0,4207.087
0,4284.687
0,4399.882
0,4510.685
0,4543.62
0,4539.079
0,4570.21
0,4452.306
0,4195.436
0,3917.179
0,3674.282
0,3515.482
0,3413.672
0,3344.394
0,3340.719
0,3330.442
0,3330.373
0,3339.693
0,3382.645
0,3405.042
0,3423.109
0,3466.133
0,3534.87
0,3739.987
0,3863.037
0,3865.839
0,3947.353
0,4040.481
0,4191.99
0,4235.577
0,4316.417
0,4251.292
0,4064.964
0,3840.205
0,3641.509
0,3477.226
0,3369.62
0,3298.835
0,3264.465
0,3246.152
0,3182.304
0,3176.017
0,3169.976
0,3210.918
0,3340.438
0,3495.718
0,3575.944
0,3642.683
0,3766.993
0,3856.295
0,3953.02
0,4044.077
0,4094.285
0,4157.074
0,4299.886
0,4243.698
0,4032.514
0,3779.324
0,3559.476
0,3432.644
0,3338.875
0,3316.157
0,3359.093
0,3469.378
0,3665.567
0,3895.643
0,3976.101
0,4043.38
0,4069.94
0,4180.78
0,4269.723
0,4422.964
0,4531.098
0,4662.598
0,4816.202
0,4899.181
0,4953.077
0,4895.638
0,4916.22
0,4792.547
0,4419.595
0,4131.113
0,3808.51
0,3621.492
0,3511.003
0,3457.846
0,3460.876
0,3551.886
0,3730.531
0,3945.731
0,4098.096
0,4190.141
0,4240.171
0,4340.631
0,4461.078
0,4643.196
0,4828.374
0,5027.028
0,5234.401
0,5391.574
0,5434.536
0,5398.452
0,5358.9
0,5173.711
0,4822.116
0,4435.511
0,4125.295
0,3900.672
0,3744.954
0,3658.558
0,3653.776
0,3726.304
0,3885.258
0,4165.13
0,4405.857
0,4566.074
0,4734.189
0,4908.319
0,5125.467
0,5395.45
0,5687.003
0,5955.85
0,6238.791
0,6452.938
0,6470.202
0,6311.866
0,6188.712
0,5905.362
0,5425.465
0,4925.227
0,4494.982
0,4193.82
0,3998.711
0,3874.013
0,3836.495
0,3883.831
0,4020.005
0,4282.003
0,4440.719
0,4528.996
0,4621.359
0,4732.701
0,4865.77
0,5020.63
0,5169.233
0,5357.731
0,5517.182
0,5550.429
0,5475.043
0,5252.267
0,5149.848
0,4950.704
0,4604.785
0,4288.313
0,3940.65
0,3750.537
0,3626.423
0,3561.046
0,3568.346
0,3635.641
0,3810.896
0,4037.207
0,4185.832
0,4270.463
0,4348.358
0,4461.684
0,4636.572
0,4880.265
0,5181.65
0,5468.015
0,5737.359
0,5899.431
0,5863.907
0,5668.57
0,5573.766
0,5390.412
0,5069.901
0,4700.734
0,4372.706
0,4138.684
0,3964.635
0,3849.974
0,3777.22
0,3768.909
0,3782.546
0,3874.744
0,4118.262
0,4448.173
0,4812.165
0,5056.139
0,5470.281
0,5725.16
0,6002.918
0,6139.24
0,6226.642
0,6236.557
0,6163.855
0,6112.241
0,6101.972
0,5979.951
0,5676.903
0,5379.237
0,4966.258
0,4663.677
0,4446.626
0,4290.475
0,4196.449
0,4127.461
0,4086.545
0,4210.41
0,4471.002
0,4822.243
0,5164.427
0,5520.916
0,5813.589
0,6126.067
0,6369.808
0,6624.118
0,6881.496
0,7041.748
0,7089.387
0,6977.076
0,6933.058
0,6704.078
0,6244.705
0,5630.044
0,5073.717
0,4645.207
0,4364.189
0,4170.052
0,4111.962
0,4128.885
0,4291.887
0,4537.297
0,4736.758
0,4816.52
0,4755.279
0,4751.75
0,4702.011
0,4742.931
0,4735.107
0,4753.647
0,4771.676
0,4781.253
0,4675.495
0,4647.331
0,4718.072
0,4587.046
0,4301.242
0,4015.452
0,3795.356
0,3644.1
0,3563.736
0,3516.301
0,3552.874
0,3655.851
0,3857.59
0,4136.069
0,4296.537
0,4341.543
0,4334.411
0,4434.42
0,4535.495
0,4669.9
0,4849.911
0,5109.272
0,5389.084
0,5572.641
0,5639.564
0,5553.334
0,5507.905
0,5383.168
0,5060.432
0,4673.829
0,4341.151
0,4125.988
0,3972.33
0,3890.063
0,3899.147
0,3998.727
0,4202.585
0,4572.564
0,4873.835
0,5055.508
0,5196.059
0,5470.003
0,5835.892
0,6322.164
0,6827.385
0,7264.674
0,7589.441
0,7799.212
0,7467.344
0,6786.975
0,6480.851
0,6164.71
0,5691.695
0,5259.425
0,4931.503
0,4622.768
0,4436.715
0,4313.517
0,4282.912
0,4331.602
0,4528.319
0,4834.756
0,5096.071
0,5248.997
0,5327.547
0,5551.439
0,5733.19
0,5893.292
0,6057.839
0,6321.426
0,6514.03
0,6647.722
0,6494.088
0,6155.64
0,5923.428
0,5657.985
0,5208.257
0,4783.679
0,4375.948
0,4102.572
0,3920.094
0,3812.109
0,3781.549
0,3827.942
0,3945.722
0,4152.674
0,4248.298
0,4325.772
0,4361.924
0,4419.853
0,4473.671
0,4625.217
0,4701.317
0,4688.457
0,4639.823
0,4590.9
0,4501.249
0,4473.503
0,4459.814
0,4317.306
0,4103.827
0,3860.19
0,3664.928
0,3523.805
0,3436.302
0,3386.515
0,3375.316
0,3397.165
0,3420.021
0,3570.604
0,3766.615
0,3934.05
0,3982.516
0,3999.285
0,3973.543
0,3951.491
0,3956.23
0,3953.223
0,3974.37
0,4029.464
0,4071.349
0,4099.217
0,4167.357
0,4104.774
0,3946.519
0,3755.156
0,3579.924
0,3464.2
0,3370.56
0,3329.123
0,3316.138
0,3334.393
0,3327.06
0,3422.858
0,3541.81
0,3705.492
0,3815.052
0,3916.836
0,3967.647
0,3994.015
0,3983.532
0,3957.377
0,3945.699
0,3977.468
0,3998.238
0,4062.774
0,4136.287
0,4104.247
0,3927.897
0,3751.274
0,3578.274
0,3444.328
0,3370.763
0,3324.925
0,3330.608
0,3358.686
0,3351.205
0,3348.232
0,3368.444
0,3463.763
0,3589.766
0,3530.265
0,3397.908
0,3394.821
0,3364.36
0,3393.382
0,3557.205
0,3790.375
0,3997.928
0,4134.398
0,4225.61
0,4218.951
0,4019.36
0,3760.806
0,3550.129
0,3410.474
0,3321.555
0,3299.273
0,3344.038
0,3458.316
0,3645.98
0,3888.085
0,4020.137
0,4102.224
0,4183.307
0,4276.322
0,4357.88
0,4559.222
0,4630.477
0,4675.13
0,4882.971
0,4980.916
0,4987.573
0,4986.115
0,5019.827
0,4925.552
0,4627.523
0,4309.21
0,3995.634
0,3785.892
0,3665.731
0,3595.195
0,3607.75
0,3682.778
0,3875.623
0,4131.003
0,4320.406
0,4447.013
0,4542.073
0,4621.338
0,4850.174
0,5104.209
0,5252.731
0,5315.831
0,5284.198
0,5234.868
0,5178.928
0,5115.99
0,5105.19
0,4974.294
0,4652.482
0,4314.922
0,4011.787
0,3817.093
0,3692.842
0,3631.189
0,3649.574
0,3777.782
0,4002.054
0,4328.561
0,4574.332
0,4760.793
0,4792.553
0,4887.502
0,4937.654
0,5046.247
0,5110.898
0,5246.176
0,5357.099
0,5546.863
0,5609.298
0,5539.31
0,5456.364
0,5237.785
0,4976.679
0,4693.491
0,4365.439
0,4201.977
0,4079.797
0,4024.699
0,4047.284
0,4155.659
0,4359.925
0,4717.385
0,5052.456
0,5226.162
0,5352.122
0,5511.969
0,5524.935
0,5542.24
0,5804.417
0,6144.505
0,5844.605
0,5373.835
0,5407.967
0,5440.834
0,5324.881
0,5240.913
0,5001.407
0,4675.726
0,4339.682
0,4121.432
0,3955.275
0,3847.092
0,3802.01
0,3748.571
0,3793.178
0,3973.378
0,4175.029
0,4474.326
0,4770.031
0,5180.661
0,5571.687
0,5913.417
0,6244.615
0,6562.936
0,6879.012
0,7119.997
0,7179.856
0,7055.095
0,6868.662
0,6688.111
0,6279.464
0,5888.403
0,5462.619
0,5092.173
0,4795.242
0,4583.913
0,4437.765
0,4289.872
0,4267.472
0,4459.768
0,4781.013
0,5213.462
0,5738.454
0,6166.055
0,6574.518
0,6881.745
0,7149.618
0,7413.68
0,7650.223
0,7831.65
0,7908.031
0,7793.384
0,7607.959
0,7436.585
0,6992.393
0,6461.688
0,5996.53
0,5568.984
0,5269.772
0,5090.692
0,5026.311
0,5052.808
0,5314.342
0,5789.494
0,6271.333
0,6772.758
0,7269.631
0,7786.528
0,8262.943
0,8601.581
0,8803.789
0,8685.864
0,8652.251
0,8583.416
0,8421.201
0,8298.932
0,8132.678
0,7881.492
0,7346.129
0,6761.911
0,6258.255
0,5876.855
0,5625.852
0,5452.004
0,5398.969
0,5440.025
0,5669.977
0,6147.274
0,6634.157
0,7121.597
0,7594.868
0,8009.541
0,8331.441
0,8653.195
0,8857.827
0,8345.441
0,7693.317
0,7399.306
0,7120.162
0,6885.84
0,6748.652
0,6584.181
0,6202.899
0,5767.015
0,5369.67
0,5081.409
0,4892.045
0,4786.355
0,4761.959
0,4836.933
0,5101.29
0,5533.18
0,5883.41
0,6211.838
0,6697.278
0,7217.171
0,7664.321
0,7998.66
0,8326.276
0,8592.741
0,8600.541
0,8463.355
0,8251.277
0,7989.677
0,7734.227
0,7459.154
0,6942.246
0,6391.055
0,5906.383
0,5502.408
0,5245.059
0,5074.59
0,5021.044
0,5072.381
0,5254.806
0,5610.6
0,5890.956
0,6083.946
0,6236.539
0,6337.444
0,6441.226
0,6559.517
0,6658.853
0,6782.617
0,6885.142
0,6838.758
0,6618.074
0,6267.431
0,5949.042
0,5716.108
0,5324.608
0,4934.631
0,4532.487
0,4286.213
0,4127.619
0,4048.47
0,4048.424
0,4105.239
0,4293.897
0,4564.07
0,4748.083
0,4859.841
0,4975.258
0,5066.355
0,5116.195
0,5160.32
0,5153.834
0,5123.471
0,5042.121
0,4995.213
0,4961.96
0,4938.296
0,4958.633
0,4934.865
0,4733.087
0,4475.095
0,4232.089
0,4056.35
0,3918.017
0,3843.766
0,3815.377
0,3782.21
0,3910.487
0,4090.762
0,4246.126
0,4409.547
0,4522.683
0,4657.56
0,4633.364
0,4619.33
0,4532.619
0,4484.212
0,4413.74
0,4531.042
0,4620.962
0,4629.226
0,4646.871
0,4639.385
0,4426.477
0,4201.295
0,3979.278
0,3794.379
0,3670.325
0,3575.849
0,3540.448
0,3469.155
0,3445.74
0,3519.697
0,3600.703
0,3797.74
0,4132.607
0,4289.402
0,4590.268
0,4709.543
0,4803.158
0,4771.251
0,4776.86
0,4813.986
0,4849.613
0,4859.707
0,4921.54
0,4889.653
0,4673.362
0,4396.351
0,4137.728
0,3948.995
0,3826.199
0,3792.537
0,3843.69
0,3996.673
0,4230.058
0,4546.643
0,4812.679
0,4959.662
0,5027.458
0,4964.439
0,5312.938
0,5471.186
0,5559.387
0,5712.109
0,5975.152
0,6182.041
0,6187.166
0,6060.386
0,5989.742
0,5795.851
0,5375.725
0,4979.862
0,4647.564
0,4400.971
0,4245.75
0,4153.995
0,4146.423
0,4223.923
0,4404.087
0,4676.356
0,4920.042
0,5137.642
0,5334.518
0,5595.432
0,5771.947
0,5981.841
0,6089.165
0,6287.83
0,6396.622
0,6459.169
0,6364.705
0,6167.838
0,5892.187
0,5691.824
0,5281.872
0,4843.824
0,4475.208
0,4203.238
0,4028.208
0,3921.349
0,3893.185
0,3932.205
0,4140.779
0,4409.959
0,4591.262
0,4705.645
0,4765.253
0,4842.968
0,4983.362
0,5120.137
0,5283.271
0,5469.157
0,5693.178
0,5847.111
0,5842.417
0,5710.083
0,5487.846
0,5319.745
0,4946.552
0,4525.89
0,4180.132
0,3922.452
0,3774.325
0,3678.854
0,3675.272
0,3706.952
0,3893.798
0,4140.538
0,4311.722
0,4393.533
0,4466.79
0,4576.586
0,4682.813
0,4843.903
0,5045.491
0,5266.014
0,5581.381
0,5771.115
0,5814.934
0,5708.352
0,5509.166
0,5364.272
0,5008.838
0,4592.192
0,4256.914
0,4001.679
0,3848.141
0,3745.34
0,3730.59
0,3761.584
0,3951.05
0,4216.162
0,4444.951
0,4621.135
0,4797.62
0,5004.866
0,5212.405
0,5506.35
0,5822.416
0,6165.874
0,6428.211
0,6512.537
0,6417.117
0,6227.006
0,6087.208
0,5962.494
0,5670.878
0,5305.272
0,4966.279
0,4689.726
0,4462.07
0,4278.958
0,4204.996
0,4139.668
0,4165.172
0,4312.954
0,4598.306
0,4896.658
0,5298.994
0,5850.956
0,6275.052
0,6618.279
0,6896.743
0,7200.353
0,7066.596
0,6820.625
0,6403.548
0,5982.198
0,5807.014
0,5636.783
0,5362.443
0,5017.031
0,4695.725
0,4423.434
0,4214.374
0,4074.804
0,3991.952
0,3874.39
0,3867.426
0,3986.296
0,4203.191
0,4499.267
0,4915.97
0,5387.666
0,5766.865
0,6119.209
0,6435.105
0,6757.98
0,7013.259
0,7215.213
0,7290.896
0,7241.172
0,7159.401
0,7053.735
0,6712.556
0,6260.626
0,5814.577
0,5493.22
0,5260.694
0,5113.385
0,5079.637
0,5169.297
0,5413.246
0,5815.431
0,6178.849
0,6453.884
0,6733.598
0,7066.242
0,7467.575
0,7901.03
0,8070.856
0,8343.2
0,8582.934
0,8707.764
0,8663.012
0,8391.953
0,8080.135
0,7677.131
0,7049.676
0,6435.916
0,5922.724
0,5552.782
0,5295.122
0,5124.396
0,5057.525
0,5110.933
0,5350.947
0,5730.69
0,6067.397
0,6285.984
0,6274.745
0,6162.131
0,6037.695
0,5875.279
0,5629.004
0,5541.18
0,5520.871
0,5432.711
0,5209.343
0,5058.872
0,4981.288
0,4927.135
0,4644.261
0,4306.61
0,4033.036
0,3811.487
0,3697.487
0,3623.63
0,3638.955
0,3694.875
0,3872.112
0,4071.618
0,4199.941
0,4257.689
0,4292.402
0,4341.889
0,4455.576
0,4650.333
0,4898.056
0,5091.091
0,5260.997
0,5398.697
0,5431.289
0,5396.21
0,5260.905
0,5151.017
0,4833.39
0,4467.838
0,4149.852
0,3919.204
0,3778.585
0,3702.323
0,3700.642
0,3748.217
0,3946.077
0,4186.983
0,4409.942
0,4545.624
0,4666.508
0,4797.593
0,4897.393
0,4990.803
0,5131.429
0,5342.169
0,5585.691
0,5735.272
0,5697.948
0,5544.997
0,5337.355
0,5198.174
0,4879.865
0,4530.537
0,4214.178
0,3979.349
0,3841.241
0,3758.341
0,3766.587
0,3823.576
0,3995.752
0,4223.587
0,4423.333
0,4511.338
0,4651.308
0,4817.815
0,5026.409
0,5306.245
0,5590.85
0,5860.326
0,6179.442
0,6334.858
0,6261.264
0,6072.804
0,5942.969
0,5830.12
0,5495.206
0,5194.003
0,4823.681
0,4565.965
0,4398.906
0,4311.843
0,4285.263
0,4302.397
0,4373.714
0,4513.323
0,4818.058
0,5238.256
0,5667.63
0,5934.799
0,6211.962
0,6195.369
0,6437.703
0,6602.828
0,6675.16
0,6803.034
0,6816.905
0,6725.09
0,6583.608
0,6481.524
0,6165.45
0,5858.18
0,5469.158
0,5164.102
0,4926.315
0,4765.291
0,4667.826
0,4604.82
0,4604.672
0,4734.278
0,4972.433
0,5292.863
0,5637.325
0,6044.446
0,6463.04
0,6877.496
0,7207.308
0,7471.263
0,7715.973
0,7881.775
0,7931.311
0,7839.306
0,7656.691
0,7510.23
0,7082.6
0,6611.802
0,6133.975
0,5757.134
0,5482.423
0,5321.783
0,5264.69
0,5299.089
0,5521.52
0,5951.372
0,6483.085
0,6862.778
0,7362.129
0,7820.762
0,8249.957
0,8679.288
0,8950.304
0,9170.406
0,9309.395
0,9370.03
0,9316.623
0,9174.071
0,8912.568
0,8642.392
0,8091.3
0,7477.474
0,6918.331
0,6497.014
0,6170.871
0,5941.422
0,5842.964
0,5814.375
0,6032.156
0,6469.936
0,6981.303
0,7430.639
0,7907.598
0,8411.016
0,8846.073
0,9265.123
0,9497.007
0,9654.698
0,9772.925
0,9831.811
0,9774.513
0,9589.099
0,9311.81
0,8997.661
0,8429.203
0,7809.105
0,7306.133
0,6893.481
0,6578.724
0,6354.955
0,6231.004
0,6192.645
0,6408.542
0,6912.135
0,7387.44
0,7827.128
0,8223.832
0,8742.65
0,9172.663
0,9497.26
0,9753.267
0,9916.879
0,10039.465
0,10064.092
0,9980.147
0,9789.097
0,9455.609
0,8687.476
0,7882.883
0,7295.611
0,6817.82
0,6365.774
0,6050.17
0,5828.496
0,5712.067
0,5711.146
0,5866.093
0,6225.605
0,6514.033
0,6886.328
0,7254.947
0,7785.465
0,7661.582
0,7222.896
0,7149.981
0,7386.096
0,7691.354
0,7311.707
0,6967.483
0,6768.714
0,6640.479
0,6490.001
0,6172.971
0,5802.697
0,5463.412
0,5158.856
0,4961.665
0,4853.469
0,4841.185
0,4918.051
0,5063.346
0,5324.952
0,5557.873
0,5759.502
0,5912.944
0,5951.46
0,6175.417
0,6375.409
0,6442.29
0,6437.241
0,6494.781
0,6620.576
0,6455.093
0,6249.995
0,6000.467
0,5723.179
0,5422.732
0,4993.612
0,4612.719
0,4321.52
0,4124.137
0,4013.353
0,3951.054
0,3934.741
0,3897.782
0,3929.45
0,4067.651
0,4154.944
0,4198.263
0,4371.547
0,4394.519
0,4405.118
0,4462.048
0,4472.107
0,4421.507
0,4517.259
0,4574.25
0,4583.958
0,4620.788
0,4573.067
0,4412.222
0,4212.992
0,3993.199
0,3840.49
0,3721.863
0,3640.382
0,3608.288
0,3569.934
0,3511.729
0,3534.628
0,3587.649
0,3710.713
0,3911.494
0,4148.604
0,4415.651
0,4718.715
0,4850.869
0,5027.887
0,5258.104
0,5295.924
0,5364.368
0,5282.329
0,5162.046
0,5077.094
0,4932.222
0,4727.495
0,4450.153
0,4250.051
0,4075.829
0,3960.36
0,3926.488
0,3920.213
0,3932.812
0,4069.294
0,4263.053
0,4566.389
0,4896.404
0,5318.841
0,5750.924
0,6074.837
0,6312.16
0,6602.243
0,6807.323
0,7007.14
0,7071.282
0,6973.392
0,6760.925
0,6589.465
0,6222.284
0,5779.675
0,5436.646
0,5057.107
0,4848.694
0,4704.803
0,4694.628
0,4756.714
0,4983.791
0,5416.153
0,5843.036
0,6288.574
0,6804.661
0,7339.381
0,7819.256
0,8279.079
0,8643.652
0,8938.562
0,9117.134
0,9216.45
0,8580.516
0,7800.646
0,7394.715
0,7037.455
0,6560.472
0,6085.656
0,5691.416
0,5345.457
0,5123.38
0,4962.059
0,4909.145
0,4945.618
0,5174.904
0,5618.538
0,6084.645
0,6545.788
0,7052.803
0,7558.556
0,8027.61
0,8443.824
0,8774.583
0,9015.231
0,9209.415
0,9297.151
0,9241.793
0,9044.538
0,8791.962
0,8481.373
0,7964.781
0,7419.083
0,6905.742
0,6432.799
0,6038.389
0,5767.341
0,5653.262
0,5610.583
0,5753.237
0,6101.807
0,6452.139
0,6902.298
0,7383.082
0,7765.642
0,8054.016
0,8241.407
0,8259.008
0,8053.473
0,7847.17
0,7661.911
0,7400.327
0,7178.47
0,7023.319
0,6764.818
0,6383.312
0,5944.33
0,5554.798
0,5257.029
0,5065.997
0,4955.295
0,4985.378
0,5158.882
0,5349.999
0,5611.396
0,5767.156
0,5875.595
0,6065.803
0,6363.06
0,6717.351
0,7052.813
0,7438.546
0,7686.164
0,7956.611
0,8120.667
0,7955.245
0,7591.837
0,7324.466
0,7047.226
0,6522.283
0,6063.721
0,5649.442
0,5271.717
0,4993.613
0,4805.869
0,4691.884
0,4620.381
0,4614.646
0,4747.391
0,4970.519
0,5262.51
0,5461.025
0,5660.102
0,5861.161
0,5957.187
0,6133.373
0,6325.178
0,6618.944
0,6815.733
0,6777.118
0,6588.145
0,6454.887
0,6322.647
0,6023.982
0,5645.695
0,5296.868
0,5020.22
0,4799.342
0,4650.407
0,4552.315
0,4497.593
0,4470.091
0,4575.265
0,4720.645
0,4913.982
0,5163.794
0,5381.382
0,5538.452
0,5698.269
0,5921.737
0,6170.704
0,6472.067
0,6690.503
0,6699.011
0,6573.291
0,6515.149
0,6458.386
0,6211.673
0,5880.066
0,5542.576
0,5307.631
0,5054.061
0,4920.39
0,4938.529
0,5048.257
0,5286.707
0,5679.427
0,6096.781
0,6434.742
0,6822.863
0,7088.597
0,7368.535
0,7845.162
0,8273.12
0,8493.493
0,8254.044
0,8080.234
0,7704.042
0,7367.625
0,7146.637
0,6858.951
0,6422.115
0,5981.541
0,5568.866
0,5216.605
0,5012.178
0,4884.551
0,4862.513
0,4979.93
0,5204.531
0,5487.31
0,5733.283
0,5883.682
0,5983.006
0,6055.867
0,6153.452
0,6327.913
0,6501.868
0,6604.713
0,6680.813
0,6676.015
0,6547.296
0,6401.046
0,6323.076
0,6182.691
0,5859.708
0,5508.32
0,5216.673
0,4936.355
0,4777.415
0,4700.605
0,4718.848
0,4841.208
0,5068.093
0,5420.267
0,5673.201
0,5917.542
0,6156.353
0,6524.291
0,6970.544
0,7505.695
0,7967.677
0,8290.584
0,8295.746
0,8238.148
0,8158.089
0,7897.626
0,7637.054
0,7349.072
0,6861.768
0,6347.921
0,5940.26
0,5526.051
0,5272.915
0,5087.318
0,5017.861
0,5054.5
0,5237.116
0,5666.289
0,6090.291
0,6523.399
0,6956.341
0,7301.232
0,7690.868
0,8117.727
0,8418.774
0,8599.384
0,8797.217
0,8820.683
0,8698.532
0,8497.999
0,8263.094
0,7974.602
0,7456.527
0,6967.8
0,6491.503
0,6074.736
0,5795.47
0,5611.975
0,5555.761
0,5622.502
0,5814.672
0,6265.51
0,6696.94
0,7153.371
0,7601.948
0,8019.364
0,8381.195
0,8721.027
0,8941.425
0,9117.781
0,9242.8
0,9282.045
0,9072.008
0,8719.351
0,8408.304
0,8073.593
0,7623.274
0,7077.618
0,6626.796
0,6263.757
0,5920.323
0,5707.213
0,5553.298
0,5453.853
0,5421.623
0,5709.043
0,6119.664
0,6537.563
0,7127.392
0,7642.964
0,8104.966
0,8390.066
0,8263.986
0,7749.216
0,7625.739
0,7857.388
0,7717.249
0,7460.047
0,7057.33
0,6705.8
0,6295.314
0,5946.116
0,5571.194
0,5263.016
0,5078.268
0,4940.75
0,4882.933
0,4862.737
0,4821.475
0,4900.194
0,5125.915
0,5348.878
0,5640.9
0,5980.366
0,6231.178
0,6413.931
0,6537.092
0,6656.58
0,6741.378
0,6712.13
0,6632.462
0,6446.081
0,6372.143
0,6275.219
0,5972.012
0,5619.672
0,5220.517
0,4944.645
0,4775.718
0,4693.359
0,4709.394
0,4849.091
0,5020.227
0,5283.866
0,5554.967
0,5770.817
0,6011.289
0,6300.724
0,6414.742
0,6652.722
0,6880.984
0,7052.254
0,7241.887
0,7473.408
0,7496.903
0,7328.585
0,7132.424
0,6849.188
0,6399.226
0,5897.513
0,5486.363
0,5161.683
0,4950.479
0,4810.317
0,4788.781
0,4879.99
0,5059.329
0,5418.872
0,5774.437
0,6098.34
0,6471.462
0,6889.208
0,7281.776
0,7644.614
0,7875.426
0,8090.802
0,8221.92
0,8243.168
0,8096.737
0,7876.292
0,7688.303
0,7392.5
0,6894.543
0,6398.053
0,5923.799
0,5551.337
0,5310.875
0,5129.039
0,5040.103
0,5079.242
0,5224.229
0,5548.957
0,5846.813
0,6119.6
0,6461.107
0,6810.735
0,7013.393
0,6898.875
0,7210.35
0,7376.542
0,7168.297
0,7032
0,7010.681
0,6859.761
0,6666.213
0,6438.064
0,6005.904
0,5521.295
0,5067.316
0,4750.974
0,4523.579
0,4386.807
0,4352.185
0,4411.57
0,4558.186
0,4832.46
0,5063.218
0,5258.522
0,5532.131
0,5796.447
0,6058.48
0,6264.515
0,6486.697
0,6674.629
0,6791.118
0,6767.351
0,6652.935
0,6457.009
0,6300.355
0,6116.557
0,5745.495
0,5308.327
0,4882.158
0,4607.246
0,4388.583
0,4255.772
0,4208.53
0,4267.043
0,4403.34
0,4676.989
0,4914.079
0,5137.753
0,5374.017
0,5614.785
0,5866.184
0,6149.139
0,6418.224
0,6639.478
0,6785.909
0,6871.906
0,6716.994
0,6487.695
0,6280.209
0,6056.558
0,5681.013
0,5316.596
0,4903.058
0,4607.078
0,4394.844
0,4261.609
0,4162.606
0,4124.748
0,4095.244
0,4249.07
0,4476.241
0,4741.589
0,5042.327
0,5370.026
0,5717.142
0,5998.1
0,6179.933
0,6405.009
0,6456.894
0,6443.453
0,6292.884
0,6162.846
0,6039.78
0,5928.98
0,5680.387
0,5400.422
0,5080.079
0,4846.993
0,4639.713
0,4476.594
0,4351.85
0,4343.105
0,4305.139
0,4356.964
0,4505.858
0,4677.16
0,4879.032
0,5213.78
0,5534.978
0,5941.484
0,6328.1
0,6651.743
0,6894.451
0,7060.099
0,7195.699
0,7158.462
0,7102.305
0,6959.794
0,6607.688
0,6214.573
0,5803.566
0,5484.212
0,5256.579
0,5115.418
0,5096.229
0,5197.995
0,5370.158
0,5733.718
0,6116.712
0,6483.541
0,6870.86
0,7216.543
0,7554.356
0,7890.864
0,8072.09
0,8222.647
0,8398.987
0,8420.987
0,8272.447
0,7954.258
0,7614.948
0,7248.03
0,6697.356
0,6147.874
0,5673.707
0,5278.042
0,5020.645
0,4862.538
0,4806.09
0,4876.497
0,5029.126
0,5403.423
0,5784.689
0,6213.379
0,6700.676
0,7188.58
0,7688.055
0,8057.681
0,8321.056
0,8547.127
0,8731.546
0,8799.709
0,8682.74
0,8193.177
0,7728.062
0,7322.054
0,6786.809
0,6239.024
0,5746.663
0,5369.666
0,5106.908
0,4933.105
0,4897.636
0,4962.406
0,5105.385
0,5416.347
0,5692.488
0,5905.137
0,6116.679
0,6342.991
0,6599.497
0,6884.486
0,7116.707
0,7304.89
0,7461.216
0,7513.892
0,7396.123
0,7156.885
0,6936.056
0,6685.986
0,6231.638
0,5760.407
0,5322.034
0,5006.211
0,4792.816
0,4663.907
0,4651.75
0,4756.511
0,4943.094
0,5258.173
0,5588.381
0,5797.223
0,6043.331
0,6305.986
0,6432.809
0,6593.685
0,6680.768
0,6725.15
0,6752.311
0,6700.638
0,6542.605
0,6349.74
0,6250.493
0,6073.603
0,5791.046
0,5447.033
0,5072.827
0,4842.734
0,4689.734
0,4611.192
0,4601.745
0,4679.991
0,4802.985
0,5081.072
0,5350.073
0,5573.966
0,5803.117
0,6059.741
0,6288.916
0,6560.18
0,6697.147
0,6817.399
0,6911.163
0,6912.198
0,6748.198
0,6467.979
0,6125.838
0,5830.981
0,5432.194
0,5007.094
0,4611.678
0,4309.23
0,4091.098
0,3939.195
0,3868.88
0,3828.777
0,3805.066
0,3884.997
0,3984.471
0,4093.264
0,4156.013
0,4264.482
0,4388.733
0,4547.525
0,4745.983
0,5007.328
0,5296.281
0,5547.125
0,5607.355
0,5505.399
0,5400.016
0,5255.953
0,4989.763
0,4691.13
0,4431.669
0,4199.596
0,4034.903
0,3919.608
0,3848.244
0,3816.659
0,3751.61
0,3808.029
0,4003.072
0,4168.69
0,4461.23
0,4736.069
0,4945.683
0,5078.032
0,5032.075
0,5004.312
0,5123.635
0,5199.362
0,5266.928
0,5262.083
0,5292.077
0,5206.998
0,4988.15
0,4699.963
0,4460.203
0,4252.412
0,4080.825
0,3970.43
0,3960.188
0,4063.073
0,4230.581
0,4492.1
0,4694.672
0,4854.198
0,4976.465
0,5173.289
0,5313.949
0,5532.067
0,5780.571
0,5992.28
0,6212.967
0,6378.415
0,6389.239
0,6234.12
0,6029.988
0,5782.321
0,5371.351
0,4949.842
0,4581.243
0,4307.747
0,4127.064
0,4019.624
0,4006.118
0,4111.353
0,4280.001
0,4496.281
0,4685.351
0,4862.226
0,5029.5
0,5133.557
0,5196.506
0,5314.765
0,5618.46
0,5776.683
0,5881.59
0,6014.347
0,5932.719
0,5772.199
0,5745.945
0,5587.024
0,5248.27
0,4896.439
0,4573.104
0,4354.409
0,4193.31
0,4114.926
0,4110.946
0,4253.875
0,4397.895
0,4659.234
0,4896.239
0,5097.458
0,5272.52
0,5415.56
0,5513.87
0,5608.752
0,5686.186
0,5729.545
0,5827.549
0,5871.738
0,5784.388
0,5689.115
0,5695.221
0,5544.982
0,5256.404
0,4909.261
0,4599.701
0,4377.717
0,4230.756
0,4148.34
0,4165.272
0,4301.886
0,4487.626
0,4743.623
0,4980.617
0,5110.523
0,5257.771
0,5481.411
0,5737.452
0,6117.903
0,6375.612
0,6594.286
0,6802.348
0,6968.551
0,6959.455
0,6771.134
0,6576.23
0,6324.305
0,5911.961
0,5476.61
0,5074.541
0,4782.898
0,4570.408
0,4425.121
0,4389.239
0,4479.689
0,4618.187
0,4910.619
0,5260.085
0,5607.377
0,6000.159
0,6437.335
0,6843.501
0,7314.743
0,7632.374
0,7866.537
0,8016.689
0,8112.214
0,7996.314
0,7705.455
0,7432.858
0,7048.292
0,6559.78
0,6078.868
0,5625.809
0,5235.808
0,4939.269
0,4746.479
0,4612.543
0,4551.06
0,4528.836
0,4652.058
0,4921.464
0,5232.054
0,5624.684
0,5977.44
0,6268.346
0,6547.691
0,6858.86
0,7129.855
0,7194.135
0,7061.642
0,6873.524
0,6661.839
0,6615.632
0,6413.314
0,6102.235
0,5750.195
0,5401.817
0,5119.21
0,4883.54
0,4647.888
0,4495.469
0,4439.498
0,4375.468
0,4351.436
0,4473.343
0,4652.678
0,4911.334
0,5205.728
0,5373.767
0,5352.658
0,5458.176
0,5671.324
0,5893.833
0,6019.778
0,5977.816
0,5827.032
0,5785.667
0,5612.74
0,5330.534
0,5041.298
0,4781.052
0,4583.622
0,4449.907
0,4392.411
0,4446.087
0,4638.323
0,4843.218
0,5161.55
0,5513.835
0,5826.13
0,6152.085
0,6464.65
0,6728.504
0,7024.175
0,7322.913
0,7503.498
0,7576.244
0,7536.036
0,7281.598
0,7058.456
0,6908.165
0,6625.928
0,6205.268
0,5776.733
0,5361.818
0,5080.188
0,4882.665
0,4784.918
0,4789.758
0,4936.77
0,5164.969
0,5490.944
0,5759.826
0,5982.23
0,6287.449
0,6727.453
0,7058.58
0,7352.101
0,7699.24
0,8012.395
0,8221.287
0,8369.797
0,8157.639
0,7572.43
0,7260.532
0,6870.523
0,6415.891
0,6004.232
0,5610.1
0,5304.979
0,5110.013
0,4987.423
0,4961.208
0,5103.005
0,5319.091
0,5638.016
0,5985.231
0,6302.442
0,6671.627
0,7139.26
0,7668.963
0,8254.636
0,8731.726
0,9086.095
0,9288.126
0,9396.888
0,9301.678
0,9054.302
0,8292.454
0,7643.142
0,7101.601
0,6576.514
0,6057.984
0,5725.136
0,5475.046
0,5317.904
0,5283.454
0,5401.691
0,5548.914
0,5908.182
0,6299.592
0,6735.237
0,7225.293
0,7782.276
0,8306.38
0,8785.766
0,9151.44
0,9419.821
0,9620.054
0,9320.167
0,9185.287
0,8930.199
0,8688.57
0,8283.35
0,7775.091
0,7306.265
0,6864.088
0,6479.589
0,6143.718
0,5903.14
0,5790.948
0,5807.65
0,5873.035
0,6175.887
0,6616.568
0,7038.472
0,7499.281
0,7970.613
0,8405.399
0,8802.052
0,9095.405
0,9322.985
0,9497.662
0,9567.387
0,9439.992
0,9081.298
0,8848.512
0,8486.894
0,8020.504
0,7509.991
0,7066.096
0,6609.61
0,6278.358
0,5998.232
0,5802.753
0,5710.453
0,5630.53
0,5789.385
0,5962.865
0,6296.843
0,6746.452
0,7238.912
0,7677.727
0,7784.655
0,7671.528
0,7881.547
0,8113.46
0,8156.322
0,8036.625
0,7735.372
0,7484.142
0,7085.135
0,6602.822
0,6191.489
0,5693.111
0,5345.312
0,5055.368
0,4843.084
0,4698.407
0,4614.538
0,4487.135
0,4476.453
0,4592.866
0,4719.301
0,4935.037
0,5206.062
0,5373.866
0,5682.988
0,5991.44
0,6307.637
0,6571.973
0,6729.96
0,6672.569
0,6473.872
0,6350.548
0,6146.195
0,5809.525
0,5500.59
0,5116.862
0,4857.291
0,4660.474
0,4556.49
0,4560.306
0,4696.037
0,4884.912
0,5129.074
0,5393.869
0,5599.5
0,5849.1
0,6161.396
0,6409.757
0,6739.742
0,6901.749
0,6942.204
0,6975.326
0,6908.392
0,6817.691
0,6700.492
0,6622.177
0,6404.434
0,6009.063
0,5628.146
0,5250.911
0,5008.338
0,4850.701
0,4777.833
0,4797.328
0,4949.547
0,5185.363
0,5487.5
0,5761.652
0,5989.706
0,6175.577
0,6404.208
0,6620.612
0,6875.128
0,7122.83
0,7254.622
0,7224.198
0,7239.013
0,7111.091
0,6941.892
0,6896.863
0,6624.746
0,6240.274
0,5833.626
0,5506.3
0,5269.184
0,5065.869
0,4967.942
0,4986.681
0,5169.555
0,5411.515
0,5743.772
0,6076.621
0,6328.389
0,6594.408
0,6958.989
0,7283.599
0,7520.247
0,7796.226
0,8028.825
0,8174.291
0,8185.935
0,7893.449
0,7744.365
0,7649.952
0,7414.876
0,7049.443
0,6649.186
0,6306.76
0,6103.038
0,5866.623
0,5716.915
0,5644.116
0,5752.147
0,5915.618
0,6189.362
0,6437.927
0,6615.975
0,6933.315
0,7159.385
0,7306.151
0,7518.151
0,7716.89
0,7888.422
0,8099.408
0,8273.774
0,8072.845
0,7791.286
0,7640.055
0,7270.654
0,6761.176
0,6301.012
0,5889.869
0,5549.061
0,5318.037
0,5173.308
0,5152.046
0,5253.525
0,5408.168
0,5676.039
0,5997.287
0,6252.954
0,6411.142
0,6487.006
0,6554.996
0,6706.973
0,6839.492
0,6916.227
0,7060.958
0,7102.636
0,6989.999
0,6871.994
0,6846.485
0,6590.702
0,6232.689
0,5889.76
0,5515.695
0,5199.554
0,4971.524
0,4812.053
0,4721.352
0,4718.58
0,4725.398
0,4884.537
0,5116.168
0,5430.703
0,5764.966
0,6070.284
0,6228.361
0,6359.213
0,6456.593
0,6459.99
0,6605.856
0,6659.797
0,6601.42
0,6587.286
0,6524.39
0,6280.085
0,5996.117
0,5675.107
0,5366.331
0,5153.552
0,4992.918
0,4895.481
0,4834.86
0,4832.183
0,4818.301
0,4812.32
0,4917.072
0,5097.19
0,5336.999
0,5512.844
0,5614.195
0,5687.323
0,5745.184
0,5799.211
0,5782.943
0,5795.092
0,5796.093
0,5809.178
0,5807.646
0,5670.952
0,5456.612
0,5198.069
0,4955.345
0,4734.929
0,4638.445
0,4601.328
0,4660.28
0,4867.85
0,5123.195
0,5420.876
0,5693.629
0,5910.548
0,6109.142
0,6425
0,6789.686
0,6943.469
0,7193.292
0,7426.463
0,7655.633
0,7754.092
0,7595.701
0,7365.337
0,7195.456
0,6825.67
0,6370.316
0,5923.449
0,5558.867
0,5227.974
0,5025.243
0,4908.766
0,4883.085
0,5014.941
0,5203.203
0,5552.852
0,5985.411
0,6375.959
0,6755.237
0,7131.449
0,7509.044
0,7881.262
0,8171.375
0,8397.746
0,8545.325
0,8621.118
0,8493.657
0,8157.094
0,7889.454
0,7437.683
0,6854.686
0,6315.793
0,5816.694
0,5445.448
0,5172.98
0,4986.896
0,4920.472
0,5000.052
0,5155.432
0,5489.26
0,5884.411
0,6296.054
0,6774.678
0,7268.797
0,7719.735
0,8198.392
0,8567.47
0,8843.103
0,9031.246
0,9084.396
0,8939.577
0,8678.006
0,8456.228
0,7999.416
0,7438.318
0,6865.483
0,6375.313
0,5969.77
0,5680.463
0,5468.86
0,5390.771
0,5472.107
0,5613.555
0,5934.136
0,6399.716
0,6893.186
0,7441.038
0,7935.511
0,8395.538
0,8813.36
0,9112.688
0,9318.813
0,9431.179
0,9358.903
0,9099.159
0,8823.37
0,8596.383
0,8177.308
0,7648.767
0,7109.469
0,6710.204
0,6278.959
0,5983.268
0,5791.615
0,5710.874
0,5806.522
0,5938.692
0,6269.417
0,6715.687
0,7175.586
0,7734.093
0,8229.242
0,8681.533
0,9016.73
0,9164.504
0,9166.73
0,8993.475
0,8471.378
0,8080.508
0,7837.259
0,7663.047
0,7327.704
0,6928.051
0,6556.137
0,6204.826
0,5880.858
0,5630.564
0,5472.012
0,5414.632
0,5431.492
0,5435.355
0,5419.573
0,5487.883
0,5615.241
0,5710.595
0,5742.05
0,5764.134
0,5712.446
0,5619.762
0,5580.24
0,5520.436
0,5448.219
0,5382.457
0,5400.477
0,5365.543
0,5258.091
0,5046.861
0,4864.773
0,4673.965
0,4426.541
0,4294.099
0,4204.422
0,4162.695
0,4168.055
0,4193.112
0,4217.615
0,4348.487
0,4470.649
0,4648.26
0,4730.975
0,4922.016
0,5077.116
0,5151.638
0,5408.701
0,5609.324
0,5715.382
0,5799.875
0,5911.179
0,5956.523
0,5847.338
0,5597.187
0,5349.625
0,5066.27
0,4849.574
0,4729.763
0,4685.164
0,4729.356
0,4940.337
0,5209.995
0,5513.278
0,5827.39
0,6060.848
0,6387.209
0,6835.751
0,7145.161
0,7435.358
0,7796.862
0,8101.588
0,8367.721
0,8446.835
0,8194.785
0,7894.856
0,7679.417
0,7284.589
0,6802.322
0,6354.439
0,5893.838
0,5546.288
0,5304.108
0,5138.743
0,5079.18
0,5193.782
0,5377.977
0,5623.189
0,5886.506
0,6112.155
0,6411.883
0,6779.136
0,7121.16
0,7466.659
0,7542.137
0,7577.364
0,7587.909
0,7396.017
0,7165.8
0,7061.831
0,6931.854
0,6624.906
0,6255.628
0,5847.423
0,5502.679
0,5206.549
0,5014.937
0,4909.474
0,4904.419
0,5037.874
0,5262.867
0,5456.685
0,5624.862
0,5779.824
0,5920.419
0,6015.017
0,6099.796
0,6092.603
0,6153.229
0,6257.411
0,6271.593
0,6234.006
0,6141.932
0,6082.773
0,5825.822
0,5547.52
0,5178.148
0,4786.638
0,4466.968
0,4252.952
0,4105.702
0,4010.457
0,3968.08
0,4063.224
0,4189.496
0,4328.195
0,4439.169
0,4549.005
0,4644.718
0,4752.258
0,4910.314
0,5085.179
0,5265.385
0,5477.547
0,5668.511
0,5774.698
0,5668.703
0,5528.975
0,5449.973
0,5189.705
0,4860.8
0,4529.678
0,4242.684
0,4016.962
0,3877.437
0,3796.85
0,3781.129
0,3896.813
0,4058.729
0,4234.592
0,4366.55
0,4415.963
0,4481.836
0,4652.232
0,4865.241
0,5020.6
0,5099.042
0,5226.185
0,5330.523
0,5407.477
0,5327.687
0,5271.652
0,5189.515
0,4967.948
0,4712.049
0,4421.912
0,4162.606
0,3969.512
0,3827.11
0,3727.672
0,3689.751
0,3711.072
0,3724.403
0,3772.681
0,3859.746
0,3951.388
0,4047.966
0,4189.461
0,4307.603
0,4480.499
0,4709.969
0,4966.161
0,5242.399
0,5454.564
0,5474.721
0,5361.148
0,5262.272
0,5042.429
0,4785.933
0,4539.59
0,4295.749
0,4096.835
0,3933.419
0,3836.563
0,3789.581
0,3793.94
0,3801.677
0,3813.579
0,3921.569
0,4107.297
0,4442.674
0,4607.188
0,4710.459
0,4797.265
0,4896.696
0,4938.566
0,4980.989
0,5016.789
0,5053.522
0,5160.105
0,5178.614
0,5072.893
0,4888.035
0,4684.588
0,4464.101
0,4294.928
0,4174.844
0,4111.178
0,4119.253
0,4186.334
0,4259.32
0,4274.567
0,4368.768
0,4500.144
0,4727.663
0,4983.246
0,5241.542
0,5415.651
0,5656.58
0,5910.471
0,6117.143
0,6217.119
0,6141.364
0,5992.896
0,5880.352
0,5557.684
0,5240.514
0,4831.628
0,4492.462
0,4247.331
0,4069.143
0,3963.268
0,3956.671
0,4070.471
0,4281.798
0,4505.792
0,4704.661
0,4877.315
0,5026.398
0,5200.962
0,5399.131
0,5694.378
0,6028.996
0,6328.456
0,6595.517
0,6750.662
0,6636.758
0,6465.777
0,6305.401
0,5993.683
0,5667.512
0,5221.13
0,4842.868
0,4604.129
0,4430.336
0,4315.009
0,4305.896
0,4428.002
0,4661.489
0,4928.616
0,5189.449
0,5556.334
0,5891.956
0,6047.731
0,6330.484
0,6689.149
0,6988.719
0,7246.631
0,7363.984
0,7340.128
0,7177.167
0,7097.923
0,6940.306
0,6580.204
0,6154.243
0,5763.65
0,5371.126
0,5081.017
0,4801.829
0,4635.826
0,4581.363
0,4726.579
0,5040.417
0,5311.287
0,5498.642
0,5618.677
0,5744.921
0,5749.259
0,5797.524
0,5905.944
0,5879.295
0,5834.951
0,5808.416
0,5798.095
0,5747.069
0,5829.784
0,5773.426
0,5538.981
0,5211.313
0,4873.57
0,4526.345
0,4284.73
0,4105.784
0,4007.453
0,3994.18
0,4121.395
0,4365.244
0,4580.017
0,4692.754
0,4736.944
0,4765.842
0,4821.604
0,4893.952
0,4997.087
0,5117.62
0,5285.835
0,5425.108
0,5507.582
0,5399.722
0,5345.304
0,5176.717
0,4929.977
0,4624.484
0,4340.941
0,4071.058
0,3898.561
0,3747.325
0,3678.602
0,3633.358
0,3665.912
0,3718.32
0,3749.192
0,3837.362
0,3931.676
0,4044.727
0,4171.689
0,4362.07
0,4550.889
0,4656.561
0,4843.661
0,5060.167
0,5220.9
0,5220.578
0,5186.144
0,5099.461
0,4912.07
0,4681.184
0,4463.572
0,4216.712
0,4023.701
0,3884.687
0,3793.39
0,3758.283
0,3768.246
0,3775.36
0,3774.665
0,3949.103
0,4011.304
0,4286.115
0,4578.65
0,4914.469
0,5273.763
0,5662.129
0,6014.274
0,6274.528
0,6449.124
0,6472.13
0,6493.145
0,6421.251
0,6203.882
0,5853.795
0,5489.745
0,5165.007
0,4906.149
0,4747.399
0,4670.991
0,4670.418
0,4848.247
0,5202.905
0,5465.224
0,5741.86
0,6049.362
0,6330.298
0,6628.093
0,6901.36
0,7254.158
0,7458.779
0,7711.952
0,7918.27
0,7926.628
0,7707.38
0,7606.937
0,7369.517
0,6937.605
0,6201.583
0,5745.556
0,5314.351
0,4989.774
0,4796.966
0,4664.958
0,4648.704
0,4787.705
0,5075.15
0,5290.418
0,5497.259
0,5731.604
0,5932.136
0,6209.311
0,6549.602
0,6898.545
0,7166.878
0,7306.132
0,7331.168
0,7324.884
0,7137.69
0,7081.677
0,6881.771
0,6545.986
0,6132.541
0,5699.111
0,5361.447
0,5045.614
0,4865.454
0,4763.931
0,4776.247
0,4937.315
0,5289.065
0,5615.263
0,5859.704
0,6090.872
0,6366.306
0,6705.157
0,7131.456
0,7643.029
0,7981.923
0,8161.874
0,8260.339
0,8183.22
0,7959.06
0,7838.359
0,7589.41
0,7175.932
0,6569.662
0,6053.812
0,5592.214
0,5281.804
0,5054.529
0,4918.78
0,4877.542
0,4998.689
0,5257.414
0,5463.399
0,5655.577
0,5758.714
0,5935.159
0,6191.511
0,6464.694
0,6613.602
0,6624.251
0,6632.502
0,6585.651
0,6493.656
0,6403.229
0,6470.075
0,6382.359
0,6169.02
0,5860.65
0,5531.902
0,5244.097
0,4990.934
0,4844.506
0,4762.268
0,4779.066
0,4929.144
0,5267.804
0,5544.258
0,5728.684
0,5874.555
0,5905.472
0,6009.145
0,6060.501
0,6167.28
0,6202.032
0,6233.472
0,6237.859
0,6125.526
0,6020.647
0,6073.798
0,5951.899
0,5744.274
0,5462.167
0,5142.96
0,4852.819
0,4679.588
0,4429.57
0,4327.505
0,4294.937
0,4331.583
0,4399.604
0,4470.801
0,4709.093
0,4914.331
0,5234.29
0,5599.995
0,5837.045
0,6107.2
0,6402.497
0,6611.632
0,6823.525
0,6891.565
0,6753.09
0,6634.158
0,6406.967
0,6123.411
0,5768.509
0,5423.564
0,5093.591
0,4781.568
0,4532.727
0,4335.085
0,4181.101
0,4114.396
0,4047.28
0,4002.11
0,4060.221
0,4159.13
0,4231.455
0,4386.23
0,4544.859
0,4732.182
0,4948.718
0,5176.427
0,5406.606
0,5579.935
0,5518.071
0,5448.052
0,5308.073
0,5038.271
0,4741.625
0,4403.903
0,4092.741
0,3909.882
0,3792.383
0,3727.433
0,3753.084
0,3921.38
0,4195.79
0,4417.283
0,4576.912
0,4703.308
0,4855.072
0,5021.203
0,5180.466
0,5372.322
0,5490.551
0,5642.082
0,5790.358
0,5858.502
0,5724.599
0,5667.788
0,5449.29
0,5153.112
0,4804.612
0,4463.362
0,4174.621
0,3988.287
0,3860.075
0,3803.424
0,3816.321
0,3966.775
0,4254.003
0,4483.86
0,4662.844
0,4779.203
0,4941.131
0,5102.968
0,5230.549
0,5370.848
0,5575.154
0,5772.545
0,6005.085
0,6016.184
0,5945.744
0,6029.469
0,5932.526
0,5729.053
0,5373.719
0,5051.212
0,4810.624
0,4579.471
0,4481.388
0,4419.172
0,4462.571
0,4673.092
0,5035.766
0,5325.696
0,5582.992
0,5765.881
0,5947.118
0,6192.29
0,6353.763
0,6500.103
0,6698.132
0,6881.12
0,7027.038
0,6970.486
0,6854.617
0,6876.866
0,6672.672
0,6372.367
0,5955.179
0,5621.133
0,5197.117
0,4964.252
0,4818.092
0,4751.144
0,4797.364
0,4998.023
0,5363.391
0,5662.671
0,5902.482
0,6139.71
0,6384.815
0,6566.238
0,6733.024
0,6786.488
0,6814.831
0,6599.546
0,6635.54
0,6499.246
0,6324.542
0,6190.919
0,5952.798
0,5629.676
0,5270.709
0,4876.935
0,4485.922
0,4251.574
0,4061.233
0,3949.425
0,3923.203
0,4071.962
0,4334.819
0,4526.087
0,4583.968
0,4566.59
0,4582.687
0,4619.734
0,4699.791
0,4850.51
0,5031.882
0,5218.06
0,5408.205
0,5484.528
0,5339.017
0,5279.417
0,5073.479
0,4811.096
0,4541.373
0,4240.219
0,3970.147
0,3797.565
0,3663.685
0,3575.511
0,3551.968
0,3593.578
0,3669.348
0,3727.567
0,3769.007
0,3809.759
0,3876.286
0,3939.728
0,4032.321
0,4156.736
0,4338.026
0,4612.981
0,4874.581
0,4862.98
0,4876.297
0,4943.391
0,4834.212
0,4654.792
0,4414.297
0,4211.433
0,3961.965
0,3784.973
0,3655.505
0,3563.694
0,3529.489
0,3536.671
0,3568.682
0,3547.189
0,3575.738
0,3569.42
0,3579.324
0,3622.949
0,3730.024
0,3885.687
0,3970.543
0,4133.145
0,4360.459
0,4571.616
0,4632.613
0,4735.845
0,4654.545
0,4476.994
0,4216.424
0,3961.499
0,3732.966
0,3589.324
0,3516.733
0,3487.463
0,3530.135
0,3716.045
0,4036.671
0,4266.54
0,4349.327
0,4380.56
0,4434.13
0,4514.695
0,4643.391
0,4849.346
0,5068.945
0,5332.033
0,5568.153
0,5647.659
0,5586.871
0,5642.069
0,5467.276
0,5176.16
0,4822.769
0,4482.699
0,4190.417
0,3992.908
0,3871.942
0,3808.999
0,3836.245
0,3997.853
0,4306.105
0,4557.659
0,4665.552
0,4905.03
0,5148.028
0,5226.129
0,5120.75
0,4954.481
0,5187
0,5220.389
0,5378.559
0,5401.742
0,5408.314
0,5442.734
0,5259.277
0,4971.352
0,4603.015
0,4246.798
0,3955.77
0,3750.232
0,3624.428
0,3563.039
0,3580.962
0,3726.024
0,4026.418
0,4223.13
0,4230.568
0,4173.375
0,4131.358
0,4135.823
0,4183.887
0,4309.76
0,4487.009
0,4593.753
0,4679.508
0,4788.118
0,4839.431
0,4950.931
0,4813.315
0,4588.01
0,4305.332
0,4027.86
0,3797.407
0,3649.625
0,3568.944
0,3526.137
0,3556.078
0,3716.365
0,4037.128
0,4258.849
0,4308.049
0,4266.345
0,4210.701
0,4202.848
0,4292.143
0,4431.522
0,4534.41
0,4621.76
0,4689.935
0,4723.168
0,4779.281
0,4867.294
0,4730.856
0,4498.473
0,4220.48
0,3935.052
0,3695.66
0,3553.832
0,3470.592
0,3437.243
0,3468.927
0,3632.951
0,3949.676
0,4157.898
0,4186.018
0,4131.522
0,4090.154
0,4093.388
0,4130.648
0,4239.47
0,4296.687
0,4357.021
0,4488.408
0,4619.52
0,4654.176
0,4714.721
0,4571.436
0,4388.255
0,4143.076
0,3891.959
0,3680.776
0,3538.285
0,3445.57
0,3399.747
0,3389.365
0,3440.186
0,3539.984
0,3599.643
0,3641.688
0,3615.834
0,3616.018
0,3654.706
0,3728.984
0,3740.115
0,3855.069
0,4052.207
0,4266.08
0,4482.013
0,4562.517
0,4648.66
0,4549.343
0,4407.099
0,4206.512
0,3984.492
0,3771.613
0,3603.561
0,3495.427
0,3425.798
0,3388.11
0,3409.724
0,3455.493
0,3465.023
0,3573.143
0,3601.121
0,3685.568
0,3699.537
0,3893.082
0,4182.856
0,4401.77
0,4650.415
0,4918.352
0,5123.659
0,5261.607
0,5375.344
0,5308.806
0,5123.836
0,4853.721
0,4559.677
0,4303.514
0,4120.532
0,4014.017
0,3946.443
0,3997.547
0,4191.021
0,4543.271
0,4868.878
0,5097.213
0,5242.504
0,5341.807
0,5406.614
0,5464.42
0,5549.111
0,5603.907
0,5678.088
0,5712.642
0,5689.917
0,5681.697
0,5657.476
0,5478.773
0,5215.738
0,4836.74
0,4491.093
0,4193.342
0,3991.99
0,3852.416
0,3798.606
0,3797.118
0,3956.503
0,4269.928
0,4615.201
0,4705.81
0,4834.906
0,4863.325
0,4865.681
0,4845.203
0,4914.555
0,4908.072
0,4913.599
0,4975.165
0,4993.357
0,5085.253
0,5096.642
0,4970.444
0,4761.841
0,4465.478
0,4190.856
0,3988.831
0,3797.908
0,3715.813
0,3672.45
0,3703.687
0,3877.98
0,4206.388
0,4507.944
0,4655.893
0,4779.16
0,4733.639
0,4803.165
0,4855.629
0,4969.034
0,5002.774
0,5015.743
0,5056.713
0,5102.077
0,5204.214
0,5246.417
0,5101.092
0,4897.981
0,4604.24
0,4366.861
0,4225.677
0,4002.304
0,3777.416
0,3719.545
0,3741.372
0,3907.962
0,4232.987
0,4478.012
0,4650.534
0,4732.391
0,4758.453
0,4863.264
0,4904.446
0,5031.319
0,5213.02
0,5378.013
0,5508.972
0,5573.733
0,5535.924
0,5508.311
0,5308.23
0,5043.849
0,4715.581
0,4400.678
0,4128.572
0,3900.021
0,3775.249
0,3700.838
0,3714.555
0,3841.548
0,4151.958
0,4399.145
0,4570.209
0,4637.658
0,4691.892
0,4725.796
0,4917.785
0,5204.895
0,5314.069
0,5444.07
0,5497.038
0,5472.528
0,5472.423
0,5434.056
0,5245.149
0,5024.157
0,4743.526
0,4451.249
0,4246.68
0,3986.852
0,3806.939
0,3723.699
0,3668.505
0,3707.138
0,3763.931
0,3807.1
0,3911.238
0,4059.579
0,4153.461
0,4198.201
0,4249.896
0,4269.767
0,4255.524
0,4246.117
0,4297.718
0,4392.251
0,4554.949
0,4604.195
0,4515.475
0,4389.775
0,4195.524
0,4031.303
0,3856.209
0,3692.689
0,3580.521
0,3522.746
0,3489.128
0,3507.844
0,3591.05
0,3652.76
0,3755.94
0,3907.909
0,3970.451
0,4066.224
0,4165.153
0,4226.694
0,4283.265
0,4296.06
0,4308.938
0,4390.134
0,4560.493
0,4643.624
0,4556.045
0,4405.737
0,4199.34
0,3974.487
0,3842.418
0,3633.869
0,3541.247
0,3505.424
0,3556.498
0,3712.087
0,4020.885
0,4296.232
0,4456.567
0,4586.076
0,4607.957
0,4642.091
0,4576.138
0,4647.927
0,4799.695
0,4927.757
0,5014.666
0,5082.118
0,5155.752
0,5194.638
0,5005.108
0,4786.553
0,4479.366
0,4194.744
0,3936.377
0,3752.162
0,3666.087
0,3620.264
0,3662.355
0,3849.765
0,4201.932
0,4463.782
0,4596.082
0,4651.349
0,4725.761
0,4750.016
0,4733.267
0,4757.011
0,4827.822
0,4873.239
0,4979.666
0,5097.07
0,5169.488
0,5190.003
0,5013.059
0,4785.169
0,4471.805
0,4189.92
0,3945.225
0,3798.015
0,3704.201
0,3656.469
0,3698.797
0,3887.563
0,4243.19
0,4548.128
0,4696.839
0,4798.878
0,4867.869
0,4911.533
0,4929.754
0,5007.467
0,5056.104
0,5066.922
0,5108.004
0,5179.663
0,5298.714
0,5305.51
0,5133.644
0,4900.005
0,4589.394
0,4268.831
0,4020.092
0,3834.391
0,3736.146
0,3689.064
0,3709.059
0,3880.865
0,4236.782
0,4480.136
0,4549.499
0,4638.092
0,4647.631
0,4698.497
0,4797.873
0,4998.323
0,5224.949
0,5445.568
0,5603.358
0,5580.12
0,5580.154
0,5536.446
0,5298.944
0,5041.037
0,4723.511
0,4380.43
0,4118.065
0,3916.032
0,3784.123
0,3724.414
0,3731.88
0,3887.158
0,4220.52
0,4462.029
0,4550.871
0,4631.955
0,4716.95
0,4858.484
0,5028.903
0,5284.46
0,5568.134
0,5849.686
0,6026.814
0,5991.214
0,5876.825
0,5744.574
0,5521.086
0,5281.945
0,4984.449
0,4688.2
0,4386.646
0,4175.236
0,4001.556
0,3912.963
0,3867.451
0,3893.22
0,3995.852
0,4041.007
0,4146.083
0,4326.441
0,4444.724
0,4556.603
0,4715.678
0,4848.044
0,5016.246
0,5226.208
0,5281.648
0,5067.503
0,5018.732
0,4939.25
0,4756.79
0,4513.07
0,4269.115
0,4042.191
0,3790.743
0,3605.165
0,3468.327
0,3385.122
0,3344.844
0,3353.895
0,3431.754
0,3430.731
0,3443.936
0,3401.229
0,3371.932
0,3442.054
0,3544.897
0,3620.884
0,3599.903
0,3693.014
0,3851.125
0,4036.707
0,4263.848
0,4333.537
0,4258.617
0,4109.266
0,3905.383
0,3680.462
0,3536.719
0,3384.801
0,3335.518
0,3297.888
0,3377.881
0,3559.067
0,3942.096
0,4238.347
0,4324.347
0,4211.575
0,4123.728
0,4153.715
0,4249.567
0,4328.502
0,4258.123
0,4387.217
0,4495.307
0,4575.685
0,4762.736
0,4806.251
0,4659.097
0,4448.901
0,4188.854
0,3938.074
0,3710.426
0,3576.07
0,3513.106
0,3495.002
0,3545.795
0,3760.477
0,4143.087
0,4420.854
0,4385.764
0,4263.405
0,4133.851
0,4070.021
0,4032.324
0,4073.254
0,4148.327
0,4294.781
0,4496.94
0,4660.439
0,4826.48
0,4832.952
0,4690.34
0,4469.819
0,4176.618
0,3909.824
0,3703.957
0,3589.569
0,3503.111
0,3480.302
0,3528.508
0,3711.008
0,4078.203
0,4329.396
0,4380.698
0,4316.714
0,4224.069
0,4223.984
0,4247.4
0,4348.485
0,4510.81
0,4678.524
0,4889.067
0,4992.305
0,5083.554
0,5073.834
0,4884.914
0,4634.608
0,4360.028
0,4061.443
0,3812.451
0,3661.074
0,3554.273
0,3500.525
0,3521.445
0,3684.631
0,4035.399
0,4291.482
0,4369.429
0,4335.058
0,4318.657
0,4368.037
0,4400.918
0,4524.176
0,4677.013
0,4842.575
0,5027.266
0,5089.704
0,5130.837
0,5088.377
0,4900.618
0,4667.861
0,4385.496
0,4104.859
0,3873.563
0,3730.677
0,3637.768
0,3581.93
0,3620.542
0,3772.818
0,4099.821
0,4362.48
0,4416.382
0,4380.608
0,4332.635
0,4323.752
0,4382.655
0,4540.836
0,4569.914
0,4629.696
0,4711.999
0,4760.102
0,4827.561
0,4771.973
0,4615.206
0,4410.519
0,4175.509
0,3932.128
0,3711.351
0,3549.009
0,3453.341
0,3407.955
0,3385.083
0,3453.069
0,3583.659
0,3716.327
0,3851.632
0,3978.404
0,3966.726
0,3823.288
0,3760.331
0,3853.472
0,3654.236
0,3858.952
0,3988.336
0,4114.566
0,4300.85
0,4312.814
0,4233.638
0,4107.638
0,3935.494
0,3761.377
0,3588.531
0,3453.775
0,3366.936
0,3329.498
0,3318.895
0,3377.359
0,3461.028
0,3523.838
0,3563.096
0,3509.994
0,3576.464
0,3637.457
0,3821.216
0,3742.214
0,3677.454
0,3747.133
0,3904.007
0,4084.164
0,4348.788
0,4374.056
0,4298.541
0,4163.632
0,3943.133
0,3733.907
0,3562.475
0,3456.371
0,3405.566
0,3398.214
0,3469.119
0,3682.251
0,4062.509
0,4364.996
0,4482.901
0,4545.166
0,4523.251
0,4625.264
0,4490.235
0,4583.066
0,4710.964
0,4835.558
0,4922.41
0,5054.944
0,5218.792
0,5159.499
0,4985.501
0,4752.889
0,4435.125
0,4147.931
0,3954.201
0,3758.177
0,3659.399
0,3585.55
0,3608.534
0,3739.021
0,4057.756
0,4451.669
0,4591.765
0,4702.794
0,4701.039
0,4628.041
0,4654.135
0,4701.263
0,4635.645
0,4669.927
0,4687.209
0,4770.578
0,4931.353
0,4841.733
0,4646.504
0,4478.82
0,4216.807
0,3993.827
0,3773.502
0,3634.402
0,3563.7
0,3527.557
0,3569.744
0,3748.522
0,4118.739
0,4416.445
0,4518.21
0,4593.29
0,4546.036
0,4527.961
0,4577.717
0,4559.03
0,4582.052
0,4601.48
0,4648.411
0,4712.034
0,4868.649
0,4825.369
0,4686.988
0,4505.565
0,4242.678
0,3978.12
0,3745.842
0,3610.07
0,3538.057
0,3515.013
0,3566.601
0,3754.166
0,4121.64
0,4426.545
0,4434.57
0,4313.114
0,4190.939
0,4121.591
0,4062.547
0,4099.879
0,4186.799
0,4356.384
0,4563.141
0,4673.514
0,4832.742
0,4793.909
0,4686.205
0,4491.016
0,4226.412
0,3974.996
0,3771.235
0,3626.792
0,3553.729
0,3530.553
0,3562.723
0,3732.224
0,4109.469
0,4412.122
0,4521.412
0,4493.537
0,4481.664
0,4481.3
0,4465.619
0,4511.782
0,4563.452
0,4612.385
0,4674.283
0,4755.615
0,4843.459
0,4757.356
0,4631.961
0,4467.381
0,4255.808
0,4020.815
0,3808.509
0,3674.512
0,3583.54
0,3534.626
0,3518.806
0,3569.808
0,3699.682
0,3832.417
0,3938.947
0,4028.86
0,3967.37
0,3746.137
0,3752.796
0,3898.428
0,3981.736
0,4080.899
0,4137.66
0,4247.527
0,4415.573
0,4379.359
0,4296.031
0,4191.637
0,4020.474
0,3839.709
0,3702.74
0,3531.42
0,3438.823
0,3389.15
0,3361.597
0,3383.267
0,3460.924
0,3526.711
0,3563.169
0,3608.608
0,3539.618
0,3551.482
0,3590.566
0,3626.065
0,3697.24
0,3747.02
0,3932.989
0,4072.507
0,4271.88
0,4289.703
0,4225.457
0,4120.968
0,3934.125
0,3738.042
0,3702.74
0,3531.42
0,3438.823
0,3389.15
0,3361.597
0,3383.267
0,3460.924
0,3526.711
0,3563.169
0,3608.608
0,3539.618
0,3551.482
0,3590.566
0,3626.065
0,3697.24
0,3747.02
0,3932.989
0,4072.507
0,4271.88
0,4289.703
0,4225.457
0,4120.968
0,3934.125
0,3738.042
0,3593.155
0,3449.491
0,3391.054
0,3364.018
0,3431.288
0,3609.587
0,3983.407
0,4331.07
0,4339.182
0,4329.306
0,4247.637
0,4109.541
0,4042.97
0,4041.23
0,4088.081
0,4199.838
0,4412.987
0,4630.273
0,4792.919
0,4752.259
0,4648.238
0,4475.848
0,4230.279
0,3989.749
0,3757.337
0,3633.304
0,3557.016
0,3544.666
0,3595.406
0,3785.219
0,4117.74
0,4439.04
0,4551.749
0,4641.238
0,4628.892
0,4609.737
0,4610.845
0,4531.015
0,4527.259
0,4604.853
0,4697.038
0,4845.96
0,4989.568
0,4923.829
0,4796.107
0,4599.609
0,4347.579
0,4096.207
0,3891.678
0,3773.646
0,3708.854
0,3686.522
0,3751.725
0,3959.153
0,4347.372
0,4674.715
0,4698.147
0,4537.464
0,4363.923
0,4219.22
0,4158.37
0,4177.283
0,4298.732
0,4371.967
0,4558.09
0,4757.783
0,4982.191
0,4963.385
0,4849.472
0,4664.698
0,4426.5
0,4176.888
0,3972.269
0,3854.679
0,3835.822
0,3929.576
0,4000.745
0,4070.234
0,4398.995
0,4706.766
0,4836.765
0,4755.256
0,4566.371
0,4363.76
0,4255.63
0,4272.058
0,4410.438
0,4522.643
0,4636.87
0,4792.664
0,5011.986
0,4973.203
0,4866.693
0,4697.597
0,4458.21
0,4227.973
0,4170.132
0,4068.682
0,4012.21
0,3991.529
0,4063.546
0,4252.982
0,4588.742
0,4863.973
0,4895.1
0,4755.261
0,4552.675
0,4395.552
0,4294.792
0,4278.227
0,4328.566
0,4413.578
0,4602.154
0,4808.186
0,4990.773
0,4962.264
0,4877.436
0,4742.49
0,4503.395
0,4205.873
0,4029.109
0,3896.507
0,3833.852
0,3797.623
0,3810.951
0,3900.602
0,4082.066
0,4199.817
0,4264.467
0,4155.412
0,3970.422
0,3812.292
0,3686.392
0,3648.616
0,3638.184
0,3765.937
0,4012.412
0,4250.809
0,4488.519
0,4511.33
0,4461.905
0,4378.092
0,4242.864
0,4104.013
0,3735.522
0,3630.265
0,3536.982
0,3490.912
0,3472.146
0,3453.554
0,3551.113
0,3615.116
0,3590.967
0,3561.341
0,3450.466
0,3323.879
0,3318.649
0,3410.805
0,3469.094
0,3551.372
0,3797.129
0,4030.214
0,4322.238
0,4276.512
0,4199.397
0,4149.159
0,4064.085
0,3930.663
0,3740.086
0,3764.187
0,3679.939
0,3647.023
0,3666.442
0,3767.358
0,3992.96
0,4355.869
0,4544.683
0,4455.734
0,4345.853
0,4238.846
0,4209.477
0,4225.608
0,4302.222
0,4422.205
0,4625.567
0,4806.214
0,5020.116
0,4957.493
0,4837.206
0,4692.845
0,4478.431
0,4219.102
0,3973.67
0,3771.109
0,3676.585
0,3637.718
0,3638.175
0,3718.263
0,3931.939
0,4278.724
0,4459.866
0,4374.379
0,4288.896
0,4235.939
0,4223.763
0,4263.315
0,4336.842
0,4468.71
0,4642.888
0,4795.928
0,5023.041
0,4948.276
0,4814.256
0,4659.421
0,4454.113
0,4201.864
0,3937.842
0,3715.636
0,3604.344
0,3541.646
0,3528.714
0,3593.942
0,3777.046
0,4141.387
0,4363.49
0,4306.041
0,4248.369
0,4181.888
0,4155.901
0,4168.738
0,4262.785
0,4404.811
0,4580.814
0,4750.034
0,4971.08
0,4887.979
0,4785.751
0,4652.703
0,4444.116
0,4202.602
0,3963.72
0,3784.777
0,3688.474
0,3635.258
0,3637.942
0,3721.426
0,3912.708
0,4232.897
0,4421.697
0,4373.872
0,4278.426
0,4230.763
0,4229.744
0,4322
0,4425.792
0,4518.443
0,4634.718
0,4826.048
0,5029.496
0,4947.754
0,4831.458
0,4694.101
0,4473.404
0,4253.488
0,3996.587
0,3800.915
0,3675.813
0,3604.94
0,3593.175
0,3665.107
0,3829.742
0,4166.18
0,4434.825
0,4643.64
0,4771.128
0,4805.478
0,4835.976
0,4699.941
0,4467.813
0,4457.688
0,4591.584
0,4741.627
0,4902.604
0,4803.767
0,4686.434
0,4539.819
0,4384.006
0,4175.105
0,3961.203
0,3774.138
0,3653.655
0,3581.582
0,3553.503
0,3568.321
0,3661.949
0,3794.313
0,3839.543
0,3802.89
0,3806.518
0,3860.552
0,3889.356
0,4015.397
0,4162.825
0,4202.508
0,4151.041
0,4312.193
0,4613.804
0,4631.566
0,4592.253
0,4498.046
0,4396.221
0,4229.705
0,4056.088
0,3902.603
0,3785.861
0,3717.217
0,3695.149
0,3691.635
0,3772.372
0,3818.149
0,3816.333
0,3807.823
0,3845.839
0,3862.344
0,3946.91
0,3950.948
0,4058.816
0,4030.306
0,4177.585
0,4473.225
0,4725.801
0,4715.667
0,4665.212
0,4575.755
0,4426.9
0,4215.824
0,4002.826
0,3826.996
0,3740.47
0,3705.833
0,3730.871
0,3818.136
0,4044.122
0,4424.521
0,4707.436
0,4769.873
0,4787.715
0,4903.171
0,4858.642
0,4814.716
0,4839.259
0,4807.941
0,4905.88
0,5110.194
0,5347.099
0,5302.659
0,5217.005
0,5081.904
0,4868.596
0,4595.212
0,4324.712
0,4129.38
0,4005.875
0,3967.401
0,3969.308
0,4045.955
0,4267.756
0,4632.456
0,4831.91
0,4717.139
0,4564.067
0,4424.776
0,4360.186
0,4344.712
0,4426.008
0,4575.663
0,4786.606
0,5038.917
0,5289.877
0,5260.711
0,5196.07
0,5075.688
0,4878.183
0,4605.917
0,4348.372
0,4160.294
0,4053.66
0,4008.843
0,4002.826
0,4082.084
0,4302.971
0,4677.848
0,4846.695
0,4743.953
0,4714.286
0,4615.458
0,4509.065
0,4411.259
0,4497.317
0,4702.102
0,4817.602
0,4997.99
0,5203.634
0,5116.393
0,5022.879
0,4891.327
0,4684.791
0,4402.925
0,4137.304
0,3920.203
0,3813.902
0,3734.889
0,3720.32
0,3798.134
0,3996.621
0,4373.447
0,4572.75
0,4503.848
0,4387.44
0,4312.782
0,4305.63
0,4311.046
0,4401.397
0,4567.007
0,4718.316
0,4888.942
0,5093.513
0,5018.88
0,4901.331
0,4741.401
0,4524.559
0,4240.25
0,3991.893
0,3802.78
0,3686.848
0,3644.74
0,3648.755
0,3733.108
0,3961.273
0,4327.018
0,4570.286
0,4543.56
0,4447.614
0,4367.448
0,4335.182
0,4301.312
0,4393.862
0,4580.27
0,4770.314
0,4995.641
0,5188.663
0,5117.532
0,5025.436
0,4907.827
0,4753.032
0,4538.464
0,4319.059
0,4125.923
0,4011.253
0,3946.25
0,3926.334
0,3959.308
0,4059.707
0,4199.027
0,4257.447
0,4197.577
0,4076.694
0,4025.289
0,3965.745
0,3951.333
0,3969.266
0,4088.439
0,4263.55
0,4545.618
0,4794.758
0,4777.742
0,4710.298
0,4627.937
0,4502.131
0,4333.761
0,4155.681
0,3988.51
0,3855.611
0,3772.655
0,3729.193
0,3740.117
0,3789.889
0,3881.501
0,3921.988
0,3912.99
0,3906.917
0,3774.847
0,3764.303
0,3824.396
0,3927.21
0,4127.561
0,4281.69
0,4515.234
0,4694.341
0,4674.979
0,4615.325
0,4533.722
0,4362.798
0,4152.597
0,3930.171
0,3746.498
0,3644.901
0,3580.158
0,3575.788
0,3653.015
0,3857.58
0,4251.411
0,4525.299
0,4637.716
0,4723.255
0,4742.516
0,4779.503
0,4809.747
0,4818.918
0,4811.51
0,4853.341
0,5080.82
0,5344.307
0,5309.217
0,5253.439
0,5142.975
0,4947.942
0,4672.789
0,4418.242
0,4217.368
0,4106.674
0,4067.042
0,4070.213
0,4137.447
0,4381.604
0,4767.926
0,4989.737
0,4906.162
0,4747.543
0,4619.921
0,4592.256
0,4616.105
0,4756.886
0,4890.225
0,5073.559
0,5318.938
0,5599.277
0,5542.602
0,5454.909
0,5343.53
0,5165.377
0,4894.526
0,4619.903
0,4419.115
0,4284.271
0,4231.169
0,4214.687
0,4308.504
0,4506.404
0,4864.677
0,5079.531
0,5020.942
0,4865.78
0,4712.959
0,4626.38
0,4550.116
0,4588.023
0,4725.36
0,4897.201
0,5135.397
0,5370.967
0,5313.31
0,5228.252
0,5097.109
0,4922.871
0,4677.931
0,4432.811
0,4216.169
0,4084.245
0,4015.99
0,3982.78
0,4003.646
0,4078.62
0,4192.962
0,4199.709
0,4171.584
0,4099.644
0,4071.465
0,4106.325
0,4021.404
0,3993.758
0,4066.136
0,4138.573
0,4325.712
0,4421.706
0,4336.592
0,4268.992
0,4233.959
0,4164.915
0,4047.208
0,3897.907
0,3748.322
0,3652.452
0,3593.577
0,3589.711
0,3625.926
0,3744.871
0,3961.273
0,4118.336
0,4213.075
0,4230.257
0,4199.748
0,4216.461
0,4298.957
0,4397.324
0,4490.077
0,4653.858
0,4877.317
0,5061.022
0,5036.321
0,4968.165
0,4880.875
0,4753.832
0,4560.699
0,4339.286
0,4152.88
0,4021.923
0,3949.558
0,3922.811
0,3943.395
0,4034.505
0,4160.942
0,4246.859
0,4286.258
0,4375.449
0,4375.85
0,4291.482
0,4217.931
0,4170.054
0,4327.648
0,4507.999
0,4790.17
0,5052.314
0,5050.131
0,5006.278
0,4935.657
0,4807.449
0,4620.742
0,4414.269
0,4209.526
0,4082.235
0,3999.762
0,3954.321
0,3939.749
0,3987.336
0,4085.133
0,4121.915
0,4250.502
0,4422.7
0,4437.927
0,4447.771
0,4490.332
0,4414.513
0,4432.934
0,4520.067
0,4789.032
0,5062.32
0,5077.975
0,5044.107
0,4951.836
0,4778.607
0,4535.963
0,4284.07
0,4075.719
0,3964.087
0,3899.497
0,3908.395
0,3988.653
0,4236.327
0,4656.31
0,4917.07
0,4891.858
0,4755.607
0,4721.218
0,4825.448
0,4948.919
0,5008.19
0,5018.217
0,5161.942
0,5401.144
0,5658.945
0,5630.725
0,5550.098
0,5424.447
0,5229.96
0,4964.06
0,4678.463
0,4454.395
0,4334.914
0,4298.696
0,4281.453
0,4347.176
0,4574.489
0,4932.098
0,5199.063
0,5237.041
0,5211.261
0,5206.325
0,5262.431
0,5326.825
0,5336.861
0,5315.581
0,5371.223
0,5586.431
0,5722.674
0,5639.305
0,5520.957
0,5379.929
0,5157.531
0,4827.481
0,4527.529
0,4290.105
0,4163.065
0,4109.939
0,4097.611
0,4181.65
0,4407.369
0,4776.16
0,5021.579
0,5001.317
0,4822
0,4608.951
0,4537.405
0,4503.383
0,4627.354
0,4752.35
0,4927.373
0,5240.951
0,5473.963
0,5419.471
0,5328.061
0,5188.142
0,4971.443
0,4660.265
0,4364.814
0,4141.556
0,4005.191
0,3939.688
0,3912.885
0,4083.492
0,4275.282
0,4637.447
0,4904.937
0,4916.905
0,4870.602
0,4855.915
0,4846.727
0,4944.896
0,4884.592
0,5027.957
0,5107.864
0,5295.219
0,5377.763
0,5220.317
0,5126.498
0,4986.524
0,4770.051
0,4516.729
0,4250.916
0,4028.749
0,3901.425
0,3852.688
0,3854.812
0,3911.443
0,4134.762
0,4506.792
0,4753.629
0,4743.323
0,4640.842
0,4551.604
0,4466.487
0,4424.18
0,4558.861
0,4697.506
0,4830.188
0,5115.021
0,5342.039
0,5293.295
0,5200.66
0,5093.245
0,4944.395
0,4714.447
0,4476.817
0,4240.92
0,4093.223
0,4000.821
0,3927.157
0,3927.97
0,3984.794
0,4142.545
0,4316.378
0,4406.998
0,4367.417
0,4239.644
0,4164.069
0,4182.525
0,4269.309
0,4319.804
0,4429.573
0,4686.802
0,4914.16
0,4934.142
0,4902.362
0,4820.517
0,4727.146
0,4552.564
0,4357.365
0,4170.772
0,4038.123
0,3958.15
0,3924.027
0,3927.873
0,3997.988
0,4093.692
0,4097.055
0,4055.061
0,4004.868
0,3902.377
0,3922.756
0,3925.005
0,3984.193
0,4114.194
0,4276.309
0,4639.389
0,4958.132
0,4969.322
0,4934.598
0,4853.137
0,4699.91
0,4419.716
0,4150.09
0,3926.698
0,3787.296
0,3724.513
0,3717.716
0,3798.045
0,4023.002
0,4409.614
0,4687.397
0,4806.977
0,4893.604
0,4899.095
0,4813.999
0,4677.844
0,4730.724
0,4758.17
0,4879.924
0,5126.47
0,5307.129
0,5234.237
0,5134.858
0,4993.252
0,4790.468
0,4537.073
0,4281.403
0,4094.619
0,3984.905
0,3941.038
0,3955.017
0,4035.685
0,4282.95
0,4711.739
0,4973.453
0,5006.769
0,4920.688
0,4774.52
0,4724.75
0,4682.867
0,4843.774
0,4927.221
0,5064.655
0,5374.965
0,5667
0,5617.476
0,5547.053
0,5400.164
0,5196.452
0,4891.447
0,4569.674
0,4338.775
0,4203.878
0,4136.284
0,4112.274
0,4199.419
0,4417.773
0,4805.389
0,5102.345
0,5226.388
0,5259.745
0,5266.718
0,5248.256
0,5210.954
0,5099.551
0,5044.781
0,5236.415
0,5518.12
0,5725.315
0,5654.24
0,5557.463
0,5445.958
0,5255.765
0,4944.019
0,4640.742
0,4413.164
0,4293.234
0,4242.675
0,4248.424
0,4321.76
0,4548.842
0,4952.402
0,5215.03
0,5163.585
0,5076.079
0,4963.149
0,4860.027
0,4937.995
0,5055.608
0,5152.761
0,5281.258
0,5560.171
0,5763.437
0,5692.633
0,5596.461
0,5469.924
0,5259.802
0,4952.816
0,4645.365
0,4390.691
0,4250.771
0,4176.058
0,4147.767
0,4195.583
0,4381.091
0,4748.321
0,4998.175
0,5092.511
0,5074.484
0,4937.488
0,4862.991
0,4840.444
0,4837.346
0,4796.785
0,4923.64
0,5171.267
0,5400.352
0,5362.003
0,5273.137
0,5135.335
0,4974.614
0,4730.874
0,4436.36
0,4175.328
0,4007.068
0,3911.171
0,3854.625
0,3842.524
0,3916.97
0,4055.434
0,4190.394
0,4346.268
0,4479.346
0,4592.063
0,4621.642
0,4576.434
0,4486.591
0,4447.251
0,4516.261
0,4713.386
0,4861.022
0,4816.598
0,4741.33
0,4641.751
0,4508.895
0,4283.891
0,4056.774
0,3882.876
0,3764.489
0,3699.905
0,3664.922
0,3687.534
0,3744.147
0,3864.618
0,3937.219
0,3913.776
0,3839.649
0,3773.842
0,3754.05
0,3774.34
0,3862.973
0,4032.139
0,4264.826
0,4588.886
0,4959.759
0,5019.607
0,5008.79
0,4962.616
0,4837.485
0,4599.766
0,4345.777
0,4155.175
0,4043.294
0,3987.653
0,3984.255
0,4065.055
0,4293.071
0,4702.007
0,4958.214
0,4956.788
0,4815.213
0,4626.09
0,4523.943
0,4472.241
0,4526.404
0,4668.674
0,4863.76
0,5165.232
0,5486.034
0,5449.574
0,5384.388
0,5245.878
0,5050.146
0,4762.459
0,4467.156
0,4202.606
0,4078.031
0,4022.012
0,4024.061
0,4099.784
0,4309.922
0,4710.323
0,4958.376
0,4912.026
0,4742.946
0,4574.089
0,4471.292
0,4442.622
0,4510.703
0,4650.718
0,4843.212
0,5108.167
0,5429.228
0,5407.626
0,5341.51
0,5240.413
0,5068.387
0,4779.052
0,4486.823
0,4263.228
0,4134.491
0,4087.078
0,4100.85
0,4185.105
0,4438.469
0,4796.881
0,5063.945
0,5031.498
0,4908.283
0,4699.068
0,4640.721
0,4641.741
0,4811.881
0,4960.157
0,5089.876
0,5333.284
0,5483.58
0,5366.917
0,5275.711
0,5129.226
0,4915.012
0,4618.01
0,4296.352
0,4049.496
0,3905.562
0,3824.33
0,3801.333
0,3849.417
0,4060.345
0,4419.538
0,4687.764
0,4726.52
0,4647.224
0,4577.625
0,4455.999
0,4454.142
0,4507.352
0,4622.693
0,4756.603
0,5009.674
0,5253.878
0,5216.548
0,5121.609
0,4982.656
0,4792.424
0,4515.003
0,4216.19
0,3968.491
0,3814.947
0,3733.104
0,3711.222
0,3765.238
0,3961.719
0,4307.12
0,4555.03
0,4587.774
0,4494.261
0,4409.656
0,4399.201
0,4353.989
0,4405.83
0,4515.206
0,4625.484
0,4925.427
0,5174.241
0,5146.704
0,5043.094
0,4941.822
0,4794.281
0,4561.19
0,4291.225
0,4056.24
0,3890.146
0,3802.746
0,3771.133
0,3790.096
0,3894.919
0,4047.225
0,4212.59
0,4375.402
0,4527.318
0,4648.78
0,4692.974
0,4689.166
0,4691.679
0,4674.97
0,4705.855
0,4913.935
0,5049.547
0,5020.886
0,4955.972
0,4860.427
0,4724.826
0,4516.215
0,4280.662
0,4061.751
0,3901.094
0,3793.576
0,3738.507
0,3738.517
0,3803.703
0,3943.587
0,4060.375
0,4186.283
0,4293.998
0,4296.818
0,4425.764
0,4314.336
0,4327.092
0,4442.691
0,4563.54
0,4895.562
0,5295.417
0,5353.127
0,5354.797
0,5302.941
0,5169.822
0,4939.796
0,4681.186
0,4437.576
0,4330.776
0,4261.655
0,4262.915
0,4379.703
0,4618.259
0,5008.77
0,5312.958
0,5331.18
0,5208.807
0,5048.381
0,4895.202
0,4832.281
0,4868.64
0,5001.947
0,5192.512
0,5515.149
0,5873.044
0,5842.553
0,5776.237
0,5668.526
0,5461.375
0,5165.369
0,4848.539
0,4566.947
0,4460.681
0,4406.953
0,4402.551
0,4473.034
0,4692.818
0,5076.398
0,5343.534
0,5421.417
0,5404.456
0,5322.262
0,5241.261
0,5158.93
0,5166.761
0,5216.623
0,5286.174
0,5575.004
0,5804.518
0,5749.887
0,5629.407
0,5474.245
0,5252.509
0,4948.929
0,4653.546
0,4345.171
0,4204.015
0,4144.207
0,4122.114
0,4173.62
0,4364.051
0,4704.867
0,4978.978
0,5090.223
0,4884.73
0,4829.424
0,4606.317
0,4598.904
0,4676.433
0,4831.107
0,5008.669
0,5344.123
0,5714.91
0,5694.077
0,5650.025
0,5566.481
0,5378.71
0,5109.709
0,4809.519
0,4603.851
0,4400.534
0,4324.65
0,4325.798
0,4386.125
0,4584.588
0,4929.565
0,5156.297
0,5195.381
0,5064.258
0,4871.576
0,4782.48
0,4716.31
0,4869.742
0,4919.321
0,5070.136
0,5391.091
0,5721.898
0,5686.249
0,5628.989
0,5519.183
0,5329.751
0,5050.363
0,4751.292
0,4482.822
0,4308.775
0,4215.788
0,4190.889
0,4210.571
0,4304.051
0,4472.169
0,4601.514
0,4686.805
0,4772.292
0,4777.553
0,4729.236
0,4610.562
0,4400.886
0,4470.805
0,4629.688
0,4946.284
0,5203.599
0,5127.471
0,5021.979
0,4909.086
0,4796.685
0,4645.391
0,4462.151
0,4249.873
0,4100.423
0,3998.304
0,3937.702
0,3906.262
0,3944.605
0,4028.413
0,4101.685
0,4217.832
0,4363.704
0,4440.012
0,4518.363
0,4456.683
0,4309.902
0,4250.323
0,4332.509
0,4516.052
0,4691.062
0,4658.635
0,4605.14
0,4554.44
0,4452.87
0,4309.382
0,4103.076
0,3913.89
0,3769.601
0,3697.21
0,3664.007
0,3678.912
0,3746.775
0,3864.155
0,3882.859
0,3860.523
0,3792.774
0,3715.66
0,3660.332
0,3656.242
0,3721.996
0,3914.163
0,4155.632
0,4487.872
0,4805.243
0,4857.3
0,4862.993
0,4808.959
0,4710.742
0,4526.412
0,4310.186
0,4117.996
0,4008.205
0,3969.595
0,3982.185
0,4064.604
0,4244.308
0,4505.671
0,4716.393
0,4916.05
0,5100.568
0,5177.575
0,5210.659
0,5162.835
0,5107.041
0,5222.367
0,5276.577
0,5482.274
0,5643.049
0,5565.954
0,5461.183
0,5305.55
0,5118.163
0,4837.413
0,4550.259
0,4313.017
0,4147.194
0,4078.011
0,4045.864
0,4106.003
0,4253.776
0,4531.764
0,4714.533
0,4758.247
0,4811.223
0,4952.003
0,4986.382
0,4984.192
0,5008.324
0,5039.309
0,5122.157
0,5338.933
0,5491.413
0,5408.37
0,5273.294
0,5132.952
0,4951.824
0,4669.715
0,4398.3
0,4186.48
0,4052.25
0,3981.081
0,3947.026
0,3981.556
0,4121.861
0,4408.149
0,4606.689
0,4757.959
0,4890.907
0,4966.117
0,5025.456
0,5007.628
0,4960.662
0,4970.141
0,5032.611
0,5195.886
0,5411.499
0,5345.426
0,5249.758
0,5099.297
0,4957.876
0,4656.963
0,4385.691
0,4142.2
0,3993.502
0,3915.341
0,3891.616
0,3924.583
0,4054.383
0,4307.527
0,4533.822
0,4664.008
0,4708.356
0,4732.952
0,4740.351
0,4717.988
0,4661.796
0,4638.799
0,4720.254
0,4957.192
0,5213.635
0,5153.192
0,5039.186
0,4910.169
0,4742.156
0,4500.931
0,4245.528
0,4007.322
0,3857.057
0,3765.49
0,3722.463
0,3732.608
0,3811.224
0,3970.918
0,4070.397
0,4150.687
0,4176.633
0,4172.857
0,4328.335
0,4432.551
0,4465.275
0,4510.692
0,4574.047
0,4775.698
0,4971.091
0,4893.633
0,4758.174
0,4620.602
0,4480.715
0,4321.733
0,4149.449
0,3947.314
0,3792.466
0,3662.946
0,3583.171
0,3547.397
0,3573.206
0,3625.331
0,3665.309
0,3709.907
0,3832.301
0,3963.792
0,4067.418
0,4115.506
0,4141.504
0,4133.332
0,4181.282
0,4391.394
0,4620.812
0,4620.549
0,4539.912
0,4469.011
0,4356.459
0,4211.769
0,3997.266
0,3787.603
0,3656.455
0,3555.75
0,3506.309
0,3488.979
0,3533.004
0,3617.673
0,3693.6
0,3743.804
0,3837.035
0,3981.265
0,4062.917
0,4083.445
0,4025.752
0,4100.22
0,4171.502
0,4443.775
0,4743.787
0,4776.447
0,4763.556
0,4715.567
0,4589.063
0,4416.251
0,4185.22
0,4000.004
0,3901.648
0,3855.544
0,3881.562
0,3974.272
0,4173.039
0,4541.49
0,4895.898
0,5135.271
0,5332.577
0,5450.531
0,5526.744
0,5547.843
0,5586.13
0,5610.194
0,5653.222
0,5777.846
0,5992.526
0,5927.965
0,5824.82
0,5710.369
0,5502.301
0,5223.628
0,4957.588
0,4760.757
0,4657.004
0,4612.311
0,4604.371
0,4685.482
0,4885.064
0,5206.619
0,5486.749
0,5560.898
0,5438.069
0,5270.911
0,5139.677
0,5082.374
0,5149.12
0,5300.004
0,5368.089
0,5641.642
0,5969.08
0,5919.821
0,5839.601
0,5698.334
0,5496.264
0,5209.451
0,4971.543
0,4691.002
0,4571.734
0,4501.05
0,4471.567
0,4521.395
0,4693.106
0,5020.669
0,5272.124
0,5452.341
0,5572.999
0,5642.279
0,5622.602
0,5443.318
0,5352.707
0,5362.24
0,5369.065
0,5523.113
0,5715.771
0,5612.851
0,5504.698
0,5371.411
0,5173.393
0,4881.57
0,4604.061
0,4377.505
0,4244.007
0,4190.453
0,4181.85
0,4273.592
0,4483.643
0,4841.852
0,5125.31
0,5270.964
0,5329.829
0,5311.19
0,5236.244
0,5065.467
0,4966.544
0,5037.273
0,5230.612
0,5487.905
0,5817.746
0,5766.036
0,5653.089
0,5503.245
0,5331.855
0,5051.141
0,4798.774
0,4597.663
0,4442.678
0,4391.314
0,4390.613
0,4446.84
0,4610.824
0,4867.633
0,5113.759
0,5307.087
0,5400.808
0,5429.926
0,5488.029
0,5563.101
0,5577.632
0,5547.752
0,5549.238
0,5668.484
0,5981.073
0,5931.726
0,5839.116
0,5713.838
0,5556.619
0,5316.066
0,5073.238
0,4855.557
0,4732.987
0,4658.996
0,4630.188
0,4646.068
0,4724.663
0,4882.064
0,4981.872
0,5092.14
0,5211.913
0,5244.388
0,5196.967
0,5127.513
0,5060.973
0,4997.646
0,4996.881
0,5151.544
0,5521.921
0,5574.897
0,5560.279
0,5481.203
0,5352.777
0,5174.588
0,4942.348
0,4741.634
0,4611.855
0,4517.134
0,4452.571
0,4436.374
0,4454.939
0,4522.678
0,4546.362
0,4630.246
0,4780.683
0,4931.674
0,4971.294
0,4953.079
0,4984.325
0,4980.286
0,5041.854
0,5219.331
0,5428.71
0,5413.083
0,5325.139
0,5222.457
0,5023.872
0,4762.833
0,4525.221
0,4304.05
0,4222.381
0,4163.508
0,4188.394
0,4307.742
0,4567.161
0,4988.07
0,5333.68
0,5403.872
0,5288.676
0,5152.455
0,5145.675
0,5193.458
0,5147.203
0,5328.974
0,5546.069
0,5786.15
0,6108.357
0,6087.53
0,6004.51
0,5876.385
0,5693.498
0,5429.668
0,5171.451
0,4954.65
0,4851.705
0,4820.451
0,4841.773
0,4920.427
0,5127.935
0,5527.113
0,5843.984
0,5904.774
0,5787.307
0,5588.254
0,5488.308
0,5453.753
0,5456.863
0,5575.842
0,5790.905
0,6108.428
0,6408.221
0,6398.414
0,6323.103
0,6175.434
0,5952.908
0,5656.048
0,5358.062
0,5141.259
0,5021.044
0,4947.951
0,4954.146
0,5001.653
0,5163.488
0,5524.578
0,5776.732
0,5801.338
0,5604.229
0,5439.522
0,5331.974
0,5215.488
0,5178.856
0,5316.402
0,5400.934
0,5584.374
0,5880.199
0,5876.529
0,5782.866
0,5658.602
0,5451.624
0,5181.421
0,4889.816
0,4668.968
0,4545.373
0,4495.164
0,4484.336
0,4544.45
0,4721.06
0,5092.594
0,5366.523
0,5392.911
0,5271.012
0,5082.623
0,4874.997
0,4857.469
0,4955.99
0,5025.913
0,5141.836
0,5341.362
0,5600.175
0,5567.145
0,5486.571
0,5353.623
0,5155.446
0,4881.552
0,4625.577
0,4421.222
0,4276.205
0,4217.252
0,4197.205
0,4258.304
0,4458.656
0,4792.115
0,5089.325
0,5210.316
0,5142.271
0,4878.123
0,4787.191
0,4796.953
0,4781.573
0,4841.736
0,4994.368
0,5251.664
0,5555.294
0,5590.733
0,5562.557
0,5495.679
0,5395.47
0,5209.623
0,5027.553
0,4870.183
0,4765.535
0,4723.736
0,4735.531
0,4780.719
0,4891.412
0,5075.296
0,5183.984
0,5209.893
0,5113.94
0,4999.649
0,4954.041
0,5001.028
0,5160.964
0,5231.326
0,5338.869
0,5554.09
0,5901.319
0,5943.8
0,5875.938
0,5819.155
0,5695.33
0,5541.91
0,5338.661
0,5156.349
0,5060.322
0,4964.832
0,4928.371
0,4956.279
0,5031.432
0,5132.746
0,5177.827
0,5154.148
0,5110.631
0,5093.321
0,5099.159
0,5192.172
0,5264.45
0,5362.732
0,5478.091
0,5662.302
0,5884.684
0,5816.917
0,5730.908
0,5607.184
0,5445.945
0,5164
0,4899.799
0,4649.702
0,4510.749
0,4388.223
0,4347.263
0,4354.114
0,4471.683
0,4697.4
0,4918.069
0,5105.971
0,5159.799
0,5240.419
0,5505.002
0,5593.189
0,5587.978
0,5588.158
0,5595.598
0,5733.769
0,5890.203
0,5821.665
0,5702.371
0,5573.195
0,5378.072
0,5091.785
0,4833.936
0,4633.839
0,4543.151
0,4508.592
0,4502.952
0,4573.923
0,4784.933
0,5157.838
0,5462.799
0,5452.877
0,5413.181
0,5357.212
0,5452.858
0,5328.011
0,5224.434
0,5271.301
0,5385.117
0,5620.121
0,5916.684
0,5913.153
0,5851.585
0,5704.827
0,5508.458
0,5231.245
0,4953.904
0,4725.938
0,4618.764
0,4571
0,4564.763
0,4633.72
0,4817.462
0,5194.893
0,5460.66
0,5497.426
0,5374.578
0,5263.132
0,5022.577
0,4884.714
0,4800.422
0,4843.886
0,5004.735
0,5236.215
0,5544.693
0,5540.839
0,5442.655
0,5314.225
0,5116.107
0,4821.299
0,4544.119
0,4305.263
0,4172.613
0,4116.997
0,4099.016
0,4177.618
0,4373.679
0,4738.403
0,5088.696
0,5334.259
0,5492.814
0,5571.513
0,5534.162
0,5456.036
0,5461.406
0,5401.013
0,5481.243
0,5601.738
0,5915.142
0,5952.509
0,5876.854
0,5790.489
0,5612.751
0,5364.545
0,5128.806
0,4944.201
0,4850.425
0,4827.347
0,4840.016
0,4941.893
0,5164.779
0,5546.254
0,5861.376
0,5967.989
0,5969.244
0,5810.126
0,5628.68
0,5455.067
0,5439.609
0,5608.776
0,5819.619
0,6018.844
0,6279.631
0,6274.898
0,6160.329
0,6043.167
0,5862.816
0,5622.01
0,5366.571
0,5160.747
0,5043.451
0,4980.186
0,4967.117
0,4995.148
0,5077.899
0,5229.819
0,5334.278
0,5298.843
0,5157.773
0,4984.879
0,4836.906
0,4732.33
0,4673.049
0,4722.817
0,4906.966
0,5190.738
0,5556.223
0,5670.683
0,5644.653
0,5582.983
0,5447.291
0,5266.816
0,5075.423
0,4905.475
0,4764.504
0,4687.694
0,4646.05
0,4653.07
0,4705.453
0,4810.616
0,4815.213
0,4851.137
0,4836.755
0,4584.661
0,4393.61
0,4344.755
0,4489.142
0,4661.489
0,4773.507
0,5089.855
0,5438.272
0,5508.688
0,5476.289
0,5384.177
0,5231.088
0,4989.911
0,4726.032
0,4528.075
0,4412.363
0,4358.842
0,4380.011
0,4468.171
0,4693.807
0,5121.945
0,5464.271
0,5560.81
0,5490.251
0,5273.859
0,5093.78
0,4975.343
0,5083.805
0,5237.705
0,5369.817
0,5651.331
0,5954.328
0,5909.26
0,5812.596
0,5657.29
0,5428.632
0,5123.907
0,4817.01
0,4569.852
0,4436.398
0,4353.426
0,4334.858
0,4395.16
0,4618.793
0,5016.039
0,5333.151
0,5424.954
0,5513.164
0,5566.074
0,5431.981
0,5220.637
0,5164.884
0,5106.162
0,5177.753
0,5361.822
0,5707.384
0,5778.494
0,5711.22
0,5628.49
0,5421.102
0,5167.075
0,4908.371
0,4709.465
0,4625.76
0,4593.439
0,4610.377
0,4686.112
0,4952.094
0,5363.022
0,5649.553
0,5611.689
0,5441.729
0,5246.935
0,5112.203
0,5053.629
0,5095.346
0,5225.057
0,5439.607
0,5754.892
0,6087.188
0,6140.426
0,6091.165
0,5974.691
0,5777.346
0,5504.668
0,5222.835
0,4997.624
0,4909.201
0,4885.843
0,4891.288
0,4959.529
0,5189.289
0,5569.417
0,5842.878
0,5763.8
0,5537.458
0,5327.783
0,5144.744
0,5072.353
0,5044.538
0,5115.932
0,5303.757
0,5622.4
0,5974.794
0,6021.012
0,5978.344
0,5855.359
0,5628.301
0,5326.956
0,5031.581
0,4812.015
0,4683.168
0,4602.829
0,4589.265
0,4660.262
0,4839.669
0,5207.133
0,5488.341
0,5643.832
0,5688.415
0,5695.234
0,5638.067
0,5499.81
0,5472.093
0,5506.311
0,5582.796
0,5678.332
0,5862.797
0,5837.289
0,5728.246
0,5597.663
0,5438.368
0,5199.779
0,4965.586
0,4758.175
0,4655.426
0,4599.596
0,4591.183
0,4617.649
0,4699.75
0,4819.121
0,4922.959
0,5070.178
0,5291.257
0,5473.67
0,5562.569
0,5623.111
0,5617.171
0,5600.125
0,5611.432
0,5707.488
0,5983.353
0,6071.065
0,6029.208
0,5946.859
0,5800.455
0,5634.176
0,5441.484
0,5251.674
0,5121.182
0,4994.463
0,4967.549
0,4963.591
0,5025.309
0,5117.524
0,5159.289
0,5227.388
0,5244.155
0,5234.68
0,5185.094
0,5106.033
0,5058.319
0,5088.125
0,5192.779
0,5425.629
0,5769.973
0,5921.034
0,5892.771
0,5791.433
0,5622.956
0,5360.609
0,5099.664
0,4886.579
0,4790.771
0,4754.388
0,4770.93
0,4874.021
0,5126.445
0,5538.101
0,5823.16
0,5880.145
0,5872.872
0,5775.26
0,5628.057
0,5496.313
0,5422.751
0,5411.547
0,5513.858
0,5717.862
0,6046.41
0,6149.818
0,6078.269
0,5974.82
0,5765.786
0,5480.958
0,5195.758
0,4974.165
0,4885.629
0,4843.597
0,4842.152
0,4941.877
0,5154.357
0,5567.093
0,5811.442
0,5763.374
0,5616.414
0,5459.851
0,5334.97
0,5187.138
0,5127.558
0,5165.021
0,5273.575
0,5494.427
0,5827.802
0,5908.982
0,5850.884
0,5723.502
0,5524.223
0,5240.008
0,4966.421
0,4734.379
0,4635.06
0,4585.747
0,4592.592
0,4663.381
0,4850.575
0,5223.432
0,5477.483
0,5499.95
0,5467.268
0,5278.156
0,5134.923
0,4960.283
0,4980.955
0,5108.609
0,5137.677
0,5322.564
0,5566.268
0,5579.249
0,5495.279
0,5360.079
0,5164.876
0,4884.975
0,4606.409
0,4367.994
0,4245.982
0,4168.21
0,4163.388
0,4230.359
0,4434.505
0,4789.334
0,5094.594
0,5181.868
0,5230.535
0,5281.803
0,5257.026
0,5268.333
0,5278.265
0,5242.579
0,5256.721
0,5340.95
0,5518.126
0,5489.784
0,5375.442
0,5223.71
0,5008.702
0,4720.404
0,4427.973
0,4226.847
0,4081.898
0,4001.755
0,3963.658
0,4006.068
0,4173.801
0,4519.396
0,4854.158
0,5066.626
0,5234.491
0,5339.755
0,5360.291
0,5409.013
0,5440.241
0,5467.576
0,5505.7
0,5552.529
0,5705.972
0,5696.184
0,5581.486
0,5482.971
0,5318.73
0,5105.7
0,4881.416
0,4672.509
0,4555.139
0,4501.862
0,4491.553
0,4509.03
0,4622.325
0,4790.262
0,4900.218
0,4865.331
0,4776.2
0,4692.178
0,4589.127
0,4560.248
0,4635.047
0,4677.357
0,4842.657
0,5184.754
0,5523.299
0,5706.394
0,5688.606
0,5618.881
0,5527.512
0,5348.892
0,5158.596
0,4996.728
0,4872.984
0,4793.161
0,4761.371
0,4776.056
0,4832.72
0,4937.069
0,4920.919
0,4842.088
0,4705.286
0,4632.564
0,4490.684
0,4404.723
0,4379.932
0,4452.707
0,4660.819
0,4972.842
0,5360.79
0,5577.852
0,5560.204
0,5486.843
0,5333.202
0,5109.595
0,4839.535
0,4618.934
0,4495.52
0,4445.91
0,4417.11
0,4492.001
0,4708.225
0,5093.702
0,5419.439
0,5595.369
0,5703.737
0,5730.367
0,5684.988
0,5641.303
0,5595.434
0,5611.756
0,5618.692
0,5728.585
0,5864.543
0,5843.439
0,5726.85
0,5549.387
0,5315.586
0,5038.359
0,4738.176
0,4526.663
0,4401.04
0,4332.657
0,4310.763
0,4379.086
0,4597.041
0,4999.738
0,5236.48
0,5106.638
0,4917.339
0,4717.402
0,4574.977
0,4592.906
0,4729.447
0,4924
0,5157.347
0,5366.276
0,5629.861
0,5719.57
0,5657.221
0,5544.176
0,5352.943
0,5086.117
0,4819.844
0,4620.428
0,4513.123
0,4455.673
0,4476.996
0,4548.462
0,4786.928
0,5193.357
0,5411.012
0,5272.829
0,5046.148
0,4828.483
0,4653.762
0,4540.399
0,4526.294
0,4587.226
0,4744.217
0,5022.82
0,5337.022
0,5475.516
0,5425.173
0,5319.904
0,5135.001
0,4886.891
0,4636.52
0,4418.538
0,4325.279
0,4262.336
0,4234.899
0,4294.546
0,4523.339
0,4898.028
0,5096.751
0,4974.333
0,4736.959
0,4534.947
0,4430.159
0,4517.95
0,4613.455
0,4637.092
0,4687.086
0,4895.599
0,5188.756
0,5322.459
0,5268.909
0,5169.102
0,4991.729
0,4796.992
0,4535.735
0,4310.76
0,4198.504
0,4161.119
0,4161.493
0,4236.543
0,4466.2
0,4856.766
0,5034.608
0,4918.35
0,4700.192
0,4490.491
0,4346.547
0,4269.322
0,4275.473
0,4323.669
0,4459.644
0,4724.188
0,4973.115
0,5085.681
0,5008.267
0,4912.1
0,4753.657
0,4540.166
0,4322.37
0,4092.337
0,3951.179
0,3871.734
0,3817.514
0,3829.608
0,3897.223
0,4021.301
0,4058.9
0,4159.784
0,3943.804
0,3818.454
0,3754.234
0,3881.926
0,3773.255
0,3787.465
0,3961.636
0,4183.253
0,4487.368
0,4674.908
0,4669.7
0,4615.161
0,4516.414
0,4375.622
0,4193.768
0,4034.38
0,3940.555
0,3885.267
0,3875.976
0,3919.435
0,3998.181
0,4136.362
0,4224.939
0,4394.311
0,4596.284
0,4737.363
0,4845.751
0,4903.647
0,4921.696
0,4918.703
0,4961.158
0,5069.71
0,5287.451
0,5335.425
0,5237.537
0,5160.982
0,5063.666
0,4915.355
0,4725.874
0,4559.989
0,4497.362
0,4483.749
0,4514.494
0,4636.979
0,4874.452
0,5284.458
0,5596.104
0,5727.239
0,5793.873
0,5797.493
0,5754.153
0,5687.634
0,5636.279
0,5594.782
0,5608.307
0,5737.16
0,5964.508
0,6120.545
0,6077.118
0,5948.321
0,5756.459
0,5478.126
0,5219.765
0,5016.711
0,4908.422
0,4874.325
0,4876.906
0,4967.986
0,5198.099
0,5569.343
0,5819.036
0,5839.304
0,5846.422
0,5722.704
0,5608.645
0,5440.542
0,5340.128
0,5266.655
0,5324.133
0,5523.241
0,5828.758
0,6027.564
0,5981.485
0,5865.652
0,5650.161
0,5362.813
0,5101.505
0,4886.499
0,4783.82
0,4717.515
0,4699.59
0,4770.876
0,4999.969
0,5349.112
0,5560.785
0,5505.238
0,5306.144
0,5061.229
0,4849.199
0,4791.217
0,4954.799
0,5019.063
0,5087.271
0,5236.763
0,5452.096
0,5579.839
0,5497.087
0,5369.728
0,5151.528
0,4858.942
0,4567.108
0,4333.763
0,4194.54
0,4103.883
0,4082.342
0,4120.103
0,4306.714
0,4655.904
0,4818.273
0,4697.368
0,4679.203
0,4629.38
0,4404.616
0,4439.039
0,4443.831
0,4480.973
0,4698.283
0,4883.134
0,5024.45
0,5070.24
0,4979.968
0,4846.828
0,4652.738
0,4410.579
0,4156.405
0,3964.575
0,3851.772
0,3779.795
0,3762.649
0,3773.152
0,3958.433
0,4265.992
0,4504.139
0,4590.019
0,4421.856
0,4311.874
0,4363.514
0,4263.324
0,4290.832
0,4364.637
0,4481.257
0,4788.194
0,5110.053
0,5326.706
0,5301.432
0,5222.547
0,5096.901
0,4903.428
0,4700.102
0,4510.545
0,4393.065
0,4339.493
0,4311.878
0,4357.546
0,4452.042
0,4580.68
0,4585.158
0,4474.004
0,4309.221
0,4391.118
0,4824.598
0,4788.232
0,4466.07
0,4410.375
0,4724.434
0,4763.576
0,5094.727
0,5393.603
0,5424.567
0,5368.078
0,5283.647
0,5127.192
0,4931.05
0,4760.099
0,4654.152
0,4564.567
0,4524.258
0,4538.885
0,4587.028
0,4661.022
0,4612.736
0,4452.671
0,4313.5
0,4184.262
0,4189.89
0,4021.931
0,3974.553
0,4036.641
0,4217.488
0,4549.993
0,4898.314
0,5183.87
0,5177.792
0,5141.338
0,5026.553
0,4846.371
0,4641.218
0,4467.973
0,4367.138
0,4310.536
0,4309.934
0,4379.716
0,4528.483
0,4742.511
0,4809.068
0,4681.407
0,4494.668
0,4343.821
0,4219.319
0,4132.791
0,4118.374
0,4157.398
0,4307.911
0,4544.18
0,4853.462
0,5094.848
0,5058.949
0,4970.6
0,4819.087
0,4602.268
0,4366.125
0,4177.007
0,4088.63
0,4049.567
0,4053.78
0,4123.688
0,4336.98
0,4698.708
0,4945.052
0,4989.729
0,4859.749
0,4777.291
0,4822.606
0,4935.576
0,5035.761
0,5025.992
0,5039.544
0,5104.435
0,5219.241
0,5246.294
0,5126.857
0,4960.379
0,4725.598
0,4445.979
0,4189.183
0,3979.521
0,3848.301
0,3768.563
0,3731.717
0,3791.242
0,3979.733
0,4313.928
0,4555.3
0,4668.181
0,4724.063
0,4670.377
0,4584.737
0,4420.317
0,4385.694
0,4295.863
0,4343.292
0,4560.004
0,4782.354
0,4969.846
0,4928.457
0,4844.994
0,4701.871
0,4509.461
0,4409.93
0,4262.356
0,4178.654
0,4159.956
0,4167.682
0,4148.084
0,4375.597
0,4770.225
0,5020.427
0,5230.005
0,5261.49
0,5201.49
0,5281.214
0,5303.762
0,5369.761
0,5302.983
0,5318.124
0,5376.127
0,5614.392
0,5716.372
0,5641.687
0,5499.692
0,5290.915
0,5033.733
0,4758.822
0,4552.785
0,4426.01
0,4385.232
0,4382.26
0,4456.675
0,4623.156
0,4946.007
0,5231.467
0,5505.312
0,5614.686
0,5584.005
0,5538.55
0,5383.239
0,5002.306
0,4811.768
0,4951.988
0,5164.953
0,5372.028
0,5526.893
0,5476.494
0,5387.049
0,5263.151
0,5075.297
0,4884.144
0,4710.38
0,4591.211
0,4514.452
0,4480.775
0,4495.25
0,4576.338
0,4682.621
0,4741.295
0,4794.652
0,4672.556
0,4374.456
0,4287.611
0,4214.236
0,4113.531
0,4121.553
0,4278.754
0,4563.592
0,4887.641
0,5154.506
0,5153.053
0,5109.534
0,5018.28
0,4862.931
0,4682.659
0,4535.599
0,4412.339
0,4357.372
0,4318.813
0,4337.218
0,4390.244
0,4441.271
0,4371.211
0,4170.446
0,4008.235
0,3887.404
0,3797.885
0,3763.153
0,3772.688
0,3845.49
0,4014.577
0,4343.479
0,4671.709
0,4966.103
0,4977.636
0,4932.196
0,4819.039
0,4634.834
0,4437.304
0,4295.911
0,4222.745
0,4202.636
0,4228.175
0,4361.443
0,4609.721
0,4987.985
0,5140.387
0,5008.577
0,4834.067
0,4670.08
0,4578.429
0,4511.564
0,4509.502
0,4554.375
0,4723.618
0,5015.249
0,5341.726
0,5603.221
0,5584.469
0,5495.47
0,5304.208
0,5053.055
0,4775.47
0,4568.314
0,4443.7
0,4379.029
0,4368.182
0,4472.001
0,4686.208
0,5011.832
0,5239.002
0,5300.128
0,5310.401
0,5251.404
0,5196.731
0,5008.067
0,4857.918
0,4863.862
0,4983.557
0,5087.567
0,5272.045
0,5414.635
0,5317.662
0,5194.166
0,4987.242
0,4718.801
0,4427.906
0,4210.146
0,4071.154
0,4017.016
0,4016.733
0,4098.478
0,4329.957
0,4656.338
0,4774.773
0,4610.495
0,4442.734
0,4274.808
0,4152.876
0,4095.001
0,4109.611
0,4194.217
0,4345.382
0,4611.928
0,4873.272
0,5103.205
0,5078.858
0,4986.872
0,4805.95
0,4557.956
0,4305.377
0,4107.251
0,3976.689
0,3923.399
0,3895.618
0,3976.065
0,4213.982
0,4538.717
0,4736.915
0,4611.69
0,4476.849
0,4313.444
0,4170.452
0,4153.289
0,4163.851
0,4268.666
0,4445.795
0,4774.765
0,5110.705
0,5426.877
0,5452.237
0,5387.751
0,5253.761
0,5016.072
0,4792.804
0,4608.202
0,4520.92
0,4482.938
0,4480.069
0,4569.199
0,4797.013
0,5149.798
0,5240.326
0,5059.024
0,4867.866
0,4685.919
0,4549.325
0,4434.51
0,4414.192
0,4459.165
0,4597.258
0,4866.89
0,5160.86
0,5400.014
0,5366.414
0,5275.57
0,5145.116
0,4928.961
0,4709.109
0,4519.474
0,4416.802
0,4335.977
0,4313.67
0,4346.597
0,4431.326
0,4517.337
0,4487.419
0,4463.9
0,4375.719
0,4252.038
0,4111.324
0,4020.32
0,4097.192
0,4133.042
0,4078.761
0,4283.827
0,4584.888
0,4848.813
0,4848.609
0,4763.221
0,4622.173
0,4433.155
0,4232.055
0,4056.572
0,3933.603
0,3841.087
0,3796.789
0,3791.535
0,3841.747
0,3871.943
0,3872.104
0,4006.107
0,4134.403
0,4222.323
0,4173.849
0,4141.232
0,3927.482
0,3833.499
0,3970.551
0,4166.233
0,4326.367
0,4589.125
0,4578.576
0,4491.161
0,4343.057
0,4133.132
0,3911.84
0,3728.842
0,3609.056
0,3543.46
0,3529.501
0,3578.396
0,3787.934
0,4105.807
0,4291.029
0,4191.314
0,4367.003
0,4309.378
0,4234.145
0,4486.403
0,4570.192
0,4566.271
0,4735.474
0,4894.507
0,4940.851
0,5052.961
0,4983.756
0,4835.511
0,4569.996
0,4228.571
0,3978.114
0,3782.866
0,3684.859
0,3638.072
0,3658.662
0,3737.734
0,3988.335
0,4340.949
0,4525.195
0,4490.373
0,4316.317
0,4198.304
0,4158.963
0,4094.66
0,4121.603
0,4227.083
0,4346.607
0,4612.089
0,4868.292
0,5130.693
0,5120.862
0,5031.237
0,4837.122
0,4568.669
0,4328.375
0,4127.157
0,3998.938
0,3946.152
0,3927.72
0,3978.863
0,4195.56
0,4528.403
0,4825.364
0,4994.533
0,5141.29
0,5237.298
0,5312.293
0,5345.974
0,5397.475
0,5331.8
0,5322.045
0,5345.075
0,5455.669
0,5543.194
0,5498.713
0,5303.358
0,5110.276
0,4783.608
0,4538.548
0,4369.124
0,4212.945
0,4163.168
0,4173.665
0,4250.929
0,4477.473
0,4773.283
0,4926.837
0,4800.279
0,4676.58
0,4487.484
0,4399.141
0,4323.045
0,4210.994
0,4407.472
0,4614.059
0,4762.052
0,4949.613
0,5170.212
0,5144.635
0,5042.07
0,4879.018
0,4609.527
0,4358.4
0,4193.904
0,4094.298
0,4054.144
0,4054.37
0,4143.329
0,4372.06
0,4624.204
0,4676.014
0,4497.036
0,4310.491
0,4161.204
0,4063.624
0,3998.597
0,4006.8
0,4069.801
0,4168.421
0,4434.743
0,4690.281
0,4916.885
0,4914.746
0,4819.129
0,4677.275
0,4482.146
0,4266.597
0,4063.792
0,3922.432
0,3833.884
0,3782.329
0,3785.397
0,3833.421
0,3960.846
0,4097.884
0,4307.933
0,4573.897
0,4795.065
0,4925.734
0,4940.937
0,4915.055
0,4924.125
0,5026.414
0,5116.561
0,5229.754
0,5394.394
0,5414.768
0,5350.567
0,5239.534
0,5089.828
0,4904.752
0,4753.45
0,4664.674
0,4601.562
0,4567.981
0,4609.033
0,4671.024
0,4668.068
0,4600.519
0,4521.392
0,4406.457
0,4263.786
0,4124.415
0,4011.196
0,3949.973
0,4009.483
0,4496.93
0,4911.101
0,5110.988
0,5288.255
0,5261.8
0,5129.478
0,4899.411
0,4646.428
0,4431.29
0,4293.967
0,4223.755
0,4218.952
0,4283.445
0,4474.213
0,4853.884
0,5120.024
0,5048.849
0,4812.148
0,4539.755
0,4352.875
0,4210.256
0,4137.291
0,4128.53
0,4201.842
0,4341.709
0,4494.188
0,4727.801
0,4968.299
0,4941.257
0,4785.466
0,4554.425
0,4288.1
0,4095.985
0,3949.301
0,3890.199
0,3871.915
0,3972.801
0,4162.184
0,4564.566
0,4799.445
0,4740.914
0,4498.39
0,4303.191
0,4148.211
0,4048.913
0,4039.996
0,4028.446
0,4096.841
0,4294.423
0,4405.217
0,4569.967
0,4788.588
0,4750.916
0,4570.7
0,4300.046
0,4035.021
0,3824.468
0,3695.82
0,3636.241
0,3612.687
0,3672.013
0,3873.323
0,4246.696
0,4496.129
0,4456.775
0,4302.894
0,4121.418
0,3979.922
0,3907.848
0,3922.667
0,3943.135
0,4026.199
0,4178.898
0,4337.959
0,4509.689
0,4717.346
0,4697.377
0,4517.863
0,4259.425
0,4023.049
0,3827.463
0,3708.12
0,3651.876
0,3630.329
0,3685.005
0,3862.94
0,4232.872
0,4578.462
0,4750.306
0,4849.705
0,4846.754
0,4773.408
0,4798.275
0,4824.052
0,4827.556
0,4772.954
0,4779.041
0,4842.692
0,4850.323
0,4912.717
0,4808.406
0,4626.776
0,4365.963
0,4096.387
0,3892.679
0,3770.46
0,3687.748
0,3652.225
0,3701.741
0,3879.707
0,4234.732
0,4477.583
0,4568.039
0,4532.125
0,4321.504
0,4059.682
0,3945.692
0,3955.055
0,4019.316
0,4092.845
0,4294.044
0,4466.147
0,4528.994
0,4670.869
0,4607.283
0,4441.432
0,4219.667
0,4000.484
0,3802.523
0,3654.866
0,3565.464
0,3514.658
0,3522.377
0,3577.151
0,3701.826
0,3756.772
0,3837.891
0,3805.239
0,3826.782
0,3679.385
0,3638.249
0,3625.714
0,3603.219
0,3775.247
0,3890.282
0,4049.756
0,4223.964
0,4423.412
0,4425.137
0,4294.659
0,4109.573
0,3908.441
0,3725.545
0,3580.201
0,3483.418
0,3406.95
0,3376.918
0,3410.69
0,3475.548
0,3477.961
0,3489.466
0,3453.744
0,3524.266
0,3593.87
0,3773.643
0,3786.508
0,3756.842
0,3838.389
0,3886.597
0,4043.093
0,4190.302
0,4400.085
0,4411.838
0,4316.312
0,4132.052
0,3906.829
0,3745.418
0,3631.714
0,3583.244
0,3586.938
0,3657.433
0,3901.447
0,4301.183
0,4536.006
0,4461.571
0,4267.616
0,4075.779
0,3938.352
0,3869.011
0,3849.113
0,3861.837
0,3931.33
0,4083.648
0,4311.156
0,4506.703
0,4722.966
0,4714.125
0,4538.319
0,4284.306
0,4022.013
0,3821.179
0,3696.653
0,3638.667
0,3629.202
0,3695.344
0,3888.112
0,4263.16
0,4491.244
0,4433.371
0,4236.358
0,4052.277
0,3910.205
0,3853.347
0,3853.23
0,3906.676
0,4003.07
0,4173.323
0,4298.874
0,4494.865
0,4734.57
0,4736.197
0,4563.767
0,4319.837
0,4071.121
0,3888.085
0,3793.945
0,3739.013
0,3745.026
0,3815.404
0,4037.069
0,4401.298
0,4627.327
0,4566.307
0,4610.545
0,4622.458
0,4388.229
0,4145.839
0,4413.686
0,4598.166
0,4672.673
0,4785.04
0,4870.274
0,4928.956
0,5068.287
0,5011.728
0,4825.22
0,4568.053
0,4303.501
0,4113.205
0,3980.808
0,3904.411
0,3881.16
0,3933.89
0,4112.578
0,4496.654
0,4813.606
0,4962.401
0,5061.723
0,5101.012
0,5091.785
0,5039.079
0,5006.276
0,4962.686
0,4948.779
0,4984.677
0,4990.789
0,4988.038
0,5072.684
0,4980.689
0,4781.112
0,4519.621
0,4258.96
0,4048.152
0,3906.731
0,3834.248
0,3804.534
0,3866.153
0,4046.93
0,4409.93
0,4626.12
0,4671.682
0,4442.274
0,4158.424
0,4020.438
0,4093.236
0,4216.218
0,4387.025
0,4468.154
0,4452.922
0,4360.04
0,4494.2
0,4671.394
0,4674.055
0,4545.318
0,4337.978
0,4118.922
0,3908.29
0,3765.801
0,3671.89
0,3628.619
0,3634.598
0,3690.839
0,3832.092
0,3890.987
0,3871.908
0,3819.571
0,3917.424
0,3878.521
0,3639.414
0,3691.875
0,3681.876
0,3729.598
0,3794.034
0,3850.274
0,4120.164
0,4379.718
0,4463.805
0,4397.464
0,4261.923
0,4097.84
0,3907.975
0,3815.819
0,3742.315
0,3712.578
0,3724.061
0,3772.744
0,3864.087
0,3825.324
0,3761.337
0,3801.838
0,3868.858
0,3853.812
0,3961.366
0,3902.231
0,3877.372
0,3993.971
0,4156.854
0,4394.196
0,4573.971
0,4827.583
0,4891.834
0,4802.975
0,4612.798
0,4427.276
0,4280.824
0,4205.89
0,4178.5
0,4223.358
0,4317.476
0,4568.364
0,4951.6
0,5195.601
0,5089.4
0,4970.019
0,4888.782
0,4877.164
0,4842.802
0,4932.706
0,4841.748
0,4967.668
0,5027.53
0,5203.388
0,5363.915
0,5639.977
0,5688.732
0,5537.837
0,5260.797
0,4964.278
0,4737.38
0,4643.156
0,4569.082
0,4556.136
0,4625.348
0,4824.23
0,5171.53
0,5357.886
0,5222.938
0,4975.548
0,4755.154
0,4597.755
0,4601.167
0,4709.966
0,4686.763
0,4634.125
0,4673.603
0,4846.321
0,5105.574
0,5368.357
0,5415
0,5249.806
0,4989.786
0,4729.256
0,4518.981
0,4395.977
0,4334.697
0,4337.876
0,4415.133
0,4628.573
0,4998.761
0,5183.741
0,5095.103
0,4897.276
0,4706.132
0,4745.898
0,4782.942
0,4893.988
0,4953.855
0,4665.059
0,4716.538
0,4774.602
0,4871.208
0,5096.229
0,5132.371
0,4958.909
0,4652.574
0,4378.805
0,4133.818
0,3999.506
0,3909.855
0,3873.455
0,3894.256
0,4115.949
0,4435.347
0,4640.535
0,4589.723
0,4577.369
0,4655.602
0,4632.945
0,4680.304
0,4670.671
0,4540.815
0,4599.135
0,4672.261
0,4693.725
0,4715.241
0,4828.026
0,4798.068
0,4596.114
0,4345.271
0,4058.66
0,3827.275
0,3713.098
0,3629.8
0,3592.903
0,3616.254
0,3771.815
0,4078.803
0,4344.353
0,4460.892
0,4413.209
0,4284.518
0,4104.922
0,4081.928
0,4111.032
0,4270.53
0,4355.424
0,4314.31
0,4431.724
0,4550.981
0,4709.739
0,4753.946
0,4639.063
0,4433.82
0,4229.809
0,4060.884
0,3911.779
0,3840.625
0,3816.985
0,3822.724
0,3914.346
0,4022.728
0,4050.417
0,3968.293
0,3788.138
0,3624.652
0,3488.006
0,3378.035
0,3307.763
0,3286.101
0,3317.851
0,3473.79
0,3735.66
0,4022.033
0,4278.885
0,4386.789
0,4313.75
0,4174.288
0,4010.838
0,3842.01
0,3732.55
0,3657.808
0,3627.554
0,3627.567
0,3673.5
0,3743.57
0,3768.811
0,3876.051
0,3994.523
0,4130.1
0,4066.374
0,4047.008
0,4058.907
0,4065.373
0,4010.229
0,4179.084
0,4228.192
0,4357.456
0,4565.447
0,4614.765
0,4502.723
0,4329.735
0,4114.897
0,3941.72
0,3844.566
0,3801.054
0,3814.461
0,3898.848
0,4112.738
0,4460.369
0,4618.983
0,4489.127
0,4284.409
0,4187.404
0,4077.904
0,3928.321
0,3991.507
0,4126.104
0,4204.918
0,4344.789
0,4472.279
0,4549.89
0,4787.566
0,4802.887
0,4626.623
0,4395.65
0,4137.162
0,3958.616
0,3834.572
0,3807.625
0,3780.925
0,3850.118
0,4056.044
0,4385.881
0,4589.544
0,4633.707
0,4562.001
0,4498.434
0,4486.75
0,4402.39
0,4383.9
0,4351.398
0,4367.459
0,4535.866
0,4658.45
0,4743.683
0,4872.213
0,4825.669
0,4637.357
0,4381.164
0,4118.033
0,3904.537
0,3807.87
0,3749.905
0,3734.285
0,3780.978
0,3980.247
0,4355.764
0,4641.808
0,4811.061
0,4876.783
0,4862.915
0,4795.769
0,4782.047
0,4801.308
0,4753.54
0,4631.216
0,4738.49
0,4812.067
0,4827.487
0,4893.345
0,4843.001
0,4655.778
0,4395.185
0,4123.794
0,3911.929
0,3777.798
0,3711.229
0,3697.063
0,3775.014
0,3982.119
0,4316.854
0,4636.122
0,4801.329
0,4925.984
0,5018.763
0,5069.753
0,5049.544
0,5072.522
0,5040.823
0,5038.134
0,5033.521
0,5033.194
0,5024.23
0,5060.344
0,4934.338
0,4734.069
0,4467.419
0,4177.961
0,3975.822
0,3837.423
0,3756.714
0,3734.719
0,3790.814
0,4002.207
0,4281.906
0,4439.767
0,4305.913
0,4125.91
0,3981.524
0,3939.286
0,3870.86
0,3801.094
0,3752.583
0,3801.167
0,3989.815
0,4140.636
0,4320.051
0,4480.04
0,4557.475
0,4431.018
0,4224.845
0,4007.192
0,3827.137
0,3682.559
0,3591.451
0,3554.205
0,3557.509
0,3640.084
0,3733.64
0,3779.326
0,3855.527
0,3837.861
0,3805.201
0,3769.51
0,3660.931
0,3603.802
0,3561.376
0,3518.536
0,3589.104
0,3860.034
0,4012.788
0,4245.624
0,4321.428
0,4245.325
0,4098.724
0,3925.567
0,3765.745
0,3655.308
0,3567.988
0,3533.407
0,3546.321
0,3595.638
0,3651.204
0,3606.079
0,3474.052
0,3368.641
0,3575.821
0,3678.303
0,3736.191
0,3809.788
0,3829.721
0,3853.832
0,4005.034
0,4125.738
0,4244.465
0,4471.901
0,4539.657
0,4436.496
0,4236.225
0,4022.44
0,3848.049
0,3748.556
0,3701.422
0,3704.046
0,3797.616
0,4025.579
0,4344.824
0,4473.019
0,4331.289
0,4140.021
0,3969.56
0,3875.871
0,3818.548
0,3807.09
0,3834.87
0,3890.324
0,4050.28
0,4243.495
0,4418.483
0,4618.601
0,4667.858
0,4494.997
0,4252.92
0,3976.819
0,3787.96
0,3662.544
0,3601.113
0,3569.059
0,3638.871
0,3830.279
0,4134.974
0,4410.961
0,4541.783
0,4588.93
0,4293.67
0,3885.442
0,3813.275
0,3875.599
0,3915.422
0,3992.196
0,4162.042
0,4373.955
0,4497.496
0,4631.976
0,4679.344
0,4497.209
0,4239.289
0,3955.044
0,3745.782
0,3599.088
0,3528.093
0,3507.948
0,3549.595
0,3720.183
0,3993.088
0,4181.556
0,4178.388
0,4038.76
0,3933.211
0,3900.206
0,3917.177
0,4061.575
0,4238.461
0,4413.632
0,4604.871
0,4709.938
0,4735.537
0,4870.188
0,4878.317
0,4697.128
0,4423.097
0,4148.976
0,3914.603
0,3746.471
0,3651.347
0,3600.083
0,3647.902
0,3797.224
0,4053.853
0,4255.502
0,4317.969
0,4347.242
0,4371.513
0,4423.791
0,4545.205
0,4749.106
0,5024.222
0,5223.69
0,5400.14
0,5461.391
0,5207.963
0,5023.659
0,4930.437
0,4678.073
0,4369.621
0,4053.664
0,3812.294
0,3646.758
0,3532.483
0,3468.697
0,3488.346
0,3588.12
0,3684.779
0,3741.335
0,3721.151
0,3688.984
0,3528.337
0,3476.725
0,3466.648
0,3487.653
0,3539.74
0,3657.984
0,3829.603
0,4053.693
0,4199.545
0,4283.346
0,4358.426
0,4218.293
0,4018.487
0,3822.663
0,3611.817
0,3477.92
0,3391.854
0,3343.631
0,3342.874
0,3402.409
0,3448.766
0,3529.929
0,3583.098
0,3510.435
0,3357.541
0,3361.254
0,3241.999
0,3448.457
0,3446.997
0,3629.831
0,3683.581
0,3975.521
0,4066.199
0,4158.215
0,4188.48
0,4079.068
0,3908.311
0,3724.262
0,3554.986
0,3450.688
0,3364.941
0,3326.874
0,3321.351
0,3379.354
0,3354.813
0,3310.02
0,3190.16
0,3090.299
0,3037.734
0,3231.275
0,3209.816
0,3219.127
0,3085.612
0,3107.704
0,3242.221
0,3439.14
0,3717.733
0,3971.773
0,4189.573
0,4152.911
0,4007.019
0,3841.402
0,3679.366
0,3599.088
0,3568.489
0,3566.246
0,3653.741
0,3843.882
0,4088.413
0,4212.338
0,4138.68
0,4154.595
0,4113.402
0,4103.572
0,4240.993
0,4387.36
0,4497.608
0,4582.985
0,4670.315
0,4742.068
0,4787.652
0,4879.469
0,4819.195
0,4642.39
0,4433.623
0,4202.85
0,4002.866
0,3890.371
0,3812.158
0,3794.122
0,3859.159
0,4067.025
0,4316.632
0,4466.043
0,4431.962
0,4370.862
0,4376.455
0,4367.136
0,4401.625
0,4485.751
0,4474.168
0,4541.694
0,4469.194
0,4486.08
0,4577.282
0,4762.797
0,4858.584
0,4715.399
0,4485.44
0,4229.931
0,4025.512
0,3902.806
0,3838.215
0,3828.443
0,3890.723
0,4087.708
0,4285.236
0,4387.413
0,4267.646
0,4078.477
0,3917.843
0,3830.772
0,3752.092
0,3730.309
0,3733.642
0,3789.862
0,3931.587
0,4128.896
0,4302.7
0,4485.008
0,4624.504
0,4477.251
0,4241.311
0,4007.547
0,3836.516
0,3721.569
0,3671.039
0,3655.06
0,3729.623
0,3929.257
0,4101.062
0,4214.577
0,4113.957
0,4028.325
0,4004.887
0,4081.791
0,4003.672
0,3978.451
0,4017.291
0,4161.771
0,4251.167
0,4381.632
0,4498.298
0,4560.591
0,4601.206
0,4420.997
0,4195.021
0,3965.024
0,3751.71
0,3641.377
0,3573.027
0,3552.81
0,3607.068
0,3768.69
0,3959.972
0,4059.271
0,3996.583
0,3875.073
0,3763.236
0,3703.351
0,3662.752
0,3669.102
0,3702.204
0,3800.486
0,3939.972
0,4141.287
0,4287.5
0,4392.024
0,4484.888
0,4332.71
0,4127.851
0,3905.752
0,3698.027
0,3566.634
0,3489.183
0,3440.173
0,3439.942
0,3513.19
0,3540.518
0,3651.944
0,3729.523
0,3694.973
0,3616.688
0,3502.999
0,3446.299
0,3429.59
0,3358.348
0,3508.364
0,3699.978
0,3882.865
0,3994.258
0,4093.532
0,4191.946
0,4100.121
0,3942.857
0,3757.509
0,3590.153
0,3476.486
0,3394.199
0,3348.869
0,3343.557
0,3373.33
0,3343.908
0,3305.225
0,3229.522
0,3170.631
0,3139.796
0,3136.505
0,3049.289
0,2974.058
0,3020.05
0,3122.258
0,3330.94
0,3594.908
0,3847.736
0,4045.147
0,4217.077
0,4135.934
0,3940.482
0,3731.34
0,3549.771
0,3448.121
0,3408.039
0,3391.696
0,3459.585
0,3676.037
0,3942.756
0,4214.803
0,4369.047
0,4408.247
0,4372.423
0,4349.429
0,4300.902
0,4292.259
0,4319.703
0,4375.106
0,4411.76
0,4449.792
0,4490.341
0,4620.684
0,4651.91
0,4476.604
0,4197.984
0,3938.419
0,3728.869
0,3611.388
0,3549.801
0,3519.469
0,3564.879
0,3746.053
0,4032.808
0,4300.434
0,4413.172
0,4452.881
0,4396.607
0,4317.938
0,4281.162
0,4271.873
0,4359.857
0,4341.36
0,4471.331
0,4622.8
0,4620.811
0,4670.39
0,4660.344
0,4468.203
0,4214.811
0,3944.455
0,3741.146
0,3599.169
0,3514.257
0,3492.396
0,3554.894
0,3731.946
0,3963.633
0,4140.344
0,4121.186
0,3971.075
0,3901.457
0,3953.811
0,4006.354
0,4096.829
0,4110.239
0,4180.121
0,4258.036
0,4409.716
0,4477.977
0,4613.961
0,4737.09
0,4595.023
0,4351.515
0,4102.395
0,3906.061
0,3789.369
0,3726.558
0,3720.006
0,3803.143
0,3992.583
0,4279.58
0,4489.996
0,4398.552
0,4125.48
0,3938.391
0,3830.454
0,3769.712
0,3748.766
0,3734.918
0,3789.291
0,3931.3
0,4123.2
0,4323.382
0,4531.449
0,4707.788
0,4586.288
0,4367.03
0,4108.446
0,3913.508
0,3793.538
0,3746.549
0,3738.297
0,3823.669
0,4000.085
0,4241.718
0,4320.415
0,4193.294
0,4019.661
0,3868.228
0,3777.363
0,3705.909
0,3678.774
0,3677.269
0,3697.256
0,3846.351
0,4039.861
0,4226.673
0,4367.346
0,4495.376
0,4394.305
0,4195.659
0,3985.609
0,3785.564
0,3662.404
0,3592.674
0,3565.167
0,3573.828
0,3642.924
0,3653.831
0,3607.196
0,3473.673
0,3346.046
0,3235.748
0,3150.048
0,3103.517
0,3086.385
0,3102.435
0,3193.878
0,3377.2
0,3629.687
0,3881.66
0,4028.328
0,4163.878
0,4094.051
0,3923.32
0,3746.764
0,3587.084
0,3475.849
0,3403.91
0,3384.958
0,3397.416
0,3422.624
0,3392.627
0,3318.787
0,3198.802
0,3093.068
0,3034.639
0,3028.943
0,3052.079
0,3107.229
0,3224.227
0,3448.86
0,3669.533
0,3877.198
0,3993.041
0,4118.297
0,4246.318
0,4145.276
0,3948.874
0,3732.364
0,3548.437
0,3438.274
0,3371.46
0,3356.512
0,3406.934
0,3614.754
0,3932.678
0,4205.402
0,4375.843
0,4467.365
0,4530.498
0,4544.428
0,4474.228
0,4427.918
0,4408.006
0,4425.097
0,4440.966
0,4481.405
0,4523.772
0,4561.455
0,4646.5
0,4480.034
0,4232.716
0,3964.235
0,3739.735
0,3623.536
0,3544.404
0,3518.708
0,3551.7
0,3727.3
0,3941.187
0,4125.857
0,4074.106
0,3985.628
0,3937.702
0,3895.081
0,3934.63
0,4027.547
0,4044.183
0,4213.008
0,4307.794
0,4355.859
0,4355.41
0,4461.452
0,4574.528
0,4420.888
0,4183.659
0,3911.988
0,3712.152
0,3584.097
0,3506.018
0,3484.574
0,3538.619
0,3710.609
0,3971.881
0,4274.638
0,4470.052
0,4563.801
0,4604.338
0,4600.438
0,4465.119
0,4367.651
0,4379.505
0,4173.097
0,4220.355
0,4360.344
0,4461.88
0,4544.901
0,4662.592
0,4519.056
0,4257.988
0,3985.991
0,3780.932
0,3635.519
0,3544.215
0,3519.444
0,3548.224
0,3708.558
0,3896.737
0,4163.256
0,4182.299
0,4127.673
0,3972.674
0,3956.756
0,3978.707
0,4061.953
0,4201.938
0,4267.81
0,4398.92
0,4526.082
0,4617.368
0,4683.14
0,4746.311
0,4571.077
0,4287.94
0,4006.243
0,3792.514
0,3609.869
0,3526.191
0,3489.624
0,3528.219
0,3680.529
0,3901.212
0,4212.53
0,4377.247
0,4471.001
0,4541.745
0,4551.584
0,4470.8
0,4519.769
0,4561.751
0,4553.323
0,4522.406
0,4525.138
0,4500.069
0,4521.143
0,4539.947
0,4392.675
0,4180.169
0,3958.46
0,3758.381
0,3630.682
0,3547.366
0,3504.398
0,3502.392
0,3572.761
0,3631.649
0,3772.494
0,3971.67
0,4125.893
0,4250.366
0,4321.114
0,4339.683
0,4320.706
0,4247.892
0,4186.248
0,4203.63
0,4276.288
0,4331.812
0,4390.303
0,4463.014
0,4357.248
0,4193.815
0,4001.513
0,3819.052
0,3693.097
0,3605.703
0,3551.406
0,3541.53
0,3571.445
0,3568.23
0,3606.627
0,3604.815
0,3575.707
0,3558.637
0,3511.308
0,3426.303
0,3350.623
0,3331.562
0,3403.593
0,3571.552
0,3721.165
0,3891.656
0,4035.924
0,4222.906
0,4176.912
0,4004.056
0,3800.215
0,3634.643
0,3519.699
0,3475.07
0,3474.817
0,3564.713
0,3751.855
0,3984.823
0,4106.337
0,4022.674
0,3899.682
0,3780.628
0,3724.251
0,3707.594
0,3723.415
0,3758.245
0,3860.069
0,4046.905
0,4240.899
0,4388.323
0,4497.464
0,4610.227
0,4478.329
0,4191.48
0,3917.514
0,3700.862
0,3567.738
0,3503.687
0,3481.318
0,3526.862
0,3685.257
0,3910.982
0,4037.616
0,3958.619
0,3834.475
0,3753.324
0,3733.83
0,3726.4
0,3784.574
0,3862.465
0,3983.298
0,4253.426
0,4447.804
0,4477.969
0,4522.598
0,4620.277
0,4472.943
0,4191.116
0,3904.318
0,3692.499
0,3554.201
0,3472.452
0,3449.813
0,3497.15
0,3615.611
0,3868.272
0,4033.942
0,4079.184
0,4165.091
0,4171.606
0,4165.951
0,4132.167
0,4195.884
0,4096.11
0,4230.394
0,4460.583
0,4554.502
0,4605.894
0,4680.066
0,4774.562
0,4610.438
0,4299.434
0,3987.361
0,3752.989
0,3611.093
0,3518.697
0,3472.11
0,3522.759
0,3657.119
0,3879.613
0,4121.626
0,4294.404
0,4364.003
0,4375.785
0,4282.602
0,4188.897
0,4290.785
0,4437.015
0,4532.686
0,4723.733
0,4888.591
0,4967.448
0,4967.139
0,4974.434
0,4827.524
0,4540.818
0,4226.02
0,3943.93
0,3787.895
0,3680.669
0,3632.158
0,3658.058
0,3796.096
0,4000.139
0,4299.039
0,4471.67
0,4556.839
0,4574.089
0,4516.378
0,4496.536
0,4647.454
0,4882.133
0,4930.79
0,4866.565
0,4851.099
0,4829.506
0,4839.976
0,4869.38
0,4708.908
0,4458.665
0,4166.669
0,3948.673
0,3769.9
0,3656.634
0,3596.222
0,3577.799
0,3608.934
0,3625.784
0,3735.055
0,3886.751
0,4029.419
0,4080.435
0,4289.531
0,4391.349
0,4422.274
0,4452.584
0,4483.565
0,4459.027
0,4490.247
0,4498.374
0,4519.49
0,4587.069
0,4478.073
0,4295.502
0,4100.535
0,3895.038
0,3717.9
0,3603.697
0,3534.77
0,3507.593
0,3510.97
0,3459.22
0,3532.274
0,3608.899
0,3737.163
0,3867.672
0,3907.618
0,3996.835
0,4156.035
0,4277.637
0,4479.017
0,4624.524
0,4856.245
0,5093.555
0,5086.019
0,5150.864
0,5056.041
0,4796.472
0,4470.234
0,4215.331
0,3999.976
0,3880.233
0,3804.393
0,3824.465
0,3927.846
0,4202.606
0,4522.002
0,4734.291
0,4900.364
0,5084.303
0,5284.793
0,5375.623
0,5337.122
0,5384.283
0,5419.011
0,5631.265
0,5814.984
0,5736.702
0,5505.499
0,5397.534
0,5191.301
0,4816.68
0,4403.378
0,4019.684
0,3807.437
0,3677.918
0,3605.277
0,3619.606
0,3719.936
0,3914.148
0,4108.954
0,4173.143
0,4160.097
0,4147.68
0,4227.835
0,4381.989
0,4590.306
0,4663.193
0,4783.48
0,4938.503
0,5082.16
0,5142.821
0,5104.928
0,5063.648
0,4910.293
0,4561.2
0,4182.827
0,3870.408
0,3671.853
0,3565.324
0,3508.411
0,3533.871
0,3639.455
0,3847.093
0,4016.54
0,4042.523
0,4005.076
0,4009.464
0,4010.649
0,4017.393
0,4132.441
0,4277.435
0,4450.589
0,4659.907
0,4867.037
0,4932.687
0,4934.369
0,4968.794
0,4817.136
0,4511.151
0,4209.238
0,3950.574
0,3754.877
0,3626.832
0,3574.116
0,3596.646
0,3756.803
0,3996.118
0,4314.297
0,4529.718
0,4572.279
0,4536.58
0,4549.398
0,4469.021
0,4464.22
0,4437.168
0,4399.246
0,4468.4
0,4681.944
0,4798.516
0,4867.678
0,4964.195
0,4821.844
0,4525.814
0,4180.084
0,3921.594
0,3729.39
0,3624.913
0,3573.351
0,3594.971
0,3708.258
0,3877.796
0,4137.954
0,4261.448
0,4299.097
0,4440.144
0,4705.556
0,4747.353
0,4664.789
0,4898.547
0,5075.804
0,5186.368
0,5114.321
0,5024.837
0,4969.21
0,5028.048
0,4907.703
0,4672.453
0,4404.535
0,4176.292
0,3936.166
0,3808.65
0,3717.021
0,3692.604
0,3711.431
0,3723.814
0,3856.475
0,3992.459
0,4060.087
0,4389.94
0,4841.862
0,5295.186
0,5738.418
0,6142.752
0,6493.933
0,6807.487
0,7098.439
0,7205.597
0,7101.041
0,6946.416
0,6734.689
0,6327.633
0,5964.094
0,5580.424
0,5199.854
0,4920.586
0,4714.951
0,4587.775
0,4466.051
0,4434.142
0,4506.508
0,4821.524
0,5137.993
0,5430.307
0,5716.586
0,5892.584
0,6280.646
0,6676.047
0,7022.896
0,7327.985
0,7599.704
0,7562.447
0,7237.539
0,6884.741
0,6641.623
0,6166.259
0,5631.036
0,5184.872
0,4783.4
0,4461.123
0,4265.818
0,4168.861
0,4173.746
0,4280.765
0,4476.578
0,4541.312
0,4538.105
0,4524.575
0,4591.605
0,4699.154
0,4843.702
0,5028.521
0,5234.617
0,5515.565
0,5653.262
0,5536.932
0,5441.443
0,5422.233
0,5221.493
0,4863.179
0,4486.093
0,4178.891
0,3979.678
0,3846.443
0,3773.388
0,3784.962
0,3898.897
0,4120.411
0,4378.011
0,4493.294
0,4541.974
0,4544.735
0,4520.216
0,4415.683
0,4432.46
0,4566.306
0,4659.812
0,4718.984
0,4794.312
0,4808.811
0,4780.462
0,4807.366
0,4673.347
0,4378.02
0,4068.554
0,3829.91
0,3680.36
0,3578.756
0,3533.726
0,3558.371
0,3650.795
0,3846.006
0,4049.656
0,4122.59
0,4124.008
0,4107.36
0,4151.315
0,4187.013
0,4250.036
0,4359.078
0,4506.435
0,4717.333
0,4863.175
0,4844.166
0,4803.212
0,4801.849
0,4657.462
0,4347.206
0,4062.908
0,3782.942
0,3622.523
0,3529.932
0,3505.298
0,3532.319
0,3643.654
0,3815.91
0,4062.128
0,4201.969
0,4197.847
0,4213.455
0,4231.956
0,4419.66
0,4574.069
0,4764.115
0,4868.959
0,4963.816
0,4984.902
0,4945.257
0,4941.321
0,4993.366
0,4905.117
0,4639.156
0,4408.548
0,4078.511
0,3954.26
0,3865.661
0,3817.533
0,3844.666
0,3989.994
0,4210.555
0,4490.845
0,4771.765
0,4860.348
0,4960.263
0,5248.734
0,5396.438
0,5642.002
0,5842.736
0,6020.192
0,6023.823
0,5701.165
0,5418.436
0,5295.584
0,5255.491
0,5119.655
0,4882.91
0,4637.856
0,4364.588
0,4121.573
0,3976.729
0,3915.867
0,3873.038
0,3874.567
0,3861.268
0,3959.376
0,4087.914
0,4214.334
0,4376.867
0,4567.03
0,4677.229
0,4368.977
0,4529.881
0,4728.888
0,4691.258
0,4806.101
0,5025.552
0,5065.511
0,5000.132
0,4958.937
0,4704.165
0,4438.064
0,4153.578
0,3929.811
0,3759.547
0,3645.302
0,3569.05
0,3477.458
0,3445.29
0,3439.481
0,3512.981
0,3605.986
0,3778.246
0,4002.363
0,4150.424
0,4320.899
0,4466.619
0,4673.322
0,4920.005
0,5169.945
0,5269.492
0,5207.366
0,5092.322
0,4989.208
0,4744.959
0,4467.884
0,4153.909
0,3937.322
0,3790.791
0,3695.399
0,3667.968
0,3620.254
0,3631.13
0,3704.508
0,3860.713
0,4087.778
0,4407.09
0,4779.516
0,5151.449
0,5532.501
0,5904.374
0,6223.995
0,6564.947
0,6867.28
0,6992.374
0,6932.834
0,6794.746
0,6603.31
0,6191.362
0,5707.968
0,5221.429
0,5030.055
0,4780.378
0,4645.321
0,4612.019
0,4687.033
0,4908.463
0,5375.174
0,5835.953
0,6248.062
0,6625.252
0,6985.199
0,7312.808
0,7682.98
0,8023.016
0,8391.208
0,8659.75
0,8816.503
0,8741.833
0,8526.801
0,8246.733
0,7830.874
0,7108.716
0,6393.456
0,5807.175
0,5292.471
0,4945.442
0,4706.473
0,4578.362
0,4563.298
0,4669.872
0,4857.216
0,4969.046
0,5011.244
0,5000.966
0,5059.66
0,5181.104
0,5332.511
0,5505.306
0,5775.382
0,5883.444
0,5822.244
0,5676.992
0,5545.144
0,5435.923
0,5208.242
0,4877.101
0,4538.912
0,4234.272
0,4081.679
0,3968.868
0,3910.008
0,3935.574
0,4061.352
0,4306.373
0,4641
0,4837.587
0,5001.676
0,5059.208
0,5431.779
0,5641.213
0,6068.593
0,6293.82
0,6576.564
0,6699.244
0,6515.669
0,6298.464
0,6137.881
0,6059.806
0,5898.699
0,5551.663
0,5145.949
0,4863.077
0,4546.887
0,4369.857
0,4269.907
0,4256.742
0,4365.232
0,4575.882
0,4886.068
0,5063.466
0,5194.821
0,5218.158
0,5304.441
0,5376.557
0,5580.8
0,5772.364
0,6020.927
0,6189.085
0,6193.005
0,6024.034
0,5811.814
0,5627.383
0,5447.996
0,5082.099
0,4734.562
0,4428.377
0,4107.908
0,3920.875
0,3796.223
0,3735.795
0,3664.751
0,3682.284
0,3775.1
0,3890.24
0,4057.097
0,4201.953
0,4405.965
0,4674.453
0,4921.934
0,5079.552
0,5357.829
0,5582.056
0,5820.93
0,5898.332
0,5770.764
0,5535.609
0,5321.801
0,4994.968
0,4657.96
0,4264.275
0,3993.888
0,3814.086
0,3682.633
0,3597.3
0,3485.129
0,3446.386
0,3452.478
0,3491.092
0,3652.048
0,3760.744
0,3851.082
0,3895.145
0,4053.733
0,4308.791
0,4585.617
0,4943.189
0,5250.81
0,5412.311
0,5342.253
0,5170.168
0,5043.081
0,4728.005
0,4369.11
0,4057.69
0,3815.455
0,3684.881
0,3636.277
0,3655.056
0,3729.786
0,3952.47
0,4234.869
0,4387.887
0,4510.632
0,4610.509
0,4774.508
0,4949.596
0,5202.065
0,5460.755
0,5767.07
0,6102.549
0,6296.777
0,6297.421
0,6037.81
0,5850.107
0,5635.812
0,5222.443
0,4795.185
0,4382.377
0,4131.565
0,3960.536
0,3861.011
0,3856.272
0,3917.033
0,4138.987
0,4442.57
0,4622.627
0,4836.788
0,4991.489
0,5200.582
0,5406.415
0,5687.022
0,5978.758
0,5996.806
0,5999.19
0,5952.595
0,5797.875
0,5700.685
0,5708.185
0,5548.314
0,5202.069
0,4840.681
0,4596.285
0,4365.342
0,4261.11
0,4209.792
0,4242.017
0,4372.58
0,4685.7
0,5060.629
0,5271.818
0,5402.233
0,5594.567
0,5764.496
0,5950.256
0,6130.94
0,6377.842
0,6680.373
0,6971.988
0,7166.422
0,7169.07
0,7022.793
0,6713.563
0,6499.742
0,6047.934
0,5595.687
0,5253.663
0,4900.201
0,4691.584
0,4591.565
0,4623.65
0,4747.859
0,5013.8
0,5359.861
0,5588.922
0,5848.742
0,6033.049
0,6168.224
0,6209.161
0,6248.394
0,6359.538
0,6573.655
0,6697.38
0,6723.979
0,6576.699
0,6333.787
0,6087.963
0,5885.796
0,5450.316
0,5007.757
0,4583.042
0,4276.921
0,4086.012
0,3972.443
0,3946.192
0,3987.956
0,4194.243
0,4466.849
0,4587.597
0,4698.74
0,4795.311
0,4958.55
0,5099.12
0,5238.375
0,5459.251
0,5776.21
0,6005.411
0,6102.099
0,5969.463
0,5791.019
0,5670.692
0,5556.139
0,5286.859
0,4958.593
0,4662.581
0,4381.402
0,4206.656
0,4078.55
0,3979.06
0,3935.768
0,3913.687
0,4017.953
0,4188.708
0,4410.292
0,4628.342
0,4853.113
0,4829.823
0,4864.71
0,4954.668
0,4899.621
0,4864.074
0,4909.735
0,4937.24
0,4945.588
0,4957.288
0,4935.207
0,4724.819
0,4462.406
0,4201.32
0,3987.392
0,3846.319
0,3758.51
0,3716.095
0,3680.317
0,3689.562
0,3793.175
0,3966.641
0,4130.97
0,4360.97
0,4396.017
0,4323.163
0,4335.503
0,4625.279
0,4827.075
0,4951.842
0,5173.119
0,5311.16
0,5312.864
0,5389.419
0,5366.24
0,5155.624
0,4862.359
0,4576.004
0,4385.851
0,4270.127
0,4216.693
0,4247.174
0,4363.103
0,4653.282
0,5048.135
0,5372.035
0,5690.998
0,6028.74
0,6354.163
0,6689.917
0,6965.739
0,7183.802
0,7442.179
0,7783.479
0,7945.068
0,7928.049
0,7685.515
0,7404.48
0,7072.902
0,6509.372
0,5908.031
0,5397.713
0,5026.293
0,4770.101
0,4603.798
0,4544.147
0,4585.075
0,4835.085
0,5114.223
0,5228.697
0,5246.384
0,5241.293
0,5251.835
0,5337.036
0,5787.998
0,5981.567
0,6347.944
0,6850.622
0,7111.155
0,7180.983
0,7054.336
0,6777.202
0,6539.002
0,6061.434
0,5533.959
0,5070.515
0,4746.556
0,4531.585
0,4403.847
0,4364.135
0,4402.806
0,4675.036
0,5006.033
0,5288.201
0,5472.299
0,5691.554
0,5901.687
0,6146.894
0,6418.816
0,6679.101
0,6937.505
0,7081.615
0,7094.707
0,6952.2
0,6675.66
0,6360.045
0,6136.982
0,5708.411
0,5268.819
0,4908.912
0,4649.103
0,4477.583
0,4383.852
0,4402.947
0,4521.784
0,4814.915
0,5089.053
0,5256.861
0,5273.891
0,5223.13
0,5174.513
0,5357.097
0,5517.405
0,5725.85
0,5944.502
0,6115.432
0,6101.864
0,5944.282
0,5874.185
0,5888.126
0,5753.637
0,5483.014
0,5151.992
0,4850.747
0,4655.729
0,4503.126
0,4446.304
0,4466.429
0,4593.102
0,4845.289
0,5210.291
0,5480.839
0,5742.741
0,6134.34
0,6712.211
0,7225.413
0,7424.023
0,7629.642
0,7750.814
0,7865.853
0,7962.269
0,7857.547
0,7570.62
0,7192.764
0,6877.162
0,6382.324
0,5875.593
0,5414.398
0,5035.643
0,4755.554
0,4600.029
0,4471.893
0,4331.648
0,4290.644
0,4351.587
0,4458.796
0,4459.68
0,4377.134
0,4336.317
0,4358.838
0,4482.861
0,4544.755
0,4507.684
0,4432.886
0,4491.878
0,4468.05
0,4474.875
0,4500.921
0,4514.171
0,4346.083
0,4125.436
0,3919.332
0,3760.21
0,3622.806
0,3574.202
0,3529.406
0,3466.236
0,3417.459
0,3362.122
0,3330.635
0,3306.938
0,3314.968
0,3349.382
0,3403.217
0,3493.117
0,3624.144
0,3794.452
0,4034.715
0,4316.194
0,4537.286
0,4605.696
0,4618.837
0,4647.622
0,4445.294
0,4178.978
0,3942.823
0,3761.711
0,3654.617
0,3616.982
0,3642.798
0,3704.692
0,3865.565
0,4082.073
0,4240.804
0,4375.382
0,4350.951
0,4366.441
0,4464.798
0,4621.541
0,4850.835
0,5144.544
0,5521.023
0,5713.313
0,5746.22
0,5732.405
0,5548.609
0,5412.327
0,5053.157
0,4646.522
0,4349.335
0,4065.714
0,3917.933
0,3819.229
0,3806.782
0,3855.981
0,4068.132
0,4346.77
0,4548.85
0,4805.494
0,4932.202
0,5017.265
0,5183.508
0,5268.224
0,5503.609
0,5785.444
0,6050.287
0,5952.27
0,5826.425
0,5687.796
0,5600.397
0,5490.813
0,5191.178
0,4844.181
0,4576.604
0,4339.967
0,4196.957
0,4115.159
0,4118.169
0,4219.403
0,4438.981
0,4727.421
0,4861.966
0,4971.89
0,5161.587
0,5311.21
0,5354.246
0,5356.827
0,5352.13
0,5299.405
0,5235.915
0,5220.127
0,5132.713
0,5062.185
0,5052.202
0,4950.919
0,4697.532
0,4434.529
0,4177.775
0,3994.568
0,3886.667
0,3819.665
0,3834.362
0,3939.586
0,4135.673
0,4475.344
0,4638.82
0,4881.57
0,5033.15
0,5063.989
0,5145.607
0,5186.835
0,5048.757
0,5068.72
0,5194.059
0,5310.005
0,5369.641
0,5329.408
0,5292.721
0,5241.833
0,4951.491
0,4659.344
0,4344.905
0,4145.737
0,4005.594
0,3946.462
0,3949.1
0,4030.39
0,4207.215
0,4465.317
0,4696.902
0,4820.037
0,4956.749
0,5204.232
0,5456.497
0,5688.456
0,6018.209
0,6340.108
0,6609.853
0,6770.691
0,6759.957
0,6646.197
0,6428.693
0,6243.888
0,5873.693
0,5465.828
0,5122.031
0,4757.091
0,4532.448
0,4361.807
0,4266.258
0,4173.292
0,4210.644
0,4399.503
0,4691.126
0,5025.119
0,5401.442
0,5825.292
0,6192.944
0,6404.041
0,6670.035
0,6929.023
0,7175.071
0,7382.333
0,7446.714
0,7330.809
0,7060.629
0,6837.095
0,6446.153
0,6002.908
0,5588.514
0,5307.713
0,4927.665
0,4736.581
0,4593.993
0,4444.364
0,4419.124
0,4582.324
0,4827.67
0,5171.54
0,5587.305
0,5887.998
0,6276.497
0,6560.831
0,6873.237
0,7124.121
0,7305.418
0,7470.917
0,7501.168
0,7261.444
0,7056.565
0,6786.936
0,6370.675
0,5875.471
0,5518.602
0,5161.384
0,4986.776
0,4897.245
0,4915.815
0,5039.098
0,5254.908
0,5537.171
0,5865.582
0,6104.236
0,6266.065
0,6395.873
0,6482.326
0,6733.918
0,6600.58
0,6386.899
0,6246.734
0,6288.731
0,6206.15
0,6151.153
0,6085.669
0,5953.663
0,5627.599
0,5213.982
0,4864.835
0,4606.74
0,4374.716
0,4222.118
0,4205.31
0,4249.014
0,4385.107
0,4602.172
0,4728.282
0,4775.679
0,4862.733
0,5017.914
0,5253.098
0,5503.124
0,5789.554
0,5983.091
0,6215.387
0,6406.397
0,6435.53
0,6350.553
0,6049.406
0,5883.746
0,5471.968
0,5106.056
0,4721.439
0,4414.751
0,4223.17
0,4103.942
0,4081.966
0,4133.851
0,4295.55
0,4590.052
0,4815.571
0,5026.775
0,5244.432
0,5499.343
0,5741.29
0,6069.657
0,6461.247
0,6795.817
0,7050.007
0,7218.906
0,7151.968
0,6970.678
0,6718.464
0,6471.537
0,6087.702
0,5618.919
0,5251.342
0,4877.23
0,4622.121
0,4458.454
0,4399.72
0,4427.523
0,4627.384
0,4947.391
0,5196.053
0,5501.301
0,5827.32
0,6126.158
0,6347.461
0,6691.377
0,7037.37
0,7325.446
0,7593.165
0,7784.572
0,7781.702
0,7630.438
0,7248.827
0,6958.694
0,6498.709
0,5981.122
0,5563.406
0,5205.64
0,4956.541
0,4778.451
0,4703.327
0,4756.601
0,4983.167
0,5380.18
0,5809.404
0,6205.574
0,6662.043
0,7132.373
0,7548.818
0,7903.056
0,8170.908
0,8445.343
0,8505.065
0,8406.784
0,8245.336
0,8061.36
0,7849.713
0,7608.312
0,7190.622
0,6705.206
0,6245.911
0,5900.881
0,5669.118
0,5500.034
0,5406.666
0,5338.621
0,5296.433
0,5387.723
0,5639.402
0,5881.975
0,6121.261
0,6580.552
0,6908.495
0,7182.199
0,7392.805
0,7589.095
0,7813.424
0,7806.418
0,7798.614
0,7634.37
0,7321.985
0,7106.62
0,6717.867
0,6283.409
0,5903.812
0,5580.957
0,5332.531
0,5148.406
0,5026.434
0,4908.509
0,4829.973
0,4898.501
0,5005.309
0,5130.724
0,5206.646
0,5307.338
0,5587.276
0,5862.36
0,6110.259
0,6371.097
0,6646.866
0,6846.619
0,6902.242
0,6698.317
0,6341.192
0,6082.233
0,5706.42
0,5308.32
0,4934.823
0,4606.38
0,4348.062
0,4182.892
0,4077.832
0,3989.302
0,3971.588
0,4027.346
0,4152.679
0,4360.797
0,4621.827
0,4905.064
0,5186.208
0,5481.455
0,5765.425
0,6081.065
0,6392.241
0,6618.454
0,6702.596
0,6567.464
0,6302.266
0,6080.985
0,5787.586
0,5429.98
0,5073.228
0,4760.48
0,4536.003
0,4417.49
0,4392.278
0,4483.975
0,4677.623
0,4971.629
0,5209.505
0,5608.811
0,5969.623
0,6367.756
0,6800.622
0,7355.54
0,7462.358
0,7381.131
0,7293.963
0,7088.912
0,6878.764
0,6747.875
0,6659.846
0,6520.544
0,6227.952
0,5825.728
0,5477.83
0,5228.53
0,5084.104
0,5017.719
0,5039.933
0,5139.784
0,5381.62
0,5789.12
0,6180.461
0,6516.868
0,6802.577
0,7078.978
0,7297.091
0,7536.659
0,7399.498
0,7465.615
0,7692.558
0,7778.819
0,7721.551
0,7504.25
0,7288.566
0,7060.411
0,6639.762
0,6166.268
0,5740.174
0,5434.112
0,5190.617
0,5029.229
0,4984.277
0,5054.671
0,5230.451
0,5490.968
0,5701.241
0,5839.558
0,6000.939
0,6183.949
0,6418.362
0,6652.376
0,6809.232
0,6971.424
0,7049.876
0,7094.776
0,6935.535
0,6762.867
0,6543.793
0,6347.867
0,5934.173
0,5521.173
0,5109.503
0,4806.416
0,4620.003
0,4463.495
0,4432.707
0,4471.04
0,4657.542
0,4957.628
0,5307.736
0,5519.302
0,5851.002
0,6213.671
0,6618.043
0,7014.117
0,7190.204
0,7158.717
0,7386.894
0,7403.595
0,7279.234
0,6986.171
0,6821.075
0,6613.082
0,6239.766
0,5823.299
0,5497.556
0,5187.827
0,4950.135
0,4792.424
0,4707.133
0,4655.791
0,4611.416
0,4740.48
0,4907.05
0,5154.589
0,5347.026
0,5559.287
0,5741.557
0,5950.864
0,6173.246
0,6253.119
0,6333.859
0,6377.582
0,6389.33
0,6242.034
0,6059.146
0,5920.784
0,5567.038
0,5239.184
0,4903.908
0,4634.925
0,4391.294
0,4222.3
0,4107.128
0,3988.765
0,3901.627
0,3949.161
0,4038.492
0,4185.312
0,4428.507
0,4707.117
0,4991.585
0,5290.916
0,5531.947
0,5831.336
0,6117.67
0,6322.008
0,6370.705
0,6234.436
0,5975.809
0,5813.497
0,5501.888
0,5116.94
0,4827.925
0,4490.165
0,4307.906
0,4208.092
0,4207.425
0,4276.542
0,4479.353
0,4790.75
0,5049.247
0,5227.755
0,5475.578
0,5744.266
0,6088.929
0,6447.543
0,6727.143
0,7032.717
0,7277.294
0,7421.742
0,7372.498
0,7146.473
0,6739.16
0,6497.463
0,6029.788
0,5521.79
0,5174.268
0,4809.769
0,4598.12
0,4484.486
0,4470.14
0,4607.332
0,4847.477
0,5190.772
0,5569.446
0,5860.903
0,6225.104
0,6653.331
0,7107.044
0,7645.721
0,8026.927
0,8366.338
0,8601.364
0,8823.718
0,8588.534
0,8270.621
0,7983.285
0,7693.98
0,7192.081
0,6697.102
0,6242.108
0,5862.889
0,5582.915
0,5360.478
0,5225.332
0,5236.844
0,5452.974
0,5756.426
0,6086.736
0,6325.885
0,6683.943
0,7006.954
0,7327.035
0,7641.135
0,8023.002
0,8241.762
0,8465.376
0,8581.438
0,8587.211
0,8330.024
0,8001.466
0,7710.666
0,7191.657
0,6669.602
0,6195.864
0,5820.001
0,5547.904
0,5303.143
0,5203.874
0,5261.686
0,5374.113
0,5718.94
0,6068.497
0,6365.408
0,6703.809
0,6966.962
0,7274.941
0,7702.048
0,7953.462
0,8156.804
0,8355.052
0,8353.088
0,8235.801
0,8015.133
0,7679.216
0,7354.293
0,6821.496
0,6238.804
0,5744.128
0,5379.266
0,5136.696
0,4947.725
0,4856.449
0,4892.918
0,4993.337
0,5256.458
0,5520.84
0,5795.835
0,6078.637
0,6350.914
0,6651.594
0,6958.752
0,7176.196
0,7349.898
0,7507.573
0,7526.333
0,7360.803
0,7113.594
0,6880.498
0,6681.098
0,6315.803
0,5932.715
0,5535.326
0,5243.056
0,4996.902
0,4870.227
0,4788.742
0,4774.335
0,4768.148
0,4877.879
0,5119.195
0,5397.677
0,5642.912
0,5995.419
0,6358.786
0,6558.843
0,6641.83
0,6672.544
0,6846.34
0,6798.412
0,6637.721
0,6474.731
0,6453.291
0,6340.478
0,6063.127
0,5779.909
0,5461.088
0,5206.756
0,4972.95
0,4792.446
0,4668.498
0,4602.938
0,4537.955
0,4615.091
0,4760.017
0,5041.15
0,5371.118
0,5732.972
0,6087.643
0,6432.945
0,6705.586
0,6951.979
0,7121.012
0,7172.367
0,7201.697
0,7096.899
0,7063.198
0,6938.013
0,6621.648
0,6214.38
0,5856.647
0,5569.533
0,5371.562
0,5243.43
0,5252.225
0,5373.542
0,5592.724
0,5897.768
0,6149.347
0,6426.398
0,6709.389
0,6981.291
0,7260.846
0,7794.066
0,7935.437
0,7893.954
0,7936.326
0,7963.52
0,7782.095
0,7632.527
0,7441.692
0,7211.016
0,6818.05
0,6289.291
0,5850.909
0,5543.021
0,5318.787
0,5160.527
0,5104.723
0,5188.527
0,5380.464
0,5736.03
0,6062.547
0,6343.192
0,6665.048
0,6985.485
0,7302.817
0,7716.292
0,8053.835
0,8367.744
0,8622.597
0,8785.858
0,8817.449
0,8681.197
0,8407.15
0,8095.996
0,7562.786
0,7008.13
0,6490.124
0,6099.622
0,5781.994
0,5574.8
0,5463.743
0,5503.811
0,5681.782
0,6121.099
0,6561.044
0,7030.001
0,7529.859
0,8001.388
0,8486.168
0,8847.993
0,9095.496
0,9306.708
0,9450.201
0,9515.353
0,9490.104
0,9307.027
0,9035.288
0,8714.823
0,8111.765
0,7492.902
0,6943.042
0,6557.556
0,6252.871
0,6053.543
0,5964.922
0,6028.904
0,6232.834
0,6686.872
0,7170.672
0,7665.417
0,8116.732
0,8567.1
0,8984.76
0,8992.055
0,9130.707
0,9259.406
0,9327.051
0,9468.006
0,9437.858
0,9240.63
0,8921.198
0,8613.437
0,8090.764
0,7527.729
0,6994.648
0,6625.678
0,6261.879
0,6011.347
0,5908.739
0,5885.517
0,5991.433
0,6369.298
0,6792.952
0,7213.555
0,7578.954
0,7912.818
0,8195.81
0,8478.722
0,8805.834
0,9027.403
0,9194.016
0,9267.783
0,8862.141
0,8537.053
0,8260.094
0,7969.802
0,7496.289
0,7035.524
0,6593.357
0,6264.075
0,5960.096
0,5746.503
0,5591.644
0,5487.054
0,5446.419
0,5687.52
0,6054.544
0,6492.544
0,6908.548
0,7271.052
0,7601.547
0,7920.902
0,8204.816
0,8476.01
0,8719.151
0,8883.802
0,8891.575
0,8707.975
0,8448.171
0,8150.29
0,7713.009
0,7243.232
0,6774.381
0,6401.597
0,6123.606
0,5900.602
0,5725.885
0,5569.017
0,5471.072
0,5601.915
0,5868.943
0,6253.897
0,6723.868
0,7178.533
0,7570.994
0,7951.306
0,8328.346
0,8599.384
0,8887.955
0,9083.844
0,9149.748
0,9047.18
0,8879.985
0,8596.491
0,8081.33
0,7627.155
0,7264.144
0,6977.635
0,6767.41
0,6649.836
0,6604.613
0,6676.862
0,6840.842
0,7163.98
0,7555.94
0,7836.052
0,8153.135
0,8386.727
0,8395.47
0,8179.833
0,8196.669
0,8402.762
0,8318.197
0,8476.918
0,8625.177
0,8495.253
0,8281.101
0,8016.18
0,7517.235
0,6971.6
0,6532.971
0,6157.991
0,5822.56
0,5539.579
0,5392.73
0,5363.601
0,5453.985
0,5685.407
0,5842.771
0,6037.782
0,6293.985
0,6498.804
0,6571.24
0,6643.414
0,6628.044
0,6810.85
0,6925.947
0,7007.718
0,6934.094
0,6791.352
0,6664.514
0,6506.978
0,6075.297
0,5628.405
0,5233.074
0,4937.406
0,4748.676
0,4636.053
0,4643.192
0,4755.733
0,4935.741
0,5265.325
0,5533.726
0,5781.09
0,6105.935
0,6430.697
0,6757.563
0,7196.603
0,7503.961
0,7811.502
0,7825.574
0,7784.887
0,7672.924
0,7530.641
0,7450.664
0,7247.368
0,6854.88
0,6386.246
0,5986.172
0,5687.466
0,5500.386
0,5356.929
0,5321.232
0,5456.462
0,5605.632
0,6000.553
0,6312.043
0,6669.457
0,7112.793
0,7504.173
0,7866.105
0,8253.815
0,8509.412
0,8727.062
0,8969.46
0,8937.762
0,8681.184
0,8407.114
0,8189.468
0,7788.945
0,7315.837
0,6787.723
0,6298.621
0,5941.32
0,5653.604
0,5465.633
0,5349.533
0,5414.219
0,5520.216
0,5839.421
0,6132.796
0,6423.179
0,6840.168
0,7036.114
0,7200.36
0,7374.809
0,7547.537
0,7640.616
0,7704.59
0,7634.88
0,7401.379
0,7160.791
0,7022.802
0,6826.722
0,6461.98
0,6120.202
0,5778.315
0,5497.627
0,5256.739
0,5117.736
0,5021.059
0,4941.934
0,4880.83
0,5009.582
0,5209.099
0,5459.979
0,5711.006
0,5884.174
0,6124.375
0,6413.832
0,6625.673
0,6883.754
0,7150.727
0,7362.545
0,7395.082
0,7199.873
0,6940.682
0,6653.912
0,6252.778
0,5840.963
0,5452.287
0,5111.409
0,4838.335
0,4645.003
0,4513.09
0,4411.716
0,4331.14
0,4453.792
0,4664.016
0,5002.194
0,5359.475
0,5651.7
0,6042.679
0,6433.239
0,6720.726
0,7011.051
0,7151.834
0,7230.02
0,7090.018
0,6954.954
0,6967.625
0,6780.993
0,6422.887
0,5991.261
0,5652.337
0,5310.742
0,5083.935
0,4914.846
0,4868.98
0,4967.396
0,5156.192
0,5422.556
0,5620.916
0,5792.163
0,5914.295
0,5991.517
0,6026.003
0,6069.302
0,6107.614
0,6144.464
0,6186.505
0,6256.637
0,6332.326
0,6390.007
0,6258.414
0,6124.482
0,5773.945
0,5397.088
0,5065.003
0,4811.902
0,4631.974
0,4560.187
0,4606.028
0,4753.306
0,4955.339
0,5287.852
0,5656.55
0,6001.832
0,6448.697
0,6945.58
0,7396.705
0,7756.557
0,8089.507
0,8363.647
0,8605.377
0,8767.945
0,8726.407
0,8478.263
0,8161.073
0,7788.431
0,7251.591
0,6733.513
0,6214.778
0,5805.115
0,5465.391
0,5237.956
0,5130.133
0,5136.928
0,5260.141
0,5572.404
0,5864.659
0,6171.34
0,6501.02
0,6844.407
0,7160.473
0,7516.004
0,7859.283
0,8175.463
0,8446.917
0,8622.795
0,8618.009
0,8381.117
0,8058.696
0,7717.726
0,7121.756
0,6616.105
0,6120.628
0,5778.283
0,5466.594
0,5285.133
0,5208.507
0,5276.07
0,5428.658
0,5777.921
0,6241.194
0,6757.124
0,7312.542
0,7803.655
0,8323.153
0,8771.933
0,9083.643
0,9315.409
0,9460.779
0,9576.08
0,9538.521
0,9314.166
0,8973.688
0,8387.228
0,7737.114
0,7152.341
0,6654.818
0,6304.008
0,5999.848
0,5815.553
0,5740.2
0,5820.602
0,5917.146
0,6128.273
0,6497.094
0,6721.093
0,6905.396
0,7268.691
0,7504.296
0,7963.113
0,8157.773
0,8458.483
0,8806.092
0,8986.656
0,8858.297
0,8525.437
0,8255.632
0,7877.549
0,7388.569
0,6912.28
0,6477.764
0,6100.727
0,5796.958
0,5579.88
0,5438.251
0,5366.72
0,5309.104
0,5509.211
0,5862.362
0,6247.414
0,6722.392
0,7099.384
0,7447.8
0,7710.43
0,7960.664
0,8212.826
0,8423.627
0,8512.871
0,8421.733
0,8264.084
0,8130.639
0,7921.554
0,7541.976
0,7140.072
0,6776.997
0,6471.853
0,6236.704
0,6074.445
0,5941.673
0,5839.169
0,5729.586
0,5818.205
0,6056.107
0,6483.553
0,6966.862
0,7365.598
0,7772.695
0,8082.278
0,8116.978
0,7910.446
0,8309.179
0,8639.887
0,8725.798
0,8555.109
0,8386.845
0,8112.062
0,7654.57
0,7151.923
0,6722.805
0,6414.56
0,6181.63
0,6044.176
0,6042.718
0,6141.551
0,6305.426
0,6706.26
0,7098.421
0,7546.935
0,7978.482
0,8368.375
0,8723.195
0,9083.093
0,9360.859
0,9549.194
0,9626.601
0,9715.669
0,9695.693
0,9519.763
0,9293.706
0,8949.288
0,8407.049
0,7893.564
0,7442.005
0,7091.175
0,6831.413
0,6658.589
0,6624.967
0,6672.786
0,6805.836
0,7160.54
0,7569.179
0,7987.09
0,8440.919
0,8830.266
0,9276.84
0,9613.985
0,9826.578
0,10023.84
0,10147.018
0,10103.937
0,9773.489
0,9227.14
0,9059.654
0,8713.231
0,8159.248
0,7613.524
0,7214.88
0,6817.48
0,6377.012
0,6128.976
0,6010.462
0,6001.297
0,6064.116
0,6287.719
0,6460.062
0,6671.091
0,6847.601
0,7150.169
0,7574.638
0,7945.84
0,8142.457
0,8314.77
0,8506.555
0,8546.216
0,8392.368
0,8111.772
0,7915.905
0,7590.41
0,7156.612
0,6679.538
0,6241.994
0,5905.874
0,5693.111
0,5530.258
0,5488.931
0,5579.638
0,5727.776
0,5934.933
0,6041.348
0,6182.584
0,6480.741
0,6815.797
0,7099.49
0,7487.417
0,7769.554
0,8063.573
0,8295.813
0,8461.045
0,8389.985
0,8095.87
0,7829.588
0,7465.632
0,6956.917
0,6431.328
0,5926.084
0,5541.819
0,5268.768
0,5091.906
0,5035.486
0,5111.639
0,5188.093
0,5362.505
0,5553.756
0,5626.137
0,5725.481
0,5942.214
0,6212.308
0,6534.448
0,6804.37
0,7022.796
0,7185.802
0,7281.458
0,7208.661
0,6914.425
0,6596.632
0,6221.766
0,5773.665
0,5349.809
0,5001.056
0,4640.108
0,4418.117
0,4273.051
0,4182.81
0,4160.383
0,4100.285
0,4160.117
0,4231.849
0,4326.159
0,4417.892
0,4567.765
0,4726.201
0,4854.627
0,5059.401
0,5362.435
0,5676.384
0,5953.799
0,6079.89
0,5900.382
0,5761.677
0,5545.204
0,5250.821
0,4965.087
0,4634.834
0,4374.092
0,4202.066
0,4065.364
0,3993.94
0,3956.67
0,3867.953
0,3924.293
0,4042.942
0,4208.174
0,4458.501
0,4778.199
0,4975.477
0,5194.583
0,5497.298
0,5808.809
0,6082.157
0,6267.554
0,6305.491
0,6121.794
0,5986.755
0,5759.051
0,5416.178
0,5068.689
0,4756.196
0,4480.32
0,4306.549
0,4225.539
0,4234.93
0,4374.783
0,4483.213
0,4751.985
0,5029.143
0,5238.308
0,5453.565
0,5715.366
0,5964.264
0,6233.812
0,6473.815
0,6691.42
0,6890.882
0,7003.672
0,6932.618
0,6661.987
0,6441.605
0,6104.15
0,5683.261
0,5266.183
0,4874.349
0,4614.091
0,4427.016
0,4315.489
0,4294.68
0,4414.419
0,4567.237
0,4795.219
0,4995.153
0,5287.331
0,5427.871
0,5563.993
0,5671.655
0,5900.154
0,6232.629
0,6542.94
0,6817.971
0,7007.572
0,6977.312
0,6732.263
0,6565.312
0,6272.938
0,5844.428
0,5421.224
0,5024.164
0,4757.938
0,4572.974
0,4451.544
0,4419.207
0,4520.632
0,4658.812
0,4877.446
0,5050.331
0,5230.177
0,5406.3
0,5540.646
0,5733.907
0,6043.057
0,6228.156
0,6231.421
0,6262.847
0,6335.999
0,6305.782
0,6192.309
0,6142.813
0,5872.6
0,5491.761
0,5129.862
0,4799.995
0,4530.458
0,4347.459
0,4236.481
0,4194.764
0,4306.49
0,4464.17
0,4689.545
0,4888.494
0,5059.612
0,5317.989
0,5575.06
0,5918.767
0,6271.835
0,6660.405
0,6952.869
0,7088.864
0,7161.291
0,7053.538
0,6853.235
0,6715.437
0,6367.558
0,5898.704
0,5453.96
0,5067.162
0,4764.151
0,4558.049
0,4423.32
0,4392.747
0,4459.644
0,4609.397
0,4862.114
0,5147.252
0,5443.41
0,5792.607
0,6191.834
0,6629.736
0,7082.1
0,7421.266
0,7598.638
0,7742.459
0,7862.544
0,7680.464
0,7410.139
0,7215.556
0,6904.583
0,6491.55
0,6063.951
0,5670.789
0,5346.478
0,5091.1
0,4914.507
0,4810.099
0,4768.375
0,4738.728
0,4795.581
0,5062.057
0,5468.154
0,5848.885
0,6328.772
0,6739.478
0,6999.327
0,7215.998
0,7415.913
0,7590.118
0,7580.34
0,7382.212
0,7124.974
0,6961.222
0,6642.036
0,6237.043
0,5828.486
0,5468.601
0,5120.954
0,4884.513
0,4712.942
0,4616.728
0,4575.937
0,4498.567
0,4569.602
0,4800.33
0,5119.346
0,5432.389
0,5820.932
0,5981.349
0,6126.309
0,6456.313
0,6654.659
0,6786.843
0,6756.789
0,6631.38
0,6556.088
0,6536.558
0,6353.121
0,6071.289
0,5748.022
0,5471.676
0,5197.463
0,5048.029
0,4967.643
0,4989.68
0,5178.33
0,5386.92
0,5622.974
0,5924.166
0,6115.775
0,6270.355
0,6359.099
0,6296.582
0,6553.383
0,6834.125
0,7045.849
0,6956.811
0,6963.196
0,6896.743
0,6789.389
0,6682.725
0,6373.743
0,6026.551
0,5659.603
0,5329.501
0,5032.261
0,4860.67
0,4758.018
0,4770.42
0,4906.661
0,5118.872
0,5338.033
0,5567.902
0,5830.963
0,6140.166
0,6475.963
0,6823.643
0,7132.991
0,7358.173
0,7499.997
0,7688.694
0,7879.789
0,7781.463
0,7475.724
0,7210.687
0,6833.997
0,6343.007
0,5864.737
0,5408.35
0,5102.363
0,4850.95
0,4687.677
0,4649.36
0,4766.743
0,4958.254
0,5224.185
0,5539.283
0,5771.641
0,6130.505
0,6473.098
0,6826.785
0,7188.848
0,7481.663
0,7729.361
0,7995.225
0,8132.48
0,8030.109
0,7697.389
0,7401.767
0,7015.447
0,6459.224
0,5955.118
0,5497.027
0,5154.136
0,4922.834
0,4754.554
0,4698.438
0,4818.995
0,4947.707
0,5234.46
0,5553.1
0,5817.341
0,6203.933
0,6579.359
0,6992.641
0,7421.382
0,7764.37
0,8009.106
0,8237.17
0,8249.368
0,7995.069
0,7706.101
0,7497.833
0,7093.252
0,6613.2
0,6141.558
0,5749.612
0,5437.393
0,5175.628
0,5034.736
0,4954.555
0,5061.24
0,5197.758
0,5432.917
0,5826.201
0,6242.078
0,6666.202
0,7096.627
0,7590.675
0,7889.705
0,8045.509
0,8201.285
0,8307.002
0,8279.739
0,8120.359
0,7893.968
0,7621.978
0,7260.971
0,6766.662
0,6303.594
0,5961.107
0,5629.485
0,5373.594
0,5183.535
0,5043.278
0,4999.177
0,4960.268
0,5042.795
0,5293.382
0,5625.296
0,5947.981
0,6267.049
0,6601.794
0,6972.435
0,7209.323
0,7410.743
0,7602.819
0,7610.181
0,7415.926
0,7228.074
0,7106.728
0,6824.742
0,6502.532
0,6145.925
0,5750.418
0,5473.93
0,5265.498
0,5124.724
0,5047.073
0,5030.226
0,5014.94
0,5001.77
0,5138.017
0,5310.897
0,5518.581
0,5730.851
0,5982.783
0,6201.14
0,6405.366
0,6611.822
0,6779.419
0,6897.301
0,6869.776
0,6725.314
0,6680.098
0,6471.338
0,6155.355
0,5848.895
0,5531.107
0,5340.019
0,5184.606
0,5090.754
0,5094.747
0,5279.585
0,5494.238
0,5767.135
0,6102.089
0,6307.926
0,6623.333
0,6982.891
0,7319.983
0,7689.895
0,8062.333
0,8344.062
0,8509.341
0,8602.324
0,8411.529
0,8119.127
0,7880.479
0,7456.137
0,6921.735
0,6443.665
0,5967.435
0,5647.592
0,5411.893
0,5358.758
0,5379.433
0,5595.343
0,5849.846
0,6081.805
0,6384.492
0,6658.919
0,7037.398
0,7505.139
0,7901.082
0,8308.846
0,8575.348
0,8793.048
0,8920.699
0,8965.034
0,8633.061
0,8357.676
0,8021.388
0,7394.033
0,6846.707
0,6375.286
0,5964.771
0,5629.559
0,5385.612
0,5201.45
0,5094.336
0,5170.273
0,5334.749
0,5548.226
0,5782.859
0,5969.594
0,6181.767
0,6469.432
0,6701.759
0,6816.697
0,6942.674
0,7078.921
0,7233.231
0,7256.896
0,7092.326
0,6799.65
0,6545.427
0,6162.893
0,5735.318
0,5316.12
0,4932.42
0,4670.5
0,4474.299
0,4395.359
0,4371.685
0,4473.063
0,4661.866
0,4914.664
0,5113.339
0,5293.595
0,5507.514
0,5738.724
0,5987.198
0,6292.956
0,6640.378
0,6956.664
0,7206.706
0,7356.908
0,7200.084
0,6843.113
0,6569.485
0,6161.715
0,5685.417
0,5236.765
0,4810.354
0,4522.144
0,4310.697
0,4185.233
0,4133.402
0,4231.361
0,4376.72
0,4510.036
0,4650.333
0,4718.216
0,4816.173
0,4943.612
0,5126.217
0,5408.454
0,5690.653
0,5961.794
0,6233.802
0,6436.336
0,6293.275
0,6057.527
0,5872.826
0,5595.967
0,5254.169
0,4941.707
0,4615.298
0,4368.818
0,4195.681
0,4082.316
0,4021.903
0,4019.48
0,4024.755
0,4051.507
0,4196.856
0,4378.671
0,4622.393
0,4839.826
0,5093.888
0,5458.407
0,5801.21
0,6004.285
0,6063.095
0,6197.24
0,6111.82
0,5961.896
0,5846.243
0,5620.443
0,5351.277
0,5098.721
0,4877.693
0,4623.169
0,4453.189
0,4342.912
0,4282.675
0,4262.914
0,4252.394
0,4247.913
0,4410.501
0,4576.101
0,4950.347
0,5344.665
0,5779.955
0,6306.363
0,6653.18
0,6886.752
0,7009.98
0,7093.324
0,7039.946
0,6911.314
0,6784.917
0,6506.288
0,6151.586
0,5788.464
0,5520.265
0,5204.823
0,5002.312
0,4859.804
0,4792.926
0,4820.8
0,4847.626
0,4825.604
0,4923.043
0,5115.047
0,5513.543
0,5943.062
0,6359.514
0,6769.207
0,7020.805
0,7172.61
0,7265.07
0,7204.112
0,7079.723
0,7048.826
0,6922.658
0,6597.253
0,6181.004
0,5756.659
0,5436.042
0,5150.698
0,4999.062
0,4921.21
0,4955.661
0,5151.639
0,5459.639
0,5766.541
0,5992.011
0,6089.943
0,6157.968
0,6138.035
0,6087.898
0,5977.887
0,6001.281
0,6029.355
0,6013.148
0,6023.771
0,5959.446
0,5976.272
0,5893.518
0,5694.754
0,5366.614
0,5034.867
0,4748.618
0,4506.313
0,4357.715
0,4288.723
0,4292.736
0,4466.661
0,4781.286
0,4995.223
0,5158.724
0,5293.897
0,5307.133
0,5406.394
0,5393.256
0,5465.953
0,5547.968
0,5585.31
0,5657.544
0,5627.129
0,5605.28
0,5707.163
0,5624.499
0,5389.938
0,5077.898
0,4755.084
0,4478.001
0,4283.624
0,4151.384
0,4071.216
0,4077.33
0,4233.555
0,4496.933
0,4724.365
0,4794.613
0,4882.891
0,5099.37
0,5209.462
0,5375.746
0,5517.242
0,5719.128
0,5923.183
0,6137.992
0,6270.764
0,6226.691
0,6060.322
0,5943.043
0,5597.513
0,5223.92
0,4835.803
0,4464.775
0,4229.768
0,4091.51
0,4004.83
0,4006.865
0,4140.907
0,4380.58
0,4558.358
0,4650.107
0,4703.212
0,4798.278
0,4941.793
0,5103.157
0,5346.296
0,5610.495
0,5901.668
0,6185.925
0,6306.799
0,6202.579
0,5988.162
0,5853.652
0,5503.58
0,5171.117
0,4843.581
0,4513.908
0,4328.833
0,4087.062
0,3964.082
0,3895.084
0,3910.66
0,3941.596
0,3942.171
0,4032.14
0,4150.682
0,4333.922
0,4548.131
0,4804.106
0,5091.774
0,5455.68
0,5814.524
0,6033.905
0,6190.483
0,6033.018
0,5975.597
0,5857.576
0,5646.679
0,5361.33
0,5092.352
0,4866.574
0,4570.104
0,4408.609
0,4295.351
0,4226.365
0,4238.129
0,4250.482
0,4253.595
0,4374.104
0,4624.63
0,4851.148
0,4953.47
0,4993.055
0,5067.63
0,5112.515
0,5167.5
0,5172.205
0,5260.941
0,5303.806
0,5405.171
0,5426.688
0,5254.956
0,5137.345
0,4819.805
0,4579.441
0,4426.518
0,4322.507
0,4278.006
0,4315.403
0,4537.198
0,4879.42
0,5108.896
0,5294.204
0,5432.225
0,5564.674
0,5768.602
0,6035.945
0,6324.015
0,6584.401
0,6893.276
0,7180.26
0,7330.619
0,7169.801
0,7124.703
0,6949.426
0,6590.728
0,6171.353
0,5720.469
0,5415.645
0,5087.491
0,4899.929
0,4794.733
0,4773.49
0,4962.037
0,5248.775
0,5508.536
0,5715.336
0,5858.703
0,5971.41
0,6154.538
0,6367.766
0,6536.263
0,6915.658
0,7181.287
0,7281.563
0,7308.765
0,7022.418
0,6727.678
0,6387.99
0,5956.738
0,5438.199
0,5020.879
0,4626.598
0,4353.077
0,4176.96
0,4074.368
0,4052.008
0,4192.554
0,4446.7
0,4631.27
0,4700.516
0,4729.49
0,4811.091
0,4939.84
0,5103.704
0,5375.087
0,5689.076
0,6062.061
0,6355.538
0,6469.83
0,6362.394
0,6287.133
0,6109.157
0,5773.59
0,5394.509
0,5022.634
0,4687.088
0,4486.796
0,4299.922
0,4196.114
0,4177.136
0,4294.62
0,4514.771
0,4668.384
0,4662.534
0,4618.089
0,4592.368
0,4606.927
0,4693.885
0,4819.579
0,5036.589
0,5280.381
0,5515.295
0,5677.559
0,5583.554
0,5487.051
0,5345.05
0,5016.709
0,4680.798
0,4306.33
0,4020.031
0,3825.26
0,3710.215
0,3649.641
0,3659.875
0,3803.732
0,4072.226
0,4235.368
0,4250.296
0,4224.285
0,4217.572
0,4250.731
0,4286.602
0,4493.988
0,4691.319
0,4958.664
0,5211.598
0,5357.318
0,5318.053
0,5328.272
0,5187.2
0,5010.69
0,4695.251
0,4425.03
0,4199.852
0,4022.603
0,3892.997
0,3817.718
0,3787.328
0,3825.066
0,3888.908
0,3903.403
0,3992.84
0,4046.541
0,4131.08
0,4239.293
0,4409.419
0,4629.293
0,4891.645
0,5154.323
0,5309.831
0,5409.006
0,5405.731
0,5402.522
0,5290.376
0,5112.156
0,4920.203
0,4610.154
0,4353.878
0,4157.061
0,4010.914
0,3897.805
0,3838.38
0,3824.587
0,3846.398
0,3843.676
0,3924.043
0,4033.332
0,4184.645
0,4386.855
0,4710.319
0,5032.477
0,5434.381
0,5825.535
0,6079.781
0,6284.144
0,6277.989
0,6230.735
0,6099.153
0,5746.905
0,5357.196
0,5049.12
0,4720.863
0,4445.589
0,4296.476
0,4204.399
0,4214.969
0,4378.694
0,4689.065
0,4989.673
0,5172.159
0,5309.408
0,5557.386
0,5935.04
0,6303.386
0,6662.21
0,6897.993
0,7039.583
0,7172.401
0,6635.427
0,6397.628
0,6370.988
0,6240.172
0,5888.002
0,5494.363
0,5101.217
0,4769.855
0,4537.789
0,4382.508
0,4274.703
0,4288.973
0,4444.914
0,4706.398
0,4958.852
0,5047.165
0,5074.514
0,5154.582
0,5263.311
0,5512.625
0,5721.455
0,5959.922
0,6089.793
0,6209.653
0,6319.642
0,6182.437
0,6130.134
0,5962.944
0,5621.273
0,5239.247
0,4805.246
0,4469.815
0,4228.145
0,4053.59
0,3971.641
0,3970.401
0,4101.691
0,4411.162
0,4594.912
0,4708.969
0,4764.197
0,4865.221
0,5025.229
0,5246.272
0,5587.011
0,5932.829
0,6307.432
0,6615.465
0,6720.9
0,6520.627
0,6447.657
0,6231.084
0,5901.89
0,5491.672
0,5106.772
0,4773.775
0,4504.643
0,4355.241
0,4271.064
0,4269.475
0,4466.172
0,4824.835
0,5078.684
0,5254.456
0,5354.783
0,5692.739
0,6043.416
0,5721.481
0,5497.237
0,5210.339
0,4800.061
0,5105.969
0,5235.849
0,5209.969
0,5188.441
0,5004.254
0,4761.379
0,4410.349
0,4082.211
0,3846.363
0,3689.83
0,3583.18
0,3536.216
0,3563.853
0,3702.887
0,3983.476
0,4152.264
0,4118.648
0,3977.528
0,3851.562
0,3781.015
0,3744.444
0,3778.315
0,3860.153
0,3980.521
0,4171.697
0,4367.532
0,4472.368
0,4572.959
0,4472.832
0,4297.286
0,4070.271
0,3842.542
0,3642.947
0,3512.332
0,3418.628
0,3374.382
0,3371.388
0,3429.45
0,3520.431
0,3555.413
0,3603.045
0,3564.834
0,3485.598
0,3402.251
0,3269.916
0,3267.612
0,3374.565
0,3519.656
0,3776.328
0,4043.715
0,4211.773
0,4343.366
0,4289.026
0,4151.269
0,3972.067
0,3768.484
0,3588.773
0,3470.035
0,3373.341
0,3336.824
0,3327.769
0,3348.25
0,3416.983
0,3394.98
0,3481.663
0,3603.724
0,3680.075
0,3777.24
0,3905.152
0,3646.883
0,3917.099
0,4263.629
0,4253.288
0,4261.325
0,4374.11
0,4544.896
0,4485.724
0,4344.72
0,4135.937
0,3901.212
0,3719.573
0,3587.968
0,3505.246
0,3469.989
0,3507.019
0,3675.587
0,3955.902
0,4164.022
0,4226.211
0,4181.603
0,4168.375
0,4227.54
0,4424.299
0,4598.991
0,4598.017
0,4767.468
0,4968.666
0,5057.978
0,5053.938
0,5123.387
0,4981.989
0,4731.165
0,4425.278
0,4152.792
0,3898.978
0,3735.643
0,3641.17
0,3563.977
0,3597.456
0,3744.798
0,4055.032
0,4264.283
0,4231.661
0,4128.997
0,4080.398
0,4061.393
0,4110.564
0,4283.95
0,4435.718
0,4536.115
0,4708.193
0,4837.888
0,4875.754
0,4962.012
0,4803.787
0,4562.379
0,4272.541
0,3991.794
0,3765.812
0,3608.983
0,3505.076
0,3477.593
0,3527.212
0,3699.037
0,4037.069
0,4229.867
0,4179.086
0,4069.718
0,3999.055
0,3969.852
0,4023.352
0,4205.681
0,4367.622
0,4579.569
0,4717.08
0,4767.089
0,4840.428
0,4967.439
0,4825.238
0,4612.808
0,4313.737
0,4045.057
0,3915.979
0,3768.674
0,3666.13
0,3618.302
0,3642.874
0,3811.375
0,4142.292
0,4355.464
0,4326.591
0,4204.221
0,4113.094
0,4069.475
0,4098.863
0,4160.069
0,4268.878
0,4488.072
0,4678.397
0,4783.561
0,4870.407
0,4965.798
0,4831.573
0,4615.562
0,4331.149
0,4052.104
0,3857.433
0,3723.914
0,3642.266
0,3603.065
0,3641.064
0,3781.601
0,4125.466
0,4348.098
0,4409.001
0,4452.436
0,4380.445
0,4305.555
0,4240.835
0,4306.919
0,4402.594
0,4515.157
0,4566.326
0,4622.214
0,4727.469
0,4776.114
0,4650.792
0,4493.874
0,4268.956
0,4040.545
0,3856.082
0,3702.7
0,3623.393
0,3561.209
0,3563.295
0,3630.58
0,3738.438
0,3824.262
0,3929.061
0,4050.647
0,4151.092
0,4145.039
0,4225.931
0,4250.209
0,4261.06
0,4259.436
0,4306.737
0,4352.815
0,4455.841
0,4532.326
0,4457.101
0,4331.019
0,4148.757
0,3971.357
0,3816.63
0,3653.428
0,3548.689
0,3502.256
0,3485.617
0,3513.987
0,3588.633
0,3610.243
0,3736.847
0,3916.06
0,4051.655
0,4140.259
0,4203.381
0,4228.551
0,4203.908
0,4180.705
0,4252.929
0,4317.473
0,4454.948
0,4578.671
0,4467.678
0,4310.646
0,4113.282
0,3919.383
0,3740.293
0,3626.138
0,3562.849
0,3555.185
0,3617.069
0,3816.459
0,4217.186
0,4533.963
0,4714.764
0,4850.799
0,4878.976
0,4792.95
0,4786.744
0,4824.55
0,4749.276
0,4867.334
0,4949.138
0,5022.675
0,5099.928
0,5105.787
0,4957.575
0,4743.428
0,4491.635
0,4228.751
0,4019.671
0,3849.572
0,3787.614
0,3773.355
0,3830.538
0,4010.619
0,4380.366
0,4725.829
0,4870.158
0,4985.276
0,5027.889
0,5023.428
0,5027.701
0,5000.81
0,4994.481
0,4981.37
0,5003.703
0,5050.266
0,5098.721
0,5083.886
0,4984.802
0,4726.947
0,4460.478
0,4193.056
0,3996.386
0,3856.891
0,3814.848
0,3749.232
0,3790.139
0,3946.342
0,4293.184
0,4489.376
0,4647.688
0,4774.136
0,4803.48
0,4770.149
0,4751.023
0,4737.592
0,4765.389
0,4767.228
0,4815.933
0,4802.94
0,4892.544
0,5010.518
0,4865.742
0,4697.253
0,4451.071
0,4162.087
0,3952.168
0,3819.792
0,3738.743
0,3700.601
0,3758.934
0,3932.021
0,4279.91
0,4528.158
0,4453.418
0,4300.275
0,4206.507
0,4160.759
0,4144.482
0,4239.214
0,4360.574
0,4565.022
0,4787.794
0,4999.525
0,5083.26
0,5123.188
0,4962.027
0,4764.409
0,4474.353
0,4197.12
0,3952.809
0,3805.606
0,3715.603
0,3674.577
0,3707.964
0,3864.767
0,4206.428
0,4416.939
0,4426.768
0,4365.317
0,4294.035
0,4286.787
0,4346.284
0,4445.887
0,4592.339
0,4768.491
0,4982.156
0,5084.549
0,5102.752
0,5085.129
0,4926.758
0,4709.145
0,4453.804
0,4177.025
0,3954.437
0,3780.657
0,3658.623
0,3574.122
0,3553.769
0,3611.364
0,3713.649
0,3740.388
0,3717.658
0,3612.667
0,3592.637
0,3621.376
0,3526.506
0,3438.351
0,3435.273
0,3578.195
0,3801.025
0,4093.443
0,4303.174
0,4410.3
0,4366.863
0,4270.252
0,4128.551
0,3953.955
0,3794.764
0,3677.315
0,3601.269
0,3559.158
0,3559.181
0,3613.235
0,3687.936
0,3727.496
0,3662.416
0,3529.309
0,3404.323
0,3320.164
0,3277.408
0,3305.353
0,3387.042
0,3541.592
0,3808.716
0,4098.996
0,4334.034
0,4454.348
0,4390.554
0,4273.402
0,4086.684
0,3893.405
0,3729.413
0,3625.307
0,3570.045
0,3563.278
0,3629.711
0,3832.216
0,4143.547
0,4338.138
0,4339.268
0,4209.706
0,4126.131
0,4021.733
0,3992.024
0,4023.849
0,4126.17
0,4281.428
0,4502.472
0,4693.775
0,4845.784
0,4907.628
0,4765.539
0,4545.931
0,4304.122
0,4031.639
0,3817.348
0,3701.648
0,3639.513
0,3606.402
0,3680.501
0,3879.176
0,4253.353
0,4479.71
0,4403.561
0,4276.368
0,4156.208
0,4122.742
0,4105.214
0,4178.707
0,4298.865
0,4465.644
0,4701.83
0,4879.422
0,4971.928
0,4999.047
0,4869.873
0,4635.523
0,4349.034
0,4076.809
0,3878.985
0,3731.104
0,3658.799
0,3633.114
0,3680.891
0,3872.077
0,4238.055
0,4450.827
0,4431.273
0,4288.986
0,4198.798
0,4154.849
0,4138.923
0,4212.048
0,4378.743
0,4567.251
0,4724.027
0,4824.979
0,4975.211
0,5006.028
0,4856.712
0,4658.997
0,4373.726
0,4113.291
0,3885.891
0,3776.934
0,3703.816
0,3674.498
0,3708.679
0,3889.871
0,4288.98
0,4535.439
0,4715.161
0,4807.079
0,4913.024
0,4876.958
0,4945.961
0,4958.505
0,4927.821
0,4972.085
0,5038.6
0,5120.133
0,5189.579
0,5175.609
0,5045.491
0,4820.124
0,4439.815
0,4197.905
0,3933.814
0,3789.76
0,3703.392
0,3658.545
0,3688.905
0,3866.276
0,4208.416
0,4441.278
0,4464.85
0,4548.986
0,4446.067
0,4139.91
0,4042.441
0,4080.729
0,4167.815
0,4313.991
0,4521.605
0,4710.211
0,4800.415
0,4794.04
0,4653.988
0,4475.876
0,4290.198
0,4069.548
0,3851.919
0,3701.744
0,3621.731
0,3573.948
0,3578.738
0,3648.704
0,3786.08
0,3858.464
0,3856.698
0,3729.5
0,3620.797
0,3560.68
0,3517.745
0,3517.032
0,3597.849
0,3770.852
0,3986.796
0,4223.101
0,4415.374
0,4481.536
0,4403.188
0,4283.468
0,4099.892
0,3917.42
0,3751.079
0,3627.515
0,3545.287
0,3490.166
0,3475.466
0,3515.322
0,3605.115
0,3621.265
0,3585.369
0,3664.305
0,3617.086
0,3451.526
0,3716.108
0,3720.072
0,3539.062
0,3638.778
0,3919.9
0,4212.011
0,4427.664
0,4493.97
0,4410.805
0,4262.333
0,4081.279
0,3870.935
0,3685.684
0,3582.313
0,3519.874
0,3510.139
0,3567.736
0,3785.721
0,4162.326
0,4471.538
0,4596.699
0,4577.731
0,4660.845
0,4681.444
0,4557.156
0,4388.664
0,4368.87
0,4452.497
0,4696.629
0,4833.195
0,4967.357
0,4911.234
0,4815.926
0,4565.339
0,4289.05
0,4036.482
0,3818.847
0,3685.162
0,3607.124
0,3595.795
0,3646.242
0,3847.685
0,4212.679
0,4528.747
0,4524.513
0,4431.445
0,4245.233
0,4068.995
0,3919.704
0,3940.662
0,4007.27
0,4180.883
0,4428.119
0,4671.399
0,4855.232
0,4921.094
0,4812.9
0,4643.571
0,4387.345
0,4155.109
0,3959.239
0,3814.664
0,3791.932
0,3757.867
0,3840.631
0,4063.037
0,4443.327
0,4754.023
0,4666.515
0,4472.001
0,4262.565
0,4239.188
0,4282.333
0,4225.157
0,4371.244
0,4632.127
0,4634.416
0,4794.211
0,5013.566
0,5037.333
0,4923.063
0,4737.826
0,4488.491
0,4230.727
0,4030.984
0,3916.086
0,3842.965
0,3837.328
0,3908.712
0,4127.879
0,4514.279
0,4773.598
0,4704.155
0,4492.126
0,4293.821
0,4135.589
0,4057.276
0,4048.816
0,4119.319
0,4260.175
0,4489.985
0,4731.11
0,4937.216
0,4980.865
0,4876.339
0,4703.096
0,4441.393
0,4191.901
0,3990.322
0,3893.54
0,3828.319
0,3813.424
0,3880.385
0,4095.722
0,4450.684
0,4699.728
0,4691.355
0,4511.895
0,4273.962
0,4154.553
0,4085.36
0,4072.403
0,4138.771
0,4235.871
0,4472.172
0,4616.286
0,4816.148
0,4802.123
0,4685.67
0,4544.977
0,4322.349
0,4126.775
0,3986.479
0,3809.895
0,3753.412
0,3706.892
0,3732.121
0,3803.33
0,3974.226
0,4057.073
0,4033.34
0,3876.14
0,3733.399
0,3625.719
0,3558.377
0,3539.497
0,3602.981
0,3736.197
0,4010.21
0,4209.652
0,4420.886
0,4451.823
0,4383.062
0,4266.415
0,4122.616
0,3952.803
0,3782.866
0,3675.845
0,3590.661
0,3542.159
0,3543.401
0,3577.388
0,3668.978
0,3731.442
0,3798.493
0,3922.195
0,3990.381
0,4022.14
0,4038.328
0,3936.973
0,3965.725
0,4105.674
0,4233.888
0,4359.466
0,4565.472
0,4565.725
0,4480.149
0,4339.901
0,4145.176
0,3932.816
0,3764.927
0,3652.494
0,3588.609
0,3587.896
0,3676.162
0,3874.263
0,4229.665
0,4554.606
0,4685.08
0,4776.009
0,4845.491
0,4845.739
0,4839.34
0,4848.548
0,4823.949
0,4819.282
0,4899.727
0,4973.917
0,5091.367
0,5026.912
0,4884.78
0,4694.401
0,4439.135
0,4169.38
0,3967.518
0,3838.915
0,3755.813
0,3727.146
0,3787.337
0,3964.868
0,4321.279
0,4695.774
0,4773.772
0,4821.987
0,4870.109
0,4900.511
0,4906.156
0,4937.992
0,4882.575
0,4932.692
0,5045.093
0,5134.507
0,5261.465
0,5185.939
0,5057.948
0,4839.323
0,4580.096
0,4309.868
0,4075.518
0,3925.277
0,3839.521
0,3813.074
0,3836.804
0,4012.741
0,4397.577
0,4728.226
0,4798.684
0,4859.994
0,4940.825
0,4886.797
0,4887.53
0,4919.613
0,4998.666
0,5063.09
0,5110.425
0,5157.494
0,5272.837
0,5208.448
0,5043.885
0,4807.586
0,4493.876
0,4204.835
0,3974.838
0,3826.974
0,3719.627
0,3673.294
0,3719.864
0,3871.91
0,4242.167
0,4528.931
0,4534.267
0,4401.55
0,4254.375
0,4134.232
0,4089.557
0,4121.301
0,4215.788
0,4380.66
0,4631.81
0,4805.8
0,4931.55
0,4916.801
0,4790.506
0,4599.347
0,4359.423
0,4107.581
0,3888.527
0,3783.662
0,3719.177
0,3708.656
0,3746.457
0,3945.609
0,4324.746
0,4591.401
0,4586.789
0,4447.813
0,4266.184
0,4230.881
0,4080.747
0,4259.762
0,4258.121
0,4346.189
0,4463.73
0,4649.058
0,4829.556
0,4805.12
0,4703.911
0,4564.597
0,4363.428
0,4141.565
0,3952.042
0,3818.014
0,3747.476
0,3696.424
0,3710.362
0,3794.113
0,3946.956
0,4039.726
0,4047.109
0,3877.908
0,3712.401
0,3582.989
0,3501.134
0,3473.075
0,3535.811
0,3689.265
0,3968.796
0,4216.139
0,4442.277
0,4465.076
0,4405.432
0,4319.542
0,4172.486
0,4006.119
0,3863.327
0,3759.849
0,3703.122
0,3677.299
0,3682.596
0,3739.01
0,3858.629
0,3918.539
0,3897.843
0,3730.792
0,3584.418
0,3519.095
0,3461.013
0,3459.601
0,3559.53
0,3745.836
0,3996.854
0,4279.305
0,4560.172
0,4571.024
0,4503.563
0,4368.484
0,4166.16
0,3956.915
0,3768.067
0,3671.836
0,3607.412
0,3611.332
0,3690.988
0,3905.273
0,4302.347
0,4621.657
0,4616.418
0,4510.036
0,4486.579
0,4456.489
0,4443.162
0,4487.52
0,4512.412
0,4590.022
0,4651.442
0,4767.557
0,4907.917
0,4846.305
0,4757.711
0,4579.682
0,4338.599
0,4088.193
0,3768.067
0,3671.836
0,3607.412
0,3611.332
0,3690.988
0,3905.273
0,4302.347
0,4621.657
0,4616.418
0,4510.036
0,4486.579
0,4456.489
0,4443.162
0,4487.52
0,4512.412
0,4590.022
0,4651.442
0,4767.557
0,4907.917
0,4846.305
0,4757.711
0,4579.682
0,4338.599
0,4088.193
0,3884.894
0,3757.636
0,3700.655
0,3661.789
0,3704.893
0,3877.557
0,4253.619
0,4603.142
0,4712.672
0,4770.574
0,4762.503
0,4704.923
0,4675.001
0,4607.752
0,4625.996
0,4647.073
0,4785.375
0,4912.159
0,5066.787
0,5010.364
0,4869.927
0,4655.985
0,4382.581
0,4123.266
0,3907.94
0,3775.071
0,3706.756
0,3672.004
0,3712.668
0,3893.748
0,4257.037
0,4546.488
0,4560.239
0,4424.083
0,4292.07
0,4199.747
0,4175.583
0,4251.372
0,4376.213
0,4557.422
0,4795.761
0,4926.94
0,5044.266
0,4962.822
0,4817.052
0,4605.53
0,4343.302
0,4072.003
0,3861.503
0,3744.931
0,3687.743
0,3678.683
0,3733.164
0,3918.732
0,4312.251
0,4605.476
0,4608.329
0,4449.881
0,4312.404
0,4222.348
0,4187.433
0,4220.068
0,4321.296
0,4480.853
0,4688.511
0,4831.538
0,4980.342
0,4907.952
0,4779.304
0,4594.495
0,4343.959
0,4077.384
0,3892.542
0,3757.283
0,3686.4
0,3657.717
0,3706.609
0,3894.113
0,4265.176
0,4573.002
0,4615.477
0,4547.996
0,4449.563
0,4307.581
0,4227.075
0,4282.641
0,4423.168
0,4565.739
0,4742.158
0,4861.272
0,4994.46
0,4889.589
0,4763.274
0,4584.372
0,4386.43
0,4129.924
0,3922.91
0,3791.209
0,3671.361
0,3632.273
0,3607.321
0,3682.913
0,3818.642
0,3937.112
0,3984.276
0,3988.145
0,3971.427
0,3980.869
0,4113.063
0,4170.119
0,4207.204
0,4331.689
0,4500.139
0,4639.995
0,4785.775
0,4748.508
0,4653.641
0,4522.685
0,4372.174
0,4169.847
0,4033.879
0,3854.766
0,3720.552
0,3664.113
0,3625.498
0,3618.999
0,3659.497
0,3698.768
0,3732.343
0,3808.38
0,3992.298
0,4136.611
0,4334.58
0,4397.853
0,4446.005
0,4534.966
0,4560.359
0,4701.111
0,4945.038
0,4981.4
0,4899.957
0,4812.861
0,4647.625
0,4398.886
0,4164.927
0,3996.987
0,3868.908
0,3794.515
0,3787.002
0,3852.547
0,4057.428
0,4375.947
0,4612.706
0,4708.88
0,4759.912
0,4739.059
0,4773.043
0,4825.855
0,4946.467
0,5097.456
0,5259.216
0,5286.685
0,5395.654
0,5239.178
0,5053.618
0,4844.269
0,4587.417
0,4271.192
0,4007.643
0,3800.301
0,3663.891
0,3601.682
0,3606.311
0,3648.736
0,3836.552
0,4137.4
0,4299.511
0,4237.117
0,4084.112
0,4041.616
0,4013.548
0,4040.195
0,4161.614
0,4346.546
0,4588.692
0,4811.086
0,5039.552
0,4992.419
0,4912.548
0,4783.293
0,4595.435
0,4335.934
0,4072.351
0,3940.008
0,3834.955
0,3786.437
0,3792.305
0,3864.841
0,4081.131
0,4415.064
0,4578.742
0,4454.397
0,4303.159
0,4160.812
0,4095.473
0,4102.299
0,4192.671
0,4364.19
0,4608.979
0,4824.031
0,5079.564
0,5035.595
0,4955.795
0,4829.642
0,4657.782
0,4410.388
0,4169.416
0,3994.054
0,3903.147
0,3842.634
0,3830.862
0,3900.779
0,4094.011
0,4363.951
0,4496.07
0,4411.354
0,4297.725
0,4198.945
0,4173.185
0,4211.447
0,4326.021
0,4524.96
0,4716.554
0,4882.634
0,5058.763
0,4978.787
0,4862.244
0,4730.808
0,4541.355
0,4311.272
0,4069.942
0,3882.389
0,3765.231
0,3693.115
0,3658.17
0,3707.486
0,3841.943
0,4097.398
0,4279.375
0,4428.622
0,4570.87
0,4742.52
0,4864.929
0,4909.239
0,4957.255
0,4990.611
0,5006.183
0,5154.184
0,5233.662
0,5149.443
0,5036.653
0,4913.512
0,4742.622
0,4520.447
0,4298.102
0,4121.169
0,3988.405
0,3910.266
0,3858.47
0,3841.133
0,3890.289
0,3947.091
0,3916.155
0,3995.213
0,4146.897
0,4168.063
0,4000.664
0,3897.131
0,3970.643
0,4115.598
0,4302.928
0,4469.695
0,4653.842
0,4624.208
0,4543.11
0,4432.264
0,4308.123
0,4126.689
0,3956.419
0,3781.325
0,3646.646
0,3548.907
0,3478.037
0,3465.219
0,3495.928
0,3579.229
0,3621.86
0,3722.415
0,3801.354
0,3723.486
0,3583.542
0,3714.847
0,3863.076
0,3946.889
0,4080.963
0,4376.265
0,4656.655
0,4679.346
0,4648.908
0,4567.378
0,4441.007
0,4237.159
0,4045.449
0,3867.278
0,3790.588
0,3750.49
0,3762.233
0,3863.682
0,4101.165
0,4474.59
0,4665.686
0,4573.759
0,4427.116
0,4304.71
0,4221.843
0,4220.289
0,4311.944
0,4478.414
0,4738.546
0,5037.715
0,5336.453
0,5315.513
0,5249.788
0,5151.891
0,4952.924
0,4695.746
0,4436.289
0,4249.363
0,4154.984
0,4106.758
0,4084.767
0,4154.044
0,4390.123
0,4742.615
0,4939.117
0,4930.387
0,4944.913
0,4862.456
0,4934.858
0,4930.95
0,5104.107
0,5167.965
0,5204.884
0,5377.511
0,5513.053
0,5464.781
0,5382.104
0,5267.378
0,5071.067
0,4781.983
0,4546.188
0,4317.465
0,4167.324
0,4072.723
0,4029.73
0,4079.942
0,4271.52
0,4659.928
0,4915.338
0,4930.089
0,4735.157
0,4611.157
0,4609.57
0,4460.821
0,4488.865
0,4685.959
0,4919.859
0,5183.26
0,5396.701
0,5355.495
0,5272.517
0,5171.542
0,5016.975
0,4706.519
0,4447.26
0,4266.58
0,4162.356
0,4102.796
0,4095.569
0,4141.919
0,4407.007
0,4762.448
0,4989.745
0,4896.97
0,4656.174
0,4558.979
0,4556.938
0,4456.387
0,4621.812
0,4891.85
0,5099.545
0,5294.085
0,5538.313
0,5495.218
0,5417.112
0,5314.5
0,5128.805
0,4852.479
0,4581.815
0,4399.601
0,4273.54
0,4218.7
0,4209.566
0,4256.648
0,4515.506
0,4864.277
0,5023.489
0,4895.362
0,4726.929
0,4577.615
0,4494.422
0,4478.095
0,4599.829
0,4759.442
0,4973.569
0,5246.265
0,5464.832
0,5395.882
0,5305.492
0,5221.696
0,5067.119
0,4830.958
0,4614.065
0,4422.606
0,4295.079
0,4222.17
0,4194.139
0,4215.077
0,4306.144
0,4454.657
0,4523.415
0,4414.452
0,4267.432
0,4133.057
0,4063.527
0,4032.378
0,4084.12
0,4262.754
0,4508.137
0,4825.752
0,5110.786
0,5117.522
0,5091.225
0,5030.264
0,4912.234
0,4738.807
0,4559.838
0,4397.999
0,4279.008
0,4199.998
0,4168.762
0,4169.139
0,4246.499
0,4327.449
0,4334.501
0,4271.541
0,4144.538
0,4063.385
0,4038.39
0,4090.188
0,4198.765
0,4422.864
0,4723.446
0,5088.756
0,5406.217
0,5426.37
0,5399.769
0,5328.413
0,5173.103
0,4947.299
0,4721.399
0,4540.412
0,4443.494
0,4388.728
0,4408.07
0,4515.424
0,4756.56
0,5144.674
0,5354.223
0,5236.058
0,5037.799
0,4854.265
0,4750.277
0,4692.43
0,4757.728
0,4921.433
0,5175.795
0,5477.359
0,5760.217
0,5723.28
0,5646.083
0,5516.875
0,5294.736
0,4989.246
0,4702.959
0,4500.413
0,4364.728
0,4325.047
0,4323.544
0,4409.651
0,4606.641
0,4989.678
0,5171.759
0,5000.991
0,4791.436
0,4641.523
0,4512.878
0,4462.873
0,4546.472
0,4717.666
0,4934.253
0,5186.622
0,5445.168
0,5411.425
0,5347.297
0,5242.528
0,5065.876
0,4812.919
0,4566.789
0,4382.41
0,4255.589
0,4204.666
0,4204.849
0,4286.143
0,4485.951
0,4855.501
0,5032.566
0,4919.11
0,4708.564
0,4535.771
0,4446.161
0,4384.406
0,4450.329
0,4611.918
0,4801.909
0,5028.896
0,5254.235
0,5217.39
0,5150.801
0,5059.679
0,4909.174
0,4707.9
0,4473.485
0,4273.151
0,4149.231
0,4077.918
0,4045.791
0,4086.13
0,4162.963
0,4290.443
0,4298.877
0,4192.268
0,4051.563
0,3960.426
0,3902.683
0,3922.321
0,3971.461
0,4081.475
0,4234.895
0,4387.578
0,4523.143
0,4461.425
0,4405.925
0,4368.238
0,4329.739
0,4233.955
0,4121.754
0,3993.829
0,3887.333
0,3827.786
0,3805.959
0,3842.176
0,3950.387
0,4152.395
0,4254.528
0,4358.846
0,4504.338
0,4615.5
0,4682.504
0,4498.871
0,4223.264
0,4322.715
0,4514.718
0,4745.012
0,4954.699
0,4923.218
0,4868.913
0,4793.101
0,4651.816
0,4476.136
0,4281.93
0,4113.606
0,3976.917
0,3907.835
0,3881.352
0,3876.798
0,3955.38
0,4111.615
0,4130.433
0,4057.969
0,3916.301
0,3801.236
0,3750.75
0,3749.941
0,3803.598
0,3990.933
0,4200.133
0,4488.141
0,4745.801
0,4745.043
0,4706.531
0,4651.616
0,4551.92
0,4383.741
0,4193.834
0,4038.102
0,3916.751
0,3839.677
0,3796.571
0,3788.511
0,3851.318
0,3948.486
0,3987.673
0,4065.61
0,4200.206
0,4320.216
0,4405.195
0,4507.989
0,4605.303
0,4666.142
0,4678.525
0,4807.413
0,4945.186
0,4929.675
0,4835.668
0,4732.677
0,4548.306
0,4326.25
0,4095.283
0,3914.539
0,3790.937
0,3722.761
0,3712.936
0,3810.578
0,4026.399
0,4389.202
0,4626.33
0,4782.917
0,4766.16
0,4425.608
0,4590.936
0,4609.664
0,4553.933
0,4716.522
0,4873.795
0,5128.801
0,5381.21
0,5347.785
0,5270.634
0,5182.969
0,4978.349
0,4724.473
0,4465.499
0,4253.727
0,4162.859
0,4114.822
0,4114.961
0,4197.653
0,4417.885
0,4818.793
0,5039.164
0,5022.601
0,4950.321
0,4833.597
0,4816.281
0,4782.024
0,4798.736
0,4866.187
0,5025.082
0,5341.898
0,5607.64
0,5564.083
0,5496.179
0,5381.852
0,5188.103
0,4889.624
0,4613.204
0,4392.503
0,4257.753
0,4171.462
0,4153.471
0,4203.594
0,4390.251
0,4775.225
0,5015.294
0,5132.666
0,5240.496
0,5288.946
0,5273.311
0,5218.022
0,5214.661
0,5141.136
0,5141.789
0,5291.667
0,5379.976
0,5318.105
0,5266.161
0,5183.393
0,5030.298
0,4765.761
0,4525.394
0,4348.46
0,4234.214
0,4197.99
0,4199.239
0,4267.994
0,4488.544
0,4895.321
0,5089.323
0,5062.417
0,4828.12
0,4783.732
0,4735.325
0,4623.544
0,4599.334
0,4750.537
0,4981.584
0,5296.708
0,5546.541
0,5578.616
0,5459.251
0,5353.051
0,5212.267
0,4942.817
0,4637.28
0,4440.096
0,4381.982
0,4265.053
0,4253.956
0,4334.302
0,4548.393
0,4923.966
0,5132.131
0,5019.894
0,4818.422
0,4637.139
0,4529.56
0,4490.632
0,4548.488
0,4696.666
0,4910.683
0,5173.059
0,5422.95
0,5375.061
0,5264.494
0,5150.82
0,4980.395
0,4745.117
0,4470.717
0,4246.287
0,4071.184
0,3963.141
0,3900.615
0,3878.734
0,3927.141
0,4048.973
0,4228.951
0,4471.207
0,4648.351
0,4761.76
0,4798.87
0,4798.165
0,4762.263
0,4651.369
0,4633.744
0,4777.149
0,4964.419
0,4917.759
0,4863.289
0,4804.61
0,4721.467
0,4551.165
0,4363.519
0,4194.78
0,4076.088
0,4003.007
0,3972.107
0,3990.964
0,4069.001
0,4171.328
0,4212.738
0,4141.194
0,3999.677
0,3893.676
0,3865.771
0,3894.748
0,4007.819
0,4180.524
0,4434.069
0,4809.107
0,5163.811
0,5201.985
0,5128.277
0,5017.104
0,4895.697
0,4673.962
0,4448.301
0,4254.37
0,4169.048
0,4124.137
0,4149.248
0,4243.051
0,4486.639
0,4901.036
0,5150.513
0,5073.101
0,4846.892
0,4645.019
0,4529.237
0,4626.26
0,4646.803
0,4719.804
0,4919.697
0,5242.546
0,5545.575
0,5521.269
0,5451.604
0,5363.57
0,5172.724
0,4879.424
0,4576.715
0,4355.555
0,4207.5
0,4142.018
0,4114.447
0,4151.543
0,4360.926
0,4708.9
0,4987.987
0,5086.885
0,5109.023
0,5132.118
0,5136.718
0,5105.731
0,5137.821
0,5171.91
0,5253.504
0,5458.526
0,5553.176
0,5481.354
0,5373.19
0,5201.485
0,4880.016
0,4570.656
0,4283.581
0,4038.597
0,3883.491
0,3806.569
0,3766.326
0,3806.65
0,3994.923
0,4347.686
0,4784.846
0,4927.599
0,4991.99
0,5015.036
0,5072.911
0,5064.964
0,5073.443
0,5088.58
0,5100.811
0,5293.488
0,5397.967
0,5313.668
0,5223.353
0,5088.917
0,4843.113
0,4479.56
0,4190.255
0,3986.715
0,3842.531
0,3763.069
0,3754.114
0,3809.525
0,4129.982
0,4533.773
0,4745.169
0,4793.652
0,4767.879
0,4736.099
0,4650.83
0,4716.217
0,4738.571
0,4781.569
0,4940.875
0,5252.064
0,5468.17
0,5419.007
0,5346.299
0,5243.316
0,5049.422
0,4670.369
0,4371.376
0,4158.205
0,4038.758
0,3989.357
0,3987.313
0,4075.765
0,4413.334
0,4829.21
0,5046.319
0,4985.449
0,4814.676
0,4648.787
0,4538.867
0,4487.306
0,4557.272
0,4715.798
0,4931.456
0,5217.033
0,5529.281
0,5504.617
0,5441.177
0,5362.946
0,5228.07
0,5043.671
0,4776.953
0,4615.488
0,4423.667
0,4341.72
0,4318.58
0,4340.754
0,4407.535
0,4583.689
0,4656.967
0,4639.706
0,4490.978
0,4326.199
0,4227.188
0,4188.378
0,4247.935
0,4472.911
0,4709.173
0,5032.246
0,5247.164
0,5149.39
0,5048.427
0,4999.725
0,4875.904
0,4689.849
0,4465.703
0,4267.542
0,4136.258
0,4046.279
0,3992.625
0,3987.221
0,4031.067
0,4124.035
0,4208.366
0,4318.113
0,4469.618
0,4579.377
0,4674.395
0,4754.724
0,4782.717
0,4822.927
0,4867.789
0,5112.168
0,5279.249
0,5287.688
0,5247.753
0,5169.288
0,5008.74
0,4768.071
0,4504.757
0,4299.948
0,4178.862
0,4122.115
0,4122.553
0,4222.203
0,4600.191
0,5015.621
0,5284.404
0,5307.509
0,5243.503
0,5277.317
0,5317.186
0,5331.903
0,5355.796
0,5417.031
0,5515.193
0,5788.556
0,5991.899
0,5855.809
0,5761.972
0,5657.168
0,5451.939
0,5159.372
0,4852.614
0,4621.98
0,4500.962
0,4437.874
0,4447.3
0,4521.683
0,4741.273
0,5179.132
0,5417.35
0,5377.377
0,5185.414
0,4948.034
0,4819.648
0,4745.347
0,4793.977
0,4932.515
0,5142.513
0,5472.584
0,5834.373
0,5825.312
0,5743.327
0,5659.893
0,5466.323
0,5195.454
0,4860.934
0,4703.935
0,4497.286
0,4441.046
0,4437.334
0,4504.32
0,4708.33
0,5129.121
0,5370.494
0,5277.532
0,5075.035
0,4891.385
0,4778.649
0,4761.899
0,4887.599
0,5090.14
0,5270.28
0,5557.193
0,5832.306
0,5804.882
0,5755.516
0,5641.507
0,5447.689
0,5148.368
0,4818.126
0,4597.029
0,4463.055
0,4400.2
0,4388.493
0,4450.455
0,4662.959
0,5015.678
0,5322.106
0,5426.372
0,5535.711
0,5580.256
0,5610.906
0,5602.81
0,5613.786
0,5605.189
0,5606.519
0,5774.801
0,5864.713
0,5775.267
0,5663.996
0,5538.109
0,5325.461
0,4996.374
0,4693.262
0,4430.264
0,4281.686
0,4180.381
0,4146.994
0,4216.365
0,4387.055
0,4729.49
0,5012.956
0,5122.914
0,5230.663
0,5245.75
0,5253.704
0,5261.999
0,5231.428
0,5240.514
0,5293.172
0,5495.589
0,5652.892
0,5566.277
0,5452.252
0,5318.05
0,5156.652
0,4905.887
0,4649.269
0,4410.744
0,4259.01
0,4161.492
0,4126.873
0,4152.439
0,4230.796
0,4381.182
0,4481.209
0,4464.264
0,4356.367
0,4216.352
0,4254.431
0,4413.149
0,4440.171
0,4536.792
0,4708.075
0,4992.754
0,5234.004
0,5231.299
0,5175.86
0,5106.684
0,5014.87
0,4833.433
0,4621.568
0,4425.955
0,4282.214
0,4182.329
0,4139.389
0,4144.674
0,4207.044
0,4313.754
0,4386.644
0,4380.799
0,4334.391
0,4241.025
0,4223.826
0,4346.961
0,4447.369
0,4565.746
0,4711.098
0,5014.211
0,5354.079
0,5401.859
0,5379.285
0,5318.938
0,5201.447
0,5002.604
0,4737.261
0,4511.309
0,4382.669
0,4321.092
0,4321.312
0,4406.771
0,4639.949
0,5047.713
0,5320.211
0,5282.638
0,5105.941
0,4934.746
0,4919.569
0,5016.494
0,5128.641
0,5341.822
0,5541.504
0,5782.267
0,5992.317
0,5932.177
0,5855.599
0,5737.156
0,5547.555
0,5241.33
0,4921.994
0,4685.309
0,4548.012
0,4464.958
0,4470.007
0,4533.753
0,4762.683
0,5149.972
0,5420.285
0,5328.113
0,5127.747
0,4915.717
0,4749.526
0,4700.758
0,4773.495
0,4961.014
0,5194.955
0,5510.152
0,5831.327
0,5839.938
0,5775.05
0,5674.095
0,5505.043
0,5209.806
0,4923.744
0,4698.174
0,4559.694
0,4502.937
0,4510.002
0,4578.687
0,4791.444
0,5194.27
0,5447.29
0,5424.591
0,5242.599
0,5054.698
0,4869.526
0,4744.304
0,4772.722
0,4928.89
0,5162.947
0,5442.52
0,5776.228
0,5777.983
0,5724.171
0,5635.287
0,5485.998
0,5198.012
0,4919.104
0,4637.853
0,4508.331
0,4435.522
0,4421.63
0,4477.313
0,4670.738
0,5050.347
0,5335.389
0,5350.288
0,5385.854
0,5528.025
0,5578.838
0,5567.31
0,5564.973
0,5532.862
0,5521.33
0,5681.767
0,5784.069
0,5686.722
0,5576.615
0,5456.011
0,5265.651
0,4985.949
0,4656.766
0,4372.12
0,4176.47
0,4070.401
0,4003.067
0,4011.345
0,4137.733
0,4426.411
0,4648.498
0,4831.43
0,4980.385
0,5051.33
0,5046.445
0,5073.209
0,5135.681
0,5197.633
0,5443.158
0,5762.361
0,6089.993
0,6122.992
0,6115.817
0,6084.071
0,5974.748
0,5802.09
0,5564.314
0,5392.716
0,5250.154
0,5179.873
0,5148.069
0,5108.951
0,5210.294
0,5311.323
0,5409.056
0,5447.728
0,5373.415
0,5238.226
0,5161.568
0,5254.336
0,5474.656
0,5477.521
0,5644.039
0,5944.093
0,6207.345
0,6162.901
0,6061.068
0,5993.157
0,5890.187
0,5770.989
0,5569.557
0,5370.855
0,5252.764
0,5145.673
0,5075.945
0,5043.674
0,5066.898
0,5111.478
0,5152.235
0,5085.631
0,4898.108
0,4696.989
0,4606
0,4598.445
0,4656.366
0,4783.979
0,5016.29
0,5300.458
0,5565.757
0,5579.2
0,5557.618
0,5557.095
0,5522.466
0,5388.742
0,5207.932
0,5038.088
0,4920.333
0,4841.127
0,4817.087
0,4850.42
0,4935.717
0,5095.268
0,5151.949
0,5087.55
0,4947.909
0,4799.349
0,4714.329
0,4713.409
0,4806.55
0,5056.376
0,5365.188
0,5674.727
0,5908.718
0,5885.245
0,5818.572
0,5736.157
0,5561.371
0,5325.243
0,5045.126
0,4806.554
0,4648.597
0,4577.277
0,4553.566
0,4594.163
0,4765.047
0,5043.828
0,5257.312
0,5393.859
0,5459.032
0,5404.579
0,5289.172
0,5166.67
0,5253.618
0,5351.859
0,5474.593
0,5759.655
0,5987.704
0,5912.251
0,5800.088
0,5665.942
0,5475.013
0,5220.633
0,4941.016
0,4712.83
0,4565.853
0,4492.631
0,4475.748
0,4546.43
0,4717.355
0,5014.723
0,5169.27
0,5217.478
0,5054.885
0,4860.612
0,4747.286
0,4692.08
0,4713.456
0,4833.031
0,5014.462
0,5240.55
0,5613.736
0,5576.974
0,5502.632
0,5402.061
0,5230.433
0,4994.007
0,4786.381
0,4565.52
0,4405.076
0,4326.976
0,4308.994
0,4372.497
0,4621.904
0,4943.039
0,5102.053
0,5101.683
0,5043.567
0,4895.997
0,4766.595
0,4627.472
0,4632.608
0,4757.19
0,4882.169
0,5079.988
0,5408.693
0,5404.327
0,5320.639
0,5247.707
0,5072.68
0,4854.843
0,4615.293
0,4371.225
0,4218.128
0,4127.216
0,4106.524
0,4145.943
0,4326.664
0,4572.497
0,4724.851
0,4709.462
0,4573.684
0,4407.78
0,4263.521
0,4203.376
0,4235.088
0,4351.932
0,4503.806
0,4749.413
0,5049.177
0,5010.459
0,4946.957
0,4870.294
0,4745.139
0,4568.413
0,4342.573
0,4142.723
0,3997.949
0,3893.857
0,3851.066
0,3823.732
0,3864.867
0,3952.137
0,4040.054
0,4124.403
0,4284.057
0,4373.187
0,4411.868
0,4426.249
0,4454.446
0,4446.917
0,4488.422
0,4680.022
0,4878.271
0,4842.261
0,4710.255
0,4586.631
0,4433.869
0,4279.267
0,4150.68
0,3983.133
0,3856.77
0,3747.215
0,3682.721
0,3649.387
0,3659.138
0,3700.799
0,3685.148
0,3623.87
0,3469.501
0,3402.382
0,3361.702
0,3392.878
0,3529.689
0,3712.498
0,3919.114
0,4233.634
0,4577.584
0,4615.929
0,4595.479
0,4550.137
0,4453.365
0,4293.146
0,4090.166
0,3923.9
0,3801.522
0,3746.187
0,3721.805
0,3763.493
0,3868.982
0,4068.581
0,4176.335
0,4218.326
0,4234.337
0,4204.043
0,4085.258
0,4222.052
0,4303.019
0,4417.622
0,4494.665
0,4764.868
0,5014.363
0,4968.845
0,4881.315
0,4785.018
0,4594.653
0,4353.216
0,4097.504
0,3973.515
0,3773.056
0,3698.562
0,3691.543
0,3739.475
0,3984.344
0,4348.439
0,4641.791
0,4713.627
0,4851.965
0,5002.257
0,4998.962
0,4937.464
0,4927.711
0,4903.06
0,4946.887
0,5101.842
0,5279.977
0,5216.64
0,5106.434
0,4964.579
0,4754.881
0,4480.878
0,4232.294
0,4038.418
0,3844.772
0,3765.11
0,3723.516
0,3791.145
0,3977.813
0,4321.544
0,4581.255
0,4587.258
0,4514.144
0,4478.113
0,4422.739
0,4465.481
0,4607.625
0,4686.972
0,4797.802
0,4980.3
0,5129.37
0,5074.545
0,4965.62
0,4819.662
0,4621.106
0,4366.662
0,4115.34
0,3885.485
0,3753.14
0,3679.172
0,3657.268
0,3706.858
0,3872.681
0,4233.264
0,4554.458
0,4634.368
0,4639.233
0,4603.541
0,4598.301
0,4708.099
0,4751.659
0,4742.281
0,4811.222
0,5009.478
0,5197.652
0,5146.245
0,5070.923
0,4936.239
0,4765.405
0,4494.342
0,4229.953
0,4026.162
0,3894.026
0,3827.067
0,3811.603
0,3871.279
0,4048.273
0,4408.105
0,4724.765
0,4847.357
0,4938.514
0,4936.46
0,4874.47
0,4729.508
0,4786.827
0,4787.39
0,4835.297
0,5015.817
0,5256.07
0,5226.123
0,5138.846
0,5031.129
0,4890.154
0,4681.482
0,4463.04
0,4269.876
0,4133.126
0,4045.033
0,4015.543
0,4019.397
0,4092.214
0,4221.334
0,4343.688
0,4416.09
0,4352.17
0,4280.139
0,4260.251
0,4266.478
0,4349.346
0,4444.33
0,4533.511
0,4730.978
0,4993.424
0,5002.53
0,4961.357
0,4904.894
0,4785.948
0,4636.934
0,4437.772
0,4254.268
0,4132.08
0,4040.732
0,4008.517
0,4017.216
0,4077.56
0,4203.382
0,4248.821
0,4190.314
0,4034.209
0,3905.804
0,3898.986
0,3998.44
0,4125.339
0,4298.216
0,4463.984
0,4764.289
0,5082.341
0,5109.284
0,5081.725
0,4999.727
0,4850.667
0,4632.517
0,4378.848
0,4171.387
0,4057.154
0,4007.324
0,3988.522
0,4072.324
0,4308.566
0,4706.179
0,5045.712
0,5092.993
0,4951.022
0,4660.221
0,4506.569
0,4457.412
0,4469.753
0,4611.353
0,4908.667
0,5189.521
0,5530.072
0,5515.758
0,5416.363
0,5291.836
0,5102.338
0,4829.584
0,4562.269
0,4359.6
0,4242.695
0,4176.903
0,4161.02
0,4232.667
0,4449.047
0,4803.149
0,5119.271
0,5171.438
0,5187.306
0,5176.129
0,5102.731
0,5144.624
0,5175.124
0,5183.002
0,5256.482
0,5437.879
0,5626.924
0,5549.65
0,5429.84
0,5289.876
0,5067.242
0,4812.01
0,4507.158
0,4328.849
0,4172.223
0,4142.221
0,4098.278
0,4226.183
0,4421.349
0,4820.28
0,5089.778
0,5116.459
0,5083.563
0,4961.598
0,4936.12
0,4841.947
0,4888.709
0,5062.314
0,5237.386
0,5425.117
0,5652.66
0,5558.504
0,5465.395
0,5358.609
0,5143.358
0,4857.282
0,4580.129
0,4379.812
0,4236.996
0,4163.806
0,4137.348
0,4202.337
0,4394.303
0,4774.436
0,5097.848
0,5181.795
0,5226.974
0,5208.164
0,5150.96
0,5044.561
0,5063.839
0,5063.278
0,5117.87
0,5263.944
0,5380.811
0,5285.581
0,5186.425
0,5037.168
0,4849.011
0,4555.801
0,4284.514
0,4093.087
0,3900.914
0,3822.523
0,3778.602
0,3833.702
0,4012.576
0,4358.309
0,4668.785
0,4742.636
0,4769.318
0,4827.182
0,4761.236
0,4746.397
0,4893.021
0,4838.047
0,4867.594
0,5034.713
0,5254.168
0,5241.298
0,5160.032
0,5057.43
0,4913.868
0,4711.592
0,4500.646
0,4360.026
0,4168.532
0,4092.94
0,4072.339
0,4096.288
0,4167.621
0,4311.896
0,4438.406
0,4540.723
0,4706.696
0,4788.129
0,4716.435
0,4705.833
0,4658.531
0,4665.484
0,4753.127
0,4947.921
0,5259.506
0,5275.103
0,5237.604
0,5169.403
0,5083.837
0,4865.617
0,4675.403
0,4499.022
0,4381.606
0,4292.159
0,4253.809
0,4261.158
0,4310.88
0,4380.285
0,4473.034
0,4428.506
0,4267.567
0,4104.538
0,3964.527
0,3938.916
0,3989.296
0,4135.473
0,4414.269
0,4682.401
0,5053.876
0,5128.472
0,5100.056
0,5057.849
0,4985.847
0,4787.832
0,4603.025
0,4445.522
0,4356.331
0,4286.336
0,4290.771
0,4358.126
0,4514.825
0,4776.324
0,4984.482
0,5010.611
0,4821.434
0,4651.337
0,4485.643
0,4402.109
0,4412.601
0,4536.778
0,4777.206
0,5018.007
0,5382.925
0,5392.074
0,5318.793
0,5221.333
0,5067.73
0,4798.704
0,4546.237
0,4330.163
0,4206.821
0,4161.456
0,4162.347
0,4233.476
0,4462.848
0,4850.615
0,5113.282
0,5125.732
0,5043.518
0,5095.303
0,5162.229
0,5150.397
0,5128.643
0,5071.017
0,5154.95
0,5276.869
0,5454.15
0,5390.844
0,5296.545
0,5177.309
0,4982.889
0,4690.47
0,4404.641
0,4210.948
0,4075.863
0,3997.231
0,3980.043
0,4036.655
0,4256.345
0,4633.71
0,4918.773
0,4940.158
0,4670.898
0,4573.063
0,4465.977
0,4454.73
0,4500.204
0,4627.434
0,4765.734
0,5006.56
0,5255.079
0,5241.318
0,5169.368
0,5053.779
0,4863.044
0,4603.178
0,4362.951
0,4176.785
0,4067.364
0,4011.36
0,4011.908
0,4094.575
0,4286.345
0,4635.018
0,4958.377
0,5071.546
0,5188.04
0,5249.651
0,5284.357
0,5296.804
0,5321.472
0,5342.53
0,5349.144
0,5444.003
0,5546.364
0,5458.976
0,5349.887
0,5208.507
0,5013.113
0,4742.374
0,4423.248
0,4244.866
0,4098.014
0,4028.189
0,4009.054
0,4074.222
0,4245.979
0,4629.867
0,4919.503
0,4842.935
0,4670.24
0,4565.063
0,4739.892
0,4948.104
0,4886.939
0,4832.321
0,4932.209
0,5106.92
0,5286.07
0,5252.553
0,5161.817
0,5058.243
0,4984.677
0,4693.489
0,4469.242
0,4263.474
0,4132.111
0,4049.75
0,4004.933
0,4027.063
0,4093.453
0,4229.361
0,4360.413
0,4437.697
0,4485.907
0,4453.053
0,4520.029
0,4653.6
0,4644.537
0,4618.106
0,4646.959
0,4808.088
0,5038.311
0,5058.866
0,4992.722
0,4899.306
0,4787.113
0,4612.155
0,4435.84
0,4253.432
0,4131.131
0,4044.834
0,3990.95
0,3992.489
0,4030.175
0,4117.472
0,4194.241
0,4234.083
0,4275.027
0,4266.629
0,4291.864
0,4404.74
0,4466.81
0,4544.905
0,4656.584
0,4833.596
0,5074.937
0,5099.471
0,5055.357
0,4969.455
0,4828.814
0,4608.593
0,4395.329
0,4202.193
0,4090.575
0,4024.979
0,4011.755
0,4096.293
0,4311.123
0,4707.272
0,5024.229
0,5123.838
0,5209.269
0,5307.01
0,5328.473
0,5349.329
0,5355.573
0,5355.554
0,5306.36
0,5397.752
0,5656.52
0,5655.128
0,5561.684
0,5429.531
0,5231.627
0,4948.515
0,4669.96
0,4452.876
0,4318.413
0,4237.256
0,4211.953
0,4294.184
0,4492.908
0,4900.003
0,5137.329
0,5221.44
0,4916.745
0,4583.028
0,4457.614
0,4378.49
0,4447.538
0,4602.724
0,4911.868
0,5152.289
0,5460.317
0,5474.641
0,5408.683
0,5285.009
0,5104.993
0,4842.712
0,4554.234
0,4377.006
0,4270.065
0,4213.276
0,4228.024
0,4301.867
0,4515.527
0,4909.313
0,5216.352
0,5280.619
0,5255.467
0,5278.806
0,5385.938
0,5438.433
0,5487.696
0,5465.999
0,5529.354
0,5574.908
0,5702.439
0,5607.807
0,5475.974
0,5282.589
0,5036.385
0,4714.071
0,4404.492
0,4174.931
0,4013.009
0,3928.204
0,3903.423
0,3960.652
0,4189.679
0,4577.164
0,4824.016
0,4885.903
0,4948.346
0,5035.307
0,5244.251
0,4938.552
0,4933.039
0,4948.948
0,5128.118
0,5232.323
0,5539.85
0,5584.368
0,5400.435
0,5273.668
0,5101.309
0,4885.55
0,4535.662
0,4348.881
0,4237.203
0,4184.078
0,4167.006
0,4239.274
0,4448.682
0,4862.853
0,5060.548
0,5029.984
0,4883.355
0,4801.275
0,4815.612
0,4876.863
0,5019.133
0,5040.784
0,5005.894
0,5107.145
0,5375.288
0,5413.887
0,5376.921
0,5275.67
0,5086.388
0,4894.09
0,4672.927
0,4605.558
0,4477.081
0,4375.472
0,4317.929
0,4301.191
0,4368.532
0,4468.963
0,4527.86
0,4497.688
0,4297.671
0,4149.288
0,4123.906
0,4053.951
0,4199.86
0,4330.403
0,4477.545
0,4619.537
0,4896.993
0,4955.006
0,4972.95
0,4854.509
0,4732.788
0,4572.344
0,4391.002
0,4248.843
0,4136.538
0,4065.238
0,4040.556
0,4037.132
0,4115.764
0,4191.075
0,4232.452
0,4185.342
0,4307.737
0,4350.968
0,4409.282
0,4451.359
0,4476.427
0,4458.554
0,4459.036
0,4608.288
0,4823.881
0,4867.225
0,4854.799
0,4807.165
0,4597.432
0,4403.869
0,4172.187
0,4005.468
0,3893.005
0,3843.022
0,3863.752
0,3953.212
0,4203.162
0,4611.232
0,4908.606
0,5002.356
0,4969.26
0,4691.748
0,4576.326
0,4517.474
0,4536.929
0,4503.26
0,4581.61
0,4797.392
0,5091.142
0,5176.577
0,5106.911
0,4987.026
0,4800.09
0,4539.668
0,4272.881
0,4069.341
0,3945.996
0,3887.451
0,3902.021
0,3991.482
0,4216.214
0,4659.911
0,4994.089
0,5121.561
0,5146.342
0,5174.652
0,5094.799
0,5113.525
0,5113.92
0,5130.044
0,5191.397
0,5297.5
0,5534.116
0,5555.524
0,5473.333
0,5355.086
0,5163.769
0,4898.364
0,4618.006
0,4418.185
0,4311.727
0,4254.974
0,4268.203
0,4364.442
0,4634.539
0,5027.341
0,5356.195
0,5431.528
0,5391.431
0,4950.281
0,4636.145
0,4538.124
0,4482.941
0,4578.8
0,4808.561
0,5140.384
0,5498.137
0,5630.796
0,5598.129
0,5496.236
0,5307.743
0,5047.201
0,4770.008
0,4581.594
0,4470.185
0,4431.503
0,4431.677
0,4497.155
0,4720.838
0,5143.702
0,5419.427
0,5314.575
0,5145.708
0,4788.993
0,4572.877
0,4469.434
0,4500.948
0,4682.509
0,4957.339
0,5224.067
0,5541.038
0,5603.584
0,5544.843
0,5433.46
0,5242.322
0,4974.202
0,4718.584
0,4488.375
0,4405.004
0,4329.503
0,4306.78
0,4406.385
0,4622.215
0,5103.626
0,5392.582
0,5328.168
0,5158.079
0,4991.381
0,4989.455
0,4975.309
0,5055.271
0,5205.013
0,5459.247
0,5789.598
0,6147.818
0,6309.33
0,6296.047
0,6197.354
0,6081.298
0,5869.32
0,5646.158
0,5431.89
0,5291.57
0,5220.268
0,5187.401
0,5184.988
0,5276.97
0,5425.525
0,5511.521
0,5411.866
0,5229.65
0,5067.342
0,4953.465
0,4915.16
0,4821.724
0,4922.775
0,5129.984
0,5423.532
0,5773.751
0,5909.155
0,5834.024
0,5751.86
0,5619.204
0,5448.645
0,5215.064
0,4994.408
0,4847.731
0,4733.189
0,4671.429
0,4648.15
0,4669.672
0,4751.474
0,4730.875
0,4667.804
0,4428.822
0,4235.637
0,4250.255
0,4096.808
0,4168.427
0,4300.84
0,4423.962
0,4633.135
0,5009.222
0,5142.082
0,5120.379
0,5041.368
0,4916.335
0,4677.016
0,4446.793
0,4255.907
0,4152.578
0,4111.205
0,4128.887
0,4240.742
0,4476.527
0,4870.879
0,5156.647
0,5174.147
0,4760.8
0,4541.622
0,4400.499
0,4524.088
0,4590.543
0,4706.695
0,4992.787
0,5162.792
0,5400.948
0,5439.999
0,5365.053
0,5242.777
0,5070.579
0,4832.96
0,4573.74
0,4385.046
0,4347.993
0,4305.79
0,4309.993
0,4409.455
0,4688.516
0,5052.714
0,5300.472
0,5146.949
0,4955.34
0,4875.638
0,4790.796
0,4822.096
0,4843.781
0,4905.053
0,4990.26
0,5133.879
0,5447.947
0,5513.297
0,5438.882
0,5346.11
0,5151.281
0,4831.185
0,4530.26
0,4292.295
0,4169.431
0,4106.782
0,4113.188
0,4201.431
0,4428.427
0,4827.482
0,5019.683
0,4853.497
0,4621.739
0,4439.007
0,4281.003
0,4163.561
0,4187.337
0,4283.547
0,4493.796
0,4782.29
0,5088.828
0,5202.591
0,5147.428
0,5062.139
0,4893.603
0,4665.121
0,4406.089
0,4236.862
0,4135.166
0,4095.281
0,4118.336
0,4204.288
0,4416.32
0,4802.523
0,5055.091
0,5162.305
0,5206.721
0,5185.156
0,5148.367
0,5029.298
0,4913.027
0,4865.665
0,4944.01
0,4962.522
0,5197.523
0,5243.24
0,5128.02
0,4984.699
0,4780.698
0,4506.912
0,4240.878
0,4074.617
0,3906.108
0,3833.419
0,3815.896
0,3870.711
0,4038.217
0,4347.364
0,4571.668
0,4459.077
0,4280.646
0,4153.075
0,4019.062
0,3915.831
0,3948.662
0,4051.409
0,4253.935
0,4492.663
0,4779.27
0,4909.875
0,4845.072
0,4759.303
0,4617.419
0,4429.999
0,4227.791
0,4054.939
0,3960.7
0,3892.03
0,3867.081
0,3891.753
0,4003.663
0,4154.85
0,4206.931
0,4115.843
0,3936.647
0,3797.292
0,3675.851
0,3599.128
0,3604.328
0,3715.557
0,3937.826
0,4292.574
0,4624.003
0,4802.334
0,4806.683
0,4758.204
0,4660.348
0,4513.34
0,4346.464
0,4179.336
0,4073.481
0,4000.332
0,3970.249
0,3976.289
0,4028.815
0,4129.988
0,4145.543
0,4169.424
0,4168.331
0,4204.626
0,4263.43
0,4263.931
0,4298.647
0,4363.103
0,4371.696
0,4592.037
0,4832.887
0,4871.809
0,4773.855
0,4668.536
0,4581.873
0,4447.637
0,4271.623
0,4103.128
0,3982.731
0,3913.847
0,3907.161
0,3978.492
0,4211.985
0,4589.267
0,4773.717
0,4599.508
0,4455.126
0,4195.888
0,4050.814
0,4024.768
0,4145.273
0,4143.82
0,4387.859
0,4704.892
0,4947.993
0,5080.71
0,5012.798
0,4920.331
0,4732.826
0,4493.045
0,4241.524
0,4042.656
0,3936.085
0,3888.261
0,3885.27
0,3973.794
0,4195.422
0,4586.454
0,4754.806
0,4579.191
0,4347.977
0,4153.089
0,4041.073
0,3980.446
0,4017.255
0,4119.125
0,4329.902
0,4601.942
0,4892.91
0,5036.271
0,4987.839
0,4891.085
0,4719.555
0,4489.124
0,4237.757
0,4052.307
0,3937.044
0,3871.548
0,3857.894
0,3909.611
0,4116.006
0,4500.612
0,4709.825
0,4703.884
0,4391.455
0,4213.364
0,4141.708
0,3959.544
0,4008.182
0,4138.577
0,4347.814
0,4566.786
0,4799.705
0,4936.544
0,4855.932
0,4715.385
0,4537.545
0,4276.229
0,4015.392
0,3826.865
0,3718.107
0,3657.636
0,3641.687
0,3715.789
0,3890.96
0,4270.885
0,4438.895
0,4429.279
0,4365.561
0,4282.382
0,4382.318
0,4516.49
0,4608.342
0,4737.315
0,4718.102
0,4707.813
0,4904.81
0,4926.098
0,4838.314
0,4718.19
0,4519.748
0,4294.364
0,4027.128
0,3840.51
0,3721.172
0,3637.736
0,3624.082
0,3671.935
0,3855.995
0,4193.431
0,4436.083
0,4629.716
0,4778.053
0,4788.694
0,4833.933
0,4871.504
0,4796.625
0,4739.644
0,4755.687
0,4848.065
0,5032.664
0,5102.178
0,5067.954
0,5011.328
0,4915.141
0,4735.853
0,4549.018
0,4372.635
0,4249.084
0,4168.477
0,4145.872
0,4172.939
0,4259.719
0,4402.079
0,4415.724
0,4267.492
0,4100.202
0,3938.56
0,3810.3
0,3714.67
0,3689.99
0,3760.677
0,3940.511
0,4277.782
0,4615.225
0,4847.404
0,4828.387
0,4792.998
0,4692.603
0,4552.419
0,4397.376
0,4244.894
0,4132.032
0,4051.86
0,4011.501
0,4007.573
0,4038.32
0,4129.863
0,4081.993
0,4006.146
0,3871.34
0,3946.119
0,3996.149
0,3811.274
0,3712.11
0,3715.292
0,3943.624
0,4207.259
0,4515.859
0,4723.006
0,4696.454
0,4616.189
0,4504.339
0,4337.995
0,4144.328
0,3963.535
0,3867.21
0,3806.214
0,3792.877
0,3852.087
0,4000.542
0,4216.731
0,4354.345
0,4419.342
0,4550.012
0,4619.301
0,4643.583
0,4164.21
0,3891.964
0,3964.564
0,4165.384
0,4456.428
0,4700.209
0,4874.953
0,4813.262
0,4715.211
0,4533.481
0,4316.965
0,4079.681
0,3915.573
0,3809.783
0,3738.389
0,3756.225
0,3854.704
0,4106.833
0,4466.574
0,4717.923
0,4884.63
0,4980.274
0,4890.885
0,4698.406
0,4611.883
0,4590.061
0,4658.229
0,4774.739
0,4867.802
0,5069.755
0,5218.127
0,5151.899
0,5044.715
0,4864.088
0,4613.72
0,4378.638
0,4183.985
0,4080.488
0,4032.113
0,4028.332
0,4136.836
0,4369.905
0,4700.579
0,4842.176
0,4737.01
0,4793.618
0,4988.433
0,4998.826
0,5023.827
0,5076.288
0,5131.375
0,5184.014
0,5269.48
0,5429.366
0,5450.285
0,5356.274
0,5227.645
0,5022.631
0,4738.422
0,4459.208
0,4270.145
0,4146.384
0,4076.872
0,4056.553
0,4121.363
0,4318.959
0,4692.71
0,4930.302
0,5036.607
0,5070.378
0,5039.373
0,4908.265
0,4752.943
0,4730.396
0,4663.147
0,4704.499
0,4909.094
0,5148.063
0,5279.488
0,5212.408
0,5096.428
0,4909.173
0,4651.414
0,4378.983
0,4152.968
0,4029.885
0,3948.066
0,3919.127
0,3982.275
0,4166.14
0,4494.301
0,4642.024
0,4557.694
0,4546.965
0,4461.456
0,4293.774
0,4156.944
0,4118.443
0,4209.25
0,4396.311
0,4722.259
0,5060.005
0,5305.943
0,5289.763
0,5232.664
0,5110.387
0,4935.842
0,4739.69
0,4564.307
0,4459.297
0,4398.124
0,4380.12
0,4391.479
0,4472.392
0,4579.765
0,4629.606
0,4735.51
0,4807.417
0,4780.944
0,4686.204
0,4848.33
0,4799.155
0,4722.88
0,4655.671
0,4824.396
0,5073.067
0,5234.192
0,5170.261
0,5100.837
0,4990.989
0,4841.858
0,4670.962
0,4525.435
0,4427.223
0,4349.441
0,4322.821
0,4334.16
0,4396.393
0,4431.444
0,4387.027
0,4459.302
0,4564.601
0,4582.043
0,4435.985
0,4271.774
0,3927.766
0,3886.156
0,4022.542
0,4275.757
0,4608.838
0,4914.588
0,4921.957
0,4854.661
0,4729.803
0,4542.168
0,4334.053
0,4172.202
0,4075.241
0,4047.685
0,4078.147
0,4194.476
0,4414.707
0,4781.078
0,4923.46
0,4761.543
0,4535.261
0,4293.353
0,4190.576
0,4166.481
0,4236.335
0,4417.618
0,4730.203
0,5049.953
0,5322.991
0,5450.892
0,5429.316
0,5323.442
0,5157.754
0,4901.247
0,4639.155
0,4428.917
0,4313.575
0,4252.419
0,4237.392
0,4303.247
0,4511.234
0,4795.725
0,5074.849
0,5265.31
0,5367.967
0,5386.406
0,5392.472
0,5399.577
0,5327.834
0,5397.714
0,5274.452
0,5297.164
0,5409.844
0,5543.83
0,5487.598
0,5378.26
0,5201.806
0,4932.073
0,4672.991
0,4481.266
0,4370.604
0,4319.985
0,4310.068
0,4380.933
0,4613.112
0,4949.442
0,5075.186
0,4916.045
0,4714.822
0,4544.332
0,4477.954
0,4516.746
0,4449.897
0,4670.783
0,4827.644
0,5072.62
0,5241.608
0,5366.088
0,5313.043
0,5180.827
0,4975.775
0,4707.689
0,4445.027
0,4272.48
0,4102.997
0,4031.077
0,4016.181
0,4082.172
0,4271.842
0,4631.68
0,4892.464
0,5024.94
0,5020.721
0,4905.131
0,4842.676
0,4513.783
0,4458.843
0,4522.575
0,4635.784
0,4785.1
0,4956.426
0,5137.473
0,5110.431
0,5010.686
0,4853.237
0,4615.167
0,4380.952
0,4197.185
0,4083.167
0,4036.804
0,4041.211
0,4120.683
0,4345.712
0,4664.941
0,4721.808
0,4643.574
0,4468.433
0,4476.846
0,4464.297
0,4562.002
0,4731.675
0,4860.054
0,4937.901
0,5056.225
0,5221.715
0,5276.144
0,5188.874
0,5096.554
0,4944.094
0,4717.671
0,4484.604
0,4286.641
0,4133.443
0,4016.98
0,3964.111
0,3959.102
0,4027.859
0,4119.833
0,4166.22
0,4202.352
0,4276.086
0,4286.991
0,4240.398
0,4201.991
0,4293.462
0,4235.495
0,4301.41
0,4418.62
0,4617.468
0,4852.367
0,4841.169
0,4775.342
0,4671.523
0,4512.07
0,4345.782
0,4188.156
0,4088.936
0,4018.237
0,3966.791
0,3964.237
0,4021.791
0,4040.094
0,3959.175
0,3746.419
0,3549.014
0,3412.553
0,3405.105
0,3659.258
0,3706.869
0,3678.526
0,3833.019
0,4102.432
0,4446.253
0,4724.251
0,4752.906
0,4697.905
0,4579.458
0,4383.177
0,4167.763
0,4005.717
0,3910.33
0,3874.21
0,3888.015
0,3987.832
0,4232.017
0,4543.835
0,4624.085
0,4422.333
0,4263.107
0,4186.236
0,4132.997
0,4120.028
0,4209.034
0,4140.546
0,4228.608
0,4503.485
0,4812.939
0,5080.653
0,5059.237
0,4958.697
0,4777.325
0,4505.845
0,4256.048
0,4088.205
0,4017.628
0,3992.263
0,4007.594
0,4082.078
0,4319.557
0,4702.001
0,4938.967
0,4954.126
0,4763.808
0,4424.103
0,4082.296
0,3985.065
0,4013.335
0,4115.051
0,4326.341
0,4673.952
0,5060.386
0,5362.233
0,5366.991
0,5274.579
0,5102.564
0,4832.068
0,4571.06
0,4373.696
0,4270.278
0,4221.968
0,4222.915
0,4315.734
0,4534.21
0,4853.99
0,4895.034
0,4675.692
0,4478.67
0,4296.158
0,4133.401
0,4081.871
0,4133.61
0,4247.207
0,4454.212
0,4727.37
0,5043.044
0,5281.46
0,5265.168
0,5193.399
0,5008.581
0,4747.35
0,4494.508
0,4303.839
0,4223.11
0,4176.845
0,4178.509
0,4254.203
0,4465.27
0,4761.31
0,4804.376
0,4572.502
0,4314.145
0,4134.368
0,4004.589
0,3978.639
0,4006.424
0,4064.198
0,4213.055
0,4502.82
0,4821.912
0,5084.022
0,5095.887
0,5026.045
0,4874.396
0,4640.205
0,4399.844
0,4233.765
0,4140.844
0,4094.787
0,4095.558
0,4172.792
0,4373.191
0,4665.518
0,4862.869
0,4916.21
0,4839.535
0,4666.918
0,4655.075
0,4751.672
0,4817.417
0,4913.236
0,4911.379
0,5038.844
0,5142.608
0,5202.051
0,5136.983
0,5023.22
0,4845.116
0,4609.652
0,4375.817
0,4162.48
0,4045.349
0,3978.41
0,3944.293
0,3964.444
0,4056.145
0,4160.713
0,4301.933
0,4443.402
0,4537.325
0,4436.983
0,4445.074
0,4477.167
0,4261.358
0,4306.381
0,4336.347
0,4496.327
0,4693.096
0,4885.111
0,4876.207
0,4808.926
0,4701.332
0,4542.874
0,4372.195
0,4236.927
0,4135.362
0,4075.284
0,4064.314
0,4089.799
0,4168.462
0,4166.664
0,4048.22
0,3794.484
0,3822.128
0,3824.255
0,3748.397
0,3777.582
0,3819.93
0,3996.579
0,4149.342
0,4370.015
0,4580.765
0,4837.221
0,4828.817
0,4723.544
0,4520.357
0,4285.475
0,4078.286
0,3952.943
0,3891.034
0,3894.448
0,3970.685
0,4171.815
0,4547.806
0,4882.172
0,4995.421
0,5019.928
0,5035.772
0,5035.823
0,5023.087
0,4980.402
0,4981.618
0,4987.572
0,5043.506
0,5117.595
0,5170.531
0,5278.904
0,5176.795
0,4989.05
0,4729.311
0,4464.622
0,4270.124
0,4168.627
0,4095.299
0,4093.711
0,4133.931
0,4331.551
0,4759.899
0,5044.762
0,5124.455
0,5159.964
0,5144.781
0,5126.254
0,5087.111
0,5128.059
0,5141.327
0,5229.868
0,5299.316
0,5423.273
0,5497.985
0,5650.479
0,5562.357
0,5383.055
0,5097.188
0,4803.016
0,4624.806
0,4492.522
0,4442.261
0,4441.18
0,4479.193
0,4675.362
0,5032.964
0,5378.852
0,5371.724
0,5270.422
0,4892.433
0,4577.904
0,4337.887
0,4238.792
0,4192.873
0,4214.714
0,4452.207
0,4709.791
0,5000.933
0,5307.632
0,5343.082
0,5176.006
0,4966.393
0,4695.594
0,4506.32
0,4368.363
0,4290.88
0,4267.85
0,4353.479
0,4564.964
0,4947.541
0,5168.77
0,5163.725
0,5173.295
0,5032.77
0,4607.762
0,4153.003
0,4028.805
0,3994.753
0,4052.268
0,4221
0,4459.809
0,4682.176
0,4947.041
0,4939.129
0,4802.345
0,4559.806
0,4324.552
0,4115.871
0,3996.042
0,3926.597
0,3915.277
0,3977.985
0,4174.786
0,4529.245
0,4755.509
0,4793.803
0,4631.246
0,4265.772
0,4121.113
0,4147.461
0,4215.155
0,4414.496
0,4451.188
0,4421.913
0,4429.051
0,4592.488
0,4734.059
0,4678.827
0,4537.064
0,4342.426
0,4126.625
0,3951.503
0,3795.876
0,3711.537
0,3686.092
0,3703.354
0,3793.929
0,3940.213
0,4005.477
0,4038.499
0,3871.426
0,3607.268
0,3388.484
0,3365.2
0,3329.934
0,3309.966
0,3367.24
0,3522.579
0,3847.977
0,4179.683
0,4443.364
0,4545.213
0,4458.398
0,4352.314
0,4232.939
0,4117.403
0,3975.19
0,3930.879
0,3917.346
0,3953.356
0,4039.32
0,4161.247
0,4211.125
0,4066.127
0,3858.627
0,3681.38
0,3607.297
0,3642.976
0,3598.869
0,3609.667
0,3686.017
0,3904.619
0,4205.513
0,4543.825
0,4871.677
0,4985.984
0,4898.242
0,4685.387
0,4485.144
0,4294.777
0,4157.329
0,4153.547
0,4140.767
0,4251.544
0,4504.372
0,4871.387
0,5119.806
0,5000.707
0,4660.503
0,4395.565
0,4178.596
0,4010.735
0,3931.41
0,3914.983
0,3953.373
0,4145.439
0,4442.198
0,4686.735
0,4957.26
0,5016.913
0,4880.159
0,4599.952
0,4342.636
0,4106.343
0,4051.282
0,4011.412
0,4013.721
0,4096.621
0,4366.775
0,4731.162
0,4930.622
0,4753.305
0,4457.703
0,4136.754
0,3958.34
0,3826.357
0,3803.587
0,3787.995
0,3845.926
0,4076.939
0,4313.362
0,4558.162
0,4822.546
0,4817.393
0,4651.251
0,4436.099
0,4140.338
0,4047.297
0,3876.487
0,3826.898
0,3840.417
0,3906.005
0,4126.68
0,4518.829
0,4765.621
0,4798.784
0,4682.27
0,4358.068
0,4080.36
0,3927.618
0,3940.199
0,3900.025
0,4124.941
0,4314.499
0,4458.685
0,4574.296
0,4746.357
0,4776.404
0,4633.844
0,4411.997
0,4086.082
0,3888.592
0,3755.552
0,3694.745
0,3676.401
0,3723.534
0,3921.293
0,4303.098
0,4568.133
0,4510.925
0,4516.587
0,4671.01
0,4802.61
0,4651.705
0,4723.796
0,4689.151
0,4545.265
0,4554.067
0,4627.483
0,4657.759
0,4842.215
0,4804.902
0,4624.235
0,4375.516
0,4116.081
0,3897.431
0,3766.443
0,3690.642
0,3665.491
0,3724.234
0,3923.944
0,4311.239
0,4595.119
0,4771.737
0,4868.056
0,4864.421
0,4841.264
0,4537.036
0,4246.185
0,4218.882
0,4208.444
0,4331.658
0,4386.361
0,4563.127
0,4727.141
0,4713.797
0,4592.422
0,4404.16
0,4183.026
0,3999.51
0,3878.343
0,3798.588
0,3756.305
0,3764.961
0,3815.324
0,3963.616
0,4089.681
0,4253.318
0,4432.146
0,4567.988
0,4593.95
0,4647.994
0,4665.857
0,4665.883
0,4566.061
0,4569.108
0,4616.04
0,4658.492
0,4749.145
0,4688.306
0,4566.148
0,4407.761
0,4194.872
0,4013.81
0,3883.958
0,3784.036
0,3728.76
0,3705.765
0,3760.726
0,3850.51
0,3817.785
0,3663.402
0,3445.996
0,3277.127
0,3159.775
0,3085.848
0,3041.476
0,3060.894
0,3156.805
0,3397.11
0,3742.085
0,4078.317
0,4351.963
0,4450.647
0,4369.113
0,4192.802
0,3971.634
0,3815.437
0,3713.688
0,3681.745
0,3706.727
0,3786.894
0,4025
0,4433.056
0,4635.053
0,4479.066
0,4204.029
0,3966.176
0,3813.722
0,3797.226
0,4074.108
0,4497.894
0,4588.187
0,4655.129
0,4837.051
0,4877.94
0,4975.713
0,4901.859
0,4732.977
0,4472.774
0,4211.926
0,4015.902
0,3904.641
0,3843.73
0,3823.346
0,3880.175
0,4109.348
0,4479.906
0,4765.224
0,4889.18
0,4954.7
0,4780.628
0,4585.052
0,4514.447
0,4558.493
0,4400.902
0,4484.689
0,4537.76
0,4597.586
0,4706.031
0,4891.169
0,4876.79
0,4734.087
0,4488.164
0,4223.03
0,4053.969
0,3930.72
0,3877.611
0,3880.81
0,3958.184
0,4201.32
0,4575.954
0,4742.796
0,4526.705
0,4218.798
0,3975.23
0,3789.108
0,3666.207
0,3634.392
0,3638.371
0,3750.07
0,3988.494
0,4262.298
0,4448.97
0,4744.354
0,4801.047
0,4650.286
0,4417.975
0,4153.647
0,3979.12
0,3853.68
0,3842.436
0,3886.131
0,3999.957
0,4259.598
0,4606.374
0,4828.63
0,4673.911
0,4411.803
0,4156.779
0,4044.255
0,3864.684
0,3824.646
0,3814.051
0,3866.224
0,4063.12
0,4332.315
0,4604.706
0,4896.683
0,4967.933
0,4829.943
0,4612.983
0,4386.557
0,4193.647
0,4079.127
0,4034.174
0,4031.918
0,4104.89
0,4310.837
0,4645.152
0,4782.362
0,4733.056
0,4661.56
0,4432.438
0,4417.123
0,4555.699
0,4520.713
0,4221.582
0,3974.63
0,4065.235
0,4302.449
0,4488.775
0,4679.273
0,4649.61
0,4507.013
0,4289.507
0,4052.168
0,3941.678
0,3810.19
0,3724.438
0,3650.88
0,3652.319
0,3717.547
0,3809.94
0,3943.399
0,4125.309
0,4286.761
0,4361.005
0,4265.535
0,4146.126
0,3897.004
0,3355.685
0,3347.212
0,3593.989
0,3919.814
0,4271.831
0,4419.785
0,4376.111
0,4279.185
0,4128.133
0,3961.934
0,3810.426
0,3702.186
0,3633.453
0,3599.365
0,3624.454
0,3682.298
0,3759.33
0,3787.176
0,3663.772
0,3441.967
0,3287.565
0,3189.075
0,3141.172
0,3116.189
0,3129.115
0,3219.357
0,3443.82
0,3780.277
0,4134.574
0,4440.508
0,4579.424
0,4485.957
0,4326.601
0,4129.14
0,3972.995
0,3884.22
0,3858.706
0,3868.781
0,3958.82
0,4202.925
0,4543.997
0,4677.639
0,4492.629
0,4225.05
0,4047.117
0,3910.721
0,3807.092
0,3770.713
0,3807.011
0,4010.631
0,4219.498
0,4436.851
0,4550.643
0,4746.002
0,4787.001
0,4629.006
0,4381.77
0,4119.999
0,3917.95
0,3798.94
0,3731.93
0,3723.455
0,3766.664
0,3967.735
0,4290.074
0,4425.257
0,4292.154
0,4130.66
0,3949.436
0,3848.551
0,3822.624
0,3932.567
0,4178.756
0,4380.916
0,4468.625
0,4576.046
0,4618.355
0,4771.81
0,4749.017
0,4649.695
0,4376.734
0,4015.617
0,3784.578
0,3654.86
0,3556.324
0,3515.756
0,3553.968
0,3695.901
0,4012.534
0,4259.622
0,4395.179
0,4480.293
0,4468.346
0,4437.699
0,4426.823
0,4409.182
0,4398.41
0,4425.57
0,4599.382
0,4686.575
0,4704.227
0,4888.138
0,4833.563
0,4593.696
0,4284.191
0,4014.385
0,3810.145
0,3686.046
0,3595.983
0,3584.909
0,3624.134
0,3782.925
0,4101.979
0,4254.999
0,4244.183
0,4142.487
0,4142.406
0,4023.15
0,4164.126
0,4344.251
0,4193.259
0,4381.888
0,4679.711
0,4776.928
0,4855.296
0,4879.219
0,4781.118
0,4667.048
0,4327.446
0,3992.73
0,3754.476
0,3599.727
0,3490.111
0,3447.827
0,3462.811
0,3570.684
0,3774.686
0,3869.233
0,3921.91
0,4030.227
0,4152.509
0,3865.711
0,3810.45
0,4103.026
0,4013.017
0,4060.54
0,4229.189
0,4302.013
0,4273.476
0,4392.172
0,4424.021
0,4311.015
0,4147.768
0,3965.164
0,3804.715
0,3683.631
0,3612.844
0,3577.495
0,3599.793
0,3684.784
0,3771.729
0,3786.115
0,3669.862
0,3490.716
0,3305.279
0,3262.37
0,3128.587
0,3056.223
0,3213.263
0,3422.571
0,3566.331
0,3788.091
0,3974.644
0,4225.823
0,4315.883
0,4253.599
0,4120.883
0,3956.669
0,3802.133
0,3688.295
0,3616.75
0,3588.18
0,3612.734
0,3675.376
0,3713.716
0,3626.414
0,3411.768
0,3194.572
0,3012.533
0,2901.807
0,2832.305
0,2804.069
0,2821.087
0,2909.17
0,3102.045
0,3390.555
0,3731.014
0,4014.886
0,4201.356
0,4167.767
0,4031.649
0,3847.265
0,3813.307
0,3739.295
0,3708.325
0,3717.882
0,3814.917
0,4045.302
0,4297.277
0,4402.046
0,4253.874
0,4036.573
0,3856.862
0,3738.996
0,3673.428
0,3673.001
0,3707.389
0,3798.919
0,3977.637
0,4211.249
0,4414.29
0,4610.828
0,4677.444
0,4516.647
0,4288.702
0,4036.385
0,3842.598
0,3725.28
0,3658.042
0,3642.086
0,3712.626
0,3901.088
0,4156.848
0,4257.626
0,4125.955
0,4036.558
0,3905.44
0,3765.121
0,3727.195
0,3758.004
0,3904.496
0,4147.152
0,4383.728
0,4517.257
0,4527.566
0,4687.428
0,4713.497
0,4544.533
0,4296.678
0,4040.924
0,3843.113
0,3690.723
0,3605.312
0,3572.832
0,3619.049
0,3786.521
0,4049.923
0,4246.252
0,4257.615
0,4144.431
0,3947.316
0,3890.027
0,3947.286
0,4077.353
0,4231.204
0,4444.112
0,4713.717
0,4999.223
0,5181.8
0,5252.597
0,5302.473
0,5081.938
0,4732.856
0,4356.501
0,4057.263
0,3866.116
0,3716.646
0,3626.656
0,3632.782
0,3752.724
0,3937.509
0,4103.237
0,4162.132
0,4262.669
0,4336.763
0,4432.802
0,4559.662
0,4751.702
0,4988.144
0,5287.777
0,5626.366
0,5907.352
0,6115.904
0,6121.483
0,6046.173
0,5696.312
0,5269.508
0,4880.187
0,4536.567
0,4255.036
0,4055.243
0,3913.383
0,3894.587
0,3970.36
0,4101.059
0,4251.04
0,4354.793
0,4486.98
0,4629.546
0,4812.716
0,5061.875
0,5369.665
0,5605.363
0,5848.916
0,6129.182
0,6390.72
0,6322.137
0,6091.271
0,5973.531
0,5624.493
0,5270.32
0,4920.07
0,4574.308
0,4326.52
0,4143.363
0,4152.51
0,4088.714
0,4086.561
0,4083.098
0,4126.753
0,4235.724
0,4282.138
0,4312.628
0,4439.885
0,4723.723
0,4863.015
0,4935.092
0,4857.507
0,4909.024
0,4892.52
0,4825.065
0,4764.062
0,4684.326
0,4636.112
0,4500.314
0,4161.268
0,3940.499
0,3771.838
0,3629.2
0,3564.621
0,3529.507
0,3550.667
0,3545.301
0,3577.155
0,3642.358
0,3725.429
0,3896.528
0,4014.672
0,3933.579
0,3961.643
0,4004.184
0,4044.342
0,4148.113
0,4338.704
0,4474.069
0,4647.395
0,4749.568
0,4476.137
0,4219.475
0,3951.463
0,3727.802
0,3577.609
0,3495.897
0,3465.115
0,3511.865
0,3688.012
0,3996.516
0,4261.71
0,4386.38
0,4454.302
0,4497.554
0,4380.433
0,4194.07
0,3837.164
0,3714.76
0,3928.856
0,4128.57
0,4338.261
0,4482.109
0,4619.294
0,4642.635
0,4450.388
0,4162.789
0,3890.908
0,3653.308
0,3527.252
0,3456.662
0,3412.397
0,3438.988
0,3647.268
0,3836.514
0,4082.94
0,4063.993
0,4191.338
0,4184.047
0,3959.333
0,3999.562
0,3904.947
0,3655.606
0,3620.341
0,3781.516
0,4022.633
0,4221.125
0,4457.528
0,4584.348
0,4547.423
0,4201.667
0,3935.22
0,3746.547
0,3626.343
0,3556.262
0,3542.562
0,3611.449
0,3825.349
0,4105.705
0,4268.348
0,4077.991
0,4046.654
0,3987.945
0,3705.293
0,3548.98
0,3511.237
0,3556.77
0,3715.377
0,3870.08
0,4091.983
0,4305.323
0,4471.765
0,4574.545
0,4399.358
0,4151.326
0,3880.293
0,3679.577
0,3562.26
0,3484.351
0,3456.687
0,3516.183
0,3680.313
0,3919.593
0,4121.516
0,4096.674
0,3937.177
0,3677.974
0,3592.19
0,3565.276
0,3613.855
0,3661.101
0,3863.175
0,4067.246
0,4226.855
0,4403.589
0,4516.281
0,4578.283
0,4421.545
0,4167.999
0,3880.644
0,3739.317
0,3545.404
0,3465.16
0,3452.059
0,3497.249
0,3658.159
0,3830.213
0,3998.272
0,3943.833
0,3813.484
0,3730.427
0,3681.821
0,3665.946
0,3769.078
0,3940.045
0,4111.238
0,4294.978
0,4478.61
0,4518.697
0,4550.673
0,4564.502
0,4404.59
0,4183.884
0,3923.57
0,3741.668
0,3521.756
0,3490.387
0,3386.862
0,3382.532
0,3462.025
0,3457.443
0,3498.106
0,3537.196
0,3449.359
0,3378.54
0,3293.292
0,3289.961
0,3498.078
0,3596.915
0,3625.146
0,3894.269
0,4117.195
0,4255.01
0,4327.354
0,4355.076
0,4226.26
0,4057.396
0,3902.987
0,3699.718
0,3508.287
0,3524.307
0,3371.869
0,3357.289
0,3368.456
0,3399.906
0,3415.155
0,3439.221
0,3338.037
0,3119.061
0,3036.565
0,3086.899
0,3094.552
0,3341.66
0,3507.148
0,3711.597
0,3918.567
0,4019.094
0,4136.953
0,4264.486
0,4155.646
0,3924.755
0,3702.295
0,3533.384
0,3420.828
0,3363.863
0,3334.185
0,3412.212
0,3638.957
0,3835.509
0,4019.102
0,3909.198
0,3736.188
0,3615.276
0,3539.142
0,3529.473
0,3603.62
0,3691.03
0,3826.885
0,4007.925
0,4147.381
0,4256.525
0,4435.378
0,4534.995
0,4381.034
0,4114.839
0,3879.02
0,3692.683
0,3565.006
0,3491.412
0,3474.881
0,3541.888
0,3744.523
0,3971.056
0,4054.582
0,3931.214
0,3764.613
0,3711.558
0,3975.574
0,3939.546
0,3894.262
0,3869.87
0,3923.581
0,3998.772
0,4107.287
0,4206.504
0,4377.474
0,4566.798
0,4415.582
0,4140.615
0,3906.999
0,3657.746
0,3618.269
0,3547.455
0,3539.386
0,3614.042
0,3779.47
0,4079.964
0,4189.711
0,4162.74
0,3992.582
0,4148.491
0,4155.182
0,4030.323
0,3822.566
0,3861.207
0,3957.918
0,3947.741
0,4123.152
0,4365.343
0,4477.345
0,4580.605
0,4464.932
0,4161.243
0,3966.319
0,3706.907
0,3603.25
0,3529.066
0,3508.582
0,3543.324
0,3751.759
0,3962.832
0,4202.03
0,4337.851
0,4395.462
0,4427.034
0,4312.723
0,4292.465
0,4358.322
0,4350.308
0,4209.452
0,4139.145
0,4252.011
0,4334.63
0,4445.368
0,4574.397
0,4482.51
0,4255.151
0,3947.357
0,3752.781
0,3630.157
0,3554.498
0,3532.575
0,3562.991
0,3749.721
0,3952.311
0,4177.215
0,4265.12
0,4398.879
0,4392.863
0,4423.07
0,4465.157
0,4513.364
0,4543.605
0,4591.453
0,4523.391
0,4505.92
0,4530.614
0,4597.915
0,4582.213
0,4443.517
0,4248.235
0,4027.216
0,3825.212
0,3681.833
0,3596.28
0,3542.213
0,3539.522
0,3607.171
0,3690.692
0,3799.157
0,3945.715
0,4041.837
0,4088.424
0,4121.408
0,4108.179
0,4084.521
0,4037.266
0,4024.225
0,4075.091
0,4159.774
0,4223.702
0,4299.658
0,4356.065
0,4253.86
0,4084.83
0,3905.726
0,3713.267
0,3587.474
0,3491.337
0,3435.221
0,3411.202
0,3450.511
0,3461.975
0,3537.987
0,3642.67
0,3814.48
0,3894.41
0,4028.629
0,4055.928
0,4102.288
0,4153.258
0,4226.522
0,4294.519
0,4367.411
0,4383.978
0,4425.989
0,4442.554
0,4316.974
0,4123.404
0,3877.096
0,3695.15
0,3582.098
0,3504.887
0,3491.656
0,3558.813
0,3761.956
0,4015.998
0,4095.778
0,3972.527
0,3820.714
0,3818.429
0,3956.054
0,4091.175
0,4084.537
0,3895.169
0,3888.228
0,4070.252
0,4261.766
0,4378.474
0,4494.083
0,4611.47
0,4467.103
0,4245.257
0,4003.781
0,3876.201
0,3764.572
0,3688.825
0,3670.264
0,3712.473
0,3896.366
0,4171.329
0,4408.429
0,4433.256
0,4365.889
0,4247.94
0,4145.441
0,4238.286
0,4391.639
0,4406.232
0,4355.741
0,4307.241
0,4414.585
0,4501.187
0,4640.737
0,4788.275
0,4656.362
0,4392.802
0,4224.038
0,3937.537
0,3804.961
0,3734.514
0,3720.042
0,3769.799
0,3944.835
0,4187.521
0,4348.297
0,4392.297
0,4381.534
0,4323.763
0,4178.12
0,4173.283
0,4193.331
0,4312.562
0,4395.661
0,4465.612
0,4529.845
0,4564.199
0,4695.219
0,4803.038
0,4647.904
0,4392.222
0,4125.119
0,3916.799
0,3793.445
0,3739.41
0,3694.832
0,3784.434
0,3954.541
0,4192.045
0,4435.375
0,4479.157
0,4528.663
0,4577.882
0,4568.488
0,4601.93
0,4588.452
0,4499.75
0,4341.449
0,4269.685
0,4416.976
0,4540.353
0,4595.914
0,4636.043
0,4504.609
0,4260.768
0,3993.857
0,3796.121
0,3667.914
0,3596.474
0,3560.354
0,3622.199
0,3781.818
0,4003.644
0,4082.726
0,3964.98
0,3898.693
0,3765.153
0,3766.564
0,3982.656
0,4133.64
0,4042.899
0,4071.319
0,4084.009
0,4188.54
0,4236.597
0,4299.403
0,4408.59
0,4309.437
0,4111.782
0,3907.219
0,3735.376
0,3602.202
0,3516.884
0,3478.227
0,3483.488
0,3533.406
0,3524.091
0,3455.485
0,3325.641
0,3213.094
0,3118.989
0,3085.321
0,3116.078
0,3118.308
0,3233.801
0,3370.258
0,3609.672
0,3831.063
0,4058.19
0,4187.794
0,4295.556
0,4216.68
0,4028.841
0,3830.577
0,3607.466
0,3459.838
0,3365.783
0,3309.989
0,3290.254
0,3288.711
0,3247.963
0,3176.235
0,3080.994
0,3016.775
0,2990.205
0,3045.389
0,3124.591
0,3212.105
0,3416.33
0,3687.46
0,4013.078
0,4250.867
0,4383.388
0,4497.944
0,4620.467
0,4499.159
0,4272.204
0,3990.896
0,3767.537
0,3618.525
0,3507.751
0,3470.354
0,3511.159
0,3649.279
0,3856.646
0,4053.901
0,4094.059
0,4034.831
0,3982.063
0,4012.26
0,4084.682
0,4198.312
0,4320.684
0,4534.623
0,4759.883
0,5000.74
0,5135.41
0,5136.172
0,5128.962
0,4911.561
0,4554.313
0,4204.187
0,3920.208
0,3705.89
0,3579.799
0,3502.835
0,3512.679
0,3637.825
0,3830.91
0,4034.038
0,4129.729
0,4084.205
0,4120.003
0,3872.767
0,4040.969
0,4100.22
0,3970.216
0,4013.729
0,4201.423
0,4399.166
0,4525.047
0,4574.111
0,4659.637
0,4477.62
0,4186.354
0,3900.139
0,3677.962
0,3529.472
0,3453.21
0,3418.803
0,3468.694
0,3617.764
0,3820.248
0,3956.568
0,3899.634
0,3783.402
0,3708.546
0,3655.353
0,3660.364
0,3737.933
0,3761.27
0,4007.131
0,4293.656
0,4534.619
0,4687.993
0,4742.005
0,4786.68
0,4614.509
0,4313.638
0,4006.986
0,3758.997
0,3590.976
0,3492.831
0,3460.448
0,3494.73
0,3639.546
0,3823.63
0,3976.665
0,3984.604
0,3952.146
0,3930.817
0,3946.644
0,4054.907
0,4192.574
0,4376.513
0,4663.349
0,4914.873
0,5126.182
0,5245.594
0,5253.396
0,5236.262
0,5055.456
0,4695.226
0,4339.053
0,4083.029
0,3852.67
0,3703.651
0,3626.028
0,3622.515
0,3708.781
0,3893.144
0,4092.099
0,4219.538
0,4295.994
0,4429.698
0,4631.302
0,4821.168
0,5095.179
0,5373.662
0,5696.505
0,5825.116
0,5895.432
0,5968.724
0,5911.603
0,5819.009
0,5589.504
0,5226.516
0,4853.866
0,4520.918
0,4314.75
0,4104.201
0,3961.897
0,3913.498
0,3916.463
0,3898.303
0,3994.844
0,4138.713
0,4421.504
0,4582.243
0,4680.266
0,4746.085
0,4882.684
0,4979.85
0,5128.354
0,5149.066
0,5163.091
0,5124.875
0,5070.063
0,5005.225
0,4880.58
0,4621.017
0,4337.97
0,4028.504
0,3794.321
0,3634.205
0,3516.411
0,3450.687
0,3383.922
0,3316.355
0,3280.906
0,3268.722
0,3222.645
0,3194.248
0,3171.73
0,3202.689
0,3317.091
0,3470.63
0,3726.761
0,4010.558
0,4310.918
0,4431.823
0,4446.433
0,4551.976
0,4472.004
0,4221.846
0,3940.081
0,3736.8
0,3524.468
0,3418.665
0,3373.203
0,3401.998
0,3541.518
0,3736.18
0,3879.706
0,3869.739
0,3845.326
0,3819.508
0,3829.874
0,3840.273
0,3936.839
0,4104.219
0,4299.95
0,4582.898
0,4824.638
0,4936.33
0,4939.654
0,4943.621
0,4786.566
0,4424.007
0,4109.964
0,3835.292
0,3655.551
0,3543.993
0,3493.855
0,3523.588
0,3630.479
0,3823.843
0,4001.335
0,4017.872
0,3991.355
0,3984.299
0,4054.083
0,4192.546
0,4456.804
0,4667.522
0,4905.017
0,5070.746
0,5221.964
0,5296.286
0,5281.909
0,5322.432
0,5186.694
0,4852.386
0,4523.294
0,4188.662
0,3959.546
0,3815.535
0,3731.193
0,3706.748
0,3783.377
0,3920.613
0,4049.195
0,3971.041
0,3830.465
0,3735.874
0,3691.118
0,3671.262
0,3717.177
0,3768.736
0,3915.33
0,4129.264
0,4326.709
0,4458.638
0,4493.131
0,4598.04
0,4450.601
0,4171.347
0,3904.052
0,3663.789
0,3526.93
0,3443.884
0,3416.05
0,3462.382
0,3607.917
0,3821.237
0,3945.587
0,3872.303
0,3743.708
0,3633.898
0,3603.623
0,3599.258
0,3647.643
0,3693.292
0,3790.434
0,3958.942
0,4133.778
0,4292.595
0,4386.48
0,4503.716
0,4401.918
0,4152.116
0,3881.758
0,3727.833
0,3541.854
0,3458.261
0,3427.969
0,3463.368
0,3596.622
0,3765.933
0,3910.549
0,3937.731
0,3956.864
0,3843.317
0,3986.329
0,4073.507
0,4026.098
0,4043.765
0,4058.51
0,4139.641
0,4319.653
0,4412.664
0,4470.87
0,4537.393
0,4428.395
0,4198.494
0,3962.926
0,3760.902
0,3576.681
0,3474.377
0,3411.137
0,3407.884
0,3448.133
0,3462.949
0,3578.372
0,3714.499
0,3859.878
0,3963.64
0,4076.097
0,4033.32
0,3978.244
0,3993.843
0,4055.929
0,4099.19
0,4227.304
0,4322.289
0,4395.744
0,4501.609
0,4426.789
0,4278.389
0,4105.694
0,3917.407
0,3723.871
0,3566.309
0,3431.393
0,3372.175
0,3339.113
0,3270.269
0,3211.474
0,3161.638
0,3207.049
0,3320.261
0,3300.478
0,3365.667
0,3508.321
0,3475.595
0,3633.51
0,3839.772
0,4084.841
0,4282.092
0,4398.683
0,4514.736
0,4455.223
0,4286.762
0,3948.855
0,3718.209
0,3554.271
0,3444.076
0,3404.705
0,3427.336
0,3586.694
0,3760.982
0,4031.14
0,4028.189
0,4050.11
0,4076.708
0,4069.288
0,4151.161
0,4363.371
0,4578.259
0,4816.439
0,4935.284
0,4993.648
0,4984.007
0,4907.143
0,4908.342
0,4745.328
0,4430.013
0,4175.66
0,3837.657
0,3677.926
0,3566.378
0,3519.222
0,3555.762
0,3676.206
0,3829.586
0,4036.727
0,4111.36
0,4077.978
0,4022.954
0,3985.189
0,3998.973
0,4046.393
0,4121.419
0,4281.14
0,4469.925
0,4620.273
0,4640.15
0,4640.292
0,4692.536
0,4574.439
0,4326.752
0,4037.738
0,3752.703
0,3605.975
0,3512.973
0,3472.847
0,3494.001
0,3615.327
0,3799.64
0,3976.94
0,3990.874
0,3920.983
0,3895.019
0,3906.793
0,3978.869
0,4156.536
0,4370.555
0,4676.843
0,4989.267
0,5171.401
0,5172.829
0,5178.066
0,5115.351
0,4879.914
0,4523.929
0,4198.891
0,3976.183
0,3710.684
0,3584.986
0,3512.703
0,3531.26
0,3615.035
0,3785.52
0,3911.479
0,3841.521
0,3744.736
0,3646.299
0,3626.005
0,3631.152
0,3722.207
0,3837.496
0,3996.917
0,4232.246
0,4475.035
0,4599.931
0,4639.646
0,4670.783
0,4561.914
0,4288.5
0,4004.718
0,3761.337
0,3601.192
0,3491.171
0,3443.094
0,3474.211
0,3552.681
0,3708.741
0,3798.473
0,3800.767
0,3747.496
0,3711.104
0,3704.929
0,3734.179
0,3802.036
0,3898.082
0,4054.282
0,4331.33
0,4597.335
0,4730.422
0,4735.695
0,4684.802
0,4557.803
0,4286.341
0,4029.788
0,3764.842
0,3619.987
0,3497.372
0,3419.415
0,3386.245
0,3341.617
0,3315.616
0,3293.801
0,3289.336
0,3290.206
0,3307.667
0,3366.117
0,3450.824
0,3551.787
0,3717.438
0,3968.57
0,4216.989
0,4498.974
0,4635.243
0,4582.94
0,4544.085
0,4440.819
0,4206.727
0,3996.909
0,3797.366
0,3585.781
0,3449.245
0,3366.086
0,3328.366
0,3261.38
0,3209.608
0,3180.144
0,3160.855
0,3162.102
0,3247.876
0,3304.951
0,3434.765
0,3698.153
0,3955.476
0,4149.425
0,4291.66
0,4510.783
0,4610.544
0,4593.171
0,4604.474
0,4554.869
0,4354.169
0,4153.981
0,3933.999
0,3720.448
0,3579.821
0,3492.745
0,3480.089
0,3441.742
0,3428.405
0,3473.124
0,3513.531
0,3605.999
0,3652.281
0,3736.453
0,3878.293
0,3954.283
0,4065.57
0,4195.802
0,4422.509
0,4603.266
0,4678.687
0,4663.461
0,4662.735
0,4591.404
0,4318.527
0,4102.348
0,3774.331
0,3589.487
0,3482.434
0,3423.252
0,3446.162
0,3540.634
0,3704.246
0,3854.485
0,3909.183
0,3894.077
0,3875.529
0,3933.62
0,3934.842
0,4065.439
0,4179.861
0,4358.251
0,4632.545
0,4850.842
0,4954.727
0,4913.649
0,4890.319
0,4748.9
0,4388.707
0,4161.501
0,3822.909
0,3657.23
0,3536.232
0,3494.913
0,3515.836
0,3598.216
0,3810.875
0,3969.186
0,3949.813
0,3916.722
0,3912.909
0,3960.367
0,4038.838
0,4183.898
0,4382.409
0,4636.164
0,4963.889
0,5249.897
0,5322.393
0,5256.689
0,5197.094
0,5036.504
0,4699.977
0,4340.082
0,4032.089
0,3840.837
0,3698.561
0,3644.203
0,3662.28
0,3731.366
0,3923.244
0,4136.472
0,4248.302
0,4320.057
0,4417.608
0,4594.694
0,4785.327
0,5092.561
0,5456.218
0,5840.461
0,6231.526
0,6446.721
0,6476.472
0,6353.422
0,6153.386
0,5883.847
0,5405.903
0,5021.592
0,4555.023
0,4266.839
0,4081.302
0,3968.604
0,3957.733
0,3996.519
0,4194.956
0,4472.33
0,4699.625
0,4947.501
0,5252.606
0,5640.199
0,5976.719
0,6422.121
0,6756.723
0,7107.258
0,7407.868
0,7476.295
0,7236.289
0,6859.096
0,6641.556
0,6335.683
0,5949.888
0,5499.923
0,5106.559
0,4730.626
0,4477.394
0,4291.516
0,4187.734
0,4120.802
0,4100.055
0,4171.997
0,4329.241
0,4512.783
0,4601.12
0,4617.499
0,4581.707
0,4496.505
0,4345.59
0,4370.358
0,4476.954
0,4500.054
0,4476.377
0,4434.58
0,4453.933
0,4398.815
0,4219.729
0,3983.286
0,3762.452
0,3600.971
0,3476.669
0,3387.579
0,3367.323
0,3289.799
0,3236.186
0,3187.173
0,3122.406
0,3101.352
0,3259.949
0,3340.098
0,3356.94
0,3543.199
0,3685.812
0,3844.192
0,3991.9
0,4119.199
0,4218.899
0,4266.488
0,4365.295
0,4347.471
0,4145.506
0,3890.096
0,3678.674
0,3530.305
0,3442.635
0,3408.917
0,3452.048
0,3551.418
0,3766.929
0,3946.891
0,3981.311
0,3950.925
0,3951.093
0,4023.338
0,4117.632
0,4368.822
0,4722.261
0,4853.911
0,5018.43
0,5093.069
0,5051.235
0,5035.091
0,5016.511
0,4927.022
0,4599.846
0,4283.553
0,3940.071
0,3756.385
0,3644.415
0,3578.951
0,3589.607
0,3686.126
0,3875.104
0,4125.146
0,4364.51
0,4212.128
0,4055.005
0,4130.278
0,4282.775
0,4585.634
0,4837.678
0,4927.87
0,5290.505
0,5336.163
0,5319.298
0,5254.231
0,5171.922
0,5017.796
0,4721.8
0,4292.661
0,3993.636
0,3805.649
0,3674.128
0,3590.254
0,3596.608
0,3687.706
0,3877.06
0,4088.532
0,4150.499
0,4167.711
0,4165.144
0,4277.662
0,4491.897
0,4748.958
0,4740.691
0,4739.586
0,4798.815
0,4847.769
0,4852.399
0,4823.536
0,4798.99
0,4651.042
0,4367.778
0,4060.373
0,3810.017
0,3639.986
0,3541.897
0,3497.177
0,3508.875
0,3617.508
0,3788.499
0,4013.658
0,4078.585
0,4074.99
0,4035.661
0,4039.637
0,4138.832
0,4258.824
0,4454.688
0,4725.408
0,4877.382
0,4922.266
0,4858.643
0,4831.786
0,4845.291
0,4739.333
0,4461.973
0,4156.722
0,3922.629
0,3773.575
0,3637.355
0,3582.843
0,3603.053
0,3672.904
0,3841.316
0,4027.395
0,4101.179
0,4069.968
0,4111.294
0,4286.937
0,4449.711
0,4531.709
0,4499.955
0,4656.949
0,4868.367
0,4984.472
0,4933.504
0,4860.167
0,4865.151
0,4748.911
0,4510.309
0,4239.646
0,3957.803
0,3763.913
0,3623.934
0,3534.2
0,3500.128
0,3451.701
0,3456.726
0,3488.015
0,3519.815
0,3563.107
0,3619.538
0,3746.01
0,3944.977
0,4035.702
0,4214.159
0,4530.735
0,4749.608
0,5013.047
0,5117.334
0,5007.642
0,4980.77
0,4922.677
0,4722.497
0,4486.938
0,4231.658
0,4017.726
0,3858.574
0,3752.537
0,3683.506
0,3602.678
0,3545.811
0,3574.907
0,3655.329
0,3840.018
0,4092.324
0,4458.842
0,4808.364
0,5046.613
0,5373.471
0,5514.387
0,5632.999
0,5792.164
0,5859.967
0,5798.589
0,5766.335
0,5677.563
0,5352.774
0,5025.224
0,4651.726
0,4417.56
0,4261.306
0,4184.676
0,4201.151
0,4343.614
0,4577.748
0,4882.899
0,5084.801
0,5192.554
0,5365.843
0,5512.847
0,5605.378
0,5752.816
0,6002.039
0,6275.543
0,6438.238
0,6262.783
0,6039.535
0,5878.381
0,5749.43
0,5598.715
0,5345.362
0,4919.172
0,4575.227
0,4310.493
0,4123.092
0,4014.506
0,3995.605
0,4066.395
0,4269.155
0,4453.244
0,4489.929
0,4545.665
0,4631.182
0,4777.759
0,4828.283
0,4901.944
0,5084.028
0,5388.854
0,5733.148
0,5924.821
0,5922.16
0,5794.244
0,5653.959
0,5504.073
0,5142.172
0,4686.251
0,4336.486
0,4086.736
0,3935.924
0,3842.783
0,3842.801
0,3900.296
0,4122.426
0,4387.534
0,4573.092
0,4796.918
0,4967.732
0,5211.115
0,5440.034
0,5336.191
0,4903.21
0,4784.5
0,5029.74
0,5118.761
0,5202.148
0,5170.673
0,5068.788
0,4985.734
0,4699.722
0,4363.876
0,4088.683
0,3891.698
0,3764.755
0,3698.271
0,3708.955
0,3781.762
0,3968.67
0,4200.705
0,4273.836
0,4318.001
0,4431.587
0,4606.045
0,4717.739
0,4901.912
0,5049.126
0,5244.881
0,5466.759
0,5665.621
0,5697.425
0,5637.965
0,5575.066
0,5452.912
0,5101.629
0,4738.277
0,4385.677
0,4144.542
0,3974.568
0,3869.468
0,3853.148
0,3900.499
0,4059.494
0,4284.753
0,4455.345
0,4616.082
0,4942.066
0,5264.695
0,5561.012
0,5458.605
0,5086.335
0,4743.547
0,4774.805
0,4996.034
0,5026.683
0,4971.237
0,4985.767
0,4942.023
0,4713.159
0,4443.804
0,4169.02
0,3985.917
0,3812.002
0,3720.676
0,3692.86
0,3645.792
0,3629.507
0,3666.817
0,3715.052
0,3821.732
0,3875.173
0,4042.239
0,4222.85
0,4199.951
0,4343.259
0,4514.495
0,4709.29
0,4794.681
0,4846.161
0,4786.101
0,4782.79
0,4726.416
0,4524.251
0,4295.226
0,4034.535
0,3826.804
0,3687.964
0,3581.412
0,3536.335
0,3455.292
0,3401.271
0,3406.417
0,3447.941
0,3515.258
0,3659.184
0,3857.576
0,4151.929
0,4394.595
0,4562.11
0,4838.399
0,5125.952
0,5242.53
0,5358.795
0,5303.114
0,5314.116
0,5280.719
0,5030.18
0,4681.638
0,4392.988
0,4142.434
0,3975.881
0,3896.634
0,3883.191
0,3938.871
0,4096.921
0,4340.44
0,4490.715
0,4626.965
0,4804.241
0,5037.15
0,5270.072
0,5584.171
0,5882.855
0,6153.977
0,6365.896
0,6486.264
0,6324.131
0,6122.973
0,5993.164
0,5796.634
0,5433.799
0,4998.189
0,4617.646
0,4367.755
0,4192.89
0,4093.044
0,4086.54
0,4172.873
0,4371.357
0,4644.361
0,4797.196
0,4903.398
0,4943.538
0,4950.28
0,5040.223
0,5178.313
0,5438.574
0,5637.622
0,5814.163
0,5909.103
0,5822.638
0,5666.689
0,5574.432
0,5436.802
0,5091.106
0,4705.249
0,4380.692
0,4143.094
0,3976.137
0,3881.141
0,3881.319
0,3943.682
0,4115.668
0,4324.753
0,4419.353
0,4497.735
0,4595.81
0,4766.714
0,4805.303
0,4827.788
0,4792.363
0,4836.244
0,4980.345
0,5061.48
0,5015.989
0,4975.197
0,4983.525
0,4899.411
0,4655.227
0,4344.433
0,4076.185
0,3897.491
0,3790.56
0,3724.018
0,3737.058
0,3830.921
0,4036.58
0,4299.178
0,4455.646
0,4582.999
0,4609.502
0,4692.956
0,4697.665
0,4705.018
0,4699.411
0,4705.828
0,4729.258
0,4812.453
0,4869.064
0,4897.432
0,4955.212
0,4938.849
0,4734.581
0,4477.936
0,4221.519
0,4044.184
0,3913.285
0,3846.695
0,3855.566
0,3952.455
0,4147.015
0,4441.316
0,4714.625
0,4860.696
0,4998.801
0,5027.615
0,5046.568
0,5034.871
0,5066.559
0,5104.714
0,5172.054
0,5133.159
0,5047.422
0,5040.802
0,5087.603
0,5073.147
0,4871.721
0,4638.135
0,4430.388
0,4192.666
0,4053.571
0,3986.874
0,3951.061
0,3970.209
0,4002.698
0,4149.078
0,4346.047
0,4495.056
0,4658.994
0,4818.416
0,5018.665
0,5297.037
0,5323.413
0,5194.408
0,5540.366
0,5909.602
0,6038.423
0,6008.686
0,5918.685
0,5810.806
0,5571.651
0,5319.931
0,4958.441
0,4694.89
0,4478.843
0,4313.009
0,4207.724
0,4085.211
0,4071.692
0,4211.886
0,4423.975
0,4724.401
0,5178.291
0,5661.667
0,6035.456
0,6271.376
0,5931.787
0,5744.604
0,5991.737
0,6108.981
0,6118.113
0,6015.426
0,5911.509
0,5810.446
0,5514.759
0,5156.395
0,4834.651
0,4565.478
0,4399.864
0,4327.624
0,4342.063
0,4420.341
0,4677.733
0,4978.254
0,5292.828
0,5668.875
0,5820.766
0,5792.476
0,6041.981
0,6163.555
0,6301.016
0,6760.79
0,6675.799
0,6550.445
0,6300.989
0,6115.36
0,5993.388
0,5853.133
0,5527.635
0,5094.994
0,4747.32
0,4477.517
0,4336.603
0,4226.73
0,4226.014
0,4295.084
0,4511.628
0,4825.929
0,5114.517
0,5310.517
0,5435.128
0,5428.439
0,5370.622
0,5480.992
0,5696.225
0,5907.386
0,6204.478
0,6446.42
0,6239.557
0,5971.371
0,5772.985
0,5571.9
0,5310.037
0,4904.182
0,4594.781
0,4349.468
0,4185.977
0,4104.5
0,4106.357
0,4203.107
0,4380.218
0,4662.002
0,4842.227
0,4979.549
0,5226.632
0,5516.194
0,5795.153
0,6013.432
0,6250.739
0,6324.137
0,6457.846
0,6618.155
0,6522.202
0,6372.268
0,6257.656
0,6086.846
0,5759.366
0,5265.264
0,4856.962
0,4517.076
0,4285.401
0,4137.812
0,4098.98
0,4165.8
0,4330.27
0,4624.076
0,4829.931
0,4978.887
0,5188.746
0,5457.493
0,5709.884
0,5950.77
0,6204.574
0,6484.55
0,6727.142
0,6882.381
0,6846.221
0,6665.447
0,6491.807
0,6258.644
0,5879.276
0,5471.221
0,5015.409
0,4726.64
0,4490.828
0,4354.274
0,4311.97
0,4344.552
0,4485.224
0,4725.4
0,4992.144
0,5230.345
0,5525.837
0,5855.398
0,6112.191
0,6314.081
0,6546.403
0,6784.28
0,6904.491
0,7015.597
0,6910.426
0,6629.336
0,6406.664
0,6144.224
0,5797.572
0,5364.867
0,4992.3
0,4653.004
0,4423.643
0,4261.863
0,4166.422
0,4079.785
0,4058.625
0,4182.279
0,4392.165
0,4521.707
0,4834.489
0,5089.209
0,5208.347
0,5496.105
0,5707.094
0,5940.373
0,6150.302
0,6210.781
0,6076.957
0,5906.157
0,5789.815
0,5686.152
0,5500.624
0,5247.416
0,5032.91
0,4795.943
0,4623.161
0,4515.663
0,4444.869
0,4420.898
0,4348.326
0,4402.206
0,4570.338
0,4876.723
0,5122.317
0,5364.773
0,5814.222
0,6279.417
0,6622.876
0,6791.128
0,6962.896
0,7152.19
0,7163.343
0,7063.137
0,6995.893
0,6840.939
0,6491.223
0,6109.896
0,5638.999
0,5279.946
0,5081.974
0,4931.659
0,4888.767
0,4922.289
0,5033.097
0,5294.601
0,5482.935
0,5851.906
0,6156.556
0,6394.535
0,6778.991
0,7142.463
0,7510.366
0,7627.169
0,7882.523
0,8052.921
0,8066.94
0,7902.672
0,7611.921
0,7371.743
0,6880.508
0,6391.896
0,5932.956
0,5580.085
0,5325.747
0,5142.782
0,5059.181
0,4996.665
0,4953.419
0,5029.739
0,5217.987
0,5487.456
0,5722.948
0,5915.881
0,6162.699
0,6520.724
0,6592.515
0,6433.871
0,6324.19
0,6487.065
0,6464.303
0,6447.029
0,6320.125
0,6216.555
0,5995.18
0,5683.691
0,5347.424
0,5072.153
0,4870.924
0,4750.226
0,4745.284
0,4810.845
0,5057.834
0,5482.126
0,5824.641
0,6194.876
0,6579.623
0,6991.398
0,7380.971
0,7724.562
0,8034.144
0,8365.731
0,8592.075
0,8679.296
0,8551.137
0,8379.007
0,8097.285
0,7848.141
0,7361.508
0,6820.562
0,6337.932
0,5949.036
0,5675.691
0,5464.984
0,5364.217
0,5376.662
0,5568.485
0,6000.38
0,6419.39
0,6835.969
0,7261.726
0,7565.859
0,7812.616
0,8075.123
0,8276.069
0,8483.231
0,8697.675
0,8807.611
0,8767.74
0,8536.748
0,8186.731
0,7835.987
0,7329.966
0,6751.443
0,6291.883
0,5918.34
0,5649.503
0,5472.262
0,5422.431
0,5505.698
0,5676.366
0,5981.611
0,6239.891
0,6438.391
0,6625.037
0,6867.236
0,7227.726
0,7559.501
0,7941.853
0,8285.366
0,8336.669
0,8077.823
0,7817.621
0,7679.386
0,7492.914
0,7260.768
0,6876.493
0,6422.644
0,6042.165
0,5784.295
0,5475.493
0,5302.14
0,5231.87
0,5196.344
0,5176.535
0,5325.852
0,5632.247
0,5980.011
0,6453.201
0,6753.737
0,7092.714
0,7258.122
0,7278.699
0,7167.814
0,7211.4
0,7010.416
0,6878.622
0,6719.788
0,6664.368
0,6577.517
0,6304.606
0,6002.525
0,5700.46
0,5466.218
0,5187.35
0,5045.293
0,4963.794
0,4906.605
0,4856.565
0,4999.99
0,5192.818
0,5468.563
0,5832.841
0,6094.474
0,6334.465
0,6377.141
0,6434.024
0,6511.346
0,6580.043
0,6568.037
0,6430.612
0,6247.581
0,6119.925
0,5990.665
0,5764.579
0,5487.066
0,5252.337
0,4975.448
0,4812.251
0,4721.64
0,4726.724
0,4852.599
0,5040.213
0,5316.317
0,5549.293
0,5880.506
0,6047.211
0,6085.007
0,6214.066
0,6272.892
0,6635.88
0,6945.316
0,7341.57
0,7581.262
0,7675.423
0,7470.941
0,7160.588
0,6825.691
0,6334.351
0,5790.407
0,5288.707
0,4943.395
0,4695.254
0,4516.04
0,4456.898
0,4460.388
0,4654.987
0,4973.395
0,5221.087
0,5455.065
0,5728.404
0,6078.85
0,6465.909
0,6849.674
0,7219.422
0,7553.201
0,7854.162
0,8087.582
0,8110.496
0,7951.396
0,7638.54
0,7305.942
0,6781.667
0,6237.533
0,5750.994
0,5374.375
0,5139.853
0,4950.571
0,4873.959
0,4894.179
0,5090.96
0,5461.735
0,5805.085
0,6118
0,6504.32
0,6910.862
0,7273.6
0,7620.392
0,7917.661
0,8157.528
0,8444.572
0,8570.773
0,8351.776
0,8175.844
0,7979.959
0,7674.643
0,7138.931
0,6606.42
0,6093.57
0,5718.817
0,5451.623
0,5273.069
0,5175.912
0,5233.934
0,5425
0,5801.202
0,6231.816
0,6579.36
0,6826.675
0,7373.916
0,7582.43
0,7877.498
0,8257.005
0,8456.534
0,8708.829
0,8797.75
0,8821.167
0,8725.636
0,8485.873
0,8209.808
0,7706.514
0,7229.583
0,6741.478
0,6364.917
0,5987.97
0,5733.111
0,5584.775
0,5610.072
0,5736.896
0,5935.943
0,6002.692
0,6448.072
0,6773.254
0,6953.715
0,7310.722
0,7733.504
0,8024.077
0,8106.726
0,8255.779
0,8183.624
0,7878.474
0,7715.557
0,7571.421
0,7206.678
0,6717.569
0,6154.24
0,5774.861
0,5473.586
0,5192.911
0,5034.098
0,4934.539
0,4882.174
0,4877.74
0,5051.661
0,5355.207
0,5593.078
0,6004.599
0,6498.568
0,6976.618
0,7337.21
0,7670.619
0,7842.859
0,7813.47
0,7557.042
0,7246.477
0,7022.957
0,6887.263
0,6763.727
0,6497.838
0,6243.352
0,6034.846
0,5786.101
0,5623.377
0,5518.125
0,5437.184
0,5406.405
0,5338.757
0,5366.829
0,5522.5
0,5712.152
0,5946.224
0,6123.836
0,6032.776
0,5996.7
0,6244.347
0,6273.98
0,6306.641
0,6356.049
0,6353.498
0,6338.099
0,6384.905
0,6387.238
0,6102.641
0,5757.541
0,5423.291
0,5149.979
0,4997.151
0,4925.154
0,4947.156
0,5071.897
0,5278.223
0,5609.595
0,5930.34
0,6213.875
0,6542.159
0,6913.522
0,7262.826
0,7584.099
0,7879.107
0,8144.283
0,8340.97
0,8427.437
0,8268.977
0,8088.901
0,7888.739
0,7632.413
0,7132.756
0,6610.62
0,6126.46
0,5741.999
0,5512.198
0,5309.024
0,5243.448
0,5300.43
0,5487.685
0,5804.349
0,6112.842
0,6458.411
0,6941.047
0,7151.157
0,6856.778
0,6975.206
0,7350.583
0,7484.2
0,7637.238
0,7807.296
0,7792.841
0,7640.795
0,7435.193
0,7179.828
0,6705.544
0,6184.847
0,5686.294
0,5339.173
0,5080.876
0,4949.994
0,4875.083
0,4972.605
0,5196.745
0,5488.664
0,5677.348
0,5896.73
0,6050.953
0,6125.322
0,6098.01
0,6073.448
0,6279.951
0,6448.724
0,6803.89
0,7117.389
0,7189.626
0,7080.783
0,6972.104
0,6753.347
0,6346.11
0,5860.205
0,5480.033
0,5163.912
0,4998.747
0,4851.826
0,4807.419
0,4839.471
0,5050.585
0,5379.04
0,5658.103
0,5932.4
0,6245.401
0,6580.403
0,6777.557
0,7124.67
0,7449.464
0,7538.032
0,7648.668
0,7605.594
0,7459.411
0,7285.194
0,7062.135
0,6803.484
0,6397.519
0,5948.977
0,5543.116
0,5244.256
0,5060.385
0,4973.384
0,4978.28
0,5057.571
0,5156.48
0,5412.243
0,5527.282
0,5564.606
0,5783.843
0,6186.9
0,6555.334
0,6851.625
0,7165.923
0,7362.232
0,7533.84
0,7673.673
0,7645.807
0,7436.68
0,7115.588
0,6812.553
0,6377.133
0,5924.925
0,5512.157
0,5136.405
0,4883.696
0,4685.1
0,4536.06
0,4451.554
0,4399.456
0,4510.719
0,4646.505
0,4799.145
0,4980.02
0,5234.86
0,5450.417
0,5690.137
0,5948.293
0,6234.672
0,6457.642
0,6549.138
0,6523.545
0,6460.626
0,6273.852
0,6073.923
0,5740.905
0,5378.357
0,5035.928
0,4743.311
0,4504.886
0,4343.422
0,4234.763
0,4148.252
0,4075.638
0,4167.972
0,4336.178
0,4597.309
0,4902.545
0,5243.447
0,5633.195
0,6017.854
0,6350.181
0,6637.756
0,6942.136
0,7109.585
0,7165.64
0,7098.134
0,6944.189
0,6768.077
0,6372.292
0,5905.374
0,5488.189
0,5153.837
0,4907.464
0,4762.313
0,4731.176
0,4820.265
0,4991.955
0,5293.95
0,5548.45
0,5804.652
0,5950.683
0,6061.961
0,6365.512
0,6707.308
0,7052.545
0,7394.444
0,7658.581
0,7847.125
0,7854.902
0,7623.135
0,7407.778
0,7208.25
0,6738.596
0,6237.582
0,5768.113
0,5397.04
0,5147.9
0,4972.57
0,4920.335
0,4984.407
0,5155.004
0,5489.053
0,5810.987
0,6135.367
0,6522.497
0,6920.098
0,7324.33
0,7783.211
0,8212.084
0,7386.746
0,6852.321
0,6549.102
0,6366.34
0,6389.062
0,6317.61
0,6149.924
0,5803.419
0,5428.433
0,5034.949
0,4801.329
0,4610.525
0,4496.701
0,4458.227
0,4562.011
0,4745.948
0,5009.934
0,5275.128
0,5522.149
0,5789.251
0,6174.524
0,6584.372
0,7036.137
0,7442.389
0,7731.151
0,7995.634
0,8153.525
0,8154.296
0,7949.042
0,7723.046
0,7406.898
0,6854.963
0,6341.281
0,5870.063
0,5542.995
0,5308.716
0,5180.144
0,5187.902
0,5350.3
0,5621.707
0,5994.139
0,6361.671
0,6786.341
0,7280.931
0,7751.38
0,8145.89
0,8397.723
0,8669.891
0,8894.088
0,9077.152
0,9188.106
0,9241.93
0,9076.568
0,8799.531
0,8388.38
0,7803.87
0,7261.408
0,6803.949
0,6386.149
0,6098.494
0,5881.051
0,5756.643
0,5787.343
0,5912.285
0,6240.576
0,6529.985
0,6889.125
0,7257.909
0,7613.167
0,7915.354
0,8248.081
0,8573.301
0,8804.848
0,9016.48
0,9166.354
0,9146.801
0,8939.198
0,8653.382
0,8335.401
0,7779.317
0,7186.032
0,6700.928
0,6318.006
0,5982.048
0,5761.04
0,5612.32
0,5561.974
0,5491.942
0,5602.872
0,5852.486
0,6074.838
0,6361.952
0,6745.187
0,7169.753
0,7506.501
0,7680.21
0,7773.586
0,8123.197
0,8378.524
0,8380.051
0,7730.351
0,7450.769
0,7208.039
0,6791.739
0,6274.823
0,5809.933
0,5426.183
0,5037.183
0,4790.889
0,4605.777
0,4444.917
0,4275.05
0,4256.846
0,4257.717
0,4306.979
0,4399.577
0,4615.33
0,4866.606
0,5102.876
0,5271.684
0,5464.617
0,5749.295
0,6013.999
0,6098.14
0,6032.604
0,5884.89
0,5696.943
0,5358.288
0,5001.897
0,4648.648
0,4426.767
0,4242.633
0,4166.582
0,4169.212
0,4276.773
0,4427.192
0,4685.991
0,4909.181
0,5046.912
0,5179.863
0,5458.192
0,5843.875
0,6221.634
0,6475.598
0,6709.961
0,6946.244
0,7091.953
0,7066.045
0,6876.222
0,6679.207
0,6394.693
0,5952.265
0,5484.783
0,5104.636
0,4789.726
0,4581.169
0,4463.998
0,4426.158
0,4526.517
0,4655.856
0,4889.399
0,5035.142
0,5106.339
0,5204.944
0,5341.949
0,5537.211
0,5830.63
0,6080.631
0,6252.539
0,6435.168
0,6524.671
0,6516.21
0,6345.242
0,6142.67
0,5888.496
0,5494.857
0,5060.668
0,4688.242
0,4428.431
0,4234.952
0,4120.183
0,4090.792
0,4180.802
0,4302.691
0,4550.921
0,4680.387
0,4771.778
0,4861.504
0,5032.86
0,5197.478
0,5488.829
0,5746.222
0,6060.682
0,6296.676
0,6479.172
0,6466.121
0,6280.054
0,6079.064
0,5820.005
0,5556.288
0,5029.739
0,4681.934
0,4425.181
0,4245.376
0,4134.851
0,4124.439
0,4225.946
0,4354.518
0,4592.595
0,4795.162
0,4927.138
0,5123.3
0,5307.247
0,5650.588
0,5932.922
0,6163.597
0,6233.468
0,6258.519
0,6251.032
0,6142.557
0,5970.171
0,5950.313
0,5796.706
0,5513.772
0,5169.447
0,4902.973
0,4653.525
0,4513.27
0,4437.813
0,4427.963
0,4552.002
0,4715.21
0,4940.141
0,5180.746
0,5434.302
0,5678.011
0,5792.263
0,5823.428
0,5794.743
0,5902.343
0,5908.169
0,6054.103
0,6057.363
0,5966.618
0,5925.322
0,5953.263
0,5799.947
0,5602.318
0,5292.95
0,5215.568
0,4954.069
0,4772.875
0,4636.312
0,4572.562
0,4582.1
0,4563.612
0,4667.606
0,4867.335
0,5105.32
0,5361.397
0,5687.172
0,6011.737
0,6201.177
0,6456.211
0,6713.659
0,6816.865
0,6799.918
0,6720.302
0,6579.684
0,6498.666
0,6245.942
0,5958.609
0,5674.315
0,5101.068
0,4801.72
0,4581.649
0,4387.604
0,4301.196
0,4219.628
0,4138.018
0,4181.735
0,4342.557
0,4543.343
0,4766.952
0,5140.353
0,5496.798
0,5913.994
0,6244.312
0,6574.976
0,6821.882
0,6976.895
0,6989.601
0,6815.988
0,6720.276
0,6531.384
0,6178.289
0,5814.334
0,5544.407
0,5198.252
0,4998.934
0,4880.093
0,4841.613
0,4928.429
0,5077.009
0,5278.987
0,5609.421
0,5828.513
0,5927.582
0,5895.986
0,6320.02
0,6805.849
0,6978.034
0,7152.259
0,7351.301
0,7457.393
0,7382.793
0,7114.775
0,6916.412
0,6425.449
0,5945.07
0,5597.035
0,5235.097
0,4968.47
0,4777.79
0,4685.199
0,4694.422
0,4858.048
0,5082.536
0,5311.276
0,5577.759
0,5724.789
0,5781.755
0,6010.609
0,5948.567
0,6121.304
0,6251.917
0,6333.058
0,6300.21
0,6315.488
0,6400.589
0,6268.432
0,6186.413
0,5985.833
0,5703.552
0,5315.12
0,5075.114
0,4745.501
0,4546.785
0,4427.047
0,4400.827
0,4498.997
0,4663.187
0,4879.738
0,5096.819
0,5231.621
0,5465.058
0,5646.609
0,5951.324
0,6252.186
0,6579.586
0,6956.906
0,7292.171
0,7501.5
0,7345.133
0,7072.542
0,6859.343
0,6551.975
0,6091.934
0,5630.255
0,5261.789
0,4931.642
0,4719.351
0,4605.17
0,4588.87
0,4709.849
0,4870.912
0,5099.868
0,5302.049
0,5620.113
0,5957.011
0,6307.991
0,6551.183
0,6566.9
0,6530.576
0,6371.776
0,6179.798
0,6154.975
0,6044.335
0,5938.911
0,5994.951
0,5866.857
0,5563.392
0,5254.858
0,4969.61
0,4625.285
0,4440.647
0,4329.412
0,4311.901
0,4428.251
0,4551.876
0,4792.143
0,5000.035
0,5155.866
0,5330.526
0,5672.211
0,6053.332
0,6313.735
0,6563.057
0,6741.614
0,6976.169
0,7161.151
0,7111.951
0,6860.601
0,6635.78
0,6325.738
0,5936.839
0,5546.566
0,5201.686
0,4854.705
0,4601.76
0,4446.633
0,4348.806
0,4336.149
0,4301.842
0,4394.214
0,4631.975
0,4897.15
0,5183.748
0,5434.353
0,5761.377
0,6217.042
0,6411.169
0,6514.117
0,6872.971
0,7026.167
0,7000.972
0,6861.865
0,6798.135
0,6569.983
0,6228.614
0,5911.157
0,5624.48
0,5270.813
0,4939.999
0,4731.607
0,4628.918
0,4592.637
0,4475.445
0,4565.01
0,4767.839
0,5041.014
0,5361.964
0,5727.465
0,6133.451
0,6319.246
0,6553.95
0,6766.697
0,7042.483
0,7294.468
0,7325.379
0,7111.215
0,6953.357
0,6682.506
0,6241.528
0,5775.209
0,5354.165
0,5055.545
0,4819.769
0,4701.539
0,4661.567
0,4785.58
0,4950.162
0,5200.632
0,5444.786
0,5673.541
0,5940.574
0,6138.91
0,6304.43
0,6581.769
0,7250.232
0,7522.385
0,7876.707
0,8019.469
0,7820.401
0,7558.623
0,7372.248
0,7007.215
0,6567.684
0,6120.96
0,5745.014
0,5446.873
0,5246.334
0,5100.822
0,5092.423
0,5243.415
0,5404.905
0,5646.793
0,5888.23
0,6035.128
0,6182.118
0,6478.293
0,6565.073
0,6722.7
0,6985.047
0,7097.792
0,7446.483
0,7464.846
0,7358.802
0,7159.488
0,7070.018
0,6737.284
0,6359.666
0,5936.007
0,5614.892
0,5279.799
0,5076.304
0,4954.117
0,4905.639
0,5044.599
0,5214.458
0,5437.583
0,5608.459
0,5752.077
0,5971.038
0,6174.857
0,6440.317
0,6832.946
0,7184.765
0,7437.424
0,7460.88
0,7399.946
0,7284.737
0,7081.925
0,6973.373
0,6685.115
0,6283.068
0,5862.022
0,5523.386
0,5226.897
0,5040.495
0,4936.912
0,4924.643
0,5055.167
0,5278.693
0,5480.884
0,5676.917
0,5844.518
0,6172.329
0,6525.327
0,6745.352
0,6933.544
0,7094.225
0,7215.453
0,7224.015
0,7222.33
0,7104.904
0,6951.469
0,6872.242
0,6609.411
0,6267.717
0,5960.513
0,5662.125
0,5394.121
0,5245.694
0,5167.021
0,5164.178
0,5279.6
0,5378.904
0,5262.879
0,5413.004
0,5534.74
0,5674.795
0,5642.438
0,5891.492
0,6081.869
0,6307.489
0,6457.663
0,6610.312
0,6627.568
0,6459.612
0,6169.554
0,5970.228
0,5701.393
0,5346.133
0,4988.866
0,4663.57
0,4357.598
0,4160.264
0,4033.086
0,3950.516
0,3943.486
0,3888.98
0,3925.134
0,3973.403
0,4002.816
0,4099.412
0,4235.695
0,4401.422
0,4562.191
0,4743.304
0,4996.071
0,5314.035
0,5598.088
0,5696.224
0,5571.235
0,5470.243
0,5278.61
0,5002.873
0,4712.151
0,4456.445
0,4225.982
0,4049.121
0,3923.38
0,3851.858
0,3839.342
0,3770.545
0,3779.413
0,3846.796
0,3974.447
0,4181.937
0,4460.327
0,4795.369
0,5153.616
0,5528.862
0,5968.051
0,6337.754
0,6537.236
0,6564.691
0,6449.066
0,6379.869
0,6139.659
0,5763.066
0,5389.643
0,5044.261
0,4792.38
0,4609.196
0,4509.689
0,4508.256
0,4634.919
0,4891.918
0,5082.052
0,5346.231
0,5625.817
0,5851.116
0,6209.257
0,6700.153
0,7225.131
0,7610.342
0,7806.885
0,7932.179
0,8037.676
0,8009.898
0,7819.565
0,7607.155
0,7229.775
0,6710.083
0,6251.021
0,5821.942
0,5497.639
0,5262.77
0,5032.391
0,4911.413
0,4961.914
0,5037.128
0,5086.109
0,5112.656
0,5097.328
0,5114.739
0,5214.539
0,5354.489
0,5608.901
0,5808.602
0,6097.109
0,6312.94
0,6527.498
0,6446.539
0,6227.121
0,6121.585
0,5818.38
0,5399.53
0,5052.846
0,4641.281
0,4391.093
0,4231.237
0,4134.947
0,4107.168
0,4217.934
0,4367.296
0,4537.871
0,4687.344
0,4824.806
0,4878.786
0,4772.821
0,4912.44
0,5199.761
0,5549.001
0,5978.78
0,6194.821
0,6208.655
0,6115.934
0,6047.656
0,6005.297
0,5748.918
0,5502.131
0,5140.978
0,4800.589
0,4556.124
0,4416.365
0,4329.513
0,4338.426
0,4514.61
0,4747.4
0,4992.417
0,5219.676
0,5387.69
0,5482.2
0,5543.897
0,5565.69
0,5626.402
0,5739.3
0,5676.005
0,5579.53
0,5514.793
0,5451.058
0,5488.987
0,5492.327
0,5331.881
0,5126.44
0,4875.426
0,4669.445
0,4515.747
0,4402.579
0,4367.152
0,4416.597
0,4601.631
0,4851.815
0,5039.08
0,5288.43
0,5521.18
0,5623.967
0,5743.141
0,5827.186
0,6080.076
0,6298.242
0,6362.263
0,6440.537
0,6664.358
0,6702.108
0,6637.772
0,6556.875
0,6302.069
0,5960.016
0,5628.528
0,5383.274
0,5041.744
0,4840.504
0,4695.197
0,4603.216
0,4650.181
0,4680.216
0,4765.308
0,4937.638
0,5156.898
0,5423.953
0,5766.736
0,6185.362
0,6431.455
0,6571.606
0,6648.074
0,6775.441
0,6946.777
0,6942.139
0,6690.739
0,6531.362
0,6235.499
0,5888.927
0,5514.399
0,5253.121
0,4880.6
0,4650.516
0,4477.385
0,4362.449
0,4302.624
0,4232.234
0,4243.804
0,4357
0,4515.458
0,4737.7
0,5006.574
0,5294.313
0,5666.393
0,6061.346
0,6371.005
0,6628.092
0,6719.357
0,6697.628
0,6565.158
0,6473.119
0,6241.641
0,5875.854
0,5402.236
0,5039.649
0,4764.643
0,4577.004
0,4482.378
0,4523.095
0,4680.257
0,4911.008
0,5200.264
0,5416.326
0,5601.625
0,5665.234
0,5756.881
0,5866.549
0,6095.372
0,6249.467
0,6323.578
0,6326.249
0,6322.186
0,6260.54
0,6215.554
0,6135.132
0,5909.789
0,5580.479
0,5269.57
0,4867.845
0,4634.59
0,4478.621
0,4389.902
0,4382.226
0,4536.921
0,4766.055
0,4981.067
0,5245.607
0,5363.169
0,5394.518
0,5599.836
0,6016.64
0,6262.247
0,6458.223
0,6635.857
0,6764.226
0,6786.232
0,6699.245
0,6668.885
0,6578.063
0,6330.164
0,5980.96
0,5609.272
0,5282.164
0,5028.481
0,4875.373
0,4788.755
0,4787.63
0,4949.071
0,5227.268
0,5506.963
0,5745.835
0,5790.974
0,5665.704
0,5772.565
0,6058.952
0,6505.842
0,6798.359
0,6998.37
0,7141.047
0,7107.839
0,6894.1
0,6687.592
0,6513.98
0,6141.52
0,5693.199
0,5232.173
0,4861.467
0,4553.986
0,4352.074
0,4227.279
0,4201.998
0,4325.74
0,4503.621
0,4634.985
0,4708.228
0,4681.524
0,4653.244
0,4685.431
0,4776.672
0,4963.26
0,5196.823
0,5471.93
0,5732.002
0,5923.742
0,5887.342
0,5702.202
0,5564.507
0,5281.954
0,4941.277
0,4609.084
0,4344.071
0,4090.526
0,3944.173
0,3867.157
0,3847.186
0,3952.379
0,4095.367
0,4225.809
0,4277.188
0,4259.918
0,4285.525
0,4334.188
0,4459.01
0,4638.433
0,4863.149
0,5135.984
0,5458.708
0,5694.125
0,5663.807
0,5507.476
0,5354.671
0,5080.59
0,4784.268
0,4489.769
0,4228.951
0,4013.748
0,3868.819
0,3755.94
0,3693.038
0,3697.964
0,3680.66
0,3666.724
0,3704.081
0,3738.621
0,3797.506
0,3914.038
0,4134.771
0,4339.032
0,4669.335
0,5091.201
0,5427.127
0,5695.635
0,5732.065
0,5652.854
0,5526.253
0,5296.588
0,5048.991
0,4800.418
0,4621.537
0,4406.185
0,4181.273
0,4069.566
0,3990.259
0,3973.484
0,3926.499
0,3953.728
0,4023.373
0,4230.015
0,4628.143
0,5044.069
0,5473.971
0,5869.852
0,6234.621
0,6606.153
0,6958.909
0,7214.513
0,7212.679
0,7034.976
0,6845.077
0,6547.019
0,6164.394
0,5802.964
0,5454.541
0,5133.44
0,4899.835
0,4755.474
0,4686.421
0,4682.176
0,4676.93
0,4740.399
0,4856.393
0,5146.045
0,5377.778
0,5747.523
0,6129.411
0,6677.923
0,7165.933
0,7483.316
0,7819.658
0,8034.597
0,8055.048
0,7950.53
0,7788.696
0,7402.269
0,6929.891
0,6409.754
0,5991.222
0,5653.376
0,5419.323
0,5272.645
0,5217.88
0,5336.617
0,5589.726
0,5863.95
0,6123.821
0,6503.291
0,6905.61
0,7353.245
0,7806.135
0,8270.501
0,8625.175
0,8894.654
0,9034.41
0,9096.884
0,8983.227
0,8847.692
0,8611.516
0,8135.092
0,7548.105
0,6992.841
0,6480.258
0,6122.842
0,5843.717
0,5654.462
0,5578.963
0,5657.054
0,5892.305
0,6169.727
0,6478.165
0,6831.232
0,7179.521
0,7623.717
0,7987.628
0,8414.485
0,8767.472
0,9071.76
0,9344.595
0,9427.059
0,9282.736
0,9040.565
0,8722.288
0,8225.871
0,7599.512
0,7007.951
0,6507.371
0,6109.569
0,5827.051
0,5638.416
0,5552.837
0,5675.001
0,5893.864
0,6219.084
0,6474.114
0,6963.023
0,7452.919
0,7938.641
0,8413.529
0,8867.557
0,9169.388
0,9425.857
0,9561.023
0,9516.826
0,9219.748
0,8944.389
0,8354.814
0,7778.353
0,7183.864
0,6593.651
0,6132.968
0,5742.517
0,5507.087
0,5347.713
0,5258.688
0,5363.015
0,5613.147
0,5858.897
0,6087.21
0,6340.759
0,6693.674
0,7189.156
0,7753.814
0,8353.328
0,8881.092
0,8182.91
0,7662.048
0,7313.366
0,7029.319
0,6909.483
0,6720.805
0,6419.603
0,6070.132
0,5720.542
0,5391.88
0,5134.603
0,4914.943
0,4801.654
0,4768.949
0,4815.499
0,4890.887
0,4977.246
0,5179.691
0,5438.005
0,5788.106
0,6156.457
0,6529.383
0,6861.34
0,7300.963
0,7120.405
0,6473.504
0,6191.047
0,6074.698
0,6110.085
0,6037.577
0,5874.342
0,5639.052
0,5373.545
0,5035.976
0,4800.285
0,4606.772
0,4489.671
0,4424.786
0,4413.149
0,4435.045
0,4453.17
0,4689.172
0,4968.03
0,5060.848
0,4989.932
0,5029.452
0,5170.504
0,5362.624
0,5690.201
0,6046.601
0,6276.266
0,6234.907
0,6229.011
0,6114.264
0,5903.28
0,5657.457
0,5237.64
0,4942.952
0,4734.917
0,4592.808
0,4529.175
0,4568.308
0,4778.227
0,5141.85
0,5384.809
0,5566.396
0,5828.521
0,6000.072
0,6172.2
0,6377.243
0,6655.713
0,6938.068
0,7183.538
0,7452.251
0,7277.531
0,6840.062
0,6781.624
0,6641.119
0,6295.015
0,5897.946
0,5510.596
0,5104.908
0,4841.339
0,4635.013
0,4509.54
0,4488.193
0,4629.269
0,4908.019
0,5102.155
0,5250.619
0,5386.949
0,5485.277
0,5768.567
0,6121.529
0,6447.415
0,6754.712
0,7050.6
0,7343.461
0,7462.766
0,7291.801
0,7137.559
0,6923.619
0,6582.525
0,6125.842
0,5695.997
0,5358.691
0,5033.764
0,4852.879
0,4774.521
0,4798.37
0,4978.751
0,5334.87
0,5554.833
0,5703.65
0,5823.258
0,5814.521
0,5994.507
0,6189.135
0,6280.338
0,6250.782
0,6488.31
0,6842.669
0,7030.185
0,6915.935
0,6796.249
0,6568.675
0,6198.494
0,5783.55
0,5263.429
0,4886.33
0,4617.016
0,4454.849
0,4360.602
0,4345.868
0,4471.346
0,4742.123
0,4868.531
0,4869.446
0,4856.997
0,4862.674
0,4964.73
0,5074.412
0,5247.671
0,5513.987
0,5805.623
0,6052.045
0,6202.501
0,6044.649
0,5869.395
0,5696.247
0,5392.893
0,5007.274
0,4584.577
0,4254.506
0,4004.817
0,3864.373
0,3764.489
0,3749.305
0,3893.126
0,4166.597
0,4346.402
0,4317.585
0,4201.809
0,4119.132
0,4161.372
0,4149.738
0,4277.327
0,4455.902
0,4714.944
0,4935.684
0,5076.531
0,5124.25
0,5099.514
0,4967.007
0,4771.935
0,4489.764
0,4203.275
0,3971.274
0,3777.227
0,3676.064
0,3591.337
0,3563.285
0,3591.828
0,3661.477
0,3669.391
0,3720.937
0,3667.262
0,3582.199
0,3598.162
0,3707.683
0,3774.727
0,3975.311
0,4187.074
0,4521.708
0,4809.744
0,4924.988
0,4921.667
0,4824.734
0,4666.728
0,4418.261
0,4154.805
0,3960.737
0,3772.364
0,3626.986
0,3527.288
0,3479.322
0,3487.727
0,3494.244
0,3461.782
0,3433.428
0,3450.118
0,3506.203
0,3604.257
0,3916.929
0,4174.148
0,4561.473
0,4785.432
0,4918.988
0,5019.687
0,5059.099
0,5179.404
0,5126.12
0,4973.837
0,4759.828
0,4490.079
0,4250.058
0,4107.501
0,3984.091
0,3933.892
0,3969.345
0,4168.649
0,4522.771
0,4815.53
0,5009.291
0,5088.433
0,5195.888
0,5207.343
0,5169.938
0,5247.187
0,5257.172
0,5262.855
0,5248.906
0,5168.283
0,5153.127
0,5231.881
0,5158.892
0,4894.879
0,4594.59
0,4268.678
0,4009.789
0,3825.079
0,3706.018
0,3642.144
0,3659.492
0,3825.026
0,4119.682
0,4305.691
0,4266.842
0,4202.114
0,4190.59
0,4206.718
0,4319.511
0,4530.791
0,4651.86
0,4797.345
0,4997.074
0,5163.04
0,5165.454
0,5205.334
0,5062.189
0,4815.493
0,4484.91
0,4163.475
0,3912.77
0,3753.867
0,3636.376
0,3570.566
0,3595.132
0,3755.744
0,4047.867
0,4223.67
0,4209.136
0,4169.792
0,4161.533
0,4147.287
0,4222.113
0,4403.214
0,4587.562
0,4823.967
0,5083.83
0,5284.953
0,5283.021
0,5292.974
0,5118.855
0,4877.202
0,4577.985
0,4220.978
0,3955.431
0,3772.883
0,3646.934
0,3588.524
0,3612.277
0,3768.961
0,4052.96
0,4237.213
0,4211.854
0,4105.828
0,4066.877
0,4091.212
0,4130.632
0,4269.912
0,4481.509
0,4716.056
0,4950.929
0,5135.523
0,5114.083
0,5153.605
0,5019.913
0,4768.444
0,4475.838
0,4169.544
0,3932.188
0,3737.719
0,3627.466
0,3566.621
0,3602.071
0,3760.995
0,4039.625
0,4225.176
0,4227.094
0,4251.633
0,4349.863
0,4290.034
0,4363.838
0,4392.284
0,4587.053
0,4657.049
0,4748.938
0,4770.404
0,4792.287
0,4876.323
0,4763.819
0,4590.07
0,4366.746
0,4111.63
0,3980.838
0,3721.586
0,3611.102
0,3539.382
0,3508.703
0,3550.469
0,3663.221
0,3744.012
0,3905.753
0,4054.362
0,4165.921
0,4198.517
0,4206.987
0,4204.133
0,4142.083
0,4193.842
0,4218.112
0,4261.852
0,4354.666
0,4445.268
0,4364.755
0,4243.936
0,4081.862
0,3896.992
0,3724.866
0,3605.17
0,3519.308
0,3460.526
0,3437.317
0,3451.965
0,3542.255
0,3567.38
0,3710.091
0,3879.734
0,4018.285
0,4104.208
0,4218.104
0,4293.393
0,4321.101
0,4322.543
0,4380.919
0,4449.079
0,4553.026
0,4602.377
0,4507.908
0,4371.33
0,4200.052
0,3974.472
0,3788.707
0,3659.828
0,3576.926
0,3544.14
0,3562.304
0,3737.455
0,4067.368
0,4323.96
0,4524.423
0,4627.165
0,4682.916
0,4709.339
0,4747.318
0,4731.009
0,4715.613
0,4689.303
0,4710.635
0,4754.582
0,4834.863
0,4861.658
0,4714.073
0,4505.211
0,4253.23
0,3977.377
0,3779.835
0,3626.741
0,3566.184
0,3530.138
0,3548.412
0,3732.187
0,4100.264
0,4362.238
0,4502.843
0,4590.526
0,4680.104
0,4670.324
0,4639.444
0,4681.657
0,4659.513
0,4647.139
0,4668.602
0,4683.618
0,4725.302
0,4816.126
0,4703.324
0,4501.878
0,4256.062
0,3963.499
0,3763.323
0,3617.68
0,3540.704
0,3503.162
0,3505.804
0,3714.696
0,4051.543
0,4245.954
0,4211.104
0,4102.682
0,3969.255
0,3863.137
0,3833.517
0,3913.046
0,3990.627
0,4134.729
0,4376.472
0,4554.907
0,4683.727
0,4818.519
0,4727.46
0,4519.421
0,4302.663
0,3967.861
0,3744.156
0,3622.378
0,3521.063
0,3485.898
0,3498.296
0,3691.205
0,4045.329
0,4259.653
0,4352.611
0,4445.416
0,4483.027
0,4518.181
0,4566.472
0,4599.238
0,4556.177
0,4545.02
0,4565.205
0,4649.492
0,4737.761
0,4812.045
0,4705.831
0,4533.754
0,4280.181
0,4026.178
0,3812.649
0,3698.16
0,3599.297
0,3577.074
0,3594.946
0,3776.299
0,4123.764
0,4427.629
0,4595.523
0,4697.206
0,4655.701
0,4621.712
0,4608.346
0,4712.167
0,4677.958
0,4618.583
0,4603.742
0,4643.003
0,4712.96
0,4754.981
0,4629.236
0,4464.458
0,4274.423
0,4040.111
0,3838.97
0,3689.94
0,3590.561
0,3519.477
0,3506.848
0,3542.653
0,3678.1
0,3756.928
0,3856.668
0,4005.602
0,4040.19
0,4073.126
0,4025.072
0,3899.802
0,3746.381
0,3825.018
0,4074.589
0,4223.436
0,4367.974
0,4513.216
0,4448.318
0,4325.885
0,4166.713
0,3963.03
0,3779.836
0,3621.602
0,3498.034
0,3423.852
0,3394.108
0,3418.073
0,3473.08
0,3449.148
0,3475.423
0,3408.739
0,3332.965
0,3351.202
0,3436.37
0,3592.204
0,3807.641
0,4097.285
0,4443.159
0,4766.244
0,4891.405
0,4976.604
0,4878.1
0,4695.031
0,4465.448
0,4156.507
0,3916.99
0,3755.52
0,3640.734
0,3604.117
0,3609.617
0,3817.327
0,4142.856
0,4360.022
0,4417.189
0,4420.646
0,4414.488
0,4499.391
0,4621.761
0,4834.271
0,5142.071
0,5390.024
0,5594.555
0,5645.877
0,5654.625
0,5613.265
0,5427.807
0,5118.207
0,4734.21
0,4419.52
0,4097.81
0,3870.842
0,3745.338
0,3673.179
0,3663.483
0,3815.549
0,4157.099
0,4323.702
0,4351.399
0,4317.007
0,4411.478
0,4503.66
0,4689.928
0,4959.43
0,5240.784
0,5608.619
0,5945.908
0,6061.209
0,6044.62
0,5951.981
0,5732.529
0,5434.535
0,5067.846
0,4642.94
0,4334.858
0,4113.989
0,3965.633
0,3883.698
0,3843.161
0,4017.137
0,4316.739
0,4555.159
0,4590.818
0,4667.098
0,4783.404
0,4984.523
0,5251.221
0,5594.272
0,5901.421
0,6208.213
0,6485.767
0,6514.971
0,6337.374
0,6246.688
0,5902.163
0,5539.311
0,5151.779
0,4719.702
0,4418.118
0,4105.092
0,3928.866
0,3848.851
0,3828.498
0,3974.608
0,4262.442
0,4433.755
0,4460.48
0,4459.459
0,4505.663
0,4642.333
0,4871.97
0,5111.015
0,5338.942
0,5590.87
0,5810.142
0,5800.738
0,5710.627
0,5663.678
0,5475.586
0,5205.718
0,4872.609
0,4576.551
0,4352.72
0,4156.691
0,4050.033
0,3988.347
0,4031.08
0,4199.142
0,4541.815
0,4799.009
0,4952.053
0,5126.27
0,5121.17
0,5134.857
0,5162.284
0,5338.234
0,5427.17
0,5480.326
0,5532.02
0,5518.726
0,5554.781
0,5535.73
0,5403.136
0,5219.843
0,4980.446
0,4717.547
0,4456.753
0,4256.846
0,4112.218
0,4019.548
0,3971.134
0,4012.545
0,4128.419
0,4214.541
0,4319.715
0,4464.64
0,4558.597
0,4644.255
0,4615.089
0,4497.763
0,4364.537
0,4296.808
0,4334.562
0,4327.337
0,4396.662
0,4434.745
0,4340.324
0,4205.906
0,4014.699
0,3821.332
0,3625.704
0,3481.499
0,3407.803
0,3320.442
0,3303.994
0,3345.475
0,3419.953
0,3409.491
0,3351.756
0,3224.638
0,3151.373
0,3415.562
0,3595.949
0,3560.055
0,3562.807
0,3606.871
0,3752.494
0,3962.307
0,4201.28
0,4308.804
0,4251.637
0,4106.448
0,3960.231
0,3746.099
0,3607.896
0,3443.994
0,3368.07
0,3350.728
0,3408.987
0,3614.833
0,3925.004
0,4107.75
0,4139.508
0,3986.401
0,3839.162
0,3772.414
0,3803.455
0,3850.701
0,4012.316
0,4190.318
0,4371.073
0,4456.578
0,4669.902
0,4726.289
0,4622.278
0,4425.858
0,4185.081
0,3925.592
0,3755.288
0,3586.568
0,3504.388
0,3472.347
0,3520.736
0,3705.697
0,4071.579
0,4273.045
0,4331.533
0,4267.889
0,4057.963
0,4140.774
0,3981.261
0,3917.431
0,4101.261
0,4371.096
0,4478.881
0,4537.702
0,4662.869
0,4785.821
0,4678.893
0,4437.046
0,4194.275
0,3927.544
0,3719.965
0,3622.766
0,3505.744
0,3479.481
0,3512.336
0,3710.429
0,4073.209
0,4298.231
0,4249.604
0,4081.649
0,3950.046
0,3866.472
0,3849.836
0,3908.238
0,4014.304
0,4178.676
0,4461.672
0,4673.114
0,4794.854
0,4796.624
0,4645.861
0,4471.804
0,4185.142
0,3921.979
0,3796.586
0,3603.95
0,3554.887
0,3500.59
0,3524.196
0,3735.174
0,4091.188
0,4322.464
0,4271.377
0,4119.482
0,4027.13
0,3939.065
0,3970.565
0,4045.959
0,4083.799
0,4242.157
0,4522.109
0,4687.754
0,4788.58
0,4809.158
0,4655.962
0,4459.431
0,4210.58
0,3948.799
0,3722.62
0,3593.944
0,3511.833
0,3483.227
0,3489.943
0,3679.32
0,4019.549
0,4219.337
0,4188.353
0,4001.399
0,3861.068
0,3758.81
0,3710.68
0,3753.524
0,3849.821
0,4012.499
0,4257.696
0,4486.563
0,4591.253
0,4599.144
0,4487.638
0,4326.553
0,4143.416
0,3918.226
0,3717.46
0,3581.813
0,3483.271
0,3419.513
0,3419.399
0,3454.606
0,3586.996
0,3735.925
0,3867.228
0,4043.884
0,4135.543
0,4193.058
0,4221.38
0,4252.505
0,4223.931
0,4167.358
0,4227.294
0,4299.78
0,4426.072
0,4424.837
0,4345.633
0,4229.132
0,4085.252
0,3883.374
0,3711.766
0,3557.286
0,3476.098
0,3417.949
0,3396.887
0,3410.852
0,3520.802
0,3551.345
0,3531.204
0,3372.648
0,3286.429
0,3272.656
0,3365.718
0,3468.769
0,3562.671
0,3579.664
0,3762.03
0,4027.409
0,4287.395
0,4375.345
0,4334.361
0,4193.454
0,4023.64
0,3785.179
0,3625.59
0,3501.432
0,3447.528
0,3425.91
0,3492.96
0,3736.838
0,4125.584
0,4355.224
0,4310.724
0,4196.641
0,4021.095
0,3945.916
0,4040.02
0,4158.563
0,4150.831
0,4257.138
0,4383.372
0,4552.019
0,4743.987
0,4790.741
0,4639.98
0,4460.081
0,4203.596
0,3956.685
0,3747.691
0,3609.045
0,3529.77
0,3507.005
0,3552.76
0,3742.014
0,4127.804
0,4346.453
0,4293.015
0,4188.147
0,4029.29
0,4052.896
0,4164.748
0,4302.442
0,4272.857
0,4276.982
0,4476.17
0,4583.416
0,4742.448
0,4748.958
0,4637.271
0,4460.256
0,4192.599
0,3929.941
0,3737.09
0,3615.406
0,3540.314
0,3506.953
0,3538.393
0,3744.261
0,4108.553
0,4354.25
0,4370.678
0,4277.034
0,4113.056
0,3972.219
0,4016.353
0,4150.042
0,4304.399
0,4421.81
0,4505.495
0,4613.058
0,4775.437
0,4756.003
0,4633.358
0,4442.886
0,4191.278
0,3916.737
0,3721.532
0,3597.801
0,3525.13
0,3507.119
0,3541.083
0,3756.016
0,4125.709
0,4359.276
0,4329.22
0,4148.311
0,3999.725
0,3899.015
0,3845.494
0,3958.39
0,4183.846
0,4407.48
0,4522.093
0,4618.53
0,4770.144
0,4764.629
0,4644.912
0,4456.821
0,4215.784
0,3939.679
0,3743.508
0,3618.089
0,3534.577
0,3500.928
0,3548.792
0,3703.987
0,4079.63
0,4402.817
0,4536.614
0,4653.461
0,4656.483
0,4560.312
0,4487.727
0,4589.58
0,4561.489
0,4560.049
0,4556.022
0,4652.159
0,4795.117
0,4749.441
0,4648.937
0,4479.47
0,4276.532
0,4048.591
0,3842.164
0,3681.499
0,3583.334
0,3494.091
0,3483.382
0,3522.162
0,3659.957
0,3785.795
0,3914.902
0,4018.621
0,3985.59
0,3956.967
0,3921.183
0,3736.838
0,3733.484
0,3779.772
0,3978.491
0,4114.711
0,4296.868
0,4331.222
0,4266.098
0,4163.716
0,4009.162
0,3839.998
0,3661.286
0,3531.32
0,3436.513
0,3369.421
0,3359.555
0,3383.816
0,3495.582
0,3520.375
0,3507.568
0,3396.986
0,3385.288
0,3463.833
0,3445.903
0,3353.656
0,3344.152
0,3461.348
0,3728.224
0,4039.886
0,4343.197
0,4412.336
0,4350.219
0,4233.739
0,4052.292
0,3836.436
0,3663.706
0,3546.466
0,3481.363
0,3474.117
0,3526.815
0,3747.874
0,4138.71
0,4404.766
0,4372.926
0,4185.766
0,3964.433
0,3846.272
0,3784.607
0,3792.887
0,3884.357
0,4044.875
0,4316.035
0,4593.424
0,4782.355
0,4756.693
0,4655.96
0,4462.253
0,4239.444
0,3972.429
0,3849.449
0,3667.014
0,3605.209
0,3585.523
0,3649.528
0,3861.297
0,4272.505
0,4530.393
0,4483.595
0,4270.133
0,4047.907
0,3951.256
0,3880.487
0,3900.326
0,4007.788
0,4127.572
0,4386.581
0,4597.725
0,4771.541
0,4765.971
0,4658.69
0,4480.93
0,4248.135
0,3961.447
0,3762.256
0,3631.731
0,3564.976
0,3535.932
0,3585.669
0,3782.046
0,4181.23
0,4435.863
0,4365.782
0,4191.946
0,4045.607
0,3980.121
0,4066.856
0,4041.689
0,4129.226
0,4308.63
0,4576.304
0,4752.504
0,4918.077
0,4874.501
0,4728.437
0,4518.024
0,4261.843
0,3995.56
0,3764.471
0,3629.902
0,3524.184
0,3471.935
0,3530.69
0,3689.822
0,4049.025
0,4317.653
0,4297.347
0,4187.546
0,4087.629
0,4037.128
0,4088.718
0,4242.798
0,4462.137
0,4709.069
0,4934.631
0,5036.171
0,5107.992
0,5057.783
0,4865.816
0,4657.546
0,4371.721
0,4084.998
0,3856.891
0,3696.675
0,3595.439
0,3540.728
0,3577.488
0,3725.842
0,4075.799
0,4347.473
0,4410.691
0,4440.793
0,4519.63
0,4572.493
0,4499.349
0,4548.851
0,4560.397
0,4565.641
0,4730.917
0,4840.404
0,4926.033
0,4855.827
0,4707.213
0,4567.515
0,4355.413
0,4107.513
0,3891.954
0,3730.004
0,3613.973
0,3547.19
0,3527.221
0,3592.712
0,3697.137
0,3786.995
0,3838.799
0,3824.584
0,3835.614
0,3888.268
0,3996.063
0,4204.408
0,4368.092
0,4666.995
0,4825.686
0,4958.227
0,5060.732
0,5017.132
0,4862.756
0,4660.755
0,4424.004
0,4147.317
0,3896.442
0,3708.624
0,3560.093
0,3465.238
0,3402.194
0,3408.617
0,3462.346
0,3556.077
0,3630.151
0,3738.941
0,3744.921
0,3869.199
0,3894.096
0,4011.427
0,4070.908
0,4115.669
0,4180.188
0,4334.738
0,4459.556
0,4425.787
0,4359.602
0,4205.131
0,4037.327
0,3805.892
0,3618.391
0,3499.568
0,3420.103
0,3394.755
0,3461.687
0,3658.744
0,4034.499
0,4346.121
0,4493.022
0,4513.478
0,4539.235
0,4473.455
0,4423.635
0,4462.393
0,4501.553
0,4544.176
0,4686.208
0,4770.442
0,4862.984
0,4776.25
0,4672.253
0,4469.399
0,4277.386
0,3986.09
0,3772.137
0,3634.345
0,3548.162
0,3518.469
0,3569.842
0,3756.464
0,4181.429
0,4471.369
0,4474.321
0,4247.097
0,4098.273
0,4152.666
0,4244.425
0,4255.93
0,4297.222
0,4440.64
0,4527.179
0,4644.176
0,4734.883
0,4728.067
0,4645.86
0,4504.348
0,4263.452
0,4010.267
0,3772.137
0,3634.345
0,3548.162
0,3518.469
0,3569.842
0,3756.464
0,4181.429
0,4471.369
0,4474.321
0,4247.097
0,4098.273
0,4152.666
0,4244.425
0,4255.93
0,4297.222
0,4440.64
0,4527.179
0,4644.176
0,4734.883
0,4728.067
0,4645.86
0,4504.348
0,4263.452
0,4010.267
0,3818.322
0,3690.457
0,3619.674
0,3591.573
0,3661.275
0,3860.131
0,4247.848
0,4585.709
0,4636.743
0,4620.18
0,4411.666
0,4229.378
0,4159.406
0,4140.062
0,4155.616
0,4248.318
0,4497.927
0,4753.124
0,5011.13
0,5025.475
0,4943.231
0,4784.587
0,4531.943
0,4270.041
0,4083.594
0,3955.997
0,3884.154
0,3880.051
0,3951.521
0,4169.303
0,4584.312
0,4902.357
0,4840.677
0,4574.347
0,4335.684
0,4106.969
0,3990.804
0,3980.901
0,4035.827
0,4214.767
0,4489.31
0,4762.926
0,5013.623
0,5030
0,4926.523
0,4766.52
0,4537.899
0,4287.899
0,4098.305
0,3966.295
0,3907.631
0,3900.407
0,3966.534
0,4177.015
0,4593.449
0,4836.864
0,4829.142
0,4576.458
0,4316.243
0,4100.847
0,3983.899
0,3939.138
0,3985.6
0,4137.085
0,4398.184
0,4644.526
0,4794.249
0,4790.939
0,4702.777
0,4574.624
0,4373.657
0,4148.024
0,3966.591
0,3822.181
0,3820.988
0,3725.416
0,3694.248
0,3781.82
0,3926.577
0,4033.754
0,4125.845
0,4069.521
0,3901.093
0,3868.621
0,3773.582
0,3758.418
0,3884.493
0,3849.087
0,4037.397
0,4236.735
0,4430.25
0,4412.221
0,4357.181
0,4256.115
0,4108.278
0,3931.133
0,3841.99
0,3649.361
0,3543.802
0,3497.87
0,3480.53
0,3502.758
0,3549.746
0,3638.186
0,3586.365
0,3483.917
0,3662.934
0,3553.568
0,3328.848
0,3305.148
0,3499.988
0,3641.457
0,3905.899
0,4147.233
0,4494.32
0,4401.652
0,4343.262
0,4300.952
0,4142.223
0,4149.231
0,3822.309
0,3642.034
0,3569.51
0,3521.129
0,3540.52
0,3616.144
0,3890.089
0,4184.203
0,4400.362
0,4240.998
0,4101.804
0,3955.93
0,3972.163
0,3961.813
0,4140.211
0,4246.912
0,4458.251
0,4748.351
0,4976.347
0,4954.247
0,4834.189
0,4705.569
0,4490.543
0,4268.336
0,4071.876
0,3813.646
0,3689.848
0,3618.818
0,3585.98
0,3637.213
0,3843.695
0,4162.763
0,4371.363
0,4470.793
0,4549.387
0,4554.809
0,4550.428
0,4533.193
0,4557.098
0,4466.504
0,4534.61
0,4726.185
0,4932.082
0,4903.065
0,4814.227
0,4665.353
0,4473.912
0,4238.564
0,3985.042
0,3820.606
0,3658.339
0,3605.497
0,3593.316
0,3665.52
0,3886.256
0,4227.313
0,4376.387
0,4234.026
0,4033.463
0,3907.042
0,3878.189
0,3952.866
0,4094.427
0,4256.444
0,4458.539
0,4701.189
0,4984.573
0,4962.116
0,4882.251
0,4776.331
0,4615.571
0,4383.358
0,4146.307
0,3954.554
0,3833.162
0,3750.613
0,3730.75
0,3788.384
0,3971.757
0,4257.414
0,4481.939
0,4581.309
0,4616.413
0,4528.295
0,4527.279
0,4504.031
0,4322.194
0,4333.711
0,4573.682
0,4722.256
0,4919.836
0,4871.108
0,4769.55
0,4648.427
0,4505.54
0,4373.92
0,4023.562
0,3841.01
0,3721.366
0,3640.159
0,3601.941
0,3657.253
0,3804.302
0,4080.614
0,4327.528
0,4523.37
0,4640.917
0,4720.779
0,4744.973
0,4759.468
0,4756.96
0,4763.131
0,4715.238
0,4763.196
0,4956.086
0,4904.798
0,4827.844
0,4723.817
0,4532.663
0,4402.283
0,4173.848
0,3975.242
0,3844.779
0,3764.274
0,3720.504
0,3739.094
0,3829.174
0,3924.211
0,3928.767
0,3815.223
0,3616.966
0,3482.857
0,3430.859
0,3441.393
0,3618.825
0,3842.259
0,4032.65
0,4255.456
0,4506.304
0,4510.296
0,4469.989
0,4458.663
0,4357.989
0,4167.441
0,4036.759
0,3894.217
0,3800.172
0,3728.033
0,3703.512
0,3715.143
0,3758.283
0,3864.54
0,3850.584
0,3705.415
0,3575.016
0,3599.108
0,3613.133
0,3632.909
0,3673.762
0,3879.102
0,4170.642
0,4503.019
0,4835.13
0,4887.446
0,4884.285
0,4882.489
0,4721.89
0,4514.613
0,4331.354
0,4152.24
0,4055.951
0,4019.454
0,4020.797
0,4096.594
0,4366.442
0,4744.266
0,4919.792
0,4768.185
0,4559.762
0,4389.362
0,4354.008
0,4291.101
0,4347.475
0,4616.313
0,4882.67
0,5104.203
0,5340.783
0,5307.63
0,5216.71
0,5156.257
0,4932.102
0,4667.268
0,4382.871
0,4219.466
0,4106.643
0,4039.342
0,4018.98
0,4100.729
0,4288.703
0,4642.835
0,4842.627
0,4609.357
0,4398.205
0,4325.992
0,4239.051
0,4234.419
0,4303.265
0,4486.232
0,4733.416
0,5012.917
0,5261.27
0,5234.07
0,5172.027
0,5078.014
0,4906.831
0,4663.291
0,4415.148
0,4226.344
0,4121.028
0,4073.344
0,4066.915
0,4139.098
0,4391.742
0,4770.132
0,4918.269
0,4745.245
0,4549.799
0,4339.737
0,4328.148
0,4378.733
0,4527.745
0,4637.725
0,4799.51
0,5016.195
0,5267.457
0,5205.872
0,5158.255
0,5024.356
0,4847.853
0,4647.195
0,4311.235
0,4105.029
0,3986.107
0,3928.524
0,3895.299
0,3971.834
0,4218.411
0,4558.823
0,4764.426
0,4605.328
0,4344.77
0,4260.213
0,4150.562
0,4204.952
0,4291.466
0,4459.035
0,4697.36
0,4883.384
0,5092.538
0,5042.597
0,4965.09
0,4862.28
0,4682.375
0,4494.651
0,4190.495
0,4019.488
0,3903.394
0,3839.511
0,3811.672
0,3860.96
0,4100.641
0,4413.72
0,4526.638
0,4451.515
0,4386.086
0,4360.5
0,4298.122
0,4316.036
0,4432.57
0,4559.253
0,4693.636
0,4885.378
0,5015.906
0,4936.427
0,4821.748
0,4767.364
0,4552.788
0,4343.135
0,4113.437
0,3918.754
0,3770.98
0,3680.178
0,3620.199
0,3620.566
0,3684.59
0,3824.188
0,3863.051
0,3991.952
0,3952.341
0,3743.68
0,3560.22
0,3525.202
0,3654.908
0,3868.08
0,4134.872
0,4423.698
0,4674.607
0,4706.888
0,4664.852
0,4611.782
0,4510.907
0,4467.297
0,4207.557
0,4060.344
0,3971.633
0,3891.677
0,3852.794
0,3857.198
0,3893.035
0,3979.916
0,3993.14
0,3861.559
0,3686.717
0,3560.472
0,3533.402
0,3546.602
0,3666.525
0,3885.777
0,4152.421
0,4441.93
0,4740.012
0,4774.493
0,4738.286
0,4696.934
0,4583.511
0,4465.774
0,4172.978
0,4011.234
0,3925.187
0,3878.99
0,3889.679
0,3991.692
0,4258.803
0,4623.867
0,4829.716
0,4724.857
0,4518.136
0,4370.553
0,4292.805
0,4304.816
0,4358.179
0,4607.127
0,4888.719
0,5175.394
0,5421.354
0,5394.43
0,5333.359
0,5280.398
0,5049.443
0,4880.259
0,4554.425
0,4338.9
0,4219.649
0,4142.491
0,4135.366
0,4230.325
0,4424.077
0,4807.853
0,5003.214
0,5036.744
0,5069.433
0,5123.74
0,5211.762
0,5238.932
0,5281.134
0,5323.124
0,5368.353
0,5506.821
0,5601.382
0,5513.996
0,5427.716
0,5274.908
0,5059.98
0,4912.711
0,4542.641
0,4298.893
0,4126.289
0,4006.453
0,3952.957
0,3997.43
0,4163.071
0,4508.513
0,4738.274
0,4741.828
0,4687.042
0,4779.824
0,4611.057
0,4682.409
0,4807.349
0,4866.034
0,4907.621
0,5040.017
0,5185.628
0,5098.35
0,5012.639
0,4970.836
0,4725.587
0,4529.602
0,4287.331
0,4082.935
0,3937.596
0,3845.486
0,3799.026
0,3823.716
0,3892.058
0,3972.323
0,4011.143
0,4005.422
0,3794.109
0,3717.016
0,3673.484
0,3692.515
0,3792.118
0,3992.161
0,4136.426
0,4360.976
0,4477.168
0,4392.207
0,4345.231
0,4347.587
0,4344.912
0,4226.071
0,4086.767
0,3952.753
0,3843.923
0,3780.166
0,3744.382
0,3781.713
0,3879.291
0,4072.536
0,4192.427
0,4149.753
0,4075.889
0,4004.705
0,3891.673
0,3912.84
0,3985.554
0,4218.923
0,4407.487
0,4666.622
0,4953.716
0,4973.876
0,4958.49
0,4927.407
0,4861.547
0,4693.871
0,4593.376
0,4339.094
0,4227.471
0,4146.715
0,4109.56
0,4131.875
0,4221.679
0,4325.06
0,4369.048
0,4316.747
0,4209.285
0,4095.79
0,4095.417
0,4047.572
0,3893.843
0,4046.127
0,4308.289
0,4650.39
0,4926.491
0,4958.509
0,4939.682
0,4900.284
0,4826.632
0,4682.715
0,4507.633
0,4315.382
0,4187.942
0,4079.329
0,4027.927
0,4035.195
0,4065.502
0,4167.478
0,4189.365
0,4195.128
0,4132.086
0,4065.178
0,4166.978
0,4292.016
0,4475.59
0,4580.928
0,4619.826
0,4831.326
0,4982.295
0,4962.795
0,4879.581
0,4787.915
0,4626.411
0,4374.15
0,4113.478
0,3922.226
0,3799.964
0,3744.814
0,3755.928
0,3842.526
0,4088.007
0,4492.46
0,4705.152
0,4614.921
0,4420.588
0,4297.892
0,4356.709
0,4619.817
0,4644.083
0,4735.331
0,4879.393
0,5141.129
0,5392.837
0,5354.334
0,5337.569
0,5249.911
0,5100.315
0,4819.967
0,4546.352
0,4343.134
0,4214.125
0,4174.997
0,4139.482
0,4220.441
0,4480.776
0,4858.68
0,5042.92
0,4938.56
0,4764.463
0,4646.472
0,4594.166
0,4720.451
0,4915.752
0,5030.234
0,5213.954
0,5562.187
0,5863.977
0,5798.847
0,5771.401
0,5653.106
0,5465.918
0,5171.542
0,4898.041
0,4647.468
0,4530.011
0,4472.546
0,4456.612
0,4529.771
0,4721.609
0,5118.16
0,5335.881
0,5220.366
0,4960.492
0,4793.599
0,4659.233
0,4619.806
0,4718.305
0,4986.092
0,5262.308
0,5574.017
0,5839.129
0,5797.484
0,5734.006
0,5616.29
0,5406.154
0,5097.872
0,4772.172
0,4535.546
0,4394.608
0,4335.083
0,4326.387
0,4408.928
0,4656.04
0,4987.752
0,5243.424
0,5113.787
0,4823.081
0,4638.556
0,4468.639
0,4396.439
0,4467.513
0,4676.113
0,4874.514
0,5143.996
0,5422.002
0,5384.815
0,5309.343
0,5224.293
0,5040.33
0,4775.004
0,4518.53
0,4314.797
0,4163.21
0,4102.332
0,4088.43
0,4177.09
0,4382.334
0,4764.812
0,4946.114
0,4866.004
0,4941.627
0,5093.16
0,5181.989
0,5171.826
0,5192.274
0,5157.513
0,5204.922
0,5352.295
0,5425.284
0,5339.422
0,5296.53
0,5113.942
0,4926.911
0,4688.269
0,4411.506
0,4185.39
0,4031.568
0,3919.977
0,3868.857
0,3860.051
0,3924.516
0,4059.099
0,4134.168
0,4245.659
0,4306.86
0,4274.972
0,4151.877
0,4091.398
0,4022.089
0,4136.429
0,4265.014
0,4510.47
0,4732.458
0,4735.47
0,4689.209
0,4624.912
0,4525.135
0,4355.886
0,4148.481
0,3955.616
0,3804.947
0,3715.436
0,3663.664
0,3653.15
0,3699.877
0,3790.569
0,3909.149
0,4056.879
0,4215.42
0,4358.099
0,4448.835
0,4499.319
0,4516.482
0,4554.804
0,4557.992
0,4792.07
0,5010.986
0,4916.461
0,4806.006
0,4781.408
0,4635.577
0,4386.919
0,4137.128
0,4021.601
0,3833.947
0,3763.795
0,3764.34
0,3844.066
0,4072.697
0,4473.292
0,4683.547
0,4584.809
0,4489.238
0,4406.18
0,4399.489
0,4470.988
0,4635.214
0,4792.514
0,4913.508
0,5139.452
0,5380.685
0,5342.73
0,5280.285
0,5178.835
0,5033.999
0,4786.648
0,4521.529
0,4257.568
0,4124.838
0,4053.405
0,4042.32
0,4118.139
0,4351.477
0,4745.487
0,4944.253
0,4865.886
0,4816.456
0,4893.987
0,4940.874
0,4884.105
0,4902.307
0,4988.484
0,5108.544
0,5357.952
0,5558.529
0,5514.104
0,5453.804
0,5344.897
0,5139.736
0,4857.8
0,4553.014
0,4325.298
0,4203.344
0,4139.429
0,4113.596
0,4181.43
0,4408.531
0,4819.792
0,5053.24
0,5071.993
0,4964.195
0,4729.992
0,4708.322
0,4794.157
0,4993.171
0,5167.899
0,5297.945
0,5523.34
0,5725.594
0,5707.799
0,5709.953
0,5523.158
0,5339.118
0,5059.862
0,4782.393
0,4534.394
0,4390.651
0,4317.674
0,4301.153
0,4391.467
0,4578.825
0,4963.222
0,5265.473
0,5362.45
0,5391.939
0,5391.832
0,5393.241
0,5460.943
0,5490.263
0,5504.561
0,5521.964
0,5686.276
0,5807.687
0,5742.168
0,5648.132
0,5529.216
0,5351.688
0,5132.443
0,4747.922
0,4513.786
0,4347.4
0,4273.452
0,4226.646
0,4306.083
0,4488.849
0,4878.835
0,5083.835
0,5025.68
0,4898.472
0,4724.521
0,4508.844
0,4430.963
0,4529.827
0,4692.505
0,4873.038
0,5122.774
0,5351.911
0,5302.897
0,5216.798
0,5131.074
0,5043.941
0,4787.083
0,4518.498
0,4320.646
0,4170.36
0,4076.779
0,4044.173
0,4063.958
0,4151.034
0,4306.193
0,4367.129
0,4401.102
0,4372.432
0,4294.127
0,4172.545
0,3905.138
0,3924
0,4123.105
0,4307.785
0,4603.913
0,4851.669
0,4828.612
0,4772.305
0,4703.774
0,4627.669
0,4453.685
0,4241.033
0,4062.403
0,3915.505
0,3804.253
0,3742.95
0,3711.124
0,3745.127
0,3837.529
0,3888.431
0,3988.977
0,4067.384
0,4192.211
0,4327.269
0,4415.51
0,4504.775
0,4534.182
0,4565.204
0,4771.782
0,4916.063
0,4893.894
0,4833.644
0,4737.158
0,4577.44
0,4351.449
0,4103.819
0,3931.509
0,3804.217
0,3749.451
0,3740.772
0,3846.004
0,4078.411
0,4533.09
0,4920.692
0,5012.699
0,4873.025
0,4655.68
0,4722.965
0,4802.552
0,4912.518
0,5067.047
0,5180.366
0,5439.491
0,5654.535
0,5618.901
0,5560.124
0,5454.508
0,5268.435
0,4982.457
0,4673.539
0,4434.119
0,4295.212
0,4211.753
0,4190.694
0,4283.22
0,4507.64
0,4916.123
0,5143.959
0,5031.541
0,4776.342
0,4578.392
0,4454.042
0,4412.721
0,4507.74
0,4717.433
0,4961.081
0,5302.04
0,5596.059
0,5578.003
0,5527.289
0,5442.177
0,5255.243
0,4977.832
0,4676.526
0,4434.246
0,4298.517
0,4242.337
0,4223.37
0,4302.422
0,4520.092
0,4937.245
0,5163.839
0,5038.548
0,4779.516
0,4577.375
0,4457.184
0,4466.555
0,4543.834
0,4752.888
0,5014.909
0,5340.618
0,5603.339
0,5583.05
0,5536.033
0,5463.897
0,5310.81
0,5032.945
0,4750.863
0,4530.049
0,4402.599
0,4342.592
0,4341.797
0,4426.685
0,4639.717
0,5048.284
0,5269.365
0,5235.373
0,4974.182
0,4771.223
0,4674.991
0,4642.775
0,4643.026
0,4843.449
0,5078.639
0,5415.128
0,5698.838
0,5678.697
0,5627.076
0,5537.768
0,5352.041
0,5089.514
0,4801.399
0,4565.178
0,4415.753
0,4344.616
0,4319.597
0,4375.769
0,4563.665
0,4962.305
0,5174.379
0,5087.272
0,4848.626
0,4610.785
0,4451.391
0,4378.222
0,4425.06
0,4589.403
0,4774.868
0,5045.755
0,5305.664
0,5247.456
0,5171.312
0,5089.67
0,4960.869
0,4771.697
0,4540.216
0,4308.633
0,4169.121
0,4073.183
0,4033.601
0,4039.326
0,4119.288
0,4276.225
0,4327.226
0,4310.07
0,4199.545
0,4007.412
0,3881.783
0,3842.556
0,3916.047
0,4081.078
0,4289.037
0,4610.933
0,4877.422
0,4884.629
0,4843.442
0,4785.288
0,4691.047
0,4536.009
0,4341.4
0,4122.765
0,3959.577
0,3845.232
0,3789.351
0,3774.143
0,3804.48
0,3908.773
0,3985.91
0,4078.763
0,4193.253
0,4326.918
0,4416.791
0,4477.164
0,4540.616
0,4549.855
0,4642.626
0,4814.24
0,4963.041
0,4943.02
0,4893.19
0,4800.104
0,4647.595
0,4427.756
0,4171.972
0,3966.103
0,3842.781
0,3777.66
0,3762.306
0,3813.089
0,3973.833
0,4328.177
0,4636.79
0,4693.024
0,4798.018
0,4899.124
0,4987.594
0,4967.531
0,4808.293
0,4842.304
0,4953.519
0,5192.812
0,5440.525
0,5414.604
0,5347.936
0,5242.297
0,5072.983
0,4819.469
0,4515.977
0,4293.725
0,4168.171
0,4098.772
0,4091.89
0,4164.528
0,4379.963
0,4744.711
0,4998.982
0,4987.224
0,4767.534
0,4801.14
0,4823.264
0,4740.864
0,4858.257
0,4946.848
0,5192.334
0,5507.325
0,5786.07
0,5752.947
0,5701.438
0,5620.676
0,5463.11
0,5199.313
0,4914.625
0,4671.783
0,4523.805
0,4455.483
0,4437.577
0,4496.851
0,4703.602
0,5088.848
0,5307.982
0,5223.773
0,4992.205
0,4751.391
0,4598.078
0,4540.658
0,4658.252
0,4934.25
0,5219.025
0,5510.636
0,5660.721
0,5622.171
0,5576.744
0,5478.337
0,5333.695
0,5086.039
0,4770.061
0,4538.087
0,4389.965
0,4303.989
0,4282.517
0,4345.551
0,4543.075
0,4924.975
0,5160.592
0,5091.622
0,4892.497
0,4688.156
0,4541.633
0,4489.43
0,4574.368
0,4775.794
0,5025.808
0,5344.467
0,5659.669
0,5626.508
0,5604.383
0,5548.139
0,5421.39
0,5192.963
0,4898.73
0,4690.082
0,4548.452
0,4476.726
0,4556.272
0,4653.546
0,4841.188
0,5195.311
0,5416.405
0,5427.589
0,5378.228
0,5136.607
0,4878.247
0,4814.253
0,4854.789
0,5007.463
0,5172.499
0,5443.076
0,5689.925
0,5630.985
0,5549.115
0,5442.87
0,5299.71
0,5188.62
0,4978.43
0,4726.706
0,4570.317
0,4474.21
0,4421.491
0,4417.441
0,4480.11
0,4594.415
0,4697.823
0,4820.639
0,4897.684
0,4840.747
0,4731.078
0,4649.11
0,4685.715
0,4753.232
0,4831.023
0,5098.559
0,5284.457
0,5251.692
0,5117.085
0,5050.465
0,4947.15
0,4773.693
0,4552.755
0,4324.748
0,4158.197
0,4050.766
0,3988.492
0,3965.855
0,3999.877
0,4115.151
0,4201.843
0,4259.333
0,4353.886
0,4361.151
0,4354.108
0,4369.677
0,4396.233
0,4451.41
0,4538.081
0,4730.897
0,4884.347
0,4806.365
0,4721.523
0,4647.782
0,4568.144
0,4455.344
0,4280.443
0,4119.843
0,4001.763
0,3914.084
0,3850.668
0,3842.553
0,3916.232
0,4015.202
0,4044.268
0,4016.057
0,4009.342
0,3927.034
0,3902.578
0,3986.886
0,4068.033
0,4150.64
0,4272.519
0,4499.52
0,4646.992
0,4608.888
0,4569.463
0,4535.225
0,4474.896
0,4353.468
0,4155.99
0,3962.348
0,3832.222
0,3753.338
0,3721.95
0,3762.127
0,3931.323
0,4183.964
0,4369.332
0,4488.85
0,4611.926
0,4669.438
0,4712.515
0,4721.838
0,4681.735
0,4665.382
0,4738.634
0,4977.404
0,5215.785
0,5169.356
0,5084.358
0,4944.623
0,4813.618
0,4597.782
0,4342.107
0,4125.114
0,3987.154
0,3884.15
0,3848.953
0,3879.666
0,4040.051
0,4317.262
0,4527.756
0,4659.854
0,4790.141
0,4888.967
0,4853.137
0,4875.614
0,4896.682
0,4930.079
0,4949.126
0,5126.219
0,5301.264
0,5237.692
0,5143.21
0,5015.203
0,4858.259
0,4652.054
0,4392.016
0,4173.144
0,4034.148
0,3931.184
0,3877.709
0,3916.459
0,4039.202
0,4281.848
0,4506.273
0,4617.222
0,4701.904
0,4750.215
0,4776.337
0,4798.522
0,4819.876
0,4826.865
0,4892.92
0,5019.242
0,5183.85
0,5110.857
0,5015.494
0,4897.589
0,4740.326
0,4536.778
0,4281.061
0,4046.956
0,3898.349
0,3814.936
0,3790.139
0,3827.383
0,3956.694
0,4206.922
0,4356.489
0,4362.469
0,4241.513
0,4110.923
0,4083.222
0,4071.169
0,4128.563
0,4302.977
0,4472.025
0,4795.658
0,5020.379
0,4980.77
0,4927.223
0,4827.91
0,4728.194
0,4555.15
0,4355.695
0,4144.444
0,3993.84
0,3933.726
0,3864.335
0,3890.61
0,3966.246
0,4084.375
0,4193.762
0,4263.071
0,4352.381
0,4219.024
0,4280.049
0,4383.859
0,4439.897
0,4515.806
0,4561.829
0,4752.996
0,4979.058
0,4982.717
0,4946.066
0,4881.364
0,4797.408
0,4634.728
0,4442.021
0,4233.79
0,4091.442
0,4003.011
0,3934.398
0,3929.829
0,3964.024
0,4027.514
0,4071.979
0,4109.22
0,4186.904
0,4230.427
0,4333.275
0,4424.683
0,4491.522
0,4549.926
0,4642.37
0,4897.238
0,5091.745
0,5035.797
0,4948.358
0,4822.147
0,4698.237
0,4542
0,4373.174
0,4223.744
0,4120.482
0,4015.627
0,3956.223
0,3941.314
0,3974.311
0,4075.134
0,4076.614
0,4055.859
0,4010.886
0,3883.585
0,3724.772
0,3951.656
0,4210.014
0,4298.553
0,4452.451
0,4659.253
0,5029.626
0,4965.342
0,4970.88
0,4896.918
0,4789.662
0,4585.371
0,4395.933
0,4234.19
0,4096.163
0,4058.493
0,4075.904
0,4176.343
0,4409.847
0,4827.323
0,5101.238
0,5062.434
0,4891.021
0,4658.333
0,4517.011
0,4460.112
0,4518.929
0,4679.832
0,4913.274
0,5224.848
0,5545.48
0,5550.073
0,5498.043
0,5382.687
0,5212.332
0,4950.809
0,4667.29
0,4453.503
0,4326.996
0,4256.056
0,4242.848
0,4324.755
0,4523.242
0,4906.53
0,5191.277
0,5158.881
0,4888.514
0,4651.739
0,4534.168
0,4552.556
0,4710.241
0,4878.11
0,5100.893
0,5384.842
0,5613.086
0,5570.974
0,5492.656
0,5373.727
0,5184.632
0,4910.052
0,4630.136
0,4436.525
0,4249.082
0,4152.254
0,4143.507
0,4190.095
0,4411.614
0,4778.438
0,5047.11
0,5166.936
0,5282.006
0,4989.895
0,4962.059
0,4885.356
0,4966.211
0,5008.499
0,5111.408
0,5394.67
0,5728.888
0,5718.296
0,5691.235
0,5598.179
0,5460.708
0,5296.076
0,4937.295
0,4736.494
0,4611.842
0,4548.757
0,4529.31
0,4592.882
0,4803.557
0,5196.577
0,5450.184
0,5415.395
0,5179.244
0,4925.053
0,4756.48
0,4672.708
0,4712.49
0,4868.531
0,5124.09
0,5408.425
0,5695.772
0,5672.437
0,5601.369
0,5504.114
0,5370.223
0,5171.04
0,4922.376
0,4730.927
0,4582.475
0,4493.737
0,4444.765
0,4447.803
0,4518.501
0,4652.447
0,4756.391
0,4854.049
0,4950.164
0,5022.79
0,5065.455
0,5088.513
0,5138.819
0,5163.974
0,5242.858
0,5428.731
0,5564.302
0,5549.326
0,5478.168
0,5353.586
0,5195.868
0,5006.45
0,4765.344
0,4559.456
0,4414.012
0,4310.458
0,4244.513
0,4216.361
0,4257.73
0,4340.143
0,4413.128
0,4501.411
0,4658.319
0,4767.616
0,4796.284
0,4716.555
0,4780.154
0,4853.615
0,4962.129
0,5187.572
0,5383.462
0,5386.958
0,5331.058
0,5244.025
0,5083.787
0,4869.049
0,4603.214
0,4398.91
0,4270.382
0,4198.19
0,4211.782
0,4302.13
0,4545.205
0,4953.667
0,5211.743
0,5166.637
0,4965.246
0,4748.785
0,4592.884
0,4529.316
0,4585.644
0,4715.403
0,4965.612
0,5242.738
0,5560.637
0,5570.98
0,5519.386
0,5419.708
0,5266.964
0,5020.732
0,4796.669
0,4569.291
0,4438.525
0,4376.347
0,4355.389
0,4427.975
0,4617.284
0,4996.332
0,5320.901
0,5361.374
0,5427.218
0,5503.499
0,5513.493
0,5512.957
0,5540.718
0,5523.89
0,5539.142
0,5664.905
0,5745.908
0,5644.544
0,5475.853
0,5264.554
0,5018.636
0,4677.905
0,4357.686
0,4144.326
0,4004.248
0,3906.31
0,3873.859
0,3924.796
0,4117.373
0,4461.323
0,4743.433
0,4877.458
0,4712.648
0,4629.749
0,4676.671
0,4818.836
0,5077.523
0,5093.812
0,5158.881
0,5337.718
0,5497.751
0,5427.786
0,5346.011
0,5202.659
0,5030.242
0,4776.675
0,4498.138
0,4267.423
0,4138.724
0,4063.024
0,4044.409
0,4107.712
0,4348.412
0,4722.486
0,4998.396
0,5004.22
0,4925.168
0,4896.142
0,4904.379
0,4571.744
0,4454.565
0,4559.649
0,4818.269
0,5072.938
0,5368.814
0,5380.852
0,5315.613
0,5202.107
0,5027.705
0,4823.922
0,4530.844
0,4315.292
0,4197.468
0,4142.154
0,4150.324
0,4215.434
0,4443.184
0,4835.086
0,5058.855
0,5013.681
0,4758.632
0,4510.456
0,4473.681
0,4487.853
0,4455.803
0,4748.227
0,4890.112
0,5125.559
0,5347.559
0,5331.874
0,5203.804
0,5086.329
0,4920.625
0,4779.358
0,4494.401
0,4275.878
0,4117.661
0,3986.817
0,3905.913
0,3880.04
0,3922.401
0,4037.499
0,4099.953
0,4119.641
0,3981.68
0,4097.05
0,4280.853
0,4315.855
0,4176.862
0,4118.355
0,4256.94
0,4652.303
0,4949.326
0,5017.894
0,4999.862
0,4983.677
0,4869.411
0,4712.431
0,4550.776
0,4370.05
0,4263.928
0,4200.672
0,4156.878
0,4203.964
0,4235.844
0,4303.819
0,4392.548
0,4298.303
0,4154.974
0,3931.72
0,4153.697
0,4604.851
0,4694.913
0,4612.162
0,4587.186
0,4908.483
0,5350.525
0,5386.555
0,5406.559
0,5293.376
0,5190.678
0,5064.028
0,4815.955
0,4650.829
0,4564.386
0,4461.89
0,4472.434
0,4539.024
0,4685.762
0,4970.981
0,5136.439
0,5190.463
0,5258.45
0,5414.841
0,5504.856
0,5562.306
0,5601.772
0,5642.386
0,5652.497
0,5837.621
0,6000.394
0,5972.474
0,5894.991
0,5794.564
0,5633.719
0,5343.062
0,5083.283
0,4864.427
0,4725.74
0,4654.369
0,4645.717
0,4703.23
0,4872.63
0,5184.8
0,5425.606
0,5688.3
0,5854.048
0,5952.011
0,6008.433
0,5982.812
0,6017.399
0,5979.658
0,5939.397
0,5994.062
0,6161.373
0,6165.631
0,6083.312
0,5963.737
0,5804.779
0,5540.83
0,5261.155
0,5024.286
0,4952.685
0,4889.375
0,4899.541
0,4963.228
0,5187.428
0,5572.357
0,5847.26
0,6004.386
0,6051.056
0,6079.295
0,6003.494
0,5967.366
0,5943.324
0,5900.187
0,5949.972
0,5992.667
0,6339.58
0,6356.536
0,6320.271
0,6193.424
0,6008.04
0,5768.98
0,5447.292
0,5210.085
0,5085.195
0,5016.586
0,5008.502
0,5067.475
0,5197.621
0,5617.329
0,5888.647
0,6027.694
0,6115.275
0,6123.728
0,6091.603
0,6053.62
0,5998.272
0,5879.932
0,5875.8
0,5914.74
0,6139.5
0,6088.171
0,6015.753
0,5943.096
0,5690.074
0,5435.48
0,5146.198
0,4907.835
0,4757.008
0,4666.673
0,4651.025
0,4713.263
0,4887.399
0,5146.283
0,5503.916
0,5672.402
0,5821.097
0,5891.875
0,5962.305
0,5902.517
0,5914.94
0,5893.814
0,5842.359
0,5879.018
0,6018.2
0,6032.957
0,5975.926
0,5833.509
0,5664.729
0,5441.85
0,5210.445
0,5025.218
0,4921.035
0,4855.009
0,4855.172
0,4876.912
0,4962.868
0,5123.13
0,5197.106
0,5361.384
0,5520.16
0,5585.233
0,5582.659
0,5534.214
0,5475.78
0,5470.446
0,5567.56
0,5730.848
0,5990.732
0,6028.663
0,5994.817
0,5920.949
0,5819.648
0,5640.903
0,5402.613
0,5203.281
0,5032.41
0,4927.63
0,4887.344
0,4874.509
0,4932.488
0,5032.296
0,5085.908
0,5161.156
0,5244.05
0,5329.829
0,5296.988
0,5239.957
0,5185.514
0,5163.625
0,5276.569
0,5455.312
0,5778.155
0,5862.476
0,5844.824
0,5788.566
0,5630.782
0,5404.106
0,5148.155
0,4954.642
0,4859.893
0,4810.296
0,4804.691
0,4896.759
0,5122.371
0,5513.582
0,5795.934
0,5809.801
0,5785.464
0,5691.358
0,5574.953
0,5434.967
0,5335.958
0,5319.651
0,5559.56
0,5762.6
0,5987.865
0,5978.332
0,5919.242
0,5802.74
0,5625.734
0,5359.201
0,5027.632
0,4789.348
0,4663.981
0,4603.114
0,4585.494
0,4632.894
0,4836.813
0,5232.426
0,5452.012
0,5524.713
0,5519.261
0,5432.883
0,5417.083
0,5356.955
0,5264.92
0,5260.507
0,5387.74
0,5513.686
0,5703.548
0,5703.293
0,5640.83
0,5513.282
0,5338.178
0,5042.515
0,4775.716
0,4583.654
0,4394.983
0,4320.364
0,4294.775
0,4340.416
0,4558.845
0,4926.758
0,5210.087
0,5288.391
0,5295.394
0,5320.618
0,5348.662
0,5331.417
0,5368.483
0,5328.351
0,5349.782
0,5472.437
0,5584.754
0,5549.954
0,5460.496
0,5340.678
0,5231.24
0,4870.989
0,4533.412
0,4323.255
0,4171.556
0,4088.631
0,4066.241
0,4104.351
0,4296.754
0,4652.355
0,4946.616
0,5005.905
0,5059.285
0,5052.736
0,4970.972
0,4921.618
0,4898.504
0,4882.139
0,4955.635
0,5074.516
0,5242.368
0,5193.907
0,5101.943
0,4980.193
0,4800.481
0,4558.908
0,4316.014
0,4121.971
0,4009.44
0,3956.054
0,3938.667
0,3992.889
0,4213.829
0,4559.324
0,4883.185
0,4998.692
0,5103.78
0,5105.122
0,5027.165
0,4961.038
0,4961.683
0,4981.133
0,5002.689
0,5116.393
0,5262.581
0,5201.432
0,5112.254
0,4992.584
0,4835.84
0,4650.193
0,4411.179
0,4203.144
0,4063.179
0,3963.102
0,3925.297
0,3939.018
0,4004.527
0,4142.039
0,4227.424
0,4314.708
0,4329.008
0,4224.554
0,4288.846
0,4351.627
0,4432.787
0,4433.882
0,4462.16
0,4647.086
0,4872.911
0,4894.627
0,4846.442
0,4802.36
0,4672.89
0,4528.028
0,4416.208
0,4164.199
0,4040.871
0,3985.231
0,3950.976
0,3939.601
0,3998.124
0,4099.554
0,4229.692
0,4350.689
0,4441.39
0,4587.289
0,4678.112
0,4728.848
0,4745.78
0,4776.679
0,4836.767
0,4991.637
0,5204.532
0,5232.055
0,5168.786
0,5100.298
0,4962.501
0,4778.304
0,4539.929
0,4305.381
0,4201.992
0,4131.041
0,4108.659
0,4157.929
0,4394.498
0,4791.25
0,5080.824
0,5187.258
0,5182.856
0,5236.715
0,5248.241
0,5217.873
0,5247.422
0,5260.386
0,5315.571
0,5480.04
0,5667.535
0,5664.49
0,5573.119
0,5473.747
0,5284.428
0,5026.949
0,4828.932
0,4498.977
0,4385.167
0,4306.052
0,4295.325
0,4338.067
0,4557.604
0,4930.199
0,5239.934
0,5350.356
0,5359.186
0,5312.128
0,5248.111
0,5292.371
0,5355.432
0,5356.092
0,5397.38
0,5522.738
0,5685.931
0,5683.604
0,5611.313
0,5493.872
0,5317.133
0,5050.582
0,4811.367
0,4531.506
0,4395.775
0,4309.867
0,4283.763
0,4335.648
0,4574.464
0,4910.326
0,5207.504
0,5288.925
0,5293.359
0,5213.106
0,5296.093
0,5189.482
0,5256.914
0,5287.742
0,5287.873
0,5390.142
0,5579.056
0,5582.528
0,5515.112
0,5409.033
0,5322.265
0,4967.389
0,4663.169
0,4452.943
0,4331.902
0,4277.373
0,4288.41
0,4371.013
0,4602.642
0,4985.636
0,5178.931
0,5130.246
0,5069.875
0,5147.721
0,4956.818
0,4728.01
0,5008.091
0,5089.216
0,5151.855
0,5300.324
0,5478.347
0,5439.135
0,5346.221
0,5223.344
0,5059.096
0,4796.073
0,4508.012
0,4311.218
0,4175.467
0,4110.026
0,4076.049
0,4159.625
0,4304.352
0,4699.269
0,4975.225
0,5110.808
0,5213.789
0,5266.908
0,5202.434
0,5138.549
0,5152.511
0,5159.951
0,5142.531
0,5205.583
0,5393.062
0,5400.647
0,5311.902
0,5210.907
0,5067.266
0,4870.835
0,4643.991
0,4462.853
0,4310.888
0,4216.167
0,4173.251
0,4182.688
0,4268.453
0,4418.591
0,4471.639
0,4434.568
0,4250.227
0,4003.229
0,3859.049
0,3780.23
0,3780.697
0,3892.684
0,4168.249
0,4507.655
0,4842.631
0,4970.838
0,4966.084
0,4914.546
0,4832.362
0,4682.203
0,4511.633
0,4374.369
0,4271.149
0,4196.604
0,4157.36
0,4172.362
0,4237.373
0,4347.098
0,4350.707
0,4188.893
0,3958.719
0,3780.105
0,3675.365
0,3634.696
0,3664.372
0,3800.04
0,4084.952
0,4439.604
0,4823.835
0,4996.59
0,5020.788
0,4985.73
0,4872.531
0,4700.302
0,4471.048
0,4308.038
0,4227.013
0,4202.148
0,4185.872
0,4286.402
0,4522.511
0,4951.976
0,5174.676
0,5005.826
0,4749.3
0,4506.25
0,4346.936
0,4267.795
0,4287.341
0,4414.26
0,4674.02
0,5025.254
0,5348.118
0,5471.556
0,5448.348
0,5369.712
0,5234.236
0,4987.773
0,4702.945
0,4530.185
0,4417.41
0,4368.088
0,4380.076
0,4458.129
0,4712.428
0,5111.339
0,5312.065
0,5112.71
0,4843.45
0,4586.14
0,4418.991
0,4338.86
0,4352.215
0,4467.86
0,4753.366
0,5082.409
0,5377.964
0,5510.464
0,5485.218
0,5404.093
0,5270.344
0,5001.144
0,4745.637
0,4547.869
0,4436.931
0,4374.727
0,4373.211
0,4454.84
0,4670.642
0,5072.65
0,5251.133
0,5049.905
0,4757.418
0,4519.31
0,4315.767
0,4233.102
0,4254.7
0,4389.517
0,4631.369
0,4949.098
0,5240.744
0,5362.65
0,5343.058
0,5253.941
0,5121.705
0,4857.175
0,4592.667
0,4407.203
0,4272.634
0,4211.127
0,4210.374
0,4295.69
0,4533.808
0,4941.997
0,5109.486
0,4896.513
0,4631.884
0,4377.158
0,4217.732
0,4133.144
0,4237.684
0,4384.913
0,4587.134
0,4826.831
0,5126.211
0,5222.524
0,5177.101
0,5082.983
0,4919.356
0,4700.158
0,4458.578
0,4218.253
0,4109.777
0,4035.172
0,4031.3
0,4093.635
0,4290.284
0,4654.679
0,4883.937
0,4912.59
0,4740.715
0,4396.97
0,4074.118
0,3997.06
0,4056.015
0,4199.477
0,4463.685
0,4686.165
0,4924.282
0,4998.928
0,4931.056
0,4844.169
0,4739.671
0,4564.518
0,4345.225
0,4138.72
0,4007.069
0,3931.443
0,3892.978
0,3909.002
0,3979.336
0,4108.671
0,4151.052
0,4179.634
0,4084.397
0,4136.713
0,4209.533
0,4246.58
0,4205.466
0,4163.336
0,4169.076
0,4303.758
0,4547.989
0,4657.732
0,4606.688
0,4530.822
0,4443.238
0,4286.198
0,4092.054
0,3929.941
0,3812.018
0,3723.018
0,3679.558
0,3703.927
0,3749.774
0,3854.801
0,3886.227
0,3960.936
0,4049.736
0,4164.132
0,4200.107
0,4252.672
0,4237.901
0,4151.276
0,4236.14
0,4465.418
0,4750.183
0,4806.289
0,4705.763
0,4611.063
0,4528.939
0,4383.178
0,4223.2
0,4044.066
0,3916.267
0,3865.66
0,3875.307
0,3964.413
0,4183.539
0,4599.896
0,4799.172
0,4758.502
0,4635.15
0,4450.473
0,4267.498
0,4362.459
0,4434.851
0,4563.988
0,4732.779
0,4917.86
0,5170.621
0,5233.341
0,5170.547
0,5080.856
0,4915.848
0,4695.235
0,4423.158
0,4237.79
0,4128.304
0,4097.654
0,4117.534
0,4219.924
0,4411.558
0,4737.395
0,4981.834
0,5168.985
0,5310.641
0,5423.525
0,5469.947
0,5412.503
0,5235.381
0,5094.287
0,5081.965
0,5131.976
0,5338.258
0,5520.597
0,5444.709
0,5321.263
0,5151.337
0,4870.294
0,4592.338
0,4418.238
0,4295.341
0,4255.76
0,4260.952
0,4368.216
0,4607.849
0,5012.597
0,5224.477
0,5193.485
0,5152.89
0,5057.245
0,4973.463
0,4884.485
0,4863.232
0,4905.465
0,5024.919
0,5201.646
0,5488.813
0,5656.232
0,5621.953
0,5527.959
0,5377.571
0,5222.142
0,4920.617
0,4715.475
0,4609.491
0,4535.584
0,4522.705
0,4592.037
0,4793.975
0,5167.022
0,5373.848
0,5258.733
0,5117.031
0,4980.205
0,4896.102
0,4857.724
0,4891.023
0,4965.309
0,5086.12
0,5227.294
0,5495.592
0,5582.422
0,5521.394
0,5454.757
0,5235.115
0,4968.84
0,4697.403
0,4510.565
0,4373.269
0,4294.726
0,4269.735
0,4341.144
0,4563.068
0,4926.48
0,5105.921
0,5013.062
0,4881.636
0,4750.692
0,4593.462
0,4488.372
0,4440.813
0,4482.643
0,4609.519
0,4909.41
0,5205.338
0,5339.044
0,5289.505
0,5205.714
0,5074.766
0,4874.488
0,4646.862
0,4462.891
0,4380.028
0,4311.649
0,4287.269
0,4287.242
0,4351.597
0,4475.437
0,4551.605
0,4705.066
0,4882.444
0,4950.807
0,4997.648
0,4948.982
0,4917.113
0,4825.843
0,4807.185
0,4883.562
0,5105.751
0,5316.4
0,5293.333
0,5229.866
0,5134.52
0,5006.633
0,4806.98
0,4659.81
0,4549.432
0,4468.26
0,4425.654
0,4437.622
0,4486.581
0,4572.853
0,4611.655
0,4614.088
0,4607.576
0,4538.129
0,4441.073
0,4306.397
0,4221.589
0,4221.713
0,4283.696
0,4578.704
0,4902.352
0,5124.318
0,5111.833
0,5065.329
0,4966.591
0,4790.549
0,4583.777
0,4420.789
0,4319.77
0,4266.617
0,4260.186
0,4334.036
0,4497.495
0,4745.199
0,4794.476
0,4709.229
0,4610.09
0,4483.471
0,4365.963
0,4257.904
0,4249.328
0,4323.56
0,4505.545
0,4824.178
0,5182.434
0,5393.531
0,5375.714
0,5310.204
0,5173.777
0,4956.564
0,4715.527
0,4527.551
0,4434.055
0,4375.547
0,4402.863
0,4498.761
0,4736.408
0,5112.113
0,5277.172
0,5076.572
0,4834.42
0,4590.532
0,4422.336
0,4345.318
0,4349.506
0,4433.252
0,4652.626
0,4999.52
0,5356.72
0,5568.848
0,5551.187
0,5475.93
0,5310.736
0,5071.018
0,4831.548
0,4629.651
0,4509.65
0,4469.124
0,4469.988
0,4540.01
0,4773.946
0,5135.466
0,5314.662
0,5260.443
0,5157.546
0,4982.639
0,4857.073
0,4747.204
0,4637.847
0,4577.422
0,4645.039
0,5003.068
0,5360.334
0,5552.846
0,5509.155
0,5421.602
0,5253.965
0,4998.113
0,4737.617
0,4536.463
0,4424.851
0,4356.975
0,4351.591
0,4428.433
0,4563.593
0,5020.746
0,5107.126
0,4896.91
0,4681.541
0,4436.824
0,4312.964
0,4508.026
0,4562.709
0,4646.539
0,4892.785
0,5149.009
0,5332.166
0,5393.544
0,5330.432
0,5210.313
0,5028.474
0,4774.835
0,4506.345
0,4297.767
0,4157.395
0,4069.892
0,4061.105
0,4108.43
0,4278.075
0,4636.279
0,4849.544
0,4933.775
0,4890.204
0,4817.479
0,4813.108
0,4836.776
0,4912.38
0,4842.313
0,4837.825
0,4941.198
0,5076.781
0,5139.792
0,5049.791
0,4947.243
0,4838.399
0,4643.19
0,4431.485
0,4257.681
0,4146.041
0,4054.186
0,4009.13
0,4025.521
0,4095.816
0,4212.619
0,4290.316
0,4373.039
0,4424.301
0,4365.12
0,4202.527
0,3600.902
0,3581.366
0,3684.931
0,3918.467
0,4299.858
0,4701.983
0,4983.104
0,5008.04
0,4995.288
0,4936.244
0,4841.16
0,4659.632
0,4526.869
0,4420.136
0,4357.979
0,4321.031
0,4366.622
0,4426.27
0,4485.823
0,4392.371
0,4141.846
0,3911.189
0,3745.351
0,3612.051
0,3566.217
0,3587.262
0,3695.404
0,3975.607
0,4380.145
0,4785.101
0,5094.683
0,5127.914
0,5074.519
0,4977.932
0,4770.482
0,4550.957
0,4369.695
0,4270.033
0,4209.21
0,4194.164
0,4269.645
0,4484.533
0,4842.77
0,4956.844
0,4840.846
0,4763.106
0,4819.031
0,4475.072
0,4142.043
0,4076.359
0,4183.377
0,4398.702
0,4708.481
0,4998.139
0,5200.651
0,5143.576
0,5043.324
0,4878.496
0,4638.619
0,4395.411
0,4209.516
0,4108.24
0,4043.015
0,4045.301
0,4109.909
0,4370.526
0,4710.133
0,4866.282
0,4787.205
0,4595.116
0,4310.796
0,4108.7
0,4007.282
0,4209.616
0,4447.333
0,4622.795
0,4815.852
0,5022.451
0,5099.265
0,5047.897
0,4908.625
0,4712.157
0,4473.276
0,4189.119
0,3980.714
0,3845.301
0,3765.51
0,3734.811
0,3779.943
0,3989.148
0,4347.316
0,4594.069
0,4652.08
0,4723.253
0,4775.088
0,4775.569
0,4756.313
0,4823.042
0,4773.582
0,4837.847
0,4909.138
0,4990.879
0,5047.128
0,4961.381
0,4829.343
0,4648.379
0,4460.155
0,4263.683
0,4132.925
0,4077.627
0,4066.37
0,4097.39
0,4198.172
0,4450.148
0,4826.032
0,4914.401
0,4732.006
0,4576.438
0,4484.428
0,4298.862
0,4137.06
0,4118.281
0,4209.967
0,4450.35
0,4798.781
0,5174.896
0,5422.444
0,5413.378
0,5321.668
0,5180.161
0,4941.873
0,4682.799
0,4512.455
0,4392.316
0,4330.828
0,4326.21
0,4391.121
0,4627.221
0,4941.341
0,4977.428
0,4702.243
0,4454.661
0,4209.32
0,4054.819
0,3954.12
0,3967.118
0,4092.133
0,4308.375
0,4706.358
0,5023.097
0,5184.941
0,5122.087
0,5039.477
0,4923.179
0,4693.059
0,4480.055
0,4229.941
0,4109.332
0,4027.091
0,3975.125
0,3973.998
0,4041.188
0,4156.405
0,4244.161
0,4387.494
0,4549.744
0,4677.974
0,4754.779
0,4761.834
0,4727.82
0,4616.44
0,4579.977
0,4637.858
0,4755.343
0,4841.828
0,4782.41
0,4687.14
0,4542.681
0,4389.557
0,4176.715
0,4006.613
0,3863.508
0,3776.891
0,3732.538
0,3723.475
0,3768.491
0,3789.359
0,3689.565
0,3450.102
0,3274.894
0,3151.835
0,3105.138
0,3110.807
0,3168.516
0,3313.961
0,3574.248
0,3936.501
0,4244.047
0,4498.049
0,4520.056
0,4445.215
0,4315.806
0,4146.879
0,3921.735
0,3758.634
0,3658.693
0,3603.901
0,3603.627
0,3698.657
0,3892.972
0,4227.145
0,4475.801
0,4509.314
0,4379.574
0,4054.047
0,3790.436
0,3836.59
0,4217.775
0,4427.878
0,4444.065
0,4521.242
0,4753.103
0,4972.357
0,4938.213
0,4838.587
0,4652.06
0,4444.839
0,4168.918
0,3984.975
0,3872.085
0,3808.927
0,3796.675
0,3874.543
0,4107.221
0,4479.565
0,4739.813
0,4877.053
0,4975.442
0,4953.351
0,4914.2
0,4921.827
0,4927.895
0,4956.027
0,4941.042
0,4958.567
0,5106.619
0,5235.702
0,5159.636
0,5031.744
0,4840.174
0,4577.17
0,4306.732
0,4093.033
0,3943.049
0,3869.923
0,3838.166
0,3892.058
0,4107.488
0,4399.377
0,4592.666
0,4685.693
0,4781.966
0,4815.68
0,4845.032
0,4858.123
0,4897.894
0,4907.248
0,4929.568
0,5054.915
0,5195.131
0,5271.554
0,5185.357
0,5051.934
0,4849.223
0,4585.132
0,4307.78
0,4057.732
0,3944.981
0,3870.388
0,3842.723
0,3899.343
0,4083.285
0,4432.102
0,4626.199
0,4492.408
0,4474.115
0,4474.871
0,4606.639
0,4693.934
0,4522.159
0,4625.735
0,4678.313
0,4748.285
0,4909.823
0,5068.182
0,5023.356
0,4915.855
0,4764.465
0,4527.361
0,4299.39
0,4092.706
0,3989.898
0,3939.556
0,3939.086
0,4010.979
0,4203.426
0,4488.39
0,4534.076
0,4330.485
0,4149.814
0,3931.964
0,3794.482
0,3704.808
0,3735.02
0,3877.069
0,4129.146
0,4417.885
0,4678.996
0,4887.204
0,4862.106
0,4786.85
0,4686.73
0,4509.194
0,4284.08
0,4107.437
0,3969.336
0,3895.323
0,3841.224
0,3843.243
0,3934.782
0,4048.909
0,4132.51
0,4285.934
0,4376.587
0,4501.959
0,4615.247
0,4639.731
0,4672.401
0,4662.505
0,4674.984
0,4689.413
0,4839.328
0,4931.627
0,4874.324
0,4778.674
0,4660.329
0,4479.063
0,4249.306
0,4061.733
0,3943.184
0,3841.819
0,3839.269
0,3836.323
0,3913.343
0,3931.627
0,3827.683
0,3749.545
0,3630.035
0,3855.343
0,3886.552
0,3945.415
0,4150.512
0,4232.797
0,4233.265
0,4432.375
0,4668.849
0,4927.605
0,4960.435
0,4873.053
0,4728.083
0,4503.184
0,4292.624
0,4194.749
0,4117.119
0,4112.229
0,4178.268
0,4404.86
0,4790.071
0,5102.406
0,5127.401
0,4849.751
0,4414.557
0,4165.102
0,4022.876
0,3974.994
0,3930.273
0,4022.164
0,4235.086
0,4561.691
0,4866.09
0,5109.88
0,5094.013
0,4954.41
0,4705.986
0,4421.472
0,4221.587
0,4100.09
0,4025.184
0,3993.821
0,4057.36
0,4251.489
0,4615.208
0,4823.94
0,4693.706
0,4375.586
0,4071.203
0,3856.536
0,3712.625
0,3680.259
0,3688.39
0,3820.646
0,4025.563
0,4333.498
0,4611.047
0,4784.383
0,4741.508
0,4599.924
0,4385.18
0,4104.35
0,3920.523
0,3801.123
0,3739.961
0,3739.068
0,3796.927
0,4003.062
0,4388.413
0,4622.711
0,4539.553
0,4347.193
0,4090.699
0,3902.993
0,3837.735
0,3831.217
0,3819.255
0,3911.833
0,4105.953
0,4333.434
0,4561.243
0,4760.144
0,4723.931
0,4567.845
0,4356.745
0,4105.373
0,3897.495
0,3771.874
0,3714.054
0,3687.478
0,3747.835
0,3968.463
0,4321.575
0,4533.2
0,4426.648
0,4241.318
0,3970.327
0,3784.138
0,3695.957
0,3698.314
0,3796.201
0,3933.539
0,4168.959
0,4418.941
0,4580.924
0,4750.26
0,4663.958
0,4499.175
0,4287.649
0,4027.127
0,3823.432
0,3678.918
0,3603.281
0,3578.586
0,3612.965
0,3764.69
0,4130.377
0,4361.179
0,4465.251
0,4547.761
0,4313.84
0,3967.51
0,4171.908
0,4072.585
0,4095.288
0,4212.967
0,4224.338
0,4302.354
0,4432.405
0,4557.427
0,4522.057
0,4381.931
0,4212.449
0,3996.56
0,3782.42
0,3660.447
0,3571.456
0,3532.985
0,3533.702
0,3613.015
0,3764.868
0,3797.021
0,3698.206
0,3470.348
0,3280.987
0,3200.948
0,3231.896
0,3085.929
0,3047.099
0,3141.382
0,3381.659
0,3709.295
0,4023.033
0,4239.828
0,4283.906
0,4201.604
0,4096.74
0,3912.986
0,3751.612
0,3633.641
0,3540.731
0,3495.983
0,3478.004
0,3519.112
0,3613.927
0,3623.677
0,3611.494
0,3654.304
0,3362.535
0,3082.95
0,3073.131
0,3008.78
0,3185.331
0,3171.952
0,3416.492
0,3766.768
0,4053.464
0,4312.428
0,4361.026
0,4251.05
0,4083.277
0,3866.63
0,3705.125
0,3596.753
0,3544.739
0,3543.453
0,3640.528
0,3851.121
0,4253.954
0,4475.784
0,4418.108
0,4213.727
0,3972.658
0,3991.896
0,3950.636
0,3860.024
0,3822.5
0,3954.867
0,4236.253
0,4510.017
0,4762.419
0,4987.443
0,4965
0,4819.27
0,4588.683
0,4325.305
0,4150.134
0,4032.451
0,3975.628
0,3967.598
0,4055.286
0,4272.618
0,4675.891
0,4896.449
0,4778.297
0,4590.504
0,4255.61
0,4083.543
0,3952.999
0,3953.814
0,3955.884
0,4091.978
0,4319.882
0,4632.283
0,4848.192
0,5096.275
0,5043.6
0,4885.285
0,4646.249
0,4359.764
0,4159.31
0,4026.74
0,3972.509
0,3949.255
0,4023.263
0,4210.168
0,4592.618
0,4754.893
0,4787.62
0,4796.611
0,4707.285
0,4561.469
0,4358.779
0,4402.342
0,4343.344
0,4490.95
0,4627.732
0,4653.848
0,4780.646
0,5061.578
0,5071.777
0,4929.851
0,4728.442
0,4522.339
0,4412.645
0,4233.989
0,4186.544
0,4195.128
0,4282.569
0,4516.155
0,4919.776
0,5101.918
0,4893.705
0,4581.631
0,4318.552
0,4096.778
0,3957.412
0,3882.854
0,3894.484
0,3965.645
0,4211.319
0,4540.372
0,4851.583
0,5154.451
0,5190.772
0,5067.21
0,4957.111
0,4584.195
0,4407.197
0,4308.617
0,4252.1
0,4241.265
0,4311.917
0,4521.611
0,4883.221
0,5094.962
0,4903.884
0,4576.763
0,4312.995
0,4316.752
0,3968.115
0,3936.233
0,4307.84
0,4748.904
0,4915.651
0,4984.035
0,5047.381
0,5134.055
0,5048.597
0,4889.528
0,4689.165
0,4445.261
0,4248.59
0,4100.814
0,4017.327
0,3975.293
0,3953.066
0,4029.793
0,4166.997
0,4280.107
0,4439.245
0,4616.667
0,4733.527
0,4797.19
0,4831.986
0,4848.264
0,4791.21
0,4667.152
0,4630.055
0,4640.088
0,4678.011
0,4876.768
0,4919.771
0,4853.979
0,4761.487
0,4569.94
0,4428.103
0,4309.969
0,4236.627
0,4193.472
0,4195.343
0,4251.331
0,4325.539
0,4279.746
0,4066.798
0,3774.744
0,3534.431
0,3384.962
0,3299.083
0,3240.798
0,3255.368
0,3350.271
0,3613.755
0,3983.184
0,4368.74
0,4677.296
0,4779.335
0,4715.2
0,4581.76
0,4337.144
0,4159.521
0,4065.803
0,4024.918
0,4020.899
0,4129.763
0,4367.147
0,4743.466
0,4940.014
0,4722.667
0,4410.793
0,4126.558
0,3929.838
0,3781.096
0,3728.308
0,3734.636
0,3817.495
0,4020.21
0,4333.953
0,4624.434
0,4885.864
0,4922.185
0,4789.657
0,4560.365
0,4311.995
0,4136.477
0,4029.726
0,3967.978
0,3954.447
0,4028.614
0,4235.257
0,4566.718
0,4777.397
0,4618.644
0,4348.019
0,4111.037
0,4006.064
0,4071.46
0,4128.933
0,4044.296
0,4051.157
0,4219.955
0,4497.455
0,4697.314
0,4908.706
0,4876.497
0,4727.703
0,4497.396
0,4231.751
0,4032.43
0,3929.929
0,3851.051
0,3830.978
0,3891.471
0,4082.621
0,4465.935
0,4688.921
0,4795.42
0,4852.117
0,4811.669
0,4793.673
0,4716.408
0,4692.186
0,4775.873
0,4835.452
0,4855.906
0,4864.826
0,4821.129
0,4969.335
0,4917.401
0,4756.993
0,4501.409
0,4248.513
0,4045.772
0,3916.195
0,3823.952
0,3783.909
0,3824.521
0,4011.613
0,4401.185
0,4598.119
0,4765.855
0,4847.797
0,4845.436
0,4918.573
0,4882.645
0,4835.386
0,4848.012
0,4848.685
0,4786.565
0,4841.195
0,4903.743
0,4992.509
0,4912.652
0,4763.395
0,4564.221
0,4325.314
0,4123.283
0,4010.906
0,3923.245
0,3886.671
0,3926.312
0,4086.305
0,4305.963
0,4370.328
0,4174.615
0,3860.555
0,3635.992
0,3455.078
0,3354.833
0,3314.282
0,3318.791
0,3462.387
0,3644.132
0,3995.902
0,4309
0,4586.02
0,4656.161
0,4583.756
0,4458.933
0,4273.441
0,4083.423
0,3948.632
0,3847.968
0,3807.764
0,3814.038
0,3888.101
0,3993.961
0,3960.943
0,3742.205
0,3521.357
0,3315.201
0,3155.05
0,3115.438
0,3077.186
0,3182.211
0,3415.845
0,3652.251
0,3947.952
0,4145.077
0,4327.396
0,4331.955
0,4251.548
0,4118.062
0,3924.45
0,3762.61
0,3644.758
0,3558.049
0,3517.934
0,3511.807
0,3569.849
0,3621.672
0,3569.954
0,3375.487
0,3158.218
0,3068.574
0,3081.127
0,3083.007
0,2934.509
0,2912.431
0,3020.908
0,3267.222
0,3540.87
0,3833.161
0,4099.116
0,4198.952
0,4123.051
0,4008.622
0,3820.592
0,3680.759
0,3573.738
0,3513.892
0,3498.04
0,3564.388
0,3738.304
0,4056.252
0,4312.367
0,4526.349
0,4630.654
0,4697.831
0,4681.006
0,4531.182
0,4493.985
0,4671.097
0,4578.679
0,4521.134
0,4586.515
0,4616.034
0,4764.011
0,4728.532
0,4590.458
0,4365.419
0,4128.626
0,3926.41
0,3796.879
0,3718.128
0,3688.94
0,3752.993
0,3914.329
0,4247.172
0,4451.344
0,4598.875
0,4658.899
0,4672.856
0,4770.746
0,4902.11
0,4968.061
0,4939.196
0,4911.838
0,4919.953
0,4981.007
0,4979.706
0,5044.222
0,4945.402
0,4781.803
0,4544.506
0,4303.251
0,4115.616
0,3985.756
0,3901.583
0,3897.855
0,3971.059
0,4141.457
0,4461.914
0,4707.832
0,4901.005
0,5035.84
0,5155.061
0,5211.057
0,5180.03
0,5168.131
0,5255.173
0,5248.932
0,5262.078
0,5333.214
0,5237.446
0,5322.184
0,5214.321
0,5048.647
0,4802.068
0,4609.116
0,4311.082
0,4172.911
0,4068.46
0,4061.848
0,4141.121
0,4307.511
0,4597.782
0,4726.756
0,4585.538
0,4427.924
0,4426.855
0,4277.761
0,4170.833
0,4251.487
0,4250.52
0,4334.615
0,4473.135
0,4616.76
0,4720.352
0,4887.531
0,4902.148
0,4781.139
0,4592.101
0,4337.04
0,4146.942
0,4013.476
0,3937.823
0,3904.964
0,3952.201
0,4137.795
0,4414.036
0,4484.06
0,4448.392
0,4200.252
0,4161.291
0,4267.529
0,4185.122
0,4107.242
0,4092.148
0,4163.432
0,4252.762
0,4342.395
0,4513.986
0,4743.402
0,4816.678
0,4718.911
0,4553.527
0,4357.265
0,4166.39
0,4018.722
0,3917.826
0,3875.846
0,3874.567
0,3952.342
0,4036.969
0,3990.585
0,3866.519
0,3898.912
0,3868.519
0,3908.559
0,3637.477
0,3492.353
0,3548.699
0,3701.717
0,3949.287
0,4075.414
0,4184.38
0,4440.783
0,4500.298
0,4415.509
0,4274.691
0,4116.369
0,3951.59
0,3825.637
0,3740.441
0,3690.18
0,3703.235
0,3772.103
0,3809.826
0,3760.217
0,3662.574
0,3440.414
0,3389.844
0,3251.986
0,3074.537
0,3040.288
0,3082.868
0,3137.33
0,3346.675
0,3661.561
0,3990.575
0,4257.087
0,4379.301
0,4303.594
0,4155.033
0,3962.743
0,3781.886
0,3677.375
0,3634.26
0,3656.227
0,3750.163
0,4010.006
0,4330.951
0,4419.684
0,4195.15
0,3941.615
0,3729.998
0,3594.067
0,3533.452
0,3601.86
0,3919.197
0,4489.998
0,4164.642
0,4352.24
0,4510.281
0,4661.695
0,4657.002
0,4490.911
0,4265.053
0,3999.27
0,3799.478
0,3656.235
0,3586.628
0,3568.784
0,3634.996
0,3844.361
0,4137.778
0,4252.116
0,4086.25
0,3873.48
0,3707.437
0,3671.245
0,3649.07
0,3735.918
0,3827.074
0,3969.203
0,4150.239
0,4456.278
0,4584.994
0,4706.789
0,4710.351
0,4533.483
0,4273.182
0,3990.51
0,3789.452
0,3618.708
0,3536.295
0,3495.482
0,3536.836
0,3691.008
0,3946.991
0,4110.853
0,4134.859
0,4097.903
0,3989.246
0,4029.325
0,4014.626
0,3906.742
0,4032.885
0,4211.462
0,4191.012
0,4413.625
0,4507.309
0,4620.556
0,4648.3
0,4491.379
0,4239.781
0,3960.184
0,3774.554
0,3630.834
0,3546.079
0,3515.848
0,3545.543
0,3721.053
0,4058.201
0,4320.378
0,4456.854
0,4451.434
0,4392.936
0,4283.773
0,4168.72
0,4136.077
0,4176.812
0,4403.216
0,4527.535
0,4648.844
0,4678.637
0,4764.697
0,4733.569
0,4553.86
0,4321.657
0,4064.255
0,3882.939
0,3738.699
0,3649.378
0,3613.485
0,3662.59
0,3813.646
0,4081.263
0,4263.92
0,4395.477
0,4520.214
0,4404.485
0,4362.602
0,4461.05
0,4106.772
0,4048.122
0,4300.043
0,4244.455
0,4170.479
0,4347.08
0,4460.028
0,4493.607
0,4382.689
0,4205.709
0,3987.889
0,3794.173
0,3634.323
0,3543.48
0,3491.532
0,3501.135
0,3574.092
0,3613.697
0,3667.723
0,3716.485
0,3742.465
0,3829.732
0,3881.182
0,3801.21
0,3771.93
0,3624.677
0,3562.398
0,3593.518
0,3794.264
0,4002.284
0,4215.695
0,4351.462
0,4270.153
0,4130.144
0,3950.667
0,3787.069
0,3632.536
0,3541.109
0,3511.039
0,3503.899
0,3554.45
0,3551.656
0,3447.609
0,3298.747
0,3053.526
0,2924.789
0,2873.113
0,3197.863
0,3293.448
0,2901.488
0,3019.332
0,3299.318
0,3666.609
0,4010.898
0,4237.323
0,4351.443
0,4247.068
0,4041.499
0,3833.166
0,3617.752
0,3487.586
0,3396.574
0,3368.774
0,3438.692
0,3609.159
0,3864.783
0,4059.727
0,4011.586
0,3886.284
0,3842.246
0,3788.253
0,3815.73
0,3927.351
0,4087.864
0,4275.771
0,4618.918
0,4794.176
0,4889.371
0,4993.382
0,5030.455
0,4796.021
0,4457.714
0,4118.089
0,3823.495
0,3645.854
0,3524.619
0,3459.411
0,3490.484
0,3638.043
0,3885.891
0,4014.508
0,3867.801
0,3694.361
0,3558.91
0,3509.054
0,3461.34
0,3523.358
0,3640.34
0,3813.186
0,4077.561
0,4363.147
0,4570.044
0,4663.143
0,4723.958
0,4518.238
0,4232.013
0,3958.89
0,3722.707
0,3550.312
0,3472.855
0,3416.702
0,3471.24
0,3642.26
0,3875.834
0,4012.405
0,3974.835
0,3878.31
0,3849.163
0,4019.43
0,4198.24
0,4423.761
0,4391.202
0,4399.065
0,4373.443
0,4454.557
0,4533.274
0,4620.68
0,4598.065
0,4432.392
0,4203.068
0,3959.023
0,3732.09
0,3603.863
0,3576.657
0,3526.082
0,3574.741
0,3751.868
0,4063.187
0,4344.048
0,4493.744
0,4570.886
0,4564.632
0,4560.336
0,4482.493
0,4551.22
0,4517.972
0,4454.483
0,4475.231
0,4560.723
0,4655.233
0,4738.285
0,4771.386
0,4611.875
0,4375.52
0,4121.418
0,3905.318
0,3770.063
0,3677.395
0,3647.725
0,3691.394
0,3860.439
0,4147.512
0,4239.446
0,4208.288
0,4288.944
0,4178.314
0,4043.635
0,3930.206
0,4008.322
0,4169.842
0,4149.247
0,4171.585
0,4313.833
0,4351.647
0,4510.417
0,4541.45
0,4402.137
0,4225.019
0,4011.531
0,3844.518
0,3646.944
0,3551.071
0,3492.295
0,3485.286
0,3547.035
0,3642.451
0,3725.136
0,3851.304
0,3899.93
0,3762.064
0,3284.62
0,3203.062
0,3196.727
0,2995.704
0,3149.445
0,3331.854
0,3628.848
0,3873.11
0,4043.15
0,4187.395
0,4116.305
0,3977.126
0,3833.467
0,3664.628
0,3536.155
0,3455.646
0,3427.429
0,3432.602
0,3490.557
0,3483.826
0,3394.667
0,3257.698
0,3349.465
0,3631.968
0,3625.703
0,3510.668
0,3518.282
0,3416.999
0,3617.952
0,3782.377
0,4012.887
0,4195.773
0,4349.726
0,4511.159
0,4423.923
0,4232.271
0,4039.108
0,3858.741
0,3757.699
0,3706.285
0,3697.153
0,3809.206
0,4017.484
0,4288.231
0,4372.64
0,4163.612
0,3919.298
0,3718.081
0,3594.744
0,3524.296
0,3520.391
0,3535.159
0,3640.804
0,3841.723
0,4108.476
0,4367.799
0,4552.029
0,4662.956
0,4535.511
0,4306.629
0,4071.17
0,3871.265
0,3750.256
0,3701.741
0,3700.381
0,3755.797
0,3978.483
0,4220.045
0,4263.46
0,4043.164
0,3831.869
0,3662.712
0,3545.952
0,3479.232
0,3484.789
0,3545.733
0,3664.026
0,3906.838
0,4145.268
0,4363.765
0,4602.941
0,4692.416
0,4536.076
0,4301.955
0,4053.862
0,3848.226
0,3709.754
0,3628.203
0,3614.799
0,3684.239
0,3841.1
0,4149.305
0,4399.631
0,4466.168
0,4224.528
0,3899.455
0,3719.052
0,3782.311
0,3955.316
0,4045.641
0,3944.15
0,4045.895
0,4334.142
0,4498.868
0,4591.554
0,4686.204
0,4560.894
0,4322.182
0,4023.851
0,3807.325
0,3684.075
0,3619.71
0,3587.138
0,3669.728
0,3820.732
0,4115.955
0,4286.02
0,4178.57
0,4033.468
0,3842.679
0,3722.533
0,3583.204
0,3562.512
0,3588.757
0,3682.497
0,3863.793
0,4129.777
0,4347.591
0,4562.408
0,4700.407
0,4579.011
0,4422.42
0,4175.485
0,3948.141
0,3841.266
0,3763.574
0,3761.62
0,3821.346
0,4001.646
0,4209.424
0,4253.49
0,4074.132
0,3865.993
0,3676.404
0,3563.025
0,3493.044
0,3493.101
0,3548.847
0,3638.953
0,3827.053
0,4065.073
0,4305.287
0,4463.036
0,4595.465
0,4496.516
0,4383.463
0,4117.704
0,3920.371
0,3781.256
0,3701.285
0,3663.781
0,3686.724
0,3748.062
0,3761.459
0,3671.303
0,3571.946
0,3429.474
0,3360.64
0,3434.837
0,3521.689
0,3607.34
0,3636.402
0,3799.019
0,3994.028
0,4103.389
0,4192.136
0,4306.286
0,4387.771
0,4289.644
0,4157.784
0,3961.103
0,3834.132
0,3678.952
0,3585.646
0,3535.131
0,3508.193
0,3544.031
0,3527.774
0,3509.235
0,3433.478
0,3408.323
0,3165.633
0,3100.717
0,3034.145
0,3125.574
0,3271.431
0,3551.331
0,3875.082
0,4266.661
0,4533.76
0,4725.295
0,4882.051
0,4792.451
0,4582.597
0,4347.956
0,4077.874
0,3901.908
0,3784.096
0,3723.919
0,3743.903
0,3881.169
0,4119.875
0,4330.896
0,4384.002
0,4432.425
0,4515.788
0,4675.465
0,4943.017
0,5223.32
0,5556.369
0,5831.441
0,6022.674
0,6112.209
0,6116.97
0,6058.735
0,5961.37
0,5663.594
0,5220.995
0,4786.625
0,4420.023
0,4171.452
0,3990.248
0,3888.474
0,3874.513
0,3993.475
0,4186.47
0,4382.278
0,4447.345
0,4472.194
0,4459.545
0,4331.567
0,4242.217
0,4283.243
0,4459.829
0,4434.545
0,4655.285
0,4946.152
0,5022.076
0,5060.31
0,5086.897
0,4865.321
0,4556.405
0,4256.604
0,4031.885
0,3880.242
0,3717.556
0,3669.159
0,3708.851
0,3875.45
0,4082.267
0,4303.056
0,4334.661
0,4143.929
0,4029.991
0,4104.432
0,4357.865
0,4503.977
0,4702.588
0,4979.326
0,5082.225
0,5198.719
0,5278.55
0,5236.623
0,5221.649
0,4984.1
0,4614.747
0,4381.258
0,4027.941
0,3842.238
0,3734.032
0,3683.344
0,3708.603
0,3864.492
0,4086.381
0,4371.285
0,4448.611
0,4375.946
0,4034.371
0,3985.663
0,4136.321
0,4425.55
0,4769.82
0,5090.601
0,5460.401
0,5751.755
0,5880.547
0,5803.634
0,5673.906
0,5412.475
0,5033.242
0,4633.742
0,4307.689
0,4050.411
0,3876.305
0,3779.95
0,3785.486
0,3868.424
0,4014.692
0,4160.766
0,4319.258
0,4362.755
0,4250.787
0,4146.274
0,4086.584
0,4031.37
0,3935.945
0,4023.427
0,4204.313
0,4333.234
0,4399.045
0,4481.44
0,4579.925
0,4482.655
0,4288.496
0,4051.818
0,3850.607
0,3711.083
0,3600.847
0,3547.643
0,3525.252
0,3559.61
0,3563.785
0,3607.246
0,3644.212
0,3650.058
0,3718.98
0,3770.008
0,3789.008
0,3880.207
0,3893.5
0,3934.377
0,3988.19
0,4104.679
0,4185.69
0,4247.281
0,4339.994
0,4256.2
0,4116.236
0,3951.94
0,3771.298
0,3643.004
0,3551.303
0,3497.381
0,3487.441
0,3524.128
0,3522.369
0,3607.965
0,3732.121
0,3872.999
0,4000.744
0,4079.39
0,4133.916
0,4149.682
0,4160.231
0,4146.997
0,4215.611
0,4302.54
0,4375.91
0,4425.718
0,4491.636
0,4370.485
0,4172.847
0,3963.073
0,3744.912
0,3628.734
0,3564.919
0,3528.572
0,3614.35
0,3779.743
0,4052.268
0,4279.909
0,4373.799
0,4408.485
0,4351.82
0,4232.28
0,4326.078
0,4382.081
0,4454.894
0,4669.393
0,4847.543
0,4906.514
0,4932.717
0,4973.413
0,5078.675
0,4926.389
0,4558.91
0,4256.373
0,3983.487
0,3783.017
0,3658.462
0,3611.737
0,3639.659
0,3764.879
0,3916.788
0,4093.311
0,4024.06
0,4009.327
0,3950.754
0,4031.061
0,4173.468
0,4273.946
0,4484.817
0,4808.463
0,5159.962
0,5439.511
0,5559.396
0,5493.052
0,5437.628
0,5233.624
0,4977.199
0,4546.886
0,4218.119
0,4019.725
0,3882.109
0,3831.005
0,3839.15
0,4021.431
0,4264.412
0,4625.774
0,4650.305
0,4649.661
0,4581.153
0,4766.138
0,4914.636
0,5251.514
0,5417.141
0,5736.737
0,6096.113
0,6324.886
0,6399.594
0,6275.4
0,6172.81
0,5880.868
0,5469.758
0,5054.12
0,4551.71
0,4239.442
0,4022.275
0,3883.884
0,3868.797
0,3955.516
0,4111.076
0,4299.231
0,4270.841
0,4322.064
0,4430.012
0,4509.629
0,4483.69
0,4537.968
0,4660.724
0,4633.513
0,4769.023
0,4852.183
0,4805.48
0,4830.736
0,4878.043
0,4727.419
0,4459.123
0,4174.254
0,3885.959
0,3703.802
0,3588.892
0,3531.341
0,3546.915
0,3698.312
0,3924.138
0,4252.529
0,4415.642
0,4518.478
0,4498.662
0,4548.548
0,4424.682
0,4468.071
0,4472.454
0,4450.49
0,4412.678
0,4413.548
0,4404.25
0,4484.067
0,4533.9
0,4419.873
0,4239.12
0,4019.85
0,3803.635
0,3642.662
0,3536.165
0,3482.697
0,3490.939
0,3523.737
0,3492.121
0,3415.935
0,3254.511
0,3129.416
0,3091.732
0,3030.951
0,3086.663
0,3135.151
0,3281.582
0,3362.773
0,3481.371
0,3634.334
0,3860.422
0,3986.572
0,4166.733
0,4127.711
0,3992.409
0,3838.84
0,3656.525
0,3520.148
0,3429.325
0,3372.137
0,3356.261
0,3395.318
0,3402.431
0,3474.331
0,3611.592
0,3732.755
0,3822.516
0,3831.504
0,3730.407
0,3648.639
0,3606.314
0,3601.532
0,3543.16
0,3732.192
0,3932.24
0,4088.862
0,4263.691
0,4228.266
0,4064.14
0,3828.796
0,3641.14
0,3523.913
0,3463.479
0,3443.479
0,3514.368
0,3689.002
0,3917.875
0,4174.728
0,4250.17
0,4268.666
0,4268.564
0,4150.092
0,3874.425
0,3731.609
0,3791.576
0,4087.874
0,4349.221
0,4353.449
0,4417.569
0,4554.9
0,4675.686
0,4561.104
0,4296.349
0,4037.056
0,3789.707
0,3643.512
0,3549.74
0,3498.57
0,3546.138
0,3663.531
0,3864.428
0,3996.473
0,3978.951
0,3943.435
0,4041.875
0,4256.266
0,4319.997
0,4414.159
0,4544.93
0,4717.511
0,4822.988
0,4889.774
0,4873.882
0,4884.092
0,4920.45
0,4762.965
0,4477.018
0,4192.343
0,3943.428
0,3771.677
0,3667.715
0,3610.058
0,3650.61
0,3785.055
0,4054.321
0,4356.56
0,4529.808
0,4571.005
0,4534.685
0,4405.647
0,4251.129
0,4331.307
0,4519.497
0,4581.163
0,4674.331
0,4694.374
0,4669.88
0,4677.075
0,4751.581
0,4616.747
0,4378.576
0,4109.729
0,3871.69
0,3714.491
0,3633.955
0,3592.02
0,3637.57
0,3781.646
0,4004.967
0,4290.847
0,4424.646
0,4490.001
0,4625.104
0,4614.961
0,4586.992
0,4572.693
0,4603.903
0,4613.683
0,4664.962
0,4669.651
0,4638.264
0,4656.064
0,4740.414
0,4605.324
0,4377.315
0,4110.609
0,3882.194
0,3721.164
0,3621.625
0,3567.479
0,3601.042
0,3715.65
0,3970.175
0,4214.874
0,4324.946
0,4323.71
0,4374.744
0,4337.074
0,4221.632
0,4326.681
0,4477.738
0,4666.877
0,4695.98
0,4666.539
0,4637.804
0,4663.544
0,4761.636
0,4659.553
0,4428.538
0,4176.676
0,3919.034
0,3725.403
0,3608.922
0,3522.342
0,3515.293
0,3532.368
0,3495.942
0,3539.876
0,3647.575
0,3746.457
0,3753.282
0,3857.504
0,4048.585
0,4076.534
0,4126.267
0,4166.426
0,4181.335
0,4185.946
0,4225.285
0,4303.114
0,4420.484
0,4356.204
0,4212.745
0,4024.871
0,3822.251
0,3684.639
0,3565.339
0,3496.291
0,3466.008
0,3464.333
0,3378.309
0,3343.07
0,3316.657
0,3341.289
0,3349.367
0,3410.432
0,3584.334
0,3818.855
0,4097.493
0,4253.012
0,4337.588
0,4523.416
0,4732.225
0,4799.985
0,4824.357
0,4718.728
0,4419.414
0,4134.904
0,3823.495
0,3653.399
0,3519.786
0,3492.019
0,3526.862
0,3637.895
0,3863.123
0,4049.655
0,4067.551
0,4010.07
0,4006.481
0,4089.963
0,4263.161
0,4408.972
0,4635.767
0,4937.786
0,5184.311
0,5398.957
0,5501.117
0,5417.723
0,5328.164
0,5124.777
0,4740.265
0,4376.734
0,4093.602
0,3864.086
0,3734.02
0,3669.117
0,3680.309
0,3801.448
0,3989.507
0,4244.358
0,4287.213
0,4202.909
0,4223.727
0,4388.187
0,4635.599
0,4998.842
0,5336.299
0,5761.412
0,6120.99
0,6408.879
0,6538.644
0,6435.109
0,6253.015
0,6048.052
0,5693.168
0,5157.096
0,4744.25
0,4446.56
0,4246.443
0,4094.251
0,4061.641
0,4121.202
0,4341.22
0,4574.022
0,4679.575
0,4814.994
0,4982.001
0,5248.375
0,5481.74
0,5853.301
0,6168.949
0,6583.306
0,6939.454
0,7170.243
0,7145.061
0,6991.197
0,6854.177
0,6570.677
0,6147.174
0,5613.377
0,5238.281
0,4860.64
0,4636.017
0,4481.598
0,4447.887
0,4501.215
0,4715.125
0,5029.106
0,5240.939
0,5528.931
0,5225.241
0,5291.496
0,5567.072
0,5862.966
0,5807.256
0,5829.899
0,6135.482
0,6314.586
0,6345.25
0,6318.147
0,6246.976
0,6044.472
0,5692.405
0,5219.956
0,4915.681
0,4562.972
0,4373.979
0,4240.442
0,4203.22
0,4251.342
0,4423.086
0,4690.308
0,4828.041
0,4902.74
0,4985.787
0,5104.994
0,5310.954
0,5543.855
0,5817.713
0,6153.432
0,6492.519
0,6740.661
0,6754.305
0,6541.779
0,6282.747
0,5962.634
0,5588.285
0,5174.513
0,4722.961
0,4422.112
0,4212.581
0,4045.7
0,3958.773
0,3876.322
0,3826.988
0,3883.723
0,3977.072
0,4061.112
0,4217.546
0,4392.109
0,4618.043
0,4871.047
0,5230.566
0,5457.718
0,5630.973
0,5728.711
0,5822.446
0,5637.646
0,5520.049
0,5375.868
0,5201.622
0,4862.923
0,4577.171
0,4365.694
0,4193.811
0,4081.189
0,4019.073
0,3973.288
0,3901.792
0,3937.272
0,3973.475
0,4149.949
0,4402.875
0,4724.431
0,5134.092
0,5396.468
0,5656.099
0,5903.929
0,6009.922
0,6155.114
0,6107.548
0,6012.62
0,5859.221
0,5726.829
0,5426.308
0,5147.04
0,4756.225
0,4513.203
0,4357.739
0,4256.689
0,4218.49
0,4263.774
0,4254.893
0,4258.006
0,4326.492
0,4360.952
0,4650.196
0,4946.6
0,5351.601
0,5560.037
0,5628.169
0,5447.653
0,5490.593
0,5511.996
0,5474.057
0,5499.631
0,5550.578
0,5457.366
0,5167.218
0,4840.239
0,4541.968
0,4314.84
0,4153.087
0,4075.7
0,4085.733
0,4213.704
0,4481.251
0,4686.193
0,4720.594
0,4732.704
0,4826.287
0,4909.342
0,5122.281
0,5366.737
0,5594.628
0,5853.547
0,6136.635
0,6383.932
0,6451.089
0,6316.004
0,6026.741
0,5729.014
0,5323.158
0,4896.054
0,4516.93
0,4231.019
0,4062.221
0,3953.43
0,3935.906
0,3980.672
0,4195.611
0,4401.55
0,4430.515
0,4455.168
0,4622.658
0,4901.86
0,5007.804
0,5054.906
0,5184.84
0,5416.674
0,5778.013
0,5985.493
0,5930.992
0,5788.481
0,5613.225
0,5285.72
0,4956.43
0,4603.138
0,4304.31
0,4079.213
0,3947.589
0,3865.769
0,3844.996
0,3952.584
0,4101.257
0,4275.379
0,4292.367
0,4173.387
0,4076.394
0,4043.337
0,4098.894
0,4181.128
0,4320.411
0,4608.751
0,4910.636
0,5098.302
0,5166.791
0,5162.491
0,5134.455
0,5003.273
0,4690.844
0,4378.535
0,4054.963
0,3843.217
0,3704.338
0,3648.557
0,3653.482
0,3737.943
0,3881.536
0,4052.683
0,4048.187
0,4023.441
0,4013.663
0,4103.993
0,4194.432
0,4282.387
0,4454.223
0,4667.591
0,4983.414
0,5250.882
0,5378.517
0,5343.394
0,5216.931
0,5079.385
0,4799.858
0,4448.942
0,4138.98
0,3902.917
0,3733.352
0,3617.474
0,3574.388
0,3506.313
0,3512.04
0,3523.443
0,3552.445
0,3593.578
0,3681.839
0,3814.155
0,4020.819
0,4248.699
0,4553.981
0,4893.424
0,5288.482
0,5627.071
0,5793.568
0,5683.416
0,5537.189
0,5367.378
0,5073.933
0,4722.406
0,4398.217
0,4133.961
0,3951.28
0,3805.875
0,3738.255
0,3625.531
0,3572.886
0,3567.022
0,3602.966
0,3801.326
0,3967.486
0,4267.087
0,4500.659
0,4779.578
0,5119.398
0,5325.866
0,5454.453
0,5639.335
0,5764.643
0,5759.537
0,5810.42
0,5735.974
0,5460.92
0,5088.884
0,4776.212
0,4541.723
0,4374.21
0,4304.265
0,4308.813
0,4410.866
0,4630.972
0,4928.262
0,5086.413
0,5267.878
0,5512.024
0,5765.106
0,6039.3
0,6338.515
0,6668.8
0,7030.311
0,7294.3
0,7426.882
0,7321.069
0,7212.371
0,7020.332
0,6819.326
0,6326.596
0,5776.989
0,5295.198
0,4930.521
0,4659.968
0,4522.724
0,4491.667
0,4512.929
0,4723.2
0,5051.46
0,5219.853
0,5363.192
0,5504.896
0,5778.057
0,6036.857
0,6305.558
0,6517.332
0,6829.704
0,7065.833
0,7211.844
0,7052.843
0,6815.737
0,6556.042
0,6282.033
0,5811.519
0,5369.299
0,4898.592
0,4609.469
0,4407.034
0,4325.792
0,4331.214
0,4441.238
0,4639.668
0,4945.895
0,5114.75
0,5247.302
0,5423.898
0,5585.315
0,5852.934
0,6163.911
0,6483.581
0,6900.749
0,7016.219
0,6945.264
0,6837.875
0,6739.64
0,6670.384
0,6488.704
0,6109.399
0,5722.479
0,5264.528
0,4982.085
0,4807.92
0,4692.368
0,4703.5
0,4825.481
0,5094.318
0,5420.023
0,5620.148
0,5817.498
0,6087.585
0,6350.985
0,6494.218
0,6744.76
0,6875.993
0,6887.223
0,7071.573
0,7330.511
0,7395.583
0,7383.776
0,7154.789
0,6761.843
0,6260.834
0,5773.763
0,5347.487
0,4981.503
0,4736.977
0,4563.063
0,4503.014
0,4543.209
0,4779.512
0,5058.218
0,5097.515
0,5283.675
0,5381.076
0,5583.117
0,5996.032
0,6247.941
0,6498.931
0,6607.361
0,6676.691
0,6804.413
0,6704.516
0,6401.251
0,6041.677
0,5804.339
0,5438.669
0,5075.011
0,4643.028
0,4342.031
0,4124.335
0,3979.631
0,3904.282
0,3812.833
0,3828.235
0,3888.27
0,3950.118
0,4008.355
0,4084.377
0,4253.612
0,4438.653
0,4588.756
0,4782.201
0,4923.161
0,5219.195
0,5472.937
0,5677.506
0,5674.381
0,5520.823
0,5385.77
0,5124.773
0,4801.758
0,4512.604
0,4258.672
0,4072.752
0,3947.134
0,3892.14
0,3848.799
0,3841.06
0,3880.389
0,4096.957
0,4368.86
0,4476.651
0,4234.898
0,4147.459
0,4149.777
0,4326.666
0,4496.707
0,4766.406
0,5129.554
0,5363.038
0,5409.297
0,5315.074
0,5244.291
0,4981.087
0,4605.881
0,4280.537
0,4059.147
0,3912.645
0,3842.783
0,3848.203
0,3921.567
0,4123.703
0,4321.501
0,4365.552
0,4391.434
0,4579.712
0,4732.195
0,4836.447
0,4985.904
0,5174.554
0,5212.715
0,5442.499
0,5632.863
0,5718.216
0,5667.825
0,5559.684
0,5439.3
0,5098.053
0,4682.618
0,4312.327
0,4086.181
0,3917.456
0,3838.505
0,3844.852
0,3897.523
0,4095.539
0,4287.676
0,4329.507
0,4467.838
0,4507.499
0,4642.816
0,4824.789
0,5016.491
0,5268.639
0,5395.138
0,5445.709
0,5463.599
0,5410.547
0,5351.124
0,5336.16
0,5250.378
0,5000.866
0,4656.649
0,4355.59
0,4134.276
0,3973.82
0,3890.357
0,3883.099
0,3946.536
0,4167.019
0,4410.521
0,4452.552
0,4508.556
0,4769.806
0,4906.195
0,4864.287
0,5072.337
0,5260.899
0,5509.548
0,5661.036
0,5857.001
0,5897.793
0,5903.687
0,5769.296
0,5665.948
0,5343.562
0,4969.216
0,4530.068
0,4256.436
0,4087.182
0,3972.378
0,3967.393
0,4018.357
0,4239.728
0,4500.839
0,4658.345
0,4818.019
0,5060.506
0,5351.408
0,5668.361
0,6062.2
0,6384.673
0,6727.393
0,7032.917
0,7222.006
0,7269.473
0,7126.506
0,6889.822
0,6653.867
0,6211.482
0,5700.821
0,5321.272
0,4895.499
0,4666.73
0,4514.624
0,4463.457
0,4486.255
0,4741.031
0,5053.918
0,5353.699
0,5602.778
0,5842.067
0,6293.311
0,6837.079
0,7166.273
0,7421.654
0,7464.86
0,7536.666
0,7637.142
0,6927.822
0,6280.416
0,6114.972
0,5951.986
0,5647.105
0,5286.213
0,4893.271
0,4607.134
0,4408.609
0,4242.03
0,4168.952
0,4076.868
0,4057.196
0,4134.892
0,4231.433
0,4340.391
0,4443.638
0,4593.154
0,4854.227
0,5048.819
0,5208.542
0,5363.782
0,5733.148
0,5942.872
0,6074.321
0,5992.547
0,5802.6
0,5545.461
0,5327.118
0,4904.273
0,4553.006
0,4283.631
0,4076.783
0,3918.681
0,3827.21
0,3695.783
0,3649.939
0,3654.969
0,3634.419
0,3695.618
0,3807.437
0,3982.417
0,4147.444
0,4379.828
0,4728.133
0,5108.615
0,5291.699
0,5544.195
0,5688.071
0,5640.583
0,5529.511
0,5487.962
0,5217.43
0,4895.587
0,4541.269
0,4314.646
0,4165.092
0,4089.236
0,4134.28
0,4211.964
0,4480.918
0,4790.985
0,5016.617
0,5188.932
0,5448.784
0,5693.276
0,6020.411
0,6464.134
0,6934.62
0,7391.003
0,7722.354
0,7911.435
0,7913.626
0,7799.264
0,7544.409
0,7236.251
0,6726.558
0,6148.581
0,5640.917
0,5280.126
0,5023.355
0,4856.776
0,4802.049
0,4858.665
0,5076.326
0,5442.56
0,5718.046
0,6010.999
0,6350.195
0,6759.469
0,7189.592
0,7701.181
0,8129.269
0,8399.384
0,8648.128
0,8754.987
0,8725.503
0,8447.782
0,8080.579
0,7721.418
0,7137.458
0,6505.873
0,6001.621
0,5535.109
0,5238.465
0,5051.541
0,4963.046
0,4988.864
0,5174.896
0,5493.14
0,5798.054
0,5988.876
0,6345.374
0,6795.69
0,7223.899
0,7633.111
0,8015.631
0,8310.986
0,8552.928
0,8649.244
0,8596.654
0,8338.421
0,7930.255
0,7585.916
0,7037.62
0,6467.85
0,5939.676
0,5539.575
0,5251.339
0,5044.719
0,4965.903
0,4972.477
0,5196.19
0,5577.299
0,5920.974
0,6248.844
0,6638.073
0,7112.842
0,7494.023
0,7844.433
0,8233.575
0,8530.04
0,8845.786
0,8999.457
0,9050.018
0,8900.329
0,8599.815
0,8287.389
0,7743.637
0,7149.074
0,6629.901
0,6204.406
0,5862.762
0,5647.704
0,5504.574
0,5450.925
0,5630.242
0,5984.217
0,6335.159
0,6729.085
0,7194.058
0,7643.624
0,8071.984
0,8509.86
0,8812.436
0,9047.38
0,9209.659
0,9323.135
0,9238.265
0,8945.288
0,8578.207
0,8254.472
0,7732.513
0,7229.188
0,6745.025
0,6350.424
0,6058.432
0,5778.089
0,5676.758
0,5538.296
0,5529.363
0,5679.839
0,6048.37
0,6459.364
0,6901.527
0,7431.06
0,7831.852
0,8317.775
0,8342.937
0,8330.4
0,8247.608
0,8146.442
0,8143.41
0,8031.552
0,7812.925
0,7505.594
0,7134.235
0,6740.202
0,6321.058
0,5959.112
0,5696.387
0,5504.861
0,5340.671
0,5256.486
0,5175.469
0,5299.055
0,5621.632
0,5981.488
0,6492.853
0,6922.585
0,7327.433
0,7783.922
0,8143.898
0,8347.176
0,8492.535
0,8519.819
0,8400.079
0,8169.564
0,8026.559
0,7813.189
0,7327.516
0,6880.006
0,6446.141
0,6149.482
0,5930.875
0,5767.459
0,5725.495
0,5755.553
0,5907.992
0,6129.087
0,6189.07
0,6213.894
0,6262.858
0,6368.118
0,6424.932
0,6447.074
0,6402.1
0,6433.472
0,6384.575
0,6436.667
0,6349.863
0,6254.887
0,6154.8
0,6095.955
0,5872.746
0,5436.121
0,5052.675
0,4765.408
0,4542.138
0,4415.11
0,4361.334
0,4408.223
0,4630.76
0,4912.452
0,5176.039
0,5453.798
0,5752.577
0,6127.83
0,6466.897
0,6829.557
0,7219.903
0,7442.976
0,7713.625
0,7927.59
0,7968.906
0,7837.309
0,7461.022
0,7174.043
0,6763.705
0,6323.503
0,5940.74
0,5564.274
0,5326.567
0,5147.104
0,5073.605
0,5111.422
0,5311.793
0,5624.103
0,5990.095
0,6319.849
0,6611.56
0,7117.76
0,7507.792
0,8011.942
0,8444.498
0,8719.77
0,8927.6
0,9066.494
0,9103.307
0,8940.164
0,8384.727
0,7739.37
0,7199.697
0,6616.353
0,6179.895
0,5663.227
0,5362.295
0,5192.169
0,5106.509
0,5145.726
0,5258.057
0,5443.776
0,5498.749
0,5661.857
0,5809.328
0,5953.191
0,6314.643
0,6603.93
0,6838.036
0,7105.588
0,7412.802
0,7597.388
0,7537.279
0,7331.496
0,6961.275
0,6662.473
0,6241.212
0,5663.224
0,5171.605
0,4795.499
0,4519.299
0,4341.405
0,4278.014
0,4258
0,4382.228
0,4579.106
0,4662.174
0,4684.858
0,4724.873
0,4780.265
0,4950.99
0,5230.334
0,5470.123
0,5814.212
0,6056.08
0,6227.237
0,6136.1
0,6019.553
0,5649.532
0,5475.565
0,5182.778
0,4859.998
0,4575.716
0,4341.415
0,4192.826
0,4110.795
0,4109.079
0,4116.689
0,4124.181
0,4283.536
0,4515.941
0,4752.486
0,4926.309
0,5217.839
0,5500.846
0,5844.261
0,6020.034
0,6226.831
0,6461.623
0,6605.699
0,6670.722
0,6613.275
0,6583.959
0,6519.421
0,6246.213
0,5976.927
0,5702.353
0,5446.501
0,5256.236
0,5134.965
0,5073.528
0,5057.167
0,4990.366
0,5046.513
0,5315.395
0,5661.208
0,6077.217
0,6447.642
0,6496.679
0,6670.412
0,6789.932
0,7040.146
0,7208.159
0,6980.461
0,6643.257
0,6379.79
0,6351.879
0,6330.863
0,6048.436
0,5528.387
0,5050.344
0,4639.78
0,4377.511
0,4216.216
0,4179.884
0,4223.042
0,4390.217
0,4607.322
0,4710.934
0,4770.776
0,4878.283
0,5111.197
0,5274.561
0,5492.58
0,5741.651
0,6023.372
0,6303.052
0,6524.766
0,6608.856
0,6539.557
0,6273.047
0,6088.921
0,5741.737
0,5278.244
0,4860.639
0,4561.208
0,4344.295
0,4219.924
0,4183.643
0,4228.772
0,4388.994
0,4603.102
0,4768.078
0,4867.441
0,5019.509
0,5256.257
0,5498.417
0,5872.448
0,6183.168
0,6547.812
0,6857.132
0,7049.375
0,6975.829
0,6829.556
0,6537.52
0,6313.353
0,5959.854
0,5514.428
0,5069.411
0,4735.861
0,4489.422
0,4368.749
0,4320.015
0,4333.426
0,4497.539
0,4760.449
0,4968.987
0,5136.815
0,5309.868
0,5488.969
0,5782.233
0,6075.452
0,6317.163
0,6556
0,6757.306
0,6924.486
0,6939.673
0,6712.475
0,6348.242
0,6097.984
0,5793.291
0,5383.482
0,5012.107
0,4718.05
0,4525.642
0,4397.274
0,4336.877
0,4329.12
0,4312.24
0,4377.112
0,4574.117
0,4803.461
0,5059.825
0,5455.3
0,5832.466
0,6404
0,6811.375
0,7168.281
0,7490.674
0,7637.447
0,7543.502
0,7370.334
0,7196.382
0,6993.5
0,6705.371
0,6334.619
0,5980.288
0,5689.847
0,5470.107
0,5309.36
0,5251.4
0,5287.414
0,5387.18
0,5631.229
0,5902.198
0,6240.862
0,6533.776
0,6763.965
0,7064.266
0,7501.235
0,7912.469
0,8296.185
0,8525.894
0,8724.188
0,8588.506
0,8225.178
0,7956.61
0,7721.609
0,7352.297
0,6913.648
0,6496.034
0,6128.78
0,5839.576
0,5626.86
0,5513.937
0,5452.404
0,5413.917
0,5511.622
0,5664.07
0,6007.535
0,6351.592
0,6805.297
0,7278.903
0,7533.26
0,7949.074
0,8275.128
0,8452.881
0,8608.124
0,8661.001
0,8650.363
0,8434.694
0,8214.568
0,7801.083
0,7365.666
0,6937.99
0,6556.458
0,6247.453
0,6014.689
0,5814.727
0,5680.059
0,5529.289
0,5479.726
0,5638.523
0,5859.009
0,6179.866
0,6500.652
0,6909.942
0,7086.031
0,7490.875
0,7863.683
0,8183.491
0,8430.808
0,8545.156
0,8477.056
0,8281.57
0,8057.784
0,7618.683
0,7092.645
0,6599.895
0,6195.509
0,5908.947
0,5740.054
0,5664.671
0,5673.001
0,5843.154
0,6284.041
0,6669.166
0,7080.478
0,7524.471
0,7939.03
0,8271.849
0,8670.526
0,8908.409
0,9076.488
0,9252.52
0,9364.397
0,9282.328
0,9087.216
0,8805.25
0,8482.988
0,7928.18
0,7361.11
0,6857.898
0,6442.437
0,6147.756
0,5943.768
0,5844.762
0,5852.975
0,6018.451
0,6391.674
0,6773.729
0,7220.019
0,7706.15
0,8123.666
0,8581.053
0,8823.308
0,9050.269
0,9387.059
0,9596.9
0,9625.264
0,9436.668
0,9260.241
0,9089.412
0,8838.207
0,8352.513
0,7808.664
0,7312.02
0,6889.687
0,6570.739
0,6347.421
0,6247.198
0,6252.219
0,6433.942
0,6828.977
0,7209.154
0,7519.57
0,7890.418
0,8334.706
0,8671.177
0,8866.452
0,9085.503
0,9244.08
0,9351.597
0,9435.336
0,9346.905
0,9143.924
0,8822.863
0,8501.579
0,8009.074
0,7501.602
0,7066.487
0,6744.636
0,6440.786
0,6206.042
0,6054.02
0,6065.144
0,6164.173
0,6369.977
0,6486.302
0,6639.407
0,6844.237
0,7105.176
0,7366.5
0,7659.948
0,8015.491
0,8342.72
0,8636.46
0,8806.622
0,8761.964
0,8508.996
0,8107.729
0,7794.563
0,7268.318
0,6720.019
0,6232.629
0,5846.61
0,5588.699
0,5402.903
0,5371.797
0,5452.087
0,5664.847
0,5902.478
0,6039.816
0,6158.118
0,6508.13
0,6889.659
0,7096.977
0,7312.273
0,7443.528
0,7547.178
0,7709.655
0,7782.104
0,7638.178
0,7466.72
0,7366.43
0,7234.048
0,6922.523
0,6520.209
0,6125.367
0,5814.944
0,5570.682
0,5399.926
0,5319.052
0,5301.956
0,5282.277
0,5342.258
0,5516.706
0,5767.181
0,5839.328
0,6010.439
0,6332.452
0,6764.192
0,7148.621
0,7535.758
0,7863.706
0,8110.518
0,8179.364
0,8071.558
0,7817.645
0,7645.288
0,7287.612
0,6857.062
0,6460.389
0,6098.837
0,5796.835
0,5577.844
0,5383.292
0,5250.472
0,5169.915
0,5323.469
0,5613.341
0,5986.967
0,6426.522
0,6857.939
0,7305.775
0,7757.344
0,7805.537
0,7636.634
0,7461.53
0,7411.313
0,7696.317
0,7702.9
0,7529.635
0,7376.066
0,7003.617
0,6573.24
0,6188.642
0,5844.268
0,5617.781
0,5508.92
0,5514.775
0,5595.311
0,5770.823
0,6133.763
0,6512.64
0,6876.235
0,7262.322
0,7576.229
0,8004.652
0,8479.711
0,8864.013
0,9141.887
0,9416.285
0,9636.209
0,9698.877
0,9564.988
0,9325.864
0,8976.867
0,8503.693
0,7959.652
0,7456.417
0,7030.357
0,6660.359
0,6388.552
0,6201.54
0,6153.336
0,6297.972
0,6712.033
0,7065.896
0,7452.253
0,7893.257
0,8358.704
0,8812.032
0,9215.656
0,9498.674
0,9751.89
0,9967.312
0,10151.669
0,10110.493
0,9567.028
0,9326.051
0,8698.811
0,8061.739
0,7436.689
0,6896.084
0,6477.343
0,6167.256
0,5971.08
0,5891.709
0,5967.323
0,6131.589
0,6420.402
0,6586.688
0,6716.449
0,6837.857
0,7312.688
0,7843.695
0,8421.697
0,8902.033
0,9336.169
0,9374.485
0,9156.809
0,9148.561
0,9004.438
0,8813.077
0,8013.233
0,7330.833
0,6822.586
0,6421.75
0,6022.133
0,5763.5
0,5605.904
0,5552.501
0,5612.105
0,5741.177
0,6035.891
0,6262.188
0,6291.41
0,6283.632
0,6483.472
0,6786.892
0,7161.289
0,7464.116
0,7661.367
0,7902.027
0,7830.431
0,7717.868
0,7550.274
0,7291.778
0,7061.24
0,6595.383
0,6133.438
0,5618.772
0,5230.078
0,4929.411
0,4733.905
0,4658.396
0,4652.718
0,4752.899
0,4967.368
0,5140.165
0,5281.643
0,5442.55
0,5638.201
0,5905.175
0,6211.5
0,6556.82
0,6894.32
0,7169.543
0,7356.405
0,7413.798
0,7248.48
0,6922.939
0,6642.035
0,6253.447
0,5849.097
0,5447.878
0,5072.883
0,4818.39
0,4634.372
0,4552.877
0,4494.182
0,4458.164
0,4573.282
0,4778.615
0,5110.658
0,5485.695
0,5921.814
0,6087.853
0,6307.215
0,6462.116
0,6562.951
0,6796.732
0,6815.906
0,6680.236
0,6566.364
0,6504.021
0,6389.269
0,6139.064
0,5857.503
0,5530.224
0,5259.392
0,5057.421
0,4883.091
0,4789.067
0,4716.972
0,4636.832
0,4756.014
0,4981.822
0,5273.883
0,5686.085
0,6141.767
0,6531.538
0,6834.047
0,7017.977
0,7210.53
0,7451.768
0,7600.957
0,7572.924
0,7397.4
0,7249.292
0,7049.326
0,6695.434
0,6296.235
0,5842.886
0,5506.69
0,5275.114
0,5137.749
0,5109.267
0,5202.299
0,5362.297
0,5632.7
0,5937.576
0,6222.511
0,6543.793
0,6863.01
0,7163.673
0,7532.477
0,7474.812
0,7406.646
0,7366.252
0,7384.851
0,7287.331
0,7220.334
0,7177.765
0,6990.402
0,6632.547
0,6203.482
0,5762.199
0,5431.579
0,5226.766
0,5092.956
0,5095.012
0,5216.343
0,5422.39
0,5659.194
0,5898.866
0,6027.394
0,6134.802
0,6292.117
0,6484.13
0,6848.368
0,7103.962
0,7168.503
0,7444.199
0,7670.775
0,7644.376
0,7487.084
0,7347.199
0,7107.017
0,6681.918
0,6239.455
0,5884.361
0,5552.36
0,5364.711
0,5270.387
0,5273.191
0,5401.73
0,5564.053
0,5899.743
0,6138.199
0,6238.356
0,6402.137
0,6624.258
0,6802.484
0,6924.593
0,6940.817
0,7178.775
0,7445.674
0,7459.198
0,7428.192
0,7331.696
0,7240.477
0,7077.855
0,6705.939
0,6282.216
0,5929.056
0,5610.576
0,5382.482
0,5262.283
0,5244.714
0,5364.634
0,5553.139
0,5838.868
0,6100.314
0,6272.321
0,6353.372
0,6473.77
0,6459.042
0,6776.409
0,7114.963
0,7283.263
0,7392.852
0,7272.412
0,7117.427
0,6983.309
0,6826.248
0,6601.496
0,6203.096
0,5701.095
0,5274.141
0,4909.836
0,4661.282
0,4498.211
0,4441.398
0,4488.365
0,4592.585
0,4791.052
0,4943.592
0,5024.521
0,5146.273
0,5317.476
0,5552.828
0,5869.528
0,6255.408
0,6645.164
0,6902.576
0,7006.685
0,6916.872
0,6800.171
0,6647.96
0,6452.738
0,6131.61
0,5745.016
0,5325.465
0,4987.764
0,4711.636
0,4528.887
0,4409.753
0,4351.319
0,4296.907
0,4391.932
0,4552.609
0,4757.246
0,5011.559
0,5475.79
0,5816.038
0,5989.224
0,6248.033
0,6471.957
0,6698.86
0,6877.449
0,6906.088
0,6701.986
0,6496.305
0,6254.371
0,5894.709
0,5513.64
0,5155.562
0,4825.846
0,4580.614
0,4429.223
0,4319.56
0,4248.226
0,4146.922
0,4174.929
0,4315.248
0,4579.005
0,4896.394
0,5318.812
0,5705.479
0,6015.851
0,6402.909
0,6735.805
0,6889.594
0,7007.102
0,6923.98
0,6772.764
0,6670.66
0,6486.532
0,6165.261
0,5791.842
0,5447.254
0,5165.317
0,4977.998
0,4880.12
0,4881.337
0,5004.789
0,5157.675
0,5431.835
0,5647.431
0,5804.805
0,6051.702
0,6352.322
0,6833.263
0,7126.363
0,7290.228
0,7642.691
0,7901.546
0,8100.511
0,8067.94
0,7895.573
0,7691.84
0,7464.449
0,6998.76
0,6456.504
0,6008.357
0,5659.7
0,5415.809
0,5281.598
0,5249.795
0,5348.331
0,5548.502
0,5849.617
0,6127.845
0,6319.601
0,6631.676
0,7018.794
0,7363.759
0,7675.982
0,7941.044
0,8215.835
0,8375.138
0,8468.671
0,8329.513
0,8060.181
0,7816.287
0,7516.533
0,7028.692
0,6611.468
0,6221.057
0,5932.436
0,5734.677
0,5629.387
0,5623.938
0,5735.4
0,5932.817
0,6214.925
0,6450.405
0,6516.825
0,6693.405
0,6960.67
0,7338.571
0,7745.578
0,7971.366
0,8244.682
0,8536.845
0,8657.51
0,8633.845
0,8557.658
0,8321.459
0,7912.608
0,7283.335
0,6788.553
0,6291.999
0,5922.007
0,5650.084
0,5454.404
0,5385.95
0,5435.335
0,5591.634
0,5946.004
0,6323.914
0,6726.767
0,7143.453
0,7589.007
0,8018.482
0,8532.643
0,8908.681
0,9155.133
0,9295.582
0,9393.672
0,9405.258
0,9221.046
0,8952.423
0,8609.848
0,8085.503
0,7528.486
0,7065.006
0,6654.688
0,6337.23
0,6136.08
0,6032.451
0,6061.486
0,6186.91
0,6510.281
0,6980.353
0,7457.058
0,7996.987
0,8437.76
0,8731.702
0,8868.003
0,9117.048
0,9273.657
0,9247.462
0,9065.592
0,8317.352
0,7839.484
0,7695.171
0,7459.16
0,7065.584
0,6667.863
0,6326.658
0,5985.737
0,5752.989
0,5585.547
0,5489.193
0,5477.574
0,5430.928
0,5570.695
0,5885.528
0,6247.16
0,6668.48
0,7155.826
0,7512.134
0,7818.297
0,8133.026
0,8327.05
0,8292.71
0,8123.538
0,7887.349
0,7415.67
0,7122.849
0,6867.45
0,6549.186
0,6205.51
0,5886.875
0,5599.031
0,5371.966
0,5199.484
0,5100.145
0,5070.966
0,5013.731
0,5077.817
0,5280.07
0,5487.71
0,5731.224
0,5969.223
0,6091.171
0,6245.428
0,6581.18
0,6799.171
0,6789.352
0,6466.615
0,6481.38
0,6453.019
0,6493.168
0,6372.677
0,6130.892
0,5788.25
0,5505.723
0,5239.104
0,5067.226
0,4967.11
0,4962.074
0,5083.439
0,5246.003
0,5565.132
0,5870.625
0,6177.569
0,6518.596
0,6880.054
0,7376.379
0,7733.725
0,8130.056
0,8453.432
0,8650.68
0,8782.213
0,8684.945
0,8485.235
0,8308.298
0,7970.834
0,7483.297
0,6975.705
0,6571.665
0,6179.203
0,5916.119
0,5753.272
0,5707.829
0,5821.506
0,5994.232
0,6298.782
0,6631.599
0,6963.74
0,7347.025
0,7743.348
0,8169.309
0,8579.163
0,8838.718
0,8841.179
0,8750.575
0,8396.464
0,7920.691
0,7579.861
0,7313.728
0,6977.174
0,6586.254
0,6193.357
0,5812.173
0,5509.327
0,5321.569
0,5208.277
0,5195.761
0,5327.481
0,5522.424
0,5721.457
0,5831.348
0,5916.825
0,5907.38
0,5938.425
0,5969.739
0,5927.795
0,5869.658
0,5751.83
0,5682.715
0,5659.559
0,5631.331
0,5555.037
0,5555.027
0,5429.753
0,5199.916
0,4898.83
0,4660.778
0,4472.481
0,4351.518
0,4293.409
0,4317.854
0,4468.947
0,4689.49
0,4949.221
0,5176.337
0,5319.712
0,5406.264
0,5475.109
0,5522.077
0,5612.61
0,5640.725
0,5626.161
0,5644.957
0,5657.984
0,5632.327
0,5636.398
0,5665.968
0,5565.868
0,5353.581
0,5136.959
0,4937.645
0,4789.421
0,4754.184
0,4783.359
0,4900.999
0,5137.558
0,5389.153
0,5777.663
0,6093.274
0,6319.775
0,6574.747
0,6880.673
0,7140.776
0,7345.926
0,7357.585
0,7321.802
0,7414.997
0,7314.316
0,7008.565
0,6847.954
0,6782.079
0,6607.769
0,6395.152
0,6049.035
0,5754.724
0,5530.345
0,5310.446
0,5123.158
0,4978.079
0,4909.349
0,4817.151
0,4925.173
0,5055.702
0,5266.354
0,5467.152
0,5718.762
0,5953.811
0,6179.501
0,6510.403
0,6724.932
0,6926.495
0,7111.772
0,7107.59
0,6867.537
0,6678.202
0,6394.639
0,6077.491
0,5643.552
0,5242.475
0,4929.991
0,4699.379
0,4560.864
0,4473.679
0,4431.689
0,4297.483
0,4298.897
0,4410.603
0,4646.598
0,4963.99
0,5274.003
0,5393.981
0,5159.428
0,5282.62
0,5638.045
0,6008.203
0,6345.777
0,6385.384
0,6216.785
0,6111.768
0,5950.217
0,5554.067
0,5171.293
0,4788.306
0,4512.89
0,4314.199
0,4214.813
0,4209.704
0,4314.548
0,4461.227
0,4714.376
0,4888.839
0,4996.554
0,5119.805
0,5342.286
0,5625.842
0,6021.437
0,6333.869
0,6451.76
0,6347.058
0,6533.506
0,6573.443
0,6403.255
0,6226.909
0,5986.142
0,5569.625
0,5123.76
0,4755.969
0,4499.872
0,4320.251
0,4196.785
0,4189.702
0,4298.373
0,4423.138
0,4649.666
0,4781.611
0,4845.757
0,4933.122
0,5172.249
0,5462.912
0,5697.449
0,5910.381
0,6193.401
0,6486.307
0,6734.519
0,6802.558
0,6651.481
0,6437.09
0,6170.82
0,5821.47
0,5359.807
0,4982.243
0,4712.358
0,4511.594
0,4390.988
0,4361.544
0,4462.647
0,4599.618
0,4820.212
0,4991.109
0,5141.405
0,5332.621
0,5612.824
0,6014.076
0,6367.787
0,6628.336
0,6879.962
0,7200.607
0,7388.447
0,7321.644
0,7081.297
0,6877.008
0,6522.072
0,6135.856
0,5605.157
0,5201.87
0,4887.069
0,4658.985
0,4508.917
0,4449.369
0,4556.115
0,4694.6
0,4917.33
0,5096.026
0,5271.549
0,5518.797
0,5878.436
0,6219.211
0,6618.257
0,7007.448
0,7277.212
0,7513.204
0,7606.508
0,7511.492
0,7282.037
0,7071.82
0,6722.419
0,6335.645
0,5893.765
0,5449.045
0,5126.305
0,4875.46
0,4731.195
0,4686.92
0,4774.796
0,4883.45
0,5075.067
0,5309.719
0,5533.451
0,5831.738
0,6153.284
0,6544.891
0,6940.407
0,7269.543
0,7558.983
0,7771.102
0,7799.28
0,7628.864
0,7321.189
0,7104.362
0,6753.62
0,6364.489
0,5963.414
0,5587.188
0,5269.376
0,5068.552
0,4906.174
0,4824.853
0,4839.338
0,4841.449
0,4904.324
0,5063.566
0,5298.418
0,5645.405
0,5818.6
0,5994.575
0,6010.119
0,6053.993
0,5935.721
0,5845.412
0,5682.75
0,5546.99
0,5543.874
0,5579.401
0,5507.727
0,5366.917
0,5189.3
0,5020.308
0,4843.059
0,4715.304
0,4619.708
0,4558.508
0,4565.213
0,4619.574
0,4613.931
0,4731.086
0,4936.658
0,5116.43
0,5315.203
0,5714.756
0,6130.135
0,6521.163
0,6794.139
0,7094.37
0,7071.535
0,6832.593
0,6555.596
0,6306.43
0,6091.723
0,5805.84
0,5466.663
0,5135.265
0,4887.83
0,4720.011
0,4605.421
0,4611.181
0,4788.589
0,4962.444
0,5230.211
0,5453.17
0,5599.086
0,5860.636
0,6224.627
0,6476.516
0,6797.615
0,7100.007
0,7318.904
0,7523.161
0,7450.177
0,7223.054
0,6964.612
0,6756.101
0,6368.377
0,5932.863
0,5451.633
0,5041.112
0,4702.836
0,4461.011
0,4295.865
0,4258.157
0,4332.532
0,4448.52
0,4532.898
0,4525.332
0,4476.636
0,4452.631
0,4463.25
0,4522.433
0,4648.154
0,4831.203
0,4979.769
0,5201.817
0,5336.224
0,5367.178
0,5295.941
0,5246.475
0,5036.253
0,4759.539
0,4437.757
0,4157.529
0,3967.969
0,3830.992
0,3762.101
0,3761.503
0,3896.662
0,4044.532
0,4189.056
0,4171.279
0,4117.013
0,4099.405
0,4147.409
0,4297.601
0,4515.655
0,4611.968
0,4886.512
0,4984.226
0,5179.539
0,5264.094
0,5223.083
0,5195.736
0,4997.629
0,4720.895
0,4405.559
0,4132.57
0,3940.239
0,3804.639
0,3735.273
0,3759.325
0,3877.649
0,4043.397
0,4201.189
0,4249.525
0,4239.084
0,4242.692
0,4299.232
0,4528.218
0,4891.727
0,5187.13
0,5268.352
0,5324.805
0,5482.882
0,5550.537
0,5492.525
0,5425.134
0,5192.46
0,4922.416
0,4592.22
0,4326.57
0,4102.883
0,3955.997
0,3869.12
0,3875.347
0,3986.042
0,4117.267
0,4273.167
0,4378.65
0,4450.727
0,4545.052
0,4651.152
0,4837.57
0,5049.585
0,5328.03
0,5669.267
0,6008.751
0,6272.784
0,6274.28
0,6084.862
0,5931.532
0,5643.456
0,5326.099
0,4959.984
0,4633.143
0,4383.73
0,4187.706
0,4052.233
0,3980.866
0,3988.28
0,3966.179
0,3997.543
0,4077.91
0,4189.837
0,4383.91
0,4575.556
0,4831.975
0,5089.619
0,5389.451
0,5713.556
0,6024.076
0,6233.526
0,6255.427
0,6075.504
0,5938.629
0,5694.605
0,5387.94
0,5069.057
0,4738.041
0,4476.557
0,4286.225
0,4140.161
0,4058.936
0,4043.274
0,3993.097
0,3950.363
0,4073.382
0,4238.364
0,4475.457
0,4763.695
0,5142.136
0,5566.447
0,5934.777
0,6255.295
0,6559.457
0,6754.274
0,6751.205
0,6634.231
0,6504.136
0,6244.29
0,5881.82
0,5501.694
0,5149.469
0,4830.329
0,4602.188
0,4475.529
0,4452.927
0,4584.457
0,4754.965
0,4944.552
0,5156.23
0,5322.708
0,5586.224
0,5944.111
0,6269.729
0,6795.592
0,7208.897
0,7412.187
0,7547.206
0,7666.002
0,7572.024
0,7325.5
0,7013.018
0,6538.155
0,6109.332
0,5646.591
0,5270.745
0,4901.47
0,4681.892
0,4537.607
0,4505.402
0,4621.314
0,4772.848
0,4976.325
0,5197.262
0,5350.8
0,5600.592
0,5927.489
0,6301.745
0,6750.115
0,7140.698
0,7420.375
0,7685.714
0,7813.818
0,7744.247
0,7493.773
0,7250.369
0,6875.794
0,6407.127
0,5932.446
0,5508.41
0,5214.017
0,5022.625
0,4906.954
0,4896.062
0,5039.354
0,5245.692
0,5506.281
0,5808.801
0,6031.87
0,6278.687
0,6861.481
0,7372.654
0,7659.621
0,8110.068
0,8593.527
0,8962.924
0,9115.308
0,9026.349
0,8850.138
0,8562.119
0,7973.281
0,7428.807
0,6908.697
0,6463.624
0,6072.029
0,5792.475
0,5592.34
0,5514.758
0,5594.779
0,5679.879
0,5771.646
0,5856.491
0,5902.936
0,5872.56
0,6008.704
0,6144.828
0,6367.55
0,6636.029
0,6839.167
0,6858.037
0,6689.112
0,6476.325
0,6367.2
0,6228.654
0,6002.338
0,5715.984
0,5364.477
0,5045.538
0,4788.598
0,4601.648
0,4472.793
0,4450.199
0,4536.681
0,4713.953
0,4829.391
0,4958.058
0,5070.74
0,5182.09
0,5234.215
0,5303.057
0,5369.825
0,5407.309
0,5435.263
0,5493.583
0,5535.173
0,5469.112
0,5465.169
0,5429.754
0,5278.5
0,5077.283
0,4825.366
0,4592.825
0,4378.325
0,4254.481
0,4155.992
0,4113.369
0,4171.417
0,4234.298
0,4304.084
0,4450.606
0,4625.529
0,4785.544
0,4795.527
0,5059.368
0,5280.896
0,5409.239
0,5565.064
0,5722.451
0,5835.3
0,5754.12
0,5798.593
0,5759.256
0,5651.537
0,5411.156
0,5157.819
0,4917.679
0,4701.86
0,4565.393
0,4466.335
0,4409.553
0,4409.803
0,4445.057
0,4466.987
0,4592.257
0,4787.374
0,5034.892
0,5257.5
0,5449.171
0,5565.134
0,5658.811
0,5764.7
0,6179.488
0,6523.441
0,6619.799
0,6536.727
0,6424.549
0,6242.012
0,5917.923
0,5574.628
0,5250.327
0,4930.867
0,4639.137
0,4410.826
0,4293.037
0,4249.077
0,4208.024
0,4135.473
0,4164.864
0,4162.512
0,4147.105
0,4221.252
0,4517.964
0,4734.006
0,4971.234
0,5201.016
0,5460.742
0,5684.303
0,5670.36
0,5515.705
0,5378.354
0,5111.375
0,4789.202
0,4404.08
0,4122.541
0,3904.667
0,3750.134
0,3673.236
0,3682.226
0,3832.037
0,4051.174
0,4198.137
0,4209.712
0,4159.906
0,4114.953
0,4108.162
0,4186.007
0,4343.923
0,4556.712
0,4816.439
0,5119.831
0,5373.646
0,5413.814
0,5363.1
0,5254.671
0,5022.698
0,4681.735
0,4361.324
0,4098.286
0,3912.675
0,3787.031
0,3702.97
0,3719.898
0,3861.484
0,4087.267
0,4237.399
0,4247.812
0,4253.415
0,4260.343
0,4325.36
0,4418.04
0,4616.471
0,4873.754
0,5140.522
0,5401.664
0,5611.243
0,5597.633
0,5537.752
0,5399.736
0,5143.092
0,4817.692
0,4479.565
0,4171.447
0,3972.13
0,3833.747
0,3758.445
0,3761.03
0,3916.873
0,4175.45
0,4339.346
0,4339.855
0,4364.206
0,4380.13
0,4427.805
0,4530.607
0,4751.366
0,5002.659
0,5280.899
0,5586.446
0,5820.713
0,5814.609
0,5703.64
0,5576.246
0,5300.983
0,5011.66
0,4629.675
0,4319.443
0,4117.183
0,3978.913
0,3895.073
0,3912.24
0,4058.341
0,4343.598
0,4539.98
0,4688.286
0,4806.088
0,4807.536
0,4872.17
0,5069.566
0,5329.021
0,5290.647
0,5482.424
0,5693.642
0,5785.527
0,5760.147
0,5769.129
0,5680.43
0,5480.46
0,5269.589
0,4955.139
0,4656.539
0,4427.51
0,4250.289
0,4170.613
0,4124.693
0,4170.032
0,4236.077
0,4326.899
0,4462.499
0,4595.215
0,4750.536
0,4861.214
0,4917.986
0,5094.379
0,5461.112
0,5219.916
0,4845.916
0,4765.052
0,4750.209
0,4782.594
0,4745.035
0,4601.462
0,4405.249
0,4176.866
0,3966.658
0,3787.864
0,3638.465
0,3554.531
0,3496.807
0,3493.059
0,3468.08
0,3441.847
0,3338.069
0,3216.573
0,3143.786
0,3132.39
0,3218.98
0,3339.553
0,3505.747
0,3740.111
0,4013.275
0,4331.69
0,4519.509
0,4608.577
0,4618.229
0,4444.595
0,4235.387
0,3945.372
0,3735.669
0,3590.744
0,3496.279
0,3448.999
0,3491.313
0,3684.955
0,3949.804
0,4112.003
0,4080.925
0,4046.287
0,4025.119
0,4029.471
0,4096.214
0,4275.262
0,4400.096
0,4630.11
0,4967.588
0,5195.462
0,5237.399
0,5287.422
0,5182.308
0,4939.516
0,4659.648
0,4317.224
0,4072.232
0,3909.965
0,3790.665
0,3709.885
0,3724.048
0,3872.649
0,4130.175
0,4307.598
0,4296.872
0,4280.972
0,4308.612
0,4362.771
0,4448.606
0,4659.281
0,4923.716
0,5246.059
0,5598.01
0,5868.642
0,5885.49
0,5807.595
0,5644.547
0,5318.565
0,5027.654
0,4610.65
0,4283.789
0,4028.67
0,3865.778
0,3785.853
0,3776.939
0,3920.151
0,4158.01
0,4306.718
0,4303.839
0,4273.946
0,4287.854
0,4341.467
0,4478.103
0,4710.689
0,4988.262
0,5355.873
0,5702.145
0,5934.042
0,5849.577
0,5772.451
0,5581.15
0,5297.473
0,4957.861
0,4585.084
0,4285.945
0,4068.235
0,3932.225
0,3845.725
0,3862.94
0,4015.322
0,4298.847
0,4514.863
0,4570.724
0,4586.746
0,4562.78
0,4588.512
0,4747.591
0,4998.801
0,5291.249
0,5668.185
0,5999.232
0,6119.578
0,6011.344
0,5905.689
0,5705.322
0,5441.39
0,5103.019
0,4702.879
0,4392.017
0,4158.774
0,4002.174
0,3904.382
0,3910.09
0,4034.314
0,4292.965
0,4468.553
0,4548.98
0,4592.441
0,4661.89
0,4769.3
0,4963.155
0,5267.827
0,5582.704
0,5927.109
0,6244.042
0,6370.118
0,6228.023
0,6079.364
0,5838.515
0,5555.437
0,5212.852
0,4865.425
0,4561.261
0,4307.697
0,4117.588
0,3989.462
0,3917.063
0,3930.136
0,3963.007
0,3999.679
0,4113.606
0,4215.746
0,4380.074
0,4609.462
0,4908.766
0,5276.754
0,5616.533
0,5901.005
0,6131.497
0,6283.468
0,6179.924
0,6032.767
0,5828.431
0,5541.731
0,5248.964
0,4892.348
0,4623.243
0,4379.69
0,4180.392
0,4054.88
0,3964.534
0,3939.652
0,3935.854
0,3936.596
0,4028.037
0,4117.935
0,4206.211
0,4359.556
0,4601.373
0,4838.095
0,5080.219
0,5320.787
0,5570.899
0,5720.839
0,5671.184
0,5562.193
0,5391.088
0,5129.957
0,4796.634
0,4443.957
0,4165.909
0,3962.048
0,3827.971
0,3768.163
0,3767.031
0,3928.52
0,4211.632
0,4400.692
0,4468.638
0,4506.664
0,4570.132
0,4654.412
0,4744.571
0,4938.923
0,5120.562
0,5382.194
0,5506.291
0,5557.491
0,5549.714
0,5636.152
0,5493.362
0,5246.253
0,4927.989
0,4569.772
0,4317.597
0,4112.739
0,3997.411
0,3940.444
0,3984.126
0,4167.876
0,4457.111
0,4678.869
0,4806.25
0,4867.951
0,4954.85
0,4986.314
0,5037.396
0,5231.569
0,5446.114
0,5658.715
0,5903.521
0,5973.813
0,5892.888
0,5929.426
0,5773.553
0,5507.445
0,5181.074
0,4844.051
0,4511.687
0,4295.506
0,4161.163
0,4091.723
0,4119.358
0,4265.355
0,4619.645
0,4853.835
0,4993.474
0,5109.209
0,5136.051
0,5098.832
0,5158.725
0,5193.903
0,5296.841
0,5447.498
0,5584.123
0,5638.523
0,5632.285
0,5728.914
0,5625.173
0,5423.236
0,5141.999
0,4791.143
0,4489.012
0,4286.872
0,4142.344
0,4038.159
0,4039.26
0,4183.226
0,4518.979
0,4706.708
0,4762.844
0,4755.747
0,4802.879
0,4930.764
0,5177.692
0,5452.972
0,5794.366
0,6125.853
0,6427.591
0,6621.645
0,6576.898
0,6484.943
0,6264.153
0,5971.406
0,5594.433
0,5132.724
0,4772.96
0,4502.555
0,4309.477
0,4188.638
0,4174.889
0,4297.234
0,4583.352
0,4763.74
0,4861.719
0,4969.821
0,5030.43
0,5127.64
0,5372.69
0,5676.232
0,5920.761
0,6141.914
0,6345.619
0,6394.051
0,6231.829
0,6092.379
0,5839.756
0,5550.759
0,5228.527
0,4891.241
0,4567.798
0,4309.721
0,4121.451
0,3998.886
0,3945.264
0,3966.027
0,3994.413
0,3992.586
0,4106.495
0,4138.63
0,4193.255
0,4299.618
0,4420.336
0,4679.811
0,4920.137
0,5244.284
0,5491.17
0,5594.129
0,5523.082
0,5456.115
0,5268.812
0,5039.859
0,4791.449
0,4493.782
0,4224.505
0,4007.412
0,3855.702
0,3748.075
0,3694.445
0,3703.168
0,3752.272
0,3730.584
0,3752.479
0,3729.083
0,3719.637
0,3775.493
0,3913.393
0,4114.809
0,4386.919
0,4667.617
0,4979.473
0,5234.71
0,5253.649
0,5273.577
0,5150.2
0,4931.121
0,4654.209
0,4317.921
0,4046.218
0,3861.662
0,3741.544
0,3698.575
0,3738.969
0,3911.364
0,4203.535
0,4418.546
0,4486.755
0,4525.856
0,4524.444
0,4640.352
0,4646.987
0,4659.879
0,4746.885
0,4791.311
0,4824.444
0,4864.766
0,4927.913
0,5007.816
0,4884.264
0,4694.928
0,4445.084
0,4173.329
0,3957.801
0,3811.652
0,3700.224
0,3649.94
0,3687.135
0,3854.075
0,4171.769
0,4379.174
0,4457.154
0,4421.29
0,4387.164
0,4450.56
0,4509.729
0,4578.59
0,4450.092
0,4473.133
0,4681.957
0,4831.44
0,4912.737
0,5007.441
0,4887.206
0,4697.554
0,4448.017
0,4148.339
0,3946.985
0,3805.204
0,3692.518
0,3661.246
0,3709.585
0,3869.703
0,4243.946
0,4483.24
0,4631.162
0,4735.408
0,4782.423
0,4820.255
0,4903.709
0,4921.785
0,4920.938
0,4930.935
0,4927.4
0,4937.256
0,4981.253
0,5056.785
0,4931.51
0,4754.46
0,4523.767
0,4252.9
0,4032.898
0,3889.658
0,3785.412
0,3754.121
0,3811.489
0,3962.877
0,4376.185
0,4661.373
0,4856.141
0,5038.247
0,5130.894
0,5178.53
0,5216.879
0,5339.653
0,5374.949
0,5445.753
0,5567.016
0,5710.471
0,5814.037
0,5872.589
0,5759.149
0,5601.854
0,5275.236
0,4932.106
0,4674.126
0,4475.61
0,4325.089
0,4200.79
0,4181.693
0,4292.268
0,4633.707
0,4844.109
0,4984.337
0,5069.672
0,5049.138
0,5033.61
0,5115.031
0,5145.714
0,5173.162
0,5250.959
0,5246.485
0,5236.356
0,5242.878
0,5273.996
0,5173.942
0,5007.302
0,4803.739
0,4547.18
0,4312.566
0,4117.825
0,3977.836
0,3894.314
0,3868.523
0,3916.774
0,4024.635
0,4112.038
0,4268.949
0,4377.524
0,4469.416
0,4541.096
0,4551.447
0,4548.007
0,4561.868
0,4543.506
0,4550.301
0,4603.433
0,4669.979
0,4701.783
0,4613.899
0,4510.998
0,4322.818
0,4133.256
0,3933.837
0,3748.17
0,3661.54
0,3584.357
0,3561.665
0,3589.749
0,3652.88
0,3686.249
0,3800.36
0,3930.53
0,4027.907
0,4127.694
0,4206.477
0,4272.413
0,4288.943
0,4309.919
0,4375.918
0,4440.966
0,4577.351
0,4647.114
0,4566.858
0,4426.306
0,4233.149
0,4016.271
0,3816.673
0,3678.481
0,3582.512
0,3561.554
0,3596.159
0,3782.842
0,4109.395
0,4371.466
0,4419.35
0,4451.031
0,4346.125
0,4352.826
0,4354.032
0,4455.655
0,4632.092
0,4814.588
0,4978.904
0,5057.408
0,5112.657
0,5168.566
0,5006.964
0,4794.694
0,4525.963
0,4208.534
0,3977.474
0,3797.993
0,3694.187
0,3634.371
0,3675.69
0,3842.164
0,4182.426
0,4423.934
0,4516.061
0,4495.226
0,4439.591
0,4541.842
0,4593.191
0,4535.795
0,4536.237
0,4570.492
0,4737.821
0,4893.707
0,4972.871
0,5066.469
0,4926.954
0,4713.285
0,4452.649
0,4174.866
0,3929.78
0,3747.769
0,3645.392
0,3598.408
0,3628.501
0,3799.261
0,4107.882
0,4294.725
0,4333.337
0,4302.828
0,4345.027
0,4310.5
0,4295.547
0,4267.47
0,4528.152
0,4752.321
0,4765.518
0,4845.339
0,4951.8
0,4993.515
0,4865.406
0,4684.858
0,4440.763
0,4163.122
0,3953.629
0,3773
0,3683.869
0,3637.406
0,3677.472
0,3827.167
0,4135.608
0,4316.523
0,4447.667
0,4495.951
0,4408.104
0,4366.765
0,4467.204
0,4526.966
0,4560.377
0,4726.961
0,4967.554
0,5146.213
0,5163.308
0,5173.736
0,4989.573
0,4762.09
0,4490.155
0,4200.774
0,3964.747
0,3772.05
0,3642.041
0,3568.657
0,3582.091
0,3736.767
0,3995.624
0,4166.416
0,4218.409
0,4316.809
0,4291.687
0,4474.177
0,4587.817
0,4787.48
0,4785.839
0,5018.155
0,5121.388
0,5109.333
0,5127.807
0,5132.562
0,4990.874
0,4804.424
0,4589.411
0,4325.991
0,4084.36
0,3894.662
0,3736.545
0,3647.005
0,3614.092
0,3636.813
0,3728.965
0,3752.606
0,3788.808
0,3719.982
0,3773.338
0,3837.966
0,3903.07
0,4044.782
0,4254.712
0,4443.666
0,4692.584
0,4869.818
0,4878.586
0,4861.578
0,4722.916
0,4567.278
0,4349.889
0,4121.678
0,3903.335
0,3718.282
0,3602.921
0,3518.318
0,3477.703
0,3493.054
0,3549.397
0,3520.971
0,3460.774
0,3374.388
0,3339.359
0,3359.42
0,3430.914
0,3589.376
0,3792.146
0,4079.035
0,4436.942
0,4711.902
0,4801.963
0,4858.086
0,4768.287
0,4611.427
0,4428.163
0,4120.34
0,3946.459
0,3788.256
0,3703.486
0,3680.601
0,3739.179
0,3932.672
0,4308.661
0,4595.442
0,4722.585
0,4587.816
0,4530.647
0,4524.754
0,4623.005
0,4754.351
0,4760.446
0,4916.044
0,5168.749
0,5191.937
0,5203.71
0,5213.121
0,5029.559
0,4791.758
0,4508.167
0,4219.125
0,3940.854
0,3766.607
0,3657.433
0,3597.151
0,3630.766
0,3762.877
0,4108.729
0,4304.669
0,4244.056
0,4094.209
0,3965.651
0,3913.512
0,3907.246
0,4031.559
0,4310.174
0,4435.05
0,4661.625
0,4813.556
0,4907.605
0,4945.34
0,4780.537
0,4585.528
0,4357.605
0,4032.806
0,3847.348
0,3701.54
0,3609.366
0,3572.401
0,3600.257
0,3752.91
0,4118.387
0,4326.21
0,4277.091
0,4164.291
0,4044.225
0,3949.285
0,3943.81
0,4082.052
0,4207.256
0,4363.195
0,4587.342
0,4760.961
0,4853.621
0,4891.309
0,4753.454
0,4576.296
0,4347.377
0,4028.215
0,3835.082
0,3677.141
0,3575.37
0,3532.654
0,3578.983
0,3736.154
0,4101.61
0,4320.428
0,4244.668
0,4041.818
0,3844.775
0,3739.845
0,3687.072
0,3749.205
0,3854.837
0,4039.502
0,4330.488
0,4582.558
0,4733.079
0,4799.372
0,4693.738
0,4521.638
0,4292.874
0,4036.181
0,3829.758
0,3696.398
0,3613
0,3579.893
0,3627.181
0,3781.98
0,4147.218
0,4352.736
0,4292.004
0,4096.257
0,3925.439
0,3829.007
0,3768.434
0,3824.059
0,3959.38
0,4147.644
0,4404.684
0,4590.015
0,4698.445
0,4721.255
0,4613.659
0,4458.319
0,4267.952
0,4026.254
0,3834.251
0,3684.967
0,3573.767
0,3514.246
0,3493.345
0,3552.02
0,3658.849
0,3698.686
0,3710.272
0,3624.649
0,3517.011
0,3454.517
0,3352.222
0,3452.05
0,3618.543
0,3847.131
0,4131.686
0,4379.052
0,4490.231
0,4517.026
0,4327.323
0,4145.956
0,3971.281
0,3760.363
0,3591.586
0,3462.443
0,3366.358
0,3305.606
0,3282.064
0,3312.904
0,3396.079
0,3413.619
0,3408.754
0,3458.776
0,3345.451
0,3291.354
0,3409.824
0,3514.377
0,3699.196
0,3915.325
0,4196.26
0,4436.344
0,4591.361
0,4657.01
0,4633.89
0,4409.727
0,4215.829
0,3959.149
0,3751.008
0,3581.117
0,3476.001
0,3426.002
0,3453.334
0,3580.038
0,3894.499
0,4113.425
0,4189.978
0,4163.655
0,4044.258
0,3936.861
0,3875.976
0,3922.281
0,4199.354
0,4464.038
0,4371.263
0,4570.734
0,4765.378
0,4695.965
0,4570.987
0,4401.476
0,4177.552
0,3916.425
0,3720.296
0,3580.018
0,3495.626
0,3463.766
0,3529.286
0,3725.368
0,4089.283
0,4315.346
0,4265.235
0,4183.599
0,3842.405
0,3708.053
0,3702.063
0,3891.081
0,4050.555
0,4165.629
0,4310.415
0,4506.789
0,4742.533
0,4817.807
0,4641.975
0,4477.869
0,4244.425
0,3986.176
0,3783.714
0,3656.585
0,3580.711
0,3561.168
0,3626.348
0,3830.2
0,4202.625
0,4429.945
0,4345.568
0,4128.519
0,4050.433
0,4106.783
0,3977.726
0,3950.16
0,3956.333
0,4096.866
0,4362.073
0,4632.659
0,4838.828
0,4889.368
0,4797.359
0,4635.854
0,4400.973
0,4147.131
0,3940.458
0,3818.025
0,3741.829
0,3715.017
0,3782.377
0,3980.937
0,4382.14
0,4620.929
0,4515.98
0,4275.389
0,4041.449
0,3887.46
0,3789.795
0,3813.619
0,3944.09
0,4096.812
0,4410.592
0,4642.175
0,4830.661
0,4871.516
0,4778.389
0,4639.372
0,4303.909
0,4035.902
0,3841.672
0,3733.66
0,3640.784
0,3608.345
0,3676.145
0,3864.943
0,4213.054
0,4436.767
0,4358.18
0,4123.985
0,4040.77
0,3916.211
0,3843.531
0,3873.284
0,3987.5
0,4171.516
0,4444.353
0,4653.41
0,4765.402
0,4758.297
0,4623.354
0,4491.634
0,4311.385
0,3977.631
0,3785.128
0,3631.978
0,3541.768
0,3492.059
0,3487.168
0,3556.014
0,3695.556
0,3784.193
0,3728.646
0,3680.871
0,3541.61
0,3445.297
0,3404.031
0,3425.676
0,3554.466
0,3765.482
0,4066.829
0,4296.93
0,4436.055
0,4426.547
0,4251.186
0,4145.281
0,3983.038
0,3809.065
0,3655.489
0,3524.406
0,3427.863
0,3384.213
0,3371.268
0,3410.128
0,3516.553
0,3542.864
0,3479.672
0,3357.436
0,3327.37
0,3279.906
0,3229.699
0,3271.446
0,3417.056
0,3664.477
0,4002.334
0,4263.94
0,4461.652
0,4520.302
0,4343.559
0,4212.106
0,3992.205
0,3763.077
0,3565.591
0,3448.501
0,3373.211
0,3352.376
0,3429.295
0,3631.502
0,4010.331
0,4267.329
0,4236.06
0,4106.826
0,4015.906
0,4064.849
0,4134.539
0,4210.296
0,4326.797
0,4587.022
0,4880.648
0,5059.176
0,5098.229
0,5047.879
0,4969.115
0,4651.185
0,4386.071
0,4081.398
0,3848.209
0,3674.952
0,3563.782
0,3514.728
0,3542.287
0,3703.077
0,4077.282
0,4287.064
0,4394.875
0,4359.39
0,4333.386
0,4396.397
0,4457.673
0,4590.321
0,4803.786
0,5082.877
0,5378.819
0,5419.36
0,5384.187
0,5378.097
0,5213.1
0,4889.876
0,4546.439
0,4212.466
0,3939.953
0,3745.485
0,3627.346
0,3554.488
0,3575.613
0,3732.077
0,4084.581
0,4297.505
0,4277.469
0,4303.665
0,4251.524
0,4232.057
0,4285.811
0,4389.973
0,4591.925
0,4861.515
0,5116.884
0,5262.401
0,5303.245
0,5234.85
0,4950.267
0,4741.769
0,4471.441
0,4172.984
0,3934.103
0,3769.419
0,3640.813
0,3587.601
0,3631.773
0,3814.339
0,4157.464
0,4387.702
0,4352.162
0,4318.253
0,4173.418
0,4035.736
0,4024.539
0,4096.351
0,4235.821
0,4435.478
0,4647.346
0,4734.504
0,4804.099
0,4772.626
0,4633.335
0,4533.077
0,4200.339
0,3923.83
0,3731.148
0,3594.213
0,3497.939
0,3456.876
0,3504.294
0,3698.229
0,4063.437
0,4345.6
0,4388.49
0,4202.102
0,4005.159
0,3878.669
0,3811.144
0,3837.214
0,3975.843
0,4074.954
0,4451.562
0,4543.833
0,4659.253
0,4715.382
0,4623.331
0,4488.71
0,4305.252
0,4093.829
0,3887.869
0,3744.692
0,3643.543
0,3578.764
0,3578.476
0,3632.882
0,3773.064
0,3827.698
0,3839.939
0,3721.929
0,3561.008
0,3447.274
0,3451.439
0,3456.068
0,3562.095
0,3716.776
0,3981.144
0,4201.599
0,4405.623
0,4411.788
0,4341.36
0,4244.44
0,4105.297
0,3930.738
0,3813.779
0,3670.974
0,3581.626
0,3536.401
0,3526.691
0,3584.406
0,3668.716
0,3732.284
0,3691.069
0,3531.728
0,3394.32
0,3298.673
0,3250.073
0,3268.996
0,3386.065
0,3599.725
0,3942.11
0,4217.323
0,4487.741
0,4484.49
0,4376.886
0,4258.911
0,4080.446
0,3869.832
0,3723.718
0,3597.61
0,3559.457
0,3543.69
0,3631.995
0,3842.676
0,4255.675
0,4539.387
0,4489.72
0,4330.317
0,4129.55
0,3952.333
0,3880.388
0,3917.936
0,3989.352
0,4152.627
0,4431.059
0,4651.171
0,4847.829
0,4822.594
0,4706.511
0,4552.829
0,4340.448
0,4043.564
0,3854.181
0,3709.731
0,3633.981
0,3593.264
0,3665.041
0,3878.632
0,4273.698
0,4543.197
0,4490.172
0,4335.232
0,4180.028
0,4075.308
0,4156.558
0,4112.541
0,4155.872
0,4305.146
0,4516.111
0,4707.501
0,4895.712
0,4860.345
0,4730.154
0,4547.491
0,4322.728
0,4054.575
0,3854.908
0,3695.98
0,3590.495
0,3551.06
0,3592.895
0,3768.354
0,4142.72
0,4404.532
0,4383.363
0,4249.886
0,4110.315
0,4065.364
0,4084.258
0,4223.655
0,4455.015
0,4777.019
0,4904.653
0,5018.76
0,5115.278
0,5050.768
0,4905.055
0,4717.811
0,4466.752
0,4189.226
0,3934.045
0,3770.664
0,3641.194
0,3570.848
0,3604.516
0,3775.682
0,4104.92
0,4399.05
0,4398.157
0,4320.389
0,4275.088
0,4279.077
0,4383.651
0,4564.874
0,4802.27
0,5117.348
0,5321.967
0,5335.008
0,5348.665
0,5261.388
0,5133.979
0,4968.196
0,4743.361
0,4481.727
0,4246.54
0,4055.873
0,3917.316
0,3838.919
0,3849.077
0,3984.536
0,4283.895
0,4559.617
0,4702.433
0,4794.008
0,4832.675
0,4736.828
0,4429.006
0,4552.838
0,4717.683
0,4911.018
0,5090.346
0,5129.29
0,5106.505
0,4955.58
0,4750.898
0,4532.836
0,4274.071
0,4022.826
0,3793.843
0,3619.811
0,3482.594
0,3417.327
0,3390.047
0,3436.981
0,3570.008
0,3652.416
0,3691.466
0,3574.42
0,3433.62
0,3310.448
0,3249.058
0,3270.28
0,3378.814
0,3589.188
0,3890.222
0,4104.551
0,4306.627
0,4298.914
0,4231.004
0,4131.094
0,3980.083
0,3831.957
0,3679.19
0,3548.635
0,3482.353
0,3433.161
0,3412.216
0,3426.972
0,3511.947
0,3593.555
0,3595.576
0,3464.256
0,3312.541
0,3210.367
0,3178.903
0,3219.226
0,3340.31
0,3572.233
0,3869.165
0,4145.583
0,4440.308
0,4480.661
0,4448.317
0,4371.689
0,4244.501
0,4058.569
0,3868.297
0,3726.047
0,3637.19
0,3583.822
0,3583.497
0,3670.987
0,3897.044
0,4233.762
0,4396.453
0,4316.735
0,4235.688
0,4147.646
0,4005.939
0,4064.965
0,4150.319
0,4311.041
0,4539.809
0,4777.264
0,4972.345
0,4898.729
0,4858.8
0,4678.148
0,4491.202
0,4232.788
0,3992.303
0,3812.186
0,3674.46
0,3593.798
0,3577.547
0,3633.752
0,3839.956
0,4134.999
0,4273.433
0,4295.244
0,4168.435
0,4018.542
0,3998.4
0,4081.051
0,4244.681
0,4503.928
0,4780.561
0,4932.489
0,5107.799
0,5052.243
0,4923.755
0,4779.178
0,4572.695
0,4406.305
0,4114.518
0,3915.872
0,3770.122
0,3661.08
0,3601.498
0,3639.898
0,3819.551
0,4121.909
0,4281.887
0,4275.11
0,4261.782
0,4309.501
0,4409.207
0,4590.053
0,4861.578
0,5137.09
0,5370.174
0,5441.093
0,5571.141
0,5482.086
0,5358.946
0,5177.191
0,4992.011
0,4730.115
0,4457.96
0,4199.003
0,4014.787
0,3869.258
0,3791.02
0,3798.017
0,3956.924
0,4169.887
0,4349.145
0,4418.716
0,4443.713
0,4337.506
0,4388.235
0,4515.356
0,4639.891
0,4849.447
0,5031.193
0,5051.916
0,5123.922
0,4987.101
0,4806.938
0,4639.64
0,4438.466
0,4282.677
0,3949.529
0,3760.291
0,3620.03
0,3528.181
0,3469.029
0,3487.624
0,3613.339
0,3886.223
0,4048.305
0,4023.003
0,3816.776
0,3817.979
0,3812.712
0,3890.841
0,4044.865
0,4267.131
0,4493.335
0,4644.111
0,4782.04
0,4699.696
0,4592.187
0,4473.664
0,4341.062
0,4135.399
0,3911.867
0,3763.82
0,3625.47
0,3511.005
0,3472.369
0,3465.701
0,3548.431
0,3640.959
0,3645.729
0,3537.661
0,3422.195
0,3330.555
0,3296.836
0,3312.593
0,3413.103
0,3563.501
0,3905.255
0,4181.401
0,4441.334
0,4383.348
0,4367.017
0,4316.76
0,4222.285
0,4081.694
0,4014.342
0,3778.57
0,3671.338
0,3598.024
0,3570.107
0,3552.53
0,3612.932
0,3627.319
0,3625.279
0,3599.703
0,3622.81
0,3729.266
0,3789.369
0,3836.708
0,3940.538
0,3989.638
0,4129.416
0,4327.906
0,4524.777
0,4497.022
0,4434.648
0,4346.469
0,4234.742
0,4077.168
0,3790.36
0,3636.321
0,3526.743
0,3458.121
0,3435.642
0,3496.736
0,3670.214
0,3985.381
0,4255.496
0,4282.713
0,4145.991
0,4051.476
0,3996.327
0,4036.96
0,4145.227
0,4332.58
0,4566.303
0,4739.059
0,4906.011
0,4838.133
0,4725.506
0,4564.915
0,4411.355
0,4242.557
0,3892.008
0,3709.946
0,3586.609
0,3515.232
0,3486.847
0,3557.732
0,3738.421
0,4053.161
0,4264.113
0,4137.791
0,3970.966
0,3877.137
0,3819.978
0,3830.025
0,3970.275
0,4184.442
0,4474.122
0,4739.579
0,5017.036
0,5004.566
0,4967.175
0,4849.725
0,4691.101
0,4531.721
0,4214.488
0,4009.548
0,3886.724
0,3835.72
0,3805.037
0,3882.99
0,4127.482
0,4456.687
0,4642.002
0,4509.544
0,4201.862
0,4082.783
0,4008.016
0,3951.84
0,4077.808
0,4288.054
0,4600.7
0,4902.991
0,5138.556
0,5126.266
0,5094.071
0,4997.121
0,4834.693
0,4678.849
0,4335.188
0,4146.995
0,4022.335
0,3947.448
0,3931.275
0,4014.426
0,4258.285
0,4590.741
0,4743.705
0,4649.249
0,4595.792
0,4545.094
0,4538.036
0,4523.818
0,4572.369
0,4710.316
0,4857.748
0,5077.502
0,5249.127
0,5186.787
0,5104.722
0,4972.315
0,4792.755
0,4551.311
0,4292.927
0,4103.523
0,3965.746
0,3866.182
0,3833.476
0,3888.433
0,4095.704
0,4442.363
0,4585.908
0,4588.092
0,4438.582
0,4190.129
0,4041.493
0,4029.939
0,4091.296
0,4257.644
0,4512.337
0,4735.475
0,4906.803
0,4866.434
0,4768.284
0,4671.066
0,4532.803
0,4361.391
0,4137.672
0,4011.479
0,3843.634
0,3742.269
0,3686.148
0,3695.659
0,3764.104
0,3859.894
0,3868.113
0,3757.54
0,3627.371
0,3509.212
0,3446.896
0,3449.543
0,3552.081
0,3756.997
0,4025.178
0,4258.202
0,4492.401
0,4493.677
0,4454.325
0,4386.227
0,4284.975
0,4131.119
0,3960.25
0,3815.962
0,3694.072
0,3612.249
0,3571.88
0,3581.158
0,3646.708
0,3703.515
0,3689.53
0,3547.379
0,3388.014
0,3315.344
0,3354.265
0,3483.381
0,3604.405
0,3856.638
0,4021.812
0,4292.994
0,4545.772
0,4548.687
0,4512.665
0,4432.033
0,4306.237
0,4116.266
0,3911.078
0,3747.739
0,3622.839
0,3564.759
0,3562.356
0,3641.986
0,3857.319
0,4213.557
0,4399.034
0,4265.988
0,4108.715
0,3996.616
0,3950.331
0,3979.692
0,4112.063
0,4317.171
0,4560.772
0,4758.6
0,4949.668
0,4902.292
0,4793.578
0,4675.775
0,4527.416
0,4299.41
0,4011.676
0,3825.454
0,3695.732
0,3622.595
0,3598.882
0,3682.469
0,3891.117
0,4254.724
0,4447.156
0,4326.124
0,4139.325
0,4090.999
0,4039.076
0,4109.578
0,4184.186
0,4344.845
0,4519.831
0,4757.86
0,4965.317
0,4906.942
0,4842.333
0,4703.35
0,4553.56
0,4325.497
0,4019.173
0,3822.975
0,3699.468
0,3615.469
0,3578.923
0,3626.901
0,3837.827
0,4197.851
0,4424.172
0,4499.084
0,4458.859
0,4356.916
0,4358.805
0,4420.509
0,4506.436
0,4555.432
0,4630.325
0,4821.783
0,4971.181
0,4902.801
0,4822.16
0,4686.62
0,4531.2
0,4286.176
0,4034.41
0,3844.52
0,3702.215
0,3626.018
0,3601.416
0,3652.141
0,3859.151
0,4214.488
0,4471.437
0,4592.077
0,4678.845
0,4724.756
0,4708.932
0,4751.212
0,4789.725
0,4804.287
0,4906.097
0,5086.312
0,5194.457
0,5150.754
0,5087.662
0,4981.174
0,4826.416
0,4644.369
0,4344.05
0,4147.977
0,4026.857
0,3956.381
0,3911.945
0,3979.991
0,4146.767
0,4537.551
0,4724.87
0,4883.939
0,4886.413
0,4985.701
0,5080.596
0,5117.261
0,5129.499
0,5127.76
0,5167.835
0,5336.18
0,5422.891
0,5320.939
0,5210.333
0,5079.529
0,4933.465
0,4744.553
0,4556.569
0,4274.647
0,4103.004
0,4001.39
0,3938.424
0,3936.951
0,4008.197
0,4127.897
0,4168.272
0,4134.114
0,3988.618
0,3867.046
0,3969.173
0,4014.828
0,3911.843
0,4072.805
0,4300.552
0,4606.606
0,4824.962
0,4800.179
0,4740.724
0,4663.026
0,4547.487
0,4384.21
0,4186.548
0,4015.946
0,3881.436
0,3786.203
0,3729.375
0,3720.46
0,3770.895
0,3859.419
0,3907.121
0,3864.509
0,3802.91
0,3753.233
0,3721.464
0,3730.463
0,3855.009
0,4033.959
0,4254.587
0,4527.064
0,4768.866
0,4763.978
0,4731.66
0,4653.572
0,4521.549
0,4326.723
0,4118.737
0,3953.026
0,3830.647
0,3780.799
0,3780.975
0,3871.557
0,4096.335
0,4480.493
0,4663.198
0,4539.418
0,4321.952
0,4180.603
0,4081.231
0,4078.288
0,4188.308
0,4390.889
0,4621.238
0,4915.541
0,5129.907
0,5084.424
0,5008.644
0,4908.906
0,4730.778
0,4474.273
0,4200.134
0,3988.623
0,3855.296
0,3763.796
0,3734.558
0,3797.236
0,3988.779
0,4345.2
0,4604.571
0,4748.834
0,4800.617
0,4744.858
0,4597.308
0,4355.099
0,4326.288
0,4397.25
0,4620.662
0,4861.476
0,5066.321
0,5022.866
0,4965.511
0,4892.128
0,4746.625
0,4529.383
0,4293.666
0,4094.277
0,3962.655
0,3891.312
0,3866.168
0,3941.188
0,4158.67
0,4498.401
0,4662.586
0,4549.317
0,4324.781
0,4189.268
0,4171.599
0,4197.07
0,4322.19
0,4502.339
0,4665.396
0,4926.006
0,5105.685
0,5052.567
0,4986.391
0,4873.516
0,4730.286
0,4508.586
0,4274.018
0,4071.852
0,3915.348
0,3798.276
0,3735.827
0,3748.821
0,3828.575
0,3951.381
0,4058.315
0,4204.244
0,4401.68
0,4544.943
0,4619.149
0,4600.728
0,4542.831
0,4443.531
0,4424.465
0,4504.316
0,4558.46
0,4447.195
0,4386.804
0,4360.809
0,4331.187
0,4248.161
0,4125.067
0,4007.381
0,3899.88
0,3832.85
0,3819.711
0,3861.469
0,3989.207
0,4176.368
0,4237.931
0,4191.11
0,4009.535
0,3801.757
0,3892.135
0,4373.09
0,4532.332
0,4578.077
0,4693.791
0,4920.812
0,5044.873
0,5018.188
0,4976.92
0,4919.475
0,4828.589
0,4662.262
0,4490.998
0,4323.782
0,4190.107
0,4093.883
0,4057.436
0,4071.536
0,4152.285
0,4275.414
0,4314.181
0,4207.526
0,4043.885
0,3899.655
0,3830.485
0,3831.395
0,3950.13
0,4245.36
0,4533.003
0,4854.476
0,5099.894
0,5123.932
0,5110.586
0,5078.033
0,4988.835
0,4842.462
0,4634.776
0,4468.076
0,4342.307
0,4254
0,4209.084
0,4214.243
0,4270.04
0,4374.93
0,4406.427
0,4471.715
0,4503.668
0,4447.19
0,4390.723
0,4293.966
0,4303.975
0,4519.888
0,4715.377
0,5061.83
0,5328.339
0,5371.11
0,5357.843
0,5297.581
0,5176.361
0,5052.003
0,4692.927
0,4504.61
0,4378.294
0,4322.334
0,4317.541
0,4411.951
0,4646.05
0,5049.128
0,5280.274
0,5182.918
0,4925.742
0,4743.407
0,4607.408
0,4556.398
0,4668.796
0,4969.898
0,5283.773
0,5607.647
0,5794.403
0,5766.456
0,5718.023
0,5607.775
0,5443.06
0,5224.155
0,4876.483
0,4629.25
0,4470.005
0,4365.821
0,4332.163
0,4407.023
0,4629.317
0,5021.025
0,5274.142
0,5161.064
0,4907.411
0,4635.336
0,4535.928
0,4614.155
0,4714.195
0,4917.381
0,5156.22
0,5436.05
0,5692.602
0,5664.711
0,5651.024
0,5575.367
0,5397.01
0,5128.956
0,4909.294
0,4638.059
0,4511.888
0,4441.463
0,4431.455
0,4542.069
0,4761.99
0,5168.623
0,5401.812
0,5195.739
0,5008.519
0,4974.62
0,5048.577
0,5027.823
0,5046.015
0,5214.247
0,5378.87
0,5683.975
0,5811.937
0,5746.127
0,5674.13
0,5539.692
0,5363.902
0,5061.55
0,4794.561
0,4551.531
0,4397.686
0,4297.941
0,4254.677
0,4314.58
0,4496.926
0,4897.906
0,5164.143
0,5235.718
0,5165.219
0,5086.044
0,4897.075
0,4960.121
0,4986.477
0,5096.529
0,5314.832
0,5674.221
0,5899.806
0,5867.721
0,5821.497
0,5741.022
0,5594.22
0,5348.256
0,5137.225
0,4776.913
0,4608.497
0,4506.259
0,4482.076
0,4559.519
0,4776.304
0,5163.005
0,5376.25
0,5288.698
0,5084.861
0,4869.953
0,4734.903
0,4686.519
0,4784.063
0,4989.786
0,5296.932
0,5649.819
0,5876.354
0,5815.273
0,5748.335
0,5661.905
0,5513.213
0,5277.847
0,5071.214
0,4772.036
0,4610.43
0,4484.975
0,4417.645
0,4408.588
0,4482.116
0,4638.195
0,4737.35
0,4781.469
0,4635.065
0,4311.015
0,4189.024
0,4232.042
0,4355.14
0,4632.278
0,4810.492
0,5116.439
0,5311.729
0,5283.06
0,5249.638
0,5184.909
0,5068.097
0,4890.455
0,4670.958
0,4472.849
0,4309.535
0,4198.479
0,4137.082
0,4120.704
0,4158.271
0,4249.973
0,4292.006
0,4341.233
0,4129.906
0,3915.92
0,3837.68
0,3895.124
0,4077.552
0,4230.804
0,4394.718
0,4701.28
0,4989.319
0,5012.858
0,4992.42
0,4944.357
0,4813.721
0,4600.215
0,4364.304
0,4174.514
0,4061.701
0,4008.096
0,4001.632
0,4103.454
0,4344.703
0,4751.582
0,4983.741
0,4971.375
0,5032.891
0,5088.654
0,5168.512
0,5161.911
0,5170.779
0,5177.259
0,5206.386
0,5359.365
0,5488.253
0,5417.214
0,5331.027
0,5194.363
0,5022.958
0,4736.749
0,4438.179
0,4215.44
0,4053.666
0,3965.868
0,3927.744
0,3995.499
0,4208.026
0,4584.686
0,4857.043
0,4952.226
0,4999.826
0,5011.19
0,5024.295
0,5031.183
0,5047.922
0,5048.374
0,5142.482
0,5332.557
0,5421.348
0,5345.513
0,5270.558
0,5130.987
0,4957.991
0,4679.359
0,4391.863
0,4148.458
0,3985.607
0,3880.681
0,3831.597
0,3885.866
0,4077.131
0,4410.865
0,4693.281
0,4802.082
0,4864.861
0,4912.449
0,4992.775
0,5032.131
0,5024.904
0,5022.483
0,5051.069
0,5219.404
0,5271.159
0,5170.355
0,5081.804
0,5014.819
0,4874.919
0,4655.074
0,4411.677
0,4228.66
0,4117.863
0,4062.355
0,4063.628
0,4167.861
0,4398.32
0,4808.633
0,5056.541
0,4997.056
0,4792.824
0,4628.796
0,4492.955
0,4458.686
0,4597.54
0,4852.922
0,5157.305
0,5495.376
0,5754.422
0,5738.542
0,5710.115
0,5655.968
0,5517.008
0,5280.282
0,5005.329
0,4781.095
0,4636.972
0,4558.053
0,4522.55
0,4596.052
0,4787.515
0,5160.091
0,5383.32
0,5316.453
0,5170.763
0,4888.254
0,4739.809
0,4687.002
0,4762.087
0,4974.113
0,5248.669
0,5605.014
0,5868.241
0,5825.551
0,5764.408
0,5682.035
0,5573.915
0,5388.708
0,5141.241
0,4911.054
0,4748.953
0,4654.643
0,4628.553
0,4628.252
0,4718.139
0,4870.23
0,4974.516
0,4904.847
0,4693.503
0,4500.947
0,4362.61
0,4312.229
0,4368.519
0,4588.952
0,4863.592
0,5225.324
0,5509.727
0,5512.389
0,5504.72
0,5454.671
0,5369.121
0,5227.027
0,5012.164
0,4825.939
0,4687.26
0,4590.453
0,4536.512
0,4529.267
0,4591.514
0,4709.222
0,4743.301
0,4732.657
0,4634.279
0,4599.994
0,4726.668
0,4816.348
0,4883.991
0,4939.082
0,5025.172
0,5275.964
0,5480.02
0,5472.501
0,5421.127
0,5338.974
0,5190.787
0,4919.479
0,4640.279
0,4442.843
0,4276.466
0,4200.989
0,4178.322
0,4244.313
0,4471.645
0,4832.955
0,5149.45
0,5242.968
0,5284.701
0,5260.543
0,5235.952
0,5189.576
0,5186.317
0,5214.04
0,5278.5
0,5465.846
0,5579.702
0,5505.977
0,5409.172
0,5282.071
0,5082.096
0,4787.231
0,4480.861
0,4233.109
0,4078.108
0,3982.754
0,3927.054
0,3993.526
0,4182.299
0,4539.465
0,4820.034
0,4867.413
0,4917.927
0,4847.373
0,4634.479
0,4410.389
0,4400.472
0,4539.071
0,4745.193
0,5005.315
0,5256.957
0,5231.359
0,5171.599
0,5084.537
0,4951.626
0,4722.412
0,4452.351
0,4220.637
0,4091.1
0,4016.064
0,3998.229
0,4092.658
0,4339.01
0,4727.376
0,4968.968
0,4896.067
0,4643.247
0,4426.492
0,4261.328
0,4242.113
0,4475.625
0,4722.855
0,4944.918
0,5227.526
0,5345.295
0,5267.479
0,5224.432
0,5113.267
0,4950.738
0,4700.081
0,4412.958
0,4200.109
0,4073.898
0,3986.581
0,3990.125
0,4064.747
0,4310.62
0,4679.587
0,4948.029
0,4867.462
0,4635.135
0,4488.381
0,4386.908
0,4329.388
0,4560.589
0,4826.238
0,5061.067
0,5350.741
0,5558.663
0,5531.873
0,5501.04
0,5412.396
0,5272.374
0,5033.791
0,4748.702
0,4530.705
0,4368.416
0,4259.448
0,4227.865
0,4273.835
0,4476.171
0,4852.681
0,5138.973
0,5284.78
0,5429.791
0,5480.138
0,5461.29
0,5478.037
0,5539.496
0,5539.788
0,5563.698
0,5741.751
0,5845.673
0,5759.235
0,5671.744
0,5561.531
0,5406.313
0,5191.662
0,4947.938
0,4704.672
0,4539.392
0,4427.076
0,4365.785
0,4360.94
0,4436.943
0,4617.789
0,4757.195
0,4920.019
0,5042.967
0,5135.858
0,5156.038
0,5132.224
0,5138.614
0,5184.12
0,5252.763
0,5479.149
0,5747.706
0,5796.358
0,5779.918
0,5770.468
0,5661.605
0,5508.115
0,5304.806
0,5107.686
0,4976.655
0,4875.742
0,4827.093
0,4827.234
0,4887.475
0,4989.051
0,5092.874
0,5181.62
0,5247.41
0,5216.691
0,5171.662
0,5158.244
0,5168.268
0,5237.923
0,5392.099
0,5691.957
0,6016.134
0,6100.01
0,6106.413
0,6097.955
0,5969.778
0,5760.269
0,5526.477
0,5318.172
0,5169.114
0,5088.853
0,5074.887
0,5147.62
0,5345.861
0,5613.396
0,5870.844
0,5979.727
0,5964.648
0,5845.045
0,5732.539
0,5620.021
0,5576.04
0,5659.792
0,5821.087
0,6055.456
0,6272.669
0,6248.086
0,6181.937
0,6112.69
0,5931.389
0,5681.259
0,5383.655
0,5097.01
0,4928.466
0,4818.799
0,4756.384
0,4783.784
0,4918.585
0,5109.332
0,5332.645
0,5504.034
0,5668.677
0,5749.924
0,5689.29
0,5485.624
0,5217.214
0,5105.164
0,5207.099
0,5436.891
0,5576.961
0,5457.441
0,5332.809
0,5209.452
0,5104.585
0,4983.251
0,4828.917
0,4671.913
0,4554.503
0,4466.554
0,4405.927
0,4395.189
0,4449.451
0,4553.411
0,4608.522
0,4680.232
0,4769.156
0,4811.636
0,4806.029
0,4767.691
0,4735.225
0,4707.052
0,4792.562
0,5033.73
0,5265.297
0,5244.237
0,5214.125
0,5217.624
0,5189.623
0,5060.664
0,4888.769
0,4716.701
0,4604.723
0,4540.558
0,4536.87
0,4601.756
0,4784.004
0,5063.637
0,5270.88
0,5279.559
0,5169.379
0,4984.597
0,4846.681
0,4792.229
0,4806.913
0,4962.935
0,5206.477
0,5494.24
0,5803.952
0,5773.754
0,5725.537
0,5637.968
0,5531.491
0,5328.157
0,5087.688
0,4898.32
0,4762.579
0,4686.097
0,4658.673
0,4716.964
0,4884.896
0,5125.811
0,5279.636
0,5241.502
0,5171.121
0,4982.472
0,4809.513
0,4757.64
0,4774.715
0,4835.899
0,5065.078
0,5362.399
0,5622.476
0,5555.027
0,5483.779
0,5396.779
0,5253.046
0,5030.429
0,4775.076
0,4547.507
0,4370.3
0,4247.981
0,4176.853
0,4168.586
0,4227.072
0,4354.134
0,4481.641
0,4589.146
0,4727.266
0,4821.197
0,4810.058
0,4797.572
0,4756.961
0,4733.917
0,4779.842
0,4964.3
0,5120.018
0,5091.17
0,5015.966
0,4943.354
0,4802.259
0,4627.447
0,4403.561
0,4208.293
0,4050.498
0,3938.628
0,3868.521
0,3851.566
0,3884.166
0,3987.475
0,4067.795
0,4104.29
0,4122.267
0,4082.191
0,3872.897
0,3922.153
0,3959.9
0,4095.453
0,4272.586
0,4542.743
0,4786.034
0,4789.568
0,4736.316
0,4663.835
0,4548.635
0,4375.99
0,4165.171
0,3947.077
0,3809.129
0,3710.504
0,3667.659
0,3710.927
0,3854.453
0,4102.229
0,4298.003
0,4360.67
0,4345.785
0,4080.468
0,3951.352
0,3964.113
0,4184.512
0,4445.7
0,4646.807
0,4857.978
0,5097.921
0,5065.419
0,4997.731
0,4900.061
0,4773.839
0,4592.86
0,4367.693
0,4158.155
0,4011.781
0,3932.717
0,3915.584
0,3967.848
0,4139.211
0,4391.239
0,4551.079
0,4504.919
0,4341.445
0,4227.132
0,4154.841
0,4148.784
0,4169.425
0,4347.104
0,4566.049
0,4847.751
0,5097.869
0,5012.233
0,4875.782
0,4714.133
0,4561.153
0,4405.223
0,4238.133
0,4068.85
0,3966.606
0,3851.354
0,3767.111
0,3766.67
0,3807.887
0,3888.765
0,3886.86
0,3810.661
0,3706.24
0,3792.905
0,3930.665
0,4117.085
0,4257.799
0,4345.654
0,4445.384
0,4705.362
0,5040.437
0,5043.069
0,5010.183
0,4948.724
0,4835.116
0,4636.601
0,4413.507
0,4242.381
0,4119.588
0,4057.049
0,4056.174
0,4136.75
0,4378.566
0,4756.754
0,5020.42
0,4982.686
0,4799.78
0,4755.056
0,4677.074
0,4726.415
0,4920.793
0,5187.438
0,5344.921
0,5526.387
0,5805.711
0,5764.017
0,5705.023
0,5606.029
0,5423.141
0,5168.949
0,4905.496
0,4684.697
0,4528.86
0,4433.862
0,4404.074
0,4461.347
0,4645.889
0,4970.786
0,5223.554
0,5212.14
0,5048.581
0,4891.424
0,4750.517
0,4705.547
0,4784.501
0,5001.637
0,5220.567
0,5496.207
0,5731.492
0,5681.842
0,5607.818
0,5503.248
0,5395.226
0,5196.151
0,4969.962
0,4768.606
0,4602.317
0,4494.624
0,4467.98
0,4476.057
0,4560.645
0,4703.299
0,4788.79
0,4762.642
0,4697.986
0,4851.039
0,4836.759
0,4794.918
0,4782.717
0,4952.364
0,5153.141
0,5431.007
0,5665.599
0,5715.893
0,5669.369
0,5608.315
0,5554.662
0,5328.79
0,5114.268
0,4996.775
0,4859.83
0,4729.012
0,4669.064
0,4647.814
0,4696.605
0,4792.986
0,4865.265
0,4794.581
0,4701.162
0,4586.992
0,4544.49
0,4486.892
0,4566.275
0,4739.18
0,5070.371
0,5437.447
0,5772.085
0,5838.617
0,5812.418
0,5738.129
0,5614.922
0,5243.315
0,4958.032
0,4758.916
0,4628.355
0,4552.229
0,4522.81
0,4591.441
0,4808.649
0,5163.488
0,5526.427
0,5716.284
0,5960.595
0,6009.51
0,6052.426
0,6066.551
0,6040.905
0,5936.545
0,5939.603
0,6067.206
0,6239.79
0,6169.784
0,6028.03
0,5926.679
0,5777.254
0,5504.942
0,5254.434
0,5107.808
0,5007.008
0,4940.795
0,4919.613
0,4984.134
0,5193.324
0,5610.978
0,6010.682
0,6038.063
0,5936.965
0,5702.488
0,5506.2
0,5344.477
0,5285.446
0,5375.741
0,5604.438
0,5947.354
0,6323.537
0,6303.238
0,6240.295
0,6143.737
0,5987.587
0,5647.133
0,5352.395
0,5118.89
0,4998.579
0,4907.471
0,4867.309
0,4945.006
0,5158.522
0,5607.3
0,5955.824
0,5791.591
0,5602.26
0,5409.178
0,5247.685
0,5180.804
0,5205.369
0,5375.284
0,5657.712
0,6048.139
0,6500.098
0,6547.35
0,6491.024
0,6321.999
0,6120.819
0,5809.514
0,5518.82
0,5295.769
0,5147.202
0,5062.42
0,5027.15
0,5098.788
0,5314.332
0,5743.147
0,6117.637
0,5992.518
0,5657.127
0,5369.824
0,5180.615
0,5114.885
0,5174.19
0,5438.414
0,5705.392
0,5949.586
0,6262.869
0,6389.544
0,6229.637
0,6086.501
0,5926.501
0,5638.129
0,5360.531
0,5158.826
0,5001.445
0,4911.116
0,4853.308
0,4940.657
0,5147.907
0,5489.462
0,5846.61
0,5695.752
0,5409.433
0,5140.337
0,4940.536
0,4896.256
0,5089.494
0,5278.676
0,5389.554
0,5577.533
0,5865.806
0,5917.466
0,5742.148
0,5594.446
0,5439.954
0,5214.6
0,4963.192
0,4753.178
0,4595.236
0,4501.822
0,4457.409
0,4474.345
0,4566.119
0,4772.811
0,4959.887
0,4978.804
0,5063.809
0,5009.108
0,4840.93
0,4827.563
0,4767.014
0,4858.259
0,5034.73
0,5260.547
0,5546.478
0,5673.29
0,5678.096
0,5596.405
0,5504.376
0,5231.632
0,4990.161
0,4799.817
0,4650.707
0,4519.968
0,4442.945
0,4405.293
0,4453.525
0,4622.019
0,4735.184
0,4572.391
0,4341.094
0,4140.46
0,4033.619
0,4016.075
0,4178.475
0,4452.494
0,4685.522
0,4998.381
0,5330.629
0,5456.156
0,5341.861
0,5262.816
0,5109.556
0,4889.41
0,4639.208
0,4444.118
0,4324.378
0,4276.074
0,4280.044
0,4388.515
0,4655.33
0,5113.531
0,5459.945
0,5364.119
0,5442.773
0,5380.684
0,5353.032
0,5297.872
0,5419.356
0,5178.42
0,5226.97
0,5482.375
0,5737.811
0,5735.534
0,5734.784
0,5661.68
0,5414.893
0,5166.314
0,4884.155
0,4781.109
0,4664.307
0,4608.093
0,4606.735
0,4712.594
0,4959.99
0,5388.981
0,5674.4
0,5585.607
0,5311.965
0,5056.482
0,4919.1
0,4857.048
0,4922.504
0,5115.929
0,5486.585
0,5830.171
0,6149.79
0,6175.877
0,6038.615
0,5924.252
0,5773.693
0,5520.973
0,5255.583
0,5053.497
0,4941.397
0,4878.054
0,4854.833
0,4937.863
0,5156.523
0,5553.92
0,5830.434
0,5719.067
0,5461.896
0,5178.12
0,5084.421
0,4986.418
0,5023.65
0,5158.237
0,5453.665
0,5816.394
0,6122.795
0,6160.379
0,6111.356
0,5985.154
0,5823.434
0,5518.673
0,5229.655
0,4999.039
0,4885.75
0,4813.228
0,4789.328
0,4873.481
0,5096.671
0,5509.85
0,5800.932
0,5761.077
0,5541.658
0,5595.773
0,5563.951
0,5458.173
0,5525.171
0,5587.771
0,5705.515
0,5930.704
0,6142.302
0,6168.991
0,6076.628
0,5952.221
0,5782.809
0,5515.508
0,5218.853
0,4993.741
0,4858.392
0,4796.117
0,4769.143
0,4833.444
0,5052.776
0,5423.781
0,5697.576
0,5733.297
0,5519.062
0,5050.306
0,4794.282
0,4666.122
0,4699.779
0,4902.502
0,5169.342
0,5422.506
0,5623.389
0,5624.327
0,5558.801
0,5481.424
0,5365.299
0,5166.886
0,4939.72
0,4757.463
0,4612.12
0,4509.758
0,4459.73
0,4453.833
0,4515.114
0,4656.235
0,4736.92
0,4766.302
0,4848.097
0,4926.313
0,4906.583
0,4895.137
0,4946.514
0,4930.353
0,4922.372
0,4934.069
0,5169.6
0,5186.196
0,5108.19
0,5028.936
0,4971.533
0,4778.662
0,4618.218
0,4427.907
0,4308.678
0,4207.867
0,4165.517
0,4173.973
0,4237.016
0,4290.277
0,4404.795
0,4444.383
0,4567.409
0,4609.731
0,4701.674
0,4871.073
0,5016.362
0,5133.335
0,5208.649
0,5382.012
0,5549.25
0,5585.385
0,5525.472
0,5443.716
0,5320.25
0,5170.303
0,4977.67
0,4849.443
0,4747.017
0,4698.399
0,4706.131
0,4769.682
0,4954.803
0,5217.302
0,5402.145
0,5565.746
0,5687.208
0,5752.968
0,5762.255
0,5756.575
0,5796.638
0,5786.736
0,5779.353
0,5940.971
0,6261.062
0,6329.281
0,6291.07
0,6182.554
0,6021.7
0,5828.552
0,5497.63
0,5309.12
0,5202.262
0,5136.798
0,5131.815
0,5160.163
0,5431.503
0,5928.277
0,6309.339
0,6317.542
0,6385.576
0,6393.953
0,6320.758
0,6193.25
0,6214.85
0,6235.172
0,6259.272
0,6427.898
0,6760.71
0,6707.463
0,6610.981
0,6507.66
0,6316.197
0,6036.432
0,5744.292
0,5532.463
0,5427.454
0,5310.705
0,5319.583
0,5390.124
0,5573.083
0,6028.666
0,6345.492
0,6479.663
0,6477.295
0,6338.319
0,6242.161
0,6093.687
0,6017.577
0,5982.163
0,6017.784
0,6246.696
0,6558.034
0,6612.747
0,6576.832
0,6476.339
0,6314.932
0,6035.862
0,5779.307
0,5503.667
0,5411.535
0,5330.288
0,5300.268
0,5338.937
0,5498.817
0,5923.247
0,6204.134
0,6227.771
0,6171.508
0,6038.627
0,5956.482
0,5781.777
0,5765.403
0,5756.659
0,5842.744
0,5997.941
0,6324.976
0,6385.323
0,6342.475
0,6261.236
0,6092.3
0,5899.637
0,5565.923
0,5334.296
0,5201.418
0,5125.224
0,5100.376
0,5172.316
0,5358.883
0,5724.07
0,5975.013
0,5967.993
0,5839.678
0,5680.649
0,5529.398
0,5405.317
0,5342.759
0,5328.441
0,5481.475
0,5726.111
0,6028.148
0,6064.264
0,6000.918
0,5911.714
0,5787.98
0,5571.47
0,5369.204
0,5174.39
0,5062.873
0,4974.541
0,4931.986
0,4945.542
0,5053.079
0,5210.411
0,5295.51
0,5268.631
0,5150.406
0,5006.195
0,4928.416
0,4830.515
0,4809.237
0,4933.097
0,5092.929
0,5394.689
0,5665.479
0,5720.581
0,5688.502
0,5620.817
0,5489.874
0,5308.926
0,5101.383
0,4922.453
0,4774.983
0,4658.779
0,4591.492
0,4574.918
0,4612.5
0,4710.932
0,4769.562
0,4856.7
0,4860.391
0,4918.336
0,4922.371
0,4728.3
0,4670.257
0,4724.37
0,4821.587
0,5040.745
0,5379.041
0,5483.247
0,5507.118
0,5463.54
0,5350.508
0,5149.553
0,4923.94
0,4735.093
0,4623.547
0,4551.662
0,4543.997
0,4623.108
0,4843.386
0,5277.977
0,5543.1
0,5400.019
0,5122.003
0,4870.194
0,4698.423
0,4616.899
0,4614.325
0,4732.243
0,5039.78
0,5391.579
0,5719.338
0,5812.033
0,5775.692
0,5678.078
0,5496.729
0,5226.931
0,4962.038
0,4755.815
0,4620.885
0,4535.992
0,4498.192
0,4561.825
0,4785.091
0,5151.068
0,5373.61
0,5279.089
0,5123.597
0,5025.969
0,4910.026
0,4671.733
0,4668.229
0,4788.402
0,5006.196
0,5365.615
0,5673.067
0,5763.768
0,5731.267
0,5634.267
0,5487.131
0,5214.857
0,4955.226
0,4700.463
0,4535.26
0,4459.074
0,4437.239
0,4504.051
0,4726.046
0,5090.149
0,5278.017
0,5142.501
0,4857.577
0,4555.397
0,4489.58
0,4596.572
0,4532.625
0,4671.968
0,4928.285
0,5179.157
0,5478.222
0,5585.652
0,5533.622
0,5485.127
0,5355.025
0,5134.11
0,4926.956
0,4743.118
0,4636.785
0,4584.05
0,4576.163
0,4662.288
0,4908.678
0,5329.535
0,5555.943
0,5391.98
0,5103.883
0,4864.982
0,4703.574
0,4632.159
0,4676.877
0,4780.257
0,5062.671
0,5402.611
0,5699.232
0,5761.423
0,5708.866
0,5597.406
0,5442.758
0,5179.353
0,4909.623
0,4422.515
0,4262.673
0,4155.454
0,4111.716
0,4151.348
0,4327.007
0,4649.663
0,4918.857
0,5011.412
0,5059.813
0,5087.895
0,5034.09
0,5024.455
0,5022.659
0,5022.023
0,5033.012
0,5080.539
0,5187.268
0,5377.45
0,5258.788
0,5145.945
0,4995.612
0,4789.388
0,4551.486
0,4321.549
0,4173.709
0,4061.954
0,4016.296
0,4036.622
0,4150.131
0,4306.663
0,4457.4
0,4515.158
0,4361.311
0,4165.181
0,3981.378
0,3915.914
0,3946.587
0,4109.244
0,4426.179
0,4872.133
0,5273.624
0,5441.333
0,5463.194
0,5452.675
0,5375.647
0,5262.918
0,5090.26
0,4951.998
0,4839.855
0,4766.085
0,4729.167
0,4735.844
0,4815.488
0,4930.405
0,4951.151
0,4905.942
0,4765.406
0,4707.221
0,4720.152
0,4703.746
0,4995.06
0,5141.654
0,5327.026
0,5474.893
0,5686.5
0,5716.26
0,5673.898
0,5569.932
0,5406.013
0,5169.202
0,4897.304
0,4681.658
0,4541.969
0,4458.575
0,4448.495
0,4537.792
0,4778.094
0,5172.8
0,5496.444
0,5516.686
0,5428.383
0,5303.889
0,5074.397
0,4875.553
0,4897.118
0,4938.411
0,4960.612
0,5209.686
0,5541.631
0,5565.27
0,5446.731
0,5318.29
0,5137.903
0,4863.708
0,4599.191
0,4385.964
0,4246.052
0,4167.952
0,4132.064
0,4185.023
0,4393.012
0,4768.142
0,5031.801
0,4973.992
0,4793.549
0,4506.738
0,4386.546
0,4367.545
0,4460.351
0,4609.595
0,4839.303
0,5228.681
0,5583.056
0,5720.756
0,5698.029
0,5631.124
0,5477.997
0,5244.547
0,4983.147
0,4806.008
0,4679.496
0,4627.995
0,4614.749
0,4707.819
0,4952.503
0,5364.821
0,5628.029
0,5604.832
0,5458.575
0,5250.09
0,4777.384
0,4556.76
0,4590.802
0,4770.501
0,5054.413
0,5407.545
0,5820.224
0,5885.963
0,5756.462
0,5661.266
0,5507.604
0,5253.377
0,4978.401
0,4764.179
0,4618.838
0,4539.95
0,4528.515
0,4608.047
0,4895.166
0,5115.152
0,5339.732
0,5548.699
0,5662.895
0,5678.544
0,5679.201
0,5661.241
0,5585.01
0,5547.083
0,5528.502
0,5603.225
0,5759.605
0,5754.876
0,5746.081
0,5638.088
0,5388.124
0,5088.505
0,4803.585
0,4583.905
0,4429.96
0,4349.734
0,4303.127
0,4464.272
0,4595.922
0,4912.227
0,5088.229
0,4924.603
0,4719.187
0,4640.668
0,4457.881
0,4393.198
0,4431.514
0,4532.337
0,4837.811
0,5167.445
0,5558.685
0,5638.786
0,5545.26
0,5480.087
0,5373.073
0,5196.987
0,4999.622
0,4813.899
0,4691.427
0,4610.264
0,4567.032
0,4701.994
0,4687.592
0,4811.712
0,4816.562
0,4816.444
0,4641.793
0,4652.492
0,4661.303
0,4681.525
0,4750.133
0,4847.659
0,5124.417
0,5182.487
0,5415.292
0,5480.315
0,5451.059
0,5410.282
0,5299.377
0,5125.162
0,4905.996
0,4765.565
0,4558.2
0,4544.741
0,4492.863
0,4482.929
0,4530.717
0,4624.849
0,4663.942
0,4807.055
0,4972.477
0,5104.179
0,5174.537
0,5190.989
0,5177.853
0,5184.943
0,5128.43
0,5276.01
0,5512.756
0,5563.378
0,5393.829
0,5226.692
0,5123.905
0,4967.084
0,4785.061
0,4641.044
0,4448.083
0,4401.77
0,4359.833
0,4488.163
0,4669.624
0,5085.336
0,5287.253
0,5376.596
0,5160.308
0,5077.947
0,4995.212
0,4851.328
0,4782.379
0,4817.072
0,4972.547
0,5225.442
0,5575.82
0,5781.415
0,5757.666
0,5676.262
0,5529.146
0,5275.108
0,5007.978
0,4883.006
0,4723.432
0,4663.085
0,4652.261
0,4720.549
0,4940.607
0,5318.429
0,5561.879
0,5618.017
0,5582.204
0,5508.392
0,5443.213
0,5348.06
0,5382.403
0,5502.559
0,5598.017
0,5689.535
0,5879.448
0,5920.186
0,5851.472
0,5737.609
0,5569.449
0,5294.359
0,5083.809
0,4803.903
0,4676.137
0,4591.532
0,4567.594
0,4626.095
0,4825.682
0,5120.521
0,5361.546
0,5580.639
0,5692.347
0,5734.502
0,5754.388
0,5728.358
0,5711.896
0,5690.091
0,5674.66
0,5731.338
0,5867.897
0,5919.288
0,5827.68
0,5715.128
0,5531.741
0,5350.998
0,4945.252
0,4722.44
0,4551.935
0,4446.164
0,4403.024
0,4452.364
0,4645.077
0,5013.733
0,5265.727
0,5391.965
0,5472.657
0,5424.302
0,5357.099
0,5265.448
0,5163.901
0,5100.967
0,5055.348
0,5195.017
0,5416.181
0,5570.15
0,5556.363
0,5474.038
0,5362.887
0,5172.076
0,4923.94
0,4742.214
0,4608.07
0,4522.276
0,4508.931
0,4599.806
0,4818.517
0,5149.521
0,5297.1
0,5091.209
0,4800.94
0,4603.773
0,4422.081
0,4332.345
0,4378.185
0,4524.869
0,4796.777
0,5186.459
0,5524.115
0,5667.796
0,5619.885
0,5528.619
0,5393.131
0,5217.585
0,4999.371
0,4810.436
0,4665.682
0,4565.666
0,4511.577
0,4518.957
0,4594.023
0,4711.864
0,4738.113
0,4756.048
0,4801.451
0,4878.327
0,4988.37
0,5087.602
0,5121.147
0,5157.774
0,5205.331
0,5296.492
0,5436.108
0,5490.357
0,5424.251
0,5313.685
0,5187.389
0,4998.867
0,4818.134
0,4618.714
0,4467.992
0,4358.535
0,4298.911
0,4290.066
0,4328.587
0,4430.595
0,4486.973
0,4616.794
0,4799.837
0,4904.209
0,5002.091
0,5067.939
0,5014.168
0,4957.136
0,4855.926
0,4950.075
0,5114.723
0,5194.064
0,5172.861
0,5120.911
0,5025.249
0,4908.434
0,4734.009
0,4585.918
0,4490.284
0,4447.005
0,4447.927
0,4542.823
0,4739.214
0,4979.73
0,5057.009
0,4956.18
0,4837.441
0,4687.828
0,4614.41
0,4512.755
0,4490.311
0,4629.184
0,4895.71
0,5301.694
0,5695.271
0,5909.419
0,5873.785
0,5798.436
0,5658.056
0,5409.21
0,5162.23
0,4971.997
0,4870.705
0,4810.385
0,4817.057
0,4907.03
0,5159.078
0,5530.672
0,5727.996
0,5567.575
0,5270.454
0,5261.71
0,5064.477
0,5088.102
0,4874.21
0,4966.759
0,5249.535
0,5655.183
0,6049.13
0,6287.528
0,6268.045
0,6163.752
0,6025.709
0,5757.217
0,5493.716
0,5287.6
0,5153.752
0,5083.048
0,5071.31
0,5154.435
0,5380.721
0,5725.025
0,5864.021
0,5769.888
0,5619.463
0,5401.905
0,5225.713
0,5126.615
0,5147.634
0,5235.441
0,5354.454
0,5692.034
0,5990.766
0,6183.601
0,6182.701
0,6086.159
0,5924.113
0,5653.424
0,5397.572
0,5203.088
0,5058.899
0,4980.8
0,4967.624
0,5039.88
0,5270.489
0,5619.777
0,5755.49
0,5503.644
0,5322.617
0,5201.029
0,5323.49
0,5340.726
0,5487.342
0,5612.351
0,5742.196
0,5922.221
0,6175.383
0,6343.674
0,6284.043
0,6177.297
0,6011.834
0,5753.564
0,5487.575
0,5290.404
0,5142.635
0,5051.621
0,5014.921
0,5074.692
0,5304.968
0,5619.918
0,5751.65
0,5544.154
0,5249.797
0,4917.438
0,4806.349
0,4678.312
0,4670.818
0,4773.966
0,4998.091
0,5399.295
0,5762.036
0,5970.324
0,5931.354
0,5855.889
0,5749.08
0,5534.125
0,5338.434
0,5150.703
0,5002.503
0,4912.582
0,4856.837
0,4867.427
0,4910.644
0,5030.372
0,4965.507
0,4745.096
0,4465.103
0,4233.751
0,4073.504
0,3973.542
0,3942.969
0,4091.621
0,4425.058
0,4784.11
0,5112.745
0,5324.72
0,5311.91
0,5263.594
0,5174.166
0,5023.767
0,4856.57
0,4692.31
0,4560.496
0,4464.901
0,4403.534
0,4405.979
0,4445.708
0,4533.58
0,4440.711
0,4180.291
0,3915.979
0,3713.84
0,3614.897
0,3565.112
0,3620.343
0,3809.447
0,4194.71
0,4512.062
0,4826.888
0,5078.772
0,5097.231
0,5045.419
0,4904.5
0,4710.84
0,4475.543
0,4318.032
0,4221.147
0,4157.853
0,4163.382
0,4262.368
0,4525.977
0,4890.025
0,4995.364
0,4742.972
0,4471.163
0,4198.293
0,4083.584
0,4079.023
0,4004.651
0,4141.178
0,4433.97
0,4820.406
0,5130.761
0,5310.575
0,5274.011
0,5148.538
0,5013.314
0,4753.511
0,4494.76
0,4294.113
0,4157.444
0,4081.725
0,4060.485
0,4144.288
0,4351.518
0,4706.626
0,4834.706
0,4576.204
0,4301.587
0,4213.402
0,4299.634
0,4303.087
0,4511.566
0,4417.275
0,4577.553
0,4799.633
0,4981.742
0,5129.087
0,5101.399
0,5002.479
0,4867.43
0,4608.122
0,4382.995
0,4208.273
0,4089.932
0,4044.294
0,4018.197
0,4102.836
0,4343.528
0,4665.532
0,4729.202
0,4452.34
0,4188.407
0,3979.516
0,3861.845
0,3839.269
0,3885.15
0,4000.788
0,4325.112
0,4605.54
0,4868.669
0,5049.07
0,5025.298
0,4917.408
0,4758.981
0,4534.648
0,4276.024
0,4098.159
0,3968.576
0,3888.83
0,3858.83
0,3921.361
0,4144.655
0,4494.857
0,4729.761
0,4783.989
0,4799.031
0,4863.268
0,4808.583
0,4758.316
0,4778.88
0,4864.31
0,4877.535
0,4886.842
0,4950.755
0,5081.082
0,5033.833
0,4923.947
0,4787.5
0,4560.503
0,4347.706
0,4156.579
0,4033.01
0,3980.807
0,3966.281
0,4052.551
0,4272.738
0,4584.595
0,4636.728
0,4449.925
0,4342.591
0,4059.624
0,3902.869
0,3835.12
0,3856.442
0,3927.762
0,4160.804
0,4532.696
0,4799.235
0,5004.103
0,4964.559
0,4877.613
0,4783.608
0,4602.994
0,4400.121
0,4217.185
0,4080.511
0,3965.341
0,3919.944
0,3905.823
0,3978.376
0,4059.534
0,4053.225
0,4009.571
0,3776.434
0,3475.88
0,3261.053
0,3334.361
0,3626.782
0,3619.521
0,3823.911
0,4149.423
0,4472.624
0,4787.496
0,4860.136
0,4893.634
0,4860.247
0,4768.629
0,4659.048
0,4544.794
0,4436.828
0,4389.998
0,4375.643
0,4401.276
0,4478.402
0,4544.426
0,4461.321
0,4179.917
0,3978.174
0,3814.661
0,3720.933
0,3698.915
0,3727.306
0,3862.601
0,4134.862
0,4577.679
0,5034.073
0,5345.524
0,5421.82
0,5402.41
0,5293.603
0,5106.344
0,4891.386
0,4693.723
0,4596.37
0,4552.578
0,4545.931
0,4636.828
0,4883.909
0,5190.022
0,5285.587
0,4950.071
0,4728.791
0,4500.101
0,4326.729
0,4217.634
0,4209.671
0,4312.994
0,4539.686
0,4936.054
0,5316.778
0,5572.29
0,5581.054
0,5488.445
0,5356.905
0,5059.015
0,4822.974
0,4633.258
0,4515.618
0,4445.015
0,4417.336
0,4474.438
0,4679.142
0,5006.39
0,5163.41
0,5025.516
0,4914.064
0,4721.096
0,4276.771
0,4248.751
0,4417.206
0,4399.216
0,4563.663
0,4754.784
0,4968.139
0,5184.878
0,5175.595
0,5071.369
0,4913.517
0,4669.254
0,4423.212
0,4228.348
0,4091.983
0,4008.538
0,3979.193
0,4045.001
0,4214.865
0,4488.174
0,4674.285
0,4683.23
0,4624.246
0,4616.431
0,4640.475
0,4689.084
0,4712.002
0,4783.079
0,4930.848
0,5044.184
0,5154.445
0,5160.148
0,5078.528
0,4950.338
0,4760.154
0,4506.125
0,4248.405
0,4051.961
0,3891.333
0,3807.934
0,3768.258
0,3830.379
0,4008.868
0,4289.104
0,4456.204
0,4327.205
0,4297.823
0,4188.937
0,3876.561
0,3935.788
0,4098.472
0,4492.052
0,4681.219
0,4878.058
0,5091.605
0,5257.043
0,5279.108
0,5213.837
0,5126.406
0,4913.109
0,4676.431
0,4491.205
0,4377.2
0,4321.9
0,4291.761
0,4371.566
0,4587.738
0,4867.407
0,4851.238
0,4559.865
0,4334.587
0,4175.305
0,4031.645
0,3920.384
0,3912.856
0,4004.725
0,4212.105
0,4584.293
0,4892.729
0,5120.505
0,5080.623
0,4987.493
0,4863.664
0,4679.499
0,4473.656
0,4265.632
0,4132.072
0,4040.453
0,4009.832
0,3997.02
0,4086.773
0,4129.886
0,4105.903
0,3982.106
0,3998.831
0,3920.953
0,3567.859
0,3457.404
0,3412.045
0,3495.449
0,3740.336
0,4131.193
0,4561.314
0,4844.901
0,4877.989
0,4845.089
0,4784.784
0,4640.131
0,4470.186
0,4344.722
0,4228.122
0,4160.113
0,4132.412
0,4178.042
0,4262.426
0,4280.274
0,4122.069
0,3966.785
0,3632.953
0,3480.063
0,3460.555
0,3299.015
0,3366.101
0,3541.611
0,3703.563
0,4066.188
0,4437.652
0,4699.543
0,4719.025
0,4639.998
0,4474.614
0,4260.582
0,4074.974
0,3958.965
0,3898.466
0,3893.968
0,3970.94
0,4193.907
0,4555.274
0,4792.588
0,4651.048
0,4310.94
0,4010.763
0,3794.178
0,3667.19
0,3633.303
0,3664.754
0,3769.283
0,3999.435
0,4296.519
0,4548.269
0,4770.538
0,4725.365
0,4590.35
0,4363.547
0,4121.454
0,3946.617
0,3817.87
0,3747.332
0,3743.686
0,3819.67
0,4039.168
0,4424.745
0,4663.887
0,4508.251
0,4187.309
0,3927.917
0,3713.399
0,3584.276
0,3558.67
0,3596.127
0,3732.589
0,3994.955
0,4291.074
0,4537.998
0,4765.072
0,4713.417
0,4572.495
0,4340.621
0,4096.21
0,3892.486
0,3751.604
0,3679.469
0,3634.462
0,3713.847
0,3953.9
0,4366.642
0,4622.335
0,4568.507
0,4391.464
0,4211.376
0,4056.02
0,4093.502
0,3937.071
0,3854.653
0,3824.888
0,4062.229
0,4319.511
0,4605.095
0,4864.134
0,4869.065
0,4760.219
0,4537.501
0,4293.038
0,4102.586
0,3981.545
0,3894.259
0,3891.785
0,3962.73
0,4182.127
0,4553.825
0,4761.511
0,4671.004
0,4449.983
0,4154.533
0,3923.631
0,3810.559
0,3665.662
0,3660.301
0,3801.995
0,4062.909
0,4404.452
0,4693.936
0,4938.229
0,4932.905
0,4825.21
0,4592.088
0,4357.287
0,4167.203
0,4028.198
0,3943.219
0,3892.525
0,3946.961
0,4142.736
0,4489.877
0,4716.279
0,4741.033
0,4595.187
0,4278.179
0,3799.344
0,3591.668
0,3538.589
0,3570.199
0,3722.567
0,3963.235
0,4223.675
0,4464.917
0,4687.429
0,4676.266
0,4604.463
0,4433.229
0,4246.386
0,4045.294
0,3902.384
0,3808.307
0,3748.583
0,3773.631
0,3835.108
0,3976.154
0,4086.603
0,4190.182
0,4299.925
0,4322.099
0,4304.092
0,4210.273
0,4124.916
0,4144.449
0,4153.846
0,4166.792
0,4340.769
0,4439.233
0,4597.263
0,4542.689
0,4457.907
0,4302.591
0,4116.584
0,3946.556
0,3793.567
0,3698.65
0,3633.309
0,3614.025
0,3657.168
0,3746.659
0,3756.829
0,3748.317
0,3827.455
0,3886.052
0,3983.559
0,3994.402
0,3877.117
0,3870.315
0,3996.087
0,4135.038
0,4251.319
0,4369.371
0,4530.559
0,4506.456
0,4381.965
0,4186.071
0,3957.154
0,3783.722
0,3632.91
0,3539.437
0,3518.903
0,3578.824
0,3773.562
0,4129.115
0,4449.812
0,4558.908
0,4602.233
0,4499.237
0,4360.96
0,4265.688
0,4347.49
0,4407.338
0,4438.626
0,4495.639
0,4434.461
0,4609.066
0,4872.126
0,4895.508
0,4786.921
0,4573.708
0,4342.038
0,4177.659
0,4063.432
0,3998.666
0,3993.843
0,4074.605
0,4316.437
0,4716.212
0,4928.257
0,4706.706
0,4333.722
0,4013.965
0,3785.579
0,3634.984
0,3585.798
0,3594.325
0,3702.296
0,3946.08
0,4270.71
0,4553.675
0,4772.985
0,4780.304
0,4649.859
0,4441.158
0,4191.106
0,4005.878
0,3885.113
0,3814.24
0,3798.551
0,3872.498
0,4107.896
0,4500.511
0,4666.245
0,4470.414
0,4147.236
0,3854.454
0,3653.956
0,3546.741
0,3507.581
0,3565.559
0,3750.062
0,4075.902
0,4361.604
0,4538.64
0,4759.168
0,4731.39
0,4581.26
0,4366.955
0,4124.234
0,3938.404
0,3813.368
0,3752.188
0,3718.617
0,3790.858
0,3989.478
0,4348.732
0,4589.117
0,4645.489
0,4564.456
0,4401.223
0,4226.996
0,4127.432
0,4082.003
0,4041.656
0,4140.677
0,4255.606
0,4386.262
0,4625.327
0,4854.757
0,4809.419
0,4672.663
0,4452.476
0,4218.057
0,4008.302
0,3874.946
0,3796.49
0,3760.758
0,3831.855
0,4062.73
0,4451.769
0,4667.433
0,4491.041
0,4241.459
0,3952.287
0,3744.155
0,3653.731
0,3608.963
0,3610.343
0,3696.941
0,3925.667
0,4256.545
0,4574.428
0,4817.304
0,4812.006
0,4678.606
0,4523.894
0,4335.29
0,4163.668
0,4029.271
0,3936.938
0,3880.739
0,3894.591
0,3965.456
0,4098.701
0,4123.145
0,3985.334
0,3817.702
0,3567.683
0,3475.065
0,3231.023
0,3232.812
0,3686.995
0,3447.968
0,3556.625
0,3959.592
0,4122.403
0,4368.303
0,4404.092
0,4352.196
0,4251.806
0,4103.75
0,3997.806
0,3904.452
0,3834.496
0,3823.973
0,3856.212
0,3943.351
0,4039.489
0,4030.634
0,3852.967
0,3579.685
0,3358.292
0,3210.277
0,3124.887
0,3103.335
0,3135.595
0,3259.248
0,3564.137
0,4017.24
0,4355.95
0,4625.613
0,4663.958
0,4553.923
0,4387.759
0,4165.344
0,3976.336
0,3853.296
0,3789.653
0,3786.781
0,3885.552
0,4118.234
0,4504.446
0,4778.839
0,4919.54
0,5038.69
0,5080.89
0,5048.337
0,5035.27
0,5028.868
0,5000.426
0,5017.586
0,4957.467
0,4754.75
0,4793.729
0,4990.031
0,4961.705
0,4799.686
0,4585.859
0,4300.518
0,4098.624
0,3962.492
0,3865.029
0,3838.009
0,3896.786
0,4107.923
0,4460.647
0,4564.337
0,4400.958
0,4154.663
0,3831.519
0,3646.648
0,3567.187
0,3530.163
0,3536.659
0,3675.843
0,3884.817
0,4189.944
0,4470.184
0,4749.814
0,4744.657
0,4590.444
0,4355.957
0,4107.597
0,3933.367
0,3789.313
0,3724.304
0,3732.089
0,3813.88
0,4053.245
0,4413.562
0,4623.466
0,4519.638
0,4469.874
0,4492.111
0,4214.738
0,3970.789
0,4382.231
0,4133.787
0,4230.59
0,4314.478
0,4466.958
0,4724.345
0,4990.455
0,5014.329
0,4869.81
0,4629.99
0,4389.324
0,4195.284
0,4087.918
0,4032.922
0,4029.276
0,4104.942
0,4345.709
0,4707.007
0,4873.002
0,4603.356
0,4277.395
0,3989.965
0,3779.271
0,3655.555
0,3607.699
0,3588.242
0,3680.59
0,3892.816
0,4232.552
0,4561.908
0,4838.119
0,4891.982
0,4775.708
0,4564.851
0,4336.157
0,4146.297
0,3994.44
0,3897.066
0,3865.421
0,3920.146
0,4115.577
0,4440.144
0,4563.585
0,4447.376
0,4156.172
0,3887.926
0,3999.746
0,4000.342
0,3876.208
0,4097.62
0,4142.613
0,4346.894
0,4467.541
0,4518.344
0,4623.708
0,4577.194
0,4464.151
0,4278.036
0,4072.199
0,3873.023
0,3719.292
0,3598.827
0,3541.239
0,3540.969
0,3600.032
0,3710.545
0,3739.02
0,3765.608
0,3723.884
0,3476.027
0,3248.286
0,3321.038
0,3444.784
0,3785.829
0,3828.415
0,3915.541
0,4196.665
0,4262.086
0,4332.358
0,4286.274
0,4194.969
0,4030.075
0,3870.781
0,3692.461
0,3566.937
0,3482.259
0,3441.624
0,3438.803
0,3498.045
0,3596.436
0,3671.782
0,3790.097
0,3894.469
0,3911.528
0,3930.565
0,3905.707
0,3751.173
0,3688.929
0,3754.75
0,3910.737
0,4082.965
0,4277.589
0,4479.902
0,4492.937
0,4372.921
0,4189.618
0,3983.002
0,3802.466
0,3665.104
0,3595.922
0,3572.583
0,3645.629
0,3848.31
0,4156.196
0,4394.199
0,4446.464
0,4472.268
0,4449.805
0,4251.61
0,4036.59
0,3985.584
0,4199.244
0,4349.401
0,4484.2
0,4728.84
0,4759.051
0,4880.593
0,4836.456
0,4619.892
0,4345.135
0,4080.26
0,3865.063
0,3701.987
0,3587.84
0,3516.951
0,3544.112
0,3759.424
0,4118.926
0,4303.532
0,4152.574
0,3911.202
0,3695.597
0,3503.32
0,3382.418
0,3369.13
0,3393.869
0,3513.011
0,3740.874
0,4063.086
0,4407.93
0,4690.881
0,4754.135
0,4637.427
0,4423.003
0,4200.765
0,3996.154
0,3873.886
0,3814.93
0,3809.066
0,3898.208
0,4140.614
0,4505.238
0,4620.921
0,4394.324
0,4132.578
0,3846.956
0,3617.075
0,3518.303
0,3637.006
0,4016.887
0,4297.474
0,4458.121
0,4658.866
0,4830.568
0,4999.735
0,4941.595
0,4783.384
0,4513.697
0,4250.42
0,4030.822
0,3877.938
0,3797.642
0,3756.493
0,3814.867
0,4010.329
0,4357.362
0,4591.828
0,4709.776
0,4812.067
0,4789.67
0,4587.744
0,4499.835
0,4435.644
0,4279.603
0,4447.06
0,4539.557
0,4661.205
0,4730.136
0,4881.51
0,4888.859
0,4749.61
0,4538.478
0,4266.654
0,4030.178
0,3864.3
0,3750.038
0,3689.048
0,3685.753
0,3861.498
0,4144.388
0,4388.482
0,4450.759
0,4339.696
0,4389.506
0,4231.722
0,4110.047
0,3927.463
0,4090.969
0,4201.833
0,4202.247
0,4353.876
0,4393.471
0,4539.31
0,4537.546
0,4412.522
0,4210.197
0,3994.972
0,3776.689
0,3621.509
0,3507.418
0,3447.762
0,3434.263
0,3488.48
0,3587.896
0,3691.969
0,3850.733
0,3978.641
0,4096.98
0,4136.592
0,4129.35
0,4094.405
0,4128.376
0,4116.666
0,4220.345
0,4273.307
0,4296.494
0,4430.816
0,4427.679
0,4338.495
0,4191.299
0,4013.998
0,3862.401
0,3734.559
0,3621.605
0,3558.959
0,3542.371
0,3572.9
0,3634.658
0,3707.484
0,3825.905
0,3916.874
0,3980.473
0,3915.077
0,3967.85
0,3907.205
0,3994.395
0,3836.409
0,3724.501
0,4055.735
0,4172.641
0,4388.018
0,4431.516
0,4328.459
0,4137.055
0,3926.145
0,3748.984
0,3620.656
0,3541.458
0,3551.438
0,3637.783
0,3885.067
0,4279.162
0,4588.212
0,4762.008
0,4860.523
0,4941.626
0,4961.692
0,4931.166
0,4955.193
0,4969.138
0,4992.043
0,5000.437
0,5005.281
0,4993.5
0,5068.487
0,5023.442
0,4864.688
0,4587.513
0,4301.512
0,4062.877
0,3924.021
0,3847.893
0,3804.786
0,3869.973
0,4090.672
0,4429.089
0,4613.72
0,4377.435
0,4044.983
0,3826.714
0,3733.483
0,3779.647
0,3835.649
0,3849.15
0,3877.725
0,4132.534
0,4387.744
0,4706.999
0,4993.513
0,5120.403
0,5005.834
0,4771.906
0,4527.309
0,4332.169
0,4203.956
0,4132.251
0,4117.447
0,4197.296
0,4426.045
0,4724.747
0,4813.584
0,4536.845
0,4223.463
0,3921.396
0,3707.108
0,3633.725
0,3652.338
0,3605.276
0,3649.078
0,3859.122
0,4163.428
0,4471.773
0,4812.625
0,4936.654
0,4829.251
0,4603.76
0,4358.034
0,4151.518
0,4024.551
0,3926.517
0,3913.742
0,3979.351
0,4183.172
0,4528.041
0,4706.241
0,4517.814
0,4205.13
0,3858.237
0,3787.551
0,3931.1
0,4280.932
0,4519.82
0,4682.391
0,4745.726
0,4788.34
0,4818.665
0,4983.084
0,4971.858
0,4815.398
0,4570.447
0,4328.81
0,4104.624
0,3965.14
0,3868.863
0,3836.162
0,3873.85
0,4080.019
0,4388.292
0,4648.869
0,4807.492
0,4852.373
0,4837.816
0,4840.078
0,4753.121
0,4744.451
0,4750.433
0,4747.68
0,4741.185
0,4725.914
0,4795.815
0,4906.741
0,4892.704
0,4777.8
0,4576.565
0,4374.849
0,4176.337
0,4051.034
0,3963.505
0,3934.584
0,3944.527
0,4036.929
0,4151.029
0,4264.148
0,4407.817
0,4536.815
0,4586.455
0,4619.684
0,4605.108
0,4511.694
0,4495.935
0,4471.326
0,4531.382
0,4609.993
0,4656.878
0,4798.048
0,4815.07
0,4714.971
0,4550.315
0,4362.804
0,4188.705
0,4040.064
0,3923.328
0,3853.138
0,3833.358
0,3848.428
0,3927.95
0,3918.287
0,3902.085
0,3747.493
0,3821.261
0,3804.06
0,3635.122
0,3497.42
0,3468.133
0,3569.785
0,3825.204
0,3958.609
0,4090.672
0,4311.721
0,4457.308
0,4373.428
0,4216.893
0,3982.85
0,3819.552
0,3714.63
0,3662.644
0,3659.482
0,3731.92
0,3956.447
0,4215.47
0,4302.282
0,4258.417
0,4397.583
0,4275.347
0,4277.688
0,4045.547
0,3858.206
0,3730.828
0,3804.382
0,3952.502
0,4198.055
0,4370.918
0,4550.635
0,4639.772
0,4479.512
0,4261.771
0,3999.684
0,3794.945
0,3646.407
0,3562.394
0,3513.67
0,3575.661
0,3756.089
0,4056.776
0,4276.47
0,4369.915
0,4289.732
0,4250.892
0,4387.551
0,4114.636
0,3770.45
0,3937.039
0,3895.841
0,3859.52
0,3997.833
0,4253.976
0,4460.004
0,4587.322
0,4463.686
0,4260.952
0,4038.297
0,3867.263
0,3729.24
0,3650.814
0,3623.133
0,3677.185
0,3879.429
0,4147.636
0,4281.492
0,4280.207
0,4362.814
0,4200.49
0,4139.968
0,4030.101
0,4077.751
0,4077.159
0,4046.738
0,4144.71
0,4287.733
0,4472.498
0,4738.974
0,4808.172
0,4682.387
0,4479.599
0,4222.053
0,4028.664
0,3891.887
0,3799.244
0,3767.671
0,3823.827
0,4034.972
0,4240.121
0,4279.455
0,4055.752
0,3805.782
0,3562.575
0,3414.987
0,3325.824
0,3321.164
0,3328.967
0,3442.026
0,3649.633
0,3936.46
0,4217.584
0,4434.183
0,4534.757
0,4429.715
0,4252.023
0,4035.549
0,3850.356
0,3719.094
0,3647.498
0,3623.295
0,3674.489
0,3844.771
0,3942.233
0,3916.054
0,3718.468
0,3483.346
0,3302.116
0,3182.321
0,3138.104
0,3217.669
0,3393.608
0,3585.296
0,3884.361
0,4068.865
0,4090.3
0,4254.083
0,4360.316
0,4244.088
0,4087.017
0,3889.034
0,3712.109
0,3560.434
0,3466.855
0,3388.491
0,3380.674
0,3431.055
0,3495.656
0,3535.794
0,3704.338
0,3785.082
0,3760.646
0,3518.156
0,3334.801
0,3537.226
0,3447.913
0,3736.94
0,4155.328
0,4487.993
0,4500.661
0,4634.555
0,4718.03
0,4638.325
0,4487.969
0,4276.043
0,4059.904
0,3881.281
0,3726.774
0,3622.415
0,3559.553
0,3522.378
0,3445.338
0,3373.274
0,3300.844
0,3211.042
0,3060.423
0,2831.72
0,2766.394
0,2764.219
0,2867.847
0,3018.216
0,3267.808
0,3560.23
0,3819.526
0,4014.667
0,4168.085
0,4098.277
0,3924.172
0,3723.115
0,3543.903
0,3411.119
0,3344.039
0,3321.651
0,3384.394
0,3581.414
0,3771.977
0,4032.007
0,4110.907
0,4163.859
0,4049.3
0,3789.429
0,3978.007
0,4151.693
0,4236.807
0,4275.359
0,4370.428
0,4437.97
0,4497.454
0,4600.932
0,4602.413
0,4436.335
0,4202.882
0,3962.036
0,3763.546
0,3620.019
0,3526.792
0,3493.15
0,3540.594
0,3708.575
0,3917.351
0,4083.284
0,4004.463
0,3848.065
0,3687.717
0,3679.224
0,3773.397
0,3851.518
0,4020.929
0,4300.678
0,4524.182
0,4690.765
0,4770.46
0,4848.883
0,4899.418
0,4702.182
0,4421.464
0,4137.574
0,3858.005
0,3683.145
0,3549.761
0,3493.64
0,3524.656
0,3664.526
0,3826.772
0,3945.303
0,3792.343
0,3675.775
0,3555.48
0,3514.206
0,3531.973
0,3664.928
0,3799.476
0,4026.266
0,4327.796
0,4610.169
0,4757.216
0,4840.199
0,4875.392
0,4694.328
0,4385.154
0,4087.314
0,3828.472
0,3658.403
0,3534.373
0,3475.003
0,3489.917
0,3647.221
0,3794.374
0,3910.841
0,3887.784
0,3789.22
0,3756.897
0,3740.535
0,3805.374
0,3916.274
0,4046.381
0,4286.256
0,4611.729
0,4825.126
0,4933.46
0,5008.479
0,5032.146
0,4851.595
0,4576.074
0,4257.335
0,3981.949
0,3766.32
0,3616.249
0,3530.419
0,3539.202
0,3667.095
0,3803.788
0,3944.723
0,3960.173
0,3915.375
0,3795.843
0,3788.66
0,3871.62
0,4036.659
0,4236.96
0,4442.463
0,4686.654
0,4891.51
0,4926.355
0,4933.982
0,4922.136
0,4751.412
0,4547.403
0,4322.05
0,4095.162
0,3896.233
0,3748.583
0,3660.954
0,3626.897
0,3661.421
0,3692.146
0,3786.987
0,3936.401
0,4017.267
0,4123.747
0,4151.333
0,4226.122
0,4260.942
0,4275.574
0,4295.949
0,4458.961
0,4363.524
0,4548.609
0,4609.14
0,4640.224
0,4416.953
0,4161.106
0,3896.267
0,3680.66
0,3514.399
0,3401.407
0,3325.762
0,3309.317
0,3324.847
0,3280.293
0,3263.811
0,3218.628
0,3144.304
0,3051.253
0,2936.478
0,2866.751
0,3042.318
0,3064.943
0,3103.701
0,3311.563
0,3574.553
0,3900.86
0,4110.281
0,4273.955
0,4179.007
0,3994.708
0,3768.34
0,3586.983
0,3455.208
0,3380.528
0,3355.894
0,3423.288
0,3616.039
0,3830.659
0,3909.974
0,3766.239
0,3620.513
0,3523.643
0,3468.354
0,3482.833
0,3550.81
0,3675.119
0,3897.239
0,4205.597
0,4517.632
0,4732.46
0,4792.785
0,4814.865
0,4615.271
0,4321.609
0,4023.723
0,3768.063
0,3594.037
0,3486.62
0,3427.681
0,3469.572
0,3628.41
0,3832.783
0,3955.159
0,3843.252
0,3709.913
0,3621.91
0,3599.257
0,3635.164
0,3872.691
0,4091.688
0,4293.188
0,4674.323
0,4979.584
0,5126.246
0,5196.556
0,5258.122
0,5093.368
0,4819.308
0,4491.519
0,4215.012
0,4002.254
0,3853.84
0,3768.295
0,3783.05
0,3949.779
0,4188.594
0,4428.779
0,4293.387
0,4134.361
0,4051.726
0,3934.628
0,3919.224
0,4008.293
0,4144.87
0,4379.57
0,4658.932
0,4915.924
0,5044.49
0,5060.58
0,5042.945
0,4824.391
0,4478.281
0,4146.826
0,3873.296
0,3677.782
0,3560.858
0,3492.012
0,3520.364
0,3656.059
0,3835.68
0,3944.877
0,3866.133
0,3763.597
0,3704.88
0,3668.218
0,3674.403
0,3789.615
0,3833.389
0,3997.969
0,4298.664
0,4533.908
0,4685.322
0,4782.116
0,4850.798
0,4677.529
0,4409.915
0,4092.362
0,3883.585
0,3704.84
0,3603.143
0,3534.637
0,3557.522
0,3699.545
0,3871.273
0,4080.258
0,4155.987
0,4234.627
0,4155.222
0,4138.041
0,4279.58
0,4668.314
0,4917.802
0,5098.878
0,5398.549
0,5682.586
0,5780.34
0,5723.244
0,5657.248
0,5446.474
0,5125.812
0,4819.997
0,4510.052
0,4234.649
0,4028.639
0,3875.716
0,3793.496
0,3770.761
0,3722.708
0,3778.197
0,3886.458
0,4050.112
0,4173.335
0,4307.015
0,4685.951
0,4846.873
0,5043.867
0,5214.845
0,5506.926
0,5781.85
0,5817.519
0,5686.365
0,5657.516
0,5461.164
0,5140.859
0,4814.148
0,4512.263
0,4261.805
0,4073.671
0,3921.447
0,3830.06
0,3775.529
0,3679.522
0,3731.991
0,3793.17
0,3880.364
0,4095.898
0,4418.731
0,4466.008
0,4498.921
0,4488.269
0,4496.166
0,4579.684
0,4599.961
0,4667.79
0,4728.405
0,4789.431
0,4646.856
0,4401.883
0,4141.007
0,3917.959
0,3755.267
0,3654.406
0,3608.69
0,3651.283
0,3819.968
0,4074.377
0,4360.184
0,4514.575
0,4618.318
0,4671.551
0,4704.077
0,4688.764
0,4665.9
0,4676.096
0,4675.52
0,4727.005
0,4707.474
0,4735.764
0,4775.664
0,4797.309
0,4623.459
0,4386.092
0,4104.019
0,3880.13
0,3710.534
0,3609.744
0,3561.623
0,3592.672
0,3756.603
0,4027.526
0,4319.05
0,4437.915
0,4479.473
0,4484.976
0,4488.003
0,4388.11
0,4352.817
0,4398.684
0,4443.199
0,4746.16
0,4807.591
0,4842.77
0,4838.82
0,4872.882
0,4700.808
0,4418.25
0,4106.52
0,3857.644
0,3688.062
0,3576.057
0,3525.997
0,3554.388
0,3707.307
0,3885.254
0,4050.451
0,3948.491
0,3821.91
0,3769.275
0,3859.17
0,4022.94
0,4090.07
0,4216.517
0,4417.902
0,4892.049
0,5018.904
0,4936.868
0,5006.242
0,5041.797
0,4862.72
0,4578.528
0,4243.715
0,3974.516
0,3778.739
0,3641.399
0,3567.919
0,3592.415
0,3712.882
0,3906.795
0,4096.011
0,4070.019
0,4062.44
0,4127.768
0,4214.101
0,4454.378
0,4712.226
0,4819.489
0,5007.061
0,5234.702
0,5313.774
0,5229.956
0,5174.106
0,5155.602
0,4963.686
0,4642.727
0,4306.687
0,4035.48
0,3833.013
0,3701.45
0,3622.993
0,3627.267
0,3784.239
0,4002.764
0,4262.434
0,4461.442
0,4596.572
0,4648.842
0,4634.294
0,4614.755
0,4588.058
0,4546.767
0,4491.039
0,4471.655
0,4433.869
0,4389.022
0,4418.724
0,4497.474
0,4386.819
0,4183.448
0,3955.432
0,3753.855
0,3603.113
0,3481.263
0,3421.582
0,3406.205
0,3434.127
0,3408.697
0,3324.097
0,3217.279
0,3060.035
0,2979.453
0,2905.17
0,2893.975
0,2896.369
0,2974.474
0,3153.943
0,3457.288
0,3822.781
0,4119.059
0,4252.677
0,4342.996
0,4273.25
0,4094.054
0,3875.508
0,3685.856
0,3509.948
0,3385.679
0,3315.569
0,3284.944
0,3272.222
0,3199.543
0,3134.88
0,3061.49
0,2993.953
0,2966.893
0,2996.739
0,3077.457
0,3212.856
0,3452.876
0,3779.546
0,4101.605
0,4381.652
0,4577.68
0,4623.161
0,4683.277
0,4572.762
0,4332.197
0,4008.483
0,3744.469
0,3559.097
0,3438.314
0,3375.539
0,3408.632
0,3544.506
0,3721.549
0,3864.308
0,3830.615
0,3741.626
0,3724.017
0,3705.766
0,3793.109
0,3922.887
0,4185.208
0,4481.518
0,4786.502
0,5063.432
0,5137.891
0,5143.471
0,5169.664
0,4999.842
0,4700.257
0,4367.621
0,4083.235
0,3874.664
0,3742.923
0,3670.333
0,3696.505
0,3837.533
0,4075.096
0,4352.444
0,4476.401
0,4495.406
0,4587.286
0,4634.741
0,4727.701
0,4838.999
0,4866.167
0,4795.212
0,4843.248
0,4844.648
0,4848.888
0,4867.081
0,4884.567
0,4725.146
0,4449.571
0,4170.117
0,3926.035
0,3752.859
0,3634.936
0,3571.4
0,3602.223
0,3748.621
0,4109.064
0,4378.011
0,4557.35
0,4687.268
0,4769.179
0,4815.837
0,4745.634
0,4767.657
0,4870.903
0,4878.528
0,4867.788
0,4872.562
0,4850.277
0,4870.41
0,4900.85
0,4763.802
0,4527.59
0,4252.237
0,4033.691
0,3867.476
0,3765.756
0,3709.432
0,3746.5
0,3902.021
0,4150.069
0,4430.852
0,4571.764
0,4657.603
0,4707.015
0,4694.868
0,4700.531
0,4766.048
0,4774.187
0,4819.938
0,4969.329
0,4976.42
0,5023.905
0,5102.429
0,5166.054
0,5065.982
0,4795.131
0,4497.89
0,4226.249
0,4047.178
0,3907.216
0,3828.272
0,3848.409
0,3977.084
0,4174.438
0,4427.418
0,4559.666
0,4587.267
0,4765.834
0,5260.095
0,5333.405
0,5017.05
0,4497.726
0,4724.431
0,5002.266
0,5259.757
0,5306.731
0,5302.722
0,5350.349
0,5215.014
0,4986.105
0,4702.513
0,4396.466
0,4186.213
0,4029.073
0,3928.026
0,3868.695
0,3834.253
0,3796.706
0,3874.694
0,4122.198
0,4346.167
0,4432.888
0,4081.262
0,4079.583
0,4352.865
0,4804.544
0,5126.952
0,5460.37
0,5653.724
0,5791.011
0,5753.7
0,5718.621
0,5527.892
0,5133.321
0,4778.629
0,4450.145
0,4155.529
0,3956.194
0,3808.35
0,3708.382
0,3627.254
0,3531.155
0,3488.302
0,3421.611
0,3387.837
0,3390.083
0,3545.846
0,3821.179
0,3899
0,4050.41
0,4196.74
0,4345.522
0,4580.206
0,4676.158
0,4785.438
0,4895.739
0,4828.247
0,4584.261
0,4283.648
0,4021.962
0,3816.767
0,3681.867
0,3617.616
0,3639.735
0,3751.784
0,3928.452
0,4051.294
0,3973.057
0,3881.562
0,3801.912
0,3781.562
0,3805.926
0,3998.486
0,4214.587
0,4388.965
0,4392.126
0,4651.121
0,4827.273
0,4871.566
0,4871.574
0,4746.078
0,4434.359
0,4111.863
0,3855.34
0,3688.675
0,3573.042
0,3535.168
0,3564.414
0,3694.056
0,3870.813
0,3934.725
0,3810.17
0,3655.168
0,3544.117
0,3522.977
0,3541.23
0,3638.552
0,3804.55
0,3992.208
0,4232.264
0,4440.471
0,4631.566
0,4746.211
0,4790.308
0,4690.999
0,4427.864
0,4135.243
0,3904.919
0,3733.55
0,3632.318
0,3584.774
0,3617.176
0,3752.815
0,3990.76
0,4297.126
0,4474.251
0,4585.184
0,4593.855
0,4648.327
0,4622.899
0,4558.067
0,4579.59
0,4599.593
0,4642.228
0,4649.332
0,4658.739
0,4692.544
0,4735.567
0,4603.778
0,4368.032
0,4117.254
0,3900.322
0,3750.6
0,3666.234
0,3620.137
0,3666.666
0,3830.009
0,4074.068
0,4367.491
0,4466.298
0,4492.813
0,4528.953
0,4548.182
0,4590.221
0,4639.885
0,4671.436
0,4637.318
0,4633.736
0,4667.51
0,4693.48
0,4690.974
0,4748.905
0,4650.548
0,4422.157
0,4177.877
0,3968.944
0,3812.591
0,3712.819
0,3655.104
0,3691.071
0,3822.424
0,3995.718
0,4184.928
0,4273.52
0,4286.202
0,4215.773
0,4236.355
0,4195.206
0,4009.89
0,3933.891
0,3929.977
0,4017.637
0,4226.466
0,4330.829
0,4389.939
0,4513.309
0,4442.493
0,4259.43
0,4068.175
0,3869.601
0,3722.915
0,3614.816
0,3537.04
0,3530.982
0,3530.428
0,3504.203
0,3478.295
0,3370.833
0,3306.331
0,3506.306
0,3633.894
0,3569.384
0,3519.406
0,3347.121
0,3364.955
0,3529.2
0,3731.169
0,3898.834
0,4043.413
0,4182.909
0,4172.559
0,4041.76
0,3875.849
0,3726.807
0,3611.838
0,3505.124
0,3448.18
0,3433.355
0,3392.21
0,3332.57
0,3201.834
0,3054.958
0,3011.779
0,3139.949
0,3230.482
0,3289.741
0,3259.156
0,3356.762
0,3464.877
0,3641.097
0,3757.358
0,3883.448
0,4048.083
0,4192.912
0,4184.12
0,4060.111
0,3892.193
0,3724.323
0,3575.334
0,3479.53
0,3420.427
0,3423.96
0,3415.183
0,3378.03
0,3272.447
0,3144.23
0,3059.366
0,3023.266
0,3078.499
0,3219.069
0,3398.625
0,3562.496
0,3735.835
0,3945.554
0,4221.382
0,4423.404
0,4534.145
0,4605.084
0,4574.214
0,4355.978
0,4071.505
0,3831.222
0,3647.948
0,3524.975
0,3478.926
0,3521.54
0,3614.219
0,3805.316
0,3927.66
0,4004.275
0,4007.407
0,4044.06
0,4200.215
0,4385.295
0,4491.25
0,4670.281
0,4788.73
0,4924.212
0,5000.086
0,4976.58
0,5000.168
0,5050.457
0,4918.659
0,4647.918
0,4339.596
0,4075.391
0,3870.624
0,3758.565
0,3691.084
0,3719.341
0,3829.269
0,4063.6
0,4280.381
0,4330.531
0,4381.815
0,4481.747
0,4571.082
0,4593.258
0,4568.63
0,4504.826
0,4616.238
0,4668.872
0,4693.254
0,4673.54
0,4689.06
0,4726.071
0,4605.185
0,4377.406
0,4119.503
0,3921.762
0,3798.421
0,3699.685
0,3652.733
0,3687.557
0,3849.848
0,4064.983
0,4290.919
0,4368.627
0,4469.678
0,4565.347
0,4619.377
0,4587.23
0,4591.01
0,4523.429
0,4542.44
0,4628.969
0,4651.526
0,4723.568
0,4837.016
0,4945.487
0,4877.966
0,4620.196
0,4339.95
0,4082.843
0,3923.864
0,3800.263
0,3746.147
0,3765.625
0,3904.633
0,4113.852
0,4412.034
0,4561.854
0,4604.655
0,4578.303
0,4537.151
0,4392.029
0,4559.974
0,4797.478
0,5154.952
0,5278.662
0,5289.708
0,5292.756
0,5284.602
0,5290.053
0,5171.545
0,4933.364
0,4652.17
0,4371.63
0,4140.862
0,3969.454
0,3850.201
0,3791.762
0,3749.824
0,3692.368
0,3772.883
0,3833.614
0,3793.89
0,3719.056
0,3726.485
0,3849.626
0,3785.142
0,3788.774
0,3931.289
0,4078.378
0,4120.395
0,4239.092
0,4298.287
0,4375.568
0,4331.859
0,4161.591
0,3967.595
0,3779.924
0,3634.868
0,3516.181
0,3451.2
0,3419.081
0,3383.688
0,3326.885
0,3227.882
0,3140.528
0,3143.596
0,3173.421
0,3075.953
0,3085.634
0,3195.453
0,3372.999
0,3651.912
0,3823.124
0,4007.831
0,4102.147
0,4245.108
0,4399.283
0,4391.389
0,4199.733
0,3959.916
0,3742.78
0,3591.248
0,3497.08
0,3457.785
0,3513.288
0,3615.58
0,3782.652
0,3955.277
0,3916.174
0,3807.408
0,3692.57
0,3656.307
0,3712.303
0,3784.899
0,3993.756
0,4218.065
0,4478.986
0,4740.099
0,4884.487
0,4950.801
0,4967.733
0,4866.922
0,4546.583
0,4218.157
0,3955.789
0,3784.071
0,3662.821
0,3592.609
0,3616.527
0,3723.363
0,3903.946
0,4036.767
0,4035.6
0,3994.83
0,3992.097
0,4050.084
0,4152.514
0,4353.207
0,4570.119
0,4913.484
0,5286.208
0,5506.065
0,5575.157
0,5551.69
0,5470.82
0,5311.358
0,4972.281
0,4584.71
0,4268.4
0,4024.651
0,3864.383
0,3763.26
0,3771.348
0,3854.959
0,4042.501
0,4262.806
0,4343.707
0,4345.91
0,4369.204
0,4549.121
0,4839.088
0,5199.083
0,5569.92
0,6001.707
0,6402.866
0,6685.659
0,6813.547
0,6798.901
0,6629.352
0,6457.025
0,6016.247
0,5543.174
0,5107.144
0,4764.476
0,4527.093
0,4380.593
0,4339.505
0,4398.377
0,4600.177
0,4898.393
0,5112.729
0,5321.507
0,5483.454
0,5690.719
0,6047.903
0,6415.29
0,6810.747
0,7239.536
0,7555.196
0,7737.727
0,7752.486
0,7620.611
0,7467.669
0,7189.637
0,6721.851
0,6197.178
0,5691.228
0,5300.393
0,5015.165
0,4822.697
0,4737.737
0,4763.81
0,4922.015
0,5207.889
0,5398.216
0,5661.976
0,5940.687
0,6299.064
0,6593.329
0,6989.261
0,7244.144
0,7533.085
0,7673.348
0,7360.464
0,6948.661
0,6828.964
0,6681.188
0,6485.611
0,6135.36
0,5736.161
0,5332.407
0,5011.195
0,4784.689
0,4613.734
0,4503.769
0,4425.388
0,4427.868
0,4561.627
0,4741.444
0,5012.127
0,5097.773
0,5326.866
0,5437.602
0,5496.769
0,5267.986
0,5335.31
0,5450.823
0,5753.152
0,5809.349
0,5808.645
0,5649.083
0,5524.804
0,5264.154
0,4944.202
0,4646.243
0,4374.093
0,4176.492
0,4037.537
0,3936.216
0,3837.426
0,3762.887
0,3792.092
0,3851.527
0,4003.949
0,4189.901
0,4374.675
0,4553.75
0,4906.211
0,4989.533
0,5085.791
0,5020.799
0,4968.824
0,4929.795
0,4925.122
0,4966.465
0,4897.795
0,4684.137
0,4395.002
0,4132.766
0,3951.886
0,3819.455
0,3776.217
0,3803.763
0,3952.186
0,4191.812
0,4505.132
0,4708.602
0,4799.137
0,4792.36
0,4762.742
0,4779.756
0,4797.118
0,4822.772
0,4861.227
0,4894.944
0,4894.559
0,4935.906
0,5017.629
0,5005.542
0,4916.449
0,4671.92
0,4390.096
0,4151.433
0,3972.842
0,3831.982
0,3783.408
0,3821.717
0,3969.292
0,4219.478
0,4542.213
0,4748.883
0,4858.024
0,4913.388
0,4829.338
0,4737.422
0,4861.323
0,4857.236
0,4862.698
0,5022.908
0,5478.023
0,5744.127
0,5782.978
0,5710.577
0,5596.762
0,5252.655
0,4873.423
0,4513.846
0,4260.075
0,4085.174
0,3969.099
0,3944.785
0,4012.423
0,4199.446
0,4438.441
0,4531.111
0,4644.273
0,4749.771
0,4861.899
0,5015.698
0,5315.739
0,5601.073
0,5963.23
0,6255.192
0,6505.639
0,6617.757
0,6557.103
0,6337.014
0,6167.817
0,5734.281
0,5279.114
0,4852.272
0,4529.764
0,4322.245
0,4183.699
0,4172.661
0,4234.053
0,4457.968
0,4745.961
0,4969.79
0,5173.564
0,5406.506
0,5676.624
0,6015.014
0,6420.878
0,6821.367
0,7276.457
0,7639.374
0,7747.852
0,7654.305
0,7519.273
0,7284.534
0,7039.931
0,6551.682
0,6020.193
0,5541.691
0,5153.224
0,4869.743
0,4662.425
0,4559.754
0,4569.191
0,4663.776
0,4860.246
0,4997.364
0,5068.015
0,5150.289
0,5259.305
0,5472.054
0,5643.278
0,5778.496
0,5934.139
0,6112.494
0,6205.088
0,6094.145
0,5925.338
0,5783.873
0,5644.322
0,5350.485
0,5011.169
0,4713.293
0,4447.862
0,4249.339
0,4112.89
0,4052.435
0,4043.419
0,4116.451
0,4167.895
0,4300.541
0,4490.525
0,4559.415
0,4664.137
0,4634.696
0,4611.877
0,4540.669
0,4456.38
0,4473.643
0,4544.923
0,4580.55
0,4621.189
0,4674.59
0,4617.726
0,4454.456
0,4240.673
0,4027.123
0,3849.895
0,3729.816
0,3643.315
0,3625.872
0,3608.743
0,3601.956
0,3681.932
0,3801.888
0,3953.466
0,4103.596
0,4174.197
0,4140.86
0,4146.509
0,4123.388
0,4183.545
0,4234.475
0,4287.12
0,4345.733
0,4404.316
0,4525.469
0,4501.87
0,4329.836
0,4133.68
0,3927.177
0,3781.557
0,3696.457
0,3659.697
0,3710.297
0,3866.347
0,4124.557
0,4457.677
0,4656.161
0,4794.512
0,4852.856
0,4857.382
0,4864.167
0,4907.531
0,4883.085
0,4884.8
0,4939.682
0,4939.489
0,4897.211
0,4849.812
0,4885.207
0,4799.498
0,4545.046
0,4282.708
0,4038.807
0,3875.352
0,3768.033
0,3713.155
0,3740.24
0,3887.21
0,4125.691
0,4449.487
0,4594.689
0,4681.678
0,4752.579
0,4797.115
0,4810.289
0,4912.877
0,4934.022
0,4956.34
0,5109.47
0,5136.709
0,5170.365
0,5238.918
0,5276.375
0,5213.049
0,4946.51
0,4645.934
0,4359.268
0,4144.425
0,4019.394
0,3950.351
0,3984.877
0,4123.976
0,4380.896
0,4681.031
0,4894.413
0,5009.305
0,5140.653
0,5181.305
0,5380.778
0,5577.754
0,5967.344
0,6497.023
0,7023.225
0,7216.038
0,7119.607
0,6954.427
0,6769.741
0,6637.139
0,6216.484
0,5773.809
0,5366.411
0,5029.868
0,4809.05
0,4682.4
0,4671.428
0,4729.542
0,4968.217
0,5359.484
0,5726.13
0,6112.551
0,6558.015
0,7021.621
0,7396.21
0,7722.559
0,7885.176
0,8022.494
0,7797.692
0,7826.814
0,7693.82
0,7273.985
0,6861.302
0,6544.115
0,6142.67
0,5697.127
0,5309.057
0,5000.698
0,4753.623
0,4475.737
0,4367.214
0,4339.299
0,4473.481
0,4656.27
0,4779.823
0,4849.347
0,4946.812
0,5131.25
0,5447.079
0,5741.272
0,6083.258
0,6374.319
0,6658.177
0,6785.501
0,6786.61
0,6672.786
0,6535.766
0,6388.288
0,6065.404
0,5681.319
0,5266.547
0,4923.561
0,4682.258
0,4518.692
0,4423.117
0,4332.481
0,4344.326
0,4484.632
0,4745.602
0,4992.979
0,5278.436
0,5631.389
0,6015.504
0,6329.021
0,6632.906
0,6979.724
0,7212.473
0,7426.937
0,7364.39
0,7277.687
0,7136.717
0,6984.014
0,6643.78
0,6290.161
0,5905.963
0,5543.484
0,5256.717
0,5081.753
0,4947.389
0,4851.837
0,4795.78
0,4898.562
0,5022.42
0,5235.063
0,5546.861
0,5555.807
0,5514.753
0,5638.144
0,5886.796
0,6321.361
0,6725.925
0,7197.654
0,7611.235
0,7699.715
0,7683.547
0,7600.593
0,7267.23
0,6811.559
0,6445.321
0,6104.6
0,5880.766
0,5720.932
0,5679.34
0,5750.997
0,6009.437
0,6520.351
0,7059.03
0,7523.611
0,7948.122
0,8321.975
0,8694.884
0,9082.084
0,9358.182
0,9546.653
0,9811.226
0,10005.502
0,10067.798
0,9929.675
0,9687.334
0,9431.101
0,8911.954
0,8343.442
0,7812.292
0,7336.207
0,6962.262
0,6693.476
0,6536.913
0,6462.53
0,6623.882
0,7082.472
0,7482.477
0,7839.567
0,8226.301
0,8586.942
0,8917.99
0,9233.132
0,9513.708
0,9773.394
0,10014.346
0,10185.45
0,10229.491
0,10173.279
0,9777.83
0,9397.042
0,8898.671
0,8254.416
0,7691.809
0,7226.613
0,6863.069
0,6604.653
0,6459.164
0,6401.532
0,6600.337
0,7057.976
0,7447.239
0,7827.305
0,8191.263
0,8554.431
0,8874.288
0,9250.017
0,9482.665
0,9739.327
0,9960.646
0,10181.689
0,10125.463
0,9892.348
0,9582.727
0,9260.673
0,8756.75
0,8136.627
0,7633.477
0,7175.42
0,6837.115
0,6578.161
0,6445.753
0,6352.681
0,6429.219
0,6705.885
0,6825.642
0,6997.261
0,6931.009
0,6737.389
0,6547.227
0,6408.638
0,6350.915
0,6424.717
0,6650.699
0,6653.452
0,6507.542
0,6259.86
0,6123.656
0,5892.213
0,5579.581
0,5220.106
0,4878.95
0,4634.806
0,4473.479
0,4363.774
0,4337.779
0,4417.244
0,4557.181
0,4792.216
0,4968.453
0,5076.596
0,5161.973
0,5098.195
0,5028.907
0,5149.41
0,5134.241
0,5081.424
0,5060.281
0,5081.947
0,5006.69
0,4969.781
0,4994.186
0,4940.511
0,4756.328
0,4566.644
0,4355.585
0,4152.356
0,4013.01
0,3938.955
0,3905.673
0,3932.031
0,3977.851
0,4101.304
0,4204.903
0,4361.103
0,4383.433
0,4483.296
0,4694.122
0,4904.513
0,5179.957
0,5701.053
0,6315.819
0,6833.405
0,7122.418
0,7099.001
0,6968.777
0,6885.164
0,6602.107
0,6275.694
0,5953.686
0,5640.859
0,5390.797
0,5192.414
0,5074.755
0,4951.007
0,4915.864
0,5091.266
0,5326.093
0,5584.179
0,5949.912
0,6314.298
0,6585.901
0,6937.981
0,7284.334
0,7470.223
0,7778.642
0,8105.663
0,8225.834
0,8224.753
0,7939.786
0,7655.929
0,7136.82
0,6633.203
0,6065.476
0,5668.548
0,5357.317
0,5152.699
0,5086.19
0,5093.354
0,5283.462
0,5603.666
0,5882.448
0,6235.256
0,6642.613
0,7088.658
0,7535.563
0,8022.533
0,8364.406
0,8547.974
0,8578.796
0,8383.282
0,7858.843
0,7672.484
0,7520.762
0,7363.597
0,6967.751
0,6528.161
0,6135.375
0,5833.796
0,5588.417
0,5388.841
0,5328.987
0,5405.908
0,5585.419
0,5844.768
0,6053.04
0,6358.688
0,6808.006
0,7212.767
0,7608.659
0,8206.914
0,8449.716
0,8787.942
0,8739.758
0,8336.249
0,7982.97
0,7593.96
0,7245.714
0,6947.985
0,6603.582
0,6196.531
0,5788.441
0,5477.575
0,5258.058
0,5149.449
0,5073.847
0,5150.325
0,5295.3
0,5549.077
0,5794.087
0,5939.535
0,6014.233
0,6258.977
0,6407.124
0,6620.897
0,6964.139
0,7275.868
0,7598.506
0,7818.678
0,7929.364
0,7831.693
0,7535.291
0,7303.717
0,6839.09
0,6379.446
0,5910.648
0,5515.394
0,5214.365
0,5007.633
0,4915.635
0,4901.728
0,5059.349
0,5356.959
0,5649.262
0,5915.755
0,6237.893
0,6544.859
0,6849.965
0,7181.054
0,7438.371
0,7700.271
0,8032.68
0,7985.732
0,7394.289
0,6863.547
0,6458.228
0,6178.306
0,5826.871
0,5419.011
0,5014.313
0,4707.327
0,4482.556
0,4295.778
0,4206.741
0,4133.596
0,4073.064
0,4088.54
0,4106.908
0,4168.832
0,4335.348
0,4552.407
0,4678.614
0,4929.939
0,5216.962
0,5549.644
0,5916.938
0,6198.38
0,6303.143
0,6173.096
0,5891.922
0,5660.959
0,5417.556
0,5143.111
0,4819.862
0,4530.356
0,4299.637
0,4133.265
0,4043.363
0,3950.251
0,3887.073
0,3941.919
0,4044.857
0,4205.501
0,4477.906
0,4695.59
0,5055.694
0,5380.781
0,5707.416
0,6080.009
0,6467.909
0,6798.356
0,6922.3
0,6874.827
0,6602.122
0,6431.328
0,6108.805
0,5733.714
0,5364.802
0,5041.812
0,4780.246
0,4601.389
0,4493.395
0,4384.712
0,4299.028
0,4374.17
0,4553.561
0,4839.931
0,5153.503
0,5494.477
0,5863.373
0,6222.75
0,6593.898
0,6962.388
0,7361.419
0,7691.786
0,7931.536
0,7912.88
0,7688.107
0,7562.174
0,7146.172
0,6731.694
0,6291.227
0,5926.668
0,5686.656
0,5551.74
0,5540.934
0,5639.345
0,5836.514
0,6177.742
0,6449.517
0,6663.054
0,6958.113
0,7328.053
0,7734.265
0,8097.804
0,8392.07
0,8644.263
0,8668.517
0,8431.605
0,8160.873
0,8050.347
0,7891.178
0,7673.575
0,7253.599
0,6769.617
0,6315.109
0,5964.859
0,5735.778
0,5597.422
0,5577.395
0,5643.478
0,5867.819
0,6286.416
0,6614.996
0,7006.356
0,7396.87
0,7803.147
0,8212.187
0,8641.986
0,8970.167
0,9203.955
0,9515.593
0,9667.344
0,9286.857
0,8726.538
0,8099.783
0,7720.893
0,7256.059
0,6736.634
0,6253.381
0,5891.801
0,5639.327
0,5468.009
0,5422.032
0,5497.157
0,5704.801
0,5993.76
0,6240.752
0,6507.444
0,6841.717
0,7187.325
0,7546.183
0,7871.092
0,8168.521
0,8420.604
0,8707.538
0,8949.547
0,8919.966
0,8716.578
0,8488.198
0,7970.306
0,7257.48
0,6667.31
0,6152.817
0,5759.318
0,5460.03
0,5259.014
0,5173.663
0,5221.376
0,5356.559
0,5643.222
0,5871.787
0,5936.66
0,5997.351
0,6047.987
0,6327.481
0,6734.603
0,7110.332
0,7194.589
0,7402.228
0,7505.821
0,7528.04
0,7534.254
0,7282.718
0,7086.57
0,6662.904
0,6177.743
0,5767.993
0,5451.937
0,5222.383
0,5092.333
0,5065.917
0,5124.738
0,5293.326
0,5596.382
0,5851.044
0,6011.523
0,6250.593
0,6516.73
0,6775.908
0,7162.86
0,7479.107
0,7698.948
0,7950.945
0,8131.192
0,8132.749
0,7903.168
0,7577.303
0,7316.144
0,6865.608
0,6464.719
0,6040.792
0,5693.993
0,5439.884
0,5223.771
0,5106.276
0,5039.529
0,5021.718
0,5177.022
0,5412.799
0,5636.359
0,5923.96
0,6270.495
0,6588.629
0,6848.211
0,7126.241
0,7330.136
0,7498.278
0,7582.196
0,7570.707
0,7351.46
0,7137.742
0,6934.821
0,6581.942
0,6228.971
0,5917.658
0,5599.171
0,5359.13
0,5193.205
0,5080.911
0,4999.481
0,4918.707
0,4943.003
0,5044.243
0,5320.844
0,5689.114
0,5967.449
0,6187.319
0,6449.191
0,6672.763
0,6914.632
0,7246.87
0,7436.412
0,7515.858
0,7435.508
0,7263.415
0,7125.752
0,6761.564
0,6375.813
0,5994.49
0,5715.827
0,5519.828
0,5401.775
0,5396.498
0,5511.627
0,5700.118
0,6012.68
0,6269.644
0,6586.308
0,6833.964
0,7156.38
0,7406.185
0,7843.079
0,8136.723
0,8381.927
0,8441.073
0,8235.647
0,7764.913
0,7373.465
0,7094.326
0,6807.219
0,6445.387
0,6066.463
0,5702.18
0,5418.235
0,5216.521
0,5130.113
0,5118.784
0,5255.154
0,5462.643
0,5777.06
0,6032.294
0,6288.314
0,6493.933
0,6654.088
0,6831.883
0,7115.747
0,7537.523
0,7900.834
0,8179.309
0,8460.817
0,8558.921
0,8480.915
0,8247.966
0,8024.536
0,7594.436
0,7009.24
0,6547.692
0,6183.688
0,5886.241
0,5697.232
0,5625.482
0,5678.375
0,5882.483
0,6274.152
0,6619.822
0,6981.327
0,7374.702
0,7726.47
0,8047.922
0,8335.544
0,8642.648
0,8931.953
0,9091.608
0,9082.941
0,8958.079
0,8709.98
0,8461.681
0,8197.55
0,7774.485
0,7299.496
0,6803.009
0,6411.49
0,6106.756
0,5872.724
0,5794.864
0,5803.874
0,5939.889
0,6239.538
0,6414.038
0,6561.724
0,6800.279
0,7280.004
0,7659.623
0,8219.43
0,8501.282
0,8737.967
0,8995.826
0,9252.204
0,9266.578
0,9185.859
0,9008.989
0,8752.19
0,8229.358
0,7575.417
0,6907.81
0,6403.108
0,5991.406
0,5742.137
0,5590.217
0,5565.811
0,5615.78
0,5799.718
0,5902.119
0,5895.84
0,5966.393
0,6360.714
0,6386.549
0,6462.027
0,6501.314
0,6772.479
0,7169.791
0,7333.585
0,7360.372
0,7228.96
0,6934.474
0,6705.255
0,6255.367
0,5865.601
0,5475.69
0,5143.795
0,4906.733
0,4747.284
0,4641.713
0,4623.546
0,4606.203
0,4726.257
0,4952.112
0,5261.451
0,5519.641
0,5761.675
0,6022.925
0,6083.283
0,5995.043
0,6019.399
0,6110.366
0,6210.732
0,6182.309
0,6236.813
0,6230.386
0,6164.128
0,5987.297
0,5768.672
0,5500.988
0,5291.93
0,5122.498
0,5013.242
0,4952.897
0,4953.049
0,4920.867
0,5021.975
0,5217.563
0,5507.274
0,5857.974
0,6268.333
0,6583.504
0,6978.185
0,7165.369
0,7644.906
0,8063.636
0,7899.935
0,7945.361
0,7859.592
0,7731.693
0,7589.28
0,7121.088
0,6642.899
0,6194.145
0,5780.485
0,5454.332
0,5210.641
0,5102.458
0,5100.951
0,5233.601
0,5543.646
0,5754.132
0,5921.355
0,6117.73
0,6420.537
0,6676.963
0,6931.337
0,7202.44
0,7445.138
0,7697.624
0,7807.95
0,7782.49
0,7599.291
0,7257.271
0,6912.366
0,6415.245
0,5842.671
0,5388.209
0,5012.52
0,4758.601
0,4581.622
0,4518.078
0,4559.468
0,4679.685
0,4870.347
0,4976.754
0,5085.352
0,5227.668
0,5463.398
0,5800.945
0,6060.057
0,6341.741
0,6468.96
0,6615.622
0,6763.133
0,6733.275
0,6612.646
0,6419.133
0,6253.526
0,5874.833
0,5473.637
0,5100.173
0,4787.945
0,4571.847
0,4457.581
0,4451.26
0,4547.82
0,4692.826
0,4973.353
0,5163.441
0,5332.039
0,5508.972
0,5816.49
0,6081.309
0,6379.987
0,6545.256
0,6778.81
0,6993.365
0,7197.064
0,7210.935
0,6976.578
0,6717.133
0,6470.393
0,6049.596
0,5625.265
0,5225.187
0,4896.288
0,4650.804
0,4524.708
0,4501.322
0,4589.515
0,4748.6
0,5020.498
0,5261.784
0,5438.321
0,5684.734
0,6024.595
0,6472.907
0,6985.71
0,7446.989
0,7697.561
0,7920.029
0,8188.886
0,8320.055
0,8193.576
0,7956.179
0,7720.679
0,7266.378
0,6723.17
0,6230.757
0,5830.733
0,5554.772
0,5366.214
0,5331.201
0,5397.408
0,5565.215
0,5958.18
0,6321.464
0,6741.103
0,7224.409
0,7725.816
0,8178.094
0,8694.591
0,9112.298
0,9276.215
0,8815.267
0,8881.102
0,8341.872
0,8061.829
0,7924.411
0,7713.951
0,7349.472
0,6980.767
0,6509.56
0,6120.909
0,5824.829
0,5602.078
0,5437.154
0,5338.849
0,5277.061
0,5393.073
0,5542.827
0,5695.045
0,5879.163
0,6124.072
0,6364.635
0,6506.381
0,6751.269
0,6962.957
0,6970.827
0,7010.237
0,6904.752
0,6693.235
0,6561.129
0,6419.258
0,6094.032
0,5758.393
0,5484.777
0,5216.653
0,5013.469
0,4870.291
0,4767.294
0,4727.128
0,4640.262
0,4696.802
0,4893.873
0,5129.862
0,5412.263
0,5716.535
0,5866.935
0,5997.516
0,6255.643
0,6554.573
0,6977.922
0,7357.96
0,7463.179
0,7534.155
0,7483.531
0,7342.462
0,7018.626
0,6592.293
0,6174.067
0,5800.927
0,5538.25
0,5360.868
0,5283.481
0,5365.184
0,5546.156
0,5941.249
0,6319.091
0,6648.95
0,7004.769
0,7416.93
0,7835.93
0,8231.766
0,8505.671
0,8811.326
0,9115.123
0,9309.304
0,9416.6
0,9295.525
0,8969.081
0,8589.794
0,8035.149
0,7494.557
0,6930.826
0,6502.854
0,6171.805
0,5926.265
0,5806.981
0,5828.364
0,5964.419
0,6283.562
0,6662.197
0,7052.29
0,7580.219
0,8094.649
0,8509.573
0,8904.336
0,9257.118
0,9536.865
0,9837.797
0,9971.787
0,10018.571
0,9926.866
0,9652.336
0,9286.366
0,8708.767
0,8171.437
0,7554.891
0,7118.263
0,6739.371
0,6465.002
0,6268.277
0,6254.139
0,6337.591
0,6699.39
0,7013.506
0,7316.873
0,7717.801
0,8110.483
0,8544.818
0,8976.147
0,9337.16
0,9554.576
0,9723.262
0,9787.579
0,9684.439
0,9405.25
0,9162.175
0,8799.577
0,8273.89
0,7714.116
0,7252.367
0,6825.123
0,6491.776
0,6259.178
0,6114.138
0,6137.992
0,6237.548
0,6570.822
0,6915.017
0,7225.398
0,7594.891
0,7958.991
0,8341.715
0,9024.741
0,8657.2
0,7778.341
0,7328.379
0,7080.888
0,6851.697
0,6678.412
0,6481.468
0,6222.324
0,5857.334
0,5450.507
0,5134.578
0,4872.633
0,4679.988
0,4544.18
0,4494.194
0,4593.013
0,4717.315
0,4881.696
0,4986.639
0,5034.025
0,5147.612
0,5235.342
0,5318.289
0,5357.723
0,5358.793
0,5295.887
0,5338.244
0,5309.166
0,5433.363
0,5480.535
0,5431.31
0,5331.331
0,5095.726
0,4835.042
0,4558.254
0,4321.447
0,4150.988
0,4012.803
0,3967.976
0,3959.987
0,3918.807
0,3925.623
0,3927.843
0,3980.457
0,4076.8
0,4211.666
0,4521.604
0,4851.328
0,5016.047
0,5202.699
0,5436.512
0,5625.444
0,5646.201
0,5583.484
0,5534.246
0,5375.477
0,5131.459
0,4836.694
0,4574.833
0,4331.557
0,4130.167
0,3993.76
0,3905.42
0,3861.417
0,3771.355
0,3769.759
0,3805.715
0,3883.787
0,4035.442
0,4226.828
0,4436.806
0,4787.067
0,5110.58
0,5488.766
0,5910.29
0,6245.22
0,6382.889
0,6242.4
0,6075.685
0,5849.598
0,5474.552
0,5106.355
0,4742.554
0,4449.686
0,4257.143
0,4161.277
0,4147.45
0,4237.372
0,4339.474
0,4540.727
0,4748.163
0,4879.291
0,5084.388
0,5398.09
0,5760.196
0,6159.792
0,6577.323
0,7053.734
0,7427.215
0,7582.367
0,7618.688
0,7417.827
0,7102.55
0,6822.348
0,6318.491
0,5827.815
0,5398.826
0,5066.259
0,4798.353
0,4640.33
0,4593.257
0,4678.519
0,4815.019
0,5036.696
0,5242.26
0,5475.934
0,5727.443
0,5934.322
0,6136.015
0,6468.294
0,6808.712
0,7119.552
0,7350.731
0,7358.241
0,7167.823
0,7001.391
0,6856.968
0,6608.772
0,6232.583
0,5838.599
0,5483.071
0,5170.9
0,4951.87
0,4831.942
0,4810.925
0,4959.113
0,5094.541
0,5358.274
0,5512.299
0,5604.618
0,5769.317
0,5966.292
0,6168.677
0,6320.96
0,6344.24
0,6244.314
0,6189.96
0,6130.153
0,6042.208
0,5966.753
0,5949.527
0,5793.395
0,5508.967
0,5149.936
0,4821.198
0,4583.263
0,4418.139
0,4318.486
0,4339.979
0,4463.194
0,4606.643
0,4832.886
0,5003.69
0,5124.406
0,5214.725
0,5389.293
0,5642.076
0,5848.85
0,6010.737
0,6182.732
0,6359.653
0,6514.427
0,6475.719
0,6254.038
0,6040.923
0,5839.518
0,5477.936
0,5070.559
0,4733.746
0,4440.489
0,4229.512
0,4121.814
0,4082.37
0,4183.268
0,4286.814
0,4478.003
0,4615.497
0,4672.522
0,4802.748
0,4935.814
0,5096.728
0,5377.808
0,5593.765
0,5886.328
0,6172.986
0,6371.932
0,6364.6
0,6128.843
0,5890.763
0,5625.241
0,5286.448
0,4931.867
0,4611.594
0,4328.938
0,4135.217
0,3987.385
0,3919.984
0,3900.119
0,3845.862
0,3893.086
0,3973.886
0,4048.289
0,4174.45
0,4373.93
0,4587.541
0,4858.894
0,5198.594
0,5564.833
0,5956.734
0,6227.688
0,6312.913
0,6083.674
0,5885.2
0,5598.047
0,5275.961
0,4940.378
0,4664.043
0,4401.677
0,4193.894
0,4056.659
0,3975.516
0,3925.949
0,3850.522
0,3880.621
0,3971.627
0,4117.353
0,4377.648
0,4708.082
0,5085.293
0,5543.532
0,5998.36
0,6449.057
0,6871.799
0,7173.004
0,7245.781
0,7044.521
0,6798.207
0,6558.149
0,6150.488
0,5685.786
0,5264.754
0,4938.83
0,4694.731
0,4540.191
0,4508.79
0,4618.905
0,4726.595
0,4976.966
0,5185.105
0,5383.801
0,5610.902
0,5898.75
0,6303.2
0,6731.583
0,7106.825
0,7492.944
0,7827.244
0,8074.079
0,8045.646
0,7732.909
0,7359.818
0,7001.183
0,6469.244
0,5945.437
0,5504.281
0,5147.286
0,4901.934
0,4730.206
0,4702.68
0,4801.356
0,4955.585
0,5240.506
0,5490.772
0,5728.722
0,6123.234
0,6598.197
0,7004.274
0,7457.25
0,7793.674
0,8220.108
0,8469.342
0,8656.497
0,8679.348
0,8414.313
0,8155.985
0,7801.15
0,7254.035
0,6757.273
0,6274.571
0,5888.106
0,5619.256
0,5424.025
0,5360.649
0,5455.351
0,5594.778
0,5888.274
0,6184.782
0,6490.724
0,6930.928
0,7424.387
0,7769.48
0,8119.548
0,8497.403
0,8805.229
0,8912.175
0,8677.14
0,8097.703
0,7509.631
0,7286.422
0,7097.282
0,6649.882
0,6271.436
0,5876.412
0,5579.826
0,5364.769
0,5232.25
0,5209.103
0,5331.609
0,5500.804
0,5782.516
0,6000.558
0,6239.375
0,6424.984
0,6636.403
0,6969.039
0,7491.385
0,7923.476
0,8212.306
0,8348.722
0,8456.795
0,8394.345
0,8234.125
0,7995.107
0,7698.354
0,7188.711
0,6712.215
0,6231.536
0,5858.619
0,5581.556
0,5387.523
0,5316.65
0,5385.243
0,5455.904
0,5695.257
0,5941.552
0,6127.479
0,6356.573
0,6626.883
0,6950.942
0,7308.761
0,7668.587
0,7994.158
0,8222.999
0,8335.886
0,8174.21
0,7784.963
0,7595.986
0,7232.018
0,6785.844
0,6336.814
0,5977.784
0,5657.701
0,5421.336
0,5263.54
0,5168.282
0,5175.068
0,5154.486
0,5224.832
0,5387.358
0,5576.451
0,5848.159
0,6174.556
0,6522.807
0,6765.265
0,6963.129
0,7198.89
0,7414.929
0,7602.425
0,7583.5
0,7360.506
0,7206.396
0,6875.992
0,6481.836
0,6116.546
0,5751.144
0,5429.37
0,5193.259
0,5017.746
0,4906.021
0,4847.465
0,4735.372
0,4826.316
0,5048.414
0,5384.684
0,5739.303
0,6056.372
0,6521.671
0,6993.721
0,7431.47
0,7816.928
0,8188.819
0,8349.158
0,7820.993
0,7517.522
0,7353.535
0,7126.423
0,6713.449
0,6341.06
0,5935.508
0,5587.856
0,5252.82
0,4973.702
0,4833.045
0,4888.078
0,5011.322
0,5134.479
0,5200.735
0,5228.785
0,5209.958
0,5135.137
0,5271.223
0,5392.284
0,5603.162
0,5599.082
0,5684.342
0,5791.514
0,5848.754
0,5792.599
0,5775.861
0,5576.201
0,5286.166
0,4939.076
0,4640.729
0,4385.412
0,4226.385
0,4145.586
0,4148.987
0,4279.172
0,4431.969
0,4580.178
0,4640.276
0,4702.057
0,4691.315
0,4833.663
0,4973.02
0,5135.399
0,5176.214
0,5342.315
0,5589.553
0,5761.176
0,5784.44
0,5663.216
0,5572.31
0,5407.1
0,5126.426
0,4860.747
0,4539.958
0,4330.058
0,4190.239
0,4120.669
0,4142.69
0,4313.885
0,4545.092
0,4757.934
0,4954.751
0,5054.511
0,5105.981
0,5257.279
0,5373.731
0,5380.405
0,5405.252
0,5410.579
0,5393.569
0,5391.204
0,5305.979
0,5263.773
0,5184.622
0,4984.755
0,4715.416
0,4418.391
0,4168.684
0,3980
0,3856.461
0,3803.105
0,3807.847
0,3974.069
0,4195.551
0,4402.061
0,4557.367
0,4643.149
0,4721.878
0,4734.651
0,4669.581
0,4639.112
0,4589.442
0,4498.994
0,4727.069
0,4930.728
0,5029.628
0,5056.67
0,5073.021
0,4936.719
0,4668.81
0,4399.856
0,4151.227
0,3949.66
0,3807.575
0,3734.705
0,3734.285
0,3863.03
0,3989.517
0,4117.715
0,4144.888
0,4121.264
0,4155.621
0,4225.77
0,4366.673
0,4638.314
0,4949.452
0,5337.734
0,5724.869
0,6037.275
0,6127.506
0,5949.925
0,5771.041
0,5498.768
0,5179.371
0,4837.749
0,4529.42
0,4267.3
0,4065.084
0,3932.011
0,3849.274
0,3859.177
0,3844.084
0,3883.219
0,3919.874
0,3978.367
0,4076.603
0,4211.287
0,4391.84
0,4638.682
0,4915.776
0,5281.154
0,5642.685
0,5841.122
0,5801.553
0,5657.918
0,5518.201
0,5322.51
0,5091.937
0,4813.177
0,4553.334
0,4321.583
0,4124.946
0,3998.984
0,3930.292
0,3908.259
0,3857.282
0,3888.057
0,3932.049
0,4105.219
0,4366.962
0,4628.079
0,4907.567
0,5197.246
0,5436.258
0,5626.426
0,5871.945
0,6043.175
0,6020.403
0,5937.446
0,5905.093
0,5781.72
0,5497.603
0,5188.979
0,4915.875
0,4668.301
0,4493.3
0,4416.64
0,4438.498
0,4603.423
0,4826.873
0,4994.891
0,5227.078
0,5342.795
0,5435.001
0,5606.355
0,5787.308
0,6019.632
0,6291.162
0,6571.227
0,6848.054
0,6914.223
0,6812.42
0,6556.221
0,6330.663
0,5999.628
0,5601.374
0,5186.551
0,4807.104
0,4497.021
0,4271.682
0,4128.287
0,4092.354
0,4191.57
0,4317.326
0,4438.889
0,4488.999
0,4467.207
0,4519.353
0,4636.959
0,4835.475
0,5141.252
0,5479.823
0,5712.684
0,5880.446
0,5968.115
0,5967.209
0,5865.131
0,5739.784
0,5504.58
0,5189.718
0,4823.791
0,4500.575
0,4246.948
0,4063.237
0,3939.426
0,3926.594
0,4024.173
0,4177.263
0,4307.847
0,4335.374
0,4256.921
0,4229.414
0,4288.214
0,4514.951
0,4735.014
0,4968.428
0,5087.21
0,5284.541
0,5366.907
0,5444.054
0,5396.402
0,5310.404
0,5093.783
0,4797.147
0,4490.045
0,4197.202
0,3989.959
0,3843.213
0,3758.18
0,3761.201
0,3885.892
0,4043.912
0,4112.291
0,4231.457
0,4276.998
0,4227.957
0,4350.289
0,4689.863
0,4819.803
0,5045.279
0,5132.675
0,5247.442
0,5445.362
0,5459.832
0,5454.525
0,5377.971
0,5240.645
0,4984.767
0,4686.403
0,4401.624
0,4190.53
0,4037.791
0,3940.012
0,3940.84
0,4052.631
0,4191.753
0,4362.758
0,4417.731
0,4405.626
0,4409.204
0,4583.672
0,5008.884
0,5135.938
0,5161.254
0,5137.213
0,5291.39
0,5596.905
0,5578.575
0,5479.984
0,5387.122
0,5132.688
0,4851.757
0,4515.809
0,4220.876
0,3991.175
0,3800.528
0,3661.802
0,3614.056
0,3617.338
0,3592.527
0,3566.778
0,3504.241
0,3439.083
0,3397.93
0,3430.759
0,3565.869
0,3686.657
0,3839.111
0,4090.921
0,4414.576
0,4751.787
0,4903.227
0,4843.197
0,4773.479
0,4600.993
0,4387.091
0,4147.125
0,3952.24
0,3761.43
0,3628.754
0,3517.114
0,3468.666
0,3458.579
0,3416.933
0,3372.623
0,3315.615
0,3247.638
0,3263.567
0,3347.146
0,3536.874
0,3778.541
0,4057.747
0,4350.785
0,4622.478
0,4845.293
0,4983.028
0,4939.213
0,4907.658
0,4773.781
0,4567.9
0,4339.612
0,4117.213
0,3932.278
0,3791.47
0,3686.152
0,3657.276
0,3691.422
0,3687.708
0,3623.915
0,3597.28
0,3713.826
0,3776.851
0,3967.989
0,4119.74
0,4233.355
0,4404.834
0,4661.957
0,4961.35
0,5254.139
0,5360.265
0,5277.121
0,5227.414
0,5040.857
0,4755.77
0,4468.878
0,4199.728
0,3994.266
0,3843.531
0,3762.141
0,3759.049
0,3915.078
0,4125.554
0,4308.607
0,4384.866
0,4459.364
0,4520.182
0,4592.904
0,4706.772
0,4867.323
0,5115.969
0,5340.658
0,5540.011
0,5759.01
0,5810.131
0,5689.936
0,5570.725
0,5325.21
0,5001.924
0,4669.255
0,4348.847
0,4118.523
0,3966.516
0,3872.593
0,3877.024
0,4009.704
0,4219.175
0,4358.571
0,4428.93
0,4468.689
0,4517.08
0,4526.099
0,4677.042
0,4895.601
0,5164.011
0,5469.775
0,5792.461
0,5964.123
0,5921.515
0,5815.554
0,5697.055
0,5444.815
0,5107.467
0,4742.869
0,4440.384
0,4188.642
0,4026.332
0,3942.886
0,3933.288
0,4080.262
0,4309.682
0,4497.559
0,4575.257
0,4643.795
0,4705.233
0,4761.207
0,4986.013
0,5461.726
0,5790.74
0,5992.764
0,6053.558
0,6236.538
0,6103.338
0,6086.776
0,5869.743
0,5666.477
0,5390.791
0,5012.395
0,4694.596
0,4464.783
0,4290.502
0,4288.746
0,4275.414
0,4376.982
0,4617.214
0,4802.9
0,4970.788
0,5086.393
0,5052.239
0,5160.219
0,5428.178
0,5822.87
0,6215.258
0,6673.626
0,6955.022
0,7025.789
0,6909.271
0,6817.681
0,6629.75
0,6458.991
0,6089.693
0,5760.099
0,5380.839
0,5080.347
0,4839.161
0,4648.339
0,4550.098
0,4541.195
0,4572.648
0,4610.196
0,4783.131
0,4995.295
0,5333.426
0,5682.827
0,6146.875
0,6651.828
0,6851.84
0,6297.748
0,6441.158
0,6373.908
0,6222.024
0,6077.338
0,5874.313
0,5633.324
0,5359.675
0,5050.717
0,4732.928
0,4444.304
0,4237.835
0,4086.322
0,3995.872
0,3962.746
0,4003.971
0,3993.44
0,4100.512
0,4215.967
0,4317.912
0,4335.5
0,4319.948
0,4297.69
0,4184.585
0,4287.375
0,4505.392
0,4857.439
0,5036.418
0,5102.194
0,5064.321
0,4862.799
0,4572.084
0,4281.256
0,3999.623
0,3805.804
0,3658.645
0,3573.02
0,3603.399
0,3753.007
0,4021.044
0,4168.656
0,4082.972
0,4005.103
0,4007.924
0,3930.682
0,3924.226
0,4058.316
0,4244.881
0,4530.699
0,4889.888
0,5190.423
0,5266.11
0,5230.326
0,5111.162
0,4867.545
0,4571.201
0,4240.695
0,3977.683
0,3778.701
0,3661.389
0,3595.51
0,3621.091
0,3765.089
0,4041.253
0,4176.56
0,4138.86
0,4063.873
0,4073.624
0,4030.153
0,4071.595
0,4211.159
0,4427.658
0,4654.562
0,4870.864
0,5004.745
0,5107.705
0,5160.399
0,5102.145
0,4914.074
0,4638.216
0,4355.99
0,4111.269
0,3935.435
0,3831.588
0,3774.815
0,3822.938
0,3979.681
0,4280.544
0,4501.922
0,4579.564
0,4632.352
0,4580.368
0,4634.314
0,4587.137
0,4742.903
0,4736.1
0,4791.69
0,4894.71
0,4990.604
0,5070.655
0,5214.1
0,5170.219
0,4978.827
0,4732.206
0,4452.91
0,4167.707
0,3969.817
0,3814.433
0,3742.306
0,3740.738
0,3910.816
0,4171.793
0,4313.495
0,4324.756
0,4301.587
0,4298.887
0,4329.698
0,4455.723
0,4680.518
0,4954.883
0,5287.085
0,5602.095
0,5834.691
0,5844.49
0,5746.139
0,5561.029
0,5300.317
0,4956.304
0,4602.144
0,4279.844
0,4052.541
0,3889.273
0,3791.97
0,3801.419
0,3948.247
0,4207.492
0,4356.476
0,4409.703
0,4392.163
0,4410.23
0,4545.255
0,4473.224
0,4633.477
0,4963.946
0,5308.058
0,5579.319
0,5712.704
0,5676.683
0,5600.44
0,5428.532
0,5206.963
0,4914.137
0,4590.649
0,4306.585
0,4103.457
0,3934.068
0,3826.818
0,3779.842
0,3797
0,3848.877
0,3851.594
0,3892.884
0,3943.909
0,3968.821
0,4092.973
0,4298.242
0,4593.817
0,4945.766
0,5168.789
0,5380.722
0,5528.087
0,5482.643
0,5430.796
0,5300.929
0,5115.585
0,4896.506
0,4648.1
0,4430.112
0,4198.839
0,4034.669
0,3898.885
0,3831.285
0,3807.033
0,3790.62
0,3780.109
0,3817.02
0,3899.604
0,4054.677
0,4270.161
0,4566.008
0,4916.701
0,5305.355
0,5579.791
0,5869.253
0,6012.795
0,5955.072
0,5905.902
0,5795.371
0,5527.681
0,5207.042
0,4858.311
0,4541.467
0,4308.988
0,4142.295
0,4052.127
0,4054.632
0,4211.864
0,4480.981
0,4684.89
0,4739.709
0,4819.208
0,4914.903
0,5065.97
0,5279.529
0,5456.324
0,5620.315
0,5848.778
0,6046.249
0,6122.993
0,6024.888
0,5966.36
0,5765.032
0,5492.83
0,5119.74
0,4804.173
0,4452.389
0,4244.104
0,4079.856
0,3984.917
0,3995.044
0,4162.121
0,4430.388
0,4615.27
0,4691.111
0,4694.33
0,4715.003
0,4666.342
0,4780.309
0,4821.989
0,4948.896
0,5039.724
0,5119.26
0,5207.332
0,5207.796
0,5304.072
0,5176.314
0,4990.655
0,4704.942
0,4413.415
0,4147.043
0,3979.54
0,3849.682
0,3786.304
0,3809.523
0,3974.984
0,4262.034
0,4414.802
0,4451.955
0,4591.7
0,4749.26
0,4880.692
0,4860.383
0,4966.126
0,4977.001
0,5030.717
0,5065.43
0,5105.769
0,5104.694
0,5202.921
0,5115.2
0,4982.71
0,4731.197
0,4468.423
0,4238.653
0,4067.05
0,3957.417
0,3913.6
0,3930.579
0,4109.206
0,4435.287
0,4624.515
0,4652.748
0,4669.968
0,4727.035
0,4814.903
0,4990.589
0,5309.808
0,5636.492
0,6043.662
0,6421.774
0,6652.457
0,6564.054
0,6408.292
0,6137.185
0,5797.029
0,5375.39
0,4925.973
0,4589.228
0,4323.115
0,4130.03
0,4024.962
0,4008.448
0,4138.763
0,4377.18
0,4554.132
0,4646.115
0,4726.69
0,4859.86
0,5047.534
0,5278.602
0,5608.444
0,5945.668
0,6293.607
0,6583.845
0,6739.157
0,6554.534
0,6330.193
0,6019.89
0,5699.846
0,5328.977
0,4932.672
0,4558.943
0,4270.147
0,4055.77
0,3883.356
0,3810.792
0,3812.539
0,3801.696
0,3805.641
0,3787.429
0,3704.407
0,3692.346
0,3705.556
0,3802.666
0,3970.004
0,4211.6
0,4477.811
0,4737.35
0,4957.151
0,4970.334
0,4963.681
0,4843.161
0,4677.022
0,4445.466
0,4229.504
0,4007.53
0,3811.95
0,3675.315
0,3580.585
0,3525.271
0,3517.18
0,3554.512
0,3514.969
0,3525.098
0,3530.333
0,3528.09
0,3518.955
0,3554.516
0,3658.586
0,3828.077
0,3970.378
0,4245.739
0,4564.921
0,4669.723
0,4765.266
0,4649.199
0,4472.74
0,4228.281
0,3984.763
0,3764.49
0,3612.864
0,3506.265
0,3450.192
0,3495.259
0,3668.535
0,3969.027
0,4184.589
0,4250.644
0,4306.912
0,4409.608
0,4482.054
0,4390.982
0,4294.403
0,4405.282
0,4698.264
0,4922.722
0,5039.975
0,5126.058
0,5239.782
0,5110.17
0,4922.826
0,4654.707
0,4385.787
0,4096.78
0,3925.052
0,3809.754
0,3752.276
0,3782.207
0,3958.387
0,4277.672
0,4449.154
0,4512.07
0,4538.826
0,4531.619
0,4623.865
0,4864.748
0,5304.404
0,5698.188
0,6131.198
0,6417.787
0,6495.475
0,6479.371
0,6472.455
0,6285.511
0,6078.754
0,5682.863
0,5274.775
0,4904.652
0,4645.586
0,4462.762
0,4348.746
0,4340.542
0,4473.804
0,4770.902
0,4942.4
0,5079.181
0,5229.756
0,5298.218
0,5575.911
0,5838.205
0,5886.019
0,6200.733
0,6243.977
0,6257.297
0,6214.187
0,6195.133
0,6220.507
0,6075.61
0,5845.703
0,5602.909
0,5201.804
0,4911.55
0,4691.378
0,4554.338
0,4490.992
0,4514.288
0,4724.332
0,5070.03
0,5343.441
0,5516.466
0,5674.592
0,5822.253
0,5877.241
0,5904.163
0,5960.323
0,5897.589
0,6104.094
0,6365.206
0,6499.547
0,6590.584
0,6643.004
0,6455.587
0,6089.117
0,5718.618
0,5249.194
0,4888.65
0,4582.407
0,4375.022
0,4258.395
0,4244.827
0,4368.734
0,4697.765
0,4884.277
0,4976.514
0,4972.079
0,5036.027
0,5212.11
0,5443.127
0,5734.292
0,6024.267
0,6316.86
0,6530.834
0,6618.049
0,6407.335
0,6214.179
0,5936.263
0,5655.762
0,5349.433
0,5009.064
0,4666.709
0,4389.195
0,4172.695
0,4033.852
0,3967.964
0,3971.755
0,4030.209
0,4040.521
0,4112.561
0,4176.385
0,4398.009
0,4567.434
0,4752.548
0,4927.148
0,5162.989
0,5417.761
0,5479.441
0,5482.632
0,5508.009
0,5529.425
0,5394.471
0,5199.427
0,5013.953
0,4749.876
0,4547.968
0,4316.213
0,4134.477
0,4026.929
0,3952.231
0,3941.953
0,3980.571
0,3962.726
0,3963.909
0,4029.075
0,4141.417
0,4347.702
0,4672.263
0,5066.507
0,5488.015
0,5874.571
0,6229.371
0,6486.987
0,6361.341
0,6255.474
0,6046.722
0,5724.928
0,5407.133
0,5035.053
0,4673.547
0,4406.458
0,4226.585
0,4124.011
0,4122.324
0,4263.668
0,4549.496
0,4701.058
0,4745.807
0,4755.929
0,4864.971
0,4852.795
0,5002.813
0,5292.705
0,5448.502
0,5554.652
0,5722.159
0,5753.879
0,5764.945
0,5764.08
0,5601.028
0,5362.466
0,5047.44
0,4704.575
0,4396.038
0,4193.425
0,4044.358
0,3958.017
0,3968.179
0,4107.481
0,4424.107
0,4592.363
0,4632.527
0,4637.954
0,4623.065
0,4662.178
0,4710.242
0,4893.22
0,5186.841
0,5452.175
0,5709.251
0,5832.325
0,5743.758
0,5713.51
0,5525.619
0,5215.963
0,4891.552
0,4525.26
0,4226.765
0,3978.047
0,3805.443
0,3678.786
0,3657.131
0,3792.16
0,4067.265
0,4197.51
0,4078.184
0,3934.656
0,3817.694
0,3783.337
0,3777.513
0,3887.27
0,4072.535
0,4338.625
0,4653.887
0,4881.858
0,4894.037
0,4917.512
0,4748.369
0,4562.29
0,4283.806
0,4014.097
0,3794.882
0,3621.192
0,3499.454
0,3456.34
0,3486.869
0,3631.362
0,3889.602
0,4036.766
0,3996.331
0,3844.951
0,3741.133
0,3697.575
0,3727.051
0,3791.311
0,3926.25
0,4135.225
0,4341.007
0,4581.062
0,4696.304
0,4735.62
0,4616.958
0,4447.738
0,4209.723
0,3957.609
0,3740.212
0,3584.461
0,3474.5
0,3435.792
0,3469.779
0,3605.503
0,3926.249
0,4122.579
0,4045.468
0,3934.742
0,3851.557
0,3749.936
0,3755.913
0,3846.739
0,4011.192
0,4244.057
0,4533.239
0,4778.691
0,4814.603
0,4825.798
0,4674.597
0,4488.145
0,4302.507
0,4060.648
0,3820.414
0,3666.174
0,3539.994
0,3463.759
0,3427.502
0,3467.194
0,3566.221
0,3585.589
0,3539.635
0,3465.526
0,3457.459
0,3524.149
0,3672.164
0,3878.471
0,4190.283
0,4544.998
0,4951.282
0,5158.465
0,5148.278
0,5120.564
0,4960.022
0,4770.052
0,4551.318
0,4328.245
0,4078.152
0,3877.149
0,3716.403
0,3605.75
0,3547.158
0,3535.545
0,3571.907
0,3570.151
0,3560.653
0,3563.253
0,3647.002
0,3822.213
0,4093.378
0,4442.561
0,4794.555
0,5190.803
0,5551.418
0,5766.325
0,5707.334
0,5650.105
0,5458.164
0,5213.071
0,4856.651
0,4524.484
0,4203.134
0,3968.018
0,3805.398
0,3735.901
0,3735.488
0,3884.425
0,4188.785
0,4368.649
0,4428.507
0,4406.209
0,4396.193
0,4488.81
0,4687.312
0,4968.478
0,5285.991
0,5637.071
0,5939.521
0,6109.33
0,5990.205
0,5914.147
0,5694.065
0,5445.487
0,5074.328
0,4716.223
0,4415.112
0,4165.919
0,4000.022
0,3912.095
0,3919.88
0,4072.248
0,4452.575
0,4561.792
0,4600.102
0,4578.455
0,4637.817
0,4804.791
0,5199.736
0,5325.941
0,5553.551
0,5731.286
0,5868.122
0,5874.518
0,5914.056
0,5908.529
0,5713.891
0,5485.698
0,5221.651
0,4854.73
0,4594.912
0,4375.691
0,4248.259
0,4179.791
0,4218.607
0,4371.104
0,4767.38
0,4969.672
0,5035.84
0,5043.736
0,4891.517
0,4655.681
0,4480.383
0,4404.931
0,4342.792
0,4456.599
0,4737.553
0,4937.859
0,4964.245
0,4950.233
0,4786.015
0,4592.002
0,4322.345
0,4022.601
0,3792.027
0,3614.913
0,3500.523
0,3452.34
0,3478.922
0,3641.947
0,3980.119
0,4147.597
0,4040.823
0,3819.985
0,3632.16
0,3504.24
0,3463.61
0,3506.791
0,3620.78
0,3829.236
0,4122.958
0,4425.158
0,4564.016
0,4629.968
0,4508.857
0,4361.41
0,4145.782
0,3922.813
0,3734.337
0,3589.386
0,3501.846
0,3462.356
0,3489.666
0,3668.721
0,4022.878
0,4231.606
0,4162.025
0,4029.068
0,3851.057
0,3770.561
0,3980.983
0,4073.965
0,4000.401
0,4029.964
0,4188.128
0,4377.679
0,4530.469
0,4576.45
0,4480.637
0,4345.76
0,4154.74
0,3965.383
0,3777.814
0,3626.126
0,3505.927
0,3449.507
0,3423.245
0,3466.07
0,3607.649
0,3692.654
0,3777.685
0,3839.965
0,3825.93
0,3917.408
0,3941.438
0,4002.364
0,4051.657
0,4029.567
0,4116.781
0,4251.763
0,4410.125
0,4424.108
0,4353.078
0,4252.189
0,4067.689
0,3915.038
0,3740.474
0,3595.862
0,3494.136
0,3418.627
0,3380.093
0,3411.103
0,3501.691
0,3549.244
0,3609.846
0,3706.707
0,3746.062
0,3813.99
0,3871.186
0,4025.465
0,4078.985
0,4108.623
0,4189.662
0,4266.155
0,4395.904
0,4396.643
0,4304.093
0,4180.859
0,4007.223
0,3831.638
0,3643.809
0,3520.198
0,3447.982
0,3420.777
0,3469.679
0,3627.644
0,3926.845
0,4152.157
0,4291.499
0,4364.995
0,4445.12
0,4483.541
0,4444.702
0,4475.791
0,4525.359
0,4590.563
0,4626.726
0,4681.852
0,4806.677
0,4774.398
0,4631.257
0,4511.753
0,4214.962
0,3997.946
0,3787.283
0,3625.376
0,3525.352
0,3489.164
0,3540.849
0,3708.445
0,4091.291
0,4335.521
0,4387.705
0,4404.736
0,4368.969
0,4304.026
0,4228.773
0,4110.228
0,4111.593
0,4361.075
0,4490.855
0,4603.534
0,4754.249
0,4758.897
0,4644.799
0,4492.561
0,4238.638
0,3997.965
0,3791.886
0,3635.984
0,3540.243
0,3503.396
0,3533.806
0,3718.717
0,4051.476
0,4240.153
0,4224.678
0,4125.69
0,4024.418
0,4091.312
0,4184.33
0,4000.43
0,3908.441
0,4066.541
0,4347.402
0,4542.188
0,4689.256
0,4720.461
0,4598.289
0,4437.613
0,4188.2
0,3944.468
0,3747.147
0,3592.519
0,3505.127
0,3469.499
0,3519.393
0,3719.774
0,4090.708
0,4306.797
0,4257.34
0,3965.079
0,3745.316
0,3590.771
0,3520.645
0,3560.443
0,3667.7
0,3855.679
0,4175.602
0,4465.593
0,4675.784
0,4733.922
0,4642.738
0,4499.245
0,4286.479
0,4034.318
0,3852.965
0,3705.737
0,3603.783
0,3569.378
0,3619.648
0,3813.559
0,4168.624
0,4383.779
0,4284.297
0,4009.089
0,3805.531
0,3668.502
0,3601.934
0,3704.735
0,3748.306
0,3904.899
0,4183.823
0,4450.23
0,4589.454
0,4599.204
0,4495.119
0,4373.734
0,4199.948
0,3989.36
0,3806.06
0,3651.7
0,3552.971
0,3502.019
0,3479.945
0,3558.38
0,3692.354
0,3753.453
0,3722.403
0,3548.676
0,3390.638
0,3288.464
0,3262.382
0,3424.619
0,3476.899
0,3498.486
0,3806.629
0,4065.945
0,4243.717
0,4290.638
0,4229.457
0,4134.013
0,3988.097
0,3812.897
0,3650.742
0,3509.904
0,3425.436
0,3362.556
0,3345.208
0,3384.462
0,3479.689
0,3511.205
0,3461.197
0,3356.512
0,3285.543
0,3252.912
0,3328.523
0,3533.63
0,3637.677
0,3812.187
0,4087.921
0,4294.464
0,4518.328
0,4558.569
0,4496.068
0,4383.444
0,4223.421
0,3998.638
0,3830.607
0,3714.054
0,3619.872
0,3566.646
0,3567.344
0,3683.171
0,4023.447
0,4279.747
0,4258.943
0,4304.282
0,4225.963
0,4172.998
0,4131.588
0,4097.483
0,4121.996
0,4306.84
0,4400.284
0,4570.497
0,4751.705
0,4746.445
0,4606.938
0,4443.032
0,4195.104
0,3948.226
0,3771.62
0,3612.499
0,3518.407
0,3490.488
0,3524.094
0,3739.805
0,4118.044
0,4352.573
0,4268.159
0,4058.751
0,3851.555
0,3737.029
0,3670.946
0,3716.924
0,3833.537
0,4074.068
0,4372.644
0,4632.316
0,4798.694
0,4791.125
0,4673.179
0,4502.084
0,4239.1
0,4001.188
0,3792.806
0,3645.563
0,3560.288
0,3510.13
0,3547.307
0,3707.249
0,4062.922
0,4312.565
0,4239.378
0,4078.818
0,3869.939
0,3726.252
0,3707.536
0,3853.326
0,4107.76
0,4334.347
0,4439.181
0,4552.347
0,4732.964
0,4706.124
0,4601.156
0,4465.296
0,4228.694
0,3952.626
0,3762.177
0,3627.559
0,3536.053
0,3499.544
0,3531.832
0,3739.401
0,4122.229
0,4374.925
0,4414.297
0,4125.26
0,3912.993
0,3725.258
0,3807.402
0,3980.689
0,4024.146
0,4136.595
0,4405.777
0,4557.384
0,4739.681
0,4713.329
0,4616.341
0,4494.554
0,4268.349
0,3997.903
0,3827.198
0,3667.442
0,3589.293
0,3563.945
0,3589.131
0,3789.196
0,4168.621
0,4412.504
0,4328.314
0,4090.649
0,3886.884
0,3728.939
0,3721.949
0,3808.97
0,3947.125
0,4141.774
0,4292.061
0,4484.731
0,4635.074
0,4608.818
0,4521.943
0,4396.121
0,4215.994
0,4045.601
0,3840.8
0,3687.406
0,3603.968
0,3550.05
0,3531.483
0,3605.808
0,3775.252
0,3868.172
0,3818.055
0,3619.195
0,3401.326
0,3255.908
0,3243.921
0,3508.764
0,3642.391
0,3859.771
0,4047.035
0,4193.815
0,4347.191
0,4345.858
0,4279.365
0,4197.014
0,4067.24
0,3886.922
0,3722.253
0,3596.253
0,3503.793
0,3453.695
0,3429.068
0,3480.246
0,3595.729
0,3660.462
0,3637.658
0,3555.335
0,3360.472
0,3144.378
0,3161.239
0,3469.925
0,3586.201
0,3652.679
0,3852.022
0,4110.846
0,4366.821
0,4417.822
0,4371.527
0,4263.477
0,4080.062
0,3863.9
0,3716.527
0,3604.927
0,3539.691
0,3520.395
0,3599.644
0,3831.325
0,4223.41
0,4529.603
0,4475.544
0,4201.779
0,3947.73
0,3762.869
0,3686.128
0,3716.584
0,3807.881
0,4027.128
0,4300.654
0,4567.814
0,4790.018
0,4793.641
0,4696.728
0,4554.884
0,4348.91
0,4058.283
0,3899.851
0,3762.904
0,3683.968
0,3653.152
0,3720.861
0,3934.663
0,4320.085
0,4597.142
0,4602.561
0,4359.931
0,4121.362
0,4226.002
0,4367.788
0,4539.083
0,4531.904
0,4492.849
0,4593.131
0,4731.306
0,4916.814
0,4912.108
0,4803.681
0,4641.354
0,4380.108
0,4094.05
0,3908.317
0,3761.543
0,3673.29
0,3637.104
0,3674.28
0,3888.398
0,4253.744
0,4547.403
0,4538.739
0,4381.378
0,4220.208
0,4291.643
0,4250.153
0,4291.734
0,4272.597
0,4371.702
0,4546.057
0,4692.553
0,4851.975
0,4829.134
0,4731.043
0,4588.992
0,4362.161
0,4113.251
0,3898.146
0,3751.446
0,3661.956
0,3626.636
0,3664.843
0,3843.386
0,4209.107
0,4556.423
0,4697.587
0,4813.859
0,4811.464
0,4852.624
0,4876.03
0,4865.871
0,4750.218
0,4687.936
0,4732.61
0,4827.446
0,4961.836
0,4908.674
0,4789.898
0,4609.773
0,4355.8
0,4113.825
