0,729.9
0,731.3
0,722.3
0,721.1
0,722.4
0,721.7
0,721.6
0,721.7
0,721.6
0,719.9
0,719.8
0,717.3
0,717.1
0,717
0,716.8
0,716.7
0,716.6
0,716
0,715.6
0,715.5
0,714.2
0,713
0,712.4
0,712.7
0,715.2
0,715.4
0,716.6
0,716.4
0,718.5
0,717.4
0,716.8
0,716
0,715.8
0,715.5
0,717.5
0,716.7
0,717
0,718
0,717.4
0,718.2
0,716.5
0,715.7
0,714.4
0,714.3
0,714.4
0,717.4
0,719.6
0,720.1
0,719.7
0,719.3
0,719.3
0,719
0,718.6
0,720.3
0,720.2
0,721.9
0,722
0,721.9
0,721
0,720.6
0,718.9
0,718.8
0,718.8
0,719.1
0,719.3
0,720.7
0,721.6
0,720.9
0,721.4
0,723.3
0,723.5
0,723.4
0,723.3
0,723.3
0,723.2
0,723.4
0,723.3
0,724
0,724.2
0,724.6
0,724.8
0,724.7
0,725.5
0,726.6
0,726.7
0,726.6
0,725.8
0,726.1
0,726.2
0,726.2
0,727.3
0,727.2
0,727.3
0,726.7
0,725.7
0,725
0,724.2
0,723.5
0,724.8
0,724.9
0,725.4
0,725.7
0,725.6
0,725.8
0,724.4
0,723.8
0,722.8
0,723.5
0,723.8
0,723.3
0,723.4
0,724.2
0,724.3
0,724.2
0,723.9
0,724.4
0,725
0,724.7
0,724.5
0,724.7
0,724.6
0,724.9
0,723.9
0,723.9
0,723.9
0,724.5
0,724.4
0,724.5
0,724.7
0,725.2
0,726
0,725.9
0,726.2
0,726.3
0,726
0,726.4
0,727.2
0,726.3
0,726.1
0,726.1
0,727
0,726.3
0,727
0,726.4
0,726
0,725.9
0,725
0,724.7
0,725
0,724.7
0,724.2
0,724.2
0,724.5
0,724.4
0,724.1
0,724.4
0,724.3
0,725.5
0,725.8
0,725.9
0,726.1
0,726.2
0,727.2
0,723.7
0,725.4
0,725.6
0,725.5
0,724.4
0,724
0,725.7
0,726.6
0,725.7
0,725.9
0,725.8
0,726
0,725.2
0,725.5
0,725.6
0,725.4
0,725.3
0,725
0,724.9
0,725.2
0,725.4
0,725.6
0,726
0,725.7
0,725.5
0,725.9
0,724.5
0,725.1
0,725.3
0,725.5
0,725.1
0,725.2
0,725.7
0,725.6
0,725.8
0,726
0,726.1
0,726
0,726
0,726.1
0,726.4
0,726.2
0,726.4
0,726
0,725.8
0,724.9
0,725.9
0,726
0,726.1
0,725.9
0,726.3
0,726.5
0,726.4
0,726.3
0,726.4
0,726.4
0,725.8
0,725.8
0,725.9
0,725.8
0,726.2
0,726.5
0,726.4
0,726
0,726.2
0,726.1
0,726.2
0,726.5
0,726.4
0,725.9
0,725.4
0,725.4
0,725.7
0,725.5
0,725.2
0,725.4
0,725.4
0,725.3
0,725.5
0,725.3
0,725.2
0,725.2
0,725.3
0,725.4
0,725.5
0,725.8
0,725.6
0,725.1
0,725.3
0,725.8
0,725.8
0,725.6
0,725.4
0,725.6
0,725.2
0,725.9
0,725.8
0,726.2
0,726.2
0,726.9
0,727.3
0,726.7
0,726.8
0,726.9
0,726.8
0,727
0,727
0,727.7
0,727.9
0,727.8
0,727.7
0,728
0,728.6
0,727.3
0,727.8
0,727.9
0,727.9
0,728
0,728.7
0,729
0,728.8
0,729
0,728.7
0,728.4
0,727.9
0,728
0,727.2
0,727.6
0,728
0,728.1
0,728
0,727.9
0,727.4
0,727.4
0,727.4
0,727
0,727.9
0,728.1
0,728.3
0,728.3
0,727.8
0,727.3
0,727.7
0,726.9
0,727.2
0,727
0,727.3
0,727
0,726.8
0,726.2
0,726
0,726
0,726.6
0,726.3
0,726.4
0,725.8
0,725.9
0,725.7
0,725.7
0,725.6
0,725.8
0,725.9
0,725.7
0,725.4
0,724.6
0,724.2
0,724.7
0,724
0,722
0,722.1
0,722.7
0,722.5
0,723.8
0,723.4
0,723.3
0,723.3
0,722.2
0,723.2
0,722.7
0,722.1
0,722.2
0,722.2
0,722.8
0,722.8
0,723.1
0,723.4
0,723.3
0,724.1
0,723.8
0,723.5
0,723.6
0,723.9
0,724.6
0,724.9
0,724.4
0,724.7
0,724
0,723.9
0,724.6
0,724.4
0,724.2
0,724.8
0,724.7
0,725.5
0,725.6
0,726.5
0,727.4
0,725.9
0,726.7
0,726.3
0,726.3
0,726.3
0,726.6
0,726.2
0,726.5
0,725.3
0,725.4
0,725.1
0,725.3
0,725.7
0,725.1
0,724.7
0,724.5
0,724.7
0,724.7
0,724.1
0,723.9
0,722.7
0,723
0,717.4
0,719.7
0,719.5
0,714
0,717.2
0,718.1
0,719.6
0,718.7
0,718.4
0,717.2
0,718
0,718.1
0,718
0,718.5
0,716.2
0,719
0,721.5
0,720.4
0,720.1
0,719
0,719.4
0,720.7
0,721.9
0,722.1
0,722.1
0,722.2
0,722.6
0,722.9
0,723.9
0,726.4
0,727
0,726.4
0,726.5
0,726.6
0,726.3
0,724.3
0,724.4
0,725.5
0,727
0,726.8
0,726.8
0,726.5
0,724.9
0,725.3
0,725.4
0,725.2
0,724.9
0,725.5
0,726
0,726.2
0,728.7
0,729.1
0,728.7
0,728.7
0,728.5
0,728.4
0,728.3
0,728.2
0,728.7
0,729.1
0,728.8
0,728.4
0,729.5
0,729.9
0,731.1
0,730.1
0,730.7
0,730.6
0,730.6
0,730.3
0,730.1
0,730.1
0,729.8
0,728.6
0,729.5
0,728.7
0,728.5
0,728.2
0,727.3
0,727.2
0,726.7
0,727.3
0,727.3
0,726.9
0,727.1
0,727.1
0,726.8
0,726.2
0,725.8
0,725.7
0,726
0,725.6
0,724.8
0,724.3
0,724.8
0,725.9
0,725.7
0,726.1
0,726
0,725.9
0,726.3
0,726.7
0,726.6
0,726.4
0,726.6
0,726.7
0,726.9
0,726.8
0,726.6
0,726
0,726.3
0,726.3
0,726.2
0,726.4
0,725.4
0,725.5
0,725.4
0,725.6
0,726.1
0,727.2
0,727.4
0,727.4
0,727.1
0,727.6
0,727.9
0,727.8
0,729.6
0,729.6
0,730
0,730.5
0,730.2
0,729.7
0,728.9
0,728.9
0,729.1
0,729.1
0,728.2
0,727.4
0,727.7
0,727.8
0,727.3
0,727.5
0,727.1
0,727
0,727
0,727.3
0,727.2
0,726.6
0,726.4
0,727.2
0,726.7
0,726.4
0,726.3
0,725.8
0,725.6
0,725.8
0,725.4
0,724.7
0,724.2
0,723.8
0,723.9
0,723.1
0,722.9
0,722.9
0,721.7
0,722.4
0,723.2
0,723.2
0,718.1
0,723.1
0,723.4
0,723.3
0,723.3
0,722.3
0,722.4
0,721.1
0,722
0,721.9
0,721.8
0,721.9
0,721.7
0,721.5
0,721
0,721.3
0,721.1
0,721.3
0,721.4
0,721.2
0,721.2
0,720.9
0,720.8
0,721.3
0,721.7
0,722.3
0,721.8
0,722.2
0,722
0,721.3
0,721.4
0,721.7
0,721.4
0,721.3
0,721.4
0,721.5
0,721.4
0,721.3
0,720.7
0,720.4
0,721
0,721.3
0,721.6
0,722.6
0,722.7
0,722.1
0,722.1
0,722.1
0,722.2
0,722
0,722.1
0,722.4
0,721.8
0,721.8
0,721.8
0,721.2
0,721.9
0,721.8
0,722.3
0,722.2
0,722.6
0,721.9
0,721.5
0,721.4
0,722.1
0,722.1
0,721.9
0,722.5
0,722.3
0,721.5
0,721.6
0,721.5
0,721.8
0,721.8
0,721.9
0,722.6
0,721.9
0,722.1
0,722.2
0,722.2
0,722.1
0,724.3
0,723.7
0,723.2
0,723
0,722.7
0,723.5
0,722.9
0,723.6
0,723
0,722.8
0,722.8
0,723.3
0,723.1
0,722.8
0,724.4
0,724.3
0,725.2
0,724.2
0,724
0,723.4
0,723
0,722.7
0,722.5
0,722.7
0,722.9
0,722.8
0,723.5
0,723
0,724.1
0,724.2
0,724.2
0,723.9
0,722.6
0,722.4
0,721.9
0,721.6
0,721.9
0,721.9
0,723.8
0,723.3
0,723.3
0,722.6
0,722.2
0,721.9
0,721
0,720.8
0,721.5
0,720.9
0,721.1
0,721.2
0,720.7
0,721.2
0,720.7
0,720.7
0,720
0,720
0,719.6
0,719.7
0,719.8
0,719.2
0,718.6
0,718.8
0,718.3
0,718.2
0,718.5
0,718.4
0,718.4
0,718.3
0,718.1
0,717.9
0,717.5
0,718.1
0,718.1
0,718.5
0,718.2
0,718.7
0,718.2
0,717.1
0,716.9
0,717.6
0,717.8
0,717.4
0,718.1
0,718.8
0,717.7
0,717.4
0,717.3
0,717.6
0,716.6
0,716
0,716.5
0,716.7
0,716.4
0,716.3
0,715.7
0,716.5
0,716.3
0,716
0,715.8
0,715.9
0,715.3
0,715.2
0,715.4
0,715
0,715.4
0,715.2
0,715.5
0,715.7
0,715.6
0,715.4
0,715.6
0,715.4
0,715.3
0,715.2
0,716
0,715.6
0,716
0,716
0,715.7
0,715.7
0,715.5
0,715.5
0,715.5
0,714.6
0,715.3
0,716.6
0,716.8
0,722.3
0,719.4
0,719.8
0,719.9
0,720
0,720.4
0,720.6
0,720.9
0,721.2
0,721.8
0,721.6
0,719.4
0,719.3
0,719
0,717.7
0,718
0,717.4
0,717.7
0,719.5
0,719
0,719.4
0,719.7
0,719.8
0,719.8
0,719.1
0,719.3
0,719.2
0,719.9
0,719.9
0,719.9
0,719.1
0,718.8
0,719.1
0,718.9
0,720.3
0,720.5
0,721.6
0,722.3
0,723.9
0,723.3
0,723.1
0,723.1
0,723.1
0,723.5
0,723.9
0,723.6
0,723.2
0,725.9
0,725.1
0,725.7
0,725.8
0,726.7
0,726.7
0,727.9
0,727.7
0,727.7
0,727.8
0,727.9
0,728
0,726.8
0,726.7
0,726.5
0,726.9
0,727
0,727.2
0,726.9
0,727.4
0,727.5
0,727.5
0,727.4
0,727.3
0,724.6
0,725
0,724.5
0,724.1
0,725.2
0,727.1
0,727.3
0,726.3
0,725.3
0,723.1
0,723.2
0,723.8
0,724.4
0,724.4
0,724.1
0,723.6
0,723.7
0,724.1
0,723.9
0,724.1
0,724
0,724.1
0,724
0,724.2
0,724.3
0,724.5
0,724.7
0,724.6
0,724.8
0,724.7
0,724.1
0,723.8
0,724.3
0,724.5
0,724
0,724.1
0,724.3
0,725.2
0,725.2
0,724.3
0,724.3
0,724.3
0,724.4
0,724.6
0,724.8
0,724.9
0,723.7
0,723.6
0,723.4
0,723.5
0,723.8
0,723.7
0,723.3
0,723.5
0,723.6
0,724
0,723.3
0,721.5
0,722.2
0,724
0,724.1
0,723.9
0,723.3
0,723.3
0,723.3
0,723.5
0,723.4
0,723.1
0,722.8
0,722.6
0,722.9
0,722.4
0,722.6
0,722.5
0,723.6
0,723.4
0,723
0,722.7
0,722.5
0,722.8
0,722.7
0,722.8
0,722.4
0,722.8
0,722.7
0,722.8
0,722.4
0,724.3
0,725.6
0,725.6
0,725.2
0,725.9
0,725.9
0,725.9
0,726.8
0,726.8
0,725.9
0,725.6
0,725.5
0,725.1
0,724.6
0,724.4
0,724.2
0,724.5
0,724.9
0,724.9
0,725.2
0,726.2
0,724.4
0,724.1
0,724.7
0,724.5
0,724.3
0,724.1
0,724.5
0,724
0,723.9
0,723.8
0,723.3
0,723.2
0,722.7
0,722.9
0,722.4
0,721.7
0,722.6
0,723.2
0,723.5
0,723.5
0,723.5
0,723.3
0,722.5
0,723.3
0,723.1
0,723.4
0,723.7
0,723.4
0,722.7
0,723.3
0,723.3
0,723.6
0,724.2
0,723.6
0,724.1
0,724.3
0,723.5
0,723.1
0,723.8
0,723.2
0,723.3
0,723.5
0,723.1
0,723.5
0,723.3
0,724.1
0,723.2
0,723.6
0,723.5
0,723.5
0,723.6
0,724.2
0,724.1
0,724.3
0,724.2
0,724.4
0,724.6
0,724.8
0,724.7
0,725
0,724
0,724.4
0,724.7
0,724.5
0,724.3
0,724.3
0,723
0,724.1
0,724.3
0,723.5
0,724.4
0,724.4
0,724.8
0,723.8
0,723.9
0,724.7
0,724.8
0,724.7
0,725.1
0,724.9
0,724.5
0,724.5
0,724.5
0,725
0,725.4
0,726.7
0,727.9
0,727.4
0,726.2
0,727.1
0,727.1
0,727.1
0,727.4
0,726.7
0,726.8
0,727.1
0,727.1
0,727.1
0,726.9
0,726.8
0,726.9
0,727
0,727.2
0,726.8
0,727
0,726.9
0,726.8
0,725.9
0,726
0,726.2
0,726.6
0,726.9
0,725.5
0,726.7
0,725.9
0,726.2
0,726.7
0,728.5
0,727.1
0,727
0,727.3
0,727.4
0,728
0,727.8
0,727.8
0,727.4
0,727
0,727.1
0,726.8
0,727.2
0,726.7
0,727
0,726.8
0,727
0,726.8
0,726.6
0,726.5
0,726.8
0,726.8
0,726.9
0,726.7
0,728.2
0,729.3
0,729.7
0,729.9
0,729.1
0,728.7
0,729
0,729.2
0,728.5
0,728.9
0,729.2
0,729.2
0,729.5
0,729.4
0,729
0,729.1
0,730.2
0,730.5
0,730.4
0,730.3
0,730.3
0,731.3
0,732
0,732
0,731
0,731.1
0,731.5
0,731.2
0,731.2
0,731.3
0,730.6
0,730.6
0,729.7
0,729.8
0,729.6
0,729.5
0,729.1
0,728.9
0,729
0,721.8
0,721.8
0,725.7
0,728.4
0,739.7
0,743.2
0,742.7
0,730.6
0,733.6
0,732.9
0,733.6
0,733.8
0,734.5
0,733.3
0,732.2
0,731.7
0,731.5
0,732.6
0,733.6
0,734
0,734.1
0,734.1
0,734.1
0,733.7
0,733.6
0,734
0,734.2
0,734
0,733.4
0,732.1
0,732.7
0,733.1
0,732.3
0,730.9
0,732.2
0,732.3
0,732.5
0,732.9
0,732.4
0,732.9
0,732.8
0,732.8
0,733.2
0,732.7
0,732.6
0,732
0,732.3
0,731.2
0,731.1
0,731.9
0,731.8
0,731.7
0,731.8
0,731.8
0,732
0,731.9
0,730.6
0,731.3
0,732.2
0,730.5
0,729.8
0,730.5
0,730.1
0,729.9
0,730.4
0,730.5
0,731
0,730.7
0,730.3
0,729.8
0,729.9
0,729.3
0,730.3
0,730.3
0,730.4
0,729.1
0,728.8
0,728.9
0,729.6
0,729.9
0,729.1
0,728.5
0,729.8
0,730
0,729.7
0,729.9
0,729.8
0,728.9
0,729.7
0,730.2
0,730.2
0,729.5
0,729.8
0,730.1
0,729.7
0,729.3
0,729.4
0,729.6
0,729.9
0,729.7
0,729.5
0,729.7
0,729.8
0,729.6
0,729.8
0,729.9
0,729.4
0,728.7
0,727.7
0,726.5
0,726.8
0,727.4
0,726.7
0,727.2
0,726.6
0,727.4
0,726.9
0,726.2
0,725.7
0,726.3
0,726.7
0,726.5
0,726.4
0,725.4
0,724.9
0,725.4
0,725.1
0,725.1
0,724.9
0,725.5
0,725
0,725.1
0,724.5
0,723.8
0,724.1
0,724.4
0,724.2
0,723.8
0,723.2
0,723.2
0,723.9
0,724
0,723.7
0,723.8
0,724
0,723.5
0,723.4
0,723.5
0,723.5
0,723.6
0,724
0,722.9
0,724.6
0,724.9
0,724.8
0,724.9
0,724.9
0,725
0,726.1
0,725.5
0,725.6
0,725.5
0,725.7
0,725.7
0,729.3
0,728.2
0,726.5
0,726.4
0,726.6
0,728.3
0,728.5
0,727.8
0,728.7
0,728.5
0,728.7
0,729.5
0,727.8
0,727.8
0,728.9
0,729.2
0,729.8
0,729.4
0,729.6
0,729
0,729.1
0,729.8
0,730
0,730.1
0,729.8
0,730.1
0,729.5
0,729.4
0,729.7
0,729.7
0,729.6
0,729.8
0,729.9
0,729.9
0,729.3
0,729.2
0,729.3
0,729.5
0,729.8
0,729.8
0,729.1
0,730.2
0,730.2
0,729.4
0,730.4
0,729.7
0,729.8
0,729.9
0,729.8
0,729.8
0,732.3
0,733.2
0,734
0,735.1
0,734.7
0,734.2
0,737.6
0,736.5
0,735.4
0,735.7
0,736.2
0,736.4
0,735.7
0,735.6
0,735.6
0,735.8
0,735.7
0,735.3
0,735.5
0,735.1
0,735.6
0,734.8
0,734.8
0,735
0,735.6
0,735
0,735.4
0,734.9
0,734.9
0,734.8
0,735
0,734.7
0,734.4
0,734.7
0,734.3
0,733.9
0,734.4
0,734.1
0,733.9
0,733.6
0,732.9
0,732.8
0,732.5
0,732.5
0,731.8
0,732
0,732
0,732.5
0,732.3
0,732.2
0,732
0,730.2
0,730.6
0,730.6
0,731.3
0,731.5
0,731.7
0,731.8
0,732.7
0,732.7
0,733.1
0,733.1
0,732.7
0,737.5
0,736.5
0,735.9
0,737.1
0,738.2
0,737
0,736.2
0,736.5
0,736.1
0,736
0,735.6
0,735.2
0,735.5
0,735.5
0,735.3
0,735.4
0,734.7
0,734.4
0,734.4
0,735
0,734.7
0,734.4
0,734.6
0,734.7
0,734.8
0,734.5
0,734.5
0,734
0,734.2
0,734.2
0,734.6
0,734.5
0,734.8
0,734.2
0,734.3
0,734.2
0,733.8
0,733.3
0,733.7
0,733.2
0,734.1
0,733.9
0,733.5
0,733
0,733.3
0,732.4
0,732.5
0,731.1
0,732.1
0,732.3
0,731.6
0,731.5
0,732.7
0,732.4
0,731.4
0,731.9
0,731.7
0,731.6
0,731.8
0,731.6
0,731.9
0,731.7
0,730.9
0,730.9
0,731
0,730.8
0,731
0,731.1
0,731
0,731.2
0,731.1
0,731.2
0,730.9
0,730.9
0,730.8
0,730.9
0,730.8
0,730.4
0,730.7
0,730.7
0,730.8
0,730.5
0,731.1
0,731.6
0,732.2
0,732.3
0,732.3
0,732.5
0,732.4
0,732.5
0,732.6
0,733.5
0,734.7
0,735
0,734.2
0,733.8
0,734.3
0,733.8
0,733.9
0,733.8
0,733.8
0,733.9
0,733.9
0,733.5
0,733.9
0,733.8
0,733.7
0,733.7
0,734.3
0,734.8
0,733
0,730.6
0,738.1
0,734
0,735
0,734
0,738.3
0,738.1
0,735.5
0,736.6
0,736.2
0,737.5
0,737.9
0,738.1
0,739.9
0,739.1
0,738.6
0,739.3
0,739.4
0,739.8
0,738.3
0,739.6
0,739.6
0,739.1
0,739.2
0,739.3
0,739.4
0,739.2
0,739.1
0,739.7
0,738.6
0,739.3
0,739.3
0,740.3
0,740.2
0,740.1
0,738.6
0,738.4
0,739.1
0,740.5
0,740.8
0,739.5
0,739.7
0,740.9
0,740.5
0,741.2
0,741.2
0,741.6
0,742.9
0,742.3
0,741.5
0,741.4
0,741.9
0,741.6
0,741.4
0,741.4
0,741.9
0,742
0,740.6
0,741.1
0,741.2
0,740.4
0,740.6
0,741
0,741.3
0,741.3
0,741.3
0,741.7
0,746.9
0,746.4
0,747.6
0,748.7
0,748
0,748.1
0,748.3
0,745.7
0,747
0,747.9
0,748.1
0,748.3
0,748.7
0,750.1
0,750.9
0,751
0,753.4
0,754.1
0,752.7
0,752.9
0,752.6
0,751.6
0,749.5
0,750.3
0,750.3
0,750.2
0,750
0,749.9
0,749.7
0,748.7
0,748.3
0,748.8
0,749.7
0,748.8
0,748.5
0,748.6
0,748.7
0,749.5
0,749.8
0,749.7
0,749.6
0,749.6
0,748.7
0,748.6
0,749.2
0,749.1
0,749.4
0,749.5
0,749.6
0,749.8
0,749.8
0,749.4
0,749.9
0,749.4
0,749.5
0,749
0,749.4
0,748.8
0,748.7
0,749
0,749.6
0,749.7
0,749.9
0,749
0,749.7
0,749.2
0,749.1
0,749.2
0,749.5
0,749.6
0,749.6
0,749.2
0,749.1
0,749.5
0,749.4
0,749.6
0,749.9
0,752.2
0,752.3
0,753.1
0,750.7
0,750.6
0,751.8
0,751.3
0,752
0,752.1
0,750.5
0,751.8
0,751.4
0,751.7
0,750.9
0,751.7
0,751.8
0,751.5
0,753.9
0,754.3
0,754.1
0,754.5
0,754.7
0,754.7
0,756.3
0,755.2
0,754.5
0,755.7
0,755.5
0,755.5
0,755.7
0,756.5
0,755.9
0,756.7
0,756
0,755.9
0,758.3
0,758.2
0,758.4
0,757.9
0,758.5
0,758.2
0,758
0,758.6
0,758.5
0,757.4
0,759.3
0,759.7
0,758.3
0,758.4
0,759.6
0,757.9
0,757.5
0,757.9
0,757.9
0,757.8
0,757.9
0,758
0,758.2
0,760.7
0,762.7
0,764
0,764.2
0,763.3
0,763.4
0,763.5
0,764.7
0,764.8
0,764.7
0,763.9
0,764
0,761.5
0,762.6
0,762
0,761.5
0,761.3
0,759.7
0,759.3
0,759.7
0,759.9
0,760.9
0,759.5
0,760.1
0,760.2
0,760.7
0,760.6
0,761.7
0,761.1
0,761.1
0,761.1
0,760.8
0,761.4
0,760.8
0,761.5
0,761.2
0,761.8
0,761.5
0,760.9
0,761.2
0,761.6
0,762.8
0,762.5
0,763.7
0,764
0,764.1
0,764.4
0,765.3
0,765.9
0,766.7
0,767.4
0,766.9
0,766.3
0,765.5
0,764.4
0,764.8
0,764.5
0,765.4
0,765.3
0,765.2
0,765.2
0,764.8
0,767.3
0,765.5
0,765.1
0,765.5
0,765.6
0,765.3
0,764.9
0,764.3
0,763.6
0,763.9
0,764.6
0,764.8
0,764.4
0,763.8
0,763.6
0,763.6
0,763.8
0,763.4
0,763.5
0,764
0,764.2
0,763.9
0,764.3
0,764.5
0,764
0,764
0,764.1
0,763.7
0,763.3
0,763.7
0,763.9
0,763.3
0,763.8
0,763.9
0,763.1
0,763
0,762.5
0,761.9
0,760.7
0,761.1
0,760.4
0,761.1
0,760.7
0,761.3
0,761
0,761.2
0,761.1
0,760.6
0,760.8
0,760.9
0,760.9
0,759.4
0,759.6
0,759.3
0,760
0,760.4
0,760.9
0,760.8
0,761.4
0,761.5
0,762
0,762.2
0,762.1
0,762.6
0,761.8
0,761.1
0,761.5
0,761.4
0,761.4
0,761
0,761.2
0,761.2
0,761
0,761
0,761.4
0,761.7
0,761.1
0,760.6
0,760.9
0,761.1
0,761.1
0,760.7
0,760.6
0,761
0,761.1
0,761.1
0,761.4
0,761.9
0,762.2
0,761.1
0,760.8
0,760.7
0,761
0,760.7
0,760.7
0,760.9
0,760.6
0,760.2
0,760.5
0,760.4
0,759.6
0,760
0,760.2
0,760.3
0,760.1
0,759.8
0,760.1
0,759.1
0,759.6
0,759.9
0,760.1
0,760.4
0,760.1
0,760.2
0,759.2
0,759.5
0,759.6
0,759.9
0,760
0,759.9
0,759.8
0,760.1
0,759.9
0,759.9
0,760.1
0,760
0,759.8
0,759.5
0,759.6
0,759.5
0,759.8
0,756.4
0,758.6
0,759.5
0,759.6
0,759.7
0,764.5
0,764.3
0,765
0,763.4
0,764.9
0,765
0,765.2
0,766.1
0,766.4
0,764.7
0,764.6
0,763.5
0,763
0,763.3
0,762.4
0,761.2
0,760.9
0,759
0,757.7
0,755.6
0,758.7
0,761
0,762.5
0,763.3
0,763.4
0,763.3
0,763.7
0,763
0,760.7
0,761.9
0,761.3
0,762
0,763.5
0,763.8
0,764.3
0,763.5
0,762
0,762.1
0,763.9
0,764.1
0,764.1
0,763.5
0,766.5
0,766.7
0,766.8
0,766.9
0,768
0,767.9
0,767.6
0,767.1
0,766.9
0,767.3
0,767.1
0,766.1
0,766.6
0,766.2
0,766.1
0,766
0,766.6
0,766
0,766.1
0,766.7
0,766.8
0,766.8
0,767
0,766.6
0,766.2
0,765.9
0,765.3
0,765.3
0,765.8
0,765.2
0,764.6
0,764.7
0,764.6
0,765.8
0,766
0,766
0,765.8
0,765.9
0,766
0,766
0,765.9
0,768.1
0,767.9
0,769.1
0,769.8
0,772
0,770.5
0,772.2
0,772.4
0,771.1
0,770.1
0,770.5
0,770
0,770.4
0,770.7
0,770.8
0,770.3
0,770.6
0,770.5
0,771
0,771
0,770.2
0,770.5
0,771
0,770.9
0,770.9
0,771
0,770.4
0,770.2
0,769.9
0,769
0,768.2
0,768.7
0,769.8
0,769.4
0,769.7
0,769.2
0,769.3
0,769.4
0,769.5
0,769.5
0,769.1
0,769.3
0,769.5
0,769.6
0,769.7
0,769.8
0,769.3
0,769.2
0,769.3
0,769.6
0,769
0,769.6
0,769.5
0,769.3
0,768.7
0,768.6
0,768.4
0,768.2
0,767.8
0,768.2
0,768.3
0,767.5
0,766.8
0,766.4
0,765.9
0,765.6
0,765.2
0,764.8
0,764.2
0,764.6
0,765
0,765.2
0,764.6
0,764.4
0,764.2
0,764.3
0,764.4
0,765.2
0,767.1
0,767.2
0,765.8
0,765.3
0,764.3
0,764.1
0,763.2
0,764.1
0,764
0,763.3
0,763.3
0,763.6
0,763.1
0,763.2
0,759.7
0,760.1
0,765.1
0,762.7
0,762.9
0,762.3
0,762.1
0,761.3
0,760.4
0,761.2
0,760.3
0,760.4
0,760.3
0,760.2
0,760.4
0,760.7
0,763
0,762.1
0,762.8
0,761.8
0,764.3
0,763.5
0,764.6
0,764.8
0,764.3
0,763
0,762.9
0,763.2
0,763.3
0,763.3
0,764.1
0,763.8
0,762.7
0,761.9
0,761.8
0,760.8
0,761
0,760.6
0,760.6
0,760.5
0,760.1
0,758.4
0,757.7
0,757.9
0,759.2
0,759
0,759.4
0,759.6
0,760.2
0,760.4
0,760.6
0,760.7
0,761.1
0,760.9
0,760
0,760.9
0,762.4
0,762.5
0,762.5
0,762
0,762.6
0,761.9
0,762.3
0,761.8
0,762.4
0,762.7
0,762.6
0,762.4
0,761.7
0,761.6
0,762.5
0,762.8
0,762.5
0,761.8
0,762.2
0,762.3
0,762.9
0,762.6
0,762.7
0,762.9
0,763.7
0,763.4
0,765.3
0,764.4
0,763.2
0,762.9
0,760.9
0,762.2
0,761.9
0,762.4
0,762.6
0,762.6
0,762.7
0,762.9
0,762.9
0,762.7
0,762.8
0,762.9
0,762
0,762.8
0,762.8
0,763
0,762.4
0,763
0,763.1
0,762.9
0,762.8
0,763.1
0,762.6
0,763.3
0,762.7
0,763.1
0,763.2
0,762.9
0,763
0,763
0,763.4
0,763.3
0,763.3
0,763
0,762.8
0,762.9
0,762.9
0,762.8
0,763
0,762.4
0,763.3
0,763.2
0,763
0,763
0,762.9
0,763
0,762.7
0,763.1
0,763.5
0,762.8
0,763.3
0,763.1
0,763.2
0,763.2
0,763.3
0,762.9
0,762.9
0,762.6
0,762.6
0,762.6
0,762.7
0,762.5
0,762.3
0,761.8
0,761.9
0,761
0,760.9
0,761
0,760.5
0,760.9
0,760.5
0,760.3
0,760.3
0,760.1
0,760.3
0,760
0,759.8
0,759.6
0,759.7
0,760.1
0,760.1
0,760.9
0,761.2
0,762.1
0,761.8
0,760.8
0,761.2
0,761.4
0,761.7
0,761.5
0,761.7
0,762.2
0,762.3
0,762.4
0,762.5
0,762.7
0,762.5
0,762.2
0,762.1
0,762.3
0,762.4
0,762.7
0,762.2
0,762
0,762
0,761.7
0,761.8
0,761.7
0,761.6
0,761.2
0,761.1
0,760.9
0,761.3
0,760.2
0,760.4
0,760.4
0,760.9
0,760.9
0,761.2
0,762.2
0,761.2
0,761.5
0,761.5
0,761.4
0,761.6
0,761.9
0,762.1
0,762.6
0,762.2
0,761.6
0,760.1
0,760.2
0,754.9
0,763.8
0,760.5
0,765.9
0,766.2
0,762.2
0,762.6
0,762.4
0,762.1
0,762.3
0,759
0,758.3
0,760
0,760.3
0,760.3
0,760.2
0,760.3
0,763.5
0,761.9
0,761.8
0,763.1
0,762.5
0,762.6
0,762
0,761
0,761
0,760.7
0,761.7
0,762.4
0,762.2
0,761.8
0,761.7
0,759.5
0,758.9
0,759.8
0,756.9
0,758.2
0,758.2
0,759.6
0,759.5
0,760.2
0,760.3
0,758.5
0,758.2
0,757.6
0,757.9
0,757.7
0,757.5
0,756.6
0,755.5
0,756
0,756.3
0,755.9
0,756.2
0,757
0,757
0,757.7
0,757.3
0,755.2
0,754.8
0,753.1
0,753.1
0,753.3
0,754.1
0,753.9
0,754.7
0,755.7
0,755.6
0,755.8
0,755.9
0,756.6
0,756.6
0,757.2
0,755.9
0,756.1
0,756.2
0,756.7
0,756.1
0,756.4
0,759
0,759.2
0,758.7
0,757.5
0,757.7
0,757.4
0,758.1
0,757.6
0,756.9
0,757.3
0,757.7
0,759
0,758.8
0,757.6
0,758
0,758.2
0,758.7
0,759.5
0,760.2
0,759.3
0,759
0,759.3
0,759.1
0,759.3
0,759.6
0,759.2
0,759.1
0,759.2
0,759.4
0,759.3
0,759.5
0,759.3
0,759.2
0,758.9
0,758.8
0,758.9
0,759.3
0,759.2
0,758.8
0,759
0,759.2
0,759.1
0,759.9
0,759.9
0,760
0,759.5
0,759.6
0,759.6
0,759.3
0,759.4
0,759.2
0,759
0,759.5
0,759.2
0,759.4
0,759.6
0,759.9
0,759.8
0,759.7
0,759.4
0,758.9
0,759
0,759.2
0,759.2
0,759
0,759.1
0,759.2
0,759.1
0,757.8
0,758
0,758.1
0,758
0,757.8
0,756.7
0,755.6
0,755.9
0,755.8
0,756.6
0,756.8
0,756.6
0,756.3
0,757
0,756.5
0,756.5
0,757.3
0,757.8
0,758.1
0,758
0,757.6
0,757.5
0,757.6
0,756.1
0,757
0,757
0,757.1
0,757
0,757
0,756.8
0,756.7
0,757.1
0,757.4
0,757.1
0,755.4
0,757.8
0,757.9
0,757.6
0,757.4
0,757.6
0,757.8
0,758
0,758.6
0,758.7
0,758.4
0,758.9
0,758.5
0,758.6
0,758.9
0,758.8
0,758.9
0,759.2
0,759.1
0,758.9
0,759.2
0,758.7
0,759
0,759.1
0,758.9
0,758.6
0,759
0,759
0,759.1
0,759.6
0,759.5
0,759.4
0,759.7
0,759.4
0,759.5
0,759.6
0,760
0,761
0,762.2
0,762.4
0,762.9
0,762.9
0,762.8
0,762.2
0,762.3
0,761.7
0,761.8
0,762.7
0,761.7
0,761.6
0,761.6
0,761.7
0,761.5
0,761.6
0,761.1
0,761
0,761.8
0,762.1
0,761.6
0,761.8
0,761.7
0,762
0,761.8
0,763.1
0,763.3
0,763.3
0,763.2
0,763.3
0,763.2
0,763.3
0,763
0,763.3
0,763.2
0,763.3
0,763.2
0,763.7
0,763.8
0,764.3
0,764.1
0,764.7
0,764.8
0,765
0,765.3
0,765.4
0,765.2
0,765.2
0,765.4
0,766
0,765.5
0,765.9
0,766
0,765.8
0,765.6
0,765.8
0,766
0,765.8
0,766.1
0,765.8
0,766.2
0,765.9
0,765.8
0,765.5
0,765.7
0,765.5
0,765.1
0,765.6
0,766.4
0,766.7
0,766.4
0,766.6
0,766.8
0,767.1
0,767.1
0,766.9
0,767.9
0,767.8
0,768
0,766.9
0,767.8
0,768.2
0,768.5
0,768.4
0,768.3
0,769
0,768.8
0,769.1
0,768.8
0,768.9
0,768.6
0,768.9
0,769
0,768.4
0,768.3
0,768.8
0,769.6
0,769.4
0,769.9
0,769.9
0,770
0,769.7
0,769.5
0,770
0,770
0,769.6
0,769.6
0,769.1
0,768.2
0,768.7
0,769.2
0,768.9
0,767.8
0,767.7
0,768
0,767.4
0,767.8
0,767.9
0,768.1
0,767.9
0,768.2
0,768.5
0,768.3
0,768.4
0,768.6
0,769.6
0,769.7
0,769.7
0,769.5
0,769.5
0,769
0,769.3
0,769
0,769.5
0,769.3
0,769.5
0,769.6
0,769.5
0,769.6
0,769.5
0,770.4
0,770.3
0,770.5
0,770.6
0,769.2
0,769.2
0,769.5
0,770.2
0,769.8
0,770
0,769.5
0,769.1
0,769.6
0,769.9
0,769.7
0,770
0,769.7
0,769.4
0,769.8
0,769.5
0,769.8
0,769.6
0,768.6
0,769.3
0,768.9
0,768.9
0,768.8
0,768.1
0,768.5
0,772.7
0,772.3
0,771.5
0,771.4
0,771.4
0,771.2
0,770.8
0,767.6
0,766.9
0,766.7
0,769.6
0,769
0,766.5
0,767.8
0,767.3
0,767.4
0,767.4
0,769
0,769.5
0,769.3
0,770.7
0,770.2
0,771
0,771.6
0,772.3
0,772.3
0,771.6
0,769.5
0,770.5
0,770.4
0,770.7
0,771.2
0,771.5
0,772
0,772.1
0,771.8
0,770.4
0,769.1
0,770
0,770.8
0,770.5
0,769
0,768.8
0,768.4
0,768.5
0,768
0,767.1
0,767.3
0,768
0,768.8
0,766.4
0,767.3
0,766.7
0,766.8
0,766.7
0,766.8
0,767.1
0,767.9
0,768.1
0,767.5
0,766.9
0,766.9
0,767
0,767.4
0,767.2
0,767.1
0,767.2
0,767
0,765.9
0,766.6
0,767.1
0,766.7
0,767
0,767.1
0,766.9
0,766.7
0,767.2
0,767.1
0,767.9
0,767.8
0,768.2
0,767.4
0,767.4
0,767.5
0,767.7
0,767.7
0,767.9
0,768.5
0,768.4
0,768.4
0,767.4
0,767.1
0,767
0,766.8
0,766.9
0,767.2
0,767.6
0,767.6
0,767.3
0,767
0,767.4
0,767.4
0,767.9
0,768.4
0,767.2
0,767.5
0,768.1
0,768.2
0,767.9
0,767.7
0,766.7
0,766.9
0,767.7
0,767.9
0,767.6
0,767.7
0,767.8
0,767.7
0,767.7
0,767
0,766.1
0,766.8
0,766.9
0,766.8
0,767
0,766.6
0,766.4
0,765.8
0,766.7
0,766.4
0,766.9
0,767
0,766.9
0,766.8
0,766.9
0,766.1
0,766.2
0,766
0,766.5
0,766.9
0,767
0,767
0,766.6
0,765.7
0,765.9
0,765.8
0,765.7
0,766
0,766.3
0,766
0,766.8
0,767.2
0,766.3
0,766.3
0,766.5
0,766.7
0,766.2
0,765.6
0,765.7
0,765.8
0,764.3
0,766
0,766.5
0,766.8
0,767
0,767
0,767.9
0,766
0,765.7
0,766
0,765.7
0,767.2
0,766.8
0,766.3
0,766.6
0,766.9
0,766.7
0,766.5
0,766
0,766.1
0,766.4
0,765.8
0,766.2
0,766.5
0,766.4
0,766.2
0,765.9
0,765.8
0,765.9
0,765.6
0,765.8
0,765.6
0,765.6
0,765.8
0,766
0,767.1
0,765.9
0,766.2
0,766.4
0,766.8
0,766.4
0,766.7
0,766.7
0,766.6
0,766.1
0,766.4
0,766.5
0,766
0,766
0,766.1
0,766
0,765.3
0,765.9
0,765.4
0,766.1
0,765.7
0,766.1
0,766.1
0,765.7
0,765.6
0,766.1
0,765.9
0,764.9
0,765.3
0,765.3
0,764.4
0,764.4
0,764.3
0,764.3
0,764.2
0,764.4
0,764
0,764.1
0,764.4
0,765.1
0,765.5
0,765.5
0,765.6
0,765.3
0,765.2
0,765.3
0,765.6
0,765.4
0,765.3
0,765.4
0,765.5
0,765.6
0,765.9
0,765.8
0,765.8
0,766
0,766.3
0,766
0,766.5
0,767.6
0,768.4
0,767.7
0,768.5
0,768.4
0,768.7
0,767.6
0,768.6
0,769.1
0,769
0,769.6
0,769.2
0,767.9
0,768.1
0,767.9
0,768
0,768.4
0,768.4
0,768.6
0,768.5
0,768.3
0,768.7
0,768.7
0,768.2
0,768.6
0,768.4
0,768.5
0,768.8
0,768.6
0,768.4
0,768.3
0,768
0,768.2
0,768.8
0,768.9
0,768.4
0,768.4
0,768.4
0,768.3
0,768.5
0,768.9
0,768.1
0,767.8
0,767.6
0,767.3
0,767.6
0,767.4
0,767.5
0,766.7
0,767.1
0,767.3
0,767.6
0,767.5
0,767.5
0,767.6
0,767.3
0,767.6
0,767.4
0,767.3
0,767.4
0,767.4
0,766.8
0,766.9
0,766.8
0,766.9
0,767.3
0,766.9
0,766.9
0,766.9
0,767.3
0,767.1
0,767.1
0,767.1
0,767.1
0,766.7
0,766
0,765.9
0,765.6
0,765.8
0,765.8
0,764.7
0,764.9
0,764.8
0,765.2
0,765.7
0,765.4
0,765.3
0,765.8
0,765.1
0,765
0,765
0,765.1
0,764.9
0,765.2
0,765.3
0,765.2
0,765.2
0,764.5
0,765.3
0,758.5
0,758.5
0,759.4
0,761.8
0,763.4
0,760.9
0,764.4
0,762.2
0,760
0,759.9
0,764.2
0,765.3
0,765.3
0,766.6
0,768.5
0,767.5
0,767.6
0,764.2
0,764.3
0,766.4
0,765.4
0,764.9
0,765.2
0,763.9
0,762.3
0,762.1
0,762
0,762.9
0,763
0,763.2
0,763.2
0,763.4
0,763.6
0,762.7
0,761.1
0,760.1
0,760.1
0,760.1
0,759.1
0,759.5
0,759.2
0,759.2
0,759.2
0,759.2
0,759.3
0,758.8
0,758.6
0,757.4
0,756.9
0,756.5
0,756.4
0,756.1
0,755.3
0,754.7
0,755.8
0,754.4
0,754.6
0,755.2
0,754
0,753.7
0,753.8
0,753.7
0,753.7
0,753.7
0,753.4
0,753.3
0,753.2
0,752.9
0,753.4
0,751.8
0,751.6
0,752
0,752
0,751.8
0,752
0,751.9
0,751.6
0,751.8
0,751.7
0,751.6
0,751.3
0,751.2
0,750.4
0,750.7
0,751.7
0,751.6
0,750.8
0,750.7
0,751.1
0,751.1
0,751.2
0,750.5
0,750.4
0,750.5
0,750.6
0,750.5
0,749.8
0,749.9
0,749.8
0,749.8
0,749.7
0,750.4
0,750.6
0,750.7
0,750.7
0,751.8
0,751.7
0,751.2
0,751.7
0,752.9
0,752
0,753
0,752.9
0,753.2
0,753
0,753.3
0,754.4
0,754.8
0,754.8
0,754.8
0,755
0,755
0,756
0,756.1
0,756.8
0,756.9
0,757.3
0,757.8
0,757.2
0,756.7
0,754.7
0,754.9
0,754.9
0,754.6
0,754.7
0,754.7
0,754.6
0,754.7
0,754.6
0,754.9
0,755.8
0,755.7
0,755.9
0,756
0,755.7
0,755.6
0,755.5
0,755.4
0,755.5
0,754.8
0,755
0,754.6
0,754.8
0,754.8
0,754.9
0,754.8
0,754.6
0,754.1
0,754.2
0,754.2
0,754
0,752.5
0,754.6
0,754.7
0,754.6
0,755
0,754.9
0,754.5
0,754.6
0,754.6
0,753.5
0,753.6
0,753.7
0,753.8
0,753.9
0,754.5
0,755.4
0,754.8
0,754.4
0,754.3
0,755.6
0,755.5
0,755.6
0,755
0,754.7
0,753.8
0,753.7
0,753.8
0,754
0,753.9
0,753.8
0,753.8
0,753.8
0,753.7
0,753.8
0,753.7
0,753.4
0,753.4
0,753.1
0,753.5
0,753.2
0,753.6
0,753.5
0,753.5
0,753.4
0,753.1
0,753.2
0,753.3
0,753.4
0,753.2
0,753.6
0,754.2
0,753.2
0,753.5
0,754.2
0,753.8
0,753.2
0,753.6
0,753.4
0,753.3
0,753.4
0,753.5
0,753.9
0,754.1
0,753.9
0,753.5
0,753.2
0,753.5
0,753.3
0,753.3
0,753.2
0,753.2
0,753.3
0,753.5
0,753.6
0,753.7
0,753.4
0,753.2
0,753.3
0,753.2
0,752.9
0,752.7
0,752.1
0,752.9
0,753
0,752.7
0,753.1
0,753.6
0,753
0,753
0,753.4
0,754.2
0,755.2
0,754.4
0,755.7
0,755.8
0,755.9
0,756.8
0,756.6
0,756.8
0,757.3
0,757
0,757
0,757.8
0,757.8
0,757.3
0,757.2
0,756.6
0,756.3
0,756.5
0,757
0,756.2
0,756.2
0,755.4
0,756.1
0,756.2
0,757.1
0,757.5
0,758.2
0,758.7
0,758.5
0,758
0,758.1
0,758.1
0,758.7
0,758.6
0,758.5
0,758
0,758.1
0,758.1
0,758.3
0,757.9
0,756.2
0,755.9
0,756.3
0,755.8
0,756
0,756.3
0,756.5
0,755.3
0,755.9
0,756.3
0,756.1
0,756.3
0,756.3
0,755.6
0,755.4
0,754.8
0,754.7
0,754.9
0,754.9
0,755.2
0,754.9
0,755
0,755.3
0,754.7
0,754.9
0,754.6
0,754.9
0,754.7
0,754.7
0,754.2
0,755.3
0,754.7
0,755.3
0,754.6
0,754.8
0,755.3
0,754.6
0,755.3
0,755
0,755.2
0,755.2
0,754.5
0,754
0,754.4
0,754.4
0,753.7
0,753.9
0,753.9
0,753.6
0,753.8
0,753.7
0,753.4
0,753.7
0,753.8
0,753.7
0,753.5
0,753.6
0,753.7
0,754.4
0,754
0,753.4
0,753.8
0,759.9
0,759.9
0,760.1
0,759.7
0,759.6
0,759.6
0,760.2
0,760.3
0,759.5
0,760.3
0,759.3
0,761.1
0,762.6
0,763.1
0,761.1
0,759.4
0,757.8
0,758.5
0,758.6
0,758.9
0,758.7
0,757
0,757.6
0,757.5
0,757.3
0,758.3
0,758.3
0,758
0,758
0,758.3
0,758
0,758.1
0,758.1
0,758.4
0,758.2
0,758.3
0,758.3
0,758.3
0,758.4
0,758.8
0,758.6
0,758.8
0,759.1
0,759.7
0,758.4
0,758.7
0,757.1
0,756.1
0,756.2
0,758.7
0,759.1
0,758
0,758.1
0,758.1
0,757.4
0,757.2
0,757.2
0,757
0,757.6
0,757.7
0,756.8
0,756.6
0,756.8
0,757.2
0,756.9
0,756.8
0,756.5
0,756.5
0,758.2
0,758
0,757.5
0,757.7
0,757.4
0,757.4
0,758.5
0,758.6
0,758.8
0,758.6
0,758.6
0,759.2
0,759.3
0,758.9
0,758.7
0,759.4
0,759.3
0,760
0,760.8
0,758.4
0,758.9
0,758.7
0,759.4
0,758.6
0,758.7
0,759.2
0,759.2
0,759.1
0,758.9
0,758.8
0,758.8
0,758.8
0,759
0,759.1
0,759.1
0,759.2
0,759.5
0,759.2
0,759
0,759.3
0,759.6
0,759
0,759.3
0,759.1
0,759.1
0,758.8
0,759.3
0,759.5
0,759.4
0,757.8
0,758.2
0,757.6
0,759.4
0,759.2
0,759
0,758.5
0,758.8
0,758.3
0,758.4
0,758.3
0,758.2
0,757.9
0,757.6
0,757.3
0,757.7
0,756.9
0,757.8
0,757.6
0,756.8
0,756.9
0,757.1
0,755.9
0,756.2
0,756.1
0,756.2
0,756.4
0,757.2
0,757
0,757.8
0,757.5
0,757.9
0,757.4
0,757
0,757.3
0,757.1
0,755.9
0,756.4
0,756.3
0,757
0,757.1
0,757.2
0,757.1
0,756.3
0,756.6
0,756.2
0,756.5
0,756.1
0,755.7
0,756.3
0,755.7
0,755.7
0,756.1
0,756.8
0,756.3
0,756.3
0,755.8
0,756.3
0,754.1
0,756.4
0,756.8
0,756.6
0,755.6
0,755.8
0,755.6
0,755.7
0,755.9
0,755.4
0,756
0,756.1
0,756.9
0,757.1
0,757.1
0,756.9
0,756.7
0,756.9
0,757.2
0,757.4
0,756.5
0,757.1
0,757
0,757
0,757.1
0,756.8
0,756.2
0,756.5
0,756.2
0,755.5
0,755.5
0,755.3
0,755.2
0,755.3
0,755.5
0,755.6
0,755.4
0,755.7
0,754.9
0,755
0,755.5
0,754.3
0,754.6
0,754.7
0,755
0,755.5
0,756.3
0,756.3
0,756.3
0,755.6
0,754.8
0,754.3
0,754.8
0,754.6
0,754.7
0,754
0,753.8
0,753.3
0,754.1
0,754.7
0,754.6
0,755
0,754.5
0,754.4
0,754.6
0,755.2
0,755.3
0,755.5
0,755.6
0,755.8
0,754.7
0,754.6
0,754.3
0,754.3
0,755.1
0,756
0,754.8
0,754.9
0,754.8
0,754.9
0,755.6
0,755.7
0,755.8
0,756
0,755.5
0,754.7
0,754.2
0,755.1
0,755.3
0,755.2
0,755.3
0,754.8
0,754.9
0,755.1
0,754.8
0,754.7
0,754.8
0,754.8
0,755
0,755.1
0,755.8
0,755.7
0,755.9
0,756.1
0,756.1
0,756.9
0,757.4
0,757.4
0,757.8
0,757.6
0,757.4
0,758.2
0,757.4
0,757.7
0,757.4
0,758
0,757.7
0,757.9
0,758.4
0,758.7
0,758.8
0,758.3
0,758.5
0,758.6
0,758.5
0,758.8
0,759
0,759
0,758.8
0,759.6
0,759.6
0,758.9
0,759.7
0,759.4
0,758.7
0,758.5
0,758.5
0,758.9
0,759.2
0,759.5
0,759.2
0,759.4
0,759.3
0,759.1
0,759.4
0,759.5
0,759.4
0,759.3
0,759.4
0,759.3
0,759.3
0,759.5
0,759.6
0,759.9
0,759.8
0,761.3
0,761.8
0,761.6
0,761.7
0,761.5
0,761.5
0,760.8
0,760.6
0,760.5
0,760.4
0,760.3
0,760.8
0,761.4
0,761.4
0,761.5
0,761.6
0,761.7
0,761.4
0,761.8
0,761.2
0,760.1
0,760.1
0,759.8
0,759.9
0,760.2
0,760.3
0,760
0,760.2
0,760.1
0,760.1
0,760.3
0,760.2
0,760.3
0,760.2
0,760.1
0,760.3
0,760.2
0,760.3
0,760.3
0,759.9
0,759.7
0,759.9
0,759.8
0,759.9
0,759.9
0,759.7
0,759.8
0,759.7
0,759.8
0,760.1
0,760.2
0,759.9
0,754
0,756.3
0,756.1
0,756.6
0,758.9
0,759.4
0,758.9
0,757.5
0,758.6
0,759.3
0,758.8
0,758.9
0,758.8
0,759.3
0,757.7
0,757.4
0,757.3
0,755.9
0,755.5
0,755.4
0,755.3
0,754.5
0,754.8
0,754.6
0,754.7
0,757.1
0,757.2
0,758.3
0,758.4
0,758.6
0,759.2
0,759.2
0,757.3
0,757.9
0,758.7
0,758.8
0,759.2
0,758.1
0,758.3
0,758.3
0,758.5
0,758.9
0,758.3
0,758.2
0,759
0,759.1
0,759.5
0,758.7
0,758.6
0,758.4
0,757.6
0,757.9
0,757.4
0,757.4
0,756.2
0,756.2
0,755.6
0,755.4
0,756.5
0,756.6
0,756
0,756
0,756.5
0,755.9
0,756.1
0,756
0,755.5
0,754.6
0,755.1
0,755.2
0,754.6
0,754.9
0,756
0,756.2
0,756.6
0,756.2
0,756.1
0,756
0,755.6
0,755.5
0,755.9
0,755.9
0,757.1
0,757.4
0,756.5
0,756.4
0,756.4
0,756.4
0,756.5
0,756.6
0,757.6
0,757
0,756.9
0,757.7
0,758.4
0,757.6
0,757.9
0,758.5
0,758.8
0,758.8
0,758.8
0,759.1
0,760.1
0,759.3
0,759.5
0,759.4
0,759.6
0,759.7
0,759.3
0,759.3
0,759.1
0,758.5
0,758.8
0,758.7
0,758.8
0,758.6
0,759
0,758.7
0,758.9
0,759.7
0,759.6
0,759.9
0,759.6
0,759.4
0,759.2
0,759.4
0,759.7
0,760.4
0,760.6
0,760.6
0,760.1
0,760.2
0,760.3
0,761.1
0,760.4
0,760.1
0,759.9
0,759.5
0,759.4
0,759.4
0,759.4
0,759.5
0,759.3
0,759.6
0,760.2
0,760.3
0,760
0,759.9
0,760.1
0,760.2
0,760.2
0,761.3
0,761.4
0,761.9
0,761.6
0,760.7
0,760.9
0,760.8
0,761.1
0,759.5
0,759.2
0,758.9
0,756.6
0,757.7
0,757.4
0,757.1
0,757
0,756.5
0,756.6
0,756.3
0,756.9
0,758.3
0,757.6
0,757.7
0,757.1
0,756.9
0,756.9
0,756.7
0,756.7
0,756.9
0,756.9
0,757.1
0,757
0,756.9
0,757.1
0,757
0,757
0,757
0,758.3
0,757.8
0,757.7
0,757.3
0,757.3
0,757.2
0,757.3
0,757.5
0,758.4
0,757.9
0,757.8
0,758
0,758.2
0,758.6
0,758.6
0,758.7
0,758.9
0,758.8
0,759.4
0,759.1
0,759.2
0,758.9
0,758.9
0,759
0,759.8
0,760.1
0,759.7
0,759.5
0,759.6
0,759.7
0,759.6
0,760.1
0,759.4
0,758.7
0,758.9
0,758.5
0,758.6
0,758.7
0,758.8
0,759
0,759.6
0,759.8
0,759.8
0,760.2
0,760.1
0,759.8
0,759.8
0,759.7
0,759
0,758.5
0,758.5
0,759.1
0,759.2
0,759.2
0,759
0,758.7
0,758.8
0,759.4
0,758.8
0,758.7
0,757.8
0,757.7
0,757.3
0,757.2
0,756.9
0,756.9
0,757.3
0,756.8
0,755.5
0,756.6
0,756.9
0,757.1
0,756.9
0,757.1
0,757.2
0,757.3
0,757.6
0,757.7
0,758.1
0,757.2
0,756.8
0,757.1
0,757
0,757.3
0,757.5
0,757.4
0,757.4
0,757.7
0,757.6
0,757.7
0,757.7
0,758
0,758.3
0,758.3
0,758.8
0,758
0,758.1
0,757.7
0,757.8
0,757.9
0,758
0,757.8
0,757.8
0,757.6
0,756.9
0,757.1
0,757.5
0,757.7
0,757.5
0,757.4
0,757.4
0,757.6
0,757.2
0,757.2
0,757.1
0,757.1
0,757.2
0,757.1
0,756.9
0,757.3
0,756.9
0,756.3
0,756.7
0,756.6
0,757.2
0,756.5
0,755.9
0,756.7
0,756.8
0,757.1
0,757
0,757.2
0,757.5
0,758.4
0,757.7
0,757.8
0,757.7
0,757.7
0,757.8
0,757.8
0,757.9
0,757.6
0,757.6
0,758.3
0,758.2
0,758.4
0,758.5
0,758.7
0,758.3
0,758.5
0,758.6
0,758.5
0,758
0,758
0,757.7
0,758
0,757.7
0,758.1
0,758.3
0,757.6
0,758.1
0,757.7
0,757.6
0,757.7
0,756.2
0,755.3
0,756
0,755.9
0,755.5
0,755.8
0,756.9
0,757.6
0,759.1
0,759.6
0,758.1
0,758.2
0,758.8
0,759.8
0,759.8
0,760.4
0,760.1
0,760.2
0,760
0,760.8
0,760.7
0,760.1
0,760.3
0,760.7
0,761.6
0,761.9
0,763
0,760.4
0,760.1
0,759.8
0,760.7
0,761
0,758.5
0,758.9
0,759.5
0,759.6
0,759.6
0,759.9
0,759.5
0,758.6
0,759.5
0,760.1
0,760.4
0,760.3
0,759.6
0,758.3
0,756.9
0,757.4
0,758.3
0,759.2
0,759.3
0,759.4
0,759.2
0,758.4
0,759.1
0,758.5
0,759.1
0,758.7
0,758.2
0,758.3
0,759
0,759.1
0,758.6
0,756.3
0,757.2
0,755.6
0,756.2
0,755.4
0,756
0,755.6
0,756.7
0,756.8
0,756.9
0,754.8
0,755.1
0,756.1
0,756.2
0,756.2
0,756.2
0,756
0,755.7
0,755.9
0,755.8
0,757.6
0,756.6
0,756.1
0,756
0,756.6
0,758.1
0,756
0,756.8
0,757.1
0,757.4
0,757
0,756.7
0,756
0,756.6
0,756.7
0,756.9
0,756.9
0,756.8
0,757.3
0,757.5
0,757.5
0,757.2
0,757.3
0,757.5
0,757.6
0,757.7
0,757.5
0,757.2
0,757.1
0,757.4
0,757.2
0,756.8
0,757.5
0,757
0,756.9
0,757
0,757.2
0,757.3
0,757.5
0,758.3
0,758.5
0,757.9
0,757.9
0,758
0,758.4
0,757.2
0,757.8
0,757.4
0,757.3
0,757.6
0,757
0,757
0,756.1
0,756.6
0,758
0,755.4
0,756.9
0,756.9
0,757
0,756.7
0,756.3
0,756.3
0,756.4
0,756.3
0,756.4
0,756.1
0,755.7
0,756
0,756
0,755.8
0,755.2
0,755.3
0,755.6
0,754.9
0,754.1
0,753.9
0,754
0,755
0,755.2
0,755.3
0,756.2
0,756.1
0,756.2
0,759.3
0,755.7
0,756.7
0,756.8
0,756.9
0,757.4
0,757.3
0,756.3
0,755.9
0,756.8
0,756.3
0,756.2
0,755.1
0,755.5
0,756
0,756.4
0,756.3
0,756.1
0,756
0,756.1
0,755.9
0,756.2
0,756.2
0,755.3
0,756.3
0,755.8
0,755.6
0,755.6
0,755.6
0,755.6
0,755.6
0,755.7
0,755.6
0,754.9
0,755.1
0,755
0,755
0,755
0,754.9
0,755.1
0,755.7
0,755.8
0,756
0,756
0,756.1
0,757.1
0,755.7
0,755.8
0,756.5
0,757.4
0,757.1
0,756.2
0,756.2
0,755.7
0,755.9
0,756.7
0,755.9
0,756
0,756.1
0,755.9
0,755.9
0,756.1
0,756.1
0,755.8
0,755.9
0,756.1
0,756
0,754.4
0,754.4
0,754.5
0,754.7
0,753.4
0,754.2
0,754.5
0,753.9
0,753.8
0,754.3
0,754.1
0,754.2
0,753.5
0,754.2
0,753.4
0,754.1
0,754.1
0,754
0,753.9
0,752.4
0,752.4
0,753.2
0,753.1
0,753.5
0,753.6
0,753.4
0,752.8
0,752.9
0,753.5
0,753.6
0,753
0,753.1
0,753.6
0,753.2
0,751.8
0,752.8
0,753.3
0,753.3
0,753.4
0,753.7
0,753.7
0,753.6
0,754.3
0,754.2
0,754.2
0,754.4
0,754.1
0,754.5
0,754.2
0,754.4
0,754.6
0,753.9
0,754.9
0,754.9
0,754.7
0,754.5
0,754.7
0,755.2
0,755.8
0,755.9
0,756
0,757
0,756.7
0,757
0,756.3
0,756.5
0,756.9
0,757.6
0,757.1
0,756.3
0,756.2
0,756
0,756.4
0,756.1
0,756.6
0,756.8
0,755.5
0,756.8
0,755.7
0,755.3
0,755.8
0,756.1
0,755.8
0,755.9
0,756.3
0,755.7
0,756.3
0,756.8
0,756.6
0,756.5
0,756
0,755.1
0,756.6
0,755.9
0,756.7
0,756.4
0,755.8
0,755.5
0,755.6
0,756.2
0,755.4
0,755.6
0,756.3
0,755.8
0,755.7
0,755.4
0,755.6
0,755.4
0,755.5
0,755.8
0,754.3
0,754.9
0,754.8
0,755.1
0,754.2
0,754.6
0,754.7
0,754.5
0,754.5
0,754.9
0,754.8
0,754.9
0,754.8
0,755
0,754.2
0,753.4
0,753.6
0,753.5
0,754.2
0,752.7
0,753.2
0,752.8
0,753.1
0,753.3
0,753.6
0,753.8
0,753.6
0,753.5
0,753.7
0,753.8
0,752.1
0,751.7
0,752.1
0,751.7
0,751.8
0,755.1
0,750.9
0,752.1
0,752.2
0,752.2
0,751.5
0,752.4
0,749.6
0,755.3
0,756.7
0,755.7
0,756.1
0,757.1
0,757.7
0,757.9
0,755.1
0,755.7
0,755.6
0,755.7
0,755.9
0,756.8
0,755.7
0,756.5
0,756.5
0,756.7
0,756.8
0,756.9
0,757.1
0,756.9
0,756.9
0,756.4
0,756.6
0,756.4
0,753.2
0,752.4
0,751.9
0,752.8
0,752.9
0,753
0,753.3
0,754.2
0,753.3
0,753.7
0,753.9
0,753.6
0,753.9
0,754
0,753.7
0,753.2
0,752.3
0,753.2
0,753.7
0,753.3
0,752.5
0,753.3
0,753.5
0,753.5
0,753.1
0,752.8
0,751.8
0,752
0,751.7
0,750.4
0,750.1
0,749.8
0,749.9
0,750.5
0,750.3
0,750.2
0,750.3
0,750.4
0,750.2
0,750.2
0,750.2
0,750.1
0,749.9
0,751
0,751.1
0,751.2
0,750.9
0,750.8
0,750.8
0,751.5
0,750.3
0,750.4
0,750.8
0,749.5
0,749.6
0,749.7
0,749.6
0,749.4
0,749.2
0,748
0,747.9
0,748
0,747.5
0,747.7
0,747.9
0,747.4
0,747.9
0,747.6
0,747.5
0,747.6
0,747.5
0,747.5
0,747.4
0,748.8
0,748.6
0,749
0,749
0,749.1
0,748.2
0,748.6
0,749.1
0,749
0,749.1
0,749
0,749.1
0,748.4
0,749
0,749.6
0,749.7
0,750.5
0,750.4
0,750.6
0,750.5
0,750.6
0,750.8
0,750.5
0,750.3
0,750.9
0,750.3
0,750.1
0,750.6
0,750.1
0,750.7
0,749.6
0,749.7
0,750.1
0,751
0,750.7
0,750.9
0,750.4
0,750.5
0,751.3
0,750.8
0,750.6
0,751.1
0,751.3
0,751.4
0,752
0,751.3
0,751.1
0,750.9
0,751
0,751.1
0,750.7
0,751.2
0,751.4
0,751.5
0,752.1
0,752.6
0,752.9
0,753.4
0,753.2
0,753.4
0,752.7
0,750.3
0,750.3
0,753
0,753.2
0,752.7
0,753
0,753.6
0,753.3
0,752.6
0,751.4
0,750.5
0,750.1
0,751.1
0,751.3
0,751.4
0,752.2
0,752.4
0,752
0,751.4
0,751.6
0,751.4
0,751.2
0,751.4
0,751.5
0,751.2
0,752.1
0,752
0,751.7
0,752.2
0,751.6
0,752.2
0,752.9
0,752.4
0,752.6
0,752.1
0,752.6
0,752.6
0,752.7
0,752.7
0,752.7
0,752
0,751.9
0,751.2
0,751.4
0,750.7
0,751.2
0,751.5
0,751.2
0,751.1
0,750.4
0,749.9
0,750.2
0,749
0,749.9
0,750
0,749.1
0,750.1
0,750.1
0,750.1
0,750.1
0,750.1
0,749.5
0,749.9
0,749.1
0,749.2
0,749
0,749.2
0,749.4
0,749.8
0,749.9
0,750.8
0,750.2
0,750.1
0,750.7
0,749.4
0,749.9
0,749.5
0,749.6
0,749.6
0,750
0,749.9
0,749.5
0,749.6
0,749.6
0,750.1
0,750.1
0,749.7
0,750.1
0,750.2
0,750
0,749.6
0,750.1
0,750.2
0,750.2
0,750.3
0,750.4
0,750
0,749.7
0,749.8
0,750.3
0,749.9
0,750.5
0,750.1
0,749.4
0,750.5
0,750.6
0,750.7
0,750.2
0,750.2
0,749.8
0,749.9
0,749.7
0,749.9
0,750.2
0,749.6
0,748.9
0,749.2
0,749.3
0,750.1
0,749.6
0,749.9
0,749.9
0,749.8
0,749.7
0,749.5
0,750.1
0,750.1
0,749.4
0,749.1
0,749.7
0,749.6
0,749.9
0,747.9
0,750
0,749.5
0,749.4
0,749.4
0,749.3
0,749.6
0,749.1
0,748.4
0,747.6
0,747
0,747.1
0,747.8
0,748.1
0,747.9
0,748.9
0,748.8
0,749
0,749.3
0,749.6
0,749.6
0,749.4
0,749.1
0,747.1
0,746.2
0,746.6
0,744.8
0,744.5
0,746.4
0,747.1
0,748.7
0,748.4
0,748.6
0,748.5
0,748.2
0,748.2
0,748.1
0,747
0,747
0,747.4
0,747.3
0,747.5
0,747.1
0,747.6
0,747.3
0,747.6
0,747.2
0,747.4
0,746.9
0,746.9
0,747
0,747.6
0,745.4
0,745.8
0,746.8
0,746.7
0,747
0,747.6
0,747.3
0,746.8
0,747.3
0,747.2
0,746.9
0,747
0,746.9
0,746.4
0,746.8
0,747.1
0,746.9
0,747.1
0,747
0,746.8
0,747.1
0,747.2
0,746.5
0,746.8
0,746.9
0,746.4
0,746.8
0,746.8
0,746.6
0,745.9
0,741.6
0,742.5
0,743.3
0,742.1
0,742
0,745
0,743.8
0,742.6
0,743.7
0,744.5
0,744.8
0,744.9
0,746.9
0,748.6
0,750.2
0,748.8
0,750.1
0,749.9
0,750
0,751.2
0,750.3
0,749.7
0,749.7
0,749.4
0,747.6
0,746.3
0,748
0,748.9
0,748.1
0,749.1
0,749.3
0,750.3
0,749.3
0,749.8
0,750.8
0,750.9
0,752.7
0,753.2
0,752.4
0,755.2
0,753.7
0,752.8
0,752.9
0,752.3
0,752.5
0,752.6
0,752.5
0,750.8
0,750.9
0,751.2
0,751.8
0,752.3
0,752.4
0,752.6
0,752.3
0,752
0,752.1
0,754
0,753
0,752.6
0,752.1
0,752.6
0,752.3
0,752.3
0,751
0,751.3
0,750.8
0,751.2
0,751.9
0,751.6
0,751.7
0,752.4
0,752
0,751.9
0,752.4
0,752.6
0,751.9
0,752
0,752
0,752.5
0,752.5
0,752.6
0,752.6
0,752.7
0,752.7
0,752.6
0,753.3
0,753.1
0,752.9
0,753.6
0,754.2
0,752.9
0,753.7
0,753.6
0,753.7
0,754.2
0,752.6
0,752.4
0,752.4
0,752.4
0,751.8
0,752.4
0,752.3
0,751.4
0,751.5
0,752.4
0,752.6
0,753.7
0,753.9
0,753.1
0,752.9
0,752.4
0,752.6
0,753.3
0,753.1
0,753.4
0,752.2
0,752.1
0,752.6
0,750.8
0,750.7
0,751.7
0,751.5
0,752.6
0,752.6
0,751.7
0,751.3
0,751.5
0,751.8
0,750.7
0,750.1
0,749.8
0,750
0,750.1
0,750.3
0,749.7
0,750.1
0,750.2
0,750.4
0,751.1
0,751.2
0,751.5
0,751.4
0,751.2
0,751.2
0,751.1
0,750.9
0,749.9
0,750.2
0,751
0,750.7
0,750.6
0,750.6
0,752.1
0,752.3
0,752.9
0,752.4
0,753.1
0,753
0,752.8
0,753.7
0,753.1
0,753
0,753.2
0,753.7
0,753.2
0,753.7
0,751.9
0,752.2
0,752.1
0,752.4
0,752.2
0,752.7
0,752.4
0,752.2
0,750.5
0,751.3
0,752
0,752.1
0,752.2
0,751.7
0,751.5
0,750.9
0,752.4
0,752.4
0,752
0,752
0,752.3
0,752
0,752.1
0,751.9
0,751.5
0,750.5
0,750.8
0,750.8
0,750.9
0,750.8
0,751.3
0,750.1
0,748.6
0,748.9
0,749.4
0,749.2
0,748.3
0,748.2
0,748.3
0,748.5
0,748.6
0,750.1
0,750.3
0,749.8
0,750.1
0,750.2
0,749.9
0,749.9
0,749.5
0,750
0,750.1
0,749.6
0,749.7
0,749.8
0,749.5
0,749.8
0,749.4
0,749.7
0,749.8
0,748.7
0,749
0,747.6
0,747.5
0,747.7
0,748.2
0,748
0,748.9
0,748.4
0,748.9
0,748.5
0,748.8
0,749.1
0,749.4
0,749.1
0,749.1
0,749.2
0,749.4
0,749.1
0,749.2
0,748.4
0,749
0,749.5
0,749.7
0,750.4
0,750.5
0,750
0,750.6
0,750.4
0,749.1
0,749.6
0,750.6
0,749.2
0,749.4
0,748.9
0,750
0,749.9
0,749.4
0,750
0,750.2
0,749.8
0,749.4
0,749.5
0,749.6
0,749.8
0,749.7
0,749.9
0,749.8
0,749.9
0,750.6
0,750.7
0,750.8
0,750.1
0,750.1
0,750.1
0,750.2
0,749.9
0,750
0,749.6
0,749.7
0,750.6
0,750.1
0,750.2
0,749.9
0,750.7
0,750.2
0,750.2
0,749.7
0,749.7
0,750.1
0,749.8
0,749.8
0,749.8
0,749.9
0,750.3
0,750.1
0,751
0,751.2
0,751.8
0,751.6
0,751.6
0,751.5
0,751.3
0,751.3
0,751.9
0,751.8
0,751.9
0,751.8
0,751.4
0,751.8
0,751.5
0,751.9
0,752
0,751.5
0,751.6
0,751.4
0,751.2
0,751.5
0,751.7
0,751.6
0,751.8
0,751.9
0,752
0,752
0,751.9
0,752
0,751.4
0,751.1
0,751.1
0,751.4
0,751.4
0,751.5
0,752.3
0,751.2
0,751.6
0,751.5
0,751.7
0,751.1
0,751.7
0,751.4
0,751.2
0,751
0,751.2
0,751
0,751.4
0,751.3
0,751.1
0,751.1
0,750.8
0,751
0,749.5
0,739.4
0,737.6
0,737.5
0,734.8
0,734.5
0,734.3
0,732
0,727.8
0,723.8
0,720.9
0,719.3
0,713.6
0,714.3
0,715.1
0,715.3
0,715.3
0,714.2
0,717
0,719
0,718
0,717.6
0,717.8
0,718
0,717.9
0,716
0,715.5
0,717.5
0,716.6
0,720.5
0,720
0,720.6
0,720.2
0,719.6
0,719.3
0,717.8
0,714.9
0,714.6
0,713.1
0,714.2
0,713.4
0,712.8
0,711.5
0,709.6
0,709.3
0,707.2
0,706.5
0,706.1
0,709.6
0,709.9
0,707.2
0,706.2
0,705.7
0,704.8
0,704.1
0,704.3
0,703.9
0,703.5
0,704.4
0,707.2
0,705.9
0,706.6
0,708.4
0,709.4
0,710.1
0,712
0,712.8
0,712.9
0,713.4
0,714.3
0,718.5
0,719.9
0,720.2
0,720.7
0,721.5
0,723.5
0,726.3
0,724.8
0,725.5
0,726.1
0,724.2
0,721.8
0,721.2
0,719.7
0,719.6
0,720.2
0,719.4
0,719
0,719.3
0,718.2
0,718.3
0,719.2
0,719
0,720.1
0,720.1
0,721.4
0,721.1
0,720.8
0,720.7
0,720.5
0,719.2
0,719.7
0,719.8
0,720.3
0,720.2
0,720.2
0,719.6
0,719.3
0,719
0,715.9
0,715.6
0,715
0,714
0,714.7
0,716.8
0,713.1
0,714.9
0,714.4
0,714.2
0,713.3
0,712.8
0,713.1
0,713.2
0,713.4
0,712.8
0,711.9
0,711.1
0,711.3
0,711.8
0,712.2
0,712
0,711.8
0,710.8
0,710.6
0,710.8
0,711.4
0,712.1
0,712.1
0,711.6
0,711.8
0,711.3
0,711
0,711.9
0,712.1
0,712.5
0,712.9
0,713.1
0,712.7
0,713.6
0,713.6
0,713.4
0,712.8
0,715.1
0,715.3
0,715.4
0,715.2
0,715.3
0,716.9
0,714.9
0,714.8
0,714.1
0,714
0,713.6
0,712.9
0,713.5
0,713.4
0,712.6
0,712.9
0,713.8
0,714.3
0,714.8
0,714.2
0,714.5
0,713.8
0,713.6
0,713.3
0,713.3
0,713.3
0,713.3
0,713.2
0,713.1
0,713
0,714.4
0,714.4
0,714.6
0,714.3
0,714.2
0,714.3
0,713.8
0,713
0,713.1
0,713.2
0,713.5
0,713.2
0,713.1
0,713.3
0,713.2
0,712.3
0,712.1
0,712
0,711.5
0,712
0,712.2
0,711.3
0,711.8
0,712.1
0,711.6
0,711.6
0,712.7
0,713.1
0,713.5
0,713.5
0,714.2
0,713.6
0,711.8
0,711.6
0,712
0,712.7
0,712.1
0,713.2
0,714
0,713.7
0,713.5
0,713.6
0,715.5
0,716.2
0,716.2
0,716.2
0,716.7
0,716.7
0,715.7
0,715.4
0,715.5
0,715.7
0,716.4
0,716.5
0,717
0,716.5
0,715.7
0,716
0,716.3
0,716.9
0,716.6
0,716.6
0,716.6
0,716.4
0,716.4
0,716.5
0,716.5
0,718
0,717.9
0,717.8
0,718.1
0,718.2
0,719
0,718.8
0,718.2
0,717.4
0,718.2
0,718.1
0,718.1
0,718.1
0,718.5
0,718.4
0,717.5
0,718.4
0,718.7
0,719.4
0,719.6
0,719.4
0,720
0,719.8
0,720.3
0,720.4
0,720.1
0,719.4
0,719.5
0,719.3
0,718.9
0,719
0,719.2
0,719.4
0,719
0,718
0,717.6
0,717.8
0,717.2
0,716.6
0,716.9
0,716.5
0,716.5
0,717.2
0,718
0,718.2
0,718.3
0,718.2
0,718.5
0,718.5
0,718.6
0,718.4
0,717
0,717.7
0,717.8
0,717.9
0,717.8
0,717.7
0,717.8
0,717.8
0,717.8
0,718
0,718.1
0,718.4
0,718.9
0,719.1
0,718.8
0,719.4
0,719.1
0,718.2
0,718.8
0,718.7
0,718.6
0,719.2
0,718.5
0,718.5
0,717.8
0,718.5
0,718.5
0,718.4
0,718.2
0,718
0,717.6
0,717.1
0,716.3
0,715.7
0,715.7
0,715.4
0,715.8
0,715.2
0,714.3
0,713.9
0,714.2
0,713.8
0,713.1
0,712.9
0,713
0,713.3
0,713.4
0,713.8
0,714.1
0,711.7
0,712.9
0,713.2
0,712.9
0,712.7
0,711.9
0,711.7
0,712.1
0,712.5
0,712.9
0,712.9
0,713
0,712.9
0,712.2
0,711.5
0,711.8
0,712
0,711.3
0,711.4
0,710.7
0,710.5
0,710.7
0,710.5
0,710.6
0,710.7
0,711.3
0,711.3
0,710.3
0,710.3
0,710.2
0,710.2
0,710.5
0,710.4
0,710.5
0,710.8
0,710.6
0,710.8
0,711
0,710.8
0,711.3
0,711.4
0,711.5
0,711.2
0,711.9
0,711.6
0,712.3
0,712.8
0,712.4
0,712.3
0,712.7
0,712.1
0,712.5
0,712.1
0,711.9
0,711.8
0,712
0,712.3
0,712.3
0,711.5
0,711.9
0,711.8
0,712.3
0,712.1
0,705.3
0,705.9
0,706.3
0,707.3
0,707.4
0,710.7
0,711.8
0,713.3
0,713.5
0,705.6
0,709
0,709.8
0,710.6
0,707.6
0,708.8
0,711
0,712.1
0,713.2
0,712
0,713.3
0,712.9
0,713.3
0,713.4
0,715.4
0,714.3
0,712
0,713.3
0,713.5
0,715.2
0,716.1
0,716.9
0,714.3
0,714.5
0,716.6
0,716.4
0,714.9
0,715.4
0,715.9
0,716
0,714.6
0,714.2
0,714.5
0,714.2
0,714.4
0,714.2
0,712.9
0,711.7
0,711.1
0,712.2
0,712.6
0,713.1
0,713.6
0,714.9
0,713
0,712.3
0,712.2
0,713.3
0,713.7
0,713.5
0,714.7
0,715.1
0,716.1
0,715.4
0,716.1
0,717.2
0,715.4
0,715.8
0,715.1
0,715.9
0,716.2
0,717.5
0,717.4
0,715
0,714.8
0,714.1
0,714.4
0,714.3
0,714.4
0,714.5
0,712.6
0,712.9
0,712
0,712.9
0,711.9
0,711.2
0,711.8
0,711.9
0,713.3
0,713
0,712.2
0,711.6
0,711.4
0,710.9
0,711
0,711.1
0,712.8
0,710.7
0,709.7
0,709.8
0,710.3
0,710.3
0,709.9
0,708
0,708.6
0,708.5
0,708.7
0,708.6
0,708.1
0,708.7
0,708.6
0,709.6
0,709.7
0,710
0,708.5
0,709.1
0,708.8
0,709.1
0,708.9
0,708.5
0,708.9
0,708.2
0,708.2
0,707.8
0,708
0,708.1
0,707.7
0,707.6
0,707.5
0,707.2
0,708.1
0,707.9
0,708.6
0,708.7
0,708
0,708
0,708.5
0,708.8
0,707.9
0,710.4
0,712.8
0,714.5
0,712.9
0,711.2
0,710.6
0,711.8
0,711.4
0,713.4
0,712.8
0,712.6
0,712.9
0,712.4
0,713.1
0,714.1
0,714.5
0,714.2
0,715.5
0,715.1
0,715.7
0,715.3
0,714.9
0,715
0,715.7
0,715.6
0,713.2
0,713.8
0,714.1
0,715
0,713.4
0,713.9
0,714.4
0,714
0,714.4
0,714.3
0,714.1
0,712.5
0,713.6
0,714.2
0,715.6
0,715.7
0,716
0,714.9
0,715.6
0,715.6
0,714.7
0,715.1
0,715.1
0,715.4
0,714.6
0,714.9
0,715
0,715.1
0,715.2
0,715.9
0,716
0,716.4
0,716.4
0,718.2
0,717.1
0,713.5
0,717.9
0,718.2
0,718.5
0,718.5
0,718.2
0,718.5
0,718.4
0,718.8
0,718.2
0,718
0,717.5
0,715.7
0,717.4
0,716.5
0,717.7
0,717.8
0,717.6
0,717.8
0,717.5
0,717.3
0,717.7
0,717.3
0,717.2
0,715.9
0,716.8
0,717.4
0,715.8
0,715
0,714.9
0,713.9
0,713.3
0,714.5
0,714.4
0,714.2
0,714.1
0,711.9
0,713
0,713.2
0,713.3
0,713.4
0,713.3
0,712.9
0,713.1
0,713.3
0,713.3
0,715.6
0,715.2
0,715.3
0,715.2
0,713.4
0,713.7
0,714.6
0,714.7
0,714.8
0,713.9
0,714.1
0,713.7
0,713.3
0,713.7
0,713.6
0,713.7
0,713.8
0,713.9
0,713.5
0,713.7
0,713.5
0,712.6
0,713
0,713
0,712.6
0,713
0,711.6
0,711.6
0,713.9
0,712.5
0,712.6
0,712.4
0,712.3
0,712.5
0,712.4
0,712.5
0,713.3
0,712.8
0,712.6
0,712.5
0,711.9
0,712.1
0,712.2
0,712.5
0,712.6
0,712.6
0,712.3
0,711.9
0,711.8
0,711.6
0,712
0,711.1
0,711.5
0,711.6
0,711.7
0,711.7
0,710.9
0,711.2
0,711.2
0,711.5
0,710.8
0,711.3
0,710.8
0,710.8
0,711
0,710.1
0,709.9
0,709.8
0,709.9
0,710.7
0,710.7
0,710.5
0,711.1
0,711.1
0,711.2
0,711.3
0,711.3
0,711.1
0,710.3
0,710.4
0,710.7
0,710.6
0,710.3
0,709.1
0,709.2
0,710.1
0,709.9
0,709.8
0,709.9
0,709.8
0,709.4
0,709.6
0,709.7
0,709.6
0,709.8
0,709.7
0,709.1
0,708.5
0,707.5
0,707.3
0,707.1
0,706.9
0,706.8
0,705.5
0,705.9
0,706.4
0,705.8
0,705.2
0,705.7
0,706.1
0,706.1
0,706.5
0,706.4
0,705.6
0,705.7
0,705.6
0,704.4
0,704.5
0,703.7
0,703.3
0,704.3
0,702.9
0,703.3
0,703.7
0,704.5
0,703.8
0,702.4
0,702.7
0,702.3
0,702.5
0,702.5
0,702.9
0,704
0,703.5
0,703.2
0,703.3
0,703.1
0,703.9
0,703.5
0,703.8
0,702.2
0,702.3
0,703.3
0,703.2
0,703.6
0,704.5
0,704.6
0,705.1
0,705.2
0,704.8
0,705.6
0,705.6
0,705.5
0,705.6
0,705.5
0,705.5
0,705.5
0,705
0,705.1
0,705.1
0,704.8
0,704.7
0,704.4
0,705.1
0,705.8
0,705.6
0,711.7
0,710.7
0,710.3
0,710.4
0,710.3
0,711.2
0,710.1
0,710.5
0,712.2
0,712.4
0,714
0,714.4
0,714.6
0,714.8
0,717.5
0,716.6
0,713.6
0,712.3
0,712.5
0,712.8
0,713.5
0,712.5
0,712.4
0,712.6
0,711.4
0,709.9
0,708
0,709.2
0,708.7
0,708.2
0,708.7
0,708.9
0,708.9
0,710.5
0,711.8
0,712.7
0,712.8
0,713.6
0,714.3
0,714
0,714.3
0,714
0,711.8
0,712
0,712.1
0,710.7
0,710.9
0,711.7
0,711.8
0,713.1
0,713.2
0,712
0,711.9
0,712.6
0,711.3
0,712.3
0,711.9
0,710.6
0,711.2
0,711
0,710.9
0,711.1
0,711.9
0,711.7
0,712.6
0,712
0,712.2
0,713
0,711.8
0,711.4
0,711.8
0,711.5
0,712.9
0,712.5
0,712.7
0,712.8
0,712.9
0,713.5
0,713.5
0,714.3
0,713.8
0,714
0,714.6
0,714.3
0,714.9
0,714.9
0,715.4
0,715.5
0,714.6
0,713.9
0,714.3
0,713
0,712.6
0,713
0,712.9
0,713
0,713.1
0,713.1
0,713.2
0,713.3
0,714.3
0,714.7
0,712.7
0,713.3
0,713.6
0,713.6
0,713.2
0,713.3
0,713
0,712.8
0,712.9
0,713
0,712.8
0,713.1
0,713
0,713.1
0,712.7
0,713.2
0,713.3
0,713.3
0,713.2
0,713.2
0,713
0,713.2
0,713.1
0,712.6
0,712.4
0,712.1
0,711.7
0,711.6
0,711.7
0,710.9
0,711.4
0,712.4
0,712.5
0,712.8
0,712.7
0,712.3
0,711.9
0,712.4
0,712
0,712.5
0,712.5
0,713.2
0,712.4
0,712.4
0,712.4
0,713.2
0,713.3
0,711.7
0,711.1
0,708.6
0,705.2
0,712.3
0,714
0,714.2
0,714.2
0,715.7
0,715.4
0,716.2
0,717.9
0,716.8
0,718.7
0,718.8
0,718.7
0,719.7
0,718.4
0,718.5
0,718.6
0,718.8
0,718.9
0,718.2
0,718.3
0,717.9
0,717.2
0,715.4
0,716.1
0,716.2
0,715.6
0,716.3
0,715.6
0,715.4
0,713.7
0,713.7
0,714.6
0,715
0,715.7
0,716
0,716.3
0,716.4
0,717.1
0,716.6
0,716.2
0,716
0,715.5
0,715.6
0,716.1
0,716.6
0,716.5
0,715.8
0,715.8
0,715.2
0,715.8
0,715.7
0,715.2
0,715.1
0,714.9
0,714.7
0,714.7
0,713.6
0,714.9
0,714.8
0,712.4
0,713.3
0,713.4
0,714
0,714
0,714
0,713.6
0,712.9
0,712.7
0,714.6
0,714.6
0,714.5
0,713.7
0,714.8
0,714.2
0,714.8
0,714.9
0,715
0,714.4
0,715.1
0,716.8
0,716.9
0,716.8
0,715.9
0,716
0,716.4
0,716.3
0,716.7
0,716.9
0,716.7
0,717.3
0,717.4
0,716.6
0,716.5
0,716
0,716.3
0,716.4
0,716.4
0,716.7
0,716.5
0,717.2
0,716
0,716
0,714.3
0,713.7
0,713.9
0,714
0,714
0,714.8
0,716.3
0,716.3
0,716.3
0,716
0,716
0,716.2
0,715.6
0,715.3
0,714.9
0,714.9
0,715.5
0,715.8
0,715.8
0,715.7
0,714.8
0,714.1
0,714
0,714
0,713.6
0,715.2
0,716.7
0,717.9
0,717.5
0,716.8
0,715.9
0,716.3
0,715.4
0,715.1
0,716.2
0,715.5
0,715.2
0,715.1
0,715
0,714.7
0,715.2
0,716.4
0,717.4
0,716.3
0,715.9
0,716.7
0,716.4
0,716.3
0,715.4
0,715.4
0,715.2
0,715.2
0,716.2
0,716.4
0,716.6
0,716.5
0,716
0,717.1
0,718.1
0,718.1
0,717.8
0,716.7
0,716.9
0,717
0,715.7
0,716.2
0,716.8
0,717
0,718
0,717.3
0,717.4
0,717.9
0,717.7
0,717.4
0,717.8
0,717.7
0,717.2
0,718.1
0,718.2
0,718.4
0,718.6
0,718.7
0,717.9
0,717.9
0,717.8
0,718.2
0,717.9
0,717.8
0,717.8
0,718.5
0,718.6
0,718.3
0,717.9
0,718.1
0,718
0,718.2
0,718.3
0,725.6
0,724.6
0,724.5
0,724.4
0,720.8
0,721.2
0,720.3
0,719.7
0,721.7
0,721.5
0,720.1
0,719.4
0,721.4
0,721.5
0,721.4
0,720.8
0,718.8
0,720.6
0,720.2
0,719.5
0,719.5
0,717.7
0,718.6
0,718.5
0,718.8
0,717.1
0,716.9
0,717
0,718.4
0,718.9
0,718.8
0,717.6
0,717.9
0,717.6
0,717.6
0,719.8
0,718.8
0,719
0,719.1
0,718.3
0,718.3
0,718.2
0,719.2
0,718.4
0,719.8
0,719.5
0,719.6
0,719.8
0,719.7
0,720.3
0,719.9
0,719.9
0,719.6
0,719.9
0,719.8
0,719.6
0,720.1
0,720.4
0,720.9
0,720.8
0,720
0,720
0,720
0,719.3
0,719.3
0,720.1
0,719.8
0,719.7
0,719.4
0,719
0,718.3
0,718.3
0,719.4
0,719.9
0,719.6
0,719.1
0,719.4
0,718.9
0,719.1
0,720.3
0,719.7
0,719.4
0,719.3
0,719.4
0,719.4
0,719.8
0,719.5
0,719.1
0,718.4
0,719
0,719.6
0,718.1
0,718.2
0,718.4
0,718
0,718
0,718.5
0,718.7
0,718.8
0,718.5
0,718.5
0,718.7
0,717.7
0,718.2
0,718.2
0,717.8
0,716.7
0,716.6
0,716.8
0,717.7
0,718
0,718.8
0,718.7
0,717.9
0,718.7
0,718.5
0,718.4
0,717.5
0,717.4
0,717.5
0,718
0,718.3
0,716.8
0,716.6
0,716.6
0,716.7
0,716.9
0,716.6
0,717.4
0,717.6
0,718
0,718.2
0,718.1
0,718.2
0,718.1
0,718
0,718.2
0,718
0,717.7
0,718.1
0,717.8
0,717.5
0,718
0,717.7
0,717.9
0,717.9
0,717.6
0,717.5
0,717.5
0,717.6
0,717.2
0,717.1
0,717.5
0,717.3
0,716.8
0,715.1
0,715.8
0,715.4
0,715.5
0,716.2
0,716
0,716
0,715.7
0,716
0,715.8
0,716.1
0,716.2
0,716.3
0,716.5
0,717.1
0,716.4
0,716.6
0,717.1
0,717.2
0,717.4
0,716.8
0,716.8
0,716.7
0,713.9
0,714
0,716.1
0,716.8
0,716.1
0,716.1
0,715.5
0,716.1
0,716.1
0,715.9
0,715.7
0,715.6
0,714.9
0,713.2
0,714
0,714.2
0,714.1
0,714.2
0,715.6
0,715.1
0,714.8
0,715.2
0,715.3
0,715.7
0,716
0,716.1
0,716.2
0,715.8
0,715.8
0,715.7
0,715.8
0,715.8
0,716.4
0,717.1
0,716.9
0,716.9
0,716.7
0,716.7
0,716.6
0,716.4
0,716.4
0,716.1
0,716.2
0,715.3
0,715.2
0,715.8
0,716.8
0,716.6
0,716.6
0,716.1
0,716.3
0,716.3
0,716.4
0,716.1
0,716
0,716
0,716.2
0,716.8
0,716.9
0,717.1
0,716.5
0,716.3
0,716.9
0,716.6
0,716.3
0,716.2
0,716.2
0,716.5
0,716.6
0,715.7
0,715.4
0,715.7
0,715.8
0,716
0,716.4
0,716.5
0,716.6
0,716.4
0,716.2
0,716.3
0,716.5
0,716.2
0,717
0,717.2
0,717.4
0,717.5
0,717.1
0,717.2
0,716.6
0,716.2
0,717.1
0,717.4
0,717.6
0,717.5
0,718.4
0,718.3
0,718
0,717.4
0,717.6
0,717.7
0,717.6
0,717.8
0,718.2
0,717.9
0,718.3
0,718.3
0,718
0,718
0,718
0,718
0,718
0,718
0,718.1
0,718.1
0,718.1
0,718.4
0,717.8
0,718
0,717.8
0,717.9
0,718
0,718
0,717.9
0,717.8
0,718.1
0,717.7
0,718.2
0,718
0,717.9
0,717.7
0,717.9
0,717.9
0,718.2
0,717.5
0,717.6
0,717.7
0,717.7
0,718
0,717.7
0,717.6
0,717.7
0,717.8
0,717.8
0,718.1
0,717.9
0,717.8
0,718.2
0,718.1
0,717.8
0,718.1
0,718.1
0,718.2
0,718.1
0,718.5
0,718.1
0,717.6
0,717.4
0,717.6
0,717.8
0,717.9
0,718.2
0,718.1
0,718.2
0,717.9
0,718.3
0,718.1
0,718.2
0,717.9
0,718.2
0,718.1
0,718
0,718
0,718
0,718.1
0,718.1
0,718.3
0,718.5
0,718.4
0,718.3
0,718.2
0,718.4
0,709.7
0,709.5
0,711.1
0,711.9
0,712.3
0,716.9
0,720.6
0,724.3
0,720.4
0,719.4
0,715.2
0,717.1
0,719
0,720.9
0,719.3
0,719.2
0,718.7
0,717.9
0,718.9
0,719.8
0,719.5
0,719.8
0,719.8
0,719.1
0,719.1
0,719.2
0,719.3
0,719.4
0,718.7
0,718.5
0,718.6
0,719.1
0,718.7
0,718.5
0,718.4
0,718.3
0,718.2
0,717.7
0,717.2
0,717.3
0,716.3
0,717.7
0,717.8
0,717.5
0,716.4
0,715.5
0,715.7
0,715.6
0,715.1
0,714.9
0,714.9
0,712.6
0,712.9
0,713.1
0,714
0,712.8
0,713.1
0,712.8
0,713.1
0,713.1
0,713.1
0,713.3
0,713.1
0,714.2
0,714.2
0,714.4
0,714.5
0,713.3
0,711.3
0,712.1
0,712
0,712
0,712
0,712.1
0,712.9
0,712
0,712.2
0,712.1
0,712.2
0,713.3
0,713.4
0,713.5
0,714.1
0,714.3
0,714.2
0,712.6
0,712.7
0,712.8
0,713.2
0,714.2
0,715
0,715.1
0,715
0,715.2
0,716.3
0,717
0,715.9
0,715.9
0,716
0,716.5
0,717.9
0,717.2
0,717.1
0,716.7
0,716.5
0,716.9
0,716.5
0,716.1
0,716.1
0,716.2
0,717.7
0,717.9
0,717.5
0,717.8
0,717.9
0,718
0,718.4
0,717.6
0,717.2
0,717.3
0,717.3
0,716.6
0,716.4
0,716.3
0,716.3
0,716.2
0,715.9
0,715.9
0,716.5
0,716.5
0,717.5
0,717.6
0,717.7
0,717.1
0,717.1
0,718
0,718.2
0,718.1
0,717.6
0,717.6
0,717.3
0,717.3
0,717.5
0,718.3
0,718.2
0,718
0,717.7
0,717.7
0,718.1
0,718.2
0,718.4
0,718.4
0,718.3
0,718.2
0,717
0,717.8
0,718
0,717.8
0,718.3
0,718.5
0,717.1
0,717.3
0,717.3
0,717.6
0,719.8
0,719
0,719.3
0,719
0,718.7
0,718.8
0,719.3
0,719.2
0,719.1
0,719.2
0,719.1
0,719.3
0,719.2
0,718.9
0,718.7
0,719.2
0,719.5
0,718.4
0,719.4
0,719
0,719.2
0,717.7
0,717.6
0,717.5
0,717.2
0,717.2
0,717
0,715.7
0,715.9
0,715.7
0,715.1
0,716.8
0,718
0,717.9
0,717.9
0,717.8
0,717.9
0,717.2
0,717.2
0,716.9
0,716.9
0,717.6
0,717.5
0,717.5
0,717.2
0,716.8
0,716.7
0,717.9
0,717.7
0,717.2
0,717.9
0,717.8
0,717.5
0,717.8
0,717.4
0,717.2
0,716.9
0,717.2
0,717
0,717.4
0,717.7
0,717.7
0,717.3
0,717.6
0,717.7
0,718.1
0,718.1
0,718.1
0,718.1
0,717.9
0,717.8
0,717.6
0,718
0,717.7
0,717.9
0,717.7
0,718.2
0,718.3
0,718
0,718.2
0,717.9
0,719
0,719.2
0,719.2
0,718.9
0,718.3
0,718.5
0,718.3
0,718.4
0,718.4
0,718.2
0,718
0,718.3
0,718.4
0,718.3
0,718.9
0,718.7
0,718.4
0,718.4
0,718.4
0,718.2
0,718
0,718.1
0,718.1
0,717.9
0,718.2
0,718.4
0,718.3
0,718.4
0,718.2
0,718.1
0,718.2
0,718.2
0,718.1
0,718.1
0,718.1
0,718
0,716.6
0,716
0,716
0,714.7
0,714.6
0,714.8
0,713.9
0,714
0,713.8
0,713.2
0,713.3
0,712.3
0,713.2
0,713.2
0,713.8
0,713.6
0,713
0,714
0,713.9
0,714
0,713.7
0,713.8
0,714.3
0,713.2
0,713.3
0,713.8
0,714
0,713.8
0,713.8
0,714.2
0,714.4
0,713.3
0,713.4
0,713.4
0,714
0,714.4
0,714.8
0,714.5
0,714.3
0,714.4
0,714.4
0,714.3
0,714.3
0,714.3
0,714.1
0,714
0,714.7
0,714.9
0,714.6
0,714.4
0,713.8
0,713.7
0,713.6
0,713.5
0,713.3
0,713.3
0,713.3
0,713.4
0,713.3
0,713.3
0,712.9
0,712.5
0,712.1
0,712.1
0,712.2
0,712.5
0,713.1
0,713.1
0,712.2
0,711.4
0,711.5
0,711.1
0,710.9
0,711.4
0,711
0,711.1
0,711.7
0,712.3
0,711.9
0,711.3
0,711.9
0,711.2
0,710.2
0,710.2
0,710.3
0,710
0,710.9
0,711
0,711.3
0,711.1
0,711.4
0,711.1
0,711.2
0,711.1
0,711.5
0,711.5
0,711.6
0,712
0,712.8
0,712.9
0,713
0,713.6
0,716.5
0,716.2
0,715.1
0,717.3
0,717.3
0,716.4
0,712.8
0,712.4
0,712.8
0,712.9
0,712.6
0,713.3
0,714.1
0,716.2
0,716.5
0,715.8
0,716
0,716.6
0,717
0,717.2
0,717.1
0,717.7
0,717.8
0,718.8
0,719.4
0,719.1
0,719.5
0,718.9
0,719.1
0,718.4
0,718.9
0,718.6
0,718.5
0,720.1
0,718.9
0,719.1
0,719.2
0,719.5
0,719.3
0,719.3
0,719.5
0,719.5
0,719.5
0,719.4
0,719.5
0,719.5
0,719.7
0,720
0,719.6
0,719.4
0,719.5
0,720.3
0,720.3
0,720.4
0,720.5
0,720.2
0,719.8
0,720.6
0,719.8
0,719.1
0,718.9
0,719.8
0,719.6
0,720.3
0,720.2
0,720.1
0,719.7
0,720.1
0,720.1
0,720.1
0,720.2
0,720
0,719.4
0,719
0,717.6
0,717.6
0,717.5
0,716.5
0,714.3
0,716.6
0,715.9
0,716.3
0,717.1
0,716.3
0,717
0,717.9
0,717.6
0,717.5
0,716.6
0,717
0,717.1
0,716.6
0,716.2
0,716.9
0,718.2
0,718.1
0,717.5
0,717.6
0,717.6
0,718
0,718.3
0,718.4
0,718.2
0,717.3
0,717.8
0,717.9
0,718.1
0,718.4
0,718.4
0,718.4
0,718.3
0,718.6
0,718.4
0,718.4
0,718.8
0,718.9
0,718.7
0,718.8
0,719
0,719
0,719.1
0,719
0,719.1
0,718.9
0,718.9
0,719.1
0,719.1
0,719
0,718.8
0,719.2
0,719
0,719
0,719.2
0,719.1
0,719.1
0,719.3
0,718.5
0,719.6
0,718.6
0,718.5
0,718.4
0,718.6
0,718.4
0,718.6
0,718.3
0,717.7
0,718.1
0,718
0,718
0,718.4
0,718.4
0,717.9
0,718.4
0,719.1
0,719.8
0,719
0,719.7
0,722.4
0,719.5
0,720.1
0,719.4
0,719.6
0,719.7
0,719.8
0,720
0,718.9
0,719
0,718.9
0,718.2
0,718.9
0,718.7
0,718.3
0,718.4
0,718.5
0,718.6
0,719.7
0,718.5
0,718.9
0,719
0,719
0,719.4
0,719
0,719.1
0,719.2
0,720.2
0,719.6
0,720.1
0,720.3
0,720.1
0,719.5
0,719.4
0,720.1
0,718.9
0,718.8
0,719.3
0,719.4
0,719.5
0,719.4
0,719.4
0,719.6
0,719.6
0,719.8
0,719.8
0,719.6
0,719.6
0,720.1
0,720.2
0,720.3
0,719.5
0,720.2
0,720.5
0,719.7
0,720.6
0,720.4
0,720.1
0,719.9
0,719.6
0,719
0,718.9
0,719.3
0,720.1
0,719.9
0,720.1
0,720.1
0,720
0,719.8
0,719.6
0,719.7
0,719.8
0,719.5
0,719.9
0,720.1
0,720
0,719.6
0,719.7
0,719.7
0,720
0,719.9
0,719.6
0,719.7
0,719.5
0,720.1
0,719.9
0,719.8
0,720.1
0,720.1
0,719.9
0,719.7
0,720.1
0,719.8
0,720
0,720.1
0,720.1
0,720.3
0,720.4
0,720.4
0,720.3
0,720.4
0,720
0,720.5
0,719.7
0,720
0,719.4
0,719.8
0,719.5
0,720.1
0,720
0,720.1
0,720.1
0,720.3
0,720.3
0,719.9
0,720
0,719.9
0,719.9
0,720.3
0,720.3
0,719.9
0,720.2
0,720.1
0,720.4
0,720.1
0,720.2
0,720.2
0,720.2
0,719.9
0,720.2
0,720.3
0,720.2
0,720.9
0,721
0,720.4
0,720.3
0,720.9
0,721
0,720.4
0,720.7
0,720.7
0,720.8
0,720.4
0,719.6
0,720.4
0,720.5
0,720.5
0,720.8
0,720.6
0,720.6
0,720.7
0,720.6
0,720.9
0,720.8
0,721.1
0,721.1
0,721.7
0,721.6
0,721.5
0,722.1
0,721.7
0,721.7
0,721.3
0,721.6
0,721.6
0,720.8
0,720.8
0,720.7
0,721.1
0,720.8
0,721.1
0,720.6
0,721.1
0,720.8
0,720.4
0,720
0,720.3
0,720.2
0,720.4
0,720.6
0,720.5
0,719.3
0,720
0,719.5
0,720.4
0,720.5
0,720.3
0,720.3
0,720.2
0,720.3
0,720.5
0,720.8
0,719.4
0,720.4
0,719.9
0,720
0,720.1
0,720.1
0,720.3
0,720.2
0,720.1
0,720.1
0,720
0,719.7
0,712
0,713.5
0,713.9
0,714.2
0,716
0,716.5
0,716.8
0,718
0,721.5
0,719.5
0,719.5
0,720.5
0,722.4
0,722.4
0,721.9
0,720.6
0,720
0,719.7
0,719.2
0,718.9
0,718.7
0,720.1
0,720.2
0,720.9
0,720.5
0,720.4
0,720.3
0,720.4
0,720.3
0,720.4
0,719.8
0,719.9
0,720.7
0,721.1
0,721.1
0,721
0,720.4
0,720.8
0,720.8
0,721.2
0,720.4
0,721
0,721.2
0,721.3
0,721.5
0,721.6
0,721.5
0,721.4
0,720.6
0,721
0,720.8
0,721.3
0,721.5
0,721.2
0,721.1
0,721.1
0,721.5
0,721.3
0,721.1
0,720.4
0,721.2
0,721.3
0,721.7
0,722.2
0,722.1
0,722.2
0,722.5
0,722.6
0,722.4
0,722.3
0,723.2
0,722.9
0,722.5
0,722.7
0,722.9
0,722.6
0,722.6
0,723.1
0,723.1
0,723.1
0,723.4
0,722.6
0,723
0,722.7
0,723
0,722.8
0,722.6
0,722.8
0,722.4
0,722.7
0,722.4
0,722.3
0,722.6
0,722.7
0,722.4
0,722.6
0,722.7
0,722.7
0,722.8
0,723.3
0,722.7
0,722.7
0,722.5
0,722
0,722.2
0,722.4
0,722.6
0,722.7
0,722.6
0,722.8
0,722.8
0,722.7
0,722.7
0,722.8
0,722.5
0,723.1
0,722.9
0,723.1
0,722.9
0,722.9
0,722.4
0,722.2
0,722.4
0,722.4
0,722.5
0,722.3
0,722.4
0,722.3
0,722.2
0,722.2
0,722.4
0,722.6
0,722.2
0,722.7
0,722.5
0,722.2
0,722.4
0,722.5
0,722.6
0,723.1
0,723.2
0,722.6
0,722.6
0,723
0,725.3
0,723.3
0,723.2
0,722.7
0,723.5
0,723.3
0,723
0,722.7
0,723.5
0,723.2
0,723.1
0,722.7
0,723
0,723
0,723
0,722.8
0,722.9
0,723
0,722.7
0,722.5
0,721.7
0,722
0,721.7
0,721.7
0,721.7
0,722.1
0,721.9
0,722.1
0,722
0,722.1
0,722.3
0,722.5
0,722.6
0,722.6
0,722.5
0,722.7
0,722.7
0,722.8
0,722.7
0,722.7
0,722.7
0,722.9
0,722.8
0,722.9
0,723.1
0,723
0,723
0,723.2
0,723.2
0,723.1
0,723.2
0,723
0,723
0,723.6
0,723.8
0,724.1
0,724.1
0,723.9
0,724.1
0,724.2
0,724
0,724.1
0,724.3
0,724.2
0,724.1
0,723.6
0,724.1
0,724.2
0,724.3
0,724.4
0,724.2
0,724.2
0,724
0,724.2
0,723.9
0,724
0,724
0,723.9
0,724.1
0,723.6
0,723.8
0,724
0,723.3
0,720.2
0,720.2
0,720.3
0,719.6
0,718.8
0,718.8
0,718.9
0,718.6
0,718.9
0,718.3
0,718.4
0,718.5
0,718.4
0,718.6
0,718.8
0,719.2
0,719
0,719.3
0,719.3
0,719.5
0,719.4
0,719.4
0,719
0,718.6
0,718.3
0,718.9
0,718
0,717.7
0,717.7
0,718.2
0,718.1
0,718.2
0,718.2
0,718
0,718.3
0,718.3
0,718.8
0,719.3
0,719.2
0,719.4
0,719.6
0,719.5
0,719.5
0,718.5
0,719
0,718.6
0,718.4
0,718.4
0,718.4
0,717.2
0,717.5
0,717.7
0,717.7
0,717.7
0,718
0,717.7
0,718
0,717.8
0,718
0,717.7
0,717.2
0,717.3
0,716.6
0,716.5
0,716.5
0,716.4
0,717.1
0,717.2
0,717.8
0,717.2
0,717.1
0,716.2
0,716.7
0,716.8
0,716.9
0,716.5
0,716.4
0,715.8
0,716
0,716.2
0,716.2
0,715.2
0,715.2
0,715.3
0,715.4
0,715.4
0,715.6
0,715.6
0,716.2
0,716.2
0,716.3
0,716.2
0,716.4
0,716.4
0,718.2
0,717.2
0,717.4
0,717
0,716.4
0,716.6
0,712.6
0,712.3
0,712.5
0,718.8
0,718.7
0,718.7
0,717.9
0,719.1
0,720
0,719.6
0,718.9
0,717.7
0,718.3
0,718.4
0,719.2
0,719.1
0,718.5
0,718.6
0,718.6
0,718
0,717.9
0,718.5
0,718.3
0,717.4
0,719.5
0,719.4
0,719.4
0,719.1
0,719.2
0,719.3
0,719.3
0,719.3
0,718.4
0,718.3
0,718.3
0,718.2
0,719.2
0,719.2
0,718.9
0,717.4
0,716.7
0,715.9
0,715.7
0,715.6
0,715.8
0,715.4
0,715.7
0,715.3
0,714.6
0,714.7
0,714.6
0,714.6
0,714.7
0,715
0,715.2
0,715.3
0,715.3
0,715.7
0,716.2
0,716.2
0,716.9
0,716.9
0,717
0,717
0,717.1
0,717.6
0,716.7
0,716.7
0,717.7
0,717.4
0,716.3
0,715.2
0,715.1
0,715.2
0,714.9
0,715
0,714.3
0,714.4
0,714.3
0,714.7
0,714.6
0,714.6
0,714.8
0,714.9
0,714.6
0,714.4
0,714.3
0,714.6
0,714.3
0,714.4
0,713.9
0,714
0,713.3
0,713.3
0,713
0,711.2
0,710.4
0,710.6
0,710.5
0,709.9
0,709.9
0,710.2
0,710.3
0,710.6
0,711.1
0,710.8
0,710.8
0,711
0,710.9
0,710.7
0,710.3
0,711.1
0,710.7
0,710.4
0,710.3
0,710.1
0,710
0,709.7
0,709.8
0,709.4
0,709.3
0,709.6
0,709.5
0,709.6
0,709.5
0,709.4
0,709.2
0,709.3
0,709.2
0,709
0,708.7
0,709.3
0,709.5
0,710.2
0,710.4
0,710.2
0,709.3
0,709.2
0,709.3
0,709.4
0,709.2
0,709.7
0,709.6
0,709.3
0,709.1
0,709.7
0,709.9
0,709.7
0,709.8
0,709.5
0,709.7
0,709.2
0,706.8
0,709.4
0,709.3
0,710
0,710.1
0,709.9
0,709.9
0,709.7
0,709.6
0,709.7
0,709.2
0,709.4
0,709.3
0,709.1
0,709.7
0,709.6
0,709.9
0,710
0,710.2
0,710.1
0,709.8
0,709.7
0,709.9
0,710
0,710
0,709.8
0,709.6
0,708.4
0,708.5
0,708.4
0,707.9
0,707.5
0,707.3
0,708.3
0,708.2
0,708.7
0,708.6
0,708.8
0,708
0,708.1
0,708.3
0,708.4
0,708.5
0,708.5
0,708.3
0,707.9
0,707.8
0,707.9
0,707.6
0,706.1
0,706.7
0,706.6
0,706.5
0,706.6
0,706.4
0,706.7
0,706.4
0,706.5
0,705.6
0,705.5
0,704.9
0,704.9
0,704.9
0,703.7
0,704.1
0,704.5
0,704.4
0,704.3
0,703.9
0,703.8
0,703
0,702.8
0,702.4
0,702.8
0,703
0,702.5
0,702.9
0,702.9
0,702.9
0,702.8
0,702.6
0,702.9
0,703.1
0,703.2
0,703.1
0,703.1
0,703
0,702.2
0,702.3
0,702.4
0,702
0,701.9
0,702
0,701.6
0,701.4
0,701.1
0,700.9
0,700.9
0,700.5
0,700.8
0,700.6
0,700.7
0,700.9
0,701.2
0,700.4
0,700.5
0,699.2
0,699.1
0,699.2
0,699.2
0,699.4
0,699
0,698.9
0,698
0,698
0,698.2
0,698.7
0,699.2
0,699.5
0,699.4
0,699.4
0,698.6
0,699.5
0,699.9
0,700
0,699.8
0,699.5
0,699.6
0,699.2
0,697.6
0,697.7
0,697.8
0,695.8
0,697.6
0,697.1
0,697.4
0,697.2
0,697.2
0,697.1
0,696.9
0,696.4
0,695.8
0,696.2
0,695.8
0,696
0,696.1
0,696.1
0,696.1
0,695.7
0,695.4
0,695.4
0,695.1
0,695.2
0,695.1
0,694.2
0,693.1
0,693.9
0,693.9
0,694.2
0,695.2
0,695.2
0,695.1
0,694.9
0,694.8
0,695.3
0,694.5
0,694.8
0,694.8
0,694.5
0,694.5
0,694.5
0,694.8
0,695
0,695
0,695.1
0,695.1
0,695.1
0,695.7
0,695.6
0,696.5
0,696
0,696.3
0,1623.5
0,1622.25
0,1603
0,1601.25
0,1601.5
0,1598.5
0,1590.5
0,1592
0,1599.75
0,1600
0,1599
0,1590
0,1594
0,1592.25
0,1596.25
0,1594.5
0,1593
0,1588.25
0,1588.75
0,1588.25
0,1589.25
0,1590
0,1587
0,1587.25
0,1591.5
0,1592.5
0,1591.5
0,1594
0,1594
0,1594.75
0,1597.25
0,1597
0,1594.75
0,1598.75
0,1596.5
0,1599.25
0,1600.25
0,1604
0,1603.25
0,1599.25
0,1599
0,1600.75
0,1603.75
0,1600.75
0,1604.5
0,1607.5
0,1604.75
0,1605.75
0,1604
0,1605.25
0,1601
0,1602.25
0,1602.5
0,1604
0,1602.5
0,1602.5
0,1602.25
0,1598.5
0,1602
0,1601.75
0,1601.75
0,1602.25
0,1602.75
0,1603.5
0,1602.25
0,1602
0,1603.5
0,1602.75
0,1608
0,1607.5
0,1608.5
0,1607.75
0,1607.5
0,1608.5
0,1608
0,1610.75
0,1612.25
0,1611.5
0,1608.75
0,1611.25
0,1611.75
0,1611.5
0,1611.5
0,1613.25
0,1616.75
0,1614.5
0,1616
0,1618.5
0,1616.75
0,1613.75
0,1612.5
0,1614
0,1614
0,1612.75
0,1617.5
0,1617
0,1614.75
0,1615
0,1614.75
0,1616.25
0,1618.25
0,1617.25
0,1617
0,1615.5
0,1615.5
0,1618
0,1617.75
0,1618
0,1615.75
0,1616
0,1617
0,1617.5
0,1618.75
0,1621.75
0,1621.5
0,1619.5
0,1621.75
0,1622.5
0,1621
0,1622.75
0,1623.25
0,1623.75
0,1622.75
0,1622.25
0,1623.75
0,1623
0,1625.75
0,1625.75
0,1622.25
0,1622.25
0,1622
0,1620.25
0,1623
0,1624.5
0,1624.25
0,1624
0,1624.75
0,1624
0,1624.75
0,1625
0,1625.75
0,1625.25
0,1625.5
0,1627.5
0,1625.25
0,1625.75
0,1624.75
0,1624.75
0,1624
0,1624
0,1624.75
0,1625
0,1625.25
0,1626.5
0,1626.75
0,1627.25
0,1627.5
0,1626.5
0,1626.5
0,1627.75
0,1627.25
0,1627.5
0,1627.25
0,1627.5
0,1628.25
0,1629.25
0,1629.25
0,1630.25
0,1632.5
0,1631.75
0,1631
0,1631
0,1630
0,1629.25
0,1628
0,1629
0,1630
0,1630.25
0,1629.75
0,1630.5
0,1629.75
0,1629.25
0,1630.5
0,1631.25
0,1631.5
0,1632
0,1631.25
0,1632.75
0,1634
0,1634
0,1634
0,1634.25
0,1635.25
0,1635.75
0,1636.5
0,1636.75
0,1637.75
0,1638.25
0,1638.5
0,1639.5
0,1639.25
0,1641.5
0,1641.5
0,1642
0,1642.75
0,1643
0,1643.25
0,1643.75
0,1643.5
0,1644
0,1644.5
0,1644.5
0,1645.75
0,1646.5
0,1647.25
0,1646.75
0,1647.75
0,1648.75
0,1648.5
0,1649.25
0,1648.75
0,1648.75
0,1648.75
0,1649.75
0,1650.25
0,1649.5
0,1650
0,1650.25
0,1650.25
0,1650.5
0,1653
0,1656.5
0,1656.25
0,1650.5
0,1651
0,1650.75
0,1650
0,1649.5
0,1651
0,1652.25
0,1654
0,1654.5
0,1655.25
0,1654.75
0,1655
0,1656.25
0,1655.5
0,1654.75
0,1655
0,1656
0,1656.75
0,1655.75
0,1655.5
0,1656.75
0,1658
0,1658
0,1657.25
0,1657.25
0,1657.5
0,1655
0,1654
0,1654
0,1653
0,1651.25
0,1649.75
0,1651
0,1651
0,1651
0,1652.5
0,1654
0,1656
0,1657.75
0,1659.5
0,1661.75
0,1662
0,1661.75
0,1664.25
0,1660.5
0,1661.75
0,1661.75
0,1663.75
0,1660.75
0,1661.25
0,1660.75
0,1660.25
0,1658
0,1658.25
0,1659
0,1659
0,1658.75
0,1657.5
0,1657.5
0,1656.75
0,1657.25
0,1656.75
0,1654.75
0,1652.75
0,1653
0,1653.25
0,1653.75
0,1653.75
0,1653.75
0,1653.5
0,1653.5
0,1653
0,1652.5
0,1653.25
0,1652.75
0,1650.5
0,1648.5
0,1648.25
0,1647.5
0,1647.75
0,1647.5
0,1648.25
0,1648.75
0,1647.5
0,1647
0,1647
0,1647
0,1647.25
0,1646.75
0,1646.25
0,1649
0,1646
0,1645.75
0,1644.25
0,1644.5
0,1644.25
0,1645.25
0,1644
0,1645
0,1644.75
0,1645.75
0,1646
0,1645.25
0,1644.75
0,1644.75
0,1642.25
0,1644.25
0,1644.5
0,1645.25
0,1646.75
0,1647.25
0,1646.5
0,1646.5
0,1646.25
0,1647
0,1647
0,1647
0,1646.25
0,1646.75
0,1646.25
0,1647
0,1646.25
0,1646.25
0,1643.75
0,1641.5
0,1640
0,1638.25
0,1638.75
0,1638
0,1638.25
0,1638.5
0,1638.5
0,1639.75
0,1640.25
0,1640.75
0,1641.25
0,1641
0,1641.25
0,1641
0,1639.75
0,1639.25
0,1638.5
0,1639.5
0,1640.75
0,1639.75
0,1641.5
0,1642.5
0,1642.75
0,1643.25
0,1641.75
0,1640
0,1640.75
0,1640.25
0,1641.75
0,1640.25
0,1642.25
0,1641.25
0,1641.25
0,1641.75
0,1640
0,1640.25
0,1642.25
0,1641.75
0,1645.75
0,1646
0,1646.75
0,1644.25
0,1642.25
0,1642.75
0,1643.5
0,1645.25
0,1646.25
0,1646.75
0,1647.5
0,1647
0,1647.75
0,1647.75
0,1647
0,1647
0,1645.75
0,1642.75
0,1641.25
0,1641.5
0,1641
0,1641.25
0,1642.5
0,1640.75
0,1642.5
0,1643
0,1643
0,1643.75
0,1646.5
0,1645.25
0,1646.5
0,1647
0,1646
0,1646.25
0,1645.75
0,1646.25
0,1646.25
0,1646.5
0,1646
0,1646.5
0,1646.75
0,1645.5
0,1646.75
0,1648.25
0,1648.5
0,1647.5
0,1649.75
0,1651.75
0,1652
0,1652.25
0,1653.75
0,1653.75
0,1653.75
0,1655
0,1656
0,1656.5
0,1655.75
0,1656
0,1656.25
0,1655.75
0,1655.25
0,1653.75
0,1652.75
0,1652.25
0,1651.75
0,1651
0,1653
0,1654.25
0,1653.75
0,1654
0,1655.75
0,1656.25
0,1655
0,1655.5
0,1655.25
0,1655.75
0,1656.25
0,1655.25
0,1654.5
0,1654.75
0,1654.5
0,1657.25
0,1654.75
0,1654.5
0,1653.75
0,1652.25
0,1651.75
0,1652.5
0,1654
0,1649.75
0,1651
0,1650.75
0,1644.75
0,1640.5
0,1638.5
0,1637.5
0,1639
0,1643.5
0,1648.5
0,1644.75
0,1643.75
0,1646.25
0,1646.5
0,1642
0,1642
0,1640.75
0,1639.75
0,1639.75
0,1642.25
0,1643.25
0,1646.5
0,1650.25
0,1648.25
0,1647.5
0,1651
0,1649.75
0,1648.25
0,1647
0,1646
0,1646.5
0,1647.5
0,1651.25
0,1651.25
0,1651.75
0,1652.75
0,1657.75
0,1657
0,1653
0,1655.25
0,1656.75
0,1655.75
0,1655.25
0,1657.5
0,1658
0,1660
0,1658.75
0,1661.75
0,1660.5
0,1660.25
0,1659.5
0,1656.5
0,1654.5
0,1654.25
0,1655.75
0,1656.5
0,1656.5
0,1656
0,1657.5
0,1658.25
0,1658
0,1658.75
0,1658.5
0,1659
0,1658.25
0,1660.25
0,1662
0,1661
0,1666.25
0,1665.75
0,1661.5
0,1662
0,1662.75
0,1659.75
0,1660.5
0,1660.75
0,1663.25
0,1664.75
0,1666.75
0,1667.5
0,1667.75
0,1670
0,1668.75
0,1668.5
0,1669.25
0,1668.75
0,1671.75
0,1670.5
0,1670.25
0,1668.75
0,1668.5
0,1667.5
0,1669.25
0,1668.25
0,1667.25
0,1667.75
0,1665
0,1665.75
0,1666
0,1666
0,1668
0,1667.5
0,1668
0,1665.75
0,1663.25
0,1664.5
0,1666
0,1665.5
0,1666.75
0,1668
0,1669.5
0,1669.5
0,1666.75
0,1666.25
0,1667.25
0,1667.5
0,1667.5
0,1666.5
0,1667.75
0,1667.25
0,1667.5
0,1667.75
0,1667
0,1667.75
0,1667
0,1667
0,1666.5
0,1667.25
0,1667.75
0,1666.25
0,1667.25
0,1668.5
0,1670
0,1671.5
0,1670.25
0,1668
0,1668
0,1670.5
0,1669.75
0,1670
0,1665.75
0,1669
0,1667.5
0,1667
0,1667.25
0,1667.75
0,1667.5
0,1667.25
0,1668.25
0,1667.75
0,1668.75
0,1667.75
0,1666.75
0,1667.5
0,1667
0,1668.25
0,1667.5
0,1667.25
0,1667.25
0,1668
0,1667.5
0,1666.75
0,1667.75
0,1667.25
0,1667
0,1667.75
0,1666.5
0,1666.25
0,1666.25
0,1667.25
0,1666.25
0,1667.25
0,1666
0,1664.5
0,1665.5
0,1665.75
0,1666.25
0,1666
0,1667
0,1666.75
0,1668.25
0,1669.5
0,1667.75
0,1667.75
0,1668.5
0,1667
0,1667.25
0,1668.25
0,1668.25
0,1667.5
0,1665.5
0,1664.5
0,1664.5
0,1664.5
0,1664
0,1663.75
0,1661
0,1661.25
0,1662
0,1662.5
0,1663.25
0,1662.5
0,1662.25
0,1663.25
0,1662.75
0,1663.25
0,1663
0,1662.5
0,1661.75
0,1661.5
0,1661.75
0,1660.5
0,1660.25
0,1660
0,1659.75
0,1654.75
0,1650
0,1652.25
0,1652.25
0,1652.5
0,1652.25
0,1652.25
0,1650.25
0,1651.25
0,1652.5
0,1653
0,1652.5
0,1652.75
0,1653.25
0,1653.75
0,1654.5
0,1655.75
0,1656.5
0,1660.75
0,1661
0,1660.75
0,1658.5
0,1660.75
0,1662
0,1661.5
0,1660.5
0,1659.75
0,1658
0,1657.75
0,1657.25
0,1655.25
0,1654
0,1653.25
0,1653.5
0,1654.25
0,1656
0,1655.5
0,1655.25
0,1654.75
0,1655
0,1656.5
0,1656.5
0,1656
0,1655
0,1653
0,1653
0,1653.75
0,1654.5
0,1655.75
0,1656.75
0,1657.25
0,1657.25
0,1657
0,1657.75
0,1655.75
0,1656
0,1656.5
0,1657
0,1657.25
0,1655.75
0,1654.75
0,1655
0,1656.25
0,1654.75
0,1654.25
0,1654.25
0,1654.5
0,1655.5
0,1656.25
0,1655.75
0,1655.75
0,1655.75
0,1656.25
0,1657.5
0,1657.25
0,1657.75
0,1657.5
0,1657.75
0,1658
0,1660.75
0,1660.25
0,1660.5
0,1660.25
0,1660.5
0,1660.75
0,1661.5
0,1661
0,1660.25
0,1660.25
0,1660.75
0,1659.75
0,1659.75
0,1660.25
0,1661.5
0,1661.5
0,1662.25
0,1661.75
0,1661.75
0,1662.25
0,1658.25
0,1658.25
0,1657.25
0,1658
0,1658.5
0,1658.5
0,1657
0,1657.5
0,1657.75
0,1657.75
0,1657.75
0,1657.75
0,1658.25
0,1657.5
0,1656.75
0,1657.25
0,1657.75
0,1657.25
0,1658
0,1659.75
0,1659.5
0,1660.5
0,1660.5
0,1661
0,1660.25
0,1660.5
0,1661.25
0,1663.25
0,1663.75
0,1664
0,1666.25
0,1666.5
0,1667
0,1666.75
0,1664.5
0,1664
0,1664.75
0,1664.5
0,1665.25
0,1665.25
0,1665.25
0,1665.5
0,1665.75
0,1666.5
0,1666.5
0,1666.75
0,1666.5
0,1667
0,1664.5
0,1665.25
0,1664
0,1664.25
0,1664.25
0,1664
0,1664.5
0,1667.5
0,1667.75
0,1665.75
0,1668.75
0,1668.75
0,1668.25
0,1667.75
0,1666.5
0,1663.5
0,1659.25
0,1659.25
0,1660.5
0,1656.25
0,1658
0,1658.25
0,1659
0,1657
0,1655.25
0,1653.5
0,1654.25
0,1655.5
0,1655
0,1650.75
0,1648
0,1645.25
0,1645.5
0,1646.25
0,1648
0,1648
0,1649.25
0,1649
0,1649.75
0,1649.75
0,1646.25
0,1642.25
0,1639.75
0,1641
0,1638
0,1640.75
0,1640
0,1638.25
0,1639
0,1636.75
0,1637
0,1636.25
0,1634.5
0,1630.5
0,1628.75
0,1629.25
0,1628.25
0,1629.25
0,1630.75
0,1632.25
0,1630.75
0,1630.75
0,1629.25
0,1629.5
0,1629
0,1628.25
0,1628.75
0,1627.5
0,1627.25
0,1627.75
0,1625.25
0,1624
0,1624.75
0,1625.25
0,1624.25
0,1623.25
0,1621.5
0,1621.25
0,1619
0,1621.25
0,1621.5
0,1621.25
0,1622.25
0,1619.75
0,1620.25
0,1620.75
0,1623.25
0,1621.75
0,1622.5
0,1622.25
0,1621.25
0,1622.75
0,1622.75
0,1620.25
0,1621.75
0,1623
0,1623.75
0,1624.75
0,1624.75
0,1625
0,1626.5
0,1625.75
0,1625.75
0,1625.75
0,1626.25
0,1624.75
0,1625.25
0,1622.75
0,1620.75
0,1621.25
0,1622.5
0,1623
0,1622.5
0,1620.5
0,1621.75
0,1621.75
0,1622.75
0,1622.25
0,1621.75
0,1620.75
0,1623
0,1622.75
0,1621.75
0,1621.75
0,1619.75
0,1618.75
0,1616.75
0,1617.25
0,1618.25
0,1633.75
0,1637
0,1639.75
0,1642.5
0,1643.5
0,1646
0,1641
0,1636.25
0,1635.75
0,1642.25
0,1640.75
0,1633
0,1632
0,1629.5
0,1631
0,1632.75
0,1630.5
0,1634.75
0,1633.75
0,1632
0,1632.25
0,1636.75
0,1635
0,1636.5
0,1636.75
0,1637
0,1636.5
0,1635.5
0,1639
0,1642.25
0,1643.75
0,1639
0,1637
0,1636.75
0,1636.5
0,1631.25
0,1634
0,1637
0,1637
0,1639.25
0,1643
0,1639
0,1638.25
0,1639.5
0,1640.25
0,1642
0,1640.75
0,1642.5
0,1643.75
0,1644.25
0,1639.75
0,1641
0,1644.5
0,1643.75
0,1644.5
0,1645.5
0,1647.5
0,1647
0,1648.5
0,1649.5
0,1646.5
0,1643.5
0,1643
0,1641.5
0,1640.75
0,1640.75
0,1642.5
0,1641.75
0,1641.75
0,1644.25
0,1642.75
0,1644.25
0,1644.25
0,1645.5
0,1647.5
0,1645.5
0,1647.75
0,1648
0,1648.25
0,1647.5
0,1648
0,1647.5
0,1652.25
0,1656.5
0,1657.75
0,1656.75
0,1657.5
0,1661
0,1663.5
0,1663.25
0,1661.5
0,1659
0,1660.75
0,1660.25
0,1659.25
0,1658.75
0,1663
0,1663.75
0,1664.25
0,1663.75
0,1662
0,1662
0,1663.25
0,1664.25
0,1661.75
0,1662
0,1661.75
0,1658.75
0,1659.25
0,1657.75
0,1658.5
0,1659
0,1657.25
0,1658
0,1659
0,1658.5
0,1657.5
0,1658.5
0,1657.5
0,1656.5
0,1657
0,1657
0,1656.75
0,1656.25
0,1657.25
0,1654.75
0,1654.75
0,1654.5
0,1652.75
0,1656
0,1656
0,1657
0,1656.5
0,1655.5
0,1656
0,1654.5
0,1656.75
0,1656.5
0,1654
0,1651.75
0,1651.25
0,1650.5
0,1652.25
0,1648.5
0,1648
0,1649.5
0,1649.25
0,1652.5
0,1651.5
0,1649.75
0,1649.25
0,1649
0,1650.25
0,1650
0,1648.25
0,1650
0,1650.75
0,1650.75
0,1650.75
0,1651.25
0,1652.25
0,1652.75
0,1654.25
0,1653.75
0,1655.25
0,1655.25
0,1655.25
0,1655.75
0,1655.5
0,1655.75
0,1656
0,1656.5
0,1656.75
0,1656.75
0,1656.25
0,1658.25
0,1658.5
0,1656.25
0,1658.5
0,1656.5
0,1656.25
0,1654.5
0,1653.5
0,1653.75
0,1653
0,1653.75
0,1654.5
0,1655.75
0,1654.75
0,1654.5
0,1655.25
0,1655.5
0,1656
0,1657.75
0,1659.75
0,1659.25
0,1660.5
0,1661.75
0,1662
0,1661.5
0,1661.25
0,1662.5
0,1662.5
0,1663.5
0,1662.75
0,1662.75
0,1664.75
0,1663.75
0,1664.5
0,1664
0,1665
0,1663.5
0,1662
0,1659.25
0,1662.25
0,1662.5
0,1661.75
0,1663.5
0,1662.75
0,1667.25
0,1664.5
0,1667.5
0,1666.75
0,1665.25
0,1665.5
0,1664.75
0,1666.25
0,1664.5
0,1664.25
0,1665.75
0,1666.25
0,1666
0,1663.25
0,1663.25
0,1664.25
0,1666.5
0,1670.25
0,1670.75
0,1664.25
0,1664.5
0,1666.75
0,1666.5
0,1668
0,1666.25
0,1665.5
0,1668.25
0,1670
0,1667.5
0,1667
0,1667.25
0,1668.5
0,1670
0,1669.5
0,1670.25
0,1671
0,1671
0,1670
0,1670.5
0,1673
0,1672.25
0,1673
0,1672.25
0,1673.75
0,1674.25
0,1673
0,1671.75
0,1670.25
0,1669.75
0,1669.5
0,1668.75
0,1669.5
0,1671.75
0,1672.5
0,1673
0,1670.25
0,1673
0,1673.25
0,1673
0,1672.5
0,1672.5
0,1673
0,1671.75
0,1672
0,1671
0,1671.75
0,1669.75
0,1667.5
0,1667.75
0,1666.25
0,1666.5
0,1665.5
0,1665.5
0,1664.75
0,1667.25
0,1666.75
0,1666.25
0,1668.5
0,1667.25
0,1665.25
0,1666
0,1666.75
0,1667.25
0,1666.5
0,1666.5
0,1665.75
0,1665.25
0,1667.25
0,1667.5
0,1666.75
0,1664.25
0,1666.5
0,1666.5
0,1666.5
0,1666.25
0,1662.75
0,1662.5
0,1663.75
0,1663.75
0,1666
0,1666.25
0,1665.75
0,1665.5
0,1666.75
0,1663.5
0,1668.5
0,1670.25
0,1671.25
0,1671
0,1671
0,1670
0,1669.5
0,1670.25
0,1670
0,1671.25
0,1673
0,1673.75
0,1676.5
0,1676
0,1678.25
0,1677.25
0,1674
0,1676.25
0,1677.75
0,1679.75
0,1680
0,1678.75
0,1678.5
0,1678.5
0,1678.75
0,1679.75
0,1679.25
0,1678.5
0,1678.75
0,1677.25
0,1679.25
0,1677.5
0,1678.25
0,1677.5
0,1678.5
0,1678.25
0,1679.75
0,1680
0,1679.75
0,1680.75
0,1680.5
0,1679.5
0,1678
0,1679.5
0,1678.75
0,1677.5
0,1677
0,1677.75
0,1678
0,1678.75
0,1677.5
0,1678
0,1676.5
0,1676.5
0,1678.5
0,1677.5
0,1677.5
0,1677.5
0,1677.25
0,1673
0,1672.5
0,1672.25
0,1675.25
0,1674.25
0,1672.25
0,1674.5
0,1675.75
0,1675.25
0,1675
0,1674.5
0,1677.25
0,1677.5
0,1677.75
0,1678.5
0,1679.5
0,1678.5
0,1679.25
0,1680.25
0,1682
0,1681.25
0,1682.75
0,1681.5
0,1682.5
0,1680.75
0,1679.75
0,1680.75
0,1680.75
0,1682
0,1683.75
0,1686
0,1687
0,1684.75
0,1686.25
0,1685.75
0,1685
0,1685.25
0,1684.5
0,1685
0,1685.5
0,1684.25
0,1685.25
0,1684
0,1683
0,1680
0,1680.5
0,1679
0,1680.5
0,1680.5
0,1678.75
0,1678.75
0,1680.75
0,1685.5
0,1685.25
0,1685
0,1686.5
0,1691.5
0,1692
0,1691.5
0,1691.75
0,1692.5
0,1691.75
0,1693.25
0,1694.25
0,1691.5
0,1692.25
0,1692
0,1693.5
0,1693.25
0,1694
0,1694.25
0,1693.75
0,1696.25
0,1696.75
0,1696.5
0,1696.75
0,1695.5
0,1695.5
0,1695.5
0,1695.75
0,1694.5
0,1694.25
0,1695.5
0,1693
0,1691.5
0,1691.5
0,1692.75
0,1692.25
0,1693.25
0,1693.25
0,1692
0,1694
0,1695.25
0,1696.25
0,1695.25
0,1695.5
0,1695.5
0,1696
0,1696.25
0,1698.5
0,1698.5
0,1701.25
0,1702
0,1702.25
0,1701.5
0,1702.25
0,1703.75
0,1704
0,1704.25
0,1703.75
0,1703
0,1704
0,1702.25
0,1699.75
0,1701.25
0,1702.25
0,1702
0,1703.75
0,1703
0,1739.25
0,1740.75
0,1744.75
0,1744
0,1742.5
0,1745.5
0,1745.75
0,1740.5
0,1732.25
0,1737
0,1729
0,1734.25
0,1737.75
0,1735.25
0,1734
0,1734.5
0,1732.75
0,1729.25
0,1729
0,1730.5
0,1729
0,1728
0,1733.25
0,1733.75
0,1729.25
0,1732
0,1735.75
0,1736.75
0,1734.5
0,1733.75
0,1732
0,1735
0,1738.25
0,1737.75
0,1735.25
0,1731.75
0,1727.5
0,1726.25
0,1727
0,1726.25
0,1723.75
0,1722.75
0,1722
0,1726.5
0,1728.25
0,1729
0,1728.5
0,1731
0,1733.5
0,1733
0,1736.5
0,1740.25
0,1738.25
0,1736.5
0,1734.75
0,1736.75
0,1738.25
0,1735.25
0,1734.5
0,1734.25
0,1737.5
0,1738.75
0,1738.5
0,1735.75
0,1736.75
0,1737.25
0,1738
0,1735.75
0,1732.25
0,1733.75
0,1733.25
0,1732
0,1732.25
0,1732.5
0,1731.75
0,1730.25
0,1728.75
0,1729.5
0,1730
0,1732.75
0,1734.25
0,1737.25
0,1735.5
0,1734
0,1733.5
0,1730.25
0,1730.5
0,1730.25
0,1732.5
0,1732.75
0,1732
0,1730.75
0,1728.25
0,1729.25
0,1729
0,1729.5
0,1734.5
0,1732.25
0,1732.5
0,1732.25
0,1732.75
0,1731.5
0,1729.25
0,1729.75
0,1726
0,1725.5
0,1723
0,1722.5
0,1723
0,1721.5
0,1722.5
0,1722.5
0,1720.75
0,1720.25
0,1721
0,1721.75
0,1721.25
0,1718.75
0,1717.75
0,1715.5
0,1716.75
0,1717
0,1717.5
0,1720
0,1719.5
0,1717.25
0,1718.25
0,1719
0,1718.25
0,1718
0,1720.25
0,1721
0,1721.25
0,1722.25
0,1725.5
0,1724.25
0,1723.5
0,1722.25
0,1723
0,1722.5
0,1724.25
0,1725.5
0,1725.25
0,1724.75
0,1724.25
0,1725.75
0,1726.25
0,1728.5
0,1727.25
0,1727
0,1723.75
0,1724.5
0,1723.25
0,1722.5
0,1722.25
0,1727
0,1724.25
0,1723.75
0,1723
0,1722.75
0,1723.25
0,1725.25
0,1725.5
0,1725.5
0,1726.5
0,1725
0,1726.5
0,1725.5
0,1725
0,1723.5
0,1723.5
0,1722.75
0,1724
0,1723.25
0,1722.25
0,1722
0,1724.25
0,1722.25
0,1722
0,1721.75
0,1724.5
0,1723.5
0,1723
0,1724
0,1723
0,1722.5
0,1723
0,1721.5
0,1720.5
0,1720
0,1719.75
0,1720.25
0,1721.25
0,1720.5
0,1719.25
0,1719.75
0,1720.25
0,1718.75
0,1719.75
0,1718.5
0,1720.75
0,1722.5
0,1725.5
0,1725.5
0,1725.75
0,1725.5
0,1725.5
0,1725.75
0,1725.25
0,1725.5
0,1725.25
0,1724.75
0,1725
0,1725.25
0,1724.75
0,1725.25
0,1722
0,1721.5
0,1721
0,1719.75
0,1724
0,1723.5
0,1722.75
0,1722.75
0,1723.5
0,1723.25
0,1724
0,1723.75
0,1721.75
0,1721.5
0,1721.5
0,1727
0,1728.25
0,1726.75
0,1729.5
0,1729
0,1727
0,1726.75
0,1725.25
0,1725.75
0,1727.75
0,1728.25
0,1728.75
0,1727.75
0,1728.25
0,1729.75
0,1730.25
0,1733
0,1731.75
0,1732.75
0,1731.25
0,1734
0,1735.25
0,1737
0,1736.25
0,1736
0,1736
0,1739.5
0,1737.75
0,1736.75
0,1738.5
0,1738.5
0,1737
0,1737
0,1735.5
0,1736
0,1736.25
0,1736
0,1735.75
0,1733.5
0,1735
0,1733.5
0,1733.75
0,1733.5
0,1733.75
0,1734.75
0,1736.5
0,1735.25
0,1735.25
0,1736.5
0,1735
0,1734.5
0,1735.75
0,1735.75
0,1736.5
0,1735.5
0,1736.75
0,1736.5
0,1737.5
0,1736.75
0,1736.5
0,1737.5
0,1737.5
0,1737
0,1736.75
0,1737
0,1737.25
0,1737.75
0,1737
0,1737.5
0,1738
0,1738
0,1737.25
0,1738.25
0,1737
0,1736.75
0,1736.75
0,1736.75
0,1736.25
0,1735.75
0,1734.5
0,1733.25
0,1734.25
0,1734
0,1734.25
0,1734.5
0,1733.5
0,1733.25
0,1734
0,1734
0,1733.5
0,1734
0,1735
0,1735.25
0,1734.25
0,1734
0,1736.5
0,1735.75
0,1736.75
0,1737.5
0,1737.75
0,1739.75
0,1738.5
0,1739
0,1737.5
0,1737.25
0,1735.25
0,1735.5
0,1736
0,1735.25
0,1735.5
0,1737.5
0,1737.25
0,1737.75
0,1737.5
0,1737
0,1737.75
0,1736.5
0,1737
0,1735.75
0,1735.25
0,1736.75
0,1738
0,1738.5
0,1739.75
0,1740.25
0,1739.5
0,1741
0,1739.75
0,1739.25
0,1740.5
0,1742
0,1746.25
0,1745.25
0,1745
0,1744.5
0,1745.75
0,1745.25
0,1745
0,1745.5
0,1746
0,1747
0,1744.75
0,1744.75
0,1744.75
0,1743.75
0,1744.5
0,1744.75
0,1742.75
0,1741.75
0,1742
0,1743.25
0,1743.25
0,1742.75
0,1742.25
0,1743.25
0,1742.5
0,1743.25
0,1743.25
0,1743
0,1743.5
0,1743.75
0,1746.75
0,1744.75
0,1743.25
0,1744.25
0,1746
0,1747.25
0,1746.5
0,1745.75
0,1744.25
0,1745.75
0,1744.25
0,1744.5
0,1745.75
0,1747.5
0,1748
0,1747
0,1747
0,1749.75
0,1748.25
0,1752
0,1752
0,1751
0,1749.5
0,1748.75
0,1747.75
0,1745.75
0,1744
0,1743.75
0,1743
0,1743.25
0,1744.5
0,1744.25
0,1743.25
0,1743.5
0,1744.75
0,1745
0,1746
0,1745
0,1742.75
0,1741.25
0,1740
0,1741.5
0,1739.25
0,1740
0,1737.75
0,1737.5
0,1737.75
0,1742
0,1743
0,1741.5
0,1744.5
0,1742.75
0,1742.5
0,1743
0,1744.5
0,1745.5
0,1745.25
0,1744.75
0,1747.75
0,1747.25
0,1747.25
0,1748.75
0,1749.25
0,1750.5
0,1749.75
0,1749.25
0,1749
0,1750
0,1750.25
0,1752.25
0,1751
0,1749.75
0,1749.25
0,1749.75
0,1749.25
0,1751
0,1750.75
0,1751.75
0,1750.75
0,1750
0,1752
0,1752.75
0,1752.25
0,1751.75
0,1753.25
0,1753.75
0,1754.25
0,1754.75
0,1754.25
0,1753.5
0,1754.25
0,1754.75
0,1755.75
0,1754.25
0,1754.75
0,1755.5
0,1755.75
0,1750.5
0,1751.25
0,1751.25
0,1752.25
0,1752.5
0,1753.75
0,1752.75
0,1753.75
0,1752.75
0,1766.75
0,1777
0,1769.5
0,1770.75
0,1767.75
0,1771.5
0,1763.5
0,1769.25
0,1770.75
0,1776.25
0,1782
0,1780.25
0,1782.25
0,1780.75
0,1783.75
0,1774
0,1773.25
0,1775.75
0,1777.25
0,1777.25
0,1778.25
0,1779.75
0,1780.75
0,1783.25
0,1781
0,1779.5
0,1781.5
0,1779.25
0,1781
0,1780.5
0,1779.5
0,1777.25
0,1781.25
0,1784
0,1788.5
0,1787.25
0,1787
0,1784.5
0,1784.75
0,1787.25
0,1787.75
0,1786.25
0,1782.25
0,1784.5
0,1783.25
0,1786.75
0,1783.75
0,1781.75
0,1786.25
0,1786.5
0,1786.75
0,1785
0,1788
0,1790.75
0,1788.5
0,1787
0,1787.5
0,1790.5
0,1792.75
0,1792.25
0,1792
0,1792.25
0,1790.5
0,1792.5
0,1799
0,1794.25
0,1795.75
0,1796.5
0,1794.75
0,1795
0,1796.75
0,1798
0,1794
0,1793.75
0,1792.5
0,1793.75
0,1794.25
0,1796
0,1799.5
0,1799
0,1796.5
0,1797.25
0,1796.25
0,1797
0,1798
0,1802.75
0,1798.75
0,1797.5
0,1797.25
0,1795.25
0,1796
0,1795.25
0,1794
0,1793.75
0,1795
0,1797.5
0,1797.25
0,1800
0,1801.25
0,1800.75
0,1800
0,1801.25
0,1805.75
0,1803.75
0,1800.5
0,1800.5
0,1798.5
0,1800.25
0,1798.75
0,1799.5
0,1801
0,1801.25
0,1799.5
0,1800.75
0,1803.75
0,1801.25
0,1800
0,1799.5
0,1801.25
0,1802.5
0,1802.75
0,1801
0,1801.25
0,1798.75
0,1800.5
0,1800.5
0,1801
0,1798.25
0,1798.25
0,1800.5
0,1799.5
0,1799.25
0,1797.25
0,1797.5
0,1797.25
0,1795.5
0,1794.5
0,1795.25
0,1793.5
0,1795.25
0,1787.25
0,1789.5
0,1791.5
0,1789.5
0,1789.75
0,1788.75
0,1788.5
0,1789.5
0,1789.75
0,1787.75
0,1789
0,1788.5
0,1789.25
0,1791.25
0,1793
0,1792
0,1791.75
0,1792.5
0,1792.25
0,1793.25
0,1794.75
0,1795.5
0,1794.25
0,1793.75
0,1793.75
0,1794.5
0,1795
0,1795.25
0,1795.5
0,1797.25
0,1798.75
0,1798.5
0,1800
0,1802.5
0,1803.75
0,1804.25
0,1806.75
0,1808.75
0,1812.75
0,1813.5
0,1815.25
0,1817.75
0,1817.75
0,1815.5
0,1816
0,1817
0,1815.75
0,1813
0,1813.75
0,1815.5
0,1815.25
0,1815.5
0,1816
0,1816.5
0,1816.75
0,1816.5
0,1818.75
0,1817.5
0,1817
0,1814.5
0,1813.5
0,1813.25
0,1813.75
0,1817
0,1818
0,1817
0,1818.5
0,1820.5
0,1817.5
0,1817.25
0,1818.5
0,1817.5
0,1818
0,1818
0,1818.75
0,1819.5
0,1819.75
0,1820
0,1821.5
0,1821.75
0,1822.75
0,1822.25
0,1820.75
0,1822
0,1825
0,1824.5
0,1824.5
0,1824
0,1824.25
0,1825
0,1826
0,1825.5
0,1825.75
0,1826.5
0,1826.25
0,1827.5
0,1826.5
0,1837.25
0,1831.75
0,1828.5
0,1828
0,1825.5
0,1827.75
0,1826.25
0,1826.25
0,1826.5
0,1827.5
0,1826.5
0,1826
0,1825.75
0,1827.5
0,1826.5
0,1826.75
0,1826.25
0,1827.75
0,1827.75
0,1826
0,1826.25
0,1828.5
0,1828
0,1827.75
0,1828.5
0,1828.75
0,1827.25
0,1827
0,1826.5
0,1828
0,1827
0,1828.25
0,1826.75
0,1827.25
0,1827.75
0,1828.5
0,1829
0,1829
0,1827.75
0,1831.25
0,1832.5
0,1831.5
0,1830
0,1830.5
0,1830.75
0,1831.5
0,1832.25
0,1831.5
0,1833.5
0,1834.75
0,1837.25
0,1837
0,1834
0,1835
0,1838.75
0,1840.5
0,1842.25
0,1843.25
0,1842
0,1840.75
0,1838.5
0,1835.25
0,1835.25
0,1833.75
0,1833.25
0,1829.75
0,1828.75
0,1828.75
0,1828
0,1829.25
0,1832
0,1832.5
0,1834.5
0,1835.25
0,1837
0,1835.5
0,1833.75
0,1832.5
0,1829.5
0,1827.25
0,1826.75
0,1827.5
0,1827.25
0,1828.25
0,1827.5
0,1825.5
0,1828.25
0,1828.75
0,1832
0,1831.75
0,1833
0,1831
0,1829
0,1831.75
0,1829.25
0,1828
0,1828.25
0,1824.75
0,1826.25
0,1824.5
0,1823.5
0,1822.75
0,1819.25
0,1820.5
0,1823.25
0,1828.75
0,1829.25
0,1831.25
0,1833.75
0,1834.25
0,1834.5
0,1833
0,1830.5
0,1836.25
0,1837
0,1840.5
0,1840.25
0,1840.25
0,1839.25
0,1842.5
0,1844.25
0,1844
0,1840.75
0,1842
0,1842.5
0,1841.5
0,1845.75
0,1843.5
0,1841.5
0,1843.25
0,1845.5
0,1847.25
0,1848.5
0,1849.5
0,1850.25
0,1850.25
0,1850.25
0,1852.5
0,1852
0,1851.5
0,1847.25
0,1847.75
0,1847.5
0,1850.25
0,1853.5
0,1854
0,1853.25
0,1850.5
0,1849
0,1842.75
0,1845.5
0,1845
0,1843
0,1844.75
0,1845.25
0,1846.25
0,1843.25
0,1842
0,1842
0,1839.75
0,1834.75
0,1836.25
0,1837
0,1838.25
0,1838.5
0,1839.25
0,1841.75
0,1840.25
0,1839.25
0,1838.5
0,1838.25
0,1839
0,1840.25
0,1838.75
0,1838.25
0,1837.75
0,1840
0,1839.75
0,1840.25
0,1841.5
0,1840.75
0,1840.25
0,1842
0,1842.25
0,1841
0,1840.25
0,1839
0,1837
0,1838.25
0,1835.75
0,1835
0,1832.75
0,1833.25
0,1832.75
0,1834.25
0,1832.75
0,1833.5
0,1833.75
0,1837.5
0,1838.25
0,1841
0,1840
0,1839.25
0,1835.5
0,1835.25
0,1835.75
0,1836.75
0,1836.5
0,1835.5
0,1838.75
0,1840.5
0,1842.25
0,1843
0,1842.25
0,1841.5
0,1841.5
0,1839
0,1837.75
0,1837.75
0,1836
0,1835.5
0,1837
0,1837
0,1835.5
0,1836.75
0,1837
0,1837
0,1836.5
0,1837.5
0,1836.5
0,1835.5
0,1836
0,1837.75
0,1837
0,1839.25
0,1839.25
0,1840.25
0,1837.75
0,1838.75
0,1840.25
0,1840.25
0,1839.25
0,1839.5
0,1837.5
0,1837
0,1837.25
0,1837.25
0,1836.25
0,1836.75
0,1836.5
0,1836.5
0,1835
0,1833
0,1832.5
0,1836.25
0,1836.25
0,1838.75
0,1838.25
0,1840.75
0,1840.5
0,1839
0,1867.25
0,1869.25
0,1872.5
0,1880.25
0,1875.75
0,1877.5
0,1871
0,1859.25
0,1859.75
0,1866
0,1864
0,1864
0,1869.75
0,1870.25
0,1873
0,1871.5
0,1871.5
0,1867.5
0,1865.5
0,1860.75
0,1860
0,1866
0,1860
0,1866.75
0,1862.75
0,1860.75
0,1865.25
0,1862.75
0,1859.75
0,1864.5
0,1866.5
0,1865.75
0,1866.5
0,1864.25
0,1864.5
0,1862.5
0,1865.5
0,1868.5
0,1871.25
0,1873.75
0,1876.75
0,1876.25
0,1875
0,1875.5
0,1874.5
0,1871.75
0,1872.75
0,1872.5
0,1873
0,1871.75
0,1874.25
0,1874.5
0,1872.75
0,1870
0,1867.75
0,1869.75
0,1868
0,1868.25
0,1868
0,1869.75
0,1869.25
0,1867.75
0,1866.25
0,1866.5
0,1862.5
0,1863.5
0,1866
0,1865
0,1868.75
0,1870.5
0,1868.5
0,1869
0,1868.75
0,1867.25
0,1869.5
0,1868.75
0,1867.5
0,1868.5
0,1867.75
0,1867.75
0,1867.5
0,1868.75
0,1870.75
0,1873.5
0,1875.75
0,1875.5
0,1875.25
0,1872.75
0,1875.5
0,1876
0,1880
0,1879.5
0,1879.5
0,1877.75
0,1877.5
0,1880
0,1881
0,1881.25
0,1879.5
0,1879
0,1878.75
0,1878
0,1874
0,1873.75
0,1871.5
0,1866.5
0,1868.25
0,1864.75
0,1866.25
0,1865.75
0,1865
0,1864.25
0,1864
0,1864.75
0,1863.25
0,1861.5
0,1861
0,1860.5
0,1859.25
0,1859.75
0,1858
0,1859.25
0,1859.25
0,1860.25
0,1861.5
0,1861.5
0,1860.75
0,1861.25
0,1863.25
0,1862.75
0,1863.25
0,1865.5
0,1866.75
0,1864.75
0,1865
0,1865.75
0,1865
0,1864.5
0,1864
0,1865.5
0,1864.75
0,1863.75
0,1865.25
0,1865
0,1865.75
0,1866.5
0,1868.5
0,1868
0,1867.5
0,1867.75
0,1866.75
0,1869.25
0,1869.25
0,1871.5
0,1870.75
0,1869.75
0,1869.5
0,1868.5
0,1867.75
0,1866.5
0,1868.75
0,1869.5
0,1871
0,1870.75
0,1872
0,1871.25
0,1871.25
0,1872
0,1871.5
0,1872.25
0,1874.75
0,1874.5
0,1874.75
0,1874.75
0,1873.25
0,1872
0,1872
0,1870.5
0,1870
0,1869.25
0,1868.25
0,1868
0,1869.25
0,1869.25
0,1867.75
0,1867
0,1866.75
0,1865.75
0,1865.75
0,1866
0,1865.25
0,1865
0,1867.75
0,1868.25
0,1869.75
0,1869.75
0,1867.5
0,1866.5
0,1865.25
0,1865.25
0,1865
0,1865
0,1864.5
0,1864.25
0,1862.25
0,1865.75
0,1865
0,1865.25
0,1867.25
0,1867.5
0,1867.5
0,1869.25
0,1866
0,1866.5
0,1865.5
0,1864.75
0,1864
0,1863.75
0,1863.5
0,1863.25
0,1865.25
0,1864.5
0,1865.5
0,1863.75
0,1863.5
0,1861.75
0,1862.25
0,1863.75
0,1863
0,1862
0,1861.25
0,1860
0,1859.75
0,1861.25
0,1861.5
0,1859.25
0,1859.75
0,1860.25
0,1862.25
0,1862.75
0,1862.5
0,1864
0,1864.75
0,1864
0,1865.25
0,1865.5
0,1864.75
0,1864.75
0,1866.75
0,1867
0,1870.25
0,1869.75
0,1868.75
0,1868.75
0,1867.75
0,1868.25
0,1869
0,1867.5
0,1867
0,1866.75
0,1867.75
0,1868.25
0,1870.75
0,1872
0,1873.25
0,1873
0,1872.5
0,1871.25
0,1872
0,1871.75
0,1872
0,1872.25
0,1869.75
0,1870.5
0,1870.25
0,1871.25
0,1869.75
0,1872.5
0,1871.5
0,1871.25
0,1872.25
0,1872
0,1872
0,1871.5
0,1873
0,1872.25
0,1873.25
0,1875
0,1872.5
0,1873.5
0,1874.25
0,1873.25
0,1875
0,1873.25
0,1872.75
0,1871
0,1870.5
0,1871.5
0,1871.75
0,1872.5
0,1871.5
0,1873
0,1874.25
0,1874.75
0,1874.5
0,1873.5
0,1873
0,1872.75
0,1872.75
0,1872.25
0,1872.25
0,1873.75
0,1875.5
0,1875
0,1874.5
0,1874.25
0,1875.25
0,1872.75
0,1872.25
0,1871
0,1871.5
0,1871.75
0,1871.5
0,1870
0,1870
0,1868.5
0,1870
0,1870
0,1869.5
0,1869.5
0,1869
0,1868.75
0,1869.25
0,1871
0,1871.25
0,1871.25
0,1871.75
0,1871.75
0,1873.25
0,1873.5
0,1871.25
0,1870.5
0,1869.75
0,1868.25
0,1869
0,1869.5
0,1870.25
0,1869.75
0,1869.75
0,1870.25
0,1870
0,1870.75
0,1870.5
0,1871
0,1870.75
0,1869.75
0,1872
0,1872.25
0,1871.75
0,1871.25
0,1872.25
0,1874.25
0,1873
0,1873.5
0,1873.25
0,1873.75
0,1873.75
0,1874.25
0,1875.5
0,1875.75
0,1874.25
0,1875
0,1876.25
0,1876
0,1875.5
0,1876
0,1877.25
0,1878
0,1876.25
0,1876.25
0,1874
0,1874.75
0,1874.5
0,1873.75
0,1874.75
0,1873.5
0,1874.5
0,1875.25
0,1877.25
0,1875.25
0,1876
0,1875.75
0,1876.5
0,1876.75
0,1875.25
0,1875
0,1874.75
0,1874.75
0,1875.5
0,1877
0,1874.75
0,1875
0,1876
0,1877
0,1876.25
0,1875.75
0,1875
0,1874.5
0,1877.5
0,1877.25
0,1879.25
0,1880.5
0,1880
0,1879
0,1879
0,1879.5
0,1878.5
0,1879.25
0,1876.5
0,1876
0,1875.75
0,1877
0,1875.75
0,1878.5
0,1877.5
0,1876.25
0,1876.5
0,1876.25
0,1876.25
0,1875.25
0,1875
0,1878
0,1878.25
0,1878.25
0,1876.75
0,1877.25
0,1877
0,1876.25
0,1876.5
0,1873.5
0,1872.25
0,1871.25
0,1872.25
0,1873.25
0,1873.75
0,1874.75
0,1876
0,1877.75
0,1877
0,1876.25
0,1877
0,1874.75
0,1874.75
0,1874.25
0,1873
0,1874.75
0,1875.75
0,1877
0,1875.75
0,1875.25
0,1875
0,1875.25
0,1874.25
0,1874
0,1874.75
0,1875.25
0,1875.75
0,1875.5
0,1877
0,1875.25
0,1876
0,1874.5
0,1874
0,1872.25
0,1874
0,1873.25
0,1874
0,1874.5
0,1874.25
0,1876
0,1875.25
0,1876.75
0,1856.25
0,1856
0,1851.75
0,1858.75
0,1858.5
0,1856.75
0,1851.25
0,1853
0,1857.5
0,1854
0,1852.25
0,1850.25
0,1854.5
0,1857.25
0,1858.5
0,1860
0,1853.75
0,1854.25
0,1853.25
0,1851.5
0,1852
0,1853.25
0,1850.75
0,1855.5
0,1857.25
0,1858.25
0,1860.5
0,1863.25
0,1859.5
0,1863.75
0,1864.75
0,1870
0,1868.25
0,1867
0,1863
0,1860.75
0,1861
0,1863
0,1866.25
0,1867.75
0,1868
0,1868
0,1868
0,1866
0,1862.25
0,1858.5
0,1859.5
0,1862.25
0,1862.25
0,1862.75
0,1856.75
0,1857
0,1859
0,1859.75
0,1859.5
0,1861.25
0,1861.75
0,1860.75
0,1860.75
0,1863.75
0,1863
0,1862.5
0,1863.75
0,1861.5
0,1861.25
0,1863.25
0,1860
0,1857.25
0,1854
0,1855.5
0,1855
0,1852.75
0,1855
0,1850.75
0,1852.25
0,1851.25
0,1850.75
0,1850.5
0,1850
0,1851.75
0,1851.5
0,1851.5
0,1851.5
0,1851.5
0,1852
0,1850.5
0,1850.25
0,1850.25
0,1851
0,1851.75
0,1850.75
0,1850
0,1849.75
0,1850.25
0,1851.5
0,1850
0,1845.25
0,1847
0,1848
0,1847
0,1847
0,1844.25
0,1844.25
0,1844.5
0,1846
0,1843.5
0,1842.5
0,1845.75
0,1847.25
0,1848.75
0,1853.5
0,1853.25
0,1850.75
0,1850
0,1850.75
0,1853.5
0,1853.25
0,1853
0,1853.25
0,1851
0,1851.75
0,1852
0,1851.5
0,1852
0,1853.5
0,1850.5
0,1852.25
0,1850.75
0,1851.75
0,1852.25
0,1852.25
0,1852.5
0,1851
0,1852.5
0,1853.25
0,1852.75
0,1854.25
0,1854.5
0,1853.25
0,1851.25
0,1852.5
0,1853.5
0,1854.75
0,1854.75
0,1855.5
0,1856
0,1855
0,1853.25
0,1852.75
0,1853.5
0,1852
0,1852.25
0,1852.5
0,1852
0,1852
0,1852
0,1851.5
0,1853
0,1852.25
0,1852.5
0,1854
0,1853.5
0,1853
0,1853.5
0,1853.5
0,1856.75
0,1856.75
0,1858.5
0,1859.25
0,1859.25
0,1859.75
0,1856.25
0,1854.25
0,1855.75
0,1857
0,1856.25
0,1857.5
0,1858.25
0,1858.25
0,1857.25
0,1856.5
0,1856.75
0,1854.75
0,1855
0,1855
0,1855
0,1854.75
0,1855.25
0,1856.75
0,1855.75
0,1855
0,1855.5
0,1855.75
0,1856.75
0,1857
0,1856
0,1854.75
0,1855.5
0,1854.75
0,1855
0,1855
0,1853.5
0,1852.25
0,1851.75
0,1852
0,1853
0,1852.75
0,1853.25
0,1852.75
0,1850.75
0,1852.75
0,1853.25
0,1852.75
0,1852.5
0,1852.75
0,1853.75
0,1854.75
0,1855.75
0,1854.75
0,1855.25
0,1857.25
0,1857.75
0,1859.75
0,1859.75
0,1858
0,1856.25
0,1857.5
0,1854.75
0,1854.5
0,1855.25
0,1853.5
0,1854
0,1854.5
0,1854
0,1856.75
0,1856
0,1855.25
0,1854.25
0,1852.5
0,1852.5
0,1852.75
0,1855.25
0,1855
0,1854.25
0,1857.75
0,1857.25
0,1858
0,1859.75
0,1860.5
0,1861.75
0,1861
0,1861
0,1860.75
0,1860.75
0,1861.5
0,1862.75
0,1864.25
0,1863.5
0,1863
0,1862.5
0,1862
0,1862.75
0,1864.75
0,1865.75
0,1868.25
0,1867
0,1866
0,1866.75
0,1863.75
0,1863
0,1861.75
0,1861.5
0,1860.75
0,1859.75
0,1856.5
0,1856.75
0,1857
0,1857
0,1857.75
0,1857.5
0,1858.25
0,1858.5
0,1858.5
0,1861.75
0,1859.75
0,1860.5
0,1864.75
0,1862.5
0,1862
0,1864.25
0,1863.75
0,1864.5
0,1863.25
0,1863.25
0,1866
0,1867
0,1869
0,1869
0,1871.5
0,1871.75
0,1870.5
0,1869.75
0,1869.75
0,1868.75
0,1869.25
0,1869.75
0,1870
0,1869.75
0,1872.25
0,1874.25
0,1871
0,1869.5
0,1870.25
0,1869.5
0,1869.25
0,1867.5
0,1868.25
0,1868
0,1867.5
0,1868.25
0,1868.5
0,1868.5
0,1868
0,1868.75
0,1868.5
0,1871.25
0,1870.5
0,1870.75
0,1870.5
0,1870.25
0,1869.25
0,1867.75
0,1868.25
0,1868.75
0,1867.75
0,1867.25
0,1869.25
0,1865.5
0,1864.75
0,1865
0,1866
0,1868.25
0,1868.75
0,1873.25
0,1874.25
0,1873.25
0,1873.75
0,1872.5
0,1871.75
0,1871.5
0,1870.25
0,1869.75
0,1869.25
0,1869.75
0,1869.25
0,1869.75
0,1870.25
0,1868.25
0,1868.5
0,1867
0,1866.75
0,1867.25
0,1866
0,1865.5
0,1865.5
0,1864.75
0,1865
0,1865.25
0,1865
0,1865.75
0,1865
0,1865.25
0,1865.5
0,1864.75
0,1868
0,1870.75
0,1871.25
0,1870.75
0,1869.25
0,1869.75
0,1870.25
0,1870
0,1870.5
0,1870
0,1871.25
0,1871
0,1872.5
0,1871
0,1870.25
0,1873.75
0,1874.5
0,1875.75
0,1874.25
0,1875.5
0,1874.75
0,1873
0,1873.75
0,1875.75
0,1875.5
0,1875
0,1874.25
0,1871.75
0,1872
0,1874.25
0,1874.25
0,1873
0,1872.25
0,1872.75
0,1871.75
0,1872.5
0,1873.75
0,1874.5
0,1874.75
0,1877
0,1878.25
0,1878
0,1879.25
0,1882
0,1883
0,1883.75
0,1884
0,1883.5
0,1883
0,1882
0,1881.75
0,1880.75
0,1881.25
0,1880
0,1879.5
0,1879
0,1881.25
0,1880.5
0,1881
0,1882
0,1884.5
0,1885.75
0,1883.25
0,1885.25
0,1884
0,1883.75
0,1885
0,1885
0,1884.5
0,1885
0,1885.25
0,1887.75
0,1887.75
0,1886
0,1884
0,1883
0,1884.5
0,1885.25
0,1888.25
0,1887.25
0,1887.75
0,1887
0,1886
0,1884.5
0,1884
0,1884.75
0,1885.75
0,1885
0,1885.5
0,1885.5
0,1885.75
0,1887.5
0,1889.25
0,1889.75
0,1889.5
0,1890.25
0,1890.75
0,1891.75
0,1889.75
0,1889.75
0,1890
0,1890.25
0,1890.25
0,1890.5
0,1891.75
0,1891.75
0,1892.75
0,1892.25
0,1891.25
0,1890.5
0,1889
0,1891
0,1891
0,1890.75
0,1890
0,1890.25
0,1890
0,1889.75
0,1889.25
0,1888.25
0,1887.25
0,1886.25
0,1884
0,1879.5
0,1879.75
0,1881.75
0,1881.75
0,1920.25
0,1920.5
0,1925.75
0,1916.75
0,1915.25
0,1909
0,1897.25
0,1898.75
0,1895
0,1898.25
0,1899.75
0,1894.5
0,1887
0,1889
0,1884.25
0,1881.5
0,1883.75
0,1883.75
0,1878.75
0,1878
0,1874.75
0,1870.5
0,1875.5
0,1875
0,1879
0,1877.5
0,1880.75
0,1885.5
0,1888
0,1889
0,1888.75
0,1888.25
0,1889
0,1885.75
0,1886.25
0,1886.75
0,1886.5
0,1885.25
0,1882.25
0,1883
0,1888
0,1889
0,1886
0,1884.5
0,1884
0,1883.75
0,1884.5
0,1884.25
0,1886
0,1886
0,1884.25
0,1885.75
0,1888.75
0,1890.75
0,1891
0,1889.25
0,1889
0,1889
0,1894.5
0,1893.75
0,1893
0,1891.75
0,1890.75
0,1891.75
0,1893.75
0,1891.75
0,1890.75
0,1890
0,1889.5
0,1889.5
0,1888.75
0,1888.75
0,1890.75
0,1890
0,1889
0,1889.25
0,1890.75
0,1891.5
0,1893.25
0,1895.75
0,1895.75
0,1895
0,1894.5
0,1890.25
0,1889.5
0,1888.5
0,1888.5
0,1889
0,1890
0,1889
0,1889
0,1889.5
0,1889.5
0,1889.5
0,1889.25
0,1888.75
0,1889
0,1888.5
0,1889
0,1889.5
0,1889.5
0,1890.25
0,1892.75
0,1893.5
0,1890.5
0,1889.5
0,1888
0,1889.25
0,1887.75
0,1888.25
0,1888
0,1888.75
0,1888.5
0,1885.5
0,1882.75
0,1882.5
0,1883.5
0,1883.25
0,1882.75
0,1882.5
0,1881.75
0,1882
0,1881
0,1878.25
0,1878.25
0,1875.75
0,1875
0,1875
0,1872.75
0,1871
0,1870
0,1870.25
0,1870.75
0,1870.75
0,1871
0,1876.25
0,1878.25
0,1875
0,1875.25
0,1872
0,1873
0,1871.25
0,1872.25
0,1871.5
0,1871.75
0,1873.5
0,1874.5
0,1873.25
0,1874.5
0,1875
0,1875.75
0,1875.75
0,1874.5
0,1872.25
0,1872.5
0,1872
0,1871
0,1871.25
0,1872.5
0,1870.25
0,1871.25
0,1871.25
0,1870.5
0,1871
0,1872.75
0,1870.25
0,1871
0,1871.25
0,1873
0,1873
0,1874.5
0,1870.25
0,1867.5
0,1866.75
0,1866.5
0,1866.25
0,1867.5
0,1867
0,1866.5
0,1868
0,1865.25
0,1867.25
0,1867
0,1867
0,1867.5
0,1867.5
0,1867.25
0,1866.5
0,1866
0,1867.25
0,1867
0,1865.25
0,1864
0,1863.75
0,1865.5
0,1864.75
0,1865.75
0,1867.5
0,1867
0,1867.25
0,1866.5
0,1866.25
0,1864.5
0,1864.5
0,1863
0,1862.75
0,1866
0,1867
0,1863.25
0,1863
0,1865
0,1864.5
0,1865.25
0,1866.25
0,1866.75
0,1866
0,1865
0,1864.75
0,1864.5
0,1867.5
0,1867
0,1868.75
0,1867.75
0,1867.5
0,1868
0,1868
0,1869.25
0,1868.75
0,1867
0,1867.25
0,1866.5
0,1868.5
0,1867.75
0,1868.25
0,1868.75
0,1865
0,1864.75
0,1866.5
0,1866
0,1864
0,1863.25
0,1863.5
0,1863.5
0,1863.75
0,1863
0,1862
0,1862.25
0,1863
0,1864.25
0,1865
0,1865.25
0,1865
0,1865.5
0,1866.5
0,1867
0,1865.5
0,1865.75
0,1865.25
0,1864.5
0,1864.75
0,1865.5
0,1864.75
0,1864.25
0,1864.25
0,1864.25
0,1864.75
0,1865
0,1865
0,1867
0,1867.75
0,1867.75
0,1868
0,1869
0,1870.75
0,1870.75
0,1871.75
0,1871.25
0,1871.5
0,1872
0,1872
0,1872.5
0,1873.25
0,1873.75
0,1873.25
0,1872.75
0,1873.25
0,1873.25
0,1874.5
0,1876.25
0,1876
0,1875.5
0,1875.75
0,1875
0,1873.5
0,1875.5
0,1875.25
0,1874.75
0,1875
0,1875
0,1874.5
0,1874.75
0,1873
0,1873.25
0,1873.25
0,1873.75
0,1873.25
0,1872.5
0,1872
0,1871.75
0,1871
0,1870.5
0,1871.75
0,1872.5
0,1875.75
0,1877.5
0,1877.25
0,1877.25
0,1877.5
0,1878.25
0,1878
0,1881.5
0,1880.25
0,1881.25
0,1881
0,1878.75
0,1877.25
0,1875
0,1873.25
0,1871.75
0,1873.75
0,1874.5
0,1874.25
0,1874.5
0,1874.5
0,1875.5
0,1875
0,1875.75
0,1873.75
0,1875.5
0,1875.5
0,1875.75
0,1876
0,1875.75
0,1874.75
0,1876
0,1875
0,1879.5
0,1882.25
0,1882.75
0,1884.5
0,1883.75
0,1881.5
0,1879.5
0,1881
0,1881
0,1881.5
0,1882.25
0,1884
0,1885
0,1884.25
0,1885.25
0,1886.5
0,1885
0,1883.5
0,1882.25
0,1883.75
0,1884.5
0,1883
0,1883
0,1882.75
0,1884
0,1884.5
0,1885.5
0,1885
0,1885.5
0,1884.25
0,1883.75
0,1883.25
0,1885.25
0,1887.25
0,1886.5
0,1886.75
0,1887.75
0,1884.5
0,1885.5
0,1884.75
0,1883.5
0,1883
0,1884.25
0,1884
0,1883.5
0,1881.75
0,1884.25
0,1883.75
0,1883.25
0,1884
0,1885
0,1884.25
0,1884
0,1881.5
0,1881
0,1881.5
0,1881.25
0,1880.5
0,1880.75
0,1881.75
0,1883.75
0,1880.25
0,1879.5
0,1880.25
0,1882.25
0,1883.75
0,1883.5
0,1882.5
0,1883
0,1884.75
0,1886
0,1885.5
0,1885
0,1882.5
0,1881.25
0,1881.5
0,1880.25
0,1880.75
0,1879.5
0,1880.75
0,1882.75
0,1882.75
0,1881.25
0,1881.25
0,1880.75
0,1879.75
0,1882.25
0,1881.5
0,1880
0,1881.75
0,1882.5
0,1882
0,1881.5
0,1881.75
0,1881.75
0,1882.25
0,1882
0,1883.25
0,1882.75
0,1882.75
0,1882.25
0,1882.25
0,1882
0,1882.75
0,1882.25
0,1883.25
0,1881.75
0,1882.75
0,1882.75
0,1883
0,1882.5
0,1882
0,1880
0,1882.5
0,1883
0,1884.5
0,1886.25
0,1887.5
0,1887.5
0,1885.25
0,1885.5
0,1884.25
0,1885.5
0,1885.75
0,1886
0,1885.75
0,1885.25
0,1883.5
0,1885.25
0,1884.25
0,1886.25
0,1885.25
0,1883.25
0,1883
0,1883.25
0,1883.75
0,1882.5
0,1881.75
0,1881.5
0,1881.5
0,1882
0,1883
0,1882.75
0,1882.5
0,1883.25
0,1883.75
0,1884.25
0,1884.5
0,1883.25
0,1883.5
0,1882.5
0,1873.75
0,1873.25
0,1872.5
0,1876.5
0,1872.25
0,1872.5
0,1870.75
0,1870.25
0,1871.5
0,1872.25
0,1872.75
0,1869
0,1867
0,1867.25
0,1867.5
0,1867.75
0,1866
0,1863.75
0,1864.25
0,1867.25
0,1869.75
0,1870.25
0,1867
0,1870
0,1868.5
0,1868.5
0,1867
0,1866.75
0,1865
0,1862.5
0,1863.75
0,1862.75
0,1863
0,1864.5
0,1866
0,1864.5
0,1867
0,1866
0,1865.5
0,1865.25
0,1864.75
0,1870.5
0,1867
0,1866.5
0,1868
0,1867.25
0,1867.25
0,1866.5
0,1867
0,1867.25
0,1867.5
0,1867.25
0,1867.5
0,1868.25
0,1871.25
0,1871
0,1873.25
0,1871
0,1871
0,1870.75
0,1869
0,1867
0,1868.5
0,1867.5
0,1868.5
0,1867.25
0,1867.25
0,1866.25
0,1866.25
0,1865.75
0,1865
0,1864.5
0,1865.25
0,1866
0,1865
0,1864
0,1864.25
0,1865
0,1864.75
0,1863.75
0,1864.75
0,1864.75
0,1864.75
0,1865.5
0,1865
0,1864
0,1865
0,1865.5
0,1865.75
0,1866.5
0,1866
0,1865.75
0,1864.75
0,1863.75
0,1864.5
0,1865.25
0,1864.75
0,1863.5
0,1863.5
0,1862.5
0,1860.75
0,1859.75
0,1860
0,1860.75
0,1862
0,1862.25
0,1861.75
0,1862.75
0,1862.5
0,1862.5
0,1862
0,1861.5
0,1862.25
0,1864.5
0,1864.5
0,1863.75
0,1864.25
0,1864.75
0,1863.75
0,1863.75
0,1863.25
0,1863.75
0,1864
0,1863.25
0,1863.25
0,1864.5
0,1864.75
0,1865
0,1864.25
0,1863.75
0,1863.75
0,1863.5
0,1863.75
0,1863.75
0,1863.5
0,1863.5
0,1863.5
0,1864.5
0,1865
0,1866
0,1866.5
0,1868
0,1868.75
0,1868.5
0,1867.5
0,1868
0,1867.25
0,1866
0,1867
0,1867.25
0,1867.5
0,1866.75
0,1868
0,1868.25
0,1869.25
0,1869
0,1869
0,1869.75
0,1871.25
0,1871.75
0,1872.75
0,1872
0,1873.25
0,1874.75
0,1875.25
0,1874.75
0,1875.25
0,1873
0,1873
0,1873.25
0,1872.5
0,1871.25
0,1870.25
0,1868.25
0,1866.75
0,1865.75
0,1864.5
0,1865
0,1864.25
0,1866
0,1866
0,1865.25
0,1865
0,1865.25
0,1865
0,1865.25
0,1865.75
0,1865.75
0,1862.25
0,1863
0,1862
0,1862.75
0,1861.75
0,1862.5
0,1863
0,1863.25
0,1863.5
0,1864.75
0,1864.5
0,1863.75
0,1863.75
0,1864
0,1864.25
0,1864
0,1864.25
0,1864.75
0,1864.5
0,1865.75
0,1865
0,1866.75
0,1866.25
0,1866.25
0,1865.25
0,1864.75
0,1865
0,1865
0,1864.25
0,1864
0,1863.5
0,1863.75
0,1863.75
0,1864.25
0,1864.25
0,1864.75
0,1864.75
0,1865
0,1864.5
0,1864.25
0,1863.75
0,1863.25
0,1865.75
0,1865.5
0,1866
0,1869
0,1864.75
0,1865
0,1864.75
0,1864.25
0,1865
0,1864.5
0,1864.75
0,1864.75
0,1863.5
0,1863
0,1862.25
0,1861
0,1858.5
0,1856
0,1855
0,1853.5
0,1854.25
0,1852.25
0,1854.5
0,1853
0,1853.5
0,1852.75
0,1853.5
0,1852.75
0,1852.5
0,1853
0,1853
0,1853
0,1854
0,1853
0,1854
0,1854.25
0,1854.25
0,1855.5
0,1857.75
0,1859.75
0,1859.25
0,1858.25
0,1858
0,1857.75
0,1856.5
0,1855.25
0,1855.5
0,1856.5
0,1854.25
0,1855
0,1851.75
0,1850.25
0,1850.25
0,1849.75
0,1847.75
0,1847
0,1848.5
0,1849.75
0,1849.5
0,1850.75
0,1851.5
0,1854.5
0,1854.25
0,1853.75
0,1853.25
0,1852.75
0,1852.5
0,1851.75
0,1853.25
0,1852.5
0,1852.25
0,1852.5
0,1852.25
0,1852
0,1852
0,1851.75
0,1851.75
0,1851.75
0,1851.75
0,1852
0,1852
0,1851.25
0,1851.5
0,1850.25
0,1850
0,1850.75
0,1850.25
0,1850.75
0,1850.75
0,1850
0,1850.5
0,1851.75
0,1852.5
0,1853
0,1853.5
0,1854
0,1854.5
0,1855.5
0,1855.5
0,1857.5
0,1857
0,1856.25
0,1854.75
0,1853.5
0,1853.75
0,1854.25
0,1855
0,1854.5
0,1853.75
0,1852.75
0,1852.75
0,1853.25
0,1854.75
0,1857.25
0,1857
0,1855.25
0,1854.5
0,1854.25
0,1854.25
0,1854.25
0,1854
0,1853.75
0,1854
0,1853.75
0,1855
0,1854
0,1852.75
0,1850.75
0,1851.25
0,1850.25
0,1850.5
0,1851.25
0,1851.75
0,1851.75
0,1855
0,1854.5
0,1856.5
0,1857.75
0,1861
0,1860
0,1860.75
0,1860.75
0,1860
0,1860.5
0,1859.75
0,1861.5
0,1861.25
0,1860.5
0,1861.5
0,1860
0,1860.5
0,1860
0,1861.25
0,1861.75
0,1862
0,1861.75
0,1862.25
0,1862
0,1862
0,1864.75
0,1865.5
0,1865.25
0,1865
0,1865.5
0,1865.75
0,1865
0,1865.5
0,1866.25
0,1865.75
0,1866.25
0,1866
0,1866.75
0,1868.75
0,1869
0,1866.5
0,1866.25
0,1867.5
0,1868.5
0,1869.25
0,1870.25
0,1869
0,1867.75
0,1866.5
0,1865.5
0,1863.5
0,1864.25
0,1864.5
0,1867
0,1867
0,1866.5
0,1864
0,1865.5
0,1863
0,1861
0,1861.5
0,1862
0,1862.25
0,1862.5
0,1864.75
0,1865
0,1865
0,1866.25
0,1866.5
0,1864.75
0,1864.25
0,1862.75
0,1862.25
0,1862
0,1862.25
0,1862.5
0,1862.75
0,1863.5
0,1863.25
0,1862.75
0,1862.5
0,1861.5
0,1861.75
0,1861.75
0,1862
0,1861.5
0,1861
0,1861.25
0,1861.25
0,1861.75
0,1864.75
0,1863.5
0,1863
0,1863.75
0,1861.5
0,1861.25
0,1863.25
0,1863
0,1862.75
0,1862.25
0,1861.75
0,1861
0,1861.25
0,1862.25
0,1862.75
0,1863.5
0,1865.25
0,1864.5
0,1865.25
0,1865.25
0,1864.5
0,1864.75
0,1865
0,1864.5
0,1864.75
0,1865.25
0,1864.75
0,1862.25
0,1862.5
0,1863.5
0,1864.5
0,1864.75
0,1865.25
0,1866.75
0,1870.75
0,1879.75
0,1880.25
0,1885.5
0,1885.75
0,1887.75
0,1893.25
0,1893.5
0,1890.5
0,1890.75
0,1888.75
0,1890
0,1889.75
0,1894
0,1892
0,1890.25
0,1893
0,1893
0,1890
0,1891.25
0,1894.25
0,1892.75
0,1894.25
0,1894.5
0,1896.5
0,1895.75
0,1897
0,1894.5
0,1894.75
0,1895
0,1890
0,1888
0,1888
0,1889.5
0,1888.5
0,1887.5
0,1887.5
0,1887.5
0,1887.5
0,1888
0,1889
0,1887
0,1883.75
0,1884
0,1885.5
0,1886.75
0,1888
0,1887.5
0,1887.5
0,1885.5
0,1883.5
0,1882.75
0,1881.5
0,1880
0,1878.75
0,1879.5
0,1879
0,1877.75
0,1877.5
0,1876
0,1871.5
0,1870.75
0,1871.25
0,1867.75
0,1866.25
0,1864
0,1862.25
0,1864.75
0,1864.75
0,1863.5
0,1862
0,1862.75
0,1861.75
0,1861.5
0,1858.75
0,1862
0,1862.75
0,1862.5
0,1864.75
0,1860.5
0,1862
0,1862.75
0,1863
0,1863.5
0,1864
0,1864.75
0,1865
0,1864.5
0,1865.5
0,1865.25
0,1866.75
0,1867.75
0,1869
0,1868.75
0,1869.5
0,1868.5
0,1868.25
0,1867.75
0,1867.25
0,1866.75
0,1866.25
0,1865.25
0,1866.5
0,1866.75
0,1868
0,1869.5
0,1870.25
0,1870
0,1869.75
0,1870.25
0,1869
0,1866.75
0,1868
0,1869.25
0,1868.75
0,1870.25
0,1871.75
0,1870.25
0,1871.25
0,1871.25
0,1872.75
0,1871.5
0,1874
0,1874
0,1873.75
0,1873
0,1872.5
0,1873.25
0,1875.75
0,1875.75
0,1876.75
0,1876.25
0,1877.25
0,1877.75
0,1878.75
0,1881.5
0,1880.5
0,1879.75
0,1879.75
0,1881.25
0,1880.25
0,1879.5
0,1878.25
0,1876.5
0,1877.5
0,1879.5
0,1879.75
0,1880
0,1880
0,1880.25
0,1879.5
0,1877.75
0,1877.75
0,1877.25
0,1878.5
0,1878.25
0,1880
0,1881.25
0,1881.75
0,1881.5
0,1881.25
0,1881.25
0,1880
0,1880.5
0,1882.5
0,1883
0,1878.5
0,1878.75
0,1878.5
0,1879.25
0,1879.75
0,1879.75
0,1879.75
0,1879.75
0,1880.25
0,1880.25
0,1881
0,1882.25
0,1880
0,1880
0,1880
0,1882
0,1882.5
0,1882
0,1881.5
0,1880.5
0,1880.5
0,1881.25
0,1880
0,1880.25
0,1880
0,1880
0,1880.25
0,1882
0,1882.5
0,1884
0,1882.5
0,1881
0,1880.75
0,1881.25
0,1882
0,1882
0,1881.75
0,1879.5
0,1881
0,1882.5
0,1880.75
0,1881.5
0,1883.75
0,1883
0,1881
0,1883.5
0,1884
0,1882.5
0,1882
0,1881.75
0,1883
0,1885.75
0,1887
0,1885.5
0,1885.5
0,1883
0,1882
0,1881.25
0,1880.25
0,1880
0,1881.25
0,1881.75
0,1880.25
0,1881
0,1877.5
0,1877.5
0,1879.25
0,1879.5
0,1879.75
0,1880
0,1879.5
0,1880
0,1880.5
0,1880.5
0,1880.75
0,1880.5
0,1878.75
0,1880.5
0,1884
0,1885.25
0,1886.75
0,1886.5
0,1886
0,1885.75
0,1885.75
0,1885.5
0,1884.75
0,1885
0,1885.5
0,1886.75
0,1886.5
0,1887.25
0,1887
0,1890.5
0,1890.5
0,1889.75
0,1889.75
0,1890.25
0,1889.5
0,1890.25
0,1890.75
0,1891
0,1890
0,1889.5
0,1888.5
0,1888.25
0,1887.5
0,1887.5
0,1887.75
0,1888.5
0,1889.75
0,1890.25
0,1889.75
0,1890
0,1893
0,1892
0,1891.75
0,1889.75
0,1889.5
0,1891
0,1890.25
0,1889.75
0,1889.75
0,1891.25
0,1890.75
0,1890
0,1889.5
0,1889.75
0,1889.75
0,1889.25
0,1890.25
0,1892
0,1891.5
0,1891.75
0,1889.75
0,1890.75
0,1891.25
0,1891
0,1890
0,1889.75
0,1889.75
0,1889.75
0,1889
0,1889
0,1888
0,1887.75
0,1887.75
0,1890.25
0,1889.25
0,1889.5
0,1890
0,1890
0,1889.75
0,1889.25
0,1888.5
0,1887.75
0,1887
0,1885.25
0,1886
0,1886.5
0,1888
0,1887.5
0,1888.25
0,1889.25
0,1889.75
0,1889.5
0,1889.25
0,1889
0,1884.25
0,1886.25
0,1886.75
0,1887
0,1887.25
0,1888
0,1887.75
0,1887.75
0,1887
0,1886.25
0,1885.75
0,1885.5
0,1885.75
0,1885.75
0,1885.25
0,1885.75
0,1886
0,1886.5
0,1887.25
0,1888
0,1889.25
0,1889
0,1889.25
0,1893.25
0,1893.25
0,1889.75
0,1890
0,1890.75
0,1889.75
0,1890.25
0,1890.25
0,1890
0,1892.5
0,1891
0,1890.25
0,1891.25
0,1892.75
0,1893
0,1892.75
0,1895.5
0,1893.75
0,1893
0,1894
0,1894
0,1890
0,1893.25
0,1893.5
0,1893
0,1893.75
0,1892.25
0,1890.5
0,1891.25
0,1890.25
0,1893.25
0,1891.5
0,1891.25
0,1890.25
0,1890.5
0,1890.75
0,1890
0,1890
0,1890.25
0,1892
0,1894
0,1896
0,1895.5
0,1894.5
0,1892.75
0,1893.5
0,1894
0,1892.75
0,1891.75
0,1889.75
0,1889.5
0,1889.5
0,1890.5
0,1889.75
0,1890
0,1891.25
0,1891.75
0,1890.25
0,1890.25
0,1889.5
0,1889.75
0,1889.5
0,1890.25
0,1891.25
0,1890
0,1891.25
0,1891.75
0,1890.25
0,1890.75
0,1890.25
0,1890.5
0,1890.5
0,1892.75
0,1892.75
0,1892.5
0,1892.5
0,1891.75
0,1892
0,1891.75
0,1893.5
0,1893.25
0,1895.75
0,1895.5
0,1895.75
0,1895.75
0,1895.75
0,1896.25
0,1895.75
0,1895
0,1893.75
0,1895.25
0,1895.75
0,1896
0,1895.25
0,1895.25
0,1895.75
0,1895
0,1894.75
0,1895.75
0,1896.75
0,1895.75
0,1896.25
0,1894.75
0,1895
0,1895.75
0,1894.75
0,1895.25
0,1895
0,1895
0,1894.75
0,1894.75
0,1895
0,1895
0,1895.75
0,1895.25
0,1895.25
0,1895.5
0,1895
0,1895.25
0,1895.75
0,1895.75
0,1895.5
0,1894.75
0,1896
0,1896.25
0,1896.5
0,1901.25
0,1901
0,1901.25
0,1898
0,1899.5
0,1897
0,1900
0,1896.75
0,1894.5
0,1891.25
0,1889.5
0,1895
0,1896.5
0,1894
0,1894.75
0,1894.25
0,1894.5
0,1892.75
0,1888.25
0,1888.25
0,1888
0,1889.5
0,1890.25
0,1889.5
0,1889.5
0,1890.25
0,1890
0,1886.25
0,1885.5
0,1883.25
0,1886
0,1885.75
0,1886.25
0,1885.75
0,1883.5
0,1881
0,1881.5
0,1878.75
0,1875.5
0,1875
0,1877.5
0,1879.25
0,1880
0,1880
0,1879.25
0,1877.5
0,1876.75
0,1873.5
0,1868.75
0,1867
0,1866
0,1870.75
0,1872.5
0,1874.25
0,1872.75
0,1875
0,1873
0,1870.25
0,1869.75
0,1870.25
0,1871.75
0,1872
0,1872.5
0,1873.5
0,1871
0,1872.5
0,1872.5
0,1872
0,1871.5
0,1870.5
0,1867.5
0,1865.25
0,1862.5
0,1864.75
0,1863.5
0,1862.75
0,1859.75
0,1859.25
0,1858.5
0,1858.25
0,1858.25
0,1855.5
0,1854.25
0,1852.75
0,1852.5
0,1852
0,1852.25
0,1854.5
0,1856.75
0,1858
0,1858.75
0,1858.5
0,1856.5
0,1857.25
0,1857.25
0,1857.75
0,1857.25
0,1857.25
0,1858.5
0,1859
0,1861.75
0,1861.25
0,1858.5
0,1860.25
0,1859.75
0,1861
0,1861.75
0,1860.75
0,1861.75
0,1861.5
0,1862
0,1861.75
0,1862.5
0,1862.25
0,1861.25
0,1861
0,1861.25
0,1862.25
0,1862.5
0,1861.75
0,1862
0,1861
0,1861.75
0,1861.25
0,1863
0,1861.5
0,1860.75
0,1861.25
0,1861.5
0,1861.25
0,1861.75
0,1860.75
0,1859.75
0,1861.5
0,1858.5
0,1860.25
0,1857
0,1854.5
0,1853.25
0,1854.75
0,1856.75
0,1857.75
0,1855.75
0,1855.75
0,1856.5
0,1853
0,1854.25
0,1853
0,1851.5
0,1853.5
0,1856
0,1855.25
0,1858.75
0,1859.5
0,1860.25
0,1860
0,1859
0,1858.75
0,1859
0,1860
0,1859.25
0,1859.75
0,1860
0,1860
0,1858
0,1856
0,1856
0,1852.25
0,1851.5
0,1849.75
0,1850
0,1851.25
0,1855
0,1855.75
0,1855.25
0,1856.25
0,1856.25
0,1856.25
0,1857
0,1858.5
0,1859
0,1858
0,1856
0,1856
0,1855.25
0,1854
0,1854.5
0,1855.5
0,1854.75
0,1856
0,1858.25
0,1859
0,1859.75
0,1860.75
0,1861
0,1860.75
0,1861.25
0,1862
0,1863.5
0,1863.75
0,1864.25
0,1864.75
0,1863.75
0,1863.25
0,1863.25
0,1861.25
0,1860
0,1860.25
0,1860.25
0,1864.5
0,1864.5
0,1865.75
0,1865.25
0,1864.75
0,1865.5
0,1865.75
0,1868
0,1863.5
0,1864
0,1863.75
0,1863.25
0,1865.75
0,1869.75
0,1868.5
0,1870.25
0,1871
0,1874
0,1874.25
0,1873.25
0,1873.75
0,1874
0,1872.75
0,1868.5
0,1863.5
0,1862.25
0,1862.25
0,1864
0,1863.25
0,1863.25
0,1864.75
0,1866.75
0,1866.5
0,1866.75
0,1866.75
0,1866.75
0,1869.25
0,1868.75
0,1869
0,1870.25
0,1871.5
0,1872.25
0,1875
0,1877
0,1873.5
0,1874.5
0,1874.75
0,1874.5
0,1873.75
0,1872
0,1871.75
0,1871.5
0,1871
0,1867.5
0,1870.25
0,1871.25
0,1871.75
0,1873.25
0,1872.25
0,1874.25
0,1872.75
0,1872.75
0,1873
0,1873.5
0,1873.5
0,1874.25
0,1877
0,1879.75
0,1877.75
0,1878
0,1877.5
0,1878.75
0,1880.5
0,1879.75
0,1880.75
0,1880.25
0,1880
0,1876.5
0,1879.5
0,1881.5
0,1881.5
0,1881.5
0,1881.75
0,1879.25
0,1879.5
0,1879.75
0,1881
0,1880.75
0,1880
0,1882.25
0,1882.5
0,1881.75
0,1881.25
0,1881
0,1882
0,1881.75
0,1882.75
0,1884.25
0,1886
0,1884.5
0,1883.75
0,1883.5
0,1881.25
0,1882.75
0,1881.75
0,1882.25
0,1878.25
0,1880.5
0,1880.75
0,1883.25
0,1883.5
0,1884
0,1884.5
0,1884.5
0,1884
0,1884.25
0,1884.75
0,1883.75
0,1884
0,1883.5
0,1884
0,1883.5
0,1886
0,1886
0,1885.75
0,1885
0,1884.5
0,1884.25
0,1883.25
0,1883.25
0,1883
0,1884.25
0,1884.75
0,1886.75
0,1890.5
0,1890.25
0,1891.75
0,1891.25
0,1892.5
0,1891.75
0,1894
0,1895.25
0,1893.75
0,1897
0,1896
0,1896.5
0,1894.75
0,1894.5
0,1895.5
0,1895
0,1894.75
0,1894.5
0,1893.5
0,1895
0,1898
0,1895.75
0,1894.25
0,1894.25
0,1896.75
0,1896.75
0,1898
0,1899.5
0,1897.25
0,1895.75
0,1896.5
0,1899.75
0,1901
0,1902.25
0,1901
0,1900.5
0,1902.25
0,1898.5
0,1895.25
0,1889.75
0,1892.5
0,1896
0,1897.5
0,1897.25
0,1898
0,1895
0,1896.75
0,1896.25
0,1894
0,1897.75
0,1898.75
0,1900
0,1901.5
0,1902.5
0,1902.5
0,1903.25
0,1903.75
0,1903.75
0,1902
0,1901.25
0,1902.5
0,1902.25
0,1901
0,1900.75
0,1901
0,1900.75
0,1899.75
0,1899.25
0,1899.5
0,1901.5
0,1901.25
0,1900
0,1899.75
0,1901
0,1900.75
0,1901
0,1899.75
0,1900.75
0,1901.25
0,1900.75
0,1901
0,1901.25
0,1901.75
0,1902
0,1900.75
0,1900.25
0,1897.25
0,1894.5
0,1896.25
0,1897
0,1900
0,1898.75
0,1895.75
0,1896.5
0,1896
0,1896.5
0,1897
0,1897.75
0,1897.75
0,1900.5
0,1900.75
0,1900.25
0,1901
0,1901.25
0,1901.25
0,1901.5
0,1901.5
0,1901
0,1905
0,1904.5
0,1904.25
0,1903.75
0,1903.75
0,1902.5
0,1901.75
0,1901.75
0,1902
0,1902.75
0,1903
0,1901.5
0,1903.5
0,1904.5
0,1905.5
0,1905.5
0,1906.25
0,1906.25
0,1906.25
0,1906.5
0,1906.75
0,1906
0,1906.75
0,1907.75
0,1907.25
0,1907.75
0,1909
0,1910.75
0,1912.25
0,1911
0,1909.25
0,1910.25
0,1908.5
0,1906.25
0,1887.5
0,1886.5
0,1886
0,1883.25
0,1877.75
0,1876.25
0,1876.25
0,1867.25
0,1876.25
0,1876
0,1874.75
0,1877
0,1872.75
0,1873.25
0,1880.75
0,1872
0,1869.5
0,1868.5
0,1869.25
0,1868
0,1866.5
0,1868
0,1869.5
0,1865.75
0,1865.25
0,1867.25
0,1863.75
0,1867
0,1860.25
0,1856.75
0,1855
0,1862.5
0,1862
0,1862.5
0,1858.5
0,1859.5
0,1857.75
0,1852
0,1852.25
0,1851
0,1848
0,1849
0,1851.5
0,1852.75
0,1853.5
0,1853
0,1853.5
0,1851.75
0,1853.5
0,1856
0,1859
0,1857
0,1859.25
0,1859.75
0,1861.25
0,1860.5
0,1858.75
0,1858.5
0,1857.25
0,1856
0,1853.75
0,1850
0,1847.5
0,1849.25
0,1850
0,1851.5
0,1852.5
0,1852.5
0,1852.5
0,1852
0,1851.5
0,1850
0,1849.75
0,1849.75
0,1849.75
0,1850.25
0,1849.75
0,1848.75
0,1849
0,1851
0,1849.25
0,1849.25
0,1849.25
0,1849.5
0,1848.25
0,1850.5
0,1851.25
0,1850.25
0,1849.5
0,1852
0,1850.5
0,1850.75
0,1850.75
0,1851.5
0,1850.5
0,1850.75
0,1850
0,1849.5
0,1850.75
0,1851.25
0,1853.5
0,1853.5
0,1853.75
0,1854.25
0,1855.75
0,1855.25
0,1855
0,1855.5
0,1853.25
0,1852.25
0,1853.25
0,1853.25
0,1853.75
0,1852.5
0,1852
0,1852.5
0,1855
0,1854.5
0,1855
0,1854.5
0,1854
0,1855.25
0,1854.5
0,1852.75
0,1851.75
0,1851
0,1852
0,1852.5
0,1853.25
0,1851.5
0,1851.75
0,1851.25
0,1852.75
0,1853.5
0,1853.5
0,1854.5
0,1854
0,1854
0,1855.5
0,1855.75
0,1855.25
0,1855.75
0,1855.5
0,1856.25
0,1857
0,1857.75
0,1857
0,1856.75
0,1856
0,1856.75
0,1857.5
0,1855.5
0,1854
0,1854.25
0,1853.25
0,1851.5
0,1851.25
0,1851
0,1850
0,1850.5
0,1851
0,1850.75
0,1851
0,1853.25
0,1853.5
0,1853.75
0,1854.5
0,1855.75
0,1857
0,1856
0,1857
0,1856.75
0,1857.75
0,1858.5
0,1858.5
0,1856.75
0,1856
0,1854.75
0,1854
0,1853.75
0,1854
0,1853.5
0,1856.25
0,1856.25
0,1856.75
0,1855.25
0,1853.75
0,1853.25
0,1851.75
0,1851.25
0,1851.75
0,1851.5
0,1850.25
0,1852
0,1852.25
0,1852.75
0,1854
0,1854.5
0,1855.5
0,1854
0,1853
0,1852.75
0,1853
0,1853.25
0,1852.5
0,1852.25
0,1852.25
0,1853.25
0,1853.5
0,1854.75
0,1855.25
0,1854.5
0,1853.25
0,1852
0,1850.5
0,1850.75
0,1851
0,1851
0,1852.25
0,1851.75
0,1853.5
0,1854.5
0,1853.5
0,1854.25
0,1853.75
0,1853.5
0,1854.75
0,1854.75
0,1855.5
0,1856.5
0,1859.75
0,1859.25
0,1856.75
0,1857
0,1856.5
0,1859
0,1859.25
0,1859.75
0,1860
0,1859.75
0,1858.75
0,1858.75
0,1862
0,1862.5
0,1860.5
0,1859.5
0,1858
0,1858.25
0,1858.5
0,1859.25
0,1859.5
0,1858.75
0,1858
0,1858.5
0,1858.75
0,1858
0,1857
0,1855.5
0,1854.5
0,1855.75
0,1856.5
0,1856.25
0,1855.75
0,1857.25
0,1857.5
0,1856.25
0,1856
0,1857.75
0,1857.75
0,1858
0,1858.25
0,1858.25
0,1858
0,1856.75
0,1857.25
0,1858
0,1858.75
0,1857.75
0,1858.5
0,1859
0,1859.25
0,1860
0,1860.5
0,1860.5
0,1861
0,1861.25
0,1860.75
0,1860
0,1859.75
0,1859
0,1857
0,1856.5
0,1856.25
0,1854.25
0,1853.5
0,1852.75
0,1849.75
0,1847.5
0,1847
0,1845
0,1844.5
0,1841
0,1841.5
0,1844.5
0,1846.25
0,1846
0,1846
0,1846
0,1846.5
0,1848.25
0,1847.75
0,1851.25
0,1849.75
0,1851.25
0,1850
0,1850.75
0,1850
0,1849
0,1849.25
0,1847.75
0,1847.25
0,1847.75
0,1848.75
0,1851
0,1850.25
0,1852.75
0,1853
0,1849.25
0,1849.25
0,1849.5
0,1850.25
0,1850
0,1849.75
0,1849.75
0,1849.75
0,1850
0,1850.5
0,1849
0,1850.25
0,1850
0,1849
0,1848.75
0,1848
0,1848.25
0,1848.25
0,1849.25
0,1849.75
0,1848.5
0,1850.25
0,1850.25
0,1850
0,1849.75
0,1848.75
0,1847.25
0,1847.5
0,1847.5
0,1845.75
0,1843.75
0,1843.5
0,1843.75
0,1839
0,1837.5
0,1836.25
0,1835
0,1834.75
0,1833.5
0,1833
0,1832.25
0,1837.75
0,1838.25
0,1839.75
0,1842
0,1840.75
0,1840.25
0,1839.5
0,1839.25
0,1840.5
0,1841
0,1841.75
0,1841.5
0,1840.5
0,1840
0,1841.5
0,1842.75
0,1842.75
0,1843.5
0,1844.5
0,1846
0,1846.25
0,1845.25
0,1849
0,1848.25
0,1847.75
0,1847.25
0,1846.5
0,1845.75
0,1848.25
0,1847.5
0,1847.25
0,1847
0,1848.75
0,1850.75
0,1851.25
0,1851.75
0,1851.75
0,1852.25
0,1853.75
0,1853.5
0,1854.5
0,1855.75
0,1857.75
0,1857.75
0,1856.75
0,1857.25
0,1856.25
0,1857.25
0,1856.75
0,1855.5
0,1857.25
0,1858.75
0,1859.75
0,1859.75
0,1859
0,1862.25
0,1862.75
0,1862.25
0,1863.25
0,1862.25
0,1863.25
0,1863.75
0,1863.5
0,1863.25
0,1865.25
0,1865.5
0,1866.25
0,1865.5
0,1863
0,1863.5
0,1865.25
0,1863.75
0,1865.5
0,1865.25
0,1867.25
0,1867.5
0,1867.75
0,1867.75
0,1867.5
0,1867.25
0,1867.75
0,1868.25
0,1869.75
0,1867.5
0,1869.5
0,1868.75
0,1867.5
0,1869.25
0,1868.25
0,1866.75
0,1868
0,1870.25
0,1869
0,1868.75
0,1869.75
0,1871.5
0,1870.75
0,1870.25
0,1870
0,1870.5
0,1869.75
0,1869.75
0,1870.25
0,1870
0,1869.75
0,1871
0,1870.25
0,1869.5
0,1870.25
0,1869.5
0,1869
0,1868.25
0,1868.5
0,1868.5
0,1869.75
0,1878.5
0,1888.25
0,1890.5
0,1892
0,1892.25
0,1895.25
0,1902
0,1906.5
0,1906
0,1905.75
0,1907.75
0,1905.25
0,1905.25
0,1900.5
0,1905.25
0,1907
0,1909.75
0,1909.5
0,1912
0,1909
0,1905.5
0,1905.25
0,1903
0,1908
0,1906
0,1910.5
0,1909.5
0,1910.5
0,1910.75
0,1913.75
0,1914.25
0,1912.25
0,1911.5
0,1910.25
0,1909.75
0,1908.25
0,1909
0,1909.75
0,1911.5
0,1915.5
0,1915.25
0,1912
0,1910.75
0,1911.5
0,1910.25
0,1910.75
0,1910
0,1911
0,1909.5
0,1906.25
0,1904.75
0,1906.25
0,1908.25
0,1908
0,1910
0,1910
0,1909.25
0,1910
0,1910.25
0,1913.25
0,1911.75
0,1912
0,1913.5
0,1914.5
0,1913.75
0,1913
0,1914.25
0,1916
0,1916.5
0,1915.5
0,1915.75
0,1912.75
0,1912.25
0,1910.75
0,1911.75
0,1913.25
0,1913.75
0,1915.75
0,1914.5
0,1915.25
0,1913.25
0,1912.75
0,1912.25
0,1912.75
0,1913
0,1912
0,1913.75
0,1912.5
0,1913.5
0,1912.5
0,1909
0,1909.75
0,1909.75
0,1910.25
0,1911
0,1910.25
0,1909.75
0,1909.75
0,1910
0,1910.25
0,1911.25
0,1910
0,1911
0,1910.5
0,1910.25
0,1910.25
0,1909.5
0,1910.25
0,1909.75
0,1909.25
0,1909.5
0,1910.75
0,1910.75
0,1910.75
0,1909.75
0,1910
0,1912
0,1912.25
0,1912.25
0,1912.25
0,1913
0,1913
0,1911.75
0,1911.75
0,1911.5
0,1910.25
0,1911
0,1910.5
0,1910.75
0,1907.5
0,1917.75
0,1910.25
0,1909
0,1911.5
0,1911.25
0,1910.75
0,1910.75
0,1909.75
0,1910.75
0,1911
0,1910.5
0,1910.75
0,1910.25
0,1910.25
0,1910.5
0,1910.75
0,1910.5
0,1909.5
0,1910
0,1910
0,1909.25
0,1909.25
0,1909
0,1911.25
0,1910.25
0,1910.25
0,1911
0,1911.75
0,1910.75
0,1910.25
0,1911.5
0,1911.25
0,1912
0,1912
0,1913.75
0,1912.75
0,1912
0,1911.25
0,1910.75
0,1910.75
0,1910.25
0,1910.25
0,1910.75
0,1911.75
0,1912.25
0,1912.25
0,1913
0,1912.5
0,1912.25
0,1911.5
0,1912.75
0,1912.75
0,1912.25
0,1914.25
0,1914.5
0,1914.5
0,1914.75
0,1914.75
0,1915.25
0,1916.75
0,1916.5
0,1915.75
0,1916.25
0,1915.5
0,1917
0,1918.25
0,1920
0,1919.5
0,1919.25
0,1920.25
0,1919.75
0,1921.25
0,1923
0,1922.5
0,1921
0,1921.5
0,1921.75
0,1920.75
0,1920.75
0,1920.75
0,1922.25
0,1921.5
0,1920.75
0,1921.25
0,1921
0,1921.75
0,1921
0,1921.25
0,1922.5
0,1922.75
0,1924.75
0,1925
0,1925
0,1923.5
0,1922.75
0,1922
0,1921.5
0,1926.25
0,1925
0,1927.5
0,1929
0,1929.25
0,1929.5
0,1930.5
0,1930
0,1928.75
0,1927.25
0,1927.25
0,1927.25
0,1926
0,1925.5
0,1927.75
0,1927.5
0,1928.75
0,1927.75
0,1924.5
0,1924.75
0,1924.25
0,1923.75
0,1923.25
0,1923
0,1923
0,1923.5
0,1924.5
0,1924.75
0,1925
0,1924.25
0,1924.75
0,1925.25
0,1925.75
0,1925.25
0,1925
0,1925
0,1926.25
0,1926.25
0,1925
0,1925.5
0,1925
0,1925.25
0,1925
0,1925.25
0,1925.25
0,1924.75
0,1925
0,1924.75
0,1925.75
0,1925.5
0,1926.25
0,1925.25
0,1925.5
0,1927
0,1927.75
0,1926.75
0,1926.5
0,1927.25
0,1926
0,1925.25
0,1925
0,1926.5
0,1926.75
0,1925.25
0,1925.5
0,1925.75
0,1925.5
0,1925.5
0,1925
0,1925.5
0,1925.5
0,1925
0,1925.75
0,1925.25
0,1925.75
0,1925.5
0,1924.5
0,1925
0,1924.25
0,1924
0,1921.75
0,1924.75
0,1925
0,1926.25
0,1925.25
0,1925
0,1926.25
0,1926.75
0,1924.5
0,1925.5
0,1926.25
0,1925.75
0,1926
0,1926
0,1926
0,1925.75
0,1925.25
0,1925.25
0,1924.5
0,1925.25
0,1925
0,1924.75
0,1925
0,1924.75
0,1924.75
0,1924.75
0,1925.5
0,1925.25
0,1925.75
0,1925.25
0,1925.5
0,1924.75
0,1925.75
0,1925.5
0,1924.75
0,1924.75
0,1925.75
0,1924.25
0,1923
0,1923.5
0,1924
0,1924.5
0,1925
0,1925.5
0,1926.5
0,1925.75
0,1926.5
0,1926.75
0,1928.25
0,1927.75
0,1927.5
0,1927
0,1927
0,1926.75
0,1926.75
0,1926.75
0,1926.75
0,1927.25
0,1928.5
0,1928
0,1928.75
0,1925.25
0,1925.25
0,1926.75
0,1926.5
0,1925.75
0,1927.5
0,1928.75
0,1925.5
0,1924.5
0,1925.5
0,1924.5
0,1925
0,1925
0,1925.25
0,1924.75
0,1925.5
0,1925.25
0,1925.75
0,1926.25
0,1925
0,1925.75
0,1924.75
0,1925.25
0,1924.75
0,1924
0,1924.25
0,1925.25
0,1924.75
0,1925
0,1926
0,1925.25
0,1924.75
0,1924.25
0,1926
0,1926.25
0,1925.75
0,1924.75
0,1924.5
0,1925.25
0,1924.75
0,1924.75
0,1924.75
0,1925.25
0,1926.25
0,1926.5
0,1926
0,1927
0,1933
0,1935.25
0,1936.75
0,1938
0,1939.25
0,1940.25
0,1938.75
0,1939.5
0,1939.25
0,1939
0,1939.5
0,1940.25
0,1940
0,1940.25
0,1942
0,1943.25
0,1942
0,1942.25
0,1942
0,1941.5
0,1941.25
0,1940.5
0,1942.75
0,1943
0,1943.75
0,1944
0,1944.75
0,1945.25
0,1944.75
0,1944.25
0,1943.25
0,1942.75
0,1944
0,1943.25
0,1943.75
0,1944
0,1945
0,1945.25
0,1945.5
0,1945.75
0,1945.25
0,1945.25
0,1945.75
0,1946.25
0,1946.25
0,1947.75
0,1946.75
0,1946
0,1947.75
0,1947.25
0,1947.75
0,1946.75
0,1947.25
0,1946.75
0,1947.25
0,1946.75
0,1948
0,1948
0,1948.25
0,1948.25
0,1949
0,1947
0,1946.25
0,1948.25
0,1948.5
0,1950
0,1949.75
0,1950.25
0,1950.5
0,1951.25
0,1947.75
0,1947
0,1951.5
0,1950.5
0,1951.25
0,1948
0,1948.25
0,1947
0,1945.75
0,1948
0,1950
0,1947.5
0,1950.25
0,1949.75
0,1948.75
0,1951.5
0,1956.5
0,1958
0,1957
0,1960.5
0,1962.25
0,1961.5
0,1960.25
0,1960
0,1960.5
0,1960.5
0,1958.25
0,1957
0,1954.5
0,1952.5
0,1950.25
0,1950.75
0,1950.75
0,1951.25
0,1950.25
0,1951
0,1953
0,1954
0,1955.25
0,1956
0,1956.25
0,1956.25
0,1957.5
0,1956.5
0,1957.5
0,1958.75
0,1957.25
0,1955.75
0,1954.25
0,1952.25
0,1953
0,1952
0,1950
0,1950.25
0,1949
0,1947.25
0,1947.75
0,1950.5
0,1948.5
0,1948.5
0,1947.75
0,1948.25
0,1948
0,1947.25
0,1947
0,1947
0,1947.25
0,1946.5
0,1947
0,1946.5
0,1946.25
0,1945
0,1946.5
0,1947
0,1947.75
0,1946.5
0,1947
0,1946.75
0,1947.5
0,1947.5
0,1947.75
0,1947
0,1948.25
0,1947.5
0,1946.5
0,1947.5
0,1946.75
0,1946.5
0,1945.25
0,1945.5
0,1946
0,1945.5
0,1947
0,1946.5
0,1946.25
0,1947.25
0,1950.25
0,1949.75
0,1947.5
0,1946.75
0,1946
0,1946.25
0,1948
0,1948.75
0,1949.25
0,1948.25
0,1947.75
0,1948.25
0,1950
0,1949.5
0,1949.25
0,1948.5
0,1948.25
0,1947.5
0,1946
0,1945.75
0,1945.75
0,1946.25
0,1947
0,1946.75
0,1945.75
0,1946.25
0,1946.5
0,1948.5
0,1950.5
0,1950.75
0,1951.25
0,1951.25
0,1951
0,1949.5
0,1949
0,1949
0,1948.5
0,1947.25
0,1947
0,1948
0,1949
0,1947.75
0,1948
0,1946.5
0,1946.25
0,1946.5
0,1945.75
0,1947.75
0,1948.25
0,1946.75
0,1947.75
0,1947.75
0,1947.25
0,1946.5
0,1947.75
0,1949
0,1948.5
0,1947.75
0,1947.5
0,1947.25
0,1945.75
0,1946
0,1946.25
0,1946
0,1945.75
0,1945.25
0,1945.5
0,1945.25
0,1948.5
0,1949.25
0,1949
0,1948.25
0,1948.75
0,1947.75
0,1948.75
0,1949
0,1948.75
0,1948.75
0,1948.25
0,1946.75
0,1946.5
0,1945.5
0,1946.5
0,1948.5
0,1948
0,1947.25
0,1948
0,1946
0,1947
0,1947
0,1947.25
0,1946.75
0,1945.75
0,1946
0,1946.5
0,1945.75
0,1946.25
0,1946.25
0,1945.75
0,1945.75
0,1945.5
0,1945.5
0,1945.25
0,1944.75
0,1944.25
0,1944.75
0,1945
0,1944.75
0,1945.75
0,1946
0,1946
0,1947
0,1947.25
0,1947.25
0,1946.75
0,1944.5
0,1944.25
0,1948
0,1946.25
0,1944.25
0,1944.25
0,1944.75
0,1943.25
0,1944
0,1944.5
0,1945
0,1945.5
0,1944.75
0,1945.25
0,1943.75
0,1944.75
0,1944.75
0,1945
0,1945.25
0,1945
0,1944.5
0,1944.5
0,1944.5
0,1944.75
0,1944.5
0,1944.5
0,1943.5
0,1943.25
0,1942.75
0,1942.75
0,1943.25
0,1942.5
0,1942.5
0,1944.5
0,1944.25
0,1943.25
0,1943
0,1943.25
0,1944
0,1944.25
0,1944.25
0,1944.5
0,1944.25
0,1943.25
0,1942.75
0,1943.25
0,1942.75
0,1943
0,1943.25
0,1943.75
0,1943.5
0,1942.75
0,1943.5
0,1944.25
0,1944
0,1943.75
0,1943.25
0,1947
0,1947.5
0,1947.25
0,1946.25
0,1946.5
0,1946.25
0,1947.5
0,1945.5
0,1945
0,1945.5
0,1945.25
0,1945
0,1944
0,1944.75
0,1945
0,1944
0,1945
0,1945.25
0,1946.25
0,1946.75
0,1946.75
0,1947.75
0,1947.5
0,1947.75
0,1946.75
0,1945.75
0,1945
0,1945.75
0,1946.25
0,1946.25
0,1946
0,1945.5
0,1946.5
0,1946
0,1946.5
0,1947.75
0,1947.5
0,1947.75
0,1948
0,1947.75
0,1947.75
0,1946.25
0,1946.75
0,1947
0,1948.25
0,1949
0,1949.25
0,1949
0,1948.75
0,1947.25
0,1947.25
0,1946.5
0,1945.25
0,1944.75
0,1944.75
0,1945
0,1945.25
0,1944.5
0,1944.75
0,1945
0,1945.25
0,1945
0,1944.5
0,1944
0,1942.25
0,1942.75
0,1945
0,1944.5
0,1945
0,1945
0,1944.5
0,1943.5
0,1943.5
0,1944.75
0,1944.25
0,1944.25
0,1944.75
0,1944.75
0,1945.75
0,1946
0,1945.25
0,1944.5
0,1945
0,1944.5
0,1943.25
0,1943.5
0,1944
0,1943.75
0,1946
0,1946.25
0,1946.25
0,1946
0,1946
0,1945.5
0,1945.25
0,1945.75
0,1944.75
0,1944.5
0,1948.5
0,1947.25
0,1948.75
0,1950.75
0,1950
0,1950.75
0,1949
0,1949
0,1949.5
0,1949.25
0,1948.5
0,1948.5
0,1944.75
0,1948.5
0,1948.25
0,1948.25
0,1947
0,1946.75
0,1947.5
0,1947.5
0,1947.25
0,1948.25
0,1947.5
0,1946.75
0,1947.75
0,1947.25
0,1945.25
0,1945.75
0,1945.75
0,1946
0,1948
0,1948.25
0,1947.75
0,1947.25
0,1948
0,1947.25
0,1946.5
0,1948
0,1947.5
0,1947.25
0,1947.25
0,1946.75
0,1946
0,1945.5
0,1945.75
0,1945.25
0,1945.25
0,1947
0,1947
0,1947.25
0,1948.25
0,1946
0,1947
0,1946.5
0,1945.75
0,1945.25
0,1946
0,1946.25
0,1946
0,1946
0,1944.75
0,1945.75
0,1945.5
0,1946.25
0,1945.5
0,1943.75
0,1943.25
0,1944.75
0,1943
0,1942.75
0,1941.25
0,1940.5
0,1938
0,1939.5
0,1942.5
0,1942.75
0,1943.75
0,1946.25
0,1944
0,1944
0,1946.25
0,1946.5
0,1946.25
0,1943.5
0,1943.5
0,1945.25
0,1943.75
0,1946
0,1945.5
0,1945.5
0,1948.25
0,1949.75
0,1951.75
0,1953.75
0,1953.5
0,1954.5
0,1953.25
0,1951.5
0,1951.25
0,1953
0,1952
0,1953
0,1953
0,1952.5
0,1951.25
0,1952
0,1952.25
0,1953.25
0,1952.75
0,1954
0,1951.75
0,1950
0,1949
0,1946
0,1945.5
0,1942
0,1944.25
0,1945.75
0,1948.25
0,1949.25
0,1950.25
0,1946.5
0,1946.25
0,1947.75
0,1947.25
0,1946
0,1946.25
0,1944.25
0,1944.5
0,1944.5
0,1944.5
0,1943.25
0,1946.25
0,1943.75
0,1944.25
0,1942.75
0,1943
0,1945
0,1943.5
0,1942.75
0,1943.75
0,1943.5
0,1944
0,1944.75
0,1944.5
0,1946
0,1945.25
0,1943
0,1942.75
0,1943.5
0,1943.5
0,1944.25
0,1944.5
0,1946.75
0,1946.75
0,1946.75
0,1947.25
0,1947
0,1946.75
0,1947.75
0,1947.75
0,1947.25
0,1948.75
0,1948.75
0,1948
0,1948.25
0,1949
0,1947.5
0,1946.75
0,1947.5
0,1948
0,1945.25
0,1947
0,1947.5
0,1946.5
0,1945.25
0,1945.5
0,1944.5
0,1945.5
0,1944.75
0,1944.75
0,1945.5
0,1944.25
0,1944
0,1944.25
0,1944.5
0,1944.75
0,1944.75
0,1942.25
0,1942.5
0,1943.75
0,1943.25
0,1943.5
0,1943.25
0,1942.75
0,1941.75
0,1943.25
0,1942.25
0,1941.25
0,1942
0,1942.25
0,1943.25
0,1943.75
0,1944
0,1942.25
0,1941.75
0,1941.75
0,1943.25
0,1944
0,1943.75
0,1944
0,1943.5
0,1943.75
0,1943.25
0,1942.75
0,1942.75
0,1944
0,1943.25
0,1941.75
0,1942.75
0,1942.75
0,1944.5
0,1945.5
0,1946.5
0,1947.75
0,1946.25
0,1945.75
0,1945.25
0,1946
0,1946
0,1947
0,1946.75
0,1946.25
0,1947.25
0,1948
0,1948
0,1947.75
0,1946.75
0,1946.75
0,1947.25
0,1947.75
0,1945
0,1943.75
0,1943.25
0,1942.75
0,1943.75
0,1946
0,1946.25
0,1944.75
0,1944.5
0,1944.5
0,1945
0,1944.5
0,1942.25
0,1941.5
0,1941.75
0,1941.25
0,1942.25
0,1943.5
0,1942
0,1942
0,1941.75
0,1942
0,1941.5
0,1941.5
0,1942
0,1941.5
0,1941.75
0,1941.5
0,1942
0,1942.75
0,1942.75
0,1943
0,1943.25
0,1945
0,1945.5
0,1945.75
0,1946.75
0,1947.75
0,1947.5
0,1945.25
0,1946.25
0,1947.75
0,1947
0,1946.75
0,1947
0,1946.25
0,1945.75
0,1944.75
0,1944
0,1944
0,1946
0,1945
0,1945
0,1946.5
0,1949.5
0,1950.75
0,1949.75
0,1946.25
0,1945
0,1945.5
0,1945.5
0,1945.75
0,1946
0,1945.75
0,1945.75
0,1944.75
0,1945
0,1945.25
0,1945.25
0,1945.75
0,1945
0,1945
0,1943.75
0,1942.75
0,1944.5
0,1944.5
0,1944.5
0,1944.75
0,1944.5
0,1945.25
0,1948.5
0,1947
0,1947.25
0,1948.5
0,1948.5
0,1947.5
0,1947.75
0,1948.5
0,1948.75
0,1947.5
0,1948
0,1948.5
0,1948.5
0,1947.75
0,1947.75
0,1947.75
0,1947.5
0,1946.5
0,1946.25
0,1946.75
0,1945.75
0,1946.5
0,1947
0,1946
0,1946
0,1945.25
0,1944.25
0,1944.25
0,1943.25
0,1943.25
0,1943.5
0,1944.25
0,1944
0,1943.5
0,1943.5
0,1944.5
0,1945.5
0,1945.75
0,1945.75
0,1945.25
0,1944.75
0,1944.5
0,1943.25
0,1943.75
0,1943.5
0,1943.75
0,1943.25
0,1943.5
0,1943.25
0,1943
0,1942
0,1943.25
0,1942.5
0,1943.5
0,1942.5
0,1941.75
0,1941.5
0,1940.25
0,1940.25
0,1939.25
0,1939.25
0,1940.5
0,1940
0,1939.25
0,1939.5
0,1938.75
0,1939
0,1938.5
0,1937.75
0,1937.75
0,1937.75
0,1938.75
0,1938.5
0,1938.75
0,1938.25
0,1938
0,1938.75
0,1939.25
0,1939.25
0,1937.5
0,1938
0,1938.5
0,1937.75
0,1939
0,1939
0,1940
0,1939.5
0,1938
0,1939.75
0,1939.25
0,1939.25
0,1938.75
0,1938
0,1938.25
0,1938.5
0,1937.75
0,1939.5
0,1939.75
0,1939.5
0,1939.25
0,1937.75
0,1937.75
0,1938
0,1938.5
0,1939
0,1938.75
0,1938.5
0,1938.5
0,1937
0,1937
0,1936.25
0,1937.25
0,1939
0,1937.5
0,1937.75
0,1937.5
0,1937
0,1935.25
0,1935
0,1933
0,1932.25
0,1932
0,1931.5
0,1928
0,1926
0,1926.5
0,1923.25
0,1920
0,1919.25
0,1917
0,1914
0,1911.75
0,1910.75
0,1909.75
0,1909.5
0,1913.25
0,1912
0,1917.25
0,1919
0,1920
0,1921
0,1922
0,1918.75
0,1919
0,1918.5
0,1913.75
0,1911
0,1913.5
0,1913.25
0,1913
0,1912.75
0,1911.5
0,1910.5
0,1910.25
0,1911.5
0,1911.75
0,1913.75
0,1914
0,1915.25
0,1916.25
0,1914.75
0,1915.25
0,1915
0,1915.25
0,1916.25
0,1918.25
0,1920
0,1922
0,1922.25
0,1919.75
0,1919.5
0,1921.75
0,1920.25
0,1921
0,1921.5
0,1919.75
0,1920
0,1919.75
0,1920
0,1919.25
0,1919.25
0,1920.25
0,1920
0,1920
0,1919.25
0,1921.5
0,1924.5
0,1925.5
0,1925.75
0,1926.25
0,1926.25
0,1927.75
0,1928.25
0,1928
0,1923.5
0,1922.5
0,1923.5
0,1924.25
0,1926.25
0,1926.25
0,1925.75
0,1926.75
0,1927.75
0,1927
0,1927.25
0,1929.5
0,1928.75
0,1930.5
0,1932
0,1931
0,1929.5
0,1929.5
0,1929.5
0,1928.75
0,1929
0,1930
0,1930.25
0,1930.25
0,1929.75
0,1929.75
0,1929.5
0,1929
0,1928.75
0,1929.25
0,1928.25
0,1917.25
0,1919
0,1914
0,1912.25
0,1902.75
0,1902.5
0,1905.5
0,1906.75
0,1905.75
0,1909.5
0,1909
0,1906.25
0,1907
0,1909.75
0,1910
0,1906.5
0,1903.75
0,1904
0,1907.25
0,1909
0,1910
0,1909.75
0,1910.75
0,1911.5
0,1911.25
0,1911.5
0,1911.25
0,1910.5
0,1909
0,1907.75
0,1907
0,1908.5
0,1909.25
0,1909.75
0,1909.75
0,1908.25
0,1907.75
0,1910.75
0,1909.75
0,1909.5
0,1908.5
0,1908.5
0,1908.25
0,1908.5
0,1910.5
0,1908
0,1904.5
0,1904.5
0,1905
0,1904
0,1903
0,1903.75
0,1903.25
0,1902.5
0,1902
0,1901.75
0,1903
0,1901.75
0,1902
0,1900.5
0,1904.25
0,1905.75
0,1906
0,1903.75
0,1903.75
0,1907
0,1910
0,1909.5
0,1908.25
0,1908
0,1904.75
0,1906.5
0,1907
0,1906.25
0,1907
0,1906.25
0,1906.75
0,1906.75
0,1906.25
0,1907
0,1907
0,1907
0,1906
0,1904.75
0,1905.25
0,1904.5
0,1906.25
0,1905
0,1905.5
0,1905.75
0,1903.75
0,1904.5
0,1903.75
0,1904.25
0,1904.75
0,1906
0,1905.25
0,1906.25
0,1905.25
0,1904.5
0,1905.25
0,1905.25
0,1904.25
0,1904.5
0,1905
0,1904.75
0,1904.75
0,1904.25
0,1904.25
0,1904
0,1904
0,1904.25
0,1905.75
0,1906
0,1904.75
0,1905
0,1905
0,1905.5
0,1904.25
0,1904
0,1904
0,1904.25
0,1904.5
0,1905.5
0,1906.25
0,1905.75
0,1904.75
0,1905.5
0,1905
0,1906
0,1906.25
0,1907.25
0,1906.25
0,1906.5
0,1907
0,1906.5
0,1909.25
0,1909.25
0,1908.25
0,1908.5
0,1908.75
0,1908
0,1909.25
0,1909.5
0,1908.25
0,1908.25
0,1908.25
0,1909.5
0,1908.5
0,1908.75
0,1908.25
0,1907.75
0,1906.75
0,1906.75
0,1907.5
0,1908.5
0,1907.5
0,1906.75
0,1907
0,1907
0,1907.5
0,1907
0,1907.5
0,1908
0,1907.5
0,1908
0,1907.5
0,1907.25
0,1907.25
0,1906
0,1906.25
0,1906.75
0,1907.25
0,1907.75
0,1907.75
0,1908.25
0,1908
0,1907.75
0,1907.25
0,1907.75
0,1908
0,1909.25
0,1908.25
0,1907.25
0,1907.25
0,1907.75
0,1907.25
0,1909
0,1908
0,1908.75
0,1908.25
0,1907
0,1908
0,1909
0,1908.75
0,1907.5
0,1907
0,1908.75
0,1908.25
0,1908.75
0,1908.75
0,1909.5
0,1909
0,1908.25
0,1907.75
0,1908.25
0,1907.25
0,1906
0,1906.25
0,1906.25
0,1906.25
0,1907
0,1907.25
0,1907
0,1906.25
0,1907
0,1908
0,1908.5
0,1908.25
0,1907.75
0,1908.25
0,1910.75
0,1910.25
0,1908.75
0,1907.75
0,1908.25
0,1910
0,1909.5
0,1909.25
0,1909
0,1909
0,1909.75
0,1910
0,1909.5
0,1909
0,1908.5
0,1908.75
0,1908
0,1907.75
0,1908.25
0,1908.25
0,1908.25
0,1908.5
0,1908.75
0,1908
0,1908.25
0,1908
0,1908.25
0,1908.25
0,1909
0,1909.25
0,1910.25
0,1909.75
0,1908.25
0,1908
0,1907.5
0,1908
0,1908.5
0,1907.75
0,1907.75
0,1907.25
0,1906
0,1905.5
0,1904.5
0,1904.5
0,1905.75
0,1905.5
0,1905.25
0,1904.75
0,1905.75
0,1905
0,1905.5
0,1905.5
0,1905.75
0,1905.25
0,1906.5
0,1906.5
0,1905.5
0,1905.5
0,1905
0,1905
0,1904.75
0,1904.75
0,1904
0,1902
0,1901
0,1902
0,1902.25
0,1903
0,1902.25
0,1902.25
0,1904
0,1906
0,1904.75
0,1904.5
0,1904.75
0,1905.25
0,1905
0,1905.25
0,1905.5
0,1906
0,1905
0,1905.25
0,1903
0,1899.75
0,1901.25
0,1901
0,1898.5
0,1897.75
0,1896.5
0,1895.5
0,1895.5
0,1896
0,1893.5
0,1892.25
0,1893.25
0,1892.5
0,1891.75
0,1892.25
0,1892.25
0,1892.25
0,1892.25
0,1892.25
0,1891.75
0,1892.25
0,1892.75
0,1893.25
0,1892.75
0,1890.25
0,1891.25
0,1891.25
0,1890.75
0,1890.75
0,1890.5
0,1890.75
0,1888.25
0,1888.25
0,1887.5
0,1887.25
0,1885.75
0,1886
0,1884.5
0,1882.5
0,1879.5
0,1883
0,1883.75
0,1882.75
0,1881.75
0,1880.75
0,1877.5
0,1879
0,1879.5
0,1879.5
0,1883
0,1880.5
0,1879.5
0,1881.25
0,1882
0,1883.75
0,1882.75
0,1882.25
0,1883.75
0,1883.25
0,1881
0,1879.75
0,1879.25
0,1878
0,1879.5
0,1879
0,1880
0,1881.25
0,1880.25
0,1879.5
0,1882.5
0,1880
0,1878.75
0,1881.75
0,1881.75
0,1884.75
0,1882.25
0,1882
0,1880
0,1880
0,1879.75
0,1879.5
0,1879
0,1878.75
0,1877.75
0,1876.75
0,1875.5
0,1877
0,1877.25
0,1875.25
0,1874.75
0,1874
0,1873.75
0,1874.5
0,1874.75
0,1872.5
0,1871.75
0,1868.25
0,1866.25
0,1862.75
0,1861.25
0,1861.75
0,1864.5
0,1865.5
0,1865.5
0,1862.25
0,1862
0,1861.75
0,1863.5
0,1863.25
0,1864.5
0,1864
0,1863.25
0,1860.5
0,1858.5
0,1855.75
0,1856.25
0,1853.75
0,1854.5
0,1852.75
0,1853
0,1853.75
0,1854
0,1854
0,1854.25
0,1853.75
0,1850.75
0,1850
0,1848.75
0,1849.75
0,1848.75
0,1853.25
0,1855.25
0,1856.25
0,1854
0,1853.75
0,1854.25
0,1857
0,1856.5
0,1855.25
0,1854.5
0,1855.75
0,1855.5
0,1862
0,1862.75
0,1863.5
0,1864
0,1865.5
0,1864.25
0,1865.5
0,1864
0,1864.5
0,1869.25
0,1869.75
0,1870.5
0,1868
0,1868
0,1867.75
0,1866
0,1862.75
0,1866.5
0,1863.5
0,1866.75
0,1868.75
0,1867.25
0,1866
0,1867.5
0,1903
0,1913.5
0,1907.5
0,1900.5
0,1903.25
0,1905
0,1895.5
0,1898
0,1896.75
0,1893.5
0,1897
0,1898
0,1897.25
0,1897.75
0,1897.5
0,1902
0,1902
0,1900.5
0,1906
0,1908.75
0,1911.25
0,1912.75
0,1910.75
0,1907.5
0,1909.75
0,1913.5
0,1912
0,1909.75
0,1908.5
0,1906.25
0,1909.25
0,1908.25
0,1910.75
0,1911
0,1911.25
0,1909.5
0,1907.5
0,1909.5
0,1908
0,1908.75
0,1909.5
0,1910
0,1909.25
0,1909
0,1910.5
0,1909
0,1908
0,1906.25
0,1905
0,1900.25
0,1899
0,1899
0,1899.5
0,1900.5
0,1899
0,1901.75
0,1902
0,1901.75
0,1901.25
0,1898.25
0,1897
0,1897
0,1896.75
0,1897.5
0,1897.25
0,1900.5
0,1899.5
0,1898.5
0,1899.25
0,1900.5
0,1899.5
0,1900
0,1898.5
0,1899.75
0,1900.75
0,1901.25
0,1903
0,1905.75
0,1904.75
0,1902
0,1901.75
0,1902.5
0,1901.5
0,1901.75
0,1902
0,1902.5
0,1902.25
0,1902
0,1901.75
0,1902
0,1903.5
0,1903.5
0,1904.5
0,1904
0,1906
0,1905.25
0,1906.25
0,1905.25
0,1905.25
0,1905.25
0,1905
0,1905.25
0,1905.25
0,1904.5
0,1905.5
0,1903.5
0,1905.25
0,1904.5
0,1905.75
0,1906
0,1905.25
0,1904.75
0,1906
0,1904.5
0,1905.25
0,1905.25
0,1905
0,1905
0,1904.75
0,1904.75
0,1905.25
0,1904.75
0,1905.25
0,1904.75
0,1905.25
0,1905.5
0,1905.25
0,1905.5
0,1904.75
0,1904.25
0,1904.5
0,1903.75
0,1902.75
0,1903.75
0,1904.75
0,1905.25
0,1905
0,1905
0,1904.75
0,1905.75
0,1905.75
0,1906.5
0,1908.75
0,1908.5
0,1908.5
0,1908.25
0,1907
0,1905.75
0,1905.75
0,1906
0,1906.25
0,1905.75
0,1906.5
0,1906
0,1908.25
0,1908.75
0,1908.75
0,1909.25
0,1909
0,1908.25
0,1907
0,1907.5
0,1907.25
0,1907.25
0,1907.75
0,1908.75
0,1908
0,1908
0,1908
0,1908.75
0,1909.25
0,1908.75
0,1910.75
0,1909.75
0,1908.75
0,1909.75
0,1909.75
0,1910.25
0,1909.5
0,1910.5
0,1908.5
0,1908.25
0,1908.5
0,1909.5
0,1909.75
0,1909
0,1909
0,1909.75
0,1910.25
0,1910
0,1909
0,1908.25
0,1908
0,1908.75
0,1909.25
0,1910
0,1910
0,1910
0,1910.5
0,1908.5
0,1907.75
0,1907.75
0,1910.25
0,1910
0,1910.25
0,1910
0,1910.25
0,1909
0,1908
0,1907.5
0,1909.5
0,1910
0,1910.25
0,1910.5
0,1908.75
0,1908.25
0,1909.5
0,1909.75
0,1911
0,1910.25
0,1910.5
0,1916.25
0,1911.25
0,1911.25
0,1910.75
0,1910.75
0,1910.75
0,1910.75
0,1911.25
0,1910.5
0,1909.75
0,1909.75
0,1910.25
0,1910.75
0,1910.5
0,1910.5
0,1910.25
0,1909.5
0,1910
0,1909
0,1909
0,1910.25
0,1910.5
0,1911.25
0,1912
0,1910
0,1910.25
0,1911
0,1911
0,1910.75
0,1911
0,1910.25
0,1909.25
0,1908.75
0,1908.5
0,1908
0,1908.5
0,1908.5
0,1909
0,1910
0,1910.25
0,1910
0,1909.5
0,1910.5
0,1909.75
0,1910.25
0,1910
0,1910
0,1910.25
0,1910.5
0,1911
0,1910.5
0,1911.25
0,1911
0,1911.25
0,1913.25
0,1913.75
0,1913.25
0,1911.75
0,1911.5
0,1912.5
0,1912.75
0,1912.75
0,1911.25
0,1911.25
0,1910
0,1910
0,1910.5
0,1911.25
0,1910.75
0,1910.25
0,1911.25
0,1911
0,1909.5
0,1910.5
0,1909.5
0,1906.25
0,1903.75
0,1903
0,1900
0,1900.5
0,1901.25
0,1904
0,1906
0,1906.5
0,1905.75
0,1904.5
0,1902.25
0,1902
0,1901.5
0,1901.75
0,1901.75
0,1900.5
0,1898.25
0,1897
0,1895.25
0,1897.25
0,1897
0,1898
0,1899.75
0,1899.5
0,1899
0,1899
0,1898.75
0,1898.5
0,1899
0,1900.75
0,1901.75
0,1900.75
0,1899.5
0,1899.75
0,1901
0,1901.75
0,1902.75
0,1902
0,1902.25
0,1901.75
0,1902
0,1903.75
0,1903.5
0,1904.75
0,1904.75
0,1903.75
0,1904.25
0,1903.25
0,1902.25
0,1901
0,1905.25
0,1905.25
0,1902.75
0,1901.75
0,1902.75
0,1902.5
0,1903
0,1903.25
0,1903.5
0,1901.25
0,1905.25
0,1904.75
0,1906.75
0,1907.75
0,1908.25
0,1906.25
0,1905.75
0,1906.75
0,1907.75
0,1908
0,1909
0,1905.25
0,1903.5
0,1903.5
0,1904.25
0,1901.75
0,1901.5
0,1902.25
0,1902
0,1900
0,1900
0,1898.75
0,1895.5
0,1895.25
0,1896.25
0,1896.75
0,1897.5
0,1896.25
0,1895.5
0,1897.75
0,1897.75
0,1899.25
0,1899.5
0,1901
0,1901
0,1902.25
0,1902.5
0,1903
0,1904
0,1905
0,1905.25
0,1904.75
0,1901.5
0,1900.75
0,1900.5
0,1899.5
0,1898.75
0,1899.5
0,1900.25
0,1900
0,1900.5
0,1901
0,1901.25
0,1899.75
0,1901
0,1900
0,1900.25
0,1900.5
0,1899
0,1900.25
0,1900.75
0,1898
0,1896.5
0,1893
0,1893
0,1894.5
0,1895.5
0,1893.75
0,1895
0,1893.5
0,1893
0,1892.75
0,1893.5
0,1893.5
0,1892
0,1891
0,1891.25
0,1890.5
0,1890
0,1890.5
0,1887.25
0,1887.75
0,1887.75
0,1889.5
0,1890.5
0,1891
0,1893.25
0,1894.5
0,1896.25
0,1896.75
0,1899.5
0,1899
0,1898
0,1897.75
0,1900.25
0,1900.5
0,1900.75
0,1899.5
0,1899.25
0,1899.25
0,1899.75
0,1900
0,1899.5
0,1902
0,1903.25
0,1905.5
0,1907.5
0,1906.75
0,1906.5
0,1907.5
0,1908
0,1908.25
0,1907
0,1907.25
0,1906.75
0,1914.75
0,1926.75
0,1921
0,1918.75
0,1911.75
0,1909.75
0,1912
0,1911.75
0,1912.75
0,1906.25
0,1911.75
0,1912
0,1913
0,1911.75
0,1912.75
0,1912.75
0,1916.5
0,1919.25
0,1918
0,1914.75
0,1915
0,1915.25
0,1916.5
0,1915
0,1917.5
0,1916.75
0,1916.25
0,1915.5
0,1916.5
0,1916.5
0,1916
0,1912.75
0,1912.5
0,1910.75
0,1912
0,1911.5
0,1910.75
0,1913
0,1911.25
0,1912
0,1912.25
0,1911.75
0,1912.5
0,1912.5
0,1909.75
0,1908.5
0,1908.75
0,1906.75
0,1905.75
0,1908.5
0,1908.75
0,1910
0,1910
0,1910.75
0,1910.75
0,1909
0,1908.5
0,1908
0,1909.5
0,1909
0,1909.5
0,1909.25
0,1911.25
0,1912.5
0,1913.25
0,1916.5
0,1916
0,1917.5
0,1915.5
0,1916
0,1915.75
0,1918.5
0,1917.75
0,1919.5
0,1919.75
0,1919.25
0,1919.25
0,1916.5
0,1917
0,1918.5
0,1918.5
0,1918.75
0,1918.5
0,1918.25
0,1918.75
0,1919.5
0,1917.5
0,1917
0,1917.5
0,1916.5
0,1916
0,1915.5
0,1916
0,1915
0,1915
0,1915.25
0,1915
0,1914.75
0,1915.25
0,1914.5
0,1915
0,1915.5
0,1914.5
0,1915
0,1915.25
0,1915.5
0,1917.25
0,1917
0,1916.25
0,1915.25
0,1914.75
0,1915
0,1914.5
0,1914.25
0,1914.5
0,1914.5
0,1915.25
0,1914.75
0,1914
0,1915.5
0,1915.75
0,1914.5
0,1914
0,1914.25
0,1914
0,1914.5
0,1914
0,1914
0,1913.5
0,1912
0,1912
0,1912.75
0,1912.5
0,1912.25
0,1913.5
0,1914.5
0,1915.25
0,1915.25
0,1915.5
0,1915
0,1914.25
0,1914.25
0,1914.75
0,1914.75
0,1915
0,1913.5
0,1913.75
0,1914.5
0,1914
0,1914.75
0,1915
0,1914.25
0,1914.75
0,1915
0,1915.75
0,1915
0,1915.25
0,1916
0,1915.25
0,1916.5
0,1917.5
0,1919.5
0,1920.75
0,1921.75
0,1921.25
0,1922.5
0,1922.75
0,1921.75
0,1921
0,1920.75
0,1920.25
0,1919.25
0,1919.5
0,1919.25
0,1918.75
0,1918
0,1918.5
0,1920
0,1920.25
0,1919
0,1919.25
0,1918.5
0,1918.75
0,1918.25
0,1918.25
0,1918.25
0,1920
0,1920
0,1919.75
0,1920
0,1920.75
0,1922.25
0,1922.25
0,1922.5
0,1924.25
0,1926.25
0,1927
0,1929.5
0,1927.75
0,1928.5
0,1928.75
0,1928.5
0,1927.75
0,1925.75
0,1925
0,1925.25
0,1925.75
0,1924.5
0,1924.5
0,1925.5
0,1924.25
0,1924.25
0,1924.75
0,1925.25
0,1925.5
0,1925.5
0,1925
0,1924
0,1923.5
0,1923
0,1924.75
0,1924
0,1924.75
0,1924.25
0,1925
0,1925.5
0,1925.75
0,1926.5
0,1926.5
0,1926.5
0,1925.5
0,1925.25
0,1927.25
0,1926.25
0,1926.25
0,1924.5
0,1925
0,1925
0,1924.5
0,1924
0,1924.5
0,1923.5
0,1925
0,1927
0,1928
0,1928.75
0,1928.75
0,1927
0,1927.25
0,1927
0,1926.5
0,1924.25
0,1924.75
0,1924.25
0,1924.5
0,1924.75
0,1926
0,1926.5
0,1926.25
0,1927.25
0,1927.25
0,1927.75
0,1926.75
0,1927.25
0,1928.5
0,1930
0,1926.75
0,1926
0,1926.25
0,1927.5
0,1927.5
0,1928.25
0,1928
0,1928.75
0,1927.75
0,1926.75
0,1927.25
0,1928.5
0,1929.75
0,1930.25
0,1931
0,1930.75
0,1930.5
0,1930.5
0,1930.25
0,1929.25
0,1929
0,1928.25
0,1926.25
0,1927.25
0,1926.5
0,1926.75
0,1927.5
0,1928.25
0,1929.75
0,1928.75
0,1929
0,1928.25
0,1928.75
0,1927.75
0,1928.25
0,1928.25
0,1925
0,1925
0,1926.75
0,1928
0,1929
0,1929.75
0,1930.5
0,1930.5
0,1931.25
0,1931.75
0,1932.5
0,1931.75
0,1931.5
0,1929.75
0,1930.25
0,1930.25
0,1930.25
0,1930.25
0,1929.25
0,1930
0,1930
0,1930.5
0,1929.75
0,1929
0,1929.25
0,1927.5
0,1928.75
0,1929.5
0,1931
0,1930.25
0,1930.25
0,1930
0,1930.25
0,1930.25
0,1929.75
0,1929.75
0,1930.5
0,1930
0,1929.25
0,1930.5
0,1930.25
0,1930.25
0,1929.75
0,1930.75
0,1931.5
0,1930.5
0,1931
0,1930.75
0,1931.25
0,1929.25
0,1928.25
0,1927.75
0,1928.25
0,1928.75
0,1930.5
0,1930.75
0,1930.25
0,1930.5
0,1930
0,1929
0,1929.25
0,1930
0,1930.25
0,1930.5
0,1931.75
0,1930
0,1930.25
0,1930.75
0,1929.75
0,1929.75
0,1929.5
0,1928.25
0,1926.75
0,1927.5
0,1929.25
0,1928.75
0,1928.75
0,1929.75
0,1930.25
0,1930.25
0,1930.25
0,1929.5
0,1929
0,1929.25
0,1927.5
0,1928.5
0,1927
0,1928.75
0,1931
0,1932.75
0,1933.5
0,1933.75
0,1931.75
0,1930.5
0,1930.75
0,1931.25
0,1931.25
0,1931
0,1930
0,1929.75
0,1930.25
0,1929.25
0,1928.75
0,1928.75
0,1928.25
0,1928.75
0,1929
0,1928.75
0,1930.25
0,1930
0,1930.75
0,1930.75
0,1930
0,1929.75
0,1929.25
0,1930
0,1931.25
0,1930.75
0,1931
0,1932
0,1933.75
0,1933.5
0,1934
0,1935.5
0,1934.75
0,1936
0,1936.5
0,1936.5
0,1938.5
0,1937.5
0,1937.5
0,1938
0,1938.5
0,1936.5
0,1937.5
0,1937.25
0,1936.5
0,1936.25
0,1933.75
0,1933.5
0,1933.25
0,1932.25
0,1932.5
0,1931
0,1931.25
0,1931.25
0,1932
0,1932
0,1931.5
0,1931.75
0,1929.75
0,1931.5
0,1931
0,1929.75
0,1928.75
0,1928.75
0,1927
0,1926.75
0,1925.25
0,1924.75
0,1926
0,1924.5
0,1925.5
0,1926.5
0,1926.25
0,1925.75
0,1925.75
0,1926.5
0,1926.25
0,1926
0,1923.5
0,1924.75
0,1925.25
0,1925.5
0,1926.25
0,1926.5
0,1927.25
0,1927.5
0,1927.5
0,1928.25
0,1926.5
0,1926
0,1926.25
0,1922.5
0,1921.25
0,1922.25
0,1924.5
0,1922.5
0,1910
0,1912
0,1912
0,1911.5
0,1916.25
0,1920.5
0,1920.5
0,1917.25
0,1919
0,1918.5
0,1920.25
0,1920.5
0,1919.5
0,1920.5
0,1923
0,1919.75
0,1921.25
0,1922.25
0,1922.5
0,1921.25
0,1920.75
0,1920.25
0,1918.75
0,1920.25
0,1921.5
0,1919.5
0,1918.25
0,1917.25
0,1918
0,1920.25
0,1918.75
0,1918.5
0,1918
0,1916
0,1918.75
0,1919.5
0,1919.5
0,1918.75
0,1920.25
0,1920.5
0,1920.25
0,1920
0,1920.5
0,1922.75
0,1919.75
0,1919
0,1919.5
0,1919
0,1920.25
0,1921.25
0,1921
0,1921.25
0,1921
0,1923.25
0,1922.5
0,1921.25
0,1922.75
0,1924.25
0,1926
0,1926
0,1926
0,1927.5
0,1926
0,1925.75
0,1926.25
0,1926
0,1925.75
0,1926
0,1926.25
0,1926
0,1926.75
0,1925.75
0,1926.25
0,1926.25
0,1927
0,1926.25
0,1927.75
0,1927
0,1926.75
0,1927
0,1928.25
0,1927.75
0,1929
0,1931.5
0,1930.75
0,1932.25
0,1930.5
0,1929.75
0,1929.25
0,1929
0,1930
0,1930.75
0,1931
0,1932
0,1932.5
0,1931.5
0,1932.75
0,1932.25
0,1932
0,1931.75
0,1931.75
0,1930.75
0,1932.25
0,1931.25
0,1931.5
0,1931.5
0,1931.5
0,1932.5
0,1931.25
0,1931
0,1932.25
0,1932.25
0,1933.75
0,1934
0,1934.5
0,1935.75
0,1936.5
0,1935.75
0,1935
0,1935.25
0,1935.25
0,1936.25
0,1936.75
0,1937.75
0,1938
0,1939
0,1939
0,1939.75
0,1940
0,1942
0,1942.25
0,1945.75
0,1945.25
0,1948.75
0,1948.75
0,1947.25
0,1946
0,1947.25
0,1949.75
0,1948
0,1947
0,1946.75
0,1945.5
0,1946.25
0,1946.5
0,1946.25
0,1945
0,1945.75
0,1945
0,1945.25
0,1945.75
0,1945.25
0,1944.75
0,1944.25
0,1946
0,1944.5
0,1944
0,1944.25
0,1943.75
0,1945.25
0,1945.5
0,1945.25
0,1943.75
0,1943.5
0,1944
0,1940.25
0,1940.75
0,1941
0,1941.75
0,1942
0,1940.25
0,1940.75
0,1942
0,1943
0,1942.75
0,1944
0,1944.5
0,1944.25
0,1944.5
0,1946
0,1948
0,1948.75
0,1947.75
0,1948.25
0,1948.25
0,1947.75
0,1947.25
0,1946.75
0,1948
0,1947.75
0,1948.75
0,1948.5
0,1948
0,1948.75
0,1949.75
0,1948.75
0,1949
0,1951.25
0,1950.5
0,1950.25
0,1950.75
0,1950.25
0,1950.25
0,1950.75
0,1949
0,1949
0,1949.5
0,1949.5
0,1949
0,1949.25
0,1949.25
0,1949.75
0,1946
0,1941.75
0,1941.5
0,1939.75
0,1940.25
0,1940.75
0,1941
0,1939.75
0,1939.75
0,1939
0,1938
0,1939.75
0,1941.25
0,1942
0,1941.5
0,1942
0,1942.5
0,1942.75
0,1943.75
0,1944.25
0,1943.75
0,1944.5
0,1943.5
0,1943.25
0,1943
0,1942.5
0,1944.25
0,1942.75
0,1943
0,1942
0,1942.75
0,1942.75
0,1943.5
0,1942.5
0,1941.75
0,1939.5
0,1939.5
0,1939.75
0,1939.75
0,1940.25
0,1940
0,1940.25
0,1940.5
0,1941
0,1940.25
0,1940
0,1940
0,1939.75
0,1938.5
0,1938.25
0,1940
0,1940.25
0,1940.5
0,1941.5
0,1940.5
0,1939
0,1938.25
0,1937.25
0,1939
0,1937.25
0,1937.75
0,1937.75
0,1937.75
0,1938.25
0,1939.5
0,1940.5
0,1939.75
0,1939.25
0,1939.5
0,1939
0,1940
0,1940.75
0,1940
0,1939
0,1939.25
0,1939.5
0,1940.25
0,1940
0,1939
0,1936.25
0,1936.25
0,1935.5
0,1936
0,1937.25
0,1938
0,1938.5
0,1940.25
0,1940
0,1939.75
0,1940.25
0,1939.75
0,1940.25
0,1939.75
0,1940
0,1939.75
0,1940.75
0,1941
0,1941.75
0,1942
0,1942
0,1942
0,1940.5
0,1939.75
0,1940.75
0,1938
0,1938.5
0,1939
0,1939
0,1939.5
0,1938.5
0,1939.75
0,1939.75
0,1939.75
0,1939.25
0,1936.25
0,1934.25
0,1935
0,1935.25
0,1932
0,1932.75
0,1932.75
0,1931.5
0,1930
0,1929.5
0,1930.75
0,1930.25
0,1929.75
0,1929.75
0,1929.25
0,1929.75
0,1930.75
0,1931.5
0,1931.5
0,1930.75
0,1930.75
0,1930.25
0,1930.5
0,1931
0,1931.25
0,1931
0,1935
0,1935.25
0,1934.75
0,1935
0,1934.75
0,1934.5
0,1934
0,1933
0,1931
0,1931.5
0,1930.75
0,1929.25
0,1928.5
0,1929.75
0,1929.75
0,1930.75
0,1932.75
0,1932.75
0,1932.5
0,1932
0,1929.75
0,1928.25
0,1923.25
0,1927
0,1926.75
0,1926.75
0,1925.5
0,1925.5
0,1926
0,1926
0,1927
0,1927.75
0,1926.25
0,1926.25
0,1926.25
0,1926.25
0,1926.75
0,1926.25
0,1926
0,1926.5
0,1927.75
0,1927
0,1929
0,1928.75
0,1929.25
0,1927.5
0,1927
0,1927.75
0,1929.5
0,1930.75
0,1930.25
0,1931.75
0,1931.5
0,1932.25
0,1932.25
0,1931.75
0,1930.75
0,1930.25
0,1930.5
0,1930
0,1930.25
0,1929.5
0,1929.25
0,1930.25
0,1932
0,1929.5
0,1929.25
0,1928.5
0,1927
0,1926.25
0,1926.75
0,1926.5
0,1927
0,1927.25
0,1926.5
0,1929.75
0,1930
0,1930.5
0,1931
0,1931
0,1930
0,1930.25
0,1929.75
0,1929.75
0,1931
0,1931.25
0,1931
0,1930.75
0,1931.25
0,1932.75
0,1930.75
0,1931.5
0,1930.75
0,1931
0,1930.75
0,1930.75
0,1930.75
0,1930.75
0,1930
0,1931.75
0,1932.25
0,1932.75
0,1932.75
0,1933.25
0,1934.25
0,1933.75
0,1935
0,1934.5
0,1934
0,1934.75
0,1934.5
0,1935.5
0,1937
0,1938.25
0,1938.25
0,1939
0,1938.5
0,1938.5
0,1938
0,1937
0,1941.5
0,1940.25
0,1926
0,1927.5
0,1929.25
0,1928.5
0,1929.75
0,1929.5
0,1926
0,1922.5
0,1924.5
0,1927
0,1923.25
0,1921.25
0,1920.5
0,1919
0,1917.75
0,1920.75
0,1918.5
0,1917
0,1914
0,1916.25
0,1918
0,1920.75
0,1916
0,1919.5
0,1918.5
0,1921.5
0,1921.25
0,1923.25
0,1923.5
0,1922.75
0,1925
0,1926.25
0,1926.25
0,1927.5
0,1926.5
0,1928.75
0,1931.5
0,1931
0,1930
0,1931.25
0,1930
0,1931.5
0,1931
0,1929.5
0,1931
0,1930.25
0,1933
0,1934
0,1932.25
0,1933
0,1934.75
0,1937.75
0,1936.75
0,1938
0,1939.75
0,1939.25
0,1940
0,1937.75
0,1941.25
0,1941
0,1941.75
0,1943.5
0,1940.5
0,1943
0,1942.5
0,1942.25
0,1942
0,1941
0,1942.75
0,1943.75
0,1943.75
0,1943
0,1942.25
0,1942.5
0,1941.25
0,1942.5
0,1943
0,1944.5
0,1944.5
0,1942.25
0,1941
0,1941.5
0,1940.25
0,1942
0,1941
0,1939.5
0,1938
0,1936.75
0,1936.5
0,1936
0,1935.25
0,1936.5
0,1938
0,1940.25
0,1938.75
0,1936.75
0,1938.5
0,1939.75
0,1940.75
0,1941
0,1942.25
0,1940.75
0,1940.25
0,1941.5
0,1943
0,1943
0,1942
0,1944.5
0,1943.5
0,1943.25
0,1942.75
0,1942.25
0,1942.5
0,1943.5
0,1942.75
0,1943.75
0,1944.75
0,1944.75
0,1944.75
0,1944.5
0,1942.5
0,1944
0,1944.25
0,1944.75
0,1946.25
0,1947
0,1945.5
0,1944.75
0,1946.25
0,1947.25
0,1948.75
0,1950.25
0,1951.5
0,1950.5
0,1951.25
0,1951.25
0,1952.75
0,1951.75
0,1951.5
0,1952
0,1950.75
0,1949.75
0,1949.25
0,1948.75
0,1948.75
0,1950
0,1950.5
0,1950.75
0,1951
0,1950.5
0,1949
0,1947
0,1948.5
0,1950
0,1949
0,1948.5
0,1949
0,1949.75
0,1949
0,1950.75
0,1949.5
0,1949
0,1949.75
0,1951
0,1950.5
0,1950.25
0,1947.5
0,1947.5
0,1949
0,1948.5
0,1947
0,1947
0,1947.75
0,1943
0,1943.25
0,1943.5
0,1943.75
0,1943.5
0,1941.75
0,1941
0,1942.25
0,1942
0,1940
0,1941
0,1941
0,1940.5
0,1939.75
0,1940
0,1941.75
0,1941
0,1941
0,1940.5
0,1940
0,1939.25
0,1938.25
0,1937
0,1938
0,1939
0,1940
0,1939.75
0,1938.25
0,1940.25
0,1940.75
0,1941.75
0,1942.5
0,1941.75
0,1942.25
0,1942.25
0,1942.25
0,1941.5
0,1942
0,1940.5
0,1940.25
0,1939
0,1939.75
0,1939.75
0,1938.25
0,1937.75
0,1938.25
0,1938.75
0,1939
0,1940
0,1940.75
0,1941.5
0,1941.25
0,1942
0,1942.5
0,1944.5
0,1943
0,1942.25
0,1944.5
0,1945.25
0,1946.5
0,1947
0,1947.5
0,1947.25
0,1946.25
0,1947
0,1944.5
0,1945
0,1946.75
0,1947
0,1946
0,1944.75
0,1944.25
0,1944
0,1944.5
0,1943.75
0,1943.25
0,1943.75
0,1943
0,1943.25
0,1944.25
0,1946.75
0,1946.5
0,1946.25
0,1946
0,1945
0,1945
0,1945.25
0,1946.25
0,1946.75
0,1946.5
0,1947.5
0,1947.25
0,1947.5
0,1946.75
0,1946.75
0,1946.75
0,1948.25
0,1949.25
0,1948.25
0,1949.25
0,1949.5
0,1951
0,1951.25
0,1951
0,1952.5
0,1952.5
0,1952
0,1952.25
0,1951.5
0,1950.75
0,1948.75
0,1948.5
0,1948.75
0,1949.5
0,1949.5
0,1947.75
0,1948.25
0,1949.5
0,1949.75
0,1950.25
0,1950.25
0,1950.5
0,1950.5
0,1950.25
0,1950.25
0,1950
0,1949.25
0,1949.75
0,1949.25
0,1948.75
0,1948.5
0,1946.5
0,1945.5
0,1943.75
0,1944
0,1945.75
0,1945
0,1945.25
0,1943.75
0,1941.5
0,1942.75
0,1941.25
0,1941.5
0,1941
0,1940.75
0,1941
0,1940
0,1940.5
0,1939.75
0,1940.75
0,1940.75
0,1940.5
0,1941.75
0,1942
0,1940.75
0,1940.25
0,1941
0,1941
0,1940.5
0,1939.5
0,1940
0,1940
0,1940
0,1939.75
0,1940.25
0,1940
0,1939.5
0,1939.25
0,1940.75
0,1941.75
0,1944
0,1943.75
0,1944
0,1941
0,1939.75
0,1941
0,1942.5
0,1942.25
0,1943.75
0,1945.75
0,1944.25
0,1943.75
0,1944.25
0,1945.25
0,1943.75
0,1942
0,1941
0,1941.25
0,1941
0,1938.5
0,1940
0,1940.75
0,1940.75
0,1941.25
0,1941
0,1941.75
0,1939.75
0,1939.25
0,1940.25
0,1941.75
0,1943.25
0,1944.25
0,1943.5
0,1942.5
0,1941.5
0,1940.5
0,1941.5
0,1941
0,1940.75
0,1941.5
0,1945.25
0,1945
0,1945
0,1944.75
0,1942.5
0,1943.25
0,1942.75
0,1944.25
0,1944
0,1946.25
0,1945.75
0,1943.25
0,1942.75
0,1944
0,1944
0,1945.25
0,1945.75
0,1944.75
0,1944.25
0,1944
0,1945.25
0,1943.25
0,1945
0,1946.75
0,1946.75
0,1948.75
0,1950.75
0,1950.75
0,1950.25
0,1949.25
0,1950.75
0,1949.75
0,1951
0,1952.25
0,1949
0,1948.5
0,1948.25
0,1948
0,1951
0,1950.75
0,1950.5
0,1948.75
0,1949.25
0,1949.25
0,1949.25
0,1949.25
0,1946.75
0,1946.25
0,1946
0,1946.75
0,1946.25
0,1944.75
0,1944.75
0,1945
0,1943
0,1941.75
0,1942.25
0,1942.25
0,1941.5
0,1940.25
0,1938.75
0,1936.25
0,1939.5
0,1938.5
0,1939.5
0,1938.5
0,1939.5
0,1941
0,1940.5
0,1940.5
0,1941.25
0,1940.25
0,1940.25
0,1940.5
0,1940.75
0,1940.25
0,1941.5
0,1941.25
0,1942
0,1941.25
0,1941.75
0,1942
0,1941.5
0,1943.25
0,1944.5
0,1943.75
0,1944.75
0,1945
0,1943.75
0,1944
0,1946
0,1944.5
0,1944.75
0,1951.75
0,1952.5
0,1953.25
0,1954.25
0,1955
0,1954.5
0,1959.75
0,1958.25
0,1961.75
0,1960.75
0,1959.5
0,1962.75
0,1960.5
0,1961.75
0,1963
0,1962.5
0,1964
0,1963
0,1960.5
0,1961.75
0,1965
0,1964.75
0,1961.25
0,1960.25
0,1962
0,1961.5
0,1965.25
0,1965.75
0,1966.5
0,1965.25
0,1962.75
0,1961.5
0,1959.75
0,1959
0,1959.25
0,1960.25
0,1960.25
0,1959.75
0,1959.75
0,1959.75
0,1958.75
0,1958.5
0,1959.5
0,1960
0,1959.75
0,1959.75
0,1958.5
0,1960.5
0,1960.75
0,1960.25
0,1959.5
0,1959
0,1961
0,1960.5
0,1961.25
0,1960.25
0,1963.75
0,1963.25
0,1963.5
0,1965.25
0,1965.25
0,1963.75
0,1963.25
0,1963.25
0,1962.5
0,1961.5
0,1963.5
0,1963.75
0,1965
0,1966.25
0,1967.75
0,1968.25
0,1968
0,1971
0,1971.5
0,1972
0,1972.25
0,1975
0,1972.5
0,1970.75
0,1972.75
0,1972
0,1969.5
0,1971.5
0,1971
0,1969
0,1968.75
0,1970.75
0,1972
0,1971.25
0,1970
0,1972
0,1973.5
0,1970.5
0,1970.5
0,1969
0,1967
0,1966.75
0,1967.25
0,1967.75
0,1967.75
0,1966
0,1966.75
0,1967.25
0,1966
0,1966.5
0,1966.5
0,1967.75
0,1968.5
0,1969.75
0,1968.5
0,1967.75
0,1968
0,1967.75
0,1968.25
0,1970
0,1968.5
0,1968
0,1968
0,1967.75
0,1967.75
0,1968.25
0,1968.25
0,1969.5
0,1969
0,1968.75
0,1967.75
0,1968.5
0,1967.75
0,1967.5
0,1968.25
0,1967.75
0,1968.25
0,1968
0,1967.5
0,1968
0,1967.5
0,1967.75
0,1968.25
0,1967.75
0,1967
0,1967
0,1967
0,1966.5
0,1965.75
0,1965.25
0,1965.25
0,1965.5
0,1965
0,1962.75
0,1960
0,1960
0,1958.75
0,1957.75
0,1958.5
0,1959.5
0,1959.75
0,1960
0,1961.25
0,1962.75
0,1962.75
0,1961.75
0,1961.75
0,1961.75
0,1961.5
0,1962
0,1961.75
0,1961.5
0,1962
0,1961.75
0,1961.25
0,1961
0,1960.75
0,1961.5
0,1963
0,1963
0,1961.5
0,1961.75
0,1962
0,1963
0,1963.25
0,1963.25
0,1963.25
0,1963.75
0,1963.25
0,1963.25
0,1963
0,1963
0,1963.25
0,1964
0,1964.5
0,1963.5
0,1963.25
0,1961.75
0,1961
0,1961.75
0,1961.25
0,1961
0,1960.75
0,1960.25
0,1961.75
0,1961.25
0,1961.25
0,1961.25
0,1962.25
0,1962.25
0,1961.75
0,1961.75
0,1961.75
0,1960.25
0,1960.5
0,1961
0,1962.25
0,1962
0,1961.75
0,1962
0,1961.75
0,1961
0,1961
0,1961.5
0,1961
0,1960.75
0,1960.75
0,1960.75
0,1961.75
0,1961
0,1961
0,1961.25
0,1961.75
0,1960.75
0,1961
0,1962.25
0,1962.5
0,1963.75
0,1964
0,1963.75
0,1965.5
0,1965
0,1965.25
0,1965.5
0,1965
0,1965.25
0,1964.75
0,1964.5
0,1964.5
0,1964.5
0,1963
0,1962.75
0,1961.75
0,1964.75
0,1965.25
0,1966.25
0,1967.25
0,1967.5
0,1967.5
0,1966.5
0,1965
0,1964.5
0,1964.5
0,1965
0,1967.75
0,1966.75
0,1965.75
0,1966.75
0,1968
0,1968
0,1966.5
0,1966.25
0,1967.5
0,1967.25
0,1966
0,1966.5
0,1965.5
0,1965.75
0,1967.25
0,1967.25
0,1967.25
0,1968.25
0,1967.75
0,1967.5
0,1967.75
0,1968.5
0,1969.25
0,1970
0,1969.5
0,1968.5
0,1968.25
0,1966.25
0,1965.25
0,1964.75
0,1963.25
0,1961.75
0,1961.75
0,1962.5
0,1960.5
0,1961.25
0,1960.25
0,1960.75
0,1961
0,1961.25
0,1961.75
0,1961.25
0,1960.75
0,1961
0,1960.75
0,1961
0,1959.75
0,1961.75
0,1962
0,1961.75
0,1962
0,1962
0,1960.5
0,1960.25
0,1959.75
0,1960.25
0,1961.75
0,1961.5
0,1961.5
0,1962.75
0,1961.75
0,1958.75
0,1959
0,1957.75
0,1958.25
0,1958.25
0,1957
0,1957.5
0,1958.25
0,1958.25
0,1957.5
0,1956.25
0,1955.75
0,1955.5
0,1956.75
0,1958.75
0,1959
0,1959.5
0,1958.75
0,1959.25
0,1959.5
0,1963
0,1962
0,1961.25
0,1959.75
0,1959.75
0,1959.5
0,1959
0,1959.5
0,1959.75
0,1960
0,1959.75
0,1959
0,1958.75
0,1960
0,1960
0,1959
0,1959.25
0,1959.25
0,1959.75
0,1958
0,1958
0,1958.25
0,1957
0,1955
0,1957.25
0,1955
0,1955.75
0,1955.75
0,1952.5
0,1954
0,1951.25
0,1950.75
0,1951.75
0,1949
0,1946.25
0,1947
0,1946
0,1944.75
0,1944.5
0,1946.25
0,1947.25
0,1947.5
0,1946.75
0,1945.5
0,1945.75
0,1945
0,1944.75
0,1941.5
0,1939.5
0,1942
0,1940.5
0,1939.75
0,1941
0,1942
0,1943.25
0,1943.75
0,1944.25
0,1946.25
0,1946
0,1945.25
0,1946.75
0,1948.5
0,1948.75
0,1949.5
0,1950
0,1951
0,1951.5
0,1951.75
0,1954.25
0,1954.5
0,1954.75
0,1955.25
0,1955.75
0,1955.25
0,1954.5
0,1955
0,1955.75
0,1954.75
0,1954.75
0,1955.25
0,1956
0,1956.75
0,1957.25
0,1958.25
0,1958.75
0,1959.25
0,1959.75
0,1959.25
0,1958.75
0,1957.5
0,1958.5
0,1956.75
0,1957.75
0,1957
0,1956.5
0,1955.25
0,1954
0,1952.75
0,1952.75
0,1953.75
0,1955.75
0,1956.25
0,1954.25
0,1953.5
0,1952.25
0,1950.5
0,1949.25
0,1949
0,1948.75
0,1949.25
0,1948.75
0,1948.75
0,1945.25
0,1946.75
0,1946.25
0,1946.25
0,1946
0,1945.75
0,1946
0,1947.25
0,1946.25
0,1946.75
0,1946.25
0,1946.25
0,1945.75
0,1944
0,1943
0,1943.75
0,1950.5
0,1959
0,1962
0,1961
0,1962.5
0,1970
0,1968.25
0,1969.5
0,1970.75
0,1970.5
0,1972.25
0,1973.75
0,1977.5
0,1974
0,1974.75
0,1973.5
0,1972.75
0,1971.25
0,1973.5
0,1974.5
0,1975.5
0,1976.25
0,1978.75
0,1978.25
0,1976
0,1976
0,1973
0,1973
0,1976
0,1977.25
0,1977.25
0,1977.5
0,1977.5
0,1975
0,1975.5
0,1975.25
0,1974.25
0,1973.5
0,1973.25
0,1971.75
0,1969.75
0,1970.5
0,1967.75
0,1970.75
0,1972
0,1970.25
0,1970.5
0,1970.75
0,1968
0,1969.75
0,1971.5
0,1970
0,1968.75
0,1967.5
0,1967.75
0,1966.5
0,1963.75
0,1962.25
0,1962.25
0,1961.75
0,1963.75
0,1963.5
0,1965.25
0,1962.75
0,1960
0,1959.5
0,1960
0,1959.25
0,1959
0,1959
0,1960.75
0,1961.25
0,1964.25
0,1964
0,1965.5
0,1965.25
0,1966
0,1968.25
0,1971
0,1972
0,1970.25
0,1970.25
0,1968.75
0,1968.25
0,1966.5
0,1968.25
0,1968
0,1967.5
0,1966.75
0,1966.25
0,1965.75
0,1967.25
0,1968.25
0,1967.5
0,1967.75
0,1966.75
0,1969.5
0,1971
0,1969.75
0,1968.75
0,1970
0,1970
0,1970.75
0,1972.25
0,1971.75
0,1972
0,1973
0,1974.25
0,1973.75
0,1974.25
0,1972.5
0,1973
0,1971.5
0,1971.25
0,1971.25
0,1971.25
0,1970.75
0,1970.75
0,1972.75
0,1972.75
0,1970.25
0,1970
0,1968.25
0,1967.75
0,1968.25
0,1969
0,1970.75
0,1969
0,1968.75
0,1966.5
0,1967.25
0,1965.5
0,1966.5
0,1965.25
0,1966
0,1966.5
0,1964.25
0,1964.75
0,1964.25
0,1963.75
0,1961
0,1960.75
0,1958.75
0,1957
0,1954.5
0,1954
0,1954
0,1953.5
0,1953.25
0,1953.75
0,1952.5
0,1952.75
0,1953
0,1954
0,1954.5
0,1952.75
0,1953.75
0,1956
0,1956
0,1954.75
0,1955
0,1956.25
0,1956.5
0,1955.75
0,1956.25
0,1954.75
0,1956.25
0,1959.25
0,1959.25
0,1957.5
0,1958
0,1958.75
0,1958.5
0,1957.5
0,1958.25
0,1957.75
0,1958.5
0,1958
0,1958
0,1957
0,1957.25
0,1957
0,1956.75
0,1956.5
0,1956
0,1955.25
0,1956.25
0,1955.75
0,1953.5
0,1954.5
0,1954
0,1954.25
0,1955
0,1955.5
0,1955
0,1954.75
0,1954.5
0,1954.5
0,1954.5
0,1953.75
0,1954
0,1954.25
0,1954.5
0,1953.75
0,1954.25
0,1953.25
0,1952.75
0,1954.25
0,1954.5
0,1954.25
0,1953
0,1952.75
0,1952.25
0,1951.5
0,1952.25
0,1952.25
0,1951.75
0,1952
0,1951.75
0,1952
0,1953.25
0,1952.25
0,1951
0,1950.25
0,1949
0,1949.25
0,1949.5
0,1949.25
0,1948.25
0,1949.75
0,1950
0,1948
0,1950
0,1951.25
0,1952.25
0,1950.25
0,1950.25
0,1949.25
0,1949.75
0,1951.5
0,1951.25
0,1952.25
0,1955.25
0,1956
0,1956.5
0,1956
0,1957
0,1957.75
0,1957
0,1957.5
0,1957.5
0,1957.5
0,1957.75
0,1958
0,1957.5
0,1957.75
0,1957.25
0,1958.5
0,1957.5
0,1957.5
0,1957.5
0,1957.25
0,1957.5
0,1957.5
0,1952.5
0,1950.75
0,1951.5
0,1952.25
0,1952.5
0,1953.25
0,1953.75
0,1954.25
0,1953
0,1953.25
0,1951.5
0,1950.75
0,1950.25
0,1947.5
0,1947
0,1947
0,1946.75
0,1944.25
0,1945.5
0,1944.5
0,1944.25
0,1941.75
0,1941.5
0,1943
0,1942.75
0,1942.5
0,1942.75
0,1940.75
0,1941.75
0,1941
0,1942
0,1942.25
0,1942.5
0,1942
0,1943
0,1944.75
0,1944
0,1941.75
0,1940.75
0,1939.5
0,1937.75
0,1938.25
0,1938.5
0,1937
0,1939.75
0,1938.25
0,1938.5
0,1938.75
0,1938.75
0,1936.75
0,1938
0,1938
0,1938.25
0,1938.5
0,1938.25
0,1938
0,1937.25
0,1936.75
0,1937.25
0,1939.25
0,1939.25
0,1940.5
0,1941
0,1941.75
0,1942
0,1941.25
0,1941.5
0,1939.75
0,1937
0,1937.25
0,1936.75
0,1938.25
0,1936.75
0,1937.25
0,1936.5
0,1938.5
0,1938
0,1939
0,1937.25
0,1937.75
0,1938.5
0,1938
0,1938.75
0,1938.25
0,1937.25
0,1936.75
0,1936.75
0,1939
0,1937.5
0,1937.75
0,1937
0,1936.25
0,1934.5
0,1935.25
0,1936.25
0,1935.75
0,1935.5
0,1935.25
0,1934.75
0,1934.5
0,1935.5
0,1936.5
0,1936.5
0,1936.5
0,1936.25
0,1936.75
0,1936
0,1936.5
0,1939.75
0,1941.75
0,1942.25
0,1941.75
0,1941
0,1943.25
0,1938.5
0,1938.25
0,1937.5
0,1941.25
0,1940
0,1939.5
0,1939.25
0,1939
0,1938
0,1938.25
0,1936.25
0,1937.25
0,1934
0,1935.25
0,1932.5
0,1934.75
0,1934.75
0,1934.25
0,1934.75
0,1933.5
0,1934.25
0,1934.5
0,1932.25
0,1930.25
0,1932.75
0,1933.25
0,1931.75
0,1932.75
0,1933.5
0,1932.5
0,1931.75
0,1929.75
0,1930.25
0,1931
0,1932.5
0,1932
0,1931.75
0,1932.5
0,1933.25
0,1932.75
0,1934.75
0,1935.25
0,1938.75
0,1938.75
0,1940
0,1940.5
0,1942.25
0,1939.75
0,1941.75
0,1939.75
0,1938.75
0,1937.25
0,1938.5
0,1939.25
0,1940.25
0,1939.25
0,1939
0,1938.25
0,1938.25
0,1938.5
0,1937.5
0,1936.75
0,1937.25
0,1937.75
0,1939
0,1939
0,1939.25
0,1939.25
0,1939
0,1938
0,1937.25
0,1936.75
0,1935.25
0,1934.75
0,1933.75
0,1932.25
0,1933
0,1933
0,1933.5
0,1933.5
0,1933.25
0,1932.5
0,1934.25
0,1933
0,1935.75
0,1936.25
0,1939.75
0,1938.25
0,1937.5
0,1937.5
0,1937.75
0,1936
0,1934.75
0,1936.25
0,1936
0,1935.75
0,1935.5
0,1935.75
0,1935
0,1934
0,1933.5
0,1931.25
0,1930.5
0,1931
0,1929.25
0,1929.5
0,1928.5
0,1929.75
0,1928.5
0,1927.75
0,1927.75
0,1927.75
0,774.3
0,770.1
0,766.7
0,766.2
0,766.1
0,761.4
0,759.6
0,759.3
0,759.1
0,758.5
0,755.4
0,755.8
0,755.5
0,755.9
0,756
0,754.9
0,753.1
0,753.4
0,748.9
0,748
0,746.1
0,745.5
0,746.7
0,744.7
0,744.5
0,743.5
0,741.4
0,742.5
0,744.7
0,744.4
0,741
0,742.2
0,741.2
0,741.5
0,743
0,741.7
0,743.6
0,744.3
0,743.7
0,743.7
0,744.5
0,743.2
0,743.5
0,743
0,743.3
0,743.2
0,743.6
0,743.3
0,744.3
0,743.5
0,743.1
0,741.3
0,739.5
0,739.7
0,740.5
0,741
0,739.8
0,739.2
0,739
0,739.2
0,737.4
0,736.5
0,736.4
0,736.4
0,737
0,737.2
0,735.7
0,737.5
0,738.3
0,738.9
0,740.9
0,740.5
0,741.2
0,742.1
0,740.7
0,740.9
0,743.2
0,745.8
0,745.8
0,744.8
0,744.7
0,745.4
0,745.5
0,746.2
0,747
0,747.6
0,748.5
0,748.6
0,749.8
0,750.1
0,749.1
0,749.2
0,749.8
0,750.1
0,750.7
0,749.6
0,750.2
0,750.4
0,750.4
0,752.8
0,749.7
0,749.7
0,748.3
0,747.9
0,748.4
0,748.5
0,750.2
0,750.4
0,751.2
0,750.6
0,749.3
0,748.8
0,748.7
0,748
0,748.4
0,748.4
0,747.9
0,749.1
0,749
0,748.7
0,748.4
0,749
0,748.7
0,750.3
0,749
0,748.2
0,747.5
0,747.9
0,748.2
0,748.5
0,748
0,746.1
0,747.1
0,747.9
0,749
0,749.3
0,749.5
0,749.9
0,748.8
0,748.8
0,749.2
0,749.4
0,749.4
0,749.2
0,749
0,749.7
0,748.5
0,748.7
0,749.1
0,748.9
0,748.7
0,749.1
0,748.8
0,749.1
0,749.1
0,748.8
0,748
0,748.1
0,748.1
0,748.6
0,748.8
0,748.4
0,748.6
0,749
0,748.7
0,748.5
0,748.7
0,748.9
0,749.1
0,749.2
0,749
0,749.2
0,748.7
0,748.5
0,747.8
0,747.8
0,747.6
0,746.8
0,745.8
0,745.7
0,747
0,747.9
0,748.1
0,748.1
0,747.5
0,747
0,747.2
0,746.8
0,747.4
0,748.2
0,748.6
0,748.4
0,748.6
0,748.6
0,748.6
0,748.6
0,748.6
0,748.6
0,748.4
0,748.6
0,748.4
0,748
0,747.7
0,747.8
0,747.3
0,747.4
0,747.5
0,747.3
0,747.4
0,747.2
0,747.5
0,746.7
0,746.7
0,746.5
0,746.1
0,745.8
0,746.1
0,746.9
0,747.1
0,747.5
0,747.5
0,747.2
0,747.9
0,748.1
0,748.2
0,749.5
0,750.5
0,750.7
0,749.6
0,749.2
0,749.3
0,749.7
0,750.4
0,750.5
0,749
0,748.1
0,749.6
0,749.7
0,750
0,751.5
0,752.7
0,753.1
0,753.5
0,752.9
0,752.7
0,752.9
0,754.6
0,754.6
0,753.2
0,752.8
0,753
0,753.2
0,753
0,753.2
0,753
0,753
0,753
0,752.7
0,753.1
0,753.4
0,753.5
0,754
0,754.4
0,753.9
0,753.4
0,753.8
0,754.2
0,754.3
0,754.5
0,755.2
0,755.9
0,755.4
0,755.9
0,755.6
0,755.7
0,757
0,757.8
0,756.7
0,756.5
0,755.3
0,754.9
0,753.9
0,755
0,754.4
0,755.5
0,755.6
0,754
0,754.3
0,754.3
0,753.6
0,753.9
0,754.3
0,753.5
0,753.4
0,752.8
0,752.4
0,752.3
0,752.5
0,751.5
0,750.7
0,750.9
0,751.3
0,751.3
0,751.5
0,752.5
0,752
0,751.6
0,752
0,752.6
0,752.6
0,752.3
0,751.9
0,752.6
0,751.5
0,751.3
0,750.9
0,751.2
0,750.6
0,752.3
0,752.6
0,752.3
0,752.1
0,752
0,751.6
0,752.2
0,752
0,752
0,752.5
0,752.2
0,750.8
0,751
0,751.2
0,751.1
0,750.5
0,750.7
0,750.6
0,751
0,750.1
0,750.4
0,750.4
0,750.7
0,750.5
0,750.7
0,750.3
0,750.8
0,750.9
0,750.9
0,750.4
0,751.6
0,750.4
0,750.2
0,750
0,750.7
0,751
0,751.1
0,751.7
0,750.9
0,751.3
0,751.7
0,752
0,751.9
0,752.6
0,752
0,751.5
0,751.4
0,751.8
0,752.5
0,752.1
0,752.3
0,752.2
0,752.5
0,752.5
0,752.5
0,752.8
0,753.6
0,753.8
0,754.3
0,756.2
0,756.5
0,756.6
0,756.3
0,755.5
0,754.4
0,755.3
0,756.2
0,755.7
0,755.5
0,755.4
0,755.5
0,756.1
0,756.2
0,756.2
0,756
0,755.9
0,756.9
0,756.6
0,758
0,759
0,758.4
0,758.6
0,757.9
0,758.2
0,759.5
0,760.4
0,761.3
0,761.2
0,760.5
0,759
0,758.8
0,758.5
0,760
0,761.4
0,761.2
0,761.1
0,760.9
0,760.8
0,760.4
0,760.6
0,760.7
0,762.2
0,763
0,762.2
0,762
0,761.5
0,760.8
0,760.1
0,760.8
0,760.6
0,761.5
0,762.2
0,761.9
0,760.9
0,762.4
0,761.9
0,761.4
0,762.9
0,762.1
0,761.7
0,761
0,760.9
0,760
0,760.4
0,760.2
0,760.9
0,759.8
0,760.2
0,760.6
0,761.1
0,761.6
0,761.5
0,762.5
0,763.5
0,763.7
0,762.2
0,763.6
0,764
0,764
0,763.3
0,763.6
0,764
0,763.5
0,764
0,763.7
0,764.2
0,765.6
0,765.9
0,765.6
0,765.2
0,764.9
0,765.7
0,764.9
0,765.9
0,766.9
0,768.1
0,768.3
0,768.8
0,769.4
0,769.5
0,770.3
0,769.8
0,770.7
0,770.2
0,769.8
0,770.5
0,770.7
0,772
0,772.6
0,771.6
0,771.7
0,771.1
0,770.5
0,770.5
0,771.9
0,772.4
0,771.1
0,769.5
0,766.6
0,758.4
0,758.1
0,754.2
0,754.2
0,757.5
0,757.4
0,754.8
0,754.8
0,757
0,754.6
0,753.8
0,749.9
0,751.3
0,749.2
0,749.4
0,748.4
0,749.6
0,750.5
0,752.5
0,752.5
0,755.1
0,756.9
0,755
0,752.7
0,751.8
0,752.2
0,752.9
0,751.1
0,753.5
0,751.7
0,750.2
0,751.4
0,750.9
0,748.5
0,749.6
0,750.6
0,751.2
0,752.8
0,753.2
0,753.6
0,755.5
0,755.6
0,753.9
0,754.7
0,755.8
0,757
0,754.5
0,753.4
0,751.6
0,752.3
0,752.6
0,752.5
0,753.9
0,755.3
0,755.3
0,755.8
0,756.8
0,755.6
0,756.1
0,757.6
0,757.3
0,755.6
0,753.9
0,752.5
0,754.6
0,752.4
0,753.7
0,753.5
0,754.7
0,755.5
0,756.2
0,755.6
0,755.8
0,757.8
0,755.6
0,756.1
0,756
0,756.2
0,755.7
0,755.7
0,754.9
0,755.9
0,756.3
0,755.7
0,755.1
0,755.2
0,754.1
0,752.7
0,753.2
0,754.2
0,755.2
0,755.2
0,756.9
0,757
0,755.7
0,755.7
0,756.4
0,755.9
0,754.9
0,754.9
0,757.1
0,756.3
0,757.9
0,757
0,757.7
0,757.6
0,755.5
0,756.2
0,756.3
0,755.5
0,755.8
0,755.3
0,754.7
0,755.2
0,754.7
0,754.9
0,755.1
0,754.4
0,755.4
0,755.8
0,755.9
0,756.1
0,754.8
0,756.1
0,756.9
0,757.2
0,758.2
0,757.7
0,757.7
0,757.8
0,759
0,759.1
0,760.4
0,758.2
0,757.8
0,758.1
0,757.9
0,757.5
0,758.4
0,758
0,759.3
0,759
0,759.9
0,760.2
0,760.3
0,759.4
0,758.8
0,759.1
0,759.8
0,760.8
0,761.1
0,760.2
0,759.4
0,758.9
0,759.1
0,759.9
0,760.6
0,760.7
0,760.6
0,761.2
0,760.5
0,759.7
0,759.2
0,759.7
0,759.8
0,759.9
0,758.3
0,757.9
0,758.1
0,758.5
0,758.2
0,758.8
0,759.1
0,758.8
0,758.7
0,760.9
0,760.7
0,760.2
0,759.6
0,759
0,758.8
0,758.3
0,758.2
0,758.3
0,757.6
0,758.4
0,758.5
0,758.3
0,759.1
0,758.7
0,758.2
0,759
0,758.3
0,758.2
0,758.6
0,758.2
0,758.2
0,758
0,758.3
0,758.1
0,757.9
0,758.3
0,758
0,758.5
0,759
0,759.2
0,758.9
0,758.1
0,757.8
0,757.6
0,758
0,758.5
0,758.4
0,757.9
0,758
0,758.3
0,758.4
0,758.3
0,758.3
0,758
0,756.9
0,756.7
0,756.7
0,757.1
0,757.4
0,758.1
0,758.2
0,758.2
0,758.2
0,758.6
0,759.6
0,760.9
0,761.6
0,762
0,760.7
0,761.5
0,760.5
0,761.4
0,762.8
0,763.6
0,762.8
0,762.1
0,761.6
0,762.5
0,762.3
0,762.3
0,761.7
0,762
0,761.5
0,761.4
0,761.9
0,761.5
0,761.1
0,760.9
0,761.6
0,761.5
0,761.8
0,762.3
0,762.4
0,761.8
0,763
0,763.5
0,763.3
0,763.5
0,763.7
0,763.8
0,763.2
0,762.8
0,762.6
0,762.5
0,762.9
0,762.7
0,762.9
0,762.9
0,762.5
0,762.5
0,762
0,762.5
0,762.3
0,762.6
0,763.2
0,763.7
0,764.3
0,764.3
0,764.3
0,764.3
0,765.1
0,766.1
0,766.3
0,767.1
0,767.6
0,767.8
0,768.1
0,768.1
0,768
0,768.2
0,768.2
0,768.7
0,768.6
0,768.7
0,767.7
0,768.3
0,769.7
0,770.1
0,771
0,769.8
0,770.1
0,769.9
0,770.2
0,769.2
0,769.3
0,770.1
0,771.6
0,770.3
0,769.7
0,769.9
0,767.8
0,766.4
0,766
0,766
0,762.2
0,761
0,761.3
0,759.8
0,759.4
0,758.8
0,757.8
0,757.6
0,756.4
0,757.3
0,758.3
0,756.5
0,756
0,758
0,758.5
0,759.3
0,759.9
0,759.5
0,759.6
0,760
0,759
0,759.6
0,760.5
0,760.1
0,760.3
0,761.9
0,762.5
0,761.2
0,760.9
0,761.4
0,761.1
0,760.9
0,761.3
0,761.5
0,761.7
0,761.6
0,760.8
0,760.7
0,760.9
0,760.7
0,761.2
0,760.6
0,762.2
0,762
0,762
0,762.6
0,762.4
0,762.9
0,763.4
0,763.4
0,763.3
0,763.7
0,763.5
0,764.6
0,762.6
0,762
0,760.3
0,758.8
0,757.5
0,758
0,756
0,757.3
0,757.4
0,757.4
0,757.3
0,757
0,756.3
0,754.9
0,755.1
0,754.7
0,754.4
0,753.9
0,753.7
0,753.7
0,752.6
0,752.9
0,752.6
0,752.6
0,752.8
0,751.2
0,751.7
0,750.3
0,748.5
0,747.6
0,747.5
0,746.2
0,746.2
0,746.3
0,745.1
0,744.9
0,743.1
0,742.1
0,741.9
0,741.5
0,740.7
0,741.2
0,740.8
0,742
0,741.6
0,742.9
0,742.5
0,741.8
0,741.5
0,741.9
0,742.2
0,742
0,741.3
0,742.2
0,739.3
0,738.6
0,737.2
0,735.1
0,734.2
0,732.2
0,730.9
0,730.6
0,730.6
0,730.1
0,728.3
0,729.2
0,730.1
0,729.4
0,729
0,730.8
0,729.1
0,730.4
0,728.8
0,729.3
0,728.4
0,727.9
0,728.6
0,727.7
0,728.7
0,731.2
0,731.3
0,731.9
0,730.2
0,732
0,734.3
0,735.2
0,734.7
0,734.3
0,733.6
0,734.4
0,734.7
0,734.9
0,734.7
0,735.2
0,735.8
0,736.9
0,737.4
0,739.5
0,739.7
0,739.8
0,739.6
0,740
0,739.1
0,735
0,734.3
0,734.9
0,737.1
0,737.6
0,737.8
0,737.7
0,736.4
0,736.1
0,737.5
0,737.3
0,738.5
0,755.9
0,758.4
0,761
0,759.4
0,758.6
0,752.7
0,753.4
0,752.9
0,753.1
0,754.8
0,756.8
0,754.3
0,754.3
0,753.5
0,753.9
0,752
0,750.2
0,750.2
0,750.9
0,751.8
0,751.1
0,752.1
0,752.1
0,752
0,749.9
0,750.8
0,750.6
0,752
0,750.8
0,752.2
0,752.8
0,753.3
0,751.8
0,753.4
0,752.2
0,751
0,750.6
0,752
0,751.6
0,750.6
0,749.9
0,754.2
0,754.9
0,756.9
0,756.7
0,755.3
0,756.3
0,755.2
0,756
0,755.6
0,757
0,756
0,756.1
0,757.1
0,757.1
0,756.7
0,757.3
0,757.7
0,758.2
0,759.5
0,757.5
0,756.7
0,756.5
0,755.9
0,755.8
0,755.5
0,755.7
0,753.8
0,753.9
0,754.5
0,756.1
0,757.6
0,758.3
0,759.7
0,759.8
0,761
0,757.2
0,756.9
0,756.8
0,757.1
0,756.1
0,762.4
0,766.4
0,766.6
0,765.9
0,764.4
0,764
0,764.4
0,767.2
0,765.8
0,765.3
0,764.2
0,765
0,765.2
0,766.5
0,766
0,768.2
0,769.5
0,770.8
0,772.8
0,770.7
0,767.5
0,766.8
0,767.1
0,768.2
0,768.8
0,769.5
0,768.9
0,769.3
0,767.6
0,767.5
0,767.4
0,766.7
0,765.3
0,765.6
0,765.3
0,766.2
0,766
0,766.5
0,767.3
0,767.1
0,767.7
0,765.8
0,766.3
0,766.3
0,765.9
0,766.7
0,767.5
0,766.5
0,766.7
0,768.1
0,768.8
0,767.6
0,768.5
0,768.6
0,768.6
0,769.3
0,769.6
0,769.5
0,769.1
0,768.8
0,769.1
0,768
0,766.7
0,765.6
0,765.5
0,765.8
0,767.7
0,765.9
0,764.7
0,765.2
0,764
0,765.3
0,764.7
0,763
0,763.5
0,763.6
0,766.2
0,766.6
0,767.1
0,767.7
0,766.1
0,765.5
0,765.6
0,764.1
0,764.6
0,764.3
0,764
0,764.7
0,764.2
0,763.5
0,763.7
0,763.7
0,763
0,763.2
0,762.5
0,762.5
0,762.8
0,763.8
0,763
0,762.8
0,762.3
0,763.5
0,764.1
0,765.1
0,765.4
0,765.4
0,764.9
0,764.6
0,764.6
0,765
0,765.1
0,765.1
0,765.1
0,765.5
0,768
0,767.6
0,767.1
0,766
0,766.6
0,767
0,765.8
0,766.8
0,766.5
0,766.7
0,766.3
0,766.1
0,765.4
0,764.2
0,763.9
0,763.7
0,764.1
0,764.7
0,764.2
0,763.5
0,764.1
0,765.5
0,765.5
0,764.5
0,764.5
0,764
0,764
0,763.8
0,764.7
0,764.8
0,765.2
0,764.9
0,764.9
0,764.9
0,765.3
0,765
0,764.5
0,765.4
0,765
0,764.7
0,764.2
0,763.9
0,764.2
0,766
0,767.3
0,767.2
0,768.4
0,769
0,768.4
0,769
0,768.3
0,768.4
0,768.9
0,768.7
0,769.3
0,769.4
0,770.2
0,770.4
0,771
0,771.4
0,771.7
0,772.5
0,774.6
0,773.6
0,775.6
0,775.2
0,774.5
0,774.6
0,775.5
0,775.2
0,775.5
0,774.7
0,774.8
0,774.7
0,774.6
0,774.3
0,774.5
0,774.6
0,774.2
0,773.6
0,772.7
0,772.2
0,772.7
0,771.5
0,772
0,771.9
0,770.6
0,770.7
0,771.9
0,772.2
0,772.7
0,772.7
0,772
0,772.4
0,772.6
0,773.3
0,772.5
0,772.1
0,772.8
0,772.6
0,772.5
0,772.2
0,771.7
0,770.8
0,770.3
0,769.5
0,769
0,770
0,770.8
0,772.4
0,774.1
0,773.6
0,773.3
0,772.6
0,772.8
0,773
0,773.2
0,774
0,774.3
0,773.9
0,774.7
0,774.5
0,773.1
0,773.6
0,773.6
0,773.8
0,773.3
0,771.9
0,771
0,771.5
0,771.4
0,771.4
0,772
0,771.6
0,771.6
0,772
0,773.9
0,774.7
0,774
0,773.3
0,773.5
0,774.2
0,774.3
0,774.3
0,773.7
0,773.6
0,773.5
0,773.6
0,773.9
0,773.7
0,772.9
0,772.5
0,772.1
0,771.6
0,771.9
0,771.7
0,770.5
0,770.4
0,771
0,770.6
0,771.7
0,772.1
0,772
0,771.9
0,771.9
0,772.4
0,774.2
0,773.8
0,772.7
0,772.6
0,772.2
0,771.9
0,771.8
0,771.5
0,772.6
0,772.4
0,772.4
0,774.3
0,775.4
0,775.5
0,774.7
0,775.7
0,774.1
0,772.9
0,772.3
0,771
0,770.1
0,770.3
0,772.2
0,774.3
0,774.3
0,774.7
0,774.6
0,774.9
0,777.2
0,776.8
0,777.1
0,776.8
0,776
0,775.7
0,776.3
0,776.7
0,776.3
0,777
0,776.6
0,776
0,776.2
0,775.6
0,775.3
0,774.6
0,775.6
0,774.6
0,776
0,776.1
0,775.9
0,777.2
0,778
0,777.7
0,776.6
0,776.8
0,777.1
0,776.9
0,777.3
0,778.2
0,777.2
0,777.6
0,775.4
0,774.5
0,774.1
0,774.5
0,774.5
0,774.5
0,772.8
0,773.9
0,776.6
0,778.5
0,781
0,781.6
0,782.6
0,782.4
0,782.4
0,782.2
0,782.7
0,782.4
0,783.2
0,782.6
0,781
0,783
0,782.2
0,781.5
0,783.7
0,783
0,782.9
0,782.7
0,783
0,782.2
0,782.4
0,783.4
0,783.5
0,783.7
0,784
0,784.8
0,785.2
0,784.9
0,785.9
0,785.5
0,785
0,786.3
0,787
0,787.2
0,787
0,787.2
0,786.5
0,788.9
0,788.5
0,789.5
0,790.1
0,789.8
0,789.9
0,789.8
0,789.9
0,789.6
0,790.6
0,789.9
0,789.3
0,789.1
0,787.7
0,787.8
0,785.8
0,785.9
0,785.2
0,785.3
0,785.3
0,785.3
0,783.6
0,784.8
0,784.9
0,786.5
0,786.4
0,786.2
0,786.9
0,794.4
0,797
0,798.4
0,797.2
0,796.6
0,799.4
0,799.2
0,799.9
0,796.7
0,795.8
0,795.7
0,799.2
0,797.4
0,798.2
0,797
0,796
0,795.2
0,794.9
0,793.7
0,791.8
0,791.4
0,790.2
0,790.4
0,789.8
0,787.1
0,787.6
0,787
0,789.2
0,790.9
0,789.9
0,790.8
0,792.9
0,796.3
0,796.7
0,796.2
0,795.2
0,792.3
0,794.5
0,796.6
0,799.4
0,796.9
0,796.5
0,797.3
0,797.6
0,798.4
0,798.6
0,797.5
0,797.3
0,797.1
0,796.5
0,797.5
0,797.2
0,795.7
0,796.2
0,795.2
0,795.9
0,794.4
0,795.6
0,796.2
0,797.1
0,795.3
0,797.5
0,797.3
0,797.7
0,797.2
0,796.2
0,796.7
0,797.4
0,796.4
0,796.1
0,795.8
0,795.2
0,794.9
0,795.9
0,795.4
0,794.4
0,794.7
0,794.1
0,793.7
0,795.2
0,795.4
0,795.5
0,795.4
0,795.5
0,795
0,795.1
0,794.9
0,794.8
0,794.1
0,792.7
0,792.3
0,792.6
0,793
0,792.4
0,792.8
0,794.1
0,793.2
0,794
0,793.1
0,792.6
0,793.6
0,791.9
0,792.4
0,792.9
0,791.7
0,790.8
0,790.1
0,791.2
0,790.5
0,793.7
0,795.3
0,794.5
0,792.9
0,794.5
0,795.6
0,794
0,792.8
0,794.9
0,794.7
0,795.2
0,795.5
0,797.1
0,796.9
0,796.6
0,794.3
0,794.2
0,793.5
0,795.3
0,796.2
0,795.8
0,795.2
0,794.4
0,794.8
0,795
0,795.2
0,795.9
0,794.3
0,794
0,795.2
0,795.8
0,796.3
0,795.3
0,794.9
0,794.9
0,795.7
0,797.2
0,797.7
0,797.8
0,797.6
0,797.3
0,797.1
0,797
0,796.9
0,798.1
0,797.6
0,796.5
0,796.7
0,796.4
0,796
0,796.8
0,797.8
0,798.5
0,798.1
0,798.3
0,799.3
0,800.2
0,800
0,799.8
0,799.7
0,800.6
0,800.6
0,801
0,801.2
0,800.8
0,801.9
0,801.2
0,801.9
0,801.9
0,801.3
0,800.7
0,801
0,802.4
0,802.3
0,802.8
0,802.9
0,802.4
0,800.8
0,799.8
0,800.6
0,800.4
0,800.9
0,800.4
0,800.2
0,799.5
0,799.5
0,799.9
0,800.2
0,800.1
0,800
0,800.8
0,801.1
0,800.8
0,801.3
0,801.6
0,802
0,801.8
0,801.9
0,801.5
0,801
0,802.2
0,802
0,802.2
0,802
0,802.2
0,802.8
0,803.2
0,803.6
0,803.6
0,803.3
0,803.1
0,802.8
0,803.4
0,803.1
0,804.9
0,805.5
0,804.7
0,805.1
0,804.9
0,805.6
0,804.6
0,803.9
0,804.5
0,804.9
0,805.5
0,805.5
0,805.4
0,804.9
0,805.6
0,805.4
0,805.4
0,805.1
0,805.1
0,803.3
0,802.5
0,802.6
0,802.2
0,802.6
0,802.8
0,802.6
0,803
0,803.9
0,804.9
0,805.3
0,803.9
0,804.2
0,804.6
0,804.7
0,804.6
0,804.6
0,804.4
0,804.9
0,805.5
0,805.9
0,805.7
0,806.4
0,805.9
0,806.4
0,806.5
0,806.4
0,806.2
0,805.9
0,806.4
0,806.3
0,806
0,806
0,805.7
0,804.6
0,805
0,804.4
0,805.1
0,805
0,805.7
0,806.5
0,806
0,806
0,805.1
0,805.2
0,805.1
0,805
0,805
0,804.5
0,804.8
0,804.1
0,803.2
0,803.2
0,803.4
0,803.2
0,803.4
0,803.4
0,803.9
0,804
0,804.5
0,805.8
0,805.5
0,805.2
0,805.3
0,805.5
0,805.1
0,804.5
0,804.1
0,804.3
0,804.4
0,804.2
0,804
0,804.9
0,805.3
0,805.4
0,805
0,804.2
0,804.5
0,804.6
0,804.2
0,804.2
0,804.8
0,804.9
0,805.5
0,805.8
0,805.7
0,806.1
0,805.4
0,805
0,804.8
0,804.9
0,805.2
0,805
0,804.5
0,805.5
0,805
0,805.4
0,805.3
0,805.2
0,805.6
0,806
0,805.6
0,805
0,805.3
0,805.2
0,805.4
0,805.2
0,806
0,805.5
0,805.8
0,806.2
0,806.1
0,806.4
0,806.3
0,806.3
0,806.3
0,805.7
0,805.3
0,805.3
0,804.9
0,805.1
0,805.1
0,805.1
0,804.6
0,804.4
0,804.7
0,805.3
0,804.8
0,805.4
0,805.3
0,804.6
0,804.4
0,804.6
0,804
0,803.8
0,804.6
0,804.6
0,804.1
0,803.6
0,804
0,804.8
0,804.5
0,801.6
0,802
0,801.3
0,801.8
0,802.2
0,802.9
0,803.7
0,804.4
0,804.3
0,804.4
0,805
0,805.2
0,805.6
0,806.1
0,805.1
0,804.8
0,804.2
0,804.1
0,804
0,804.1
0,804.9
0,805.7
0,805.7
0,806.1
0,807.2
0,805.1
0,806.4
0,805.8
0,807.2
0,807.1
0,806.4
0,806.4
0,806.6
0,806.6
0,806
0,804.6
0,805
0,804.1
0,803.7
0,804.1
0,803.7
0,804.3
0,804.7
0,803.9
0,803.7
0,803.2
0,803.6
0,804.2
0,803.9
0,804.1
0,804.6
0,804
0,805.5
0,804.8
0,804.3
0,805.6
0,806.2
0,805.8
0,805.8
0,807
0,807.7
0,805.8
0,805.7
0,805.6
0,804.7
0,804.7
0,805.7
0,806.5
0,806.3
0,806.3
0,807.7
0,807.6
0,808
0,808.9
0,808.6
0,808.5
0,808.8
0,809.5
0,809.4
0,809.3
0,809.3
0,810.1
0,809
0,809.4
0,808.8
0,809.5
0,809.9
0,809.8
0,809.7
0,809.5
0,809.1
0,809.2
0,808.9
0,809.2
0,809.1
0,809.9
0,809.6
0,809.3
0,809.8
0,809.7
0,809.8
0,809.3
0,809.6
0,809.4
0,809.5
0,809.7
0,809.2
0,809.2
0,809.5
0,808.9
0,808.6
0,808.3
0,808.5
0,809.3
0,792.5
0,794.1
0,796.6
0,799.1
0,799.8
0,799.9
0,799.1
0,797.8
0,797.3
0,796.4
0,798.5
0,801.1
0,799.7
0,800.2
0,801
0,801.3
0,801
0,804.1
0,803.5
0,803.5
0,804.7
0,804.5
0,804.7
0,805.3
0,803.3
0,802.8
0,801.9
0,802.8
0,802.2
0,803.7
0,802.8
0,805
0,806.2
0,805.4
0,806.9
0,806.5
0,805.7
0,804.2
0,804.4
0,804.3
0,805.1
0,805.2
0,805.6
0,805.5
0,806.1
0,805.3
0,805.1
0,805.4
0,806
0,806.8
0,805.9
0,805.8
0,805.6
0,807
0,807
0,807.5
0,807.9
0,808.5
0,808.6
0,809.2
0,808.9
0,808.8
0,808
0,807.5
0,807.8
0,808
0,809
0,808.5
0,807.5
0,808.1
0,808.4
0,808.7
0,809.1
0,809.2
0,809.4
0,808.5
0,808.1
0,808.7
0,808.4
0,809
0,809.5
0,809.6
0,809.3
0,809.7
0,809.7
0,809.2
0,808.6
0,808.9
0,809.3
0,809.6
0,809.3
0,809.4
0,809.6
0,809.5
0,809.4
0,809.2
0,809.2
0,809.2
0,809.2
0,809
0,809
0,809.3
0,809.7
0,809.3
0,809.5
0,809.7
0,809.7
0,809.6
0,809.2
0,809.3
0,809.7
0,809.6
0,809.5
0,809.1
0,809.4
0,808.9
0,808.8
0,808.6
0,808.7
0,808.5
0,808.8
0,809.3
0,809.5
0,809.5
0,809.4
0,809.4
0,809.2
0,808.6
0,808
0,809.1
0,809.1
0,808.4
0,808.5
0,808.4
0,808.3
0,809.1
0,810
0,809.6
0,809.7
0,808.9
0,809.4
0,809.5
0,809.8
0,809.7
0,809.4
0,809.8
0,809.6
0,809.4
0,809.3
0,809.4
0,809.6
0,809.6
0,809.7
0,809.9
0,810
0,810
0,809.7
0,809.9
0,809.7
0,809.4
0,809.8
0,809.7
0,810.2
0,810
0,811
0,810.8
0,811.4
0,811.3
0,811.3
0,811.4
0,811.6
0,811.1
0,810.8
0,810.6
0,810.6
0,810.5
0,809.7
0,809.8
0,809.6
0,809.8
0,809.8
0,810.1
0,810.9
0,810.4
0,810.5
0,810.5
0,810.4
0,810.6
0,810.6
0,810.6
0,810.8
0,810.2
0,810.4
0,810.6
0,810
0,810.3
0,810.9
0,810.6
0,810.3
0,810.5
0,810.7
0,810.7
0,810.6
0,810.7
0,811.1
0,811.3
0,812.1
0,812.4
0,812.2
0,812.3
0,811.8
0,812.3
0,812.3
0,812.4
0,814.5
0,812.9
0,812.2
0,812.4
0,812.3
0,812.2
0,812.4
0,811.6
0,811.9
0,812.2
0,812.2
0,811.8
0,811.8
0,812.1
0,811.9
0,811.8
0,812.1
0,812
0,812.5
0,812
0,812
0,812
0,811.7
0,811.2
0,810.9
0,810.8
0,812
0,811.6
0,811.7
0,812
0,811.3
0,812.2
0,811.8
0,811.7
0,811.7
0,811.9
0,811.7
0,812
0,812.1
0,812.7
0,812.6
0,811.6
0,812.8
0,813.1
0,813.1
0,812.6
0,811.7
0,811
0,811.3
0,811.9
0,812.3
0,812.6
0,811.8
0,811.2
0,811.7
0,811.5
0,811.9
0,812.2
0,812.5
0,812.3
0,812.3
0,811.8
0,811.5
0,811.7
0,811.8
0,811.7
0,811.7
0,811.6
0,811.4
0,812
0,813.4
0,813.4
0,813.6
0,813.7
0,813.8
0,813.7
0,814.8
0,814.5
0,814.2
0,813.6
0,813.4
0,812.8
0,812.3
0,812
0,812.1
0,811
0,811.6
0,811.5
0,811.5
0,811.5
0,812.1
0,812.2
0,812.6
0,812.3
0,813.4
0,813
0,813.4
0,813.3
0,813.5
0,813.5
0,813.2
0,813.3
0,813
0,812.9
0,813
0,813.2
0,813.4
0,813.9
0,814.1
0,814.5
0,814.9
0,815
0,815.1
0,815.1
0,816.2
0,817.3
0,818.4
0,817.8
0,817.5
0,818
0,818.2
0,818
0,818.1
0,817.2
0,817.3
0,816.4
0,816.5
0,816.2
0,815.2
0,815.5
0,815.6
0,815.2
0,815.2
0,815.7
0,815.5
0,815.3
0,815.1
0,814.7
0,815.2
0,814.9
0,814.3
0,814.6
0,815.4
0,815.4
0,815.8
0,815.8
0,815.9
0,815.9
0,815.5
0,814.6
0,816.2
0,816.6
0,817.2
0,817.5
0,817.8
0,818.1
0,817.6
0,818.4
0,816.9
0,818.9
0,818.6
0,818.3
0,818.3
0,818.6
0,818.1
0,817.9
0,818.1
0,818.3
0,817.3
0,817.3
0,816.3
0,816.9
0,816.6
0,816.4
0,816.7
0,816.4
0,816.3
0,816.4
0,817.6
0,818
0,816.4
0,816.9
0,817.1
0,817.9
0,816.8
0,815.5
0,814.8
0,815.1
0,814.6
0,814.9
0,814.2
0,814.3
0,814.4
0,814.5
0,815.4
0,815.2
0,815.8
0,814.9
0,815.3
0,815.1
0,815.5
0,815.8
0,815.4
0,814.8
0,815.1
0,814.6
0,815.1
0,816
0,816.1
0,816.6
0,816.6
0,815.2
0,815.1
0,815.8
0,816.3
0,815.2
0,815.1
0,815.2
0,815.3
0,814.9
0,816
0,816.7
0,816.2
0,815.1
0,815.6
0,815.9
0,816.4
0,816.6
0,816.9
0,817.3
0,817.6
0,818.3
0,818.3
0,819.7
0,819.6
0,818.4
0,819.4
0,819.5
0,819.8
0,820.1
0,820.1
0,820.1
0,819.3
0,816.9
0,817.7
0,818.3
0,817.9
0,818.9
0,819.3
0,818.3
0,817.5
0,816.6
0,817.8
0,818.3
0,819
0,818.7
0,818.3
0,818.8
0,819.3
0,821.4
0,827
0,827.1
0,828.8
0,829.9
0,831.3
0,831.6
0,834.1
0,833.1
0,834.4
0,830.9
0,831
0,833.9
0,834.8
0,833.8
0,833.6
0,833.9
0,833
0,834.1
0,836.8
0,837
0,835.4
0,834.9
0,837
0,835.8
0,834.4
0,835
0,833.5
0,834.1
0,835.1
0,835.9
0,833.9
0,833.7
0,834.3
0,835.2
0,835.3
0,836.3
0,836.2
0,837.5
0,838.5
0,838.4
0,839.3
0,838
0,837.1
0,836
0,835.6
0,835.3
0,835.9
0,836.4
0,837.6
0,837.6
0,838.4
0,837.3
0,836.9
0,836
0,836
0,834.5
0,834.1
0,833.6
0,831.8
0,832
0,832.1
0,832.3
0,832.3
0,833.5
0,832.2
0,832.1
0,832.9
0,833.1
0,833.4
0,833.8
0,832.7
0,833
0,834.5
0,834.3
0,835.4
0,835.8
0,835.4
0,835.9
0,836.2
0,835.7
0,835.6
0,836.7
0,836.2
0,837.4
0,836.3
0,836.2
0,836.3
0,837.2
0,837.7
0,838.5
0,838.7
0,839.8
0,842.8
0,841.8
0,841.9
0,840.2
0,840
0,839.7
0,839.5
0,838.7
0,838.4
0,838.9
0,837.5
0,837.4
0,837.5
0,838.2
0,837.3
0,837.9
0,837.7
0,836.7
0,837.7
0,837.3
0,838.1
0,839
0,838.8
0,838.9
0,839
0,839.5
0,839.3
0,839.9
0,841
0,840.7
0,840.6
0,841.9
0,841.7
0,843.4
0,844.1
0,844.5
0,845
0,845.9
0,845.4
0,844.9
0,845.2
0,846.6
0,846.2
0,845.3
0,845.1
0,845
0,845.2
0,845.1
0,844.8
0,845.3
0,844.7
0,844.8
0,844.7
0,844.5
0,845.5
0,845.2
0,846.1
0,846.9
0,845.5
0,845.6
0,844.9
0,844.9
0,845.2
0,845.1
0,845.3
0,845.1
0,845
0,845.2
0,845.6
0,845.4
0,845.9
0,846.1
0,846.1
0,845.7
0,844.9
0,845
0,845.5
0,845.7
0,845.6
0,846.8
0,848.3
0,848.2
0,848.4
0,849.4
0,850.1
0,852.1
0,852.2
0,852.9
0,852.3
0,852.1
0,851.9
0,852.4
0,852.9
0,852.6
0,853
0,852
0,852.8
0,852.8
0,853.3
0,852.2
0,851.7
0,850.8
0,850.2
0,850.4
0,850.6
0,851.2
0,852.2
0,851.5
0,851.4
0,850.6
0,850
0,850.4
0,851
0,852.3
0,852.7
0,853.5
0,854.4
0,854.5
0,853.5
0,854.5
0,854.9
0,855.5
0,855.7
0,856.4
0,856.9
0,856.9
0,856.8
0,857.2
0,855.8
0,856
0,856.2
0,856.2
0,857.7
0,857.9
0,858.8
0,858.8
0,859.9
0,860.9
0,859.5
0,860.5
0,861.2
0,860.9
0,860.8
0,860.7
0,860.6
0,860.8
0,860.2
0,859.3
0,860.4
0,860.1
0,860
0,861.2
0,860.8
0,860.8
0,861.2
0,859.7
0,860.1
0,857.3
0,856.6
0,858.7
0,860.2
0,860.8
0,860.8
0,861.2
0,861
0,859.6
0,860.1
0,861
0,861.5
0,861.1
0,860.3
0,857.5
0,857.1
0,857.7
0,858.2
0,858.8
0,858.9
0,858.5
0,859.4
0,858.1
0,857.5
0,857.2
0,857.3
0,859
0,858.8
0,858.6
0,858.3
0,858.6
0,858.4
0,858.4
0,858.7
0,858.3
0,858.7
0,858.2
0,858.8
0,859.1
0,859.2
0,857.4
0,858.4
0,858
0,859
0,859
0,858.5
0,859.1
0,858.5
0,858.5
0,859
0,858.8
0,858.8
0,858.3
0,858.2
0,858
0,858.8
0,858.4
0,857.7
0,857.9
0,858.1
0,858.5
0,860
0,859.7
0,860
0,860
0,859.6
0,860.7
0,862
0,861.3
0,860.9
0,860.2
0,860.7
0,860.7
0,861.1
0,861.2
0,860.9
0,860
0,860.2
0,860.3
0,859.6
0,860
0,859.5
0,858.4
0,858.7
0,858.4
0,857.9
0,855.3
0,853.9
0,853.8
0,854.3
0,855.1
0,855.3
0,855.5
0,855.7
0,855.7
0,855.9
0,855.1
0,854.7
0,853.8
0,853.9
0,854.1
0,852.9
0,853.2
0,853.8
0,854.1
0,854.1
0,854.2
0,854
0,853.7
0,853.7
0,853.7
0,854.2
0,854.7
0,855.2
0,856.2
0,855.4
0,855
0,854.7
0,855.1
0,855.2
0,854.6
0,854.5
0,854.9
0,854.3
0,854.3
0,855
0,855.2
0,855.6
0,855.1
0,855.6
0,855.4
0,854.7
0,854.9
0,855.7
0,856
0,857.7
0,857.9
0,857.4
0,856.7
0,856.1
0,855.8
0,856.2
0,856.2
0,855.8
0,854.8
0,854.4
0,855.4
0,855.2
0,855.6
0,855.2
0,855.3
0,855.1
0,855
0,854.8
0,854.8
0,854.8
0,855
0,855.7
0,855.5
0,856
0,856.2
0,856.6
0,856.5
0,857.2
0,858.9
0,859
0,859.8
0,859.4
0,859.5
0,858.2
0,857.9
0,858.5
0,858.2
0,858.2
0,859
0,859
0,857.8
0,855
0,854.9
0,855.4
0,855
0,855.6
0,856.3
0,855.4
0,855.3
0,855.2
0,855.6
0,855.2
0,855.4
0,854.8
0,855.3
0,855.1
0,855.2
0,855
0,854.7
0,854.8
0,854.4
0,854.5
0,854.1
0,853.8
0,851.5
0,851.3
0,850.7
0,850.8
0,849.1
0,848.4
0,847.4
0,847.4
0,848.3
0,849
0,848.5
0,848
0,848.1
0,849.5
0,849.5
0,847.7
0,847
0,845.8
0,843.4
0,843.3
0,843.5
0,843.8
0,843.2
0,843
0,843.5
0,843.4
0,843.1
0,843.9
0,843
0,843.6
0,843.3
0,843.4
0,843.8
0,844
0,844
0,844.7
0,844.2
0,844
0,844.3
0,844.1
0,845.2
0,845.2
0,845.3
0,844.4
0,845
0,846
0,844.5
0,843.9
0,844.3
0,842.2
0,837.4
0,834.9
0,831
0,831
0,830.4
0,827.5
0,828.9
0,830.6
0,831.5
0,832.1
0,832.2
0,831.8
0,830.4
0,830.6
0,830.9
0,830.6
0,830.6
0,831.6
0,831.1
0,830.5
0,831.1
0,831
0,830.9
0,832.4
0,833.9
0,833.6
0,835.4
0,835.5
0,835.4
0,834.7
0,835.7
0,835
0,837.2
0,837.9
0,836.4
0,835.9
0,834.9
0,833.7
0,834.1
0,835
0,836.4
0,836.4
0,836.1
0,836.1
0,836.9
0,836.3
0,836.5
0,836.6
0,836.5
0,836.4
0,836.5
0,836.7
0,837.6
0,838.2
0,838
0,837.4
0,837.3
0,837.5
0,838.4
0,838.5
0,838.5
0,838.7
0,839
0,838.3
0,838.3
0,838.4
0,837.8
0,835.8
0,834.5
0,834.6
0,833.4
0,832.3
0,833.2
0,832.8
0,832.8
0,833.5
0,833.6
0,833.5
0,833.4
0,833.7
0,834.1
0,834.1
0,834.9
0,834.7
0,834.7
0,835
0,834.3
0,833.2
0,833.1
0,834.3
0,834.5
0,834.4
0,834.5
0,834.6
0,834.4
0,834.5
0,834.5
0,835.2
0,835.4
0,835.5
0,834.8
0,835
0,835
0,835
0,835.5
0,835.6
0,835.2
0,835.8
0,835.6
0,835.5
0,835.3
0,834.4
0,834.4
0,834.2
0,834.4
0,835.2
0,835.8
0,835.6
0,835.8
0,835.5
0,835.3
0,835.2
0,835.3
0,835.7
0,835.6
0,835.1
0,835.1
0,835.2
0,835.4
0,835.2
0,835.3
0,835.5
0,835.4
0,835.2
0,835.1
0,835.4
0,835.4
0,835.4
0,835.1
0,835.8
0,835.3
0,835.4
0,835.2
0,835.8
0,836.6
0,837.6
0,836.9
0,837.1
0,837.1
0,836.6
0,836.7
0,837.6
0,837.8
0,837.9
0,837.8
0,838.2
0,838.3
0,838.3
0,838.1
0,837.9
0,838.3
0,838
0,837.2
0,837.6
0,838.1
0,838.4
0,838.8
0,839
0,839.4
0,839.1
0,839.8
0,839.9
0,839.8
0,839.6
0,839.8
0,840.6
0,840.1
0,839.4
0,839.5
0,838.5
0,838.7
0,838.4
0,838.4
0,837.5
0,837.1
0,837.4
0,837.8
0,835.7
0,836
0,836.3
0,835.9
0,835.1
0,835.2
0,835.2
0,834.6
0,835.6
0,835.7
0,836.9
0,836.7
0,836.8
0,836.4
0,836.3
0,836.7
0,836
0,835.7
0,835.6
0,835.2
0,835.5
0,835.5
0,835.2
0,836
0,835.6
0,835.7
0,836.5
0,836.5
0,836.9
0,835.9
0,835.3
0,835.4
0,837.5
0,836.2
0,835.9
0,836.2
0,836.7
0,837.3
0,837.2
0,837.1
0,836.8
0,838
0,838
0,837.6
0,836.9
0,837
0,837.6
0,836.8
0,836.8
0,837.3
0,836.9
0,837.6
0,836.2
0,836.3
0,836.6
0,836.6
0,836.7
0,836.2
0,837.1
0,836.5
0,836.2
0,836.3
0,835.9
0,834.9
0,835.1
0,834.9
0,835
0,834.9
0,835.2
0,835.4
0,835.6
0,835.6
0,835.8
0,836.6
0,835.8
0,835.3
0,835
0,835.3
0,835.7
0,836
0,835.5
0,835.1
0,835.1
0,836.1
0,836.6
0,836.8
0,836.8
0,836.1
0,836
0,835.6
0,836
0,835.9
0,835.7
0,836.3
0,836.8
0,836.4
0,836.5
0,836
0,836.5
0,836.5
0,836.3
0,836.6
0,837.2
0,836.9
0,836.9
0,837.1
0,836.4
0,836.1
0,836.2
0,835.8
0,834.7
0,836
0,836.1
0,835.7
0,835.1
0,834.6
0,834.4
0,834.6
0,834.9
0,833.5
0,833.2
0,833.5
0,833.4
0,833.9
0,833.9
0,833.8
0,833.9
0,834.1
0,834.2
0,834.6
0,834.7
0,834.5
0,834.5
0,835
0,834.6
0,834.1
0,833.5
0,833
0,832.4
0,830.5
0,830.3
0,830.3
0,829.5
0,829
0,829.5
0,829.8
0,828.7
0,827.3
0,827.3
0,827.5
0,827.7
0,827.5
0,827.4
0,827.7
0,827
0,826.9
0,826.4
0,826.4
0,826.7
0,827.6
0,828.6
0,828.7
0,828.4
0,828.6
0,828.2
0,828
0,828.5
0,828.1
0,827.9
0,827.3
0,826.6
0,826.6
0,827.8
0,827.2
0,829.4
0,829.8
0,829.7
0,832.3
0,832.3
0,832
0,831.7
0,831.3
0,830.8
0,830.6
0,830.7
0,830.6
0,830.4
0,828.5
0,827.9
0,829.4
0,828.9
0,829.5
0,829.4
0,830.4
0,829.7
0,829.9
0,829.8
0,830.6
0,830.7
0,830.1
0,831.1
0,830.8
0,830.7
0,830.7
0,831.4
0,833
0,833.8
0,833.1
0,833.7
0,834
0,834.2
0,834.4
0,834.2
0,834.3
0,833.9
0,833.9
0,834.7
0,835.5
0,834.6
0,835.1
0,835.2
0,835.2
0,835
0,836.3
0,837.4
0,837.4
0,837.6
0,838
0,838.5
0,838.8
0,838.7
0,839.1
0,839.3
0,839.4
0,838.6
0,838.6
0,838.7
0,838.9
0,838.2
0,838.7
0,838.8
0,838.1
0,837.9
0,837.9
0,838.1
0,838.9
0,839.8
0,840.7
0,841.2
0,840.5
0,840.5
0,840.9
0,840.8
0,840.3
0,840.3
0,840.3
0,840.8
0,840.8
0,840.3
0,839.9
0,839.8
0,840.1
0,839.9
0,839.9
0,840.4
0,841.2
0,841.2
0,840.5
0,840.4
0,840.3
0,840.7
0,840.2
0,840.6
0,839.9
0,840.1
0,839.9
0,840.1
0,840.1
0,841.8
0,841.1
0,841.1
0,841.2
0,841.3
0,841.2
0,839.8
0,840
0,840.8
0,840.7
0,846.7
0,846.2
0,842.5
0,847.8
0,850
0,850.7
0,848.2
0,851.7
0,853
0,853
0,847.3
0,846.8
0,846.2
0,843.8
0,843.5
0,843.9
0,842.1
0,843.6
0,846.1
0,847.8
0,847.9
0,849.3
0,849
0,848.1
0,848.6
0,849.4
0,849.8
0,850.1
0,849.8
0,849.9
0,851.6
0,853.6
0,854
0,855.2
0,855
0,855.2
0,855.3
0,857.3
0,856.8
0,858.9
0,859.3
0,857.7
0,858
0,858.7
0,856.9
0,857.8
0,859.7
0,861.4
0,861.6
0,863
0,863.9
0,863.3
0,863.9
0,863.1
0,863.8
0,864.5
0,865.3
0,865.3
0,865.1
0,864.4
0,863.9
0,863
0,862
0,861.8
0,860.5
0,859.6
0,860
0,861.6
0,861.5
0,860.1
0,859.7
0,858.9
0,859
0,860.7
0,861.7
0,862.9
0,863.7
0,864.5
0,864.4
0,864.1
0,861.3
0,860.4
0,860.6
0,860.4
0,860.4
0,859.4
0,859.7
0,859
0,859.3
0,859.4
0,858.5
0,859.1
0,857.7
0,856.3
0,856
0,856.4
0,857.8
0,857.6
0,858.1
0,858.9
0,858.9
0,858.2
0,857.7
0,858
0,858.8
0,858.5
0,856.8
0,856.7
0,855.9
0,855.5
0,856.3
0,855
0,854.1
0,853.3
0,853.1
0,853.3
0,852.6
0,853
0,852.2
0,851.6
0,851.3
0,851.4
0,851.7
0,851
0,850.3
0,850.1
0,849
0,849.2
0,849.3
0,850.7
0,851.1
0,851.5
0,849.2
0,849.6
0,851.4
0,851.2
0,851.4
0,852.6
0,852.8
0,851.7
0,852.3
0,850.5
0,850.5
0,850.4
0,850.1
0,850.2
0,850.4
0,849.7
0,849.4
0,850.3
0,850.4
0,850.4
0,850.2
0,850
0,849.8
0,849.8
0,850.4
0,850.3
0,850.3
0,849.4
0,850
0,849.7
0,849.7
0,850.6
0,851
0,851.4
0,850.1
0,849.8
0,849.3
0,849.4
0,849.4
0,849.4
0,849.1
0,849.2
0,850.1
0,849.9
0,849.7
0,849.5
0,849.4
0,849.2
0,848.9
0,848.7
0,848.2
0,848
0,848.3
0,848.5
0,848.3
0,848.5
0,848.4
0,848.4
0,848.1
0,847.6
0,847.4
0,846.9
0,845.7
0,845.2
0,844.4
0,844.6
0,842.9
0,842.7
0,841.5
0,841.4
0,841.1
0,842.8
0,842.4
0,841.1
0,840.7
0,840.8
0,840.3
0,840.2
0,839.5
0,838.2
0,836.4
0,838.3
0,837.4
0,837.5
0,837.5
0,838.4
0,837.8
0,839.7
0,839.1
0,839.2
0,839.2
0,839.1
0,839.2
0,839
0,840.2
0,841
0,841.2
0,841.6
0,840.4
0,839.1
0,842.4
0,841.4
0,842
0,841.5
0,843.2
0,842.6
0,841.7
0,841.8
0,842.4
0,841.5
0,841.8
0,841.4
0,840.4
0,839.9
0,840.1
0,840.3
0,841.2
0,841.6
0,841.2
0,842.3
0,842.3
0,841.2
0,841.3
0,842.2
0,841.6
0,841.5
0,840.8
0,840.8
0,840.6
0,840.4
0,840.2
0,840.7
0,840.8
0,840.1
0,839.6
0,840
0,839.6
0,839.9
0,839.5
0,840.6
0,841
0,841.1
0,841.1
0,841.3
0,842.9
0,843.9
0,842.6
0,842.1
0,841.3
0,841
0,841.1
0,841.4
0,841.8
0,841.7
0,840.9
0,840.1
0,839.8
0,840.3
0,840.1
0,839.7
0,839.7
0,841.6
0,840.4
0,840.5
0,840.5
0,840.4
0,839.7
0,840
0,840.8
0,841.1
0,841
0,841.3
0,841.2
0,841.7
0,841.5
0,841.4
0,840.8
0,840.8
0,841.2
0,841
0,841.1
0,840.3
0,840.8
0,841.2
0,839.9
0,840.1
0,838.9
0,839.1
0,839.4
0,838.8
0,838.5
0,838
0,837.8
0,838.6
0,839.7
0,840.1
0,840.7
0,841.4
0,841.3
0,840.7
0,840.8
0,840.8
0,841.1
0,842.8
0,843.4
0,842.4
0,842
0,842.7
0,842.3
0,843.3
0,842.5
0,842.4
0,842.1
0,841.1
0,840.2
0,839.7
0,839.9
0,840.3
0,840.7
0,840.1
0,840.5
0,841.1
0,840.5
0,839.8
0,839.9
0,839.9
0,839.7
0,839.6
0,839
0,839.8
0,839.7
0,839.4
0,839.2
0,838.5
0,838.7
0,838.8
0,838.8
0,838.6
0,837.9
0,838.4
0,838.7
0,838.6
0,838.1
0,838.5
0,839.2
0,837.8
0,837.3
0,837.2
0,836.8
0,836.5
0,835.6
0,834.5
0,833.4
0,835.3
0,835
0,834.8
0,835.2
0,834.3
0,834.4
0,833.6
0,833.2
0,832.8
0,831.9
0,832.8
0,832.2
0,831.4
0,832.1
0,831.6
0,832.3
0,832.1
0,833.3
0,833.6
0,835.5
0,836
0,835.8
0,836.2
0,835.3
0,835.3
0,837.2
0,837.8
0,836.2
0,836
0,835.8
0,835.8
0,835.4
0,833.6
0,834
0,835
0,836
0,835.3
0,835.6
0,834.9
0,834.3
0,834.8
0,834.1
0,833.7
0,833.9
0,835
0,833.7
0,833.9
0,833.9
0,833.6
0,833.1
0,834.1
0,833.9
0,833.7
0,833.9
0,834.6
0,834.8
0,835.1
0,834.3
0,834.7
0,836.8
0,836.8
0,835.5
0,835.6
0,835.4
0,835.3
0,835.4
0,835.4
0,835.5
0,835.3
0,836.3
0,837.5
0,839.1
0,839.4
0,838.2
0,837.4
0,837.5
0,837.3
0,837.2
0,837.1
0,836.7
0,836
0,835.7
0,836.2
0,835.8
0,836.9
0,837.1
0,836.1
0,835.7
0,835.8
0,835.5
0,835.8
0,835.3
0,835
0,835.3
0,835.4
0,835.8
0,835.1
0,834.7
0,835.7
0,836.1
0,837.1
0,836.6
0,835.9
0,835.5
0,836.1
0,818.2
0,819.9
0,824.5
0,823.9
0,827.3
0,825.7
0,827.2
0,827.6
0,828.9
0,827.9
0,829.2
0,828.1
0,827.2
0,826.7
0,824.1
0,824.7
0,823.6
0,822.8
0,824.3
0,825.3
0,825.8
0,824.5
0,821.8
0,823.3
0,821.6
0,822.5
0,822.5
0,821.9
0,820.4
0,819.9
0,821.3
0,820.3
0,820.6
0,818.7
0,818
0,816.7
0,816.6
0,817.4
0,817.6
0,817.5
0,818.9
0,821.9
0,821.1
0,821.3
0,821.5
0,821.2
0,821.8
0,822
0,821.4
0,820
0,819.9
0,819.3
0,819.1
0,819.7
0,819.2
0,818.9
0,819.8
0,818.8
0,819.1
0,818.3
0,818.2
0,817.8
0,817.7
0,818.3
0,818.4
0,818.5
0,817.5
0,818.3
0,817.6
0,816.9
0,817.5
0,817.5
0,817.6
0,817.9
0,817.4
0,819.6
0,819.2
0,820.1
0,819.3
0,820
0,820.1
0,820.4
0,820.4
0,820.8
0,820.2
0,820.1
0,819.8
0,820.4
0,819.1
0,818.9
0,819.6
0,819.8
0,820
0,820
0,819.6
0,819.1
0,818.8
0,818.3
0,817.8
0,815.8
0,815.5
0,816.1
0,816.4
0,815.8
0,816
0,816.8
0,816.6
0,817.2
0,816.3
0,816.7
0,817.1
0,816.4
0,816.4
0,816.8
0,818.1
0,817.3
0,818
0,817.9
0,819
0,818.8
0,819.1
0,818.4
0,818.5
0,819.1
0,818.5
0,818.3
0,817.4
0,817.7
0,816
0,815.5
0,815.5
0,815.1
0,815.3
0,814.8
0,813.9
0,814.2
0,814
0,814.2
0,814.2
0,815.2
0,815
0,814.5
0,815.1
0,815.9
0,816.3
0,816.2
0,817.3
0,816
0,815.6
0,815.8
0,815.6
0,815.6
0,815.8
0,816
0,816.3
0,815.6
0,815.8
0,816.2
0,815.7
0,815.2
0,815.5
0,815.6
0,815.5
0,815.2
0,815.3
0,815.4
0,814.8
0,815.9
0,816.2
0,817.8
0,818.3
0,817.2
0,817.1
0,817.3
0,817
0,817.5
0,817.5
0,816.7
0,816.8
0,816.4
0,816.3
0,816
0,815.9
0,815.3
0,815.2
0,814.2
0,814.7
0,815.2
0,816
0,816
0,816.3
0,816.1
0,815.7
0,815.5
0,814.3
0,813.8
0,813.8
0,814.1
0,814.5
0,814.8
0,814.9
0,814.7
0,815
0,814.8
0,814.7
0,814.6
0,813.8
0,813.4
0,813.3
0,813.5
0,813
0,813
0,812.3
0,812.1
0,811.8
0,811.6
0,812
0,812.6
0,812.1
0,812.1
0,812
0,812.2
0,812.9
0,813.8
0,814.7
0,814.2
0,814.4
0,814.4
0,814.4
0,814.9
0,815
0,815.8
0,815.6
0,814.9
0,814.7
0,814.7
0,810.9
0,810.4
0,809.3
0,809.6
0,809.3
0,809.7
0,809.5
0,809.2
0,809.2
0,807.9
0,808.2
0,808.3
0,807.9
0,807.8
0,808.7
0,808.2
0,808
0,807.3
0,806.4
0,807
0,807.3
0,807.7
0,809.2
0,808.9
0,809
0,810
0,810.3
0,810.4
0,810.5
0,810.6
0,810.6
0,810.7
0,810.6
0,810.7
0,811.2
0,811.3
0,811.1
0,811.4
0,812.4
0,813.1
0,813.3
0,814.2
0,814
0,813
0,812.8
0,812.6
0,812.4
0,812.3
0,812
0,812.2
0,811.1
0,812.3
0,811.8
0,812.4
0,812
0,811.8
0,811.6
0,811.6
0,811.8
0,811.6
0,811.4
0,811.4
0,812.1
0,811.9
0,812.1
0,811.9
0,811.1
0,811.9
0,811.8
0,811.5
0,811.1
0,810.8
0,810.1
0,810
0,810.3
0,809.7
0,809.8
0,809.9
0,809.9
0,810.1
0,810
0,810
0,810.3
0,810.4
0,810.9
0,810.9
0,810.1
0,811.5
0,812.7
0,813.2
0,812.8
0,812.4
0,812.4
0,812.3
0,812.4
0,812.5
0,812.2
0,812.4
0,812.4
0,811.8
0,812.1
0,812.4
0,813.5
0,813.8
0,814.1
0,814.4
0,813.4
0,813.3
0,813.3
0,813.2
0,813.2
0,813.1
0,813.2
0,813.3
0,813.2
0,813.4
0,813.4
0,812.9
0,812.9
0,812.7
0,812.8
0,813
0,812.8
0,812.6
0,812.6
0,812.4
0,813.1
0,813.4
0,812.2
0,812.6
0,812.7
0,814
0,814.9
0,816.2
0,815.9
0,815.6
0,816.9
0,816.7
0,817.7
0,817.6
0,817.5
0,817
0,816.9
0,818.9
0,819.4
0,820.7
0,820.6
0,821.7
0,821.4
0,821.9
0,820.2
0,820.2
0,820.6
0,819.9
0,820.2
0,820
0,820
0,820
0,820.1
0,820.4
0,820.8
0,821.1
0,820.7
0,820.6
0,820.9
0,820
0,820.3
0,820.9
0,820.4
0,820.2
0,819.3
0,819
0,819.2
0,819.9
0,820.3
0,820.3
0,820.1
0,820.2
0,819.8
0,819.9
0,819.7
0,820.1
0,820.4
0,820.2
0,819.9
0,819.9
0,819.7
0,820.1
0,820.3
0,820.7
0,821.1
0,820
0,820
0,819.9
0,820.2
0,819.9
0,819.6
0,819.7
0,819.8
0,820.2
0,820.3
0,819.9
0,819.6
0,819.7
0,819.8
0,819.5
0,819.8
0,819.9
0,819.3
0,818.5
0,818.4
0,819.9
0,819.5
0,818.8
0,818.3
0,815.3
0,815.9
0,815.5
0,816.3
0,816.3
0,816.2
0,815.5
0,814.2
0,814.5
0,814.9
0,814.7
0,814.5
0,813.7
0,814
0,814.1
0,813.8
0,813.5
0,813.9
0,815.2
0,815.8
0,816.8
0,816.6
0,815.6
0,815.5
0,814.5
0,815.2
0,815.2
0,814.1
0,836.1
0,831.6
0,831.7
0,835.6
0,835.5
0,837
0,832.7
0,831.5
0,828.7
0,829.4
0,829.7
0,829.8
0,829.9
0,830.1
0,830.4
0,829.4
0,827.6
0,826.9
0,826.5
0,826.7
0,827.1
0,827.2
0,828.2
0,827.6
0,830.2
0,830.1
0,830.3
0,828.2
0,829.7
0,829.9
0,827.6
0,824.3
0,824.5
0,824.9
0,823.1
0,825.3
0,825.6
0,824.3
0,823
0,823.5
0,823.6
0,823
0,822.8
0,823.2
0,824.2
0,824.4
0,824.3
0,824.4
0,824.2
0,824.3
0,824
0,824.2
0,823.5
0,822.5
0,823.1
0,822.8
0,820.9
0,821.6
0,820.7
0,819.5
0,818.8
0,817.7
0,819.3
0,817.6
0,818
0,817.4
0,816.6
0,817.1
0,816.7
0,816.5
0,816.2
0,816.9
0,816.5
0,816.5
0,816.2
0,815.8
0,815.6
0,816.6
0,817.2
0,815.4
0,812.6
0,813.3
0,812.7
0,812.2
0,815.5
0,815.7
0,815.5
0,813.5
0,813.2
0,813.3
0,813.3
0,813.6
0,813.5
0,813.9
0,812.6
0,812
0,809.9
0,811.4
0,810.4
0,811.1
0,811.8
0,811.3
0,813
0,812.4
0,813.2
0,814
0,814
0,814.3
0,813.4
0,814.6
0,814.9
0,816.6
0,815.1
0,814.6
0,816.1
0,815.4
0,814.1
0,814.8
0,817.1
0,817.2
0,817.4
0,817.8
0,820.4
0,818.3
0,820.2
0,819.9
0,818.3
0,821
0,820.9
0,821.6
0,822.9
0,822.5
0,821.7
0,819.9
0,818.6
0,818
0,820.9
0,820.8
0,818.4
0,818.6
0,818.7
0,818.3
0,820.4
0,818.2
0,819
0,817.8
0,818.5
0,818.5
0,817.4
0,817.5
0,818
0,818.2
0,817.1
0,816.6
0,817.6
0,817.1
0,816.3
0,816.8
0,818.5
0,817.3
0,818.2
0,817.5
0,817.6
0,817.3
0,817
0,816.1
0,816.8
0,817.1
0,818.6
0,818.3
0,818.6
0,819.7
0,820.7
0,818.6
0,818.8
0,818
0,818.4
0,818.2
0,818.4
0,818.7
0,818.7
0,818.4
0,818.4
0,819.4
0,820.4
0,818
0,818.1
0,818.9
0,819
0,820.2
0,820
0,820.2
0,820.9
0,821.7
0,822.4
0,822.3
0,821.9
0,821.8
0,820.3
0,821.4
0,821.2
0,821.3
0,821.1
0,821.5
0,821.8
0,822.1
0,821.7
0,822
0,821.9
0,822.2
0,822.1
0,822.7
0,822.5
0,823.1
0,823.3
0,822.9
0,822.5
0,822.4
0,822.2
0,822.1
0,821.5
0,820.9
0,820.2
0,819.4
0,819.7
0,820.1
0,819.4
0,820
0,820
0,819.3
0,819.6
0,820.1
0,819.8
0,820.3
0,821.2
0,821.1
0,820.7
0,820
0,819.6
0,819.3
0,819.1
0,818
0,818.7
0,819.2
0,820.4
0,820.8
0,820.8
0,821.2
0,821.1
0,820.9
0,819.9
0,818.3
0,818.4
0,818.7
0,818.9
0,818.7
0,818.7
0,818.9
0,818.8
0,818.9
0,819.5
0,820.8
0,820.7
0,820.7
0,820.5
0,821.1
0,822.5
0,822.1
0,821
0,821.9
0,821.6
0,821.4
0,820.5
0,821.4
0,821
0,820.3
0,819.8
0,820
0,820.1
0,819.4
0,820
0,819.5
0,819.6
0,820.2
0,820.7
0,820.1
0,820
0,820.6
0,820.2
0,819.9
0,820
0,819.8
0,819.9
0,819.5
0,819.9
0,820
0,820
0,820
0,820.1
0,820.3
0,820.8
0,820.6
0,820.6
0,820.6
0,821.6
0,820.7
0,819.5
0,819.9
0,819.9
0,819.6
0,818.7
0,819.2
0,819.8
0,819.5
0,819.5
0,819.9
0,819.8
0,819.9
0,819.7
0,819.8
0,820.6
0,820.7
0,821.3
0,821.4
0,821.4
0,822.6
0,822.6
0,822.4
0,822.7
0,822.7
0,821.1
0,821.6
0,821.7
0,821.8
0,821.4
0,820.4
0,820.2
0,820.1
0,820.3
0,821.1
0,821.5
0,821.9
0,822.1
0,822.4
0,822.4
0,822.7
0,823.2
0,822.6
0,822.6
0,822.8
0,823
0,823.4
0,823.3
0,823.4
0,823
0,824
0,824.1
0,824.8
0,824.8
0,824.3
0,824.1
0,824.5
0,824.5
0,824.8
0,825
0,824.9
0,825.4
0,826.1
0,826
0,825.4
0,825.6
0,826.5
0,826.7
0,827.7
0,829.4
0,831.7
0,830.5
0,830.3
0,830.2
0,830.4
0,830.4
0,831.4
0,831.4
0,831.7
0,831.7
0,831.3
0,829.9
0,830
0,830
0,830.3
0,828.9
0,828.3
0,828.2
0,828.5
0,829
0,828.6
0,828.5
0,828.3
0,829.1
0,829.3
0,831.1
0,830.6
0,831.1
0,831.1
0,829.7
0,829.8
0,829.7
0,829.1
0,829
0,826.7
0,825.5
0,822.9
0,825
0,824.7
0,823.3
0,824.3
0,825.3
0,826.4
0,826.7
0,825.7
0,825.7
0,826.5
0,826.7
0,827.4
0,827.2
0,826.5
0,827.2
0,828.2
0,827
0,826.1
0,827.2
0,827.5
0,827.2
0,827.7
0,826.4
0,826.3
0,826.2
0,826.3
0,826.2
0,825.6
0,825
0,825.4
0,825.5
0,824.8
0,824.7
0,824.5
0,824.8
0,825.3
0,826.4
0,827
0,828
0,828.9
0,827.8
0,828.7
0,828.7
0,828.7
0,828.2
0,828.4
0,828
0,828.9
0,829.2
0,829.5
0,830
0,830.3
0,830
0,830.2
0,829.9
0,830.1
0,830.1
0,830.1
0,830.3
0,830.2
0,829.7
0,830.6
0,831.7
0,831.1
0,832.1
0,832.6
0,832.6
0,832.9
0,832
0,830.4
0,830.1
0,831
0,830.6
0,830.3
0,829.3
0,835
0,834.2
0,834.3
0,834.7
0,836.1
0,828.8
0,832.5
0,831.1
0,830.4
0,832.8
0,832.2
0,830.3
0,830.9
0,831
0,833.2
0,831
0,831
0,825.8
0,827.4
0,828
0,827.7
0,828.1
0,828.6
0,827.7
0,828.2
0,828.3
0,827.5
0,828.3
0,829.7
0,831.3
0,830.6
0,830.5
0,830.9
0,831.6
0,831.3
0,828.9
0,830.2
0,830.5
0,829.8
0,830.9
0,829.6
0,829.6
0,831.1
0,829.5
0,829.7
0,829.9
0,829.5
0,829.5
0,829.6
0,829.6
0,829.5
0,829.7
0,829.5
0,829.4
0,828.4
0,825.8
0,826.7
0,829.6
0,830.5
0,829.1
0,827.6
0,829
0,828.9
0,829.8
0,829.8
0,830.1
0,829.9
0,830.1
0,830.1
0,829.2
0,828.2
0,826.9
0,827.3
0,826.3
0,826.2
0,824
0,823.7
0,823.7
0,825.4
0,825.7
0,824
0,821.6
0,821.8
0,821.2
0,821.8
0,823.2
0,822.3
0,821.9
0,822.5
0,823.1
0,822.8
0,822.1
0,821.7
0,821.1
0,821
0,822.6
0,822.2
0,822.3
0,823.1
0,824.6
0,824.4
0,824.7
0,825.2
0,824.6
0,826
0,825.9
0,826
0,825.1
0,825.6
0,826.8
0,825.7
0,824.7
0,824.3
0,823.7
0,823.7
0,823.6
0,824.3
0,824.9
0,823.9
0,823.6
0,823.4
0,823.2
0,822.6
0,822.9
0,822.2
0,822.2
0,822.9
0,822.2
0,822.9
0,822
0,821.2
0,820.7
0,821.1
0,820.5
0,820.9
0,820.3
0,821
0,820.9
0,820.3
0,820.3
0,820.4
0,820.3
0,820.2
0,820.3
0,819.6
0,817.2
0,816.4
0,817.3
0,819.1
0,818.5
0,817.9
0,816.8
0,818.1
0,817.3
0,817.4
0,818.1
0,817.2
0,816.7
0,817.5
0,818.4
0,818.6
0,819.1
0,818.6
0,818.4
0,819
0,820
0,819.9
0,819.5
0,818.4
0,819.3
0,819.8
0,820.4
0,823
0,819.6
0,819.3
0,819.3
0,820.9
0,820.5
0,820.6
0,820.5
0,820.3
0,820.3
0,820.4
0,820.2
0,820.4
0,821.4
0,821.2
0,821
0,820.3
0,819
0,818.8
0,817.7
0,819.7
0,819.6
0,819.3
0,820.7
0,819.6
0,819.4
0,819.2
0,819.3
0,819.2
0,819.5
0,819
0,818.9
0,819
0,819.4
0,819.3
0,819.6
0,819.9
0,819.7
0,820
0,820.5
0,819.7
0,817.7
0,818.5
0,818.4
0,818.2
0,817.8
0,817.5
0,816.9
0,817.3
0,817.3
0,817.8
0,817.8
0,817.4
0,817.6
0,817.8
0,817.7
0,817.7
0,819.6
0,822.3
0,817.8
0,817.6
0,817.7
0,816.9
0,816.3
0,815.7
0,816.6
0,815.8
0,815.6
0,815.4
0,815.3
0,815.2
0,814.7
0,814.9
0,815.5
0,814.6
0,814.3
0,814
0,815.3
0,815.5
0,815.2
0,815.4
0,815.6
0,815.1
0,814.4
0,814.6
0,815.3
0,815.4
0,815
0,814.4
0,814.2
0,813.9
0,814.4
0,815
0,814.6
0,814.9
0,815.2
0,815.3
0,815.2
0,815.4
0,815.6
0,817.1
0,817.4
0,816.9
0,816.7
0,817.6
0,816.6
0,817.8
0,817.5
0,817.6
0,817.7
0,818.2
0,818.1
0,818.2
0,817.4
0,817.4
0,817.8
0,818
0,818.1
0,817.7
0,816.5
0,816.1
0,816.6
0,815.9
0,816.3
0,816.1
0,816
0,815.8
0,816.5
0,816.5
0,817.9
0,817.2
0,817.1
0,817.4
0,817.3
0,817.3
0,816.9
0,817
0,816.7
0,815.2
0,815.3
0,814.6
0,815.5
0,815.7
0,816.1
0,814.2
0,813.5
0,813.8
0,813.7
0,813.6
0,813.5
0,814.2
0,814.5
0,815
0,814.8
0,814.5
0,814.5
0,815.2
0,815.4
0,815.7
0,815.2
0,815.9
0,815.9
0,816.1
0,815.7
0,816.1
0,817.2
0,816.7
0,817.3
0,818.5
0,818.4
0,818.5
0,818.9
0,818.9
0,821.2
0,820.4
0,820.4
0,821.5
0,820.7
0,821.4
0,821.4
0,821.3
0,820.8
0,821.1
0,821.1
0,821.1
0,821.1
0,821.1
0,822.1
0,822.7
0,822.2
0,821.7
0,821.3
0,821.8
0,823.1
0,822.9
0,823.2
0,824.4
0,824.3
0,823.7
0,823
0,824.8
0,825.9
0,826.2
0,827.5
0,826.5
0,826.7
0,826
0,826.6
0,827.8
0,827.8
0,828.5
0,827.6
0,828.7
0,828.8
0,828.9
0,828.4
0,830.2
0,830.4
0,829.6
0,828.1
0,829.5
0,828.2
0,826.6
0,828.9
0,828.5
0,828.6
0,828.6
0,827.6
0,827.3
0,827.1
0,827.4
0,828.1
0,828.2
0,827.8
0,827.6
0,828
0,827.5
0,825.2
0,825.4
0,826
0,826.2
0,826.4
0,826.6
0,826.4
0,823.5
0,823.8
0,823.7
0,824.5
0,824.4
0,823.8
0,824.3
0,823.8
0,823
0,823.2
0,823.4
0,823.2
0,822
0,821.8
0,821
0,821.3
0,819.9
0,821.6
0,821.6
0,819.9
0,821
0,820.6
0,821
0,821.8
0,823.1
0,823.6
0,824.4
0,824.3
0,823.9
0,823.5
0,823.8
0,824
0,824
0,824.2
0,822.7
0,822.7
0,822.9
0,822.9
0,821.2
0,821.6
0,821.3
0,820.5
0,820.9
0,821.3
0,821.5
0,821.5
0,821.5
0,822.5
0,822.9
0,822.7
0,822.7
0,823.5
0,825.5
0,826.7
0,826.2
0,826.3
0,826
0,826.1
0,825.2
0,825
0,823.6
0,823.3
0,822.1
0,821.6
0,813.7
0,814.7
0,813.3
0,815.1
0,811.7
0,811.8
0,811.7
0,814.1
0,814
0,817.6
0,816.2
0,815.2
0,816.2
0,815.9
0,813.6
0,813.9
0,813.4
0,813.1
0,813.8
0,814.7
0,817.4
0,815.8
0,817.6
0,815.9
0,816.3
0,818
0,817.1
0,817.7
0,817.4
0,818.2
0,819.3
0,819.1
0,818.8
0,817.8
0,819
0,818.6
0,819.8
0,818.8
0,817.9
0,820.1
0,819.1
0,818.9
0,819.4
0,819.5
0,819.1
0,818.3
0,820.1
0,820.8
0,819.3
0,819.4
0,819.3
0,819.7
0,818.9
0,821
0,819.6
0,819.9
0,819.7
0,820.1
0,818.7
0,819.7
0,819.1
0,817.8
0,818
0,817.9
0,818.8
0,818.5
0,819.6
0,819.6
0,818.8
0,817.9
0,817.9
0,818.7
0,818.6
0,817.7
0,817.6
0,817.4
0,817.7
0,818.2
0,818.5
0,819.3
0,820.6
0,819.5
0,819.3
0,818.7
0,818.8
0,818
0,818.4
0,818.8
0,819
0,818.7
0,818.8
0,818
0,816.9
0,817.2
0,817
0,817.9
0,818.3
0,818.5
0,818.2
0,816.4
0,818.6
0,816.5
0,817.4
0,817.9
0,817.4
0,817.7
0,817.7
0,818.4
0,817.4
0,817.6
0,817.8
0,817.7
0,818
0,818.4
0,818.5
0,818.8
0,818.8
0,818.5
0,818.9
0,818.5
0,819.6
0,819.6
0,819.5
0,819.6
0,819.5
0,819.4
0,819.2
0,819.6
0,819.8
0,820.7
0,820.7
0,820.1
0,820.9
0,821.1
0,821.3
0,821
0,821.7
0,822.4
0,822.2
0,822.1
0,822.8
0,823.6
0,823.4
0,823.6
0,824.3
0,824.3
0,823.7
0,822.8
0,823.6
0,823.6
0,824.5
0,823.3
0,823
0,823
0,822.3
0,820.6
0,820.8
0,821.1
0,819.8
0,819.5
0,820.8
0,820.8
0,820.3
0,819.3
0,819.4
0,819.4
0,820
0,820.2
0,820.5
0,820.4
0,820.2
0,820.3
0,820.4
0,822
0,821.6
0,823.6
0,823.3
0,822.2
0,821.1
0,821.7
0,820.4
0,821.4
0,820.9
0,821.3
0,821.6
0,822.4
0,822.9
0,823.7
0,823.8
0,824.8
0,825.1
0,824.1
0,823.9
0,824.2
0,821.9
0,822.8
0,823.5
0,823.9
0,824.4
0,824.3
0,824.9
0,824.6
0,824.5
0,824.5
0,824.1
0,824
0,824.1
0,824.3
0,823.5
0,823.3
0,824
0,824.3
0,824.4
0,823.7
0,823.6
0,822.7
0,821.5
0,821.1
0,821.3
0,821.2
0,820.9
0,821.1
0,821.5
0,822
0,821.6
0,821.1
0,821.1
0,821.2
0,822.3
0,822.5
0,822.9
0,822.9
0,822.2
0,823.2
0,823.2
0,823.4
0,824.1
0,823.2
0,823
0,823.4
0,824
0,823.8
0,823.9
0,824.5
0,824.6
0,823.8
0,823.8
0,823
0,823.6
0,823.1
0,823.8
0,822.4
0,822.1
0,821.9
0,821.9
0,821.5
0,821
0,820.5
0,820.2
0,820.7
0,820.7
0,820.8
0,820.4
0,820.6
0,820.2
0,820.3
0,820.1
0,819.2
0,819.8
0,820.2
0,820.4
0,820
0,819.9
0,820
0,820.4
0,820.4
0,820.3
0,820.1
0,820.4
0,820.2
0,819.9
0,819.9
0,819.8
0,819.8
0,820.2
0,820.3
0,820.5
0,820.7
0,820.8
0,820.3
0,820.6
0,820.4
0,820.4
0,819.6
0,819.9
0,819.5
0,819.3
0,819.4
0,819.1
0,819.2
0,818.7
0,819.1
0,819.2
0,819.3
0,819.8
0,820.2
0,820.6
0,820.3
0,820.5
0,820.7
0,821
0,822.2
0,822.5
0,822.1
0,821.7
0,821.5
0,821.9
0,822
0,822.1
0,822.2
0,822.3
0,822.4
0,823.1
0,823.4
0,823.3
0,824.2
0,824.9
0,823.3
0,823
0,822.8
0,822.5
0,822.7
0,822.5
0,822.1
0,821.9
0,821.8
0,822.1
0,822.5
0,822.4
0,822.3
0,822
0,821.7
0,821.2
0,821.7
0,821.9
0,821.6
0,821.4
0,821.6
0,821.2
0,821.7
0,821.7
0,821.6
0,821.1
0,821.2
0,820.2
0,820.5
0,820.6
0,820.7
0,820.2
0,819.4
0,819.6
0,819.2
0,819.3
0,819.1
0,819.4
0,819.4
0,819.7
0,820.1
0,820.9
0,822
0,821.7
0,822
0,822.8
0,822.6
0,821
0,821
0,821
0,821
0,821.6
0,821.6
0,822.5
0,822.7
0,822.8
0,823.6
0,825.6
0,824
0,825.4
0,826.1
0,826.8
0,827.4
0,827.6
0,828.3
0,828.2
0,828.3
0,828.7
0,829
0,828.9
0,828.6
0,828.8
0,828.7
0,828.8
0,828.2
0,827.8
0,826.7
0,827.3
0,827.2
0,827.4
0,827.8
0,827.4
0,827.4
0,827.5
0,828.3
0,828.3
0,827.5
0,826.2
0,826.6
0,825.7
0,826.3
0,826.2
0,825.9
0,826.2
0,826.4
0,826.8
0,827
0,827
0,827.6
0,826.9
0,827.7
0,827.3
0,827.5
0,827.4
0,827.3
0,826.6
0,826.3
0,826.3
0,825.5
0,826.4
0,826.8
0,825.9
0,824.8
0,825.5
0,824.8
0,824.9
0,824.7
0,825.1
0,825.1
0,825.2
0,825.4
0,825.9
0,825.8
0,826.1
0,825.6
0,825.1
0,824.4
0,824.4
0,824.2
0,824.6
0,824.5
0,824.2
0,824.5
0,824.5
0,824.9
0,824.4
0,824.4
0,824.4
0,824.1
0,824.4
0,823.6
0,824.2
0,823.9
0,823.4
0,823.7
0,823.2
0,823.9
0,823.9
0,824
0,823.7
0,823.7
0,823.4
0,822.5
0,822.7
0,824.1
0,824.5
0,816.5
0,817.2
0,819.6
0,820.7
0,822.4
0,828
0,827.9
0,828.6
0,827.3
0,825.2
0,828.6
0,827.6
0,831.2
0,831.9
0,834
0,835.1
0,835.4
0,834.1
0,829.2
0,834.9
0,834.2
0,837.9
0,831.6
0,834.2
0,835
0,835.8
0,834.9
0,834.5
0,835
0,836.8
0,836.8
0,836.4
0,837.4
0,837.1
0,835.8
0,834.8
0,835.8
0,835.1
0,835
0,834.8
0,835
0,835.2
0,835.2
0,835.1
0,835.2
0,834.6
0,835.3
0,835.3
0,834.6
0,834.5
0,835
0,835.3
0,837
0,837.4
0,835.5
0,836.1
0,835
0,835.8
0,835.6
0,837.7
0,838.2
0,837
0,837.7
0,837.4
0,837.1
0,836.8
0,836.8
0,837.2
0,837.7
0,838.4
0,838.6
0,837.8
0,839
0,838.5
0,838.1
0,840.6
0,839.3
0,839.3
0,840.5
0,842.1
0,842.9
0,842.8
0,843.9
0,846.1
0,846.7
0,845.4
0,846.8
0,845.6
0,847.5
0,845.9
0,846
0,844.3
0,842.4
0,842.4
0,842.5
0,843.9
0,842.6
0,843.4
0,843.7
0,843.4
0,844.2
0,844.3
0,844.6
0,844.4
0,844.5
0,845.2
0,845.5
0,846.6
0,846.2
0,844.5
0,844.9
0,845
0,845.1
0,844.9
0,845.4
0,844.1
0,845.2
0,845.6
0,846.2
0,845.9
0,846.3
0,845
0,845
0,844.3
0,842.6
0,841.9
0,840.8
0,836.8
0,849.5
0,840.5
0,837.6
0,839.1
0,838.9
0,839.2
0,839.4
0,839
0,839.3
0,839.3
0,838.7
0,839.2
0,839.6
0,840.2
0,840.7
0,840.9
0,840.2
0,840.8
0,841.4
0,841.5
0,841.2
0,842.4
0,842.5
0,842.6
0,842.8
0,842.9
0,843.8
0,843.6
0,843.3
0,843.6
0,843.1
0,843.2
0,842.6
0,842.2
0,842
0,843
0,843.2
0,843.2
0,842.2
0,841.9
0,842.1
0,842.5
0,842.3
0,843.5
0,843
0,843.1
0,843.5
0,844.7
0,844.2
0,845.2
0,845.1
0,845.5
0,845
0,844.4
0,843.7
0,842.5
0,842.7
0,843.1
0,843
0,842.6
0,842.9
0,841.5
0,842.3
0,841.3
0,841.3
0,841.4
0,841.3
0,840.8
0,841.5
0,841.9
0,842.3
0,841.8
0,841.9
0,842.2
0,840.9
0,839.9
0,839.2
0,839.1
0,838.8
0,839.7
0,839.5
0,840.5
0,840.6
0,841.1
0,840.8
0,841.1
0,841.6
0,842
0,839.1
0,840.9
0,840.7
0,841.2
0,841.6
0,841.5
0,841
0,840.7
0,841
0,841.2
0,841.4
0,841.2
0,841.8
0,841.4
0,839.8
0,841.4
0,842
0,843.6
0,843.7
0,843
0,843.8
0,844
0,843.9
0,842.6
0,842.2
0,843.3
0,843.1
0,842.5
0,842.5
0,843.2
0,843.3
0,842.1
0,841.7
0,842
0,841.5
0,840.9
0,840.6
0,840.8
0,840.6
0,841.1
0,840.3
0,840.6
0,840.9
0,840.7
0,840.5
0,840.7
0,840.9
0,840.8
0,841.2
0,841.1
0,841.7
0,841
0,841.7
0,842.2
0,842.5
0,843.5
0,843.2
0,842
0,842.3
0,843.2
0,842.9
0,842.9
0,843.3
0,843.1
0,842.9
0,843.4
0,843
0,843.7
0,844.2
0,844.3
0,844.1
0,844.3
0,844.2
0,843.7
0,843.7
0,843.8
0,843.9
0,843.4
0,843.1
0,844
0,843.5
0,843.7
0,844.2
0,844.1
0,844.7
0,844.8
0,845.1
0,845.5
0,844.9
0,844.5
0,843.8
0,842.3
0,841.2
0,843
0,843.6
0,844
0,843.2
0,843.6
0,844.1
0,844.9
0,844.7
0,845
0,845
0,845.3
0,845.3
0,845.2
0,845.5
0,845.6
0,845.8
0,846.1
0,844.5
0,842.4
0,843.3
0,843.7
0,843.9
0,844.2
0,843.2
0,843.9
0,844.1
0,843.8
0,844.2
0,843.8
0,843.5
0,842.8
0,843.4
0,843.4
0,843.4
0,843.4
0,843.3
0,842.8
0,843.4
0,843.2
0,843.3
0,844.5
0,844.1
0,844
0,844.3
0,844.6
0,845
0,845
0,844.8
0,845.1
0,844.3
0,844.7
0,844.2
0,844.8
0,845.6
0,846.4
0,846.9
0,845.5
0,845.4
0,845.9
0,846
0,845.3
0,845.2
0,846
0,845.3
0,845.5
0,844.4
0,844.7
0,844.8
0,845.1
0,845.4
0,845.5
0,845.7
0,845.2
0,846.5
0,846.1
0,846.5
0,846.3
0,846.7
0,846.9
0,846.9
0,846.1
0,846.2
0,845.8
0,846.1
0,846.1
0,846.2
0,845.3
0,845.4
0,845.1
0,845.5
0,845.6
0,845.7
0,845.6
0,844.9
0,845.3
0,845.2
0,845.5
0,845.2
0,845.1
0,845.6
0,845.9
0,846.3
0,847.2
0,847.2
0,847
0,848.8
0,849.5
0,849.4
0,849.8
0,849.9
0,849.3
0,849.3
0,849.6
0,848.9
0,848.6
0,848.9
0,849.1
0,849.5
0,849.6
0,849.4
0,850
0,850.7
0,850.8
0,851
0,850.8
0,851.1
0,851.3
0,852
0,854
0,853.7
0,853.6
0,852.8
0,852.1
0,850.9
0,850.5
0,851
0,851.7
0,854.2
0,853.8
0,854.4
0,855.7
0,854.7
0,854.4
0,855.5
0,855.9
0,855.9
0,856.8
0,858.3
0,859.2
0,859.6
0,859.5
0,859.2
0,857.4
0,857.9
0,858.8
0,858.2
0,858.5
0,858.5
0,858.8
0,858.5
0,858.1
0,857.9
0,856.1
0,854.5
0,855.1
0,855.3
0,855.4
0,855.3
0,855.6
0,856
0,856.3
0,855.9
0,856.9
0,856.2
0,850.3
0,850.1
0,843.1
0,843.6
0,842.1
0,843.6
0,842.9
0,843.7
0,842.6
0,841.9
0,841.6
0,841.8
0,841.1
0,841.7
0,840.9
0,840.8
0,841.6
0,841.8
0,843.6
0,843.5
0,843.3
0,842.8
0,842.3
0,842.3
0,841.1
0,840.5
0,839.9
0,839.9
0,839.8
0,840.2
0,840.5
0,841.2
0,841.4
0,843
0,842.1
0,841.7
0,841.8
0,840.8
0,839.1
0,840.9
0,840.7
0,841.2
0,841
0,841.2
0,841.8
0,841.4
0,840.7
0,840.3
0,839.9
0,838.9
0,839.6
0,839.1
0,838.6
0,839.8
0,840.1
0,839.5
0,839.2
0,839.4
0,840.2
0,840
0,839.5
0,839.7
0,839.9
0,840
0,839
0,838.3
0,838.2
0,837.8
0,837.6
0,837.8
0,837.6
0,837.2
0,837.3
0,837.2
0,837
0,835.5
0,835.1
0,835.1
0,835.2
0,833.7
0,834.4
0,834.3
0,834.7
0,835.2
0,834.6
0,834.4
0,834.2
0,834.2
0,836.4
0,834.8
0,834.4
0,833.6
0,832.8
0,832.6
0,833
0,832.8
0,832.6
0,832.6
0,832.7
0,833
0,832
0,831.6
0,831.6
0,832.2
0,833
0,834.5
0,835.1
0,834.9
0,835.6
0,834.9
0,834.7
0,834.4
0,834.5
0,835.6
0,835.5
0,835.2
0,834.4
0,834.7
0,834.5
0,834.5
0,835.2
0,835.6
0,834.4
0,834.5
0,834.4
0,834.6
0,834.7
0,835.6
0,835.9
0,835.4
0,834.9
0,835.1
0,834.5
0,833.8
0,832.5
0,832.9
0,834
0,834
0,833.9
0,833.8
0,834
0,833.6
0,833.5
0,833.6
0,834.1
0,833.7
0,833.2
0,833
0,832.2
0,832
0,831.5
0,832
0,831.8
0,831.6
0,831
0,831
0,830.9
0,830.9
0,829.6
0,829.2
0,829.8
0,829.6
0,830.6
0,830.5
0,831.5
0,832.5
0,833.1
0,833.5
0,834.2
0,834.5
0,833.3
0,833.4
0,833.2
0,832.8
0,833
0,832.9
0,831.6
0,832
0,832.4
0,831.5
0,831.6
0,832.1
0,832.6
0,832.3
0,832.4
0,831.1
0,829.4
0,830
0,832.5
0,832.4
0,832.3
0,832.3
0,832.5
0,833.7
0,834.2
0,834.3
0,834.3
0,834.3
0,833.7
0,833.4
0,832.3
0,832.5
0,833.6
0,833.5
0,833.4
0,833.4
0,832.7
0,833.1
0,833.6
0,833.2
0,833.4
0,833.6
0,833.6
0,833.7
0,833.6
0,833.5
0,833.3
0,833.4
0,834.3
0,833.9
0,833.7
0,833.2
0,833.8
0,834.2
0,834.5
0,834.6
0,834.6
0,834.2
0,835.3
0,834.9
0,834.8
0,833.8
0,833.8
0,833.2
0,833.3
0,833.2
0,833.1
0,832.9
0,832.8
0,832.5
0,832.1
0,831.6
0,831.4
0,831.2
0,831.7
0,831.8
0,831.8
0,831.9
0,831.8
0,831.7
0,830.5
0,830.4
0,830
0,829.3
0,829.4
0,829.5
0,829.6
0,829.5
0,829.7
0,829.6
0,829.3
0,828.9
0,828.1
0,828.7
0,828.6
0,828
0,828.1
0,828
0,827.7
0,828
0,828.4
0,828.6
0,828.8
0,828.7
0,828.1
0,828.2
0,828.1
0,829.9
0,830.3
0,831.2
0,831.1
0,830.5
0,830.9
0,831.1
0,831.1
0,832.2
0,831.8
0,832
0,832.8
0,833.1
0,833.8
0,833.9
0,833.4
0,834.1
0,835
0,835.3
0,834.9
0,835
0,835.3
0,836.8
0,837.2
0,837.9
0,836.2
0,835.9
0,835.2
0,835.3
0,834.5
0,834.5
0,834.4
0,835.2
0,836.2
0,837
0,837.3
0,837.4
0,838.2
0,838.6
0,838.9
0,840
0,838.3
0,837.9
0,837.5
0,837.7
0,838.3
0,839.1
0,838.4
0,838.2
0,839.1
0,839.4
0,839.4
0,839.5
0,839.7
0,840
0,840.2
0,840.3
0,840.2
0,839
0,839.1
0,839.6
0,839.8
0,840.3
0,839.6
0,840.2
0,840
0,839.5
0,839.8
0,839.7
0,839.5
0,839
0,839.4
0,839
0,838.2
0,838.2
0,838.6
0,838.6
0,838.5
0,838.9
0,839
0,838.9
0,837.9
0,836.9
0,836.9
0,836.8
0,836
0,835.6
0,835.8
0,835.3
0,835.3
0,835.5
0,835.5
0,835.7
0,835.8
0,834.8
0,835.3
0,835.3
0,833.8
0,833.7
0,833.6
0,833.9
0,834.4
0,834.4
0,834.7
0,834.7
0,834
0,833.8
0,833.4
0,832.9
0,833.6
0,834.3
0,834
0,834.9
0,834.9
0,834
0,833.6
0,831.6
0,832
0,832.1
0,832.3
0,831.9
0,831.8
0,831.9
0,832.1
0,829.6
0,830.9
0,831
0,824.7
0,825
0,820.4
0,821.7
0,822.2
0,825.6
0,827.1
0,827.6
0,827.6
0,827.9
0,830.4
0,831.2
0,832
0,831.5
0,827.8
0,827.6
0,827.6
0,827.6
0,827.3
0,828.5
0,829.3
0,830.4
0,828.9
0,828.7
0,829.6
0,828.5
0,828.6
0,828.4
0,830.5
0,830.4
0,830.3
0,826.9
0,828.4
0,828.2
0,828.9
0,829.2
0,829.1
0,829
0,829
0,828.5
0,829.1
0,830.5
0,830.2
0,829.6
0,830.5
0,830.3
0,829
0,828.9
0,828.5
0,827.4
0,829
0,828.7
0,829.5
0,829.8
0,829.9
0,830.3
0,829.7
0,830.3
0,830.5
0,829.5
0,829.6
0,829.5
0,829.7
0,830.3
0,830.2
0,829.7
0,829.7
0,829.4
0,829.8
0,829.6
0,829
0,828.7
0,829.5
0,828.9
0,829.3
0,828.5
0,828.8
0,829.1
0,828.3
0,828.7
0,828.3
0,827.9
0,828.1
0,828.3
0,828.8
0,829.3
0,829.3
0,828.9
0,828.2
0,828.2
0,828.6
0,828.2
0,828.8
0,828.7
0,828.1
0,828.2
0,827.9
0,827.6
0,827.9
0,827.9
0,827.4
0,826.2
0,826.1
0,826.2
0,826
0,826.2
0,825.6
0,825.3
0,825.4
0,825.7
0,825.6
0,825.5
0,825.5
0,825.5
0,825
0,825
0,824.6
0,824.4
0,824.5
0,824.1
0,823.1
0,822.5
0,823.1
0,823.3
0,822.6
0,823
0,822.6
0,823.6
0,823.4
0,823.4
0,823.4
0,823.4
0,823.2
0,823.5
0,823.4
0,823.3
0,823.1
0,823.1
0,823
0,823.5
0,823.5
0,823.2
0,822.3
0,820.9
0,821.1
0,821
0,821.3
0,820.5
0,820.5
0,820.2
0,820
0,820.3
0,819.1
0,818.8
0,819.1
0,819.1
0,819.2
0,819.4
0,818.5
0,818.3
0,818.6
0,818.7
0,818.6
0,818.2
0,816.9
0,817.3
0,817.5
0,817.6
0,817.9
0,817.8
0,817.8
0,818.6
0,818.7
0,818.5
0,818.5
0,819.3
0,819.4
0,819.5
0,819.8
0,819.3
0,819
0,819.4
0,819.1
0,819.5
0,819
0,819.3
0,819.7
0,820.2
0,819.7
0,819.8
0,820
0,818.1
0,820
0,820.9
0,820.2
0,819.1
0,818.8
0,818.4
0,819
0,818.6
0,818.7
0,819.3
0,819.7
0,819.7
0,819.8
0,820.1
0,819.9
0,820.4
0,819.2
0,818.6
0,818.6
0,818.2
0,818.8
0,818.6
0,819
0,819
0,819.1
0,819.8
0,819.7
0,819.9
0,820.5
0,819.7
0,819.6
0,820.1
0,819.9
0,820
0,819.6
0,819.4
0,819.7
0,819.6
0,819.2
0,819.1
0,819.2
0,819.3
0,819.7
0,819.6
0,819.8
0,819.6
0,819.9
0,819.6
0,819.3
0,820.4
0,823
0,823.3
0,823.7
0,823.9
0,824.6
0,824.6
0,824.6
0,825
0,826.1
0,826.2
0,824.5
0,825.1
0,824.3
0,824.1
0,823.7
0,824.3
0,824.3
0,824.3
0,824.4
0,824.5
0,824.1
0,824.2
0,824.5
0,824.5
0,824.1
0,823.9
0,823.4
0,822.9
0,822.7
0,822.6
0,822.4
0,821.9
0,821.8
0,821
0,821.2
0,821
0,821
0,820
0,819.9
0,819.3
0,819.6
0,819.4
0,819.4
0,819.3
0,819.4
0,819.2
0,819.3
0,819.9
0,819.7
0,819.2
0,819
0,819
0,818.9
0,818.3
0,819.4
0,819.2
0,819.3
0,818.8
0,819.1
0,818.9
0,819.5
0,819.6
0,819.4
0,819.1
0,819.1
0,818.7
0,819.4
0,819.5
0,819.1
0,819
0,818.9
0,818.8
0,818.5
0,818.3
0,817.9
0,817.8
0,816.9
0,816.8
0,816.6
0,817.3
0,818.1
0,818.4
0,818.3
0,817.8
0,818.3
0,817.9
0,817.8
0,817.4
0,818.2
0,818.4
0,817.3
0,817.3
0,816.9
0,815.6
0,815.7
0,815
0,813.4
0,813.7
0,813.5
0,813.2
0,813.3
0,814.4
0,814.3
0,815.2
0,815
0,815.6
0,815.8
0,817.3
0,816.4
0,815.9
0,815.6
0,815.2
0,815
0,815.3
0,814.3
0,813.8
0,813.4
0,813.1
0,812.9
0,812.9
0,810.5
0,810
0,809.8
0,809.2
0,809.2
0,811
0,810.3
0,810.1
0,810.9
0,811.8
0,812
0,812
0,812.6
0,812.2
0,813.4
0,813.1
0,814.2
0,813.5
0,814
0,815.1
0,814.8
0,814.9
0,815.2
0,815.4
0,815.2
0,815.4
0,815.3
0,815.5
0,815.6
0,815.8
0,817.1
0,817.9
0,817.2
0,817
0,817.2
0,817
0,816.8
0,817
0,817.8
0,818.1
0,817.7
0,817.3
0,817.3
0,817.1
0,817
0,817
0,817.1
0,817.6
0,816.8
0,817.3
0,817
0,815.1
0,815.6
0,814.8
0,814.4
0,814.6
0,814.6
0,814.8
0,815.1
0,815.2
0,815.3
0,815.3
0,815.3
0,814.4
0,813.2
0,812.9
0,814.2
0,814.2
0,814
0,814
0,813.8
0,813.2
0,813.5
0,813.3
0,813.3
0,827
0,819.4
0,816.6
0,815.7
0,814.9
0,815.1
0,817.1
0,813.8
0,812.6
0,812.7
0,810.1
0,810.8
0,811.5
0,813.3
0,812.8
0,810.1
0,804.3
0,809.8
0,810.1
0,813.5
0,811.1
0,810.2
0,812.4
0,813.6
0,813.1
0,811.4
0,812.6
0,812
0,811.4
0,811.9
0,810.1
0,809.9
0,810.6
0,811
0,812
0,812.1
0,810.9
0,811.6
0,810.9
0,810.4
0,810
0,808.4
0,808.7
0,810.7
0,810.2
0,809.9
0,807.9
0,807.7
0,807.7
0,809
0,808.8
0,808.4
0,808.3
0,806.9
0,804.8
0,805.8
0,806
0,805.4
0,806.1
0,805.7
0,804.6
0,804.1
0,804.7
0,806.1
0,805.9
0,807.1
0,809.4
0,809.3
0,810.5
0,809.6
0,809.4
0,808.9
0,811
0,811.7
0,811.9
0,811.9
0,810.1
0,810.1
0,811.2
0,809.3
0,811.2
0,810.3
0,811.7
0,811.3
0,810.1
0,810.7
0,811.3
0,811.5
0,811.5
0,811.6
0,811.1
0,811.3
0,811.4
0,811.2
0,810.8
0,810.3
0,810.5
0,811.1
0,811.1
0,810.9
0,811
0,810.5
0,810.1
0,810.1
0,809
0,809.5
0,809.8
0,810.1
0,812.2
0,811.2
0,811
0,810.9
0,810.6
0,811
0,811.3
0,812.2
0,811.3
0,811.5
0,811
0,810.8
0,809.9
0,809.6
0,809.5
0,810.6
0,809.9
0,809.2
0,809.4
0,810.3
0,810.4
0,810.6
0,810.5
0,810.4
0,811.2
0,810.9
0,811.3
0,811.4
0,812.9
0,812
0,812.3
0,812
0,811.9
0,812.3
0,812.2
0,811.8
0,811.4
0,811.4
0,811
0,811.5
0,811.4
0,812.3
0,811.4
0,811.1
0,810.7
0,811.2
0,811.4
0,813.7
0,811.8
0,811.4
0,811.4
0,811.9
0,811.8
0,812.4
0,812.4
0,812.3
0,811.9
0,811.6
0,812
0,812.2
0,812.2
0,812.5
0,812.8
0,812.3
0,813.3
0,814.8
0,814.6
0,814.1
0,813.7
0,813.9
0,814.2
0,816.2
0,815.8
0,816.5
0,814.7
0,815
0,815.8
0,815.5
0,815.1
0,814.9
0,814.7
0,815.8
0,816.4
0,816
0,816.1
0,814.8
0,815.3
0,816
0,816.1
0,816
0,815.2
0,815.7
0,815.9
0,816.1
0,815.5
0,814.9
0,813.5
0,813.6
0,813.1
0,814.5
0,814.8
0,815.2
0,813.5
0,812.9
0,812
0,813.3
0,812.4
0,812.7
0,813.3
0,812.4
0,812.5
0,813.6
0,813.1
0,813.3
0,813.3
0,813.2
0,813
0,813.3
0,811.6
0,811
0,810.6
0,810.8
0,811.1
0,811.5
0,811.6
0,812.1
0,812.7
0,812.4
0,813.2
0,813.1
0,812.7
0,812.3
0,812.4
0,812.2
0,812.2
0,812.2
0,812.2
0,812.2
0,812.3
0,812
0,810.6
0,810.8
0,810.7
0,810.3
0,810.4
0,810.8
0,810.9
0,809.3
0,808.9
0,808.9
0,808.5
0,809.6
0,809.8
0,810.3
0,809.7
0,808.9
0,809
0,808.1
0,808
0,807.7
0,808.1
0,808.4
0,807.7
0,808.7
0,808.4
0,808.3
0,808.4
0,808.3
0,808.4
0,808.6
0,808.5
0,808.3
0,808.3
0,808.5
0,808.6
0,809.5
0,809.4
0,808.7
0,808.3
0,807.9
0,806.1
0,807.7
0,807.8
0,807.6
0,807.5
0,806.5
0,806.5
0,806.8
0,806.9
0,806.7
0,807.1
0,807.3
0,807.6
0,807.5
0,807
0,807.1
0,807.1
0,807
0,807.3
0,807.6
0,807.5
0,807.2
0,807.1
0,807.1
0,806.8
0,806.7
0,806.3
0,806
0,806.6
0,806.7
0,807.3
0,807.5
0,807.7
0,807.9
0,808
0,808.1
0,808.3
0,808.4
0,808.2
0,807.4
0,806.2
0,806.3
0,806.3
0,806.3
0,806.7
0,806.7
0,807.4
0,807.8
0,807.7
0,807
0,807.4
0,807.5
0,807.6
0,808
0,808.2
0,808.6
0,808.5
0,809.1
0,809.1
0,810.5
0,810.7
0,811
0,811.1
0,811.3
0,812.5
0,812.3
0,815
0,813.5
0,813.6
0,812.6
0,812.4
0,812.4
0,811.4
0,812.4
0,812.9
0,810.2
0,810.7
0,810.9
0,810.2
0,812.2
0,811
0,810.6
0,811.6
0,812.2
0,812.8
0,814.9
0,814.6
0,814.9
0,814.9
0,813.1
0,810.9
0,811.5
0,811.7
0,811.7
0,811.7
0,811.8
0,811.4
0,811.4
0,811.8
0,811.4
0,811.9
0,812.7
0,813
0,813.3
0,814.8
0,814.7
0,814.6
0,813.9
0,814.4
0,813.3
0,813.7
0,813.5
0,813.4
0,813.3
0,813
0,812.1
0,811.5
0,810.7
0,810.4
0,809.7
0,809.9
0,809.9
0,809.6
0,808.4
0,808.4
0,807.8
0,807.8
0,807
0,807.1
0,808.1
0,807.6
0,808
0,808.2
0,808.5
0,809.5
0,807.4
0,807.7
0,806.8
0,806
0,805.7
0,805.7
0,805.8
0,805.7
0,805.4
0,805.8
0,805.5
0,805.7
0,805.7
0,805.6
0,805.1
0,805.5
0,805.7
0,805.5
0,804.1
0,805
0,804.8
0,803.8
0,803.3
0,801.8
0,803.3
0,804.1
0,804.3
0,804
0,804.4
0,804
0,803.7
0,804.3
0,804.4
0,804.4
0,804.4
0,803.9
0,804.4
0,804.2
0,804.3
0,804.1
0,803.8
0,802.9
0,803.3
0,803.5
0,802.3
0,800.8
0,798.9
0,800.7
0,801.6
0,806.4
0,805.5
0,804.9
0,804.2
0,804.9
0,802.7
0,805.9
0,800.5
0,801.4
0,801.3
0,800
0,800.5
0,801.3
0,803.9
0,803.5
0,805.3
0,804.7
0,804.6
0,802.1
0,802.7
0,803.5
0,805
0,803.6
0,805.2
0,804.6
0,806.3
0,805.7
0,807.2
0,808.1
0,808.3
0,808.8
0,809.7
0,809.5
0,811.8
0,811.5
0,810.6
0,810.3
0,810.2
0,810.1
0,808.3
0,808.3
0,809.2
0,809.5
0,810.1
0,809.7
0,809.7
0,809.3
0,809.1
0,809.2
0,808.2
0,807
0,807.6
0,806.9
0,805.8
0,804.9
0,805
0,804.7
0,804.5
0,801.3
0,802.2
0,803
0,804
0,804.4
0,804.3
0,802.8
0,803.3
0,802.7
0,803.1
0,804.4
0,804.1
0,804.5
0,805.4
0,806
0,805.9
0,805.4
0,805.3
0,804.1
0,803.1
0,803.6
0,803.7
0,803.2
0,802.3
0,802.2
0,803.1
0,803
0,803.2
0,803.6
0,803.1
0,803.3
0,803.4
0,803.2
0,802.8
0,802.8
0,802.5
0,802.6
0,802.7
0,802.8
0,803
0,803.3
0,802.5
0,802.1
0,802.6
0,802.7
0,803.6
0,804.2
0,804
0,804.2
0,804
0,804.2
0,804.5
0,804.3
0,804.4
0,804.2
0,804.1
0,802.9
0,801.9
0,801.3
0,801.6
0,802.4
0,802.7
0,802.6
0,802.1
0,802.6
0,802.1
0,801.6
0,800.2
0,800.8
0,800.9
0,800.6
0,800.7
0,799.9
0,800.8
0,801.2
0,801.1
0,801.7
0,801.4
0,800.9
0,800.8
0,800.4
0,800.4
0,799.9
0,799.9
0,799.6
0,798.9
0,798.5
0,798.4
0,798.1
0,798.1
0,798
0,798.2
0,797.8
0,797.7
0,797.4
0,797.3
0,797.3
0,796.9
0,797.2
0,796.9
0,797.2
0,797
0,797.7
0,798
0,797
0,797
0,796.5
0,797.3
0,797.2
0,796.7
0,796.8
0,796.9
0,797.8
0,798.1
0,798.3
0,798.4
0,798.4
0,797.8
0,796.8
0,796.8
0,796.7
0,797.2
0,796.9
0,797
0,797.1
0,797.1
0,797.4
0,797.2
0,797.5
0,797.8
0,797.1
0,797.3
0,798.1
0,798.1
0,797.7
0,797.7
0,797.4
0,797.1
0,796.5
0,796.7
0,797.5
0,797.8
0,797.8
0,798.2
0,798.6
0,798.5
0,797.8
0,797.5
0,798.1
0,798.2
0,798.4
0,798.1
0,798.2
0,798.1
0,798.6
0,798.7
0,799.5
0,799.9
0,799.8
0,799.8
0,800.7
0,800.2
0,799.8
0,801.4
0,801.3
0,801.5
0,801.5
0,803
0,803.2
0,803.5
0,803.4
0,803
0,803.2
0,802.9
0,802.6
0,802.6
0,801.7
0,801.3
0,801
0,801.2
0,800.8
0,800.9
0,801.1
0,801.7
0,801.2
0,801.2
0,801.4
0,801.8
0,803.1
0,803.2
0,803.4
0,803.3
0,802
0,801.5
0,801.1
0,801.2
0,801.4
0,801.4
0,801.4
0,801.2
0,800.8
0,801.6
0,801.4
0,801.6
0,801.9
0,802
0,801.2
0,800.9
0,800.7
0,800.6
0,801.1
0,801.1
0,801
0,800.7
0,801.9
0,802.4
0,802.2
0,802.2
0,802.5
0,802.2
0,802.3
0,802.5
0,802.4
0,802.5
0,802.5
0,802
0,802.3
0,802.4
0,802.9
0,801.9
0,801.9
0,801.9
0,802.3
0,802.5
0,802.2
0,802.4
0,802.6
0,802.7
0,801.5
0,801.5
0,799
0,801.1
0,802.1
0,802
0,801.6
0,801.7
0,798.8
0,799.1
0,799.8
0,801.8
0,803.8
0,803.5
0,803.8
0,802.6
0,802.5
0,801.7
0,801.8
0,800.9
0,801.5
0,800.5
0,799.6
0,799.9
0,799.8
0,800.1
0,800
0,799.7
0,800.2
0,800.9
0,801.5
0,802
0,801.9
0,802.6
0,804.8
0,805.2
0,805.8
0,807.4
0,805.7
0,806
0,805.5
0,805.7
0,806.4
0,805.8
0,805.8
0,805.6
0,805.5
0,806.2
0,806.3
0,806.9
0,807.2
0,806.3
0,806.4
0,804.9
0,804.8
0,805.7
0,805.4
0,805.6
0,806.6
0,805.5
0,805.9
0,805.2
0,806.3
0,806
0,805.8
0,804.1
0,805.3
0,806.1
0,808.2
0,807.9
0,807.5
0,806.8
0,807.4
0,807.6
0,806.9
0,807
0,807
0,807.2
0,807.7
0,807.1
0,807.6
0,806.9
0,806
0,807.2
0,807.3
0,807.2
0,806.9
0,806.2
0,804.9
0,804.6
0,805.2
0,804.7
0,804.8
0,804.2
0,804.5
0,804.1
0,804.2
0,803.4
0,803.7
0,800.6
0,801.1
0,801.4
0,801.7
0,801.3
0,801.9
0,801.5
0,801.5
0,801.2
0,801.1
0,801.4
0,799.9
0,799
0,800.5
0,800.5
0,800.9
0,801.2
0,801.1
0,801.2
0,801.2
0,800.8
0,800.8
0,800.7
0,800.8
0,800.9
0,801.1
0,802
0,804.5
0,805.4
0,803.9
0,803.3
0,803.2
0,803.9
0,803.3
0,802.2
0,802.2
0,802.2
0,802
0,802.2
0,802
0,800.7
0,799.9
0,799.9
0,799.4
0,799.4
0,799.3
0,798.4
0,799.5
0,799.8
0,799.6
0,799.8
0,799.7
0,799.2
0,799
0,799.9
0,800.5
0,800.3
0,799.5
0,801
0,802.3
0,801.4
0,800.5
0,800.7
0,800.1
0,799.8
0,800
0,800.3
0,800.1
0,800.1
0,800
0,800.1
0,800.2
0,799.9
0,799.6
0,799.3
0,799.3
0,799.2
0,798.9
0,798.5
0,798.7
0,798.8
0,798.8
0,805.2
0,806.7
0,808.3
0,808.2
0,807.9
0,809.9
0,810.2
0,809.9
0,810.2
0,813.3
0,812.6
0,812.6
0,811.3
0,811.3
0,810.6
0,810.7
0,812.1
0,811
0,810.3
0,811.5
0,813.2
0,812.5
0,810.2
0,812.8
0,811.7
0,812.2
0,812.2
0,813.3
0,814.1
0,814.2
0,814.9
0,813.8
0,814.5
0,814.3
0,816.7
0,815.7
0,815.8
0,815.3
0,815.1
0,816.5
0,816.7
0,819.8
0,817.7
0,819.2
0,818.1
0,817.6
0,819.5
0,820.1
0,821.3
0,820.5
0,820.3
0,820.9
0,819
0,820.1
0,819.4
0,819.6
0,820.3
0,820.6
0,820.7
0,820.7
0,820.9
0,820.5
0,820.7
0,820
0,819.2
0,818.6
0,818.4
0,817.1
0,816.2
0,815.9
0,816.9
0,816.6
0,816.2
0,816.2
0,815.7
0,816.2
0,817.5
0,816.8
0,817
0,817.8
0,818.7
0,818
0,818.3
0,818.3
0,819.1
0,819.3
0,819.1
0,819.6
0,819.5
0,819.8
0,819.8
0,819.4
0,819.6
0,819.9
0,819.9
0,820.1
0,820.2
0,820
0,820.3
0,819.7
0,819.6
0,818.9
0,819.7
0,820
0,820.7
0,820.1
0,820.2
0,819.7
0,818.2
0,816.7
0,816.7
0,818
0,819.4
0,815.2
0,813.7
0,813.5
0,814.1
0,813.7
0,813.6
0,813.4
0,813.4
0,813.7
0,813.3
0,813.4
0,813.3
0,816.2
0,815.6
0,815.8
0,815.2
0,815.2
0,815.7
0,815.9
0,816.1
0,815.5
0,815.6
0,815.1
0,814.8
0,815.3
0,816.1
0,815.9
0,814.7
0,816.1
0,815.7
0,815.4
0,815.9
0,816.1
0,815.2
0,815.7
0,814.6
0,813.3
0,813.5
0,812.8
0,812.6
0,812.2
0,811.8
0,812.3
0,813.1
0,812.7
0,813.3
0,812.9
0,812.2
0,812.6
0,812.8
0,812.3
0,812.4
0,813.4
0,812.3
0,812.9
0,812.7
0,811.8
0,812.6
0,813.9
0,814.6
0,814.3
0,815.1
0,814.6
0,814.2
0,814.3
0,814.7
0,814.7
0,814.8
0,815
0,814.9
0,815.8
0,814.9
0,815.2
0,815.3
0,814.9
0,814.6
0,814.9
0,815
0,814.9
0,815.2
0,814.4
0,814.6
0,814.7
0,814.1
0,813.5
0,813.4
0,813.6
0,813
0,811.8
0,812.5
0,811.6
0,811.4
0,811.8
0,811
0,810.6
0,810.7
0,810.3
0,810.4
0,810.6
0,810
0,809.9
0,809.9
0,809.9
0,810.1
0,810.6
0,811.1
0,811.6
0,811.6
0,811.5
0,811.4
0,811
0,809.8
0,810.7
0,810.7
0,811.5
0,810.9
0,810.2
0,809.9
0,809.7
0,810.2
0,809.9
0,809.5
0,809.8
0,810.1
0,810.7
0,809.7
0,809.4
0,810.1
0,810.3
0,810.3
0,810.1
0,809.9
0,809.7
0,809.9
0,810.3
0,810.2
0,810.5
0,810.7
0,810.5
0,810.7
0,810.7
0,810.3
0,809.5
0,809
0,809
0,810.7
0,811.1
0,811.3
0,811.4
0,811.2
0,811.5
0,811.5
0,811.1
0,811
0,811.4
0,811.1
0,811.5
0,811.4
0,811.5
0,812.5
0,812.6
0,812.6
0,813.1
0,813
0,812.6
0,811.6
0,811.9
0,812.3
0,812.2
0,812.3
0,812.8
0,813.5
0,814.5
0,814.6
0,814
0,814
0,813.6
0,814.2
0,814.5
0,814.1
0,813.8
0,813.8
0,814.5
0,814.2
0,814.5
0,815.7
0,816.3
0,816.4
0,817.5
0,817
0,817.3
0,817.7
0,817.2
0,817.8
0,816.6
0,815.8
0,816.1
0,816.1
0,816.5
0,818.2
0,818.2
0,818.6
0,818.5
0,818.6
0,818.7
0,818.6
0,818.7
0,819.1
0,819.2
0,819
0,819.4
0,818.9
0,818.9
0,819.4
0,819.8
0,819.6
0,819
0,819.1
0,818.8
0,818.3
0,819.2
0,819.3
0,819
0,818.5
0,818.6
0,818.5
0,819.1
0,819.7
0,820.5
0,822.1
0,821.9
0,822.6
0,822.4
0,822.3
0,825.3
0,824.3
0,824.2
0,824.4
0,824.3
0,824.2
0,824.1
0,824.2
0,824.3
0,825.1
0,825.2
0,825.9
0,826.1
0,825.6
0,825.6
0,825.3
0,823.7
0,825
0,825.8
0,826.3
0,825.3
0,825.5
0,825.5
0,824.9
0,825
0,825.7
0,825.5
0,825.7
0,825.4
0,825.8
0,825.6
0,826.3
0,825.6
0,825.7
0,825.5
0,827.7
0,827.2
0,826.7
0,825.2
0,823.9
0,825.5
0,824.9
0,825.6
0,824.1
0,824
0,823
0,823.1
0,823.5
0,823.6
0,824
0,824.1
0,824.9
0,825.2
0,825.3
0,825.4
0,826.1
0,826.2
0,826.2
0,826.1
0,826.4
0,827.4
0,827.8
0,827.8
0,828.6
0,828.6
0,827.8
0,827.6
0,827.7
0,827.6
0,826.4
0,827.1
0,827.3
0,827.8
0,828.1
0,828.5
0,828.9
0,827.2
0,827.8
0,827.6
0,828
0,828.8
0,828.4
0,829.1
0,828.2
0,828.9
0,828.7
0,830.2
0,829.7
0,828.5
0,828.7
0,828.2
0,828.5
0,828.3
0,828.8
0,828.5
0,828.4
0,828.5
0,827.7
0,828
0,828.3
0,827.8
0,827.1
0,827
0,827.2
0,827.4
0,827.3
0,826.6
0,826.6
0,826.7
0,826.3
0,826.9
0,826.9
0,826.7
0,826.3
0,828.3
0,827.6
0,827.7
0,828.1
0,827.8
0,828.4
0,829.8
0,829.9
0,829.4
0,829.3
0,829.3
0,830.1
0,830.1
0,830.7
0,830.5
0,831.8
0,832.5
0,832.9
0,833.1
0,832.1
0,832
0,832.2
0,832.2
0,825.9
0,826
0,830.8
0,821.5
0,816.7
0,821.9
0,824.9
0,825.7
0,824.4
0,827.9
0,822.6
0,822.7
0,823.5
0,823.8
0,825.5
0,825
0,822.4
0,823.7
0,824
0,825.8
0,825.6
0,824.9
0,823.8
0,821.6
0,821.6
0,822.5
0,821.2
0,818.8
0,818.5
0,816.5
0,815.2
0,814.2
0,815.4
0,815.8
0,815.8
0,816.6
0,815.9
0,815.8
0,817.2
0,816.5
0,816.9
0,817.7
0,818.7
0,818.7
0,818.6
0,820.2
0,820
0,819.4
0,819.1
0,819.1
0,818.7
0,820.1
0,822.1
0,824.3
0,824.2
0,824.8
0,825.6
0,824
0,823
0,821.5
0,823.8
0,823.9
0,824.7
0,824.1
0,822.4
0,822.1
0,823.8
0,823.7
0,823.6
0,822.9
0,821.8
0,821.9
0,821.7
0,821
0,821
0,821.9
0,822
0,822
0,822
0,821.7
0,821.5
0,820.8
0,820.8
0,820.4
0,820.4
0,820.4
0,820.7
0,821.8
0,821.4
0,821.1
0,821.9
0,821.7
0,821.9
0,821.8
0,822
0,822
0,823.2
0,824.8
0,825.4
0,825.3
0,824.7
0,824.1
0,823.2
0,823.1
0,822.9
0,822.6
0,822.5
0,822.4
0,822.2
0,823
0,823.9
0,823.3
0,823.5
0,823.6
0,822.9
0,822.8
0,822.5
0,822.8
0,823
0,822.8
0,823.3
0,823.1
0,823.3
0,823.5
0,823.4
0,823.5
0,823.3
0,823.4
0,825.2
0,825.5
0,825.3
0,825.2
0,824.6
0,823.9
0,823.2
0,823.6
0,823.6
0,823.9
0,823.5
0,823.3
0,823.5
0,822.7
0,822.7
0,822.7
0,823
0,822.7
0,822.3
0,822.3
0,821.9
0,821.8
0,821.8
0,822.6
0,822.3
0,821.5
0,822.4
0,822.1
0,821.7
0,821.9
0,821.7
0,821
0,821.1
0,821.5
0,822
0,821.8
0,820.6
0,820.1
0,819.4
0,819.7
0,819.8
0,820.1
0,820.2
0,820
0,820.2
0,820.3
0,820.4
0,819.5
0,819.7
0,819.9
0,820.6
0,821.2
0,821.7
0,822
0,822.3
0,821.8
0,821.4
0,821.8
0,821.8
0,821.8
0,821.5
0,821.1
0,819.9
0,819.2
0,818.5
0,817.9
0,818.7
0,818.3
0,817.9
0,818
0,817.8
0,817.3
0,817
0,816.9
0,817.8
0,817.4
0,817.8
0,817
0,816.7
0,817.5
0,816.8
0,817.5
0,817.3
0,816.1
0,815
0,814.8
0,814.7
0,814.9
0,815.1
0,816.1
0,816.1
0,815.5
0,816.6
0,818.4
0,818.2
0,817.9
0,817.1
0,816.6
0,816.9
0,815.4
0,813.9
0,814.2
0,816.6
0,817.2
0,817.2
0,818.2
0,818.6
0,819.3
0,820.2
0,821
0,820.8
0,820.5
0,819.7
0,819.1
0,819.1
0,819.1
0,818.6
0,818
0,819
0,819
0,818.3
0,818.5
0,818.5
0,818.7
0,818.9
0,818.5
0,817.7
0,817.4
0,817.2
0,816.6
0,816.5
0,816.6
0,817.6
0,817.5
0,817.1
0,817.1
0,817
0,816.9
0,816.6
0,816.6
0,816
0,816.1
0,816.1
0,816
0,815.8
0,815
0,814.9
0,814.6
0,815.1
0,815.6
0,815.3
0,814.9
0,814.3
0,815.2
0,816
0,816.1
0,815.8
0,815.8
0,816.3
0,816.3
0,816.3
0,816
0,816.5
0,816.9
0,816.8
0,816.4
0,816.8
0,816.5
0,816.6
0,816.5
0,815.9
0,814.5
0,815.1
0,815.4
0,815.5
0,816.1
0,816
0,815.8
0,816.1
0,816.4
0,815.9
0,815.8
0,817.1
0,817.2
0,816.7
0,815.8
0,815.8
0,815.5
0,816.1
0,816.6
0,817.6
0,817.3
0,817.7
0,818.4
0,818.2
0,818.5
0,818.7
0,818
0,818.4
0,817.5
0,817.5
0,817.3
0,816.9
0,818.1
0,819.3
0,822
0,823.1
0,823.4
0,823.3
0,821.9
0,821.6
0,820.3
0,819.3
0,820.9
0,819.5
0,819.1
0,819.2
0,819.4
0,819.1
0,819
0,818.4
0,818
0,817
0,816.8
0,815.4
0,814.9
0,814.7
0,814.3
0,813.3
0,812.1
0,810.7
0,811.9
0,811.8
0,810.9
0,810.6
0,810
0,810.6
0,811.1
0,811.7
0,812
0,811.3
0,809.9
0,809.6
0,808.8
0,808.4
0,807.7
0,807.9
0,808
0,807.2
0,806
0,805.6
0,806
0,805.3
0,806.4
0,806.6
0,807.6
0,809.6
0,807.4
0,807.5
0,806.5
0,806
0,807.3
0,806.6
0,806.4
0,806.1
0,803.7
0,802.7
0,802.5
0,801.9
0,800.8
0,799.9
0,800.9
0,800.6
0,801.1
0,801.2
0,800.8
0,800.7
0,800.5
0,801.1
0,800.9
0,800.3
0,799.5
0,799.1
0,799.8
0,799.7
0,800.7
0,799.4
0,799.4
0,799.3
0,799.6
0,801.4
0,800.6
0,801.1
0,801.1
0,801.1
0,801.3
0,801.3
0,800.9
0,801.5
0,800.6
0,800.5
0,802.2
0,802.8
0,802.1
0,800.2
0,800.5
0,800.7
0,801.4
0,801.5
0,802.3
0,802.5
0,802.4
0,803
0,802.7
0,803.3
0,803.5
0,803.4
0,803.4
0,801.9
0,801.8
0,801.5
0,803.5
0,804.9
0,804.8
0,804.3
0,804.4
0,803.9
0,804.7
0,808.5
0,807.8
0,808.1
0,807.5
0,807.4
0,807.3
0,809.1
0,808.7
0,808.7
0,808.4
0,808.6
0,808.3
0,808.3
0,808.6
0,808.4
0,808.7
0,808.3
0,808.2
0,808.8
0,808.9
0,811.7
0,811.2
0,812.8
0,814.6
0,817.1
0,818.1
0,818.1
0,818.1
0,818.3
0,818.4
0,816.9
0,819.4
0,822.5
0,821.3
0,820.8
0,820.7
0,820.1
0,823.5
0,823
0,822.7
0,822.1
0,823
0,823.1
0,822.2
0,820.7
0,819.6
0,819.5
0,819.7
0,822
0,822
0,823.8
0,824.1
0,824.7
0,824
0,824.8
0,826.2
0,825.5
0,825.7
0,825.8
0,825.4
0,825.3
0,825.7
0,825.6
0,822.9
0,824.1
0,824.9
0,824.8
0,823.9
0,824.9
0,825.2
0,824.9
0,825
0,825.1
0,825.5
0,825.8
0,826.2
0,826.8
0,825.8
0,825.2
0,825.1
0,825.5
0,825.3
0,825.4
0,825.7
0,825.5
0,825.3
0,825.4
0,825.5
0,826
0,825.7
0,825.9
0,827.3
0,827.9
0,829.2
0,831
0,830.8
0,831.3
0,831.1
0,831.6
0,831.8
0,832.8
0,834
0,832.9
0,831.5
0,832.5
0,833
0,832.9
0,832.6
0,831.4
0,830.6
0,830.4
0,831.6
0,829.7
0,829.8
0,829.6
0,829.1
0,828.6
0,828.8
0,828.5
0,828.9
0,827.1
0,826.4
0,825.4
0,826.1
0,826.1
0,826.1
0,826.4
0,827
0,827
0,827.4
0,828
0,827.4
0,827.9
0,828.5
0,828.5
0,827.6
0,828
0,828.7
0,830.2
0,830
0,830
0,830.4
0,830.6
0,830.2
0,830.1
0,828.7
0,829.8
0,829.5
0,829.5
0,829.4
0,829.4
0,829.4
0,829.5
0,829.4
0,828.8
0,829.4
0,829.6
0,829.7
0,830.2
0,830.1
0,830.3
0,831
0,832
0,831.8
0,831.8
0,830.6
0,829.7
0,830
0,829.7
0,830.3
0,830.6
0,830
0,829.9
0,829.9
0,829.4
0,829.6
0,828.2
0,828
0,827.4
0,828.6
0,828.5
0,828.7
0,828.4
0,827.8
0,827.3
0,826.3
0,826.3
0,826.3
0,827.2
0,826.4
0,826.1
0,826.1
0,826.6
0,827.2
0,827.1
0,826.8
0,827.1
0,826.4
0,825.9
0,826.6
0,827.1
0,827
0,826.4
0,826.3
0,826.7
0,826.4
0,826.4
0,826.4
0,826.1
0,826.5
0,826.6
0,826.9
0,826.9
0,826.9
0,827.2
0,827.3
0,827.4
0,826.6
0,826.5
0,826.1
0,825.8
0,826.3
0,826.9
0,826.7
0,826.8
0,826.8
0,827
0,827.1
0,827.1
0,827.1
0,827
0,827.2
0,826.9
0,827.8
0,827.8
0,827.8
0,827.9
0,827.4
0,827.3
0,826.9
0,826.6
0,826.7
0,826.4
0,826.2
0,825.9
0,825.8
0,826
0,826.4
0,824.6
0,824.6
0,826.9
0,827
0,828.1
0,829.3
0,827.6
0,827.4
0,827.4
0,827.2
0,826.8
0,826.6
0,827
0,827.2
0,827.3
0,827
0,827.2
0,826.7
0,826.7
0,827.1
0,826
0,825.4
0,825.4
0,825.6
0,826.3
0,826.7
0,826.8
0,826.9
0,827
0,826.8
0,826.5
0,826.8
0,826.7
0,826.7
0,826.7
0,826.2
0,826.2
0,825.6
0,826.2
0,827.7
0,826.7
0,826.7
0,826.8
0,826.9
0,827.4
0,828.3
0,828.1
0,828.3
0,828.1
0,828.3
0,829.3
0,829.4
0,829.6
0,829.5
0,828.4
0,828
0,828.2
0,828.1
0,828.2
0,827.9
0,828.2
0,828.4
0,828.3
0,827.9
0,828.1
0,828
0,828.3
0,828.3
0,828.3
0,828.1
0,828.7
0,829.3
0,829.7
0,831
0,830.8
0,830.7
0,830.8
0,830.4
0,830.1
0,830.8
0,831
0,831.2
0,830.6
0,830.4
0,829.2
0,828.9
0,829.4
0,829.4
0,830.4
0,830.4
0,830.7
0,830.8
0,831.4
0,830.4
0,830.6
0,830.8
0,830.3
0,830.7
0,830.8
0,831
0,831.1
0,832.7
0,832.4
0,832.6
0,832.5
0,833.3
0,833.6
0,833.6
0,833.6
0,833.9
0,833.9
0,833.9
0,833.3
0,833.5
0,833.4
0,831.4
0,831.5
0,830.9
0,830.4
0,830.4
0,829.8
0,830.1
0,829.6
0,829.4
0,829.6
0,829.8
0,829.9
0,831
0,831.3
0,832.5
0,833.8
0,833.9
0,835.7
0,834.4
0,834.9
0,834.3
0,833.7
0,833.6
0,833.4
0,832.4
0,832.4
0,832.9
0,834
0,835.1
0,834.7
0,833.4
0,833.7
0,834.6
0,836.1
0,836.3
0,837
0,837.1
0,836
0,836.5
0,836.4
0,835.6
0,836.5
0,835.8
0,835.2
0,835.1
0,835
0,835.6
0,836.4
0,835.8
0,835.8
0,835.7
0,836.5
0,836.7
0,836.7
0,836.4
0,835.5
0,834.8
0,833.8
0,834
0,833.9
0,833.7
0,833.5
0,833.6
0,833.6
0,834.1
0,834.1
0,834.5
0,836
0,834.7
0,834.8
0,834.9
0,834.5
0,834.5
0,833.7
0,833.1
0,833.1
0,832.2
0,832.4
0,831.8
0,831.8
0,831.5
0,831
0,831
0,830.9
0,830.9
0,831
0,830.5
0,830.6
0,830.7
0,831.3
0,831.4
0,831.3
0,829.9
0,830.4
0,830.9
0,830
0,829.4
0,829.5
0,829.2
0,828.8
0,828.4
0,827.8
0,827.8
0,827.4
0,827.1
0,826.6
0,825.7
0,825.7
0,825.7
0,827.2
0,827
0,826.7
0,826.1
0,825.4
0,825.1
0,825.6
0,824.7
0,824.8
0,824.7
0,823.8
0,823.6
0,822.7
0,822.5
0,823.3
0,822.9
0,822.1
0,821.5
0,821.8
0,822.5
0,822.4
0,822.3
0,823.3
0,822.8
0,822.3
0,824.7
0,823.9
0,823.5
0,822.8
0,822.8
0,822.7
0,822.3
0,821.6
0,825.2
0,825
0,825.6
0,825.5
0,825.7
0,828.3
0,828.3
0,831.7
0,829.4
0,830
0,830.5
0,831.2
0,830.5
0,831.2
0,832.8
0,832.8
0,834.3
0,835.2
0,836.7
0,835.9
0,834.9
0,836.8
0,836.8
0,836.7
0,837.1
0,837.8
0,838
0,837.5
0,837.3
0,837.5
0,838.9
0,838.5
0,838.9
0,839.5
0,840.8
0,840
0,839.6
0,839.7
0,838.3
0,838.5
0,838.2
0,839
0,839.8
0,839.2
0,838.8
0,838.7
0,839.2
0,837.1
0,839.4
0,839.2
0,838.7
0,838.3
0,838.4
0,838.1
0,838.8
0,840.3
0,839.6
0,839.9
0,840.3
0,840.6
0,840.6
0,839.9
0,839.9
0,840.2
0,838.6
0,839.2
0,839.1
0,839.5
0,839.4
0,839.1
0,838.9
0,838.6
0,838.2
0,837.4
0,836.3
0,835.7
0,836.5
0,836.3
0,836
0,836.1
0,836.7
0,837.4
0,837.4
0,837.3
0,837.4
0,837.3
0,837
0,836.1
0,835.9
0,836.4
0,835.6
0,834.8
0,835.3
0,835.6
0,835.6
0,836.4
0,837.1
0,836.9
0,836.2
0,836.2
0,836
0,836.2
0,836
0,836.5
0,836.7
0,836.3
0,836.3
0,836
0,836
0,836.1
0,836.2
0,836.4
0,836.6
0,836.2
0,836.2
0,835
0,832.7
0,831.7
0,831.6
0,831.9
0,831
0,830.9
0,830.8
0,830.8
0,832.2
0,831.1
0,831
0,828.4
0,828.9
0,829.2
0,829.2
0,829.3
0,828.7
0,828.7
0,829.1
0,828.1
0,828.6
0,829.4
0,829
0,828.8
0,828.5
0,827.9
0,828.3
0,828.1
0,827.7
0,828
0,827.8
0,827.6
0,827.6
0,827.1
0,827.6
0,827.4
0,827.5
0,827.5
0,827.4
0,828.2
0,828.6
0,829.5
0,829.7
0,829.7
0,830.2
0,829.9
0,831.1
0,830.7
0,830.9
0,831
0,831
0,831.4
0,832.4
0,832.3
0,833
0,834.9
0,834.8
0,834.5
0,835.3
0,835.1
0,835.1
0,835.2
0,835.8
0,835.5
0,835.6
0,835.4
0,835.4
0,835.6
0,835.8
0,835.8
0,835.6
0,835.6
0,835.7
0,836.2
0,835.9
0,836
0,836
0,836
0,835.8
0,834.9
0,834.6
0,834.9
0,835
0,835.1
0,835.4
0,835.9
0,836
0,835.5
0,835.2
0,834.7
0,834.7
0,835.4
0,835.4
0,835.5
0,835.4
0,836.1
0,836.2
0,836.3
0,835.7
0,835.7
0,835.7
0,836
0,836
0,836.1
0,835.9
0,835.7
0,835.5
0,836.6
0,835.9
0,835.5
0,834.7
0,834.7
0,835.9
0,836.3
0,835.6
0,835.5
0,835.2
0,835.6
0,835.6
0,835.6
0,835.6
0,835.3
0,835.3
0,836.1
0,836.3
0,836.5
0,836.2
0,835.9
0,836
0,836.4
0,836.2
0,836.3
0,836
0,836
0,836
0,836.7
0,836.9
0,837.2
0,837.4
0,836.6
0,836.1
0,836
0,835.8
0,835.7
0,835.7
0,835.7
0,835.7
0,835.9
0,835.5
0,834.5
0,834
0,834
0,834.8
0,835
0,835.1
0,835.2
0,835
0,835.8
0,835.9
0,835.8
0,835.7
0,836.4
0,836.5
0,836.9
0,836.9
0,837.1
0,836.7
0,836.5
0,836.5
0,836
0,835.3
0,835.1
0,834.9
0,834.9
0,835.1
0,833.9
0,833.6
0,833.6
0,832.6
0,832.9
0,833
0,832.9
0,832.3
0,831.9
0,832.1
0,831.9
0,831.7
0,831.8
0,832.7
0,832.5
0,832.6
0,832.5
0,832.5
0,832.5
0,832.3
0,832.6
0,832.9
0,833.3
0,833.8
0,834.6
0,834.5
0,833.9
0,833.3
0,833.2
0,832.8
0,833.2
0,834
0,834
0,834
0,834.4
0,834
0,834
0,834.1
0,834.6
0,835
0,833.6
0,833.6
0,833.3
0,834
0,834.3
0,833.9
0,833.4
0,833.3
0,833.2
0,833.9
0,833.7
0,833.2
0,833.1
0,833.1
0,834
0,835.3
0,834.4
0,834.2
0,834.1
0,833.6
0,832.9
0,832.2
0,833.7
0,833.4
0,834.1
0,834
0,833.7
0,832.6
0,832.7
0,833.5
0,833.4
0,833.1
0,832.1
0,831.6
0,831.8
0,831.9
0,832.2
0,833.6
0,833.7
0,833.8
0,835.1
0,834.3
0,833.9
0,834.3
0,834.2
0,834.1
0,833.8
0,833.8
0,833.9
0,834.2
0,834.1
0,834.5
0,834.3
0,834.4
0,834.1
0,834.1
0,832.2
0,832
0,831.7
0,830.7
0,830.5
0,830.5
0,830.3
0,830.3
0,829.3
0,829.3
0,829.4
0,828.5
0,829
0,828.9
0,828.1
0,827.9
0,827.6
0,828
0,827.8
0,827.5
0,827.8
0,828.1
0,828.8
0,828.5
0,830
0,830.3
0,830.8
0,831.1
0,830.9
0,831.1
0,831.3
0,831.1
0,830.5
0,831.3
0,830.7
0,831.4
0,831.6
0,831.4
0,832.3
0,832.3
0,832.4
0,832.3
0,831.9
0,833
0,833.2
0,833.7
0,833.3
0,832.6
0,831.8
0,831.2
0,830.1
0,830.1
0,830.9
0,830.4
0,830.7
0,831.3
0,830.6
0,830.5
0,830.4
0,830.5
0,831.6
0,832.8
0,832.6
0,833.3
0,833.4
0,832.9
0,832.7
0,832.7
0,832.5
0,833.5
0,834
0,833.7
0,833.7
0,833.6
0,833.2
0,834
0,833.8
0,834.9
0,834.7
0,834.5
0,833.7
0,833.7
0,832.7
0,832.3
0,832.8
0,834.5
0,834.6
0,834.6
0,834.4
0,834.5
0,842.4
0,844.9
0,846.9
0,848.2
0,848.3
0,847.3
0,846.8
0,848.2
0,844.5
0,850.8
0,849.6
0,848.3
0,849.6
0,850.5
0,849.2
0,848.8
0,849.1
0,850.4
0,848.2
0,847.8
0,850.1
0,850.2
0,849.7
0,850.6
0,850.9
0,851
0,852.7
0,853.2
0,853.5
0,856.2
0,854.6
0,854.9
0,856.1
0,857.1
0,857
0,858.1
0,857.9
0,859.4
0,859.1
0,859.6
0,858.7
0,859.8
0,860
0,860.6
0,861.3
0,861.4
0,862.2
0,861.9
0,861.5
0,859.7
0,858.1
0,857.4
0,857.7
0,857.6
0,856.5
0,856
0,854.5
0,853.7
0,853.3
0,852.6
0,852.9
0,853.9
0,853.5
0,851.4
0,851
0,851.7
0,853.5
0,853.4
0,853.3
0,852.5
0,852.3
0,852.5
0,852.9
0,853.8
0,853.2
0,852.7
0,853.3
0,852.8
0,852.3
0,852.3
0,850.7
0,852
0,851.7
0,851.9
0,852.8
0,852.8
0,852.6
0,852.5
0,852.7
0,852.7
0,852.9
0,853.8
0,853.8
0,854.4
0,854.8
0,855
0,854.8
0,854.9
0,854.6
0,853.3
0,852.7
0,852.5
0,852.7
0,853.1
0,853.4
0,853.4
0,856
0,856.1
0,856.7
0,855.4
0,856
0,855.3
0,854.9
0,855.1
0,855.4
0,854.8
0,854.7
0,854
0,853.7
0,854.1
0,853.7
0,853.5
0,854.5
0,853.9
0,853.7
0,854.2
0,854.3
0,855.2
0,854.6
0,854.4
0,855.4
0,855.9
0,855.4
0,853.2
0,852.8
0,851.8
0,851.9
0,853.4
0,853.3
0,852.6
0,851.3
0,850.4
0,849.9
0,849.5
0,850.1
0,850.6
0,850.5
0,850.6
0,850.2
0,848.9
0,848.5
0,849
0,849.3
0,850.4
0,849.5
0,849.6
0,850.4
0,851
0,850.4
0,850.6
0,850.1
0,850.1
0,851.1
0,851
0,851.5
0,850.5
0,851.1
0,850.8
0,850.8
0,850.6
0,850.2
0,851.2
0,850.9
0,850.4
0,849.9
0,850.2
0,850
0,850.5
0,850.9
0,850.6
0,850.8
0,851.4
0,850.9
0,851.6
0,851.8
0,852.3
0,851.8
0,851.3
0,851.1
0,851
0,850.7
0,850.6
0,850.6
0,851.6
0,851.8
0,851.8
0,852.2
0,852.6
0,852.4
0,852.4
0,852.2
0,852.5
0,852.4
0,852.6
0,852.6
0,852.7
0,853
0,853
0,855.3
0,856
0,855.7
0,857.7
0,856.5
0,856.1
0,856.9
0,855.4
0,855.5
0,855.1
0,856.1
0,855.8
0,855.7
0,856
0,856.4
0,856.3
0,856.2
0,856.2
0,856.4
0,856.2
0,856.3
0,856.2
0,856.5
0,856.5
0,856.4
0,856.3
0,856
0,856.5
0,856.4
0,859.4
0,859.2
0,857.2
0,857.8
0,856.8
0,857.2
0,854.3
0,854.8
0,854
0,851
0,850.8
0,850.7
0,850
0,850.4
0,850.3
0,850
0,850
0,849.8
0,849.8
0,849.6
0,850.1
0,850.1
0,851.4
0,852.1
0,853.4
0,854.1
0,854.3
0,853.4
0,853.5
0,853.8
0,854.4
0,855
0,856.4
0,856.7
0,855.9
0,855.5
0,854.8
0,854.5
0,855.3
0,856.7
0,855.8
0,856.4
0,856
0,856.3
0,856.1
0,856.2
0,856.7
0,856.5
0,856.4
0,855.9
0,855.7
0,854.5
0,854.7
0,855.3
0,855.1
0,854.8
0,854.6
0,855.2
0,855.6
0,855.9
0,856.4
0,856.8
0,858.2
0,859.2
0,857.7
0,857.1
0,858.2
0,858.6
0,859.2
0,860.1
0,859.1
0,858.1
0,858.5
0,857.4
0,857.6
0,857.9
0,858.2
0,858.2
0,858.1
0,857
0,857.2
0,857
0,857.5
0,858.7
0,859
0,859.3
0,859.7
0,860.6
0,860.4
0,860.1
0,860
0,859.9
0,861.4
0,861.3
0,861.9
0,862.6
0,862.3
0,862.8
0,862.7
0,863.2
0,863.3
0,864.5
0,864
0,864
0,864.7
0,864.7
0,862.9
0,863.6
0,864.5
0,865.1
0,865
0,864.7
0,864.8
0,866.4
0,866
0,865.7
0,864.7
0,864.7
0,865.4
0,866.2
0,866.6
0,866.9
0,866.8
0,867.1
0,866.9
0,867.3
0,867.5
0,868.2
0,868.3
0,867.2
0,867.4
0,867.6
0,868.3
0,869
0,868.4
0,868.6
0,869.2
0,869.3
0,869.7
0,869.9
0,870.2
0,870.6
0,870.6
0,871.2
0,872.2
0,872.1
0,874.4
0,874.1
0,873.9
0,875
0,875.2
0,875.2
0,875.1
0,875.1
0,875.2
0,875.4
0,876.2
0,876.5
0,876.3
0,876.2
0,875.8
0,874.9
0,875.3
0,875.4
0,876.6
0,876.5
0,876
0,875.9
0,875.8
0,873.2
0,871.2
0,869.8
0,869.7
0,871.3
0,872.7
0,872
0,871.7
0,871.5
0,872.3
0,872.2
0,873.5
0,875
0,873.7
0,873.5
0,873.7
0,873.6
0,873.2
0,873.6
0,872.7
0,873.2
0,873.2
0,872.9
0,873.9
0,873.3
0,873.6
0,874.2
0,874.2
0,874.7
0,873.5
0,873.3
0,874
0,873.8
0,874.1
0,874.1
0,873.8
0,874.6
0,874.9
0,875.6
0,875
0,874.7
0,872.6
0,873.1
0,873.5
0,873.5
0,873.7
0,873.2
0,873.7
0,873.6
0,874
0,873.6
0,872.5
0,871.2
0,871.7
0,871.9
0,871.9
0,872.1
0,872
0,871.7
0,871.5
0,871.7
0,871.2
0,869.1
0,866.8
0,866.6
0,866.7
0,866.1
0,866.6
0,867
0,867.8
0,868
0,867.6
0,868
0,868.3
0,869.6
0,868.6
0,868.7
0,869.1
0,868.2
0,868.7
0,868.9
0,869.3
0,869.1
0,869
0,868.7
0,868.5
0,868.3
0,868.7
0,868.3
0,869.2
0,869.3
0,869.8
0,871.6
0,871.3
0,870.9
0,870.9
0,358.4
0,358.9
0,358.9
0,358.9
0,358.9
0,360.3
0,360.1
0,359.4
0,357.9
0,358.4
0,358.4
0,358.8
0,358.8
0,358.6
0,359.8
0,357.4
0,357.9
0,356.1
0,356.1
0,356.2
0,356.5
0,357
0,357
0,357.1
0,357.1
0,357
0,357.2
0,357.8
0,357.9
0,357.6
0,358.7
0,359.4
0,357.9
0,357.7
0,358
0,358.2
0,358.7
0,358.5
0,358.6
0,358.5
0,358
0,357.7
0,357.4
0,357.6
0,357
0,356.6
0,357.4
0,357.4
0,357.1
0,357.9
0,358.8
0,358.7
0,358.7
0,358.7
0,358.7
0,358.9
0,357.8
0,358
0,358.7
0,359.4
0,359.6
0,359.4
0,359.7
0,359.8
0,358.7
0,358.5
0,358.4
0,359.1
0,359.1
0,358.4
0,358.4
0,358.7
0,358.7
0,358.6
0,358.7
0,358.7
0,358.5
0,359
0,359.4
0,359
0,359.5
0,359.6
0,359.3
0,360.4
0,361.2
0,359
0,359.5
0,359.2
0,359.8
0,359.4
0,359.5
0,359.8
0,360.1
0,359.4
0,360.3
0,359.4
0,359.8
0,359.8
0,360.3
0,359.9
0,359.7
0,359.6
0,359.8
0,359.7
0,359.4
0,359.4
0,360
0,359.7
0,360.5
0,360.3
0,359.6
0,359.5
0,359.9
0,359.3
0,360.8
0,360.4
0,360.8
0,360.8
0,360.5
0,359.9
0,359.7
0,359.6
0,359.8
0,359.2
0,360.4
0,359.5
0,360.1
0,359.4
0,359.1
0,358.8
0,359.3
0,359.3
0,360
0,358.9
0,359
0,359
0,359.5
0,360
0,360.1
0,359.5
0,359.2
0,359.1
0,359.4
0,359.9
0,359.5
0,359
0,359.8
0,359.1
0,359
0,358.4
0,359.6
0,358.9
0,360.2
0,359.5
0,360.2
0,360.1
0,359.5
0,359.3
0,358.6
0,359.2
0,358.4
0,358.4
0,358.3
0,358.3
0,358.2
0,357.8
0,358.6
0,357.8
0,357.7
0,358.3
0,357.9
0,357.5
0,358
0,357.9
0,358.7
0,358.8
0,358.2
0,358.3
0,357.7
0,358.5
0,358.4
0,358.1
0,358
0,358.5
0,358.4
0,358.3
0,358
0,357.4
0,357.2
0,357.5
0,357
0,357.6
0,357.6
0,357.8
0,357.9
0,357.8
0,357.7
0,357.9
0,357.4
0,358.2
0,358.3
0,358.6
0,358.8
0,358.6
0,358.7
0,358.7
0,358.1
0,358.3
0,358.2
0,358.5
0,358.9
0,358.7
0,358.5
0,358.6
0,359.2
0,359.1
0,358.7
0,358.7
0,358.7
0,359
0,359.1
0,359
0,358.9
0,358.5
0,358.4
0,358.6
0,358.3
0,358.7
0,358.6
0,358.8
0,359.6
0,359.8
0,360.5
0,360.6
0,360.3
0,361.6
0,361.8
0,361.1
0,360.9
0,360.4
0,360.2
0,360.2
0,360.3
0,360.7
0,359.9
0,359.9
0,360.2
0,359.8
0,359.7
0,359.6
0,360.3
0,360.4
0,359.7
0,360.3
0,360.1
0,360.6
0,360.5
0,360.6
0,360.4
0,360
0,360
0,360.3
0,360.4
0,361.7
0,361.4
0,361.2
0,361.5
0,360.6
0,360.5
0,360.4
0,360.7
0,361.7
0,361.1
0,361
0,361.1
0,361.5
0,361.1
0,361.2
0,361.4
0,361.5
0,361.6
0,361.4
0,361.4
0,360.7
0,361.2
0,362.2
0,362.1
0,360.9
0,362.5
0,361.8
0,361.8
0,361.4
0,361.2
0,361.3
0,360.6
0,354.8
0,367.4
0,364.5
0,363.4
0,360.6
0,363.4
0,366.4
0,364.6
0,364.9
0,365.3
0,363.9
0,363.5
0,363.3
0,362.9
0,362.4
0,362.3
0,363.5
0,363.6
0,364.5
0,366.3
0,365.9
0,364.9
0,365.2
0,365
0,365.2
0,365.7
0,365.3
0,365.5
0,365.3
0,364.9
0,365.5
0,365.6
0,365.3
0,364.8
0,364.5
0,364.9
0,365
0,365
0,364.9
0,364.1
0,364
0,365.5
0,366.4
0,365.7
0,365.6
0,365.5
0,366.1
0,365.4
0,366
0,365.4
0,365.2
0,366.1
0,365.4
0,365.4
0,365.4
0,365.5
0,365
0,364.8
0,364.5
0,363.7
0,363.9
0,364
0,364.2
0,363.8
0,363.4
0,363.1
0,363
0,362.1
0,362.9
0,362.8
0,362.6
0,363.2
0,363.9
0,363.4
0,363.1
0,362.8
0,362.4
0,362.3
0,362.1
0,362.2
0,362.3
0,362.5
0,362.6
0,362.5
0,362.3
0,362.3
0,363.2
0,363.5
0,363.5
0,363.4
0,363.3
0,362.9
0,362.8
0,363.3
0,363.5
0,362.6
0,363.1
0,363.6
0,362.4
0,362.4
0,362.3
0,362.5
0,363
0,362.5
0,363
0,362.4
0,362.8
0,362.6
0,363
0,363.1
0,363.2
0,363.2
0,363.3
0,364.7
0,363
0,363.6
0,363.5
0,363.1
0,362.5
0,362.6
0,362.5
0,361.8
0,362.3
0,362.6
0,362.7
0,362.6
0,362.4
0,362.4
0,362.7
0,362.7
0,362.9
0,362.7
0,362.6
0,362.9
0,362.8
0,362.9
0,362.7
0,362.8
0,363
0,363.1
0,363.4
0,363.5
0,362.8
0,362.6
0,362.5
0,362.6
0,362.8
0,363.5
0,363.2
0,363.5
0,363.7
0,363.5
0,363.4
0,363.5
0,363.8
0,363.5
0,363.2
0,363.3
0,362.5
0,361.7
0,362.5
0,362.8
0,362.4
0,362.7
0,363
0,363.3
0,363.1
0,363.1
0,363.2
0,363.4
0,363.5
0,363.5
0,363.4
0,362.4
0,363
0,362.3
0,362.9
0,363.1
0,363.3
0,363.4
0,363.5
0,363.7
0,363.5
0,363.8
0,363.9
0,363.4
0,363.6
0,363.6
0,363.6
0,363.4
0,363.3
0,363
0,363.2
0,363.2
0,362.8
0,363
0,362.6
0,362.7
0,362.5
0,362.1
0,361.8
0,361.7
0,361.9
0,361.8
0,362
0,362
0,361.8
0,361.5
0,361.3
0,361.2
0,361.4
0,361.1
0,361.2
0,361.2
0,360.8
0,360.7
0,360.6
0,360
0,360
0,359.9
0,359.7
0,360
0,360.3
0,360.3
0,360.7
0,361.1
0,361.2
0,360.5
0,360.6
0,360.1
0,360.4
0,360.3
0,360.2
0,359.8
0,359.7
0,359.6
0,359.7
0,359
0,359.2
0,359.3
0,358.4
0,359.4
0,360
0,360.7
0,360
0,360.2
0,358.8
0,358.9
0,359
0,359.5
0,359.2
0,359.8
0,360
0,359.7
0,360.1
0,359.9
0,359.7
0,359.8
0,359.8
0,359.9
0,359.8
0,359.4
0,359.6
0,359.4
0,359.2
0,359.1
0,358.9
0,359.7
0,359.6
0,359.7
0,359.7
0,359.4
0,359.1
0,359.3
0,359.2
0,364
0,364
0,364.3
0,365.5
0,363.1
0,365.1
0,364.9
0,364.9
0,364.9
0,364.9
0,363.1
0,363
0,362.4
0,362.1
0,361.8
0,362.9
0,362.6
0,363.8
0,363.4
0,363.2
0,363.2
0,363.7
0,363.7
0,363.2
0,363
0,363.1
0,363.1
0,362.6
0,361.5
0,362.5
0,362.6
0,362
0,362.3
0,362
0,362.2
0,362.2
0,362.4
0,362.2
0,362.5
0,362
0,362
0,362.9
0,364.6
0,364.1
0,363.7
0,362.7
0,363.7
0,361.8
0,362.5
0,363.3
0,362.7
0,363.2
0,363.6
0,363.8
0,362.6
0,362
0,361.7
0,363.1
0,361.6
0,361.2
0,360.7
0,360.7
0,361.4
0,361.4
0,361.6
0,362.3
0,362.4
0,362.4
0,363.3
0,361.9
0,362.5
0,363.4
0,363.8
0,364
0,363.4
0,363.5
0,363.9
0,363
0,363.1
0,363.9
0,363.2
0,363.1
0,364.1
0,364
0,364
0,364.1
0,364.7
0,364.7
0,364.1
0,364.8
0,363.5
0,362.8
0,363.3
0,364.3
0,363.5
0,363.4
0,363.3
0,363.2
0,363.2
0,363.3
0,363.2
0,363.3
0,363.3
0,363.4
0,363.2
0,363.3
0,363
0,362.9
0,362.5
0,362.9
0,362.9
0,362.8
0,362.9
0,363.2
0,363.3
0,363.4
0,363.3
0,363.1
0,363.2
0,363
0,362.3
0,362.4
0,362.1
0,363
0,360.9
0,362
0,362.7
0,362.2
0,362.8
0,363.5
0,363.6
0,363
0,362.9
0,363
0,362.6
0,363
0,363.7
0,363.5
0,363.6
0,363
0,362.9
0,362.6
0,362.7
0,362.9
0,362.6
0,363.4
0,362
0,362
0,361.9
0,362.3
0,362.9
0,361.6
0,361.5
0,361.5
0,361.4
0,362
0,361.3
0,360.7
0,360.5
0,361.9
0,361.8
0,361.1
0,361.2
0,361
0,359.6
0,359.9
0,359.9
0,360.2
0,360
0,361.1
0,361.4
0,360.5
0,359
0,361.1
0,362.1
0,362.9
0,360.8
0,360.8
0,360.1
0,361
0,361.1
0,360.3
0,360.8
0,360
0,360.8
0,360.6
0,360.9
0,361.2
0,361
0,361.1
0,361.4
0,361.3
0,361.4
0,361.2
0,360.4
0,360.3
0,360.6
0,360.3
0,361.3
0,360.7
0,361.4
0,362.2
0,362.4
0,362.6
0,362
0,361.6
0,362.5
0,362.5
0,360.7
0,360.8
0,361.1
0,361.4
0,361.3
0,361
0,361.1
0,360.8
0,361
0,360.9
0,361.5
0,361.2
0,361.5
0,361.7
0,362.2
0,362.1
0,361.8
0,361.2
0,361.9
0,361.6
0,361.8
0,361.5
0,361.6
0,361.8
0,361.3
0,360.9
0,360.9
0,361.3
0,361.4
0,361.3
0,361.2
0,360.3
0,360.7
0,360.7
0,360.8
0,361.1
0,361.6
0,362.5
0,361.6
0,361
0,359.2
0,359.6
0,359.4
0,359.1
0,358.4
0,359.7
0,360.2
0,360.2
0,360.1
0,360.9
0,360.6
0,360.4
0,360.9
0,360.8
0,361.1
0,361.6
0,360.7
0,360.2
0,360.9
0,360.8
0,360.7
0,360.3
0,361.3
0,361
0,360.6
0,361.5
0,361
0,360.8
0,361.4
0,361.1
0,361.5
0,361
0,360.6
0,360.4
0,360.7
0,360.6
0,360.8
0,360.6
0,360.6
0,361.6
0,362
0,361.9
0,361.6
0,361.4
0,361.5
0,361.8
0,361.9
0,362
0,361.6
0,360.7
0,361.2
0,361.5
0,361.9
0,361.8
0,361.7
0,361.7
0,361.2
0,361.9
0,361.5
0,366.8
0,366
0,362.3
0,363.5
0,362.4
0,366.1
0,363.5
0,363.5
0,364.4
0,365.8
0,367.4
0,365.9
0,365.2
0,364.4
0,364.5
0,363.7
0,363.5
0,364.3
0,365.4
0,364.6
0,365.5
0,366.6
0,367.2
0,367.1
0,366.2
0,366.3
0,366.1
0,365.2
0,364.2
0,363.8
0,363.9
0,366.5
0,367.3
0,366.4
0,366.6
0,366
0,366.6
0,365.5
0,365.7
0,365.3
0,364.3
0,365.5
0,366.7
0,367.2
0,366.4
0,365.8
0,365.6
0,366.5
0,366.6
0,364.7
0,364.7
0,365.6
0,366.3
0,366.8
0,366.3
0,366.4
0,366.7
0,366.6
0,366.8
0,365.6
0,365.1
0,364.3
0,364.8
0,364.1
0,364.7
0,364.7
0,366
0,365.5
0,365.5
0,366.4
0,366.8
0,367.2
0,367.5
0,367.7
0,367.8
0,367.9
0,368.1
0,367.6
0,368
0,368.6
0,368.4
0,368.4
0,369
0,368.6
0,369.1
0,368.3
0,368
0,368.5
0,369
0,369.2
0,369.9
0,369.8
0,368.3
0,368.3
0,368.1
0,367.9
0,367
0,367.4
0,367.6
0,368.2
0,369
0,369
0,368.8
0,367.8
0,367.9
0,367.5
0,367.6
0,367
0,367.5
0,367.7
0,367.5
0,367.2
0,367.2
0,367.2
0,367.1
0,367.3
0,367.1
0,367.3
0,367.8
0,367.7
0,367.8
0,367.8
0,368.2
0,369
0,369.5
0,370.3
0,370.3
0,370.4
0,371.1
0,370
0,370.3
0,370
0,370.3
0,370
0,372.7
0,372.8
0,372.9
0,373.9
0,372.2
0,372.9
0,372.6
0,373.8
0,374.2
0,372.3
0,372.9
0,373.1
0,373.4
0,374.3
0,374.4
0,373.6
0,374.1
0,373.7
0,373.8
0,373.9
0,373.8
0,373.6
0,375
0,374.8
0,375.8
0,375.2
0,374
0,374.2
0,374.4
0,373.6
0,373.5
0,373.6
0,373.3
0,372.4
0,372.2
0,371.4
0,372
0,371.5
0,371.4
0,371.3
0,371.7
0,371.3
0,371.4
0,371.5
0,371.1
0,370.9
0,371.1
0,371
0,370.9
0,370.8
0,370.7
0,370.8
0,370.9
0,370.2
0,370.1
0,370.8
0,371
0,371
0,370.4
0,370.2
0,370.4
0,370.2
0,369.1
0,370
0,369
0,368.3
0,368.8
0,369.5
0,368.8
0,369.4
0,368.9
0,369.8
0,369.2
0,369.3
0,370.1
0,370.3
0,370
0,370.7
0,370
0,370.2
0,369.6
0,370.4
0,369.1
0,369
0,369.2
0,368.8
0,368.4
0,368.8
0,368.7
0,368.9
0,369.1
0,369.2
0,368.2
0,368.8
0,369.3
0,369.3
0,369.9
0,370.7
0,370.1
0,370.6
0,370.1
0,369.9
0,369.8
0,369.1
0,369.4
0,369.9
0,370.2
0,370
0,369.3
0,370.5
0,368.9
0,368.8
0,369
0,368.8
0,368.7
0,368
0,367.7
0,368.6
0,369
0,368.5
0,368.4
0,368.3
0,368.4
0,368.7
0,368.3
0,368.2
0,368.1
0,368.4
0,367.6
0,368.4
0,368
0,367.8
0,367.6
0,368
0,368.2
0,368.6
0,368.4
0,367.9
0,368.3
0,368
0,368.4
0,367.9
0,367.9
0,369.2
0,368.6
0,369.2
0,368.5
0,368.4
0,368.6
0,368.5
0,368.5
0,368.3
0,368.5
0,369.2
0,368.3
0,368.3
0,368
0,368.1
0,368.1
0,368.2
0,368
0,368.1
0,368
0,367.9
0,367.9
0,367.9
0,367.8
0,368.4
0,368.5
0,368.6
0,368.5
0,368.4
0,369.2
0,368.6
0,369
0,368.4
0,368.8
0,369
0,369.2
0,370.7
0,371.7
0,372.2
0,372.5
0,373.2
0,373.4
0,373
0,373.1
0,375.1
0,374.7
0,373.3
0,372.4
0,373.1
0,373.3
0,372.1
0,372.2
0,372.9
0,373
0,372.5
0,373.6
0,374
0,374
0,374.7
0,374.3
0,373.1
0,374.8
0,373.6
0,372.7
0,372.6
0,372.8
0,372
0,372.5
0,372.3
0,372.1
0,372
0,373.3
0,372.1
0,372
0,372.4
0,371.8
0,371.8
0,371.6
0,370.8
0,371.2
0,371.2
0,372.1
0,371.2
0,371.8
0,370.9
0,370.9
0,371.8
0,371.1
0,371.4
0,370.7
0,369.8
0,369.6
0,369.9
0,370
0,369.9
0,370
0,370.7
0,369.6
0,370
0,370.1
0,370.3
0,369.8
0,369.6
0,370
0,370.5
0,370
0,370.6
0,370.6
0,370.5
0,370.1
0,370.6
0,370.1
0,369.7
0,369.8
0,369.8
0,369.9
0,369.7
0,370
0,370.2
0,370.1
0,370
0,369.8
0,370.1
0,370.4
0,370.5
0,370.1
0,370.6
0,370.6
0,370.2
0,369.4
0,369.3
0,369.4
0,369.4
0,369.6
0,370
0,370
0,369.9
0,369.8
0,369.6
0,369.8
0,369.6
0,369.7
0,369.5
0,369.6
0,369.1
0,369.7
0,368.9
0,368.9
0,368.8
0,368.4
0,368.6
0,368.8
0,369
0,368.7
0,368.8
0,369
0,369.3
0,369.2
0,368.7
0,368.9
0,368.8
0,368.9
0,369
0,368.9
0,368.9
0,368.3
0,369
0,367.9
0,368.5
0,367.9
0,368.5
0,368.6
0,368.9
0,368.9
0,369
0,369.1
0,369.3
0,369.4
0,369
0,368.9
0,368.9
0,368.7
0,368.7
0,369.3
0,369.2
0,368.8
0,369.1
0,368.9
0,369
0,368.8
0,369
0,368.8
0,368.8
0,368.9
0,368.5
0,368.4
0,368.5
0,368.6
0,368.8
0,369.1
0,368.8
0,369
0,369
0,369.2
0,369.1
0,369.1
0,368.8
0,369.5
0,369.6
0,368.9
0,369.4
0,369.4
0,369.9
0,369.6
0,369.5
0,369.6
0,370
0,370.3
0,370.4
0,370.2
0,370.2
0,370.2
0,370.2
0,370.1
0,370.3
0,370.4
0,370.5
0,370
0,370.3
0,370.9
0,370.7
0,370.9
0,370.9
0,370.5
0,370.5
0,370.7
0,370.8
0,370.7
0,370.7
0,370.7
0,371.6
0,371.5
0,371.6
0,370.4
0,370.4
0,369.9
0,370.1
0,370
0,369.1
0,369.8
0,369.9
0,370.4
0,370.1
0,370.1
0,370.2
0,370.1
0,370.3
0,369.8
0,370
0,370.3
0,370.3
0,370.2
0,370.8
0,370.9
0,370.7
0,371
0,370.6
0,371.1
0,370.7
0,370.3
0,370.2
0,369.9
0,370.1
0,370.3
0,370.1
0,370
0,369.5
0,369.7
0,369.9
0,369.7
0,369.8
0,370.4
0,370
0,369.9
0,370.1
0,370.2
0,369.9
0,370
0,369.8
0,370
0,369.7
0,369.6
0,369.6
0,369.7
0,370
0,370.1
0,369.8
0,370
0,370.9
0,370.4
0,370.1
0,370.1
0,369.9
0,370.2
0,370.3
0,370.8
0,370.3
0,370.2
0,370
0,370
0,370.3
0,370.2
0,370.1
0,370.1
0,370
0,370.3
0,370.2
0,370.2
0,370
0,370.2
0,369.9
0,370.2
0,369.8
0,370.2
0,370
0,369.9
0,370.4
0,370.4
0,370
0,370.1
0,370
0,369.8
0,370.2
0,369.9
0,370
0,370
0,369.9
0,370.1
0,369.8
0,369.6
0,369.9
0,369.9
0,369.6
0,369.8
0,374
0,374
0,373.2
0,376.2
0,374.3
0,374.3
0,373.8
0,373.4
0,373.7
0,373
0,372.4
0,373.3
0,373.3
0,372.7
0,372.7
0,372.7
0,371.5
0,372.1
0,371.7
0,373.7
0,373.2
0,373.6
0,373.4
0,372.2
0,372.2
0,372.4
0,373.3
0,372.4
0,373.3
0,372.7
0,373.3
0,372.7
0,372.7
0,373.2
0,372.6
0,373.3
0,372.9
0,373.6
0,373.5
0,373.6
0,373.1
0,373.7
0,373.4
0,373.5
0,374.3
0,374.5
0,374.8
0,374.8
0,375.2
0,373.9
0,374.8
0,375.5
0,375
0,375.4
0,375.6
0,374.6
0,375.3
0,375.1
0,375
0,374.8
0,374.7
0,375.7
0,376.7
0,377.3
0,376.7
0,377.8
0,377
0,377.6
0,378.2
0,378.6
0,379.1
0,380
0,380.2
0,379.5
0,378.9
0,379.4
0,380
0,380
0,379.3
0,379.5
0,379.8
0,379.7
0,379.4
0,378.7
0,378.8
0,378.7
0,378.9
0,379.5
0,379.1
0,378.8
0,378.3
0,378.3
0,378.2
0,377.6
0,378.2
0,378.7
0,379.1
0,379.4
0,379.5
0,379.4
0,379.2
0,379.6
0,379.5
0,379.8
0,379.9
0,379.8
0,379.5
0,380.5
0,380.6
0,380.8
0,379.8
0,379.5
0,380.3
0,379.7
0,379.6
0,379.9
0,380.1
0,380.5
0,380.7
0,379.9
0,380
0,381.2
0,381.4
0,381.6
0,381.9
0,381.2
0,382.2
0,382.9
0,383
0,382.1
0,383.5
0,383.8
0,384
0,382.8
0,382.4
0,383
0,383.2
0,384.1
0,384
0,383.4
0,383.1
0,383.9
0,384.2
0,385
0,384.5
0,385
0,385.1
0,385
0,385.1
0,385.8
0,384.8
0,385.1
0,385.9
0,385.3
0,385.1
0,385
0,383.9
0,383
0,382.9
0,382.9
0,384.3
0,383.4
0,382.9
0,382.8
0,382.6
0,381.3
0,383
0,383.8
0,383.3
0,383.5
0,383.6
0,383.4
0,383.3
0,383.4
0,383.3
0,383.4
0,383.5
0,383.4
0,383.3
0,382.4
0,381.5
0,382.3
0,382.5
0,382.7
0,383.1
0,383.2
0,383.2
0,383.1
0,384.1
0,382.2
0,383.4
0,383.3
0,383.8
0,383.2
0,382.5
0,383
0,381.9
0,381.6
0,382.2
0,382.4
0,381.9
0,381.4
0,381.5
0,381.4
0,381.8
0,381.9
0,381.8
0,381.7
0,381.8
0,381.3
0,382.1
0,382.7
0,382.4
0,383.5
0,383.1
0,383.5
0,383.3
0,384.1
0,384.2
0,384.2
0,384.5
0,383.3
0,383.4
0,383.5
0,383.3
0,384.1
0,384.8
0,384.1
0,384.3
0,384.9
0,385.1
0,385.2
0,384.6
0,385.1
0,384
0,384.5
0,384.4
0,384.2
0,384.1
0,384.2
0,384.3
0,384.4
0,384.3
0,384.2
0,383.4
0,383.3
0,383.3
0,383.4
0,383.7
0,383.3
0,383.3
0,383.4
0,383.3
0,383
0,383
0,383.7
0,383.3
0,383.4
0,383.8
0,383.6
0,383.5
0,383.3
0,382.1
0,382.1
0,381.3
0,380.7
0,380.6
0,380.1
0,379.3
0,378.8
0,380.2
0,380
0,380.1
0,380
0,379.9
0,380
0,379.5
0,379.6
0,379.7
0,379.6
0,379.4
0,378.7
0,378.1
0,377.9
0,377.7
0,378
0,377.7
0,377.3
0,377.4
0,377.1
0,377.3
0,377.6
0,377.5
0,377.5
0,377.5
0,377.3
0,377.2
0,376.8
0,377.4
0,377.5
0,377.6
0,377.7
0,377.4
0,377.6
0,377.5
0,377.4
0,377.4
0,377.3
0,377.3
0,377.4
0,378
0,378.3
0,378.9
0,378.6
0,378.4
0,378.4
0,378.2
0,378.1
0,378.2
0,378.2
0,378.8
0,378.6
0,377.9
0,378.4
0,378.1
0,378.4
0,378.5
0,378.5
0,378.4
0,377.7
0,377.5
0,378
0,378
0,377.8
0,377.5
0,378.2
0,378.1
0,377.6
0,377.4
0,377.7
0,377.6
0,377.6
0,375.2
0,376.3
0,375.1
0,374.2
0,376.2
0,376.2
0,376.3
0,377.6
0,378.1
0,378.3
0,378
0,377.9
0,376.7
0,378.5
0,376.8
0,376.7
0,376.9
0,376
0,376.8
0,376.7
0,375
0,374.8
0,375.9
0,377.4
0,377.9
0,377.5
0,376.3
0,376.4
0,376.4
0,376.4
0,376.4
0,376.4
0,376.4
0,376.6
0,376.7
0,376.6
0,376.6
0,375.6
0,374.9
0,375.2
0,375.9
0,375.6
0,376
0,376.1
0,376.2
0,375.8
0,375.8
0,376.1
0,376.3
0,375.5
0,375
0,375.2
0,375.2
0,374.6
0,375
0,374.6
0,374.5
0,374.4
0,374.8
0,375.5
0,376.3
0,376.2
0,376.3
0,376.4
0,376.5
0,376.5
0,375.9
0,375.8
0,375.8
0,375.2
0,375.3
0,375.3
0,376.3
0,376.3
0,375.9
0,376.5
0,376.6
0,375.9
0,375.8
0,375.1
0,375.5
0,375.4
0,375.2
0,375.4
0,375.5
0,376.2
0,375.1
0,375.9
0,375.6
0,375.7
0,375.8
0,375.9
0,376.1
0,375.9
0,375.8
0,375.9
0,376
0,376.1
0,375.8
0,376
0,375.6
0,375.4
0,375.1
0,375.9
0,376.1
0,376.6
0,376.4
0,374.9
0,375.9
0,376.2
0,375.4
0,375.4
0,375.2
0,375.1
0,374.6
0,374.5
0,374.8
0,375
0,375.6
0,374.9
0,374.8
0,374.5
0,374.6
0,374.6
0,374.9
0,375.1
0,375.2
0,375.8
0,375.6
0,375.8
0,375.7
0,375.8
0,375.7
0,375.4
0,374.7
0,375.1
0,375.3
0,375.4
0,374.8
0,375.4
0,375.4
0,375.5
0,375.4
0,375.2
0,375.6
0,375.1
0,375.2
0,375.2
0,374.7
0,374.3
0,374.8
0,374.9
0,374.6
0,374.7
0,375
0,375.1
0,374.8
0,374.9
0,374.8
0,374.9
0,374.9
0,374.9
0,375.3
0,375.4
0,375.7
0,375.4
0,375.3
0,375.2
0,375.4
0,375.5
0,375.4
0,375.6
0,375.5
0,375.7
0,375.6
0,376.2
0,375.8
0,375.8
0,376.2
0,376.3
0,376.5
0,376.6
0,377.3
0,376.8
0,376.6
0,377.3
0,377.9
0,377.7
0,378.2
0,378.3
0,378.5
0,378.4
0,378.6
0,379
0,378.7
0,378.7
0,378.6
0,378.7
0,378.6
0,378.7
0,378.8
0,378.2
0,378.1
0,378
0,378.2
0,378.6
0,378.7
0,378.6
0,378.4
0,378.5
0,378.4
0,378.7
0,378.9
0,378.6
0,378.8
0,379.1
0,379
0,379.1
0,379
0,379.3
0,379.5
0,378.8
0,379.4
0,380.2
0,380.2
0,380.1
0,380
0,379.9
0,379.5
0,379.4
0,379.4
0,379.5
0,379.5
0,379.6
0,379.8
0,380
0,379.9
0,379.7
0,379.5
0,379.5
0,379.8
0,379.5
0,379.9
0,380
0,379.9
0,379.9
0,380
0,380
0,380.1
0,379.9
0,380.1
0,379.9
0,379.9
0,379.9
0,380
0,380
0,379.9
0,379.8
0,385.3
0,384.2
0,381.6
0,382.8
0,382.9
0,384.4
0,382.9
0,381.5
0,384.4
0,382.9
0,383
0,384.5
0,384.6
0,384.7
0,384.2
0,380.8
0,381.5
0,381.6
0,382.7
0,381.6
0,380.9
0,380.9
0,382.7
0,381.3
0,380.4
0,380.2
0,380.9
0,381.5
0,381.6
0,380.7
0,380.7
0,380.7
0,381.4
0,380.6
0,381.4
0,381.5
0,381.3
0,381.2
0,382
0,381.5
0,381.6
0,381.6
0,381.8
0,381
0,382.7
0,381.2
0,382.1
0,382.3
0,382.3
0,383.5
0,383.3
0,383.3
0,382.8
0,383.7
0,383.1
0,383.4
0,383.4
0,383
0,383
0,383.6
0,383.1
0,384.9
0,384.3
0,383.6
0,383.6
0,384.2
0,383.9
0,384.3
0,384
0,383.6
0,383.6
0,382.9
0,382.8
0,383
0,382.3
0,382.1
0,382.6
0,382.4
0,382.8
0,382.4
0,383.1
0,382.1
0,382.6
0,382.3
0,382.5
0,382
0,382.5
0,381
0,381.4
0,381.6
0,381.3
0,381.4
0,380.5
0,380.7
0,380.3
0,379.9
0,380.1
0,380.2
0,379.7
0,380.2
0,381.5
0,380.8
0,381.4
0,381.7
0,381.7
0,381.9
0,381.3
0,380
0,381.5
0,381.4
0,380.9
0,380.7
0,379.9
0,379.8
0,379.6
0,379.7
0,380.4
0,379.7
0,380.5
0,379.8
0,379.8
0,381.7
0,380.6
0,380.1
0,380.4
0,379.9
0,379.9
0,379.8
0,379.7
0,379.7
0,381.5
0,381.5
0,381.5
0,380.6
0,380.5
0,380.4
0,381.2
0,381.8
0,381.9
0,380.8
0,380.8
0,380.7
0,380.6
0,380.9
0,381.7
0,381.4
0,381.4
0,381.3
0,381.3
0,381.4
0,381.2
0,381.5
0,381.4
0,381.2
0,380.7
0,380.4
0,380.8
0,380.4
0,380.3
0,380.2
0,380
0,380.1
0,380.4
0,380.6
0,380.9
0,381
0,380.8
0,381.1
0,381
0,381.1
0,381.1
0,381.2
0,380.7
0,380.9
0,380.7
0,380.4
0,380.4
0,380.7
0,380.5
0,380.1
0,380.1
0,380
0,380.2
0,380.4
0,380.6
0,380.4
0,380.4
0,381
0,380.8
0,381.1
0,380.8
0,381.5
0,380.7
0,381.3
0,381.3
0,381
0,380.9
0,380.9
0,380.9
0,380.7
0,380.8
0,380.6
0,380.7
0,380.8
0,380.9
0,380.9
0,380.5
0,380.6
0,380.8
0,380.5
0,380.8
0,380.9
0,381.1
0,381.7
0,381.2
0,381.8
0,381.7
0,381.3
0,381.2
0,381.1
0,381.2
0,381
0,380.6
0,380.7
0,380.9
0,381
0,381
0,381.1
0,380.9
0,380.9
0,381.1
0,380.7
0,380.7
0,381.1
0,381.2
0,381
0,380.5
0,380.6
0,380.6
0,380.5
0,380.8
0,380.8
0,381
0,381.2
0,381.2
0,381.1
0,381.3
0,381
0,380.7
0,380.8
0,380.9
0,381.1
0,381.1
0,381.4
0,382.1
0,382.1
0,381.7
0,381.6
0,381.6
0,381.9
0,382
0,382.2
0,382.1
0,382
0,382
0,382.3
0,382.1
0,382
0,382.1
0,382.3
0,382.6
0,382.4
0,382
0,382
0,382.2
0,381.9
0,382.2
0,382.2
0,382.1
0,382.1
0,381.9
0,381.7
0,381.9
0,382
0,381.9
0,382.1
0,382.1
0,382.1
0,382
0,382.3
0,382.1
0,382.1
0,382.4
0,382.7
0,382.7
0,382.6
0,382.5
0,382.6
0,382.5
0,382.5
0,379.2
0,379.2
0,378
0,379.3
0,379
0,380.7
0,379.9
0,381.2
0,379.8
0,379.4
0,378.8
0,379.3
0,380
0,381.4
0,381.1
0,380.6
0,381.1
0,380.4
0,381.9
0,381.1
0,381.4
0,382
0,381.6
0,381.8
0,381.8
0,381.2
0,381.5
0,380.7
0,381.1
0,381.2
0,380.8
0,380.7
0,381
0,380.7
0,380.4
0,379.9
0,379.3
0,378.4
0,378.5
0,380
0,379.4
0,378.7
0,379.1
0,378.8
0,378.4
0,378.9
0,378.8
0,378.7
0,378.5
0,378.9
0,379.7
0,380
0,380.4
0,379.6
0,379.4
0,379.6
0,380.3
0,379.4
0,379.7
0,379.7
0,380.2
0,379.6
0,379.2
0,378.8
0,378.6
0,379.4
0,378.7
0,378.5
0,378.4
0,378.8
0,379
0,378.8
0,378.2
0,378.1
0,377.9
0,377.8
0,377.6
0,377.8
0,377.1
0,377.6
0,377.8
0,377.5
0,378
0,377.9
0,377.7
0,377.1
0,376
0,375.9
0,375.9
0,376.2
0,376
0,376.1
0,376.1
0,375.8
0,376.1
0,375.5
0,375.1
0,375
0,375.3
0,375
0,375.2
0,374.9
0,375.1
0,375.6
0,375.4
0,375.4
0,375.5
0,375.5
0,375.7
0,376.3
0,375.9
0,376
0,376.2
0,376.4
0,376.4
0,377.1
0,376.5
0,376.6
0,376.5
0,376.6
0,376.3
0,376.6
0,376.7
0,377.3
0,377.1
0,377.3
0,377.2
0,377.3
0,377.5
0,377.8
0,377.9
0,377.8
0,378.1
0,378.2
0,378.7
0,378.4
0,377.9
0,378.7
0,378.4
0,378.6
0,378
0,377.8
0,377.2
0,377.1
0,377.2
0,377.3
0,377.2
0,377.4
0,377.1
0,377.4
0,377
0,376.6
0,377.1
0,376.3
0,375.9
0,375.8
0,376
0,375.8
0,375.6
0,376.7
0,377
0,376.9
0,377
0,377.4
0,377.5
0,377.2
0,376.9
0,376.2
0,377
0,377.5
0,377.4
0,377.5
0,377.7
0,377.4
0,377.4
0,377.5
0,377.6
0,377.7
0,377.7
0,378
0,378.2
0,378.6
0,378.6
0,377.9
0,378.2
0,378.6
0,377.9
0,377.5
0,377.6
0,377.7
0,377.8
0,377.9
0,377.8
0,377.9
0,377.9
0,378
0,378.1
0,378
0,377.2
0,377.2
0,377.1
0,377.2
0,377.6
0,377.8
0,377.9
0,378
0,378.1
0,377.8
0,378.2
0,377.4
0,377.5
0,377.7
0,377.8
0,377.9
0,378
0,378.3
0,378.4
0,378.4
0,378.5
0,378.6
0,378.7
0,378.6
0,378.8
0,378.7
0,379.2
0,378.8
0,378.9
0,378.8
0,378.4
0,378.7
0,378.6
0,378.7
0,378.6
0,378.7
0,378.6
0,378.6
0,378.7
0,378.6
0,378.7
0,378.7
0,379.4
0,379.9
0,380.1
0,380.2
0,380.2
0,380.2
0,379.8
0,379.8
0,379.9
0,379.8
0,379.8
0,379.6
0,379.8
0,379.7
0,379.6
0,379.4
0,379.6
0,379.7
0,379.5
0,379.6
0,379.9
0,380.6
0,380.3
0,380.2
0,380.2
0,379.4
0,378.9
0,379
0,379.5
0,379.6
0,379.7
0,379.9
0,379.8
0,380.4
0,380
0,380.4
0,379.7
0,379.6
0,379.5
0,379.7
0,360.6
0,361
0,362.1
0,361.7
0,362.8
0,362.1
0,362
0,363.4
0,363.9
0,366.1
0,364.9
0,365.2
0,366.1
0,366.3
0,366.6
0,366.6
0,366.4
0,368.7
0,367.8
0,368.5
0,369.2
0,368.9
0,368.1
0,368.1
0,368.4
0,369
0,371.2
0,368.7
0,368.2
0,367.6
0,369.3
0,369.1
0,369
0,369
0,369.2
0,368.4
0,368.4
0,369.1
0,369.2
0,369
0,368.8
0,368.8
0,369.7
0,369.7
0,370.3
0,370.3
0,370.4
0,370.6
0,370.6
0,370.3
0,370.4
0,369.7
0,369.4
0,369.1
0,369.6
0,369.2
0,369.1
0,369.4
0,369
0,368.8
0,369.1
0,369.2
0,369
0,369.1
0,369.1
0,368.9
0,368.8
0,368.8
0,369
0,369.2
0,369.4
0,369.1
0,369.1
0,369.3
0,369.2
0,369.4
0,369.5
0,369.1
0,369.2
0,369.6
0,369.5
0,369.1
0,369
0,369.8
0,369.5
0,369.5
0,370.5
0,370.7
0,370.6
0,371.6
0,371.6
0,371.4
0,371.2
0,371.4
0,371.5
0,371
0,370.8
0,370.9
0,370.8
0,371.3
0,371.2
0,371
0,371.1
0,371.3
0,371.4
0,371.6
0,371.5
0,370.9
0,371.2
0,371.2
0,370.8
0,370.7
0,370.4
0,370.4
0,370.2
0,369.4
0,369.2
0,369.1
0,369.6
0,368.6
0,368.6
0,368.8
0,368.7
0,368.7
0,368.7
0,368.7
0,368.6
0,368.4
0,368.5
0,369.6
0,368.9
0,369.8
0,369.6
0,369.2
0,369.1
0,368.6
0,368.7
0,369.2
0,369.1
0,369.2
0,369.2
0,369.2
0,369.6
0,369.4
0,369.2
0,370.1
0,369.7
0,369.4
0,369.4
0,369.2
0,370
0,370.2
0,369.5
0,368.9
0,369.4
0,369.3
0,369.3
0,369.7
0,369.4
0,369.3
0,369.1
0,369
0,369.4
0,368.9
0,368.7
0,368.6
0,368.9
0,368.7
0,368.7
0,369
0,368.8
0,368.7
0,369.7
0,369.4
0,369.4
0,369.8
0,370.3
0,369.6
0,369.2
0,369.7
0,370.6
0,370
0,369.4
0,369.9
0,369.9
0,370.2
0,370.5
0,370
0,370.1
0,369
0,369.9
0,369.7
0,370.2
0,370.9
0,369.6
0,369.4
0,370.2
0,369.1
0,369.7
0,368.9
0,369.1
0,369
0,368.8
0,368.7
0,369.2
0,368.5
0,369
0,368
0,368.1
0,368
0,368.2
0,366.4
0,367.2
0,367.1
0,367.8
0,367.5
0,368.7
0,368.1
0,368.7
0,367.8
0,367
0,367.9
0,368.5
0,368.8
0,368.2
0,367.7
0,368.3
0,368.3
0,367.8
0,368.3
0,368.6
0,368
0,368.7
0,369.1
0,368.7
0,368.8
0,367.4
0,367.3
0,369.1
0,367.5
0,367.3
0,368.2
0,368.6
0,367.6
0,367.7
0,368.1
0,368.3
0,367.8
0,368.6
0,368.1
0,367.9
0,368.1
0,368.2
0,368.1
0,368
0,368.2
0,367.8
0,368.1
0,367.9
0,367.9
0,368.1
0,368.2
0,369.2
0,368.7
0,368.6
0,368.4
0,368.5
0,368.3
0,368.2
0,368.3
0,368.4
0,368.4
0,368.1
0,369
0,368.4
0,368.2
0,368.2
0,368.1
0,368.1
0,368.2
0,368.1
0,368
0,368
0,368.3
0,368.1
0,368.1
0,368
0,368.2
0,368.1
0,368.2
0,368.3
0,368.3
0,368.1
0,367.8
0,368.3
0,367.9
0,368
0,367.9
0,367.6
0,367.9
0,368
0,367.7
0,368.2
0,367.9
0,368.2
0,366.7
0,367.6
0,367.7
0,367.8
0,368.5
0,367.8
0,367.8
0,367.7
0,367.8
0,367.6
0,368.7
0,368.3
0,368.1
0,368.9
0,368.6
0,368.1
0,368.2
0,368.4
0,369
0,369.5
0,369
0,369.4
0,369.4
0,369.2
0,369.7
0,369.7
0,369.3
0,369.2
0,369.3
0,368.9
0,368.8
0,368.7
0,369
0,369.5
0,369.5
0,368.9
0,369.2
0,368.8
0,369
0,368.9
0,368.8
0,368.7
0,368.6
0,368.7
0,369
0,369
0,369.4
0,369.5
0,369.1
0,369.5
0,369.8
0,369.9
0,369.8
0,370.7
0,370.7
0,370.8
0,370.8
0,371.7
0,372.7
0,372.1
0,371.2
0,365.9
0,366.8
0,366.7
0,365.4
0,369.3
0,370.1
0,372.5
0,371.6
0,371.4
0,371.9
0,372.7
0,372.3
0,371.7
0,371.5
0,372.4
0,372.9
0,372.1
0,371.8
0,371
0,371.9
0,371.9
0,371.5
0,370.6
0,367.2
0,366.9
0,367.2
0,367.3
0,367.3
0,367.6
0,366.6
0,366.9
0,366.9
0,366.7
0,366.9
0,367.3
0,367
0,366.5
0,366.7
0,367
0,367.5
0,366.4
0,366.3
0,366.4
0,366.9
0,366.9
0,366.7
0,365.9
0,365.9
0,366.5
0,366.8
0,366.6
0,366.2
0,365.3
0,365.3
0,365.8
0,365.7
0,366.7
0,366.7
0,365.6
0,364.8
0,366.1
0,366.5
0,366.8
0,367.6
0,367.8
0,367.7
0,367.6
0,368.6
0,368
0,367.8
0,367.9
0,367.9
0,368.6
0,369.1
0,369.7
0,369.1
0,369.9
0,369.6
0,370
0,371.2
0,370.6
0,369.7
0,369.7
0,368.5
0,368.1
0,367.7
0,367.2
0,366.2
0,366.3
0,365.1
0,365.2
0,365.7
0,366
0,365.6
0,365
0,365.1
0,366.1
0,365.8
0,365.7
0,365.6
0,365.3
0,365.2
0,365.1
0,364.4
0,365
0,365
0,364.9
0,365
0,364.4
0,365.5
0,365.7
0,365.8
0,366.3
0,366.2
0,366.1
0,366.1
0,365.7
0,365.6
0,365.6
0,365.7
0,365.3
0,365.2
0,365.3
0,365.2
0,364.4
0,365.1
0,365.2
0,365.2
0,364.5
0,365.3
0,364.5
0,365
0,364.9
0,365.2
0,365.1
0,364.9
0,364.1
0,364.6
0,365.5
0,364.3
0,365
0,364.2
0,363.2
0,364.5
0,363.9
0,363.8
0,364
0,363.2
0,364
0,363.7
0,363.5
0,363.7
0,363.4
0,362.6
0,362.5
0,362.6
0,362.6
0,362.7
0,362.4
0,363.1
0,362.2
0,363.4
0,362.3
0,362.6
0,362.7
0,362.8
0,362.1
0,362
0,361.7
0,361.1
0,361.2
0,361.9
0,362.1
0,361.6
0,361
0,361.2
0,361.2
0,361.2
0,361.3
0,362
0,361.9
0,362.2
0,362.9
0,362.2
0,362.4
0,363.1
0,362.5
0,362.6
0,363.3
0,362.8
0,362.4
0,362.9
0,362.8
0,362.9
0,362.3
0,362.7
0,363.5
0,363
0,363.4
0,362.9
0,363.6
0,363.9
0,364.2
0,363.8
0,364.1
0,364.3
0,363.9
0,363.8
0,364.1
0,364.5
0,364.4
0,364.3
0,364.1
0,364.2
0,363.3
0,364.1
0,363.6
0,364
0,363.4
0,363.3
0,362.8
0,362.3
0,362.9
0,362.3
0,362.9
0,362.8
0,362.9
0,362.7
0,362.9
0,362.9
0,363.1
0,363
0,362.9
0,363.1
0,362.9
0,363.7
0,363.3
0,363.4
0,363.8
0,363.7
0,364.2
0,364
0,364.3
0,364.4
0,364.4
0,364.5
0,364.8
0,365
0,365.1
0,364.8
0,364.3
0,364.5
0,364.4
0,364.7
0,364.3
0,364.2
0,364.7
0,364
0,363.3
0,363.2
0,363.6
0,363.6
0,363.3
0,363
0,363.5
0,363.4
0,363.1
0,363.2
0,363.5
0,363
0,363.4
0,363
0,363.1
0,363.6
0,363.6
0,363.5
0,363.4
0,364
0,364.1
0,364.5
0,365
0,364.7
0,364.8
0,364.8
0,364.6
0,364.3
0,364.8
0,364.5
0,363.7
0,363.4
0,363.3
0,363.3
0,363.5
0,363.4
0,363.5
0,363.6
0,364.6
0,364.3
0,364.3
0,364.2
0,364.5
0,365
0,365
0,364.5
0,364.7
0,364.7
0,364.9
0,365
0,365.2
0,365.5
0,365.1
0,365
0,365.4
0,365.6
0,366.1
0,365.3
0,365.4
0,365.5
0,365.4
0,365.6
0,365.6
0,365.5
0,365.6
0,365.6
0,365.5
0,365.7
0,365.8
0,365.8
0,365.7
0,365.8
0,365.9
0,365.6
0,365.3
0,365.4
0,365.6
0,365.7
0,365.9
0,366.7
0,366.4
0,366.2
0,366
0,365.9
0,370.6
0,370.2
0,370.5
0,369.9
0,370.7
0,370.7
0,369.8
0,369.4
0,366.9
0,367.2
0,369.1
0,369.2
0,369.3
0,369.5
0,370.6
0,371
0,370.1
0,370.5
0,370.5
0,369.3
0,369.5
0,369.9
0,370.8
0,371
0,370.7
0,370
0,368.5
0,368.8
0,368.3
0,367.7
0,368
0,368.1
0,368.9
0,369.2
0,370.5
0,369.3
0,369.5
0,369.4
0,369.4
0,369.1
0,369.1
0,369.2
0,368.2
0,368.4
0,369.2
0,368.7
0,368.7
0,369.1
0,368.8
0,368.4
0,368.7
0,368.5
0,368.4
0,368.3
0,368.4
0,368.3
0,367.8
0,368.2
0,368.1
0,368
0,368.2
0,367.6
0,367.8
0,368.2
0,368.2
0,368.4
0,368.5
0,368.8
0,368.9
0,369
0,369
0,369.1
0,369
0,369.1
0,369.2
0,369.1
0,369.2
0,369.3
0,369.5
0,369.5
0,369.7
0,369.6
0,369.5
0,369.9
0,369.8
0,369.7
0,369.8
0,370.5
0,370.6
0,369.9
0,370.5
0,370
0,370.2
0,370.2
0,370.2
0,370.2
0,370.2
0,370.2
0,370.2
0,370.1
0,370.5
0,370.1
0,369.8
0,370
0,369.5
0,369.6
0,369.8
0,370
0,369.5
0,369.7
0,369.8
0,369.9
0,370.5
0,370.4
0,369.4
0,369.7
0,369
0,369.4
0,369.5
0,369.9
0,370
0,370.5
0,371
0,370.7
0,371.1
0,370.6
0,370.6
0,370.5
0,370.1
0,370.1
0,369.6
0,369.4
0,369.4
0,370.1
0,369.5
0,369.6
0,369.5
0,370.2
0,370.3
0,370.4
0,369.9
0,369.8
0,369.6
0,369.4
0,370.3
0,370.1
0,370.1
0,370.1
0,369.8
0,369.8
0,369.6
0,369.8
0,369.8
0,369.6
0,369.9
0,369.7
0,369.9
0,370.1
0,370.2
0,370.3
0,370.7
0,370.8
0,370.4
0,370.2
0,370.5
0,370.5
0,370.2
0,370.2
0,370
0,369.8
0,369.8
0,370.2
0,370.4
0,370.5
0,370.8
0,371.2
0,370.8
0,371
0,371.4
0,371.4
0,371.4
0,371
0,371.1
0,371
0,371.1
0,371.3
0,371.4
0,371.4
0,371.2
0,371
0,370.7
0,371
0,371.1
0,370.7
0,370.9
0,371
0,371.3
0,371.6
0,371.3
0,371.1
0,371.2
0,370.9
0,370.9
0,371
0,370.2
0,370.7
0,370.5
0,370.6
0,370.6
0,370.7
0,370.7
0,370.8
0,370.6
0,370.8
0,370.8
0,371
0,371.2
0,370.9
0,370.7
0,370.9
0,370.8
0,370.8
0,370.9
0,371.3
0,371.4
0,371.9
0,371.6
0,370.8
0,370.8
0,370.9
0,370.7
0,370.7
0,370.8
0,371
0,371.1
0,371.5
0,371.5
0,371.9
0,371.3
0,371.6
0,372
0,372.6
0,372.1
0,372.1
0,372.2
0,372.1
0,372.5
0,373.4
0,373.6
0,372.3
0,372.8
0,372.3
0,372
0,371.8
0,371.7
0,371
0,371.1
0,376.4
0,373
0,374.3
0,373.2
0,374.1
0,373
0,373.5
0,375
0,375.8
0,372.4
0,373.7
0,374.9
0,375.3
0,374.6
0,374.7
0,375.6
0,374.7
0,374.7
0,374.8
0,374.1
0,373.4
0,373
0,373.1
0,372.9
0,373.2
0,374.3
0,374.1
0,374.3
0,374.3
0,374.9
0,374.6
0,374.8
0,375.8
0,376.2
0,376.4
0,376.2
0,375
0,374.5
0,374.4
0,374.8
0,375
0,375
0,374.9
0,375.7
0,375.8
0,375.3
0,375.3
0,375.4
0,375.2
0,375.2
0,374.4
0,374.4
0,374.4
0,374.7
0,374.6
0,374.7
0,374.6
0,375.4
0,375.2
0,375.3
0,375.3
0,375.3
0,375.7
0,375.9
0,376.1
0,376.2
0,377
0,377.1
0,377.4
0,377.1
0,377.2
0,378.1
0,375.6
0,376.7
0,376.3
0,375.6
0,375.4
0,375.6
0,375.8
0,375.6
0,375.9
0,375.7
0,376
0,375.7
0,376
0,376.1
0,377
0,377.1
0,377
0,376.7
0,376.7
0,377.3
0,377.1
0,377.2
0,377.2
0,376.1
0,376.1
0,376.1
0,376.1
0,376.2
0,376.3
0,376.1
0,376
0,376.1
0,376.2
0,376.3
0,376.6
0,376.6
0,376.5
0,376.9
0,376.7
0,376.5
0,376.2
0,376.8
0,376.8
0,377
0,377
0,377.1
0,377
0,377.2
0,377.4
0,377.4
0,377.3
0,377
0,377.2
0,377.8
0,377.7
0,377.5
0,377.7
0,377.9
0,377.7
0,377.8
0,377.9
0,378.7
0,377.8
0,378.6
0,378.8
0,378.4
0,378.1
0,377.9
0,378.7
0,378
0,377.9
0,377.8
0,378
0,378.1
0,378
0,378
0,378.6
0,378.7
0,378.2
0,378.1
0,378
0,378.2
0,378.1
0,378.3
0,378.2
0,377.9
0,378
0,378.2
0,378.3
0,378.5
0,378.7
0,378.8
0,379.5
0,379.3
0,379.5
0,380.3
0,379.6
0,379.7
0,379.6
0,379.7
0,380.1
0,380.6
0,380.6
0,380.8
0,380.1
0,381.1
0,381.3
0,380.3
0,379.9
0,380
0,379.5
0,380.2
0,380.2
0,380.8
0,381.1
0,381
0,380.9
0,380.8
0,380.7
0,380.6
0,380
0,378.8
0,379.9
0,379.7
0,380
0,379.6
0,379.6
0,379.6
0,379.4
0,379.2
0,379.5
0,379.4
0,379.4
0,379.3
0,379.4
0,379.4
0,378.9
0,379.2
0,379.3
0,379
0,379.4
0,379.5
0,379.1
0,379.2
0,379.2
0,379.3
0,379
0,379.2
0,379
0,378.9
0,378.6
0,379.1
0,378.7
0,378.8
0,378.6
0,378.8
0,378.3
0,378.4
0,378.1
0,378.1
0,377
0,377
0,377.2
0,377.1
0,376.8
0,376.7
0,376.9
0,376.9
0,376.7
0,376.7
0,376.5
0,376.5
0,376.5
0,376.7
0,376.5
0,375.9
0,376.3
0,376.2
0,376.3
0,372.9
0,374.2
0,375.7
0,374.9
0,375.9
0,376.1
0,374.6
0,374.6
0,377.4
0,377.6
0,377.9
0,377.8
0,377.8
0,378.6
0,377.1
0,378.4
0,380.2
0,378.7
0,380.5
0,378.8
0,378.8
0,378.8
0,376
0,375.9
0,378.4
0,378.5
0,378.5
0,378.5
0,378.5
0,378.5
0,378.4
0,378.5
0,378.5
0,378.4
0,378.5
0,378.3
0,378.4
0,378.4
0,378.4
0,378.3
0,377.6
0,378.4
0,378.6
0,378.4
0,378.1
0,379.4
0,379.3
0,379.3
0,379.3
0,379.3
0,379.4
0,379.3
0,379.4
0,379.6
0,380
0,380.3
0,379.3
0,378
0,377.8
0,378.1
0,378
0,378.2
0,377.7
0,377.8
0,377.7
0,377.4
0,377.5
0,377.2
0,378.8
0,378.5
0,377.8
0,378.2
0,378.9
0,378.8
0,378.8
0,378.9
0,379
0,378.8
0,378.7
0,378.5
0,378.3
0,378.6
0,378.7
0,378.8
0,378.9
0,379.4
0,379.5
0,379.6
0,379.4
0,379.4
0,378.7
0,378.7
0,378.8
0,379.4
0,379.4
0,379.3
0,379.4
0,379.8
0,379.8
0,379.6
0,380.1
0,380.1
0,380.3
0,380.5
0,380.7
0,380.6
0,380.8
0,380.9
0,381
0,380.8
0,380.6
0,379.6
0,379.4
0,379
0,378.9
0,379.4
0,379.7
0,380.3
0,380
0,379.7
0,380
0,379.7
0,380.9
0,380.5
0,381.1
0,381.1
0,381.6
0,381.4
0,381.5
0,381.5
0,381.5
0,381.4
0,381.6
0,381.4
0,381.6
0,381.6
0,382
0,382.4
0,382.3
0,382
0,381.6
0,381.3
0,381.3
0,381.2
0,381.1
0,381.1
0,381
0,381.2
0,381.2
0,381.1
0,381.2
0,381.5
0,381.6
0,382
0,381.6
0,381.2
0,381.9
0,382.6
0,382.4
0,382.8
0,382.7
0,382.4
0,382.5
0,382.8
0,382.8
0,383.3
0,382.9
0,382.9
0,383.4
0,383.3
0,383.7
0,383.5
0,383.6
0,383.4
0,383.6
0,383.5
0,384.1
0,384.2
0,384.2
0,384.1
0,383.6
0,383.5
0,383.6
0,383.5
0,383.6
0,383.5
0,383.6
0,383.6
0,383.4
0,383.5
0,384.3
0,384.4
0,384.9
0,384.9
0,384.8
0,384.9
0,384.8
0,385
0,385.3
0,385.5
0,385.5
0,385.6
0,385.8
0,385.7
0,386.1
0,386.2
0,386.3
0,386.1
0,386.1
0,389.6
0,388.9
0,389
0,389.1
0,389.3
0,388.5
0,388.6
0,389.4
0,388.4
0,387.5
0,387.9
0,388.9
0,387.8
0,387.4
0,387
0,389.7
0,388.8
0,388.7
0,388.9
0,388.9
0,389
0,389.4
0,389.6
0,389.7
0,388.5
0,389.8
0,389.1
0,389.8
0,389.9
0,389.2
0,388.2
0,387.6
0,388
0,388.1
0,387.8
0,389.2
0,390.8
0,391.4
0,390.8
0,391.5
0,390.7
0,390.4
0,389.7
0,389.9
0,390
0,389.7
0,390.9
0,390.6
0,389.8
0,389.8
0,390.6
0,390.6
0,390.5
0,390.9
0,391.2
0,391.6
0,392.9
0,392.4
0,391.8
0,392.3
0,392.4
0,392.6
0,393.1
0,393.1
0,394
0,394.2
0,394.3
0,394.5
0,394.8
0,394.9
0,394.6
0,395.2
0,395.1
0,395.5
0,395.6
0,395.4
0,395.3
0,395.6
0,395.9
0,395.9
0,395.9
0,396.6
0,396.4
0,396.4
0,396.1
0,396.4
0,396.5
0,396.6
0,396.4
0,396.4
0,396.6
0,396.2
0,396.1
0,396.2
0,396.2
0,397.3
0,397.6
0,397.9
0,397.1
0,397.2
0,396.7
0,395.2
0,393.7
0,393.5
0,393.2
0,393.1
0,393
0,392.6
0,392.4
0,392.8
0,392.7
0,392.8
0,392.6
0,392.6
0,391.7
0,390.9
0,391
0,391.1
0,390.7
0,390.6
0,390.3
0,390
0,390.2
0,390
0,391.4
0,391.6
0,391.3
0,392.3
0,392.5
0,392.7
0,393
0,393.1
0,393.1
0,393.2
0,393.4
0,393.4
0,393.9
0,393.4
0,393.5
0,393.7
0,393.9
0,393.9
0,393.9
0,393.8
0,393.3
0,392.7
0,393.3
0,393
0,393.3
0,393.6
0,393.7
0,393.6
0,392.9
0,392.7
0,392.6
0,391.6
0,391.5
0,392.1
0,391.5
0,391.6
0,391.9
0,391.6
0,391.4
0,391.5
0,391.9
0,391.7
0,391.7
0,391.8
0,391.9
0,391.3
0,391.2
0,391.1
0,391.6
0,390.9
0,391.2
0,391.3
0,391.4
0,391.4
0,391.5
0,391.4
0,391.6
0,391.4
0,391.4
0,391.6
0,391.7
0,391.8
0,391
0,391
0,389.7
0,389.6
0,389.5
0,389.6
0,389.4
0,390
0,389.7
0,389.2
0,390
0,389.1
0,389.3
0,389.4
0,390
0,390.6
0,390.5
0,389.4
0,389.3
0,389.5
0,390
0,389.3
0,390
0,389.5
0,389.3
0,389.2
0,390
0,391.3
0,390.7
0,389.9
0,390.4
0,389.8
0,389
0,389.5
0,389.4
0,389.8
0,390.4
0,389.3
0,390
0,390.1
0,390.3
0,390.3
0,390
0,390.4
0,390.3
0,390.2
0,390.2
0,390.2
0,390.2
0,390.2
0,390
0,390.3
0,390.3
0,390.4
0,390.5
0,390.3
0,389.9
0,389.5
0,389.5
0,389.7
0,389.9
0,389.8
0,390
0,389.7
0,390.1
0,389.9
0,390.6
0,390.3
0,390.1
0,390.1
0,390
0,390.2
0,390
0,390
0,390
0,390.2
0,390
0,390.2
0,390
0,390.2
0,390.5
0,390.5
0,390.5
0,390.4
0,390.1
0,390.4
0,390.4
0,390.3
0,390.2
0,390.2
0,390.2
0,390
0,390.5
0,389.9
0,390.1
0,390
0,390.5
0,390.4
0,390.6
0,391.1
0,391.7
0,391.6
0,392
0,392
0,392.2
0,391.9
0,391.4
0,391.5
0,391.4
0,391
0,390.8
0,385.3
0,385.2
0,385.7
0,385.6
0,386.8
0,385.4
0,386.8
0,385.3
0,386.1
0,386.1
0,386.1
0,384.9
0,384.9
0,384.9
0,384.9
0,384.9
0,384.9
0,385
0,384.9
0,384.8
0,384.9
0,385.1
0,384.9
0,384.9
0,385
0,384.9
0,384.9
0,385
0,384.9
0,384.9
0,384.9
0,384.9
0,385
0,384.9
0,384.9
0,384.9
0,385
0,384.9
0,384.9
0,384.9
0,384.9
0,384.9
0,384.9
0,384.9
0,385
0,384.9
0,384.9
0,384.9
0,385.9
0,386
0,385.4
0,384.9
0,385.4
0,386
0,385.8
0,386.3
0,386.6
0,386.2
0,386.4
0,386.4
0,386.4
0,385.9
0,384.9
0,384.8
0,385.9
0,385
0,385
0,385.7
0,385.7
0,385.2
0,385.3
0,385.2
0,385.2
0,384.8
0,384.7
0,384.9
0,384.7
0,384.5
0,384.2
0,384.5
0,384.6
0,384.7
0,384.7
0,384.3
0,384.8
0,385.4
0,385.3
0,385.1
0,385.4
0,385.6
0,385.4
0,386.6
0,386.4
0,386.3
0,386.4
0,386.3
0,386.9
0,387.5
0,387.5
0,387.6
0,387.5
0,387
0,387.1
0,387.2
0,387.6
0,387.5
0,386.7
0,386.7
0,386.1
0,386.4
0,386.1
0,386
0,386.4
0,386.3
0,386.3
0,386.1
0,386.8
0,387.4
0,387.4
0,387.8
0,387.6
0,387.5
0,388.2
0,388.4
0,388.6
0,388.8
0,388.7
0,388.8
0,388.9
0,389.7
0,389.4
0,388.9
0,389.2
0,389.2
0,388.9
0,389.1
0,389.2
0,388.7
0,388.6
0,388.5
0,388.2
0,388.3
0,388.1
0,387.9
0,387.5
0,387.7
0,388.2
0,388.3
0,388.7
0,388.7
0,388.7
0,388.2
0,387.9
0,388.4
0,388
0,388.2
0,388.1
0,387.8
0,387.8
0,388
0,388
0,388.2
0,387.8
0,387.7
0,387.8
0,387.6
0,388.1
0,388.4
0,388.3
0,388.3
0,388.1
0,388
0,387.8
0,388
0,387.7
0,387.7
0,387.9
0,387.8
0,387.5
0,387.6
0,387.7
0,387.5
0,387.3
0,386.9
0,386.6
0,387.9
0,387.9
0,388
0,387.7
0,387.3
0,387.2
0,387.4
0,387.2
0,387.2
0,387.4
0,386.7
0,386.6
0,386.6
0,386.5
0,386.4
0,386
0,386.8
0,387.2
0,387.1
0,387.1
0,387
0,387
0,387.1
0,387
0,386.9
0,386.8
0,386.5
0,385.9
0,386.5
0,386.6
0,387.2
0,386.9
0,387.1
0,386.5
0,386.5
0,387
0,387
0,386.4
0,386.3
0,387
0,386.3
0,386.4
0,386.5
0,386.6
0,386.4
0,386.4
0,386.2
0,386.1
0,385.8
0,385.9
0,385.9
0,386.2
0,386.2
0,385.9
0,386.1
0,386.1
0,386.2
0,386.3
0,386.9
0,387.1
0,386.6
0,386.7
0,387
0,386.6
0,386.8
0,386.9
0,386.9
0,387.2
0,386.9
0,387.2
0,386.4
0,386.7
0,386.8
0,386.8
0,386.8
0,386.9
0,386.9
0,386.9
0,386.7
0,386.6
0,386.9
0,386.9
0,387
0,387
0,386.9
0,386.8
0,386.9
0,386.8
0,387
0,387
0,386.9
0,386.8
0,386.9
0,387
0,387.2
0,387.2
0,387.2
0,387.4
0,387.3
0,387.5
0,387.3
0,387.4
0,387.3
0,387.1
0,387.1
0,387
0,387.1
0,387.1
0,387.1
0,387.2
0,387.3
0,387.3
0,387.7
0,387.6
0,387.5
0,387.4
0,387.5
0,387.6
0,387.3
0,387.4
0,387.5
0,387.3
0,387
0,387.1
0,386.6
0,386.9
0,387
0,386.6
0,385.4
0,386.4
0,386.5
0,385.6
0,384.8
0,387.1
0,385.9
0,385.4
0,386.9
0,387.4
0,387.2
0,387.6
0,386.7
0,386.6
0,386.8
0,386.6
0,387.2
0,387.2
0,387.1
0,386.4
0,386
0,386.2
0,386.5
0,385.6
0,386.3
0,386.4
0,386.7
0,386.9
0,388.2
0,387.9
0,387.9
0,387.4
0,387
0,387.6
0,387.9
0,388.1
0,388.1
0,388.5
0,388.8
0,388.1
0,388.2
0,388.2
0,388.3
0,388.2
0,388.1
0,387.4
0,387.3
0,387.3
0,386.6
0,386.6
0,386.4
0,386.3
0,386.4
0,386.4
0,386.1
0,387
0,386.9
0,387.3
0,387.2
0,387.2
0,387.3
0,387.3
0,387.3
0,387.2
0,387.2
0,387.2
0,387.9
0,387.9
0,388
0,388.2
0,387.6
0,387.1
0,386.4
0,386.7
0,386.6
0,386.6
0,386.7
0,387.2
0,387.1
0,387
0,386.7
0,387
0,387
0,386.9
0,387.7
0,387.1
0,386.5
0,386.5
0,387
0,387
0,387
0,386.8
0,386.9
0,386.9
0,386.7
0,386.6
0,386.6
0,386.7
0,386.5
0,386.6
0,386.5
0,386.5
0,386.5
0,386.5
0,386.5
0,386.5
0,386.1
0,385.7
0,385.6
0,385.3
0,385.2
0,384.9
0,385.1
0,385.5
0,385
0,385.3
0,385.2
0,385.1
0,385.1
0,385.8
0,385.7
0,385.7
0,385.8
0,385.9
0,386
0,385.7
0,385.9
0,385.7
0,385.7
0,385.8
0,385.9
0,385.8
0,386.2
0,386.6
0,386.7
0,386.8
0,386.9
0,387.2
0,387.7
0,387.5
0,387.6
0,387.2
0,387.5
0,387.5
0,387.6
0,388.3
0,388.1
0,388.2
0,387.6
0,387.6
0,387.6
0,387.4
0,387.5
0,387.3
0,389.9
0,387.3
0,387.9
0,388
0,388
0,387.4
0,387.7
0,387.8
0,387.9
0,387.9
0,387.4
0,387.3
0,387.6
0,387.9
0,387.6
0,387.6
0,385.9
0,387.5
0,387.6
0,387.7
0,388.5
0,388
0,388
0,387.9
0,388
0,388.1
0,388
0,388.1
0,388.1
0,387.9
0,388.1
0,388
0,387.8
0,387.9
0,387.8
0,388
0,387.5
0,387.6
0,387.3
0,387
0,387
0,386.8
0,386.9
0,387.4
0,387.6
0,386.9
0,386.7
0,387.6
0,387.8
0,388.3
0,387.5
0,387.6
0,387.5
0,387.6
0,387.8
0,388
0,387.6
0,387.7
0,388.5
0,388.6
0,388.5
0,388
0,388.2
0,388.2
0,388.3
0,388.4
0,388.3
0,388.3
0,388.6
0,389.4
0,389.3
0,389.4
0,389.5
0,388.9
0,389
0,388.5
0,388.6
0,388.7
0,389.5
0,389.2
0,389.3
0,389.6
0,389.4
0,389.5
0,389.1
0,389
0,388.9
0,388.9
0,388.8
0,388.9
0,388.4
0,388.3
0,388.7
0,388.7
0,389
0,389.2
0,389.1
0,389.3
0,389.1
0,388.4
0,388.8
0,389.6
0,389.4
0,389.3
0,389.6
0,389.5
0,388.8
0,389.7
0,389.7
0,389.8
0,389.7
0,389.8
0,389.9
0,389.5
0,389.5
0,389.4
0,389.7
0,389.9
0,390
0,390
0,390
0,390.3
0,390.2
0,390.5
0,390.6
0,390.7
0,390.4
0,390
0,390
0,390.2
0,390.4
0,390.3
0,390.8
0,390.8
0,390.5
0,390.5
0,390.6
0,390.8
0,391
0,391
0,391.1
0,391.2
0,390.9
0,392.6
0,392.5
0,390.7
0,390.8
0,394.9
0,393.3
0,393.1
0,391.4
0,394.1
0,392.5
0,392.4
0,392.4
0,393.5
0,393.8
0,392.4
0,393.8
0,393.9
0,394
0,394.2
0,392.7
0,393.1
0,393
0,394.3
0,393.8
0,394
0,393.5
0,393.6
0,393.9
0,394.2
0,394.1
0,395
0,394.8
0,394.6
0,394.7
0,394.3
0,394.2
0,394.2
0,393.9
0,393.8
0,394.1
0,394
0,394.2
0,395
0,395.1
0,395.4
0,395.2
0,394.5
0,394.4
0,394.3
0,394.4
0,393.5
0,393.8
0,394.3
0,393.5
0,393.4
0,393.7
0,394.6
0,394.7
0,394.3
0,394.8
0,395.1
0,394.5
0,394.4
0,394.5
0,394.2
0,394.1
0,394.4
0,394.5
0,394.6
0,394.6
0,395.1
0,395.3
0,395.6
0,395.7
0,395.2
0,395.1
0,395
0,395.1
0,394.9
0,394.7
0,394.8
0,394.9
0,395.2
0,395
0,395
0,394.3
0,395.4
0,395
0,394.5
0,394.4
0,394
0,394.5
0,393.9
0,394.5
0,395.4
0,394.7
0,395.3
0,395.2
0,396
0,395.2
0,395.9
0,396
0,396.4
0,396
0,395.5
0,395.6
0,395.6
0,395.2
0,394.6
0,394.2
0,394.3
0,394.9
0,394.8
0,394.3
0,394.3
0,395.3
0,394.5
0,394.5
0,394.4
0,395.1
0,394.3
0,394.4
0,394.3
0,394.9
0,395
0,394.4
0,395.2
0,395.8
0,395.9
0,395.5
0,395.4
0,395.8
0,395.4
0,395.5
0,395.4
0,394.6
0,395.3
0,394.9
0,394.7
0,394.6
0,394.7
0,394.6
0,394.9
0,395.1
0,395.1
0,395.1
0,395.1
0,395.1
0,395.1
0,395.2
0,394.9
0,395
0,395.1
0,395.8
0,395.2
0,395.3
0,395.2
0,395.3
0,395.1
0,394.9
0,394.9
0,395.7
0,395.1
0,395.2
0,394.7
0,394.5
0,395.1
0,395.7
0,395.3
0,395.7
0,395
0,394.6
0,394.4
0,395.3
0,394.5
0,395.3
0,394.4
0,394.4
0,393.5
0,393.9
0,394.4
0,393.9
0,393.3
0,393.3
0,393.9
0,393.9
0,393.9
0,394.1
0,393.6
0,393.2
0,393.2
0,392.3
0,392.6
0,394.5
0,394.3
0,394.3
0,393.9
0,393.8
0,393.9
0,393.9
0,394.3
0,394.2
0,394.4
0,394.3
0,394.4
0,395.3
0,394.6
0,394.5
0,394.4
0,394.5
0,394.4
0,394.5
0,394.1
0,394.8
0,394.3
0,394.3
0,394.6
0,394.7
0,394.6
0,394.8
0,394.8
0,394.2
0,394.6
0,394.2
0,394.6
0,394.1
0,394.3
0,394.4
0,394.1
0,394.1
0,394.5
0,394.6
0,394.5
0,394.4
0,394.5
0,394.5
0,394.5
0,394.6
0,394.6
0,394.7
0,394.6
0,394.2
0,394.7
0,394.5
0,394.4
0,394.2
0,393.4
0,393.1
0,393
0,392.7
0,395.6
0,393.9
0,395.4
0,392
0,393.6
0,395.9
0,394.6
0,394.9
0,395.5
0,393.4
0,394.2
0,395
0,394.7
0,394.9
0,395.5
0,395.6
0,395.4
0,394.9
0,394.2
0,394.1
0,393.8
0,393.3
0,392.9
0,393.2
0,394
0,393.9
0,393.9
0,393.9
0,393.9
0,395
0,394.1
0,393.9
0,394.6
0,393.8
0,394.4
0,394.4
0,394.3
0,394.2
0,395.4
0,395.2
0,394.4
0,396.4
0,396.3
0,396.2
0,396.3
0,396.3
0,396.4
0,396.9
0,396.6
0,396.6
0,396.7
0,396.7
0,396.6
0,396.7
0,396.5
0,395.8
0,395.6
0,395
0,395
0,394.9
0,395.4
0,395.5
0,395.4
0,395.8
0,395.7
0,395.6
0,395.4
0,395.3
0,394.8
0,395.9
0,395.9
0,395.3
0,395.3
0,395
0,395.6
0,395.4
0,395.2
0,395.1
0,395.5
0,396.2
0,396.4
0,395.8
0,395.7
0,395.8
0,395.7
0,395.6
0,395.7
0,396
0,396.2
0,396.5
0,396.8
0,396.7
0,397
0,396.9
0,396.3
0,396.5
0,396.4
0,396.3
0,396.8
0,396
0,396.1
0,396
0,395.9
0,395.8
0,395.9
0,396
0,395.9
0,395.7
0,395.6
0,395.8
0,395.8
0,395.4
0,395.4
0,395.4
0,396.1
0,396.4
0,396.8
0,396.2
0,395.8
0,395.7
0,396.5
0,396.7
0,396.9
0,396.5
0,396.5
0,396.4
0,396.4
0,396.2
0,395.9
0,395.9
0,396.7
0,396.8
0,397
0,396.8
0,396.9
0,397.1
0,397.6
0,397.6
0,397.6
0,397.2
0,397.2
0,397.2
0,397.4
0,397.8
0,397.4
0,397.5
0,398
0,397.8
0,397.3
0,397.4
0,397.4
0,397.6
0,397.8
0,397.8
0,397.9
0,397.4
0,397.9
0,397.4
0,397.4
0,397.3
0,397.2
0,397
0,396.3
0,396.5
0,396.7
0,396.4
0,396.6
0,396.8
0,396.9
0,397.1
0,397.2
0,397.3
0,397.1
0,397.2
0,397
0,396.9
0,396.8
0,397
0,396.9
0,396.7
0,397.1
0,397
0,397.1
0,397
0,397.1
0,397
0,397.2
0,397
0,397.2
0,397.7
0,397.8
0,397.7
0,397.9
0,397.8
0,397.9
0,397.7
0,398.1
0,397.7
0,397.6
0,397.6
0,397.6
0,397.6
0,397.5
0,397.3
0,396.9
0,397.4
0,397.5
0,397.6
0,397.7
0,397.7
0,397.7
0,397.5
0,397.7
0,398
0,397.6
0,397.7
0,397.9
0,397.8
0,397.9
0,398
0,397.9
0,398.1
0,398
0,398.2
0,398.4
0,398.5
0,398.6
0,398
0,397.8
0,397.9
0,397.9
0,398
0,397.9
0,398.1
0,398.4
0,398.6
0,398.7
0,398.8
0,398.7
0,398.8
0,398.7
0,398.6
0,398.7
0,398.7
0,398.5
0,398.7
0,399
0,401.6
0,399.5
0,401.2
0,401
0,402.1
0,402.8
0,400.6
0,398.7
0,398.4
0,398.3
0,398.1
0,398.2
0,398.2
0,398.1
0,398.1
0,398.2
0,398.1
0,397.3
0,397.2
0,397.1
0,398.3
0,399.1
0,399.4
0,399.7
0,399.8
0,399.7
0,398.3
0,398.3
0,398.2
0,398.1
0,398.3
0,398.3
0,399.1
0,398.6
0,399.3
0,399.8
0,400.2
0,400.8
0,400.7
0,400.7
0,400.7
0,400.7
0,399.1
0,399.2
0,399.1
0,399.1
0,400.4
0,399.7
0,399.8
0,400.4
0,400.2
0,400.2
0,400.5
0,400.9
0,401.1
0,401.3
0,402.1
0,401.3
0,401.5
0,401.7
0,401.6
0,401.3
0,401.6
0,401.2
0,401.2
0,400.8
0,401.4
0,401.5
0,400.7
0,401.8
0,400.9
0,401.8
0,401.5
0,401.9
0,401.9
0,402.4
0,402.6
0,402.1
0,402.4
0,402.1
0,402
0,402
0,401.9
0,401.7
0,401.6
0,401
0,401.1
0,401.2
0,401.1
0,401.7
0,402.1
0,401.9
0,402.7
0,402.5
0,402.9
0,402.9
0,402.8
0,403.1
0,402.3
0,401.9
0,402
0,402.8
0,403
0,403.4
0,402.8
0,402.8
0,402.8
0,402.8
0,403.8
0,403.5
0,403.2
0,403.3
0,403.4
0,402.7
0,402.6
0,402
0,401.9
0,402.2
0,402.1
0,402.3
0,402.4
0,402.2
0,402.1
0,402
0,401.8
0,402.1
0,402.2
0,402.3
0,402.2
0,402.2
0,402
0,402.1
0,402
0,402.7
0,402.7
0,403
0,403.6
0,402.7
0,404.4
0,402.6
0,403.1
0,403.2
0,402.9
0,402.9
0,403.2
0,403.1
0,403
0,403.2
0,402.9
0,402.5
0,402.4
0,402.3
0,401.9
0,401.8
0,402.2
0,402.5
0,402.3
0,402.2
0,402.1
0,402.3
0,402.5
0,403
0,402.8
0,402.7
0,402.9
0,402.9
0,403.1
0,403.3
0,403.6
0,403.5
0,403.6
0,403.8
0,404.1
0,404.1
0,404.1
0,404.2
0,403.9
0,403.7
0,403.8
0,403.9
0,403.8
0,404
0,403.8
0,403.9
0,403.8
0,403.4
0,403
0,402.9
0,402.6
0,402.9
0,402.5
0,403.6
0,403.7
0,404
0,403.7
0,403.6
0,403.3
0,403.7
0,403.7
0,402.9
0,402.8
0,402.9
0,403.6
0,403.8
0,403.6
0,403.6
0,403.7
0,403.8
0,403.9
0,404.1
0,403.8
0,404.7
0,404.4
0,404.3
0,404.2
0,404.2
0,404.5
0,404.4
0,403.5
0,403.4
0,403.9
0,404.1
0,404.5
0,404.7
0,404.8
0,404.9
0,404.6
0,405.1
0,405.6
0,405.7
0,407.2
0,407.4
0,407.4
0,407
0,406.6
0,406.6
0,406.5
0,406.5
0,406.6
0,406.4
0,405.8
0,405.8
0,406
0,406.7
0,406.3
0,406.1
0,406.1
0,405.7
0,406
0,405.7
0,405.3
0,404.6
0,405.5
0,404.6
0,404.3
0,405.1
0,404.7
0,405.4
0,405.1
0,405.4
0,405.4
0,405.5
0,405.5
0,405.3
0,405.2
0,405.5
0,405.5
0,405.6
0,405.4
0,405.5
0,405.2
0,405.5
0,405.5
0,405.4
0,405
0,405.2
0,405.2
0,405.2
0,405.2
0,404.6
0,404.8
0,404.9
0,404.7
0,405.1
0,406.1
0,404.6
0,406.1
0,406.3
0,406.6
0,406.1
0,406.1
0,406.9
0,406.9
0,406.9
0,406.9
0,406.9
0,406.9
0,406.9
0,406.9
0,403.7
0,404.2
0,403.4
0,403.2
0,403.3
0,403.7
0,403.4
0,403.3
0,404
0,403.9
0,402.6
0,402.6
0,403.2
0,403.9
0,403.7
0,403.9
0,404.2
0,403.8
0,403
0,402.5
0,402.8
0,404
0,403.6
0,403.4
0,402.6
0,403.1
0,403
0,403.2
0,403.4
0,403.6
0,403.9
0,403.5
0,403.5
0,404.5
0,404.8
0,404.9
0,404.8
0,404.6
0,404.3
0,404.2
0,404.5
0,404.2
0,404.4
0,404.1
0,404.2
0,404.1
0,404.2
0,404.4
0,404.1
0,404
0,403.3
0,404.1
0,404.6
0,404.4
0,404.3
0,404.3
0,403.5
0,404.4
0,404
0,403.8
0,403.8
0,403.8
0,403.8
0,403.9
0,404.1
0,404.1
0,404
0,403.7
0,403.7
0,403.2
0,402.8
0,402.7
0,403.1
0,403.2
0,402.6
0,403.4
0,402.7
0,403.2
0,403.8
0,404.2
0,404.4
0,404.9
0,404.8
0,404.7
0,404.9
0,404.3
0,404.7
0,404.1
0,404.5
0,404.5
0,404.1
0,404.2
0,404.4
0,404.3
0,404
0,403.8
0,404.1
0,403.8
0,403.9
0,403.7
0,403.1
0,403.9
0,403.7
0,403.9
0,404.6
0,404.7
0,404.8
0,404.4
0,404.5
0,404.9
0,404.7
0,405
0,405.3
0,405.2
0,405.3
0,405.5
0,405
0,405.2
0,405.5
0,405.4
0,405.5
0,405.5
0,405.4
0,405.4
0,405.2
0,405.3
0,405.2
0,405.6
0,405.4
0,405
0,405.2
0,405.1
0,405.2
0,405.3
0,405.8
0,406.4
0,406.5
0,406.3
0,406.4
0,406.5
0,406.7
0,407.5
0,407.8
0,406.8
0,407.3
0,407.1
0,407.7
0,407.1
0,406.4
0,406.6
0,406.9
0,407.1
0,407.2
0,407.4
0,407.3
0,406.8
0,406.5
0,406.6
0,406.8
0,406.3
0,406.3
0,406
0,405.8
0,406
0,405.7
0,405.3
0,406
0,406.1
0,406
0,405.3
0,405.5
0,405.4
0,405.3
0,405.4
0,405.3
0,405.2
0,405.3
0,405.3
0,405.4
0,405.7
0,405.5
0,405.5
0,405.7
0,405.8
0,405.7
0,405.8
0,405.6
0,405.7
0,405.6
0,405.6
0,405.9
0,405.9
0,406.1
0,406.4
0,406.5
0,405.8
0,405.7
0,405.6
0,405.8
0,405.8
0,405.6
0,405.7
0,405.8
0,405.7
0,405.7
0,404.8
0,404.9
0,404.7
0,404.9
0,404.7
0,404.3
0,404.6
0,405
0,404.7
0,404.5
0,404.6
0,404.6
0,404.5
0,404.4
0,404.6
0,404.6
0,404.4
0,404.4
0,404
0,404.1
0,404.1
0,404.1
0,404.2
0,404.3
0,404.2
0,404.3
0,404.4
0,404.6
0,406.8
0,408.7
0,410.8
0,408
0,408
0,407.9
0,408.4
0,408.1
0,408.3
0,407.5
0,407.3
0,407.2
0,407.5
0,407.9
0,408
0,407.9
0,408
0,408.1
0,408
0,407.9
0,407.5
0,407.1
0,407
0,407.1
0,407
0,407
0,406.9
0,406.8
0,406.6
0,406.5
0,407.3
0,408.4
0,408.6
0,408.5
0,408.6
0,408.5
0,408.2
0,408.7
0,408.6
0,408.4
0,408.6
0,408.8
0,409
0,408.9
0,408.8
0,408.9
0,408.8
0,408.4
0,408.3
0,408.4
0,408.3
0,408.2
0,408
0,408.1
0,407.8
0,407.6
0,407.5
0,407.6
0,407.4
0,407.3
0,407.2
0,406.7
0,406.6
0,407.1
0,406.8
0,406.6
0,406
0,406.5
0,406.4
0,406.2
0,406.2
0,406.1
0,407.2
0,407.1
0,407.1
0,407.3
0,407.1
0,407.1
0,407.2
0,407.7
0,407.9
0,407.6
0,407.5
0,407.6
0,407.7
0,407.6
0,407.8
0,408.3
0,408.4
0,408.6
0,408.6
0,408.6
0,408.4
0,408.5
0,408.7
0,408.4
0,408.7
0,408.5
0,408.6
0,408.4
0,407.8
0,407.6
0,407.4
0,407.1
0,407.4
0,407.3
0,407
0,407
0,407.4
0,407.4
0,407.5
0,408.6
0,408.1
0,407.5
0,407.5
0,407.4
0,407.5
0,407.4
0,407.5
0,407.8
0,407.9
0,407.8
0,407.7
0,407.4
0,407.7
0,407.6
0,407.8
0,408
0,407.6
0,407.4
0,407.2
0,406.7
0,406.4
0,406.3
0,406.4
0,406.3
0,406.1
0,405.7
0,405.6
0,405.5
0,405.3
0,405.6
0,405.6
0,405.4
0,405.4
0,405.2
0,404.7
0,404.8
0,404.9
0,405.1
0,405
0,404.8
0,405.2
0,405.2
0,405.1
0,404.9
0,404.8
0,404.8
0,404.5
0,404.3
0,404.8
0,404.6
0,404.8
0,404.9
0,405.2
0,405
0,404.8
0,404.9
0,404.9
0,404.8
0,404.7
0,404.8
0,405
0,404.6
0,404.4
0,404.3
0,404.2
0,404.3
0,404.2
0,404.3
0,403.8
0,403.8
0,403.6
0,403.2
0,403.4
0,403.4
0,403.5
0,403.6
0,403.7
0,403.7
0,403.6
0,403.9
0,404
0,404.1
0,404.3
0,404.4
0,404.6
0,404.7
0,404.8
0,405
0,405.3
0,405.4
0,405.5
0,405.4
0,405.4
0,405.3
0,405.2
0,405
0,404.8
0,404.6
0,404.3
0,403.9
0,404.2
0,403.4
0,403.3
0,403.2
0,403.1
0,403.2
0,403.2
0,402.6
0,402.8
0,402.5
0,402.3
0,402
0,402.3
0,402
0,401.9
0,402.1
0,402.2
0,402.9
0,402.8
0,403
0,403.3
0,403.4
0,403.5
0,403.5
0,403.5
0,403.4
0,403.6
0,403.5
0,403.5
0,403.3
0,403.5
0,403.5
0,403.3
0,403.1
0,403.4
0,403.3
0,403.5
0,403.7
0,370.15
0,369.45
0,367.35
0,366.7
0,366.95
0,366.8
0,366.55
0,366.6
0,366.65
0,366.3
0,365.75
0,365.9
0,365.3
0,365.4
0,365.75
0,365.35
0,365.3
0,365.35
0,365.8
0,364.9
0,365.05
0,365.1
0,365
0,364.8
0,364.55
0,364.15
0,364.45
0,364.95
0,365.15
0,364.95
0,364.8
0,365.2
0,365.25
0,365.65
0,366.1
0,365.9
0,365.95
0,366.15
0,366.55
0,366.5
0,366.5
0,366.5
0,366.2
0,366.25
0,365.55
0,366.15
0,366.5
0,366.05
0,366.15
0,366.25
0,366.25
0,365.3
0,365.45
0,365.45
0,365.3
0,365.05
0,365
0,364.4
0,364.05
0,364.55
0,364.1
0,364.05
0,364.1
0,364.35
0,364.65
0,364.85
0,364.55
0,364.55
0,364.6
0,365
0,364.75
0,364.4
0,364.65
0,365.1
0,365.3
0,365.25
0,365.2
0,365.35
0,365.4
0,365.8
0,365.75
0,365.9
0,365.95
0,366.65
0,366.9
0,367
0,367.25
0,367.1
0,367.1
0,367.2
0,367.2
0,366.9
0,366.85
0,366.95
0,367.2
0,366.75
0,366.75
0,366.7
0,366.8
0,366.75
0,366.25
0,366
0,365.9
0,365.7
0,365.5
0,365.6
0,365.7
0,365.45
0,365.8
0,365.75
0,365.8
0,365.9
0,365.85
0,365.85
0,366.05
0,366.15
0,366.15
0,366.2
0,366.35
0,366.55
0,366.75
0,366.7
0,366.7
0,367.05
0,367.05
0,367.05
0,366.85
0,366.75
0,366.75
0,367.05
0,367.15
0,367.2
0,367.2
0,367.25
0,367.25
0,367.35
0,367.55
0,367.65
0,367.6
0,367.55
0,367.65
0,367.3
0,367.3
0,367.35
0,367.2
0,367.2
0,367.05
0,367.1
0,367.05
0,367
0,367
0,367.1
0,367.25
0,367.6
0,367.75
0,367.85
0,368.05
0,367.95
0,367.95
0,367.95
0,367.45
0,367.45
0,367.5
0,367.45
0,367.45
0,367.4
0,367.7
0,367.95
0,368.05
0,368.25
0,368.2
0,368.25
0,368.3
0,368.3
0,368.25
0,368
0,367.6
0,367.3
0,367.25
0,367.1
0,367.2
0,367.35
0,367.35
0,367.45
0,367.4
0,367.1
0,367.2
0,367.4
0,367.35
0,367.45
0,367.25
0,367.45
0,367.45
0,367.6
0,367.65
0,367.6
0,367.7
0,367.7
0,367.85
0,367.9
0,367.85
0,367.85
0,367.85
0,367.6
0,367.65
0,367.65
0,367.85
0,367.95
0,368.05
0,368.1
0,368.05
0,367.9
0,367.85
0,367.75
0,367.6
0,367.55
0,367.65
0,367.3
0,367.4
0,367.75
0,367.85
0,367.75
0,367.85
0,367.9
0,368.15
0,368.3
0,368.2
0,368
0,368.05
0,368
0,368.3
0,368
0,368.05
0,368.15
0,368
0,368
0,367.9
0,367.9
0,368.05
0,368.4
0,368.45
0,368.45
0,368.25
0,368.2
0,368.3
0,368.15
0,368.05
0,367.95
0,368.1
0,367.95
0,367.8
0,367.95
0,367.95
0,368.15
0,368.15
0,368.15
0,368.2
0,368.3
0,368.25
0,368.15
0,368.15
0,367.85
0,368
0,367.8
0,367.55
0,367.5
0,367.6
0,367.75
0,367.75
0,367.8
0,367.85
0,367.85
0,368.05
0,368.05
0,368.2
0,368.1
0,368.4
0,368.2
0,368.35
0,368.65
0,368.55
0,368.5
0,368.25
0,368.3
0,368.4
0,368.45
0,368.5
0,368.55
0,368.8
0,368.9
0,368.9
0,368.95
0,368.7
0,368.75
0,368.65
0,368.65
0,368.45
0,368.45
0,368.55
0,368.7
0,368.6
0,368.7
0,368.6
0,368.5
0,368.7
0,368.85
0,368.95
0,369.1
0,369.05
0,369.05
0,368.85
0,368.85
0,368.75
0,368.65
0,368.55
0,368.95
0,369.1
0,369.05
0,368.9
0,368.8
0,368.7
0,368.8
0,368.5
0,368
0,368.05
0,368
0,367.65
0,367.7
0,367.75
0,367.7
0,367.8
0,367.8
0,367.75
0,367.75
0,367.7
0,367.85
0,368
0,368.05
0,367.8
0,367.7
0,367.65
0,367.5
0,367.4
0,367.35
0,367.65
0,367.7
0,367.85
0,367.8
0,367.85
0,367.75
0,367.75
0,367.95
0,367.75
0,367.85
0,368
0,368
0,367.95
0,368.05
0,367.95
0,368.05
0,368
0,367.8
0,367.8
0,367.75
0,367.8
0,367.8
0,367.9
0,368.1
0,368.25
0,368.15
0,367.95
0,368.05
0,367.65
0,367.85
0,367.8
0,367.8
0,368.45
0,368.85
0,368.95
0,368.85
0,368.85
0,369.1
0,368.15
0,368.2
0,368
0,368.15
0,368.1
0,368.15
0,368.65
0,369.1
0,369.35
0,369.2
0,369.15
0,369.1
0,369.45
0,369.85
0,370.1
0,370.35
0,370.35
0,370.3
0,370.1
0,369.95
0,370.15
0,370.3
0,370.5
0,370.75
0,370.5
0,370.6
0,370.4
0,370.35
0,370.5
0,370.6
0,370.65
0,370.85
0,370.85
0,370.9
0,370.85
0,370.7
0,370.8
0,370.95
0,370.8
0,370.75
0,370.9
0,371.1
0,371.1
0,371.25
0,371.15
0,371.1
0,371.4
0,371.05
0,371.25
0,371
0,370.95
0,370.65
0,371.05
0,371
0,371.05
0,370.95
0,371.1
0,371.25
0,371.4
0,371.5
0,371.55
0,371.7
0,372.2
0,372.25
0,372.75
0,372.4
0,372.3
0,372
0,372.05
0,372.15
0,372.6
0,372.75
0,372.75
0,372.5
0,372.3
0,372.35
0,372.35
0,372.15
0,371.85
0,371.7
0,372
0,372.2
0,372.25
0,372.5
0,372.65
0,372.45
0,372.6
0,372.45
0,372.45
0,372.45
0,372.6
0,372.7
0,372.85
0,372.35
0,372.25
0,372.3
0,372.3
0,372.75
0,372.35
0,372.05
0,371.85
0,371.55
0,371.6
0,371.75
0,371.65
0,371.25
0,371.2
0,367.65
0,367.85
0,368.15
0,368.05
0,368.15
0,368.35
0,368.45
0,369
0,369.2
0,369.2
0,369.4
0,370.7
0,370.3
0,370.15
0,370.4
0,370.15
0,369.95
0,369.85
0,370.3
0,370.7
0,371
0,371.6
0,371.6
0,371.7
0,372.3
0,372.5
0,372.75
0,372.75
0,373.05
0,373.3
0,373.3
0,373.55
0,373.3
0,373.65
0,373.95
0,374
0,373.85
0,374.6
0,374.45
0,373.8
0,374.05
0,374.1
0,373.9
0,373.6
0,373.75
0,373.85
0,374.2
0,374.05
0,373.55
0,373.2
0,372.7
0,372.55
0,372.4
0,372.3
0,372.6
0,372.15
0,372.35
0,372.1
0,372.05
0,372.05
0,372.2
0,372.35
0,372.75
0,372.7
0,372.85
0,372.95
0,372.75
0,372.45
0,372.45
0,372.55
0,372.2
0,372.05
0,372.05
0,372.6
0,372.55
0,372.4
0,372.2
0,372.9
0,373.1
0,373.35
0,373.35
0,373.05
0,373.3
0,373.05
0,372.9
0,372.85
0,373
0,372.9
0,372.8
0,372.7
0,372.6
0,372.4
0,372.65
0,372.55
0,372.5
0,372.25
0,372.05
0,372
0,372.15
0,372.2
0,371.95
0,372.15
0,372.4
0,372.3
0,372.05
0,371.95
0,371.9
0,372.1
0,372.15
0,372.05
0,371.8
0,371.85
0,371.65
0,371.65
0,371.75
0,371.45
0,371.6
0,371.55
0,371.5
0,371.15
0,371.05
0,371
0,370.8
0,370.75
0,370.75
0,370.75
0,370.85
0,371.05
0,371.05
0,371
0,371.15
0,371.1
0,371.25
0,371.35
0,371.35
0,371.65
0,372
0,372.05
0,371.9
0,371.7
0,371.6
0,371.45
0,371.65
0,371.65
0,371.55
0,371.8
0,372
0,372.3
0,372.4
0,372.3
0,372.1
0,372.15
0,372.05
0,372.25
0,372.15
0,372.05
0,371.75
0,371.55
0,371.4
0,371.25
0,371.5
0,371.75
0,371.95
0,372.05
0,371.95
0,372.35
0,371.95
0,371.95
0,371.9
0,371.65
0,371.8
0,371.65
0,371.65
0,371.85
0,371.7
0,371.75
0,371.75
0,371.5
0,371.8
0,371.9
0,371.95
0,371.95
0,372
0,371.85
0,371.65
0,371.65
0,371.45
0,371.25
0,371.05
0,371.05
0,370.9
0,370.75
0,370.55
0,370.75
0,370.75
0,370.8
0,370.65
0,370.5
0,370.75
0,370.8
0,370.75
0,370.65
0,370.55
0,370.55
0,370.6
0,370.55
0,370.65
0,370.75
0,370.5
0,370.25
0,370.35
0,370.55
0,370.45
0,370.3
0,370.15
0,369.75
0,369.75
0,369.65
0,369.65
0,369.75
0,369.65
0,369.75
0,369.75
0,369.7
0,369.75
0,369.45
0,369.4
0,369.1
0,369.4
0,369.45
0,369.4
0,369.3
0,369.1
0,369.1
0,368.8
0,369.1
0,369.55
0,370.2
0,370.05
0,369.9
0,369.9
0,369.75
0,369.65
0,369.35
0,369.6
0,369.55
0,369.55
0,369.3
0,369.35
0,369.1
0,369.15
0,369.05
0,368.85
0,368.8
0,368.85
0,368.75
0,368.75
0,368.7
0,368.5
0,368.65
0,368.6
0,368.65
0,368.6
0,368.65
0,368.75
0,368.85
0,368.85
0,369.05
0,368.85
0,369.05
0,369.05
0,369.1
0,369.15
0,368.95
0,369.05
0,369
0,368.8
0,368.85
0,368.85
0,368.9
0,368.85
0,368.85
0,368.8
0,368.45
0,368.25
0,368.15
0,368.05
0,367.9
0,367.85
0,367.65
0,367.65
0,367.85
0,367.95
0,367.85
0,367.85
0,367.9
0,368.15
0,368.05
0,368.15
0,368.45
0,368.55
0,368.55
0,368.95
0,368.7
0,368.85
0,368.85
0,368.95
0,369.05
0,369.2
0,369.9
0,369.8
0,369.4
0,369.3
0,369.15
0,368.95
0,368.85
0,368.95
0,369
0,369.5
0,369.5
0,369.75
0,369.55
0,369.45
0,369.5
0,369.45
0,369.55
0,369.5
0,369.65
0,369.55
0,369.55
0,369.45
0,369.4
0,369.25
0,369.15
0,369.75
0,369.45
0,369.45
0,369.75
0,370.1
0,370.2
0,370.15
0,369.95
0,370.05
0,370.05
0,369.75
0,370.1
0,370.05
0,370.15
0,370.25
0,370.35
0,371.05
0,371.1
0,370.75
0,370.7
0,370.5
0,370.8
0,370.35
0,370.5
0,370.6
0,370.8
0,370.75
0,370.8
0,370.75
0,370.7
0,370.65
0,370.6
0,370.35
0,370.35
0,370.25
0,370.1
0,369.85
0,369.9
0,369.9
0,369.7
0,369.65
0,370.1
0,370.25
0,370.2
0,370.5
0,370.35
0,370.15
0,370.1
0,370.15
0,370.1
0,369.9
0,369.95
0,370.15
0,370.05
0,370.45
0,370.65
0,370.75
0,370.4
0,370.25
0,370.1
0,370.25
0,370.4
0,370.45
0,370.05
0,369.85
0,369.85
0,369.65
0,369.45
0,370
0,370.65
0,371.05
0,371
0,370.95
0,370.9
0,369.85
0,369.45
0,368.95
0,369.1
0,368.7
0,368.75
0,368.9
0,368.75
0,368.5
0,368.55
0,368.35
0,368.25
0,368.05
0,367.9
0,367.7
0,367.8
0,367.65
0,367.9
0,368.1
0,368.1
0,367.95
0,368.15
0,368.15
0,368.15
0,368.05
0,367.75
0,368.05
0,367.75
0,367.85
0,367.55
0,367.25
0,367.25
0,367.15
0,367.15
0,367.25
0,367
0,366.75
0,366.55
0,366.4
0,366.35
0,366.25
0,366.4
0,366.65
0,366.4
0,366.6
0,366.45
0,367.25
0,367.1
0,367.4
0,366.95
0,367.15
0,366.95
0,366.6
0,366.25
0,366.45
0,366.55
0,366.45
0,366.75
0,367.3
0,367.4
0,367.75
0,367.45
0,367.35
0,367.4
0,367.45
0,367.2
0,367.55
0,367.25
0,367.35
0,367.2
0,367.15
0,367.55
0,367.5
0,367.25
0,367.2
0,367.85
0,367.75
0,367.7
0,367.6
0,367.55
0,368.05
0,367.75
0,367.8
0,367.55
0,367.3
0,366.85
0,366.8
0,366.95
0,367.4
0,371.35
0,371.35
0,370.75
0,371.1
0,371.2
0,371.3
0,371.45
0,371.8
0,371.45
0,372.05
0,372.2
0,373.35
0,373.55
0,373.05
0,372.15
0,371.85
0,371
0,370.9
0,370.6
0,371.7
0,371.95
0,372.55
0,372.8
0,372.75
0,371.95
0,371.8
0,371.55
0,371.55
0,371.75
0,372
0,372.3
0,371.95
0,372
0,372.55
0,372.45
0,371.75
0,372
0,372.1
0,372.5
0,372.7
0,372.7
0,373.05
0,373
0,373.1
0,373.25
0,373
0,372.85
0,372.5
0,372.45
0,373.05
0,373.25
0,373.25
0,373.35
0,373.55
0,373.5
0,373.25
0,373.3
0,373.55
0,373.75
0,374
0,373.95
0,373.95
0,373.7
0,373.8
0,373.55
0,373.55
0,373.55
0,373.45
0,373.65
0,373.45
0,373.55
0,373.55
0,373.6
0,373.4
0,373.65
0,373.8
0,373.9
0,373.7
0,373.5
0,373.95
0,373.55
0,373.4
0,373.65
0,374.25
0,374.35
0,374.45
0,374.4
0,374.3
0,374.3
0,374.05
0,374.8
0,374.7
0,374.9
0,374.8
0,374.45
0,374.35
0,374.35
0,374.45
0,374.45
0,374.8
0,374.8
0,374.85
0,374.9
0,374.95
0,374.85
0,374.85
0,374.95
0,374.1
0,373.7
0,373.9
0,374.15
0,374.05
0,374.1
0,374.15
0,374.3
0,374.25
0,374.1
0,374
0,374
0,373.85
0,374.15
0,374.4
0,374.35
0,374.35
0,374.3
0,374.6
0,374.45
0,374.35
0,374.45
0,374.5
0,374.65
0,374.65
0,374.85
0,374.6
0,374.55
0,374.8
0,374.75
0,374.95
0,375.25
0,375.25
0,375
0,374.85
0,374.95
0,375
0,374.85
0,374.95
0,374.95
0,375
0,375
0,374.65
0,374.6
0,374.65
0,374.65
0,374.85
0,374.9
0,374.85
0,375
0,375.25
0,375.65
0,375.7
0,375.45
0,375.45
0,375.15
0,375.1
0,374.95
0,374.75
0,374.9
0,374.85
0,375.05
0,375.25
0,375.1
0,375.05
0,375.1
0,375.25
0,375.5
0,375.85
0,375.65
0,375.75
0,375.85
0,375.9
0,376.05
0,376.1
0,375.65
0,375.5
0,375.6
0,375.65
0,375.75
0,376.05
0,376.25
0,376.35
0,376.5
0,376.6
0,376.55
0,376.55
0,376.65
0,376.7
0,376.95
0,377.05
0,377.25
0,377.15
0,377.1
0,377.1
0,377.1
0,377.05
0,377
0,376.95
0,377.05
0,377.1
0,377.15
0,377.35
0,377.2
0,377.05
0,377.25
0,377
0,377.1
0,376.95
0,376.9
0,377.25
0,377.35
0,377.25
0,377.2
0,377.1
0,377.35
0,377.3
0,377
0,376.95
0,376.65
0,376.35
0,376.35
0,376.6
0,376.5
0,376.65
0,376.5
0,376.55
0,376.7
0,376.55
0,376.55
0,376.5
0,376.45
0,376.45
0,376.35
0,376.75
0,376.55
0,376.45
0,376.55
0,376.2
0,376.3
0,376.3
0,376
0,376.3
0,376.2
0,376.15
0,376.2
0,376.45
0,376.25
0,376.35
0,376.45
0,376.3
0,376.35
0,376.7
0,376.8
0,377
0,376.8
0,376.75
0,377
0,377.25
0,377.25
0,377.15
0,377.35
0,377.4
0,377.4
0,377.35
0,377.5
0,377.6
0,377.6
0,377.3
0,377.4
0,377.15
0,377.15
0,377.2
0,377.25
0,377.25
0,377.45
0,377.25
0,377.15
0,377.4
0,377.5
0,377.55
0,377.6
0,377.4
0,377.45
0,377.8
0,377.85
0,377.75
0,377.7
0,377.7
0,377.65
0,377.5
0,377.45
0,377.5
0,377.25
0,377.1
0,377.2
0,377.3
0,376.95
0,377
0,376.65
0,376.6
0,376.6
0,376.7
0,376.45
0,376.55
0,376.65
0,376.75
0,376.9
0,376.85
0,376.35
0,376.4
0,376.55
0,376.45
0,376.5
0,376.8
0,376.85
0,376.6
0,376.7
0,376.65
0,377.35
0,377.45
0,377.7
0,377.25
0,377.35
0,377.2
0,377.35
0,377.15
0,376.9
0,376.95
0,377.25
0,377.25
0,377.65
0,377.85
0,378
0,378.15
0,377.95
0,377.85
0,378.2
0,378.75
0,378.55
0,378.55
0,378.45
0,378.3
0,378.35
0,378.5
0,378.35
0,378.1
0,378.05
0,378
0,378.15
0,377.9
0,377.3
0,377.25
0,377.15
0,376.85
0,377.1
0,377.15
0,377.4
0,377.85
0,377.8
0,377.55
0,377.65
0,377.75
0,377.75
0,377.7
0,377.55
0,377.65
0,377.5
0,377.4
0,377.6
0,377.55
0,377.55
0,377.55
0,377.95
0,377.95
0,378.15
0,378.1
0,378.4
0,378.45
0,378.3
0,378.3
0,378.5
0,378.4
0,378.2
0,378.65
0,378.9
0,378.8
0,378.85
0,379
0,378.9
0,379.1
0,379.3
0,379.55
0,379.6
0,379.45
0,379.35
0,379.8
0,380.05
0,379.95
0,380.35
0,380.3
0,380.35
0,380.1
0,379.9
0,379.9
0,379.9
0,379.95
0,380.15
0,380.15
0,380.2
0,380.05
0,380
0,380.05
0,380.05
0,379.75
0,379.65
0,379.6
0,379.7
0,379.85
0,379.75
0,379.5
0,379.3
0,379.4
0,378.75
0,378.35
0,378.45
0,378.15
0,377.85
0,378.15
0,379.1
0,379.35
0,379.5
0,379.9
0,379.95
0,380.05
0,380.1
0,380.2
0,380.3
0,380.2
0,380.45
0,380.35
0,380.15
0,380.3
0,380
0,379.9
0,380.15
0,380.2
0,379.65
0,379.75
0,379.65
0,379.5
0,379.25
0,379.35
0,379.45
0,379.35
0,379.35
0,379.3
0,379.55
0,379.3
0,379.35
0,379.35
0,379.3
0,379.35
0,379.6
0,379.75
0,380
0,379.95
0,379.95
0,380.35
0,380.35
0,380.55
0,380.45
0,380.15
0,380.2
0,380.35
0,380.45
0,380.8
0,380.65
0,380.95
0,381.1
0,381.2
0,380.95
0,380.75
0,380.35
0,380.45
0,380.25
0,380.05
0,380.1
0,380
0,379.85
0,379.75
0,379.65
0,379.55
0,379.65
0,379.6
0,380.1
0,382.3
0,382.05
0,381.8
0,381.4
0,380.75
0,381.25
0,381.15
0,381.05
0,380.15
0,380.75
0,380.6
0,381.2
0,381.15
0,380.4
0,381
0,380.5
0,380.5
0,380.65
0,380.2
0,379.45
0,379.75
0,379.45
0,380
0,380.65
0,380.4
0,380.35
0,380.5
0,380.3
0,380.8
0,380.95
0,381.05
0,381.1
0,381.25
0,381.2
0,381.35
0,381.15
0,381.6
0,381.2
0,381.4
0,381.6
0,381.55
0,381.6
0,381.9
0,382.1
0,382.35
0,382.2
0,382.3
0,382.2
0,382.3
0,382.05
0,382.35
0,382.5
0,382.1
0,382.4
0,381.95
0,381.9
0,381.85
0,382.1
0,382.2
0,381.95
0,382.25
0,382.65
0,382.8
0,382.95
0,382.8
0,382.65
0,382.55
0,382.6
0,382.5
0,382.3
0,382.25
0,382.45
0,382.4
0,382.15
0,382.15
0,382.4
0,382.45
0,382.65
0,382.4
0,382.35
0,382.2
0,382.25
0,382.2
0,382
0,381.75
0,381.65
0,381.55
0,381.3
0,381.05
0,380.85
0,380.95
0,381.2
0,380.9
0,380.7
0,380.75
0,380.4
0,380.3
0,380.35
0,380.25
0,380.2
0,380.25
0,380.15
0,380
0,379.95
0,379.8
0,379.7
0,379.45
0,379.05
0,379
0,379.45
0,379.25
0,379.3
0,379.25
0,379
0,379.05
0,378.8
0,378.65
0,378.4
0,378.15
0,378.05
0,378.15
0,378.05
0,378.3
0,378.45
0,378.3
0,378.2
0,378.25
0,378.35
0,378.1
0,378.25
0,378.45
0,378.7
0,378.85
0,378.9
0,378.65
0,378.45
0,378.65
0,378.95
0,378.55
0,378.75
0,378.75
0,378.65
0,378.8
0,378.55
0,378.85
0,378.85
0,379.05
0,378.95
0,378.9
0,378.9
0,379.05
0,378.9
0,378.55
0,378.65
0,378.4
0,378.7
0,378.7
0,378.8
0,378.65
0,378.85
0,378.95
0,379.25
0,379.5
0,379.3
0,379.45
0,379.6
0,379.4
0,379.25
0,378.95
0,379.05
0,379.35
0,379.2
0,379.4
0,379.4
0,379.4
0,379.5
0,379.45
0,379.45
0,379.3
0,379.25
0,379.05
0,378.95
0,378.95
0,378.85
0,379
0,379.2
0,379.15
0,378.8
0,378.75
0,378.75
0,378.8
0,378.75
0,378.6
0,378.45
0,378.75
0,378.6
0,378.55
0,378.35
0,378.25
0,378.45
0,378.55
0,378.75
0,378.75
0,378.75
0,378.85
0,378.95
0,378.95
0,378.85
0,378.75
0,378.55
0,378.75
0,378.8
0,378.85
0,379
0,378.65
0,378.5
0,378.55
0,378.8
0,378.5
0,378.65
0,378.7
0,378.45
0,378.5
0,378.7
0,379.15
0,379.25
0,379.1
0,378.85
0,378.85
0,379.05
0,379.15
0,379
0,378.9
0,378.85
0,378.75
0,378.75
0,378.75
0,379.05
0,379.05
0,379.15
0,378.95
0,379.05
0,379
0,379.05
0,378.95
0,379.05
0,379.15
0,378.95
0,379.05
0,379.05
0,379.2
0,379.4
0,379.25
0,379.4
0,379.65
0,379.65
0,379.6
0,379.65
0,379.8
0,379.95
0,380.1
0,379.95
0,380.1
0,380.05
0,379.9
0,379.6
0,379.65
0,379.6
0,379.45
0,379.6
0,379.35
0,379.35
0,379.2
0,379.05
0,379.05
0,379.05
0,379.05
0,379
0,378.9
0,378.95
0,378.95
0,379.05
0,378.9
0,378.6
0,378.55
0,378.55
0,378.75
0,378.8
0,378.45
0,378.55
0,378.7
0,378.8
0,378.85
0,379.15
0,379.1
0,379.05
0,379
0,379
0,379.15
0,379.05
0,379.2
0,379.45
0,379.4
0,379.4
0,379.35
0,379.45
0,379.65
0,379.25
0,379.35
0,379.4
0,379.5
0,379.4
0,379.35
0,379.35
0,379.4
0,379.35
0,379.55
0,379.55
0,379.65
0,379.6
0,379.65
0,379.75
0,379.8
0,379.7
0,379.6
0,379.75
0,379.75
0,379.75
0,379.8
0,379.7
0,379.75
0,379.95
0,379.95
0,379.75
0,379.85
0,379.85
0,380.05
0,380.1
0,380.05
0,380.3
0,380.2
0,380.05
0,380.15
0,380.1
0,380.15
0,380.05
0,379.95
0,379.95
0,379.85
0,380.05
0,380.05
0,379.85
0,380
0,379.95
0,380.15
0,380.15
0,380.3
0,380.25
0,380.45
0,380.15
0,379.9
0,380.05
0,380.15
0,380.35
0,380.15
0,380.2
0,380.05
0,379.9
0,379.85
0,379.95
0,379.95
0,379.85
0,379.75
0,380.05
0,379.95
0,380.35
0,380.4
0,380.35
0,380.5
0,380.15
0,380.3
0,380.05
0,379
0,379.25
0,379.15
0,379.15
0,379.1
0,379.15
0,379.35
0,379.3
0,379.3
0,379.65
0,379.75
0,380.4
0,380.1
0,380.45
0,380.5
0,380.2
0,380.35
0,380.5
0,380.35
0,380.55
0,380.55
0,380.75
0,380.85
0,381.1
0,380.75
0,381.15
0,381.15
0,381.5
0,381.7
0,381.55
0,381.5
0,381.65
0,381.55
0,381.3
0,380.9
0,380.75
0,380.45
0,380.45
0,380.4
0,380.35
0,380.35
0,380.3
0,380.25
0,380.25
0,380.25
0,380.55
0,380.45
0,380.25
0,379.95
0,379.95
0,380.05
0,380.45
0,380.45
0,380.35
0,380.35
0,380.9
0,380.85
0,380.5
0,380.9
0,380.95
0,380.8
0,380.45
0,380.65
0,380.6
0,380.7
0,380.75
0,381
0,380.75
0,380.65
0,380.95
0,380.85
0,381.05
0,380.95
0,380.85
0,380.85
0,380.8
0,381.35
0,381.55
0,381.45
0,381.25
0,381.3
0,381.15
0,381.15
0,381.15
0,381.3
0,381.3
0,381.1
0,381.05
0,381.1
0,380.95
0,381.05
0,381.05
0,381.2
0,381.2
0,381.1
0,380.95
0,381.05
0,381.05
0,381.6
0,381.35
0,381.25
0,381.25
0,381.25
0,381.7
0,381.45
0,380.75
0,380.75
0,380.95
0,380.7
0,380.2
0,380.15
0,379.9
0,380.75
0,383.6
0,383.4
0,383.7
0,383.9
0,384.2
0,384.4
0,384.4
0,384.7
0,384.95
0,384.95
0,385.75
0,385.3
0,385.3
0,384.8
0,384.45
0,383.95
0,383.75
0,384.2
0,384.85
0,384.8
0,385.05
0,385.4
0,385.7
0,386.05
0,386
0,385.3
0,386.35
0,386.9
0,386.75
0,387.35
0,387.25
0,387.05
0,387.6
0,387.75
0,387.85
0,388.05
0,387.4
0,387.25
0,387.55
0,387.65
0,388.05
0,387.85
0,388
0,387.75
0,387.55
0,387.55
0,387.85
0,387.9
0,387.95
0,387.85
0,388.25
0,387.65
0,387.65
0,387.95
0,388.5
0,388
0,387.8
0,387.95
0,388.05
0,388.15
0,388.25
0,388.6
0,388.35
0,388.15
0,387.5
0,387.35
0,387.5
0,387.6
0,387.8
0,387.75
0,388
0,388
0,387.95
0,388.05
0,387.95
0,388
0,388.05
0,388.3
0,388.6
0,388.55
0,388.55
0,388.3
0,388
0,387.9
0,387.95
0,387.75
0,387.55
0,387.55
0,387.6
0,387.55
0,387.45
0,387.6
0,387.65
0,387.65
0,387.65
0,387.7
0,387.65
0,387.4
0,388
0,388.1
0,388.1
0,388.3
0,388.4
0,388.05
0,387.7
0,387.65
0,387.8
0,387.8
0,387.65
0,387.65
0,387.7
0,387.55
0,387.5
0,387.45
0,387.65
0,387.75
0,387.65
0,387.5
0,387.4
0,387.5
0,387.5
0,387.65
0,387.8
0,387.75
0,387.75
0,387.55
0,387.5
0,387.5
0,387.45
0,387.7
0,387.7
0,387.6
0,387.65
0,387.6
0,387.65
0,387.7
0,387.95
0,388.1
0,388.05
0,388.05
0,387.9
0,387.3
0,387.45
0,386.75
0,386.8
0,386.85
0,386.8
0,387
0,387.1
0,387
0,387.1
0,387.1
0,387.35
0,387.65
0,387.75
0,387.6
0,388
0,387.8
0,387.7
0,387.8
0,387.5
0,387.45
0,387.6
0,387.45
0,387.65
0,387.55
0,387.6
0,387.35
0,387.4
0,387.6
0,387.65
0,387.65
0,387.75
0,387.75
0,387.55
0,387.9
0,388
0,388.05
0,388.15
0,388.25
0,388.15
0,388.15
0,388.3
0,388.35
0,388.4
0,388.35
0,388.75
0,388.85
0,388.7
0,388.9
0,389
0,389.3
0,389.4
0,389.4
0,389.3
0,389.2
0,388.85
0,388.7
0,388.7
0,388.2
0,388.05
0,388.05
0,388.3
0,388.45
0,388.9
0,388.9
0,389.15
0,389.1
0,389.1
0,389.4
0,389.6
0,389.65
0,389.75
0,389.95
0,389.85
0,389.9
0,390
0,390.2
0,390.45
0,390.5
0,390.45
0,390.4
0,390.3
0,390.35
0,390.45
0,390.45
0,390.35
0,390.25
0,390.05
0,390.3
0,390.6
0,390.15
0,390.3
0,390.65
0,391.15
0,390.8
0,390.6
0,390.6
0,390.8
0,390.85
0,390.85
0,390.75
0,390.25
0,389.95
0,390.05
0,389.8
0,389.85
0,389.65
0,389.4
0,389.4
0,389.5
0,389.35
0,389.5
0,389.55
0,389.45
0,389.35
0,389.2
0,389.1
0,389.15
0,389.15
0,389.1
0,389.55
0,389.55
0,389.65
0,389.7
0,389.9
0,389.75
0,390.05
0,390.15
0,390
0,389.75
0,389.95
0,389.95
0,389.85
0,389.9
0,389.85
0,389.7
0,389.65
0,389.65
0,390.15
0,390
0,389.75
0,389.75
0,390.15
0,390.1
0,390.15
0,389.95
0,389.95
0,389.9
0,389.95
0,390.15
0,390.35
0,390.45
0,390.25
0,390.7
0,390.8
0,390.6
0,390.25
0,390.1
0,390.15
0,390.15
0,390.05
0,389.95
0,389.95
0,390.05
0,390.1
0,390.45
0,390.55
0,390.85
0,391
0,391.15
0,391.45
0,391.6
0,391.95
0,391.65
0,391.25
0,391.1
0,390.75
0,390.65
0,390.55
0,390.35
0,390.55
0,390.45
0,390.75
0,390.3
0,390.55
0,390.5
0,390.5
0,390.65
0,390.65
0,390.85
0,391.2
0,391.35
0,391.55
0,391.45
0,391.25
0,391.35
0,391.15
0,390.8
0,390.75
0,390.95
0,391
0,391.2
0,391.1
0,391.25
0,391.3
0,391.4
0,391.45
0,391.1
0,391.45
0,391.3
0,391.35
0,391.65
0,391.7
0,391.55
0,391.45
0,391.6
0,391.55
0,391.35
0,391.45
0,391.4
0,391.3
0,391.4
0,391.5
0,391.35
0,391.15
0,391.2
0,391.45
0,391.65
0,391.8
0,392.2
0,392.05
0,391.9
0,392.1
0,392.4
0,392.6
0,392.7
0,392.6
0,392.45
0,391.75
0,391.55
0,391.35
0,391.3
0,391.35
0,391.35
0,391.4
0,391.15
0,391.1
0,391
0,390.65
0,390.9
0,390.35
0,390.35
0,390.7
0,390.55
0,390.35
0,390.15
0,390
0,389.95
0,389.85
0,389.65
0,389.35
0,389.55
0,389.7
0,389.85
0,389.9
0,390.35
0,390.4
0,390.65
0,390.75
0,390.95
0,390.85
0,391.05
0,391.05
0,391.15
0,391.15
0,390.9
0,390.55
0,390.45
0,390
0,390.25
0,389.7
0,389.85
0,389.65
0,389.6
0,389.75
0,389.85
0,389.7
0,389.85
0,390.1
0,390.15
0,390.3
0,390.3
0,390.3
0,390.3
0,389.25
0,388.9
0,388.9
0,389.05
0,389.35
0,389.3
0,389.9
0,389.95
0,390.15
0,390.4
0,390.3
0,390.2
0,390.3
0,389.55
0,389.25
0,389.25
0,389.45
0,389.15
0,389.05
0,388.7
0,388.85
0,388.95
0,388.85
0,388.55
0,389
0,389
0,388.85
0,388.85
0,388.85
0,389.45
0,389.5
0,389.6
0,389.65
0,389.85
0,389.75
0,389.75
0,390.05
0,390
0,389.9
0,389.65
0,389.6
0,389.4
0,389.75
0,389.75
0,389.65
0,389.9
0,390
0,389.85
0,389.85
0,389.85
0,390.15
0,390.05
0,389.95
0,390.05
0,390.15
0,390.05
0,389.7
0,390.25
0,391.05
0,391.15
0,391.65
0,390.6
0,390.35
0,390.25
0,389.15
0,388.6
0,387.85
0,388.45
0,387.85
0,388.15
0,388.25
0,388.45
0,388.2
0,387.85
0,387.1
0,386.9
0,387.35
0,388.3
0,387.6
0,388.5
0,387.8
0,388.65
0,388.75
0,387.85
0,387.65
0,388.2
0,388.5
0,389.1
0,388.65
0,388.4
0,389
0,388
0,388
0,387.95
0,388.45
0,388.75
0,388.9
0,388.95
0,389.05
0,389.85
0,389.25
0,389.7
0,389.4
0,389.6
0,388.95
0,389.45
0,389.55
0,389.7
0,389.7
0,389.45
0,389.6
0,389.75
0,390.35
0,391.1
0,391.3
0,390.9
0,390.95
0,391.1
0,391.5
0,391.95
0,391.9
0,391.45
0,391.35
0,391.95
0,392.55
0,392.35
0,392.6
0,392.65
0,392.7
0,392.8
0,393.2
0,393.2
0,393.25
0,393.15
0,393.2
0,393.05
0,392.8
0,393.2
0,393.35
0,393.7
0,394.3
0,394.65
0,394.95
0,394.3
0,394.55
0,394.8
0,394.95
0,394.75
0,394.85
0,395.2
0,395.55
0,395.55
0,395.8
0,395.25
0,394.85
0,394.85
0,394.65
0,394.8
0,394
0,393.95
0,394.2
0,394.3
0,394.05
0,394.1
0,393.95
0,394.05
0,394.15
0,394.15
0,393.95
0,393.85
0,394.05
0,393.8
0,394.1
0,393.65
0,394.05
0,393.95
0,393
0,393.2
0,393.2
0,393.15
0,393.15
0,393.2
0,393
0,393.15
0,393.15
0,392.95
0,393.05
0,393.1
0,393.1
0,393.35
0,393.65
0,393.4
0,393.45
0,393.35
0,393.35
0,393.5
0,393.85
0,393.85
0,393.25
0,393.4
0,393.5
0,393.45
0,393.45
0,393.35
0,393.6
0,393.3
0,393.3
0,393.4
0,393.45
0,393.5
0,393.75
0,393.85
0,394.05
0,394
0,394.15
0,394.55
0,394.65
0,394.6
0,394.15
0,394.05
0,394
0,394.15
0,394.35
0,394.55
0,394.65
0,394.75
0,394.95
0,394.95
0,395.05
0,395.4
0,395.25
0,395.45
0,395.35
0,395.45
0,395.45
0,395.3
0,395.25
0,395.3
0,395.85
0,395.75
0,395.2
0,395.35
0,395.4
0,395.3
0,395.15
0,394.95
0,394.85
0,394.95
0,395.05
0,395.05
0,394.85
0,395.1
0,395.2
0,395.2
0,394.85
0,394.85
0,394.65
0,394.8
0,394.75
0,394.7
0,394.95
0,394.95
0,394.95
0,394.75
0,394.6
0,394.25
0,394.2
0,393.8
0,393.95
0,393.95
0,393.85
0,393.9
0,393.65
0,394
0,394.15
0,394.1
0,394.15
0,394.15
0,393.85
0,393.95
0,393.75
0,393.55
0,393.6
0,393.7
0,393.95
0,394
0,393.9
0,393.55
0,393.35
0,393.35
0,393.7
0,393.75
0,393.8
0,393.8
0,393.65
0,393.75
0,393.9
0,394
0,394.1
0,394.2
0,394.15
0,394.1
0,393.9
0,393.55
0,393.5
0,393.6
0,393.45
0,393.2
0,393.15
0,393.2
0,393.15
0,393.2
0,393.15
0,393.1
0,393.15
0,393.45
0,393.45
0,393.85
0,393.85
0,394.05
0,393.95
0,393.75
0,393.85
0,393.85
0,394
0,394.1
0,393.8
0,393.6
0,393.95
0,394.15
0,394.25
0,394.3
0,394.35
0,394
0,394.15
0,394
0,393.6
0,393.45
0,393.3
0,393.25
0,393.1
0,393.05
0,393.2
0,393.15
0,393.3
0,393.55
0,393.7
0,393.75
0,393.8
0,393.65
0,394.2
0,394.15
0,394
0,394.05
0,394
0,394.1
0,394.05
0,393.95
0,394
0,393.75
0,393.8
0,394.05
0,394.05
0,393.95
0,393.85
0,393.55
0,393.55
0,393.8
0,393.75
0,393.75
0,393.75
0,393.75
0,393.65
0,393.6
0,393.7
0,393.8
0,393.75
0,393.75
0,393.7
0,393.55
0,393.7
0,393.85
0,393.95
0,393.95
0,394.25
0,394.25
0,394.55
0,393.9
0,393.85
0,393.8
0,393.95
0,394
0,394.1
0,394.05
0,393.95
0,393.75
0,393.65
0,393.45
0,393.45
0,393.5
0,393.65
0,393.8
0,393.75
0,393.6
0,393.3
0,393.45
0,393.65
0,393.65
0,393.75
0,393.9
0,393.7
0,393.65
0,393.55
0,393.4
0,393.45
0,393.7
0,393.7
0,393.35
0,393.5
0,393.45
0,393.7
0,393.85
0,393.85
0,393.85
0,393.6
0,393.45
0,393.5
0,393.7
0,393.55
0,393.75
0,393.75
0,393.7
0,393.6
0,393.75
0,393.75
0,393.9
0,394.05
0,394.35
0,394.2
0,394.15
0,394.6
0,394.85
0,395.4
0,395.05
0,394.9
0,394.85
0,394.85
0,394.9
0,394.95
0,395.05
0,394.9
0,395.15
0,394.7
0,394.95
0,394.65
0,394.9
0,394.8
0,394.3
0,394.5
0,394.6
0,394.5
0,394.4
0,394.2
0,394.25
0,393.9
0,394.2
0,394.15
0,394.05
0,394
0,393.6
0,393.5
0,393.6
0,393.05
0,392.95
0,392.95
0,393.1
0,393.3
0,393.15
0,393.15
0,392.85
0,392.8
0,392.85
0,392.85
0,392.95
0,392.85
0,392.75
0,392.65
0,392.45
0,392.35
0,392.5
0,392.6
0,392.55
0,392.7
0,392.55
0,392.5
0,392.55
0,392.15
0,391.75
0,391.5
0,391.75
0,391.5
0,391.8
0,391.7
0,391.85
0,392
0,391.9
0,391.75
0,392
0,392.15
0,392.05
0,391.65
0,391.25
0,391.5
0,391.55
0,391.75
0,391.85
0,392.1
0,392.6
0,392.8
0,393.05
0,392.9
0,393.05
0,393
0,393.05
0,393
0,393.15
0,392.8
0,393.25
0,393.4
0,393.85
0,393.9
0,393.75
0,393.5
0,393.65
0,393.4
0,393.35
0,393.25
0,393.3
0,393.6
0,394.05
0,393.75
0,393.85
0,393.85
0,393.75
0,393.8
0,393.85
0,393.1
0,393.25
0,393.75
0,394
0,393.75
0,393.6
0,393.3
0,393.85
0,393.95
0,392.35
0,391.4
0,389.3
0,389.3
0,389.45
0,389.1
0,388.45
0,386.9
0,388.35
0,389.65
0,388.6
0,387.45
0,387.8
0,387.45
0,388.15
0,388.75
0,388.45
0,387.8
0,387
0,386.5
0,387.25
0,386.9
0,387.25
0,387.55
0,387.5
0,387.1
0,386.9
0,386.75
0,386.55
0,386.8
0,387.35
0,387.85
0,387.8
0,388.4
0,388.25
0,387.85
0,387.4
0,387.45
0,387.55
0,388.35
0,388.45
0,388.65
0,388.8
0,388.3
0,387.75
0,387.05
0,386.55
0,386.3
0,386.65
0,387.2
0,387.1
0,386.7
0,386.7
0,387.1
0,387.1
0,387.2
0,387.3
0,387.55
0,387.4
0,387.6
0,387.05
0,387.1
0,387.2
0,387.65
0,387.6
0,387.15
0,387.15
0,387.1
0,387.25
0,387.55
0,387.6
0,387.7
0,387.45
0,387.45
0,387.55
0,387.55
0,387.75
0,387.85
0,387.55
0,387.5
0,387.45
0,387.4
0,387.45
0,387.45
0,387.5
0,387.5
0,387.6
0,387.65
0,387.9
0,388
0,388.5
0,388.35
0,388.3
0,388.15
0,388.25
0,388.15
0,387.95
0,387.95
0,388.15
0,388.4
0,388.55
0,388.85
0,388.8
0,388.9
0,389
0,389
0,388.75
0,388.65
0,388.75
0,388.95
0,389.55
0,389.85
0,390.15
0,390.15
0,390.2
0,390.35
0,390.55
0,390.45
0,390.1
0,390.15
0,390.4
0,390.15
0,390.35
0,390.15
0,390.15
0,390.25
0,390.1
0,390.2
0,390.4
0,390.65
0,390.8
0,390.85
0,390.8
0,390.75
0,390.75
0,390.8
0,390.7
0,390.65
0,390.4
0,390.3
0,390
0,389.9
0,389.45
0,389.3
0,389.2
0,389.55
0,389.75
0,390
0,389.65
0,389.6
0,389.65
0,389.6
0,389.85
0,389.85
0,389.65
0,389.4
0,388.9
0,388.85
0,388.75
0,388.95
0,388.95
0,388.85
0,388.95
0,388.45
0,388.5
0,388.45
0,388.75
0,388.85
0,389.05
0,388.85
0,388.8
0,389.05
0,389.05
0,389
0,389.1
0,388.95
0,389.15
0,389.1
0,389.15
0,389
0,388.95
0,388.8
0,388.65
0,388.7
0,388.95
0,388.95
0,389.35
0,389.6
0,389.75
0,389.95
0,390.1
0,389.6
0,389.65
0,389.7
0,389.8
0,389.75
0,389.7
0,389.75
0,389.75
0,389.8
0,389.65
0,389.6
0,389.45
0,389.35
0,389.5
0,389.35
0,389.2
0,389.1
0,389.1
0,389.05
0,389.05
0,389.05
0,388.95
0,388.95
0,389.05
0,389
0,389.05
0,389.15
0,389
0,388.9
0,388.95
0,389
0,388.95
0,388.85
0,388.75
0,388.4
0,388.4
0,388.3
0,388.15
0,388.55
0,388.55
0,388.55
0,388.9
0,388.95
0,389
0,389.2
0,389.1
0,389.15
0,389.2
0,389.15
0,389.05
0,388.95
0,389.15
0,389.2
0,389.4
0,389.7
0,390.05
0,390.25
0,390.15
0,390.65
0,390.55
0,390.6
0,390.75
0,390.75
0,390.75
0,391.4
0,391.5
0,391.5
0,391.75
0,391.75
0,391.9
0,391.85
0,391.55
0,391.6
0,391.4
0,391.2
0,391.15
0,391.15
0,391.2
0,391.15
0,391.35
0,391.15
0,391.15
0,390.9
0,390.6
0,390.45
0,390.65
0,390.7
0,390.8
0,391
0,391.65
0,391.9
0,391.65
0,391.65
0,391.65
0,391.65
0,391.75
0,392
0,392.45
0,392.35
0,392.1
0,392.8
0,392.85
0,392.85
0,393.1
0,393.25
0,393.05
0,392.95
0,393.3
0,392.95
0,392.65
0,392.55
0,392.55
0,392.4
0,392.65
0,392.7
0,392.75
0,393.05
0,393.15
0,393.05
0,393.25
0,393.3
0,393.1
0,392.9
0,392.85
0,392.75
0,392.9
0,392.85
0,392.7
0,392.7
0,392.65
0,392.6
0,392.65
0,391.8
0,392.3
0,392.3
0,392.45
0,392.35
0,391.9
0,391.8
0,391.6
0,391.35
0,391.35
0,391.2
0,391.1
0,391.35
0,391.55
0,391.4
0,391.35
0,391.4
0,391.35
0,391.35
0,391.35
0,391.2
0,390.95
0,391.05
0,390.65
0,391
0,390.75
0,390.75
0,390.9
0,390.9
0,390.85
0,390.85
0,390.85
0,390.8
0,390.65
0,390.6
0,390.55
0,390.75
0,390.95
0,390.75
0,390.8
0,390.9
0,390.85
0,390.7
0,390.5
0,390.5
0,390.5
0,390.4
0,390.3
0,390.35
0,390.5
0,390.55
0,390.7
0,390.55
0,390.65
0,390.75
0,390.65
0,390.5
0,390.55
0,390.4
0,390.35
0,390.65
0,390.7
0,391.05
0,391.3
0,391.35
0,391.3
0,391.8
0,391.9
0,391.8
0,391.9
0,392.15
0,392.05
0,392.35
0,392.3
0,392.35
0,392.35
0,392.4
0,391.85
0,391.8
0,391.5
0,392
0,391.85
0,391.65
0,391.7
0,391.55
0,391.6
0,391.55
0,391.8
0,392.05
0,392
0,392.4
0,392.65
0,392.75
0,392.5
0,392.35
0,392.9
0,392.9
0,392.9
0,392.95
0,392.95
0,392.95
0,393.05
0,393.15
0,392.9
0,392.75
0,393
0,392.9
0,393.05
0,392.8
0,393
0,393.15
0,393.25
0,393.15
0,393.15
0,393.15
0,393.15
0,393.3
0,393.45
0,393.15
0,393.15
0,393.1
0,393.35
0,393.15
0,393.15
0,393.3
0,393.6
0,393.65
0,393.7
0,393.95
0,394.1
0,394.15
0,394.3
0,394.25
0,394.25
0,394.55
0,394.35
0,394.4
0,394.5
0,394.55
0,394.6
0,395.15
0,395.05
0,394.9
0,394.85
0,394.65
0,394.85
0,394.9
0,394.9
0,394.65
0,394.55
0,394.55
0,395
0,395.15
0,395.2
0,395.4
0,395.55
0,395.7
0,395.65
0,395.45
0,395.2
0,395.45
0,395.35
0,395.5
0,395.75
0,395.7
0,395.6
0,395.55
0,395.6
0,395.35
0,395
0,394.9
0,394.8
0,394.6
0,395.1
0,394.45
0,394.4
0,397.2
0,397.25
0,397.15
0,396.8
0,397.85
0,398.05
0,397.35
0,397.05
0,396.65
0,396.55
0,396.6
0,395.6
0,396
0,396
0,396.25
0,396
0,396
0,396.75
0,397
0,397.1
0,396.95
0,396.75
0,396.55
0,396.55
0,396.45
0,396.3
0,396.85
0,397.4
0,397.3
0,397.3
0,397.35
0,397.15
0,397.35
0,397.25
0,397.45
0,397.35
0,397.65
0,397.55
0,397.5
0,397.35
0,397.6
0,398.25
0,398.15
0,398.25
0,398
0,398.2
0,398.6
0,398.8
0,398.45
0,398.6
0,398.55
0,398.7
0,398.7
0,399
0,399.2
0,399.55
0,399.75
0,399.85
0,400.5
0,400.3
0,400.5
0,400.7
0,400.7
0,400.55
0,401
0,401.1
0,401.15
0,400.75
0,401.05
0,401.15
0,401.15
0,400.6
0,400.35
0,400.45
0,400.65
0,400.4
0,400.3
0,400.5
0,400.5
0,400.45
0,400.35
0,400.4
0,400.4
0,400.5
0,400.65
0,400.8
0,400.6
0,400.6
0,400.55
0,400.65
0,400.5
0,400.35
0,400.45
0,400.8
0,400.75
0,400.75
0,400.95
0,400.95
0,400.75
0,400.75
0,400.75
0,400.5
0,400.55
0,400.6
0,400.35
0,400.05
0,400.4
0,400.6
0,400.55
0,400.55
0,399.8
0,399.9
0,399.9
0,400.05
0,400.1
0,400.35
0,400.4
0,400.05
0,400.05
0,400.1
0,400.2
0,400.25
0,399.6
0,399.65
0,399.55
0,399
0,399
0,399.25
0,399.1
0,399.1
0,399.25
0,399.4
0,399.45
0,399.65
0,399.6
0,399.45
0,399.35
0,399.45
0,399.45
0,399.45
0,399.45
0,399.45
0,399.65
0,399.6
0,399.5
0,399.65
0,399.65
0,399.55
0,399.25
0,399.15
0,399.2
0,399.1
0,399.25
0,399.25
0,399.25
0,399.55
0,399.65
0,399.7
0,399.75
0,399.7
0,399.75
0,399.8
0,399.85
0,399.95
0,399.95
0,399.9
0,399.75
0,399.55
0,401
0,401.7
0,402.6
0,402.5
0,401.6
0,400.9
0,401.1
0,401.3
0,401.3
0,401.45
0,401.55
0,401.4
0,401.1
0,401.35
0,401.45
0,401.25
0,401.45
0,401.4
0,401.35
0,401.4
0,400.1
0,399.55
0,399.5
0,399.4
0,399.85
0,399.85
0,400
0,400.25
0,400.2
0,400.3
0,400.25
0,400.4
0,400.4
0,400.45
0,400.6
0,400.75
0,400.9
0,401.3
0,401.45
0,401.25
0,401.05
0,401.45
0,401.35
0,401.2
0,401.05
0,401.1
0,401.1
0,401.35
0,400.85
0,401
0,401.05
0,401.35
0,401.1
0,400.9
0,400.95
0,401.1
0,401.1
0,401.05
0,401.15
0,400.85
0,400.7
0,401.1
0,401.15
0,401.2
0,401.1
0,401.3
0,400.85
0,400.85
0,400.2
0,399.95
0,399.85
0,399.9
0,399.95
0,400.3
0,400.45
0,400.25
0,400.45
0,400.4
0,400.4
0,400.35
0,400.4
0,400.45
0,400.45
0,400.5
0,400.8
0,400.6
0,400.55
0,400.25
0,399.95
0,399.95
0,400.05
0,400.25
0,400.1
0,399.8
0,399.5
0,399.45
0,399.5
0,399.85
0,399.6
0,399.75
0,399.65
0,399.75
0,400.2
0,399.9
0,399.95
0,399.65
0,399.6
0,399.7
0,399.55
0,399.8
0,399.9
0,400.1
0,400.05
0,400.05
0,400.15
0,399.95
0,400.1
0,400
0,400.1
0,399.95
0,399.45
0,399.55
0,399.65
0,399.95
0,399.95
0,400.35
0,400.2
0,400.3
0,400.25
0,400
0,399.85
0,399.35
0,399.15
0,398.95
0,399.45
0,399.55
0,399.5
0,399.55
0,399.25
0,399.15
0,399
0,399
0,399.05
0,398.1
0,397.7
0,397.55
0,397.5
0,397.55
0,397.5
0,397.85
0,397.25
0,397.3
0,397.35
0,397.7
0,397.4
0,397.3
0,397.2
0,396.85
0,396.75
0,396.6
0,396
0,396.05
0,396
0,396.05
0,396.3
0,396.65
0,396.65
0,396.6
0,396.6
0,396.8
0,396.8
0,396.7
0,396.75
0,396.6
0,396.65
0,396.65
0,396.8
0,397.1
0,397.45
0,397.65
0,397.4
0,397.15
0,397.55
0,397.25
0,397.1
0,397.45
0,397.45
0,397.2
0,397.1
0,397.05
0,397.05
0,397.35
0,397.9
0,398
0,398.15
0,398.25
0,397.9
0,397.9
0,397.55
0,397.45
0,397.3
0,397.5
0,397.55
0,397.45
0,397.45
0,397.8
0,397.7
0,397.75
0,397.75
0,398.05
0,398.05
0,398.4
0,398.35
0,398.6
0,398.5
0,398.5
0,398.3
0,398.15
0,398.25
0,398.05
0,398.3
0,398.35
0,398.05
0,398.05
0,398.05
0,398.25
0,398.2
0,398.35
0,398.35
0,398.25
0,398
0,397.75
0,397.85
0,397.75
0,397.65
0,397.6
0,397.55
0,397.4
0,397.55
0,397.8
0,397.75
0,397.75
0,397.95
0,398.15
0,398.3
0,398.7
0,398.7
0,398.7
0,398.8
0,398.9
0,398.5
0,398.45
0,398.5
0,398.1
0,398.1
0,398.25
0,397.95
0,398.1
0,398.2
0,398
0,398.05
0,398.05
0,398.05
0,398
0,397.7
0,397.55
0,397.45
0,397.25
0,397.1
0,397.25
0,397.35
0,397.2
0,397.25
0,397.55
0,397.8
0,397.8
0,397.95
0,397.75
0,397.7
0,397.9
0,398.15
0,398.15
0,398.45
0,398.35
0,398.2
0,398.25
0,398.4
0,398.45
0,398.55
0,398.1
0,398.35
0,398.6
0,399.05
0,399.3
0,399.3
0,399.65
0,399.7
0,399.8
0,400
0,399.85
0,399.55
0,399.6
0,399.4
0,399.5
0,399.15
0,399.25
0,399.2
0,399.25
0,399.15
0,398.85
0,398.85
0,398.95
0,398.9
0,398.85
0,398.45
0,398.45
0,398.55
0,398.6
0,398.7
0,398.65
0,398.55
0,398.55
0,398.7
0,398.85
0,398.85
0,398.85
0,398.8
0,398.2
0,398.75
0,398.45
0,398.9
0,399.05
0,399.15
0,399.05
0,399
0,398.9
0,398.55
0,398.35
0,398.2
0,398.45
0,398.7
0,398
0,397.95
0,398.05
0,398.4
0,398.45
0,398.7
0,398.2
0,397.95
0,397.85
0,397.8
0,397.7
0,397.5
0,397.75
0,397.8
0,397.6
0,397.9
0,397.8
0,397.8
0,397.65
0,398.45
0,398.35
0,398.5
0,398.8
0,398.85
0,398.2
0,398.55
0,399.3
0,399
0,399
0,399
0,399.25
0,399.25
0,399.2
0,399.05
0,399
0,398.85
0,398.75
0,398.45
0,398.55
0,398.75
0,398.7
0,398.4
0,398.15
0,398.15
0,398.05
0,397.8
0,397.55
0,397.55
0,397.85
0,397.8
0,397.1
0,397.1
0,396.95
0,397.15
0,397.15
0,397.4
0,397.4
0,397.15
0,396.85
0,396.65
0,396.7
0,396.75
0,396.65
0,396.85
0,397.05
0,397.15
0,397.05
0,397.3
0,397.75
0,397.75
0,397.8
0,397.95
0,397.9
0,398
0,397.85
0,397.5
0,397.6
0,397.65
0,397.5
0,397.55
0,397.25
0,397.4
0,397.55
0,397.35
0,397.2
0,397.15
0,397.3
0,397.4
0,396.7
0,396.85
0,396.95
0,396.95
0,396.95
0,396.95
0,396.95
0,396.7
0,396.45
0,396.35
0,396.25
0,396.2
0,396.15
0,396.3
0,396.45
0,396.45
0,396.3
0,396.2
0,395.85
0,395.7
0,395.65
0,395.25
0,395.45
0,394.6
0,394.95
0,394.7
0,394.75
0,394.35
0,394.15
0,394.3
0,393.85
0,393.85
0,394.05
0,394.15
0,394.2
0,394.25
0,393.9
0,393.9
0,393.85
0,393.8
0,393.65
0,393.8
0,393.45
0,393.55
0,393.35
0,393.65
0,393.6
0,393.6
0,393.4
0,393.55
0,393.4
0,393.55
0,393.85
0,394.1
0,394.25
0,394.4
0,394.55
0,394.45
0,394.15
0,394.45
0,394
0,394.15
0,393.85
0,393.95
0,393.85
0,393.8
0,393.85
0,393.85
0,393.75
0,393.85
0,393.9
0,393.8
0,393.55
0,393.6
0,393.55
0,393.45
0,393.45
0,393.15
0,393.25
0,393.25
0,393.45
0,393.35
0,393.35
0,393.45
0,393.45
0,393.55
0,393.8
0,393.75
0,394.1
0,394.25
0,394.5
0,394.55
0,394.55
0,394.65
0,394.5
0,394.55
0,394.75
0,394.7
0,394.75
0,394.45
0,394.55
0,394.75
0,394.55
0,395.05
0,395.05
0,395.1
0,394.95
0,394.75
0,394.6
0,394.5
0,394.15
0,394.4
0,394.3
0,394.35
0,394.65
0,394.6
0,394.4
0,394.6
0,394.45
0,394.65
0,394.2
0,394.2
0,394.2
0,394.15
0,394.05
0,393.85
0,393.9
0,394.15
0,394.25
0,393.9
0,393.75
0,393.65
0,393.6
0,393.75
0,394
0,394.3
0,394.15
0,394.15
0,394
0,394.05
0,394.1
0,394.55
0,394.8
0,395.15
0,395.4
0,395.25
0,395.2
0,395.25
0,395.6
0,395.5
0,395.55
0,395.55
0,395.45
0,395.35
0,395.55
0,395.65
0,395.8
0,395.65
0,395.6
0,395.6
0,395.65
0,395.75
0,396.15
0,396.2
0,396.15
0,396.4
0,396.25
0,396.25
0,396.3
0,396.35
0,395.95
0,395.85
0,395.95
0,395.85
0,395.95
0,395.95
0,395.95
0,395.95
0,395.95
0,395.85
0,395.9
0,395.7
0,395.65
0,395.75
0,395.8
0,395.7
0,395.6
0,395.7
0,395.6
0,395.65
0,395.45
0,395.65
0,395.45
0,395.45
0,395.45
0,395.35
0,395.4
0,395.35
0,395.35
0,395.4
0,395.45
0,395.15
0,395.35
0,395.2
0,395.15
0,395.05
0,395.05
0,394.95
0,394.9
0,394.9
0,394.95
0,394.95
0,394.85
0,394.85
0,394.65
0,394.5
0,394.35
0,394.4
0,394.65
0,394.7
0,394.4
0,394.65
0,394.75
0,394.65
0,394.55
0,394.8
0,395
0,394.9
0,394.95
0,395
0,394.95
0,395.1
0,394.95
0,395
0,395
0,394.75
0,394.5
0,394.45
0,394.45
0,394.4
0,394.5
0,394.4
0,394.45
0,394.15
0,394.25
0,394.3
0,394.35
0,394.3
0,394.3
0,394.35
0,394.35
0,394.8
0,394.85
0,394.85
0,394.65
0,394.8
0,394.8
0,394.85
0,394.8
0,394.95
0,394.9
0,394.7
0,394.85
0,394.85
0,394.85
0,394.75
0,394.8
0,394.85
0,394.75
0,394.95
0,395
0,394.55
0,394.95
0,394.95
0,395.15
0,395.6
0,396
0,396
0,396.2
0,396.45
0,396.45
0,396.5
0,396.55
0,396.85
0,396.75
0,396.95
0,397.4
0,397.4
0,397.8
0,397.85
0,398.3
0,398.75
0,398.85
0,399.05
0,398.55
0,398.65
0,399
0,398.85
0,399
0,398.85
0,398.75
0,398.55
0,399.1
0,399.2
0,399.4
0,399.3
0,399.35
0,399.3
0,399.25
0,399.25
0,399.85
0,399.7
0,399.7
0,399.45
0,399.6
0,399.65
0,399.65
0,399.55
0,399.85
0,399.8
0,399.45
0,399.05
0,398.65
0,398.55
0,398.55
0,398.65
0,398.6
0,398.75
0,399
0,399
0,399.1
0,399.3
0,399.55
0,399.65
0,399.3
0,399.35
0,399.35
0,399.45
0,399.25
0,399.2
0,399.1
0,399.1
0,398.85
0,399.05
0,398.95
0,398.9
0,398.85
0,398.85
0,398.85
0,398.45
0,398.5
0,398.45
0,398.4
0,398.8
0,399.2
0,399.8
0,400.4
0,401.05
0,401.4
0,400.95
0,400.65
0,400.85
0,400.7
0,401
0,400.75
0,400.4
0,400.45
0,400.8
0,400.9
0,401.15
0,401.4
0,401.8
0,402.05
0,402.05
0,402.05
0,402.1
0,402.25
0,402.15
0,401.95
0,401.85
0,401.7
0,401.05
0,400.85
0,400.7
0,400.55
0,400.35
0,400.45
0,399.85
0,404.1
0,404.15
0,404.65
0,404.1
0,403
0,403.45
0,403.35
0,403.55
0,403.4
0,404.75
0,404.7
0,404.2
0,403.9
0,404.8
0,404.65
0,403.3
0,402.9
0,402.3
0,401.65
0,401.25
0,401.55
0,402.25
0,401.95
0,401.35
0,401.05
0,401.8
0,401.65
0,402
0,401.5
0,402.15
0,401.75
0,400.8
0,400.8
0,400.65
0,400.9
0,400.85
0,401.2
0,401.1
0,401.5
0,401.6
0,402.25
0,402.35
0,402.1
0,402.15
0,401.95
0,401.7
0,402
0,401.9
0,401.5
0,401.75
0,401.25
0,401.1
0,401.6
0,402.15
0,402.35
0,402.05
0,402.3
0,402.2
0,402
0,402.05
0,401.9
0,401.5
0,401.7
0,402.15
0,401.85
0,400.8
0,400.1
0,399.95
0,400.15
0,400.2
0,399.95
0,399.85
0,399.55
0,399.15
0,399.05
0,399.45
0,399.55
0,399.55
0,400
0,399.8
0,399.4
0,399.65
0,399.7
0,399.85
0,400
0,400.35
0,400.75
0,400.55
0,400.5
0,400.6
0,400.65
0,401.05
0,401.2
0,401.45
0,401.05
0,401.05
0,401.25
0,401.55
0,401.7
0,402
0,402
0,401.7
0,401.3
0,401.25
0,401.45
0,401.45
0,401.5
0,401.65
0,401.75
0,401.9
0,402.2
0,402.35
0,402.4
0,402.25
0,402.45
0,402.5
0,402.65
0,402.55
0,401.8
0,401.95
0,402.2
0,402.7
0,403
0,402.9
0,402.2
0,401.9
0,402.15
0,401.85
0,401.65
0,401.35
0,401.65
0,401.65
0,401.7
0,401.6
0,401.4
0,401.6
0,401.55
0,401.6
0,401.95
0,401.85
0,401.75
0,401.95
0,401.6
0,401.45
0,401.4
0,401.2
0,401.05
0,401.3
0,401.25
0,401.35
0,401.55
0,401.65
0,401.05
0,401.1
0,401.25
0,401.25
0,401.2
0,400.95
0,400.75
0,400.85
0,400.65
0,400.8
0,400.85
0,400.75
0,400.95
0,401.1
0,401.35
0,401.3
0,401.3
0,401.2
0,400.85
0,400.8
0,400.9
0,401.35
0,401.15
0,400.95
0,401.15
0,401.3
0,401.55
0,401.75
0,401.75
0,401.6
0,401.45
0,401.75
0,401.75
0,401.75
0,401.85
0,401.9
0,401.95
0,402.05
0,401.9
0,402
0,401.95
0,401.95
0,402
0,401.8
0,401.4
0,401.1
0,401.1
0,401.15
0,401.1
0,400.9
0,400.65
0,400.55
0,401.1
0,401.15
0,401.25
0,401.15
0,401.2
0,401.2
0,401.3
0,401.5
0,401.3
0,401.5
0,401.75
0,401.8
0,401.85
0,401.75
0,402.05
0,402.15
0,402.15
0,402.25
0,402.25
0,402.2
0,402.25
0,402.3
0,401.95
0,402.2
0,401.9
0,401.85
0,401.6
0,401.2
0,401.25
0,401.1
0,401.1
0,400.95
0,401.2
0,401.25
0,401.4
0,401.65
0,401.7
0,401.2
0,401.05
0,401
0,401.15
0,401.25
0,400.85
0,401.1
0,401.05
0,400.95
0,400.85
0,400.45
0,400.25
0,400.5
0,400.45
0,400.35
0,400.75
0,400.85
0,400.85
0,400.85
0,401.15
0,401.15
0,400.9
0,401
0,401.05
0,401
0,401.2
0,401.25
0,401.15
0,401.25
0,401.15
0,401.05
0,401.25
0,400.95
0,401
0,401.05
0,401.1
0,401.2
0,401.15
0,401.2
0,400.8
0,400.65
0,400.55
0,400.35
0,400.65
0,400.55
0,400.55
0,400.75
0,400.5
0,400.4
0,400.15
0,400.15
0,400.15
0,399.95
0,399.75
0,399.75
0,399.55
0,399.8
0,399.95
0,399.95
0,400
0,399.95
0,400.05
0,399.9
0,399.9
0,399.95
0,400.05
0,400
0,399.95
0,399.9
0,399.95
0,399.9
0,399.95
0,400.05
0,400.15
0,400.15
0,400.1
0,400.45
0,400.5
0,400.45
0,400.3
0,400.3
0,400.35
0,400.4
0,400.2
0,400.55
0,400.35
0,400.35
0,400.4
0,400.35
0,400.45
0,400.35
0,400.25
0,400.25
0,400.25
0,400.35
0,400.45
0,400.55
0,400.5
0,400.6
0,400.45
0,400.4
0,400.3
0,400.25
0,400.25
0,400.25
0,400.05
0,399.75
0,399.55
0,399.5
0,399
0,398.5
0,398.75
0,398.9
0,398.9
0,398.9
0,399.05
0,399.05
0,399.1
0,398.95
0,398.95
0,399
0,398.9
0,398.6
0,398.7
0,398.95
0,398.95
0,398.85
0,398.8
0,398.3
0,398.7
0,398.85
0,398.95
0,399
0,398.85
0,398.6
0,398.9
0,398.85
0,398.95
0,399.15
0,398.95
0,398.85
0,398.6
0,398.65
0,398.75
0,399.15
0,398.55
0,398.55
0,398.3
0,398.65
0,398.8
0,398.9
0,399.3
0,399.45
0,399.85
0,399.45
0,399.85
0,400.05
0,399.95
0,399.5
0,399.45
0,399.4
0,399.6
0,399.85
0,399.85
0,399.95
0,399.7
0,399.9
0,399.85
0,399.6
0,399.4
0,399.6
0,399.5
0,399.9
0,399.7
0,399.95
0,399.95
0,400
0,400.3
0,400.3
0,400.65
0,400.6
0,400.65
0,400.3
0,400.55
0,400.5
0,400.15
0,399.9
0,399.95
0,399.5
0,399.55
0,399.9
0,400
0,400.35
0,400.25
0,400.25
0,400.1
0,400.25
0,400.2
0,400.15
0,399.85
0,400.05
0,400.35
0,400.45
0,400.35
0,400.35
0,400.75
0,400.85
0,401.2
0,401.25
0,401.4
0,401.5
0,401.35
0,400.8
0,401.1
0,401.25
0,401.2
0,401.2
0,401.35
0,401.65
0,401.85
0,401.65
0,401.65
0,401.75
0,401.75
0,401.85
0,402.1
0,402.3
0,402.2
0,402.15
0,402.05
0,401.9
0,402.2
0,402.05
0,401.95
0,401.95
0,402.05
0,402.25
0,402.3
0,402.4
0,402.05
0,402.1
0,401.95
0,401.75
0,401.65
0,401.55
0,401.45
0,401.35
0,401.35
0,401.5
0,401.55
0,401.6
0,401.95
0,402.1
0,402.1
0,402.55
0,402.55
0,402.45
0,402.45
0,402.25
0,402.15
0,402.25
0,402.15
0,405.95
0,406.3
0,407.4
0,407.7
0,407.75
0,407
0,406.9
0,407.3
0,407.5
0,407.1
0,406.6
0,406.65
0,406.2
0,406.35
0,406.85
0,406.7
0,406.5
0,405.5
0,405.55
0,405.6
0,405.85
0,405.95
0,404.55
0,403.75
0,403.9
0,404.55
0,404.85
0,405.45
0,405.95
0,406.1
0,406.25
0,406.3
0,406.75
0,406.8
0,406.65
0,407.05
0,407.1
0,407.8
0,407.05
0,406.5
0,406.6
0,406.65
0,406.6
0,406.9
0,406.85
0,406.75
0,407
0,406.75
0,406.7
0,407.2
0,407.3
0,407.15
0,407.45
0,407.55
0,407.05
0,407
0,407.15
0,407.35
0,407.5
0,407.4
0,407.3
0,407.45
0,407.45
0,407.6
0,407.75
0,408.2
0,407.9
0,407.85
0,407.6
0,407.6
0,407.85
0,408.2
0,408
0,407.95
0,407.8
0,407.85
0,407.4
0,407.25
0,407.05
0,407.35
0,407.55
0,407.25
0,406.8
0,406.65
0,406.7
0,406.55
0,406.3
0,406.2
0,406.25
0,406.05
0,406.2
0,406.1
0,406.2
0,405.75
0,405.6
0,405.65
0,405.7
0,405.25
0,405.2
0,405.1
0,404.85
0,405.25
0,404.85
0,404.9
0,404.8
0,404.75
0,404.75
0,404.75
0,404.7
0,404.65
0,404.65
0,404.9
0,405.4
0,405.05
0,405.2
0,405.6
0,405.55
0,405.5
0,405.4
0,405.45
0,405.45
0,405.45
0,405.75
0,405.8
0,405.6
0,405.65
0,405.3
0,405.35
0,405.5
0,405.4
0,405.45
0,405.6
0,405.7
0,406
0,406.05
0,406.05
0,406.15
0,406.15
0,406.45
0,406.3
0,406.35
0,406.65
0,406.35
0,406.5
0,406.9
0,407
0,407.05
0,407.15
0,407
0,407.05
0,407.25
0,407.25
0,407.1
0,406.95
0,407.05
0,406.9
0,407.15
0,407.2
0,407.25
0,407.25
0,407.45
0,407.05
0,407
0,407
0,406.65
0,406.75
0,406.9
0,407.05
0,407.05
0,406.85
0,406.75
0,407.05
0,406.85
0,406.85
0,406.65
0,406.75
0,406.85
0,407
0,406.9
0,407.05
0,406.55
0,406.5
0,406.4
0,406
0,405.75
0,406.1
0,406.2
0,406
0,406
0,405.95
0,406.05
0,405.95
0,405.8
0,405.95
0,406
0,406
0,406.25
0,406.2
0,406.15
0,406.1
0,406.4
0,406.15
0,406.15
0,405.85
0,405.95
0,406.15
0,406.3
0,406.5
0,406.6
0,406.65
0,406.55
0,406.65
0,406.55
0,406.85
0,406.8
0,407
0,406.85
0,407.1
0,407.35
0,407.45
0,407.4
0,407.35
0,407.4
0,407.6
0,407.65
0,408.3
0,408.2
0,407.95
0,408.25
0,409.15
0,409.2
0,409.35
0,409.45
0,409.3
0,408.65
0,408.8
0,408.65
0,408.45
0,408.7
0,408.75
0,409
0,408.9
0,409
0,408.35
0,407.75
0,407.4
0,407.1
0,407.2
0,406.75
0,406.65
0,406.75
0,406.85
0,406.95
0,407.15
0,406.85
0,406.95
0,406.85
0,406.75
0,406.8
0,406.7
0,406.6
0,406.35
0,406.35
0,406.35
0,406.35
0,406.55
0,406.8
0,406.55
0,406.85
0,406.75
0,406.85
0,406.95
0,406.9
0,406.9
0,406.8
0,406.7
0,406.9
0,406.75
0,406.45
0,406.55
0,406.45
0,406.45
0,406.55
0,407
0,407.15
0,407.05
0,407.15
0,407.1
0,407.1
0,407.05
0,407.15
0,407.2
0,406.7
0,406.4
0,406.35
0,406.4
0,406.35
0,406.15
0,406.3
0,406.2
0,406.25
0,406.3
0,406.75
0,406.55
0,406.3
0,406.45
0,406.15
0,406.6
0,406.55
0,406.6
0,406.9
0,406.85
0,406.65
0,406.8
0,406.95
0,407
0,407
0,407
0,406.9
0,407.2
0,407.4
0,407.75
0,407.95
0,408.1
0,408.15
0,408.5
0,408.55
0,409
0,409.25
0,409
0,409
0,409.15
0,409.1
0,409.65
0,410.1
0,410.4
0,410.1
0,410.2
0,410.1
0,410.05
0,410.05
0,410.15
0,410.4
0,410.35
0,410.7
0,411.25
0,410.9
0,411.15
0,411.3
0,411.15
0,411.25
0,411.25
0,410.85
0,411.15
0,411.15
0,410.85
0,410.9
0,410.8
0,410.35
0,410.1
0,410
0,409.9
0,410.3
0,410.4
0,410.4
0,410.45
0,410.45
0,410.5
0,410.6
0,410.35
0,410.05
0,410.3
0,410.1
0,410.3
0,410.35
0,410.45
0,410.35
0,410
0,410.25
0,410.2
0,410.45
0,410.5
0,410.75
0,410.85
0,410.45
0,410.75
0,410.85
0,410.55
0,410.35
0,410.25
0,410.25
0,410.55
0,410.7
0,410.95
0,411.15
0,411.15
0,411.15
0,411.75
0,412.85
0,413.55
0,413.55
0,413.75
0,413.5
0,412.45
0,411.95
0,412.1
0,412.2
0,412.3
0,412.25
0,412.15
0,412.1
0,411.4
0,411.65
0,411.35
0,411.55
0,411.7
0,411.95
0,411.75
0,411.75
0,411.7
0,411.7
0,411.75
0,411.55
0,411.7
0,411.6
0,411.55
0,411.75
0,411.75
0,411.7
0,411.55
0,411.4
0,411.7
0,411.75
0,411.8
0,411.75
0,411.7
0,411.75
0,411.55
0,411.45
0,411.45
0,411.75
0,411.8
0,412
0,411.7
0,411.75
0,411.75
0,411.55
0,411.6
0,411.6
0,411.75
0,411.85
0,411.95
0,412.1
0,411.85
0,412
0,412.2
0,412.55
0,412.4
0,412.3
0,412.75
0,412.5
0,412.55
0,412.55
0,412.25
0,412.45
0,412.45
0,412.4
0,412
0,411.9
0,411.9
0,411.9
0,412
0,412.15
0,412.3
0,411.95
0,412.05
0,412.25
0,412.3
0,412.35
0,412.6
0,412.8
0,412.7
0,412.85
0,412.95
0,412.85
0,413.15
0,412.9
0,412.75
0,412.85
0,412.95
0,413.1
0,413.55
0,410.15
0,409.3
0,408.8
0,408.8
0,408.9
0,408.6
0,408.35
0,407
0,406.35
0,406.5
0,406.75
0,406
0,406.1
0,405.9
0,405.95
0,406.45
0,405.7
0,405.5
0,405.35
0,405.65
0,405.5
0,405.95
0,405.6
0,406
0,406.3
0,406.4
0,405.65
0,406.05
0,406.35
0,405.95
0,405.9
0,406.05
0,405.95
0,406.55
0,406.6
0,406
0,406.65
0,407
0,406.55
0,406.75
0,406.8
0,407.15
0,406.95
0,406.75
0,406.95
0,406.65
0,406.75
0,406.75
0,407.3
0,407.3
0,407.05
0,406.95
0,407.7
0,407.9
0,407.75
0,407.65
0,408
0,407.85
0,407.25
0,407.15
0,407.15
0,407.5
0,407.25
0,407.4
0,407.85
0,407.55
0,407.45
0,407.45
0,407.55
0,407.85
0,407.95
0,408.05
0,408.05
0,407.6
0,407.65
0,407.35
0,407.55
0,407.5
0,407.8
0,407.65
0,407.5
0,407.2
0,407.5
0,407.45
0,407.4
0,407.2
0,407.25
0,407.2
0,407.25
0,407.35
0,407.45
0,407.45
0,407.95
0,407.85
0,407.85
0,407.95
0,407.85
0,408.05
0,407.9
0,407.85
0,407.65
0,407.3
0,407.35
0,407.4
0,407.8
0,407.65
0,407.65
0,407.25
0,407.35
0,407.3
0,407.35
0,407.25
0,407.15
0,407.15
0,407.15
0,406.95
0,407.2
0,407.7
0,407.95
0,407.8
0,407.85
0,407.65
0,407.35
0,407.35
0,407.25
0,407.15
0,407.1
0,407.15
0,407
0,407.05
0,406.85
0,407.15
0,407.15
0,407.25
0,407.25
0,407.3
0,407.65
0,407.9
0,407.85
0,407.65
0,407.8
0,407.6
0,407.8
0,407.5
0,407.5
0,407.45
0,407.55
0,407.35
0,407.45
0,407.3
0,407.05
0,406.9
0,406.55
0,406.5
0,406.6
0,406.6
0,406.7
0,406.8
0,406.65
0,406.95
0,406.65
0,406.8
0,406.95
0,407
0,406.9
0,407
0,406.95
0,407.2
0,406.95
0,407.15
0,407.25
0,407.15
0,407
0,406.95
0,407
0,406.9
0,406.95
0,407.05
0,407.1
0,407.1
0,407.35
0,407.15
0,407.35
0,407.3
0,407.35
0,407.3
0,407.3
0,407.35
0,407.5
0,407.35
0,407.15
0,407.15
0,406.95
0,407.05
0,407.15
0,407.2
0,407.3
0,407.45
0,407.4
0,407.5
0,407.35
0,407.45
0,407.15
0,407.05
0,407.15
0,407.15
0,407.15
0,407.25
0,407.25
0,407.35
0,407.5
0,407.5
0,407.45
0,407.4
0,407.2
0,406.85
0,406.75
0,406.75
0,406.6
0,406.85
0,406.65
0,406.7
0,406.6
0,406.55
0,406.5
0,406.55
0,406.55
0,406.55
0,406.45
0,406.95
0,406.8
0,406.7
0,406.75
0,406.75
0,406.6
0,406.4
0,406.35
0,406.2
0,406
0,406
0,405.95
0,406.2
0,405.95
0,405.75
0,405.8
0,406.05
0,405.85
0,405.85
0,405.8
0,405.25
0,405.15
0,405.1
0,405.05
0,404.75
0,404.45
0,404.4
0,404.6
0,404.4
0,404.45
0,404.45
0,404.35
0,404.2
0,404.25
0,404.25
0,404.2
0,404.35
0,404.35
0,404.1
0,404.15
0,404.25
0,404.15
0,404.05
0,403.95
0,403.55
0,403.6
0,403.75
0,403.75
0,403.75
0,403.85
0,403.95
0,403.95
0,403.85
0,403.6
0,403.9
0,404.25
0,404.25
0,404.1
0,403.85
0,403.75
0,403.65
0,403.65
0,403.7
0,403.75
0,403.8
0,403.8
0,403.85
0,403.85
0,403.95
0,404
0,404.05
0,403.9
0,404
0,404.15
0,404.7
0,405.05
0,405.05
0,405.1
0,404.9
0,405.15
0,405.45
0,406
0,406.25
0,406.5
0,406.4
0,406.25
0,405.55
0,405.45
0,405.55
0,405.4
0,405.45
0,405.45
0,405.75
0,405.9
0,405.8
0,405.8
0,405.85
0,405.65
0,405.35
0,405.15
0,405.85
0,405.8
0,405.65
0,405.65
0,405.65
0,405.85
0,405.85
0,405.9
0,406.2
0,405.6
0,405.35
0,405.3
0,405.2
0,405.25
0,405.35
0,405.25
0,405.3
0,405.25
0,405.3
0,405.55
0,405.2
0,405.2
0,405.1
0,405.15
0,405.3
0,405.2
0,405.45
0,405.4
0,405.3
0,405.35
0,405.25
0,405.2
0,405.35
0,405.45
0,405.55
0,405.25
0,405.35
0,405.45
0,405.25
0,405.35
0,405.4
0,405.25
0,405
0,404.3
0,404.15
0,404.15
0,404.15
0,404.25
0,404.35
0,404.45
0,404.55
0,404.55
0,404.6
0,404.6
0,404.55
0,404.55
0,404.8
0,405.05
0,405.25
0,405.65
0,405.5
0,405.2
0,404.9
0,404.75
0,404.75
0,405.05
0,405.25
0,405.25
0,405.35
0,405.3
0,405.3
0,405.25
0,405.35
0,405.3
0,405.3
0,405.2
0,405.45
0,405.55
0,405.85
0,405.95
0,405.85
0,405.75
0,405.65
0,405.55
0,405.65
0,405.65
0,405.8
0,405.85
0,406.1
0,406.15
0,406.1
0,406.15
0,406.2
0,406.5
0,406.6
0,406.25
0,406.35
0,406.55
0,406.55
0,406.6
0,406.55
0,406.55
0,406.95
0,407.1
0,407.1
0,407.2
0,407.45
0,407.15
0,407.25
0,407.35
0,407.25
0,407.05
0,407.05
0,407.05
0,407
0,407.15
0,407.05
0,407.05
0,407.05
0,406.7
0,407
0,407.05
0,406.95
0,406.75
0,406.95
0,406.95
0,406.9
0,406.95
0,406.95
0,406.9
0,406.85
0,406.9
0,407.05
0,406.95
0,406.85
0,406.8
0,406.85
0,406.85
0,406.95
0,406.95
0,406.75
0,406.8
0,407
0,407.05
0,406.8
0,406.6
0,406.55
0,406.7
0,406.9
0,406.95
0,407.3
0,411.85
0,411.35
0,410.45
0,410.5
0,410.55
0,411.8
0,411.9
0,411.05
0,411.05
0,411.2
0,411.25
0,411.4
0,411.6
0,411.45
0,412.1
0,411.9
0,412.25
0,411.65
0,411.6
0,411.6
0,411.35
0,411.55
0,412.15
0,411.95
0,411.9
0,412
0,412.1
0,412.45
0,412
0,412.45
0,412.6
0,412.5
0,412.65
0,412.5
0,412.6
0,412.4
0,412.35
0,412.2
0,411.95
0,411.9
0,411.9
0,411.85
0,411.85
0,411.8
0,411.55
0,411.3
0,411.45
0,411.55
0,411.3
0,411.25
0,411.25
0,411.55
0,411.5
0,411.45
0,411.7
0,411.65
0,411.8
0,411.8
0,412.1
0,411.85
0,411.8
0,411.85
0,411.95
0,411.85
0,411.8
0,411.7
0,411.8
0,411.8
0,411.75
0,411.8
0,411.95
0,411.95
0,411.85
0,411.85
0,411.8
0,412.05
0,412.2
0,412.2
0,412.05
0,411.85
0,411.85
0,412.45
0,412.9
0,413
0,413.1
0,412.65
0,412.3
0,412.25
0,412.15
0,411.7
0,411.75
0,412.25
0,412.3
0,412.35
0,412.15
0,412.25
0,412.4
0,412.45
0,412.5
0,412.65
0,412.1
0,411.95
0,411.75
0,411.6
0,411.5
0,411.45
0,411.6
0,411.85
0,412
0,412
0,412.15
0,412
0,411.95
0,412.05
0,412.35
0,412.35
0,412.5
0,412.65
0,412.85
0,412.8
0,412.95
0,412.95
0,413.05
0,412.8
0,413.15
0,412.85
0,411.4
0,411.25
0,411.25
0,411.05
0,411.8
0,411.9
0,411.65
0,411.5
0,411.45
0,411.85
0,411.6
0,411.65
0,410.75
0,410.6
0,410.85
0,411
0,410.5
0,410.75
0,411.1
0,411.9
0,411.45
0,411.6
0,411.5
0,411.6
0,411.75
0,411.6
0,411.75
0,411.45
0,411.45
0,411.5
0,411.45
0,411.4
0,411.65
0,411.35
0,411.7
0,411.55
0,411.7
0,411.6
0,411.75
0,412
0,412
0,412.15
0,412.25
0,411.95
0,411.85
0,411.65
0,411.65
0,411.8
0,412.05
0,412.25
0,412.45
0,412.55
0,412.5
0,412.9
0,412.55
0,412.65
0,412.3
0,412.25
0,412.3
0,412.2
0,412.5
0,412.2
0,412.05
0,411.9
0,411.95
0,412
0,411.95
0,411.9
0,411.95
0,411.85
0,411.6
0,411.65
0,411.7
0,411.8
0,411.45
0,411.65
0,411.75
0,411.85
0,412.2
0,411.95
0,412.15
0,412.15
0,411.95
0,412.2
0,412.25
0,412.5
0,413.05
0,412.8
0,412.65
0,412.7
0,412.9
0,413.1
0,413.05
0,412.8
0,412.8
0,412.95
0,413.1
0,413.3
0,413.45
0,413.4
0,413.9
0,413.55
0,413.8
0,413.6
0,413.95
0,414.15
0,414.35
0,414.35
0,414.25
0,414.05
0,414.2
0,413.85
0,413.7
0,414.05
0,414.25
0,414.15
0,414.05
0,414.25
0,414.25
0,414.3
0,414.25
0,414.25
0,413.95
0,413.85
0,413.8
0,413.85
0,413.8
0,413.65
0,413.8
0,413.85
0,413.9
0,414.05
0,414
0,414.05
0,413.95
0,414.05
0,414.1
0,414.25
0,414.4
0,414.4
0,414.55
0,414.65
0,414.7
0,414.8
0,414.85
0,414.8
0,414.7
0,415.05
0,414.85
0,414.95
0,415.3
0,415.25
0,415.25
0,415.25
0,415.65
0,415.5
0,415.55
0,415.6
0,415.45
0,415.45
0,415.95
0,415.85
0,415.75
0,415.7
0,415.5
0,415.2
0,415.15
0,415
0,414.9
0,414.6
0,414.45
0,414.25
0,414.15
0,414.4
0,414.25
0,413.8
0,413.75
0,413.65
0,413.3
0,413.8
0,413.7
0,413.75
0,413.75
0,413.8
0,413.75
0,413.8
0,412.85
0,412.75
0,413
0,413.2
0,413.35
0,413.35
0,413.9
0,414.15
0,414.3
0,414.2
0,414.25
0,414.15
0,414.15
0,414.25
0,414.05
0,414.4
0,414.35
0,414.6
0,414.55
0,414.55
0,414.65
0,414.45
0,414.45
0,414.5
0,414.4
0,414.45
0,414.6
0,414.55
0,414.65
0,414.9
0,414.9
0,414.9
0,415
0,415.3
0,415.5
0,415.55
0,415.95
0,415.85
0,415.85
0,415.95
0,416
0,415.85
0,415.7
0,415.9
0,416.1
0,415.9
0,415.95
0,416
0,416.05
0,415.95
0,416.25
0,416.35
0,416.35
0,416.3
0,416.25
0,416.1
0,416.1
0,415.85
0,416.05
0,415.65
0,416.15
0,416.1
0,416.5
0,416.45
0,416.3
0,415.85
0,416.15
0,415.95
0,415.85
0,415.85
0,416
0,416.05
0,416
0,415.6
0,415.25
0,415.45
0,415.35
0,415.6
0,415.65
0,415.65
0,415.55
0,415.75
0,415.85
0,416.1
0,415.75
0,416.15
0,416.2
0,416.1
0,416.05
0,415.85
0,415.85
0,415.85
0,416.35
0,416.45
0,416.5
0,416.2
0,416.1
0,415.85
0,415.75
0,415.65
0,415.75
0,415.5
0,414.95
0,415.1
0,415.1
0,415.2
0,415.35
0,415.25
0,415.2
0,415.2
0,415.35
0,415.25
0,415.35
0,415.35
0,415.8
0,415.8
0,415.9
0,415.95
0,415.9
0,416
0,416
0,416.2
0,415.95
0,416.05
0,416.15
0,416.4
0,416.4
0,416.5
0,416.55
0,416.75
0,416.7
0,416.85
0,416.75
0,416.65
0,416.55
0,416.6
0,416.65
0,416.8
0,417.15
0,417.4
0,417.55
0,417.45
0,417.55
0,417.45
0,417.6
0,418
0,418
0,417.95
0,417.95
0,417.9
0,418.1
0,418.15
0,418.15
0,418.45
0,418.05
0,418.2
0,418.15
0,418.2
0,418.2
0,418.15
0,418.15
0,417.85
0,417.4
0,417.5
0,417.55
0,417.5
0,417.1
0,417.15
0,417.65
0,417.35
0,417.4
0,417.35
0,417.2
0,417.05
0,416.95
0,417.25
0,417.15
0,416.95
0,417.25
0,417.2
0,417.75
0,417.65
0,417.85
0,417.75
0,417.2
0,417.1
0,417.75
0,416.45
0,415.7
0,416
0,416.2
0,416.1
0,416
0,415.75
0,414.75
0,415
0,415.3
0,415.7
0,416.3
0,416.75
0,417.05
0,417.55
0,417.4
0,417.5
0,417.9
0,418.45
0,418.05
0,418.2
0,418
0,418.2
0,418.75
0,418.5
0,418.4
0,418.5
0,418.05
0,417.85
0,417.75
0,417.65
0,417.6
0,417.45
0,417.6
0,417.7
0,417.7
0,417.8
0,417.4
0,417.55
0,417.15
0,417.5
0,417.45
0,417.45
0,417.9
0,418
0,417.8
0,418
0,417.45
0,417.35
0,417.45
0,417.55
0,417.45
0,417.45
0,417.45
0,417.4
0,417.6
0,417.65
0,417.75
0,417.95
0,418
0,418.25
0,418.45
0,418.65
0,418.45
0,418.45
0,418.1
0,418.1
0,418
0,417.45
0,416.7
0,416.35
0,416.15
0,415.95
0,416.1
0,416.1
0,416.2
0,416.55
0,416.65
0,416.8
0,417
0,417.1
0,417.25
0,417.25
0,417.25
0,417.25
0,417.3
0,417.3
0,417.35
0,417.3
0,417.35
0,417.4
0,417.3
0,417.3
0,417.7
0,417.75
0,418
0,417.8
0,417.85
0,417.65
0,417.7
0,417.7
0,417.75
0,417.75
0,418.05
0,418
0,417.95
0,418.1
0,418.1
0,418.15
0,418.45
0,418.5
0,418.45
0,418.3
0,418.35
0,418.45
0,418.65
0,418.75
0,418.85
0,419.05
0,418.9
0,418.85
0,418.95
0,418.9
0,419
0,419
0,418.95
0,419.05
0,419
0,419.25
0,419.35
0,419.45
0,419.35
0,419.45
0,419.65
0,419.65
0,419.65
0,419.8
0,419.85
0,419.45
0,419.3
0,418.9
0,418.95
0,419
0,418.85
0,419.05
0,419.15
0,419
0,419.15
0,419.15
0,419.25
0,419.25
0,419.15
0,419.4
0,419.3
0,419.45
0,419.45
0,419.4
0,419.55
0,419.45
0,419.35
0,419.3
0,419.45
0,419.4
0,419.45
0,419.55
0,419.55
0,419.6
0,419.55
0,419.25
0,419.4
0,419.4
0,419.45
0,419.4
0,419.55
0,419.35
0,419.5
0,419.45
0,419.55
0,419.6
0,419.55
0,419.65
0,419.55
0,419.45
0,419.2
0,418.85
0,418.75
0,418.6
0,418.35
0,418.15
0,418.15
0,418.3
0,418.3
0,418.45
0,418.35
0,418.6
0,418.75
0,418.75
0,418.95
0,419.15
0,419.2
0,419.25
0,419.25
0,418.55
0,418.3
0,418.5
0,418.35
0,418.3
0,418.65
0,418.55
0,418.65
0,418.5
0,418.35
0,418.4
0,418.35
0,418.35
0,418.35
0,418.2
0,418.1
0,418.1
0,418.25
0,418.3
0,418.15
0,418.05
0,418.05
0,418.1
0,418.15
0,418.25
0,418.2
0,418.35
0,418.35
0,418.5
0,418.65
0,418.75
0,418.65
0,418.55
0,418.5
0,418.35
0,418.45
0,418.45
0,418.35
0,418.35
0,418.45
0,418.45
0,418.65
0,418.45
0,418.4
0,418.45
0,418.2
0,418.15
0,418.15
0,418.15
0,418.15
0,418.25
0,418.2
0,418.3
0,418.35
0,418.25
0,418.35
0,418.45
0,418.25
0,418.2
0,418.15
0,418.15
0,418.35
0,418.45
0,418.45
0,418.2
0,418
0,417.95
0,418.05
0,418.05
0,418.05
0,418.15
0,418
0,418.05
0,418.05
0,418.05
0,418
0,418
0,417.95
0,417.9
0,417.9
0,417.8
0,417.9
0,418
0,418.05
0,417.95
0,417.95
0,417.9
0,417.85
0,417.85
0,418.05
0,417.8
0,417.85
0,418
0,417.95
0,418.15
0,418.1
0,418.05
0,418.2
0,418.3
0,418.35
0,418.1
0,418.05
0,417.9
0,417.95
0,418.05
0,418
0,418
0,417.85
0,417.75
0,417.65
0,417.75
0,417.7
0,417.65
0,417.65
0,417.75
0,417.5
0,417.4
0,417.3
0,417.2
0,417.05
0,417.1
0,417.35
0,417.4
0,417.55
0,417.6
0,417.3
0,417.2
0,417.2
0,417.3
0,417.35
0,417.35
0,417.4
0,417.45
0,417.55
0,417.25
0,417.55
0,417.4
0,417.5
0,417.5
0,417.45
0,417.4
0,417.7
0,417.85
0,418.05
0,418.2
0,418.15
0,418.35
0,418
0,417.8
0,417.75
0,417.75
0,417.65
0,417.7
0,417.75
0,417.85
0,417.85
0,417.85
0,418.05
0,417.95
0,418.1
0,418.35
0,418.25
0,418.4
0,418.45
0,418.45
0,418.5
0,418.55
0,418.6
0,418.5
0,418.35
0,418.45
0,418.55
0,418.45
0,418.4
0,418.5
0,418.8
0,418.85
0,418.75
0,418.75
0,418.75
0,418.65
0,418.65
0,418.35
0,418.35
0,418.5
0,418.65
0,418.65
0,418.5
0,418.55
0,418.7
0,418.8
0,418.9
0,418.85
0,418.95
0,419
0,418.95
0,418.9
0,418.95
0,419.05
0,419
0,419.1
0,419.25
0,419.35
0,419
0,418.3
0,418.45
0,418.55
0,418.85
0,418.85
0,418.8
0,418.7
0,418.75
0,418.8
0,418.95
0,418.95
0,419
0,419.3
0,419.3
0,418.75
0,418.85
0,419.05
0,418.85
0,418.85
0,418.95
0,418.75
0,418.85
0,418.65
0,418.7
0,418.2
0,418.55
0,418.75
0,418.75
0,418.9
0,418.9
0,418.6
0,391.35
0,416.9
0,416.7
0,416.75
0,415.7
0,415.7
0,416.5
0,416.45
0,416.7
0,416.95
0,416.2
0,416.5
0,416.6
0,416.3
0,416.6
0,416.25
0,416.45
0,416.4
0,416.2
0,416.5
0,416.9
0,416.55
0,416.65
0,416.5
0,416.5
0,417.2
0,417
0,417.35
0,417.6
0,417.85
0,417.7
0,417.8
0,417.35
0,417.7
0,417.65
0,417.7
0,417.25
0,417.4
0,417.3
0,417.65
0,417.65
0,417.6
0,417.6
0,417.45
0,417.4
0,417.1
0,417.2
0,417.1
0,417.05
0,417.2
0,417.4
0,417.4
0,417.2
0,417.05
0,416.7
0,416.75
0,416.2
0,415.95
0,415.65
0,415.05
0,415.5
0,415.3
0,415.35
0,415.55
0,415.9
0,415.75
0,415.75
0,415.5
0,415.8
0,416.05
0,416.05
0,416.35
0,416.45
0,416.35
0,416.75
0,417.15
0,417.25
0,416.85
0,417.1
0,417.3
0,417.45
0,417.15
0,417.1
0,417.15
0,417.15
0,417.25
0,417.45
0,417.5
0,417.5
0,417.55
0,417.6
0,417.5
0,417.5
0,417.75
0,417.9
0,417.95
0,418.2
0,418.25
0,418.25
0,418.25
0,417.9
0,417.85
0,417.85
0,417.85
0,418.4
0,418.25
0,418.25
0,418.4
0,418.5
0,418.55
0,418.45
0,418.45
0,418
0,417.9
0,417.9
0,417.8
0,418
0,418.05
0,418.05
0,417.7
0,417.9
0,418.05
0,417.75
0,417.75
0,417.8
0,417.95
0,418.05
0,417.65
0,417.85
0,417.75
0,417.65
0,417.45
0,417.45
0,417.7
0,418.15
0,418.4
0,418.15
0,418.1
0,417.9
0,417.5
0,417.9
0,417.95
0,417.95
0,417.7
0,417.65
0,417.5
0,417.4
0,417.1
0,417.1
0,417.15
0,417.2
0,417.1
0,417.05
0,417.35
0,417.75
0,417.65
0,417.55
0,417.55
0,417.75
0,417.7
0,417.85
0,417.85
0,418
0,418
0,417.95
0,418.1
0,417.85
0,417.85
0,418.05
0,418.05
0,418.15
0,418.15
0,418.2
0,418.25
0,418.05
0,417.8
0,417.95
0,418.15
0,418
0,417.75
0,417.65
0,417.85
0,417.85
0,417.85
0,417.95
0,417.95
0,418
0,417.9
0,417.8
0,417.4
0,417.4
0,417.45
0,417.45
0,417.45
0,417.25
0,417.2
0,416.95
0,416.85
0,416.95
0,416.9
0,417.25
0,417.2
0,416.95
0,416.85
0,416.85
0,416.95
0,416.9
0,417.1
0,417.1
0,417.1
0,417.2
0,417.25
0,417.15
0,417.25
0,417.3
0,417.15
0,417.15
0,417.3
0,417.35
0,417.45
0,417.35
0,417.15
0,417.1
0,417.2
0,417.25
0,417.3
0,417.25
0,417.25
0,417.4
0,417.45
0,417.5
0,417.75
0,417.65
0,418.05
0,418.2
0,418.2
0,418.05
0,417.75
0,418.05
0,417.95
0,417.85
0,417.95
0,418.05
0,418.05
0,417.9
0,418.05
0,418.25
0,418.45
0,418.15
0,418.15
0,418.2
0,418
0,418.15
0,418.1
0,418.25
0,418.4
0,418.35
0,418.2
0,418.4
0,418.45
0,418.55
0,418.8
0,418.6
0,418.75
0,418.7
0,418.95
0,419
0,418.8
0,418.95
0,418.9
0,418.95
0,418.8
0,418.8
0,418.75
0,418.8
0,418.75
0,418.75
0,418.75
0,418.8
0,418.65
0,418.6
0,418.55
0,418.55
0,418.55
0,418.7
0,418.7
0,418.6
0,418.6
0,418.6
0,418.8
0,418.7
0,418.75
0,418.8
0,418.85
0,418.95
0,419.05
0,419.05
0,419.15
0,419.15
0,419.15
0,419.1
0,419.05
0,419.05
0,419
0,419.05
0,419.1
0,419.05
0,419.2
0,419.05
0,418.95
0,419.1
0,419.25
0,419.15
0,419.25
0,418.9
0,418.95
0,418.85
0,418.7
0,418.75
0,418.7
0,418.75
0,418.65
0,418.45
0,418.45
0,418.3
0,418.45
0,418.45
0,418.45
0,418.1
0,418
0,417.95
0,417.9
0,418.15
0,418.25
0,417.95
0,417.9
0,417.8
0,417.9
0,417.8
0,417.8
0,417.75
0,417.95
0,417.8
0,417.8
0,417.8
0,418.05
0,418.15
0,418.15
0,418.3
0,418.1
0,417.95
0,418.2
0,418.05
0,417.6
0,417.65
0,417.8
0,418.05
0,418.05
0,417.75
0,417.5
0,417.45
0,417.15
0,417.25
0,417.3
0,417.1
0,417.25
0,417.4
0,417.4
0,417.75
0,417.65
0,417.75
0,417.8
0,417.75
0,417.35
0,417.45
0,417.45
0,417.5
0,417.55
0,417.7
0,417.75
0,417.85
0,418.05
0,417.8
0,417.9
0,418.1
0,418.2
0,418.05
0,417.95
0,417.9
0,417.65
0,417.4
0,417.7
0,417.75
0,417.65
0,417.75
0,417.75
0,417.5
0,417.2
0,417.25
0,417.2
0,417.25
0,417.25
0,417.15
0,417.15
0,417.4
0,417.5
0,417.55
0,417.75
0,417.7
0,417.7
0,417.6
0,417.75
0,417.75
0,417.75
0,417.75
0,417.5
0,417.3
0,417.05
0,416.95
0,417.05
0,417
0,416.75
0,416.5
0,416.3
0,416.25
0,416.3
0,416.35
0,416.05
0,416.15
0,416.35
0,416.3
0,416.25
0,416.35
0,416.35
0,416.25
0,416.25
0,416.15
0,416
0,416.05
0,416.05
0,416.05
0,416.25
0,416.35
0,416.15
0,416.25
0,416.45
0,416.45
0,416.45
0,416.4
0,416.1
0,416.25
0,416.2
0,416.25
0,416.3
0,416.3
0,416.05
0,416.1
0,416
0,415.85
0,416.2
0,416.35
0,416.35
0,416.5
0,416.3
0,416.25
0,416.45
0,416.45
0,416.3
0,416.15
0,416.1
0,416.15
0,416
0,416.1
0,416.05
0,415.9
0,416.15
0,416.25
0,416.25
0,416.2
0,416.05
0,416.2
0,416.5
0,416.5
0,416.45
0,416.55
0,416.55
0,416.8
0,416.65
0,416.35
0,416.35
0,416.4
0,416.5
0,416.45
0,416.45
0,416.5
0,416.5
0,416.4
0,416.35
0,415.95
0,414.3
0,414.7
0,414.45
0,414.45
0,413.9
0,413.6
0,413.8
0,413.8
0,413.2
0,413.5
0,413.3
0,413.2
0,413.85
0,413.85
0,413.4
0,413.3
0,413.2
0,413.4
0,413.6
0,413.6
0,413.75
0,414
0,414.6
0,414.7
0,414.75
0,414.35
0,414
0,413.95
0,413.9
0,413.7
0,413.45
0,413.15
0,413.4
0,413.3
0,413.25
0,413.2
0,413.4
0,414.5
0,414.2
0,414.55
0,414.15
0,413.9
0,414.2
0,414.05
0,414.15
0,414.1
0,413.8
0,413.8
0,413.95
0,413.55
0,413.7
0,413.65
0,413.6
0,413.7
0,413.55
0,413.55
0,413.45
0,413.85
0,413.65
0,413.6
0,413.35
0,413.55
0,413.55
0,413.5
0,413.75
0,414.05
0,414.15
0,414.7
0,414.6
0,414.45
0,414.6
0,415.15
0,415.25
0,415.45
0,415.15
0,415.45
0,415.4
0,415.3
0,415.15
0,415.25
0,415.25
0,415.1
0,414.75
0,414.85
0,415.1
0,415.4
0,415.65
0,415.55
0,415.2
0,414.95
0,415.1
0,414.95
0,415
0,415
0,414.65
0,414.55
0,414.6
0,414.45
0,414.75
0,414.55
0,414.5
0,414.35
0,414.55
0,414.45
0,414.35
0,414.35
0,414.35
0,414.3
0,414.65
0,414.75
0,414.7
0,414.7
0,414.75
0,414.8
0,414.8
0,414.85
0,414.9
0,415.05
0,414.85
0,414.8
0,415.3
0,415.3
0,415.45
0,415.6
0,415.75
0,415.7
0,415.4
0,415.65
0,415.7
0,415.65
0,415.6
0,415.7
0,415.55
0,415.5
0,415.85
0,415.75
0,416.05
0,416.15
0,416.2
0,416.2
0,416.1
0,416.1
0,416.1
0,416.05
0,415.9
0,415.7
0,415.55
0,415.75
0,415.95
0,416.3
0,416.3
0,416.25
0,416.25
0,416
0,415.9
0,416.25
0,416.35
0,416.35
0,416.1
0,416.2
0,416.3
0,416.15
0,416.1
0,416.2
0,416.45
0,416.7
0,416.9
0,417.05
0,416.85
0,416.6
0,416.95
0,417.05
0,417
0,417.2
0,417.45
0,417.35
0,417.35
0,417.55
0,417.55
0,417.7
0,417.75
0,417.9
0,417.9
0,418
0,418.15
0,418.2
0,418.05
0,418.4
0,418.55
0,417.95
0,417.95
0,417.9
0,417.95
0,417.75
0,417.65
0,417.15
0,417.25
0,417.15
0,417.25
0,417
0,416.95
0,417
0,416.75
0,416.75
0,416.85
0,417
0,416.85
0,416.75
0,416.65
0,416.45
0,416.8
0,416.85
0,417.15
0,417.3
0,417.45
0,417.35
0,417.2
0,417.05
0,417.25
0,417.35
0,417.4
0,417.4
0,417.55
0,417.15
0,417.15
0,416.95
0,416.85
0,416.85
0,417.1
0,417
0,416.95
0,416.95
0,417.3
0,417.15
0,417.15
0,417.15
0,416.85
0,416.8
0,417.2
0,417.05
0,416.95
0,416.9
0,416.95
0,416.85
0,416.9
0,417
0,416.85
0,416.5
0,416.4
0,416.3
0,416.4
0,416.15
0,416.05
0,416.2
0,416
0,416.2
0,416.15
0,416.05
0,415.95
0,416.2
0,416.2
0,416.25
0,416.35
0,416.35
0,416.35
0,416.3
0,416.3
0,416.3
0,416.35
0,416.55
0,416.5
0,416.2
0,416.2
0,416.15
0,416.15
0,416.15
0,416.25
0,416.35
0,416.45
0,416.45
0,416.6
0,416.5
0,416.35
0,416.15
0,416
0,416.15
0,416.2
0,416.25
0,416.3
0,416.05
0,416.15
0,416.05
0,416.1
0,416.2
0,416.15
0,416.35
0,416.7
0,416.75
0,416.85
0,416.65
0,416.55
0,416.4
0,416.5
0,416.6
0,416.35
0,416.3
0,416.35
0,416.2
0,416.35
0,416.15
0,416.15
0,416.2
0,416.15
0,416.2
0,416.15
0,416.25
0,416.15
0,416.15
0,416.3
0,416.2
0,416.15
0,416.1
0,416.15
0,416.1
0,416.2
0,416.05
0,415.95
0,415.75
0,415.6
0,415.6
0,415.4
0,415.3
0,415.35
0,415.3
0,415.35
0,415.45
0,415.55
0,415.55
0,415.65
0,415.5
0,415.65
0,415.55
0,415.4
0,415.45
0,415.45
0,415.4
0,415.5
0,415.75
0,415.85
0,415.85
0,415.85
0,415.85
0,416
0,415.9
0,415.85
0,415.85
0,415.75
0,415.8
0,415.85
0,415.75
0,415.55
0,415.6
0,415.5
0,415.25
0,415
0,415.25
0,415.1
0,415.2
0,415.3
0,415.35
0,415.35
0,415.3
0,415.35
0,415.35
0,415.25
0,415.25
0,415.5
0,415.75
0,415.3
0,415.2
0,415.25
0,415.25
0,414.75
0,414.75
0,414.55
0,414.5
0,414.1
0,414.35
0,414.35
0,414.6
0,414.6
0,414.5
0,414.35
0,414.55
0,414.1
0,414.35
0,414.35
0,414.3
0,414.4
0,414.3
0,414.25
0,414.15
0,414.05
0,414.15
0,413.6
0,413.55
0,414.2
0,413.95
0,413.9
0,414.25
0,414.45
0,414.55
0,414.55
0,414.05
0,413.8
0,413.75
0,414.05
0,414.35
0,414.1
0,414.15
0,413.9
0,414.15
0,414.15
0,413.95
0,413.9
0,413.85
0,414
0,413.7
0,413.7
0,413.55
0,413.5
0,413.55
0,413.45
0,413.35
0,413.2
0,413.15
0,412.95
0,412.8
0,412.9
0,412.95
0,413.1
0,412.9
0,412.75
0,412.75
0,412.65
0,412.6
0,412.25
0,412.25
0,412.15
0,412.05
0,412.15
0,411.8
0,411.65
0,411.45
0,411.15
0,411.3
0,411.45
0,411.65
0,411.65
0,411.75
0,411.85
0,411.85
0,411.55
0,411.65
0,411.55
0,411.75
0,412.25
0,412.35
0,412.3
0,412.25
0,412.25
0,412.35
0,412.25
0,412.45
0,412.3
0,412.6
0,412.6
0,412.75
0,412.55
0,412.25
0,412.25
0,412.45
0,412.45
0,412.4
0,412.4
0,412.25
0,412.35
0,412.4
0,412.35
0,412.65
0,412.65
0,412.1
0,412.15
0,411.9
0,412
0,412.6
0,412.45
0,412.25
0,411.85
0,412.55
0,412.3
0,411.8
0,412.2
0,412.25
0,411.9
0,411.7
0,411.75
0,411.9
0,412
0,411.9
0,412.1
0,412.25
0,412.6
0,412.35
0,411.9
0,412.3
0,412.6
0,412.5
0,412.45
0,412.05
0,411.8
0,411.4
0,410.95
0,411.35
0,411.15
0,411.2
0,411.35
0,411.55
0,411.2
0,410.85
0,411.25
0,411.15
0,411.35
0,411.45
0,411.05
0,411.35
0,411.4
0,411.5
0,412.05
0,411.8
0,411.85
0,412
0,411.8
0,411.7
0,411.75
0,411.7
0,411.75
0,412.3
0,412.65
0,412.6
0,412.1
0,412.2
0,412.05
0,412.15
0,412.3
0,412.5
0,412.35
0,412.6
0,412.45
0,412.15
0,412.35
0,412.55
0,412.6
0,412.65
0,413.1
0,413.2
0,413.45
0,413.8
0,413.8
0,413.65
0,413.8
0,413.95
0,413.9
0,413.75
0,413.65
0,413.4
0,413.45
0,413.3
0,413.3
0,413.1
0,412.75
0,412.55
0,412.3
0,412.25
0,412.25
0,412.4
0,412.6
0,412.5
0,412.4
0,412.6
0,412.6
0,412.65
0,412.8
0,412.6
0,412.7
0,412.65
0,412.75
0,412.7
0,412.6
0,412.8
0,412.95
0,412.95
0,413.25
0,413.35
0,413.25
0,413.3
0,413.3
0,413.5
0,413.45
0,413.45
0,413.6
0,413.25
0,413.2
0,413.45
0,413.45
0,413.4
0,413.5
0,413.6
0,413.55
0,413.35
0,413
0,413
0,412.75
0,412.8
0,412.95
0,412.95
0,412.95
0,412.8
0,412.65
0,412.95
0,413.05
0,413.1
0,413.5
0,413.45
0,412.9
0,412.95
0,412.85
0,412.9
0,412.7
0,412.7
0,412.75
0,412.65
0,412.9
0,412.75
0,412.75
0,412.7
0,412.85
0,412.75
0,413
0,413.05
0,413.05
0,413.05
0,413.05
0,413.05
0,413.15
0,413.1
0,413.05
0,413.05
0,413.3
0,413.35
0,413.25
0,413.3
0,413.6
0,413.8
0,413.8
0,413.55
0,413.75
0,413.65
0,413.65
0,413.55
0,413.55
0,414.2
0,414.2
0,414.25
0,414.5
0,414.4
0,414.45
0,414.35
0,414.2
0,414
0,414.25
0,414.15
0,414.3
0,414.2
0,414.1
0,414.05
0,414.1
0,414.05
0,413.95
0,413.45
0,413.4
0,413.55
0,413.45
0,413.7
0,413.95
0,413.9
0,413.85
0,413.85
0,413.65
0,413.65
0,413.7
0,413.9
0,413.9
0,413.8
0,414
0,414.1
0,414.15
0,413.85
0,413.85
0,413.95
0,414.3
0,414.15
0,414.05
0,414.05
0,414.8
0,414
0,415.1
0,414.65
0,414.65
0,414.6
0,414.8
0,414.65
0,414.6
0,414.75
0,414.55
0,414.5
0,414.75
0,414.95
0,415.3
0,415.45
0,415.45
0,415.6
0,415.6
0,415.9
0,415.95
0,415.7
0,415.7
0,416
0,416.2
0,415.55
0,415.4
0,415.55
0,415.65
0,415.7
0,415.55
0,415.6
0,415.35
0,415.05
0,414.6
0,414.55
0,414.35
0,414.3
0,414.3
0,413.9
0,414.1
0,414
0,414.15
0,414.25
0,414.25
0,414.45
0,414.5
0,414.55
0,414.7
0,414.85
0,414.9
0,414.75
0,414.65
0,414.8
0,414.85
0,414.6
0,414.75
0,414.85
0,414.95
0,414.9
0,414.95
0,415.1
0,415.15
0,415.15
0,414.85
0,415.15
0,415.15
0,415.2
0,415.05
0,415.05
0,414.8
0,414.85
0,414.75
0,414.75
0,414.7
0,414.9
0,415.25
0,415.6
0,415.5
0,415
0,415.1
0,415.1
0,414.35
0,414.5
0,414.55
0,414.65
0,414.5
0,414.55
0,415.15
0,415.4
0,415.4
0,415.05
0,415
0,414.45
0,414.2
0,414.05
0,413.9
0,413.95
0,413.2
0,412.9
0,412.75
0,412.6
0,412.85
0,412.75
0,412.6
0,412.65
0,412.75
0,412.35
0,412.55
0,412.45
0,412.55
0,412.8
0,413.05
0,413.1
0,413.1
0,412.9
0,412.95
0,412.9
0,413
0,413.15
0,413.05
0,413
0,412.9
0,412.95
0,413.3
0,413.5
0,413.55
0,413.5
0,413.25
0,413.15
0,413.2
0,413
0,413
0,413.05
0,412.7
0,412.65
0,412.55
0,412.35
0,412.2
0,412.1
0,412.55
0,412.2
0,411.75
0,412.05
0,412
0,412.35
0,411.8
0,411.4
0,411.1
0,411.15
0,411
0,411.45
0,411.35
0,411.25
0,411.05
0,411.55
0,411.3
0,411.25
0,410.85
0,410.65
0,411
0,410.95
0,410.95
0,410.7
0,411.05
0,410.85
0,410.95
0,410.85
0,410.7
0,410.5
0,410.25
0,410.9
0,410.7
0,410.65
0,410.65
0,410.95
0,410.95
0,411.05
0,410.9
0,410.95
0,410.85
0,411.05
0,411.2
0,411
0,411.35
0,411.9
0,412.2
0,411.85
0,411.8
0,411.65
0,411.45
0,411.5
0,411.55
0,411.65
0,411.75
0,411.8
0,411.85
0,411.75
0,412.05
0,411.95
0,412.15
0,412.25
0,412.3
0,412.2
0,412.3
0,412.15
0,412.15
0,412.2
0,412.25
0,412.15
0,412.05
0,411.85
0,412.2
0,412.15
0,412.35
0,412.55
0,412.45
0,412.05
0,411.85
0,411.65
0,411.8
0,411.5
0,411.25
0,411.4
0,411.45
0,411.35
0,411.35
0,411.75
0,411.9
0,412.05
0,411.85
0,412.2
0,412.2
0,412.35
0,412.6
0,412.25
0,412.2
0,411.95
0,412.05
0,412.05
0,412.1
0,412.05
0,411.75
0,411.6
0,411.6
0,411.85
0,412.15
0,412.4
0,412.35
0,411.95
0,411.9
0,412.1
0,412.1
0,412.3
0,412.25
0,412.6
0,412.5
0,413.15
0,413
0,412.65
0,412.9
0,413.85
0,414.2
0,413.75
0,414.35
0,413.65
0,413.7
0,413.5
0,413.75
0,413.6
0,413.1
0,413.55
0,413
0,413.35
0,413.2
0,412.75
0,412.65
0,412.6
0,412.75
0,412.65
0,412.6
0,412.4
0,412.3
0,412.5
0,412.3
0,412.25
0,412.1
0,412.05
0,412.15
0,411.9
0,412
0,412.1
0,411.7
0,412.2
0,412.05
0,412.25
0,412.1
0,412
0,411.8
0,411.1
0,411.4
0,411.8
0,411.35
0,411.55
0,411.2
0,411.6
0,411.65
0,411.75
0,411.75
0,411.7
0,411.85
0,411.45
0,411.6
0,411.95
0,411.8
0,412.05
0,412.45
0,412.6
0,412.8
0,412.8
0,412.75
0,412.65
0,412.5
0,412.45
0,412.2
0,412
0,412.4
0,412.55
0,412.15
0,412.3
0,412.55
0,412.5
0,412.15
0,412
0,411.8
0,411.75
0,411.7
0,411.7
0,411.8
0,411.45
0,411.15
0,410.65
0,410.6
0,410.6
0,410.5
0,410.35
0,410.3
0,410.25
0,409.45
0,409.5
0,409.8
0,409.65
0,409.3
0,409.6
0,409.55
0,409.55
0,409.3
0,409.45
0,409.4
0,409.5
0,409.15
0,409.15
0,409.15
0,409.1
0,409.05
0,409.05
0,409
0,409.3
0,409.25
0,408.85
0,408.7
0,408.7
0,408.5
0,408.7
0,408.7
0,408.6
0,408.7
0,408.55
0,408.4
0,408.5
0,408.75
0,408.7
0,408.85
0,408.6
0,408.7
0,409.1
0,409.3
0,409.7
0,409.75
0,409.75
0,409.9
0,410.05
0,410.15
0,410
0,410
0,410.35
0,410.65
0,410.8
0,410.85
0,411.05
0,411.35
0,411.25
0,411.35
0,411.35
0,410.85
0,410.95
0,410.95
0,410.95
0,411.25
0,411.35
0,411.65
0,411.75
0,412.15
0,412.25
0,411.95
0,412.05
0,411.8
0,411.75
0,411.65
0,411.5
0,411.55
0,411.65
0,411.7
0,411.5
0,411.3
0,411.4
0,411.5
0,411.6
0,411.6
0,412.25
0,412.25
0,412.25
0,412.2
0,412.45
0,412.35
0,412.55
0,412.6
0,412.25
0,412.25
0,412.3
0,412.15
0,411.95
0,411.8
0,411.95
0,412
0,412
0,411.65
0,411.45
0,411.9
0,411.6
0,411.5
0,411.8
0,411.75
0,411.65
0,411.7
0,411.65
0,411.6
0,411.5
0,411.45
0,411.05
0,411.15
0,411.2
0,411.3
0,411.45
0,411.25
0,411
0,411.15
0,411.05
0,410.85
0,410.8
0,410.85
0,411.15
0,411.25
0,411.45
0,411.4
0,411.35
0,411.4
0,411.45
0,411.45
0,411.55
0,411.55
0,411.65
0,411.55
0,411.5
0,411.65
0,411.8
0,411.75
0,411.65
0,411.5
0,411.5
0,411.2
0,411.3
0,411.25
0,411.45
0,411.35
0,410.75
0,410.65
0,410.2
0,409.6
0,409.5
0,409.6
0,409.95
0,410.2
0,409.8
0,410.1
0,409.9
0,409.95
0,410.25
0,410.35
0,410.1
0,410.2
0,410.45
0,410.6
0,410.65
0,410.45
0,410.3
0,410
0,409.85
0,409.5
0,409.45
0,409.5
0,409.4
0,409.5
0,409.6
0,409.5
0,409.85
0,409.8
0,409.6
0,409.55
0,409.75
0,409.85
0,409.9
0,409.9
0,409.5
0,409.55
0,409.65
0,409.85
0,409.75
0,409.75
0,409.95
0,410.35
0,410.3
0,410.3
0,410.4
0,410.6
0,410.5
0,410.3
0,410.35
0,410.2
0,410.2
0,410.35
0,410.4
0,410.2
0,410.15
0,410.1
0,410.05
0,409.85
0,409.95
0,409.85
0,409.9
0,410.05
0,410.1
0,410.1
0,410.4
0,410.3
0,410.6
0,410.3
0,410.3
0,410.7
0,410.75
0,410.7
0,410.95
0,410.6
0,410.2
0,410.5
0,410.65
0,410.7
0,410.6
0,410.7
0,410.85
0,410.9
0,410.8
0,410.55
0,410.8
0,411.15
0,411.1
0,411.45
0,411.25
0,411.15
0,411.25
0,411.35
0,411.1
0,411.25
0,411.2
0,411.7
0,411.75
0,411.75
0,411.65
0,411.85
0,411.85
0,410.85
0,410.9
0,411.55
0,411.4
0,411.35
0,411.25
0,411.1
0,411.25
0,411.55
0,411.5
0,411.45
0,411.6
0,411.45
0,410.95
0,410.95
0,410.85
0,410.85
0,410.8
0,411
0,411
0,410.95
0,410.95
0,411.05
0,410.85
0,410.75
0,410.3
0,410.7
0,410.8
0,410.8
0,410.6
0,410.6
0,410.6
0,410.5
0,410.4
0,410.45
0,410.25
0,410.55
0,410.7
0,411
0,411
0,411.35
0,411.15
0,411.75
0,411.85
0,411.7
0,411.7
0,411.65
0,411.35
0,410.95
0,411.05
0,410.95
0,411.1
0,411.4
0,411.65
0,411.75
0,411.4
0,411.35
0,411.25
0,411.3
0,411.5
0,411.45
0,411.3
0,411.05
0,411.05
0,411.25
0,411.2
0,411.15
0,411.25
0,411.05
0,410.85
0,410.95
0,411.2
0,411.15
0,411.1
0,411.25
0,411.3
0,410.85
0,410.85
0,410.8
0,410.8
0,410.85
0,410.7
0,410.75
0,410.55
0,410.7
0,410.5
0,410.65
0,410.55
0,410.95
0,410.65
0,410.7
0,410.9
0,410.95
0,411.15
0,411.1
0,411.2
0,411.2
0,411.25
0,411.25
0,411.25
0,411.35
0,411.25
0,411.05
0,411
0,410.75
0,410.8
0,411.15
0,411.15
0,411.1
0,411.3
0,411.25
0,411.1
0,411.05
0,411.15
0,410.95
0,410.9
0,411.05
0,410.95
0,411
0,411.05
0,410.95
0,410.8
0,410.8
0,410.9
0,410.9
0,410.85
0,410.75
0,410.95
0,410.75
0,410.6
0,410.45
0,410.35
0,410.3
0,410.3
0,410.15
0,410.05
0,410.35
0,410.25
0,410.45
0,410.45
0,410.45
0,410.45
0,410.45
0,410.05
0,410.1
0,410
0,409.75
0,409.3
0,409.35
0,409.4
0,410.15
0,410
0,409.45
0,409.5
0,409.35
0,409.45
0,409.65
0,410.4
0,410.3
0,409.85
0,410.1
0,409.35
0,409.15
0,408.7
0,408.9
0,409.15
0,408.5
0,408.95
0,409.1
0,409.2
0,409.5
0,409.4
0,409.35
0,409.45
0,409.3
0,409.05
0,409.6
0,409
0,409.1
0,409
0,408.65
0,408.9
0,409.05
0,408.95
0,408.8
0,408.9
0,408.65
0,409.05
0,408.6
0,408.45
0,408.3
0,408.45
0,408.6
0,408.6
0,408.45
0,408.55
0,409.05
0,408.8
0,409
0,409
0,408.95
0,408.95
0,408.95
0,409
0,408.9
0,408.7
0,408.55
0,409.05
0,409.25
0,409.1
0,408.9
0,409
0,409.35
0,409.3
0,409
0,409
0,408.8
0,409
0,408.9
0,408.95
0,408.85
0,408.9
0,408.85
0,408.9
0,408.9
0,408.95
0,409.1
0,409.05
0,409.25
0,409.2
0,409.55
0,409.4
0,409.6
0,409.9
0,409.75
0,409.6
0,409.5
0,409.7
0,409.25
0,409.25
0,409.35
0,409.5
0,409.5
0,409.5
0,409.65
0,409.6
0,409.65
0,409.6
0,409.75
0,410.15
0,410.3
0,410.3
0,410.7
0,410.95
0,410.85
0,410.75
0,410.8
0,411.2
0,411.4
0,411.3
0,411.25
0,411.15
0,411.6
0,411.2
0,411.3
0,411.55
0,411.45
0,411.65
0,411.55
0,411.55
0,411.9
0,411.95
0,411.85
0,411.9
0,411.55
0,411.55
0,411.95
0,412.1
0,411.85
0,411.85
0,411.75
0,411.6
0,411.35
0,411.2
0,411.2
0,411.3
0,411.5
0,411.55
0,411.25
0,411
0,411
0,410.9
0,410.85
0,410.95
0,410.65
0,410.7
0,410.45
0,410.5
0,410.45
0,410.5
0,410.5
0,410.5
0,410.45
0,410.35
0,410.25
0,410.25
0,410.2
0,410.05
0,410.15
0,410.15
0,410
0,410.1
0,410.25
0,410.25
0,410.1
0,410.05
0,409.95
0,409.85
0,410.05
0,410
0,410.25
0,410
0,410.05
0,409.65
0,409.6
0,409.6
0,409.45
0,409.35
0,409.35
0,409.3
0,409.3
0,409.35
0,409.3
0,409.35
0,409.4
0,409.1
0,409.05
0,409.15
0,408.85
0,408.95
0,408.75
0,408.45
0,408.8
0,408.9
0,408.85
0,408.8
0,408.85
0,409.05
0,409.05
0,409
0,409.05
0,409.15
0,409.15
0,409.25
0,409.5
0,409.6
0,409.75
0,409.9
0,409.8
0,409.95
0,409.8
0,409.8
0,409.45
0,409.5
0,409.8
0,409.8
0,409.95
0,409.9
0,410.15
0,410.2
0,410.05
0,410.05
0,410.1
0,410.05
0,410
0,410.15
0,410.45
0,410.25
0,410.35
0,410.4
0,410.35
0,410.55
0,410.8
0,411
0,411.15
0,411.25
0,411.25
0,411.35
0,411.35
0,411.55
0,411.65
0,411.55
0,411.7
0,411.6
0,411.45
0,411.5
0,411.55
0,411.55
0,411.7
0,411.9
0,411.8
0,411.75
0,411.8
0,411.65
0,411.5
0,411.3
0,411.45
0,411.55
0,410.8
0,410.95
0,410.85
0,410.85
0,410.75
0,410.65
0,410.6
0,410.7
0,410.65
0,410.8
0,410.85
0,411
0,410.7
0,410.7
0,410.85
0,410.85
0,410.9
0,410.8
0,410.75
0,410.8
0,410.95
0,410.85
0,410.75
0,410.45
0,410.45
0,410.45
0,410.5
0,410.45
0,410.6
0,410.75
0,411
0,410.95
0,410.95
0,411.15
0,411.05
0,411.45
0,411.3
0,411.2
0,411.45
0,411.35
0,411.3
0,411.05
0,410.95
0,410.8
0,410.9
0,411
0,411.45
0,411.3
0,411.25
0,411.15
0,411.4
0,411.15
0,410.85
0,410.85
0,410.7
0,410.5
0,410.5
0,410.6
0,410.4
0,410.3
0,410.1
0,410.05
0,410.05
0,410.1
0,409.8
0,409.75
0,409.8
0,409.45
0,409.25
0,409.25
0,409.25
0,409.25
0,409.05
0,409
0,408.95
0,408.85
0,408.9
0,409
0,408.7
0,408.3
0,408.25
0,408.05
0,408.05
0,407.85
0,408.15
0,408.05
0,407.9
0,407.85
0,407.65
0,407.8
0,407.85
0,407.75
0,408
0,407.9
0,408
0,407.95
0,408.05
0,408.1
0,407.95
0,407.95
0,408.1
0,408.3
0,408.4
0,408.4
0,408.45
0,408.6
0,408.55
0,408.35
0,408.35
0,408.45
0,408.6
0,408.7
0,408.75
0,408.65
0,408.4
0,408.6
0,408.95
0,408.75
0,408.8
0,408.9
0,408.85
0,409.1
0,408.75
0,408.8
0,408.6
0,408.15
0,408.45
0,408.45
0,408.5
0,408.3
0,408.3
0,408.5
0,408.45
0,408.35
0,408
0,408.25
0,408.1
0,408.25
0,408.2
0,408.3
0,408.3
0,408.6
0,408.7
0,408.65
0,408.5
0,408.5
0,408.4
0,408.35
0,408.25
0,408.2
0,408.05
0,407.85
0,407.5
0,407.65
0,408.05
0,408.2
0,408.4
0,408.4
0,408.25
0,408.25
0,408.35
0,408.15
0,408.3
0,408.4
0,408.45
0,408.65
0,408.5
0,408.55
0,408.6
0,408.6
0,408.45
0,408.5
0,408.55
0,408.65
0,408.85
0,408.8
0,408.9
0,409
0,408.95
0,408.8
0,408.9
0,408.85
0,408.75
0,408.55
0,408.65
0,408.55
0,408.7
0,408.85
0,408.95
0,408.9
0,408.8
0,408.9
0,409
0,408.95
0,408.7
0,408.6
0,408.7
0,408.45
0,408.55
0,408.7
0,408.55
0,408.65
0,408.7
0,408.85
0,409
0,409.2
0,409.3
0,409.35
0,409.7
0,409.55
0,409.5
0,409.9
0,410.5
0,410.45
0,410.75
0,410.75
0,410.75
0,410.55
0,410.5
0,410.4
0,410.45
0,410.5
0,412.2
0,412.6
0,412.65
0,412.5
0,412.4
0,411.4
0,411.05
0,411
0,411.25
0,411.4
0,411.45
0,411.4
0,411.75
0,412.05
0,411.5
0,411.4
0,411.4
0,411.6
0,412.45
0,412.7
0,413.45
0,413.2
0,413.1
0,412.9
0,413.2
0,412.5
0,412.45
0,412.65
0,412.4
0,412.7
0,412.6
0,412.35
0,412.35
0,412.15
0,412.55
0,412.05
0,412.15
0,411.85
0,411.8
0,412.2
0,412.25
0,411.95
0,411.9
0,411.45
0,411.55
0,411.7
0,411.85
0,412.1
0,412.15
0,412.4
0,412.35
0,412
0,412.35
0,412.35
0,412.45
0,412.9
0,412.95
0,412.85
0,412.35
0,412.45
0,412.6
0,412.25
0,412.65
0,412.9
0,413.15
0,413.45
0,413.4
0,413.45
0,413.45
0,413.35
0,413.2
0,413.15
0,413.25
0,413.4
0,413.3
0,413.5
0,413.1
0,413.45
0,413.55
0,413.5
0,413.7
0,413.6
0,413.5
0,413.2
0,413.35
0,413.3
0,413.4
0,413.3
0,413.45
0,413.45
0,413.15
0,413.15
0,413.15
0,413.45
0,413.25
0,413.35
0,413.65
0,413.8
0,413.85
0,413.45
0,413.15
0,413.5
0,413.65
0,413.7
0,413.75
0,413.5
0,413.45
0,413.25
0,413.3
0,413.5
0,413.3
0,413.35
0,413.4
0,413.15
0,413.05
0,413
0,412.85
0,412.85
0,412.9
0,413.05
0,413.05
0,413.05
0,413.15
0,413.05
0,413.3
0,413.35
0,413.65
0,414.1
0,413.95
0,414.35
0,414.15
0,413.9
0,414.05
0,413.75
0,414
0,413.95
0,414.15
0,414.1
0,414.45
0,414.55
0,414.65
0,414.5
0,414.4
0,414.65
0,414.7
0,414.65
0,414.75
0,414.65
0,414.75
0,414.75
0,414.75
0,414.7
0,414.75
0,414.75
0,414.95
0,415.15
0,415.35
0,415.3
0,415.25
0,415.05
0,414.8
0,414.65
0,414.75
0,414.65
0,414.35
0,414.15
0,414.25
0,414.6
0,414.4
0,413.85
0,413.95
0,414.25
0,414.5
0,414.6
0,414.55
0,414.8
0,414.4
0,414.2
0,414.1
0,414.25
0,414.2
0,414.2
0,414.1
0,414.25
0,414.1
0,414.15
0,414.25
0,414.05
0,413.95
0,413.75
0,413.85
0,414
0,414.05
0,413.85
0,413.95
0,414
0,413.75
0,413.75
0,413.7
0,413.4
0,413.45
0,413.6
0,413.7
0,413.55
0,413.65
0,413.5
0,413.15
0,413.1
0,412.9
0,412.9
0,412.65
0,412.75
0,412.9
0,412.95
0,413.05
0,413.15
0,413.05
0,412.85
0,412.85
0,412.9
0,413
0,413.25
0,413.25
0,413.25
0,413.3
0,413.45
0,413.45
0,413.25
0,413.25
0,413.55
0,413.6
0,413.7
0,414.05
0,414.2
0,415.4
0,415.4
0,414.35
0,414.45
0,414.5
0,414.35
0,413.85
0,413.8
0,413.5
0,413.55
0,413.35
0,413.3
0,413.05
0,413.05
0,413.05
0,412.85
0,412.95
0,413.2
0,413.25
0,412.95
0,412.85
0,412.8
0,412.45
0,412.55
0,412.65
0,412.75
0,412.8
0,412.85
0,412.65
0,412.7
0,412.55
0,412.65
0,412.7
0,412.55
0,412.75
0,412.95
0,412.9
0,412.75
0,412.65
0,412.75
0,412.75
0,412.8
0,412.85
0,412.95
0,413
0,413.35
0,413.35
0,413.05
0,413
0,412.95
0,412.85
0,413
0,413.05
0,412.9
0,412.95
0,412.95
0,413
0,413.05
0,413
0,413.05
0,413.2
0,412.95
0,412.95
0,412.95
0,413.05
0,413.05
0,413.05
0,413.05
0,412.6
0,412.65
0,412.8
0,412.85
0,412.9
0,412.65
0,412.55
0,412.35
0,412.25
0,412.45
0,412.85
0,412.9
0,413
0,412.95
0,413.4
0,412.85
0,413.1
0,413.15
0,412.75
0,412.8
0,412.85
0,412.85
0,412.85
0,413.15
0,413.25
0,413.35
0,413.5
0,413.25
0,413.25
0,413.35
0,413.55
0,413.65
0,413.65
0,413.7
0,413.45
0,413.4
0,413.35
0,413.5
0,413.55
0,413.55
0,413.25
0,413.3
0,413.25
0,413.15
0,413.1
0,412.85
0,412.7
0,412.65
0,412.45
0,412.55
0,412.6
0,412.8
0,412.75
0,412.95
0,412.65
0,412.65
0,412.9
0,413.05
0,413.05
0,413.1
0,412.85
0,413
0,413.05
0,413
0,413.2
0,413.25
0,413.25
0,413.35
0,413.5
0,413.6
0,413.3
0,413.15
0,413
0,413.05
0,413.3
0,413.2
0,413.15
0,413.1
0,413.15
0,413.1
0,413.15
0,413.15
0,413.25
0,412.9
0,413
0,413.1
0,413.5
0,413.75
0,413.85
0,414.2
0,414.2
0,414.35
0,414.05
0,413.95
0,414.05
0,414.15
0,414.45
0,414.6
0,414.65
0,414.8
0,414.4
0,414.8
0,414.95
0,414.75
0,415.05
0,415.05
0,414.6
0,414.35
0,414.05
0,414.15
0,414.65
0,414.4
0,414
0,413.8
0,414.05
0,414.05
0,414
0,414.25
0,414.7
0,414.85
0,415
0,414.75
0,415.05
0,415.5
0,415.85
0,416.05
0,416.05
0,416
0,415.95
0,416.35
0,415.85
0,415.95
0,416.05
0,416.3
0,416.35
0,416.55
0,416.6
0,416.55
0,416.6
0,416.6
0,416.55
0,416.4
0,416.2
0,416.45
0,416.65
0,416.55
0,416.4
0,416.05
0,416.05
0,415.35
0,415.25
0,415.05
0,414.8
0,414.85
0,415.1
0,415.15
0,414.85
0,414.85
0,414.7
0,414.55
0,414
0,413.9
0,414
0,413.85
0,413.55
0,413.95
0,413.95
0,413.9
0,413.9
0,413.85
0,413.25
0,413.2
0,413.3
0,413.55
0,413.8
0,413.65
0,413.5
0,413.55
0,413.8
0,413.45
0,413.55
0,413.4
0,413.25
0,412.8
0,413.1
0,413.3
0,413.3
0,413.55
0,413.3
0,413.75
0,413.55
0,413.25
0,413.25
0,413.15
0,412.85
0,413.45
0,413.15
0,412.9
0,413.1
0,413.75
0,413.4
0,413.05
0,413.75
0,413.4
0,413.9
0,413.5
0,413.4
0,413.55
0,413.55
0,413.45
0,413.4
0,413.25
0,413.55
0,413.5
0,413.95
0,413.6
0,414.2
0,414.15
0,414.1
0,414.25
0,414.35
0,414.2
0,414.15
0,414.15
0,414.1
0,414.15
0,414
0,414.15
0,413.75
0,413.9
0,413.6
0,413.85
0,413.85
0,413.65
0,413.8
0,413.95
0,414
0,413.9
0,413.95
0,414
0,414.1
0,414.2
0,414.45
0,414.35
0,414.1
0,413.95
0,414.55
0,414.55
0,414.2
0,414.2
0,414.15
0,414.2
0,414.2
0,414.25
0,414.1
0,413.95
0,414.15
0,414.35
0,414.65
0,414.85
0,415
0,414.9
0,414.95
0,414.6
0,414.4
0,414.25
0,414.35
0,414.35
0,414.2
0,414
0,414.15
0,414.05
0,414.25
0,414.4
0,414.25
0,414.35
0,414.25
0,414.55
0,414.3
0,414.3
0,414.45
0,414.05
0,414.05
0,414
0,414.05
0,414.2
0,414.4
0,414.35
0,414.35
0,414.3
0,414.35
0,414.4
0,414.25
0,414.15
0,414.1
0,414.05
0,414
0,413.95
0,414.05
0,414.25
0,414.2
0,414.3
0,414.2
0,414.35
0,414.45
0,414.6
0,414.55
0,414.5
0,414.5
0,414.45
0,414.3
0,414.7
0,414.3
0,414.55
0,414.4
0,414.3
0,414.3
0,414.45
0,414.35
0,414.4
0,414.35
0,414.45
0,414.65
0,414.6
0,414.6
0,414.9
0,415.1
0,415.1
0,414.9
0,414.8
0,415
0,415.2
0,415.4
0,415.65
0,415.55
0,415.35
0,415.35
0,415.35
0,415.55
0,415.7
0,415.65
0,415.75
0,415.85
0,415.85
0,415.95
0,415.8
0,416.05
0,416.1
0,416.25
0,416.3
0,416.35
0,416.55
0,416.6
0,416.75
0,416.7
0,416.7
0,416.75
0,416.7
0,416.9
0,417.1
0,417
0,416.95
0,416.95
0,417.15
0,417.15
0,417
0,417.25
0,417.2
0,417.45
0,417.55
0,417.3
0,417.3
0,417.4
0,417.3
0,417.55
0,417.6
0,417.65
0,417.75
0,417.75
0,417.75
0,417.75
0,417.8
0,417.45
0,417.45
0,417.3
0,417.2
0,417.45
0,417.6
0,417.45
0,417.2
0,417.25
0,417.25
0,417.15
0,417.2
0,417.25
0,417.15
0,417.3
0,417.45
0,417.45
0,417.6
0,417.5
0,417.55
0,417.65
0,417.6
0,417.6
0,417.65
0,417.5
0,417.45
0,417.5
0,417.45
0,417.45
0,417.35
0,417.4
0,417.2
0,417.4
0,417.4
0,417.55
0,417.65
0,417.7
0,417.8
0,418.1
0,418.1
0,417.4
0,417.6
0,417.85
0,417.65
0,417.65
0,417.6
0,417.65
0,417.7
0,417.85
0,417.75
0,417.8
0,418.2
0,418.55
0,418.65
0,419
0,418.9
0,419.3
0,419.25
0,419.15
0,419.15
0,418.95
0,418.8
0,418.8
0,419
0,418.9
0,419
0,419.05
0,419
0,419.25
0,419.2
0,419.15
0,419.2
0,419.25
0,419.3
0,419.15
0,419
0,418.95
0,418.95
0,419
0,419.3
0,419.25
0,419.15
0,419.25
0,419.05
0,419.1
0,419.6
0,419.55
0,419.6
0,419.35
0,419.4
0,419.35
0,419.55
0,419.85
0,419.75
0,419.85
0,419.8
0,419.75
0,419.9
0,419.9
0,419.9
0,419.75
0,419.75
0,419.65
0,419.45
0,419.4
0,419.5
0,419.4
0,419.45
0,419.5
0,419.45
0,419.45
0,419.4
0,419.5
0,419.65
0,419.85
0,419.85
0,419.65
0,419.65
0,419.6
0,419.65
0,419.75
0,419.8
0,419.7
0,419.65
0,419.65
0,419.6
0,419.55
0,419.7
0,419.65
0,419.6
0,419.6
0,419.55
0,419.55
0,419.55
0,419.35
0,419.5
0,419.3
0,419.1
0,419.05
0,418.7
0,418
0,417.85
0,418.05
0,417.9
0,417.85
0,417.8
0,417.9
0,418.1
0,418.3
0,418.35
0,418.35
0,418.3
0,418.3
0,418.1
0,418.35
0,418.25
0,418.15
0,418.2
0,418.3
0,418.25
0,418.35
0,418.4
0,418.35
0,418.2
0,418.25
0,418.15
0,417.95
0,417.85
0,417.85
0,417.95
0,418.1
0,418.1
0,418
0,417.35
0,417.25
0,417.6
0,417.35
0,417.8
0,417.4
0,417.25
0,417.45
0,417.65
0,417.75
0,417.75
0,417.65
0,417.65
0,417.65
0,417.7
0,417.2
0,416.85
0,416.9
0,416.65
0,416.8
0,417.2
0,417.45
0,417.35
0,417.5
0,417.45
0,417.5
0,417.6
0,417.75
0,417.85
0,417.85
0,417.5
0,417.5
0,417.6
0,417.65
0,417.55
0,417.75
0,417.55
0,417.5
0,417.55
0,417.7
0,417.55
0,417.55
0,417.45
0,417.55
0,417.6
0,417.35
0,417.5
0,417.8
0,417.9
0,417.85
0,417.9
0,417.8
0,418.1
0,418.05
0,418.05
0,417.9
0,417.9
0,417.85
0,417.8
0,417.75
0,417.7
0,417.5
0,417.75
0,417.65
0,417.55
0,417.3
0,417.9
0,417.9
0,417.7
0,418
0,418.15
0,418.15
0,418.05
0,417.85
0,417.85
0,417.7
0,417.7
0,417.75
0,417.5
0,417.35
0,417.7
0,417.75
0,417.75
0,417.7
0,417.55
0,417.65
0,417.95
0,418.25
0,418.15
0,418.25
0,418.45
0,418.4
0,418.6
0,418.65
0,418.5
0,418.6
0,418.5
0,418.55
0,418.5
0,418.45
0,418.65
0,418.5
0,418.55
0,418.55
0,418.55
0,418.55
0,418.4
0,418.35
0,418.4
0,418.35
0,418.6
0,417.8
0,418
0,418.05
0,418.3
0,417.9
0,418.35
0,419.15
0,419.05
0,419.25
0,420.35
0,419.65
0,420.1
0,420.05
0,419.75
0,420
0,420.85
0,420.85
0,419.75
0,419.75
0,419.65
0,420.4
0,420.35
0,421.15
0,420.9
0,420.5
0,421.2
0,421.3
0,421.1
0,421.45
0,421.9
0,421.7
0,422.25
0,422.55
0,422.85
0,422.8
0,423.2
0,423.25
0,423.6
0,423.6
0,423.55
0,423.15
0,422.7
0,422.65
0,422.45
0,422.65
0,422.75
0,423
0,422.8
0,422.7
0,422.45
0,422.5
0,422.65
0,422.55
0,423
0,422.85
0,423
0,422.95
0,422.8
0,423.1
0,423.35
0,423.1
0,423.35
0,423.35
0,422.85
0,422.45
0,422
0,421.6
0,421.7
0,421.5
0,421.5
0,421.25
0,421.1
0,421
0,421.2
0,420.9
0,420.95
0,420.4
0,420.25
0,420.1
0,420.1
0,420.05
0,419.9
0,419.55
0,419.25
0,419.15
0,419.3
0,419.35
0,418.9
0,419.4
0,419.2
0,419.15
0,419.3
0,419.35
0,419.55
0,419.65
0,419.65
0,419.95
0,420.1
0,420.35
0,420.45
0,420.35
0,420.25
0,420.15
0,420.2
0,420.05
0,419.95
0,419.95
0,419.75
0,419.7
0,419.6
0,419.55
0,419.4
0,419.7
0,420.05
0,419.7
0,419.65
0,419.6
0,419.8
0,419.8
0,419.7
0,419.6
0,419.65
0,419.55
0,419.75
0,419.85
0,419.65
0,419.35
0,419.45
0,419.3
0,419.25
0,419.15
0,419.05
0,418.8
0,418.95
0,419.2
0,419.2
0,419.15
0,419.5
0,419.4
0,419.3
0,419.2
0,419
0,418.95
0,418.95
0,418.85
0,418.85
0,418.65
0,418.6
0,418
0,418.1
0,418.05
0,417.8
0,417.85
0,418.5
0,418.4
0,418.3
0,418.5
0,418.75
0,418.45
0,418.45
0,418.45
0,418.55
0,418.55
0,418.65
0,418.85
0,418.5
0,418.4
0,418.35
0,418.3
0,418.35
0,418.3
0,418
0,418.55
0,418.6
0,418.45
0,418.45
0,418.45
0,418.6
0,418.8
0,418.75
0,418.75
0,418.65
0,418.85
0,418.85
0,418.9
0,418.95
0,419
0,418.9
0,419.05
0,419
0,418.95
0,419.05
0,419.05
0,419.2
0,419.45
0,419.55
0,419.6
0,419.45
0,419.35
0,419.25
0,419.4
0,419.55
0,419.6
0,419.35
0,419.25
0,419.2
0,418.85
0,419.05
0,418.95
0,418.4
0,418.35
0,418.4
0,418.2
0,418.15
0,418.05
0,418.05
0,417.9
0,417.95
0,418.05
0,418
0,418
0,418.35
0,418.35
0,417.9
0,417.75
0,417.7
0,417.75
0,417.8
0,417.75
0,417.9
0,417.85
0,418.15
0,418.1
0,418.1
0,417.75
0,417.65
0,417.5
0,417.65
0,417.35
0,417.4
0,417.4
0,417.5
0,417.55
0,417.6
0,417.55
0,417.55
0,417.35
0,417.4
0,417.7
0,417.75
0,417.6
0,417.65
0,417.55
0,417.25
0,417.2
0,417.35
0,417.3
0,417.2
0,417.1
0,417.1
0,417.05
0,417.05
0,416.95
0,416.8
0,416.75
0,416.6
0,416.35
0,416.45
0,416.55
0,416.6
0,416.65
0,416.65
0,416.6
0,416.55
0,416.5
0,416.35
0,416.35
0,416.15
0,416.2
0,416.05
0,415.95
0,415.9
0,415.8
0,415.75
0,416.1
0,416.2
0,416.3
0,416.2
0,416.05
0,416.2
0,416.3
0,416.25
0,416.1
0,416.05
0,416
0,416
0,416.05
0,415.65
0,415.8
0,415.85
0,415.75
0,415.75
0,415.7
0,415.75
0,415.8
0,415.65
0,415.7
0,415.75
0,415.85
0,415.9
0,415.85
0,415.7
0,415.7
0,415.65
0,415.85
0,415.75
0,415.7
0,415.65
0,415.75
0,415.95
0,415.85
0,415.9
0,416
0,416.05
0,416.15
0,416.25
0,416.25
0,416.15
0,415.95
0,415.8
0,415.35
0,415.25
0,415.45
0,415.5
0,415.55
0,415.45
0,415.2
0,415.2
0,415.15
0,415
0,414.65
0,414.3
0,414.6
0,414.55
0,414.5
0,414.3
0,414.35
0,414.25
0,414.35
0,413.95
0,413.95
0,413.8
0,413.7
0,413.35
0,413.2
0,413.4
0,413.35
0,413.25
0,413.15
0,413.3
0,413.5
0,413.35
0,413.65
0,413.65
0,413.55
0,413.65
0,413.6
0,413.45
0,413.55
0,413.75
0,413.75
0,413.7
0,413.45
0,413.05
0,413
0,413.15
0,412.6
0,412.5
0,412.75
0,413.05
0,412.65
0,412.65
0,412.75
0,412.7
0,412.65
0,412.75
0,412.9
0,413
0,412.8
0,412.95
0,412.8
0,413.15
0,413.45
0,413.45
0,413.55
0,413.65
0,413.55
0,413.65
0,413.65
0,413.55
0,413.45
0,413.4
0,413.35
0,413.75
0,413.55
0,413.35
0,413.4
0,413.35
0,413.5
0,413.95
0,413.75
0,413.9
0,413.95
0,413.95
0,413.9
0,413.95
0,414.15
0,414.25
0,414.15
0,414.2
0,414.15
0,414.2
0,414.15
0,414.45
0,414.4
0,414.35
0,414.25
0,414.15
0,414.15
0,414.35
0,414.65
0,414.35
0,414.25
0,414.3
0,414.15
0,413.85
0,413.75
0,413.75
0,414.15
0,414.2
0,414.05
0,413.95
0,413.75
0,413.65
0,413.55
0,413.55
0,413.35
0,413.25
0,413.15
0,412.4
0,412.5
0,412.2
0,412.3
0,412.55
0,412.3
0,412.35
0,412.35
0,412.45
0,412.85
0,413
0,413.25
0,412.9
0,412.9
0,413
0,413.1
0,413.2
0,413.2
0,413.55
0,413.3
0,413.15
0,413.45
0,413.35
0,413.3
0,413.35
0,413.35
0,413.2
0,413.4
0,413.45
0,413.5
0,413.55
0,413.55
0,413.7
0,413.6
0,413.45
0,413.3
0,413.75
0,2429
0,2444
0,2431
0,2417
0,2414
0,2393
0,2389
0,2405
0,2407
0,2402
0,2406
0,2408
0,2413
0,2408
0,2417
0,2408
0,2404
0,2398
0,2394
0,2397
0,2397
0,2404
0,2406
0,2413
0,2411
0,2406
0,2407
0,2411
0,2408
0,2407
0,2406
0,2405
0,2401
0,2402
0,2403
0,2405
0,2401
0,2408
0,2412
0,2410
0,2408
0,2406
0,2411
0,2407
0,2408
0,2413
0,2409
0,2414
0,2409
0,2409
0,2412
0,2414
0,2412
0,2411
0,2416
0,2415
0,2421
0,2424
0,2424
0,2421
0,2422
0,2424
0,2427
0,2422
0,2423
0,2421
0,2421
0,2420
0,2424
0,2424
0,2425
0,2424
0,2424
0,2427
0,2430
0,2428
0,2427
0,2431
0,2428
0,2428
0,2426
0,2427
0,2428
0,2429
0,2429
0,2433
0,2432
0,2435
0,2434
0,2432
0,2435
0,2434
0,2433
0,2431
0,2435
0,2439
0,2437
0,2439
0,2440
0,2441
0,2440
0,2439
0,2436
0,2433
0,2433
0,2432
0,2433
0,2435
0,2437
0,2439
0,2431
0,2440
0,2439
0,2440
0,2440
0,2439
0,2436
0,2435
0,2438
0,2435
0,2440
0,2437
0,2435
0,2435
0,2441
0,2440
0,2440
0,2437
0,2436
0,2439
0,2436
0,2434
0,2431
0,2432
0,2434
0,2430
0,2430
0,2425
0,2430
0,2433
0,2433
0,2432
0,2430
0,2428
0,2425
0,2424
0,2424
0,2425
0,2424
0,2422
0,2422
0,2419
0,2418
0,2418
0,2421
0,2423
0,2423
0,2419
0,2413
0,2418
0,2412
0,2411
0,2410
0,2407
0,2408
0,2404
0,2405
0,2403
0,2402
0,2402
0,2401
0,2406
0,2410
0,2416
0,2417
0,2414
0,2415
0,2418
0,2421
0,2414
0,2413
0,2410
0,2413
0,2413
0,2408
0,2407
0,2405
0,2405
0,2404
0,2405
0,2404
0,2400
0,2402
0,2401
0,2403
0,2403
0,2403
0,2404
0,2405
0,2409
0,2411
0,2412
0,2411
0,2412
0,2415
0,2415
0,2417
0,2418
0,2417
0,2416
0,2422
0,2420
0,2418
0,2419
0,2413
0,2413
0,2414
0,2416
0,2419
0,2419
0,2417
0,2418
0,2419
0,2419
0,2419
0,2417
0,2413
0,2413
0,2413
0,2415
0,2416
0,2416
0,2417
0,2411
0,2413
0,2415
0,2412
0,2413
0,2415
0,2416
0,2417
0,2420
0,2419
0,2422
0,2428
0,2421
0,2418
0,2417
0,2415
0,2417
0,2418
0,2415
0,2413
0,2413
0,2413
0,2409
0,2409
0,2411
0,2409
0,2412
0,2413
0,2411
0,2413
0,2411
0,2411
0,2409
0,2413
0,2411
0,2410
0,2410
0,2409
0,2407
0,2401
0,2399
0,2399
0,2397
0,2397
0,2395
0,2393
0,2349
0,2386
0,2362
0,2363
0,2395
0,2380
0,2364
0,2365
0,2365
0,2364
0,2372
0,2359
0,2356
0,2361
0,2359
0,2358
0,2359
0,2355
0,2348
0,2350
0,2348
0,2351
0,2350
0,2353
0,2350
0,2341
0,2344
0,2347
0,2351
0,2352
0,2345
0,2348
0,2364
0,2363
0,2364
0,2363
0,2364
0,2365
0,2364
0,2360
0,2364
0,2365
0,2366
0,2368
0,2367
0,2363
0,2364
0,2355
0,2356
0,2358
0,2358
0,2357
0,2355
0,2352
0,2351
0,2346
0,2345
0,2341
0,2336
0,2335
0,2335
0,2334
0,2336
0,2336
0,2337
0,2334
0,2333
0,2332
0,2329
0,2328
0,2328
0,2331
0,2330
0,2332
0,2335
0,2334
0,2336
0,2331
0,2330
0,2329
0,2330
0,2330
0,2332
0,2329
0,2328
0,2326
0,2328
0,2326
0,2328
0,2326
0,2325
0,2321
0,2322
0,2324
0,2325
0,2327
0,2324
0,2330
0,2333
0,2334
0,2329
0,2329
0,2333
0,2334
0,2334
0,2331
0,2332
0,2333
0,2334
0,2333
0,2333
0,2330
0,2332
0,2332
0,2327
0,2328
0,2329
0,2328
0,2330
0,2331
0,2331
0,2336
0,2342
0,2339
0,2338
0,2339
0,2342
0,2341
0,2345
0,2343
0,2339
0,2340
0,2339
0,2340
0,2341
0,2340
0,2341
0,2339
0,2333
0,2337
0,2338
0,2339
0,2343
0,2344
0,2345
0,2345
0,2344
0,2343
0,2343
0,2344
0,2343
0,2342
0,2345
0,2344
0,2345
0,2344
0,2345
0,2341
0,2342
0,2343
0,2342
0,2344
0,2339
0,2340
0,2331
0,2330
0,2329
0,2328
0,2329
0,2328
0,2328
0,2327
0,2318
0,2318
0,2312
0,2312
0,2306
0,2307
0,2309
0,2310
0,2314
0,2311
0,2308
0,2310
0,2313
0,2314
0,2321
0,2313
0,2314
0,2313
0,2314
0,2315
0,2316
0,2314
0,2312
0,2314
0,2315
0,2306
0,2308
0,2307
0,2310
0,2311
0,2307
0,2307
0,2309
0,2309
0,2308
0,2310
0,2308
0,2309
0,2309
0,2309
0,2307
0,2309
0,2307
0,2306
0,2300
0,2298
0,2296
0,2296
0,2299
0,2297
0,2296
0,2295
0,2294
0,2292
0,2289
0,2286
0,2271
0,2287
0,2301
0,2301
0,2287
0,2286
0,2294
0,2285
0,2289
0,2293
0,2295
0,2295
0,2289
0,2291
0,2296
0,2293
0,2294
0,2299
0,2301
0,2300
0,2298
0,2297
0,2298
0,2296
0,2294
0,2292
0,2295
0,2300
0,2294
0,2305
0,2302
0,2303
0,2303
0,2299
0,2298
0,2299
0,2299
0,2288
0,2289
0,2286
0,2287
0,2287
0,2286
0,2283
0,2282
0,2281
0,2281
0,2282
0,2281
0,2282
0,2278
0,2274
0,2273
0,2273
0,2274
0,2278
0,2276
0,2273
0,2276
0,2276
0,2284
0,2285
0,2286
0,2287
0,2284
0,2283
0,2284
0,2287
0,2284
0,2287
0,2287
0,2287
0,2287
0,2288
0,2287
0,2290
0,2289
0,2287
0,2284
0,2287
0,2288
0,2287
0,2286
0,2285
0,2287
0,2288
0,2288
0,2288
0,2290
0,2289
0,2287
0,2285
0,2287
0,2287
0,2291
0,2290
0,2288
0,2288
0,2286
0,2287
0,2285
0,2287
0,2286
0,2284
0,2282
0,2282
0,2282
0,2274
0,2273
0,2278
0,2277
0,2279
0,2277
0,2275
0,2274
0,2273
0,2273
0,2274
0,2276
0,2273
0,2272
0,2271
0,2266
0,2266
0,2264
0,2268
0,2266
0,2264
0,2265
0,2264
0,2266
0,2265
0,2269
0,2270
0,2268
0,2270
0,2271
0,2272
0,2276
0,2277
0,2277
0,2278
0,2279
0,2282
0,2277
0,2270
0,2270
0,2270
0,2270
0,2272
0,2270
0,2271
0,2274
0,2273
0,2275
0,2274
0,2272
0,2273
0,2275
0,2274
0,2273
0,2274
0,2273
0,2273
0,2273
0,2270
0,2270
0,2270
0,2273
0,2275
0,2275
0,2274
0,2276
0,2282
0,2283
0,2284
0,2286
0,2291
0,2290
0,2292
0,2284
0,2275
0,2279
0,2279
0,2274
0,2274
0,2273
0,2274
0,2275
0,2276
0,2274
0,2274
0,2273
0,2273
0,2274
0,2285
0,2281
0,2282
0,2278
0,2278
0,2280
0,2280
0,2281
0,2281
0,2279
0,2282
0,2290
0,2289
0,2288
0,2290
0,2287
0,2288
0,2292
0,2301
0,2301
0,2299
0,2295
0,2294
0,2293
0,2296
0,2297
0,2297
0,2295
0,2295
0,2298
0,2299
0,2299
0,2298
0,2298
0,2298
0,2299
0,2299
0,2301
0,2303
0,2307
0,2309
0,2314
0,2304
0,2305
0,2306
0,2309
0,2308
0,2311
0,2318
0,2317
0,2312
0,2315
0,2312
0,2315
0,2316
0,2317
0,2317
0,2315
0,2316
0,2312
0,2369
0,2361
0,2401
0,2390
0,2351
0,2356
0,2366
0,2357
0,2369
0,2366
0,2365
0,2375
0,2379
0,2376
0,2378
0,2381
0,2381
0,2381
0,2386
0,2380
0,2382
0,2384
0,2377
0,2372
0,2364
0,2363
0,2350
0,2347
0,2349
0,2366
0,2370
0,2375
0,2373
0,2366
0,2371
0,2373
0,2375
0,2372
0,2376
0,2375
0,2376
0,2377
0,2378
0,2381
0,2378
0,2379
0,2383
0,2385
0,2384
0,2387
0,2389
0,2396
0,2395
0,2394
0,2392
0,2388
0,2389
0,2390
0,2391
0,2395
0,2393
0,2394
0,2400
0,2397
0,2397
0,2397
0,2396
0,2394
0,2394
0,2393
0,2389
0,2390
0,2395
0,2391
0,2387
0,2388
0,2393
0,2392
0,2391
0,2392
0,2389
0,2388
0,2385
0,2386
0,2389
0,2394
0,2393
0,2390
0,2393
0,2389
0,2386
0,2392
0,2396
0,2398
0,2397
0,2399
0,2398
0,2406
0,2402
0,2403
0,2403
0,2406
0,2409
0,2407
0,2406
0,2405
0,2412
0,2413
0,2415
0,2418
0,2424
0,2425
0,2416
0,2417
0,2418
0,2421
0,2424
0,2423
0,2422
0,2423
0,2424
0,2427
0,2429
0,2428
0,2427
0,2430
0,2433
0,2432
0,2434
0,2433
0,2432
0,2433
0,2433
0,2431
0,2433
0,2434
0,2442
0,2442
0,2440
0,2440
0,2434
0,2430
0,2436
0,2437
0,2441
0,2440
0,2436
0,2434
0,2433
0,2434
0,2430
0,2430
0,2431
0,2436
0,2432
0,2433
0,2432
0,2435
0,2435
0,2438
0,2447
0,2440
0,2442
0,2442
0,2450
0,2443
0,2439
0,2440
0,2442
0,2442
0,2441
0,2441
0,2447
0,2450
0,2447
0,2449
0,2445
0,2446
0,2450
0,2451
0,2451
0,2452
0,2456
0,2457
0,2455
0,2453
0,2455
0,2453
0,2444
0,2439
0,2438
0,2443
0,2438
0,2439
0,2437
0,2439
0,2438
0,2443
0,2440
0,2441
0,2440
0,2441
0,2441
0,2439
0,2438
0,2436
0,2437
0,2438
0,2437
0,2429
0,2428
0,2429
0,2425
0,2419
0,2411
0,2408
0,2408
0,2411
0,2419
0,2421
0,2420
0,2423
0,2425
0,2423
0,2423
0,2425
0,2430
0,2437
0,2437
0,2431
0,2476
0,2474
0,2475
0,2475
0,2476
0,2482
0,2473
0,2486
0,2487
0,2489
0,2480
0,2477
0,2468
0,2459
0,2461
0,2457
0,2478
0,2481
0,2478
0,2479
0,2478
0,2478
0,2486
0,2486
0,2484
0,2485
0,2476
0,2470
0,2479
0,2480
0,2470
0,2470
0,2470
0,2470
0,2469
0,2469
0,2461
0,2456
0,2459
0,2456
0,2456
0,2456
0,2456
0,2460
0,2461
0,2461
0,2461
0,2461
0,2459
0,2460
0,2456
0,2461
0,2460
0,2461
0,2461
0,2466
0,2468
0,2467
0,2469
0,2471
0,2472
0,2473
0,2471
0,2472
0,2475
0,2481
0,2485
0,2480
0,2482
0,2489
0,2485
0,2488
0,2489
0,2494
0,2494
0,2490
0,2494
0,2495
0,2493
0,2492
0,2495
0,2492
0,2496
0,2487
0,2489
0,2489
0,2489
0,2480
0,2483
0,2482
0,2482
0,2483
0,2480
0,2480
0,2473
0,2471
0,2474
0,2477
0,2477
0,2478
0,2471
0,2477
0,2473
0,2472
0,2469
0,2464
0,2468
0,2465
0,2470
0,2472
0,2473
0,2472
0,2470
0,2471
0,2469
0,2470
0,2468
0,2466
0,2466
0,2467
0,2466
0,2467
0,2471
0,2473
0,2475
0,2477
0,2478
0,2482
0,2480
0,2478
0,2480
0,2482
0,2481
0,2479
0,2479
0,2478
0,2480
0,2483
0,2496
0,2499
0,2501
0,2502
0,2505
0,2505
0,2507
0,2505
0,2507
0,2506
0,2505
0,2506
0,2505
0,2503
0,2501
0,2505
0,2505
0,2504
0,2505
0,2506
0,2509
0,2507
0,2506
0,2512
0,2512
0,2513
0,2514
0,2513
0,2512
0,2513
0,2499
0,2509
0,2512
0,2513
0,2512
0,2513
0,2522
0,2530
0,2532
0,2529
0,2528
0,2530
0,2528
0,2531
0,2532
0,2534
0,2534
0,2534
0,2530
0,2532
0,2531
0,2532
0,2531
0,2533
0,2535
0,2534
0,2535
0,2535
0,2536
0,2542
0,2541
0,2540
0,2545
0,2541
0,2542
0,2544
0,2541
0,2546
0,2546
0,2547
0,2546
0,2552
0,2555
0,2556
0,2555
0,2550
0,2548
0,2546
0,2543
0,2543
0,2542
0,2546
0,2549
0,2547
0,2548
0,2548
0,2550
0,2552
0,2556
0,2557
0,2557
0,2558
0,2558
0,2560
0,2567
0,2566
0,2570
0,2569
0,2570
0,2570
0,2573
0,2568
0,2568
0,2566
0,2562
0,2555
0,2559
0,2557
0,2564
0,2565
0,2570
0,2564
0,2571
0,2566
0,2566
0,2565
0,2565
0,2560
0,2567
0,2570
0,2571
0,2568
0,2569
0,2567
0,2569
0,2566
0,2562
0,2559
0,2559
0,2558
0,2559
0,2557
0,2559
0,2557
0,2558
0,2556
0,2553
0,2553
0,2552
0,2555
0,2550
0,2549
0,2548
0,2548
0,2548
0,2548
0,2545
0,2540
0,2539
0,2543
0,2541
0,2540
0,2544
0,2546
0,2550
0,2545
0,2541
0,2540
0,2540
0,2540
0,2539
0,2543
0,2540
0,2539
0,2540
0,2540
0,2538
0,2537
0,2536
0,2538
0,2540
0,2536
0,2535
0,2526
0,2525
0,2523
0,2523
0,2522
0,2516
0,2518
0,2517
0,2517
0,2520
0,2520
0,2519
0,2520
0,2519
0,2519
0,2519
0,2521
0,2518
0,2515
0,2513
0,2513
0,2515
0,2513
0,2509
0,2510
0,2515
0,2519
0,2518
0,2515
0,2516
0,2492
0,2498
0,2506
0,2506
0,2514
0,2507
0,2515
0,2516
0,2514
0,2513
0,2520
0,2518
0,2532
0,2531
0,2527
0,2527
0,2529
0,2531
0,2527
0,2527
0,2526
0,2521
0,2515
0,2512
0,2509
0,2511
0,2510
0,2510
0,2516
0,2519
0,2530
0,2528
0,2525
0,2524
0,2525
0,2530
0,2527
0,2531
0,2532
0,2534
0,2533
0,2536
0,2543
0,2538
0,2537
0,2538
0,2539
0,2536
0,2535
0,2539
0,2541
0,2541
0,2542
0,2547
0,2545
0,2550
0,2550
0,2552
0,2552
0,2551
0,2556
0,2555
0,2557
0,2557
0,2555
0,2556
0,2557
0,2560
0,2563
0,2562
0,2557
0,2552
0,2554
0,2559
0,2557
0,2556
0,2552
0,2555
0,2555
0,2555
0,2556
0,2564
0,2565
0,2571
0,2568
0,2569
0,2570
0,2569
0,2569
0,2568
0,2565
0,2563
0,2561
0,2556
0,2555
0,2562
0,2558
0,2559
0,2560
0,2559
0,2560
0,2561
0,2560
0,2560
0,2561
0,2563
0,2564
0,2562
0,2561
0,2563
0,2569
0,2568
0,2569
0,2572
0,2571
0,2573
0,2572
0,2567
0,2567
0,2570
0,2567
0,2568
0,2569
0,2570
0,2569
0,2574
0,2571
0,2572
0,2566
0,2568
0,2569
0,2568
0,2564
0,2566
0,2568
0,2567
0,2566
0,2566
0,2567
0,2569
0,2574
0,2575
0,2575
0,2574
0,2573
0,2570
0,2568
0,2569
0,2575
0,2572
0,2570
0,2569
0,2569
0,2571
0,2571
0,2570
0,2573
0,2572
0,2573
0,2572
0,2570
0,2575
0,2577
0,2582
0,2581
0,2578
0,2580
0,2582
0,2579
0,2580
0,2580
0,2577
0,2577
0,2579
0,2580
0,2577
0,2579
0,2577
0,2576
0,2575
0,2574
0,2573
0,2571
0,2568
0,2569
0,2565
0,2572
0,2571
0,2569
0,2566
0,2567
0,2569
0,2571
0,2569
0,2561
0,2565
0,2570
0,2574
0,2573
0,2571
0,2567
0,2565
0,2566
0,2566
0,2566
0,2567
0,2567
0,2566
0,2565
0,2567
0,2568
0,2566
0,2565
0,2565
0,2568
0,2566
0,2564
0,2565
0,2560
0,2561
0,2566
0,2564
0,2566
0,2565
0,2564
0,2562
0,2565
0,2566
0,2564
0,2563
0,2560
0,2562
0,2560
0,2559
0,2560
0,2558
0,2557
0,2554
0,2554
0,2553
0,2548
0,2549
0,2551
0,2551
0,2549
0,2544
0,2543
0,2549
0,2547
0,2549
0,2548
0,2547
0,2548
0,2553
0,2559
0,2557
0,2557
0,2559
0,2559
0,2563
0,2563
0,2563
0,2560
0,2558
0,2555
0,2557
0,2554
0,2555
0,2549
0,2554
0,2551
0,2549
0,2551
0,2552
0,2551
0,2550
0,2553
0,2551
0,2550
0,2553
0,2552
0,2650
0,2658
0,2643
0,2618
0,2602
0,2600
0,2560
0,2549
0,2552
0,2578
0,2576
0,2567
0,2571
0,2588
0,2581
0,2562
0,2573
0,2571
0,2589
0,2564
0,2581
0,2594
0,2601
0,2593
0,2577
0,2588
0,2588
0,2596
0,2597
0,2584
0,2585
0,2586
0,2587
0,2595
0,2589
0,2594
0,2595
0,2584
0,2581
0,2578
0,2574
0,2569
0,2571
0,2577
0,2578
0,2577
0,2578
0,2577
0,2577
0,2582
0,2581
0,2589
0,2589
0,2592
0,2596
0,2593
0,2597
0,2604
0,2604
0,2606
0,2612
0,2618
0,2616
0,2606
0,2607
0,2602
0,2604
0,2609
0,2610
0,2611
0,2611
0,2612
0,2614
0,2612
0,2611
0,2611
0,2612
0,2617
0,2612
0,2612
0,2614
0,2614
0,2615
0,2619
0,2620
0,2610
0,2614
0,2612
0,2610
0,2608
0,2605
0,2607
0,2605
0,2601
0,2604
0,2603
0,2604
0,2606
0,2610
0,2607
0,2605
0,2609
0,2606
0,2603
0,2606
0,2607
0,2605
0,2602
0,2607
0,2606
0,2604
0,2599
0,2594
0,2589
0,2594
0,2595
0,2603
0,2602
0,2603
0,2604
0,2605
0,2609
0,2610
0,2608
0,2607
0,2609
0,2605
0,2609
0,2606
0,2606
0,2602
0,2604
0,2605
0,2601
0,2601
0,2608
0,2606
0,2606
0,2610
0,2612
0,2611
0,2611
0,2611
0,2610
0,2607
0,2610
0,2613
0,2610
0,2610
0,2608
0,2607
0,2610
0,2615
0,2617
0,2618
0,2619
0,2620
0,2617
0,2616
0,2619
0,2623
0,2619
0,2621
0,2623
0,2622
0,2620
0,2621
0,2621
0,2619
0,2618
0,2620
0,2618
0,2620
0,2620
0,2616
0,2620
0,2619
0,2615
0,2617
0,2616
0,2615
0,2615
0,2622
0,2624
0,2629
0,2625
0,2622
0,2622
0,2623
0,2620
0,2620
0,2621
0,2622
0,2630
0,2636
0,2639
0,2640
0,2645
0,2639
0,2639
0,2640
0,2642
0,2642
0,2643
0,2652
0,2647
0,2646
0,2653
0,2644
0,2643
0,2636
0,2637
0,2639
0,2641
0,2642
0,2639
0,2639
0,2642
0,2639
0,2640
0,2639
0,2628
0,2627
0,2630
0,2631
0,2640
0,2641
0,2646
0,2655
0,2647
0,2651
0,2648
0,2642
0,2651
0,2648
0,2645
0,2638
0,2640
0,2641
0,2640
0,2638
0,2646
0,2639
0,2637
0,2640
0,2642
0,2643
0,2644
0,2641
0,2643
0,2642
0,2642
0,2642
0,2643
0,2647
0,2649
0,2652
0,2657
0,2655
0,2654
0,2655
0,2656
0,2651
0,2653
0,2654
0,2658
0,2657
0,2657
0,2657
0,2656
0,2663
0,2657
0,2657
0,2654
0,2659
0,2657
0,2658
0,2657
0,2654
0,2652
0,2652
0,2651
0,2653
0,2656
0,2655
0,2654
0,2655
0,2654
0,2653
0,2656
0,2650
0,2652
0,2654
0,2650
0,2651
0,2651
0,2651
0,2649
0,2650
0,2651
0,2647
0,2645
0,2657
0,2632
0,2644
0,2623
0,2628
0,2624
0,2616
0,2615
0,2624
0,2614
0,2625
0,2628
0,2627
0,2625
0,2633
0,2625
0,2624
0,2632
0,2635
0,2632
0,2623
0,2627
0,2631
0,2636
0,2636
0,2634
0,2628
0,2626
0,2627
0,2628
0,2625
0,2626
0,2623
0,2627
0,2630
0,2625
0,2622
0,2627
0,2623
0,2626
0,2622
0,2621
0,2625
0,2624
0,2625
0,2624
0,2624
0,2622
0,2618
0,2622
0,2624
0,2627
0,2624
0,2617
0,2618
0,2619
0,2618
0,2617
0,2615
0,2614
0,2607
0,2610
0,2611
0,2611
0,2605
0,2605
0,2605
0,2610
0,2616
0,2619
0,2620
0,2619
0,2620
0,2616
0,2622
0,2624
0,2618
0,2627
0,2628
0,2622
0,2625
0,2620
0,2620
0,2624
0,2625
0,2623
0,2619
0,2623
0,2624
0,2624
0,2623
0,2624
0,2623
0,2622
0,2619
0,2618
0,2614
0,2618
0,2619
0,2618
0,2621
0,2623
0,2625
0,2631
0,2630
0,2634
0,2644
0,2632
0,2630
0,2629
0,2624
0,2623
0,2622
0,2619
0,2616
0,2615
0,2618
0,2619
0,2618
0,2616
0,2614
0,2616
0,2613
0,2616
0,2617
0,2621
0,2623
0,2620
0,2618
0,2628
0,2626
0,2626
0,2625
0,2621
0,2624
0,2628
0,2628
0,2627
0,2626
0,2624
0,2622
0,2624
0,2624
0,2621
0,2617
0,2620
0,2622
0,2624
0,2622
0,2622
0,2621
0,2616
0,2625
0,2629
0,2632
0,2634
0,2635
0,2636
0,2639
0,2639
0,2633
0,2636
0,2636
0,2634
0,2632
0,2632
0,2634
0,2633
0,2631
0,2632
0,2636
0,2637
0,2637
0,2638
0,2638
0,2639
0,2641
0,2644
0,2640
0,2642
0,2639
0,2642
0,2645
0,2650
0,2647
0,2646
0,2643
0,2644
0,2647
0,2643
0,2642
0,2648
0,2649
0,2648
0,2650
0,2647
0,2647
0,2641
0,2639
0,2637
0,2638
0,2640
0,2641
0,2640
0,2643
0,2645
0,2642
0,2645
0,2643
0,2648
0,2648
0,2648
0,2643
0,2643
0,2644
0,2643
0,2645
0,2641
0,2643
0,2636
0,2640
0,2639
0,2641
0,2642
0,2639
0,2639
0,2645
0,2641
0,2640
0,2641
0,2639
0,2640
0,2647
0,2647
0,2644
0,2647
0,2647
0,2646
0,2647
0,2646
0,2647
0,2648
0,2649
0,2648
0,2646
0,2647
0,2647
0,2647
0,2648
0,2647
0,2649
0,2650
0,2650
0,2651
0,2651
0,2653
0,2653
0,2653
0,2653
0,2653
0,2654
0,2633
0,2639
0,2637
0,2638
0,2626
0,2638
0,2640
0,2625
0,2646
0,2619
0,2618
0,2630
0,2616
0,2629
0,2631
0,2618
0,2619
0,2626
0,2628
0,2619
0,2624
0,2618
0,2622
0,2630
0,2630
0,2629
0,2629
0,2638
0,2642
0,2632
0,2632
0,2633
0,2636
0,2636
0,2640
0,2638
0,2640
0,2633
0,2636
0,2637
0,2633
0,2634
0,2633
0,2632
0,2637
0,2634
0,2633
0,2634
0,2633
0,2634
0,2634
0,2633
0,2632
0,2622
0,2623
0,2622
0,2624
0,2626
0,2620
0,2623
0,2615
0,2619
0,2617
0,2622
0,2620
0,2621
0,2621
0,2617
0,2617
0,2616
0,2619
0,2621
0,2620
0,2619
0,2620
0,2624
0,2624
0,2625
0,2624
0,2626
0,2625
0,2625
0,2628
0,2625
0,2625
0,2624
0,2619
0,2617
0,2623
0,2621
0,2622
0,2621
0,2623
0,2620
0,2620
0,2619
0,2620
0,2622
0,2620
0,2620
0,2621
0,2620
0,2621
0,2622
0,2621
0,2620
0,2621
0,2622
0,2620
0,2621
0,2620
0,2620
0,2619
0,2619
0,2619
0,2621
0,2623
0,2620
0,2618
0,2618
0,2619
0,2623
0,2625
0,2621
0,2622
0,2623
0,2622
0,2623
0,2623
0,2619
0,2618
0,2627
0,2623
0,2625
0,2624
0,2628
0,2627
0,2626
0,2624
0,2623
0,2625
0,2623
0,2624
0,2624
0,2625
0,2624
0,2625
0,2624
0,2625
0,2627
0,2624
0,2624
0,2626
0,2634
0,2632
0,2633
0,2632
0,2631
0,2628
0,2628
0,2628
0,2625
0,2627
0,2624
0,2624
0,2623
0,2624
0,2621
0,2614
0,2613
0,2611
0,2607
0,2612
0,2611
0,2612
0,2613
0,2615
0,2617
0,2619
0,2618
0,2619
0,2624
0,2630
0,2630
0,2629
0,2627
0,2630
0,2631
0,2631
0,2623
0,2622
0,2619
0,2621
0,2618
0,2618
0,2619
0,2625
0,2620
0,2625
0,2626
0,2625
0,2626
0,2625
0,2621
0,2624
0,2623
0,2624
0,2626
0,2625
0,2623
0,2625
0,2623
0,2623
0,2627
0,2623
0,2625
0,2628
0,2629
0,2625
0,2626
0,2625
0,2626
0,2629
0,2631
0,2631
0,2628
0,2628
0,2628
0,2628
0,2626
0,2626
0,2622
0,2628
0,2628
0,2626
0,2625
0,2627
0,2628
0,2630
0,2631
0,2626
0,2628
0,2628
0,2629
0,2629
0,2627
0,2628
0,2629
0,2626
0,2626
0,2628
0,2627
0,2628
0,2628
0,2630
0,2628
0,2630
0,2666
0,2659
0,2658
0,2647
0,2644
0,2641
0,2639
0,2652
0,2639
0,2639
0,2651
0,2650
0,2650
0,2650
0,2651
0,2650
0,2636
0,2630
0,2634
0,2635
0,2635
0,2635
0,2636
0,2624
0,2624
0,2624
0,2623
0,2623
0,2623
0,2621
0,2634
0,2621
0,2621
0,2641
0,2637
0,2637
0,2639
0,2635
0,2635
0,2630
0,2626
0,2634
0,2628
0,2632
0,2627
0,2623
0,2628
0,2629
0,2635
0,2637
0,2635
0,2634
0,2634
0,2634
0,2638
0,2639
0,2643
0,2638
0,2648
0,2644
0,2644
0,2644
0,2649
0,2649
0,2650
0,2649
0,2650
0,2649
0,2650
0,2650
0,2649
0,2653
0,2647
0,2643
0,2641
0,2641
0,2636
0,2636
0,2632
0,2632
0,2633
0,2633
0,2633
0,2634
0,2636
0,2638
0,2636
0,2640
0,2637
0,2635
0,2633
0,2638
0,2638
0,2636
0,2637
0,2638
0,2639
0,2641
0,2638
0,2639
0,2642
0,2640
0,2638
0,2639
0,2640
0,2641
0,2640
0,2640
0,2642
0,2641
0,2641
0,2642
0,2639
0,2640
0,2641
0,2642
0,2646
0,2644
0,2645
0,2646
0,2645
0,2645
0,2645
0,2645
0,2646
0,2644
0,2646
0,2643
0,2641
0,2642
0,2643
0,2645
0,2651
0,2651
0,2646
0,2647
0,2647
0,2647
0,2648
0,2649
0,2651
0,2650
0,2649
0,2656
0,2652
0,2650
0,2650
0,2656
0,2655
0,2652
0,2648
0,2652
0,2651
0,2653
0,2653
0,2653
0,2648
0,2650
0,2649
0,2646
0,2646
0,2645
0,2639
0,2643
0,2645
0,2644
0,2646
0,2647
0,2651
0,2650
0,2650
0,2650
0,2649
0,2646
0,2646
0,2645
0,2644
0,2648
0,2646
0,2646
0,2645
0,2644
0,2641
0,2643
0,2642
0,2643
0,2641
0,2639
0,2636
0,2640
0,2639
0,2639
0,2640
0,2641
0,2637
0,2639
0,2647
0,2644
0,2642
0,2642
0,2644
0,2644
0,2641
0,2640
0,2644
0,2640
0,2639
0,2641
0,2644
0,2642
0,2641
0,2642
0,2641
0,2641
0,2642
0,2646
0,2646
0,2652
0,2656
0,2662
0,2657
0,2660
0,2656
0,2653
0,2654
0,2649
0,2648
0,2646
0,2644
0,2649
0,2647
0,2646
0,2646
0,2647
0,2648
0,2648
0,2648
0,2650
0,2652
0,2653
0,2657
0,2653
0,2655
0,2654
0,2653
0,2652
0,2656
0,2657
0,2657
0,2656
0,2655
0,2655
0,2655
0,2654
0,2653
0,2649
0,2650
0,2650
0,2648
0,2652
0,2650
0,2649
0,2650
0,2649
0,2649
0,2650
0,2647
0,2646
0,2646
0,2664
0,2662
0,2658
0,2666
0,2675
0,2674
0,2675
0,2671
0,2662
0,2661
0,2663
0,2664
0,2662
0,2661
0,2661
0,2655
0,2666
0,2662
0,2665
0,2672
0,2676
0,2679
0,2667
0,2668
0,2670
0,2671
0,2668
0,2662
0,2657
0,2659
0,2660
0,2662
0,2662
0,2661
0,2662
0,2661
0,2660
0,2660
0,2657
0,2658
0,2661
0,2660
0,2662
0,2664
0,2666
0,2664
0,2661
0,2665
0,2662
0,2660
0,2662
0,2664
0,2661
0,2660
0,2664
0,2662
0,2666
0,2667
0,2671
0,2669
0,2673
0,2675
0,2680
0,2674
0,2673
0,2678
0,2679
0,2680
0,2672
0,2685
0,2698
0,2671
0,2672
0,2670
0,2672
0,2675
0,2677
0,2676
0,2679
0,2682
0,2678
0,2675
0,2676
0,2675
0,2674
0,2676
0,2674
0,2682
0,2696
0,2688
0,2682
0,2685
0,2681
0,2680
0,2674
0,2676
0,2675
0,2676
0,2676
0,2674
0,2675
0,2675
0,2678
0,2677
0,2675
0,2678
0,2681
0,2683
0,2682
0,2680
0,2682
0,2685
0,2686
0,2691
0,2690
0,2693
0,2690
0,2693
0,2694
0,2693
0,2693
0,2692
0,2690
0,2681
0,2683
0,2681
0,2684
0,2682
0,2681
0,2681
0,2674
0,2675
0,2679
0,2680
0,2677
0,2678
0,2684
0,2686
0,2688
0,2687
0,2686
0,2687
0,2688
0,2687
0,2683
0,2687
0,2688
0,2686
0,2685
0,2683
0,2686
0,2686
0,2685
0,2687
0,2690
0,2692
0,2689
0,2690
0,2692
0,2690
0,2688
0,2691
0,2695
0,2695
0,2698
0,2700
0,2702
0,2704
0,2703
0,2702
0,2705
0,2702
0,2699
0,2702
0,2708
0,2709
0,2707
0,2708
0,2705
0,2706
0,2708
0,2707
0,2710
0,2712
0,2706
0,2701
0,2702
0,2701
0,2695
0,2700
0,2701
0,2705
0,2706
0,2707
0,2706
0,2705
0,2700
0,2704
0,2703
0,2701
0,2702
0,2703
0,2704
0,2704
0,2699
0,2701
0,2703
0,2702
0,2703
0,2703
0,2702
0,2701
0,2702
0,2703
0,2701
0,2701
0,2701
0,2709
0,2692
0,2687
0,2705
0,2686
0,2701
0,2686
0,2698
0,2699
0,2701
0,2688
0,2703
0,2710
0,2711
0,2709
0,2715
0,2711
0,2710
0,2715
0,2717
0,2717
0,2716
0,2715
0,2718
0,2728
0,2729
0,2729
0,2728
0,2721
0,2712
0,2708
0,2710
0,2712
0,2713
0,2721
0,2725
0,2719
0,2714
0,2717
0,2712
0,2710
0,2710
0,2711
0,2711
0,2711
0,2707
0,2701
0,2712
0,2710
0,2711
0,2711
0,2711
0,2703
0,2702
0,2702
0,2701
0,2698
0,2701
0,2701
0,2701
0,2697
0,2708
0,2709
0,2714
0,2715
0,2716
0,2717
0,2714
0,2711
0,2710
0,2708
0,2709
0,2709
0,2709
0,2708
0,2705
0,2710
0,2715
0,2712
0,2712
0,2717
0,2714
0,2710
0,2718
0,2714
0,2710
0,2710
0,2709
0,2708
0,2717
0,2709
0,2713
0,2715
0,2710
0,2711
0,2712
0,2713
0,2715
0,2710
0,2735
0,2713
0,2714
0,2713
0,2709
0,2710
0,2713
0,2710
0,2711
0,2711
0,2709
0,2716
0,2711
0,2712
0,2718
0,2722
0,2724
0,2725
0,2729
0,2725
0,2723
0,2720
0,2722
0,2728
0,2728
0,2729
0,2727
0,2733
0,2733
0,2732
0,2734
0,2733
0,2727
0,2726
0,2719
0,2719
0,2717
0,2715
0,2713
0,2710
0,2712
0,2712
0,2713
0,2715
0,2714
0,2713
0,2716
0,2712
0,2710
0,2710
0,2711
0,2712
0,2706
0,2708
0,2709
0,2708
0,2708
0,2713
0,2712
0,2715
0,2716
0,2716
0,2717
0,2708
0,2710
0,2713
0,2709
0,2712
0,2713
0,2714
0,2723
0,2724
0,2721
0,2725
0,2727
0,2724
0,2722
0,2721
0,2720
0,2721
0,2725
0,2724
0,2725
0,2726
0,2726
0,2724
0,2725
0,2727
0,2734
0,2733
0,2735
0,2734
0,2729
0,2737
0,2732
0,2731
0,2730
0,2724
0,2724
0,2725
0,2724
0,2725
0,2727
0,2731
0,2727
0,2726
0,2724
0,2724
0,2730
0,2726
0,2725
0,2728
0,2730
0,2732
0,2731
0,2732
0,2731
0,2732
0,2730
0,2731
0,2731
0,2729
0,2727
0,2730
0,2727
0,2726
0,2724
0,2724
0,2722
0,2722
0,2720
0,2722
0,2721
0,2722
0,2720
0,2726
0,2722
0,2721
0,2720
0,2722
0,2727
0,2727
0,2734
0,2746
0,2749
0,2752
0,2756
0,2768
0,2754
0,2774
0,2775
0,2779
0,2778
0,2757
0,2757
0,2756
0,2757
0,2758
0,2753
0,2763
0,2763
0,2763
0,2763
0,2763
0,2757
0,2756
0,2750
0,2750
0,2756
0,2758
0,2764
0,2764
0,2766
0,2770
0,2774
0,2778
0,2785
0,2784
0,2783
0,2783
0,2785
0,2787
0,2785
0,2782
0,2787
0,2788
0,2789
0,2788
0,2789
0,2789
0,2788
0,2784
0,2788
0,2790
0,2789
0,2795
0,2797
0,2797
0,2801
0,2796
0,2796
0,2794
0,2795
0,2795
0,2786
0,2791
0,2790
0,2790
0,2786
0,2790
0,2789
0,2790
0,2792
0,2789
0,2784
0,2790
0,2787
0,2786
0,2794
0,2794
0,2793
0,2796
0,2797
0,2801
0,2804
0,2802
0,2802
0,2803
0,2801
0,2801
0,2803
0,2801
0,2804
0,2802
0,2802
0,2803
0,2803
0,2801
0,2804
0,2802
0,2803
0,2804
0,2803
0,2804
0,2803
0,2804
0,2803
0,2800
0,2800
0,2799
0,2801
0,2799
0,2801
0,2803
0,2805
0,2808
0,2810
0,2810
0,2811
0,2809
0,2807
0,2809
0,2810
0,2812
0,2817
0,2821
0,2823
0,2827
0,2825
0,2818
0,2821
0,2823
0,2822
0,2820
0,2827
0,2827
0,2830
0,2824
0,2822
0,2824
0,2822
0,2827
0,2829
0,2829
0,2827
0,2831
0,2839
0,2835
0,2838
0,2842
0,2837
0,2838
0,2837
0,2841
0,2843
0,2843
0,2839
0,2851
0,2845
0,2846
0,2847
0,2852
0,2852
0,2849
0,2848
0,2844
0,2836
0,2845
0,2844
0,2841
0,2841
0,2842
0,2845
0,2844
0,2843
0,2841
0,2837
0,2836
0,2837
0,2838
0,2838
0,2838
0,2838
0,2840
0,2832
0,2831
0,2834
0,2827
0,2826
0,2829
0,2823
0,2829
0,2829
0,2829
0,2836
0,2841
0,2840
0,2841
0,2840
0,2835
0,2832
0,2831
0,2837
0,2831
0,2829
0,2830
0,2830
0,2825
0,2832
0,2831
0,2839
0,2838
0,2849
0,2844
0,2838
0,2840
0,2839
0,2845
0,2847
0,2848
0,2854
0,2853
0,2858
0,2859
0,2863
0,2871
0,2872
0,2870
0,2871
0,2859
0,2851
0,2856
0,2861
0,2861
0,2862
0,2862
0,2860
0,2862
0,2867
0,2855
0,2853
0,2856
0,2860
0,2861
0,2850
0,2841
0,2842
0,2844
0,2845
0,2845
0,2841
0,2844
0,2845
0,2845
0,2842
0,2841
0,2842
0,2848
0,2847
0,2852
0,2846
0,2847
0,2847
0,2852
0,2855
0,2853
0,2853
0,2853
0,2853
0,2850
0,2856
0,2855
0,2857
0,2859
0,2859
0,2859
0,2862
0,2861
0,2857
0,2857
0,2856
0,2858
0,2857
0,2861
0,2862
0,2862
0,2865
0,2866
0,2869
0,2869
0,2865
0,2864
0,2863
0,2865
0,2859
0,2857
0,2861
0,2861
0,2856
0,2854
0,2857
0,2855
0,2860
0,2861
0,2864
0,2860
0,2860
0,2812
0,2840
0,2820
0,2839
0,2829
0,2792
0,2821
0,2803
0,2797
0,2826
0,2817
0,2836
0,2852
0,2853
0,2854
0,2855
0,2844
0,2855
0,2859
0,2860
0,2850
0,2851
0,2851
0,2852
0,2849
0,2854
0,2854
0,2852
0,2849
0,2842
0,2834
0,2838
0,2839
0,2849
0,2850
0,2854
0,2852
0,2846
0,2846
0,2857
0,2853
0,2857
0,2855
0,2860
0,2862
0,2862
0,2865
0,2862
0,2865
0,2865
0,2864
0,2862
0,2865
0,2861
0,2864
0,2858
0,2856
0,2857
0,2858
0,2863
0,2866
0,2867
0,2864
0,2859
0,2858
0,2859
0,2853
0,2842
0,2839
0,2835
0,2833
0,2831
0,2830
0,2829
0,2830
0,2833
0,2831
0,2832
0,2836
0,2836
0,2838
0,2837
0,2836
0,2834
0,2833
0,2834
0,2834
0,2833
0,2836
0,2836
0,2836
0,2836
0,2836
0,2838
0,2833
0,2834
0,2833
0,2831
0,2832
0,2833
0,2835
0,2832
0,2830
0,2831
0,2830
0,2832
0,2830
0,2832
0,2832
0,2831
0,2828
0,2833
0,2836
0,2836
0,2828
0,2833
0,2834
0,2836
0,2833
0,2830
0,2830
0,2831
0,2832
0,2833
0,2836
0,2830
0,2829
0,2830
0,2829
0,2830
0,2831
0,2829
0,2830
0,2829
0,2828
0,2831
0,2833
0,2831
0,2828
0,2830
0,2831
0,2831
0,2828
0,2826
0,2827
0,2827
0,2827
0,2831
0,2831
0,2829
0,2830
0,2830
0,2829
0,2833
0,2831
0,2828
0,2830
0,2831
0,2833
0,2842
0,2840
0,2844
0,2842
0,2842
0,2840
0,2838
0,2842
0,2837
0,2835
0,2835
0,2833
0,2831
0,2831
0,2831
0,2830
0,2829
0,2827
0,2828
0,2826
0,2825
0,2822
0,2821
0,2819
0,2817
0,2815
0,2814
0,2813
0,2811
0,2808
0,2806
0,2803
0,2800
0,2798
0,2799
0,2803
0,2805
0,2806
0,2804
0,2800
0,2799
0,2800
0,2799
0,2799
0,2805
0,2803
0,2800
0,2800
0,2801
0,2802
0,2811
0,2816
0,2792
0,2791
0,2790
0,2789
0,2795
0,2814
0,2812
0,2811
0,2809
0,2814
0,2813
0,2813
0,2813
0,2813
0,2813
0,2813
0,2816
0,2815
0,2818
0,2817
0,2809
0,2815
0,2814
0,2815
0,2808
0,2809
0,2809
0,2812
0,2809
0,2809
0,2809
0,2808
0,2810
0,2808
0,2808
0,2808
0,2808
0,2808
0,2808
0,2808
0,2808
0,2808
0,2809
0,2809
0,2815
0,2813
0,2812
0,2811
0,2813
0,2815
0,2816
0,2812
0,2816
0,2813
0,2814
0,2812
0,2813
0,2813
0,2814
0,2818
0,2822
0,2821
0,2821
0,2821
0,2822
0,2821
0,2820
0,2818
0,2815
0,2821
0,2815
0,2815
0,2820
0,2821
0,2822
0,2823
0,2822
0,2815
0,2815
0,2815
0,2816
0,2818
0,2816
0,2815
0,2813
0,2807
0,2811
0,2809
0,2810
0,2810
0,2810
0,2809
0,2809
0,2809
0,2810
0,2809
0,2809
0,2810
0,2809
0,2809
0,2810
0,2809
0,2809
0,2817
0,2815
0,2815
0,2815
0,2815
0,2815
0,2818
0,2816
0,2818
0,2818
0,2824
0,2820
0,2820
0,2819
0,2819
0,2820
0,2821
0,2821
0,2821
0,2821
0,2821
0,2821
0,2821
0,2821
0,2821
0,2821
0,2821
0,2821
0,2820
0,2821
0,2815
0,2814
0,2814
0,2815
0,2806
0,2803
0,2804
0,2803
0,2801
0,2798
0,2797
0,2795
0,2801
0,2805
0,2802
0,2799
0,2805
0,2810
0,2805
0,2805
0,2798
0,2797
0,2798
0,2797
0,2795
0,2798
0,2794
0,2793
0,2799
0,2797
0,2799
0,2798
0,2797
0,2794
0,2799
0,2797
0,2788
0,2789
0,2791
0,2788
0,2787
0,2788
0,2793
0,2794
0,2793
0,2793
0,2791
0,2792
0,2791
0,2793
0,2793
0,2787
0,2786
0,2785
0,2784
0,2776
0,2782
0,2784
0,2785
0,2785
0,2784
0,2783
0,2792
0,2782
0,2785
0,2793
0,2792
0,2792
0,2789
0,2786
0,2788
0,2788
0,2789
0,2782
0,2787
0,2784
0,2788
0,2784
0,2786
0,2787
0,2795
0,2798
0,2797
0,2795
0,2796
0,2795
0,2797
0,2796
0,2795
0,2790
0,2790
0,2787
0,2791
0,2796
0,2793
0,2797
0,2796
0,2796
0,2796
0,2795
0,2794
0,2794
0,2796
0,2796
0,2795
0,2795
0,2794
0,2795
0,2798
0,2802
0,2799
0,2795
0,2804
0,2802
0,2777
0,2773
0,2778
0,2780
0,2783
0,2780
0,2789
0,2789
0,2796
0,2792
0,2791
0,2795
0,2792
0,2792
0,2792
0,2793
0,2788
0,2789
0,2789
0,2785
0,2779
0,2776
0,2777
0,2776
0,2774
0,2782
0,2781
0,2780
0,2791
0,2789
0,2788
0,2781
0,2782
0,2787
0,2788
0,2788
0,2789
0,2788
0,2786
0,2783
0,2784
0,2783
0,2774
0,2773
0,2774
0,2773
0,2773
0,2772
0,2767
0,2767
0,2775
0,2776
0,2771
0,2774
0,2775
0,2774
0,2773
0,2771
0,2772
0,2767
0,2770
0,2769
0,2774
0,2775
0,2775
0,2776
0,2778
0,2779
0,2781
0,2783
0,2783
0,2781
0,2781
0,2782
0,2784
0,2783
0,2782
0,2781
0,2780
0,2781
0,2784
0,2783
0,2785
0,2782
0,2778
0,2779
0,2778
0,2779
0,2778
0,2778
0,2777
0,2781
0,2781
0,2780
0,2782
0,2782
0,2782
0,2781
0,2782
0,2781
0,2781
0,2782
0,2784
0,2782
0,2784
0,2786
0,2785
0,2781
0,2781
0,2776
0,2779
0,2778
0,2779
0,2775
0,2777
0,2779
0,2780
0,2778
0,2785
0,2782
0,2785
0,2785
0,2786
0,2783
0,2785
0,2784
0,2791
0,2790
0,2785
0,2784
0,2788
0,2785
0,2781
0,2776
0,2781
0,2782
0,2781
0,2782
0,2781
0,2785
0,2783
0,2782
0,2784
0,2785
0,2784
0,2782
0,2784
0,2782
0,2780
0,2782
0,2780
0,2784
0,2780
0,2779
0,2779
0,2779
0,2783
0,2779
0,2772
0,2771
0,2768
0,2765
0,2766
0,2764
0,2764
0,2762
0,2760
0,2766
0,2768
0,2769
0,2768
0,2767
0,2768
0,2768
0,2767
0,2768
0,2767
0,2767
0,2768
0,2766
0,2762
0,2761
0,2761
0,2762
0,2763
0,2759
0,2758
0,2760
0,2759
0,2759
0,2760
0,2757
0,2762
0,2761
0,2759
0,2760
0,2758
0,2760
0,2758
0,2762
0,2761
0,2759
0,2762
0,2773
0,2773
0,2776
0,2775
0,2775
0,2771
0,2770
0,2771
0,2775
0,2778
0,2776
0,2773
0,2771
0,2771
0,2782
0,2779
0,2778
0,2777
0,2776
0,2774
0,2773
0,2774
0,2772
0,2771
0,2773
0,2773
0,2773
0,2772
0,2772
0,2771
0,2771
0,2769
0,2771
0,2773
0,2775
0,2776
0,2775
0,2775
0,2774
0,2775
0,2775
0,2774
0,2773
0,2775
0,2775
0,2773
0,2772
0,2771
0,2760
0,2744
0,2752
0,2760
0,2759
0,2772
0,2772
0,2774
0,2770
0,2776
0,2778
0,2771
0,2765
0,2770
0,2767
0,2769
0,2768
0,2766
0,2770
0,2766
0,2765
0,2769
0,2771
0,2769
0,2764
0,2765
0,2770
0,2767
0,2768
0,2768
0,2771
0,2769
0,2762
0,2764
0,2759
0,2761
0,2763
0,2764
0,2764
0,2765
0,2769
0,2765
0,2768
0,2772
0,2771
0,2773
0,2772
0,2771
0,2770
0,2771
0,2770
0,2771
0,2771
0,2770
0,2771
0,2760
0,2761
0,2759
0,2759
0,2759
0,2762
0,2763
0,2763
0,2762
0,2759
0,2760
0,2760
0,2761
0,2761
0,2761
0,2759
0,2760
0,2757
0,2754
0,2754
0,2749
0,2754
0,2755
0,2754
0,2756
0,2754
0,2754
0,2751
0,2754
0,2750
0,2752
0,2754
0,2750
0,2756
0,2756
0,2753
0,2754
0,2757
0,2758
0,2759
0,2760
0,2762
0,2759
0,2761
0,2762
0,2760
0,2754
0,2707
0,2706
0,2772
0,2772
0,2770
0,2769
0,2771
0,2764
0,2760
0,2760
0,2763
0,2766
0,2763
0,2763
0,2763
0,2763
0,2764
0,2765
0,2765
0,2765
0,2765
0,2765
0,2766
0,2765
0,2765
0,2766
0,2766
0,2765
0,2766
0,2766
0,2766
0,2765
0,2766
0,2766
0,2766
0,2766
0,2766
0,2766
0,2765
0,2762
0,2767
0,2763
0,2762
0,2764
0,2767
0,2767
0,2767
0,2768
0,2767
0,2768
0,2767
0,2772
0,2773
0,2772
0,2770
0,2764
0,2766
0,2767
0,2766
0,2764
0,2765
0,2764
0,2765
0,2765
0,2771
0,2769
0,2772
0,2768
0,2761
0,2761
0,2762
0,2761
0,2761
0,2768
0,2770
0,2771
0,2771
0,2766
0,2767
0,2771
0,2771
0,2770
0,2770
0,2770
0,2770
0,2771
0,2772
0,2771
0,2765
0,2765
0,2764
0,2762
0,2764
0,2768
0,2767
0,2768
0,2767
0,2767
0,2768
0,2770
0,2774
0,2759
0,2761
0,2762
0,2762
0,2763
0,2760
0,2760
0,2761
0,2759
0,2758
0,2760
0,2765
0,2764
0,2766
0,2768
0,2768
0,2767
0,2760
0,2764
0,2769
0,2772
0,2772
0,2771
0,2774
0,2773
0,2773
0,2768
0,2762
0,2764
0,2766
0,2764
0,2761
0,2762
0,2767
0,2762
0,2761
0,2762
0,2761
0,2763
0,2761
0,2761
0,2772
0,2769
0,2768
0,2770
0,2769
0,2766
0,2765
0,2763
0,2760
0,2761
0,2760
0,2763
0,2762
0,2761
0,2760
0,2761
0,2760
0,2762
0,2763
0,2760
0,2763
0,2764
0,2763
0,2764
0,2763
0,2761
0,2760
0,2757
0,2808
0,2791
0,2787
0,2791
0,2760
0,2762
0,2761
0,2761
0,2761
0,2761
0,2761
0,2761
0,2762
0,2762
0,2762
0,2761
0,2761
0,2761
0,2761
0,2762
0,2761
0,2761
0,2762
0,2761
0,2761
0,2761
0,2762
0,2761
0,2761
0,2774
0,2772
0,2759
0,2760
0,2761
0,2761
0,2761
0,2760
0,2760
0,2762
0,2762
0,2760
0,2760
0,2760
0,2760
0,2760
0,2761
0,2760
0,2761
0,2760
0,2766
0,2765
0,2768
0,2773
0,2770
0,2769
0,2768
0,2763
0,2764
0,2765
0,2763
0,2761
0,2758
0,2756
0,2753
0,2752
0,2752
0,2748
0,2750
0,2762
0,2767
0,2766
0,2763
0,2762
0,2758
0,2757
0,2756
0,2753
0,2752
0,2749
0,2751
0,2755
0,2753
0,2750
0,2753
0,2754
0,2756
0,2756
0,2757
0,2759
0,2763
0,2769
0,2768
0,2766
0,2762
0,2762
0,2775
0,2775
0,2774
0,2773
0,2780
0,2776
0,2778
0,2783
0,2780
0,2780
0,2780
0,2776
0,2777
0,2778
0,2780
0,2777
0,2772
0,2777
0,2774
0,2776
0,2775
0,2773
0,2770
0,2770
0,2765
0,2768
0,2767
0,2765
0,2763
0,2771
0,2773
0,2775
0,2778
0,2778
0,2778
0,2781
0,2785
0,2777
0,2778
0,2783
0,2782
0,2782
0,2781
0,2780
0,2777
0,2780
0,2781
0,2779
0,2780
0,2776
0,2776
0,2777
0,2773
0,2772
0,2770
0,2771
0,2771
0,2773
0,2776
0,2777
0,2781
0,2779
0,2778
0,2779
0,2776
0,2772
0,2769
0,2773
0,2770
0,2771
0,2772
0,2771
0,2770
0,2764
0,2767
0,2763
0,2762
0,2762
0,2763
0,2762
0,2760
0,2760
0,2756
0,2753
0,2756
0,2757
0,2760
0,2760
0,2762
0,2761
0,2755
0,2760
0,2757
0,2756
0,2761
0,2760
0,2756
0,2757
0,2756
0,2759
0,2760
0,2757
0,2754
0,2748
0,2748
0,2748
0,2748
0,2748
0,2748
0,2749
0,2751
0,2750
0,2753
0,2754
0,2755
0,2756
0,2758
0,2760
0,2756
0,2756
0,2764
0,2762
0,2760
0,2765
0,2760
0,2763
0,2766
0,2761
0,2760
0,2758
0,2754
0,2758
0,2759
0,2763
0,2762
0,2761
0,2763
0,2763
0,2762
0,2760
0,2760
0,2759
0,2759
0,2760
0,2761
0,2757
0,2756
0,2756
0,2750
0,2741
0,2738
0,2740
0,2741
0,2746
0,2759
0,2752
0,2746
0,2752
0,2753
0,2757
0,2750
0,2756
0,2757
0,2754
0,2749
0,2742
0,2738
0,2739
0,2749
0,2743
0,2737
0,2737
0,2736
0,2741
0,2738
0,2746
0,2743
0,2744
0,2755
0,2751
0,2753
0,2749
0,2744
0,2749
0,2753
0,2753
0,2757
0,2753
0,2751
0,2743
0,2742
0,2745
0,2744
0,2747
0,2748
0,2747
0,2753
0,2754
0,2755
0,2751
0,2753
0,2752
0,2750
0,2748
0,2746
0,2744
0,2745
0,2744
0,2743
0,2744
0,2746
0,2745
0,2746
0,2747
0,2742
0,2747
0,2744
0,2743
0,2742
0,2747
0,2746
0,2746
0,2744
0,2739
0,2738
0,2739
0,2744
0,2741
0,2744
0,2742
0,2740
0,2742
0,2742
0,2747
0,2743
0,2744
0,2745
0,2747
0,2749
0,2758
0,2755
0,2750
0,2749
0,2751
0,2750
0,2748
0,2746
0,2744
0,2751
0,2748
0,2745
0,2744
0,2744
0,2745
0,2747
0,2745
0,2746
0,2746
0,2746
0,2746
0,2745
0,2747
0,2746
0,2744
0,2746
0,2744
0,2744
0,2745
0,2745
0,2745
0,2742
0,2744
0,2745
0,2743
0,2742
0,2741
0,2740
0,2741
0,2743
0,2743
0,2743
0,2742
0,2742
0,2742
0,2739
0,2740
0,2739
0,2734
0,2737
0,2737
0,2735
0,2738
0,2737
0,2736
0,2735
0,2733
0,2730
0,2724
0,2727
0,2728
0,2731
0,2728
0,2726
0,2726
0,2725
0,2721
0,2720
0,2723
0,2723
0,2722
0,2720
0,2720
0,2720
0,2721
0,2725
0,2724
0,2718
0,2715
0,2714
0,2712
0,2711
0,2711
0,2709
0,2709
0,2708
0,2705
0,2704
0,2699
0,2703
0,2717
0,2727
0,2728
0,2729
0,2726
0,2719
0,2721
0,2726
0,2729
0,2727
0,2725
0,2731
0,2730
0,2731
0,2730
0,2727
0,2727
0,2729
0,2733
0,2733
0,2734
0,2733
0,2732
0,2731
0,2729
0,2724
0,2722
0,2722
0,2721
0,2719
0,2720
0,2724
0,2723
0,2723
0,2723
0,2724
0,2723
0,2724
0,2723
0,2725
0,2725
0,2723
0,2724
0,2724
0,2721
0,2720
0,2720
0,2717
0,2717
0,2716
0,2724
0,2726
0,2683
0,2693
0,2710
0,2711
0,2720
0,2720
0,2719
0,2703
0,2709
0,2716
0,2724
0,2724
0,2723
0,2723
0,2723
0,2714
0,2714
0,2715
0,2715
0,2715
0,2719
0,2715
0,2711
0,2712
0,2713
0,2726
0,2717
0,2722
0,2725
0,2724
0,2730
0,2720
0,2721
0,2722
0,2722
0,2722
0,2720
0,2720
0,2723
0,2723
0,2728
0,2733
0,2733
0,2739
0,2738
0,2746
0,2745
0,2743
0,2743
0,2744
0,2746
0,2747
0,2749
0,2756
0,2755
0,2760
0,2761
0,2759
0,2764
0,2764
0,2771
0,2770
0,2770
0,2771
0,2772
0,2773
0,2777
0,2773
0,2777
0,2764
0,2763
0,2754
0,2750
0,2749
0,2756
0,2754
0,2753
0,2755
0,2754
0,2760
0,2760
0,2759
0,2758
0,2758
0,2757
0,2754
0,2755
0,2754
0,2755
0,2756
0,2758
0,2759
0,2762
0,2766
0,2770
0,2763
0,2762
0,2761
0,2761
0,2755
0,2759
0,2763
0,2760
0,2758
0,2760
0,2759
0,2756
0,2757
0,2759
0,2759
0,2757
0,2756
0,2755
0,2760
0,2762
0,2758
0,2758
0,2759
0,2761
0,2762
0,2769
0,2767
0,2770
0,2770
0,2768
0,2770
0,2769
0,2764
0,2768
0,2767
0,2767
0,2766
0,2764
0,2765
0,2762
0,2761
0,2759
0,2757
0,2760
0,2759
0,2755
0,2758
0,2758
0,2756
0,2759
0,2759
0,2763
0,2765
0,2766
0,2767
0,2768
0,2771
0,2772
0,2772
0,2773
0,2770
0,2770
0,2771
0,2772
0,2770
0,2771
0,2770
0,2769
0,2767
0,2768
0,2772
0,2773
0,2774
0,2779
0,2779
0,2774
0,2773
0,2772
0,2773
0,2774
0,2773
0,2773
0,2773
0,2770
0,2771
0,2770
0,2760
0,2763
0,2764
0,2763
0,2766
0,2764
0,2766
0,2767
0,2768
0,2769
0,2770
0,2769
0,2770
0,2771
0,2770
0,2769
0,2772
0,2773
0,2767
0,2766
0,2770
0,2775
0,2780
0,2773
0,2774
0,2773
0,2771
0,2771
0,2768
0,2768
0,2769
0,2771
0,2772
0,2775
0,2776
0,2773
0,2774
0,2773
0,2765
0,2774
0,2774
0,2775
0,2779
0,2777
0,2777
0,2782
0,2780
0,2775
0,2774
0,2775
0,2772
0,2775
0,2774
0,2773
0,2773
0,2775
0,2772
0,2757
0,2757
0,2761
0,2756
0,2755
0,2757
0,2759
0,2760
0,2759
0,2760
0,2761
0,2763
0,2761
0,2763
0,2762
0,2765
0,2768
0,2768
0,2767
0,2765
0,2754
0,2761
0,2755
0,2774
0,2776
0,2760
0,2777
0,2753
0,2768
0,2762
0,2755
0,2754
0,2755
0,2752
0,2768
0,2771
0,2769
0,2770
0,2772
0,2763
0,2763
0,2763
0,2763
0,2760
0,2761
0,2767
0,2776
0,2777
0,2777
0,2773
0,2776
0,2779
0,2778
0,2782
0,2777
0,2774
0,2769
0,2770
0,2773
0,2772
0,2772
0,2772
0,2774
0,2769
0,2768
0,2772
0,2774
0,2776
0,2780
0,2779
0,2777
0,2782
0,2779
0,2778
0,2777
0,2777
0,2774
0,2771
0,2773
0,2773
0,2774
0,2773
0,2774
0,2773
0,2774
0,2776
0,2778
0,2781
0,2785
0,2782
0,2775
0,2775
0,2777
0,2785
0,2789
0,2787
0,2787
0,2790
0,2798
0,2795
0,2798
0,2799
0,2798
0,2798
0,2799
0,2795
0,2792
0,2790
0,2789
0,2788
0,2785
0,2783
0,2781
0,2779
0,2779
0,2780
0,2781
0,2784
0,2787
0,2786
0,2785
0,2786
0,2787
0,2784
0,2785
0,2784
0,2785
0,2786
0,2786
0,2787
0,2784
0,2791
0,2790
0,2786
0,2787
0,2786
0,2787
0,2786
0,2787
0,2786
0,2786
0,2786
0,2786
0,2793
0,2794
0,2793
0,2791
0,2789
0,2791
0,2787
0,2784
0,2787
0,2788
0,2787
0,2787
0,2786
0,2785
0,2784
0,2783
0,2781
0,2782
0,2783
0,2781
0,2788
0,2785
0,2785
0,2785
0,2784
0,2783
0,2783
0,2784
0,2786
0,2786
0,2787
0,2785
0,2786
0,2787
0,2788
0,2787
0,2788
0,2787
0,2784
0,2786
0,2786
0,2784
0,2781
0,2784
0,2783
0,2785
0,2784
0,2775
0,2782
0,2780
0,2780
0,2779
0,2779
0,2776
0,2778
0,2777
0,2776
0,2778
0,2777
0,2774
0,2772
0,2767
0,2766
0,2764
0,2762
0,2757
0,2764
0,2759
0,2760
0,2757
0,2752
0,2752
0,2753
0,2748
0,2747
0,2745
0,2744
0,2743
0,2742
0,2745
0,2744
0,2746
0,2745
0,2745
0,2749
0,2749
0,2744
0,2743
0,2743
0,2747
0,2750
0,2745
0,2745
0,2747
0,2746
0,2747
0,2745
0,2746
0,2745
0,2742
0,2743
0,2741
0,2741
0,2743
0,2745
0,2742
0,2742
0,2743
0,2745
0,2745
0,2744
0,2742
0,2742
0,2744
0,2742
0,2741
0,2744
0,2744
0,2748
0,2744
0,2744
0,2745
0,2744
0,2743
0,2745
0,2746
0,2745
0,2743
0,2743
0,2741
0,2743
0,2740
0,2739
0,2736
0,2739
0,2736
0,2739
0,2739
0,2739
0,2739
0,2758
0,2770
0,2768
0,2768
0,2766
0,2769
0,2774
0,2764
0,2755
0,2756
0,2755
0,2753
0,2758
0,2753
0,2756
0,2756
0,2756
0,2762
0,2762
0,2762
0,2763
0,2764
0,2754
0,2754
0,2754
0,2755
0,2756
0,2755
0,2755
0,2755
0,2755
0,2755
0,2755
0,2757
0,2757
0,2758
0,2754
0,2748
0,2747
0,2746
0,2745
0,2746
0,2744
0,2743
0,2748
0,2746
0,2747
0,2746
0,2742
0,2741
0,2740
0,2739
0,2735
0,2732
0,2734
0,2733
0,2730
0,2729
0,2728
0,2729
0,2731
0,2730
0,2726
0,2726
0,2727
0,2732
0,2725
0,2726
0,2729
0,2729
0,2729
0,2730
0,2730
0,2727
0,2726
0,2725
0,2729
0,2730
0,2731
0,2733
0,2730
0,2728
0,2727
0,2723
0,2720
0,2725
0,2724
0,2728
0,2727
0,2728
0,2732
0,2732
0,2731
0,2730
0,2729
0,2730
0,2731
0,2730
0,2731
0,2735
0,2735
0,2735
0,2734
0,2731
0,2735
0,2733
0,2740
0,2740
0,2744
0,2741
0,2746
0,2745
0,2745
0,2744
0,2750
0,2747
0,2747
0,2748
0,2751
0,2748
0,2749
0,2750
0,2747
0,2745
0,2740
0,2741
0,2745
0,2747
0,2739
0,2740
0,2741
0,2743
0,2739
0,2742
0,2745
0,2746
0,2746
0,2746
0,2743
0,2742
0,2741
0,2739
0,2738
0,2739
0,2738
0,2742
0,2741
0,2741
0,2745
0,2745
0,2742
0,2743
0,2744
0,2745
0,2744
0,2743
0,2740
0,2742
0,2742
0,2740
0,2738
0,2737
0,2735
0,2737
0,2736
0,2734
0,2735
0,2732
0,2735
0,2733
0,2735
0,2736
0,2738
0,2736
0,2738
0,2739
0,2742
0,2744
0,2745
0,2741
0,2740
0,2739
0,2737
0,2739
0,2741
0,2741
0,2742
0,2742
0,2741
0,2740
0,2738
0,2736
0,2739
0,2734
0,2730
0,2729
0,2726
0,2727
0,2727
0,2725
0,2725
0,2723
0,2722
0,2725
0,2726
0,2724
0,2725
0,2725
0,2724
0,2723
0,2721
0,2720
0,2726
0,2729
0,2719
0,2721
0,2725
0,2724
0,2722
0,2723
0,2723
0,2725
0,2725
0,2724
0,2723
0,2723
0,2723
0,2724
0,2721
0,2721
0,2717
0,2720
0,2721
0,2721
0,2720
0,2720
0,2721
0,2728
0,2726
0,2727
0,2731
0,2733
0,2736
0,2734
0,2735
0,2734
0,2737
0,2734
0,2735
0,2733
0,2735
0,2737
0,2734
0,2734
0,2737
0,2735
0,2735
0,2737
0,2737
0,2738
0,2738
0,2737
0,2737
0,2735
0,2731
0,2734
0,2734
0,2738
0,2737
0,2733
0,2736
0,2734
0,2734
0,2739
0,2738
0,2735
0,2735
0,2735
0,2740
0,2739
0,2739
0,2737
0,2736
0,2735
0,2734
0,2729
0,2727
0,2726
0,2725
0,2727
0,2727
0,2727
0,2725
0,2724
0,2721
0,2731
0,5793
0,5792
0,5782
0,5752
0,5754
0,5778.5
0,5779.5
0,5782
0,5784.5
0,5787.5
0,5794.5
0,5798
0,5802.5
0,5794
0,5792
0,5796
0,5798
0,5796
0,5801
0,5801
0,5802
0,5806
0,5800.5
0,5798.5
0,5801.5
0,5801
0,5799
0,5801
0,5803
0,5808
0,5808
0,5806
0,5805.5
0,5806
0,5804.5
0,5805
0,5803
0,5805
0,5807
0,5810.5
0,5808
0,5809.5
0,5807
0,5807
0,5808
0,5802.5
0,5802
0,5806
0,5806.5
0,5808.5
0,5810.5
0,5809
0,5800
0,5804.5
0,5803.5
0,5801
0,5801
0,5803.5
0,5807.5
0,5811
0,5814.5
0,5813
0,5814
0,5817
0,5820
0,5819.5
0,5817
0,5816.5
0,5818.5
0,5819.5
0,5827
0,5827
0,5826
0,5826.5
0,5826.5
0,5824
0,5827.5
0,5828.5
0,5829.5
0,5831
0,5834
0,5836
0,5836
0,5837
0,5843.5
0,5849.5
0,5857
0,5859.5
0,5859
0,5863.5
0,5866
0,5860.5
0,5859
0,5857
0,5857
0,5858
0,5851
0,5847
0,5853.5
0,5856
0,5858
0,5853
0,5855.5
0,5854
0,5847
0,5844.5
0,5838.5
0,5838.5
0,5837.5
0,5840
0,5845
0,5853
0,5855
0,5856
0,5857
0,5857
0,5859
0,5863
0,5859
0,5861.5
0,5865
0,5865
0,5864
0,5866
0,5867
0,5865
0,5867
0,5868
0,5870.5
0,5871
0,5869
0,5872
0,5873.5
0,5867.5
0,5868.5
0,5866
0,5863.5
0,5872.5
0,5872
0,5875.5
0,5878.5
0,5880
0,5882
0,5882.5
0,5883.5
0,5883
0,5875.5
0,5876
0,5867
0,5866.5
0,5865
0,5863
0,5867.5
0,5867
0,5866.5
0,5870.5
0,5869
0,5871
0,5870
0,5868.5
0,5871
0,5869
0,5870.5
0,5870
0,5875
0,5875
0,5876
0,5877
0,5876
0,5877
0,5878
0,5884
0,5884.5
0,5885
0,5886
0,5886.5
0,5883.5
0,5881.5
0,5882
0,5883.5
0,5879
0,5878.5
0,5880
0,5881
0,5887
0,5886
0,5885
0,5883.5
0,5884
0,5885.5
0,5888.5
0,5889
0,5892.5
0,5893
0,5891.5
0,5891.5
0,5893
0,5891.5
0,5890.5
0,5888
0,5885.5
0,5884
0,5885.5
0,5889
0,5891
0,5888
0,5884.5
0,5887.5
0,5883
0,5884.5
0,5889
0,5887
0,5887
0,5888
0,5888.5
0,5891
0,5891
0,5887.5
0,5885
0,5885
0,5883.5
0,5885.5
0,5883.5
0,5881.5
0,5884.5
0,5885.5
0,5887.5
0,5886.5
0,5888.5
0,5891
0,5891
0,5891
0,5894
0,5897.5
0,5897
0,5897.5
0,5896.5
0,5900
0,5899
0,5903.5
0,5901.5
0,5904.5
0,5905.5
0,5903.5
0,5904
0,5902.5
0,5902.5
0,5906
0,5908
0,5910.5
0,5910.5
0,5910.5
0,5910.5
0,5911.5
0,5912
0,5910
0,5909.5
0,5907
0,5910.5
0,5916
0,5913
0,5914.5
0,5915.5
0,5916
0,5915
0,5914
0,5912
0,5913
0,5913
0,5911
0,5905
0,5905
0,5903
0,5906
0,5901
0,5899.5
0,5901
0,5902
0,5903
0,5903
0,5904
0,5904.5
0,5907
0,5910
0,5908.5
0,5909.5
0,5913
0,5913.5
0,5909.5
0,5909.5
0,5909.5
0,5909
0,5909.5
0,5906.5
0,5905
0,5901.5
0,5899.5
0,5900.5
0,5901.5
0,5901
0,5901
0,5902.5
0,5900
0,5900
0,5902
0,5899.5
0,5898
0,5899.5
0,5900.5
0,5900.5
0,5900
0,5899.5
0,5902.5
0,5903.5
0,5904
0,5902
0,5900.5
0,5899.5
0,5899
0,5899
0,5894.5
0,5892.5
0,5897
0,5896
0,5897.5
0,5897.5
0,5894.5
0,5892.5
0,5892.5
0,5897.5
0,5903.5
0,5901
0,5900.5
0,5900.5
0,5902.5
0,5902
0,5904
0,5906
0,5910
0,5907
0,5902
0,5903.5
0,5902.5
0,5897.5
0,5896
0,5896.5
0,5896
0,5896
0,5896
0,5894
0,5890.5
0,5889.5
0,5889
0,5885.5
0,5883
0,5880.5
0,5875
0,5876
0,5876.5
0,5875.5
0,5878
0,5872.5
0,5876
0,5881
0,5881.5
0,5881
0,5877
0,5878
0,5878
0,5876.5
0,5877
0,5876
0,5876
0,5876.5
0,5878
0,5879.5
0,5877.5
0,5875
0,5875
0,5878.5
0,5880
0,5882.5
0,5884.5
0,5886.5
0,5888
0,5888.5
0,5890
0,5894
0,5895.5
0,5893.5
0,5886.5
0,5890.5
0,5882.5
0,5875.5
0,5886.5
0,5885.5
0,5894
0,5902.5
0,5903.5
0,5911.5
0,5917.5
0,5917.5
0,5908.5
0,5908.5
0,5899.5
0,5906.5
0,5910
0,5912
0,5909.5
0,5908.5
0,5917.5
0,5919.5
0,5918
0,5917.5
0,5922
0,5923.5
0,5913
0,5915.5
0,5913.5
0,5913.5
0,5909
0,5906
0,5905.5
0,5902.5
0,5900
0,5910
0,5910
0,5908
0,5904
0,5906.5
0,5907
0,5905.5
0,5903
0,5902
0,5898.5
0,5893.5
0,5895.5
0,5891.5
0,5896
0,5896
0,5893.5
0,5890
0,5889.5
0,5886.5
0,5889
0,5896.5
0,5885.5
0,5883
0,5878.5
0,5869.5
0,5872
0,5877.5
0,5877.5
0,5875.5
0,5875.5
0,5878
0,5882.5
0,5881.5
0,5881.5
0,5885.5
0,5888
0,5886
0,5887
0,5889.5
0,5886.5
0,5877
0,5873.5
0,5871.5
0,5877.5
0,5873
0,5875
0,5880.5
0,5882.5
0,5877.5
0,5881.5
0,5884.5
0,5884.5
0,5886
0,5886.5
0,5886
0,5878.5
0,5875.5
0,5878.5
0,5879.5
0,5885
0,5886
0,5888.5
0,5886.5
0,5890.5
0,5892
0,5897
0,5896.5
0,5897.5
0,5897
0,5904
0,5898.5
0,5903
0,5902
0,5903.5
0,5912
0,5908
0,5899.5
0,5898.5
0,5898
0,5901.5
0,5897.5
0,5899
0,5898
0,5892.5
0,5859.5
0,5860
0,5856.5
0,5877.5
0,5861.5
0,5849.5
0,5856.5
0,5846.5
0,5851.5
0,5852
0,5854
0,5850
0,5862.5
0,5862.5
0,5871
0,5871
0,5872
0,5875.5
0,5876.5
0,5877
0,5870
0,5865
0,5871
0,5865
0,5864.5
0,5877
0,5880
0,5878.5
0,5881.5
0,5887
0,5884
0,5888
0,5891
0,5893
0,5899
0,5899
0,5899.5
0,5899.5
0,5898.5
0,5897
0,5899
0,5888
0,5892
0,5891.5
0,5893.5
0,5898
0,5900
0,5902
0,5903.5
0,5898.5
0,5903
0,5907
0,5907
0,5904
0,5901
0,5897.5
0,5899
0,5900.5
0,5903.5
0,5900.5
0,5900
0,5898
0,5897
0,5901
0,5904.5
0,5904.5
0,5897
0,5892
0,5895.5
0,5889.5
0,5886
0,5887
0,5881.5
0,5882
0,5884
0,5881
0,5881.5
0,5886
0,5887.5
0,5888.5
0,5896.5
0,5894
0,5888
0,5882.5
0,5880.5
0,5880
0,5877.5
0,5878
0,5878.5
0,5877.5
0,5880
0,5881.5
0,5884.5
0,5885.5
0,5882
0,5878
0,5877
0,5877.5
0,5879.5
0,5879
0,5875.5
0,5875
0,5876
0,5880.5
0,5875
0,5873
0,5869.5
0,5870
0,5871.5
0,5871
0,5871
0,5871
0,5864
0,5868.5
0,5866.5
0,5869
0,5871
0,5872.5
0,5868.5
0,5867.5
0,5864.5
0,5865
0,5858.5
0,5859.5
0,5862.5
0,5857
0,5857.5
0,5858.5
0,5858
0,5854
0,5851.5
0,5851
0,5855.5
0,5855.5
0,5858.5
0,5860
0,5862.5
0,5865.5
0,5863.5
0,5860.5
0,5858
0,5859.5
0,5860
0,5861.5
0,5864
0,5863.5
0,5862.5
0,5858.5
0,5863
0,5861
0,5860.5
0,5860.5
0,5860.5
0,5862.5
0,5866.5
0,5866
0,5865
0,5863.5
0,5862.5
0,5862.5
0,5863.5
0,5866
0,5863.5
0,5863.5
0,5864
0,5868
0,5871.5
0,5875.5
0,5879.5
0,5875.5
0,5876
0,5875.5
0,5874.5
0,5871.5
0,5875.5
0,5874
0,5874
0,5875.5
0,5874.5
0,5874.5
0,5876
0,5869.5
0,5873
0,5875
0,5872.5
0,5871.5
0,5875.5
0,5873.5
0,5871.5
0,5871
0,5874.5
0,5875.5
0,5875.5
0,5872.5
0,5868
0,5865.5
0,5869.5
0,5868.5
0,5868.5
0,5865.5
0,5860.5
0,5857
0,5859.5
0,5861
0,5857.5
0,5858
0,5855
0,5856.5
0,5858
0,5861
0,5860.5
0,5856
0,5852.5
0,5850.5
0,5850
0,5849.5
0,5852
0,5847.5
0,5849
0,5847.5
0,5845.5
0,5846
0,5847
0,5847.5
0,5850
0,5846.5
0,5842.5
0,5844
0,5844.5
0,5845.5
0,5846
0,5846
0,5844.5
0,5845.5
0,5849
0,5849
0,5848
0,5849.5
0,5854
0,5862.5
0,5864
0,5866.5
0,5893
0,5880.5
0,5881
0,5894
0,5891
0,5892
0,5883.5
0,5878
0,5879.5
0,5874.5
0,5878
0,5879
0,5872
0,5877
0,5879.5
0,5879
0,5883.5
0,5886.5
0,5885.5
0,5892
0,5886.5
0,5891
0,5891.5
0,5892.5
0,5892
0,5899.5
0,5907
0,5908
0,5919
0,5913
0,5918.5
0,5940.5
0,5934.5
0,5951
0,5950.5
0,5950
0,5953.5
0,5959.5
0,5959.5
0,5954
0,5948
0,5948.5
0,5952
0,5954.5
0,5953
0,5947
0,5946.5
0,5954
0,5959.5
0,5962
0,5974.5
0,5971
0,5970
0,5977.5
0,5975.5
0,5984.5
0,5980.5
0,5985
0,5990
0,5989.5
0,5999.5
0,5995.5
0,5996
0,5993.5
0,5994
0,5991.5
0,5995
0,5999.5
0,5996.5
0,5994.5
0,5996.5
0,5996
0,5997.5
0,5994
0,5996.5
0,5995
0,5994.5
0,5991.5
0,5990.5
0,5987.5
0,5985.5
0,5982
0,5989
0,5990.5
0,5990
0,5988.5
0,5988.5
0,5989
0,5989
0,5988
0,5984
0,5980.5
0,5979
0,5982
0,5976
0,5983.5
0,5983.5
0,5983.5
0,5976.5
0,5977
0,5978.5
0,5974.5
0,5975
0,5984
0,5981.5
0,5981.5
0,5978.5
0,5984
0,5986
0,5988
0,5986.5
0,5987.5
0,5987.5
0,5981
0,5983.5
0,5987
0,5990.5
0,5994
0,5994
0,6000.5
0,6007
0,6006
0,6009.5
0,6006.5
0,6016
0,6012.5
0,6011.5
0,6004.5
0,6006
0,6007
0,6008
0,6008
0,6005.5
0,6011
0,6010.5
0,6004.5
0,6008.5
0,5998
0,6001.5
0,6002.5
0,6010
0,6007.5
0,6007.5
0,6010
0,6006.5
0,6007.5
0,6008.5
0,6004
0,6009.5
0,6005
0,6002.5
0,6007.5
0,6013.5
0,6016.5
0,6030
0,6036
0,6044
0,6043.5
0,6053
0,6046.5
0,6045
0,6042.5
0,6040.5
0,6045.5
0,6052
0,6056.5
0,6056.5
0,6050
0,6049
0,6051
0,6046.5
0,6050
0,6058.5
0,6064
0,6063
0,6068
0,6063
0,6052
0,6036
0,6035.5
0,6032.5
0,6044
0,6046.5
0,6056
0,6053.5
0,6048.5
0,6049
0,6048.5
0,6050.5
0,6053
0,6052
0,6042
0,6036.5
0,6034.5
0,6027
0,6027.5
0,6029
0,6030
0,6027.5
0,6031.5
0,6032.5
0,6036.5
0,6032
0,6031.5
0,6035.5
0,6033
0,6032
0,6030
0,6026.5
0,6027
0,6022.5
0,6024
0,6029
0,6027.5
0,6027
0,6026
0,6027.5
0,6028
0,6028.5
0,6026
0,6027.5
0,6025.5
0,6025.5
0,6023
0,6033.5
0,6029.5
0,6031
0,6032
0,6026
0,6025.5
0,6023.5
0,6023
0,6029
0,6033.5
0,6036
0,6035.5
0,6034.5
0,6038.5
0,6041.5
0,6040.5
0,6042
0,6047.5
0,6047.5
0,6043.5
0,6049
0,6045.5
0,6044.5
0,6038.5
0,6045.5
0,6047.5
0,6044.5
0,6044.5
0,6043
0,6044.5
0,6043.5
0,6043.5
0,6041.5
0,6039.5
0,6045.5
0,6042
0,6044.5
0,6041.5
0,6038.5
0,6033.5
0,6024.5
0,6026
0,6026.5
0,6038.5
0,6026
0,6014.5
0,6031
0,6032.5
0,6029
0,6025.5
0,6022
0,6005.5
0,5998
0,5980
0,5959.5
0,5954
0,5953.5
0,5950
0,5966.5
0,5956.5
0,5966
0,5976.5
0,5970.5
0,5969.5
0,5973
0,5967
0,5974
0,5972
0,5980.5
0,5980.5
0,5976
0,5987
0,5982
0,5969.5
0,5969.5
0,5967.5
0,5968
0,5967.5
0,5957.5
0,5957.5
0,5957.5
0,5962
0,5961
0,5958.5
0,5958
0,5957
0,5949.5
0,5953.5
0,5955.5
0,5956
0,5955
0,5954.5
0,5956.5
0,5956.5
0,5956.5
0,5957
0,5956.5
0,5957
0,5958
0,5957
0,5964
0,5970
0,5970
0,5973
0,5969
0,5968
0,5970.5
0,5973
0,5978.5
0,5984.5
0,5984
0,5989.5
0,5987
0,5987.5
0,5992
0,5997
0,5997
0,6004.5
0,6004.5
0,6004
0,6003.5
0,6006.5
0,6007
0,6011
0,6014
0,6013
0,6023
0,6026
0,6021.5
0,6020.5
0,6022
0,6028.5
0,6028
0,6035.5
0,6030.5
0,6033.5
0,6036.5
0,6034
0,6039
0,6047
0,6047.5
0,6045
0,6047
0,6054
0,6058.5
0,6051.5
0,6040
0,6042
0,6047.5
0,6051
0,6055.5
0,6048.5
0,6045
0,6049.5
0,6051.5
0,6051.5
0,6046
0,6044.5
0,6043
0,6048
0,6050
0,6053.5
0,6050.5
0,6049
0,6039.5
0,6037.5
0,6045
0,6049.5
0,6049.5
0,6055
0,6056
0,6048.5
0,6046
0,6043
0,6060.5
0,6064.5
0,6063
0,6063.5
0,6063.5
0,6064
0,6061.5
0,6063.5
0,6068
0,6076
0,6065
0,6058.5
0,6063
0,6064
0,6063.5
0,6063.5
0,6056
0,6052.5
0,6058.5
0,6047.5
0,6041
0,6045.5
0,6039.5
0,6048.5
0,6055
0,6051
0,6053.5
0,6060
0,6062
0,6061
0,6065
0,6058.5
0,6057.5
0,6058
0,6052.5
0,6045
0,6051.5
0,6050
0,6049.5
0,6048
0,6053.5
0,6049
0,6048
0,6052.5
0,6053.5
0,6053.5
0,6055
0,6053
0,6054.5
0,6054.5
0,6054.5
0,6049.5
0,6049
0,6048
0,6046.5
0,6048.5
0,6046
0,6049
0,6047
0,6047
0,6046.5
0,6047.5
0,6042.5
0,6044
0,6042.5
0,6042.5
0,6045.5
0,6043.5
0,6042.5
0,6048
0,6051.5
0,6048
0,6050.5
0,6049
0,6048.5
0,6045.5
0,6047
0,6048.5
0,6048.5
0,6044.5
0,6046
0,6045
0,6044.5
0,6046.5
0,6046.5
0,6047.5
0,6047.5
0,6051
0,6053
0,6053
0,6052.5
0,6053
0,6050.5
0,6050.5
0,6048
0,6045.5
0,6042.5
0,6041
0,6039
0,6042
0,6041
0,6045.5
0,6044.5
0,6044.5
0,6044.5
0,6045.5
0,6047.5
0,6047.5
0,6046.5
0,6047
0,6052
0,6053.5
0,6048.5
0,6047
0,6044
0,6044.5
0,6045.5
0,6044.5
0,6044.5
0,6044
0,6042.5
0,6038
0,6035
0,6037.5
0,6037
0,6036
0,6034.5
0,6035
0,6036
0,6035
0,6033
0,6032.5
0,6032.5
0,6037
0,6037.5
0,6037.5
0,6034.5
0,6037.5
0,6037.5
0,6037.5
0,6035.5
0,6037
0,6037.5
0,6035
0,6033
0,6032
0,6033.5
0,6035.5
0,6033
0,6031.5
0,6031
0,6033.5
0,6033
0,6031
0,6031.5
0,6034.5
0,6033.5
0,6033
0,6029
0,6027.5
0,6028.5
0,6026
0,6025
0,6023.5
0,6021
0,6020
0,6018
0,6016.5
0,6019.5
0,6018.5
0,6019
0,6020.5
0,6021
0,6021.5
0,6022
0,6020.5
0,6019.5
0,6020
0,6020
0,6020.5
0,6023.5
0,6020.5
0,6018
0,6021.5
0,6022.5
0,6020.5
0,6023
0,6022.5
0,6023.5
0,6024.5
0,6025
0,6020
0,6022.5
0,6027
0,6029
0,6032
0,6032.5
0,6034.5
0,6033
0,6032
0,6023
0,6023
0,6028
0,6021
0,6019.5
0,6022.5
0,6022
0,6020.5
0,6019.5
0,6024.5
0,6021
0,6024
0,6025.5
0,6028.5
0,6029.5
0,6028.5
0,6027.5
0,6025.5
0,6025.5
0,6030
0,6027.5
0,6031.5
0,6030.5
0,6035.5
0,6039
0,6041
0,6042.5
0,6039.5
0,6037
0,6038.5
0,6035.5
0,6035
0,6039
0,6035.5
0,6035
0,6040
0,6036.5
0,6039
0,6039.5
0,6037
0,6038
0,6039
0,6037.5
0,6038
0,6034.5
0,6035.5
0,6036.5
0,6036.5
0,6040
0,6041
0,6041
0,6042
0,6044
0,6045.5
0,6044.5
0,6041.5
0,6040.5
0,6043.5
0,6045
0,6053
0,6053
0,6060
0,6061
0,6069
0,6062.5
0,6061
0,6056
0,6061
0,6058
0,6065
0,6060.5
0,6065
0,6067.5
0,6069
0,6065.5
0,6060.5
0,6054
0,6047.5
0,6044
0,6043
0,6042.5
0,6045.5
0,6046.5
0,6046.5
0,6041.5
0,6042.5
0,6043
0,6052.5
0,6054
0,6058.5
0,6059.5
0,6064
0,6070
0,6067
0,6073
0,6075
0,6074
0,6070.5
0,6066
0,6068
0,6067
0,6070
0,6069.5
0,6072.5
0,6073.5
0,6073.5
0,6070.5
0,6066.5
0,6061
0,6063
0,6054
0,6061.5
0,6077.5
0,6076.5
0,6071
0,6069.5
0,6067
0,6071.5
0,6070
0,6070
0,6071
0,6071.5
0,6076.5
0,6073.5
0,6072.5
0,6075
0,6069.5
0,6075
0,6078.5
0,6073
0,6069.5
0,6069.5
0,6072
0,6069
0,6068
0,6068.5
0,6069
0,6069.5
0,6066.5
0,6067.5
0,6068.5
0,6067.5
0,6070.5
0,6070.5
0,6069.5
0,6072
0,6074.5
0,6071.5
0,6070.5
0,6069
0,6068.5
0,6071.5
0,6070.5
0,6074.5
0,6078.5
0,6077.5
0,6085.5
0,6083.5
0,6082.5
0,6083
0,6084
0,6087
0,6087.5
0,6086
0,6081.5
0,6080
0,6077
0,6079.5
0,6081.5
0,6083.5
0,6078.5
0,6079
0,6075.5
0,6074.5
0,6070.5
0,6074.5
0,6073.5
0,6074
0,6077.5
0,6073.5
0,6074
0,6060
0,6033.5
0,6019
0,6013.5
0,6030.5
0,6030
0,6029.5
0,6022
0,6021.5
0,6021.5
0,6032.5
0,6035
0,6031
0,6030.5
0,6039
0,6029
0,6030
0,6026
0,6035
0,6041
0,6037
0,6039
0,6038
0,6031.5
0,6030.5
0,6026
0,6025.5
0,6024.5
0,6026.5
0,6026
0,6027
0,6028.5
0,6031
0,6032.5
0,6034.5
0,6031.5
0,6026
0,6024.5
0,6032.5
0,6029.5
0,6027
0,6027
0,6026
0,6031
0,6039
0,6041
0,6042
0,6039
0,6041.5
0,6038
0,6035
0,6035
0,6031
0,6029
0,6025
0,6024
0,6026.5
0,6027
0,6027
0,6026
0,6023
0,6028.5
0,6025
0,6024
0,6025.5
0,6027
0,6027.5
0,6027
0,6026.5
0,6024.5
0,6024
0,6031.5
0,6027.5
0,6027
0,6025
0,6025
0,6027
0,6024
0,6024
0,6025.5
0,6026.5
0,6025
0,6027
0,6029
0,6027
0,6028.5
0,6024
0,6027.5
0,6031
0,6032
0,6024.5
0,6025.5
0,6025
0,6020
0,6005.5
0,6001
0,6004.5
0,6020
0,6020.5
0,6019.5
0,6020
0,6011
0,6002
0,5999
0,6006
0,5999
0,5999
0,5999
0,5996.5
0,6007
0,6010
0,6015.5
0,6010.5
0,6011
0,6012
0,6012
0,6009.5
0,6007
0,6007
0,6006
0,6007
0,6006.5
0,6006
0,6005.5
0,6016.5
0,6015
0,6013.5
0,6011.5
0,6008.5
0,6007.5
0,6006.5
0,6006
0,6004.5
0,6004
0,6008
0,6011.5
0,6006.5
0,6006
0,6007
0,6008
0,6009.5
0,6014
0,6006.5
0,6006
0,6006.5
0,6006
0,6005.5
0,6006
0,6005.5
0,6005.5
0,6006.5
0,6007
0,6006.5
0,6004.5
0,6005.5
0,5993.5
0,5998.5
0,5996.5
0,5989.5
0,5992
0,5994.5
0,5998
0,5994.5
0,5993
0,5992
0,5990
0,5990
0,5996
0,5998
0,5994.5
0,5994.5
0,6000
0,6001
0,5999
0,6000.5
0,5993.5
0,5995.5
0,6001
0,6005.5
0,6000.5
0,6001
0,6000
0,6001.5
0,6004
0,6003.5
0,6003
0,6002.5
0,6003
0,6004
0,6003.5
0,6002
0,6002
0,6001.5
0,6002
0,5999.5
0,5999.5
0,6000
0,6000.5
0,6000.5
0,6000
0,6000.5
0,5999.5
0,6000.5
0,6003
0,6004
0,6002.5
0,6000.5
0,5999.5
0,6000
0,6013.5
0,6008.5
0,6004.5
0,6003.5
0,5999.5
0,5999
0,6001
0,6006
0,6005.5
0,6007.5
0,6005.5
0,6004.5
0,6005.5
0,6005.5
0,6013
0,6013.5
0,6010
0,6005.5
0,6006
0,6007.5
0,6011.5
0,6009
0,6012.5
0,6015
0,6011
0,6013.5
0,6014.5
0,6013
0,6015
0,6010
0,6008.5
0,6010
0,6011.5
0,6012.5
0,6011
0,6012
0,6014
0,6011.5
0,6011
0,6012
0,6011.5
0,6013.5
0,6019.5
0,6022.5
0,6022
0,6019.5
0,6020
0,6019.5
0,6023.5
0,6022
0,6019.5
0,6020.5
0,6022
0,6021
0,6018.5
0,6018
0,6013.5
0,6010.5
0,6009.5
0,6009.5
0,6021.5
0,6019
0,6016.5
0,6018.5
0,6019
0,6017.5
0,6017.5
0,6017.5
0,6018
0,6018.5
0,6019.5
0,6018.5
0,6019.5
0,6022
0,6019
0,6017.5
0,6018
0,6018
0,6023
0,6022
0,6022.5
0,6023.5
0,6021.5
0,6026
0,6030
0,6029.5
0,6025.5
0,6025.5
0,6025.5
0,6023.5
0,6020.5
0,6019.5
0,6023
0,6024
0,6024
0,6024
0,6026
0,6026.5
0,6025
0,6024
0,6030
0,6031
0,6031
0,6030
0,6030.5
0,6032.5
0,6030.5
0,6029
0,6032
0,6029
0,6025.5
0,6023
0,6023.5
0,6024
0,6025
0,6029
0,6027.5
0,6023
0,6022.5
0,6026
0,6026
0,6025
0,6029
0,6026.5
0,6024.5
0,6023.5
0,6023
0,6024
0,6022.5
0,6022.5
0,6021.5
0,6021
0,6019.5
0,6011.5
0,6010.5
0,6007
0,6006
0,6009
0,6014.5
0,6009
0,6006
0,6005
0,6002
0,5999.5
0,6000.5
0,6001
0,6001.5
0,6004.5
0,6003.5
0,6005.5
0,6009
0,6008.5
0,6009.5
0,6012.5
0,6013.5
0,6013
0,6014
0,6015
0,6013.5
0,6021.5
0,6019
0,6016
0,6014.5
0,6013.5
0,6016
0,6014.5
0,6012.5
0,6014
0,6014.5
0,6011
0,6011.5
0,6014
0,6017
0,6018
0,6016
0,6019.5
0,6025.5
0,6031
0,6024
0,6022.5
0,6023.5
0,6021.5
0,6020.5
0,6022.5
0,6014
0,6020.5
0,6021.5
0,6020
0,6017
0,6019.5
0,6022.5
0,6016.5
0,6018
0,6018.5
0,6019.5
0,6006.5
0,6008.5
0,6001.5
0,6003
0,6006
0,6004.5
0,6008.5
0,6013.5
0,6018
0,6010.5
0,6007
0,6009
0,6013.5
0,6015
0,6013
0,6011.5
0,6018.5
0,6019.5
0,6014.5
0,6011
0,6012.5
0,6009.5
0,6009.5
0,6010.5
0,6011.5
0,6009.5
0,6011.5
0,6006.5
0,6000.5
0,5992.5
0,5994
0,5990
0,5986
0,5983.5
0,5987.5
0,5995.5
0,5997
0,5997
0,5995.5
0,5997
0,6007
0,6004
0,6004
0,6014
0,6014
0,6011.5
0,6009.5
0,6013.5
0,6015
0,6014
0,6014.5
0,6017
0,6016.5
0,6012.5
0,6015
0,6013.5
0,6013.5
0,6009
0,6003.5
0,6004
0,6001.5
0,6000.5
0,6004.5
0,6000.5
0,5999.5
0,6003.5
0,6005.5
0,6003.5
0,6003.5
0,6004.5
0,6008.5
0,6006
0,6008
0,6005
0,6004
0,6002
0,6000
0,6006
0,6003.5
0,6004.5
0,6005.5
0,6005
0,6005.5
0,6005
0,6011
0,6012
0,6009.5
0,6009.5
0,6008.5
0,6007.5
0,6000.5
0,6006.5
0,6012
0,6009.5
0,6000.5
0,6003.5
0,6002.5
0,6005.5
0,5967
0,5968
0,5971
0,5980.5
0,5975
0,5984.5
0,5972.5
0,5973.5
0,5973.5
0,5972
0,5966
0,5963.5
0,5968.5
0,5977.5
0,5977
0,5980
0,5982
0,5983
0,5979
0,5978
0,5976
0,5978
0,5972
0,5967.5
0,5973.5
0,5968.5
0,5968
0,5963.5
0,5971.5
0,5973
0,5968.5
0,5967.5
0,5959
0,5957.5
0,5958
0,5952
0,5950.5
0,5953.5
0,5951.5
0,5949.5
0,5951.5
0,5957.5
0,5955.5
0,5962.5
0,5960
0,5953.5
0,5951
0,5954
0,5955
0,5963
0,5962
0,5957.5
0,5962
0,5972
0,5970.5
0,5971.5
0,5966.5
0,5974
0,5973
0,5973.5
0,5978.5
0,5974.5
0,5978.5
0,5979.5
0,5981
0,5981.5
0,5981
0,5984.5
0,5983.5
0,5980.5
0,5983.5
0,5987.5
0,5994
0,5994.5
0,5998.5
0,5996
0,6000.5
0,6001
0,5999.5
0,5999
0,5997
0,5996
0,5998
0,5995.5
0,5996
0,5996.5
0,5997.5
0,6000
0,6000
0,5990
0,5988.5
0,5985.5
0,5987.5
0,5988
0,5988.5
0,5988
0,5984.5
0,5988
0,5988.5
0,5988
0,5987.5
0,5988
0,5993
0,5992
0,5996.5
0,5996
0,5987.5
0,5983.5
0,5978.5
0,5979.5
0,5983
0,5977.5
0,5977.5
0,5977.5
0,5976.5
0,5972
0,5971.5
0,5967.5
0,5969.5
0,5967
0,5968
0,5964.5
0,5962
0,5957
0,5954.5
0,5952.5
0,5955
0,5956.5
0,5954.5
0,5955.5
0,5955
0,5966
0,5964.5
0,5963.5
0,5968.5
0,5969.5
0,5968.5
0,5963
0,5964.5
0,5968.5
0,5965.5
0,5968.5
0,5968.5
0,5968
0,5966
0,5965.5
0,5961
0,5964
0,5963
0,5958.5
0,5955
0,5950
0,5952.5
0,5951.5
0,5953
0,5953
0,5961
0,5967
0,5964.5
0,5960.5
0,5962.5
0,5967.5
0,5966.5
0,5966
0,5969.5
0,5966
0,5965.5
0,5966.5
0,5967
0,5964.5
0,5965.5
0,5966.5
0,5968
0,5972.5
0,5968
0,5971
0,5968.5
0,5970.5
0,5968
0,5969.5
0,5970
0,5969.5
0,5969.5
0,5967.5
0,5964.5
0,5966.5
0,5964.5
0,5963.5
0,5960.5
0,5961
0,5966
0,5960
0,5959.5
0,5964.5
0,5966
0,5967
0,5968
0,5966.5
0,5965
0,5965
0,5968.5
0,5974.5
0,5973
0,5972.5
0,5976.5
0,5975.5
0,5973.5
0,5964.5
0,5963.5
0,5966
0,5970
0,5969
0,5970.5
0,5966
0,5969.5
0,5965
0,5967.5
0,5970.5
0,5969.5
0,5969
0,5970.5
0,5973
0,5976
0,5972.5
0,5973
0,5970.5
0,5970.5
0,5972.5
0,5969.5
0,5974.5
0,5971.5
0,5973.5
0,5971.5
0,5970.5
0,5975.5
0,5976
0,5971
0,5968.5
0,5971.5
0,5972
0,5975
0,5975.5
0,5970.5
0,5973.5
0,5973.5
0,5967.5
0,5962
0,5962.5
0,5963.5
0,5964.5
0,5965.5
0,5960.5
0,5956
0,5958.5
0,5957
0,5959
0,5962.5
0,5965.5
0,5963.5
0,5965.5
0,5959
0,5959
0,5965
0,5967
0,5969.5
0,5965
0,5968.5
0,5968
0,5967.5
0,5963.5
0,5964.5
0,5960
0,5962
0,5965
0,5968
0,5970
0,5966
0,5968.5
0,5967.5
0,5965
0,5967
0,5966
0,5967.5
0,5968
0,5962
0,5963
0,5967
0,5967
0,5969.5
0,5965
0,5963.5
0,5961.5
0,5961
0,5962.5
0,5960.5
0,5963
0,5961.5
0,5960.5
0,5959
0,5953
0,5954
0,5957
0,5955.5
0,5956
0,5956.5
0,5952.5
0,5948.5
0,5947
0,5948
0,5943
0,5943.5
0,5933.5
0,5932.5
0,5936
0,5942
0,5942
0,5942
0,5938
0,5936.5
0,5933
0,5934.5
0,5938.5
0,5944
0,5945
0,5949.5
0,5950
0,5948.5
0,5950.5
0,5950.5
0,5946
0,5942
0,5944.5
0,5945.5
0,5946
0,5939
0,5941.5
0,5940
0,5941.5
0,5937.5
0,5932.5
0,5928.5
0,5919
0,5917.5
0,5917
0,5910
0,5910.5
0,5916
0,5910
0,5916.5
0,5913
0,5915
0,5916
0,5916
0,5913.5
0,5916
0,5914
0,5913.5
0,5920.5
0,5924.5
0,5931
0,5930.5
0,5927
0,5930
0,5929.5
0,5932.5
0,5930.5
0,5930
0,5931.5
0,5933
0,5936
0,5938.5
0,5934
0,5932.5
0,5934.5
0,5936
0,5934
0,5936
0,5937.5
0,5938
0,5936
0,5935
0,5935.5
0,5934.5
0,5935
0,5935.5
0,5933
0,5934
0,5947.5
0,5947
0,5943
0,5946
0,5952
0,5951.5
0,5954
0,5954
0,5955.5
0,5957.5
0,5950
0,5947.5
0,5943
0,5934.5
0,5934
0,5926
0,5922.5
0,5919.5
0,5923
0,5935
0,5939
0,5937
0,5936.5
0,5940
0,5937.5
0,5937.5
0,5937.5
0,5936
0,5936.5
0,5934
0,5933.5
0,5934.5
0,5940.5
0,5946.5
0,5945
0,5949.5
0,5950.5
0,5948.5
0,5949
0,5940
0,5945.5
0,5937.5
0,5938
0,5934
0,5925
0,5927.5
0,5925.5
0,5923.5
0,5925
0,5924.5
0,5929
0,5930.5
0,5930.5
0,5935
0,5934.5
0,5934
0,5943.5
0,5945.5
0,5942
0,5937.5
0,5942
0,5930.5
0,5929
0,5932
0,5932.5
0,5933
0,5935
0,5935
0,5935.5
0,5941
0,5939.5
0,5936.5
0,5938
0,5942
0,5936.5
0,5928.5
0,5928.5
0,5929.5
0,5928.5
0,5924.5
0,5924.5
0,5921
0,5921
0,5922
0,5926.5
0,5925
0,5925.5
0,5928.5
0,5934.5
0,5936.5
0,5942
0,5938
0,5937
0,5939.5
0,5940
0,5940
0,5940.5
0,5947.5
0,5943
0,5944.5
0,5939
0,5938.5
0,5938
0,5942.5
0,5935.5
0,5936.5
0,5940.5
0,5936.5
0,5933
0,5928
0,5924.5
0,5926
0,5921
0,5921.5
0,5919
0,5919
0,5917
0,5914
0,5917.5
0,5927.5
0,5930.5
0,5928.5
0,5924.5
0,5922
0,5918
0,5922.5
0,5919.5
0,5930.5
0,5933
0,5946
0,5943
0,5939
0,5938
0,5941
0,5948
0,5951
0,5955.5
0,5948.5
0,5946
0,5949.5
0,5948
0,5958.5
0,5954.5
0,5958.5
0,5953.5
0,5955
0,5943.5
0,5941
0,5936
0,5937
0,5946.5
0,5932.5
0,5925.5
0,5921
0,5920
0,5918
0,5916
0,5916.5
0,5913.5
0,5913.5
0,5930
0,5935.5
0,5935
0,5937.5
0,5933
0,5930.5
0,5929
0,5927.5
0,5930.5
0,5930
0,5925
0,5925.5
0,5926.5
0,5927.5
0,5928.5
0,5926.5
0,5926
0,5929
0,5936
0,5928
0,5930
0,5929
0,5926.5
0,5925.5
0,5929
0,5929.5
0,5927
0,5926.5
0,5924.5
0,5919.5
0,5918
0,5920.5
0,5916
0,5918
0,5917
0,5913.5
0,5916.5
0,5917.5
0,5914
0,5914.5
0,5917.5
0,5914.5
0,5915
0,5914.5
0,5911.5
0,5908.5
0,5903.5
0,5906
0,5904
0,5906
0,5910
0,5909
0,5906
0,5906.5
0,5906
0,5905.5
0,5904.5
0,5905
0,5913
0,5912.5
0,5909
0,5909
0,5907.5
0,5907
0,5904
0,5902
0,5905
0,5902.5
0,5898.5
0,5895
0,5892.5
0,5889.5
0,5890.5
0,5890.5
0,5887
0,5887
0,5882
0,5884
0,5882.5
0,5881.5
0,5884.5
0,5879
0,5882.5
0,5885
0,5885
0,5885.5
0,5886.5
0,5885
0,5881
0,5879.5
0,5880.5
0,5891
0,5887
0,5887.5
0,5886.5
0,5886.5
0,5885
0,5887.5
0,5887.5
0,5886
0,5885.5
0,5885
0,5886
0,5882
0,5881.5
0,5874
0,5878
0,5875.5
0,5875
0,5875
0,5882
0,5882.5
0,5889.5
0,5894.5
0,5891
0,5894.5
0,5899.5
0,5896.5
0,5897.5
0,5896.5
0,5900.5
0,5902
0,5902
0,5906
0,5903
0,5904
0,5904
0,5907.5
0,5909.5
0,5908
0,5909
0,5910
0,5911
0,5906.5
0,5904.5
0,5906.5
0,5907
0,5906
0,5912
0,5909.5
0,5910.5
0,5911
0,5907.5
0,5906.5
0,5910
0,5912.5
0,5909
0,5908
0,5907
0,5902.5
0,5900.5
0,5901.5
0,5905.5
0,5906
0,5904
0,5904
0,5902
0,5902.5
0,5899.5
0,5899
0,5899.5
0,5894.5
0,5899
0,5896.5
0,5896.5
0,5898
0,5901
0,5906.5
0,5907.5
0,5907.5
0,5908
0,5905.5
0,5905.5
0,5904.5
0,5907.5
0,5909
0,5911.5
0,5910.5
0,5909
0,5909.5
0,5913.5
0,5916
0,5921.5
0,5921.5
0,5924.5
0,5923.5
0,5921
0,5918.5
0,5921.5
0,5920.5
0,5917.5
0,5917
0,5916.5
0,5910
0,5914.5
0,5915.5
0,5915.5
0,5917
0,5917.5
0,5916.5
0,5916.5
0,5923
0,5914.5
0,5917
0,5915.5
0,5923
0,5922.5
0,5922.5
0,5922.5
0,5919.5
0,5919.5
0,5917
0,5923
0,5923
0,5925
0,5925.5
0,5925.5
0,5924.5
0,5925.5
0,5927.5
0,5928.5
0,5926.5
0,5924.5
0,5928
0,5929
0,5930
0,5928
0,5928
0,5924.5
0,5925
0,5927.5
0,5927
0,5930
0,5932
0,5938.5
0,5939
0,5939
0,5935
0,5937.5
0,5938
0,5936.5
0,5937
0,5934.5
0,5937
0,5935.5
0,5929
0,5923
0,5924
0,5926.5
0,5924
0,5919
0,5924
0,5925
0,5924.5
0,5918.5
0,5920.5
0,5921.5
0,5919
0,5920.5
0,5921.5
0,5922.5
0,5924.5
0,5922.5
0,5922
0,5924.5
0,5924
0,5922
0,5925
0,5923.5
0,5924
0,5923
0,5922
0,5920
0,5922
0,5923
0,5920
0,5922.5
0,5922
0,5921.5
0,5924.5
0,5921.5
0,5923.5
0,5924
0,5922.5
0,5924.5
0,5928
0,5925
0,5924.5
0,5924
0,5924.5
0,5925
0,5925.5
0,5926
0,5927.5
0,5932
0,5933
0,5930
0,5931.5
0,5930
0,5928
0,5928.5
0,5930
0,5928
0,5929.5
0,5927
0,5927.5
0,5929
0,5929
0,5929
0,5927
0,5927
0,5926
0,5926
0,5924.5
0,5924.5
0,5921.5
0,5920.5
0,5925.5
0,5925
0,5928.5
0,5929.5
0,5930.5
0,5931
0,5927.5
0,5927.5
0,5925
0,5925.5
0,5922.5
0,5919.5
0,5916.5
0,5913
0,5912.5
0,5913
0,5910
0,5912
0,5903
0,5897
0,5890.5
0,5885.5
0,5882
0,5883.5
0,5889.5
0,5895.5
0,5904
0,5898
0,5895.5
0,5899.5
0,5899.5
0,5904.5
0,5899.5
0,5891.5
0,5889
0,5894
0,5900.5
0,5896
0,5890
0,5885
0,5878
0,5879
0,5873.5
0,5874.5
0,5869
0,5866.5
0,5859
0,5853.5
0,5851.5
0,5837.5
0,5850
0,5853
0,5858
0,5850.5
0,5850.5
0,5859
0,5863
0,5869
0,5862
0,5861.5
0,5858
0,5859
0,5869
0,5868
0,5870
0,5869
0,5877
0,5881
0,5884.5
0,5878.5
0,5880.5
0,5887.5
0,5888
0,5891.5
0,5886.5
0,5884.5
0,5888
0,5882
0,5880.5
0,5881.5
0,5880
0,5877.5
0,5881
0,5886.5
0,5887.5
0,5886.5
0,5886
0,5890
0,5890
0,5887.5
0,5888
0,5887.5
0,5890.5
0,5890
0,5891.5
0,5894.5
0,5897
0,5899
0,5903.5
0,5905
0,5906
0,5909.5
0,5907.5
0,5904.5
0,5904.5
0,5906.5
0,5906.5
0,5906.5
0,5901
0,5899.5
0,5905
0,5907
0,5907
0,5911.5
0,5911.5
0,5914.5
0,5918.5
0,5915.5
0,5918.5
0,5917
0,5913.5
0,5912
0,5915
0,5910.5
0,5916.5
0,5920
0,5923.5
0,5921.5
0,5917.5
0,5917
0,5915.5
0,5910.5
0,5909.5
0,5909.5
0,5914
0,5919
0,5927.5
0,5925.5
0,5922
0,5921.5
0,5922.5
0,5918.5
0,5919.5
0,5914.5
0,5918
0,5921.5
0,5924
0,5916.5
0,5914
0,5916.5
0,5923.5
0,5923.5
0,5834
0,5831
0,5837.5
0,5844.5
0,5844.5
0,5846.5
0,5856
0,5846.5
0,5846.5
0,5843.5
0,5847
0,5856.5
0,5852.5
0,5854.5
0,5852.5
0,5853
0,5853.5
0,5852
0,5844.5
0,5846.5
0,5842.5
0,5850
0,5851
0,5850.5
0,5844
0,5847
0,5852
0,5850.5
0,5851
0,5851.5
0,5852
0,5848
0,5848.5
0,5850.5
0,5848
0,5846
0,5846
0,5847.5
0,5850.5
0,5850.5
0,5849.5
0,5851
0,5849
0,5848.5
0,5844
0,5841
0,5842.5
0,5840.5
0,5842.5
0,5842
0,5839
0,5844.5
0,5849.5
0,5850.5
0,5848.5
0,5843
0,5845.5
0,5846.5
0,5842.5
0,5843.5
0,5846.5
0,5851.5
0,5852
0,5852
0,5853
0,5853.5
0,5853
0,5854
0,5853.5
0,5853
0,5856.5
0,5856
0,5855.5
0,5858
0,5858
0,5863
0,5863
0,5863.5
0,5862.5
0,5861.5
0,5860.5
0,5859.5
0,5861.5
0,5862.5
0,5862.5
0,5860.5
0,5859.5
0,5856
0,5854.5
0,5855
0,5857.5
0,5853.5
0,5856
0,5853.5
0,5855.5
0,5855.5
0,5851.5
0,5850.5
0,5854
0,5860
0,5858
0,5862.5
0,5864.5
0,5865.5
0,5868.5
0,5869
0,5866
0,5865.5
0,5868
0,5866.5
0,5864
0,5868
0,5868.5
0,5866.5
0,5862.5
0,5859.5
0,5863
0,5864
0,5866.5
0,5865.5
0,5866
0,5868
0,5863.5
0,5860.5
0,5860.5
0,5862.5
0,5866.5
0,5868.5
0,5870.5
0,5870
0,5872.5
0,5873.5
0,5872.5
0,5870.5
0,5871.5
0,5874.5
0,5877
0,5875
0,5872
0,5871.5
0,5874.5
0,5872.5
0,5872.5
0,5868
0,5868.5
0,5868.5
0,5868.5
0,5868.5
0,5868.5
0,5870
0,5867.5
0,5868
0,5867.5
0,5870
0,5868
0,5866.5
0,5867
0,5866.5
0,5865
0,5865.5
0,5865
0,5866
0,5867
0,5867.5
0,5869
0,5869.5
0,5870
0,5870.5
0,5875.5
0,5874.5
0,5874.5
0,5874
0,5873
0,5873.5
0,5873
0,5869
0,5873.5
0,5876.5
0,5878.5
0,5878
0,5878
0,5881
0,5881
0,5884
0,5886.5
0,5883.5
0,5882.5
0,5879.5
0,5880.5
0,5880
0,5881.5
0,5879
0,5876
0,5877.5
0,5880.5
0,5884
0,5885.5
0,5888.5
0,5889
0,5886
0,5886.5
0,5887.5
0,5889
0,5883
0,5883.5
0,5881
0,5881.5
0,5882.5
0,5883
0,5885.5
0,5888
0,5887.5
0,5888.5
0,5893
0,5893.5
0,5897.5
0,5901.5
0,5902.5
0,5897
0,5898.5
0,5897.5
0,5896
0,5896
0,5896.5
0,5897
0,5896
0,5897.5
0,5896.5
0,5896
0,5893
0,5897
0,5896.5
0,5894.5
0,5894
0,5896.5
0,5892
0,5890
0,5889.5
0,5893
0,5890
0,5891
0,5894.5
0,5893.5
0,5893.5
0,5896
0,5895.5
0,5897
0,5899
0,5898.5
0,5894.5
0,5894
0,5898
0,5900
0,5901.5
0,5899.5
0,5897
0,5896
0,5896.5
0,5894
0,5893.5
0,5891.5
0,5891.5
0,5896
0,5890.5
0,5892
0,5892.5
0,5895
0,5893.5
0,5893.5
0,5893
0,5887.5
0,5892
0,5891
0,5895.5
0,5895
0,5894
0,5893
0,5892.5
0,5885.5
0,5884
0,5888.5
0,5888.5
0,5889.5
0,5890.5
0,5890.5
0,5890.5
0,5891
0,5882.5
0,5880
0,5881.5
0,5881
0,5884.5
0,5887
0,5892
0,5892.5
0,5891
0,5891.5
0,5887.5
0,5885.5
0,5885.5
0,5890
0,5885.5
0,5891
0,5892
0,5889
0,5890
0,5891
0,5892
0,5892.5
0,5891.5
0,5892
0,5892
0,5891.5
0,5891.5
0,5892
0,5891.5
0,5891
0,5888.5
0,5892
0,5892
0,5892.5
0,5889.5
0,5889
0,5892
0,5887.5
0,5886.5
0,5888.5
0,5889
0,5892
0,5892
0,5894
0,5894.5
0,5895
0,5899.5
0,5894
0,5892.5
0,5894.5
0,5890
0,5888.5
0,5886
0,5887
0,5887
0,5888.5
0,5887.5
0,5887
0,5893
0,5892
0,5888
0,5886
0,5881.5
0,5878.5
0,5875.5
0,5874.5
0,5873.5
0,5875
0,5874.5
0,5875.5
0,5874
0,5872.5
0,5870.5
0,5868
0,5867
0,5866
0,5865.5
0,5868.5
0,5871.5
0,5875.5
0,5875
0,5875.5
0,5876.5
0,5875.5
0,5876
0,5871.5
0,5872.5
0,5877
0,5877.5
0,5878.5
0,5880.5
0,5879.5
0,5879.5
0,5879.5
0,5879
0,5878
0,5879.5
0,5879.5
0,5881.5
0,5880.5
0,5874
0,5878
0,5864
0,5859
0,5861.5
0,5857.5
0,5864.5
0,5866.5
0,5860.5
0,5861.5
0,5865.5
0,5863
0,5857.5
0,5856
0,5860
0,5861.5
0,5862.5
0,5861.5
0,5861
0,5859.5
0,5861.5
0,5860.5
0,5856.5
0,5853.5
0,5852
0,5853.5
0,5857
0,5859.5
0,5861
0,5864
0,5865.5
0,5866.5
0,5865.5
0,5869.5
0,5869.5
0,5869.5
0,5875.5
0,5880.5
0,5879.5
0,5876
0,5878
0,5878
0,5876.5
0,5874.5
0,5874.5
0,5874
0,5874
0,5874
0,5876.5
0,5879.5
0,5878.5
0,5880.5
0,5887.5
0,5889.5
0,5888.5
0,5885.5
0,5888.5
0,5888.5
0,5892
0,5896
0,5894
0,5895
0,5896.5
0,5898.5
0,5901.5
0,5901.5
0,5903
0,5899.5
0,5902.5
0,5900.5
0,5901
0,5901.5
0,5900.5
0,5905
0,5904
0,5902.5
0,5901.5
0,5898.5
0,5897.5
0,5897.5
0,5897.5
0,5900.5
0,5899
0,5902
0,5896.5
0,5902.5
0,5904.5
0,5906
0,5906.5
0,5907
0,5910.5
0,5907
0,5907.5
0,5906.5
0,5907
0,5907.5
0,5908
0,5911.5
0,5911.5
0,5910.5
0,5912.5
0,5912.5
0,5912.5
0,5913.5
0,5919.5
0,5919.5
0,5919
0,5922
0,5918.5
0,5920.5
0,5915
0,5913.5
0,5912.5
0,5909.5
0,5910.5
0,5904
0,5905
0,5904.5
0,5897
0,5893.5
0,5884.5
0,5885
0,5881
0,5884
0,5890
0,5887
0,5881.5
0,5887
0,5890
0,5893
0,5895.5
0,5902
0,5906
0,5901
0,5900.5
0,5892
0,5888
0,5887.5
0,5910.5
0,5904.5
0,5908
0,5908
0,5907.5
0,5905
0,5901.5
0,5900
0,5900
0,5899.5
0,5901.5
0,5898.5
0,5899
0,5899.5
0,5899.5
0,5897
0,5897.5
0,5899.5
0,5899
0,5895.5
0,5896.5
0,5892.5
0,5896.5
0,5896.5
0,5892
0,5894.5
0,5892
0,5887.5
0,5884.5
0,5887.5
0,5888.5
0,5888.5
0,5889.5
0,5888.5
0,5890
0,5891.5
0,5898
0,5896
0,5890
0,5889.5
0,5889.5
0,5886.5
0,5882.5
0,5883
0,5888
0,5887.5
0,5885.5
0,5887
0,5892
0,5897.5
0,5888.5
0,5886.5
0,5888
0,5882.5
0,5884
0,5873.5
0,5874.5
0,5881
0,5883
0,5881.5
0,5884
0,5881.5
0,5878.5
0,5884
0,5886
0,5887.5
0,5888
0,5884.5
0,5883.5
0,5886.5
0,5888
0,5888
0,5887.5
0,5887.5
0,5888
0,5887
0,5883
0,5887
0,5883.5
0,5886.5
0,5883
0,5884
0,5882.5
0,5879
0,5868.5
0,5869.5
0,5875.5
0,5871.5
0,5871.5
0,5870
0,5867.5
0,5868.5
0,5867.5
0,5863.5
0,5868.5
0,5870.5
0,5875
0,5872.5
0,5875.5
0,5880
0,5879
0,5878.5
0,5879.5
0,5879.5
0,5883
0,5883.5
0,5882
0,5881.5
0,5880.5
0,5880
0,5880
0,5877
0,5880.5
0,5876.5
0,5873
0,5869.5
0,5870.5
0,5869
0,5867.5
0,5863
0,5864.5
0,5866
0,5863.5
0,5861.5
0,5865.5
0,5866
0,5868.5
0,5871.5
0,5872
0,5872
0,5870
0,5871
0,5875.5
0,5878.5
0,5877
0,5875
0,5875
0,5875.5
0,5876.5
0,5876
0,5876.5
0,5876
0,5873.5
0,5875
0,5876.5
0,5878.5
0,5878.5
0,5876.5
0,5875
0,5876
0,5874.5
0,5875.5
0,5872.5
0,5865.5
0,5848
0,5842.5
0,5841.5
0,5836
0,5837.5
0,5828
0,5827
0,5834.5
0,5836
0,5833.5
0,5834
0,5836
0,5835
0,5833
0,5832
0,5832.5
0,5835
0,5839
0,5844.5
0,5852.5
0,5850.5
0,5858
0,5853
0,5848.5
0,5838
0,5834.5
0,5838.5
0,5830.5
0,5826
0,5831.5
0,5834.5
0,5834.5
0,5831
0,5825.5
0,5828
0,5833
0,5829
0,5831.5
0,5830.5
0,5833
0,5827.5
0,5831.5
0,5830
0,5832.5
0,5834.5
0,5834.5
0,5832
0,5828
0,5824.5
0,5820.5
0,5816
0,5816.5
0,5821.5
0,5822
0,5823.5
0,5822
0,5817
0,5818
0,5820
0,5813
0,5815
0,5808.5
0,5808.5
0,5812.5
0,5810.5
0,5808.5
0,5809.5
0,5820
0,5819.5
0,5804
0,5801.5
0,5808
0,5806
0,5810
0,5806.5
0,5805.5
0,5808.5
0,5811.5
0,5814.5
0,5813
0,5808.5
0,5815
0,5817
0,5819
0,5825.5
0,5825
0,5827
0,5821
0,5816
0,5812
0,5813
0,5812
0,5806
0,5804
0,5802.5
0,5803.5
0,5802.5
0,5801.5
0,5799.5
0,5798.5
0,5798.5
0,5800.5
0,5802
0,5798.5
0,5805
0,5807
0,5803
0,5805
0,5802.5
0,5811
0,5814.5
0,5814.5
0,5815
0,5814.5
0,5812
0,5814
0,5810.5
0,5812
0,5809
0,5810.5
0,5809
0,5811
0,5808.5
0,5812.5
0,5815.5
0,5814
0,5815
0,5823
0,5819
0,5820
0,5817
0,5812.5
0,5813.5
0,5818.5
0,5819.5
0,5820
0,5818
0,5817.5
0,5819
0,5820.5
0,5821.5
0,5820.5
0,5818.5
0,5818.5
0,5820.5
0,5819.5
0,5817.5
0,5816
0,5819
0,5818
0,5817
0,5815.5
0,5813
0,5814.5
0,5819
0,5820.5
0,5818.5
0,5816.5
0,5815.5
0,5813.5
0,5815.5
0,5816.5
0,5808.5
0,5809
0,5809.5
0,5806.5
0,5805.5
0,5805
0,5800.5
0,5800
0,5794
0,5799.5
0,5794.5
0,5792.5
0,5794
0,5798.5
0,5803.5
0,5799.5
0,5797
0,5795.5
0,5794.5
0,5795.5
0,5795
0,5796
0,5790.5
0,5790.5
0,5790
0,5784
0,5787.5
0,5792.5
0,5797
0,5797.5
0,5798
0,5799.5
0,5799.5
0,5794
0,5797.5
0,5799.5
0,5802
0,5796.5
0,5798
0,5799.5
0,5802
0,5802
0,5805.5
0,5801
0,5800.5
0,5801
0,5799
0,5800.5
0,5801.5
0,5802
0,5801.5
0,5800.5
0,5801
0,5802.5
0,5803
0,5802
0,5803.5
0,5803.5
0,5798.5
0,5797
0,5790.5
0,5795.5
0,5789
0,5791.5
0,5794
0,5790.5
0,5790.5
0,5787.5
0,5787.5
0,5784
0,5779.5
0,5778.5
0,5778
0,5773.5
0,5774
0,5765
0,5770.5
0,5772.5
0,5775
0,5780
0,5777
0,5776
0,5779.5
0,5784.5
0,5783.5
0,5787
0,5788
0,5787
0,5792
0,5791.5
0,5794
0,5791.5
0,5790.5
0,5796.5
0,5790.5
0,5793
0,5794
0,5792
0,5792.5
0,5794.5
0,5794.5
0,5793.5
0,5793
0,5792.5
0,5793.5
0,5793.5
0,5791.5
0,5786
0,5782.5
0,5777
0,5774.5
0,5776.5
0,5777
0,5778.5
0,5773.5
0,5771.5
0,5773.5
0,5777.5
0,5780.5
0,5779.5
0,5778.5
0,5777.5
0,5777.5
0,5773.5
0,5774
0,5773.5
0,5777.5
0,5774
0,5772.5
0,5771
0,5774.5
0,5776
0,5773
0,5765.5
0,5764
0,5759.5
0,5759
0,5753.5
0,5758.5
0,5759.5
0,5755.5
0,5752
0,5754
0,5759
0,5754.5
0,5747.5
0,5749.5
0,5742
0,5740
0,5739.5
0,5735.5
0,5736
0,5738.5
0,5739
0,5738.5
0,5739.5
0,5738.5
0,5739.5
0,5735
0,5726.5
0,5729
0,5723.5
0,5732.5
0,5738
0,5736
0,5732.5
0,5726.5
0,5730.5
0,5730
0,5730
0,5725
0,5725
0,5637.5
0,5643.5
0,5631
0,5627.5
0,5638.5
0,5644.5
0,5644
0,5651.5
0,5648
0,5655
0,5655
0,5659
0,5668.5
0,5666.5
0,5658.5
0,5660.5
0,5652.5
0,5654.5
0,5656.5
0,5652.5
0,5652
0,5647.5
0,5638
0,5626.5
0,5633
0,5632
0,5627.5
0,5628.5
0,5632.5
0,5636.5
0,5638.5
0,5628
0,5627
0,5636.5
0,5639.5
0,5648
0,5642.5
0,5647
0,5644.5
0,5644.5
0,5646
0,5649
0,5642.5
0,5644.5
0,5647.5
0,5650
0,5650.5
0,5644.5
0,5652.5
0,5654.5
0,5651.5
0,5650.5
0,5645.5
0,5646
0,5647.5
0,5641.5
0,5641.5
0,5638.5
0,5641.5
0,5636.5
0,5633
0,5633.5
0,5641.5
0,5640
0,5646
0,5646.5
0,5648.5
0,5650
0,5653.5
0,5654
0,5653.5
0,5651.5
0,5649.5
0,5648
0,5649
0,5650.5
0,5652.5
0,5652
0,5651.5
0,5651
0,5649.5
0,5649.5
0,5650.5
0,5642.5
0,5638.5
0,5640.5
0,5641
0,5638
0,5637.5
0,5637.5
0,5637
0,5638.5
0,5644
0,5641.5
0,5644.5
0,5642
0,5641
0,5640
0,5638
0,5628
0,5630
0,5626
0,5623
0,5619.5
0,5629.5
0,5638
0,5634.5
0,5632.5
0,5634.5
0,5637
0,5638
0,5637
0,5636
0,5638.5
0,5637.5
0,5638.5
0,5641
0,5642.5
0,5638
0,5644
0,5642
0,5642
0,5640.5
0,5640
0,5640
0,5638
0,5635
0,5634.5
0,5631.5
0,5626.5
0,5625.5
0,5626
0,5624
0,5623.5
0,5623.5
0,5622
0,5622
0,5619.5
0,5625.5
0,5623
0,5622
0,5619
0,5618
0,5621.5
0,5621.5
0,5622.5
0,5626
0,5623.5
0,5619.5
0,5619
0,5620.5
0,5620.5
0,5623.5
0,5625
0,5625.5
0,5624
0,5622.5
0,5623.5
0,5624.5
0,5625.5
0,5624.5
0,5625.5
0,5625.5
0,5625.5
0,5625.5
0,5624.5
0,5628.5
0,5625.5
0,5627.5
0,5624
0,5624
0,5627.5
0,5630
0,5628
0,5628.5
0,5631
0,5632
0,5630.5
0,5630.5
0,5631.5
0,5633.5
0,5635.5
0,5633.5
0,5632
0,5631
0,5630.5
0,5631
0,5631
0,5623
0,5622
0,5623.5
0,5627.5
0,5629
0,5629.5
0,5628
0,5630.5
0,5630.5
0,5630.5
0,5630.5
0,5629
0,5629.5
0,5628.5
0,5628.5
0,5629.5
0,5629.5
0,5630
0,5628
0,5627.5
0,5626.5
0,5620.5
0,5619
0,5618.5
0,5616
0,5616.5
0,5614
0,5615
0,5617.5
0,5618.5
0,5613
0,5613
0,5609.5
0,5611
0,5613.5
0,5613.5
0,5617.5
0,5619.5
0,5621.5
0,5623.5
0,5622.5
0,5624
0,5623.5
0,5624.5
0,5624.5
0,5627
0,5626
0,5624
0,5622.5
0,5622.5
0,5622.5
0,5622.5
0,5624.5
0,5623.5
0,5627
0,5626.5
0,5629.5
0,5633
0,5633
0,5631
0,5629.5
0,5628.5
0,5629.5
0,5627
0,5627.5
0,5628.5
0,5629.5
0,5630
0,5629.5
0,5630.5
0,5629
0,5630
0,5629.5
0,5626
0,5628
0,5627
0,5622
0,5622
0,5622
0,5622.5
0,5623.5
0,5623
0,5624
0,5627.5
0,5627
0,5625
0,5627.5
0,5627.5
0,5629
0,5628.5
0,5627.5
0,5622.5
0,5621.5
0,5621.5
0,5621.5
0,5622
0,5623.5
0,5624
0,5625
0,5625.5
0,5624.5
0,5623
0,5621.5
0,5621
0,5623.5
0,5622.5
0,5619.5
0,5617
0,5619.5
0,5620.5
0,5623
0,5623
0,5620
0,5618.5
0,5618
0,5615.5
0,5615.5
0,5614.5
0,5611.5
0,5615
0,5615.5
0,5616
0,5615
0,5616
0,5614.5
0,5612.5
0,5611.5
0,5611
0,5610
0,5609
0,5607.5
0,5612
0,5611
0,5610.5
0,5606
0,5604.5
0,5606
0,5605.5
0,5603.5
0,5600.5
0,5599
0,5597
0,5604
0,5603
0,5610.5
0,5606.5
0,5599.5
0,5601
0,5603
0,5604
0,5603
0,5598.5
0,5598.5
0,5599.5
0,5600
0,5601
0,5601.5
0,5601.5
0,5603.5
0,5605.5
0,5607
0,5605.5
0,5607.5
0,5607.5
0,5608.5
0,5612
0,5614.5
0,5622
0,5616
0,5613
0,5612
0,5612.5
0,5612
0,5614.5
0,5615
0,5612.5
0,5611.5
0,5613
0,5612.5
0,5611.5
0,5610
0,5608.5
0,5611.5
0,5609
0,5609.5
0,5607.5
0,5607
0,5607
0,5604
0,5602.5
0,5603
0,5605
0,5602.5
0,5598
0,5591.5
0,5595.5
0,5598.5
0,5594
0,5593.5
0,5589.5
0,5588.5
0,5589
0,5588.5
0,5584.5
0,5584
0,5579
0,5583.5
0,5580.5
0,5577.5
0,5577
0,5583.5
0,5573.5
0,5565.5
0,5563.5
0,5559.5
0,5566
0,5571.5
0,5568.5
0,5565.5
0,5563
0,5559.5
0,5557.5
0,5555.5
0,5548.5
0,5547.5
0,5544
0,5550
0,5548.5
0,5549
0,5544
0,5540
0,5540.5
0,5540
0,5540
0,5538
0,5538.5
0,5536
0,5538
0,5540.5
0,5538.5
0,5535.5
0,5531
0,5528.5
0,5527.5
0,5526
0,5528
0,5525
0,5520.5
0,5518.5
0,5513.5
0,5521
0,5523.5
0,5516
0,5523
0,5524.5
0,5523
0,5527.5
0,5524.5
0,5521
0,5519.5
0,5518.5
0,5512.5
0,5514
0,5516
0,5517
0,5519.5
0,5522
0,5518.5
0,5521.5
0,5517.5
0,5513
0,5511
0,5510.5
0,5511
0,5508.5
0,5509.5
0,5505
0,5501.5
0,5501
0,5495.5
0,5490
0,5488.5
0,5492
0,5489
0,5485.5
0,5486.5
0,5487.5
0,5488
0,5490.5
0,5487.5
0,5479.5
0,5478.5
0,5478
0,5480.5
0,5487
0,5485
0,5490
0,5491.5
0,5501
0,5506.5
0,5502
0,5503.5
0,5497.5
0,5502.5
0,5498.5
0,5496
0,5498.5
0,5494.5
0,5497
0,5501.5
0,5499
0,5494
0,5487
0,5502.5
0,5485
0,5478.5
0,5494.5
0,5499
0,5498.5
0,5503
0,5501
0,5493.5
0,5499
0,5505
0,5501.5
0,5501.5
0,5500
0,5501
0,5506.5
0,5510
0,5513.5
0,5513
0,5512.5
0,5513
0,5514.5
0,5514
0,5514.5
0,5514
0,5516.5
0,5515
0,5510.5
0,5509
0,5501
0,5502
0,5500.5
0,5501.5
0,5501.5
0,5502
0,5502
0,5501
0,5502.5
0,5500.5
0,5501
0,5504.5
0,5503
0,5502
0,5504
0,5505.5
0,5507.5
0,5503
0,5507
0,5507.5
0,5510.5
0,5511
0,5518
0,5520.5
0,5518
0,5520
0,5522.5
0,5523.5
0,5528.5
0,5532
0,5526.5
0,5522
0,5523.5
0,5525.5
0,5520
0,5519
0,5514.5
0,5513
0,5510
0,5506.5
0,5506
0,5504.5
0,5505.5
0,5505.5
0,5507.5
0,5506
0,5508
0,5512.5
0,5520.5
0,5516
0,5518.5
0,5514.5
0,5516
0,5516
0,5515
0,5517
0,5516.5
0,5512
0,5514
0,5515
0,5514.5
0,5517.5
0,5523.5
0,5524.5
0,5520.5
0,5520.5
0,5519.5
0,5518.5
0,5514
0,5514
0,5517
0,5519.5
0,5519
0,5513.5
0,5514
0,5512
0,5511.5
0,5512.5
0,5513.5
0,5513
0,5513
0,5510
0,5506.5
0,5505.5
0,5510
0,5505.5
0,5505.5
0,5505
0,5505
0,5505.5
0,5507.5
0,5506
0,5505.5
0,5502
0,5501
0,5501.5
0,5501.5
0,5502.5
0,5501
0,5500.5
0,5498
0,5499.5
0,5498.5
0,5494.5
0,5492.5
0,5493.5
0,5493.5
0,5491.5
0,5490
0,5495.5
0,5491.5
0,5490.5
0,5492.5
0,5490.5
0,5485.5
0,5481.5
0,5483
0,5490.5
0,5491.5
0,5486.5
0,5484
0,5480.5
0,5483.5
0,5481.5
0,5482.5
0,5486.5
0,5494
0,5490.5
0,5486
0,5489.5
0,5489
0,5491.5
0,5498.5
0,5501
0,5504
0,5507.5
0,5507.5
0,5512
0,5509.5
0,5511.5
0,5508.5
0,5504.5
0,5503.5
0,5504.5
0,5502.5
0,5501
0,5503
0,5502
0,5502.5
0,5503.5
0,5500.5
0,5503.5
0,5505.5
0,5503.5
0,5504.5
0,5503
0,5504.5
0,5505.5
0,5505
0,5504
0,5505.5
0,5505
0,5504
0,5502.5
0,5504.5
0,5501.5
0,5501.5
0,5499.5
0,5500.5
0,5500
0,5499.5
0,5500.5
0,5502.5
0,5503.5
0,5501.5
0,5502.5
0,5500.5
0,5501.5
0,5501
0,5500.5
0,5500.5
0,5501
0,5500.5
0,5501.5
0,5501.5
0,5500.5
0,5500.5
0,5500
0,5498.5
0,5496.5
0,5495.5
0,5497
0,5498
0,5498.5
0,5499.5
0,5505
0,5509.5
0,5509.5
0,5511.5
0,5512
0,5511.5
0,5509
0,5505
0,5502
0,5506
0,5506
0,5501
0,5503.5
0,5502.5
0,5503
0,5499
0,5501
0,5500.5
0,5494.5
0,5491
0,5488
0,5493
0,5498
0,5497
0,5499
0,5504
0,5499.5
0,5495.5
0,5496.5
0,5495.5
0,5487.5
0,5481
0,5488.5
0,5490
0,5496.5
0,5498
0,5501
0,5498.5
0,5494.5
0,5487
0,5489.5
0,5494.5
0,5495.5
0,5500
0,5499.5
0,5499.5
0,5501
0,5504.5
0,5503.5
0,5504.5
0,5506.5
0,5502.5
0,5506.5
0,5504
0,5504
0,5497.5
0,5497.5
0,5496.5
0,5495.5
0,5494.5
0,5491.5
0,5494.5
0,5491.5
0,5490.5
0,5488.5
0,5493
0,5493
0,5491
0,5488.5
0,5494.5
0,5490.5
0,5495.5
0,5492.5
0,5494.5
0,5497.5
0,5499
0,5500.5
0,5504.5
0,5505
0,5505
0,5506
0,5507
0,5506.5
0,5504.5
0,5503
0,5505.5
0,5506.5
0,5506
0,5506.5
0,5503
0,5504.5
0,5504
0,5503
0,5504
0,5506.5
0,5507
0,5508
0,5508
0,5508.5
0,5509
0,5508.5
0,5507.5
0,5509
0,5508
0,5514
0,5512
0,5513
0,5513.5
0,5518.5
0,5518.5
0,5519.5
0,5518
0,5520
0,5524
0,5523.5
0,5522.5
0,5523.5
0,5522
0,5524
0,5524.5
0,5521
0,5519.5
0,5521.5
0,5522
0,5521.5
0,5531
0,5530.5
0,5530
0,5531
0,5532.5
0,5535
0,5531
0,5526
0,5523
0,5524
0,5523.5
0,5528.5
0,5523
0,5524.5
0,5523.5
0,5519.5
0,5517.5
0,5517.5
0,5517
0,5515.5
0,5517.5
0,5517
0,5519.5
0,5519.5
0,5525.5
0,5523.5
0,5524.5
0,5527
0,5526.5
0,5527.5
0,5528
0,5530.5
0,5528.5
0,5532.5
0,5526.5
0,5526.5
0,5521.5
0,5521.5
0,5520
0,5514
0,5512.5
0,5511.5
0,5515
0,5515
0,5516
0,5514
0,5507.5
0,5508.5
0,5508.5
0,5510.5
0,5502.5
0,5502
0,5502.5
0,5494.5
0,5498.5
0,5507
0,5505
0,5497.5
0,5505.5
0,5508
0,5511.5
0,5511.5
0,5518
0,5524.5
0,5529.5
0,5529.5
0,5532.5
0,5527.5
0,5527
0,5525.5
0,5539
0,5539
0,5540.5
0,5538
0,5539.5
0,5535
0,5531.5
0,5532.5
0,5529.5
0,5536.5
0,5528.5
0,5521.5
0,5517.5
0,5516.5
0,5509
0,5515
0,5515.5
0,5518.5
0,5523.5
0,5530.5
0,5536.5
0,5534
0,5528
0,5529.5
0,5528.5
0,5530
0,5533.5
0,5535.5
0,5547.5
0,5545
0,5545.5
0,5543.5
0,5541
0,5542
0,5544.5
0,5548
0,5544
0,5553.5
0,5554
0,5560
0,5561.5
0,5562
0,5558.5
0,5557
0,5555
0,5555.5
0,5556.5
0,5556
0,5562.5
0,5568.5
0,5571.5
0,5566.5
0,5575
0,5571
0,5574
0,5564
0,5561.5
0,5561
0,5563.5
0,5566
0,5567
0,5560.5
0,5562
0,5561
0,5565
0,5568.5
0,5564.5
0,5568.5
0,5573.5
0,5568
0,5565
0,5565.5
0,5561
0,5560.5
0,5563.5
0,5561
0,5560.5
0,5561
0,5555.5
0,5554.5
0,5554.5
0,5551
0,5551.5
0,5555
0,5551
0,5552.5
0,5554.5
0,5550.5
0,5521.5
0,5539.5
0,5537
0,5541.5
0,5553
0,5551.5
0,5552.5
0,5556
0,5552.5
0,5553
0,5561
0,5558
0,5561
0,5557
0,5562
0,5563.5
0,5563
0,5559
0,5558.5
0,5558
0,5559
0,5565
0,5566
0,5571
0,5567
0,5572.5
0,5570
0,5571.5
0,5571
0,5571
0,5574.5
0,5571.5
0,5570.5
0,5571
0,5570.5
0,5566.5
0,5554
0,5559.5
0,5559.5
0,5557
0,5561
0,5562
0,5561
0,5560
0,5563.5
0,5562.5
0,5562
0,5561
0,5560.5
0,5566
0,5564.5
0,5563.5
0,5563.5
0,5567
0,5567
0,5568.5
0,5571
0,5571.5
0,5571
0,5569
0,5571.5
0,5565
0,5565
0,5564.5
0,5564
0,5563.5
0,5563.5
0,5563
0,5563
0,5561
0,5560.5
0,5560
0,5559.5
0,5564.5
0,5560
0,5558.5
0,5556
0,5555
0,5555
0,5549.5
0,5546.5
0,5542
0,5545
0,5540.5
0,5532.5
0,5541
0,5538.5
0,5532
0,5528.5
0,5531
0,5534
0,5533
0,5532.5
0,5530
0,5532.5
0,5534.5
0,5533
0,5535
0,5538
0,5541
0,5541.5
0,5538.5
0,5538.5
0,5541.5
0,5532
0,5535.5
0,5540
0,5536
0,5535.5
0,5539
0,5537
0,5539
0,5541
0,5539
0,5537.5
0,5536.5
0,5536
0,5538
0,5536.5
0,5536
0,5535
0,5532.5
0,5530.5
0,5534.5
0,5536
0,5539
0,5534.5
0,5536.5
0,5535.5
0,5535
0,5535
0,5538
0,5540.5
0,5540
0,5540
0,5541
0,5539.5
0,5536.5
0,5537.5
0,5535.5
0,5536.5
0,5540.5
0,5540
0,5540.5
0,5537
0,5538
0,5538
0,5535
0,5532.5
0,5531.5
0,5529.5
0,5527.5
0,5528
0,5528
0,5529
0,5529.5
0,5530
0,5527.5
0,5528
0,5523.5
0,5522
0,5522.5
0,5523.5
0,5522.5
0,5524
0,5523.5
0,5526
0,5527
0,5527.5
0,5527.5
0,5524
0,5524
0,5519.5
0,5522.5
0,5520.5
0,5520.5
0,5517.5
0,5520.5
0,5520
0,5527.5
0,5526.5
0,5524.5
0,5526.5
0,5524.5
0,5523.5
0,5522
0,5522
0,5525.5
0,5524.5
0,5524.5
0,5525
0,5526.5
0,5523.5
0,5524
0,5526
0,5528
0,5526
0,5528
0,5526.5
0,5527.5
0,5530
0,5530.5
0,5530.5
0,5529
0,5527.5
0,5528.5
0,5530
0,5530
0,5529.5
0,5528.5
0,5527.5
0,5529.5
0,5533.5
0,5536
0,5542.5
0,5543.5
0,5542.5
0,5547.5
0,5542.5
0,5538.5
0,5538.5
0,5531.5
0,5529
0,5532.5
0,5529
0,5533
0,5532
0,5530
0,5532.5
0,5533.5
0,5535.5
0,5532
0,5530.5
0,5531.5
0,5531
0,5530.5
0,5529.5
0,5535.5
0,5536.5
0,5539.5
0,5536.5
0,5540
0,5538.5
0,5539.5
0,5540.5
0,5539.5
0,5537.5
0,5533.5
0,5530
0,5529.5
0,5533
0,5532
0,5530
0,5534
0,5531
0,5530.5
0,5533
0,5530
0,5529
0,5533.5
0,5533.5
0,5532.5
0,5532.5
0,5531
0,5529.5
0,5530
0,5529.5
0,5529.5
0,5532
0,5530
0,5530.5
0,5534.5
0,5533
0,5530.5
0,5530.5
0,5529
0,5528
0,5529.5
0,5531
0,5532
0,5530.5
0,5534
0,5533
0,5534
0,5533
0,5534
0,5534.5
0,5532
0,5533
0,5533
0,5532
0,5538
0,5535
0,5534.5
0,5527.5
0,5529
0,5530
0,5530
0,5531.5
0,5527
0,5527
0,5525.5
0,5520.5
0,5523
0,5524.5
0,5522.5
0,5522.5
0,5520.5
0,5523.5
0,5526
0,5523.5
0,5522.5
0,5520
0,5524.5
0,5523.5
0,5523
0,5523
0,5526.5
0,5527
0,5526.5
0,5526.5
0,5525
0,5524.5
0,5527.5
0,5525
0,5523
0,5524
0,5521.5
0,5522
0,5522
0,5523
0,5521.5
0,5522
0,5521.5
0,5521.5
0,5516.5
0,5519.5
0,5521
0,5520.5
0,5519.5
0,5519.5
0,5519.5
0,5521.5
0,5518
0,5517
0,5516
0,5517.5
0,5517.5
0,5514.5
0,5510.5
0,5505
0,5508
0,5506.5
0,5508
0,5506.5
0,5511.5
0,5515.5
0,5515
0,5513.5
0,5514
0,5514
0,5512
0,5516
0,5517.5
0,5513
0,5511
0,5512
0,5508.5
0,5508
0,5504
0,5504.5
0,5504.5
0,5501.5
0,5500.5
0,5501
0,5503
0,5500.5
0,5499
0,5494
0,5499.5
0,5498
0,5494.5
0,5488
0,5476.5
0,5478
0,5476.5
0,5490.5
0,5484.5
0,5478.5
0,5474
0,5477
0,5473.5
0,5471.5
0,5474
0,5469
0,5466
0,5472.5
0,5481
0,5487
0,5494.5
0,5493
0,5489.5
0,5492
0,5495.5
0,5484
0,5488.5
0,5487.5
0,5493.5
0,5491
0,5494
0,5495
0,5500.5
0,5496.5
0,5496.5
0,5501
0,5498.5
0,5507
0,5504
0,5505
0,5499.5
0,5500
0,5500
0,5501.5
0,5501
0,5500.5
0,5500.5
0,5509.5
0,5507
0,5500
0,5501.5
0,5505
0,5504
0,5507.5
0,5511.5
0,5505.5
0,5509.5
0,5514.5
0,5510
0,5509
0,5508.5
0,5507.5
0,5511
0,5512.5
0,5513
0,5507.5
0,5510
0,5511
0,5515.5
0,5516.5
0,5515.5
0,5512
0,5508.5
0,5504.5
0,5504
0,5504
0,5502
0,5502.5
0,5500.5
0,5498.5
0,5502.5
0,5503.5
0,5503
0,5493.5
0,5501.5
0,5507.5
0,5500.5
0,5496
0,5492
0,5492
0,5494.5
0,5490
0,5496
0,5503
0,5495
0,5495.5
0,5490
0,5489
0,5482.5
0,5484.5
0,5476.5
0,5476
0,5479.5
0,5481.5
0,5482.5
0,5492.5
0,5490
0,5492.5
0,5484
0,5486.5
0,5485.5
0,5484.5
0,5482.5
0,5482.5
0,5482
0,5480
0,5481
0,5484.5
0,5481.5
0,5478.5
0,5481.5
0,5478
0,5479
0,5458
0,5457.5
0,5455.5
0,5457
0,5480
0,5467.5
0,5478.5
0,5472.5
0,5473
0,5477.5
0,5479.5
0,5480
0,5488.5
0,5486
0,5482
0,5480.5
0,5474.5
0,5472
0,5469.5
0,5475.5
0,5481
0,5480
0,5476.5
0,5482
0,5486.5
0,5491
0,5489.5
0,5493.5
0,5490
0,5489
0,5489.5
0,5484.5
0,5489.5
0,5491
0,5492
0,5499
0,5492.5
0,5496.5
0,5490.5
0,5490
0,5481
0,5478
0,5481
0,5481
0,5479.5
0,5483
0,5487
0,5485.5
0,5481
0,5474.5
0,5474
0,5470
0,5467.5
0,5465.5
0,5469
0,5469.5
0,5470.5
0,5467
0,5467.5
0,5467
0,5466
0,5466.5
0,5465
0,5462.5
0,5460
0,5460
0,5460
0,5459.5
0,5462
0,5461
0,5462
0,5461.5
0,5458.5
0,5460.5
0,5459.5
0,5462.5
0,5464
0,5465
0,5467
0,5466
0,5463
0,5460.5
0,5459
0,5461
0,5461
0,5459.5
0,5465.5
0,5466.5
0,5464.5
0,5464.5
0,5465
0,5463.5
0,5465.5
0,5463.5
0,5463
0,5463.5
0,5463
0,5464.5
0,5467
0,5464.5
0,5465
0,5464
0,5460.5
0,5464.5
0,5464.5
0,5465
0,5464
0,5461
0,5460
0,5466
0,5472
0,5474.5
0,5473.5
0,5474.5
0,5474.5
0,5475
0,5477
0,5469.5
0,5470
0,5470
0,5473
0,5474.5
0,5478
0,5473
0,5474.5
0,5475.5
0,5474.5
0,5478
0,5477.5
0,5474.5
0,5478
0,5478
0,5480
0,5477.5
0,5482
0,5483.5
0,5485.5
0,5485.5
0,5487
0,5488.5
0,5489.5
0,5489.5
0,5493
0,5493.5
0,5497
0,5502
0,5506
0,5507
0,5508
0,5509
0,5505.5
0,5505
0,5503.5
0,5499
0,5507.5
0,5503.5
0,5503
0,5502
0,5502.5
0,5499.5
0,5501
0,5498.5
0,5502
0,5500.5
0,5500.5
0,5503.5
0,5503.5
0,5504.5
0,5501.5
0,5501.5
0,5503.5
0,5504.5
0,5503
0,5500.5
0,5499.5
0,5504
0,5510
0,5509
0,5509.5
0,5506.5
0,5505
0,5509.5
0,5509
0,5504.5
0,5507
0,5508
0,5507
0,5510.5
0,5508
0,5509.5
0,5509.5
0,5509.5
0,5512
0,5517.5
0,5516
0,5514.5
0,5513.5
0,5512.5
0,5513
0,5511
0,5512
0,5512.5
0,5515
0,5513
0,5511
0,5504
0,5512
0,5507
0,5503.5
0,5501.5
0,5501.5
0,5497
0,5497
0,5497
0,5495.5
0,5499.5
0,5497.5
0,5497.5
0,5497.5
0,5496
0,5498.5
0,5496.5
0,5495.5
0,5497
0,5496
0,5495
0,5495
0,5497.5
0,5498.5
0,5499
0,5498.5
0,5498.5
0,5497.5
0,5498.5
0,5502
0,5504.5
0,5505.5
0,5500
0,5500.5
0,5500
0,5498
0,5500.5
0,5502
0,5500.5
0,5500.5
0,5499.5
0,5501.5
0,5504
0,5499
0,5501
0,5498.5
0,5500.5
0,5503.5
0,5504
0,5507.5
0,5507.5
0,5504.5
0,5506.5
0,5506
0,5504
0,5503
0,5499
0,5500.5
0,5501
0,5502.5
0,5503.5
0,5507
0,5506.5
0,5508
0,5508.5
0,5509
0,5506
0,5507.5
0,5503.5
0,5503.5
0,5501.5
0,5500
0,5499.5
0,5498
0,5496
0,5497
0,5499.5
0,5498.5
0,5503
0,5502
0,5500
0,5501
0,5498.5
0,5499
0,5495.5
0,5496
0,5495
0,5494.5
0,5496
0,5496.5
0,5498.5
0,5492.5
0,5488.5
0,5489.5
0,5494
0,5495
0,5493
0,5493.5
0,5493
0,5494
0,5492.5
0,5491.5
0,5492
0,5487
0,5486.5
0,5486
0,5487
0,5487.5
0,5488.5
0,5493
0,5492
0,5494.5
0,5496
0,5499
0,5501
0,5501
0,5500
0,5498.5
0,5495.5
0,5498.5
0,5498
0,5499.5
0,5499.5
0,5500
0,5500
0,5499.5
0,5497
0,5495
0,5498.5
0,5497.5
0,5497
0,5497.5
0,5500
0,5498.5
0,5498.5
0,5497.5
0,5496
0,5497.5
0,5497.5
0,5498.5
0,5500.5
0,5499
0,5499
0,5500
0,5497
0,5495
0,5496.5
0,5496
0,5502.5
0,5502
0,5498.5
0,5497.5
0,5497.5
0,5499.5
0,5498
0,5496.5
0,5496
0,5497
0,5496.5
0,5496.5
0,5496
0,5498
0,5497.5
0,5499.5
0,5499.5
0,5501
0,5500
0,5507
0,5507.5
0,5503.5
0,5502
0,5508
0,5511
0,5514
0,5512.5
0,5520
0,5521.5
0,5524
0,5517.5
0,5513.5
0,5510.5
0,5504.5
0,5504
0,5502
0,5502.5
0,5500.5
0,5500.5
0,5495
0,5498.5
0,5494.5
0,5493
0,5496.5
0,5498
0,5497.5
0,5498
0,5500.5
0,5501.5
0,5507.5
0,5509.5
0,5513.5
0,5516.5
0,5518
0,5512
0,5513
0,5511.5
0,5508.5
0,5509.5
0,5512
0,5516
0,5519.5
0,5531
0,5540.5
0,5545
0,5543.5
0,5542
0,5539
0,5537
0,5537
0,5531.5
0,5526
0,5524.5
0,5525.5
0,5525.5
0,5524
0,5530.5
0,5538.5
0,5537
0,5537
0,5536
0,5541.5
0,5543
0,5540.5
0,5535
0,5534.5
0,5537
0,5535
0,5537.5
0,5538
0,5537.5
0,5537.5
0,5536.5
0,5537
0,5534
0,5534
0,5532.5
0,5533.5
0,5533
0,5528.5
0,5533.5
0,5533
0,5531.5
0,5534
0,5531.5
0,5524
0,5527.5
0,5528
0,5524.5
0,5524.5
0,5523.5
0,5520.5
0,5521
0,5518.5
0,5519.5
0,5520
0,5523
0,5524
0,5521
0,5519
0,5518.5
0,5518.5
0,5518.5
0,5517.5
0,5518.5
0,5516
0,5518.5
0,5514.5
0,5516
0,5517.5
0,5515.5
0,5509.5
0,5506.5
0,5500.5
0,5503
0,5506
0,5521
0,5515.5
0,5522.5
0,5523
0,5521
0,5519.5
0,5518.5
0,5520
0,5525
0,5525
0,5517
0,5514.5
0,5515
0,5505.5
0,5508
0,5510
0,5515
0,5518
0,5520.5
0,5527.5
0,5532
0,5537
0,5535.5
0,5534.5
0,5528
0,5521
0,5523
0,5520
0,5519.5
0,5519.5
0,5520.5
0,5519
0,5522
0,5518
0,5521
0,5522.5
0,5525.5
0,5524
0,5523.5
0,5522
0,5518
0,5515
0,5513.5
0,5515
0,5519
0,5517.5
0,5520.5
0,5524
0,5527
0,5523.5
0,5522
0,5524.5
0,5527.5
0,5527
0,5523.5
0,5524
0,5524
0,5521.5
0,5523.5
0,5525
0,5525.5
0,5525
0,5528
0,5527.5
0,5531
0,5528.5
0,5529.5
0,5534
0,5534.5
0,5538
0,5533.5
0,5532
0,5534.5
0,5535
0,5534
0,5534.5
0,5545.5
0,5546
0,5547
0,5549
0,5548.5
0,5550.5
0,5552.5
0,5553.5
0,5557.5
0,5555.5
0,5548
0,5550
0,5552
0,5555.5
0,5549.5
0,5545.5
0,5548
0,5555.5
0,5555.5
0,5557.5
0,5555
0,5553
0,5551.5
0,5551
0,5555
0,5549
0,5547
0,5544.5
0,5547
0,5549.5
0,5547.5
0,5546.5
0,5547
0,5545.5
0,5540.5
0,5540.5
0,5543.5
0,5543.5
0,5543
0,5543
0,5545.5
0,5550
0,5549.5
0,5548
0,5547
0,5545.5
0,5547.5
0,5547.5
0,5547.5
0,5546.5
0,5543.5
0,5547.5
0,5545.5
0,5537.5
0,5539.5
0,5541.5
0,5568
0,5571
0,5547.5
0,5547
0,5545
0,5542
0,5541.5
0,5540.5
0,5536.5
0,5538
0,5539.5
0,5537.5
0,5538.5
0,5541.5
0,5542
0,5541.5
0,5536.5
0,5536.5
0,5535.5
0,5535.5
0,5538.5
0,5538.5
0,5538.5
0,5541
0,5543
0,5542.5
0,5544
0,5545.5
0,5546.5
0,5545
0,5546
0,5551
0,5551.5
0,5554.5
0,5551
0,5556.5
0,5555
0,5557
0,5555.5
0,5556
0,5555.5
0,5557
0,5555.5
0,5557.5
0,5558.5
0,5554.5
0,5556
0,5562
0,5563.5
0,5557
0,5557.5
0,5554.5
0,5557.5
0,5563
0,5561
0,5558
0,5558
0,5555.5
0,5553.5
0,5552
0,5551
0,5548
0,5551.5
0,5553.5
0,5551
0,5552.5
0,5551
0,5550.5
0,5550
0,5553.5
0,5550
0,5552
0,5551
0,5552.5
0,5554
0,5554.5
0,5554.5
0,5551
0,5547.5
0,5547
0,5548
0,5551.5
0,5552.5
0,5551.5
0,5550.5
0,5550.5
0,5548
0,5549.5
0,5552.5
0,5552.5
0,5550.5
0,5550.5
0,5551
0,5553.5
0,5551.5
0,5552
0,5554.5
0,5553.5
0,5559
0,5557.5
0,5558
0,5560
0,5561.5
0,5567.5
0,5569.5
0,5559.5
0,5558.5
0,5562.5
0,5568
0,5571
0,5569.5
0,5565.5
0,5567
0,5562.5
0,5561.5
0,5564.5
0,5568.5
0,5563.5
0,5565.5
0,5565.5
0,5566.5
0,5570
0,5571.5
0,5573.5
0,5575
0,5576
0,5573.5
0,5574
0,5573.5
0,5574.5
0,5578
0,5581.5
0,5579
0,5578.5
0,5579.5
0,5577
0,5579
0,5573.5
0,5575.5
0,5574.5
0,5576.5
0,5576.5
0,5577.5
0,5576.5
0,5578.5
0,5575.5
0,5576.5
0,5574
0,5573
0,5571.5
0,5573
0,5573
0,5576.5
0,5579.5
0,5581
0,5581.5
0,5584
0,5585.5
0,5583.5
0,5584.5
0,5586
0,5590
0,5591.5
0,5589.5
0,5589.5
0,5589
0,5590
0,5589.5
0,5592
0,5592.5
0,5592
0,5594
0,5592.5
0,5593.5
0,5595.5
0,5600.5
0,5599
0,5599
0,5602.5
0,5602
0,5602.5
0,5602
0,5602.5
0,5601.5
0,5603.5
0,5602.5
0,5602.5
0,5599
0,5598
0,5599
0,5602.5
0,5606.5
0,5610
0,5609.5
0,5608.5
0,5609.5
0,5608.5
0,5608.5
0,5606.5
0,5602
0,5602.5
0,5601
0,5607
0,5605.5
0,5604.5
0,5609
0,5607
0,5607.5
0,5606.5
0,5605.5
0,5603
0,5607.5
0,5604.5
0,5606
0,5606.5
0,5608
0,5605
0,5609
0,5613.5
0,5618
0,5618
0,5620
0,5616.5
0,5616.5
0,5616
0,5617.5
0,5619.5
0,5618.5
0,5618
0,5613
0,5614
0,5614.5
0,5616
0,5620.5
0,5620.5
0,5623.5
0,5620
0,5623.5
0,5621.5
0,5623.5
0,5623
0,5621
0,5620
0,5617
0,5612.5
0,5612
0,5617
0,5618.5
0,5618.5
0,5621
0,5620
0,5615.5
0,5612.5
0,5619
0,5619.5
0,5620
0,5617.5
0,5624.5
0,5628
0,5619
0,5616.5
0,5608
0,5610
0,5603
0,5601
0,5600.5
0,5591.5
0,5588.5
0,5592.5
0,5587
0,5591.5
0,5589.5
0,5585
0,5582.5
0,5579.5
0,5577.5
0,5576
0,5575
0,5575.5
0,5572.5
0,5573.5
0,5577.5
0,5578
0,5571.5
0,5569
0,5569
0,5571.5
0,5571.5
0,5569.5
0,5566
0,5566
0,5564.5
0,5564
0,5555.5
0,5558
0,5557.5
0,5562
0,5559
0,5561
0,5561.5
0,5558
0,5557
0,5563
0,5563
0,5565.5
0,5565
0,5565.5
0,5562.5
0,5564.5
0,5562.5
0,5562
0,5566.5
0,5573
0,5574.5
0,5580.5
0,5581.5
0,5582.5
0,5579.5
0,5578.5
0,5576.5
0,5572
0,5572
0,5568.5
0,5567
0,5570.5
0,5571.5
0,5570
0,5570
0,5570
0,5571.5
0,5571.5
0,5571
0,5570
0,5569.5
0,5564.5
0,5569.5
0,5572.5
0,5570.5
0,5568.5
0,5567
0,5576
0,5572
0,5570
0,5572
0,5571.5
0,5569.5
0,5568
0,5570
0,5566
0,5562
0,5564
0,5566.5
0,5565.5
0,5569.5
0,5571
0,5568
0,5569
0,5570
0,5570.5
0,5567.5
0,5567.5
0,5570
0,5571
0,5569.5
0,5570.5
0,5568.5
0,5570
0,5571.5
0,5572
0,5575.5
0,5580
0,5583
0,5580.5
0,5575.5
0,5572
0,5568
0,5562
0,5566
0,5575.5
0,5576
0,5569.5
0,5570
0,5571.5
0,5569.5
0,5574
0,5580.5
0,5587
0,5588
0,5587.5
0,5586
0,5583.5
0,5581
0,5583
0,5585.5
0,5586
0,5587.5
0,5588.5
0,5588
0,5592
0,5594.5
0,5596.5
0,5600
0,5602
0,5597
0,5596.5
0,5600.5
0,5603
0,5602.5
0,5607
0,5607.5
0,5607
0,5608.5
0,5608.5
0,5607
0,5605.5
0,5603.5
0,5609
0,5610.5
0,5613.5
0,5611
0,5611
0,5612.5
0,5610
0,5607.5
0,5607
0,5607
0,5604.5
0,5604.5
0,5605
0,5606.5
0,5609.5
0,5609
0,5613
0,5612.5
0,5613
0,5610
0,5610
0,5610
0,5612
0,5607.5
0,5606.5
0,5605
0,5609.5
0,5608.5
0,5609
0,5610.5
0,5609
0,5604
0,5603.5
0,5604
0,5606.5
0,5605
0,5604.5
0,5606.5
0,5608
0,5607
0,5608
0,5610.5
0,5608
0,5607
0,5609.5
0,5615
0,5614
0,5617.5
0,5617.5
0,5618
0,5620
0,5623
0,5623.5
0,5625.5
0,5626.5
0,5625
0,5625.5
0,5627
0,5628.5
0,5625.5
0,5626
0,5626.5
0,5626.5
0,5625.5
0,5626
0,5627
0,5624.5
0,5622.5
0,5623
0,5618
0,5618
0,5619
0,5614
0,5615.5
0,5617.5
0,5616.5
0,5620
0,5617.5
0,5616.5
0,5618
0,5617.5
0,5617
0,5618.5
0,5617.5
0,5619
0,5617
0,5613
0,5619.5
0,5618.5
0,5617.5
0,5614.5
0,5617
0,5616.5
0,5618
0,5618.5
0,5620.5
0,5619.5
0,5619.5
0,5617
0,5616
0,5614.5
0,5615.5
0,5615
0,5615.5
0,5617.5
0,5617
0,5616
0,5617.5
0,5620
0,5620
0,5619.5
0,5619
0,5622.5
0,5621.5
0,5620.5
0,5619
0,5620.5
0,5617
0,5618.5
0,5619.5
0,5620.5
0,5622
0,5620.5
0,5620
0,5622.5
0,5628.5
0,5625
0,5625
0,5623.5
0,5623.5
0,5624
0,5624
0,5623
0,5625.5
0,5624.5
0,5627
0,5627
0,5628
0,5627
0,5624
0,5623
0,5620
0,5618.5
0,5619.5
0,5620
0,5621.5
0,5622
0,5622.5
0,5620
0,5619
0,5621
0,5620.5
0,5621.5
0,5620.5
0,5619
0,5619
0,5619.5
0,5618.5
0,5619.5
0,5622.5
0,5623.5
0,5624
0,5625.5
0,5625
0,5630
0,5631.5
0,5625.5
0,5626.5
0,5626
0,5626
0,5627
0,5628
0,5628
0,5627.5
0,5627
0,5626.5
0,5626.5
0,5625.5
0,5625
0,5624.5
0,5626
0,5627
0,5627.5
0,5627.5
0,5627.5
0,5626.5
0,5627
0,5627.5
0,5629.5
0,5629
0,5631.5
0,5631
0,5629
0,5628.5
0,5629
0,5628
0,5627.5
0,5629.5
0,5627.5
0,5628.5
0,5628
0,5627
0,5628
0,5627
0,5628
0,5627.5
0,5626.5
0,5627.5
0,5626.5
0,5624
0,5624.5
0,5624.5
0,5624.5
0,5624
0,5620.5
0,5621.5
0,5623.5
0,5624.5
0,5625.5
0,5625
0,5625
0,5624.5
0,5626.5
0,5626
0,5623.5
0,5623
0,5621
0,5622
0,5625
0,5625.5
0,5625.5
0,5627.5
0,5627
0,5628.5
0,5629.5
0,5629
0,5628.5
0,5627.5
0,5630.5
0,5631.5
0,5630.5
0,5628.5
0,5626.5
0,5626.5
0,5629.5
0,5629
0,5626.5
0,5626.5
0,5629
0,5628.5
0,5628.5
0,5626.5
0,5627.5
0,5626.5
0,5626.5
0,5627.5
0,5628
0,5628.5
0,5628
0,5629
0,5630.5
0,5630.5
0,5632
0,5632
0,5632
0,5633.5
0,5633
0,5634.5
0,5634.5
0,5634.5
0,5636
0,5636.5
0,5636.5
0,5634.5
0,5632.5
0,5633.5
0,5634.5
0,5635
0,5638.5
0,5642.5
0,5643
0,5645.5
0,5649
0,5647.5
0,5649
0,5649
0,5642
0,5643.5
0,5643.5
0,5642.5
0,5640
0,5641.5
0,5642.5
0,5637.5
0,5636
0,5637.5
0,5639.5
0,5631.5
0,5630
0,5629.5
0,5629.5
0,5626
0,5626.5
0,5627.5
0,5628
0,5631
0,5631.5
0,5632.5
0,5635.5
0,5638.5
0,5639
0,5640.5
0,5638
0,5640
0,5638.5
0,5641.5
0,5642
0,5646.5
0,5648.5
0,5652.5
0,5649
0,5647
0,5647
0,5648.5
0,5651
0,5651
0,5648.5
0,5646.5
0,5649
0,5652
0,5653
0,5650.5
0,5650.5
0,5651.5
0,5652
0,5650
0,5649.5
0,5650.5
0,5652.5
0,5654
0,5653.5
0,5654.5
0,5653.5
0,5653.5
0,5651.5
0,5650.5
0,5653.5
0,5656
0,5654.5
0,5651
0,5651.5
0,5649.5
0,5648
0,5650.5
0,5650
0,5650
0,5649
0,5649.5
0,5650.5
0,5649.5
0,5652.5
0,5653.5
0,5652.5
0,5649.5
0,5649
0,5651
0,5652.5
0,5653
0,5654.5
0,5654
0,5656.5
0,5655.5
0,5655.5
0,5656
0,5656
0,5658
0,5658.5
0,5656.5
0,5655.5
0,5658.5
0,5658.5
0,5662
0,5660
0,5658
0,5655.5
0,5654.5
0,5654.5
0,5654.5
0,5655.5
0,5655.5
0,5656
0,5657.5
0,5656.5
0,5657.5
0,5658
0,5649.5
0,5650.5
0,5646.5
0,5645
0,5642.5
0,5642
0,5644.5
0,5643
0,5642.5
0,5642
0,5642.5
0,5643
0,5643.5
0,5644.5
0,5640.5
0,5636.5
0,5635
0,5632.5
0,5632
0,5633
0,5636.5
0,5633.5
0,5633.5
0,5633
0,5628.5
0,5634
0,5633
0,5633
0,5635.5
0,5637
0,5634
0,5618.5
0,5620
0,5631.5
0,5630.5
0,5634.5
0,5640.5
0,5633.5
0,5636
0,5639.5
0,5644.5
0,5644
0,5647
0,5651
0,5648
0,5651.5
0,5649.5
0,5647
0,5650
0,5648
0,5650
0,5653
0,5647.5
0,5649
0,5648.5
0,5651.5
0,5654.5
0,5652.5
0,5656.5
0,5656
0,5651.5
0,5647
0,5648
0,5649
0,5646.5
0,5649
0,5651.5
0,5646.5
0,5643.5
0,5643.5
0,5647
0,5649.5
0,5651.5
0,5651
0,5651
0,5649
0,5649
0,5645.5
0,5649.5
0,5651
0,5650.5
0,5651
0,5652.5
0,5649.5
0,5650
0,5650
0,5649.5
0,5646
0,5644
0,5645
0,5639
0,5642.5
0,5642
0,5648
0,5644
0,5647.5
0,5644.5
0,5647
0,5647
0,5646
0,5645.5
0,5648
0,5650
0,5648
0,5643.5
0,5646
0,5646
0,5644.5
0,5644.5
0,5645.5
0,5645.5
0,5645
0,5646.5
0,5647.5
0,5645
0,5644
0,5644.5
0,5646
0,5648.5
0,5650.5
0,5649
0,5651
0,5650.5
0,5651.5
0,5652
0,5653.5
0,5650.5
0,5649.5
0,5652.5
0,5650.5
0,5646
0,5640
0,5631
0,5631
0,5629
0,5629.5
0,5629.5
0,5626
0,5626.5
0,5626.5
0,5626.5
0,5628.5
0,5627.5
0,5632
0,5630
0,5629
0,5630.5
0,5628.5
0,5626.5
0,5628
0,5629.5
0,5630
0,5628
0,5627.5
0,5625.5
0,5625
0,5626
0,5629
0,5629.5
0,5627
0,5626
0,5626.5
0,5627
0,5624.5
0,5626.5
0,5623
0,5626
0,5622.5
0,5622
0,5621
0,5622
0,5620.5
0,5619.5
0,5619
0,5619
0,5620.5
0,5620.5
0,5618.5
0,5619.5
0,5620.5
0,5618
0,5619
0,5619
0,5616
0,5617.5
0,5617.5
0,5614.5
0,5614
0,5614
0,5612.5
0,5612
0,5614.5
0,5613.5
0,5614
0,5614.5
0,5615.5
0,5616.5
0,5619.5
0,5619
0,5618
0,5616
0,5618.5
0,5617.5
0,5620.5
0,5616.5
0,5619.5
0,5617.5
0,5615
0,5614
0,5613.5
0,5613.5
0,5614.5
0,5613
0,5613.5
0,5612
0,5611.5
0,5614
0,5616.5
0,5618
0,5619.5
0,5621.5
0,5621
0,5620.5
0,5619
0,5619.5
0,5621.5
0,5620
0,5618.5
0,5615
0,5614.5
0,5611
0,5610.5
0,5613.5
0,5619
0,5619
0,5620.5
0,5617.5
0,5615.5
0,5616
0,5617
0,5617
0,5617.5
0,5619
0,5618.5
0,5619
0,5618.5
0,5618.5
0,5617
0,5615
0,5617
0,5619.5
0,5620
0,5619.5
0,5617.5
0,5619
0,5618.5
0,5619.5
0,5620.5
0,5621
0,5618.5
0,5618.5
0,5619
0,5616.5
0,5621
0,5624
0,5624.5
0,5625
0,5622
0,5620
0,5623.5
0,5621
0,5619
0,5619
0,5619
0,5621
0,5619
0,5621.5
0,5620
0,5620.5
0,5618
0,5617.5
0,5617.5
0,5619.5
0,5620
0,5620.5
0,5619.5
0,5617.5
0,5618.5
0,5618.5
0,5623
0,5624
0,5626.5
0,5627
0,5630
0,5628.5
0,5631
0,5632
0,5633.5
0,5633
0,5630.5
0,5629.5
0,5629
0,5630.5
0,5631
0,5626
0,5626.5
0,5626
0,5625
0,5625.5
0,5624
0,5622.5
0,5621
0,5622
0,5623
0,5622
0,5621.5
0,5621.5
0,5622
0,5622
0,5622.5
0,5622.5
0,5625
0,5626.5
0,5625.5
0,5622.5
0,5621
0,5619
0,5618.5
0,5618
0,5618
0,5618.5
0,5618.5
0,5619
0,5616.5
0,5615
0,5615
0,5614
0,5615.5
0,5615.5
0,5616.5
0,5616.5
0,5619
0,5617.5
0,5614
0,5612.5
0,5609.5
0,5609
0,5608.5
0,5608
0,5609
0,5608
0,5607.5
0,5608.5
0,5607.5
0,5604.5
0,5605
0,5601
0,5599.5
0,5597.5
0,5578
0,5582
0,5582
0,5584.5
0,5583.5
0,5586.5
0,5587.5
0,5589.5
0,5592.5
0,5592
0,5595
0,5593
0,5593.5
0,5594
0,5589
0,5589.5
0,5592
0,5587
0,5590
0,5590
0,5586.5
0,5588.5
0,5589
0,5590
0,5589.5
0,5590
0,5589.5
0,5590
0,5590.5
0,5590
0,5590
0,5586
0,5584.5
0,5586.5
0,5587.5
0,5588.5
0,5588
0,5587.5
0,5588
0,5587
0,5583.5
0,5580.5
0,5584
0,5580
0,5579
0,5580
0,5575.5
0,5576.5
0,5573
0,5570.5
0,5571.5
0,5577
0,5581
0,5579
0,5577.5
0,5571.5
0,5567.5
0,5564
0,5556.5
0,5559
0,5563
0,5562.5
0,5561
0,5555
0,5553
0,5556
0,5555.5
0,5556.5
0,5559
0,5556.5
0,5557.5
0,5564.5
0,5569.5
0,5570
0,5569
0,5566
0,5566.5
0,5568
0,5566.5
0,5567
0,5569.5
0,5568.5
0,5561
0,5554
0,5555.5
0,5555
0,5558.5
0,5553.5
0,5549.5
0,5543
0,5535.5
0,5541.5
0,5545.5
0,5544.5
0,5551
0,5549.5
0,5549.5
0,5554.5
0,5554.5
0,5550.5
0,5550
0,5552.5
0,5551.5
0,5549
0,5548
0,5558.5
0,5559.5
0,5565.5
0,5564.5
0,5563
0,5560.5
0,5564
0,5556.5
0,5561
0,5558.5
0,5557.5
0,5558
0,5553.5
0,5554.5
0,5557
0,5549
0,5546.5
0,5548
0,5551
0,5549.5
0,5550.5
0,5555.5
0,5553.5
0,5555.5
0,5555.5
0,5553
0,5554.5
0,5551.5
0,5547
0,5546.5
0,5545.5
0,5547.5
0,5555
0,5554.5
0,5549.5
0,5549.5
0,5550
0,5552.5
0,5549.5
0,5548.5
0,5552
0,5550
0,5553
0,5554
0,5551.5
0,5552.5
0,5557
0,5557.5
0,5556.5
0,5555.5
0,5557
0,5559.5
0,5559
0,5556
0,5555.5
0,5556.5
0,5558
0,5555.5
0,5553
0,5552.5
0,5527
0,5527.5
0,5533
0,5538.5
0,5535
0,5522
0,5511
0,5521.5
0,5521.5
0,5535
0,5545.5
0,5544
0,5542.5
0,5538.5
0,5545.5
0,5545.5
0,5551.5
0,5552.5
0,5558
0,5560
0,5564
0,5568
0,5570
0,5573
0,5576.5
0,5571
0,5572
0,5579.5
0,5577
0,5576.5
0,5576.5
0,5574.5
0,5577.5
0,5580
0,5581
0,5578.5
0,5578
0,5578
0,5582
0,5579
0,5573.5
0,5576.5
0,5576
0,5573
0,5574.5
0,5573.5
0,5572
0,5574.5
0,5577.5
0,5575
0,5573.5
0,5573
0,5572
0,5572.5
0,5568.5
0,5565
0,5565.5
0,5563.5
0,5565.5
0,5565.5
0,5562.5
0,5565.5
0,5558
0,5562
0,5562.5
0,5564
0,5571.5
0,5571.5
0,5571
0,5570.5
0,5570
0,5575
0,5577
0,5582
0,5581
0,5581.5
0,5585
0,5584
0,5584.5
0,5591.5
0,5590.5
0,5587
0,5578.5
0,5580
0,5580
0,5584
0,5584.5
0,5584
0,5585
0,5585
0,5588
0,5591.5
0,5590.5
0,5587.5
0,5582.5
0,5581.5
0,5583
0,5580
0,5580.5
0,5583.5
0,5583.5
0,5582.5
0,5582
0,5581
0,5582
0,5579.5
0,5578
0,5578
0,5576.5
0,5578.5
0,5581.5
0,5583.5
0,5582.5
0,5582
0,5582
0,5582
0,5581.5
0,5586
0,5586
0,5589.5
0,5588.5
0,5588.5
0,5589.5
0,5593.5
0,5596.5
0,5599.5
0,5602.5
0,5598
0,5603.5
0,5605
0,5604.5
0,5603
0,5603
0,5603
0,5603.5
0,5600
0,5603.5
0,5605
0,5610
0,5610
0,5607.5
0,5611.5
0,5610
0,5612
0,5607
0,5608
0,5607.5
0,5603
0,5602
0,5601
0,5603.5
0,5604
0,5602.5
0,5601
0,5599.5
0,5599.5
0,5600.5
0,5601.5
0,5600.5
0,5599
0,5598.5
0,5597.5
0,5601
0,5599.5
0,5597.5
0,5598
0,5600
0,5602
0,5604
0,5601.5
0,5600
0,5598.5
0,5597.5
0,5595.5
0,5594.5
0,5595.5
0,5594.5
0,5595
0,5595.5
0,5598.5
0,5599.5
0,5596.5
0,5596
0,5596.5
0,5598.5
0,5601.5
0,5597.5
0,5596
0,5593.5
0,5596
0,5596.5
0,5597
0,5596
0,5594
0,5595
0,5596
0,5597
0,5595.5
0,5593.5
0,5589.5
0,5589.5
0,5593
0,5593.5
0,5590
0,5591
0,5590
0,5590.5
0,5587.5
0,5585
0,5588
0,5583
0,5580
0,5576.5
0,5578
0,5577.5
0,5575.5
0,5576
0,5581.5
0,5580.5
0,5575
0,5569.5
0,5568.5
0,5573.5
0,5568.5
0,5572.5
0,5572
0,5568
0,5569.5
0,5564.5
0,5563.5
0,5568
0,5569.5
0,5568.5
0,5571.5
0,5577.5
0,5583.5
0,5583
0,5585.5
0,5588.5
0,5590.5
0,5591
0,5592.5
0,5595.5
0,5595.5
0,5593
0,5593.5
0,5595.5
0,5595.5
0,5598
0,5595.5
0,5595.5
0,5594.5
0,5598
0,5597.5
0,5598.5
0,5600
0,5600.5
0,5600
0,5598.5
0,5590.5
0,5584
0,5590
0,5594
0,5592
0,5591
0,5594
0,5594.5
0,5592
0,5592
0,5591
0,5595.5
0,5594
0,5596.5
0,5590.5
0,5590.5
0,5594
0,5595.5
0,5596.5
0,5596
0,5605.5
0,5604
0,5602
0,5601
0,5601
0,5601
0,5601.5
0,5604
0,5600.5
0,5601
0,5604
0,5606.5
0,5606.5
0,5607.5
0,5608.5
0,5611
0,5610.5
0,5613
0,5614.5
0,5611.5
0,5614
0,5614
0,5612.5
0,5611.5
0,5612
0,5613
0,5614.5
0,5618
0,5614.5
0,5611.5
0,5614
0,5610
0,5613.5
0,5610.5
0,5605.5
0,5607.5
0,5609
0,5611
0,5608
0,5607
0,5605.5
0,5606
0,5605
0,5602.5
0,5604
0,5607
0,5607.5
0,5608.5
0,5606.5
0,5608.5
0,5609
0,5609.5
0,5608
0,5605
0,5604
0,5603.5
0,5601
0,5600
0,5600.5
0,5602.5
0,5609.5
0,5609
0,5606
0,5603
0,5606.5
0,5603.5
0,5603
0,5603.5
0,5605
0,5609
0,5613.5
0,5611.5
0,5611.5
0,5611.5
0,5610.5
0,5605
0,5604
0,5604.5
0,5606.5
0,5607
0,5611.5
0,5608
0,5609.5
0,5611.5
0,5612.5
0,5610
0,5608.5
0,5607.5
0,5605.5
0,5604.5
0,5605
0,5601
0,5599.5
0,5595
0,5600
0,5599
0,5602.5
0,5607.5
0,5606
0,5604.5
0,5602
0,5608
0,5606.5
0,5609.5
0,5598
0,5601
0,5601.5
0,5601.5
0,5607
0,5609
0,5599.5
0,5601
0,5600.5
0,5601.5
0,5599
0,5597.5
0,5599
0,5594.5
0,5594.5
0,5597.5
0,5600
0,5605
0,5602
0,5601.5
0,5601
0,5600.5
0,5599.5
0,5600
0,5600.5
0,5599.5
0,5602
0,5603.5
0,5604
0,5604
0,5599.5
0,5601
0,5599.5
0,5602
0,5604
0,5605.5
0,5603
0,5597.5
0,5600
0,5599.5
0,5600.5
0,5597
0,5592
0,5592
0,5594
0,5595.5
0,5590.5
0,5591
0,5586.5
0,5583.5
0,5583.5
0,5588
0,5584
0,5584.5
0,5581.5
0,5579.5
0,5581
0,5579.5
0,5578
0,5579
0,5577
0,5579
0,5580
0,5577.5
0,5576.5
0,5583
0,5585.5
0,5581
0,5581
0,5577.5
0,5568
0,5563.5
0,5558.5
0,5552
0,5556
0,5561
0,5560
0,5561.5
0,5566.5
0,5569
0,5567
0,5567.5
0,5567.5
0,5571.5
0,5571.5
0,5574
0,5574
0,5572
0,5575.5
0,5570.5
0,5569
0,5573
0,5570.5
0,5572
0,5574.5
0,5577.5
0,5579
0,5580.5
0,5577.5
0,5574.5
0,5574.5
0,5579.5
0,5582.5
0,5577
0,5578.5
0,5580
0,5570.5
0,5565.5
0,5562.5
0,5566.5
0,5567.5
0,5570
0,5568
0,5564.5
0,5568.5
0,5568.5
0,5567.5
0,5572
0,5571
0,5554
0,5553
0,5540
0,5531
0,5510.5
0,5531.5
0,5535
0,5530
0,5536.5
0,5541
0,5534
0,5539
0,5542
0,5543
0,5533.5
0,5526.5
0,5529
0,5527
0,5530.5
0,5527.5
0,5527.5
0,5529.5
0,5521
0,5512.5
0,5517
0,5518.5
0,5512.5
0,5518.5
0,5511.5
0,5511
0,5509.5
0,5508
0,5507.5
0,5508
0,5508.5
0,5508.5
0,5506
0,5506
0,5505
0,5503
0,5501
0,5495.5
0,5506.5
0,5502.5
0,5499
0,5496.5
0,5496.5
0,5503.5
0,5500.5
0,5498.5
0,5498.5
0,5501
0,5501.5
0,5501.5
0,5501.5
0,5502.5
0,5508.5
0,5518
0,5520
0,5514.5
0,5516.5
0,5513
0,5511
0,5521.5
0,5518.5
0,5523.5
0,5522
0,5520.5
0,5524.5
0,5526.5
0,5522.5
0,5520.5
0,5523.5
0,5527.5
0,5527
0,5525.5
0,5528
0,5528.5
0,5527.5
0,5530.5
0,5525
0,5522.5
0,5523
0,5518
0,5519.5
0,5518.5
0,5514.5
0,5515
0,5516
0,5515.5
0,5517.5
0,5519
0,5517.5
0,5513.5
0,5510
0,5509.5
0,5509
0,5507.5
0,5507
0,5507.5
0,5507.5
0,5506.5
0,5503.5
0,5501.5
0,5502.5
0,5502.5
0,5506
0,5501.5
0,5499.5
0,5498.5
0,5497.5
0,5503
0,5508
0,5505
0,5510
0,5505.5
0,5503.5
0,5503.5
0,5503.5
0,5506.5
0,5506
0,5501.5
0,5505.5
0,5504
0,5506
0,5503
0,5505
0,5503.5
0,5503.5
0,5502.5
0,5501.5
0,5497.5
0,5497
0,5496.5
0,5499.5
0,5497.5
0,5495.5
0,5494.5
0,5497.5
0,5498.5
0,5498.5
0,5496.5
0,5497
0,5495.5
0,5494.5
0,5495
0,5495.5
0,5495.5
0,5498.5
0,5496.5
0,5490.5
0,5488
0,5484.5
0,5482.5
0,5481.5
0,5485.5
0,5484
0,5482.5
0,5484
0,5481
0,5479.5
0,5479.5
0,5476.5
0,5473.5
0,5475.5
0,5471
0,5472.5
0,5473
0,5473.5
0,5471.5
0,5471
0,5473.5
0,5473.5
0,5474.5
0,5474.5
0,5472.5
0,5474.5
0,5477
0,5475
0,5471.5
0,5474.5
0,5476.5
0,5476.5
0,5477
0,5481
0,5481.5
0,5485.5
0,5484.5
0,5481.5
0,5482
0,5485.5
0,5484.5
0,5483
0,5487.5
0,5486.5
0,5486.5
0,5488.5
0,5486.5
0,5485.5
0,5488.5
0,5489
0,5488.5
0,5488.5
0,5488.5
0,5488.5
0,5494.5
0,5495.5
0,5494.5
0,5492
0,5498
0,5501.5
0,5500
0,5500
0,5496.5
0,5497.5
0,5497.5
0,5498
0,5498.5
0,5499
0,5500
0,5502
0,5500.5
0,5500.5
0,5500
0,5499.5
0,5500.5
0,5501
0,5500.5
0,5502.5
0,5504.5
0,5506.5
0,5505.5
0,5505
0,5500.5
0,5503.5
0,5505
0,5509
0,5507.5
0,5505
0,5506.5
0,5506.5
0,5510
0,5511.5
0,5509.5
0,5513
0,5511.5
0,5511
0,5510
0,5508
0,5507
0,5504
0,5504.5
0,5507.5
0,5505.5
0,5507.5
0,5505
0,5507.5
0,5509
0,5507
0,5507.5
0,5511
0,5508.5
0,5510.5
0,5515.5
0,5517
0,5519.5
0,5517.5
0,5518
0,5517.5
0,5521.5
0,5514.5
0,5511.5
0,5508
0,5510
0,5507.5
0,5508.5
0,5507.5
0,5507
0,5503
0,5502
0,5500.5
0,5499
0,5498
0,5497
0,5499.5
0,5502
0,5504
0,5504.5
0,5504.5
0,5505.5
0,5507.5
0,5504.5
0,5504.5
0,5503.5
0,5507
0,5507.5
0,5504.5
0,5504.5
0,5508.5
0,5506.5
0,5503.5
0,5507.5
0,5506.5
0,5503
0,5500
0,5508.5
0,5501.5
0,5501
0,5502.5
0,5502.5
0,5504
0,5505
0,5505
0,5503.5
0,5503.5
0,5502
0,5500
0,5501.5
0,5502.5
0,5501.5
0,5499.5
0,5500
0,5504
0,5505
0,5500.5
0,5500.5
0,5499.5
0,5501.5
0,5500
0,5501
0,5499
0,5499
0,5495
0,5489.5
0,5484.5
0,5486
0,5485
0,5488.5
0,5493
0,5496.5
0,5498.5
0,5500.5
0,5499
0,5500
0,5500.5
0,5503
0,5501.5
0,5509.5
0,5508
0,5505.5
0,5508
0,5504
0,5506.5
0,5508.5
0,5506.5
0,5506.5
0,5505.5
0,5505
0,5501.5
0,5504.5
0,5502.5
0,5502.5
0,5500.5
0,5502
0,5502
0,5499
0,5500.5
0,5499.5
0,5499.5
0,5497.5
0,5501
0,5501
0,5502.5
0,5503
0,5502
0,5505.5
0,5506.5
0,5506.5
0,5506
0,5502.5
0,5504
0,5503.5
0,5503.5
0,5504.5
0,5501
0,5503.5
0,5504
0,5502.5
0,5503.5
0,5501.5
0,5500.5
0,5491.5
0,5486
0,5491
0,5490
0,5489
0,5490.5
0,5485
0,5481.5
0,5485
0,5485.5
0,5486
0,5486
0,5491
0,5491.5
0,5495
0,5494.5
0,5498
0,5494.5
0,5493
0,5493
0,5490
0,5492
0,5489.5
0,5489.5
0,5484.5
0,5480.5
0,5483
0,5480
0,5478.5
0,5476.5
0,5481
0,5481
0,5483.5
0,5486
0,5484.5
0,5485.5
0,5488
0,5488.5
0,5487.5
0,5488.5
0,5491.5
0,5490.5
0,5492.5
0,5496
0,5495.5
0,5495
0,5497.5
0,5497.5
0,5496.5
0,5495
0,5492
0,5498.5
0,5500.5
0,5504
0,5498.5
0,5498.5
0,5499.5
0,5502
0,5500.5
0,5498.5
0,5501
0,5500.5
0,5499.5
0,5500.5
0,5498.5
0,5498
0,5495.5
0,5495
0,5496
0,5498
0,5499.5
0,5500.5
0,5500.5
0,5500
0,5502
0,5499
0,5499
0,5498.5
0,5494
0,5496.5
0,5493.5
0,5493
0,5493.5
0,5494.5
0,5494.5
0,5493.5
0,5497
0,5497
0,5495.5
0,5492
0,5494.5
0,5499
0,5500.5
0,5501.5
0,5502
0,5497
0,5497
0,5496.5
0,5509.5
0,5508.5
0,5501
0,5499.5
0,5496.5
0,5501.5
0,5499.5
0,5500.5
0,5499.5
0,5494.5
0,5495.5
0,5496
0,5498
0,5497
0,5497
0,5496.5
0,5498
0,5497
0,5493.5
0,5488
0,5430
0,5426
0,5449
0,5444
0,5462.5
0,5459
0,5446.5
0,5452.5
0,5460.5
0,5463.5
0,5468.5
0,5464
0,5460.5
0,5462
0,5453.5
0,5450
0,5451
0,5459
0,5464
0,5475
0,5473.5
0,5477
0,5482.5
0,5478.5
0,5476
0,5477
0,5468
0,5466
0,5471.5
0,5471
0,5471.5
0,5470.5
0,5470.5
0,5466
0,5464.5
0,5463.5
0,5464
0,5464
0,5464.5
0,5458
0,5456
0,5457.5
0,5463.5
0,5465
0,5465
0,5462
0,5473
0,5470
0,5475.5
0,5474.5
0,5475.5
0,5477
0,5472.5
0,5474.5
0,5476.5
0,5477.5
0,5478
0,5478
0,5478
0,5480
0,5478.5
0,5479
0,5477
0,5480.5
0,5477.5
0,5483
0,5482
0,5485
0,5484
0,5484
0,5487.5
0,5485.5
0,5485
0,5485
0,5487
0,5488.5
0,5486
0,5484
0,5483.5
0,5483.5
0,5483
0,5476
0,5479.5
0,5483
0,5484.5
0,5483.5
0,5479.5
0,5477.5
0,5478
0,5478
0,5474
0,5474.5
0,5474.5
0,5471.5
0,5472
0,5471.5
0,5471
0,5473.5
0,5474.5
0,5471.5
0,5471
0,5470
0,5467.5
0,5468
0,5467
0,5464
0,5466
0,5464.5
0,5464
0,5464.5
0,5464.5
0,5466
0,5464
0,5462.5
0,5463
0,5464.5
0,5462.5
0,5460.5
0,5462.5
0,5457.5
0,5460.5
0,5459.5
0,5455.5
0,5457.5
0,5455.5
0,5453
0,5456
0,5457.5
0,5452.5
0,5455.5
0,5456
0,5452
0,5450.5
0,5453.5
0,5454.5
0,5454
0,5452.5
0,5454.5
0,5455.5
0,5457.5
0,5459.5
0,5459.5
0,5462
0,5460.5
0,5457.5
0,5457
0,5456.5
0,5458.5
0,5458
0,5457.5
0,5458
0,5458.5
0,5459.5
0,5456.5
0,5456.5
0,5455.5
0,5455
0,5455
0,5454.5
0,5454.5
0,5453
0,5450.5
0,5451.5
0,5452.5
0,5452.5
0,5455
0,5457
0,5458
0,5458.5
0,5459.5
0,5457.5
0,5457.5
0,5460
0,5461
0,5456
0,5456
0,5457
0,5454
0,5456
0,5457
0,5458.5
0,5458.5
0,5458.5
0,5460.5
0,5462.5
0,5463.5
0,5461.5
0,5460.5
0,5461
0,5460.5
0,5461.5
0,5461.5
0,5462.5
0,5459
0,5454.5
0,5456
0,5455
0,5454.5
0,5457.5
0,5458.5
0,5459
0,5458.5
0,5456
0,5457.5
0,5452.5
0,5451
0,5452
0,5454
0,5454.5
0,5453.5
0,5453.5
0,5448
0,5446.5
0,5443
0,5437.5
0,5436.5
0,5435.5
0,5434
0,5437
0,5439
0,5434.5
0,5434
0,5430.5
0,5430.5
0,5431.5
0,5432
0,5430
0,5431.5
0,5430
0,5432
0,5439.5
0,5446.5
0,5443.5
0,5442.5
0,5445.5
0,5441.5
0,5440
0,5438
0,5438
0,5441.5
0,5442.5
0,5440.5
0,5441.5
0,5437
0,5435
0,5433.5
0,5437.5
0,5443.5
0,5444.5
0,5449
0,5452
0,5453
0,5450.5
0,5453
0,5456.5
0,5452.5
0,5455
0,5452.5
0,5456
0,5453.5
0,5456
0,5459
0,5456.5
0,5453.5
0,5452.5
0,5451
0,5452
0,5452.5
0,5452.5
0,5450.5
0,5449.5
0,5448
0,5450.5
0,5451.5
0,5451.5
0,5449.5
0,5450.5
0,5451.5
0,5450.5
0,5449.5
0,5444.5
0,5438
0,5440
0,5438
0,5438.5
0,5436
0,5437.5
0,5438
0,5439
0,5441.5
0,5440
0,5439
0,5437
0,5435.5
0,5441.5
0,5444.5
0,5436
0,5438
0,5437
0,5437.5
0,5440.5
0,5442
0,5443.5
0,5442
0,5441.5
0,5440.5
0,5440.5
0,5439.5
0,5437.5
0,5436.5
0,5439
0,5444
0,5443.5
0,5444.5
0,5444
0,5443
0,5445
0,5449
0,5448
0,5448
0,5449.5
0,5450.5
0,5450.5
0,5447.5
0,5447
0,5451
0,5445.5
0,5446.5
0,5449
0,5446.5
0,5450
0,5449.5
0,5446.5
0,5444
0,5445.5
0,5444.5
0,5445.5
0,5445
0,5440.5
0,5443.5
0,5445.5
0,5445.5
0,5445.5
0,5443.5
0,5444
0,5446
0,5446
0,5445.5
0,5446
0,5447.5
0,5443
0,5442
0,5441.5
0,5442.5
0,5442.5
0,5444.5
0,5442.5
0,5443.5
0,5443.5
0,5442
0,5443.5
0,5441
0,5439
0,5439
0,5434.5
0,5431.5
0,5430
0,5430.5
0,5428.5
0,5427.5
0,5426.5
0,5426
0,5431
0,5428
0,5425
0,5423.5
0,5421
0,5414
0,5414.5
0,5421
0,5419
0,5415
0,5411
0,5416
0,5404.5
0,5403.5
0,5397
0,5394
0,5393
0,5391
0,5392
0,5393.5
0,5402
0,5399.5
0,5401.5
0,5396.5
0,5395.5
0,5386
0,5382.5
0,5379
0,5378
0,5372.5
0,5367.5
0,5372.5
0,5373
0,5367.5
0,5365.5
0,5363
0,5368
0,5364
0,5358
0,5362
0,5364
0,5362
0,5361.5
0,5368
0,5368.5
0,5369
0,5369.5
0,5369.5
0,5369.5
0,5371
0,5369.5
0,5369.5
0,5372
0,5378.5
0,5379
0,5386
0,5385.5
0,5378
0,5377
0,5376
0,5372
0,5373.5
0,5375
0,5373.5
0,5373
0,5372.5
0,5372
0,5377.5
0,5378.5
0,5379.5
0,5380.5
0,5380
0,5376.5
0,5380
0,5380
0,5381.5
0,5380.5
0,5380.5
0,5384
0,5389.5
0,5389
0,5386.5
0,5388.5
0,5383.5
0,5381
0,5382
0,5384
0,5384
0,5385.5
0,5386.5
0,5386.5
0,5386.5
0,5388.5
0,5387.5
0,5382
0,5385.5
0,5389.5
0,5388
0,5389.5
0,5387
0,5387
0,5383.5
0,5378.5
0,5377
0,5377.5
0,5376
0,5378.5
0,5383
0,5382
0,5380
0,5376
0,5377
0,5377.5
0,5375.5
0,5374.5
0,5372.5
0,5374
0,5374
0,5372.5
0,5371
0,5372.5
0,5372
0,5371.5
0,5374
0,5374
0,5374
0,5373.5
0,5369
0,5364
0,5360
0,5343
0,5342.5
0,5339.5
0,5340.5
0,5347.5
0,5349.5
0,5347.5
0,5348.5
0,5346
0,5345.5
0,5349
0,5347.5
0,5350
0,5359.5
0,5361
0,5361.5
0,5368.5
0,5368.5
0,5369
0,5371
0,5372.5
0,5372.5
0,5380
0,5383.5
0,5378.5
0,5379.5
0,5384.5
0,5386.5
0,5391
0,5386
0,5387.5
0,5386
0,5382
0,5378
0,5379.5
0,5382.5
0,5373.5
0,5369
0,5373
0,5367.5
0,5367
0,5367
0,5362
0,5362.5
0,5359.5
0,5357
0,5354.5
0,5348.5
0,5350.5
0,5356.5
0,5357.5
0,5359.5
0,5358.5
0,5357.5
0,5360.5
0,5360
0,5361.5
0,5362.5
0,5363
0,5363.5
0,5365
0,5368
0,5371.5
0,5374
0,5373
0,5377
0,5373.5
0,5372
0,5368.5
0,5370
0,5364.5
0,5365.5
0,5370.5
0,5370
0,5374.5
0,5375.5
0,5374
0,5373
0,5376.5
0,5377.5
0,5378
0,5378
0,5374
0,5378
0,5376.5
0,5378
0,5377
0,5379
0,5379
0,5383
0,5379
0,5379.5
0,5379.5
0,5379.5
0,5379.5
0,5379
0,5379.5
0,5376.5
0,5375.5
0,5374
0,5373.5
0,5371
0,5370
0,5370
0,5368
0,5366
0,5368
0,5374.5
0,5375
0,5376.5
0,5375.5
0,5374
0,5374.5
0,5376.5
0,5377
0,5376.5
0,5375
0,5374.5
0,5376
0,5377
0,5378.5
0,5380
0,5378.5
0,5378
0,5379
0,5378
0,5378.5
0,5378
0,5374
0,5376.5
0,5372
0,5371.5
0,5372.5
0,5376.5
0,5379
0,5380
0,5378.5
0,5376.5
0,5376.5
0,5373.5
0,5374
0,5374.5
0,5374
0,5378
0,5373.5
0,5372.5
0,5374.5
0,5373.5
0,5375.5
0,5375.5
0,5376
0,5375.5
0,5374
0,5375.5
0,5376
0,5376.5
0,5377
0,5374
0,5375
0,5373.5
0,5373
0,5370
0,5369
0,5373
0,5373
0,5373
0,5374.5
0,5376.5
0,5374
0,5370.5
0,5370.5
0,5369
0,5366.5
0,5369
0,5369.5
0,5369
0,5371.5
0,5371.5
0,5370.5
0,5369
0,5373.5
0,5373.5
0,5374
0,5373
0,5373.5
0,5372.5
0,5371.5
0,5372.5
0,5371
0,5366
0,5368.5
0,5364
0,5362.5
0,5362
0,5359.5
0,5357
0,5356.5
0,5355.5
0,5352
0,5348.5
0,5349
0,5347
0,5349
0,5354.5
0,5351
0,5345.5
0,5347
0,5348
0,5345.5
0,5344
0,5347.5
0,5344.5
0,5346
0,5345
0,5345.5
0,5344
0,5344
0,5346
0,5349.5
0,5350.5
0,5353
0,5353.5
0,5361
0,5363
0,5362.5
0,5365.5
0,5367.5
0,5365.5
0,5366
0,5364.5
0,5366.5
0,5366
0,5366.5
0,5366.5
0,5364
0,5363
0,5366
0,5370.5
0,5365
0,5360
0,5363
0,5365
0,5362.5
0,5365
0,5361.5
0,5363.5
0,5364
0,5364.5
0,5369
0,5369
0,5369
0,5372
0,5372
0,5367
0,5369
0,5371.5
0,5368.5
0,5369
0,5368.5
0,5365.5
0,5370
0,5368.5
0,5369
0,5367
0,5364
0,5363
0,5359
0,5358
0,5360.5
0,5361
0,5361
0,5361.5
0,5362.5
0,5361.5
0,5363
0,5365.5
0,5369.5
0,5370.5
0,5371
0,5371.5
0,5371
0,5370.5
0,5371
0,5371
0,5373
0,5372.5
0,5375
0,5375
0,5374
0,5373.5
0,5372.5
0,5376.5
0,5375
0,5374
0,5371
0,5370
0,5370
0,5368.5
0,5368
0,5370
0,5369.5
0,5364
0,5359
0,5357
0,5356.5
0,5357
0,5358
0,5358
0,5358.5
0,5359.5
0,5357
0,5354.5
0,5350
0,5350.5
0,5349
0,5347
0,5351.5
0,5352.5
0,5354.5
0,5356
0,5354
0,5356.5
0,5357.5
0,5355.5
0,5359
0,5359
0,5356.5
0,5357.5
0,5356.5
0,5353.5
0,5353
0,5350.5
0,5352.5
0,5354
0,5355.5
0,5354.5
0,5351.5
0,5351.5
0,5353
0,5356
0,5354
0,5352
0,5349
0,5346
0,5349.5
0,5347.5
0,5347
0,5345
0,5342.5
0,5339.5
0,5335.5
0,5338
0,5338
0,5336.5
0,5336
0,5333
0,5334.5
0,5331
0,5330
0,5330
0,5331.5
0,5334.5
0,5333.5
0,5332.5
0,5332.5
0,5337
0,5335.5
0,5334.5
0,5337
0,5333
0,5333.5
0,5336
0,5338
0,5342
0,5346
0,5344
0,5342.5
0,5345.5
0,5346
0,5350
0,5352
0,5353.5
0,5351.5
0,5349
0,5350.5
0,5350.5
0,5349
0,5352.5
0,5359
0,5360.5
0,5361.5
0,5358
0,5352.5
0,5350.5
0,5354.5
0,5353
0,5354
0,5349.5
0,5349
0,5352
0,5351
0,5344
0,5340
0,5338
0,5339
0,5341
0,5335.5
0,5329.5
0,5328.5
0,5328.5
0,5326.5
0,5326.5
0,5319.5
0,5316
0,5315
0,5317.5
0,5316.5
0,5318
0,5319.5
0,5322.5
0,5320
0,5326
0,5325
0,5325.5
0,5323.5
0,5323
0,5320.5
0,5324.5
0,5323.5
0,5321
0,5321
0,5325.5
0,5325
0,5328
0,5327.5
0,5325.5
0,5323.5
0,5325.5
0,5323
0,5323.5
0,5325.5
0,5325.5
0,5325.5
0,5325
0,5327.5
0,5330
0,5329
0,5329
0,5328
0,5327.5
0,5324.5
0,5322.5
0,5325.5
0,5322.5
0,5323.5
0,5325.5
0,5325.5
0,5324
0,5327
0,5325.5
0,5325
0,5322.5
0,5321.5
0,5319.5
0,5324.5
0,5325.5
0,5325
0,5325.5
0,5328
0,5326
0,5322.5
0,5322.5
0,5323.5
0,5321
0,5321.5
0,5320
0,5318.5
0,5317
0,5316
0,5322
0,5321
0,5323.5
0,5323
0,5320.5
0,5320.5
0,5324.5
0,5326
0,5330
0,5328
0,5327.5
0,5326.5
0,5328
0,5330
0,5328
0,5330.5
0,5335
0,5334.5
0,5333
0,5337
0,5334
0,5331
0,5329.5
0,5328
0,5342.5
0,5342.5
0,5345
0,5340.5
0,5333
0,5334.5
0,5328
0,5327
0,5323
0,5325.5
0,5328.5
0,5331
0,5330
0,5333
0,5332.5
0,5332
0,5329.5
0,5330
0,5333.5
0,5333
0,5332
0,5334
0,5331
0,5332
0,5333.5
0,5336.5
0,5335
0,5338
0,5339.5
0,5341
0,5343.5
0,5348.5
0,5350
0,5347.5
0,5351
0,5348.5
0,5345.5
0,5348
0,5346.5
0,5351.5
0,5355
0,5354.5
0,5357
0,5362.5
0,5362.5
0,5361
0,5360.5
0,5361.5
0,5357.5
0,5356.5
0,5357.5
0,5359.5
0,5359.5
0,5361
0,5362
0,5363
0,5360
0,5364.5
0,5364.5
0,5364.5
0,5367
0,5368
0,5375
0,5373.5
0,5372.5
0,5372
0,5370
0,5370
0,5370
0,5369.5
0,5370.5
0,5369.5
0,5371.5
0,5373.5
0,5374
0,5376.5
0,5380
0,5382.5
0,5382
0,5387
0,5388.5
0,5388.5
0,5387.5
0,5387.5
0,5388
0,5387.5
0,5389
0,5392
0,5390
0,5390
0,5388
0,5390.5
0,5387.5
0,5391
0,5387
0,5387
0,5386.5
0,5386.5
0,5387.5
0,5379.5
0,5369
0,5373
0,5370
0,5370
0,5371.5
0,5369.5
0,5371.5
0,5371.5
0,5371.5
0,5373.5
0,5376.5
0,5371
0,5370
0,5369
0,5368.5
0,5368
0,5368
0,5369.5
0,5368.5
0,5369.5
0,5367.5
0,5372.5
0,5376.5
0,5382
0,5384
0,5380
0,5381
0,5380.5
0,5383
0,5388.5
0,5392.5
0,5396
0,5396
0,5400
0,5399.5
0,5401.5
0,5400.5
0,5402.5
0,5406
0,5407.5
0,5413.5
0,5414
0,5409.5
0,5412.5
0,5410.5
0,5412.5
0,5412.5
0,5414.5
0,5408.5
0,5409.5
0,5413.5
0,5417.5
0,5417
0,5415
0,5416.5
0,5418.5
0,5416.5
0,5414
0,5414
0,5418
0,5418.5
0,5419.5
0,5418.5
0,5413.5
0,5417
0,5415
0,5419
0,5418.5
0,5419
0,5420.5
0,5420
0,5419
0,5418
0,5416
0,5415.5
0,5419
0,5416
0,5414
0,5412.5
0,5412.5
0,5411.5
0,5406.5
0,5406
0,5403.5
0,5402.5
0,5403.5
0,5398
0,5406
0,5406.5
0,5405.5
0,5402.5
0,5403.5
0,5406
0,5405.5
0,5403.5
0,5405
0,5407
0,5406.5
0,5405.5
0,5406
0,5403
0,5401.5
0,5402
0,5399
0,5389.5
0,5393.5
0,5394.5
0,5397
0,5397
0,5397.5
0,5395.5
0,5396
0,5394
0,5392.5
0,5388.5
0,5391
0,5393
0,5391.5
0,5388.5
0,5387.5
0,5389
0,5392.5
0,5390.5
0,5390.5
0,5390
0,5384.5
0,5381.5
0,5383
0,5381
0,5377.5
0,5379
0,5381.5
0,5378.5
0,5379
0,5382
0,5382
0,5383.5
0,5386
0,5386
0,5393
0,5390.5
0,5393.5
0,5389.5
0,5387.5
0,5386.5
0,5386.5
0,5383
0,5386
0,5388
0,5388.5
0,5389.5
0,5388.5
0,5390
0,5392
0,5396
0,5396.5
0,5390.5
0,5392.5
0,5392.5
0,5393.5
0,5392
0,5389
0,5390.5
0,5387
0,5388.5
0,5388.5
0,5386
0,5387.5
0,5386
0,5386.5
0,5386.5
0,5387.5
0,5387.5
0,5386.5
0,5388.5
0,5387.5
0,5388
0,5387.5
0,5386.5
0,5389.5
0,5391.5
0,5392.5
0,5402.5
0,5403.5
0,5407.5
0,5408.5
0,5405.5
0,5405.5
0,5408.5
0,5406
0,5406.5
0,5400.5
0,5402.5
0,5402.5
0,5405.5
0,5405.5
0,5406.5
0,5407
0,5408
0,5406.5
0,5403.5
0,5405.5
0,5406
0,5409.5
0,5410.5
0,5411
0,5410
0,5410.5
0,5408
0,5409
0,5408.5
0,5409
0,5409.5
0,5410
0,5408
0,5406.5
0,5407.5
0,5406.5
0,5405.5
0,5407.5
0,5409.5
0,5411
0,5413
0,5416
0,5419
0,5418.5
0,5418
0,5415.5
0,5417.5
0,5416.5
0,5413.5
0,5411.5
0,5413.5
0,5408
0,5410.5
0,5407
0,5403.5
0,5403.5
0,5401
0,5399
0,5399.5
0,5398.5
0,5406
0,5407
0,5409
0,5406
0,5404
0,5405.5
0,5405.5
0,5406
0,5404.5
0,5409.5
0,5414.5
0,5411
0,5409.5
0,5406.5
0,5407.5
0,5406
0,5403.5
0,5402.5
0,5402.5
0,5401.5
0,5402
0,5404.5
0,5403.5
0,5400.5
0,5399.5
0,5397.5
0,5398
0,5396
0,5392
0,5392.5
0,5393
0,5392
0,5393.5
0,5393.5
0,5393
0,5391.5
0,5392
0,5391.5
0,5391.5
0,5390.5
0,5388
0,5384.5
0,5382.5
0,5379.5
0,5381.5
0,5376.5
0,5377.5
0,5380
0,5380.5
0,5385.5
0,5381.5
0,5387.5
0,5385
0,5383.5
0,5381.5
0,5381.5
0,5379
0,5378.5
0,5375.5
0,5371.5
0,5377.5
0,5379.5
0,5381.5
0,5386.5
0,5389.5
0,5383.5
0,5383
0,5380.5
0,5379.5
0,5383.5
0,5384.5
0,5386
0,5387
0,5387.5
0,5385
0,5383.5
0,5388.5
0,5389.5
0,5389.5
0,5390.5
0,5386.5
0,5387
0,5382
0,5385
0,5380.5
0,5374
0,5376.5
0,5380
0,5376.5
0,5375.5
0,5374
0,5375.5
0,5376.5
0,5378.5
0,5380
0,5378
0,5377.5
0,5379.5
0,5380.5
0,5379
0,5377
0,5379
0,5382
0,5385.5
0,5387
0,5384.5
0,5380.5
0,5381
0,5383.5
0,5384.5
0,5388
0,5387
0,5387.5
0,5385
0,5385
0,5383
0,5385.5
0,5385.5
0,5387
0,5388
0,5389
0,5385.5
0,5385
0,5382.5
0,5378.5
0,5381
0,5380.5
0,5379.5
0,5379
0,5378.5
0,5377
0,5376
0,5381
0,5376.5
0,5373
0,5374
0,5374
0,5373
0,5370
0,5371.5
0,5371.5
0,5371
0,5374.5
0,5371
0,5374
0,5371
0,5372.5
0,5371.5
0,5375.5
0,5376.5
0,5374
0,5375.5
0,5374.5
0,5374
0,5370.5
0,5371.5
0,5370.5
0,5368
0,5367.5
0,5363
0,5361.5
0,5364.5
0,5363
0,5374
0,5377.5
0,5380.5
0,5385.5
0,5385
0,5377
0,5380.5
0,5383.5
0,5389.5
0,5395
0,5399.5
0,5396
0,5399.5
0,5398.5
0,5399
0,5407.5
0,5413
0,5415
0,5412
0,5408
0,5412.5
0,5418.5
0,5425
0,5427.5
0,5428
0,5431
0,5434
0,5435
0,5438
0,5435.5
0,5436.5
0,5438
0,5439
0,5443
0,5438.5
0,5428.5
0,5426
0,5422
0,5419
0,5422
0,5416.5
0,5415
0,5417
0,5414.5
0,5415.5
0,5412
0,5413.5
0,5415
0,5422
0,5420
0,5421.5
0,5416
0,5415.5
0,5417
0,5416
0,5416.5
0,5415.5
0,5414.5
0,5415.5
0,5415
0,5415
0,5411
0,5410.5
0,5410.5
0,5403.5
0,5400.5
0,5400.5
0,5398
0,5397.5
0,5395.5
0,5397
0,5395
0,5396.5
0,5398.5
0,5397
0,5398
0,5403.5
0,5407
0,5412.5
0,5415
0,5414
0,5414.5
0,5412.5
0,5412.5
0,5414
0,5414.5
0,5414.5
0,5415
0,5413
0,5416.5
0,5417
0,5419
0,5421.5
0,5421.5
0,5417
0,5412.5
0,5412
0,5412
0,5411.5
0,5412
0,5411.5
0,5411
0,5410.5
0,5410.5
0,5411.5
0,5409.5
0,5411.5
0,5409.5
0,5411.5
0,5410
0,5410
0,5410
0,5411
0,5411
0,5411
0,5408.5
0,5407.5
0,5408
0,5408
0,5407
0,5406.5
0,5408
0,5411
0,5411
0,5411
0,5408.5
0,5410
0,5410.5
0,5412
0,5416
0,5417
0,5414.5
0,5414
0,5414.5
0,5415.5
0,5420.5
0,5422.5
0,5424
0,5426
0,5428.5
0,5430.5
0,5431
0,5432
0,5433.5
0,5433.5
0,5435
0,5434.5
0,5435.5
0,5432
0,5430.5
0,5430
0,5426.5
0,5426.5
0,5426.5
0,5426.5
0,5425.5
0,5426
0,5424.5
0,5425.5
0,5426.5
0,5423.5
0,5424.5
0,5424
0,5422.5
0,5421
0,5422.5
0,5422.5
0,5422
0,5423.5
0,5426
0,5423
0,5422
0,5424
0,5423
0,5426
0,5423
0,5424
0,5427.5
0,5424.5
0,5422.5
0,5427.5
0,5427
0,5429.5
0,5430
0,5427.5
0,5425.5
0,5425.5
0,5425
0,5427.5
0,5426.5
0,5428.5
0,5433.5
0,5434.5
0,5436
0,5437.5
0,5438.5
0,5437.5
0,5439.5
0,5439.5
0,5440.5
0,5440.5
0,5442.5
0,5443
0,5441.5
0,5442.5
0,5443
0,5441.5
0,5441.5
0,5440.5
0,5442
0,5445.5
0,5443.5
0,5448.5
0,5449.5
0,5448.5
0,5448.5
0,5446
0,5450.5
0,5446
0,5448
0,5451.5
0,5451
0,5453
0,5452.5
0,5453.5
0,5451.5
0,5452.5
0,5452.5
0,5453.5
0,5454
0,5452
0,5454.5
0,5453
0,5452.5
0,5454.5
0,5456.5
0,5457
0,5456
0,5453.5
0,5452.5
0,5451
0,5451
0,5454.5
0,5453
0,5456
0,5454.5
0,5454
0,5453
0,5452.5
0,5454
0,5456
0,5458.5
0,5461.5
0,5460.5
0,5460
0,5462
0,5460.5
0,5461.5
0,5460.5
0,5454.5
0,5454.5
0,5450.5
0,5449.5
0,5446.5
0,5446.5
0,5449.5
0,5448
0,5450.5
0,5449.5
0,5450
0,5449.5
0,5448.5
0,5451
0,5448
0,5449
0,5448.5
0,5447.5
0,5448
0,5449.5
0,5450.5
0,5448.5
0,5448
0,5451
0,5450.5
0,5449
0,5447.5
0,5447.5
0,5446
0,5448
0,5448.5
0,5451
0,5450
0,5449.5
0,5453.5
0,5451
0,5453
0,5452.5
0,5452.5
0,5457.5
0,5455
0,5456.5
0,5457.5
0,5458
0,5460.5
0,5460.5
0,5461
0,5461.5
0,5464.5
0,5464
0,5461
0,5460
0,5459
0,5465
0,5465
0,5465.5
0,5465.5
0,5466
0,5467
0,5466
0,5469
0,5468.5
0,5466.5
0,5466
0,5465
0,5467.5
0,5467
0,5467.5
0,5467.5
0,5465.5
0,5465
0,5465
0,5465.5
0,5464.5
0,5465.5
0,5466
0,5470
0,5468
0,5468.5
0,5469.5
0,5469
0,5469
0,5466.5
0,5466
0,5467
0,5465
0,5469
0,5470
0,5470.5
0,5469.5
0,5468.5
0,5466.5
0,5465.5
0,5465.5
0,5465
0,5468.5
0,5468
0,5466.5
0,5467.5
0,5470
0,5471.5
0,5473.5
0,5471.5
0,5472.5
0,5472.5
0,5471.5
0,5470.5
0,5471.5
0,5470.5
0,5470
0,5472
0,5469.5
0,5466.5
0,5468.5
0,5467.5
0,5467
0,5469.5
0,5467.5
0,5467.5
0,5466
0,5466.5
0,5468
0,5466.5
0,5465.5
0,5466.5
0,5465
0,5466
0,5465
0,5464.5
0,5467
0,5470.5
0,5472
0,5475.5
0,5473.5
0,5475
0,5473.5
0,5472.5
0,5468.5
0,5466
0,5465.5
0,5469.5
0,5470
0,5468.5
0,5469
0,5467.5
0,5466
0,5467.5
0,5469
0,5471
0,5473.5
0,5472
0,5470
0,5471.5
0,5471.5
0,5468
0,5467.5
0,5466.5
0,5466
0,5464
0,5464.5
0,5464
0,5463.5
0,5463
0,5466.5
0,5467
0,5462
0,5463
0,5458
0,5459
0,5461
0,5461.5
0,5460
0,5463.5
0,5462.5
0,5460
0,5461.5
0,5462.5
0,5462
0,5458.5
0,5456.5
0,5455
0,5453.5
0,5454.5
0,5455
0,5456
0,5454.5
0,5458.5
0,5461.5
0,5464.5
0,5461.5
0,5461
0,5458.5
0,5457
0,5458.5
0,5460
0,5458.5
0,5460.5
0,5462.5
0,5465.5
0,5465
0,5464.5
0,5467
0,5469
0,5469.5
0,5467
0,5466.5
0,5466
0,5465
0,5465.5
0,5457
0,5454
0,5455.5
0,5458
0,5457
0,5456.5
0,5456.5
0,5456
0,5457
0,5457.5
0,5461.5
0,5459.5
0,5457.5
0,5457
0,5453
0,5453.5
0,5450.5
0,5447
0,5449
0,5449.5
0,5450
0,5448.5
0,5448
0,5448.5
0,5449
0,5447.5
0,5447
0,5445.5
0,5447
0,5445.5
0,5446
0,5446
0,5445
0,5448.5
0,5444
0,5442.5
0,5446
0,5445.5
0,5479
0,5481
0,5488
0,5488.5
0,5487.5
0,5488.5
0,5500
0,5502
0,5498.5
0,5505.5
0,5504.5
0,5499.5
0,5492.5
0,5494.5
0,5498.5
0,5496
0,5501.5
0,5503.5
0,5510.5
0,5509
0,5507.5
0,5502.5
0,5503.5
0,5505.5
0,5506
0,5502.5
0,5498.5
0,5497
0,5495.5
0,5496
0,5494
0,5491
0,5491
0,5490
0,5492.5
0,5491
0,5489
0,5489
0,5492
0,5490.5
0,5490.5
0,5496
0,5498.5
0,5496
0,5499.5
0,5498
0,5502
0,5503.5
0,5505
0,5505.5
0,5509
0,5510
0,5515.5
0,5513
0,5513.5
0,5514
0,5516.5
0,5519
0,5516.5
0,5518
0,5520.5
0,5524
0,5524.5
0,5525
0,5528.5
0,5527
0,5530.5
0,5534.5
0,5534.5
0,5535.5
0,5543
0,5544
0,5544.5
0,5544.5
0,5543
0,5540
0,5538.5
0,5538.5
0,5537.5
0,5540
0,5542
0,5537.5
0,5540.5
0,5534
0,5531.5
0,5536.5
0,5534
0,5532.5
0,5529
0,5535.5
0,5532
0,5527.5
0,5525.5
0,5522.5
0,5525.5
0,5524.5
0,5524.5
0,5530.5
0,5536
0,5533
0,5538
0,5537
0,5536.5
0,5542
0,5543
0,5545
0,5549
0,5549.5
0,5551.5
0,5550
0,5553.5
0,5552.5
0,5552.5
0,5553.5
0,5552.5
0,5549.5
0,5544.5
0,5544
0,5542.5
0,5541
0,5544.5
0,5542.5
0,5538.5
0,5539.5
0,5540
0,5543
0,5543.5
0,5543.5
0,5543
0,5544.5
0,5542.5
0,5545.5
0,5546.5
0,5543.5
0,5541
0,5540.5
0,5539
0,5538.5
0,5540.5
0,5542
0,5539.5
0,5538.5
0,5536.5
0,5530
0,5528.5
0,5526.5
0,5519.5
0,5519
0,5521.5
0,5523
0,5521
0,5521.5
0,5518.5
0,5526.5
0,5528.5
0,5528.5
0,5529
0,5531
0,5529.5
0,5528
0,5531.5
0,5526.5
0,5527.5
0,5526.5
0,5526.5
0,5524.5
0,5524.5
0,5524
0,5522
0,5521.5
0,5522
0,5521.5
0,5522.5
0,5522
0,5524
0,5524
0,5522.5
0,5524.5
0,5526
0,5524.5
0,5520.5
0,5521.5
0,5525.5
0,5526.5
0,5528
0,5528.5
0,5526.5
0,5523.5
0,5522.5
0,5516.5
0,5516
0,5515
0,5517
0,5517
0,5516.5
0,5517.5
0,5519
0,5519
0,5519.5
0,5517.5
0,5518.5
0,5522
0,5522
0,5524.5
0,5524
0,5522
0,5523
0,5523.5
0,5525
0,5525.5
0,5522
0,5521.5
0,5520.5
0,5515.5
0,5515
0,5518
0,5519.5
0,5517.5
0,5518
0,5520.5
0,5522
0,5526
0,5525.5
0,5520
0,5519
0,5518
0,5519.5
0,5521.5
0,5522
0,5521
0,5524.5
0,5525
0,5527
0,5527.5
0,5528.5
0,5529
0,5524
0,5527.5
0,5525.5
0,5524.5
0,5524.5
0,5525
0,5521.5
0,5522
0,5522.5
0,5524
0,5522.5
0,5519.5
0,5520.5
0,5519.5
0,5515
0,5516.5
0,5516.5
0,5520
0,5520.5
0,5516.5
0,5514.5
0,5514
0,5514.5
0,5517.5
0,5516.5
0,5515.5
0,5517.5
0,5518.5
0,5516
0,5515.5
0,5515
0,5514.5
0,5516
0,5517
0,5516.5
0,5519.5
0,5517.5
0,5522
0,5526
0,5526.5
0,5529
0,5532
0,5530
0,5532
0,5536
0,5536.5
0,5537.5
0,5537.5
0,5540
0,5541
0,5545.5
0,5545
0,5545.5
0,5542.5
0,5538
0,5538.5
0,5539
0,5541.5
0,5542
0,5542
0,5543
0,5541
0,5541.5
0,5539.5
0,5540
0,5550
0,5549
0,5546
0,5548
0,5548
0,5546.5
0,5547
0,5548.5
0,5547.5
0,5544
0,5544
0,5543
0,5542.5
0,5543.5
0,5542
0,5541.5
0,5541.5
0,5540.5
0,5537.5
0,5539
0,5541.5
0,5543.5
0,5539.5
0,5540
0,5540.5
0,5541.5
0,5542
0,5542.5
0,5542.5
0,5540.5
0,5539.5
0,5538.5
0,5538
0,5538
0,5538.5
0,5538.5
0,5542.5
0,5542.5
0,5543
0,5543.5
0,5542.5
0,5543
0,5544.5
0,5548
0,5550.5
0,5553.5
0,5552.5
0,5553
0,5554.5
0,5554.5
0,5553
0,5548
0,5545.5
0,5548.5
0,5546.5
0,5537.5
0,5539
0,5533.5
0,5531.5
0,5532.5
0,5533
0,5531
0,5528
0,5523.5
0,5522
0,5525.5
0,5530
0,5526
0,5520
0,5523.5
0,5522
0,5522.5
0,5525
0,5524.5
0,5525
0,5522.5
0,5521
0,5519.5
0,5515
0,5510.5
0,5506
0,5504.5
0,5507
0,5506.5
0,5499
0,5498.5
0,5495
0,5492
0,5496
0,5505
0,5501
0,5500
0,5498
0,5493.5
0,5493
0,5497.5
0,5491
0,5486.5
0,5488.5
0,5492.5
0,5486.5
0,5491.5
0,5493.5
0,5494.5
0,5500
0,5505.5
0,5509
0,5509.5
0,5509.5
0,5513.5
0,5515
0,5515
0,5511
0,5515
0,5519.5
0,5520
0,5520
0,5518.5
0,5518.5
0,5518
0,5522
0,5520.5
0,5518.5
0,5519.5
0,5523.5
0,5516
0,5515
0,5513.5
0,5514.5
0,5509
0,5510.5
0,5502.5
0,5502
0,5504.5
0,5510
0,5513.5
0,5510
0,5512
0,5512.5
0,5512
0,5514.5
0,5513.5
0,5514.5
0,5512
0,5511.5
0,5512.5
0,5507
0,5507
0,5500.5
0,5502
0,5504.5
0,5504
0,5500
0,5500.5
0,5502.5
0,5498.5
0,5501.5
0,5501
0,5501.5
0,5501.5
0,5498.5
0,5498
0,5491.5
0,5494.5
0,5492.5
0,5491
0,5492.5
0,5490.5
0,5488.5
0,5493.5
0,5493
0,5498.5
0,5500.5
0,5500.5
0,5501.5
0,5499.5
0,5499
0,5500.5
0,5501
0,5502
0,5508
0,5503.5
0,5501.5
0,5507
0,5509
0,5511.5
0,5514.5
0,5513.5
0,5516.5
0,5515
0,5513
0,5516
0,5518.5
0,5517
0,5522
0,5519.5
0,5517.5
0,5518
0,5522.5
0,493.75
0,492.45
0,488.65
0,487.1
0,487.55
0,487.5
0,487
0,486.5
0,485.95
0,478.7
0,479.3
0,480.55
0,479.9
0,480.6
0,480.15
0,479.9
0,480.05
0,480.25
0,479.6
0,479.35
0,477.95
0,477.6
0,477.2
0,477.45
0,476.85
0,476.65
0,476.75
0,476.75
0,476.95
0,477.65
0,478.15
0,477.5
0,477.35
0,478
0,478.5
0,479.35
0,479.8
0,479.7
0,478.5
0,478.15
0,478.75
0,478.25
0,477.4
0,477.75
0,477.75
0,478.05
0,478.25
0,478.5
0,478.2
0,476.4
0,476.3
0,476.45
0,476.65
0,476.95
0,477.25
0,477
0,476.85
0,477
0,477.3
0,477.65
0,478.05
0,478.2
0,478.25
0,479.05
0,478.75
0,478.45
0,478.45
0,478.6
0,478.95
0,479.3
0,479.15
0,479.9
0,480.8
0,481.25
0,480.5
0,480.9
0,481.05
0,480.75
0,481.3
0,481.2
0,481.25
0,480.5
0,481
0,481.2
0,481.35
0,481.8
0,481.25
0,481.1
0,481.05
0,481
0,480.8
0,480.95
0,480.95
0,480.85
0,480.65
0,481.6
0,481.05
0,480.75
0,480.7
0,480.75
0,480.5
0,480.75
0,480.75
0,481.35
0,481.5
0,481.6
0,481.85
0,482.05
0,481.05
0,481.1
0,481.05
0,481.45
0,480.35
0,480.5
0,480.65
0,481.1
0,481.15
0,480.8
0,480.45
0,480.75
0,481.05
0,480.75
0,481.05
0,480.7
0,480.7
0,480.75
0,480.7
0,480.75
0,480.9
0,481.3
0,481.2
0,480.8
0,481.15
0,481.1
0,481.35
0,481.65
0,481.1
0,480.65
0,480.15
0,480.2
0,480
0,480.15
0,480.2
0,479.9
0,479.8
0,479.8
0,479.95
0,480.75
0,480.5
0,480.7
0,480.95
0,481.05
0,481.05
0,481.7
0,481.7
0,482.25
0,482.15
0,482.25
0,482.15
0,482.9
0,482.95
0,483.1
0,483.35
0,483.5
0,483.55
0,483.55
0,483.6
0,483.65
0,482.95
0,482.95
0,483.05
0,483.45
0,483.65
0,483.55
0,484
0,484.05
0,483.85
0,484.05
0,484.15
0,484.35
0,483.9
0,483.85
0,484.2
0,484.3
0,484.2
0,484.35
0,484.6
0,484.85
0,484.7
0,484.3
0,484.15
0,484.3
0,483.55
0,483.75
0,483.4
0,483.75
0,483.55
0,483.5
0,483.35
0,483.15
0,483.05
0,483.1
0,483.15
0,483.1
0,483.1
0,483
0,483.05
0,483.3
0,482.85
0,483.05
0,483.4
0,482.95
0,482.9
0,484.25
0,483.9
0,483.05
0,482.75
0,482.85
0,483
0,483.35
0,483.65
0,483.55
0,483.7
0,483.65
0,483.65
0,483.05
0,483.25
0,483.65
0,483.95
0,484
0,483.7
0,483.75
0,484.05
0,484.1
0,484.1
0,484.05
0,484
0,483.9
0,483.7
0,483.6
0,483.65
0,483.45
0,483.6
0,483.7
0,483.75
0,483.9
0,483.75
0,483.65
0,483.8
0,483.95
0,483.95
0,484
0,484.15
0,484.9
0,485.1
0,484.85
0,485.3
0,484.1
0,484
0,483.8
0,483.7
0,483.4
0,483.3
0,483.4
0,483.1
0,483
0,482.55
0,482.9
0,483.15
0,482.85
0,482.9
0,482.9
0,482.2
0,482.2
0,481.9
0,481.8
0,481.85
0,481.8
0,482
0,482
0,481.6
0,482.2
0,482.05
0,482
0,481.85
0,481.3
0,480.7
0,481.1
0,481.1
0,480.9
0,480.35
0,480.4
0,480.65
0,480.4
0,480.55
0,480.35
0,480.25
0,480.5
0,480.4
0,480.3
0,480.35
0,480.9
0,480.4
0,480.6
0,480.3
0,480.15
0,480.05
0,479.75
0,479.6
0,479.75
0,479.4
0,479.25
0,478.8
0,479.05
0,479
0,478.35
0,478.4
0,478.35
0,478.45
0,478.4
0,478.15
0,478.15
0,478.25
0,478.1
0,477.75
0,477.5
0,478.2
0,478.35
0,478.25
0,478.2
0,478.1
0,478.45
0,478.6
0,478.6
0,478.45
0,477.95
0,478.6
0,478.25
0,477.9
0,477.85
0,477.05
0,477.35
0,477.6
0,477.05
0,477.4
0,477.45
0,477.5
0,477.25
0,476.45
0,476.85
0,476.8
0,476.8
0,476.95
0,477.85
0,477.05
0,476.65
0,476.4
0,476.2
0,477.05
0,476.85
0,477.3
0,477.1
0,476.85
0,476.55
0,477
0,477.15
0,477.35
0,477.1
0,477.05
0,477.15
0,476.9
0,476.55
0,476.4
0,476.8
0,477.05
0,476.6
0,477.3
0,477.9
0,477.7
0,477.85
0,477.5
0,477.05
0,476.95
0,477.1
0,476.95
0,477.2
0,477
0,477.05
0,476.75
0,476.35
0,476.5
0,476
0,476.4
0,475.9
0,476.2
0,476.1
0,476
0,476.35
0,476.5
0,476.55
0,476.55
0,476.8
0,477.2
0,477.2
0,476.95
0,477.15
0,477.25
0,477.2
0,477.4
0,477.45
0,477.4
0,477.9
0,478.55
0,479.05
0,478.4
0,478.45
0,478.55
0,478.8
0,478.95
0,479.05
0,479.15
0,479.2
0,479.15
0,479.5
0,479.8
0,479.9
0,480
0,480.35
0,480.3
0,480.2
0,480.15
0,480.1
0,479.9
0,480.45
0,480.1
0,479.95
0,480.3
0,480.9
0,481.55
0,481.15
0,480.7
0,480.55
0,480.7
0,480.35
0,480.85
0,480.7
0,479.75
0,480.4
0,474.75
0,473.5
0,475.15
0,474.7
0,473.15
0,472
0,476.35
0,476.7
0,477.05
0,478.1
0,478.75
0,478.2
0,478.05
0,478.45
0,478.4
0,477.45
0,476.7
0,475.8
0,477.35
0,477.6
0,478
0,478.75
0,478.95
0,479
0,479.2
0,479.3
0,480.6
0,480.35
0,479.8
0,480.85
0,480.45
0,479.75
0,480.6
0,480.75
0,480.95
0,481.85
0,482.4
0,482.1
0,482.45
0,482.6
0,482.1
0,482.35
0,482.7
0,483.45
0,484.6
0,485
0,484.75
0,483.6
0,483
0,483.75
0,483.6
0,483.1
0,482.5
0,482.6
0,483.4
0,482.05
0,482.1
0,481.9
0,482.2
0,482.3
0,482.75
0,483.8
0,483.7
0,482.85
0,482.75
0,482.7
0,481.3
0,481.45
0,481.8
0,481.85
0,481.9
0,482.25
0,482.15
0,482.2
0,482.4
0,481.45
0,480.85
0,481.6
0,480.9
0,481.3
0,481.2
0,481.15
0,481.6
0,481.25
0,481.45
0,481.3
0,481.4
0,481.3
0,481.45
0,481.4
0,480.95
0,480.85
0,480.8
0,480.75
0,481.95
0,482.1
0,482.35
0,482.3
0,481.5
0,481.65
0,481.9
0,481.9
0,481.9
0,481.25
0,481.7
0,481.65
0,481.3
0,481.5
0,481.3
0,481.6
0,481.6
0,481.55
0,481
0,480.5
0,480.2
0,480.6
0,481.1
0,480.4
0,480.1
0,480.2
0,480.15
0,480.2
0,480.25
0,480.95
0,481.5
0,481.5
0,481.15
0,480.85
0,480.8
0,480.75
0,481.15
0,481.75
0,481.25
0,481.6
0,482.25
0,482.25
0,482.4
0,481.8
0,481.55
0,481.15
0,480.6
0,481.15
0,480.35
0,480.2
0,480.8
0,481.1
0,481.3
0,481.45
0,480.85
0,480.9
0,480.45
0,480.35
0,480.35
0,480.3
0,480.25
0,480.05
0,479.95
0,480.25
0,480.3
0,480.1
0,480.1
0,480.25
0,480.15
0,480.2
0,479.95
0,480.3
0,480.2
0,480.05
0,479.9
0,479.9
0,479.9
0,479.9
0,479.95
0,479.9
0,479.6
0,479.45
0,479.6
0,479.7
0,479.6
0,479.6
0,479.7
0,479.7
0,479.65
0,479.6
0,479.65
0,479.7
0,479.6
0,479.7
0,479.35
0,478.75
0,479.25
0,479.2
0,478.7
0,478.85
0,478.75
0,478.8
0,479.25
0,479.2
0,479.15
0,479.15
0,479.05
0,478.85
0,478.7
0,478.45
0,478.4
0,478.35
0,478.4
0,478.45
0,478.4
0,478.4
0,478.6
0,478.4
0,478.7
0,478.4
0,478.5
0,478.4
0,479.55
0,479.3
0,479.9
0,480.2
0,480.05
0,480.15
0,479.85
0,479.3
0,478.5
0,479.5
0,479.25
0,478.8
0,478.7
0,478.45
0,478.3
0,478.55
0,478.8
0,478.85
0,479
0,479
0,479.25
0,479.2
0,478.85
0,478.9
0,478.9
0,479.05
0,478.9
0,478.85
0,479
0,479
0,479.05
0,479.55
0,479.2
0,479.05
0,478.9
0,478.85
0,478.85
0,478.7
0,478.8
0,478.7
0,478.7
0,478.75
0,478.85
0,478.95
0,478.95
0,478.75
0,478.85
0,478.8
0,478.7
0,478.65
0,478.7
0,478.7
0,478.65
0,478.65
0,478.4
0,478.45
0,478.5
0,478.55
0,478.7
0,478.75
0,478.7
0,478.5
0,478.1
0,477.85
0,477.65
0,477.45
0,477.5
0,477.65
0,477.7
0,477.8
0,477.15
0,477.25
0,477.45
0,477.55
0,477.65
0,477.8
0,477.5
0,477.45
0,477.2
0,477.45
0,477.7
0,477.8
0,477.9
0,477.75
0,477.8
0,477.45
0,477.25
0,476.95
0,477.2
0,476.8
0,477.05
0,477.4
0,477.45
0,477.4
0,477.2
0,477.3
0,478.1
0,477.95
0,478.45
0,478.3
0,478.5
0,478.75
0,479.1
0,478.8
0,478.7
0,478.65
0,478.8
0,478.5
0,478.55
0,478.7
0,479.05
0,479.2
0,479.45
0,479.6
0,479.8
0,479.9
0,479.8
0,479.9
0,479.85
0,479.8
0,479.35
0,479.45
0,479.7
0,479.8
0,480.05
0,480.15
0,479.9
0,479.75
0,479.55
0,479.1
0,478.7
0,478.3
0,477.25
0,477.1
0,477.95
0,477.45
0,478.45
0,478.05
0,478.1
0,478
0,477.7
0,478
0,478.05
0,477.4
0,477.4
0,477.2
0,477.25
0,477.25
0,477.35
0,477.45
0,477.6
0,477.95
0,477.95
0,477.7
0,477.5
0,477.1
0,477.1
0,477.2
0,477.25
0,477.45
0,477.35
0,477.4
0,477.2
0,477.15
0,477.2
0,477
0,477.3
0,477
0,477.3
0,477
0,477.1
0,477
0,476.85
0,476.55
0,476.8
0,476.65
0,476.75
0,476.7
0,476.3
0,476.05
0,476.15
0,476.5
0,476.35
0,476.1
0,476
0,476
0,476.1
0,476
0,475.95
0,475.95
0,475.4
0,474.8
0,474.85
0,475.75
0,474.95
0,475.05
0,474.95
0,474.85
0,475.1
0,475.1
0,475
0,475.15
0,474.9
0,475.15
0,474.85
0,474.85
0,475.35
0,475.3
0,475.35
0,475.1
0,475.3
0,475.35
0,475.7
0,476.15
0,476.1
0,476.1
0,476.4
0,476.25
0,476.25
0,476.5
0,476.25
0,476.45
0,476.7
0,476.6
0,476.6
0,476.6
0,476.8
0,476.9
0,476.95
0,476.85
0,477.1
0,477.4
0,477.5
0,477.45
0,477.9
0,478.05
0,478.1
0,477.7
0,477.25
0,477.1
0,476.55
0,476.4
0,482.55
0,482.25
0,481.6
0,478.8
0,483.9
0,484.55
0,484.75
0,484.05
0,483.55
0,483.15
0,482.85
0,482.35
0,482.5
0,481.15
0,482.05
0,484.15
0,483.65
0,483.05
0,483.45
0,483.75
0,484.85
0,486.2
0,484.5
0,484.1
0,484.9
0,484.95
0,484.3
0,484.75
0,485.05
0,484.35
0,485.05
0,484.7
0,486.4
0,484.4
0,483.2
0,483.65
0,484.4
0,484.3
0,484.3
0,484.75
0,484.8
0,484.85
0,484.7
0,484.6
0,484.85
0,485.15
0,483.65
0,483.35
0,483.75
0,485
0,484.9
0,486.2
0,485.55
0,486.15
0,486.25
0,486.4
0,486.4
0,488.25
0,488.35
0,488.45
0,488.15
0,486.65
0,487.95
0,488.4
0,488.9
0,488.65
0,489.1
0,489
0,488.55
0,489.6
0,489.45
0,489.45
0,489.65
0,490.05
0,489.9
0,489
0,489.1
0,489.45
0,490.15
0,490.55
0,489.8
0,490.55
0,491.5
0,490.95
0,492
0,493.1
0,491.5
0,491.5
0,492.85
0,494
0,493.55
0,493.4
0,493.5
0,493.85
0,494.1
0,494.05
0,493.8
0,493.75
0,493.75
0,493.6
0,493.75
0,493.85
0,493.9
0,494.35
0,493.85
0,494.8
0,494.4
0,494.75
0,495.45
0,495.3
0,495
0,495.15
0,495.15
0,495.3
0,495.55
0,495.9
0,495.9
0,495.3
0,495.35
0,495.85
0,495.85
0,495.25
0,494.7
0,494.95
0,494.5
0,494.65
0,495.55
0,494.95
0,494.6
0,494.65
0,494.5
0,493.7
0,492.5
0,492.5
0,491.8
0,491.85
0,491.85
0,491.35
0,491.4
0,491.2
0,491.2
0,491.45
0,491.35
0,491.05
0,491
0,490.8
0,490.2
0,489.95
0,490.05
0,489.95
0,489.45
0,489.55
0,489.95
0,490.15
0,490.6
0,490.15
0,490.3
0,490.15
0,490.15
0,490.15
0,490.05
0,489.75
0,490.1
0,490.15
0,490.2
0,490.45
0,490.2
0,490.3
0,490.35
0,490.4
0,490.6
0,490.8
0,490.45
0,490.4
0,490.45
0,490.55
0,490.65
0,489.9
0,490.25
0,490.5
0,490.65
0,490.65
0,490.5
0,490.55
0,490.7
0,490.6
0,490.35
0,490.15
0,490.25
0,490.8
0,490.65
0,490.75
0,491.35
0,491.15
0,490.85
0,490.8
0,490.85
0,491.35
0,491.65
0,491.65
0,491.4
0,491.25
0,491.4
0,491.45
0,491.4
0,491.5
0,491.75
0,491.6
0,491.55
0,491.65
0,491.85
0,491.95
0,491.8
0,491.85
0,491.9
0,491.95
0,492.15
0,492.15
0,491.85
0,491.55
0,491.55
0,491.55
0,491.6
0,491.5
0,491.45
0,491.15
0,491.05
0,491
0,491.1
0,491.95
0,492
0,491
0,491.25
0,491.55
0,490.85
0,490.85
0,490.95
0,492.35
0,492.2
0,491.9
0,492
0,492.05
0,492.3
0,492.5
0,492.4
0,492.55
0,492.25
0,492.45
0,492.1
0,492.1
0,492.5
0,492.2
0,492.1
0,492.05
0,491.6
0,491.6
0,491.55
0,491.85
0,492.05
0,492.1
0,491.95
0,492.25
0,492.6
0,492.75
0,492.7
0,492.7
0,492.8
0,492.5
0,492.55
0,492.45
0,492.6
0,492.35
0,492.3
0,492.25
0,492.3
0,492.25
0,492.15
0,492.1
0,492.2
0,492.5
0,492.55
0,492.4
0,492.5
0,492.5
0,492.05
0,492.15
0,492.15
0,492.2
0,491.55
0,491.25
0,490.7
0,490
0,489.6
0,489.45
0,489.5
0,490.1
0,489.85
0,488.9
0,488.6
0,488.1
0,488.25
0,488.45
0,488.55
0,489.35
0,489
0,488.65
0,488.9
0,488.85
0,489
0,489.25
0,489.35
0,489.1
0,489.65
0,489
0,489.15
0,489.8
0,489.1
0,489.15
0,489.4
0,489.35
0,489.5
0,489.45
0,489.25
0,489.5
0,489.7
0,490.1
0,490.65
0,490.75
0,490.7
0,490.75
0,491.4
0,490.95
0,491.3
0,491.4
0,491
0,490.7
0,490.8
0,491.1
0,490.9
0,491
0,491.1
0,491.4
0,491.55
0,492.05
0,492.1
0,491.6
0,491.65
0,491.7
0,491.9
0,491.85
0,491.8
0,492.2
0,492.25
0,492.3
0,492.1
0,492.15
0,491.45
0,491.65
0,491.5
0,491.3
0,491.15
0,491.25
0,491.25
0,491.3
0,491.15
0,491.95
0,491.8
0,491.5
0,491
0,490.95
0,490.8
0,490.7
0,490.5
0,490.85
0,490.6
0,490.8
0,491.55
0,492.05
0,492.1
0,492.05
0,491.7
0,492.3
0,492.3
0,492.3
0,492.75
0,492.65
0,492.7
0,492.95
0,492.95
0,493
0,493.3
0,493.35
0,493.3
0,493.5
0,493.55
0,493.55
0,493.6
0,494
0,493.95
0,493.85
0,493.65
0,493.75
0,493.95
0,493.75
0,494
0,493.9
0,493.9
0,494.25
0,494.7
0,494.1
0,493.8
0,493.65
0,493.45
0,493.4
0,493.25
0,493.3
0,492.55
0,492.45
0,492.9
0,493.85
0,493.45
0,493.8
0,494.25
0,494
0,493.9
0,493.95
0,493.9
0,494.4
0,494.9
0,495.15
0,495
0,494.75
0,495.35
0,495.35
0,495.15
0,494.3
0,494.35
0,494.5
0,494.15
0,493.6
0,493.8
0,493.85
0,493.8
0,494.3
0,494.05
0,493.9
0,494.55
0,494.4
0,494.2
0,494.5
0,494.5
0,494.35
0,494.3
0,494.35
0,494.35
0,494.35
0,494.4
0,494.15
0,494.35
0,494.35
0,494.55
0,495.1
0,495.15
0,495.65
0,495.75
0,495.8
0,496
0,495
0,495.05
0,495.2
0,495.05
0,494.95
0,494.8
0,494.7
0,495
0,495
0,495
0,494.75
0,494.4
0,494.35
0,494.7
0,494.55
0,494.35
0,494.2
0,494
0,495.05
0,495.5
0,496.85
0,497.9
0,497.6
0,502.15
0,499.65
0,499.95
0,498.25
0,495.95
0,495.6
0,496.55
0,499.2
0,500.15
0,500.1
0,500.3
0,501
0,501.15
0,500.65
0,500.6
0,499.5
0,499.45
0,500.1
0,500.5
0,501.2
0,500.8
0,499.45
0,500.25
0,500.1
0,499.7
0,500.15
0,499.85
0,498.45
0,496.5
0,498.5
0,499.4
0,499.65
0,499.7
0,497.6
0,499.25
0,500.3
0,501
0,499.45
0,499.4
0,497.85
0,496.75
0,498.25
0,497.9
0,496.35
0,497.35
0,496.8
0,496.8
0,497.2
0,496.65
0,497.05
0,497.05
0,498.55
0,499.15
0,499.2
0,498.4
0,497.1
0,496.6
0,497
0,496.95
0,496.8
0,496.7
0,497.05
0,497.15
0,497
0,497.15
0,497.05
0,495.6
0,495.9
0,497.15
0,495.75
0,494.7
0,495.7
0,495.5
0,495.2
0,495.15
0,495.3
0,495.3
0,496.25
0,495.95
0,495.5
0,496.05
0,496.25
0,495.8
0,495.05
0,494.45
0,494.5
0,494.4
0,494.55
0,494.35
0,494.6
0,494.65
0,493.9
0,493.55
0,494.4
0,494.55
0,494.4
0,494
0,493.85
0,493.95
0,493.85
0,493.8
0,494.1
0,494.3
0,493
0,493.7
0,493.85
0,493.8
0,494.2
0,493.95
0,494.35
0,494.1
0,494.4
0,494.5
0,494.4
0,494.55
0,494.35
0,494.1
0,494.25
0,494.6
0,495.05
0,495.75
0,495.25
0,495.3
0,495.3
0,495.6
0,495.6
0,495.5
0,494.9
0,494.4
0,494.4
0,493.75
0,493.95
0,493.75
0,493.7
0,493.8
0,494.45
0,494.35
0,494.35
0,493.25
0,493.45
0,493.05
0,492.65
0,492.8
0,492.35
0,492.6
0,492.1
0,492.55
0,492.3
0,492.15
0,492.25
0,492.25
0,492.7
0,492.6
0,492.4
0,492
0,491.9
0,491.9
0,491.85
0,491.8
0,491.55
0,491.6
0,491.2
0,490.6
0,490.6
0,490.65
0,491
0,491.25
0,490.8
0,490.9
0,491
0,491.5
0,490.95
0,491.05
0,491.6
0,491.2
0,491.35
0,491.5
0,493
0,492.35
0,492.8
0,493.15
0,493
0,493.1
0,493.35
0,493.3
0,493.45
0,493.15
0,493.05
0,492.9
0,493.5
0,493.85
0,493.45
0,493.15
0,493.3
0,493.05
0,493.35
0,493.35
0,493.5
0,493.45
0,494.75
0,494.7
0,495.4
0,495.25
0,495.1
0,495.6
0,495.75
0,495.7
0,495.65
0,496.35
0,496.45
0,496.85
0,496.75
0,496
0,496
0,496.15
0,495.9
0,495.9
0,495.85
0,495.9
0,495.95
0,495.9
0,495.55
0,496.45
0,496.9
0,496.7
0,496.9
0,496.8
0,496.9
0,496.95
0,497.05
0,497.7
0,497.6
0,499.1
0,499.35
0,500.5
0,499.65
0,499.7
0,499.7
0,500
0,498.55
0,498.15
0,498.7
0,497.5
0,497.25
0,497.15
0,497.6
0,497.45
0,497.2
0,497.15
0,497.25
0,497.25
0,497.25
0,496.7
0,496.65
0,496.95
0,496.35
0,496.9
0,496.55
0,496.25
0,496.45
0,497
0,496.6
0,496.8
0,496.75
0,496.7
0,497.05
0,497.1
0,496.95
0,496.7
0,496.8
0,496.6
0,496.5
0,495.8
0,496.05
0,496.3
0,496.25
0,496.3
0,496
0,496.35
0,496.3
0,496.45
0,496.3
0,496.25
0,496.25
0,496
0,496
0,496.4
0,496.45
0,496.5
0,496.7
0,496.3
0,496.45
0,496.4
0,496.7
0,496.85
0,496.8
0,496.75
0,496.65
0,497
0,496.85
0,497.1
0,497.25
0,497.25
0,497.05
0,497.05
0,497.3
0,497.55
0,496.95
0,497.2
0,497.2
0,497.5
0,497.05
0,496.9
0,497.05
0,497.15
0,497.1
0,497.65
0,497.05
0,497.1
0,497.1
0,496.9
0,496.8
0,496.3
0,496.05
0,496.2
0,495.65
0,496.05
0,496
0,496
0,496
0,496.1
0,496.65
0,496.95
0,496.7
0,496.95
0,497.15
0,497.1
0,497.15
0,497.1
0,497.2
0,496.85
0,496.95
0,496.45
0,496.4
0,496.5
0,495.85
0,495.95
0,495.6
0,495.75
0,495.95
0,495.9
0,495.85
0,495.8
0,496.1
0,496.05
0,496.35
0,496.2
0,496.05
0,496.2
0,495.55
0,496
0,496.1
0,496.4
0,496.8
0,497.4
0,497.35
0,497.9
0,497.7
0,497.25
0,497.6
0,498.1
0,498.1
0,498.2
0,498.55
0,499.55
0,499.75
0,499.5
0,499.6
0,499.6
0,499.85
0,500.3
0,500.25
0,500.8
0,501.1
0,499.85
0,499.8
0,499.7
0,499
0,499.15
0,499.15
0,499.35
0,499.4
0,499.85
0,500.05
0,499.9
0,500.6
0,500.7
0,500.4
0,500.7
0,500.6
0,501.1
0,501.3
0,501.4
0,501.5
0,501.3
0,501.3
0,501.1
0,501.4
0,501.5
0,502.3
0,502.4
0,502.1
0,501.8
0,501.7
0,501.6
0,502
0,505.3
0,626.7
0,512.3
0,505.7
0,505.8
0,504.9
0,503.9
0,504.3
0,504.7
0,506.6
0,508.5
0,508
0,504.9
0,505.2
0,504.1
0,504
0,503.9
0,505.6
0,506.1
0,504.6
0,508.5
0,507.9
0,508.7
0,509.4
0,508
0,507.3
0,507.3
0,506.9
0,505.5
0,506.1
0,506.6
0,507.5
0,507.4
0,507.2
0,507.9
0,507.7
0,508.2
0,507.6
0,506.5
0,505.5
0,504.5
0,503.6
0,503.5
0,503.6
0,504
0,504.3
0,503.2
0,502.8
0,502.8
0,503.3
0,502.8
0,501.9
0,502.4
0,503
0,503.2
0,504.3
0,504.4
0,504.1
0,503.6
0,503
0,503.2
0,503.6
0,503.5
0,503.3
0,502.9
0,502.1
0,502.2
0,501.8
0,501.4
0,501.8
0,501.7
0,502
0,501.7
0,501.9
0,502.3
0,501.9
0,500.9
0,501.8
0,501.2
0,500.8
0,502
0,501.8
0,501.9
0,501.8
0,500.9
0,501.6
0,501.7
0,501.8
0,501.9
0,501.8
0,502.2
0,501.7
0,502.3
0,501.8
0,502
0,501.4
0,501.4
0,502.1
0,502.1
0,502.2
0,502.5
0,501.4
0,501.4
0,501.6
0,501.6
0,502.2
0,502.2
0,502
0,501.8
0,502.2
0,502.2
0,501.7
0,501.9
0,501.5
0,501.2
0,500.3
0,501
0,501.3
0,501.1
0,500.7
0,500.8
0,501.2
0,501.1
0,500.8
0,500.8
0,500.5
0,500.4
0,500.4
0,501.2
0,500.5
0,501.6
0,501.7
0,501.5
0,500.9
0,501.2
0,501.3
0,501.5
0,501.6
0,502.6
0,502.2
0,501.8
0,501.9
0,501.8
0,501.8
0,501.6
0,501
0,500.8
0,501
0,500.4
0,500.8
0,500.7
0,500.9
0,500.7
0,501.9
0,502.9
0,502.6
0,501.9
0,502.7
0,502.9
0,502.8
0,502.8
0,502.9
0,502.8
0,503.5
0,504.2
0,505
0,505.1
0,505.1
0,505
0,504.9
0,504.7
0,505
0,504.8
0,504.7
0,505
0,504.5
0,504.5
0,504
0,504.9
0,505.5
0,506.4
0,507.1
0,506.7
0,506.1
0,506.2
0,506.1
0,505.9
0,506.1
0,506.1
0,506
0,506.6
0,507.6
0,507.7
0,507.3
0,507.7
0,507.6
0,507.7
0,507.6
0,507.7
0,507.6
0,507.3
0,507.3
0,508.1
0,508.2
0,507.7
0,507.8
0,507.7
0,508.2
0,508
0,508.5
0,508.2
0,508.4
0,508.4
0,508.2
0,508
0,508.8
0,508.9
0,509.1
0,509.3
0,509.7
0,509.6
0,509.8
0,509.7
0,509.8
0,509.5
0,509.5
0,509
0,509.2
0,509.3
0,509.3
0,509.4
0,509.1
0,509
0,508.9
0,508.9
0,509.5
0,509.5
0,509.5
0,509.3
0,509.3
0,509.1
0,509
0,509.1
0,509.5
0,509.7
0,509.8
0,510.4
0,510.2
0,510.2
0,511.1
0,512.1
0,512.6
0,512.3
0,512.6
0,512.8
0,512.4
0,512.3
0,512
0,512.1
0,512
0,511.5
0,511.2
0,511.4
0,512.1
0,512.3
0,512.6
0,512.9
0,513.2
0,512.1
0,512
0,511.8
0,510.8
0,510.8
0,511.3
0,511.6
0,511.8
0,511.8
0,512.4
0,512.5
0,512.9
0,512.5
0,512.4
0,512.9
0,513.2
0,512.8
0,513.6
0,513.8
0,514
0,513.8
0,513.7
0,513.3
0,513.8
0,513.4
0,513.9
0,513.2
0,513.6
0,514
0,514.4
0,514.4
0,514.2
0,514.1
0,514.5
0,514.6
0,515.1
0,514.9
0,515.1
0,514.9
0,514.9
0,515.2
0,514.7
0,515.4
0,515.7
0,516.1
0,516.6
0,517.1
0,517.1
0,517
0,517.3
0,517.3
0,517.1
0,516
0,516.3
0,516.5
0,516.8
0,516.8
0,516.5
0,517.7
0,518.2
0,518
0,518.3
0,518.3
0,517.8
0,517.7
0,518.1
0,518
0,517.8
0,517.4
0,517.1
0,517.2
0,517.1
0,517.9
0,518.6
0,518.5
0,518.7
0,520.4
0,520.1
0,520
0,519.1
0,519.2
0,518.6
0,518.2
0,518.7
0,518.8
0,519.1
0,519.4
0,519.6
0,520.1
0,520
0,519.6
0,520.4
0,520.3
0,520.1
0,519.9
0,519
0,518.8
0,518.3
0,518
0,517.5
0,518.4
0,517.6
0,518.1
0,517.6
0,517.8
0,516.4
0,517.4
0,517.5
0,517.9
0,517.7
0,517.9
0,517
0,517.8
0,516.8
0,517.5
0,515.4
0,514.9
0,514.7
0,514.5
0,515
0,515
0,515.1
0,515.3
0,515.4
0,515.3
0,515.3
0,515.7
0,515.7
0,515.5
0,515.3
0,515.4
0,515.1
0,515.3
0,515.5
0,515.2
0,514.2
0,514.9
0,515.3
0,515.3
0,515.9
0,516.1
0,516.5
0,516.5
0,516.1
0,516.3
0,516.1
0,516.1
0,517.3
0,517.3
0,517.1
0,516.8
0,517.1
0,517.1
0,516.9
0,517.1
0,516.9
0,516.9
0,516.3
0,516.5
0,516.3
0,516.9
0,516.3
0,516.7
0,562.7
0,563.1
0,521.4
0,563.3
0,564
0,522.6
0,523.3
0,518.1
0,521.2
0,523
0,523.7
0,520.7
0,520.6
0,520.8
0,521
0,521.9
0,520.9
0,521
0,521.3
0,520.5
0,519.9
0,519
0,519.7
0,519.7
0,519.3
0,519.8
0,519.9
0,518.6
0,519.5
0,519.4
0,518.5
0,518.4
0,517.9
0,518.5
0,518.6
0,518.8
0,518.9
0,519.8
0,519.4
0,518.6
0,519
0,518.7
0,518.5
0,518
0,518.2
0,518.9
0,519.2
0,519.2
0,519.3
0,519.7
0,519.8
0,519.9
0,519.7
0,520.2
0,521.2
0,521.5
0,521.7
0,520.9
0,521.3
0,521.4
0,522.4
0,522.1
0,522.3
0,523.1
0,523.8
0,523.8
0,524.1
0,523.9
0,523.6
0,523.4
0,524
0,524.3
0,524.5
0,524.4
0,524.6
0,524.5
0,524.2
0,524.9
0,524.7
0,525.6
0,526.3
0,526.1
0,526.2
0,526.1
0,526.1
0,526.1
0,526.3
0,525.9
0,526
0,526.5
0,526.3
0,524.6
0,524.1
0,522.9
0,523.6
0,523.6
0,523.1
0,523.2
0,522.9
0,522.9
0,523.9
0,523.9
0,523.5
0,523.7
0,523.4
0,523
0,522.3
0,521.4
0,522
0,522.4
0,522.7
0,522.5
0,523.3
0,523.6
0,524.2
0,524.2
0,524.4
0,524.6
0,525.4
0,524.8
0,523.7
0,523.2
0,522.3
0,522.2
0,522
0,523.1
0,522.8
0,521.7
0,521.7
0,522.2
0,522.9
0,522.4
0,522.8
0,522.7
0,522.5
0,523.4
0,523.3
0,523.2
0,523.4
0,523.4
0,523.2
0,523.1
0,523.4
0,523.5
0,523.3
0,523.3
0,523.4
0,523.3
0,523.8
0,524.7
0,524.6
0,524.6
0,524.5
0,524.8
0,525.6
0,525.6
0,525.9
0,525.9
0,525.9
0,526.7
0,526.9
0,527.3
0,527.4
0,527.1
0,526.8
0,527.6
0,527.5
0,528.1
0,526.8
0,526.9
0,527.2
0,527.1
0,526.6
0,526.6
0,526.9
0,527
0,526.2
0,526.1
0,526.3
0,526.4
0,526.5
0,525.6
0,526
0,526.1
0,526
0,526.2
0,526.2
0,526.5
0,526.6
0,526.7
0,526.6
0,526.1
0,526.4
0,526.3
0,526
0,526
0,526.2
0,526.2
0,526
0,526
0,526.2
0,526.4
0,526.5
0,526.3
0,526.4
0,525.2
0,526.2
0,526.5
0,526.5
0,526.1
0,525.2
0,524.9
0,524.8
0,525.2
0,525.1
0,525.2
0,524.9
0,523.9
0,524.1
0,523.8
0,523.6
0,523.9
0,524
0,523.9
0,524.2
0,524.8
0,524.7
0,524.5
0,524.5
0,524.6
0,524.8
0,525.3
0,525.6
0,524.9
0,525.1
0,525.8
0,526.2
0,526.3
0,526.2
0,525.8
0,526.4
0,525.8
0,525.8
0,526.2
0,526.2
0,525.7
0,525.6
0,525.3
0,525.3
0,525.4
0,525.7
0,526
0,525.4
0,525.7
0,525.2
0,524.7
0,524.5
0,524.2
0,524.2
0,524.3
0,523.8
0,524.4
0,524.5
0,524.7
0,524.2
0,524.6
0,524.4
0,524.6
0,524.8
0,525.1
0,524.9
0,524.8
0,524.7
0,524.3
0,524.1
0,523.8
0,523.7
0,523.9
0,524.4
0,524.2
0,523.9
0,524.3
0,524.6
0,525.2
0,525.3
0,525.6
0,525.7
0,525.5
0,524.6
0,525.4
0,524.9
0,524.9
0,525
0,524.9
0,524.9
0,524.6
0,525.2
0,525
0,524.9
0,524.5
0,523.8
0,523.6
0,523.7
0,523.7
0,523.7
0,522.9
0,523.7
0,523.6
0,523.8
0,523.4
0,523.1
0,524.1
0,523.4
0,523.5
0,522.9
0,522.8
0,522.8
0,523.2
0,523
0,523.4
0,523.4
0,522.7
0,522.8
0,523
0,524.6
0,524.7
0,524.8
0,524.4
0,524.6
0,525.1
0,524.6
0,524.9
0,524.9
0,524.6
0,525
0,524.5
0,524.3
0,524.5
0,524.5
0,524.7
0,524.5
0,524
0,524.2
0,524.3
0,524.6
0,524.5
0,524.3
0,524.9
0,525.1
0,525.7
0,525.9
0,525.7
0,525.6
0,525.7
0,525.7
0,525.5
0,525.5
0,525.6
0,525.5
0,525.7
0,526.2
0,526
0,525.8
0,525.9
0,525.8
0,525.9
0,525.6
0,525.5
0,525.3
0,524.6
0,525.1
0,525.4
0,525
0,524.8
0,524.2
0,524.2
0,523.9
0,523.7
0,523.1
0,523.3
0,523.5
0,523.6
0,523.5
0,523.3
0,523.6
0,523.5
0,523.7
0,523
0,522.8
0,523
0,522.7
0,523.1
0,523.6
0,524.1
0,524.1
0,524.4
0,524.6
0,524.8
0,524.6
0,524.5
0,523.7
0,523.9
0,524.6
0,524.5
0,524.8
0,524.3
0,524.3
0,524.2
0,524
0,523.9
0,523.8
0,524.1
0,524
0,524.2
0,524.1
0,524.3
0,524.9
0,525
0,524.6
0,524
0,524.3
0,524.7
0,524.9
0,525.2
0,525.1
0,525.3
0,525.3
0,521.1
0,521.5
0,521.2
0,521.4
0,521.2
0,521.5
0,520.9
0,520.5
0,520.7
0,520.4
0,518.9
0,519.6
0,519.1
0,519
0,519.1
0,520.9
0,520.5
0,522.3
0,522.4
0,522.3
0,522.8
0,524.7
0,525.1
0,525.7
0,525.4
0,525.5
0,524.9
0,524.7
0,525.4
0,526
0,525.6
0,524.9
0,524.6
0,523
0,522.3
0,521.8
0,521.4
0,521.1
0,520.8
0,520.7
0,521.9
0,521.8
0,523
0,522.8
0,522.2
0,523.7
0,523.5
0,523.4
0,524.3
0,523.6
0,522.9
0,523.8
0,524.2
0,524.5
0,523.4
0,523.6
0,523.7
0,524.1
0,524.4
0,524.3
0,523.8
0,523.6
0,523.6
0,524.2
0,524.2
0,524.3
0,524.6
0,524.5
0,524.5
0,525.2
0,525.5
0,526
0,525.9
0,525.2
0,524.9
0,524.6
0,524.9
0,525.5
0,525.7
0,525.5
0,524.6
0,524.8
0,525.1
0,525.2
0,525.2
0,525.2
0,525.9
0,525.9
0,525.8
0,526.7
0,526.2
0,524.2
0,525.1
0,524.8
0,524.7
0,524.3
0,523.9
0,524.2
0,524.1
0,523.8
0,523.7
0,523.8
0,523.6
0,523.3
0,523
0,523.6
0,523.7
0,523
0,523
0,523.2
0,523.2
0,523.1
0,523.3
0,523
0,522.4
0,522.9
0,523.1
0,523.1
0,523.2
0,522.5
0,522.4
0,521.9
0,522.2
0,522.1
0,521.8
0,521.7
0,521.3
0,521.9
0,521.9
0,521.6
0,521.5
0,521.9
0,521.8
0,521.5
0,521.6
0,521.4
0,521.4
0,521.3
0,520.8
0,521
0,521.3
0,521.2
0,520.1
0,520.4
0,520.6
0,520.4
0,520.1
0,520.6
0,520.3
0,519.4
0,519.8
0,519.9
0,520
0,519.9
0,520
0,520.5
0,520.6
0,520.5
0,520.9
0,521
0,520.8
0,521.2
0,521.3
0,521.6
0,521.3
0,520.7
0,521.2
0,521
0,520.8
0,520
0,519.3
0,519.2
0,519.1
0,518.9
0,518.4
0,518.8
0,519.1
0,518.8
0,518.4
0,519
0,519.1
0,519.4
0,519.8
0,519.9
0,520.3
0,520.8
0,520.6
0,520
0,520.1
0,519.6
0,519.3
0,520
0,519.8
0,520
0,519.8
0,520.1
0,519.9
0,519.8
0,519.8
0,520
0,520.9
0,520.8
0,520.9
0,520.9
0,520.8
0,520.6
0,521.8
0,521.9
0,522.4
0,522.6
0,522.2
0,521.8
0,522.1
0,522.5
0,522.6
0,522.9
0,523.1
0,522.8
0,522.7
0,522.8
0,523.7
0,523.4
0,524.1
0,524.1
0,523.7
0,524.7
0,525.1
0,524.4
0,523.9
0,524.1
0,523.6
0,523.5
0,523.4
0,523.3
0,523.4
0,523.4
0,523.6
0,524
0,524.1
0,523.5
0,523.7
0,523.2
0,523.1
0,523.4
0,523.2
0,523.1
0,523.1
0,523.1
0,523.5
0,523.8
0,523.6
0,523.7
0,524.9
0,524.5
0,524.3
0,523.6
0,523.3
0,522.8
0,523
0,522.9
0,522.9
0,523.1
0,522.6
0,522.9
0,523.4
0,523.4
0,523.2
0,523.5
0,523.4
0,523.7
0,524.3
0,524.6
0,524.2
0,523.7
0,523.6
0,523.5
0,523.6
0,523.5
0,523.5
0,523.4
0,523.1
0,522.6
0,523
0,522.5
0,522.7
0,522.6
0,522.5
0,522.3
0,522.5
0,522.6
0,523.4
0,522.7
0,523
0,522.7
0,522.8
0,522.7
0,522.5
0,522.5
0,522.5
0,522.4
0,522.7
0,523
0,522.8
0,522.6
0,522
0,521.9
0,522
0,522.2
0,521.8
0,522.3
0,522.2
0,522.3
0,522
0,522.1
0,522.2
0,522.4
0,522.3
0,521.7
0,521.6
0,521.7
0,521.6
0,521.5
0,521.5
0,521.5
0,521.5
0,521.8
0,521.9
0,522.1
0,522.1
0,522.5
0,522.5
0,522.4
0,522.5
0,522.1
0,522.3
0,522.3
0,522.2
0,522
0,522
0,522.3
0,522.3
0,522
0,521.9
0,521.8
0,521.9
0,522.4
0,522.5
0,522.8
0,523.1
0,522.9
0,522.5
0,522.7
0,523
0,522.8
0,522.9
0,522.9
0,523.1
0,522.9
0,523
0,523.1
0,522.6
0,521.5
0,521.8
0,521.9
0,522.1
0,522
0,522.1
0,522.1
0,522.1
0,522.3
0,522.4
0,522.3
0,522.3
0,522.8
0,522.7
0,522.8
0,522.9
0,522.9
0,523.1
0,523
0,522.9
0,523
0,522.9
0,522.8
0,522.5
0,522.5
0,522.5
0,522.6
0,522.4
0,522.7
0,522.7
0,522.6
0,523.2
0,523
0,523.2
0,522.9
0,523.8
0,524.2
0,524.1
0,524.4
0,524.6
0,524.5
0,524.5
0,524.8
0,524.8
0,524.7
0,524.6
0,525
0,525.1
0,524
0,523.6
0,523.9
0,523.6
0,524
0,523.5
0,523.7
0,523.3
0,523.4
0,522.9
0,522.3
0,522.3
0,525.5
0,525.2
0,526.4
0,527.4
0,529.5
0,527.7
0,527.6
0,527.5
0,527.4
0,526.9
0,526.6
0,526.7
0,527.1
0,526.5
0,526.9
0,526.3
0,527.1
0,527.9
0,527.2
0,526.9
0,527.5
0,527.3
0,527.8
0,528.5
0,528.7
0,529.2
0,529.3
0,529
0,528.9
0,528.3
0,528.9
0,528.8
0,528.9
0,529.3
0,529.8
0,530
0,530.7
0,531.2
0,531
0,530.1
0,530
0,532.3
0,533
0,533.1
0,534.2
0,533.3
0,533.8
0,534.4
0,534.6
0,534.2
0,535.1
0,535.4
0,534.9
0,534.4
0,534.9
0,535.1
0,535.2
0,535.5
0,536
0,534.3
0,532.2
0,532.9
0,533.2
0,532.7
0,533.4
0,534
0,533.8
0,533.9
0,534.4
0,534.3
0,532.1
0,533.4
0,532.7
0,532.6
0,532.4
0,533
0,533.3
0,533.5
0,532.7
0,532.1
0,532.1
0,532.4
0,532
0,532.4
0,532.2
0,531.9
0,532.7
0,532.8
0,532.6
0,532.4
0,532.3
0,532.2
0,532.1
0,532.2
0,532.2
0,532.4
0,532.4
0,532.5
0,532.1
0,531.7
0,531.4
0,529.8
0,529.7
0,530
0,529.7
0,530
0,530.2
0,530.5
0,530.3
0,530.3
0,529.9
0,530.5
0,530.6
0,530.5
0,530.3
0,530.2
0,530.2
0,530.4
0,530.1
0,530.5
0,530.6
0,530.6
0,530.6
0,530.8
0,531.3
0,531.1
0,531.9
0,531.4
0,531.2
0,531.3
0,531.2
0,531
0,531.3
0,531.2
0,530.9
0,530.1
0,530.4
0,530.2
0,530.2
0,530.4
0,530.4
0,530.9
0,530.7
0,530.9
0,531.5
0,531.4
0,532
0,531.8
0,532.4
0,532.5
0,532.2
0,533.1
0,533.7
0,533.5
0,533.8
0,534.8
0,534.9
0,535.5
0,534.7
0,534.9
0,535
0,535.3
0,536
0,535.8
0,535.8
0,535.7
0,534.7
0,533.9
0,533.8
0,533.5
0,534
0,533.7
0,534.1
0,533.2
0,532.7
0,532.1
0,533
0,532.8
0,531.4
0,532.6
0,532.7
0,533.5
0,532.8
0,533.1
0,532.9
0,534
0,533.6
0,533.5
0,534.5
0,535.3
0,535.5
0,535.6
0,535.9
0,535.5
0,535.8
0,536.2
0,535.5
0,535.9
0,535.9
0,536.5
0,536.1
0,535.5
0,535.8
0,535.9
0,535.4
0,535.7
0,535.9
0,535.5
0,535.4
0,535.6
0,535
0,536.4
0,536.4
0,535.4
0,534.5
0,535.3
0,536.2
0,537
0,536.8
0,535.9
0,536.4
0,536.5
0,536.7
0,536.7
0,536.7
0,536.9
0,537
0,536.3
0,536.7
0,536.8
0,536.7
0,536.6
0,536.4
0,537
0,535.7
0,535.8
0,535.3
0,535.4
0,535.8
0,535.6
0,536.4
0,536.5
0,535.8
0,536.1
0,536.1
0,536.4
0,536.5
0,536.7
0,536.5
0,536.6
0,535.9
0,534.8
0,535.1
0,535.3
0,535.4
0,535.1
0,535.3
0,535.6
0,535.5
0,535.8
0,535.9
0,536
0,535.9
0,536.3
0,535.6
0,535.9
0,536
0,536.1
0,535.9
0,535.8
0,535.9
0,535.8
0,536
0,535.5
0,535.4
0,535
0,535
0,535.1
0,535.3
0,535.5
0,535.8
0,535.7
0,535.6
0,535.6
0,535.6
0,535.5
0,535.9
0,535.8
0,535.7
0,535.7
0,535.7
0,536
0,535.5
0,535.8
0,535.1
0,535.3
0,535.5
0,535.6
0,535.1
0,535.1
0,535.1
0,535.2
0,535.3
0,535.4
0,534.9
0,535.1
0,534.7
0,534.9
0,535
0,534.6
0,534.9
0,535.1
0,535
0,535.5
0,535.6
0,535.4
0,535.7
0,535.9
0,535.5
0,535.2
0,535.6
0,535.5
0,536.4
0,536.1
0,535.5
0,535.6
0,535.8
0,535.5
0,535.7
0,535.8
0,535.7
0,535.7
0,536
0,535.9
0,535.8
0,535.6
0,535.7
0,536
0,536.3
0,536.6
0,536.6
0,536
0,535.6
0,535.6
0,535.7
0,536
0,535.8
0,535.8
0,535.9
0,536.6
0,536.9
0,536.6
0,536
0,536.2
0,536.2
0,536.3
0,536.4
0,536.3
0,536.3
0,536.7
0,536
0,536.8
0,536.7
0,536.9
0,536.7
0,537.9
0,537.4
0,537.1
0,538.2
0,537.2
0,537.3
0,537.1
0,536.5
0,536.5
0,536.2
0,536
0,535.9
0,536.4
0,536.3
0,536.3
0,535.4
0,535.6
0,535.9
0,535.8
0,535.9
0,535.2
0,535.8
0,535.7
0,535.6
0,535.7
0,535.7
0,535.8
0,536.2
0,536.3
0,536.4
0,536.2
0,536.2
0,536.1
0,536.4
0,536.5
0,536.6
0,536.7
0,536.8
0,537.1
0,537.1
0,537.8
0,537.4
0,537.8
0,538.1
0,538.4
0,538.5
0,538.3
0,538.3
0,538.7
0,539.2
0,539.3
0,538.7
0,538.8
0,539.5
0,539.3
0,539.3
0,539.4
0,539.5
0,539.7
0,539.9
0,539.8
0,540.1
0,540
0,540.1
0,540
0,540.1
0,540.1
0,540
0,540.1
0,540.1
0,540.3
0,540.4
0,540.4
0,540.6
0,540.8
0,540.9
0,541.4
0,541.3
0,539.3
0,539.1
0,508.8
0,508.8
0,508.8
0,531.5
0,533.4
0,532.1
0,533.8
0,533.5
0,531.8
0,530.9
0,530.6
0,529.5
0,529.4
0,529.5
0,531.4
0,531.8
0,531
0,529.4
0,531
0,530.5
0,530.2
0,530.2
0,530
0,529.8
0,529.9
0,531.9
0,531.1
0,532.6
0,532.9
0,533
0,532.5
0,532.1
0,531.9
0,533.1
0,532
0,532.3
0,531.6
0,531.8
0,531.4
0,529.7
0,530
0,533.2
0,533.4
0,534.8
0,532.9
0,532.2
0,532.3
0,531.4
0,531.2
0,531.1
0,531
0,529.8
0,529.7
0,529.8
0,529.9
0,528.7
0,528.9
0,529
0,529.1
0,528.6
0,528.7
0,528.6
0,528.6
0,528.4
0,528.1
0,528.2
0,528.4
0,527.6
0,526.9
0,526.4
0,525.8
0,525.7
0,525.9
0,525.8
0,526.1
0,525.4
0,524.8
0,524.9
0,525.2
0,525.3
0,525.2
0,525
0,525.2
0,525
0,524.9
0,525
0,524.8
0,524.4
0,524.7
0,524.4
0,523.9
0,523.8
0,523.7
0,522.2
0,521.4
0,521.3
0,521.2
0,521.1
0,520.9
0,520.3
0,520
0,520.4
0,519.6
0,519.3
0,519.1
0,518.9
0,518.7
0,518.5
0,518
0,518
0,518.2
0,518.2
0,518.2
0,518.4
0,519.4
0,519.1
0,519.1
0,519.2
0,518.1
0,517.6
0,517.9
0,518.1
0,518.2
0,518.3
0,518.2
0,518.3
0,518.6
0,518.7
0,519.2
0,519.7
0,519.5
0,518.9
0,518.8
0,517.8
0,517.6
0,517.5
0,517.1
0,517.3
0,518.4
0,518
0,518.2
0,518.5
0,519.6
0,519.7
0,520.4
0,520.9
0,520.6
0,520
0,520.3
0,521.1
0,521.7
0,521.1
0,521.3
0,520.9
0,520.9
0,520.9
0,520
0,520.2
0,520.3
0,520.7
0,519.9
0,519.7
0,520
0,520
0,520.1
0,520.3
0,520.3
0,521.2
0,520.4
0,520.4
0,520.1
0,520.7
0,520.1
0,520.6
0,520.4
0,519.9
0,520
0,520.4
0,520.9
0,521
0,520.8
0,521.1
0,521.7
0,521.5
0,520.8
0,521.7
0,521.5
0,521.6
0,521
0,521.2
0,521.3
0,521.4
0,520.7
0,520.6
0,520.4
0,520.2
0,520.8
0,520.8
0,520.4
0,520.3
0,520.5
0,520.7
0,520.8
0,520.9
0,520.7
0,520.2
0,520.2
0,520.2
0,520.5
0,520.2
0,520
0,520
0,519.8
0,519.7
0,519.9
0,519.8
0,520
0,519.9
0,519.7
0,519.9
0,519.5
0,519.7
0,519.3
0,519.3
0,519.2
0,519.6
0,519.2
0,519.2
0,519.1
0,519.1
0,518.9
0,518.9
0,518.5
0,518.4
0,519.5
0,519.1
0,519.2
0,519.4
0,519.3
0,519.3
0,519.3
0,519.4
0,520.1
0,520.1
0,520
0,519.7
0,519.5
0,519.7
0,519.7
0,519.5
0,519.5
0,519.7
0,519.4
0,519.5
0,519.5
0,519.6
0,520.3
0,520.3
0,520
0,519.9
0,519.8
0,519.7
0,519.7
0,519.8
0,519.5
0,519.7
0,519.5
0,519.5
0,520.3
0,520.2
0,519.7
0,519.9
0,520
0,520.1
0,520.1
0,521.2
0,520.7
0,520.9
0,521.3
0,521.5
0,522.2
0,522.1
0,522.8
0,523.2
0,523.4
0,523.3
0,523.6
0,523.5
0,523.5
0,523.3
0,523.3
0,523.5
0,522.8
0,522.9
0,523.3
0,523.4
0,523.4
0,523.6
0,524.2
0,524.6
0,524.8
0,524.9
0,525
0,525.5
0,525.6
0,525.3
0,525
0,525.2
0,524.9
0,524.7
0,524.7
0,524.7
0,524.7
0,524.6
0,525.3
0,525.1
0,525
0,525.5
0,525.6
0,525.7
0,525.3
0,525.4
0,525.6
0,525.5
0,525.9
0,525.7
0,525.6
0,525.7
0,525.6
0,525
0,525.1
0,525.1
0,524.8
0,525.2
0,525.3
0,525.4
0,525.4
0,525.8
0,525.9
0,525.9
0,525.7
0,525.3
0,525
0,525
0,525.2
0,524.9
0,524.9
0,524.9
0,525.3
0,525.4
0,525.3
0,525
0,525.2
0,525.2
0,525.2
0,525.2
0,525.2
0,525.2
0,525.6
0,525.6
0,526
0,527.3
0,527.7
0,530.2
0,530.3
0,530.3
0,530.5
0,530.6
0,532.8
0,531.1
0,532.3
0,532.3
0,530.6
0,531.7
0,531.6
0,528.5
0,529.6
0,530.2
0,530.8
0,530.1
0,531.2
0,531.1
0,530.9
0,530.6
0,531
0,529.9
0,529.3
0,528.3
0,526.6
0,526.1
0,526.6
0,526.9
0,527.7
0,528.6
0,529.3
0,529.5
0,529.9
0,528.7
0,527.9
0,527.3
0,526.2
0,526
0,526.1
0,526.1
0,526.4
0,524.2
0,523.8
0,524.5
0,524.1
0,524.9
0,524.2
0,524.2
0,524.9
0,524.8
0,523.7
0,523.2
0,523.2
0,523.2
0,522.1
0,521.6
0,521.2
0,521
0,521.9
0,521.4
0,521.6
0,522.9
0,523.1
0,523.6
0,523.8
0,523.1
0,524
0,524
0,524.3
0,525.3
0,524.8
0,525.8
0,525.7
0,525.5
0,525.7
0,525.4
0,525.5
0,525.3
0,525.5
0,525.5
0,527.9
0,528.4
0,528.3
0,527.7
0,527.8
0,528.5
0,528.8
0,528.6
0,528.7
0,528.9
0,528.5
0,528.7
0,527.9
0,528.6
0,528.5
0,528.8
0,529.6
0,529.6
0,529.6
0,528.9
0,529.6
0,529.7
0,529.9
0,530
0,529.3
0,529.5
0,529.3
0,530
0,530.5
0,530.6
0,530.7
0,529.9
0,530
0,529.8
0,530.5
0,529.9
0,530.1
0,530
0,529.5
0,528.3
0,528.2
0,527.7
0,528
0,528
0,528.7
0,527.4
0,527.7
0,527.6
0,527.8
0,527.9
0,527.9
0,527.9
0,527.8
0,528.2
0,528.6
0,528.1
0,527.9
0,528.4
0,528.3
0,527.9
0,527.4
0,527.8
0,528.3
0,528.5
0,529.1
0,528.6
0,528.7
0,528.9
0,528.1
0,528.1
0,528.2
0,528.6
0,528.5
0,528.4
0,527.6
0,527.4
0,527.4
0,527.8
0,528.1
0,528
0,527.5
0,527.9
0,528.2
0,528
0,528.2
0,527.6
0,527.8
0,528.2
0,528.4
0,528.2
0,527.5
0,527.7
0,528.1
0,527.9
0,527.6
0,527
0,526.3
0,526.6
0,526.7
0,527.2
0,526.5
0,526.9
0,526.7
0,526.6
0,525.6
0,526
0,526.5
0,526.6
0,525.7
0,526.6
0,526.3
0,526.7
0,526.6
0,527
0,527.1
0,527
0,526.8
0,526.9
0,526.7
0,526.5
0,526.4
0,526.6
0,528.5
0,529.4
0,529.4
0,528.7
0,529.6
0,529.9
0,529.5
0,529.7
0,529.9
0,529.6
0,529.7
0,529.7
0,529.5
0,529.5
0,529.7
0,529.9
0,529.9
0,528.9
0,529.6
0,536.4
0,534.1
0,532.5
0,532.7
0,531.7
0,531.4
0,532.1
0,531.9
0,531.9
0,531.7
0,530.8
0,530.5
0,530.1
0,529.8
0,529.9
0,529.9
0,529.8
0,529
0,529.1
0,529.5
0,528
0,527.7
0,528.2
0,528.1
0,529.2
0,529.4
0,529.2
0,529.3
0,529.4
0,528.7
0,528.5
0,528.8
0,528.1
0,528.1
0,527.5
0,527.1
0,527.7
0,527.5
0,527.3
0,527.5
0,527.4
0,527.4
0,527.4
0,527.4
0,528.2
0,528
0,528.1
0,528.2
0,528.1
0,528.4
0,528.7
0,528
0,527.7
0,527.2
0,527.1
0,527
0,527.1
0,527.4
0,527.3
0,528.2
0,528
0,527.8
0,527.8
0,528
0,527.9
0,527.3
0,528
0,528.4
0,527.9
0,527.8
0,528.3
0,528.4
0,528.9
0,528.8
0,528.5
0,528.7
0,529.3
0,528.6
0,529.3
0,529.6
0,529.9
0,530.7
0,530.9
0,531.3
0,531.5
0,530.8
0,530.4
0,530.8
0,531.1
0,531.2
0,530.8
0,530.5
0,530.8
0,530.6
0,530.5
0,530.7
0,530.8
0,531.2
0,531.3
0,531.9
0,531.1
0,531.5
0,531.5
0,531.8
0,532.2
0,532.4
0,532.1
0,531.9
0,532.4
0,532.7
0,533.2
0,533.1
0,532.8
0,532.7
0,532.4
0,532.4
0,532.6
0,532.9
0,532.3
0,532.2
0,531.9
0,531.2
0,531.3
0,531.9
0,532.1
0,532.1
0,532.1
0,531.5
0,531.3
0,531.1
0,531.2
0,530.2
0,529.9
0,530
0,529.6
0,529.7
0,529.2
0,529.4
0,529.7
0,529.8
0,528.7
0,529.3
0,529.5
0,529.3
0,529.1
0,530
0,530.2
0,529.8
0,530.5
0,530.6
0,531.2
0,530.9
0,531.5
0,532.3
0,532.3
0,532.1
0,532.1
0,532.3
0,532.5
0,532.4
0,532.5
0,533.1
0,533.2
0,533.4
0,533.4
0,532.8
0,532.7
0,532.8
0,532.9
0,533.1
0,533.2
0,532.9
0,532.6
0,532.1
0,532.5
0,532.4
0,532.5
0,533
0,532.7
0,532.7
0,532.9
0,532.9
0,533.1
0,533.3
0,533.1
0,532.7
0,532.9
0,532.8
0,532.8
0,532.9
0,533
0,532.7
0,533.2
0,532.9
0,533.1
0,533.1
0,533.1
0,533.1
0,532.9
0,533
0,533.1
0,533.1
0,533.3
0,533.1
0,542.3
0,542
0,536.8
0,536.3
0,533.9
0,534.4
0,534.4
0,533.9
0,533.9
0,533.5
0,534.4
0,535.4
0,535.5
0,534.5
0,534.1
0,534.8
0,534.5
0,533
0,533.5
0,533.7
0,534.1
0,533.5
0,533.2
0,533.3
0,533.1
0,533.5
0,534.3
0,534.6
0,533.8
0,534
0,535.9
0,537.8
0,537.7
0,538.6
0,539
0,539.6
0,539.7
0,540.7
0,538.8
0,540.8
0,541.3
0,541.7
0,542
0,542.2
0,542.3
0,542.1
0,541.8
0,543.7
0,542.9
0,542.6
0,541.5
0,541.7
0,541.2
0,541.8
0,541.9
0,542.1
0,542.3
0,541.1
0,541.2
0,540.4
0,540
0,539.9
0,539.2
0,539.5
0,538.4
0,538.1
0,538.2
0,538.2
0,537.3
0,537.8
0,539
0,538.6
0,538.4
0,537.2
0,536.5
0,537
0,537
0,536.4
0,536.1
0,536.1
0,536
0,535.8
0,535.5
0,535.1
0,536.5
0,536.3
0,536.7
0,536.8
0,537
0,536.5
0,537.2
0,537.2
0,536.9
0,536.8
0,536.5
0,536.3
0,535.7
0,536.3
0,536.4
0,536.3
0,535.8
0,536.2
0,536.1
0,536.3
0,536.4
0,536.6
0,537.2
0,538.2
0,539.9
0,539.5
0,540.1
0,541.4
0,541.2
0,541.8
0,540.9
0,541
0,542.7
0,543
0,543
0,542.5
0,542.8
0,543
0,543.2
0,542.9
0,543.5
0,543.4
0,543.3
0,544.8
0,546.2
0,545.5
0,544.4
0,543.7
0,543.5
0,542.8
0,542.6
0,544.9
0,544.9
0,544.8
0,544.4
0,544.1
0,544.1
0,543.9
0,543.8
0,544
0,543.5
0,542.6
0,542.3
0,542.3
0,542.2
0,542.5
0,542.7
0,543.3
0,543.1
0,543.2
0,543.7
0,543.7
0,542.9
0,543.1
0,543
0,542.8
0,542.8
0,543
0,542.6
0,542.1
0,541.7
0,542
0,541.9
0,542.7
0,542.7
0,542.8
0,542.7
0,542.9
0,542.9
0,543
0,543.1
0,542.9
0,542.7
0,542.9
0,543
0,543.1
0,543
0,543.1
0,542.7
0,542.8
0,543
0,541.1
0,541.1
0,541.1
0,542.4
0,542.5
0,542
0,541.9
0,540.8
0,541.3
0,541.4
0,541.6
0,541.8
0,542
0,542.4
0,543.1
0,543.1
0,543.4
0,543.7
0,542.5
0,543.7
0,544.2
0,544.3
0,544.4
0,544.6
0,545.7
0,545.4
0,545.6
0,545.4
0,546
0,546.1
0,546.3
0,546.3
0,547.1
0,545.7
0,546.2
0,546.1
0,546.3
0,546.6
0,547.2
0,546.9
0,546.8
0,546.9
0,546
0,546
0,545
0,543.8
0,544
0,544.2
0,543.7
0,543.5
0,543.6
0,544
0,543.6
0,543
0,543.2
0,543.7
0,544
0,544
0,543.9
0,543.3
0,542.4
0,542
0,541.8
0,541.9
0,542.1
0,541.9
0,543.4
0,543.6
0,543
0,543.1
0,545.2
0,546.7
0,546.8
0,547
0,546.9
0,547.3
0,547.5
0,546.8
0,547
0,546
0,545.9
0,545.2
0,544.9
0,546
0,545.9
0,546.5
0,546.7
0,547.9
0,547.5
0,546.8
0,547.8
0,547.6
0,548.1
0,548
0,547.4
0,547.9
0,547.8
0,547.9
0,547.5
0,547.7
0,547.9
0,547
0,546.9
0,546.7
0,546.3
0,546.1
0,546.8
0,546.5
0,545.9
0,545.7
0,545.6
0,544.1
0,544.2
0,544.5
0,544.7
0,545.1
0,545.3
0,545.1
0,544.5
0,544.7
0,544.8
0,545.3
0,545
0,545.1
0,545.3
0,545.6
0,545.9
0,546.2
0,546.6
0,547.1
0,547.7
0,547.3
0,547.4
0,547.1
0,546.9
0,546.9
0,546.2
0,545.7
0,545
0,544.9
0,545.2
0,545.7
0,545.5
0,545.9
0,546.3
0,546.5
0,545.9
0,545.3
0,545.5
0,545.4
0,545.6
0,545.7
0,545.9
0,545.9
0,545.4
0,545.9
0,545.9
0,546.3
0,545.9
0,545.9
0,545.9
0,545.7
0,545.4
0,545.4
0,544.9
0,545.3
0,545.6
0,545.2
0,544.4
0,544.1
0,543.9
0,544.1
0,544.2
0,544.2
0,544.1
0,544.3
0,544.7
0,544.5
0,544.7
0,545.3
0,544.9
0,545.1
0,544.9
0,545.3
0,545.5
0,545.5
0,545.3
0,545.1
0,545.1
0,545.2
0,545.1
0,545.3
0,545.6
0,545.8
0,545.5
0,545.9
0,545.5
0,545.8
0,545.4
0,546
0,546.3
0,546
0,545.9
0,546
0,545.9
0,546.2
0,546.3
0,546.7
0,546.6
0,546.4
0,546.5
0,546.3
0,544.7
0,545.7
0,544.4
0,512
0,538.5
0,533.9
0,539.8
0,541.2
0,539.9
0,539.5
0,538.6
0,540.3
0,540.4
0,541.2
0,540.5
0,538.7
0,537.7
0,538.5
0,538.2
0,538.2
0,538.8
0,539.3
0,539.9
0,539.8
0,539.1
0,539.5
0,538.9
0,539
0,539.4
0,540.5
0,540.2
0,541.2
0,541.6
0,541.6
0,540.2
0,538.9
0,537.1
0,536.1
0,536.3
0,536.7
0,537.2
0,537
0,537.3
0,536.8
0,537.6
0,538.8
0,538.7
0,538.8
0,539.2
0,539.4
0,538.6
0,538.4
0,538.6
0,538.9
0,538.8
0,538.4
0,537.4
0,537.8
0,537.9
0,537.8
0,538
0,539.3
0,538.5
0,537.6
0,535.6
0,534.6
0,535.2
0,534.7
0,533.9
0,533.7
0,534.5
0,534.4
0,534.2
0,534.3
0,534.3
0,534.3
0,533.9
0,533.5
0,533.3
0,533
0,532.5
0,532.4
0,532.7
0,532.3
0,532.7
0,532.4
0,532.5
0,532.5
0,532.5
0,532.2
0,532.1
0,530.8
0,531.2
0,531.4
0,531.2
0,531.2
0,530.4
0,531.4
0,532
0,532
0,532
0,531.9
0,532.2
0,531.8
0,532
0,532.8
0,531
0,531.9
0,532
0,532.4
0,532.9
0,533.4
0,533.2
0,532.8
0,531.6
0,532.3
0,532.5
0,532.8
0,532.9
0,533.3
0,532.2
0,532.4
0,532.5
0,532.1
0,532.3
0,532.7
0,532.5
0,532.3
0,532.3
0,532
0,531.8
0,531.7
0,531.7
0,531.9
0,532.1
0,532
0,532
0,532.2
0,532.8
0,532.7
0,532.4
0,531.4
0,531.5
0,531
0,531.5
0,531.8
0,532.1
0,532.8
0,532.2
0,532.7
0,532.7
0,532
0,531.8
0,531.9
0,532.3
0,532.3
0,531.7
0,530.9
0,530.2
0,530.4
0,530.2
0,529.8
0,529.4
0,530.2
0,530.5
0,530.1
0,529.9
0,529.7
0,529.7
0,531
0,529.3
0,529.5
0,529.4
0,530.2
0,531.4
0,531.2
0,531
0,530.5
0,530.8
0,530.9
0,530.8
0,530.6
0,530.4
0,529.9
0,529.8
0,530
0,530.1
0,530.1
0,529.8
0,529.9
0,529.8
0,529.1
0,529.8
0,529.6
0,529.2
0,529.3
0,529.6
0,529.6
0,529.9
0,530.2
0,530.4
0,530.4
0,530
0,529.7
0,529.6
0,529.2
0,529.4
0,529.4
0,529.5
0,529.3
0,529.3
0,529.1
0,529.2
0,529.1
0,529.7
0,529.2
0,529.2
0,528.5
0,528.5
0,528.1
0,527.7
0,527.5
0,527.4
0,528.2
0,528.1
0,528.2
0,528
0,527.9
0,528
0,528.1
0,528.8
0,528.6
0,528.5
0,528.5
0,528.5
0,528.7
0,529.1
0,529.5
0,529.7
0,529.5
0,528.5
0,528.6
0,528.2
0,528.5
0,528.4
0,528.3
0,527.2
0,526.8
0,526.8
0,526.7
0,526.9
0,526.6
0,526.5
0,526.6
0,526.5
0,526
0,525.5
0,525.5
0,525.4
0,525.2
0,524.8
0,524.9
0,525.7
0,525.2
0,525.5
0,525.3
0,525.3
0,525.6
0,525.5
0,524.5
0,524.3
0,524.1
0,524.4
0,524.3
0,523.3
0,523.4
0,524
0,524.6
0,524.3
0,523.9
0,523.7
0,523.5
0,523.8
0,524.1
0,524.4
0,525
0,525.3
0,525.4
0,525.8
0,526
0,525.9
0,525.9
0,525.9
0,526.9
0,526.4
0,526.8
0,527.3
0,527.3
0,527.8
0,527.9
0,527.3
0,527.7
0,528.7
0,528.5
0,528.1
0,527.8
0,528.5
0,528.8
0,529.6
0,530.4
0,529.8
0,529.7
0,529.9
0,529.7
0,530.5
0,529.9
0,529.9
0,529.8
0,529.8
0,529.7
0,529.6
0,529.5
0,529.4
0,528.9
0,529.5
0,529.9
0,529.7
0,529.7
0,530.3
0,530.3
0,530.9
0,530.6
0,530.7
0,530.7
0,530.7
0,530.7
0,532
0,529.9
0,532.9
0,538.1
0,540.2
0,534.1
0,533.2
0,534.5
0,534.3
0,534.1
0,534.3
0,533.8
0,534
0,535.1
0,535.4
0,536.3
0,536.5
0,536.2
0,535.7
0,536
0,535.7
0,535.9
0,536
0,535.6
0,535.4
0,535
0,534.9
0,534.7
0,535.2
0,534.3
0,534.3
0,534.5
0,534.9
0,644
0,614
0,509.9
0,544.7
0,538
0,539.8
0,541
0,540.1
0,541.8
0,541.8
0,543.4
0,541.6
0,543.4
0,543.2
0,543
0,543.3
0,543.7
0,544.1
0,544.4
0,545.5
0,546.1
0,546.7
0,546
0,543.8
0,544
0,544.3
0,544.3
0,544.1
0,544.5
0,545.4
0,545
0,544.7
0,544.7
0,544.7
0,542.7
0,543.2
0,542.8
0,542.2
0,543.5
0,544.3
0,546.6
0,544.7
0,543.9
0,543.8
0,542.6
0,542.2
0,542.9
0,542.4
0,542.2
0,541.5
0,541.6
0,539.6
0,540.1
0,540.5
0,542.1
0,541.2
0,541.8
0,541.7
0,541.3
0,541.3
0,541.8
0,542.3
0,542
0,542.3
0,542.9
0,543
0,542.8
0,541.7
0,541.7
0,542
0,541.9
0,542
0,542.4
0,542.2
0,542.4
0,543.6
0,542.3
0,542.2
0,542.2
0,542.1
0,541.3
0,541.7
0,541.8
0,541.9
0,541.8
0,541.8
0,541.8
0,541
0,540.5
0,540.6
0,540.8
0,540.7
0,540.8
0,540.6
0,540.8
0,540.6
0,540.8
0,540.8
0,540.7
0,540.5
0,539.6
0,540.1
0,539.7
0,539.9
0,540
0,540.2
0,540.3
0,540.4
0,540.3
0,539.7
0,539.4
0,539.5
0,539.2
0,539.1
0,539.1
0,539.5
0,539.7
0,539.2
0,539.6
0,538.9
0,539.4
0,540.1
0,539.5
0,540.2
0,539.6
0,538.7
0,538.2
0,539.5
0,538.8
0,539.3
0,539.4
0,539.7
0,539.6
0,539.6
0,539.5
0,539
0,539.4
0,539.5
0,539.6
0,539.6
0,539.8
0,539.7
0,539.8
0,539.9
0,541.7
0,541.8
0,541.9
0,541.8
0,541.5
0,540.9
0,540.9
0,541.1
0,540.9
0,541.6
0,541.5
0,542
0,541.8
0,541.7
0,542.1
0,541.8
0,541.3
0,541.2
0,541.1
0,541
0,541
0,541.2
0,541.3
0,541.2
0,542.5
0,542.5
0,542.3
0,542.6
0,542.4
0,542.5
0,542.6
0,542.8
0,542.6
0,542.5
0,542.8
0,542.8
0,542.9
0,542.6
0,541.9
0,542.9
0,542.5
0,542
0,541.6
0,542.3
0,542.9
0,542.9
0,542.6
0,542.7
0,542.7
0,542.8
0,542.8
0,540.9
0,540.9
0,541.3
0,543
0,543
0,542.5
0,542.5
0,542.5
0,542.9
0,542.4
0,542.2
0,541.8
0,542.8
0,542.8
0,542.9
0,542.8
0,542.7
0,542.8
0,542.4
0,542.6
0,542.6
0,542.2
0,541.9
0,541.9
0,541.6
0,541.8
0,541.6
0,541.5
0,541.4
0,540.9
0,541.9
0,541.4
0,541.3
0,542
0,541.6
0,542.2
0,542.2
0,542.3
0,542.6
0,542.8
0,543
0,542.8
0,542.9
0,543.3
0,543.4
0,542.7
0,542.1
0,541.7
0,542
0,541.8
0,541.9
0,542
0,542.3
0,541.8
0,541.9
0,541.8
0,541.6
0,541.1
0,540.9
0,540.4
0,540.5
0,541.5
0,541.4
0,541.3
0,541.8
0,541.9
0,542
0,541.9
0,542.2
0,542.2
0,541.7
0,541.9
0,541.6
0,541.7
0,541.6
0,541.7
0,540.8
0,540.4
0,540.7
0,540
0,540.1
0,541.7
0,541.5
0,542
0,541.8
0,541.8
0,542.6
0,542.2
0,542.4
0,542.1
0,541.6
0,541.5
0,541.9
0,542
0,541.8
0,542
0,542
0,542.1
0,542.4
0,542.4
0,542.6
0,542.5
0,542.4
0,542.3
0,542.4
0,542.7
0,542.7
0,542.7
0,542.3
0,542.8
0,542.6
0,542.6
0,543.2
0,543.2
0,543.6
0,543.4
0,543.8
0,544.1
0,543.4
0,543.4
0,543.5
0,543.8
0,543.2
0,543.3
0,543.4
0,543.3
0,543
0,543.1
0,543.2
0,543.8
0,543.9
0,543.6
0,543.7
0,543.6
0,543.7
0,543.9
0,543.9
0,545.1
0,545.7
0,547.1
0,547.5
0,547.2
0,547.6
0,548.2
0,548.1
0,548.8
0,549.5
0,549
0,550
0,550.4
0,550.4
0,551
0,552
0,551.3
0,551.7
0,551.7
0,551.6
0,552.1
0,552
0,553.4
0,553.1
0,553.8
0,554.3
0,555.4
0,555.4
0,555.3
0,555.1
0,555.5
0,555.8
0,555.3
0,555.2
0,555.2
0,557
0,557.1
0,558
0,558.7
0,558.4
0,558.9
0,557
0,556
0,556.8
0,558.1
0,558.1
0,556.9
0,556.5
0,557
0,556.7
0,556.7
0,556.1
0,555.7
0,554.9
0,554.9
0,555.5
0,555.3
0,554.8
0,554.6
0,555.3
0,554.8
0,554.2
0,554
0,555.3
0,554.4
0,554.5
0,554.1
0,554.4
0,553.5
0,580.5
0,561.5
0,561.4
0,558.4
0,560.9
0,557.5
0,557.8
0,557
0,554.8
0,554.9
0,555.5
0,556.9
0,556.9
0,556.9
0,559.4
0,558.3
0,558.7
0,558.7
0,558.6
0,559.5
0,560.1
0,560.9
0,561.3
0,561.5
0,561.2
0,560.5
0,559.2
0,558.6
0,558.9
0,558.8
0,557.9
0,558.4
0,558.5
0,559.2
0,559.3
0,558.3
0,558.1
0,558
0,557.5
0,557.5
0,558.8
0,560
0,560.7
0,560.8
0,561.8
0,560.4
0,560.2
0,560.1
0,560.2
0,560.7
0,560.9
0,562.6
0,562.5
0,562.4
0,562
0,561.9
0,560.9
0,560.6
0,560
0,560.1
0,559
0,558.9
0,557.2
0,557.3
0,557.8
0,559
0,559.5
0,559.5
0,559
0,559.4
0,559.5
0,559.3
0,559.1
0,559
0,559
0,559.5
0,559.8
0,560
0,559.9
0,559.6
0,559.5
0,559.3
0,559.5
0,559.9
0,559.8
0,559.6
0,559.5
0,559.5
0,559.7
0,560.1
0,560.5
0,559.9
0,559.6
0,559.8
0,559.7
0,559.4
0,559.6
0,560.2
0,560.1
0,559.8
0,560
0,560.7
0,560.6
0,560.3
0,560.7
0,560.5
0,560.1
0,559.5
0,559.5
0,559.8
0,559.8
0,559.6
0,560.1
0,560.2
0,560.3
0,560.1
0,560.4
0,561.7
0,561.5
0,560.4
0,559.9
0,559.7
0,560.3
0,560.7
0,560.7
0,561
0,561.1
0,560.8
0,560.9
0,561.2
0,561.1
0,561.1
0,560.7
0,560.9
0,560.8
0,560.6
0,560.2
0,559.9
0,559.6
0,560.3
0,560.4
0,561.3
0,561.4
0,561.3
0,561.1
0,560.9
0,560.6
0,560.7
0,560.9
0,560.3
0,559.8
0,559.6
0,560.1
0,559.5
0,559.4
0,560
0,560
0,560.1
0,560.1
0,559.9
0,560.1
0,559.8
0,560
0,560.1
0,560.2
0,559.7
0,559.9
0,561.5
0,559.6
0,559.4
0,559.8
0,560.1
0,559.7
0,559.6
0,559.7
0,559.7
0,559.8
0,559.7
0,559.7
0,559.8
0,560
0,560.5
0,560.2
0,559.7
0,560
0,560.1
0,560.2
0,560.1
0,560.2
0,560.2
0,560.1
0,560.3
0,560.3
0,560
0,559.8
0,559.7
0,559.8
0,559.1
0,558.7
0,558.7
0,558.6
0,558.2
0,558.4
0,558.3
0,558.6
0,559.2
0,559.3
0,559.4
0,559.6
0,559.6
0,559.4
0,559.6
0,559.5
0,559.7
0,559.6
0,559.6
0,559.4
0,559.6
0,559.7
0,559.8
0,559.9
0,559.7
0,559.3
0,559.2
0,559.1
0,559
0,558.9
0,558.8
0,558.8
0,557.9
0,558.1
0,558.3
0,558.8
0,558.6
0,558.3
0,558.5
0,558.4
0,558.6
0,559.3
0,559.3
0,559.8
0,559.7
0,559.6
0,559.7
0,560
0,559.7
0,559.6
0,559.5
0,559.8
0,559.5
0,560
0,560.1
0,559.4
0,559.5
0,559.3
0,558.9
0,558.7
0,558.9
0,558.8
0,558.7
0,558.7
0,558.6
0,558.2
0,558.8
0,558.9
0,558.8
0,559.4
0,559.8
0,559.7
0,559.7
0,559.7
0,559.3
0,559
0,559.1
0,559.2
0,558.6
0,558.8
0,558.9
0,558.9
0,559
0,559.5
0,559
0,558.9
0,558.3
0,558.5
0,558.5
0,558.2
0,558.1
0,557.4
0,557.7
0,558.1
0,558.5
0,558.5
0,558.7
0,558.2
0,558.3
0,558.4
0,558.1
0,558.3
0,558.1
0,557.2
0,557.1
0,557.1
0,557.6
0,557.7
0,558.4
0,558.3
0,558.6
0,558.5
0,558.6
0,558.7
0,558.5
0,557.6
0,557.4
0,557.4
0,556.6
0,556.9
0,557
0,557.3
0,556.7
0,556.6
0,556.5
0,556.7
0,557.9
0,558.1
0,558.3
0,558.3
0,558.1
0,557.9
0,557
0,556.8
0,557.3
0,557.1
0,556.5
0,556.7
0,557.5
0,557.9
0,557.9
0,558.1
0,558.1
0,558.3
0,558.3
0,558.2
0,558.3
0,558.6
0,559
0,559.1
0,558.9
0,559
0,558.5
0,558.4
0,558.3
0,558.4
0,558.8
0,558.9
0,561
0,561.5
0,560.9
0,559.2
0,559.6
0,559.1
0,559.3
0,557
0,556.8
0,558.3
0,560
0,559.9
0,558.6
0,558.7
0,558.7
0,558.8
0,559.4
0,559.6
0,561.2
0,561.4
0,561.3
0,562
0,562.4
0,562.6
0,562.6
0,563.1
0,564.4
0,564.2
0,564.2
0,562.6
0,562.8
0,562.8
0,562.5
0,562.7
0,563.5
0,564.2
0,564.4
0,563.7
0,563.4
0,563.2
0,563.4
0,562.7
0,561.9
0,561.4
0,561.9
0,561.6
0,560.9
0,561
0,561.2
0,561.8
0,562.4
0,562.8
0,562.5
0,562.3
0,561.8
0,562.3
0,562.6
0,563.7
0,562.8
0,563.6
0,562.9
0,563.2
0,562.6
0,563.2
0,563.2
0,563.3
0,562.8
0,562.7
0,562
0,562.1
0,562.1
0,562.2
0,561.8
0,561.8
0,561.8
0,561.8
0,562.2
0,562
0,561.7
0,561.2
0,560.8
0,561
0,561
0,561
0,560.9
0,561
0,561.4
0,561.6
0,561.5
0,561.6
0,562
0,561.7
0,562.2
0,562.7
0,562.6
0,562.5
0,562.3
0,562.5
0,562.6
0,562.6
0,562.5
0,561.9
0,561.5
0,562.2
0,561.6
0,561.7
0,561.5
0,560.9
0,560.9
0,560.6
0,560.6
0,560.7
0,560.6
0,560.1
0,560.4
0,560.1
0,560.4
0,560.7
0,560.5
0,560.2
0,560.5
0,560.6
0,560.4
0,560.5
0,560.5
0,560.2
0,560.3
0,560.1
0,559.9
0,559.8
0,559.8
0,560.1
0,560.2
0,559.8
0,559.5
0,559.1
0,558.9
0,559.3
0,559.1
0,559.3
0,559.3
0,559.6
0,559.3
0,559.8
0,559.7
0,559.7
0,559.6
0,559.4
0,558.7
0,559.1
0,559.4
0,559.3
0,558.9
0,558.7
0,558.1
0,558.6
0,559.3
0,559.3
0,559.1
0,559.1
0,559.1
0,558.9
0,558.7
0,559
0,558.5
0,558.8
0,559.1
0,559.6
0,559.3
0,559.2
0,559.1
0,558.7
0,559.3
0,559.6
0,559.7
0,559.7
0,558.8
0,559.1
0,559.2
0,561.5
0,561.5
0,561.7
0,560.1
0,560.3
0,559.6
0,559.6
0,559.5
0,559.2
0,559.6
0,559.1
0,558.7
0,558.2
0,558.4
0,558.5
0,559.5
0,559.6
0,559
0,558.6
0,558.4
0,558.2
0,558
0,558
0,558.1
0,557.6
0,557.9
0,557.3
0,557.4
0,557.5
0,558.2
0,558.1
0,557.9
0,557.7
0,557.1
0,557.1
0,558.2
0,558.5
0,558.2
0,558
0,558.3
0,558.2
0,558.2
0,557.7
0,558
0,558.8
0,558.7
0,558.6
0,558.6
0,558.1
0,558.7
0,558.2
0,558.3
0,558.1
0,558
0,558
0,557.8
0,557.7
0,557
0,557.2
0,556.5
0,556.2
0,556.1
0,556
0,556.2
0,555.7
0,555.7
0,556.2
0,555.8
0,555.7
0,555.3
0,555.1
0,554.4
0,553.9
0,554.4
0,554.6
0,554
0,553.9
0,553.8
0,553.5
0,553.3
0,553.5
0,553.4
0,553
0,553.6
0,554.2
0,554.1
0,554.6
0,554.7
0,554.3
0,554.3
0,553.9
0,554
0,554.9
0,554.5
0,554.6
0,554.6
0,553.8
0,555.2
0,555.2
0,555.1
0,555
0,555.2
0,555.1
0,555.2
0,556
0,555.6
0,555.5
0,555.6
0,555.2
0,555.7
0,555.7
0,555.5
0,555.6
0,555.5
0,555
0,554.1
0,554.2
0,554.1
0,554.1
0,553.5
0,553.1
0,553.1
0,553
0,552.7
0,553.5
0,553.6
0,553.3
0,553.3
0,554
0,553.8
0,553.7
0,553.7
0,554
0,553.8
0,553.6
0,553.3
0,553.3
0,552.9
0,552.7
0,552.8
0,552.7
0,552.8
0,552.5
0,552.6
0,553.1
0,553
0,553.6
0,553.7
0,553.7
0,553.7
0,554.1
0,554
0,554.5
0,554
0,553.8
0,554
0,554.4
0,554.7
0,554.5
0,554.5
0,553.9
0,553.9
0,553.6
0,553.5
0,553.7
0,553.7
0,554
0,554.4
0,554.3
0,554.1
0,554.1
0,554.3
0,554.6
0,554.3
0,554.2
0,553.7
0,553.6
0,553.4
0,554
0,553.3
0,553.6
0,553.8
0,553.9
0,553.7
0,553.9
0,553.9
0,553.9
0,554.7
0,554.8
0,556.2
0,557.2
0,556.7
0,556.5
0,556.5
0,556.2
0,555.9
0,556.1
0,555.8
0,555.4
0,555.1
0,554.7
0,549.6
0,515.6
0,549.1
0,514.5
0,543.5
0,546.4
0,543.2
0,544.1
0,544.9
0,543.9
0,543.5
0,541
0,545.2
0,543.7
0,544.9
0,544.4
0,544.6
0,544.1
0,545.1
0,544.7
0,545
0,547.4
0,546.8
0,546.7
0,546.9
0,546.4
0,545.2
0,544.8
0,544.8
0,545.4
0,545.8
0,545.9
0,546.1
0,546
0,545.9
0,545.9
0,545.1
0,545.5
0,545.4
0,545.4
0,545.5
0,545.6
0,545
0,544.3
0,544.6
0,545.1
0,545
0,545.4
0,546.3
0,547.3
0,547.2
0,546.9
0,546.8
0,546.1
0,546.2
0,548.2
0,548.6
0,548.6
0,548.5
0,548.4
0,548.1
0,548.6
0,548.2
0,548.3
0,549.3
0,549.5
0,549.6
0,549.4
0,549.2
0,549.8
0,550.2
0,549.9
0,550.9
0,550.9
0,551.7
0,551.6
0,552.1
0,552.2
0,552.3
0,552.8
0,552.6
0,551.4
0,551.3
0,551.5
0,551.5
0,552
0,551.7
0,551.6
0,551.7
0,551.9
0,552.6
0,552.6
0,552.6
0,552.3
0,552.3
0,552.2
0,551.8
0,553.2
0,553.2
0,553.3
0,553.3
0,553.2
0,553.8
0,554.4
0,554.3
0,554.4
0,554.4
0,554.6
0,554.5
0,554.3
0,554.4
0,553.5
0,553.3
0,553.1
0,554
0,554.5
0,553.8
0,553.5
0,553.5
0,554
0,554.1
0,553.9
0,554.3
0,554.3
0,554.9
0,555.2
0,555.9
0,555.4
0,555.6
0,555.4
0,555.7
0,556.3
0,556.7
0,557
0,557.3
0,557.3
0,557
0,557
0,557.4
0,557.1
0,557
0,557.1
0,558.4
0,558.8
0,557.9
0,557.7
0,558.1
0,558.1
0,559
0,559.5
0,559.4
0,558.9
0,559.6
0,559.8
0,560.6
0,559.9
0,559.6
0,559.7
0,558.8
0,559.6
0,559.5
0,559.6
0,559.7
0,558.7
0,557.9
0,558.1
0,558.8
0,559.1
0,559
0,557.6
0,557.7
0,557.8
0,558
0,558.1
0,558
0,557.9
0,558
0,558.2
0,559.1
0,558.3
0,559
0,559.3
0,559.3
0,559.6
0,559.4
0,559.1
0,558.9
0,558.8
0,558.5
0,558.1
0,558.2
0,558.7
0,558.1
0,557.4
0,557.5
0,558.1
0,557.9
0,557.3
0,557.5
0,557.1
0,556.4
0,556.6
0,556.8
0,554.1
0,554.3
0,554
0,554.7
0,554.5
0,554.5
0,554.3
0,554.2
0,554.3
0,554.3
0,554.3
0,554.3
0,554.2
0,554.3
0,554.1
0,554.2
0,554.1
0,553.9
0,553.5
0,552.9
0,552.4
0,552
0,551.4
0,550.5
0,550.2
0,549.7
0,550.9
0,550.5
0,551.1
0,551
0,550.9
0,550.4
0,550.9
0,550.8
0,550.4
0,550.7
0,550.5
0,550.4
0,550.3
0,550.1
0,549.5
0,548.9
0,549.7
0,549.6
0,549.7
0,549.9
0,549.5
0,550.2
0,549.2
0,548.9
0,549.6
0,549.8
0,549.4
0,549.7
0,549.7
0,549.5
0,549.5
0,548.9
0,548.4
0,548.6
0,548.5
0,548.3
0,548.3
0,548.3
0,548.3
0,547.9
0,548.3
0,547
0,547.1
0,547.2
0,547
0,546.2
0,546.6
0,546.8
0,547.2
0,547.4
0,547.3
0,547.2
0,547.3
0,547.3
0,546.9
0,547.1
0,546.7
0,546.2
0,546.2
0,545.9
0,545.8
0,545.9
0,546.2
0,545.8
0,546.1
0,546.9
0,546.3
0,546.2
0,546.4
0,546.6
0,546.5
0,547.3
0,547.2
0,548.3
0,547.3
0,547.1
0,547
0,546.9
0,546.8
0,547.2
0,546.1
0,546.2
0,546.1
0,546.1
0,545.9
0,545.8
0,545.7
0,545.5
0,545.2
0,544.9
0,544.2
0,543.7
0,543.6
0,543.9
0,545.3
0,544.7
0,544.7
0,543.8
0,544.1
0,545.4
0,545.8
0,545.6
0,544.4
0,544.6
0,544.5
0,545.1
0,545.3
0,545
0,545.3
0,544.8
0,544.9
0,544.4
0,543.9
0,544.2
0,544.3
0,544.1
0,544.1
0,544
0,544.2
0,544
0,543.9
0,544
0,543.3
0,543.6
0,543.7
0,543.6
0,543.3
0,542.9
0,542.4
0,542.5
0,542.3
0,542.5
0,542.8
0,541.7
0,541.7
0,542.7
0,542.2
0,542.5
0,541.9
0,541.4
0,541.1
0,540.9
0,540.7
0,540.7
0,540.7
0,540.7
0,539.8
0,539.7
0,540
0,539.8
0,540.1
0,538.8
0,538.3
0,538.4
0,539.2
0,539.4
0,539.4
0,539.9
0,539.8
0,540.2
0,540.3
0,540.5
0,540.4
0,541
0,541.2
0,540.8
0,540.7
0,540.3
0,540.5
0,540.3
0,540.5
0,540.7
0,540.5
0,540.5
0,540.7
0,541.5
0,541
0,544.6
0,538.5
0,537.5
0,537.9
0,541.9
0,541.3
0,541.4
0,538
0,537.8
0,538
0,540.6
0,539.3
0,540.7
0,539.9
0,539.3
0,540.3
0,540.4
0,540.4
0,540.5
0,539.2
0,539.1
0,539.2
0,539.5
0,539
0,538.7
0,538.7
0,539.4
0,539.7
0,539.8
0,539.7
0,539.9
0,539.4
0,539.4
0,540
0,540.2
0,539.6
0,539.7
0,540
0,540.7
0,540.2
0,540
0,540.3
0,541.2
0,541.7
0,543.4
0,543.5
0,542.7
0,542.8
0,542.1
0,541.5
0,541.4
0,541.9
0,541.7
0,542.2
0,542.1
0,542.1
0,542.3
0,542.1
0,542.2
0,542.8
0,543.3
0,542.9
0,542.8
0,542.4
0,541.3
0,540.4
0,540.5
0,540.4
0,540.8
0,541.7
0,541.8
0,541.7
0,541.8
0,542.4
0,542.5
0,542.4
0,542.5
0,543.1
0,542.6
0,543.2
0,542.8
0,543.1
0,542.9
0,542.8
0,542.8
0,542.8
0,542.7
0,542.6
0,542.8
0,542.9
0,542.1
0,542.3
0,542.5
0,542.1
0,542.6
0,542.9
0,542.9
0,542.9
0,543.3
0,543.7
0,543.6
0,543.3
0,543.7
0,543.6
0,543.7
0,543.6
0,543.6
0,543.7
0,543.7
0,543.8
0,543.9
0,544.2
0,544.6
0,544.7
0,546.1
0,546.8
0,546.6
0,546.8
0,546.8
0,546
0,545.9
0,546
0,546.2
0,547.1
0,547.7
0,547.3
0,546.6
0,546.3
0,546.1
0,546.8
0,546.9
0,547.4
0,547
0,546.8
0,546.5
0,546.6
0,549
0,549
0,549.7
0,550.3
0,549
0,549.7
0,549.7
0,549.3
0,549
0,548.8
0,548.6
0,548.4
0,548.4
0,548.8
0,548.9
0,549.1
0,550
0,549.6
0,549.3
0,549.4
0,549.5
0,550
0,549.7
0,549.1
0,548.1
0,548.4
0,548.6
0,549
0,549.1
0,549
0,549
0,548.7
0,548
0,547.8
0,547.6
0,547.8
0,548.2
0,548.1
0,547.6
0,547.6
0,548.4
0,548.1
0,547.7
0,548.1
0,548.1
0,548.3
0,547.5
0,547.5
0,547.5
0,547.6
0,547.6
0,547.1
0,547.6
0,549.1
0,549.9
0,549.7
0,549.6
0,549.4
0,550.1
0,550.2
0,550.3
0,549.5
0,549.3
0,549.4
0,549.3
0,548.8
0,549.5
0,548.3
0,548.2
0,547.8
0,547
0,546.3
0,546.3
0,545.9
0,546.2
0,545.7
0,545.7
0,545.5
0,545.2
0,546.3
0,546.2
0,546.1
0,545.8
0,545.9
0,545.7
0,545
0,544.9
0,544.8
0,544.6
0,544.6
0,544.4
0,544
0,545.8
0,546.5
0,546.9
0,546.9
0,546
0,545.5
0,545.5
0,545.4
0,544.9
0,544.1
0,543.6
0,543.4
0,542.9
0,542.9
0,542.2
0,542.8
0,543.3
0,543.2
0,543.7
0,544.2
0,543.9
0,542.8
0,542
0,542.1
0,541.2
0,542.2
0,542.1
0,542.2
0,540.5
0,541
0,540.8
0,541.5
0,541.6
0,542.3
0,541.4
0,541.7
0,541.5
0,541.2
0,541.7
0,542.6
0,542.1
0,541.9
0,541.6
0,541.5
0,541.2
0,540.8
0,541.1
0,541.2
0,541
0,541.6
0,541.3
0,541.6
0,541.1
0,540.3
0,540.4
0,540.9
0,541.7
0,541.7
0,541.3
0,540.9
0,541.6
0,540.6
0,540.6
0,541.8
0,542.3
0,543.8
0,542.9
0,542.4
0,541.1
0,541
0,541.3
0,541.8
0,541.4
0,541.5
0,541.2
0,541.6
0,541.3
0,541.4
0,540.9
0,540.8
0,540.7
0,540.6
0,540.4
0,540.4
0,540.5
0,541.6
0,541.3
0,541.2
0,540.8
0,541.5
0,541.1
0,540.8
0,540.2
0,540.9
0,540.7
0,541.5
0,541.2
0,540.9
0,541
0,540.9
0,542.7
0,543
0,542.2
0,541.7
0,541.3
0,541.8
0,541.6
0,542
0,542.4
0,541.9
0,542
0,542.2
0,542.7
0,542.8
0,542.9
0,543
0,542.8
0,542.9
0,542.8
0,542.4
0,542.4
0,542.2
0,541.8
0,542.1
0,542.1
0,542.3
0,543.7
0,544.4
0,545
0,545
0,544.2
0,543.7
0,544.4
0,544.4
0,542.5
0,542.6
0,543
0,543.4
0,542.9
0,542.4
0,542.2
0,541.9
0,541.7
0,542.7
0,542.9
0,543
0,542.9
0,542.5
0,541.5
0,542
0,542.2
0,543.1
0,543.8
0,543.5
0,543
0,543.7
0,544.4
0,544.7
0,545.8
0,545.5
0,544.8
0,544.6
0,544.6
0,545
0,544.8
0,545.3
0,545.4
0,545.5
0,545.1
0,548.2
0,549
0,550.7
0,547.7
0,547.5
0,547.3
0,546.7
0,546.8
0,546.4
0,546.7
0,546.7
0,546.8
0,546
0,546.6
0,546.7
0,548.3
0,548.6
0,549.5
0,548.9
0,549.5
0,549.6
0,549.3
0,548.7
0,548.9
0,548.9
0,548.5
0,547.8
0,547.6
0,547.5
0,547.3
0,547.2
0,547.1
0,547.2
0,548
0,547.8
0,547.9
0,548.7
0,548.6
0,548.7
0,550
0,549.8
0,549.5
0,549.3
0,549.7
0,550.1
0,550.2
0,550.5
0,550.3
0,549.8
0,549.4
0,549.5
0,549.7
0,549.5
0,549
0,549
0,549.6
0,549.4
0,549.8
0,549.3
0,549.4
0,549.4
0,549.3
0,549.2
0,549.3
0,550.1
0,549.6
0,550
0,549.7
0,549.3
0,549.3
0,548.8
0,549.5
0,549.6
0,550.1
0,550
0,550
0,549.5
0,549.2
0,549.7
0,550
0,550
0,549.5
0,549.3
0,549.4
0,549.6
0,550.2
0,550.2
0,550.2
0,550.3
0,549.5
0,549.2
0,549.7
0,550.1
0,550.5
0,550.3
0,549.7
0,550.1
0,550.3
0,550.3
0,550.2
0,550.1
0,550.2
0,550.5
0,550.2
0,550.1
0,550
0,550.1
0,550.2
0,551.1
0,550.6
0,550.3
0,550.2
0,550.1
0,550.2
0,550
0,550.3
0,551.9
0,550.5
0,550.6
0,550.5
0,550
0,549.8
0,549.7
0,550
0,550.1
0,549.9
0,549.9
0,549.8
0,549.9
0,549.9
0,549.4
0,549.4
0,549.6
0,549.5
0,549.3
0,549.5
0,549.7
0,549.8
0,549.8
0,549.7
0,549.8
0,549.9
0,552.2
0,552.1
0,551.2
0,550.5
0,550.7
0,550.5
0,549.7
0,549.7
0,549.5
0,549.7
0,549.5
0,549.3
0,549.4
0,549.7
0,549.5
0,549.4
0,549.5
0,550.4
0,550.2
0,550.4
0,550.4
0,550.3
0,550.3
0,550.3
0,550.5
0,551.6
0,551.2
0,551
0,550.9
0,550.9
0,551.1
0,550.6
0,550.9
0,551
0,551.4
0,551.1
0,551.2
0,551.4
0,551.2
0,551.3
0,551.4
0,551.5
0,551.4
0,551
0,550.8
0,550.8
0,550.7
0,550.6
0,550.9
0,550.8
0,550.7
0,550.4
0,550.4
0,550.8
0,550.6
0,550.5
0,550.9
0,550.5
0,550.4
0,550.8
0,550.5
0,550.6
0,550.6
0,550.7
0,550.7
0,550.5
0,550.6
0,551.3
0,551.7
0,553
0,552.7
0,554.2
0,552.9
0,553.4
0,553.4
0,553.3
0,553.3
0,553.6
0,553.5
0,553.6
0,554
0,553.9
0,553.8
0,553.5
0,554.2
0,554.6
0,554
0,554
0,553.5
0,554
0,553.7
0,553.7
0,553.5
0,553.4
0,553.6
0,553.5
0,553
0,552.7
0,552.7
0,552.6
0,552.6
0,552.2
0,552.1
0,552.2
0,552.6
0,552.2
0,552.7
0,552.5
0,552.2
0,551.9
0,552
0,552
0,552.3
0,552.1
0,552.2
0,552.2
0,552.5
0,552.6
0,552.3
0,551.8
0,551.9
0,551.9
0,551.9
0,551.9
0,551.8
0,551.9
0,551.8
0,551.9
0,551.8
0,551.9
0,552.2
0,551.7
0,552.3
0,552.2
0,552.1
0,552.1
0,552
0,552
0,551.8
0,551.7
0,551.4
0,551.7
0,551.5
0,551
0,551.7
0,551.4
0,550.9
0,551.7
0,551.5
0,551.7
0,552
0,552.2
0,551.9
0,552.1
0,552
0,551.9
0,551.6
0,552.2
0,551.9
0,552.1
0,552.2
0,552
0,552.1
0,551.9
0,551.9
0,551.1
0,551
0,551
0,551.1
0,550.9
0,550.9
0,550.9
0,550.9
0,551.2
0,551
0,550.7
0,550.4
0,550.4
0,550.6
0,550.8
0,550.7
0,551
0,550.8
0,550.7
0,551.4
0,551.5
0,551.2
0,551.1
0,550.9
0,551.1
0,548
0,549.3
0,530.8
0,530.4
0,545.8
0,550.2
0,550
0,550.2
0,550.1
0,548
0,549.3
0,548.6
0,547.7
0,547.7
0,549.1
0,548.7
0,547.8
0,548.1
0,547.1
0,546.5
0,545.9
0,546.2
0,546.9
0,546.8
0,546.7
0,545.7
0,545.9
0,546
0,546
0,545.6
0,545.4
0,545.6
0,545.6
0,545.2
0,544.7
0,544.6
0,544.7
0,544.8
0,545.8
0,546.1
0,546.3
0,545.1
0,545.6
0,545.9
0,546.3
0,546.3
0,546.2
0,547.1
0,548.3
0,548.2
0,547.2
0,547.4
0,548.1
0,549.7
0,548.4
0,547.6
0,548.3
0,548.4
0,548.2
0,548.4
0,548.6
0,548.4
0,548.3
0,549.4
0,549.7
0,548.9
0,548.4
0,548.8
0,549
0,548.7
0,548.9
0,550
0,550.2
0,550
0,550.4
0,550.7
0,549.6
0,549.2
0,549.8
0,549.4
0,549.8
0,549.8
0,549.7
0,549.2
0,549.9
0,549.8
0,549.8
0,549.4
0,549.3
0,549
0,549.2
0,549.3
0,549
0,549
0,547.9
0,547.3
0,547.1
0,546.8
0,546.6
0,546.4
0,545.6
0,545.9
0,546.2
0,545.9
0,545.7
0,545.7
0,546
0,546.2
0,546.2
0,546.3
0,546.7
0,546.4
0,546.6
0,546.4
0,545.9
0,545.7
0,545.3
0,545.7
0,545.5
0,545.6
0,545.7
0,545.4
0,545.1
0,545.1
0,544.4
0,543.6
0,543.8
0,543.4
0,543.2
0,542.9
0,543.1
0,544
0,542.9
0,543.3
0,542.7
0,542.5
0,542.3
0,541.8
0,542
0,541.9
0,542.1
0,542.7
0,542.2
0,541.8
0,541.7
0,541.8
0,541.9
0,542.2
0,542.3
0,542.5
0,543.3
0,543.7
0,543.6
0,543.4
0,543.5
0,543.4
0,543
0,542.6
0,542.4
0,542.5
0,542.7
0,543.6
0,543.8
0,544.2
0,544.2
0,544
0,543.7
0,542.1
0,541.7
0,540.8
0,541.9
0,541.8
0,541.7
0,542.1
0,541.7
0,541.5
0,541.4
0,541.3
0,541.5
0,541.6
0,541.5
0,541.5
0,541.5
0,541.5
0,541.5
0,541.7
0,541.2
0,541.6
0,541.6
0,541.3
0,541.2
0,541.7
0,541.5
0,541.3
0,540.6
0,540.8
0,540.7
0,540.6
0,540.5
0,540.2
0,540.6
0,540.3
0,540.4
0,540.3
0,540.7
0,540.6
0,540.5
0,540.5
0,540.6
0,540.5
0,539.8
0,539.5
0,539.6
0,539.6
0,539.8
0,539.6
0,539.8
0,539.8
0,539.7
0,538.7
0,538.9
0,538.9
0,538.9
0,538.6
0,539
0,539.3
0,539.4
0,538.8
0,538.8
0,538.4
0,538.1
0,538.2
0,538.2
0,538.4
0,538.2
0,538.2
0,538.5
0,538.1
0,537.7
0,537.4
0,536.9
0,537
0,537.1
0,537.1
0,536.5
0,537
0,537.3
0,537.1
0,537.1
0,536.8
0,537
0,536.7
0,537.2
0,537.1
0,537.7
0,537.3
0,537.2
0,537.3
0,537.1
0,536.9
0,536.7
0,536.4
0,536.8
0,536.4
0,536.3
0,536.5
0,536.9
0,536.7
0,536.4
0,536.2
0,536.8
0,536.3
0,536.6
0,536.6
0,536.4
0,536.9
0,536.9
0,537.1
0,537.2
0,538
0,538.3
0,538.5
0,538.5
0,538.7
0,538.9
0,539.7
0,539.4
0,539
0,538.5
0,538.1
0,538.6
0,538.6
0,539.1
0,539.1
0,539.3
0,539.2
0,539.3
0,540
0,539.3
0,539.5
0,539.5
0,539.9
0,540.8
0,540.7
0,540.9
0,541.2
0,540.9
0,541.4
0,541.8
0,541.9
0,542
0,541.3
0,541.7
0,542.4
0,541.9
0,542.2
0,541.7
0,540.8
0,540.2
0,540
0,540.3
0,540.6
0,540.7
0,541.2
0,540.6
0,540
0,540.2
0,539.5
0,539.5
0,539.4
0,539.3
0,538.9
0,538.8
0,538.6
0,538.2
0,538.1
0,538.1
0,537.6
0,537.5
0,537.1
0,537
0,537
0,536.6
0,537.1
0,536.5
0,536.8
0,536.8
0,536.6
0,536.7
0,536.5
0,536.6
0,536.3
0,536.3
0,536.5
0,539.3
0,538.4
0,538.2
0,538.7
0,538.2
0,538.3
0,537.9
0,537.7
0,538.7
0,537.6
0,538
0,537.8
0,537.8
0,537.8
0,538.8
0,539.2
0,540.1
0,540.2
0,540.7
0,540.7
0,541
0,541.7
0,541.6
0,541.8
0,541.3
0,541.9
0,542.3
0,542.1
0,541.4
0,541.8
0,542.4
0,542.3
0,542
0,541.2
0,542.1
0,541.9
0,541.5
0,541.1
0,541
0,540.9
0,540.7
0,541.6
0,541.9
0,541.7
0,541.6
0,542.6
0,542.8
0,542
0,542
0,542.2
0,542
0,542.2
0,543.5
0,544.5
0,545.1
0,546.6
0,547
0,547
0,547.6
0,546.9
0,547.7
0,548.3
0,548.6
0,548.7
0,549.7
0,549.9
0,550.1
0,550.7
0,550.7
0,550.1
0,549.8
0,549.5
0,550.2
0,550
0,550.1
0,550.5
0,550.9
0,550.6
0,548.8
0,549.1
0,549.2
0,549.6
0,547.1
0,547.4
0,547.8
0,547.7
0,546
0,546.2
0,546.1
0,546.2
0,546
0,548.1
0,547.8
0,547.1
0,547
0,547.2
0,546.8
0,546.5
0,545.8
0,545.8
0,545.3
0,545.4
0,545.3
0,545.3
0,544.8
0,544.5
0,545
0,545.1
0,544.8
0,544.4
0,544.2
0,544.1
0,544.1
0,545.6
0,545.6
0,545.7
0,545.2
0,545.8
0,545.8
0,545.5
0,545.5
0,545.7
0,546.7
0,547.7
0,547.3
0,546.6
0,546.4
0,546.3
0,547.7
0,547.7
0,547
0,546.9
0,546.9
0,546.5
0,547.2
0,546.7
0,546.8
0,547.2
0,546.8
0,546.8
0,546.7
0,546.5
0,546.6
0,546.7
0,546.5
0,545.1
0,544.9
0,545.6
0,545.8
0,545.6
0,545.3
0,545.1
0,544.3
0,543.5
0,543.1
0,543.2
0,543.5
0,543.8
0,543.9
0,544.9
0,545.1
0,545
0,544.8
0,544.7
0,544.4
0,544.3
0,544.4
0,544.3
0,544.1
0,543.8
0,543.7
0,544.1
0,544.4
0,543.6
0,544.4
0,545.6
0,545.7
0,543.8
0,543.9
0,543.6
0,544.3
0,543.7
0,543.9
0,544.1
0,544.8
0,544.8
0,544.5
0,544.7
0,544.7
0,544.9
0,545.3
0,545.4
0,545.6
0,546
0,545.8
0,545.9
0,545.9
0,545.6
0,545.7
0,546
0,546
0,545.5
0,545.6
0,546.5
0,546.5
0,546.6
0,547
0,546.6
0,545.7
0,545.6
0,545.7
0,546.8
0,546.8
0,546.9
0,547.3
0,547.1
0,546.9
0,546.7
0,547.4
0,547.2
0,547.1
0,547
0,546.7
0,546.1
0,546.3
0,546.4
0,546.8
0,546.4
0,546.3
0,546.4
0,546.3
0,546.5
0,546.5
0,546.3
0,546.2
0,546.3
0,546.2
0,546.4
0,546.8
0,546.7
0,546.4
0,546.5
0,547.3
0,547.2
0,547.1
0,546.9
0,547.3
0,547
0,546.8
0,547.1
0,546.3
0,546.7
0,546.7
0,546.7
0,546.7
0,546.7
0,546.7
0,546.7
0,546.5
0,546.4
0,546.6
0,546.6
0,546.7
0,546.8
0,546.5
0,546.1
0,545.7
0,545.9
0,545.8
0,546
0,545.8
0,545.7
0,545.9
0,545.6
0,544.9
0,545.4
0,545.4
0,545.5
0,546
0,545.9
0,546
0,545.7
0,545.9
0,545.7
0,546
0,545.9
0,545.8
0,545.7
0,545.5
0,544.9
0,544.8
0,545.1
0,545.2
0,545.4
0,545.5
0,545.9
0,546.4
0,546.2
0,546.3
0,546.1
0,546
0,545.9
0,546
0,545.8
0,545.4
0,545.6
0,545.8
0,545.8
0,545.9
0,545.6
0,545.7
0,545.8
0,545.4
0,545.3
0,544.6
0,544.6
0,545.4
0,544.8
0,544.7
0,544.5
0,544.2
0,544.6
0,543.6
0,543.2
0,543.5
0,543.7
0,543.6
0,543.7
0,543.6
0,543.2
0,543.7
0,543.8
0,544.4
0,544.4
0,544.5
0,544.6
0,545
0,545.4
0,544.8
0,545.8
0,545.7
0,545.9
0,546.1
0,546.3
0,547.9
0,547.4
0,546.9
0,547.7
0,547.9
0,547.5
0,547.2
0,546.6
0,546.1
0,546
0,545.5
0,545.6
0,545.3
0,544.9
0,544.7
0,545.2
0,545.1
0,545
0,544.6
0,544.5
0,544.3
0,543.7
0,543.8
0,544.3
0,544.6
0,544.2
0,543.4
0,544.2
0,543.9
0,544.2
0,544.3
0,544.6
0,544.5
0,544.3
0,544.5
0,543.9
0,543.4
0,542.9
0,543.1
0,543.9
0,543.1
0,543.3
0,543.4
0,543.5
0,543.4
0,541.7
0,541.6
0,542.5
0,541.7
0,541.5
0,540.7
0,542.5
0,541.8
0,541.2
0,541.9
0,541.6
0,541.3
0,541.3
0,541.5
0,542.1
0,542.2
0,542.1
0,542.1
0,542
0,542.1
0,542.3
0,542.5
0,543
0,544.6
0,544.7
0,544.4
0,544.4
0,544.3
0,543.7
0,543.6
0,543.3
0,544.4
0,545.6
0,546.7
0,547.4
0,547.3
0,548.1
0,548.1
0,547.9
0,547.1
0,546.8
0,546.7
0,545.6
0,545.7
0,545.9
0,548.5
0,548.6
0,547.4
0,547.7
0,547.4
0,547.4
0,546.6
0,546.5
0,546.6
0,546.7
0,546.8
0,546.9
0,546.9
0,546.8
0,546.1
0,545.8
0,546
0,546.1
0,546
0,545.7
0,545.5
0,545.4
0,545.3
0,544.9
0,544.8
0,544.9
0,545.5
0,545
0,544.6
0,544.9
0,544.8
0,545.5
0,545.3
0,545.8
0,546
0,546
0,546
0,546
0,545.9
0,546
0,546.1
0,546.7
0,546.6
0,547
0,546.7
0,546.7
0,546.7
0,546.8
0,547.1
0,547
0,547
0,547.2
0,547
0,547.2
0,547.4
0,547.2
0,546.6
0,546.8
0,546.8
0,546.8
0,545.4
0,545.9
0,546.1
0,546.6
0,546.2
0,546.4
0,546.5
0,546.9
0,546.9
0,546.2
0,545.7
0,546.4
0,546.2
0,546
0,545.9
0,545.8
0,545.7
0,545.7
0,546.1
0,546.2
0,546.1
0,545.7
0,545.6
0,545.4
0,545.3
0,545.4
0,545.4
0,545.7
0,546.1
0,546.1
0,545.8
0,545.9
0,546
0,546.2
0,545.8
0,546
0,546
0,546
0,546.1
0,545.9
0,546.2
0,546
0,546.1
0,546.6
0,545.8
0,545.9
0,546
0,546.7
0,546.5
0,546.3
0,546.3
0,546.5
0,546.5
0,546.9
0,547.1
0,547
0,546.3
0,547.1
0,547
0,545.7
0,546
0,546.1
0,547
0,547.1
0,547.2
0,547.3
0,545.9
0,546.3
0,546.6
0,545.9
0,546
0,546.1
0,546.2
0,545.7
0,545.8
0,546
0,545.9
0,546.1
0,546
0,546.1
0,545.5
0,545.3
0,545.6
0,546
0,545.8
0,545.4
0,546.1
0,545.8
0,546
0,545.8
0,548.6
0,548.1
0,551.9
0,550.4
0,550.5
0,550.4
0,550.4
0,550.4
0,550.5
0,550.8
0,550.3
0,550.3
0,550.6
0,550.3
0,550.6
0,550.6
0,550.6
0,550.4
0,550.2
0,550
0,549.7
0,548.9
0,548.6
0,549.2
0,549
0,549.5
0,549.3
0,549.5
0,549.3
0,549.2
0,549.3
0,549.1
0,549.1
0,548.8
0,548.7
0,547.7
0,548.1
0,548.6
0,548.7
0,548.8
0,549
0,548.9
0,548.5
0,548.2
0,547.8
0,548
0,549.6
0,549.8
0,549.3
0,548.8
0,548.7
0,549
0,549.6
0,549.6
0,549.2
0,548.9
0,548.5
0,548.4
0,547.8
0,547.7
0,547.8
0,547.7
0,547.5
0,547.4
0,547.3
0,546.4
0,546.3
0,546.3
0,546.3
0,546.7
0,546.3
0,546.4
0,546.2
0,546.9
0,546.4
0,546.3
0,546.7
0,546.8
0,546.6
0,546.3
0,546.1
0,546.4
0,546.2
0,545.5
0,545.5
0,545.2
0,545.5
0,545.8
0,545.5
0,545.2
0,545.5
0,544.8
0,544.4
0,544.9
0,545.2
0,545
0,544.6
0,545.1
0,546.3
0,545.9
0,546
0,546
0,546.5
0,546.8
0,546.1
0,546.3
0,546.5
0,546.4
0,546
0,546
0,546
0,546.1
0,546.2
0,546.5
0,546.1
0,545.8
0,546.5
0,545.9
0,545.8
0,545.9
0,545.7
0,545.3
0,544.8
0,545.5
0,545.5
0,544.6
0,544.3
0,544.4
0,544.2
0,544.3
0,544.7
0,544.5
0,544.3
0,544.8
0,544.8
0,545
0,545.1
0,545.2
0,545
0,545.5
0,545.1
0,545.3
0,545.7
0,545.4
0,545.3
0,545.3
0,545.2
0,545.4
0,545
0,544.9
0,545.1
0,545
0,545.1
0,544.9
0,544.9
0,545.1
0,545.1
0,544.9
0,545.1
0,545.1
0,544.9
0,545.1
0,544.8
0,544.2
0,544.9
0,544.8
0,550.5
0,550.3
0,551
0,550.6
0,549.2
0,549.2
0,550.9
0,551
0,552.4
0,553.1
0,553
0,553
0,552.5
0,553
0,553
0,554.3
0,555
0,554.6
0,554.4
0,555.9
0,555.3
0,554.6
0,554.1
0,554.6
0,555
0,555.2
0,555.1
0,555
0,555.2
0,554
0,554
0,554
0,553.6
0,553.7
0,553.8
0,553.8
0,554.3
0,553.5
0,553.4
0,553.3
0,553.2
0,553.2
0,553.3
0,553.2
0,553.1
0,553
0,552.9
0,552.1
0,552.7
0,554.2
0,554.2
0,554.1
0,553.5
0,553.9
0,553.1
0,553.1
0,552.8
0,552.9
0,553
0,552.7
0,552.4
0,552.8
0,552.7
0,553
0,553.1
0,553.5
0,552.7
0,552.3
0,553
0,553.1
0,553.3
0,552.3
0,552.5
0,552.7
0,552.6
0,552.6
0,552.1
0,552.4
0,552.1
0,552.4
0,552.2
0,551.1
0,551.2
0,551.2
0,550.8
0,550.6
0,549.2
0,550.1
0,549.6
0,549.5
0,549.7
0,549.5
0,549.6
0,549.5
0,549.4
0,549.2
0,549
0,549
0,548.7
0,548.4
0,548.7
0,548.6
0,548.7
0,548.5
0,548.7
0,549
0,549
0,549
0,548.1
0,548
0,547.9
0,547.8
0,547.3
0,547.7
0,547.7
0,547.2
0,546.6
0,546.2
0,546.2
0,545.9
0,545.8
0,545.7
0,545.3
0,545.3
0,545.4
0,545.7
0,545.5
0,546
0,545.7
0,545.6
0,545.7
0,545.2
0,545.6
0,545.6
0,545.8
0,546.1
0,546.5
0,546.2
0,546.3
0,546.6
0,546.4
0,546.3
0,546.2
0,546.3
0,546.3
0,546.3
0,546.3
0,546.4
0,546.6
0,546.7
0,545.2
0,545
0,544.9
0,544.8
0,544.5
0,544.4
0,544.3
0,544.2
0,545.5
0,546.3
0,546
0,545.9
0,545.3
0,545.3
0,545
0,545
0,544.8
0,544.8
0,544.6
0,544.7
0,544.8
0,544.6
0,543.6
0,544
0,543.4
0,543.5
0,543.4
0,543.2
0,543.1
0,543.8
0,542.9
0,543
0,542.9
0,542.8
0,543
0,543.3
0,544.3
0,543.9
0,544.1
0,544.2
0,543.2
0,542.8
0,542.7
0,542.5
0,542.3
0,542.4
0,542.7
0,542.4
0,542.5
0,541.9
0,541.7
0,542.1
0,542.6
0,542.5
0,542.6
0,543
0,542.9
0,543.1
0,543.1
0,542.9
0,542.8
0,542.6
0,541.8
0,541.5
0,541.6
0,541.3
0,541
0,541.1
0,540.8
0,540.5
0,540.5
0,540.5
0,540.7
0,540.9
0,541
0,541
0,540.8
0,540.3
0,540.5
0,540.2
0,540.7
0,541.1
0,541
0,540.5
0,540.5
0,540.1
0,539.7
0,539.8
0,539.9
0,539.7
0,540
0,540.1
0,539.7
0,539.3
0,538
0,538.1
0,538.2
0,538.5
0,538.7
0,538.5
0,538.6
0,538.7
0,538.5
0,538.5
0,538.3
0,538
0,538.5
0,538.5
0,538.3
0,537.9
0,538.2
0,538.1
0,538.2
0,538.7
0,538.8
0,538.6
0,538.8
0,539
0,538.9
0,539.1
0,538.9
0,538.9
0,539.2
0,540.3
0,540
0,539.3
0,539.3
0,539.6
0,539.2
0,538.6
0,538.6
0,538.5
0,538.3
0,537.8
0,537.8
0,537.5
0,537.3
0,536
0,535.6
0,535.9
0,535.3
0,534.8
0,535
0,534.6
0,534.4
0,534.4
0,533.8
0,533.4
0,533.8
0,534.2
0,533.4
0,532.7
0,534.3
0,534
0,533.6
0,534
0,533.8
0,533.7
0,533.4
0,533
0,532
0,532
0,532.3
0,532.6
0,532.5
0,533.2
0,532.8
0,532.9
0,533.6
0,533.3
0,534.4
0,534.1
0,534.2
0,534.5
0,534.7
0,534.6
0,534
0,533.5
0,533.5
0,533.5
0,533.5
0,533.8
0,533.5
0,533.3
0,533.3
0,533.2
0,533.1
0,533.3
0,533.1
0,533
0,532.8
0,533.2
0,532.5
0,533.4
0,533.3
0,533.2
0,533.1
0,532.2
0,532.3
0,532.6
0,532
0,531.9
0,532.4
0,532.2
0,532.3
0,532.5
0,532.5
0,533.3
0,533.4
0,534
0,533.6
0,532.8
0,533.2
0,533
0,532.9
0,533.1
0,533.3
0,532.9
0,532.8
0,532.5
0,532.3
0,533
0,532.9
0,532.7
0,532.9
0,532.9
0,533.1
0,532.9
0,533.2
0,532.9
0,532.5
0,533.3
0,456.05
0,456.05
0,455.3
0,454.45
0,454.1
0,453.55
0,454.35
0,454.55
0,454.65
0,454.5
0,454.7
0,454.6
0,454.45
0,453.95
0,454
0,453.9
0,454.15
0,454.15
0,455.15
0,455.4
0,454.85
0,455.55
0,455.45
0,454.85
0,454.95
0,454.95
0,455.05
0,454.85
0,455.45
0,455.7
0,455.45
0,455.2
0,455.4
0,455.35
0,455.55
0,455.75
0,455.4
0,455.35
0,455.4
0,455.6
0,455.35
0,455.25
0,455.1
0,455.25
0,455.3
0,454.9
0,455.2
0,456.75
0,456.85
0,457.7
0,457.2
0,457.2
0,456.5
0,456.75
0,456.25
0,456.1
0,455.85
0,456.05
0,455.95
0,456.15
0,456
0,456.1
0,456.25
0,456.75
0,456.9
0,456.35
0,456.1
0,456.6
0,457.15
0,457.1
0,457.1
0,457.05
0,456.95
0,456.8
0,456.85
0,457.15
0,457.15
0,457.8
0,457.7
0,457.95
0,458.1
0,458.25
0,458.6
0,458.9
0,459.55
0,459.6
0,459.75
0,460.1
0,460.2
0,460
0,459.7
0,459.65
0,459.7
0,459.4
0,458.9
0,458.7
0,458.4
0,458.35
0,457.95
0,458.05
0,457.85
0,457.75
0,457.5
0,457.45
0,457.35
0,457.25
0,457.5
0,457.6
0,457.8
0,457.65
0,457.9
0,457.8
0,457.65
0,457.8
0,457.75
0,458.15
0,458
0,458.4
0,458.4
0,458.55
0,458.9
0,459.15
0,459.3
0,459.4
0,459.45
0,459.65
0,459.7
0,459.65
0,459.7
0,460.35
0,459.75
0,459.9
0,460
0,459.95
0,460.1
0,460.35
0,460.25
0,460.5
0,460.4
0,460.45
0,460.15
0,460.4
0,460.05
0,460
0,459.7
0,459.3
0,459.45
0,459.3
0,459.05
0,459
0,458.65
0,459.8
0,460
0,460.15
0,460.2
0,460.15
0,460.2
0,460.2
0,460.2
0,460.25
0,460.7
0,460.9
0,460.8
0,460.85
0,460.9
0,460.55
0,461.05
0,461.1
0,461.1
0,460.8
0,460.9
0,460.8
0,460.65
0,460.6
0,460.55
0,460.15
0,459.75
0,460.1
0,460.4
0,460.9
0,461.05
0,461.05
0,461.45
0,461.45
0,461.55
0,461.7
0,461.6
0,461.85
0,461.8
0,462.05
0,462.2
0,462.6
0,462.55
0,462.55
0,462.4
0,462.5
0,462.5
0,462.35
0,462.4
0,462.9
0,463
0,462.9
0,462.95
0,463
0,463.05
0,463.1
0,463.15
0,463.05
0,463.15
0,463.3
0,463.35
0,463.15
0,462.55
0,462.6
0,462.95
0,463.45
0,463
0,463.05
0,462.7
0,462.45
0,461.95
0,461.9
0,462.55
0,462.4
0,462.5
0,462.35
0,462.3
0,462.6
0,462.65
0,462.75
0,462.6
0,462.65
0,462.8
0,463.1
0,463.1
0,462.85
0,462.7
0,463.05
0,463.05
0,463
0,463.25
0,463.4
0,463.9
0,464.05
0,464.05
0,464.05
0,464
0,464
0,463.6
0,463.4
0,463.35
0,463.75
0,464.05
0,464.15
0,464.55
0,464.65
0,464.55
0,465.35
0,465.45
0,465.1
0,464.75
0,464.55
0,464.25
0,464.2
0,464.55
0,464.6
0,464.65
0,464.35
0,464.3
0,464
0,463.7
0,464
0,464.15
0,464.2
0,464.55
0,464.75
0,465.15
0,465
0,465.2
0,464.95
0,465
0,464.8
0,464.5
0,464.9
0,464.85
0,464.35
0,464
0,463.85
0,464.25
0,464.35
0,464.25
0,464.2
0,464.55
0,464.6
0,464.2
0,464.35
0,464.45
0,464.15
0,464.15
0,464
0,464.25
0,464.2
0,464.2
0,463.85
0,463.7
0,463.9
0,463.95
0,464
0,464.1
0,464
0,463.8
0,463.9
0,463.95
0,463.65
0,463.75
0,463.65
0,463.25
0,463.1
0,463.05
0,463.15
0,463.1
0,463.1
0,462.6
0,463.15
0,463.15
0,462.95
0,463.15
0,463.45
0,463.5
0,463.65
0,463.65
0,463.95
0,463.9
0,463.85
0,463.55
0,463.6
0,463.4
0,463.7
0,463.65
0,463.85
0,463.55
0,463.35
0,463.25
0,463
0,463.05
0,463.15
0,463.3
0,463.45
0,463.45
0,463.4
0,463.65
0,463.55
0,463.35
0,463.2
0,463.45
0,463.4
0,463.15
0,462.85
0,462.9
0,463
0,463.05
0,463.05
0,463.35
0,463.6
0,463.55
0,463.75
0,464.1
0,463.95
0,464.15
0,464.2
0,464.25
0,464.05
0,464.3
0,464.25
0,464.5
0,464.95
0,465.15
0,465
0,465.25
0,465.6
0,465.7
0,466.15
0,466.45
0,466.45
0,466.75
0,466.7
0,466.65
0,466.9
0,466.85
0,467.15
0,467.25
0,467.3
0,467.35
0,467.25
0,467.05
0,466.7
0,467.1
0,467.15
0,466.4
0,466.75
0,466.85
0,466.9
0,466.35
0,466.1
0,466.15
0,466
0,465.65
0,465.45
0,465.25
0,465.2
0,464.7
0,464.75
0,464.55
0,464.25
0,464.25
0,464.4
0,464.15
0,464.15
0,464.35
0,464.05
0,464.15
0,464.35
0,464.35
0,464.35
0,464.1
0,464.15
0,464.3
0,464.7
0,464.25
0,464.2
0,464.15
0,464.1
0,464.3
0,464.05
0,464.2
0,464.2
0,464.1
0,464.05
0,464.15
0,464.2
0,464.25
0,464.65
0,464.75
0,464.8
0,464.95
0,465.2
0,464.9
0,465.15
0,465.25
0,465.05
0,465.25
0,464.9
0,465.1
0,465.2
0,465.25
0,465.35
0,465.45
0,465.35
0,465.65
0,465.55
0,465.75
0,465.25
0,465.05
0,465.1
0,464.6
0,464.75
0,464.75
0,464.95
0,464.6
0,464.35
0,464.95
0,465.15
0,465.1
0,465.15
0,465.15
0,465.25
0,465.3
0,464.8
0,464.7
0,464.35
0,464.2
0,464.6
0,464.25
0,464.15
0,463.65
0,463.75
0,463.85
0,463.8
0,463.65
0,463.4
0,463.45
0,463.3
0,463.45
0,462.45
0,462.45
0,462.3
0,462.1
0,462.3
0,462.35
0,462.1
0,462.5
0,462.9
0,462.5
0,461.15
0,461.35
0,462.05
0,461.85
0,461.8
0,462
0,462.2
0,462.4
0,462.25
0,462
0,462.3
0,462.5
0,462.85
0,462.9
0,462.55
0,462.7
0,462.75
0,462.9
0,463.05
0,462.8
0,462.9
0,463.25
0,463.25
0,463.1
0,463.35
0,463.7
0,463.9
0,463.85
0,463.65
0,463.75
0,464.15
0,464.5
0,464.55
0,464.5
0,464.45
0,464.15
0,464.25
0,464.35
0,465.1
0,464.9
0,464.8
0,464.55
0,464.65
0,465.1
0,464.9
0,464.45
0,464.55
0,464.65
0,464.95
0,465.05
0,465.3
0,465.25
0,465.1
0,465.1
0,465.05
0,465.15
0,465.35
0,465.35
0,465.55
0,465.55
0,465.5
0,466.7
0,466.9
0,466.95
0,467.05
0,467.1
0,467.5
0,467.15
0,467.35
0,467.55
0,467.8
0,467.65
0,467.6
0,466.9
0,467.2
0,467.15
0,467.2
0,467.25
0,467.35
0,467.6
0,467.55
0,467.1
0,467.1
0,467
0,467.05
0,467.65
0,467.55
0,467.45
0,467.3
0,466.75
0,466.65
0,467.2
0,467.3
0,467.05
0,467.1
0,467.05
0,467
0,467.15
0,466.9
0,467.2
0,467.2
0,467.2
0,466.85
0,467.1
0,467.05
0,467.1
0,467.15
0,467.35
0,467.25
0,467.2
0,467.3
0,467.1
0,467
0,467.35
0,467.1
0,467.45
0,467.3
0,467.35
0,467.45
0,467.2
0,467.3
0,467.3
0,467.45
0,467.35
0,467.2
0,467.35
0,467.15
0,467.3
0,467.65
0,467.65
0,467.25
0,467.15
0,467.15
0,467
0,466.8
0,466.55
0,467
0,467.05
0,467.25
0,467.6
0,467.55
0,467.55
0,467.8
0,467.95
0,467.6
0,467.35
0,467.55
0,467.3
0,467.7
0,467.55
0,467.55
0,467.75
0,468.1
0,468.25
0,468.2
0,468.45
0,468.2
0,468.35
0,468.55
0,468.95
0,469.05
0,468.7
0,468.85
0,468.95
0,469.3
0,469.05
0,469.05
0,469.25
0,469
0,468.8
0,469.15
0,468.9
0,468.95
0,468.85
0,468.6
0,468.75
0,468.65
0,468.8
0,468.5
0,468.35
0,468.25
0,468.25
0,468.25
0,468.1
0,467.8
0,467.85
0,467.85
0,467.75
0,467.75
0,467.6
0,466.85
0,466.75
0,466.65
0,466.35
0,466.75
0,466.65
0,465.95
0,466.45
0,466.15
0,466.15
0,466.05
0,466.1
0,466
0,465.8
0,465.65
0,465.6
0,465.95
0,466.05
0,466.05
0,466.35
0,466.4
0,466.8
0,466.9
0,467.2
0,467.15
0,467.1
0,467.05
0,467
0,467.15
0,467.25
0,467.2
0,467.35
0,467.05
0,466.95
0,466.8
0,466.75
0,466.65
0,466.65
0,466.6
0,466.7
0,466.65
0,466.35
0,466.35
0,466.25
0,466.15
0,466.55
0,466.5
0,466.55
0,466.6
0,466.65
0,466.4
0,466.05
0,465.65
0,466
0,466.5
0,466.55
0,466.55
0,466.55
0,466.5
0,466.15
0,466.25
0,466.25
0,466.05
0,466.3
0,466.3
0,466.4
0,466.25
0,466.5
0,466.65
0,466.8
0,466.65
0,467.05
0,467.1
0,467.05
0,467.2
0,467.3
0,467.4
0,467.6
0,467.7
0,467.75
0,467.8
0,467.9
0,467.9
0,467.95
0,467.85
0,467.65
0,467.75
0,467.9
0,467.85
0,467.8
0,467.65
0,467.55
0,467.75
0,467.8
0,467.95
0,468.1
0,467.7
0,467.6
0,467.45
0,467.05
0,467
0,467.25
0,467.3
0,467.4
0,467.4
0,467.35
0,467.35
0,467.25
0,467.15
0,467.15
0,467.05
0,467.15
0,467.2
0,467.25
0,466.95
0,466.95
0,466.95
0,466.65
0,466.75
0,466.8
0,466.9
0,466.85
0,467.15
0,467.4
0,467.75
0,467.6
0,467.5
0,467.65
0,467.55
0,467.55
0,467.6
0,467.55
0,467.95
0,468.1
0,468.15
0,468.55
0,468.55
0,468.3
0,468.35
0,468.35
0,468.05
0,468.05
0,468.2
0,468.2
0,468.15
0,468.45
0,468.3
0,468.35
0,468.45
0,468.35
0,468.6
0,468.55
0,468.55
0,468.45
0,468.45
0,468.4
0,468.45
0,468.45
0,468.65
0,469.5
0,468.95
0,469.05
0,469.25
0,469.25
0,469.35
0,469.45
0,469.8
0,470
0,470
0,469.85
0,470.05
0,469.55
0,470
0,470.25
0,470.35
0,469.8
0,469.2
0,468.9
0,468.45
0,468.4
0,468.5
0,468.25
0,467.85
0,467.65
0,467.1
0,467.2
0,467.85
0,467.95
0,467.85
0,467.95
0,467.95
0,467.9
0,467.85
0,467.65
0,467.25
0,467.3
0,466.85
0,467.05
0,467.05
0,467.05
0,466.8
0,466.6
0,465.85
0,465.85
0,465.65
0,465.75
0,465.45
0,465.05
0,465.35
0,464.9
0,465.15
0,465.1
0,464.75
0,464.65
0,464.45
0,464.65
0,464.35
0,463.95
0,464.25
0,463.95
0,464.15
0,464.3
0,464.1
0,463.7
0,463.6
0,463.4
0,463.65
0,463.65
0,463.15
0,463.25
0,462.85
0,463.2
0,463.5
0,463.45
0,463.35
0,463.55
0,463.45
0,463.85
0,464.6
0,464.15
0,464.15
0,464.05
0,464
0,464.1
0,463.6
0,463.6
0,463.85
0,464.25
0,464.3
0,464.6
0,464.65
0,464.85
0,464.8
0,464.65
0,464.65
0,464.95
0,465
0,464.65
0,464.75
0,464.7
0,464.5
0,464.65
0,464.8
0,464.8
0,464.95
0,464.45
0,464.4
0,464.05
0,464.3
0,464.75
0,464.7
0,464.55
0,464.8
0,464.85
0,464.85
0,464.95
0,465
0,464.95
0,464.75
0,464.35
0,464.5
0,467.2
0,467.2
0,467.6
0,467.35
0,468.3
0,468.85
0,467.1
0,466.7
0,466.55
0,466.3
0,466.45
0,465.85
0,465.2
0,464.9
0,465.3
0,466.15
0,466.5
0,466.35
0,466.55
0,466.3
0,466.5
0,466.85
0,466.55
0,467
0,467.9
0,467.4
0,467.5
0,467.75
0,468.05
0,468.2
0,468.45
0,468.25
0,467.95
0,467.85
0,467.4
0,466.75
0,466.7
0,467
0,467.45
0,467.45
0,467.45
0,467.5
0,467.4
0,467.6
0,467.15
0,467.2
0,466.9
0,466.65
0,466.55
0,466.55
0,467.15
0,466.95
0,466.9
0,467.5
0,467.35
0,467.65
0,467.85
0,467.9
0,467.8
0,467.8
0,467.55
0,467.25
0,467.25
0,467.25
0,467.85
0,467.55
0,467.7
0,467.95
0,468.55
0,468.65
0,468.35
0,468.2
0,467.85
0,468.4
0,468.45
0,468.35
0,468.5
0,468.2
0,468.2
0,468
0,467.95
0,467.85
0,469.15
0,469.35
0,469.4
0,469.3
0,469.45
0,469.25
0,469.45
0,469.85
0,469.8
0,469.95
0,469.85
0,469.95
0,470.25
0,470.4
0,470.15
0,470.05
0,470.1
0,470.1
0,470.2
0,470.35
0,470.05
0,470.1
0,470.3
0,470.35
0,470.55
0,470.55
0,470.7
0,470.85
0,470.6
0,470.9
0,470.8
0,470.8
0,471.05
0,471.3
0,471.25
0,471.45
0,471.2
0,470.8
0,470.45
0,470.55
0,471.05
0,471
0,471.15
0,471.05
0,471.2
0,471.25
0,471.1
0,470.95
0,471.2
0,471.45
0,471.55
0,471.3
0,471
0,470.85
0,470.85
0,471.2
0,470.85
0,470.75
0,470.15
0,469.85
0,469.95
0,469.95
0,469.45
0,469.3
0,469.15
0,469.25
0,469.3
0,469.4
0,469.3
0,469.35
0,468.75
0,469
0,468.85
0,468.8
0,468.95
0,468.85
0,468.8
0,468.8
0,468.7
0,468.4
0,468.35
0,468.25
0,468.2
0,468.2
0,468.25
0,468.05
0,468.25
0,467.9
0,468.05
0,468.1
0,468.1
0,468.2
0,468.65
0,468.6
0,468.65
0,468.2
0,468.15
0,468
0,468.4
0,468.2
0,467.7
0,467.65
0,467.75
0,467.85
0,467.9
0,467.9
0,468.1
0,468.15
0,468.25
0,468.55
0,468.3
0,468.25
0,468.2
0,468.15
0,468.3
0,468
0,468.25
0,468.8
0,468.7
0,468.7
0,468.75
0,468.5
0,468.3
0,468.1
0,468
0,468.25
0,468.3
0,468.05
0,468.25
0,468.05
0,468.15
0,468
0,467.75
0,467.8
0,467.65
0,467.6
0,467.55
0,467.85
0,468.15
0,467.95
0,467.8
0,467.65
0,467.4
0,467.55
0,467.25
0,467.3
0,467.3
0,467.45
0,467.5
0,467.55
0,467.85
0,467.7
0,467.3
0,467.1
0,467.45
0,467.5
0,467.4
0,467.6
0,467.55
0,467.65
0,467.8
0,467.75
0,467.85
0,467.95
0,467.9
0,467.75
0,467.85
0,467.75
0,467.9
0,467.8
0,467.9
0,467.85
0,468
0,468.25
0,468.4
0,468.45
0,468
0,468
0,467.9
0,467.75
0,467.55
0,467.85
0,467.65
0,467.45
0,467.65
0,468.15
0,468
0,467.95
0,467.6
0,467.8
0,467.8
0,467.75
0,467.7
0,467.55
0,467.6
0,467.5
0,467.45
0,467.45
0,467.65
0,467.7
0,467.5
0,467.4
0,467.6
0,467.75
0,467.85
0,467.85
0,467.65
0,467.65
0,468.05
0,467.95
0,468
0,467.9
0,468.15
0,467.7
0,467.7
0,467.95
0,468
0,467.85
0,467.75
0,467.65
0,467.55
0,467.45
0,467.55
0,467.45
0,467.45
0,467.6
0,467.75
0,467.75
0,467.2
0,467.15
0,467.3
0,467.35
0,467.5
0,467.75
0,467.6
0,467.25
0,467.45
0,467.25
0,467.6
0,467.7
0,467.75
0,467.5
0,467.8
0,467.65
0,467.8
0,467.5
0,467.5
0,467.5
0,467.8
0,467.85
0,468.2
0,468.2
0,468.3
0,468.4
0,468.4
0,468.5
0,468.65
0,468.45
0,468.55
0,468.6
0,468.65
0,468.6
0,468.65
0,468.7
0,468.55
0,468.2
0,468.25
0,467.95
0,468.05
0,468.25
0,467.95
0,468.25
0,468.6
0,468.65
0,468.5
0,468.4
0,468.8
0,468.6
0,468.45
0,468.25
0,468.1
0,468
0,468.1
0,467.9
0,468
0,468.3
0,468.15
0,468.25
0,468.4
0,468.4
0,468.5
0,468.6
0,468.7
0,468.45
0,468.45
0,468.6
0,468.35
0,468.3
0,468
0,468.3
0,468.55
0,468.4
0,468.5
0,468.8
0,468.8
0,468.7
0,468.75
0,469.3
0,469.5
0,469.6
0,469.7
0,469.65
0,469.85
0,469.4
0,469.55
0,469.65
0,469.65
0,469.6
0,470.25
0,470.55
0,470.25
0,469.85
0,469.95
0,470.15
0,470.1
0,470.3
0,470.35
0,470.95
0,471.35
0,471.45
0,471.9
0,471.8
0,471.65
0,472.2
0,472.15
0,472.15
0,472.25
0,472.1
0,471.8
0,471.85
0,471.55
0,471.5
0,471
0,470.95
0,471.25
0,470.8
0,470.35
0,470.75
0,471.75
0,472.3
0,472.45
0,472.75
0,472.65
0,472.55
0,472.7
0,472.7
0,473.25
0,473
0,472.95
0,473.05
0,472.75
0,473.15
0,472.9
0,473.2
0,473.3
0,472.9
0,472.85
0,472.8
0,472.7
0,472.45
0,472.45
0,472.45
0,472.7
0,472.6
0,472.15
0,471.85
0,472.5
0,472.65
0,473.15
0,473.25
0,473.05
0,472.95
0,473.3
0,473.6
0,473.2
0,473.6
0,473.5
0,473.7
0,473.65
0,474.15
0,474.15
0,474
0,474.1
0,474.05
0,474.4
0,474.85
0,474.95
0,474.9
0,474.9
0,475.05
0,474.6
0,474.55
0,474.35
0,474
0,473.75
0,473.85
0,473.85
0,473.8
0,473.2
0,472.75
0,472.95
0,473
0,473.3
0,473.3
0,473.75
0,476.7
0,475
0,474.85
0,473.45
0,472.7
0,474.05
0,472.05
0,471.1
0,470.15
0,469.8
0,469.75
0,469.85
0,469.75
0,470.35
0,469.55
0,468.95
0,468.5
0,468.6
0,468.05
0,467.8
0,467.6
0,467.55
0,468.15
0,467.95
0,468.1
0,468.65
0,469.15
0,469.45
0,469.3
0,469.4
0,469
0,469.25
0,469.25
0,469.4
0,469.7
0,469.3
0,469.2
0,469.35
0,469.3
0,469.05
0,469
0,468.8
0,469.55
0,469.8
0,469.8
0,468.95
0,469.05
0,468.75
0,468.8
0,468.85
0,468.85
0,469
0,468.8
0,468.25
0,468.15
0,467.85
0,468.2
0,468.25
0,468.3
0,468.3
0,469
0,469
0,469.5
0,469.15
0,469.3
0,469.35
0,469.3
0,469.5
0,469.25
0,469.35
0,469.65
0,469.55
0,468.85
0,468.85
0,468.9
0,468.1
0,468
0,468.05
0,467.95
0,467.7
0,468.05
0,468.15
0,467.95
0,467.7
0,467.55
0,467.6
0,467.15
0,467.15
0,467.1
0,466.7
0,466.6
0,466.4
0,466.3
0,466.15
0,466.15
0,466.6
0,466.6
0,466.65
0,466.35
0,466
0,465.7
0,466
0,466.05
0,465.85
0,465.95
0,465.45
0,465.5
0,465.4
0,465.1
0,465.15
0,465.15
0,464.95
0,464.7
0,464.7
0,464.65
0,464.55
0,464.4
0,464.3
0,464.25
0,464.2
0,464.15
0,463.95
0,464.25
0,464.65
0,465.2
0,465
0,465.2
0,464.9
0,465.25
0,465.15
0,465.2
0,465.2
0,465.25
0,465.65
0,465.65
0,465.7
0,465.75
0,465.55
0,466
0,466.25
0,465.9
0,465.75
0,466.1
0,466.35
0,466.15
0,466.35
0,466.05
0,465.45
0,465.45
0,465.25
0,465.05
0,464.75
0,464.85
0,464.65
0,464.65
0,464.8
0,464.75
0,464.95
0,464.8
0,464.85
0,464.75
0,464.75
0,464.75
0,464.7
0,464.5
0,464.5
0,464.6
0,464.8
0,464.7
0,464.75
0,464.7
0,464.6
0,464.75
0,464.55
0,464.55
0,464.45
0,464.8
0,464.25
0,464.1
0,464.1
0,464.05
0,464
0,464.1
0,464.05
0,464
0,463.85
0,464
0,463.95
0,463.5
0,463.05
0,463.25
0,462.85
0,462.85
0,462.3
0,462.35
0,462.2
0,462.75
0,462.8
0,462.35
0,462.25
0,462
0,462.25
0,462.15
0,462.2
0,462.35
0,462.4
0,462.35
0,462.25
0,462.55
0,462.45
0,462.35
0,462.6
0,462.45
0,462.8
0,463
0,463.7
0,463.75
0,463.5
0,463.25
0,463.45
0,463.55
0,463.65
0,463.35
0,463.4
0,463.1
0,463.15
0,463.15
0,463.15
0,463.05
0,463.2
0,463.65
0,463.65
0,462.55
0,462.5
0,462.6
0,462.7
0,462.8
0,462.95
0,462.85
0,462.85
0,462.75
0,463
0,463
0,463.3
0,463.45
0,463.2
0,463.8
0,464.15
0,464.15
0,464.35
0,464.4
0,464.45
0,464.45
0,464.35
0,464.35
0,464.6
0,464.65
0,464.45
0,464.5
0,464.35
0,464.35
0,464.4
0,464.5
0,464.6
0,464.45
0,464.6
0,464.65
0,464.75
0,464.55
0,464.85
0,464.9
0,464.6
0,464.9
0,464.65
0,464.65
0,464.6
0,464.2
0,464.15
0,464.1
0,464.1
0,464.1
0,464
0,464.25
0,464.15
0,464.2
0,464.1
0,464.15
0,464.05
0,464.05
0,464.15
0,464.4
0,464.25
0,464.25
0,464.35
0,464.35
0,464.45
0,464.35
0,464.35
0,464.25
0,464.1
0,464.35
0,464.5
0,464.5
0,464.25
0,464.5
0,464.55
0,464.65
0,464.55
0,464.6
0,464.75
0,464.65
0,464.55
0,464.6
0,464.45
0,464.3
0,464.15
0,464.45
0,464.35
0,464.3
0,464.3
0,464.35
0,464.5
0,464.45
0,464.7
0,464.55
0,464.6
0,464.6
0,464.5
0,464.55
0,464.5
0,464.55
0,464.6
0,464.7
0,464.55
0,464.45
0,464.65
0,464.9
0,464.6
0,464.6
0,464.6
0,464.4
0,464.55
0,464.45
0,464.4
0,464.65
0,464.75
0,465.05
0,465.1
0,465.1
0,465.15
0,465.35
0,465.25
0,465
0,465.05
0,465.25
0,465.15
0,464.95
0,464.9
0,465.1
0,464.95
0,464.95
0,464.85
0,464.95
0,464.75
0,464.4
0,464.4
0,464.5
0,464.3
0,464.45
0,464.65
0,464.6
0,464.4
0,464.3
0,464.55
0,464.55
0,464.3
0,463.6
0,463.85
0,463.95
0,463.85
0,464.15
0,464.2
0,464.75
0,464.45
0,464.65
0,464.35
0,464.25
0,464.2
0,464.25
0,464.1
0,464
0,463.9
0,463.7
0,463.7
0,463.7
0,463.7
0,463.6
0,463.9
0,464.15
0,465.25
0,464.6
0,464.8
0,465
0,465.55
0,465.8
0,465.4
0,465.35
0,465.15
0,464.95
0,464.65
0,464.15
0,463.8
0,463.45
0,463.15
0,463.25
0,462.95
0,462.9
0,463.15
0,462.5
0,462.3
0,462.05
0,462
0,461.85
0,461.8
0,462
0,462.05
0,461.85
0,462.6
0,462.5
0,462.55
0,462.8
0,463.15
0,463.5
0,463.75
0,464.45
0,464.5
0,464.8
0,464.75
0,465.15
0,464.85
0,464.65
0,464.6
0,465
0,465
0,464.65
0,464.5
0,464.35
0,464.8
0,464.85
0,464.7
0,464.85
0,464.6
0,464.65
0,464.7
0,464.5
0,464.35
0,464.25
0,464.35
0,464.2
0,464.4
0,464.55
0,464.6
0,464.5
0,464.6
0,464.65
0,464.75
0,464.85
0,464.75
0,464.9
0,465.15
0,465.4
0,465.4
0,465.5
0,465.45
0,465.85
0,466
0,465.75
0,465.45
0,465.5
0,465.85
0,465.9
0,465.5
0,465.9
0,466
0,466
0,465.9
0,465.85
0,465.7
0,466.15
0,467.35
0,467.15
0,467.25
0,467.35
0,468.25
0,468.6
0,468.3
0,467.85
0,468.05
0,469.45
0,469.75
0,470.1
0,470.7
0,471.25
0,472
0,472.8
0,471.9
0,472
0,471.9
0,471.65
0,472.3
0,472.7
0,473
0,473.4
0,473.95
0,473.35
0,473.35
0,473
0,473.15
0,473.45
0,473.15
0,473.65
0,473.45
0,473.2
0,473.15
0,473.45
0,473.35
0,474.05
0,473.9
0,473.9
0,473.8
0,473.85
0,473.15
0,472.7
0,472.65
0,472.4
0,472.8
0,473.4
0,473.35
0,473.95
0,473.6
0,473.95
0,473
0,472.95
0,473.4
0,472.75
0,472.55
0,472.55
0,473.15
0,473.55
0,473.3
0,473.2
0,473.05
0,473.1
0,472.9
0,473.05
0,473.2
0,473.8
0,474
0,474.5
0,474.5
0,474.7
0,474.95
0,474.9
0,474.5
0,474.3
0,474.4
0,474.85
0,474.95
0,475.05
0,474.9
0,473.9
0,473.95
0,473.55
0,473.3
0,473.05
0,473.7
0,473.85
0,474
0,474.4
0,474.05
0,474.05
0,474
0,473.8
0,473.85
0,473.95
0,474.2
0,474.25
0,474.55
0,474.95
0,475.05
0,475.05
0,475
0,475
0,474.7
0,474.7
0,474.3
0,473.8
0,473.65
0,473.7
0,473.65
0,473.2
0,473.35
0,473.1
0,473.05
0,472.95
0,472.95
0,472.95
0,473.1
0,473.15
0,473.25
0,473.35
0,473.35
0,473.3
0,473.55
0,473.55
0,473.6
0,473.8
0,473.9
0,473.9
0,473.85
0,474.15
0,473.95
0,473.8
0,473.65
0,473.8
0,473.7
0,474.05
0,473.55
0,473.8
0,473.5
0,473.5
0,473.4
0,473.25
0,473.5
0,473.3
0,473.6
0,473.85
0,473.8
0,474.4
0,474.55
0,474.5
0,474.1
0,473.9
0,473.55
0,473.65
0,473.4
0,473.35
0,473.2
0,473.5
0,473.4
0,473.4
0,473.35
0,473.65
0,473.8
0,473.55
0,474
0,473.95
0,474.1
0,474.5
0,474.75
0,474.9
0,474.75
0,474.85
0,474.5
0,474.65
0,474.65
0,474.85
0,475.3
0,475.4
0,475.5
0,475.6
0,475.65
0,475.75
0,475.9
0,476
0,476.15
0,476.3
0,476.3
0,476.3
0,476.25
0,476.25
0,475.8
0,475.65
0,475.4
0,474.85
0,474.75
0,474.6
0,474.35
0,474.6
0,474.55
0,474.9
0,474.95
0,475.5
0,475.7
0,475.15
0,475
0,475.05
0,475.35
0,475.1
0,474.95
0,474.95
0,474.95
0,474.95
0,475.2
0,475.1
0,475.05
0,475.05
0,475.65
0,475.85
0,475.85
0,475.65
0,475.45
0,475
0,474.9
0,474.75
0,474.75
0,474.9
0,474.75
0,474.8
0,474.8
0,474.75
0,474.7
0,474.75
0,475.1
0,475.1
0,475.05
0,475.2
0,475.25
0,475.2
0,475.15
0,474.8
0,474.7
0,474.15
0,474.55
0,474.7
0,475.2
0,475.35
0,475.4
0,475.25
0,474.8
0,474.5
0,474.35
0,473.95
0,474.45
0,474.3
0,474.75
0,474.5
0,474.55
0,474.6
0,474.65
0,474.55
0,474.45
0,474.1
0,473.6
0,473.05
0,473.15
0,472.7
0,472.45
0,472.75
0,473
0,473.4
0,473.7
0,473.75
0,473.9
0,474.05
0,474.1
0,474.05
0,474.05
0,474
0,474
0,473.9
0,473.8
0,473.9
0,473.6
0,473.75
0,473.7
0,474
0,474.45
0,474.45
0,474.3
0,473.95
0,473.95
0,473.85
0,473.85
0,473.45
0,473.4
0,473.35
0,473.55
0,473.4
0,473.3
0,473.3
0,473.6
0,474.25
0,474.45
0,474.65
0,474.55
0,474.7
0,474.8
0,474.8
0,474.9
0,474.75
0,474.5
0,474.5
0,474.45
0,474.2
0,474.2
0,474
0,474.3
0,474.15
0,474.25
0,474.6
0,474.65
0,474.85
0,475.5
0,475.4
0,475.5
0,476.05
0,476.2
0,476.1
0,476.3
0,476.15
0,475.65
0,475.55
0,475.95
0,475.95
0,475.75
0,475.65
0,475.65
0,475.65
0,475.7
0,475.95
0,476.05
0,476.1
0,476.3
0,476.35
0,476.75
0,476.7
0,476.05
0,476.25
0,476.25
0,476.3
0,476.25
0,476.1
0,476.05
0,476.25
0,476.45
0,476.3
0,476.2
0,475.8
0,475.85
0,475.85
0,475.8
0,475.7
0,475.95
0,476.05
0,476.15
0,476.25
0,475.75
0,475.5
0,475.45
0,474.8
0,474.7
0,475.05
0,475.2
0,475.35
0,475.9
0,475.55
0,475.25
0,475
0,474.95
0,474.8
0,474.95
0,474.7
0,474.75
0,474.9
0,474.65
0,473.9
0,474.1
0,474.05
0,474
0,474.55
0,474.4
0,474.15
0,474.45
0,474.55
0,474.75
0,474.75
0,474.65
0,474.65
0,474.4
0,474.45
0,474.25
0,474.35
0,474.35
0,474.55
0,474.6
0,474.55
0,474.95
0,474.85
0,474.6
0,474.75
0,474.75
0,474.65
0,474.65
0,474.55
0,474.1
0,473.95
0,474
0,473.95
0,473.4
0,473.25
0,473.2
0,473.2
0,473.45
0,473.5
0,473.5
0,474.1
0,474.4
0,474.7
0,474.65
0,474.75
0,474.55
0,474.25
0,474.3
0,474.2
0,474.45
0,474.35
0,474.35
0,474.15
0,474.35
0,474.2
0,474.2
0,473.95
0,474.05
0,473.85
0,473.4
0,473.45
0,473.4
0,473.35
0,473.55
0,473.35
0,473.35
0,473.05
0,472.8
0,472.75
0,473.05
0,473.35
0,473.4
0,473.6
0,474
0,474.35
0,474.15
0,474.25
0,474.7
0,474.5
0,474.65
0,475.15
0,475.2
0,475.15
0,474.8
0,474.85
0,474.75
0,475.05
0,475.2
0,475.6
0,475.85
0,476.3
0,476.25
0,476.15
0,476.05
0,475.9
0,475.35
0,475.2
0,475.3
0,475.3
0,475.7
0,475.1
0,475.25
0,478.95
0,476.25
0,479.3
0,479.35
0,479.65
0,478.95
0,477.45
0,477.3
0,477.2
0,477.9
0,477.75
0,478.6
0,479.25
0,478.9
0,479.55
0,479.95
0,479.6
0,479.65
0,480.6
0,480.65
0,480.6
0,481
0,480.8
0,481.55
0,481.8
0,481.7
0,481.3
0,481.25
0,481.15
0,481.1
0,481.25
0,480.4
0,480.75
0,481.25
0,482
0,482.25
0,481.95
0,483.15
0,483.15
0,483.35
0,484.1
0,484.55
0,484.05
0,484.35
0,484.2
0,484
0,484.1
0,484.6
0,484.75
0,484.9
0,484.7
0,484.75
0,484.95
0,485.6
0,485.3
0,485.5
0,485.6
0,485.6
0,484.95
0,485.2
0,485.15
0,485.4
0,485.25
0,485.85
0,486.15
0,486.1
0,486.25
0,486.85
0,486.05
0,486.05
0,485.7
0,485.95
0,485.9
0,485.95
0,485.8
0,485.45
0,486.2
0,487.2
0,487.4
0,487.35
0,487.35
0,487.35
0,487.65
0,488.2
0,488.1
0,488.45
0,488.85
0,488.7
0,489
0,488.9
0,489.05
0,489.15
0,489.15
0,489.3
0,490.05
0,490.1
0,489.6
0,489.3
0,489.55
0,490.1
0,490.45
0,490.5
0,490.45
0,489.9
0,489.7
0,489.1
0,489.1
0,489.35
0,489.45
0,489.55
0,489.45
0,488.5
0,488.55
0,488
0,487.55
0,487.55
0,487.5
0,487.15
0,487
0,487.05
0,487.4
0,487.4
0,487.4
0,486.8
0,486.4
0,486.3
0,486
0,485.95
0,485.85
0,486
0,486.85
0,486.8
0,486.75
0,486.8
0,486.75
0,486.6
0,486.25
0,486.05
0,485.85
0,485.7
0,485.95
0,485.95
0,485.85
0,485.65
0,485.85
0,486.5
0,486.1
0,486.35
0,486.25
0,486.35
0,486.5
0,486.6
0,487
0,487.2
0,488
0,488.1
0,488.2
0,488.15
0,488.4
0,487.7
0,488.3
0,488.15
0,488.1
0,488.15
0,488.25
0,489
0,489.05
0,488.45
0,488.4
0,488.1
0,488.1
0,488.1
0,488.2
0,488.35
0,488.2
0,488.15
0,488
0,487.9
0,487.85
0,488.3
0,488.5
0,488.55
0,488.75
0,489
0,488.65
0,488.85
0,488.85
0,488.95
0,489.55
0,489.5
0,489.6
0,489.65
0,489.5
0,488.8
0,488.05
0,487.85
0,487.6
0,487.75
0,487.55
0,487.4
0,486.8
0,487.15
0,487.05
0,487.05
0,486.95
0,487.1
0,486.9
0,486.55
0,486.35
0,486.3
0,486.35
0,486.45
0,486.75
0,486.5
0,486.95
0,487.15
0,487.15
0,487.3
0,487.45
0,487.45
0,487.7
0,487.35
0,486.85
0,487
0,486.95
0,487.05
0,487.2
0,487.1
0,487.1
0,487.35
0,487.9
0,488.05
0,487.95
0,488.05
0,488
0,487.85
0,487.55
0,487.55
0,487.35
0,487.25
0,486.6
0,486.4
0,486.55
0,486.3
0,486.35
0,486.55
0,486.55
0,486.7
0,487.1
0,487.15
0,486.35
0,486.25
0,486.7
0,486.55
0,486.45
0,486.65
0,486.95
0,487.35
0,487.35
0,487.5
0,487.75
0,487.7
0,487.65
0,487.45
0,487.45
0,487.9
0,487.8
0,488.15
0,488
0,488.2
0,488.2
0,488.15
0,487.85
0,488.05
0,488
0,488.3
0,488.25
0,488.3
0,488.2
0,488.4
0,488.9
0,488.95
0,489.05
0,489.15
0,489.1
0,488.9
0,489.15
0,489.35
0,490.1
0,490.1
0,490.15
0,490.55
0,490.5
0,490.7
0,490.8
0,490.7
0,491.15
0,491.6
0,491.45
0,491.75
0,491.85
0,491.65
0,491.25
0,491
0,491.3
0,491.4
0,490.8
0,490.5
0,490.15
0,490.3
0,490.15
0,490.3
0,490.3
0,490.3
0,490.35
0,490.5
0,490.4
0,490
0,489.85
0,489.95
0,490.2
0,490.7
0,490.25
0,490.15
0,489.85
0,489.8
0,489.15
0,489.05
0,489
0,489
0,489.05
0,489.35
0,489.4
0,489.1
0,489.55
0,489.4
0,489.25
0,489.05
0,488.7
0,488.6
0,488.7
0,488.8
0,488.7
0,488.95
0,488.65
0,488.65
0,488.65
0,488.65
0,488.6
0,488.3
0,487.85
0,487.5
0,487.65
0,487.5
0,487.3
0,487.25
0,487.65
0,487.75
0,487.75
0,487.65
0,487.7
0,488.05
0,488.05
0,487.85
0,487.65
0,487.7
0,487.75
0,487.85
0,488.05
0,488.2
0,487.9
0,488.05
0,488.1
0,488.2
0,487.8
0,486.9
0,487
0,487.3
0,487.6
0,487.85
0,487.95
0,488.8
0,488.5
0,488.8
0,488.7
0,488.05
0,488
0,487.9
0,488.25
0,487.9
0,487.9
0,487.8
0,487.45
0,487.4
0,487.65
0,487.55
0,487.6
0,488
0,488.2
0,488.5
0,488.2
0,488.15
0,488
0,487.9
0,488.2
0,488.1
0,487.8
0,487.95
0,487.45
0,487.5
0,487.8
0,487.6
0,487.35
0,487.75
0,487.65
0,487.7
0,487.4
0,487.2
0,487.1
0,486.95
0,487.15
0,487.35
0,487.3
0,487.2
0,487.15
0,487.65
0,487.75
0,487.75
0,487.75
0,487.45
0,487.35
0,487.4
0,487.7
0,487.15
0,487.1
0,486.75
0,487
0,486.6
0,486.35
0,486.45
0,486.65
0,486.65
0,486.85
0,486.75
0,486.85
0,487.05
0,487
0,486.75
0,486.6
0,486.1
0,486.05
0,486.35
0,486.5
0,486.75
0,487
0,487.35
0,487.7
0,487.5
0,487.55
0,487.75
0,487.15
0,487.3
0,487.45
0,487.1
0,487.75
0,487.95
0,487.95
0,487.95
0,487.75
0,487.7
0,487.65
0,487.2
0,486.9
0,486.65
0,486.25
0,485.95
0,486.2
0,486.05
0,485.65
0,486.05
0,486.45
0,486.85
0,487.15
0,486.8
0,487.2
0,487.4
0,487.65
0,487.5
0,487.2
0,486.95
0,487.55
0,487.8
0,485.5
0,485.3
0,484.5
0,484.4
0,484.95
0,484.25
0,483.5
0,484.65
0,484.55
0,484.15
0,483.85
0,483.8
0,484.1
0,484.3
0,485
0,484.8
0,484.5
0,484.4
0,483.7
0,483.5
0,483.7
0,483.4
0,483
0,483.5
0,483.75
0,483.85
0,484.75
0,484.95
0,484.3
0,484.65
0,485
0,485.45
0,485.35
0,484.65
0,484.65
0,484.35
0,484.7
0,484.4
0,484.75
0,485.15
0,484.85
0,484.6
0,484.55
0,484.55
0,484.05
0,484
0,483.6
0,483.6
0,484.4
0,484.4
0,483.75
0,483.75
0,483
0,484.05
0,484.25
0,484.1
0,484.1
0,484.45
0,484.25
0,484.15
0,484.3
0,484.45
0,484.4
0,484.7
0,484.15
0,484.2
0,484.15
0,484.05
0,483.6
0,483.05
0,483.4
0,483.45
0,483
0,483.45
0,483.25
0,483.45
0,483.8
0,484.1
0,484
0,484.15
0,484.3
0,484.15
0,484
0,484.05
0,484.4
0,484.15
0,484
0,484.15
0,483.7
0,483.75
0,484.45
0,484.1
0,484.15
0,484.3
0,484.2
0,484.05
0,483.95
0,484.5
0,484.65
0,484.75
0,485.05
0,484.65
0,484.7
0,484.75
0,484.7
0,484.55
0,484.75
0,485.2
0,485.2
0,485.6
0,485.8
0,485.9
0,485.75
0,485.65
0,485.85
0,485.85
0,485.65
0,485.55
0,485.4
0,484.85
0,484.85
0,484.45
0,484.45
0,484.9
0,484.8
0,484.75
0,484.85
0,484.6
0,484.4
0,484.45
0,484.55
0,485.15
0,485
0,485.3
0,485.3
0,485.2
0,485.1
0,485.35
0,485.55
0,485.4
0,485.1
0,485
0,484.95
0,485.05
0,484.95
0,485.1
0,485.05
0,485.05
0,484.9
0,484.75
0,485.05
0,485.35
0,485.4
0,485.35
0,485.2
0,485.45
0,485.5
0,485.9
0,486.25
0,486.35
0,486.65
0,486.6
0,486.25
0,485.85
0,485.7
0,485.8
0,486.3
0,486.45
0,486.45
0,486.4
0,485.85
0,485.45
0,485.85
0,485.65
0,486.15
0,486
0,485.7
0,485.5
0,485.35
0,485.35
0,485.3
0,485.25
0,485.3
0,485.35
0,485.75
0,485.75
0,485.65
0,485.75
0,485.75
0,485.7
0,485.9
0,486
0,486.35
0,486.05
0,486.05
0,485.9
0,486.1
0,486.1
0,485.95
0,485.05
0,485.3
0,485.4
0,485.3
0,485.3
0,485.5
0,485.45
0,485.35
0,485.25
0,485.3
0,485.05
0,485.2
0,485.05
0,485.5
0,485.4
0,485.7
0,485.95
0,486.3
0,486.25
0,486.4
0,486.9
0,486.95
0,486.4
0,486.05
0,486.05
0,485.95
0,486
0,486.3
0,486.2
0,486.2
0,486.1
0,486
0,486.05
0,486.35
0,486.3
0,486.2
0,485.85
0,485.85
0,486.4
0,486.25
0,486.45
0,486.35
0,486.45
0,486.05
0,485.9
0,486.15
0,486.45
0,486.95
0,486.95
0,486.7
0,486.3
0,486.25
0,486.6
0,486.85
0,486.95
0,487
0,486.9
0,486.8
0,486.65
0,486.55
0,486.45
0,486.65
0,486.8
0,486.85
0,486.7
0,486.45
0,486.8
0,486.5
0,486.55
0,486.45
0,486.45
0,486.7
0,486.55
0,486.2
0,486.3
0,486.6
0,486.7
0,487.1
0,487.65
0,487.6
0,487.75
0,488.05
0,488.45
0,488
0,487.4
0,487.55
0,487.5
0,487.65
0,487.5
0,487.65
0,488.05
0,488.05
0,488
0,488.05
0,487.95
0,488.05
0,488.15
0,488
0,488.35
0,488.35
0,488.1
0,487.9
0,488
0,487.95
0,487.7
0,488
0,488.2
0,488.25
0,488.55
0,488.25
0,488.1
0,488.35
0,488.25
0,488.8
0,488.5
0,488.45
0,488.45
0,488.45
0,488.55
0,488.25
0,488.4
0,488.25
0,488.25
0,487.95
0,487.9
0,488.5
0,488.6
0,488.95
0,489
0,488.7
0,488.45
0,488.45
0,488.4
0,488.4
0,488.2
0,488.15
0,488.3
0,488.5
0,488.65
0,488.55
0,489
0,488.55
0,488.25
0,488.25
0,488.35
0,488.35
0,488.45
0,488.1
0,487.95
0,488.05
0,488.25
0,488.15
0,487.95
0,487.8
0,488.2
0,488
0,488.15
0,487.95
0,487.7
0,487.6
0,487.65
0,487.65
0,487.7
0,487.8
0,488.1
0,487.75
0,487.95
0,487.9
0,487.45
0,487.6
0,487.8
0,487.85
0,487.7
0,487.7
0,487.25
0,487.4
0,487.05
0,486.8
0,487.25
0,487.25
0,487.45
0,487.45
0,487.5
0,487.65
0,487.4
0,487.55
0,487.55
0,487.7
0,487.75
0,487.75
0,488.15
0,488.35
0,488.55
0,489.2
0,488.85
0,488.8
0,489.3
0,489.1
0,489.25
0,489.2
0,488.8
0,488.55
0,488.55
0,489.1
0,488.65
0,488.7
0,488.5
0,488.55
0,488.45
0,488.25
0,488.5
0,488.65
0,488.9
0,489.3
0,489.4
0,489.55
0,489.3
0,489.1
0,489.15
0,489.75
0,489.7
0,489.6
0,489.6
0,489.55
0,489.55
0,489.35
0,489.35
0,489.35
0,489.3
0,489.35
0,489.35
0,490
0,490
0,489.9
0,490.25
0,490.15
0,490.35
0,490.25
0,490.3
0,490.2
0,490.45
0,490.75
0,490.85
0,490.75
0,490.65
0,490.85
0,490.8
0,490.45
0,490.35
0,490.45
0,490.5
0,491.05
0,491.5
0,491.8
0,491.95
0,492.1
0,492.45
0,492.5
0,492.55
0,492.45
0,492.05
0,492.2
0,492.6
0,492.45
0,492.6
0,492.65
0,492.9
0,492.75
0,492.95
0,492.9
0,493.05
0,493.15
0,493.2
0,493.55
0,493.55
0,493.65
0,493.85
0,493.9
0,493.55
0,493.6
0,493.55
0,493.8
0,493.75
0,493.8
0,493.75
0,493.25
0,493.55
0,493.55
0,493.15
0,492.65
0,492.75
0,492.5
0,492.35
0,492.3
0,491.9
0,491.8
0,491.6
0,491.05
0,490.45
0,490.35
0,490.3
0,490.05
0,493.3
0,492.4
0,490.65
0,489.4
0,491.3
0,492.25
0,491
0,490.5
0,490.95
0,490.9
0,491.05
0,491.3
0,490.75
0,491.05
0,490.85
0,490.05
0,490.1
0,490.2
0,490.15
0,490.25
0,490.15
0,490.35
0,490.65
0,490.85
0,490.6
0,490.85
0,491.05
0,491.2
0,491.65
0,492.05
0,492
0,492.1
0,491.9
0,491.75
0,491.75
0,492.05
0,492.8
0,493.25
0,493.5
0,493.95
0,493.9
0,494.15
0,494.4
0,493.9
0,494.15
0,494.3
0,494.45
0,494.8
0,494.65
0,494.75
0,494.6
0,495.35
0,495.7
0,495.35
0,495.45
0,495.85
0,496.1
0,496.15
0,495.55
0,495.8
0,495.55
0,495.7
0,496.2
0,496.35
0,496.75
0,496.9
0,496.7
0,497.65
0,497.45
0,497.35
0,497.15
0,497.3
0,497.25
0,497.05
0,496.95
0,497.5
0,497.45
0,497.8
0,497.6
0,497.45
0,497.4
0,497.05
0,497.3
0,497.15
0,496.95
0,497.05
0,496.75
0,497.35
0,497.35
0,497.05
0,496.65
0,496.8
0,496.9
0,496.95
0,497.15
0,498
0,498.25
0,497.9
0,498.2
0,498.55
0,498.2
0,498.15
0,498.1
0,498.15
0,497.8
0,496.9
0,496.65
0,496.3
0,495.85
0,495.75
0,495.9
0,495.7
0,495.85
0,496.05
0,495.8
0,495.45
0,495.9
0,495.65
0,495.25
0,494.95
0,494.85
0,494.85
0,494.3
0,494.2
0,494
0,494.05
0,493.7
0,493.65
0,493.4
0,493.55
0,493.5
0,493.75
0,493.8
0,493
0,492.9
0,493.15
0,492.95
0,493.25
0,493.3
0,493.05
0,493.2
0,493.45
0,493.9
0,493.9
0,493.95
0,494
0,494.25
0,494.45
0,494.65
0,494.8
0,495.25
0,495.2
0,495
0,494.55
0,494.6
0,494.25
0,494.35
0,494.45
0,494.45
0,494.6
0,494.45
0,494.55
0,494.7
0,494.2
0,494.3
0,494.8
0,494.55
0,494.7
0,494.9
0,494.85
0,494.85
0,494.45
0,494.4
0,494.15
0,494.25
0,494.3
0,494.25
0,494.25
0,494.5
0,494.65
0,494.9
0,494.95
0,495
0,494.75
0,494.75
0,495.25
0,495.35
0,495.35
0,495.2
0,495.05
0,495.25
0,495.05
0,494.75
0,494.55
0,494.75
0,494.95
0,494.9
0,495.1
0,495.35
0,495.35
0,494.9
0,494.7
0,494.9
0,495
0,494.85
0,495.15
0,495.2
0,495.15
0,494.6
0,494.35
0,494.4
0,494.65
0,494.55
0,494.6
0,494.5
0,494.65
0,494.55
0,494.15
0,494.05
0,494.05
0,494.1
0,494.15
0,493.95
0,494.15
0,493.95
0,494.05
0,494
0,494.2
0,494.1
0,494.15
0,493.85
0,493.6
0,493.7
0,494.05
0,494.15
0,494.15
0,494.05
0,494.3
0,494.35
0,494.1
0,494.1
0,494
0,494
0,494.15
0,494.4
0,494.4
0,494.2
0,494.2
0,494.2
0,494.25
0,494.25
0,494.35
0,494.25
0,494.05
0,494.15
0,494.25
0,494.05
0,493.9
0,494.05
0,494.05
0,494.35
0,494.4
0,494.45
0,494.3
0,494.05
0,494.05
0,494
0,494.15
0,494.35
0,494.25
0,494.2
0,494.4
0,494.5
0,494.65
0,494.45
0,494.55
0,494.35
0,494.55
0,494.5
0,494.35
0,494.3
0,494.3
0,494.25
0,494.25
0,494.15
0,494.1
0,494.15
0,494.25
0,494.25
0,494.15
0,494.35
0,494.2
0,494.1
0,494.35
0,494.3
0,494.2
0,494.05
0,494.15
0,494.05
0,494.1
0,494.1
0,494.15
0,494.25
0,494.2
0,494.35
0,494.35
0,494.3
0,494.15
0,494.1
0,494.2
0,494.15
0,494
0,494.4
0,494.3
0,494.25
0,494.4
0,494.2
0,494.35
0,494.7
0,495.05
0,494.8
0,495
0,494.9
0,494.85
0,494.4
0,494.3
0,494.05
0,493.9
0,493.95
0,493.55
0,494
0,493.7
0,493.75
0,493.85
0,493.9
0,493.8
0,493.9
0,493.95
0,493.9
0,493.85
0,493.55
0,493.65
0,493.85
0,493.95
0,494.15
0,494.6
0,494.4
0,494.55
0,494.75
0,494.65
0,494.5
0,494.45
0,494.45
0,494.6
0,494.5
0,494.8
0,494.75
0,494.75
0,494.85
0,494.85
0,494.85
0,494.8
0,494.75
0,494.55
0,494.5
0,494.45
0,494.45
0,494.25
0,494.2
0,494.2
0,494.2
0,494.25
0,494.15
0,494.2
0,494.35
0,494.65
0,495.2
0,494.85
0,495.25
0,495.15
0,494.95
0,494.8
0,494.95
0,494.8
0,494.6
0,494.85
0,494.55
0,494.45
0,494.55
0,494.55
0,494.75
0,494.65
0,494.65
0,494.65
0,494.6
0,494.25
0,494.1
0,494.1
0,494.15
0,494.35
0,494.15
0,494.15
0,494.15
0,494.3
0,494.5
0,494.45
0,494.7
0,495.05
0,495
0,494.8
0,495.15
0,495.35
0,495.5
0,495.3
0,495.25
0,495.4
0,495.2
0,495.7
0,495.4
0,495.75
0,495.75
0,495.7
0,495.5
0,495.55
0,495.6
0,495.4
0,495.45
0,495.35
0,495.05
0,494.95
0,494.85
0,494.6
0,495.1
0,495.1
0,495.15
0,495.2
0,495.45
0,495.8
0,496.05
0,496.05
0,496.15
0,496.15
0,495.95
0,496.25
0,496.05
0,495.95
0,495.9
0,496
0,496.05
0,496
0,496.15
0,495.9
0,496.4
0,496.55
0,496.75
0,496.15
0,496.5
0,496.4
0,496.35
0,496.4
0,496.55
0,496.55
0,496.55
0,496.1
0,495.9
0,495.8
0,495.55
0,496.35
0,496.15
0,496.2
0,496.05
0,495.85
0,496
0,496.15
0,496.15
0,496.1
0,495.45
0,495.9
0,495.65
0,495.65
0,495.65
0,495.6
0,495.75
0,496
0,496.15
0,496.25
0,495.75
0,495.5
0,495.55
0,495.4
0,494.25
0,494.45
0,495.65
0,496.3
0,496.5
0,497.6
0,497.55
0,497.15
0,496.8
0,497.75
0,498.05
0,497.8
0,498
0,497.85
0,497.9
0,498.45
0,498.25
0,498.15
0,498.4
0,499.15
0,499.3
0,499.9
0,499.1
0,499
0,499.3
0,498.85
0,498.5
0,498.15
0,497.85
0,497.85
0,497.9
0,497.95
0,498.15
0,497.75
0,498.05
0,498.5
0,498.25
0,497.85
0,497.7
0,497.5
0,497.25
0,498
0,497.05
0,496.9
0,496.9
0,496.75
0,496.85
0,496.8
0,496.95
0,496.8
0,496.95
0,496.85
0,496.15
0,495.95
0,496.05
0,496.3
0,495.9
0,496.8
0,496.95
0,497.2
0,497.35
0,497.4
0,498.05
0,497.9
0,497.15
0,497.2
0,497.25
0,497
0,497.65
0,497.15
0,497.1
0,497.25
0,497.25
0,497.1
0,497.05
0,497.05
0,496.85
0,496.65
0,496.45
0,496.55
0,496.45
0,496.65
0,496.65
0,496.25
0,496.1
0,496.05
0,496.25
0,496.15
0,496.15
0,496.35
0,496.2
0,496.05
0,495.65
0,495.85
0,496.1
0,495.75
0,495.85
0,495.5
0,495.4
0,495.55
0,495.5
0,495.4
0,495.35
0,495.35
0,495.45
0,495.45
0,495.55
0,495.95
0,496.05
0,496.15
0,496.1
0,496.15
0,496.15
0,496.6
0,496.65
0,496.8
0,496.45
0,496.7
0,496.6
0,496.35
0,496.15
0,496.25
0,496
0,496
0,496.05
0,496
0,496.05
0,496.25
0,496.15
0,496.05
0,495.95
0,495.9
0,495.85
0,495.55
0,495.35
0,495.2
0,495.6
0,495.8
0,495.95
0,495.95
0,496.05
0,496.45
0,496.35
0,496.4
0,496.3
0,496.4
0,496
0,495.85
0,495.85
0,495.95
0,495.8
0,495.85
0,495.85
0,495.85
0,495.95
0,495.95
0,496.1
0,496.3
0,496.9
0,496.3
0,496.5
0,496.6
0,496.65
0,496.7
0,496.7
0,496.8
0,496.8
0,496.95
0,496.8
0,496.8
0,496.9
0,496.7
0,496.6
0,496.35
0,495.65
0,495.4
0,494.85
0,494.45
0,493.95
0,494.15
0,493.8
0,493.8
0,493.65
0,494.45
0,494.4
0,495.1
0,494.85
0,494.7
0,494.6
0,494.95
0,494.95
0,495
0,495.15
0,495.1
0,495.05
0,495.1
0,495.05
0,495.1
0,495.3
0,495.25
0,495.15
0,495.1
0,495.1
0,495.1
0,495.2
0,495.05
0,495.1
0,495.15
0,495.35
0,495.2
0,495.1
0,495.2
0,495.15
0,495.15
0,495.15
0,495.2
0,495.55
0,495.55
0,495.4
0,495.25
0,495.25
0,495.2
0,495.55
0,495.6
0,495.55
0,495.55
0,496.35
0,496.3
0,496.7
0,496.7
0,496.95
0,496.95
0,496.45
0,496.55
0,496.35
0,496.5
0,496.6
0,496.3
0,496.2
0,496.25
0,496.4
0,496.65
0,496.75
0,496.75
0,496.8
0,496.5
0,497
0,497.15
0,497.1
0,497.1
0,497.2
0,497.35
0,497.25
0,497.15
0,497
0,496.45
0,496.75
0,496.85
0,496.5
0,496.25
0,495.95
0,495.75
0,495.75
0,496.05
0,496.1
0,496.15
0,496.55
0,496.65
0,496.65
0,496.95
0,496.7
0,496.7
0,496.8
0,496.75
0,496.75
0,496.75
0,496.75
0,496.75
0,496.55
0,496.25
0,496.1
0,495.95
0,495.95
0,495.85
0,495.7
0,495.95
0,495.7
0,495.8
0,495.75
0,495.65
0,495.7
0,496.05
0,496.1
0,496.1
0,496.1
0,496.1
0,496.15
0,496.2
0,495.95
0,496.05
0,496.2
0,496.05
0,496
0,496.1
0,496.15
0,496.3
0,496.3
0,496
0,496.05
0,496.05
0,495.95
0,496.1
0,496.05
0,495.9
0,495.9
0,495.9
0,495.9
0,495.8
0,495.85
0,495.75
0,495.65
0,495.6
0,495.55
0,495.35
0,495.55
0,495.6
0,495.7
0,495.9
0,496.05
0,495.95
0,495.9
0,495.7
0,495.95
0,496.25
0,496.25
0,496.3
0,496.35
0,496.45
0,496.2
0,496.15
0,496
0,495.75
0,495.8
0,495.85
0,495.9
0,496.15
0,496.2
0,496.8
0,496.95
0,496.45
0,496.55
0,496.2
0,496.25
0,496.45
0,496.75
0,496.6
0,496.65
0,496.8
0,496.95
0,496.95
0,496.95
0,496.65
0,496.55
0,496.3
0,496.6
0,496.8
0,497.05
0,496.85
0,497
0,496.95
0,496.85
0,496.75
0,496.65
0,496.6
0,496.45
0,496.35
0,496.75
0,497.15
0,497.05
0,496.9
0,497
0,497
0,497.4
0,497.55
0,497.75
0,497.95
0,497.95
0,497.8
0,497.6
0,497.6
0,497.2
0,497.15
0,497.05
0,497.1
0,497.35
0,497.4
0,497.3
0,497.1
0,496.9
0,496.85
0,497.05
0,497.75
0,497.15
0,497.15
0,497.25
0,497.4
0,497.6
0,497.65
0,497.8
0,497.75
0,498.2
0,498.35
0,498.35
0,498.6
0,498.5
0,498.85
0,498.65
0,498.65
0,498.55
0,498.55
0,498.55
0,498.8
0,498.85
0,498.75
0,498.65
0,498.65
0,497.95
0,497.95
0,497.65
0,497.95
0,497.7
0,497.85
0,497.95
0,498.45
0,498.25
0,498.8
0,498.45
0,498.25
0,497.9
0,497.75
0,497.85
0,497.75
0,497.5
0,497.4
0,497.3
0,497.4
0,497.6
0,497.85
0,497.45
0,497.1
0,497.05
0,497.1
0,496.9
0,496.7
0,496.65
0,496.7
0,497
0,496.8
0,497
0,496.8
0,496.8
0,496.7
0,496.35
0,496.05
0,496.05
0,496.05
0,496.6
0,496.45
0,496.05
0,495.9
0,496.1
0,495.8
0,495.85
0,496.1
0,496
0,496.25
0,496.15
0,496.15
0,496.15
0,496
0,496.15
0,496.5
0,496.95
0,497.2
0,497.3
0,497.05
0,496.7
0,496.45
0,496.65
0,496.55
0,496.95
0,503.4
0,504.2
0,505.3
0,503.5
0,506.1
0,504.6
0,502.8
0,502.9
0,501.7
0,502.4
0,502.8
0,503.1
0,503.6
0,503.6
0,503.7
0,503.6
0,503.5
0,504.2
0,504.8
0,504.7
0,505.3
0,505
0,504.8
0,504.6
0,504.5
0,504.7
0,504.9
0,504.7
0,504.6
0,503.4
0,502.4
0,501.9
0,502.2
0,502.1
0,502.2
0,502.4
0,503.3
0,503.3
0,503.5
0,503.1
0,502.9
0,502.9
0,503
0,503.5
0,503.6
0,504
0,504.4
0,504.2
0,504
0,504
0,504.1
0,503.5
0,504.3
0,504.3
0,504
0,503.4
0,503.7
0,504.3
0,504.1
0,504.1
0,503.4
0,503.1
0,503.3
0,503.4
0,503.5
0,503.1
0,503.3
0,503.3
0,503.7
0,503.7
0,503.5
0,503.8
0,503.5
0,503.6
0,503.9
0,503.9
0,503.9
0,503.8
0,504
0,504.1
0,504.2
0,504.3
0,504.1
0,503.9
0,503.5
0,503.5
0,503.4
0,503.2
0,503.2
0,503.1
0,502.9
0,503.1
0,503.2
0,502.9
0,502.9
0,503
0,502.6
0,502.9
0,502.8
0,502.9
0,502.8
0,502.9
0,503.1
0,503.1
0,503.2
0,503.4
0,503.5
0,503.1
0,503.1
0,503.1
0,502.5
0,502.7
0,502.3
0,502.6
0,502.9
0,502.9
0,502.9
0,502.9
0,502.7
0,502.9
0,502.7
0,502.2
0,501.9
0,501.7
0,502.3
0,502.2
0,502.4
0,502.3
0,502.2
0,502.2
0,501.5
0,501.7
0,502.3
0,502.5
0,502.7
0,502.8
0,503
0,503.1
0,502.6
0,502.7
0,502.7
0,503.2
0,503.4
0,503.3
0,503.6
0,503.1
0,503.1
0,503.1
0,503.2
0,503.3
0,503.1
0,503.1
0,502.8
0,503
0,502.8
0,502.9
0,502.8
0,503.1
0,503.4
0,503.1
0,503.2
0,503.1
0,502.9
0,502.4
0,502.2
0,502.5
0,502.7
0,502.8
0,502.9
0,502.8
0,502.9
0,503
0,502.9
0,502.8
0,502.9
0,503.1
0,503
0,503
0,502.6
0,502.5
0,502.3
0,502.5
0,502.4
0,502.3
0,502.2
0,501.2
0,501.5
0,501.6
0,502.3
0,501.7
0,501.9
0,501.8
0,501.6
0,501.9
0,502.1
0,502
0,501.6
0,501.5
0,501.3
0,501.6
0,501.7
0,501.5
0,501.7
0,501.5
0,501.6
0,502.4
0,502.4
0,502.5
0,502.3
0,502.3
0,501.9
0,502.3
0,502.5
0,502.6
0,502.4
0,502.2
0,502.1
0,502.1
0,501.9
0,502.1
0,502.4
0,502.2
0,502.4
0,502.3
0,502
0,502.1
0,502
0,502.2
0,501.9
0,501.7
0,501.5
0,501.5
0,501.4
0,501.4
0,501.4
0,501.7
0,501.5
0,501.6
0,502.2
0,502.2
0,502.2
0,502.3
0,502.4
0,502.1
0,502.1
0,502.1
0,501.8
0,501.6
0,501.6
0,501.7
0,501.9
0,502.2
0,502.4
0,502.7
0,502.6
0,502.1
0,502.5
0,502.4
0,502.3
0,502.5
0,502.4
0,502.7
0,502.1
0,502
0,502.2
0,502.8
0,502.9
0,503
0,503.1
0,502.9
0,502.7
0,502.9
0,502.8
0,503.1
0,502.7
0,502.9
0,502.8
0,502.5
0,502.6
0,502.5
0,502.6
0,502.6
0,502.7
0,502.5
0,502.4
0,502.4
0,502.5
0,502.7
0,502.8
0,502.9
0,502.8
0,503.1
0,503.1
0,502.9
0,502.8
0,502.8
0,503
0,503.1
0,503.1
0,503.3
0,503.1
0,503
0,503.5
0,503.3
0,503.1
0,502.7
0,503.1
0,503.1
0,503.5
0,503.6
0,503.3
0,502.9
0,503.2
0,503.4
0,503.3
0,503.2
0,503.3
0,503.7
0,503.6
0,503.5
0,503.1
0,503.1
0,502.9
0,502.8
0,503.1
0,503.5
0,503.9
0,504.4
0,504.6
0,504.6
0,504.4
0,504.2
0,504
0,504.1
0,504.1
0,503.5
0,503.3
0,503.1
0,502.9
0,502.8
0,502.8
0,503.5
0,503.8
0,503.2
0,503.5
0,503.7
0,503.7
0,503.4
0,503.8
0,503.8
0,503.5
0,503.7
0,503.8
0,503.8
0,503.8
0,504.1
0,504.4
0,504.3
0,504.9
0,504.8
0,504.9
0,504.8
0,505.2
0,505.3
0,505.4
0,505.1
0,505.2
0,505
0,504.8
0,504.9
0,505.3
0,505.2
0,505.2
0,505.3
0,505.1
0,505.3
0,505.2
0,505.5
0,505.4
0,505.9
0,506
0,505.9
0,506.3
0,506.1
0,506.1
0,506.3
0,505.9
0,505.7
0,505.9
0,506.1
0,506
0,505.9
0,506
0,506.1
0,506
0,506.3
0,506.2
0,506.2
0,506.1
0,505.8
0,506.3
0,506.2
0,506.2
0,506.5
0,507
0,507.6
0,507.1
0,505.3
0,505.7
0,506.5
0,505.6
0,506.3
0,506.1
0,506.7
0,506.5
0,506.6
0,506.2
0,505.6
0,505.8
0,505.9
0,505.5
0,505.5
0,504.7
0,504.9
0,505
0,505
0,504.5
0,504.5
0,504.8
0,504.9
0,504.7
0,504.4
0,504.3
0,504.4
0,503.6
0,504.2
0,504.5
0,504.7
0,505.2
0,504.9
0,505
0,504.8
0,504.7
0,504.3
0,504.9
0,504.8
0,504.7
0,504.6
0,504.2
0,503.9
0,504.3
0,504.3
0,503.9
0,503.7
0,503.5
0,503.5
0,503.8
0,503.5
0,503.9
0,503.9
0,503.7
0,504
0,503.9
0,503.8
0,503.9
0,503.6
0,503.3
0,503.2
0,502.8
0,502.3
0,501.7
0,501.7
0,501.5
0,501.5
0,501.5
0,501.3
0,501.5
0,501.4
0,501.6
0,501.6
0,501.4
0,501.1
0,501.4
0,501.1
0,501.1
0,500.8
0,501.1
0,500.7
0,500.9
0,501.4
0,501
0,501.5
0,501.5
0,501.1
0,501.3
0,501.4
0,501.7
0,502.3
0,502.3
0,502.3
0,502.5
0,502.6
0,503
0,502.5
0,502.7
0,502.4
0,503
0,503
0,503.6
0,503.8
0,504.1
0,504.1
0,504.2
0,504.2
0,504.2
0,504.3
0,504.5
0,504.8
0,504.6
0,504.8
0,504.8
0,504.4
0,504.3
0,504.1
0,504.4
0,504.7
0,504.7
0,504.9
0,504.7
0,504.8
0,504.9
0,504.8
0,504.5
0,504.5
0,504.7
0,504.4
0,504.6
0,504.7
0,504.5
0,504.7
0,505
0,504.9
0,504.7
0,504.8
0,504.8
0,504.7
0,505.1
0,504.8
0,504.8
0,504.7
0,504.7
0,504.3
0,504.7
0,504.8
0,504.7
0,504.9
0,505.1
0,505.2
0,505
0,505.1
0,505
0,505.1
0,505.1
0,505.1
0,505.5
0,505.9
0,505.7
0,505.7
0,505.6
0,505.6
0,505.8
0,505.9
0,506
0,505.9
0,506.1
0,505.8
0,505.7
0,505.9
0,505.8
0,505.9
0,505.9
0,505.8
0,505.8
0,505.8
0,506.1
0,505.7
0,505.5
0,505
0,505.3
0,505.7
0,505.9
0,506.1
0,505.9
0,506.1
0,505.6
0,505.8
0,505.5
0,505.7
0,505.5
0,505.4
0,505.5
0,505.7
0,506.2
0,505.9
0,505.5
0,505.4
0,505.5
0,505.1
0,505.4
0,506.2
0,505.6
0,505.5
0,505.5
0,505.9
0,505.9
0,506.1
0,505.6
0,505.8
0,505.5
0,505.7
0,505.2
0,505.4
0,505.1
0,505.1
0,505.3
0,505.5
0,505.3
0,505.3
0,505.4
0,505.3
0,505.5
0,505.4
0,505.5
0,505.7
0,505.9
0,505.8
0,505.7
0,505.9
0,505.9
0,506
0,505.8
0,505.8
0,505.7
0,505.4
0,505.2
0,505.2
0,505.3
0,505.4
0,505.6
0,506
0,506.1
0,506.3
0,506.5
0,506.7
0,506.5
0,506.4
0,506.5
0,506.2
0,506.1
0,506.3
0,506.1
0,506.1
0,506.2
0,505.9
0,506.2
0,506.1
0,506.1
0,505.9
0,505.9
0,505.8
0,505.9
0,505.8
0,505.8
0,505.8
0,505.5
0,505.9
0,505.6
0,505.3
0,505.2
0,504.9
0,505
0,505.1
0,505.1
0,505.2
0,505.2
0,505.3
0,505.1
0,505
0,505.1
0,504.8
0,505.4
0,505.2
0,505.2
0,505.3
0,505.1
0,504.5
0,504.5
0,504.3
0,504.2
0,504.6
0,505
0,505.2
0,505.2
0,505.1
0,505.1
0,505.4
0,505.7
0,505.5
0,505.7
0,505.5
0,505.5
0,505.7
0,505.5
0,505.7
0,505.5
0,505.6
0,505.6
0,506
0,505.9
0,505.8
0,506.1
0,506.1
0,505.9
0,506
0,505.9
0,506.3
0,506.2
0,506.1
0,506.1
0,506
0,505.9
0,506.3
0,506
0,505.7
0,506.1
0,505.9
0,505.5
0,505.7
0,505.4
0,505.5
0,505.4
0,505.2
0,504.7
0,504.5
0,504.9
0,505
0,505.4
0,505.3
0,505.2
0,505.7
0,505.7
0,505.5
0,505.4
0,505.1
0,505.1
0,505.2
0,505.2
0,505.1
0,505.3
0,505.3
0,505.4
0,505.2
0,505.3
0,505.5
0,505.2
0,505.3
0,505.1
0,505.3
0,505.4
0,505
0,504.6
0,504.1
0,503.4
0,501.3
0,502
0,502.6
0,503.5
0,503.6
0,503.4
0,503.6
0,504.2
0,504.1
0,503.1
0,503.2
0,502.9
0,502.9
0,503.7
0,503.8
0,503
0,502.5
0,502.5
0,502.8
0,502.5
0,502.8
0,502.6
0,502.2
0,502.5
0,502.5
0,502.1
0,502.2
0,502.3
0,502.4
0,502.4
0,501.8
0,501.3
0,501.4
0,500.8
0,500.7
0,500.7
0,501
0,501.3
0,501.4
0,501.5
0,501.3
0,501.4
0,501.6
0,501.7
0,501.3
0,501.2
0,501.1
0,500.9
0,500.8
0,500.6
0,500.3
0,500.3
0,500.3
0,500.3
0,500.2
0,500.4
0,500.2
0,500.1
0,500.1
0,500.1
0,500.3
0,500.3
0,500.6
0,500.6
0,500.5
0,500.7
0,500.7
0,500.7
0,500.5
0,500.5
0,500.5
0,500
0,500.4
0,500.6
0,500.9
0,501
0,501.2
0,501.3
0,501
0,500.7
0,500.7
0,500.4
0,500.5
0,500.2
0,500.1
0,500
0,500.3
0,500.2
0,500.4
0,500.15
0,499.75
0,499.85
0,499.8
0,500.05
0,500
0,499.75
0,499.75
0,499.8
0,499.75
0,499.75
0,499.65
0,499.55
0,500.05
0,500.6
0,500.3
0,500.5
0,500.3
0,500.1
0,500.3
0,500.2
0,500.05
0,499.8
0,499.7
0,499.6
0,499.45
0,499.15
0,499.15
0,499.25
0,498.75
0,498.8
0,498.85
0,498.6
0,498.75
0,498.9
0,499.05
0,499.15
0,499.05
0,499.1
0,499.05
0,498.9
0,498.95
0,498.95
0,499.05
0,498.9
0,498.9
0,498.75
0,498.8
0,498.75
0,498.6
0,498.75
0,498.75
0,498.65
0,498.45
0,498.45
0,498.4
0,498.55
0,498.45
0,498.5
0,498.7
0,498.85
0,499.1
0,498.85
0,498.95
0,498.85
0,499.25
0,499.4
0,499.7
0,499.8
0,500.05
0,500.3
0,499.8
0,499.6
0,499.15
0,499.1
0,498.55
0,498.6
0,498.25
0,498.7
0,498.9
0,498.65
0,498.55
0,498.7
0,498.7
0,498.6
0,498.1
0,497.9
0,497.65
0,497.45
0,497.8
0,497.75
0,497.45
0,497.6
0,497.65
0,497.45
0,497.4
0,497.2
0,497.15
0,497.35
0,497.35
0,497.45
0,497.55
0,497.95
0,498.15
0,498.15
0,497.75
0,497.6
0,497.7
0,498
0,497.8
0,497.75
0,497.75
0,497.85
0,497.9
0,498.15
0,498.15
0,497.9
0,497.65
0,497.65
0,497.75
0,497.85
0,497.85
0,497.9
0,497.9
0,497.95
0,497.95
0,497.55
0,497.15
0,496.9
0,496.85
0,496.95
0,496.85
0,497.3
0,497.4
0,497.05
0,497
0,497.2
0,497.1
0,497.15
0,497.2
0,497.35
0,497.5
0,497.6
0,498.2
0,497.95
0,498.1
0,497.95
0,497.65
0,498.1
0,498.3
0,498.5
0,498.65
0,498.75
0,498.65
0,498.85
0,498.75
0,498.45
0,498.15
0,497.55
0,497.4
0,497.75
0,497.7
0,497.55
0,497.6
0,497.7
0,497.9
0,498
0,497.9
0,497.85
0,497.75
0,497.6
0,497.55
0,497.5
0,497.55
0,497.75
0,497.65
0,497.5
0,497.35
0,497.35
0,497.4
0,497.6
0,497.65
0,498
0,498.1
0,498.5
0,498.35
0,498.05
0,498.1
0,498.15
0,498.1
0,498.05
0,497.7
0,497.85
0,498.2
0,498.2
0,498.05
0,497.95
0,497.9
0,497.8
0,497.8
0,497.75
0,497.65
0,497.85
0,497.75
0,497.85
0,498.3
0,498.25
0,498.35
0,498.5
0,498.2
0,498.05
0,497.95
0,497.9
0,497.9
0,497.65
0,497.5
0,496.75
0,496.6
0,496.25
0,496.2
0,495.95
0,495.9
0,495.8
0,495.75
0,495.75
0,496.25
0,496.35
0,496.2
0,495.95
0,495.95
0,495.85
0,495.75
0,495.9
0,495.95
0,495.8
0,496.25
0,496.35
0,496.15
0,496
0,496.1
0,496.2
0,496.65
0,496.7
0,496.9
0,496.95
0,496.85
0,496.9
0,496.9
0,496.55
0,497.1
0,497.25
0,497.5
0,497.25
0,497.05
0,497.4
0,497.35
0,497.05
0,497.15
0,497.15
0,497.2
0,497.45
0,497.15
0,497.5
0,497.75
0,497.65
0,497.45
0,497.4
0,497.5
0,497.4
0,497.55
0,497.65
0,497.85
0,498.25
0,498.3
0,498.15
0,498.2
0,498.65
0,498.9
0,498.85
0,498.8
0,498.85
0,498.9
0,498.95
0,499.05
0,499.2
0,499.3
0,499.25
0,499.2
0,499.2
0,499.15
0,498.75
0,498.7
0,498.8
0,498.7
0,498.65
0,498.65
0,498
0,497.1
0,497.85
0,498.4
0,497.85
0,498.05
0,498.1
0,498.1
0,498.15
0,498.2
0,498.2
0,498
0,498.15
0,497.8
0,497.7
0,497.75
0,497.65
0,498
0,497.75
0,497.7
0,497.85
0,497.85
0,497.85
0,497.85
0,497.95
0,497.95
0,498.1
0,498.15
0,498.05
0,497.8
0,497.9
0,498.05
0,497.9
0,497.85
0,497.85
0,497.8
0,497.8
0,497.9
0,497.95
0,497.75
0,497.85
0,497.75
0,497.55
0,497.5
0,497.65
0,497.65
0,497.55
0,497.65
0,497.8
0,498
0,498.05
0,497.95
0,497.55
0,497.35
0,497.45
0,497.5
0,497.45
0,497.15
0,496.2
0,498.7
0,498.45
0,499.75
0,500.6
0,500.4
0,501
0,500.5
0,500.8
0,501.2
0,501.1
0,501.4
0,501.3
0,502.3
0,502.4
0,503.1
0,502.9
0,503
0,502.7
0,501.8
0,501.7
0,502.1
0,502.8
0,503.2
0,503.3
0,504
0,504.2
0,504.1
0,503.7
0,504
0,503.8
0,503.3
0,503
0,503
0,503.2
0,503.4
0,503.7
0,504.1
0,504
0,503.9
0,503.3
0,503.1
0,502.3
0,502.3
0,502.2
0,501.8
0,501.9
0,501.7
0,501.9
0,501.5
0,501.3
0,501.4
0,501.1
0,501.4
0,501.4
0,501.5
0,500.9
0,500.6
0,500.7
0,500.7
0,501
0,501.7
0,501.5
0,501.3
0,501.2
0,501.3
0,501.6
0,502
0,501.8
0,501.7
0,502
0,502.5
0,503.1
0,503.2
0,503.3
0,503
0,502.5
0,502.7
0,502.7
0,502.5
0,502.4
0,502.5
0,502.5
0,502.3
0,502
0,501.9
0,501.8
0,501.5
0,501.6
0,501.5
0,501.7
0,501.5
0,501.6
0,501.2
0,501.2
0,500.9
0,500.5
0,500
0,499.7
0,499.6
0,499.8
0,499.95
0,500
0,500
0,500.9
0,500
0,500.3
0,500.4
0,500.4
0,500.5
0,500.6
0,500.7
0,500.9
0,501.3
0,501.2
0,502.3
0,496.25
0,498.75
0,500.05
0,499.05
0,498.55
0,498.3
0,498.8
0,499.8
0,499.65
0,499.9
0,500
0,500.4
0,500.3
0,500.2
0,500.3
0,500.5
0,500.6
0,500.3
0,500.6
0,500.7
0,500.5
0,500.6
0,500.7
0,501.3
0,501.3
0,501.8
0,501.9
0,502.3
0,502.4
0,502.4
0,502.2
0,502.1
0,501.9
0,502.1
0,502.1
0,502.1
0,502.4
0,502.5
0,503.1
0,503.1
0,503.1
0,503.8
0,503.9
0,504.4
0,504.9
0,504.7
0,504.7
0,504.6
0,504.9
0,505.1
0,505.3
0,505.4
0,505.3
0,505.5
0,505.7
0,505.9
0,505.8
0,506.1
0,506.5
0,505.9
0,506.3
0,506.3
0,506.1
0,506
0,505.7
0,505.9
0,506.3
0,506.4
0,506.2
0,506.1
0,506.2
0,506.5
0,506.6
0,506.7
0,507.2
0,507.2
0,507.1
0,507.3
0,507.3
0,507.3
0,506.5
0,506
0,506
0,505.9
0,506.7
0,506.5
0,506.7
0,506.9
0,506.9
0,506.9
0,506.9
0,506.8
0,506.6
0,506.5
0,506.4
0,506.3
0,506.4
0,506.3
0,506.3
0,506.3
0,506.4
0,506.4
0,506.3
0,506.4
0,506.5
0,506.3
0,506.1
0,506.4
0,506.4
0,506.2
0,506.1
0,506.1
0,505.8
0,506
0,506.1
0,506.3
0,506.7
0,507
0,507.3
0,507.3
0,507.5
0,507.3
0,507.1
0,506.9
0,506.8
0,506.7
0,507.4
0,507.3
0,507.2
0,507.3
0,507.3
0,507.5
0,507.7
0,507.6
0,507.6
0,507.5
0,507.2
0,507
0,506.8
0,506.7
0,507.4
0,507.5
0,508.1
0,508.3
0,508.4
0,508.9
0,508.2
0,507.9
0,508
0,508.1
0,508
0,507.9
0,507.8
0,507.6
0,507.3
0,507.4
0,507.5
0,507.4
0,507.7
0,507.7
0,507.7
0,507.8
0,507.9
0,507.4
0,507.7
0,507.7
0,507.5
0,507.6
0,507.7
0,507.7
0,508.1
0,508.2
0,507.8
0,507.8
0,507.8
0,507.5
0,507.2
0,507.3
0,507.5
0,507.7
0,507.9
0,507.1
0,507.1
0,507.2
0,507.2
0,507.3
0,507.2
0,506.7
0,507.4
0,507.2
0,506.7
0,506.5
0,507.7
0,508.3
0,508.2
0,508.1
0,508.1
0,508.1
0,508
0,507.9
0,508
0,507.7
0,507.4
0,508.2
0,508.2
0,508.3
0,508.3
0,508.6
0,508.1
0,507.7
0,507.5
0,507.3
0,507.1
0,507.1
0,507.4
0,507.1
0,507.7
0,507.4
0,507.2
0,507.1
0,507.2
0,506.9
0,507
0,506.1
0,506.4
0,506.4
0,506.5
0,506.5
0,506.5
0,506.6
0,506.3
0,506.4
0,506.3
0,506.3
0,506.4
0,507
0,507.1
0,506.9
0,507.4
0,507.4
0,507.3
0,507.3
0,507.2
0,507
0,506.9
0,507.2
0,507.3
0,507.5
0,507.4
0,507.5
0,507.5
0,507.5
0,507.5
0,507.5
0,507.3
0,507.1
0,507.3
0,507.7
0,507.9
0,508.1
0,508.7
0,508.9
0,509.2
0,509.5
0,509.7
0,509.6
0,510.1
0,510
0,510.1
0,510.4
0,510.6
0,510.4
0,510.4
0,510.2
0,510.4
0,510.1
0,510.1
0,510.2
0,510.7
0,510.8
0,511.2
0,511.2
0,511.1
0,510.5
0,510.8
0,510.8
0,510.6
0,510.8
0,510.5
0,510.5
0,509.9
0,510.1
0,509.8
0,510
0,510
0,509.7
0,509.4
0,509.5
0,509.4
0,509.3
0,509.3
0,509.4
0,509.6
0,509.6
0,510.1
0,511.4
0,511.4
0,511.4
0,511.5
0,510.8
0,511
0,510.4
0,510.3
0,510.1
0,509.9
0,509.6
0,510
0,510
0,510.6
0,510.5
0,510.6
0,511.6
0,511.9
0,512
0,512.4
0,512.1
0,512.2
0,512.2
0,512.2
0,512.1
0,512.1
0,512.4
0,512.6
0,512.7
0,513
0,513.1
0,513.2
0,513
0,513.1
0,513.1
0,513.2
0,513.5
0,513.7
0,514
0,513.9
0,514.1
0,514
0,514.1
0,514.4
0,514.6
0,514.5
0,514.5
0,514.8
0,514.2
0,514.2
0,514.4
0,514.5
0,514.3
0,514.1
0,513.9
0,513.8
0,513.2
0,513.2
0,512.6
0,512.3
0,512.3
0,512.4
0,512.3
0,512.5
0,512.3
0,512.6
0,512.6
0,512.7
0,512.6
0,513.1
0,513.1
0,513.4
0,513.3
0,513
0,513.1
0,513.2
0,513.1
0,513.1
0,513.5
0,513.5
0,513.6
0,513.7
0,514
0,514.1
0,514.1
0,513.8
0,513.5
0,513.5
0,513.4
0,513.3
0,513.1
0,512.9
0,513.7
0,513.5
0,513.6
0,513.4
0,513.6
0,513.3
0,513.5
0,513.7
0,513.9
0,514
0,513.8
0,514.1
0,513.8
0,513.6
0,513.5
0,513.4
0,513.3
0,512.9
0,512.9
0,513.5
0,513.7
0,513.9
0,513.7
0,513.8
0,514
0,514.1
0,514.1
0,514.2
0,514.1
0,513.8
0,513.7
0,513.4
0,513.1
0,512.9
0,513.1
0,513.7
0,513.6
0,513.5
0,514
0,514.1
0,513.8
0,513.6
0,513.7
0,514.2
0,514.1
0,513.4
0,513.5
0,513.4
0,513.7
0,514.1
0,513.5
0,513.1
0,513
0,513.1
0,513.3
0,513.3
0,513.9
0,514
0,514
0,513.9
0,513.8
0,513.9
0,513.7
0,513.5
0,513.6
0,513.9
0,513.9
0,513.9
0,514
0,514.1
0,514.4
0,514.8
0,514.7
0,514.7
0,514.4
0,514.8
0,514.9
0,515
0,514.5
0,514.7
0,514.6
0,514.1
0,513.9
0,514.1
0,513.9
0,514.1
0,514.9
0,515
0,514.9
0,514.6
0,514.5
0,514.2
0,514.1
0,514.3
0,514.5
0,514.4
0,514.7
0,514.5
0,514.6
0,514.6
0,514.4
0,514.3
0,514
0,513.6
0,513.6
0,514.2
0,514.3
0,514.5
0,514.8
0,514.6
0,514.3
0,514.1
0,514
0,514.3
0,514.2
0,514
0,514.1
0,514
0,514
0,514.3
0,514.5
0,514.4
0,514.8
0,515
0,515.1
0,515
0,514.9
0,514.8
0,514.8
0,514.7
0,515.5
0,515.6
0,515.9
0,515.5
0,515.1
0,515.1
0,514.9
0,514.9
0,515.1
0,515.1
0,515.2
0,515.1
0,514.9
0,514.8
0,514.7
0,514.7
0,514.6
0,514.7
0,514.5
0,514.7
0,514.9
0,514.7
0,514.3
0,514.5
0,514.6
0,514.5
0,514.4
0,514.7
0,514.9
0,515.4
0,515.5
0,515.7
0,515.9
0,516
0,515.6
0,515.9
0,516.1
0,515.8
0,515.7
0,515.7
0,516
0,515.9
0,515.9
0,515.8
0,515.9
0,515.4
0,515.5
0,515.4
0,515.5
0,515.7
0,515.8
0,516.3
0,516.3
0,516
0,515.7
0,515.8
0,516
0,515.8
0,515.5
0,515.5
0,515.7
0,515.8
0,515.7
0,515.9
0,515.6
0,515.7
0,515.7
0,515.7
0,515.5
0,515.2
0,515.1
0,515.1
0,515
0,514.9
0,514.7
0,514.5
0,514.4
0,514.2
0,514.3
0,514.4
0,514.5
0,514.3
0,514
0,514.1
0,514.2
0,514.4
0,514.3
0,514.2
0,514.3
0,514.4
0,514.3
0,514.1
0,514.1
0,514.1
0,513.7
0,513.9
0,513.6
0,571.5
0,513.3
0,513.1
0,513.7
0,514.1
0,514.5
0,514.3
0,514.7
0,515.4
0,515.1
0,514.9
0,515.5
0,514.8
0,514.8
0,514.8
0,514.6
0,515.4
0,515.2
0,515.3
0,515.6
0,515.7
0,515.6
0,516
0,516.1
0,516.4
0,516.4
0,516.7
0,515.9
0,515.6
0,515.6
0,515.2
0,515
0,515.5
0,514.8
0,514.7
0,514
0,514.6
0,514
0,513.5
0,514.7
0,515
0,514.9
0,514.4
0,514.6
0,515
0,514.6
0,513.8
0,513.6
0,513.4
0,513.1
0,513.4
0,514.1
0,514.4
0,514.6
0,514.4
0,514.5
0,514.6
0,514.5
0,514.4
0,514
0,513.8
0,514
0,514
0,513.8
0,513.4
0,512.9
0,512.9
0,512.8
0,512.5
0,512.5
0,512.7
0,512.5
0,512.5
0,512.5
0,512.9
0,513
0,513
0,513.3
0,513.4
0,513.3
0,513.3
0,513.2
0,513.1
0,512.6
0,512.7
0,512.7
0,513.1
0,512.2
0,512.7
0,512.9
0,512.7
0,512.5
0,512.6
0,512.4
0,512.5
0,513.1
0,513
0,513
0,513
0,512.9
0,512.7
0,512.6
0,512.8
0,511.9
0,511.6
0,511.5
0,511.7
0,511.7
0,511.8
0,512
0,512.1
0,512.1
0,512.4
0,512
0,512.1
0,512.1
0,512.5
0,512.6
0,512
0,512.2
0,512
0,512.1
0,512.2
0,512
0,512.3
0,512.8
0,512.9
0,512.9
0,512.6
0,512.8
0,512.8
0,512.7
0,512.5
0,512.8
0,512.5
0,512.7
0,512.7
0,513.3
0,513.5
0,513.4
0,513.5
0,513.5
0,513.6
0,513.2
0,513.2
0,513.1
0,512.9
0,512.9
0,512.9
0,512.7
0,511.9
0,512.2
0,512.3
0,512.3
0,512.5
0,512.5
0,512.2
0,512.1
0,511.9
0,511.9
0,512.1
0,512.2
0,512
0,512.1
0,512.3
0,512.3
0,511.9
0,512.2
0,512.4
0,512.3
0,512.4
0,512.8
0,513
0,513.2
0,513.5
0,512.6
0,512.5
0,512.2
0,511.9
0,511.8
0,511.9
0,512.2
0,512.3
0,512.1
0,512.1
0,512
0,511.6
0,511.7
0,511.5
0,512.3
0,512.5
0,512.9
0,512.7
0,512.9
0,513
0,512.8
0,513
0,513.2
0,513.5
0,513.2
0,512.8
0,512.7
0,512.9
0,512.6
0,512.9
0,513
0,512.6
0,512.6
0,512.7
0,512.9
0,512.9
0,512.7
0,512.7
0,513
0,513.1
0,513
0,512.8
0,512.7
0,512.9
0,512.8
0,512.5
0,512.1
0,512.3
0,512.2
0,512.1
0,511.9
0,511.9
0,511.9
0,511.5
0,511.1
0,511.2
0,510.9
0,511
0,510.9
0,511.6
0,511
0,511.4
0,511
0,511.5
0,511.3
0,510.6
0,510.1
0,510
0,510.2
0,510
0,510.3
0,510.7
0,510.6
0,510.4
0,509.7
0,509.4
0,509.6
0,510
0,509.6
0,510
0,510.1
0,510.1
0,510.1
0,509.5
0,509.2
0,509.2
0,509.4
0,509.5
0,510
0,510.2
0,510
0,509.8
0,509.9
0,510
0,509.6
0,509.3
0,509.7
0,509.6
0,509.5
0,509.7
0,510.1
0,509.7
0,509.5
0,509.6
0,509.5
0,509.2
0,509.1
0,509.1
0,509.5
0,509.2
0,509.1
0,509.2
0,509.1
0,509.1
0,508.9
0,508.6
0,508.8
0,508.9
0,509.1
0,509.3
0,509.5
0,509.8
0,509.7
0,509.8
0,509.5
0,509.7
0,509.5
0,509.2
0,509.3
0,508.7
0,508.6
0,508.5
0,507.8
0,508.1
0,508.1
0,508.3
0,508.4
0,508.4
0,508.4
0,508.5
0,509.1
0,509.3
0,509.4
0,509.5
0,509.4
0,509.7
0,509.9
0,510.1
0,510.3
0,510.7
0,510.9
0,510.4
0,510.3
0,510.2
0,510
0,510.1
0,509.9
0,509.8
0,509.9
0,509.9
0,510.1
0,510.1
0,510.5
0,511.1
0,511.4
0,511.3
0,511.2
0,510.8
0,510.4
0,510.1
0,510.2
0,510.3
0,510.5
0,510.2
0,510.7
0,510.5
0,510.4
0,510.7
0,510.9
0,510.9
0,510.7
0,510.8
0,511.2
0,511.3
0,510.8
0,510.7
0,511
0,511
0,511.3
0,511.3
0,510.9
0,511
0,511.5
0,511.6
0,511.3
0,511.2
0,511.5
0,511.6
0,511.3
0,511.4
0,511.5
0,509.7
0,510.6
0,510.5
0,509.7
0,510.4
0,509.4
0,509.3
0,509.5
0,508.9
0,509.3
0,509.1
0,508.8
0,509
0,509.7
0,510.3
0,510.7
0,509.9
0,510.4
0,510.7
0,511
0,511.5
0,510.8
0,511.4
0,511.2
0,510.9
0,510.9
0,510.4
0,510.5
0,510.7
0,510.8
0,510.9
0,511
0,511.2
0,512
0,512.4
0,512.2
0,512.1
0,512
0,512.7
0,512.7
0,513.2
0,512.6
0,512.7
0,513
0,512.7
0,512.8
0,512.2
0,512.3
0,512
0,512
0,512.6
0,513.1
0,512.9
0,513.2
0,513.5
0,513.9
0,513.8
0,513.8
0,513.9
0,514.1
0,515
0,514.9
0,515.1
0,515.4
0,515.6
0,516.2
0,515.7
0,515.8
0,515.4
0,515.7
0,515.5
0,515.8
0,515.5
0,515.9
0,515.9
0,515.9
0,516.3
0,516.2
0,516.5
0,516.1
0,516.2
0,516.1
0,516.1
0,516.1
0,515.8
0,516.3
0,516.2
0,515.9
0,515.4
0,515.4
0,515.5
0,515.5
0,515.6
0,515.7
0,515.6
0,515.5
0,515.4
0,515.7
0,515.6
0,515.6
0,515.4
0,515.3
0,515.5
0,515.7
0,516.5
0,516.3
0,516.1
0,515.9
0,515.7
0,515.6
0,515.5
0,515.1
0,515.1
0,515.2
0,515.5
0,515.6
0,515.2
0,515.3
0,515.1
0,515.1
0,514.9
0,515.2
0,515.1
0,514.1
0,513.7
0,513.7
0,514
0,514
0,514.3
0,514.1
0,514.3
0,514.1
0,514.4
0,514.4
0,514.5
0,514.3
0,514.6
0,515
0,515.4
0,515.3
0,515.4
0,515.7
0,515.6
0,515.2
0,515.3
0,515.2
0,515.4
0,515.5
0,515.5
0,515.3
0,515.2
0,515.1
0,514.9
0,515
0,515.1
0,515.3
0,515.5
0,515.3
0,515.1
0,514.9
0,514.8
0,514.5
0,514.4
0,514.7
0,514.5
0,514.2
0,514.3
0,514.3
0,514
0,514.2
0,514.6
0,514.7
0,514.9
0,515.1
0,515
0,514.9
0,514.9
0,514.6
0,514.7
0,514.9
0,514.8
0,515
0,515.1
0,515.2
0,515.2
0,515.2
0,514.7
0,514.8
0,514.9
0,515.2
0,515.1
0,514.9
0,515
0,514.9
0,515.1
0,515
0,514.6
0,514.8
0,514.9
0,514.8
0,514.8
0,514.7
0,514.7
0,514.5
0,514.3
0,514.5
0,514.5
0,514.6
0,514.7
0,514.7
0,514.4
0,514.3
0,514.4
0,514.5
0,514.5
0,514.5
0,514.3
0,514.3
0,514.3
0,514.3
0,514.5
0,514.6
0,514.5
0,514.5
0,514.8
0,514.7
0,514.9
0,514.8
0,514.7
0,514.8
0,514.5
0,514.4
0,514.1
0,513.7
0,513.8
0,514
0,513.9
0,513.8
0,513.9
0,513.6
0,513.5
0,513.2
0,513.1
0,513.4
0,513.5
0,513.3
0,513.5
0,513.5
0,513.5
0,513.4
0,513.4
0,513.1
0,513.6
0,513.4
0,513.3
0,513.3
0,513.2
0,513.1
0,513.1
0,513.1
0,513.5
0,513.2
0,513.1
0,513
0,512.4
0,512.6
0,512.5
0,512.7
0,512.3
0,511.9
0,512.1
0,512
0,512.3
0,512.4
0,512.2
0,512.3
0,512.5
0,512.3
0,512.1
0,512.1
0,512.2
0,512.2
0,512.1
0,511.8
0,511.7
0,511.4
0,511.5
0,511.5
0,511.5
0,511.4
0,511.6
0,511.7
0,512.4
0,511.9
0,511.9
0,511.9
0,511.7
0,511.9
0,511.8
0,512.1
0,511.8
0,511.7
0,511.4
0,511.2
0,511
0,511
0,511.1
0,510.9
0,511.3
0,511.2
0,511.2
0,511.2
0,511.4
0,511.7
0,511.5
0,511.3
0,510.9
0,511.1
0,511.1
0,510.9
0,510.5
0,510.4
0,510
0,509.7
0,509.7
0,509.4
0,509.2
0,509
0,509.1
0,509.2
0,509.3
0,509.3
0,509.5
0,509.4
0,509.5
0,509.9
0,509.9
0,509.5
0,509.5
0,509.5
0,509.4
0,509.2
0,508.6
0,508.1
0,508.3
0,507.9
0,507.8
0,507.5
0,507.8
0,507.8
0,507.5
0,507.6
0,507.6
0,507.7
0,507.5
0,507.9
0,507.5
0,507.9
0,508
0,507.8
0,507.9
0,508.1
0,508.1
0,507.7
0,507.5
0,507.6
0,507.8
0,508
0,508.2
0,508.3
0,508.1
0,508.3
0,508.4
0,508.7
0,508.7
0,508.5
0,508.6
0,508.8
0,508.8
0,508.5
0,508.1
0,508.2
0,508.3
0,508
0,507.9
0,508.2
0,508.1
0,508.3
0,508.2
0,508.5
0,508.4
0,510
0,508.8
0,507.6
0,507.9
0,507.7
0,507
0,507
0,507
0,507.8
0,507.7
0,506
0,505.9
0,506.1
0,506.1
0,506.5
0,507
0,507.1
0,507.7
0,508.2
0,508.4
0,508.7
0,508.5
0,508.9
0,508.5
0,508.2
0,508
0,508.1
0,508.3
0,508.8
0,508.7
0,508.8
0,509.3
0,509.1
0,509.6
0,509.1
0,509.5
0,509.8
0,510
0,510
0,510.3
0,510.9
0,511.4
0,511.4
0,511.7
0,512
0,512.7
0,513.1
0,513.1
0,513.6
0,513.9
0,513.7
0,514.3
0,514.3
0,514
0,514.2
0,513.8
0,513.6
0,513.2
0,513
0,513.3
0,513.5
0,513.1
0,512.8
0,512.6
0,512.7
0,513.1
0,512.8
0,513.2
0,513.1
0,513.1
0,512.9
0,512.8
0,512.7
0,512.9
0,512.2
0,512.4
0,512.5
0,512.6
0,513
0,512.8
0,512.8
0,512.9
0,512.9
0,512.3
0,512.5
0,512.3
0,512.5
0,512.7
0,512.5
0,512.1
0,512.1
0,512.4
0,512.6
0,512.6
0,512.5
0,512.3
0,512.5
0,512.3
0,512.3
0,512.6
0,512.8
0,512.7
0,512.9
0,513.3
0,513.5
0,513.3
0,512.9
0,513
0,513.1
0,513.1
0,513.2
0,513
0,512.8
0,512.6
0,512.6
0,512.7
0,512.4
0,512.1
0,512.3
0,512.2
0,512.4
0,512.1
0,512.3
0,512.5
0,512.8
0,513.2
0,513.2
0,514.1
0,514.1
0,514.1
0,514
0,513.8
0,512.6
0,512.7
0,512.7
0,512.7
0,512.5
0,512.4
0,512.2
0,512.1
0,511.9
0,511.8
0,511.5
0,511.7
0,511.6
0,512
0,512.2
0,512.3
0,511.8
0,512.5
0,512.5
0,512.7
0,512.4
0,512.2
0,512.2
0,512.4
0,512.5
0,512.4
0,512.7
0,512.5
0,512.4
0,513.3
0,513.2
0,513.5
0,513.5
0,513.6
0,513.5
0,513.7
0,513.5
0,513.5
0,513.6
0,514
0,514.1
0,514.2
0,514
0,513.9
0,513.5
0,513.2
0,513.1
0,513.2
0,513.4
0,513.7
0,513.7
0,513.9
0,513.9
0,513.8
0,513.9
0,514
0,514.6
0,515.1
0,514.7
0,514.6
0,514.1
0,514.4
0,514.4
0,514.3
0,514.6
0,514.8
0,514.7
0,515
0,515.1
0,515.3
0,515.3
0,515
0,515.3
0,515.2
0,514.9
0,514.8
0,515
0,514.9
0,515.2
0,515.3
0,515.5
0,515.5
0,515.4
0,515.2
0,515
0,514.9
0,514.8
0,515
0,514.7
0,514.4
0,514
0,513.7
0,513.4
0,512.9
0,513.2
0,512.6
0,512.9
0,512.8
0,512.7
0,512.4
0,512.3
0,512.2
0,512.5
0,512.4
0,512.6
0,512.7
0,512.8
0,512.9
0,512.7
0,513
0,512.8
0,513.1
0,513.4
0,513.3
0,513.3
0,513.2
0,513.2
0,513.1
0,512.7
0,512.9
0,513
0,513.4
0,514
0,514.1
0,513.4
0,513.7
0,513.9
0,513.9
0,513.9
0,513.3
0,513.7
0,513.4
0,512.1
0,511.6
0,511.8
0,511.5
0,511.7
0,511.7
0,511.9
0,512.3
0,511.9
0,511.4
0,510.7
0,510.7
0,511.1
0,511.1
0,511.4
0,511.3
0,510.7
0,510.7
0,510.6
0,510.7
0,510.9
0,511
0,511.1
0,510.7
0,510.5
0,510
0,509.9
0,510.8
0,510.6
0,510.5
0,510.8
0,510.9
0,511.1
0,511.2
0,511.1
0,510.9
0,510.6
0,510.7
0,510.7
0,510.7
0,510.6
0,510.5
0,510.5
0,510.3
0,510.4
0,510.7
0,510.6
0,510.7
0,510.5
0,510.6
0,510.5
0,510.5
0,510.5
0,509.7
0,509
0,509.5
0,510.6
0,510.3
0,510
0,510.2
0,509.9
0,509.9
0,509.9
0,509.6
0,509.9
0,509.7
0,510.1
0,509.5
0,509.2
0,508.7
0,508.5
0,509.1
0,508.9
0,508.9
0,508.8
0,508.7
0,508.3
0,508.1
0,508.1
0,508.1
0,508.3
0,508.3
0,508.3
0,509
0,509.3
0,509.3
0,509.3
0,509.6
0,509.4
0,509.3
0,509.5
0,509.7
0,509.9
0,510.1
0,510.3
0,510.5
0,510.4
0,510.3
0,510.5
0,510.3
0,510.5
0,510.5
0,511
0,511.2
0,511.2
0,511.6
0,511.9
0,511.8
0,511.9
0,511.9
0,511.9
0,512
0,512.4
0,512.4
0,511.9
0,511.8
0,511.9
0,511.9
0,512.2
0,512.1
0,511.9
0,511.8
0,511
0,511.1
0,511.2
0,511.1
0,511.3
0,511.6
0,512.4
0,512.3
0,512.2
0,512.2
0,512.2
0,512.2
0,512.2
0,512.1
0,512
0,511.9
0,512.2
0,512.5
0,512.3
0,512.1
0,512.1
0,512.1
0,511.9
0,512.1
0,512.4
0,512.3
0,512.3
0,512.7
0,512.7
0,513.1
0,513.1
0,513.3
0,513.1
0,512.8
0,512.9
0,513.2
0,513.3
0,513.4
0,513.3
0,513.2
0,513.1
0,514.8
0,514.9
0,515.7
0,515.2
0,515.1
0,515.6
0,514.9
0,515.2
0,514.9
0,515
0,515.3
0,515.1
0,515.1
0,515.4
0,515.7
0,515
0,515.2
0,515.4
0,515.2
0,515.2
0,515.1
0,515.3
0,515.6
0,515.7
0,515.6
0,515.7
0,515.9
0,516
0,516.2
0,516.6
0,516.4
0,516.1
0,516
0,515.4
0,515.7
0,515.4
0,515.5
0,515.7
0,515.5
0,515.3
0,515.4
0,515.5
0,515.6
0,515.5
0,515.3
0,515.2
0,515.4
0,515.5
0,515.2
0,515.1
0,515.4
0,515.4
0,515.5
0,515.6
0,515.6
0,515.7
0,515.4
0,515.4
0,515.5
0,515.6
0,515.6
0,515.8
0,516
0,516.3
0,516.7
0,516.7
0,516.8
0,516.6
0,516.7
0,517.4
0,517.9
0,517.9
0,517.9
0,518.1
0,517.9
0,517.9
0,518.1
0,517.7
0,517.9
0,517.7
0,517.5
0,517.3
0,517.2
0,517.1
0,517
0,516.9
0,516.7
0,516.5
0,516.5
0,516
0,515.9
0,515.6
0,515.2
0,515
0,514.9
0,514.5
0,514.3
0,514.6
0,514.7
0,514.9
0,514.9
0,515
0,514.7
0,514.5
0,514.6
0,514.5
0,514.5
0,514.5
0,514.7
0,514.6
0,514.9
0,515.1
0,514.9
0,514.7
0,514.5
0,514.7
0,514.7
0,514.7
0,514.8
0,514.8
0,514.5
0,514.4
0,514.3
0,514.3
0,514.3
0,514
0,514
0,513.7
0,513.5
0,513.7
0,513.5
0,513.7
0,513.5
0,513.6
0,513.9
0,513.8
0,513.7
0,513.9
0,514.2
0,513.9
0,513.9
0,514.2
0,514.1
0,513.9
0,513.7
0,513.7
0,513.7
0,513.4
0,512.9
0,512.8
0,512.8
0,512.7
0,512.5
0,512.7
0,512.7
0,512.7
0,512.9
0,512.6
0,512.3
0,512.4
0,512.7
0,512.7
0,512.9
0,513
0,513.1
0,513
0,512.7
0,512.7
0,512.2
0,512.7
0,513.1
0,512.5
0,512.6
0,511.9
0,511.7
0,511.8
0,512.2
0,512.6
0,512.5
0,512.8
0,512.4
0,512.6
0,512.7
0,512.4
0,512.1
0,512
0,511.9
0,511.7
0,511.6
0,511.8
0,512.1
0,511.7
0,511.6
0,511.7
0,511.5
0,511.7
0,511.7
0,511.9
0,511.9
0,511.9
0,511.9
0,512
0,511.9
0,512.3
0,512.5
0,512.5
0,512.7
0,512.7
0,512.6
0,512.2
0,511.8
0,511.9
0,511.9
0,511.8
0,511.9
0,512.3
0,512.5
0,512.8
0,513.1
0,513.2
0,513.5
0,514.1
0,514.4
0,513.6
0,513.6
0,513.9
0,514
0,514.2
0,514.1
0,513.8
0,513.8
0,513.9
0,513.9
0,513.9
0,513.9
0,513.7
0,514
0,514.1
0,513.9
0,514.2
0,514.3
0,513.9
0,514.3
0,514.3
0,514.2
0,514
0,513.7
0,513.7
0,513.6
0,513.7
0,513.4
0,513.1
0,513.1
0,513
0,512.9
0,513
0,512.9
0,512.7
0,512.5
0,512.2
0,512.5
0,512.1
0,512.4
0,512.3
0,512.1
0,512.2
0,512.3
0,512.2
0,511.5
0,511.5
0,511.4
0,510.9
0,511.5
0,511.5
0,511.7
0,512
0,511.9
0,511.7
0,511.7
0,511.7
0,512.4
0,512.1
0,512.2
0,512
0,511.9
0,511.7
0,511.6
0,511.7
0,511.8
0,512.4
0,512.5
0,512.7
0,512.7
0,512.5
0,512.4
0,512.3
0,512.1
0,512.3
0,512.4
0,512.3
0,512.7
0,512.3
0,512.4
0,512.3
0,512.5
0,512.3
0,512.4
0,512.4
0,512.1
0,512
0,512
0,512.2
0,512.3
0,512.1
0,511.9
0,512
0,512.3
0,512.4
0,512.3
0,512.6
0,512.6
0,512.7
0,512.9
0,512.7
0,512.9
0,512.3
0,512.3
0,512.3
0,512.1
0,512.1
0,511.7
0,511.6
0,512.1
0,512
0,511.8
0,511.9
0,511.5
0,511.2
0,511.3
0,511.1
0,511.3
0,511.5
0,511.9
0,511.7
0,511.6
0,511.4
0,511.4
0,511.4
0,511.4
0,511.3
0,511.6
0,511.5
0,511.4
0,511.4
0,511.5
0,511.2
0,511
0,510.5
0,510.5
0,510.3
0,510.1
0,510
0,509.8
0,509.6
0,509.3
0,508.2
0,508.1
0,509.3
0,509.9
0,510
0,510.2
0,510.1
0,510.4
0,509.8
0,509.9
0,509.8
0,509.7
0,510.3
0,510
0,510.3
0,510.3
0,510.5
0,510.6
0,509.8
0,510.1
0,510.3
0,510.1
0,509.7
0,509.8
0,509.8
0,509.6
0,509.9
0,509.3
0,508.9
0,508.5
0,508.1
0,508.3
0,507.7
0,507.7
0,508
0,508.2
0,508.3
0,508.2
0,508.4
0,508.3
0,508.5
0,508.1
0,508.4
0,508.5
0,508.4
0,508.5
0,508.5
0,508.4
0,508.2
0,508.2
0,508.8
0,508.8
0,508.9
0,509.1
0,509.1
0,508.9
0,508.3
0,508.4
0,508.7
0,509
0,509.1
0,508.9
0,509
0,508.9
0,509
0,508.9
0,508.8
0,508.7
0,509.1
0,509.3
0,509.6
0,509.9
0,510.2
0,510.1
0,509.7
0,510
0,509.6
0,509.7
0,509.3
0,509.4
0,509.3
0,509.3
0,509.4
0,509.8
0,509.9
0,509.8
0,509.7
0,509.3
0,509.3
0,509.5
0,509.6
0,509.7
0,510.4
0,510.6
0,509.8
0,509.8
0,509.9
0,509.9
0,510
0,509.6
0,509.2
0,509.1
0,509
0,508.9
0,509.3
0,509.4
0,509.2
0,509.2
0,509.3
0,509.1
0,508.7
0,508.6
0,508.8
0,508.5
0,508.5
0,508.3
0,508.5
0,508.5
0,508.4
0,508.7
0,508.9
0,508.8
0,508.8
0,508.5
0,508.5
0,507.9
0,507.8
0,507.9
0,507.9
0,508
0,508.5
0,508.4
0,508.5
0,508.5
0,508.5
0,508.5
0,508.3
0,508.3
0,508.2
0,508
0,507.7
0,508
0,507.9
0,507.8
0,507.7
0,507.7
0,507.7
0,507.8
0,507.7
0,507.6
0,507.8
0,507.9
0,507.8
0,507.9
0,507.7
0,507.8
0,508
0,507.9
0,507.9
0,507.9
0,508.1
0,508.1
0,508.1
0,507.9
0,508.2
0,508.2
0,508.3
0,509.7
0,510.4
0,510.4
0,508.6
0,508.8
0,508.6
0,508.7
0,508.6
0,508.4
0,508.3
0,508.3
0,508.2
0,508.2
0,508.1
0,507.8
0,507.6
0,507.4
0,507.3
0,507.4
0,507.5
0,507.5
0,507.6
0,507.3
0,507.1
0,507.1
0,506.7
0,506.5
0,506.6
0,506.2
0,506.5
0,506.8
0,506.9
0,507.4
0,507.7
0,507.6
0,507.7
0,507.7
0,507.5
0,507.2
0,507.1
0,507
0,507.3
0,507.1
0,506.9
0,506.7
0,506.6
0,506.7
0,506.6
0,506.8
0,506.9
0,507
0,506.7
0,506.9
0,507.2
0,507
0,507
0,507
0,507.2
0,507.1
0,507.3
0,507.4
0,507.5
0,507.5
0,507.8
0,508.1
0,508.1
0,508
0,507.8
0,508
0,508
0,507.8
0,508.2
0,508.4
0,508.4
0,508.4
0,507.9
0,507.6
0,507.3
0,507.5
0,507.1
0,506.6
0,506.4
0,506
0,505.9
0,505.8
0,505.6
0,505.7
0,505.6
0,505.5
0,505.4
0,505.5
0,505.7
0,506
0,506
0,506.3
0,506.1
0,506.2
0,506.5
0,506.5
0,506.4
0,506.5
0,506.6
0,506.7
0,506.9
0,506.7
0,506.8
0,506.8
0,506.7
0,506.9
0,506.9
0,506.7
0,506.5
0,506.5
0,506.4
0,506
0,506.3
0,506.2
0,505.9
0,506.1
0,506.1
0,506.4
0,506.4
0,506.1
0,506.1
0,506.3
0,506.5
0,506.5
0,505.9
0,505.9
0,505.7
0,505.7
0,505.6
0,505.3
0,505.9
0,505.8
0,505.8
0,505.6
0,505.6
0,505.8
0,506.1
0,506.3
0,506.1
0,505.8
0,505.4
0,505.4
0,505.3
0,505.2
0,505.4
0,505.5
0,505.7
0,506.1
0,506.3
0,506.3
0,506.3
0,505.7
0,505.7
0,505.5
0,505.5
0,505.6
0,506.1
0,506.2
0,506.1
0,506.1
0,505.9
0,505.9
0,505.8
0,506.1
0,505.6
0,505.6
0,505.7
0,505.9
0,505.5
0,505.8
0,505.7
0,505.5
0,505.3
0,505.1
0,505.2
0,505.3
0,505.3
0,505.5
0,505.5
0,505.1
0,505.4
0,505.2
0,505.5
0,505.5
0,504.9
0,504.7
0,504.9
0,504.5
0,504.6
0,504.5
0,504.7
0,505.1
0,505.1
0,504.8
0,504.7
0,505
0,504.9
0,505
0,504.7
0,504.8
0,504.8
0,504.7
0,504.8
0,505.1
0,505
0,504.7
0,504.9
0,505
0,504.7
0,504.9
0,504.7
0,505.6
0,505.7
0,506.6
0,506.6
0,506.9
0,507.2
0,506.9
0,507
0,507.8
0,507.5
0,508.1
0,508.8
0,508.2
0,508.1
0,508.7
0,509.4
0,509.2
0,509.1
0,508.9
0,509.3
0,509.3
0,509.4
0,509.8
0,510.2
0,510.3
0,510.7
0,510.9
0,511.4
0,511.5
0,511.7
0,511.7
0,512
0,512
0,512.2
0,512.3
0,512.4
0,512.3
0,512.4
0,512.4
0,512.4
0,512.3
0,512.5
0,512.7
0,512.7
0,512.9
0,513.5
0,513.5
0,513.8
0,513.9
0,513.9
0,514.2
0,514.4
0,514.9
0,515.2
0,514.6
0,514.4
0,514.4
0,514.1
0,514.2
0,514
0,514.4
0,514.5
0,514.6
0,515.2
0,515
0,514.6
0,514.7
0,515.1
0,515.1
0,514.6
0,514.2
0,513.8
0,514.2
0,514.2
0,514
0,513.7
0,513.8
0,513.6
0,514
0,513.9
0,514
0,513.9
0,513.5
0,513.2
0,513.1
0,513.3
0,513.2
0,513.1
0,513
0,512.8
0,512.8
0,512.9
0,513.3
0,513.5
0,513.3
0,513.1
0,512.7
0,512.7
0,512.7
0,513.1
0,513.4
0,513.5
0,513.1
0,512.9
0,513.1
0,513.1
0,512.9
0,513.2
0,513.5
0,514
0,513.8
0,513.8
0,513.9
0,513.8
0,513.9
0,513.8
0,513.5
0,513.9
0,513.4
0,513.3
0,513.3
0,513.3
0,513.5
0,513.8
0,513.7
0,513.3
0,513.5
0,513.5
0,513.6
0,513.9
0,513.8
0,513.5
0,513.6
0,513.5
0,513.4
0,513.2
0,513.1
0,513.2
0,513.3
0,513.2
0,512.7
0,513
0,512.8
0,512.9
0,513.1
0,512.9
0,512.8
0,512.5
0,512.5
0,512.4
0,512.3
0,512.2
0,512.1
0,511.8
0,511.7
0,511.2
0,511.5
0,511.6
0,511.7
0,511.3
0,511.2
0,511.1
0,511.3
0,511.7
0,511.7
0,511.6
0,511.5
0,511.6
0,511.5
0,511.1
0,511.3
0,511.6
0,511.6
0,511.8
0,511.4
0,511.5
0,511.6
0,511.7
0,511.9
0,511.8
0,511.6
0,511.3
0,511.4
0,511.5
0,511.8
0,511.5
0,511.8
0,511.7
0,511.8
0,511.7
0,512.1
0,512.3
0,512.4
0,512.5
0,512.5
0,512.5
0,512.5
0,512.7
0,512.9
0,513
0,513.1
0,513.9
0,513.9
0,513.4
0,513
0,513.6
0,513.8
0,513.8
0,513.7
0,514.3
0,514.5
0,513.8
0,513.4
0,513.9
0,513.8
0,514.1
0,514
0,513.7
0,513.4
0,513.2
0,513.2
0,513.6
0,513.3
0,513.2
0,513
0,512.7
0,513.6
0,513.6
0,513.6
0,513.1
0,513.1
0,513.3
0,513.3
0,513.4
0,513.5
0,513.7
0,513.5
0,513.4
0,513.3
0,513.5
0,513.6
0,513.2
0,513
0,512.7
0,512.5
0,512.5
0,512.6
0,512.6
0,512.5
0,512.2
0,512.3
0,512.2
0,512.2
0,512.3
0,512.5
0,512.8
0,512.7
0,512.5
0,512.5
0,512.4
0,512.1
0,512.6
0,512.3
0,512.3
0,512.2
0,512
0,512.3
0,512.5
0,512.7
0,512.3
0,512.4
0,512.5
0,512.1
0,512
0,512
0,511.7
0,511.6
0,511.5
0,511.7
0,512.3
0,512.2
0,512.1
0,512.2
0,511.9
0,511.5
0,511.3
0,512.1
0,511.3
0,510.9
0,510.7
0,510.8
0,511.1
0,511.1
0,511.2
0,511.3
0,511.3
0,511.9
0,512.1
0,512.2
0,511.6
0,511.7
0,511.6
0,511.3
0,511.5
0,511.2
0,511.7
0,511.8
0,511.4
0,511.1
0,511.4
0,511.3
0,511.1
0,510.4
0,510.5
0,510.6
0,510.8
0,511.1
0,511.3
0,511.7
0,511.7
0,511.7
0,511.6
0,511.6
0,511.9
0,512.3
0,512.3
0,512.5
0,512.5
0,512.7
0,512.6
0,513.1
0,512.9
0,513.1
0,513.5
0,513.7
0,513.8
0,513.9
0,513.8
0,513.5
0,513.5
0,513.4
0,513.8
0,513.4
0,513.4
0,513.7
0,513.4
0,513.1
0,512.9
0,513.1
0,513
0,512.9
0,512.7
0,512.6
0,512.9
0,513
0,513
0,513.2
0,513
0,513.1
0,513.3
0,513.3
0,513.1
0,513.3
0,513
0,512.9
0,513.1
0,513.2
0,512.9
0,513
0,512.9
0,513
0,512.9
0,513.1
0,512.9
0,512.7
0,512.7
0,512.7
0,513.1
0,512.9
0,513
0,512.5
0,513.1
0,514.3
0,513.9
0,514.6
0,514.6
0,514.9
0,515
0,514.3
0,514.5
0,514.6
0,514.8
0,514.8
0,514.8
0,515.1
0,515.5
0,515.8
0,515.8
0,515.7
0,515.7
0,516
0,516
0,515.7
0,515.7
0,515.8
0,516.1
0,516
0,515.9
0,515.6
0,515.1
0,514.7
0,514.9
0,515.2
0,515.3
0,515.8
0,516.1
0,516.4
0,515.9
0,515.6
0,515.6
0,515.7
0,515.7
0,515.5
0,515.3
0,515.5
0,515.6
0,515.7
0,515.5
0,515.4
0,515.7
0,515.9
0,515.8
0,515.9
0,516.1
0,516.3
0,516.2
0,516.3
0,516.4
0,516
0,515.8
0,515.3
0,515.2
0,515.4
0,515.3
0,515.1
0,515.2
0,515.3
0,515.3
0,515.5
0,515
0,514.9
0,514.5
0,514.5
0,514.6
0,514.7
0,514.6
0,514.5
0,514.5
0,514.4
0,514.4
0,514.2
0,514.1
0,514.1
0,514
0,514.1
0,514
0,514.2
0,514.4
0,514.8
0,515
0,514.9
0,515.1
0,515.1
0,515.1
0,515.3
0,515.8
0,516
0,516.2
0,515.9
0,516.1
0,516.5
0,516.4
0,516.3
0,516.1
0,516.1
0,516.2
0,516
0,516.1
0,516.2
0,516.1
0,516.2
0,516.3
0,516.2
0,516.3
0,516.7
0,517.1
0,516.7
0,516.4
0,516.4
0,516.8
0,517.3
0,517.1
0,517
0,517.3
0,517.4
0,517.3
0,517.4
0,517.1
0,517.5
0,517.5
0,517.7
0,517.4
0,517.6
0,517.5
0,517.3
0,517.2
0,517.1
0,517
0,516.7
0,516.5
0,516.6
0,516.7
0,516.6
0,516.5
0,516.6
0,516.7
0,517
0,517.1
0,516.8
0,516.5
0,516.5
0,516.6
0,516.5
0,516.8
0,516.9
0,517
0,517.3
0,516.7
0,516.7
0,517.1
0,517.1
0,517.2
0,517.5
0,517.7
0,517.9
0,518.2
0,518.5
0,518.6
0,518.5
0,518.5
0,518.6
0,518.5
0,518.5
0,518.6
0,518.7
0,519.5
0,519.6
0,519.7
0,519.7
0,519.7
0,520.5
0,520.5
0,520.2
0,520
0,519.7
0,519.6
0,519.5
0,519.4
0,519.5
0,519.6
0,519.5
0,519.4
0,519.3
0,519.4
0,519.5
0,520
0,520.1
0,520.6
0,520.9
0,520.7
0,520.7
0,521.1
0,521.1
0,521.2
0,520.9
0,520.9
0,520.5
0,520.3
0,519.4
0,519.9
0,520
0,520.2
0,520.6
0,520.5
0,520.8
0,520.3
0,520.5
0,520.7
0,520.7
0,520.9
0,520.9
0,521.1
0,520.6
0,520.8
0,520.9
0,520.9
0,520.7
0,521
0,520.9
0,521
0,520.8
0,520.8
0,520.7
0,520.5
0,520.5
0,520.3
0,519.4
0,519.3
0,519.2
0,519.5
0,519.6
0,519.6
0,519.6
0,519.7
0,519.9
0,519.8
0,519.7
0,519.9
0,520
0,520.1
0,520.2
0,520
0,519.7
0,519.8
0,519.9
0,520.1
0,519.9
0,519.4
0,519.4
0,519.2
0,519.1
0,519.3
0,519.2
0,519.1
0,519.2
0,519.1
0,519.3
0,519.1
0,519.2
0,519.2
0,518.6
0,518.8
0,518.9
0,518.7
0,518.6
0,518.3
0,518.4
0,518.6
0,518.8
0,518.9
0,518.5
0,518.6
0,518.6
0,518.4
0,518.5
0,518.5
0,518.1
0,518
0,517.5
0,517.6
0,517.5
0,517.7
0,517.5
0,517.1
0,516.7
0,516.7
0,516.9
0,516.9
0,516.7
0,516.2
0,515.6
0,515.3
0,515.2
0,515.6
0,515.9
0,515.9
0,515.9
0,516
0,515.7
0,514.9
0,515.3
0,515.3
0,515.3
0,515.3
0,515.6
0,515.5
0,515.8
0,516.1
0,516.3
0,516.7
0,516.5
0,516.6
0,516.3
0,516.5
0,516
0,516.2
0,516.3
0,516.5
0,516
0,516.6
0,516.5
0,516.6
0,516.5
0,516.3
0,516.2
0,516.2
0,515.3
0,515.9
0,515.7
0,515.9
0,515.8
0,515.7
0,515.5
0,515.4
0,515.2
0,515.3
0,515.3
0,515.1
0,515.2
0,515.1
0,515
0,515.1
0,514.8
0,514.8
0,514.5
0,514.3
0,514.4
0,514.5
0,514.4
0,514.5
0,514.5
0,514.4
0,514.2
0,514
0,514.2
0,514.2
0,514.3
0,514.3
0,514.2
0,514
0,514.2
0,513.9
0,513.8
0,512.2
0,513.6
0,514.6
0,514.8
0,515.5
0,515.4
0,515.5
0,515.5
0,515.5
0,515.8
0,515.6
0,515.8
0,515.8
0,515.5
0,515.3
0,515.3
0,515.1
0,515.3
0,515.2
0,515.2
0,515.1
0,515.1
0,515.1
0,514.7
0,515
0,514.8
0,514.7
0,514.7
0,514.9
0,514.7
0,514.6
0,514.2
0,514.3
0,514.5
0,515
0,514.9
0,515
0,515.2
0,515.4
0,515.6
0,515.2
0,514.9
0,515.2
0,515
0,515.4
0,515.4
0,515.3
0,515.4
0,514.8
0,514.9
0,515.1
0,514.9
0,515
0,514.6
0,515.1
0,515.1
0,515.1
0,514.9
0,515
0,514.9
0,514.7
0,515
0,514.9
0,515.1
0,515
0,515.1
0,515.2
0,514.9
0,515.1
0,515.2
0,515.2
0,515.4
0,516.8
0,516.7
0,516.6
0,516.4
0,516.4
0,516.3
0,516.1
0,516.2
0,516.2
0,516.1
0,516
0,516
0,516.3
0,516
0,516
0,516.1
0,516.2
0,516.1
0,516.6
0,516.7
0,517.2
0,518
0,518.1
0,518.4
0,518.3
0,518.2
0,518.2
0,518.2
0,518.3
0,518.3
0,518.4
0,517.7
0,517.7
0,517.6
0,517.9
0,518
0,517.8
0,517.8
0,517.8
0,517.7
0,518.1
0,518.3
0,518.1
0,517.9
0,518.3
0,518.8
0,518.7
0,518.9
0,518.2
0,517.9
0,517.9
0,517.8
0,517.6
0,517.4
0,517.4
0,516.7
0,516.7
0,516.8
0,516.4
0,516.2
0,516.1
0,516.3
0,516.6
0,517.1
0,517.1
0,516.7
0,516.5
0,516.7
0,517.1
0,516.7
0,516.2
0,516.1
0,516
0,516.3
0,516.5
0,516.5
0,516.3
0,516.2
0,516.1
0,516
0,515.9
0,515.8
0,516.1
0,516.1
0,516.3
0,516.1
0,516.2
0,516.5
0,516
0,515.9
0,515.9
0,516.3
0,516.3
0,516.2
0,516.1
0,516
0,516
0,515.9
0,516
0,516.1
0,516.3
0,516.5
0,516.5
0,516.3
0,516.7
0,516.5
0,516.7
0,516.4
0,516.3
0,516.4
0,516.3
0,516.1
0,515.9
0,516.1
0,516.4
0,516.4
0,516.5
0,516.3
0,516.1
0,515.9
0,516
0,516.2
0,516
0,516.1
0,516.4
0,516.5
0,516.1
0,516.1
0,515.9
0,515.6
0,515.7
0,515.3
0,514.6
0,514.5
0,515.1
0,515
0,514.6
0,514.8
0,514.8
0,514.2
0,514
0,514.2
0,514.7
0,514.9
0,514.8
0,515.3
0,515.5
0,515.5
0,515.4
0,515.3
0,515.3
0,515.3
0,515.2
0,515.3
0,515.1
0,514.9
0,514.9
0,515.1
0,515
0,515.2
0,514.8
0,514.7
0,515.2
0,514.9
0,514.8
0,514.7
0,514.6
0,514.7
0,514.9
0,515.1
0,514.8
0,514.7
0,514.8
0,515
0,514.9
0,514.6
0,514.5
0,514.7
0,514.3
0,514.2
0,514.3
0,514.5
0,514.5
0,514.4
0,514.1
0,514.1
0,514.4
0,514.3
0,514.4
0,514.3
0,513.9
0,513.8
0,513.7
0,513.7
0,513.6
0,513.5
0,513.4
0,513.4
0,513.4
0,513.2
0,513
0,512.9
0,513.6
0,513.6
0,513.5
0,513.7
0,513.7
0,513.5
0,513.3
0,512.9
0,512.8
0,513.1
0,513.3
0,513.4
0,513.4
0,513.3
0,513
0,512.7
0,513.1
0,512.9
0,513.1
0,513.2
0,513.2
0,513.1
0,513.3
0,513.3
0,513.2
0,513.3
0,513.4
0,513.8
0,514.3
0,515
0,514.6
0,514.7
0,514.2
0,513.9
0,513.6
0,513.6
0,513.9
0,514.1
0,513.9
0,513.7
0,513.9
0,513.8
0,513.6
0,513.5
0,513.3
0,513.6
0,513.5
0,513.1
0,513.2
0,512.6
0,513
0,513.1
0,512.8
0,512.8
0,513
0,513.1
0,513.1
0,513.2
0,512.8
0,512.4
0,512
0,512.4
0,512.5
0,512.5
0,512.7
0,513.1
0,513.1
0,512.7
0,512.8
0,513.3
0,512.9
0,512.9
0,512.9
0,513.2
0,513.5
0,513.3
0,513.4
0,513.5
0,512.9
0,513
0,513
0,513.1
0,513
0,512.9
0,513.1
0,513
0,512.9
0,512.5
0,512.4
0,512.1
0,511.7
0,512.1
0,511.7
0,511.1
0,511.2
0,511.2
0,511.1
0,511.2
0,511.1
0,510.9
0,511.3
0,511.4
0,511.7
0,512.1
0,512.1
0,512.4
0,512.3
0,512.3
0,512.3
0,512.2
0,512.4
0,511.9
0,512
0,512.4
0,512.4
0,512.6
0,512.6
0,512.3
0,512.4
0,512.1
0,512.2
0,512.2
0,512.3
0,512.1
0,511.9
0,511.9
0,244.2
0,243.6
0,242.95
0,241.05
0,241.3
0,240.4
0,240.75
0,241.9
0,243.65
0,243.6
0,243.1
0,242.75
0,242.9
0,242.35
0,241.95
0,241.35
0,240.75
0,240.9
0,240.9
0,240.4
0,240.5
0,241.2
0,241.7
0,240.75
0,241.95
0,242.35
0,242.75
0,242.8
0,242.95
0,242.8
0,243.15
0,243.1
0,243.05
0,242.75
0,243
0,243.4
0,243.05
0,243.1
0,242.55
0,242.65
0,242.9
0,242.55
0,242.65
0,242.7
0,242.5
0,243.05
0,243.25
0,242.95
0,242.9
0,243.75
0,244.15
0,243.95
0,243.55
0,243.75
0,243.85
0,243.7
0,244.2
0,244.3
0,244
0,243.8
0,243.95
0,244.3
0,244.2
0,244.65
0,245.1
0,244.9
0,244.2
0,244.1
0,243.85
0,243.6
0,243.45
0,243.4
0,243.6
0,243.4
0,243
0,243.85
0,244.15
0,244.4
0,244.5
0,244.4
0,244.35
0,244.5
0,244.8
0,244.85
0,244.95
0,245.4
0,245.75
0,245.9
0,245.75
0,245.65
0,245.6
0,245.5
0,245.45
0,245.35
0,245.2
0,245.35
0,245.55
0,245.5
0,245.25
0,245.7
0,245.85
0,246.05
0,246.15
0,246.1
0,245.75
0,245.7
0,245.65
0,245.75
0,245.8
0,245.8
0,245.75
0,245.7
0,245.65
0,245.55
0,245.65
0,245.6
0,245.65
0,246
0,245.95
0,246.05
0,246.1
0,246.15
0,246.3
0,246.35
0,246.35
0,246.55
0,246.6
0,246.6
0,246.55
0,246.6
0,246.8
0,246.65
0,246.85
0,246.85
0,246.75
0,246.8
0,246
0,245.45
0,245.35
0,245.85
0,245.5
0,245.6
0,245.6
0,245.5
0,245.8
0,246
0,246.05
0,246.25
0,246.5
0,246.55
0,246.55
0,246.25
0,246.5
0,246.25
0,247.25
0,247.05
0,246.2
0,245.85
0,246
0,246.9
0,246.95
0,246.8
0,247
0,247.2
0,247.05
0,247.35
0,247.05
0,247
0,246.85
0,246.7
0,246.95
0,247.3
0,247.1
0,247.25
0,247.2
0,246.8
0,246.85
0,247.55
0,247.6
0,247.6
0,247.45
0,247.1
0,246.6
0,246.4
0,246.55
0,246.55
0,246.4
0,246.65
0,246.05
0,246.25
0,246.1
0,246.25
0,246.55
0,246.65
0,246.8
0,246.65
0,246.15
0,246.1
0,246
0,245.9
0,245.6
0,245.55
0,245.6
0,246
0,246.1
0,245.9
0,245.75
0,245.65
0,245.95
0,246.05
0,245.9
0,246
0,245.9
0,245.95
0,246.15
0,246.2
0,246.25
0,245.95
0,246.6
0,246.3
0,246.35
0,246.45
0,246.7
0,246.95
0,247.05
0,247.35
0,247.4
0,247.1
0,246.15
0,246.5
0,246.3
0,246.45
0,246.95
0,246.95
0,247.3
0,246.9
0,246.2
0,246.4
0,246.6
0,246.65
0,246.7
0,246.85
0,247.05
0,246.9
0,247.1
0,247.05
0,247.15
0,247.25
0,247.3
0,247.25
0,247.5
0,247.15
0,247.35
0,247.65
0,247.85
0,247.8
0,247.9
0,247.75
0,247.45
0,247.7
0,247.75
0,247.85
0,247.4
0,247.45
0,247.75
0,247.75
0,247.65
0,247.65
0,247.55
0,247.05
0,247.2
0,247.3
0,246.75
0,246.5
0,246.75
0,247
0,246.9
0,247.05
0,246.8
0,246.4
0,246.45
0,246.8
0,247.25
0,247.35
0,247.4
0,247.6
0,247.45
0,247.75
0,248.15
0,247.9
0,248
0,247.95
0,247.9
0,247.9
0,247.7
0,247.8
0,247.85
0,247.85
0,247.8
0,248
0,247.85
0,248.05
0,247.9
0,248.05
0,248
0,248.05
0,247.9
0,248.05
0,247.75
0,247.3
0,247.5
0,247.55
0,247.65
0,247.55
0,247.5
0,246.85
0,247.15
0,246.65
0,246.7
0,247
0,247.05
0,247.1
0,242.1
0,242
0,243.75
0,244.15
0,246
0,245.95
0,246
0,246.05
0,245.8
0,245.95
0,244.8
0,244.55
0,244.85
0,244.35
0,244.75
0,244.4
0,245.4
0,245.45
0,245.55
0,246
0,246
0,246.15
0,246.5
0,246.65
0,246.65
0,246.6
0,246.55
0,246.45
0,246.9
0,246.95
0,247.05
0,247.15
0,247.35
0,247.2
0,247
0,246.9
0,247.3
0,247.55
0,247.55
0,247.4
0,247.05
0,247.05
0,247.4
0,247.55
0,247.8
0,247.85
0,247.8
0,247.85
0,248.15
0,248.1
0,247.8
0,247.3
0,247.1
0,247.05
0,246.95
0,246.9
0,246.7
0,246.9
0,247
0,246.9
0,246.75
0,246.6
0,246.5
0,245.9
0,245.75
0,245.6
0,245.8
0,245.4
0,246.2
0,246.2
0,246
0,245.95
0,245.9
0,245.75
0,245.65
0,245.65
0,245.7
0,245.7
0,245.85
0,246
0,245.65
0,245.85
0,245.7
0,245.75
0,245.95
0,245.85
0,245.85
0,245.7
0,245.6
0,245.45
0,245.35
0,245.4
0,245.25
0,245.3
0,245.3
0,245.2
0,245.25
0,245.35
0,245.4
0,245.4
0,245.45
0,245.6
0,245.65
0,245.6
0,245.7
0,245.55
0,245.5
0,245.55
0,245.55
0,245.65
0,245.65
0,245.7
0,245.9
0,246.05
0,245.85
0,245.45
0,245.5
0,245
0,244.95
0,245.05
0,245
0,245.25
0,245.05
0,245.05
0,245.15
0,245.25
0,245.25
0,244.8
0,244.7
0,244.5
0,244.55
0,244.55
0,244.5
0,244.35
0,244.5
0,244.55
0,244.1
0,244.4
0,244.85
0,244.8
0,244.85
0,244.9
0,244.65
0,244.65
0,244.55
0,244.6
0,244.5
0,244.45
0,244.65
0,244.7
0,244.8
0,244.95
0,245
0,245.05
0,245
0,244.8
0,244.75
0,244.7
0,244.75
0,244.6
0,244.05
0,244.25
0,244.25
0,244.25
0,244.1
0,243.85
0,243.9
0,243.85
0,243.75
0,243.8
0,243.95
0,243.95
0,244.15
0,245.6
0,245.5
0,244.85
0,245.05
0,244.85
0,245
0,244.95
0,245
0,245.1
0,245
0,244.95
0,244.8
0,244.9
0,244.85
0,244.85
0,244.9
0,244.85
0,244.85
0,244.75
0,244.6
0,244.45
0,244.4
0,244.4
0,244.45
0,244.35
0,244.4
0,244.45
0,244.75
0,244.85
0,244.75
0,244.75
0,244.7
0,244.75
0,244.75
0,244.7
0,244.8
0,244.9
0,244.85
0,244.85
0,244.7
0,244.75
0,244.8
0,244.65
0,244.85
0,244.9
0,245.05
0,244.9
0,244.95
0,245
0,245
0,244.95
0,244.85
0,244.75
0,244.55
0,244.5
0,244.6
0,244.6
0,244.45
0,244.6
0,244.7
0,244.75
0,244.7
0,244.6
0,244.6
0,244.55
0,244.6
0,244.7
0,244.75
0,244.85
0,244.75
0,244.85
0,244.75
0,244.6
0,244.6
0,244.7
0,244.95
0,244.9
0,245.05
0,245.1
0,244.95
0,244.9
0,245
0,244.95
0,245
0,245.05
0,244.9
0,244.85
0,244.9
0,244.95
0,244.9
0,244.9
0,245.05
0,244.95
0,245
0,245.05
0,245.1
0,245.05
0,245
0,244.95
0,244.95
0,244.85
0,244.75
0,244.85
0,244.85
0,244.6
0,244.65
0,244.4
0,244.25
0,244.05
0,244.1
0,243.9
0,243.35
0,243.55
0,243.4
0,243.55
0,243.1
0,243.05
0,242.85
0,243
0,242.9
0,242.8
0,242.75
0,242.55
0,242.6
0,242.55
0,242.45
0,242.65
0,242.55
0,242.45
0,242.75
0,243.3
0,243.2
0,243.05
0,243.2
0,243.25
0,243.8
0,243.55
0,243.6
0,243.6
0,243.4
0,243.3
0,243.15
0,243.1
0,243.4
0,243.25
0,243.15
0,243.25
0,243.2
0,243.25
0,243.2
0,243.15
0,242.95
0,242.6
0,242.65
0,242.75
0,242.85
0,242.9
0,242.85
0,242.8
0,242.85
0,242.75
0,242.75
0,242.85
0,243
0,242.9
0,242.85
0,242.85
0,242.75
0,242.65
0,242.55
0,242.45
0,242.4
0,242.45
0,242.55
0,242.55
0,242.6
0,242.65
0,242.45
0,242.25
0,242.3
0,242.35
0,242.35
0,242.3
0,242.45
0,242.55
0,242.55
0,242.55
0,242.55
0,243.4
0,243.25
0,243.15
0,243.25
0,243.1
0,243.2
0,243.25
0,243.05
0,242.95
0,242.85
0,242.85
0,242.85
0,243.15
0,245.55
0,244.8
0,244.4
0,245.05
0,282.3
0,245.25
0,245.45
0,245.25
0,245.15
0,245.35
0,245.85
0,246.15
0,246.65
0,246.7
0,247.05
0,246.9
0,246.9
0,246.9
0,247.05
0,246.75
0,246.6
0,244.65
0,245.8
0,245.85
0,245.95
0,246.35
0,246.15
0,245.75
0,245.7
0,245.85
0,245.75
0,245.55
0,245.3
0,245.6
0,245.6
0,245.85
0,245.7
0,245.7
0,245.65
0,245.25
0,245.05
0,245.2
0,244.95
0,244.95
0,244.8
0,244.75
0,244.9
0,245.7
0,245.95
0,245.85
0,246.2
0,246.3
0,246.45
0,246.05
0,245.95
0,245.75
0,245.5
0,245.2
0,245.45
0,245.9
0,245.85
0,245.9
0,245.95
0,246
0,246.05
0,245.8
0,245.8
0,245.85
0,245.8
0,245.85
0,246.3
0,246.15
0,246.3
0,246.45
0,246.3
0,246.35
0,246.1
0,246.05
0,246.05
0,246.45
0,246.7
0,246.5
0,246.45
0,246.25
0,246.2
0,246.15
0,246.5
0,246.45
0,246.45
0,247.2
0,247.15
0,247.5
0,247.55
0,247.75
0,247.95
0,248.3
0,248.2
0,247.8
0,247.85
0,248.05
0,248.2
0,248.2
0,248.3
0,247.95
0,247.55
0,247.65
0,247.4
0,247.7
0,248.05
0,248.15
0,248.1
0,247.65
0,247.75
0,247.95
0,248
0,247.95
0,247.9
0,247.65
0,247.9
0,248.4
0,248.2
0,248.3
0,248.4
0,248.25
0,248.15
0,248.05
0,248.35
0,248.35
0,248.5
0,248.4
0,248.3
0,248.25
0,248.05
0,248.1
0,248.15
0,247.85
0,247.9
0,247.85
0,247.9
0,247.7
0,247.4
0,247.3
0,246.3
0,246.2
0,247.5
0,247.35
0,247.4
0,247.35
0,247.5
0,247.6
0,247.5
0,247.3
0,247.45
0,247.4
0,247.35
0,247.1
0,246.95
0,247.25
0,247.35
0,247.6
0,247.4
0,247.6
0,247.55
0,247.6
0,247.55
0,247.3
0,247.35
0,247.4
0,247.4
0,247.45
0,247.4
0,247.45
0,247.4
0,247.45
0,247.75
0,247.75
0,247.6
0,247.45
0,247.4
0,247.45
0,247.3
0,247.3
0,247.3
0,247.2
0,247.1
0,246.95
0,246.9
0,246.9
0,246.85
0,246.65
0,246.55
0,246.4
0,246.5
0,247
0,247.3
0,247.15
0,246.95
0,246.55
0,246.7
0,246.9
0,247
0,246.85
0,246.6
0,246.95
0,246.8
0,246.7
0,246.7
0,246.85
0,247
0,246.9
0,246.8
0,247
0,247.15
0,247.4
0,247.45
0,247.75
0,247.75
0,247.9
0,248.1
0,248.15
0,248.4
0,248.35
0,248.2
0,248.25
0,248.3
0,248.3
0,248.55
0,248.7
0,248.7
0,248.25
0,248.7
0,248.75
0,248.65
0,248.95
0,248.85
0,248.7
0,249
0,249.05
0,248.95
0,248.9
0,248.95
0,249
0,249.05
0,249
0,249.15
0,249
0,248.05
0,247.5
0,247.65
0,247
0,247.25
0,247
0,246.95
0,247.15
0,247.15
0,247.3
0,247.2
0,247.3
0,247.25
0,247.05
0,247.45
0,247.65
0,247.35
0,247.75
0,248.2
0,248
0,248
0,247.7
0,248.05
0,248.2
0,246.75
0,247.75
0,247.8
0,247.85
0,247.7
0,247.6
0,247.45
0,247.45
0,247.75
0,247.35
0,247.3
0,247.15
0,247.35
0,247.5
0,247.3
0,247.3
0,247.3
0,247.6
0,247.9
0,248.05
0,247.85
0,247.8
0,247.65
0,247.8
0,247.4
0,247.4
0,247.6
0,247.45
0,247.35
0,247.25
0,247.15
0,247.25
0,247.15
0,247.2
0,247.15
0,247.15
0,247.2
0,246.95
0,246.85
0,247.15
0,247.05
0,247.45
0,247.2
0,247.15
0,247.55
0,247.75
0,247.7
0,247.55
0,248.05
0,247.9
0,247.9
0,247.8
0,248.2
0,248.15
0,248.15
0,248.25
0,248.25
0,248.15
0,248.3
0,248.5
0,248.45
0,248.35
0,248.35
0,248.3
0,248.3
0,248.3
0,248.15
0,248.3
0,248.2
0,248.15
0,248.3
0,248.25
0,247
0,247.65
0,248.9
0,248.85
0,251.1
0,250.4
0,251.55
0,252.05
0,251.8
0,251.8
0,251.95
0,252.45
0,251.55
0,250.8
0,250.55
0,250.6
0,250.4
0,250.35
0,250.1
0,249.7
0,249.75
0,250.25
0,250.15
0,250.2
0,251.2
0,250.85
0,250.4
0,250.2
0,250.45
0,250.1
0,249.95
0,249.85
0,249.6
0,249.25
0,249.3
0,249.25
0,249.55
0,249.6
0,249.45
0,249.35
0,248.75
0,248.8
0,248.45
0,248.45
0,248.5
0,248.25
0,248.2
0,247.9
0,248
0,248.05
0,247.95
0,247.6
0,247.75
0,247.8
0,247.9
0,247.2
0,247.6
0,247.4
0,247.2
0,247
0,246.8
0,246.75
0,246.45
0,246.25
0,246.5
0,246.65
0,246.7
0,246.8
0,247.25
0,247.2
0,247.35
0,247.25
0,247.1
0,247.3
0,247.35
0,247.3
0,247.15
0,246.5
0,246.35
0,246.8
0,247.05
0,247.1
0,247.2
0,246.95
0,247.05
0,247.5
0,247.2
0,247
0,247.05
0,247.1
0,247.25
0,247.4
0,246.85
0,246.95
0,247.35
0,247.4
0,247.45
0,247.5
0,247.35
0,247.35
0,247.2
0,247.35
0,247.15
0,247.2
0,247.15
0,247.05
0,246.95
0,247.3
0,247
0,247.2
0,247.25
0,247.35
0,247.85
0,247.6
0,247.5
0,247.5
0,247.45
0,247.15
0,247.1
0,247.5
0,247.7
0,247.75
0,247.55
0,247.55
0,247.5
0,247.3
0,247.35
0,247.65
0,247.7
0,247.8
0,248
0,248.25
0,248.2
0,248.25
0,248.5
0,248.6
0,248.25
0,248.2
0,248.5
0,248.6
0,248.55
0,248.55
0,249.15
0,249.55
0,249.6
0,249.7
0,249.5
0,249.55
0,249.5
0,249.45
0,249.65
0,249.5
0,249.9
0,250.05
0,249.45
0,249.45
0,249.3
0,249.5
0,249.7
0,249.6
0,249.8
0,249.9
0,249.7
0,249.85
0,249.9
0,250.05
0,249.75
0,250.25
0,250.15
0,249.7
0,249.85
0,249.3
0,249.5
0,249.4
0,249.35
0,249.75
0,249.9
0,249.75
0,249.6
0,249.75
0,249.9
0,249.9
0,249.65
0,249.7
0,249.75
0,249.95
0,249.95
0,250.2
0,249.95
0,249.95
0,250
0,250.6
0,250.4
0,250.25
0,250
0,249.8
0,249.85
0,249.6
0,249.55
0,249.25
0,249.25
0,249.2
0,249.4
0,249.35
0,249.3
0,249.15
0,249.05
0,249.05
0,249.05
0,248.95
0,249
0,249.2
0,249.45
0,249.3
0,248.85
0,249.2
0,249.1
0,249.25
0,249.3
0,249.45
0,250.1
0,249.65
0,249.45
0,249.1
0,249.35
0,249.65
0,249.75
0,249.65
0,249.75
0,249.25
0,249.3
0,249.25
0,249.2
0,249.45
0,250.1
0,249.7
0,249.65
0,249.7
0,249.75
0,249.8
0,249.6
0,249.65
0,249.4
0,249.5
0,249.4
0,249.4
0,249.65
0,249.6
0,249.55
0,249.85
0,249.9
0,249.95
0,249.55
0,249.75
0,249.8
0,250.1
0,250.15
0,250.1
0,250.15
0,249.9
0,250.15
0,250.3
0,250.15
0,250.2
0,250.25
0,250.2
0,249.6
0,249.45
0,249.25
0,249.35
0,249.25
0,249.2
0,249.3
0,249.55
0,249.35
0,249.1
0,249.35
0,249.55
0,249.6
0,249.55
0,249.5
0,249.9
0,250.15
0,250.65
0,250.7
0,250.35
0,250.4
0,250.25
0,250.35
0,250.1
0,250.3
0,249.7
0,250.3
0,250.4
0,250.45
0,250.4
0,250.3
0,249.95
0,249.9
0,250.1
0,250
0,250.1
0,250.15
0,249.85
0,249.85
0,249.7
0,249.75
0,249.75
0,249.65
0,249.8
0,249.7
0,249.6
0,249.75
0,249.65
0,249.75
0,249.6
0,249.65
0,249.65
0,249.55
0,249.5
0,249.55
0,249.8
0,249.8
0,249.75
0,249.85
0,249.95
0,249.8
0,249.8
0,249.8
0,250.05
0,250.25
0,250.45
0,250.2
0,250.35
0,252.2
0,252.3
0,251.75
0,251.25
0,250.6
0,252.4
0,253.2
0,253.3
0,253.3
0,253.55
0,254.9
0,254.3
0,254.35
0,254.55
0,254.55
0,254.7
0,255.05
0,255
0,255.55
0,255.75
0,256.4
0,256.75
0,256.55
0,256.45
0,255.55
0,255.65
0,256.05
0,256.15
0,256.35
0,256.75
0,256.55
0,256.35
0,255.85
0,256.05
0,255.75
0,255.9
0,256.05
0,256.15
0,255.85
0,256.6
0,256.3
0,256.2
0,256.25
0,256.2
0,256.7
0,256.65
0,256.6
0,256.7
0,256.7
0,256.65
0,256.25
0,255.9
0,255.6
0,255.5
0,255.6
0,255.85
0,256.15
0,255.95
0,255.5
0,254.8
0,255
0,254.95
0,254.85
0,254.85
0,254.9
0,255.05
0,254.85
0,254.9
0,254.85
0,254.45
0,254.65
0,254.45
0,254.5
0,254.45
0,254.6
0,254.5
0,254.55
0,254.7
0,254.8
0,254.85
0,254.95
0,254.95
0,254.95
0,254.65
0,254.65
0,254.9
0,255
0,255.15
0,255
0,254.85
0,254.85
0,254.7
0,254.6
0,255.05
0,255.15
0,255.4
0,255.7
0,255.65
0,255.6
0,255.55
0,255.7
0,255.85
0,255.95
0,256
0,256.1
0,256.25
0,256.5
0,256.45
0,256.1
0,256.2
0,256.35
0,256.2
0,256.35
0,256.4
0,256.4
0,256.4
0,256.6
0,256.55
0,256.3
0,256.3
0,256.3
0,256.4
0,256.35
0,256.5
0,256.75
0,256.75
0,256.75
0,256.95
0,257.1
0,257.7
0,257.75
0,257.8
0,257.9
0,258.1
0,258.2
0,258.45
0,258.1
0,258.1
0,258.2
0,257.45
0,257.5
0,257.65
0,257.65
0,257.55
0,257.45
0,257.35
0,257.15
0,257.15
0,256.8
0,256.8
0,256.85
0,256.85
0,256.8
0,257
0,257.05
0,257.6
0,257.55
0,257.65
0,257.55
0,257.65
0,257.5
0,257.55
0,257.3
0,257.4
0,257.65
0,257.6
0,257.15
0,257.25
0,257.25
0,257.2
0,256.9
0,255.8
0,256.8
0,257.25
0,257.35
0,257.4
0,257.1
0,257.1
0,257.25
0,257.2
0,256.6
0,256.85
0,257.15
0,257.2
0,257.3
0,257.2
0,257.15
0,257.2
0,256.85
0,256.65
0,256.55
0,256.6
0,257.1
0,257
0,257.1
0,257.1
0,256.85
0,256.7
0,256.65
0,256.7
0,256.65
0,256.7
0,257
0,257.2
0,257.15
0,257.1
0,257.2
0,257.1
0,257
0,256.85
0,257.45
0,257.2
0,257.25
0,257.2
0,257.2
0,257.25
0,257.15
0,257.25
0,257.35
0,257.35
0,257.4
0,257.4
0,257.5
0,257.4
0,256.7
0,256.65
0,256.6
0,256.9
0,257.3
0,257.35
0,257.3
0,257.4
0,257.1
0,257.5
0,257.2
0,257.3
0,257.45
0,257.5
0,257.4
0,257.45
0,257.45
0,257.55
0,257.65
0,257.6
0,257.75
0,257.8
0,257.9
0,257.95
0,257.3
0,257.15
0,257.4
0,257.5
0,258.15
0,258.15
0,258.1
0,258.05
0,258.05
0,257.7
0,258
0,257.75
0,257.7
0,258.05
0,258
0,257.95
0,257.7
0,258
0,257.85
0,257.9
0,257.8
0,257.85
0,257.25
0,257.6
0,257.9
0,257.95
0,257.75
0,257.8
0,257.85
0,257.9
0,257.9
0,257.95
0,257.95
0,258.05
0,257.9
0,257.95
0,257.9
0,257.6
0,257.4
0,257.4
0,257.55
0,257.6
0,257.55
0,257.65
0,257.7
0,257.75
0,257.7
0,257.6
0,257.7
0,257.5
0,256.85
0,257.15
0,257.2
0,257.25
0,257.55
0,257.25
0,257
0,257.05
0,256.75
0,256.8
0,256.8
0,257.05
0,257
0,256.9
0,256.55
0,256.3
0,255.8
0,255.5
0,256.25
0,256.4
0,256.45
0,256.15
0,256.45
0,256.15
0,256.45
0,256.2
0,256.2
0,256.1
0,256.15
0,256.1
0,256.45
0,256.3
0,256.35
0,256.25
0,256.05
0,256.2
0,256.1
0,256.3
0,256.45
0,256.45
0,256.5
0,256.9
0,256.95
0,256.8
0,256.9
0,256.8
0,257
0,256.95
0,256.85
0,256.9
0,257.1
0,257.05
0,257.25
0,257.05
0,257.1
0,257.1
0,257.25
0,257.65
0,257.65
0,257.5
0,257.35
0,257.35
0,257.35
0,257.35
0,257.4
0,255.15
0,255.35
0,258.15
0,259.6
0,259.25
0,258.65
0,259.35
0,258.95
0,258.9
0,257.95
0,257.3
0,258.4
0,259.45
0,259.05
0,259
0,259.45
0,259.15
0,259.2
0,259.25
0,259.25
0,259.1
0,258.4
0,258.25
0,258.1
0,258.05
0,258.3
0,258.5
0,258.85
0,258.85
0,259.05
0,258.85
0,259.1
0,259.1
0,258.75
0,258.85
0,258.95
0,259.1
0,260.05
0,260.3
0,260.65
0,260.95
0,260.8
0,260.85
0,260.9
0,261.35
0,261.75
0,261.65
0,261.7
0,261.7
0,262.15
0,261.9
0,261.75
0,261.95
0,261.95
0,262.05
0,261.8
0,261.85
0,261.9
0,262
0,262.6
0,262.45
0,262.5
0,262.7
0,263.25
0,263.4
0,263.7
0,263.9
0,264.1
0,264.4
0,263.95
0,263.9
0,263.95
0,263.65
0,263.15
0,263.35
0,263.1
0,263.45
0,263.5
0,263.8
0,263.6
0,262.9
0,262.6
0,262.35
0,262.3
0,262.25
0,262.2
0,262.15
0,262.2
0,262.15
0,261.9
0,261.75
0,261.85
0,262.15
0,262.3
0,262.35
0,262.4
0,262.65
0,262.8
0,262.55
0,262.55
0,262.55
0,262.65
0,262.55
0,262.5
0,262.25
0,262.3
0,262.4
0,262.55
0,262.9
0,263.05
0,263.25
0,263.5
0,263.15
0,263.1
0,263.45
0,262.55
0,262.7
0,262.65
0,262.7
0,263
0,262.95
0,263
0,262.55
0,262.6
0,262.85
0,262.7
0,262.75
0,262.7
0,262.75
0,262.7
0,262.55
0,262.55
0,262.75
0,262.7
0,262.65
0,262.3
0,262.45
0,262.2
0,261.95
0,261.9
0,261.45
0,261.45
0,261.8
0,262.05
0,262.05
0,262.35
0,262.5
0,262.55
0,262.7
0,262.7
0,262.7
0,262.6
0,262.5
0,262.1
0,262.15
0,262.4
0,262.45
0,262.6
0,262.7
0,262.8
0,262.8
0,262.8
0,263
0,263.05
0,262.9
0,263.15
0,262.95
0,263.1
0,263.15
0,263.1
0,263.4
0,263.5
0,263.45
0,263.8
0,263.4
0,263.4
0,263.5
0,263.35
0,263.25
0,263.35
0,263.65
0,263.35
0,263.3
0,263.15
0,263.05
0,262.85
0,262.8
0,262.4
0,262.35
0,262.65
0,262.65
0,262.2
0,261.9
0,262
0,261.9
0,261.8
0,261.85
0,262.1
0,261.95
0,262.15
0,262.1
0,262.3
0,262.5
0,262.8
0,263.05
0,262.9
0,263.05
0,262.9
0,263.05
0,263.2
0,263.25
0,263.6
0,263.8
0,263.4
0,263.3
0,263.4
0,263.3
0,263.3
0,263.2
0,263.15
0,263.3
0,263.5
0,264
0,263.9
0,263.95
0,263.65
0,263.7
0,263.65
0,264
0,264
0,264.15
0,264.1
0,264.05
0,264
0,263.95
0,263.65
0,263.75
0,263.6
0,263.9
0,264.2
0,264.5
0,264.85
0,265.45
0,265.35
0,265.25
0,265.7
0,265.45
0,264.9
0,265.25
0,265.75
0,265.95
0,266.15
0,265.9
0,265.6
0,265.55
0,265.5
0,265.6
0,265.2
0,265.25
0,265.2
0,265.25
0,265.3
0,265.6
0,265.85
0,266.05
0,266
0,265.75
0,265.8
0,266
0,266.1
0,266.05
0,266.6
0,266.15
0,266.15
0,266.2
0,266.3
0,266.2
0,266.05
0,265.7
0,265.6
0,265.65
0,265.6
0,265.25
0,264.75
0,264.85
0,264.85
0,264.95
0,264.95
0,264.95
0,265.05
0,265.45
0,264.95
0,264.8
0,264.85
0,264.8
0,264.8
0,264.65
0,264.6
0,264.2
0,264.35
0,264.2
0,264.3
0,264.35
0,264.35
0,264.45
0,264.5
0,264.8
0,264.9
0,265.05
0,265.55
0,265.1
0,265.3
0,265.45
0,265.3
0,265.2
0,265.2
0,265.45
0,265.8
0,265.7
0,265.3
0,265.05
0,265.1
0,265.3
0,265.25
0,265.45
0,265.3
0,265.25
0,265.4
0,265.65
0,265.85
0,265.85
0,265.8
0,265.85
0,266.1
0,265.6
0,265.65
0,265.7
0,265.9
0,265.9
0,266.1
0,266.25
0,266.5
0,266.55
0,266.1
0,265.9
0,292.45
0,266.05
0,266.55
0,265.5
0,266.15
0,266.4
0,266.15
0,265.15
0,266.35
0,265.5
0,266.1
0,265.45
0,265.95
0,265.65
0,265.65
0,266.05
0,267
0,267.45
0,267.35
0,266.9
0,266.65
0,266.6
0,266.55
0,266.55
0,266.5
0,266.45
0,266.4
0,266.35
0,266.35
0,265.95
0,265.35
0,265.15
0,265.7
0,265.8
0,264.85
0,265.3
0,265.15
0,265.7
0,265.8
0,265.9
0,265.1
0,265
0,265
0,265.15
0,264.8
0,264.5
0,264.9
0,264.9
0,265.05
0,265.15
0,265.25
0,265.05
0,265.25
0,264.65
0,264.75
0,264.65
0,264.8
0,264.85
0,264.85
0,264.6
0,264.85
0,264.85
0,264.7
0,264.85
0,264.6
0,264.6
0,264.75
0,264.8
0,264.55
0,264.9
0,264.95
0,265.05
0,265.35
0,265.3
0,265.4
0,265.1
0,265.05
0,264.95
0,264.7
0,264.7
0,264.8
0,265
0,265.05
0,265
0,265
0,265.15
0,265.2
0,265.25
0,265.15
0,264.75
0,264.7
0,264.65
0,264.8
0,264.65
0,264.85
0,264.65
0,264.7
0,264.6
0,264.8
0,265.2
0,265.15
0,264.8
0,264.7
0,264.7
0,264.65
0,264.6
0,264.9
0,264.7
0,264.85
0,264.95
0,264.95
0,264.7
0,264.65
0,264.55
0,264.8
0,264.8
0,264.7
0,264.65
0,264.6
0,264.55
0,264.3
0,264.25
0,264.2
0,264.35
0,264.2
0,264.25
0,264.1
0,264.2
0,264
0,264
0,263.95
0,263.9
0,263.7
0,263.4
0,263.25
0,263.3
0,263.25
0,263.25
0,262.95
0,263.1
0,263.2
0,263.05
0,262.95
0,263
0,263
0,263.15
0,263.25
0,263.3
0,263.25
0,264.15
0,263.6
0,263.7
0,263.9
0,263.85
0,263.6
0,263.5
0,263.5
0,263.5
0,263.55
0,263.65
0,263.65
0,263.85
0,263.75
0,263.6
0,263.7
0,264.6
0,263.95
0,263.8
0,263.95
0,263.85
0,264.1
0,264.2
0,264.5
0,264.5
0,264.4
0,264.2
0,263.85
0,264
0,263.95
0,263.9
0,264
0,264.1
0,264.1
0,264.25
0,264.15
0,264.25
0,264.4
0,264.45
0,264
0,263.75
0,264
0,263.75
0,263.9
0,263.8
0,263.85
0,263.9
0,263.95
0,263.9
0,263.95
0,263.85
0,263.9
0,264.3
0,264.25
0,263.8
0,263.75
0,263.95
0,264
0,263.9
0,264
0,264
0,264.15
0,264.25
0,264.3
0,264.2
0,264.15
0,264.2
0,263.95
0,264.05
0,264
0,264.05
0,264.2
0,264.05
0,264.25
0,264.2
0,264.25
0,264.35
0,265.15
0,264.55
0,264.65
0,264.6
0,264.65
0,264.6
0,264.6
0,264.75
0,264.55
0,264.8
0,264.45
0,264.1
0,264.2
0,264.35
0,264.6
0,264.55
0,264.6
0,264.4
0,264.15
0,264.3
0,264.45
0,264.2
0,264.35
0,264.4
0,264.25
0,263.85
0,263.95
0,263.9
0,264.25
0,264.55
0,264.2
0,264.35
0,264.5
0,264.35
0,264.3
0,264.4
0,264.2
0,264.05
0,264
0,264.1
0,264.5
0,264.55
0,264.65
0,264.45
0,264.8
0,264.85
0,264.6
0,264.65
0,264.9
0,264.85
0,264.85
0,265.05
0,265.05
0,265.35
0,265.15
0,265.2
0,265
0,265.45
0,265.3
0,265.05
0,265.35
0,265.3
0,265.15
0,265.15
0,265.5
0,265.65
0,265.7
0,265.9
0,265.95
0,265.65
0,265.7
0,266.1
0,266.05
0,265.75
0,265.85
0,265.7
0,265.9
0,265.85
0,265.75
0,266.25
0,266
0,265.95
0,266.1
0,265.8
0,265.95
0,266.1
0,266.15
0,266
0,265.8
0,266.05
0,265.8
0,265.85
0,266
0,265.85
0,265.75
0,265.85
0,265.9
0,266
0,265.95
0,266.05
0,265.9
0,266.05
0,266.25
0,266.3
0,266.45
0,266.45
0,266.25
0,266.15
0,266.25
0,266.1
0,266
0,266
0,265.95
0,265.95
0,265.9
0,265.95
0,266.2
0,266.2
0,266.15
0,266.15
0,265.9
0,265.95
0,265.85
0,265.9
0,265.8
0,266.1
0,266.1
0,266.2
0,266.3
0,266.25
0,266.15
0,266.2
0,266.15
0,266.15
0,265.95
0,266.05
0,265.65
0,266.05
0,265.9
0,265.9
0,265.85
0,265.9
0,265.85
0,265.9
0,265.8
0,265.65
0,267.2
0,268.1
0,268.1
0,268.05
0,266.75
0,268.3
0,267.7
0,267.6
0,267.65
0,267.6
0,268.45
0,268.85
0,268.75
0,268.35
0,268.65
0,268.75
0,268.8
0,268.9
0,269.15
0,269.25
0,269.25
0,269.3
0,269.75
0,269.4
0,269.25
0,269.9
0,269.8
0,269.75
0,269.4
0,269.3
0,269.1
0,269.05
0,269
0,269.45
0,269.3
0,269.5
0,269.55
0,269.8
0,269.5
0,269.85
0,270.05
0,269.95
0,269.7
0,269.75
0,269.75
0,269.7
0,269.75
0,269.3
0,269.4
0,269.1
0,269.4
0,269.55
0,269.15
0,268.9
0,269
0,269.15
0,269.05
0,269.2
0,269.3
0,269.4
0,269.05
0,269.15
0,269.4
0,269.35
0,269.5
0,269.65
0,269.55
0,269.6
0,269.65
0,269.6
0,269.8
0,269.1
0,269.5
0,269.55
0,269.4
0,269.65
0,269.65
0,269.4
0,269.4
0,269.3
0,269.05
0,269.45
0,269.65
0,269.7
0,269.9
0,269.85
0,269.65
0,269.6
0,269.65
0,269.9
0,270.15
0,270.2
0,269.95
0,270.1
0,270.2
0,270.55
0,270.65
0,270.95
0,270.2
0,270.15
0,269.8
0,269.35
0,269.15
0,269.25
0,268.9
0,269.05
0,268.95
0,269.25
0,269.2
0,269.15
0,269.3
0,269.25
0,269.35
0,269.1
0,269.35
0,269.4
0,269.35
0,269.7
0,269.75
0,269.55
0,269.6
0,270.2
0,269.8
0,269.95
0,269.7
0,269.7
0,269.6
0,269.65
0,269.6
0,269.55
0,269.6
0,269.9
0,269.85
0,270.05
0,269.95
0,269.9
0,269.5
0,269.5
0,269.2
0,269.25
0,269.35
0,269.5
0,269.55
0,269.75
0,270
0,270.1
0,270.15
0,270.25
0,270.4
0,270.45
0,270.3
0,270.4
0,270.4
0,270.55
0,270.65
0,270.6
0,270.65
0,270.7
0,270.85
0,270.9
0,270.65
0,270.6
0,270.65
0,270.75
0,270.7
0,270.8
0,270.85
0,270.8
0,271.25
0,271.35
0,271.15
0,271.45
0,271.15
0,270.75
0,270.5
0,270.55
0,270.6
0,270.45
0,270.45
0,270.45
0,270.4
0,270.5
0,270.4
0,270.55
0,270.6
0,270.35
0,270.3
0,270.05
0,270.35
0,270.55
0,270.55
0,270.7
0,270.45
0,270.75
0,270.85
0,270.65
0,270.7
0,270.65
0,270.75
0,270.75
0,270.9
0,270.8
0,270.65
0,270.65
0,270.6
0,270.7
0,270.65
0,270.55
0,270.55
0,270.35
0,270.55
0,270.65
0,270.65
0,270.5
0,270.6
0,270.65
0,270.7
0,270.65
0,270.65
0,270.65
0,270.85
0,270.95
0,271.4
0,271.2
0,271.35
0,270.6
0,270.55
0,270.95
0,270.95
0,270.9
0,270.9
0,270.55
0,270.55
0,270.85
0,270.9
0,270.85
0,270.9
0,270.85
0,270.75
0,270.6
0,270.9
0,270.9
0,270.8
0,270.85
0,270.7
0,270.75
0,270.85
0,270.6
0,270.6
0,270.65
0,270.85
0,270.6
0,270.35
0,270.5
0,270.15
0,270.3
0,270.2
0,270.25
0,270.25
0,270.2
0,270.05
0,270
0,270.05
0,270
0,269.9
0,270.1
0,270.05
0,269.3
0,269.6
0,269.65
0,269.7
0,269.75
0,269.8
0,269.9
0,269.85
0,269.75
0,269.2
0,269.35
0,269.4
0,269.55
0,268.9
0,269
0,269.35
0,269.25
0,269.3
0,269.3
0,269.05
0,269.2
0,268.65
0,268.65
0,268.6
0,268.85
0,268.8
0,268.5
0,268.05
0,268.35
0,268.45
0,268.6
0,268.6
0,268.6
0,268.7
0,268.5
0,268.6
0,268.5
0,268.3
0,268.35
0,268.15
0,268.35
0,268.55
0,268.65
0,268.75
0,268.95
0,268.85
0,269.45
0,269.65
0,269.7
0,269.5
0,268.7
0,269.35
0,269.5
0,269.5
0,269.5
0,269.5
0,269.35
0,269.2
0,269.15
0,269.1
0,269.35
0,269.4
0,269.15
0,269.05
0,269
0,269.05
0,269.05
0,269.4
0,269.35
0,269.35
0,269
0,269.15
0,269.15
0,269.2
0,269.9
0,268.95
0,269
0,268.95
0,268.7
0,271.85
0,269.7
0,269.55
0,294.3
0,270.55
0,268.65
0,269.15
0,267.8
0,267.75
0,267.4
0,267.65
0,267.5
0,266.75
0,267.65
0,268.75
0,268.55
0,268.6
0,268.25
0,269.3
0,268.35
0,268.75
0,268.9
0,269.25
0,268.5
0,269.05
0,268.65
0,269.65
0,269.55
0,269.5
0,270.8
0,269.25
0,269.6
0,269.5
0,269.6
0,268.85
0,268.95
0,268.9
0,268.25
0,268.2
0,268.15
0,268.05
0,267.7
0,267.2
0,267.6
0,267.15
0,267.25
0,267.5
0,267.4
0,267.55
0,267.55
0,267.5
0,267.3
0,267.2
0,267.4
0,267.25
0,266.9
0,266.95
0,266.8
0,266.5
0,266.65
0,266.35
0,266.55
0,266.35
0,265.9
0,265.25
0,265.3
0,265.55
0,265.6
0,265.25
0,265.4
0,265
0,264.8
0,264.85
0,264.95
0,265.15
0,265.1
0,265.1
0,265.1
0,265
0,264.95
0,265.15
0,265.1
0,264.95
0,264.8
0,264.6
0,264.6
0,264.65
0,264.6
0,265
0,264.85
0,264.7
0,264.6
0,264.35
0,264.35
0,264.2
0,264.15
0,264
0,264.05
0,264.2
0,264.35
0,264.65
0,264.55
0,264.35
0,264.25
0,264.4
0,264.65
0,264.4
0,264.35
0,264.3
0,264.05
0,264.05
0,264.15
0,264.15
0,264.15
0,264.1
0,264.25
0,264.6
0,264.65
0,264.75
0,264.8
0,264.85
0,264.55
0,264.6
0,264.7
0,264.65
0,264.45
0,264.4
0,264.35
0,264.65
0,264.65
0,264.4
0,264.95
0,264.65
0,264.6
0,264.6
0,265
0,265.4
0,265.6
0,265.4
0,265.25
0,265.35
0,265.4
0,265.35
0,265.3
0,265.3
0,264.9
0,265
0,265.1
0,265
0,265
0,265.25
0,265.1
0,264.75
0,264.6
0,264.65
0,264.6
0,264.55
0,264.65
0,264.85
0,265.1
0,264.8
0,264.7
0,265
0,264.95
0,264.9
0,264.75
0,264.45
0,264.25
0,264.7
0,264.65
0,264.4
0,264.55
0,264.55
0,264.5
0,264.4
0,264.15
0,264.25
0,264.25
0,264.25
0,264.6
0,264.85
0,265.15
0,264.5
0,264.5
0,264.7
0,264.35
0,264.55
0,264.7
0,264.35
0,264.55
0,264.6
0,264.6
0,264.6
0,264.5
0,264.7
0,264.8
0,264.9
0,264.7
0,264.55
0,264.6
0,264.5
0,264.4
0,264.4
0,264.05
0,264
0,264.15
0,264.2
0,264.15
0,264.55
0,264.65
0,264.6
0,264.75
0,264.8
0,264.95
0,264.8
0,265.25
0,264.8
0,264.7
0,264.75
0,264.9
0,264.7
0,264.8
0,264.7
0,264.7
0,264.65
0,264.8
0,265.1
0,265.45
0,264.9
0,264.7
0,264.75
0,264.9
0,264.85
0,264.75
0,264.85
0,265.1
0,265.15
0,265.2
0,265.1
0,264.8
0,264.75
0,264.9
0,265.1
0,265
0,264.9
0,265.1
0,265.05
0,264.95
0,265.05
0,265
0,264.95
0,265
0,265.05
0,265.05
0,264.95
0,265
0,265.05
0,264.8
0,264.65
0,264.8
0,264.85
0,264.9
0,264.75
0,264.7
0,264.85
0,264.8
0,264.95
0,264.85
0,264.85
0,264.75
0,264.65
0,264.95
0,264.85
0,264.95
0,264.85
0,264.75
0,264.8
0,264.75
0,264.8
0,264.95
0,264.9
0,264.85
0,264.95
0,264.95
0,265.05
0,265
0,264.85
0,265.55
0,265.55
0,265.8
0,265.45
0,265.6
0,266
0,265.95
0,266
0,266.15
0,265.95
0,265.85
0,265.5
0,265.8
0,265.85
0,265.7
0,265.85
0,265.85
0,265.75
0,265.95
0,266
0,265.9
0,265.95
0,265.9
0,266
0,265.75
0,265.85
0,265.85
0,265.85
0,266.65
0,266.8
0,267.05
0,266.85
0,267.3
0,267.45
0,267.55
0,268.5
0,269.35
0,269.15
0,269.3
0,268.15
0,268.95
0,268.8
0,268.6
0,269.25
0,269.2
0,269.3
0,269.25
0,268.45
0,268.45
0,267.9
0,267.9
0,268.3
0,268.6
0,268.8
0,268.85
0,268.95
0,268.95
0,268.7
0,269.25
0,268.35
0,267.65
0,267.65
0,267.55
0,267
0,266.5
0,266.15
0,266.15
0,265.95
0,266.1
0,265.95
0,265.25
0,265.6
0,265.65
0,265.55
0,265.45
0,265.6
0,265.75
0,265.6
0,265.8
0,265.9
0,265.9
0,265.85
0,265.85
0,265.8
0,265.85
0,265.8
0,265.9
0,265.7
0,265.55
0,265.6
0,265.55
0,265.85
0,265.8
0,265.8
0,265.85
0,265.85
0,265.95
0,266
0,266.25
0,266.25
0,266.2
0,266.15
0,265.7
0,265.6
0,265.7
0,265.6
0,265.3
0,265.2
0,265.05
0,265.1
0,265.35
0,265.3
0,265.2
0,265.05
0,265.05
0,265.4
0,265.3
0,265.35
0,265.4
0,265.3
0,264.85
0,264.8
0,264.9
0,265.1
0,264.9
0,265
0,265.1
0,264.95
0,264.95
0,264.9
0,264.95
0,265
0,264.95
0,264.95
0,265.05
0,265.1
0,265.2
0,265.4
0,265.3
0,265.35
0,265.55
0,265.6
0,265.95
0,266.4
0,266.25
0,266.2
0,266.5
0,266.45
0,266.4
0,266.5
0,266.75
0,266.95
0,267
0,266.85
0,266.65
0,266.6
0,266.55
0,266.55
0,266.85
0,267.05
0,267.45
0,267.15
0,267.25
0,267.55
0,268.05
0,268.1
0,268.1
0,267.65
0,267.75
0,267.9
0,267.9
0,268.25
0,268.35
0,268.1
0,267.9
0,267.55
0,267.7
0,267.4
0,267.4
0,267.35
0,267.4
0,267.4
0,267.15
0,267.15
0,267.05
0,267.05
0,267
0,266.75
0,266.65
0,266.3
0,265.3
0,266.55
0,266.6
0,266.45
0,266.5
0,266.4
0,266.3
0,266.2
0,266.2
0,266.05
0,266.05
0,265.75
0,266
0,265.8
0,265.4
0,265.6
0,265.55
0,265.8
0,265.75
0,265.25
0,264.8
0,265.05
0,264.85
0,264.85
0,265.05
0,264.85
0,264.6
0,264.6
0,265.05
0,265.3
0,265.45
0,265.2
0,265.6
0,265.6
0,265.55
0,265.55
0,265.45
0,265.35
0,265.15
0,265.1
0,264.9
0,264.75
0,265
0,265.5
0,266.3
0,265.85
0,265.85
0,265.85
0,265.65
0,265.85
0,265.7
0,265.6
0,265.6
0,265.4
0,265.25
0,264.65
0,265.5
0,265.65
0,265.75
0,265.9
0,266.05
0,265.95
0,265.85
0,265.75
0,265.65
0,266
0,265.85
0,265.8
0,265.75
0,265.7
0,265.7
0,266.15
0,266.3
0,266.4
0,266.3
0,266.3
0,266.55
0,266.6
0,266.75
0,266.4
0,266.3
0,266.1
0,266.05
0,266.05
0,266.15
0,266.2
0,266.25
0,266
0,266.05
0,266.35
0,266.2
0,266.4
0,266.45
0,266.45
0,266.55
0,266.4
0,266.6
0,266.9
0,266.9
0,266.85
0,266.85
0,266.95
0,267.3
0,267.25
0,267.3
0,267.25
0,267.3
0,267.55
0,267.15
0,267.05
0,267.1
0,267.05
0,267.2
0,267.1
0,267.2
0,267.1
0,266.95
0,266.55
0,266.35
0,266.2
0,266.1
0,265.8
0,265.85
0,265.9
0,265.85
0,265.85
0,265.85
0,265.75
0,265.9
0,265.9
0,265.9
0,265.85
0,265.75
0,265.7
0,265.7
0,265.65
0,265.7
0,265.75
0,265.6
0,268.4
0,267.75
0,267.15
0,267.1
0,266.9
0,267.1
0,267.4
0,267.5
0,267.2
0,267.3
0,268.75
0,268.5
0,268.35
0,268.1
0,268.45
0,268.35
0,268.3
0,268.3
0,268.25
0,268.05
0,268.75
0,268.5
0,268.55
0,268.8
0,268.4
0,268.1
0,268.35
0,268.55
0,268.8
0,268.8
0,268.85
0,269.2
0,269.15
0,269.25
0,269
0,269.15
0,269.4
0,269.85
0,270.15
0,270.1
0,269.4
0,269.35
0,269.15
0,269.35
0,269.7
0,269.95
0,270.25
0,270.45
0,270.4
0,270.45
0,270.95
0,271.2
0,270.9
0,270.65
0,270.8
0,271.3
0,271.25
0,271.55
0,271.4
0,270.7
0,270.75
0,270.95
0,270.9
0,271.05
0,270.9
0,271.3
0,271.8
0,271
0,270.65
0,270.85
0,271.1
0,271.25
0,271.2
0,271.25
0,271
0,270.6
0,270.2
0,270.25
0,270.15
0,270.25
0,270.2
0,270.25
0,270.25
0,270.65
0,270.55
0,270.7
0,270.65
0,270.15
0,270.1
0,270.1
0,269.8
0,270
0,270.1
0,270.15
0,270
0,269.65
0,269.75
0,269.6
0,269.8
0,269.8
0,269.7
0,269.65
0,269.7
0,269.8
0,269.85
0,269.75
0,269.7
0,269.85
0,269.95
0,269.8
0,270.05
0,270.1
0,270.3
0,270.35
0,270.6
0,270.7
0,270.8
0,270.15
0,269.95
0,269.85
0,269.95
0,270.1
0,270
0,269.9
0,270
0,270.3
0,270.2
0,270.15
0,270
0,269.9
0,269.7
0,269.7
0,269.75
0,269.8
0,269.9
0,270
0,269.9
0,269.3
0,269.2
0,269.3
0,269.55
0,269.5
0,269.6
0,269.7
0,269.75
0,269.6
0,269.7
0,269.5
0,269.45
0,269.05
0,268.95
0,268.7
0,268.65
0,268.7
0,268.7
0,268.65
0,268.8
0,268.8
0,268.75
0,268.25
0,268.4
0,268.25
0,268.3
0,268.2
0,267.95
0,268
0,268.15
0,268.25
0,267.95
0,267.95
0,267.95
0,268.25
0,268.3
0,268.4
0,269.05
0,269.15
0,269.2
0,269.45
0,269.6
0,269.65
0,269.75
0,269.6
0,269.7
0,269.75
0,269.25
0,269.3
0,269.3
0,269.25
0,268.95
0,269.2
0,269.25
0,269.15
0,269.05
0,269.05
0,269
0,269.1
0,269.15
0,269.25
0,269.3
0,269.45
0,269.5
0,269.55
0,269.25
0,269.15
0,269.25
0,269.25
0,269.25
0,269.25
0,269.15
0,269.3
0,269.45
0,269.45
0,269.55
0,269.5
0,269.4
0,269.6
0,269.3
0,269.35
0,269.4
0,269.55
0,269.6
0,269.55
0,269.6
0,269.5
0,269.35
0,269.15
0,269.2
0,269.55
0,269.55
0,269.55
0,269.4
0,269.3
0,269.4
0,269.45
0,269.6
0,269.65
0,269.7
0,269.6
0,269.55
0,269.65
0,269.6
0,269.55
0,269.65
0,270.05
0,269.55
0,269.6
0,269.65
0,269.85
0,270
0,270.15
0,270.2
0,270.3
0,270.35
0,270.4
0,270.5
0,270.4
0,270.3
0,269.75
0,269.7
0,269.6
0,269.75
0,269.75
0,269.8
0,269.9
0,269.85
0,269.9
0,269.8
0,270.05
0,270
0,269.95
0,270.05
0,270.5
0,270.1
0,270.2
0,270.35
0,270.25
0,269.95
0,269.95
0,270.1
0,270.1
0,270.15
0,270.2
0,270.3
0,270.1
0,270.2
0,269.9
0,270
0,269.9
0,270
0,270.1
0,270.3
0,270.4
0,270.4
0,270.55
0,270.4
0,270.4
0,270.5
0,270.8
0,270.85
0,270.9
0,270.65
0,270.85
0,270.95
0,271
0,270.95
0,271.15
0,271.2
0,271.1
0,270.9
0,270.95
0,271.1
0,271
0,271.15
0,271.2
0,271.2
0,271.2
0,271.1
0,270.75
0,270.8
0,270.55
0,270.85
0,270.9
0,270.85
0,270.85
0,270.95
0,270.9
0,270.95
0,271.15
0,271.2
0,271.4
0,271.25
0,271.6
0,271.5
0,271.45
0,271.4
0,271.35
0,271.65
0,271.6
0,271.25
0,271.3
0,270.7
0,270.85
0,270.75
0,270.7
0,270.8
0,270.35
0,270.35
0,270.4
0,270
0,270.05
0,270.2
0,270.35
0,270.55
0,270.6
0,270.8
0,270.8
0,270.65
0,270.7
0,270.75
0,270.75
0,270.5
0,270.55
0,271.1
0,270.95
0,270.9
0,271
0,271.05
0,271.05
0,271
0,271
0,271.3
0,271.45
0,271.55
0,271.45
0,271.5
0,271.35
0,271.35
0,271
0,270.65
0,270.5
0,269.85
0,267.9
0,267.85
0,268.4
0,268.15
0,269.45
0,269.3
0,268.4
0,268.55
0,268.05
0,267.95
0,268.45
0,267.95
0,268.45
0,268.5
0,268.35
0,267.2
0,267.4
0,267.75
0,267.75
0,268.1
0,268.35
0,268.6
0,268.5
0,268.45
0,268.35
0,267.9
0,268.85
0,268.2
0,269.45
0,269.65
0,269.7
0,269.8
0,269.4
0,269.3
0,269.05
0,269.1
0,269
0,268.85
0,268.65
0,268.85
0,269.3
0,269.05
0,269.1
0,269.1
0,268.95
0,269
0,268.65
0,268.6
0,267.7
0,268.45
0,268.95
0,268.95
0,269
0,268.65
0,268.85
0,268.95
0,268.9
0,268.6
0,268.55
0,268.45
0,268.1
0,267.95
0,268.45
0,268.8
0,268.9
0,268.65
0,269
0,269.1
0,268.6
0,269
0,269.05
0,268.7
0,268.7
0,269
0,268.4
0,268.6
0,268.9
0,268.65
0,268.7
0,268.35
0,268.25
0,268.15
0,268.3
0,268.4
0,267.85
0,267.95
0,268
0,268.05
0,268
0,268.1
0,268.35
0,267.95
0,267.8
0,267.7
0,267.85
0,267.95
0,267.85
0,267.2
0,267.6
0,267.3
0,267.7
0,267.45
0,267.5
0,267.4
0,268
0,267.65
0,268.05
0,268.55
0,268.25
0,268.25
0,268.25
0,268.2
0,268.05
0,267.55
0,267.4
0,267.25
0,266.8
0,267.2
0,266.75
0,266.7
0,266.85
0,267.5
0,267.95
0,267.6
0,267.75
0,268
0,267.6
0,267.75
0,267.8
0,267.8
0,268.05
0,268.25
0,267.95
0,267.8
0,268.25
0,268.15
0,268.55
0,268.65
0,268.3
0,268.65
0,268.05
0,268.1
0,268.05
0,268.05
0,268.35
0,268.8
0,268.9
0,269.25
0,269.2
0,269
0,268.95
0,269.45
0,269.35
0,269.4
0,269.55
0,269.5
0,269.5
0,269.6
0,269.55
0,269.5
0,269.75
0,269.85
0,270.15
0,270.05
0,270
0,270.4
0,270
0,270.35
0,270.5
0,270.05
0,270.25
0,270.55
0,270.65
0,270.6
0,270.45
0,270.6
0,270.5
0,270.65
0,270.6
0,269.9
0,269.8
0,269.85
0,269.8
0,269.65
0,269.8
0,269.85
0,269.9
0,270.15
0,270.2
0,270.5
0,270.4
0,270.5
0,270.7
0,270.75
0,270.5
0,270.35
0,270.3
0,270.7
0,270.85
0,270.9
0,270.95
0,270.45
0,270.3
0,270
0,269.85
0,269.8
0,269.95
0,270.6
0,270.45
0,270.6
0,270.55
0,270.4
0,270.6
0,270.35
0,270.1
0,270
0,269.9
0,269.9
0,270.05
0,270.05
0,269.75
0,269.55
0,269.5
0,269.45
0,269.8
0,269.95
0,270.05
0,269.7
0,269.8
0,270.1
0,270.05
0,270.2
0,269.95
0,269.9
0,269.85
0,269.2
0,270.15
0,270.4
0,270.45
0,270.05
0,269.55
0,269.2
0,269.75
0,269.9
0,270
0,270.45
0,270.4
0,270.3
0,270.1
0,270.3
0,270.3
0,270.35
0,271
0,270.55
0,270.6
0,270.85
0,270.8
0,270.75
0,271.05
0,271.85
0,272
0,271.7
0,271.9
0,271.9
0,271.9
0,272.1
0,272.5
0,272.8
0,272.35
0,272.35
0,272.9
0,272.65
0,272.3
0,272.05
0,271.75
0,271.95
0,272.4
0,272.5
0,271.95
0,272.1
0,271.85
0,271.55
0,271.65
0,271.05
0,271.3
0,271.35
0,271.5
0,271.55
0,271.5
0,271.2
0,271.15
0,271.2
0,271.4
0,271.45
0,271.5
0,271.55
0,271.5
0,271.35
0,271.4
0,271.55
0,271.5
0,271.45
0,271.35
0,271.2
0,271.3
0,271.4
0,271.2
0,271.25
0,271.15
0,271.05
0,271.15
0,271.25
0,271.35
0,272
0,272.6
0,270.55
0,271.8
0,274.05
0,272.85
0,274.1
0,274.65
0,273.75
0,274.55
0,273.95
0,274.1
0,273.6
0,274.3
0,273.85
0,274.55
0,275.25
0,275.35
0,275.45
0,275.7
0,276
0,275.75
0,275.65
0,275.55
0,276
0,276
0,276.25
0,275.8
0,276.35
0,275.8
0,275.4
0,276.05
0,275.5
0,275.6
0,275.65
0,275.9
0,274.65
0,274.6
0,274.4
0,274.65
0,274.95
0,275.2
0,275.15
0,275.35
0,274.85
0,275.35
0,276
0,275.4
0,276.15
0,277.15
0,277.5
0,277.5
0,278
0,278.05
0,278.05
0,279.25
0,277.25
0,276.75
0,276.9
0,276.7
0,277.25
0,277.4
0,277.6
0,278.1
0,278.6
0,278.9
0,279.35
0,279
0,278.9
0,278.9
0,278.2
0,277.5
0,277.95
0,277.65
0,277.7
0,278
0,278.35
0,278
0,278.2
0,277.55
0,278.2
0,278.05
0,277.9
0,277.45
0,277.45
0,277.75
0,277.95
0,278.55
0,277.35
0,277.4
0,277.35
0,277.8
0,277.4
0,277.15
0,277.1
0,277.2
0,277.55
0,277.6
0,277.5
0,277.25
0,276.7
0,276.15
0,275.2
0,276
0,275.8
0,275.35
0,275.05
0,275.35
0,275.05
0,275.25
0,275.35
0,276.05
0,275.95
0,275.5
0,275.55
0,275.65
0,275.7
0,275.45
0,275.55
0,275.4
0,275.5
0,275.35
0,275.5
0,275.95
0,275.6
0,276.2
0,276.2
0,276.15
0,276.6
0,276.65
0,276.7
0,276.8
0,276.9
0,277.4
0,277.35
0,277.1
0,277.05
0,277.1
0,277.2
0,277.25
0,277.3
0,277.35
0,277.2
0,276.95
0,276.75
0,276.8
0,276.8
0,276.85
0,276.9
0,276.85
0,276.85
0,276.95
0,276.9
0,277.15
0,277.2
0,276.95
0,276.7
0,276.8
0,276.8
0,276.95
0,276.95
0,277.1
0,277.05
0,276.6
0,276.65
0,276.7
0,276.8
0,276.9
0,276.85
0,276.9
0,277
0,277.05
0,277.05
0,277.1
0,277.15
0,276.9
0,276.95
0,276.75
0,276.8
0,276.85
0,276.7
0,276.85
0,277.15
0,277.15
0,276.85
0,277.1
0,277
0,277
0,276.95
0,276.85
0,276.8
0,276.25
0,276.3
0,276.05
0,276
0,275.9
0,275.95
0,276.05
0,276.15
0,276.4
0,276.75
0,276.1
0,276.75
0,276.75
0,276.75
0,276.8
0,276.95
0,277
0,276.9
0,276.8
0,276.8
0,276.85
0,276.8
0,276.55
0,276.8
0,276.95
0,277.25
0,276.95
0,277
0,276.95
0,276.75
0,276.8
0,276.7
0,276.9
0,277.4
0,277
0,276.75
0,276.65
0,276.6
0,276.75
0,276.75
0,276.8
0,276.9
0,277.15
0,277.05
0,277.05
0,276.8
0,276.95
0,276.8
0,276.85
0,277
0,277
0,276.9
0,276.85
0,276.65
0,276.9
0,276.9
0,276.8
0,276.9
0,276.95
0,276.95
0,277
0,276.9
0,277
0,276.8
0,276.75
0,276.55
0,276.75
0,276.8
0,276.6
0,276.8
0,276.9
0,276.85
0,276.9
0,277.7
0,277.75
0,277.85
0,277.95
0,277.85
0,277.85
0,277.8
0,277.85
0,277.85
0,277.95
0,278
0,278.45
0,278.45
0,278.9
0,279.35
0,279.65
0,279.55
0,279.5
0,279.45
0,279.4
0,279.8
0,279.65
0,279.6
0,279.65
0,279.95
0,279.95
0,279.85
0,279.55
0,279.55
0,279.75
0,279.5
0,279.65
0,279.25
0,279.1
0,279.25
0,279.45
0,279.4
0,279.2
0,279.4
0,279.3
0,279.25
0,279.25
0,279.25
0,279.35
0,279.65
0,279.8
0,279.75
0,279.75
0,279.65
0,279.7
0,279.7
0,279.6
0,279.5
0,279.7
0,279.5
0,279.6
0,279.5
0,279.4
0,279.55
0,279.55
0,279.5
0,279.55
0,279.6
0,279.9
0,280
0,280.25
0,280.15
0,280.3
0,280.35
0,280.4
0,280.8
0,281.15
0,281.2
0,281.5
0,281.6
0,281.25
0,281.1
0,281.1
0,281.1
0,281.1
0,280.2
0,280.35
0,280.45
0,280.75
0,280.65
0,280.6
0,280.65
0,280.75
0,280.5
0,280.6
0,280.3
0,280.3
0,280.25
0,280.3
0,280.7
0,280.65
0,280.15
0,280.35
0,280.3
0,280.15
0,280.35
0,280.4
0,280.05
0,280
0,278.85
0,279.9
0,278.4
0,278.8
0,278.8
0,277.8
0,277.75
0,277.75
0,277.8
0,277.7
0,279.75
0,279.75
0,279.45
0,279.6
0,278.95
0,278.65
0,278.7
0,278.45
0,278.5
0,278
0,277.7
0,278
0,278.1
0,278.5
0,279.45
0,279.05
0,279.05
0,278.65
0,278.9
0,278.95
0,278.75
0,278.65
0,278.45
0,278.4
0,278.65
0,278.9
0,279.15
0,279.5
0,279.3
0,279.3
0,279.35
0,279.25
0,278.25
0,278.1
0,278.05
0,277.9
0,277.7
0,277.75
0,278.7
0,278.25
0,277.8
0,278.15
0,278
0,277.95
0,277.8
0,277.7
0,277.6
0,277.35
0,277.15
0,277.1
0,277.05
0,277.65
0,277.3
0,276.65
0,276.5
0,276.5
0,276.25
0,276.6
0,276.7
0,276.75
0,277.1
0,276.25
0,276.6
0,276.9
0,276.75
0,277.35
0,277.3
0,277.35
0,277.4
0,276.5
0,276.4
0,276.35
0,276.95
0,277.1
0,277.15
0,277.1
0,277.2
0,277.5
0,277.6
0,277.7
0,277.4
0,277.2
0,277.2
0,277.4
0,277.7
0,278.1
0,278.35
0,278.65
0,278.3
0,278.05
0,277.5
0,277.15
0,277.4
0,277.3
0,277.85
0,277.8
0,278.05
0,278.85
0,279
0,279.1
0,279
0,278.9
0,278.85
0,278.9
0,278.85
0,278.9
0,278.7
0,278.5
0,278.3
0,278.35
0,278.5
0,278.45
0,278.6
0,278.6
0,278.55
0,278.55
0,278.55
0,278.45
0,278.45
0,278.3
0,278.45
0,278.5
0,278.95
0,279.25
0,279.3
0,279.65
0,279.8
0,279.4
0,279.35
0,279.4
0,279.65
0,279.25
0,279.65
0,279.8
0,279.55
0,279.3
0,279.05
0,279.15
0,278.95
0,279.45
0,279.45
0,279.35
0,279.25
0,278.8
0,278.2
0,278.35
0,278.4
0,279.35
0,279.35
0,279.5
0,278.95
0,278.45
0,278.5
0,279.1
0,278.9
0,278.5
0,278.45
0,278.45
0,278.65
0,278.8
0,278.4
0,278.8
0,278.75
0,279.1
0,279.15
0,279.45
0,279.3
0,279.2
0,279.5
0,279.35
0,279
0,279
0,279.05
0,279.25
0,279.2
0,279.15
0,278.35
0,278.45
0,278.45
0,278.55
0,278.5
0,278.65
0,279.1
0,279.05
0,278.45
0,278.45
0,278.55
0,278.45
0,278.45
0,278.6
0,278.55
0,278.6
0,278.95
0,278.95
0,278.8
0,278.75
0,278.55
0,278.4
0,278.6
0,278.8
0,278.75
0,278.85
0,278.9
0,278.8
0,278.7
0,278.45
0,278.3
0,278.35
0,278.25
0,278.6
0,278.65
0,278.7
0,278.8
0,278.8
0,278.9
0,279.1
0,279
0,279
0,278.85
0,279
0,278.85
0,278.9
0,279
0,278.95
0,279.05
0,279.05
0,278.95
0,279
0,279.05
0,279.15
0,279.35
0,279.4
0,279.45
0,279.7
0,279.65
0,279.65
0,279.55
0,279.35
0,279.5
0,279
0,279.05
0,279.05
0,278.85
0,278.9
0,278.95
0,278.4
0,279
0,279.1
0,279.05
0,279.15
0,279.15
0,279.2
0,279.55
0,279.4
0,279.45
0,279.45
0,279.45
0,279.45
0,279.4
0,279.65
0,274.75
0,275.5
0,274.15
0,274.8
0,275.05
0,276.65
0,277.95
0,278.4
0,278.1
0,278.35
0,279.65
0,279.15
0,279.9
0,278.9
0,278.75
0,280.25
0,281.55
0,281.3
0,281.45
0,281.5
0,282.65
0,281.75
0,282.25
0,282.2
0,282.15
0,282.1
0,282.1
0,282.1
0,282.15
0,282.15
0,282.15
0,281.85
0,281.7
0,281.6
0,280.35
0,280.5
0,280.5
0,280.5
0,280.6
0,280.2
0,280.25
0,280.15
0,279.7
0,280.1
0,280.15
0,280.1
0,280.65
0,280.95
0,280.65
0,281.1
0,280.95
0,280.95
0,280.7
0,280.4
0,280.25
0,280.3
0,280.25
0,280.3
0,280.45
0,280.35
0,280.3
0,280.45
0,280.55
0,280.85
0,280.6
0,281.3
0,280.8
0,280.85
0,281.25
0,281.4
0,281.55
0,282.05
0,282.2
0,282.3
0,281.95
0,282.1
0,281.95
0,282.15
0,282.35
0,281.85
0,282.25
0,282.05
0,282.25
0,282.05
0,282.2
0,282.1
0,281.85
0,281.8
0,281.85
0,282.35
0,282.5
0,282.3
0,282.2
0,281.75
0,281.2
0,280.65
0,281.05
0,281.35
0,281.8
0,281.7
0,281.65
0,281.8
0,281.6
0,281.65
0,281.85
0,281.75
0,281.65
0,281.55
0,280.8
0,281.6
0,281.85
0,281.6
0,281
0,280.65
0,280.5
0,280.75
0,280.8
0,280.9
0,281.1
0,280.85
0,280.75
0,280.55
0,280.3
0,280.35
0,280.5
0,280.25
0,280.5
0,280.25
0,280.75
0,281
0,280.85
0,280.5
0,280.2
0,280.25
0,280.15
0,280.25
0,280.35
0,280.55
0,281.1
0,281.15
0,281.2
0,281.3
0,281.45
0,281.3
0,281.65
0,281.4
0,281.1
0,281.45
0,281.15
0,281.7
0,281.45
0,281.4
0,281.35
0,281.3
0,281.25
0,281.05
0,280.95
0,281
0,280.95
0,280.6
0,280.65
0,280.85
0,280.75
0,280.6
0,280.5
0,281
0,281
0,280.95
0,280.85
0,280.95
0,280.85
0,280.75
0,280.85
0,280.8
0,280.55
0,280.45
0,280.5
0,280.4
0,280.25
0,280.2
0,280.4
0,280.35
0,280.1
0,280.35
0,280.25
0,279.85
0,279.8
0,279.3
0,279.35
0,279.45
0,279.3
0,279.5
0,278.85
0,279.35
0,279.4
0,279.55
0,279.75
0,279.8
0,279.3
0,278.8
0,279
0,279
0,279.05
0,279.05
0,279.05
0,278.95
0,279.1
0,279.5
0,279.15
0,278.45
0,279
0,278.8
0,278.7
0,278.75
0,278.7
0,278.5
0,278.15
0,278.2
0,278.3
0,278.3
0,278.15
0,277.95
0,277.95
0,277.8
0,277.8
0,278.05
0,278.35
0,278.05
0,278
0,278.15
0,277.9
0,277.7
0,277.7
0,277.5
0,277
0,277.15
0,276.9
0,276.75
0,276.8
0,277.25
0,277
0,277.1
0,277.2
0,277.2
0,277.35
0,277.05
0,277.15
0,277.35
0,277.55
0,277.85
0,278.15
0,278
0,278.25
0,278.35
0,278.25
0,278.35
0,278.5
0,278.25
0,278.65
0,278.55
0,278.5
0,278.5
0,278.35
0,278.2
0,278.2
0,278.15
0,278.2
0,278.15
0,278.2
0,278.1
0,278.1
0,278.15
0,278.2
0,278.15
0,278.3
0,278.25
0,278.25
0,278.75
0,278.7
0,278.8
0,278.9
0,278.7
0,278.65
0,278.7
0,278.75
0,278.75
0,278.95
0,278.85
0,278.95
0,278.85
0,278.7
0,278.9
0,278.85
0,278.85
0,279.15
0,279.2
0,279.2
0,279.1
0,279.05
0,279
0,278.95
0,278.95
0,279
0,279
0,279
0,279.1
0,279.1
0,276
0,275.85
0,276.6
0,276.15
0,276.6
0,275.55
0,275.75
0,275.7
0,275.7
0,275.75
0,275.7
0,275.25
0,275.25
0,275.25
0,275.25
0,274.95
0,275.5
0,275.25
0,274.8
0,274.75
0,274.75
0,276.75
0,276.15
0,276.35
0,276.35
0,276.9
0,277.05
0,276.95
0,277
0,276.9
0,276.8
0,276.9
0,277
0,277.15
0,277.05
0,276.95
0,276.9
0,276.85
0,276.8
0,276.5
0,276.45
0,276.7
0,276.65
0,276.7
0,276.95
0,277
0,277.1
0,277.2
0,277.5
0,277.6
0,278
0,278
0,278.05
0,278.1
0,278.25
0,278.8
0,278.4
0,278.45
0,278.5
0,278.45
0,278.6
0,278.6
0,278.6
0,278.75
0,279.3
0,278.15
0,278.1
0,277.85
0,277.9
0,277.65
0,277.6
0,277.45
0,277.55
0,277.4
0,277.3
0,277.4
0,277.6
0,277.65
0,277.45
0,277.2
0,277
0,277.15
0,277.15
0,277.1
0,276.95
0,276.7
0,276.95
0,276.6
0,276.6
0,276.7
0,276.65
0,276.6
0,276.5
0,276.45
0,276.55
0,276.9
0,276.85
0,276.8
0,276.75
0,276.7
0,276.25
0,276.3
0,276.35
0,276.3
0,276.35
0,276.15
0,276.05
0,276.2
0,276.05
0,276.1
0,276.25
0,276.3
0,276.1
0,276.25
0,276.05
0,276.1
0,276.2
0,276.2
0,276.1
0,275.9
0,276.05
0,276.4
0,276.05
0,276.4
0,276.35
0,275.7
0,275.7
0,275.85
0,276.1
0,276.05
0,276
0,276.15
0,276.1
0,276.1
0,276.1
0,276.1
0,276.1
0,276.25
0,276.35
0,276.4
0,276.3
0,276.45
0,276.4
0,276.15
0,276.15
0,276.2
0,276
0,276.2
0,276.15
0,276.1
0,276.2
0,276.55
0,276.35
0,276.45
0,276.7
0,277.35
0,276.95
0,276.9
0,276.8
0,276.55
0,276.8
0,276.85
0,276.6
0,276.6
0,276.6
0,276.5
0,276.45
0,276.2
0,276.4
0,276.35
0,276.4
0,276.35
0,276.3
0,276.25
0,276.15
0,276.3
0,276.2
0,276.25
0,276.15
0,275.7
0,275.8
0,276.05
0,275.9
0,275.8
0,275.8
0,275.7
0,275.65
0,275.55
0,275.45
0,275.35
0,275.45
0,275.5
0,275.4
0,275.4
0,275.6
0,275.55
0,275.55
0,275.7
0,275.8
0,275.7
0,275.6
0,275.7
0,275.5
0,275.8
0,275.9
0,275.75
0,275.7
0,276.1
0,276
0,276.05
0,275.95
0,276.2
0,276.1
0,276.2
0,276.15
0,275.65
0,275.6
0,275.45
0,275.4
0,275.45
0,275.35
0,275.35
0,275.1
0,275.2
0,275.25
0,275.2
0,275.15
0,275.05
0,275.8
0,275.6
0,275.55
0,275.45
0,275.4
0,275.4
0,275.35
0,275.45
0,275.35
0,275.2
0,274.85
0,275.1
0,275.1
0,275.4
0,275.55
0,275.3
0,275.25
0,275.15
0,275.3
0,275.3
0,275.35
0,275.15
0,275.2
0,275.2
0,275.25
0,275.3
0,275.3
0,275.35
0,275.5
0,275.4
0,275.45
0,275.5
0,275.6
0,275.65
0,275.75
0,275.65
0,275.7
0,275.75
0,275.65
0,275.75
0,275.75
0,275.75
0,275.7
0,275.65
0,275.7
0,275.85
0,275.55
0,275.6
0,275.65
0,275.6
0,275.55
0,275.5
0,275.25
0,274.9
0,275.25
0,275.35
0,275.1
0,275.3
0,275.35
0,275.3
0,275.25
0,275.4
0,275.3
0,275.25
0,275.15
0,275.2
0,275.2
0,275.2
0,275.25
0,275.25
0,275.2
0,275.1
0,274.95
0,275
0,275.05
0,274.95
0,275
0,275.25
0,275.1
0,275.05
0,275.2
0,275.15
0,275.15
0,275.05
0,275.15
0,275.15
0,275.15
0,275.25
0,275.15
0,275.05
0,275.05
0,274.95
0,275.05
0,275
0,275.1
0,275
0,275.05
0,275.05
0,275
0,275.1
0,275
0,276.2
0,276.15
0,276.1
0,274.15
0,276.2
0,275
0,275.5
0,275.75
0,277.5
0,277.25
0,276.05
0,275.8
0,275.3
0,277
0,275.85
0,275.75
0,276.7
0,275.4
0,274.65
0,275.85
0,276
0,275.9
0,274.85
0,275.05
0,274.85
0,274.55
0,274.6
0,274.5
0,275.4
0,274.95
0,274.95
0,274.85
0,274.3
0,274.45
0,274.85
0,274.9
0,274.45
0,274.7
0,274.25
0,274.1
0,274.45
0,274.7
0,274.3
0,274.05
0,273.95
0,273.85
0,274.2
0,274.35
0,274.85
0,274.7
0,275
0,274.85
0,274.55
0,274.75
0,274.8
0,274.7
0,274.95
0,275
0,274.6
0,275.05
0,274.95
0,274.9
0,274.75
0,274.65
0,274.95
0,274.6
0,274.8
0,274.95
0,275
0,274.75
0,275
0,274.95
0,275.4
0,275
0,275.4
0,275.45
0,275.6
0,275.85
0,275.7
0,275.75
0,275.15
0,275.1
0,274.8
0,275
0,274.85
0,274.75
0,274.85
0,275.05
0,275.1
0,274.95
0,274.65
0,274.4
0,274.45
0,274.7
0,274.65
0,274.6
0,274.55
0,274.55
0,274.65
0,274.9
0,274.85
0,274.35
0,274.3
0,274
0,274.15
0,274.5
0,274.45
0,274.3
0,274.4
0,274.4
0,274.5
0,274.35
0,274.4
0,274.55
0,274.6
0,274.8
0,275
0,275.4
0,275.35
0,275.2
0,275.25
0,275.3
0,275.25
0,275.45
0,275.35
0,275.2
0,275.15
0,275.1
0,275.2
0,275.15
0,275.15
0,275.1
0,275.1
0,275.1
0,274.85
0,275
0,274.95
0,275
0,275.2
0,275.15
0,275.1
0,274.85
0,274.9
0,274.9
0,274.85
0,274.8
0,274.85
0,274.4
0,274.55
0,274.75
0,274.5
0,274.65
0,274.95
0,274.9
0,275
0,274.95
0,275
0,274.85
0,274.95
0,275
0,275.15
0,275.5
0,275.55
0,275.4
0,275.4
0,275.4
0,275.3
0,275.35
0,275.35
0,275.45
0,275.4
0,275.05
0,274.05
0,274.7
0,274.75
0,274.75
0,275
0,274.95
0,274.95
0,275
0,274.9
0,275
0,275
0,275
0,275
0,275.05
0,274.9
0,275.4
0,275.15
0,275
0,274.85
0,274.95
0,275
0,275.15
0,275.25
0,275.45
0,275.2
0,275.15
0,274.85
0,275.25
0,275.35
0,275.25
0,274.95
0,274.9
0,275.15
0,275.2
0,275.05
0,275.35
0,275.25
0,274.85
0,274.9
0,274.8
0,274.45
0,274.6
0,274.55
0,274.95
0,274.9
0,274.95
0,274.85
0,274.8
0,274.75
0,274.9
0,274.85
0,274.95
0,275.1
0,274.9
0,275
0,274.95
0,274.95
0,274.9
0,274.95
0,275.3
0,274.95
0,275.1
0,275.1
0,274.9
0,274.65
0,274.6
0,274.65
0,274.65
0,274.55
0,274.35
0,274.4
0,274.45
0,274.55
0,274.65
0,275.05
0,274.85
0,275
0,274.95
0,274.8
0,274.95
0,274.8
0,274.6
0,274.6
0,274.7
0,274.6
0,274.55
0,274.75
0,274.5
0,274.4
0,274.45
0,274.5
0,274.5
0,274.95
0,274.9
0,274.75
0,274.65
0,274.6
0,274.6
0,274.45
0,274.7
0,274.7
0,274.4
0,274.4
0,274.65
0,274.7
0,274.75
0,274.85
0,274.9
0,274.9
0,274.75
0,274.65
0,274.85
0,274.4
0,274.7
0,274.5
0,274.5
0,274.3
0,274.25
0,274.45
0,274.2
0,274.2
0,274.4
0,274.45
0,274.35
0,274.3
0,274.25
0,274.55
0,274.7
0,274.8
0,274.75
0,274.8
0,274.75
0,274.75
0,274.65
0,274.9
0,274.95
0,274.9
0,274.7
0,274.65
0,274.65
0,274.8
0,274.85
0,274.8
0,274.7
0,274.35
0,274.2
0,274.3
0,274.3
0,274.25
0,274.25
0,274.65
0,274.5
0,274.65
0,274.55
0,274.65
0,274.65
0,274.65
0,274.7
0,274.65
0,274.5
0,274.65
0,274.6
0,274.65
0,274.75
0,274.65
0,274.95
0,274.75
0,274.7
0,274.65
0,276.55
0,276.1
0,276.4
0,276
0,275.95
0,275.9
0,275.15
0,275.85
0,276.4
0,276.4
0,276.35
0,275.55
0,275.3
0,275.55
0,275.65
0,275.6
0,275
0,275.1
0,275.55
0,275.5
0,275.1
0,275.15
0,275.1
0,274.65
0,275.1
0,275.3
0,275.15
0,275.2
0,275
0,276
0,276.05
0,276.3
0,276.05
0,276
0,275.7
0,275.95
0,275.9
0,275.95
0,276.1
0,276.55
0,276.5
0,276.5
0,276.75
0,277
0,276.75
0,277.15
0,277.45
0,277.15
0,277
0,276.95
0,277.1
0,277.4
0,277
0,277.05
0,277.35
0,277.4
0,277.5
0,277.55
0,277.7
0,277.6
0,277.75
0,277.8
0,277.8
0,277.6
0,277.5
0,277.5
0,277.45
0,277.75
0,277.6
0,277.25
0,277.5
0,277.25
0,277.1
0,277.3
0,277.25
0,277.1
0,277.25
0,277.3
0,277.3
0,277.35
0,277.25
0,277.45
0,277.8
0,277.7
0,277.95
0,278
0,278.25
0,278.3
0,278.25
0,278.15
0,278.05
0,278.25
0,278.1
0,278.2
0,278.05
0,278.25
0,278.2
0,278.25
0,278.25
0,278.2
0,278.2
0,278.3
0,278.4
0,278.4
0,278.45
0,278.45
0,278.05
0,277.3
0,277.45
0,277.3
0,277.45
0,277.4
0,277.4
0,277.1
0,277
0,277.05
0,276.95
0,276.7
0,276.85
0,276.9
0,276.85
0,276.55
0,276.75
0,276.55
0,276.35
0,276.6
0,276.65
0,276.65
0,276.7
0,276.65
0,276.9
0,276.7
0,276.7
0,276.95
0,277.05
0,277.1
0,276.95
0,277
0,277.6
0,277.05
0,277.15
0,277.95
0,277.15
0,276.5
0,276.75
0,276.45
0,276.6
0,276.5
0,276.35
0,276.3
0,276.1
0,276.55
0,276.6
0,276.75
0,276.75
0,276.85
0,276.95
0,277
0,276.9
0,276.85
0,276.85
0,276.95
0,276.9
0,276.75
0,276.7
0,276.7
0,277
0,276.9
0,276.9
0,276.85
0,276.8
0,276.65
0,276.7
0,276.9
0,277.1
0,276.9
0,276.85
0,276.8
0,276.75
0,277
0,277
0,277.05
0,277.1
0,277.6
0,277.75
0,277.6
0,277.65
0,277.5
0,277.25
0,277.25
0,277.1
0,277.1
0,277.1
0,277.15
0,277.45
0,277.2
0,277.25
0,277.2
0,276.7
0,277.2
0,277.1
0,277.1
0,277.15
0,277.2
0,277.15
0,277.15
0,277.15
0,277.15
0,277.1
0,277.35
0,277.45
0,277.4
0,277.15
0,277.25
0,277.5
0,277.4
0,277.5
0,277.75
0,277.85
0,277.75
0,277.55
0,277.15
0,277.4
0,277.5
0,277.55
0,277.6
0,277.45
0,277.5
0,277.7
0,277.5
0,277.5
0,277.55
0,277.6
0,277.65
0,277.5
0,277.45
0,277.4
0,277.1
0,277.2
0,276.95
0,277.9
0,277.45
0,277.4
0,277.45
0,277.4
0,277.5
0,277.55
0,277.45
0,277.4
0,277.45
0,277.9
0,277.35
0,277.4
0,277.35
0,277.1
0,276.75
0,276.8
0,276.85
0,276.85
0,276.85
0,276.8
0,276.85
0,276.85
0,276.85
0,276.75
0,276.65
0,276.65
0,276.35
0,276.25
0,276.3
0,273.2
0,273.4
0,275.15
0,276.45
0,278.3
0,281.8
0,277.25
0,276.9
0,276.95
0,276.2
0,276.25
0,275.9
0,275.6
0,275.7
0,275.5
0,275.3
0,275.35
0,275.3
0,276
0,275.65
0,275.4
0,275.1
0,275.05
0,275.45
0,275.35
0,274.95
0,275.1
0,274.75
0,274.7
0,274.55
0,274.35
0,274.4
0,274.25
0,274.5
0,274.4
0,274.3
0,274.05
0,274
0,274.45
0,274.3
0,274.2
0,274.1
0,273.85
0,273.9
0,274.15
0,274.05
0,274.2
0,274.45
0,274.4
0,274.35
0,274.45
0,274.3
0,274.2
0,274
0,273.8
0,273.7
0,273.6
0,273.5
0,273.45
0,273.5
0,273.5
0,273.6
0,273.2
0,273.4
0,273.35
0,273.2
0,273.2
0,273.1
0,273.35
0,273.6
0,273.65
0,273.6
0,273.7
0,273.65
0,274
0,274.05
0,274
0,273.9
0,274.15
0,274.6
0,274.3
0,274
0,274.05
0,274
0,274.1
0,274.25
0,274.1
0,274.5
0,274.55
0,274.45
0,274.6
0,274.2
0,274.45
0,274.3
0,274.15
0,274
0,273.65
0,273.55
0,273.6
0,273.5
0,273.35
0,273.55
0,273.85
0,273.85
0,273.5
0,273.25
0,273.5
0,273.75
0,273.9
0,273.75
0,273.75
0,273.5
0,273.6
0,273.7
0,273.5
0,273.55
0,273.4
0,273.45
0,273.5
0,273.45
0,273.3
0,273.35
0,272.9
0,273.1
0,272.95
0,272.95
0,273.1
0,273.15
0,273.25
0,273.35
0,273.3
0,273.4
0,273.4
0,273.35
0,273.75
0,273.75
0,273.5
0,273.35
0,273.35
0,273.4
0,273.4
0,273.5
0,273.45
0,273.35
0,273.35
0,273.15
0,273.35
0,273.4
0,273.5
0,273.55
0,273.4
0,273.3
0,273.4
0,273.35
0,273.3
0,273.3
0,273.45
0,273.55
0,273.45
0,273.15
0,272.75
0,272.95
0,273
0,273.65
0,273.7
0,273.75
0,273.8
0,273.85
0,273.85
0,273.9
0,274.3
0,274.85
0,274.85
0,274.45
0,274.3
0,274.35
0,274.2
0,274.5
0,274.4
0,274.45
0,274.4
0,274.3
0,274.35
0,274.4
0,274.5
0,274.75
0,274.5
0,274.3
0,274.15
0,273.8
0,273.7
0,273.6
0,273.6
0,273.85
0,273.8
0,273.75
0,273.55
0,273.35
0,273.4
0,273.35
0,273.15
0,273.2
0,273.15
0,273.25
0,273.4
0,273.35
0,273.35
0,273.35
0,273.3
0,273.35
0,273.4
0,273.3
0,273.1
0,273.2
0,273.2
0,273.3
0,273.5
0,273.25
0,273.5
0,273.1
0,273.25
0,273.25
0,273.15
0,273.15
0,273.15
0,273.25
0,273
0,273
0,273.05
0,273.1
0,272.95
0,272.55
0,272.55
0,272.55
0,272.65
0,272.5
0,272.7
0,272.75
0,272.75
0,272.8
0,272.8
0,273.15
0,273.1
0,273.05
0,272.85
0,272.95
0,273.1
0,273.15
0,273
0,273.1
0,273.05
0,273.05
0,273
0,273.4
0,273.2
0,273.1
0,272.9
0,272.85
0,272.85
0,272.75
0,273
0,272.95
0,272.95
0,272.55
0,272.6
0,272.65
0,272.7
0,272.45
0,272.6
0,272.55
0,272.6
0,272.95
0,273.15
0,273.3
0,273.25
0,273.25
0,273.25
0,273.6
0,273.6
0,273.5
0,273.6
0,273.7
0,273.6
0,273.55
0,273.4
0,273.65
0,273.5
0,273.6
0,273.8
0,273.85
0,273.9
0,274.05
0,273.95
0,273.5
0,273.6
0,273.6
0,273.6
0,273.5
0,273.65
0,273.65
0,273.6
0,273.5
0,273.45
0,273.5
0,273.5
0,273.45
0,273.35
0,273.4
0,273.6
0,273.25
0,273.05
0,273
0,272.95
0,273.15
0,272.9
0,273.05
0,273
0,272.95
0,273.1
0,273.05
0,272.95
0,272.6
0,272.8
0,272.95
0,273.3
0,273.3
0,273.6
0,273.75
0,273.65
0,273.4
0,273.7
0,273.7
0,273.75
0,274.6
0,274.6
0,274.7
0,274.8
0,274.5
0,273.7
0,273.2
0,272.9
0,272.9
0,272.95
0,272.8
0,273
0,272.95
0,273
0,272.75
0,272.75
0,273.05
0,273.6
0,274.15
0,274.35
0,274.45
0,274.35
0,274.45
0,274.4
0,274.05
0,274.35
0,274.4
0,274.45
0,274.45
0,274.5
0,274.8
0,274.9
0,274.75
0,274.85
0,274.9
0,274.95
0,275.2
0,275.75
0,276.2
0,276.55
0,276.4
0,276.4
0,276.6
0,276.75
0,277.45
0,276.3
0,276.95
0,277.3
0,277.4
0,277.7
0,278.3
0,278.6
0,278.85
0,278.9
0,278.6
0,278.95
0,278.9
0,278.95
0,278.9
0,278.6
0,278.2
0,278.15
0,278.35
0,278.45
0,278.4
0,278.35
0,277.8
0,278.25
0,277.8
0,277.85
0,278
0,277.95
0,277.35
0,277.45
0,277.5
0,277.35
0,277.5
0,278.05
0,278.25
0,277.8
0,277.6
0,277.7
0,278
0,278.2
0,277.65
0,277.85
0,278.2
0,278.2
0,278.3
0,278.6
0,278.65
0,278.3
0,278.35
0,278.05
0,278
0,278.2
0,278
0,277.9
0,277.85
0,277.9
0,277.9
0,278.05
0,278
0,278.05
0,278
0,277.9
0,277.75
0,277.6
0,277.4
0,277.55
0,277.55
0,278.1
0,277.8
0,277.85
0,278.3
0,278.1
0,278.2
0,277.95
0,277.9
0,277.95
0,278.15
0,278.1
0,278.05
0,278.05
0,278.1
0,277.75
0,277.65
0,277.55
0,277.45
0,277.35
0,277
0,277.25
0,277.3
0,277.1
0,277.75
0,277.8
0,278
0,277.95
0,277.75
0,277.7
0,277.7
0,277.75
0,277.6
0,277.55
0,277.6
0,277.65
0,277.5
0,277.45
0,277.25
0,277.2
0,277.45
0,278
0,278.2
0,277.8
0,278.15
0,277.7
0,277.6
0,277.75
0,277.7
0,277.75
0,277.6
0,277.85
0,277.75
0,278
0,277.85
0,278
0,277.9
0,277.95
0,278
0,277.9
0,278
0,278.45
0,278.4
0,278.45
0,278.4
0,278.45
0,278.35
0,278.35
0,278.25
0,277.95
0,277.75
0,277.8
0,278.2
0,278.05
0,278.15
0,278.1
0,278
0,278
0,277.85
0,277.9
0,277.85
0,277.9
0,277.95
0,278.05
0,277.85
0,277.75
0,278
0,278
0,277.85
0,277.95
0,278.05
0,278.1
0,278
0,278.05
0,278
0,277.7
0,277.6
0,277.6
0,277.9
0,277.7
0,277.6
0,277.55
0,277.6
0,277.65
0,277.15
0,277.25
0,277.45
0,277.4
0,277.15
0,277.1
0,277
0,277.2
0,277.25
0,277.4
0,277.35
0,277.3
0,277.25
0,277.05
0,277.25
0,277
0,277.15
0,277.2
0,277.1
0,277.15
0,276.85
0,276.8
0,276.85
0,276.95
0,277.25
0,277.15
0,276.85
0,277.15
0,277.25
0,277.35
0,277.3
0,277.45
0,277.35
0,276.85
0,276.8
0,276.75
0,276.6
0,276.5
0,276.55
0,276.5
0,276.3
0,276.85
0,276.55
0,276.5
0,276.7
0,276.8
0,276.6
0,276.65
0,277.1
0,277.25
0,277.4
0,277.25
0,277.45
0,277.7
0,277.85
0,277.9
0,277.6
0,277.75
0,278
0,278
0,278.05
0,278.2
0,278.55
0,278.35
0,278.4
0,278.5
0,278.7
0,279.05
0,279.15
0,278.6
0,278.95
0,279.15
0,278.85
0,278.7
0,278.55
0,278.55
0,278.55
0,278.55
0,278.65
0,278.55
0,278.25
0,278.3
0,278.15
0,278.1
0,278.15
0,278.15
0,278.05
0,278.15
0,278.2
0,277.95
0,278.05
0,278.05
0,278.1
0,278.2
0,278.15
0,278.15
0,273.45
0,273.05
0,279.4
0,279.3
0,278.2
0,277.8
0,278.65
0,278.6
0,278.55
0,278.8
0,279.15
0,278.95
0,278.65
0,278.95
0,278.35
0,278.05
0,278.15
0,277.9
0,277.8
0,277.95
0,277.6
0,277.6
0,277
0,276.15
0,277.25
0,277.1
0,277.1
0,277.1
0,277.8
0,277.5
0,277.9
0,277.9
0,277.7
0,277.65
0,277.75
0,278.1
0,278.55
0,278.7
0,278.6
0,278.2
0,278
0,278.25
0,278
0,277.95
0,278.2
0,278.3
0,278.45
0,278.65
0,278.65
0,278.7
0,278.75
0,279.05
0,278.7
0,278.65
0,278.35
0,278.3
0,278.5
0,278.4
0,278.3
0,278.55
0,278.6
0,278.65
0,278.6
0,278.6
0,278.55
0,278.65
0,278.75
0,278.9
0,279
0,278.9
0,278.9
0,278.75
0,278.95
0,278.9
0,279.1
0,279.1
0,279.05
0,278.7
0,279
0,279.1
0,278.75
0,278.65
0,278.65
0,278.65
0,278.45
0,278.35
0,278.3
0,278.45
0,278.6
0,278.65
0,279.05
0,278.95
0,278.55
0,278.75
0,278.75
0,278.95
0,278.95
0,279.05
0,279.2
0,279.25
0,278.95
0,278.85
0,278.7
0,278.8
0,278.75
0,278.65
0,278.9
0,279.05
0,279
0,279
0,279.05
0,278.95
0,279.15
0,279.65
0,279.45
0,279.7
0,279.75
0,279.6
0,279.75
0,279.7
0,279.3
0,279.55
0,279.15
0,279.15
0,279.1
0,278.95
0,279.1
0,279.2
0,279.5
0,279.45
0,279.5
0,279.6
0,279.55
0,279.85
0,279.6
0,279.9
0,279.7
0,279.3
0,279.15
0,279.05
0,279.05
0,279.3
0,279.45
0,279.4
0,279.5
0,279.7
0,279.7
0,279.6
0,279.6
0,279.65
0,279.3
0,279.55
0,279.45
0,279.5
0,279.8
0,279.9
0,279.95
0,279.85
0,280.3
0,280.2
0,280.2
0,280.45
0,280.35
0,280.35
0,279.75
0,279.95
0,280
0,279.95
0,280.05
0,280.1
0,280.05
0,280.05
0,280.1
0,280.1
0,279.9
0,279.8
0,279.85
0,279.9
0,280
0,280.3
0,280.15
0,280
0,279.85
0,279.85
0,279.85
0,279.2
0,279.3
0,279.25
0,279.3
0,279.35
0,279.55
0,279.5
0,279.55
0,279.5
0,279.45
0,279.75
0,279.75
0,279.85
0,279.75
0,279.7
0,279.65
0,280
0,280
0,280.3
0,280.35
0,280.1
0,280
0,279.95
0,280.15
0,280
0,280.1
0,279.8
0,279.85
0,279.9
0,279.75
0,279.7
0,279.75
0,279.65
0,279.35
0,279.35
0,279.35
0,279.45
0,279.4
0,279.3
0,279.25
0,279.1
0,279.1
0,279.05
0,279.1
0,279
0,279
0,278.95
0,278.8
0,278.9
0,278.85
0,278.75
0,278.6
0,278.75
0,278.65
0,278.85
0,278.65
0,278.6
0,278.55
0,278.75
0,278.65
0,278.5
0,278.45
0,278.25
0,277.9
0,277.8
0,277.85
0,278
0,277.75
0,277.8
0,278
0,278.25
0,278.2
0,278.25
0,278.35
0,278.3
0,278.35
0,278.2
0,278.05
0,278.1
0,278.35
0,278.55
0,278.7
0,278.5
0,278.45
0,278.35
0,278.3
0,278.25
0,278.55
0,278.6
0,278.5
0,278.6
0,278.65
0,279.05
0,279.2
0,279.05
0,279.2
0,279.25
0,279.2
0,279.35
0,279.5
0,279.5
0,279.55
0,279.6
0,279.45
0,279.55
0,279.45
0,279.5
0,279.7
0,279.65
0,279.65
0,279.7
0,279.7
0,279.7
0,277.9
0,278.45
0,281.2
0,282.4
0,283.05
0,283.3
0,282.95
0,283.1
0,281.3
0,280.7
0,281.15
0,280.85
0,280.05
0,281.1
0,279.5
0,280.55
0,280.7
0,280.65
0,280.35
0,280.05
0,280.05
0,280.5
0,280.5
0,280.45
0,280.7
0,280.1
0,280.2
0,280.05
0,280
0,280.15
0,280.05
0,280.3
0,279.9
0,279.65
0,280.05
0,280
0,280
0,279.9
0,279.75
0,279.7
0,279.75
0,279.65
0,279.6
0,279.3
0,279
0,279.2
0,279.15
0,279.25
0,278.95
0,279.15
0,279.1
0,279.25
0,279.25
0,279.2
0,279.2
0,279.15
0,279.25
0,279.35
0,279.3
0,279.35
0,279.3
0,279.2
0,279.1
0,278.55
0,278.45
0,278.2
0,278.6
0,278.5
0,278.4
0,278.25
0,278.4
0,278.4
0,278.15
0,278.4
0,277.75
0,277.7
0,277.8
0,277.85
0,277.85
0,277.8
0,277.3
0,277.25
0,277.15
0,276.75
0,276.75
0,276.55
0,276.25
0,276.15
0,276.2
0,276.35
0,276.35
0,276.05
0,276.15
0,276.05
0,275.9
0,276.05
0,275.95
0,276.05
0,275.8
0,275.75
0,275.85
0,275.95
0,276.55
0,276.95
0,277.2
0,276.65
0,276.5
0,276.15
0,276.2
0,276.05
0,275.9
0,275.75
0,275.8
0,275.75
0,276.7
0,276.55
0,276.65
0,276.85
0,277.15
0,277.05
0,276.6
0,276.4
0,276.45
0,276.3
0,276.25
0,276.25
0,276.2
0,276.2
0,276.45
0,276.85
0,276.8
0,276.85
0,276.75
0,276.75
0,276.7
0,276.6
0,277.05
0,277.75
0,277.75
0,277.55
0,277.6
0,277.65
0,277.35
0,277
0,277.1
0,277.3
0,277.1
0,277.35
0,277.65
0,277.2
0,276.95
0,276.9
0,276.95
0,276.7
0,276.5
0,276.5
0,276.55
0,276.3
0,276.35
0,276.4
0,276.65
0,276.55
0,276.6
0,276.55
0,276.3
0,276.3
0,277.4
0,276.05
0,276
0,275.8
0,275.45
0,275.65
0,275.8
0,275.85
0,276.95
0,276.9
0,276.7
0,276.8
0,276.75
0,276.65
0,276.4
0,276.35
0,276.3
0,276.15
0,276.1
0,276.05
0,275.9
0,275.75
0,275.7
0,275.55
0,276.2
0,277.1
0,276.95
0,277.1
0,277.05
0,277
0,276.9
0,277
0,276.7
0,276.1
0,276.05
0,276.2
0,276.25
0,276
0,275.95
0,276
0,276
0,275.9
0,275.75
0,275.85
0,275.8
0,275.7
0,275.7
0,275.7
0,275.95
0,275.65
0,275.7
0,275.65
0,275.7
0,275.8
0,275.7
0,275.95
0,275.6
0,275.55
0,275.6
0,275.65
0,275.9
0,275.45
0,275.4
0,275.15
0,275.1
0,275.2
0,275.25
0,275.1
0,274.95
0,274.75
0,274.8
0,274.75
0,274.45
0,274.6
0,274.6
0,274.9
0,274.9
0,274.6
0,274.55
0,274.65
0,275.45
0,275.35
0,275.1
0,275.15
0,275.2
0,275.25
0,275.2
0,275.15
0,275.15
0,275.2
0,275.15
0,275.1
0,275
0,274.9
0,274.7
0,274.6
0,274.45
0,273.9
0,274.4
0,274.35
0,274.25
0,274.15
0,274.2
0,274.05
0,273.95
0,274
0,274.05
0,274
0,273.95
0,273.65
0,273.4
0,273.35
0,273.45
0,273.55
0,273.55
0,273.45
0,273.4
0,273.35
0,273.35
0,273.3
0,273.4
0,273.35
0,273.5
0,273.55
0,273.9
0,274.2
0,274.25
0,274.2
0,274.3
0,274.35
0,274.45
0,274.7
0,274.8
0,274.95
0,275.05
0,275.05
0,274.85
0,275.05
0,275
0,275
0,275
0,274.8
0,274.7
0,274.4
0,274.1
0,274.15
0,274.2
0,274.15
0,273.85
0,273.75
0,273.65
0,273.6
0,273.5
0,273.4
0,273.15
0,273
0,272.95
0,273.05
0,273
0,273
0,273.75
0,273.55
0,273.6
0,274.15
0,274.4
0,274.4
0,274.3
0,274.35
0,274.55
0,274.5
0,274.65
0,274.65
0,274.6
0,274.6
0,274.55
0,274.55
0,274.45
0,274.6
0,274.4
0,274.35
0,274.05
0,273.9
0,274.15
0,274.1
0,274.05
0,273.95
0,273.65
0,273.6
0,273.85
0,147.81
0,147.71
0,146.82
0,146.25
0,146
0,146.19
0,145.86
0,146.36
0,146.6
0,146.31
0,146.16
0,146.08
0,146.35
0,145.91
0,146.07
0,146.06
0,145.93
0,145.89
0,146.04
0,146.05
0,145.98
0,145.99
0,145.89
0,145.97
0,145.81
0,145.76
0,145.63
0,145.59
0,145.74
0,145.92
0,145.7
0,145.51
0,145.65
0,145.72
0,145.78
0,146.04
0,146.04
0,146.18
0,146.21
0,146.48
0,146.27
0,146.27
0,146.14
0,145.97
0,146.09
0,145.93
0,145.92
0,146.21
0,146.07
0,146.13
0,146.06
0,146.11
0,145.93
0,146.19
0,146.15
0,146.02
0,145.93
0,145.99
0,146.01
0,146.11
0,146.13
0,145.75
0,145.73
0,145.95
0,146.08
0,146.23
0,146.14
0,145.97
0,145.93
0,145.98
0,146.28
0,146.32
0,146.22
0,146.23
0,146.36
0,146.34
0,146.24
0,146.24
0,146.33
0,146.42
0,146.6
0,146.58
0,146.63
0,146.59
0,146.82
0,146.94
0,147.06
0,147.19
0,147.08
0,147.18
0,147.15
0,147.06
0,146.94
0,146.96
0,147.01
0,147.1
0,146.94
0,146.8
0,146.84
0,146.77
0,146.74
0,146.6
0,146.5
0,146.54
0,146.63
0,146.58
0,146.65
0,146.76
0,146.6
0,146.58
0,146.64
0,146.57
0,146.61
0,146.71
0,146.66
0,146.69
0,146.83
0,146.75
0,146.76
0,146.81
0,146.78
0,146.69
0,146.68
0,146.57
0,146.64
0,146.59
0,146.53
0,146.37
0,146.35
0,146.26
0,146.24
0,146.22
0,146.11
0,146.12
0,146.31
0,146.39
0,146.39
0,146.62
0,146.65
0,146.52
0,146.52
0,146.57
0,146.49
0,146.5
0,146.5
0,146.52
0,146.47
0,146.57
0,146.52
0,146.6
0,146.58
0,146.54
0,146.51
0,146.6
0,146.54
0,146.6
0,146.63
0,146.59
0,146.61
0,146.53
0,146.54
0,146.48
0,146.48
0,146.55
0,146.62
0,146.58
0,146.53
0,146.49
0,146.55
0,146.55
0,146.55
0,146.77
0,146.72
0,146.72
0,146.76
0,146.73
0,146.96
0,146.93
0,146.99
0,146.97
0,146.88
0,146.84
0,146.88
0,146.96
0,147.01
0,147.04
0,147.16
0,147.19
0,147.13
0,147.15
0,147.12
0,147.14
0,147.2
0,147.19
0,147.19
0,147.13
0,147.08
0,147.06
0,147.11
0,147.03
0,147.04
0,147.02
0,147.01
0,146.99
0,147.04
0,146.99
0,146.96
0,147
0,146.98
0,147.06
0,147.08
0,147.14
0,147.19
0,147.2
0,147.3
0,147.24
0,147.29
0,147.21
0,147.19
0,147.13
0,147.12
0,147.11
0,147.1
0,147.06
0,147
0,147
0,146.94
0,146.94
0,147.13
0,147.17
0,147.22
0,147.25
0,147.23
0,147.35
0,147.37
0,147.37
0,147.29
0,147.27
0,147.25
0,147.29
0,147.37
0,147.5
0,147.53
0,147.68
0,147.68
0,147.71
0,147.73
0,147.81
0,147.82
0,147.84
0,147.94
0,147.87
0,147.89
0,147.89
0,147.84
0,147.8
0,147.78
0,147.78
0,147.84
0,147.75
0,147.77
0,147.74
0,147.77
0,147.77
0,147.77
0,147.73
0,147.76
0,147.75
0,147.72
0,147.62
0,147.57
0,147.57
0,147.56
0,147.48
0,147.46
0,147.45
0,147.56
0,147.6
0,147.6
0,147.67
0,147.65
0,147.72
0,147.71
0,147.7
0,147.71
0,147.71
0,147.71
0,147.71
0,147.8
0,147.77
0,147.81
0,147.85
0,147.77
0,147.82
0,147.72
0,147.71
0,147.75
0,147.71
0,147.74
0,147.91
0,147.97
0,147.99
0,148.06
0,148.07
0,148.01
0,148.04
0,147.99
0,147.94
0,147.85
0,147.91
0,147.96
0,148.02
0,148.02
0,148.11
0,148.08
0,148.12
0,148.11
0,148.13
0,148.13
0,148.12
0,148.11
0,148.11
0,148.08
0,148.04
0,147.88
0,147.75
0,147.61
0,147.55
0,147.56
0,147.66
0,147.69
0,147.66
0,147.63
0,147.68
0,147.74
0,147.8
0,147.81
0,147.83
0,147.77
0,147.71
0,147.72
0,147.7
0,147.66
0,147.74
0,147.73
0,147.74
0,147.82
0,147.95
0,147.84
0,147.81
0,147.83
0,147.81
0,147.83
0,147.82
0,147.73
0,147.67
0,147.62
0,147.62
0,147.59
0,147.69
0,147.64
0,147.7
0,147.67
0,147.77
0,147.71
0,147.77
0,147.82
0,147.83
0,147.92
0,147.87
0,147.92
0,147.88
0,147.86
0,147.9
0,147.85
0,147.81
0,147.8
0,147.86
0,147.84
0,147.84
0,147.83
0,147.83
0,147.84
0,147.85
0,147.83
0,147.89
0,148
0,148.07
0,148.09
0,148.1
0,148.18
0,148.09
0,148.05
0,148.02
0,147.82
0,148.01
0,148.27
0,148.3
0,148.38
0,148.47
0,148.58
0,148.56
0,148.57
0,148.71
0,148.69
0,148.76
0,148.85
0,148.86
0,149.01
0,149.14
0,149.09
0,149
0,149.04
0,149.05
0,149.18
0,149.45
0,149.57
0,149.57
0,149.56
0,149.45
0,149.37
0,149.5
0,149.71
0,149.8
0,149.91
0,149.79
0,149.62
0,149.38
0,149.33
0,149.22
0,149.51
0,149.35
0,149.42
0,149.58
0,149.7
0,149.61
0,149.65
0,149.81
0,149.77
0,149.76
0,149.83
0,149.72
0,149.64
0,149.63
0,149.78
0,149.71
0,149.83
0,149.89
0,149.8
0,149.88
0,149.84
0,149.82
0,149.64
0,149.73
0,149.72
0,149.86
0,149.84
0,149.94
0,149.93
0,150.11
0,150.1
0,150.15
0,150.34
0,150.47
0,150.43
0,150.52
0,150.57
0,150.61
0,150.47
0,150.46
0,150.64
0,150.76
0,150.78
0,150.76
0,150.87
0,150.92
0,150.85
0,150.84
0,150.59
0,150.64
0,150.59
0,150.75
0,150.83
0,150.89
0,151.1
0,151.04
0,150.84
0,150.92
0,150.88
0,150.8
0,150.88
0,151.04
0,150.98
0,151.08
0,150.8
0,150.71
0,150.71
0,150.82
0,151.1
0,150.93
0,150.86
0,150.7
0,150.64
0,150.78
0,150.7
0,150.74
0,150.49
0,150.47
0,149.24
0,148.98
0,148.95
0,148.73
0,148.75
0,148.97
0,149.56
0,149.98
0,149.97
0,150.73
0,150.54
0,150.52
0,150.38
0,150.27
0,150.18
0,150.14
0,150.19
0,150.11
0,150.44
0,150.76
0,151.09
0,151.36
0,151.82
0,151.82
0,151.78
0,151.9
0,152.18
0,152.76
0,152.77
0,152.97
0,152.73
0,153.23
0,152.84
0,152.87
0,152.9
0,153.23
0,153.17
0,152.96
0,152.85
0,153.28
0,153.29
0,153.1
0,152.94
0,153.02
0,153.26
0,153.41
0,153.12
0,153.19
0,152.87
0,152.94
0,152.98
0,152.97
0,153.32
0,153.21
0,153.34
0,153.29
0,153.12
0,153.02
0,153.12
0,153.16
0,153.16
0,153.21
0,153.15
0,153.36
0,153.67
0,153.55
0,153.46
0,153.43
0,153.35
0,153.55
0,153.48
0,153.63
0,153.75
0,153.66
0,153.67
0,153.98
0,153.95
0,154.14
0,154.19
0,153.82
0,153.83
0,153.78
0,153.65
0,153.6
0,153.56
0,153.56
0,153.64
0,153.54
0,153.55
0,153.32
0,153.47
0,153.49
0,153.39
0,153.38
0,153.26
0,153.15
0,153.27
0,153.15
0,153.13
0,153.11
0,153.14
0,153.31
0,153.31
0,153.22
0,153.21
0,153.22
0,153.17
0,153.1
0,152.93
0,153.13
0,153.2
0,153.35
0,153.23
0,153.27
0,153.25
0,153.25
0,153.42
0,153.41
0,153.35
0,153.12
0,153.06
0,152.85
0,152.64
0,152.39
0,152.38
0,152.41
0,152.34
0,152.36
0,152.32
0,152.33
0,152.33
0,152.34
0,152.27
0,152.29
0,152.36
0,152.31
0,152.37
0,152.32
0,152.4
0,152.33
0,152.21
0,152.25
0,152.19
0,152.24
0,152.44
0,152.36
0,152.5
0,152.6
0,152.93
0,152.92
0,152.9
0,152.77
0,152.72
0,152.78
0,152.9
0,152.87
0,152.8
0,152.73
0,152.69
0,152.72
0,152.75
0,152.84
0,152.87
0,152.88
0,152.74
0,152.74
0,152.83
0,152.55
0,152.4
0,152.44
0,152.39
0,152.29
0,152.31
0,152.32
0,152.14
0,152.16
0,152.01
0,151.96
0,151.91
0,151.85
0,151.95
0,151.99
0,151.99
0,152.06
0,152.24
0,152.19
0,152.06
0,151.99
0,151.89
0,151.82
0,151.7
0,151.72
0,151.61
0,151.41
0,151.38
0,151.24
0,151.22
0,151.22
0,151.25
0,151.3
0,151.17
0,151.23
0,151.25
0,151.22
0,151.13
0,151.11
0,151.11
0,151.04
0,150.96
0,151.01
0,151.06
0,151
0,150.97
0,150.96
0,151.01
0,151.19
0,151.24
0,151.2
0,151.09
0,150.97
0,150.96
0,150.99
0,151.06
0,151.03
0,151.18
0,151.18
0,151.16
0,151.26
0,151.32
0,151.35
0,151.21
0,151.12
0,151.19
0,151.15
0,151.28
0,151.36
0,151.44
0,151.58
0,151.61
0,151.84
0,151.82
0,151.79
0,151.79
0,151.86
0,151.83
0,151.93
0,151.91
0,151.88
0,151.77
0,151.89
0,151.86
0,151.86
0,151.78
0,151.82
0,151.71
0,151.71
0,151.55
0,151.45
0,151.39
0,151.45
0,151.36
0,151.39
0,151.36
0,151.31
0,151.3
0,151.2
0,151.26
0,151.14
0,151.24
0,151.24
0,151.17
0,151.26
0,151.19
0,151.14
0,151.11
0,151.15
0,151.17
0,151.31
0,151.31
0,151.27
0,151.2
0,151.23
0,151.22
0,151.24
0,151.25
0,151.19
0,151.16
0,151.06
0,151.12
0,151.17
0,151.13
0,151.14
0,151.17
0,151.14
0,151.01
0,151
0,151.07
0,151.16
0,151.11
0,151.16
0,151.02
0,151.07
0,151.1
0,151.17
0,151.34
0,151.27
0,151.25
0,151.25
0,151.24
0,151.29
0,151.27
0,151.38
0,151.4
0,151.39
0,151.43
0,151.52
0,151.54
0,151.52
0,151.48
0,151.42
0,151.35
0,151.26
0,151.23
0,151.3
0,151.23
0,151.22
0,151.28
0,151.28
0,151.16
0,151.11
0,151.1
0,151.19
0,151.23
0,151.18
0,151.19
0,151.2
0,151.24
0,151.14
0,151.2
0,151.22
0,151.23
0,151.19
0,151.26
0,151.18
0,151.13
0,151.16
0,151.27
0,151.4
0,151.37
0,151.41
0,151.37
0,151.33
0,151.48
0,151.5
0,151.51
0,151.54
0,151.53
0,151.72
0,151.77
0,151.7
0,151.69
0,151.65
0,151.73
0,151.62
0,151.71
0,151.73
0,151.75
0,151.83
0,151.83
0,151.88
0,151.77
0,151.74
0,151.77
0,151.81
0,151.94
0,151.94
0,151.88
0,151.85
0,151.77
0,151.79
0,151.83
0,151.84
0,151.82
0,152.01
0,152.08
0,152.18
0,152.14
0,152.07
0,152.05
0,152.07
0,152.02
0,151.91
0,151.63
0,151.33
0,151.61
0,151.43
0,151.61
0,151.76
0,151.82
0,151.7
0,151.75
0,151.68
0,151.7
0,151.83
0,151.76
0,151.62
0,151.61
0,151.37
0,151.3
0,151.17
0,151.35
0,151.46
0,151.66
0,151.57
0,151.45
0,151.45
0,151.07
0,151.05
0,150.95
0,150.99
0,150.96
0,151.04
0,151.12
0,151.03
0,150.95
0,150.89
0,150.75
0,150.77
0,150.61
0,150.48
0,150.52
0,150.53
0,150.38
0,150.55
0,150.58
0,150.67
0,150.7
0,150.78
0,150.79
0,150.8
0,150.82
0,150.75
0,150.92
0,150.87
0,150.85
0,150.83
0,150.66
0,150.44
0,150.51
0,150.5
0,150.5
0,150.4
0,150.29
0,150.22
0,150.1
0,150.18
0,150.16
0,150.2
0,150.33
0,150.18
0,150.24
0,150.31
0,150.66
0,150.58
0,150.62
0,150.5
0,150.41
0,150.46
0,150.26
0,150.14
0,150.28
0,150.35
0,150.43
0,150.47
0,150.59
0,150.77
0,150.91
0,150.85
0,150.93
0,151.1
0,151.08
0,151.07
0,151.21
0,150.97
0,151.04
0,150.99
0,151.04
0,151.13
0,151.01
0,150.97
0,151.01
0,151.2
0,151.17
0,151.04
0,151.07
0,151.05
0,151.18
0,151.11
0,151.18
0,151.06
0,150.9
0,150.69
0,150.61
0,150.66
0,150.85
0,152.26
0,152.42
0,152.46
0,152.77
0,152.75
0,152.61
0,152.84
0,153.01
0,152.69
0,153.61
0,153.05
0,153.12
0,153.41
0,153.12
0,152.98
0,153.05
0,152.88
0,152.69
0,152.52
0,152.9
0,152.9
0,153.19
0,153.31
0,153.41
0,153.11
0,152.85
0,152.9
0,152.7
0,152.82
0,152.92
0,152.95
0,152.78
0,152.87
0,153.07
0,152.8
0,152.62
0,152.8
0,152.85
0,153.08
0,153.26
0,153.27
0,153.3
0,153.41
0,153.28
0,153.22
0,153.24
0,153.38
0,153.3
0,153.2
0,153.37
0,153.44
0,153.37
0,153.42
0,153.46
0,153.46
0,153.36
0,153.44
0,153.46
0,153.58
0,153.71
0,153.73
0,153.7
0,153.52
0,153.52
0,153.49
0,153.57
0,153.63
0,153.72
0,153.79
0,153.74
0,153.76
0,153.71
0,153.63
0,153.62
0,153.61
0,153.75
0,153.75
0,153.7
0,153.65
0,153.69
0,153.73
0,153.61
0,153.57
0,153.84
0,153.89
0,154.13
0,154.09
0,153.97
0,153.88
0,153.82
0,154.05
0,154.04
0,154.22
0,154.01
0,153.98
0,154
0,153.89
0,153.86
0,153.86
0,153.92
0,153.9
0,153.9
0,153.84
0,153.81
0,153.77
0,153.68
0,153.7
0,153.53
0,153.66
0,153.65
0,153.84
0,153.85
0,153.64
0,153.7
0,153.75
0,153.66
0,153.65
0,153.55
0,153.58
0,153.51
0,153.63
0,153.77
0,153.79
0,153.74
0,153.68
0,153.64
0,153.75
0,153.59
0,153.59
0,153.7
0,153.68
0,153.77
0,153.67
0,153.69
0,153.73
0,153.66
0,153.67
0,153.58
0,153.72
0,153.83
0,153.7
0,153.56
0,153.51
0,153.43
0,153.43
0,153.28
0,153.42
0,153.47
0,153.5
0,153.59
0,153.58
0,153.6
0,153.73
0,153.67
0,153.7
0,153.67
0,153.64
0,153.65
0,153.69
0,153.88
0,153.9
0,153.89
0,153.82
0,153.73
0,153.74
0,153.64
0,153.57
0,153.57
0,153.74
0,153.83
0,153.84
0,153.85
0,153.8
0,153.8
0,153.85
0,153.9
0,153.91
0,153.83
0,153.84
0,153.9
0,153.88
0,153.92
0,153.9
0,153.91
0,153.83
0,153.81
0,153.84
0,153.9
0,153.9
0,153.92
0,153.93
0,153.92
0,153.93
0,153.9
0,153.87
0,153.92
0,153.9
0,154.04
0,154
0,154.07
0,154.35
0,154.33
0,154.21
0,154.42
0,154.28
0,154.25
0,154.26
0,154.31
0,154.33
0,154.42
0,154.47
0,154.53
0,154.53
0,154.51
0,154.41
0,154.33
0,154.42
0,154.36
0,154.35
0,154.42
0,154.39
0,154.34
0,154.33
0,154.37
0,154.51
0,154.51
0,154.39
0,154.29
0,154.28
0,154.21
0,154.11
0,154.24
0,154.28
0,154.29
0,154.39
0,154.37
0,154.41
0,154.39
0,154.39
0,154.49
0,154.67
0,154.94
0,154.85
0,154.64
0,154.57
0,154.42
0,154.27
0,154.29
0,154.22
0,154.29
0,154.38
0,154.43
0,154.43
0,154.38
0,154.32
0,154.31
0,154.26
0,154.16
0,154.15
0,154.03
0,154.1
0,154.16
0,154.22
0,154.17
0,154.54
0,154.56
0,154.58
0,154.54
0,154.58
0,154.68
0,154.68
0,154.6
0,154.81
0,154.89
0,154.9
0,154.9
0,154.87
0,154.9
0,154.92
0,155.06
0,154.75
0,154.79
0,154.7
0,154.76
0,154.67
0,154.8
0,154.69
0,154.92
0,155.03
0,154.98
0,155.04
0,155.21
0,155.17
0,155.09
0,155.07
0,155.04
0,155.12
0,155.15
0,155.24
0,155.21
0,155.22
0,155.03
0,154.92
0,155
0,155.04
0,154.94
0,154.83
0,154.87
0,155.05
0,154.98
0,154.83
0,154.94
0,154.82
0,154.74
0,154.68
0,154.71
0,154.56
0,154.6
0,154.68
0,154.76
0,154.84
0,154.88
0,154.72
0,154.53
0,154.52
0,154.5
0,154.54
0,154.75
0,154.7
0,154.62
0,155.01
0,154.73
0,155.02
0,155.18
0,155.15
0,155.07
0,155.04
0,155.01
0,155.15
0,155.04
0,155.03
0,155.05
0,155.14
0,155.07
0,155.32
0,155.11
0,155.12
0,155.13
0,155.03
0,155.08
0,155.28
0,155.47
0,155.42
0,155.49
0,155.5
0,155.35
0,155.24
0,155.19
0,155.13
0,155.09
0,155.13
0,155.2
0,155.25
0,155.23
0,155.31
0,155.22
0,155.35
0,155.35
0,155.39
0,155.4
0,155.51
0,155.66
0,155.71
0,155.66
0,155.82
0,155.92
0,155.9
0,155.94
0,155.83
0,155.95
0,156.06
0,156.1
0,156.12
0,156.2
0,156.14
0,156.19
0,156.22
0,156.19
0,156.22
0,156.25
0,156.23
0,155.93
0,156.06
0,156.06
0,156.11
0,156.06
0,156.12
0,156.35
0,156.56
0,156.46
0,156.29
0,156.08
0,156.06
0,156.09
0,156.07
0,156.11
0,156.14
0,155.95
0,155.94
0,156.07
0,156.12
0,156.06
0,156.2
0,156.3
0,156.29
0,156.11
0,156
0,155.94
0,156.07
0,156.1
0,156.25
0,156.22
0,156.31
0,156.29
0,156.25
0,156.25
0,156.07
0,155.93
0,155.92
0,155.86
0,155.98
0,156.06
0,156
0,155.92
0,155.78
0,155.71
0,155.71
0,155.36
0,155.33
0,155.33
0,155.25
0,155.12
0,155.16
0,155.51
0,155.6
0,155.68
0,155.96
0,155.95
0,156.04
0,156
0,156.08
0,156.03
0,155.95
0,155.99
0,155.95
0,155.7
0,155.91
0,155.82
0,155.64
0,155.71
0,155.59
0,155.31
0,155.19
0,155.16
0,155.14
0,155.06
0,155.15
0,155.13
0,155.12
0,155.05
0,155.07
0,155.15
0,155.16
0,155.16
0,155.11
0,155.22
0,155.32
0,155.33
0,155.43
0,155.35
0,155.46
0,155.51
0,155.77
0,155.75
0,155.7
0,155.75
0,155.78
0,155.73
0,155.72
0,155.85
0,155.93
0,155.88
0,155.95
0,155.94
0,155.88
0,155.79
0,155.66
0,155.43
0,155.44
0,155.46
0,155.35
0,155.19
0,155.26
0,155.18
0,155.02
0,154.74
0,154.77
0,154.75
0,154.79
0,154.96
0,155.29
0,155.67
0,156.14
0,155.64
0,155.44
0,155.6
0,155.4
0,155.31
0,155.39
0,155.05
0,154.98
0,155.25
0,155.17
0,155.17
0,155.54
0,155.24
0,155.29
0,155.13
0,155.02
0,154.93
0,154.94
0,154.8
0,154.93
0,155.24
0,155.24
0,155.35
0,155.37
0,155.29
0,155.28
0,155.42
0,155.3
0,155.35
0,155.47
0,155.38
0,155.22
0,155.22
0,155.32
0,155.22
0,155.31
0,155.29
0,155.25
0,155.29
0,155.33
0,155.31
0,155.37
0,155.34
0,155.4
0,155.24
0,155.17
0,155.06
0,155.06
0,155.13
0,155.21
0,155.22
0,155.05
0,155.07
0,155.13
0,155.13
0,155.15
0,155.11
0,155.17
0,155.27
0,155.29
0,155.32
0,155.1
0,155.03
0,154.97
0,155.04
0,154.97
0,155
0,154.99
0,155.02
0,154.96
0,154.96
0,155.05
0,155.04
0,154.91
0,154.97
0,154.91
0,154.82
0,154.79
0,154.91
0,154.92
0,154.91
0,154.97
0,154.95
0,154.88
0,154.95
0,154.9
0,154.89
0,154.82
0,154.96
0,154.9
0,154.89
0,154.92
0,154.94
0,154.92
0,154.95
0,154.78
0,154.75
0,154.85
0,154.86
0,154.85
0,154.93
0,154.85
0,154.81
0,154.74
0,154.68
0,154.62
0,154.67
0,154.75
0,154.87
0,154.81
0,154.68
0,154.69
0,154.62
0,154.57
0,154.4
0,154.44
0,154.26
0,154.39
0,154.41
0,154.51
0,154.71
0,154.86
0,154.83
0,154.61
0,154.54
0,154.6
0,154.73
0,154.92
0,154.93
0,155.01
0,155.02
0,154.93
0,155.01
0,155.02
0,155.12
0,155.02
0,155.03
0,154.93
0,154.93
0,154.94
0,154.84
0,154.77
0,154.74
0,154.82
0,154.88
0,154.84
0,154.86
0,154.84
0,154.87
0,154.85
0,154.72
0,154.63
0,154.52
0,154.54
0,154.48
0,154.4
0,154.4
0,154.44
0,154.33
0,154.45
0,154.46
0,154.35
0,154.3
0,154.32
0,154.43
0,154.44
0,154.39
0,154.36
0,154.42
0,154.43
0,154.39
0,154.5
0,154.5
0,154.53
0,154.59
0,154.61
0,154.58
0,154.42
0,154.39
0,154.34
0,154.3
0,154.22
0,154.21
0,154.21
0,154.23
0,154.23
0,154.13
0,154.15
0,154.09
0,154.11
0,154.14
0,154.04
0,153.98
0,154.06
0,154.01
0,153.99
0,153.96
0,153.95
0,153.98
0,153.97
0,154.06
0,154.1
0,154.09
0,154.16
0,154.22
0,154.18
0,154.15
0,154.14
0,154.11
0,154.19
0,154.29
0,154.45
0,154.46
0,154.53
0,154.6
0,154.69
0,154.69
0,154.83
0,154.77
0,154.78
0,154.77
0,154.76
0,154.84
0,155.03
0,154.96
0,154.88
0,154.9
0,154.9
0,155
0,155.06
0,155.01
0,154.97
0,155.04
0,154.97
0,154.94
0,155.03
0,154.99
0,155.05
0,154.87
0,154.83
0,155.08
0,155.03
0,155
0,155.07
0,154.94
0,154.89
0,154.81
0,154.82
0,154.78
0,154.82
0,154.85
0,154.88
0,154.82
0,154.88
0,154.88
0,154.89
0,154.89
0,154.92
0,154.91
0,154.84
0,154.71
0,154.74
0,154.69
0,154.69
0,154.69
0,154.8
0,154.7
0,154.84
0,154.8
0,154.78
0,154.58
0,154.59
0,154.6
0,154.58
0,154.57
0,154.51
0,154.44
0,154.41
0,154.42
0,154.41
0,154.4
0,154.35
0,154.4
0,154.43
0,154.47
0,154.39
0,154.37
0,154.3
0,154.33
0,154.39
0,154.4
0,154.25
0,154.33
0,154.46
0,154.46
0,154.41
0,154.46
0,154.54
0,154.58
0,154.57
0,154.67
0,154.65
0,154.72
0,154.61
0,154.66
0,154.61
0,154.62
0,154.73
0,154.69
0,154.69
0,154.71
0,154.71
0,154.53
0,154.48
0,154.56
0,154.56
0,154.46
0,154.47
0,154.4
0,154.39
0,154.38
0,154.45
0,154.5
0,154.54
0,154.56
0,154.52
0,154.54
0,154.47
0,154.5
0,154.5
0,154.66
0,154.58
0,154.55
0,154.59
0,154.53
0,154.53
0,154.58
0,154.65
0,154.71
0,154.65
0,154.68
0,154.66
0,154.73
0,154.85
0,154.93
0,154.97
0,154.89
0,154.95
0,154.96
0,154.96
0,155.06
0,155.11
0,155.09
0,155.04
0,155.01
0,155.04
0,155.01
0,155.02
0,155.06
0,154.96
0,155.07
0,155.1
0,155.18
0,155.21
0,155.14
0,155.14
0,155.15
0,155.16
0,155.11
0,155.19
0,155.23
0,155.32
0,155.3
0,155.36
0,155.3
0,155.32
0,154.14
0,154.51
0,155.06
0,155.38
0,155.3
0,155.25
0,155.46
0,155.51
0,155.5
0,155.1
0,155.26
0,155.37
0,155.19
0,155.26
0,155.06
0,155.06
0,155.02
0,154.6
0,154.97
0,154.99
0,154.94
0,155.06
0,155.06
0,155.19
0,155.16
0,155.31
0,155.37
0,155.19
0,155.31
0,155.28
0,155.43
0,155.31
0,155.21
0,155.16
0,155.26
0,155.15
0,155.41
0,155.33
0,155.39
0,155.4
0,155.55
0,155.57
0,155.63
0,155.78
0,155.85
0,156.03
0,156.08
0,155.97
0,156
0,155.96
0,155.88
0,155.89
0,155.61
0,155.53
0,155.35
0,155.38
0,155.39
0,155.41
0,155.42
0,155.44
0,155.29
0,155.28
0,155.22
0,155.35
0,155.28
0,155.31
0,155.19
0,155.24
0,155.19
0,155.33
0,155.24
0,155.13
0,155.13
0,155.28
0,155.27
0,155.21
0,155.37
0,155.36
0,155.18
0,155.2
0,155.34
0,155.34
0,155.26
0,155.23
0,155.52
0,155.48
0,155.33
0,155.4
0,155.34
0,155.56
0,155.42
0,155.48
0,155.6
0,155.59
0,155.85
0,155.81
0,155.7
0,155.68
0,155.67
0,155.46
0,155.43
0,155.44
0,155.48
0,155.56
0,155.44
0,155.5
0,155.53
0,155.53
0,155.38
0,155.23
0,155.33
0,155.38
0,155.29
0,155.29
0,155.23
0,155.16
0,155.27
0,155.35
0,155.27
0,155.21
0,155.28
0,155.31
0,155.27
0,155.13
0,155.29
0,155.35
0,155.33
0,155.25
0,155.34
0,155.33
0,155.38
0,156.3
0,156.16
0,156.09
0,156.42
0,156.87
0,157.25
0,157.7
0,157.57
0,157.95
0,158.23
0,157.91
0,157.85
0,157.8
0,157.44
0,157.64
0,157.28
0,157.27
0,157.41
0,157.65
0,157.62
0,157.66
0,157.75
0,157.96
0,157.97
0,157.99
0,157.91
0,158.01
0,158.08
0,157.96
0,157.94
0,157.95
0,158.02
0,157.94
0,157.95
0,158.12
0,158.05
0,157.92
0,157.91
0,157.98
0,157.9
0,157.96
0,157.88
0,157.96
0,157.73
0,157.81
0,157.89
0,157.9
0,157.88
0,157.98
0,157.95
0,157.85
0,157.71
0,157.64
0,157.66
0,157.81
0,157.64
0,157.59
0,157.65
0,157.66
0,157.87
0,157.88
0,158.05
0,158.09
0,158.14
0,158.01
0,158.15
0,158.19
0,158.1
0,158.21
0,158.1
0,158.15
0,158.19
0,158.1
0,158.1
0,158.05
0,158.23
0,158.23
0,158.29
0,158.4
0,158.28
0,158.39
0,158.31
0,158.08
0,157.96
0,157.99
0,157.81
0,157.68
0,157.83
0,157.83
0,157.88
0,157.84
0,157.74
0,157.87
0,157.84
0,157.83
0,157.71
0,157.59
0,157.48
0,157.51
0,157.46
0,157.52
0,157.58
0,157.58
0,157.55
0,157.47
0,157.52
0,157.58
0,157.46
0,157.45
0,157.35
0,157.52
0,157.57
0,157.57
0,157.61
0,157.71
0,157.8
0,157.83
0,157.78
0,157.76
0,157.76
0,157.78
0,157.82
0,157.88
0,157.99
0,158.06
0,157.8
0,157.68
0,157.69
0,157.67
0,157.68
0,157.75
0,157.77
0,157.88
0,157.85
0,157.85
0,157.91
0,158.1
0,158.12
0,158
0,158.03
0,158
0,157.95
0,157.98
0,157.77
0,157.95
0,157.92
0,157.87
0,157.8
0,157.8
0,157.8
0,157.84
0,157.95
0,157.9
0,157.81
0,157.78
0,157.75
0,157.77
0,157.7
0,157.73
0,157.77
0,157.64
0,157.63
0,157.6
0,157.53
0,157.54
0,157.59
0,157.59
0,157.56
0,157.59
0,157.57
0,157.73
0,157.72
0,157.78
0,157.8
0,157.79
0,157.81
0,157.96
0,157.92
0,157.98
0,158.09
0,157.94
0,158.02
0,157.97
0,157.85
0,157.86
0,157.88
0,157.8
0,157.8
0,157.9
0,157.85
0,157.84
0,157.77
0,157.79
0,157.84
0,157.88
0,157.88
0,157.9
0,157.89
0,157.92
0,157.89
0,157.93
0,157.87
0,157.87
0,157.81
0,157.79
0,157.72
0,157.76
0,157.85
0,157.9
0,157.88
0,157.87
0,157.93
0,157.97
0,158.01
0,158.09
0,158.2
0,158.28
0,158.36
0,158.43
0,158.43
0,158.49
0,158.47
0,158.47
0,158.56
0,158.42
0,158.42
0,158.41
0,158.44
0,158.38
0,158.39
0,158.38
0,158.35
0,158.33
0,158.36
0,158.34
0,158.24
0,158.25
0,158.16
0,158.02
0,158.02
0,158.16
0,158.13
0,158.22
0,158.18
0,158.22
0,158.13
0,157.99
0,158.02
0,157.86
0,157.87
0,157.89
0,157.82
0,157.84
0,157.78
0,157.71
0,157.75
0,157.86
0,157.94
0,157.99
0,158.02
0,157.99
0,157.95
0,157.89
0,157.9
0,157.9
0,157.83
0,157.82
0,157.9
0,157.93
0,157.79
0,157.77
0,157.87
0,157.91
0,157.99
0,157.98
0,158.08
0,158.05
0,157.98
0,157.99
0,157.96
0,158
0,158.02
0,157.96
0,157.96
0,157.91
0,157.93
0,158.13
0,158.12
0,158.13
0,158.09
0,158.08
0,158.22
0,158.22
0,158.24
0,158.28
0,158.3
0,158.31
0,158.36
0,158.45
0,158.45
0,158.42
0,158.37
0,158.31
0,158.4
0,158.39
0,158.34
0,158.28
0,158.21
0,158.16
0,158.11
0,158.16
0,158.06
0,158.05
0,158.03
0,158.02
0,158.04
0,158.13
0,158.23
0,158.23
0,158.27
0,158.34
0,158.38
0,158.48
0,158.48
0,158.41
0,158.36
0,158.27
0,158.12
0,158.16
0,158.27
0,158.27
0,158.24
0,158.25
0,158.22
0,158.23
0,158.09
0,157.98
0,158
0,158.04
0,158
0,158.08
0,158.11
0,158.1
0,158.19
0,158.3
0,158.35
0,158.43
0,158.45
0,158.44
0,158.5
0,158.53
0,158.56
0,158.59
0,158.65
0,158.57
0,158.61
0,158.53
0,158.65
0,158.71
0,158.69
0,158.62
0,158.7
0,158.7
0,158.74
0,158.78
0,158.86
0,158.87
0,158.79
0,158.87
0,158.79
0,158.72
0,158.76
0,158.69
0,158.68
0,158.71
0,158.73
0,158.7
0,158.64
0,158.65
0,158.65
0,158.59
0,158.54
0,158.59
0,158.67
0,158.73
0,158.83
0,158.84
0,158.91
0,158.88
0,158.8
0,158.86
0,158.87
0,158.8
0,158.72
0,158.58
0,158.45
0,158.45
0,158.24
0,158.38
0,158.22
0,158.27
0,158.32
0,158.27
0,158.32
0,158.08
0,158.04
0,157.96
0,158.02
0,158.03
0,158.11
0,158.12
0,158.08
0,158.07
0,158.06
0,158.02
0,158.12
0,158.04
0,158.01
0,158.17
0,158.28
0,158.29
0,158.17
0,158.24
0,158.3
0,158.53
0,158.62
0,158.64
0,158.86
0,158.93
0,159.06
0,159.17
0,159.17
0,159.04
0,158.84
0,158.69
0,158.53
0,158.47
0,158.26
0,158.34
0,158.3
0,158.35
0,158.35
0,158.4
0,158.37
0,158.36
0,158.5
0,158.43
0,158.61
0,158.7
0,158.74
0,158.69
0,158.3
0,158.23
0,158.06
0,158.23
0,158.27
0,158.27
0,158.33
0,158.52
0,158.51
0,158.47
0,158.42
0,158.36
0,158.46
0,158.33
0,158.28
0,158.16
0,158.13
0,158.13
0,158.07
0,158.04
0,158.1
0,158.04
0,157.89
0,157.88
0,157.97
0,157.92
0,157.84
0,157.73
0,157.69
0,157.76
0,157.68
0,157.82
0,157.83
0,158.03
0,158.06
0,158.03
0,158.14
0,158.18
0,158.03
0,157.91
0,157.88
0,157.82
0,157.9
0,157.87
0,157.88
0,157.87
0,157.9
0,157.83
0,157.67
0,157.73
0,157.82
0,157.76
0,157.77
0,157.75
0,157.8
0,157.8
0,157.67
0,157.92
0,158.62
0,157.66
0,157.63
0,157.86
0,157.86
0,157.73
0,157.62
0,157.4
0,156.94
0,157.52
0,157.29
0,157.55
0,157.53
0,157.26
0,157.16
0,157
0,156.86
0,156.92
0,157.1
0,157.2
0,157.21
0,157.1
0,156.81
0,157.12
0,157.19
0,157.06
0,156.95
0,156.92
0,156.78
0,157.07
0,157.08
0,156.91
0,156.98
0,156.86
0,156.7
0,156.61
0,156.66
0,156.73
0,156.7
0,156.85
0,156.75
0,156.92
0,157.02
0,157.08
0,157.12
0,157.11
0,157
0,157.22
0,157.26
0,157.25
0,157.22
0,157.28
0,157.41
0,157.59
0,157.55
0,157.45
0,157.61
0,157.74
0,157.59
0,157.43
0,157.4
0,157.33
0,157.44
0,157.39
0,157.28
0,157.29
0,157.35
0,157.6
0,157.48
0,157.56
0,157.46
0,157.55
0,157.64
0,157.95
0,158
0,158.01
0,157.98
0,157.96
0,157.88
0,157.87
0,157.87
0,157.91
0,158.02
0,158.18
0,158.16
0,157.98
0,157.87
0,157.9
0,157.92
0,157.78
0,157.58
0,157.39
0,157.26
0,157.37
0,157.37
0,157.3
0,157.44
0,157.26
0,157.28
0,157.23
0,157.28
0,157.2
0,157.25
0,157.2
0,157.25
0,157.3
0,157.31
0,157.1
0,156.86
0,156.82
0,156.87
0,156.7
0,156.66
0,156.67
0,156.82
0,156.84
0,157
0,157.08
0,157.02
0,156.82
0,156.98
0,156.97
0,157
0,156.98
0,157.05
0,156.97
0,157.04
0,157.07
0,157.06
0,157.14
0,157.05
0,157.1
0,157.16
0,157.23
0,157.19
0,157.25
0,157.17
0,157.21
0,157.29
0,157.29
0,157.27
0,156.99
0,157.04
0,156.92
0,156.94
0,156.93
0,156.95
0,156.88
0,156.76
0,156.58
0,156.55
0,156.65
0,156.62
0,156.61
0,156.7
0,156.91
0,156.95
0,157.04
0,157.09
0,157.19
0,157.11
0,157.18
0,157.15
0,157
0,157.09
0,157.07
0,157.06
0,157.13
0,157.12
0,157.05
0,156.99
0,157
0,156.96
0,157
0,157.03
0,157.17
0,157.34
0,157.26
0,157.22
0,157.25
0,157.13
0,157.18
0,157.19
0,157.31
0,157.14
0,157.14
0,157.09
0,157.24
0,157.35
0,157.23
0,157.22
0,157.23
0,157.26
0,157.11
0,157.12
0,157
0,157.09
0,157.1
0,157.07
0,156.96
0,156.98
0,157.05
0,156.95
0,156.92
0,156.99
0,157.01
0,156.98
0,156.99
0,157.02
0,157.01
0,156.98
0,156.99
0,156.96
0,157.04
0,156.99
0,157.06
0,157.01
0,157.05
0,157.1
0,157.06
0,157.09
0,157.25
0,157.25
0,157.29
0,157.26
0,157.22
0,157.33
0,157.4
0,157.2
0,157.23
0,157.2
0,157.29
0,157.29
0,157.22
0,157.24
0,157.29
0,157.26
0,157.31
0,157.33
0,157.29
0,157.28
0,157.17
0,157.24
0,157.39
0,157.2
0,157.22
0,157.12
0,157.07
0,157.08
0,157.08
0,157.06
0,156.94
0,156.93
0,157
0,156.97
0,157.02
0,156.97
0,156.97
0,156.99
0,156.99
0,157.04
0,157
0,157.03
0,157.04
0,157.09
0,157.05
0,157.08
0,157.15
0,157.21
0,157.11
0,157.18
0,157.18
0,157.2
0,157.17
0,157.23
0,157.33
0,157.2
0,157.15
0,157.27
0,157.29
0,157.34
0,157.3
0,157.36
0,157.28
0,157.32
0,157.36
0,157.14
0,157.04
0,156.96
0,156.96
0,156.95
0,156.91
0,156.94
0,156.95
0,156.97
0,157.05
0,157.06
0,157.13
0,157.04
0,157.09
0,157.07
0,157.06
0,157.05
0,157.18
0,157.09
0,157.2
0,157.29
0,157.35
0,157.42
0,157.24
0,157.23
0,157.34
0,157.33
0,157.31
0,157.26
0,157.26
0,157.28
0,157.2
0,157.2
0,157.23
0,157.22
0,157.2
0,157.19
0,157.18
0,157.15
0,157.14
0,157.15
0,157.16
0,157.08
0,157.12
0,157.1
0,157.15
0,157.14
0,157.24
0,157.26
0,157.32
0,157.32
0,157.48
0,157.36
0,157.36
0,157.27
0,157.3
0,157.23
0,157.22
0,157.24
0,157.28
0,157.25
0,157.26
0,157.21
0,157.26
0,157.21
0,157.27
0,157.27
0,157.29
0,157.24
0,157.25
0,157.31
0,157.31
0,157.31
0,157.34
0,157.32
0,157.36
0,157.34
0,157.35
0,157.27
0,157.22
0,157.25
0,157.23
0,157.21
0,157.2
0,157.33
0,157.27
0,157.23
0,157.24
0,157.15
0,157.13
0,157.2
0,157.23
0,157.25
0,157.24
0,157.27
0,157.31
0,157.31
0,157.34
0,157.37
0,157.46
0,157.48
0,157.38
0,157.46
0,157.37
0,157.39
0,157.53
0,157.5
0,157.38
0,157.43
0,157.57
0,157.42
0,157.67
0,157.68
0,157.55
0,157.54
0,157.58
0,157.61
0,157.5
0,157.61
0,157.47
0,157.45
0,157.31
0,157.33
0,157.19
0,157.27
0,157.35
0,157.06
0,157.17
0,157.24
0,157.29
0,157.23
0,157.24
0,157.24
0,157.11
0,157.19
0,157.17
0,157.16
0,157.13
0,156.89
0,156.95
0,157.03
0,156.82
0,156.84
0,156.88
0,156.93
0,157.02
0,156.98
0,156.87
0,156.83
0,156.77
0,156.72
0,156.66
0,156.7
0,156.69
0,156.71
0,156.8
0,156.8
0,156.69
0,156.73
0,156.73
0,156.74
0,156.82
0,156.79
0,156.83
0,156.88
0,156.81
0,156.78
0,156.68
0,156.67
0,156.6
0,156.56
0,156.6
0,156.62
0,156.61
0,156.44
0,156.3
0,156.45
0,156.47
0,156.45
0,156.3
0,156.21
0,156.28
0,156.24
0,156.3
0,156.33
0,156.37
0,156.52
0,156.62
0,156.57
0,156.53
0,156.6
0,156.61
0,156.51
0,156.51
0,156.61
0,156.61
0,156.85
0,157
0,157.11
0,156.95
0,156.9
0,156.97
0,157.11
0,157.08
0,157.14
0,157.13
0,157.21
0,157.23
0,157.28
0,157.18
0,157.09
0,156.98
0,156.98
0,156.92
0,156.92
0,156.84
0,156.99
0,157.11
0,157.09
0,157.1
0,156.99
0,157.02
0,157.09
0,157.24
0,155.96
0,155.93
0,155.71
0,156
0,155.68
0,155.67
0,155.56
0,155.54
0,155.62
0,155.67
0,155.71
0,156.19
0,156.22
0,156.06
0,156.36
0,156.65
0,156.6
0,156.71
0,156.68
0,156.61
0,157.17
0,156.9
0,156.83
0,156.78
0,156.44
0,156.53
0,156.52
0,156.63
0,156.83
0,156.93
0,157.12
0,157.53
0,157.57
0,157.53
0,157.29
0,157.38
0,157.39
0,157.11
0,157.14
0,157.33
0,157.3
0,157.29
0,157.21
0,157.14
0,157.02
0,156.83
0,156.64
0,156.54
0,156.5
0,156.62
0,156.43
0,156.26
0,156.2
0,156.22
0,156.25
0,156.39
0,156.37
0,156.32
0,156.27
0,156.32
0,156.35
0,156.5
0,156.44
0,156.66
0,156.7
0,156.8
0,156.73
0,156.73
0,156.66
0,156.63
0,156.61
0,156.7
0,156.63
0,156.57
0,156.54
0,156.42
0,156.51
0,156.43
0,156.39
0,156.43
0,156.56
0,156.61
0,156.59
0,156.37
0,156.51
0,156.52
0,156.53
0,156.46
0,156.54
0,156.68
0,156.89
0,156.76
0,156.78
0,156.62
0,156.56
0,156.56
0,156.46
0,156.44
0,156.51
0,156.69
0,156.63
0,156.74
0,156.61
0,156.68
0,156.63
0,156.59
0,156.54
0,156.58
0,156.64
0,156.6
0,156.67
0,156.77
0,156.79
0,156.97
0,156.83
0,156.83
0,156.93
0,156.99
0,157.21
0,157.33
0,157.19
0,157.27
0,157.27
0,157.5
0,157.41
0,157.38
0,157.44
0,157.53
0,157.52
0,157.56
0,157.5
0,157.66
0,157.78
0,157.78
0,157.71
0,157.55
0,157.47
0,157.61
0,157.56
0,157.55
0,157.44
0,157.47
0,157.49
0,157.39
0,157.4
0,157.4
0,157.46
0,157.5
0,157.6
0,157.47
0,157.4
0,157.36
0,157.41
0,157.4
0,157.54
0,157.57
0,157.68
0,157.66
0,157.55
0,157.62
0,157.6
0,157.61
0,157.59
0,157.48
0,157.45
0,157.26
0,157.35
0,157.37
0,157.38
0,157.41
0,157.44
0,157.46
0,157.52
0,157.46
0,157.51
0,157.55
0,157.47
0,157.42
0,157.22
0,157.27
0,157.19
0,157.19
0,157.07
0,157.05
0,156.95
0,157.07
0,157.11
0,157.12
0,157.21
0,157.19
0,157.2
0,157.3
0,157.2
0,157.23
0,157.29
0,157.31
0,157.4
0,157.34
0,157.44
0,157.46
0,157.43
0,157.47
0,157.47
0,157.34
0,157.33
0,157.36
0,157.35
0,157.27
0,157.21
0,157.25
0,157.21
0,157.19
0,157.26
0,157.31
0,157.27
0,157.28
0,157.22
0,157.26
0,157.26
0,157.25
0,157.25
0,157.21
0,157.17
0,157.19
0,157.23
0,157.24
0,157.23
0,157.23
0,157.13
0,157.12
0,157.07
0,156.99
0,156.99
0,156.96
0,156.98
0,157.04
0,157.04
0,157.07
0,157.15
0,157.26
0,157.37
0,157.42
0,157.41
0,157.37
0,157.44
0,157.33
0,157.33
0,157.46
0,157.48
0,157.63
0,157.6
0,157.66
0,157.74
0,157.69
0,157.67
0,157.7
0,157.8
0,157.84
0,157.97
0,158.18
0,158.19
0,158.13
0,158.16
0,158.18
0,158.23
0,158.25
0,158.13
0,158.2
0,158.08
0,158.05
0,158.05
0,158.03
0,157.98
0,158
0,158
0,158.04
0,158.05
0,157.95
0,158.03
0,157.95
0,157.95
0,158.02
0,158.07
0,158.01
0,158.05
0,158.05
0,158.14
0,158.11
0,158.03
0,158.02
0,158.04
0,158.04
0,158.11
0,158.31
0,158.33
0,158.24
0,158.39
0,158.31
0,158.33
0,158.36
0,158.45
0,158.43
0,158.48
0,158.52
0,158.47
0,158.37
0,158.14
0,158.1
0,158.07
0,158.15
0,158.23
0,158.23
0,158.28
0,158.22
0,158.16
0,158.13
0,158.15
0,158.25
0,158.15
0,158.18
0,158.22
0,158.3
0,158.3
0,158.36
0,158.37
0,158.27
0,158.21
0,158.09
0,158.07
0,157.97
0,158.08
0,158.07
0,158.11
0,158.07
0,157.85
0,157.77
0,157.73
0,157.68
0,157.64
0,157.57
0,157.54
0,157.56
0,157.67
0,157.75
0,157.64
0,157.74
0,157.68
0,157.79
0,157.69
0,157.68
0,157.61
0,157.63
0,157.54
0,157.47
0,157.42
0,157.5
0,157.56
0,157.66
0,157.56
0,157.54
0,157.53
0,157.38
0,157.33
0,157.44
0,157.45
0,157.59
0,157.65
0,157.7
0,157.75
0,157.66
0,157.65
0,157.68
0,157.51
0,157.54
0,157.59
0,157.58
0,157.52
0,157.5
0,157.51
0,157.52
0,157.53
0,157.55
0,157.52
0,157.54
0,157.5
0,157.56
0,157.49
0,157.44
0,157.45
0,157.45
0,157.51
0,157.49
0,157.64
0,157.79
0,157.82
0,157.76
0,157.91
0,157.97
0,157.96
0,157.89
0,158.01
0,157.96
0,157.95
0,157.98
0,158.03
0,158.07
0,158.12
0,158.06
0,157.94
0,157.88
0,158
0,157.97
0,157.8
0,157.75
0,157.74
0,157.74
0,157.74
0,157.97
0,158.06
0,158.25
0,158.26
0,158.41
0,158.39
0,158.27
0,158.19
0,158.37
0,158.51
0,158.44
0,158.4
0,158.44
0,158.53
0,158.56
0,158.55
0,158.43
0,158.33
0,158.31
0,158.33
0,158.34
0,158.43
0,158.37
0,158.44
0,158.46
0,158.58
0,158.57
0,158.37
0,158.38
0,158.36
0,158.53
0,158.66
0,158.57
0,158.61
0,158.56
0,158.49
0,158.63
0,158.47
0,158.45
0,158.45
0,158.51
0,158.61
0,158.58
0,158.63
0,158.77
0,158.72
0,158.72
0,158.72
0,158.72
0,158.68
0,158.61
0,158.61
0,158.82
0,158.91
0,158.92
0,158.92
0,158.98
0,159.03
0,159.04
0,159.02
0,159.06
0,159.11
0,159.08
0,159.04
0,159.05
0,159.08
0,159.13
0,159.18
0,159.22
0,159.28
0,159.24
0,159.44
0,159.37
0,159.34
0,159.27
0,159.26
0,159.39
0,159.31
0,159.35
0,159.34
0,159.37
0,159.35
0,159.28
0,159.21
0,159.14
0,159.08
0,159.03
0,158.87
0,158.81
0,159.08
0,158.84
0,158.83
0,158.62
0,158.26
0,158.43
0,158.44
0,158.42
0,158.49
0,158.33
0,157.77
0,157.14
0,157.37
0,157.41
0,157.17
0,157.41
0,157.51
0,157.65
0,157.72
0,157.52
0,157.61
0,157.59
0,157.64
0,157.42
0,157.44
0,157.56
0,157.65
0,157.52
0,157.56
0,157.61
0,157.76
0,157.6
0,157.5
0,157.72
0,157.63
0,157.64
0,157.76
0,157.76
0,157.85
0,157.91
0,157.9
0,157.87
0,157.72
0,157.57
0,157.67
0,157.65
0,157.52
0,157.6
0,157.58
0,157.5
0,157.7
0,157.86
0,157.76
0,157.84
0,157.79
0,157.78
0,157.79
0,157.81
0,157.76
0,157.84
0,157.8
0,157.8
0,157.95
0,157.84
0,157.81
0,157.74
0,157.83
0,157.82
0,157.87
0,157.83
0,157.81
0,157.57
0,157.62
0,157.66
0,157.69
0,157.62
0,157.58
0,157.52
0,157.67
0,157.7
0,157.77
0,157.71
0,157.63
0,157.55
0,157.55
0,157.59
0,157.5
0,157.42
0,157.49
0,157.56
0,157.61
0,157.55
0,157.62
0,157.59
0,157.59
0,157.54
0,157.59
0,157.42
0,157.44
0,157.4
0,157.45
0,157.48
0,157.41
0,157.48
0,157.49
0,157.49
0,157.38
0,157.4
0,157.38
0,157.3
0,157.25
0,157.25
0,157.29
0,157.24
0,157.23
0,157.15
0,157.27
0,157.41
0,157.44
0,157.54
0,157.6
0,157.59
0,157.55
0,157.56
0,157.53
0,157.53
0,157.52
0,157.43
0,157.45
0,157.38
0,157.28
0,157.22
0,157.3
0,157.28
0,157.23
0,157.1
0,157.08
0,157.13
0,157.07
0,157.14
0,157.22
0,157.22
0,157.31
0,157.38
0,157.32
0,157.32
0,157.43
0,157.31
0,157.31
0,157.36
0,157.37
0,157.38
0,157.4
0,157.44
0,157.52
0,157.46
0,157.39
0,157.19
0,157.07
0,157.02
0,156.97
0,157.06
0,157.06
0,156.92
0,156.85
0,156.85
0,156.84
0,156.92
0,156.88
0,156.86
0,156.95
0,156.97
0,157.02
0,156.98
0,157.04
0,157.05
0,157.71
0,157.77
0,157.92
0,158.06
0,157.96
0,157.69
0,157.5
0,157.7
0,157.71
0,157.65
0,157.75
0,157.68
0,157.6
0,157.53
0,157.59
0,157.55
0,157.71
0,157.55
0,157.58
0,157.37
0,156.96
0,156.65
0,156.65
0,156.34
0,156.54
0,156.49
0,156.51
0,156.53
0,156.55
0,156.51
0,156.61
0,156.63
0,156.6
0,156.67
0,156.6
0,156.65
0,156.35
0,156.29
0,156.3
0,156.35
0,156.26
0,156.3
0,156.29
0,156.29
0,156.2
0,156.28
0,156.51
0,156.47
0,156.56
0,156.54
0,156.48
0,156.5
0,156.51
0,156.6
0,156.55
0,156.57
0,156.54
0,156.49
0,156.45
0,156.37
0,156.23
0,156.14
0,156.2
0,156.13
0,156.14
0,156.19
0,156.23
0,156.54
0,156.52
0,156.17
0,156.04
0,155.93
0,155.99
0,156.14
0,156.16
0,156.23
0,156.23
0,156.27
0,156.19
0,156.26
0,156.24
0,156.24
0,156.27
0,156.34
0,156.27
0,156.34
0,156.31
0,156.28
0,156.3
0,156.45
0,156.6
0,156.7
0,156.79
0,156.86
0,156.91
0,156.8
0,156.78
0,156.86
0,156.93
0,156.95
0,156.89
0,156.94
0,156.97
0,157
0,157.08
0,157.03
0,157.06
0,157.02
0,157.01
0,157.06
0,156.98
0,157.06
0,157.01
0,157
0,156.98
0,156.97
0,157.01
0,157.01
0,157
0,157.01
0,157
0,157.04
0,157.03
0,157.1
0,157.07
0,157.07
0,157.01
0,157.05
0,157.02
0,157.01
0,157.08
0,157.01
0,156.92
0,156.76
0,156.74
0,156.68
0,156.64
0,156.69
0,156.71
0,156.55
0,156.52
0,156.5
0,156.36
0,156.33
0,156.33
0,156.33
0,156.17
0,156.2
0,156.08
0,156.12
0,156.14
0,156.09
0,156.01
0,155.88
0,155.89
0,155.83
0,156.12
0,156.06
0,156.01
0,156.16
0,156.13
0,156.09
0,156.07
0,156.07
0,155.84
0,155.87
0,155.75
0,155.81
0,155.77
0,155.71
0,155.53
0,155.59
0,155.64
0,155.8
0,155.82
0,155.82
0,155.79
0,155.81
0,155.98
0,155.94
0,155.97
0,155.99
0,156.04
0,156.08
0,156.1
0,156.06
0,156.08
0,156.21
0,156.18
0,156.18
0,156.26
0,156.29
0,156.35
0,156.25
0,156.24
0,156.27
0,156.26
0,156.3
0,156.38
0,156.33
0,156.34
0,156.32
0,156.41
0,156.38
0,156.35
0,156.38
0,156.36
0,156.23
0,156.26
0,156.21
0,156.25
0,156.39
0,156.47
0,156.56
0,156.45
0,156.58
0,156.61
0,156.71
0,156.54
0,156.78
0,156.7
0,156.52
0,156.48
0,156.57
0,156.47
0,156.46
0,156.5
0,156.49
0,156.37
0,156.36
0,156.44
0,156.48
0,156.58
0,156.62
0,156.64
0,156.65
0,156.51
0,156.6
0,156.63
0,156.64
0,156.59
0,156.56
0,156.44
0,156.33
0,156.58
0,157
0,156.78
0,156.86
0,156.89
0,156.87
0,156.84
0,156.94
0,157.32
0,157.29
0,157.18
0,157.19
0,157.16
0,157.03
0,156.99
0,156.9
0,156.84
0,156.74
0,157
0,156.9
0,157
0,157
0,157.06
0,156.91
0,156.78
0,156.78
0,156.88
0,156.76
0,156.71
0,156.81
0,156.75
0,156.67
0,157.04
0,157.04
0,157.07
0,156.92
0,157.07
0,157.12
0,157.22
0,157.07
0,156.93
0,156.98
0,156.94
0,156.97
0,156.95
0,156.94
0,156.87
0,156.77
0,156.76
0,156.87
0,156.86
0,156.84
0,156.78
0,156.93
0,157.02
0,157.02
0,157.06
0,157.17
0,157.14
0,157.22
0,157.25
0,157.22
0,157.15
0,157.02
0,157.16
0,157.13
0,157.09
0,157.04
0,157.15
0,157.07
0,157.19
0,157.17
0,157.04
0,157.08
0,156.99
0,156.91
0,156.92
0,156.91
0,156.92
0,156.95
0,156.98
0,157.09
0,157.09
0,157.19
0,157.09
0,157.14
0,157.27
0,157.18
0,157.17
0,157.19
0,157
0,156.57
0,156.59
0,156.81
0,157.29
0,157.95
0,157.83
0,158.1
0,158.69
0,158.27
0,158.05
0,158.26
0,157.7
0,157.62
0,157.76
0,157.54
0,157.48
0,157.71
0,157.96
0,157.96
0,158.03
0,158.19
0,158.03
0,158.13
0,158.4
0,158.12
0,158.43
0,158.28
0,158.17
0,158.4
0,158.54
0,158.52
0,158.65
0,158.77
0,158.93
0,159.02
0,159.1
0,159.11
0,159.04
0,159
0,158.84
0,158.85
0,159.01
0,159.01
0,159.04
0,159.1
0,158.98
0,158.79
0,158.91
0,159.01
0,158.99
0,158.85
0,158.73
0,158.71
0,158.77
0,158.78
0,158.75
0,158.82
0,158.67
0,158.68
0,158.45
0,158.29
0,158.32
0,158.32
0,158.44
0,158.46
0,158.32
0,158.28
0,158.22
0,158.23
0,158.29
0,158.26
0,158.23
0,158.19
0,158.13
0,158.06
0,158.16
0,158.22
0,158.2
0,158.16
0,158.1
0,158.2
0,158.15
0,158.24
0,158.32
0,158.34
0,158.29
0,158.35
0,158.39
0,158.32
0,158.22
0,158.36
0,158.37
0,158.3
0,158.33
0,158.31
0,158.24
0,158.21
0,158.06
0,158.13
0,158.24
0,158.26
0,158.12
0,158.1
0,158.09
0,158.1
0,158.13
0,158.2
0,158.02
0,158.02
0,157.94
0,157.99
0,157.88
0,157.91
0,157.91
0,157.92
0,157.84
0,157.76
0,157.69
0,157.66
0,157.61
0,157.59
0,157.58
0,157.73
0,157.71
0,157.68
0,157.65
0,157.58
0,157.51
0,157.41
0,157.45
0,157.39
0,157.37
0,157.33
0,157.31
0,157.24
0,157.17
0,157.08
0,156.9
0,157.01
0,156.88
0,156.79
0,156.8
0,156.9
0,156.9
0,156.85
0,156.68
0,156.69
0,156.68
0,156.61
0,156.67
0,156.81
0,156.66
0,156.68
0,156.71
0,156.64
0,156.74
0,156.79
0,156.79
0,156.76
0,156.75
0,156.81
0,156.95
0,157.04
0,157.03
0,157.01
0,157.13
0,157.29
0,157.31
0,157.22
0,157.12
0,157.03
0,156.95
0,156.89
0,157.02
0,157.07
0,157.04
0,157.08
0,157.05
0,156.86
0,157.02
0,156.96
0,157.02
0,156.99
0,156.97
0,156.99
0,156.96
0,157.03
0,156.98
0,157.07
0,157
0,157.01
0,157.02
0,157.03
0,157.03
0,157.01
0,157.05
0,157.03
0,157.03
0,157.19
0,157.17
0,157.22
0,157.24
0,157.23
0,157.28
0,157.41
0,157.54
0,157.53
0,157.46
0,157.41
0,157.37
0,157.39
0,157.43
0,157.39
0,157.39
0,157.25
0,157.24
0,157.2
0,157.31
0,157.41
0,157.37
0,157.37
0,157.27
0,157.19
0,157.17
0,157.18
0,157.13
0,157.1
0,157.19
0,157.2
0,157.25
0,157.29
0,157.3
0,157.32
0,157.2
0,157.2
0,157.14
0,157.18
0,157.1
0,157.12
0,157.1
0,157.15
0,157.16
0,157.29
0,157.51
0,157.47
0,157.41
0,157.19
0,157.22
0,157.27
0,157.25
0,157.25
0,157.35
0,157.49
0,157.5
0,157.57
0,157.57
0,157.56
0,157.6
0,157.51
0,157.53
0,157.52
0,157.54
0,157.47
0,157.57
0,157.45
0,157.5
0,157.52
0,157.52
0,157.42
0,157.31
0,157.27
0,157.47
0,157.45
0,157.42
0,157.33
0,157.44
0,157.42
0,157.44
0,157.47
0,157.61
0,157.6
0,157.59
0,157.7
0,157.69
0,157.7
0,157.73
0,157.68
0,157.59
0,157.74
0,157.81
0,157.78
0,157.69
0,157.72
0,157.72
0,157.64
0,157.54
0,157.61
0,157.62
0,157.61
0,157.68
0,157.33
0,157.31
0,157.61
0,157.65
0,157.48
0,157.37
0,157.52
0,157.43
0,157.45
0,157.43
0,157.38
0,157.35
0,157.37
0,157.38
0,157.3
0,157.39
0,157.42
0,157.45
0,157.34
0,157.31
0,157.32
0,157.45
0,157.42
0,157.28
0,157.23
0,157.24
0,157.26
0,157.09
0,157.07
0,157.08
0,157.03
0,157.02
0,157.17
0,157.06
0,157.08
0,157.03
0,157.06
0,157.08
0,157.07
0,157.03
0,156.87
0,157.05
0,157.04
0,157.08
0,157.19
0,157.13
0,157.16
0,157.27
0,157.34
0,157.29
0,157.3
0,157.37
0,157.41
0,157.4
0,157.2
0,157.07
0,157.04
0,157.07
0,157.1
0,157.05
0,156.96
0,156.99
0,157
0,157
0,157.05
0,157.04
0,157.1
0,157.06
0,157.08
0,157
0,157.04
0,157.07
0,157.03
0,157.1
0,157.16
0,157.04
0,157.08
0,157.1
0,157.09
0,157.22
0,157.19
0,157.18
0,157.14
0,157.01
0,157.05
0,157.1
0,157.13
0,157.21
0,157.23
0,157.28
0,157.33
0,157.22
0,157.38
0,157.42
0,157.69
0,157.74
0,157.92
0,158.02
0,158.09
0,158.05
0,158.16
0,158.18
0,158.14
0,158.18
0,158.23
0,158.37
0,158.42
0,158.55
0,158.77
0,158.75
0,158.86
0,158.91
0,158.84
0,159.1
0,159
0,159.1
0,159.12
0,159.05
0,159.04
0,159.13
0,159.07
0,159.08
0,158.93
0,159
0,159.01
0,158.96
0,159.05
0,159.01
0,158.93
0,159
0,158.9
0,158.99
0,159.13
0,159.07
0,159.05
0,159.12
0,159.02
0,159.04
0,159.07
0,159.16
0,159.18
0,159.14
0,159.06
0,158.93
0,158.9
0,158.84
0,158.74
0,158.81
0,158.77
0,158.87
0,158.92
0,158.88
0,158.82
0,158.81
0,159.06
0,159.08
0,158.93
0,158.95
0,158.97
0,158.92
0,158.86
0,158.82
0,158.9
0,158.86
0,158.77
0,158.77
0,158.9
0,158.8
0,158.77
0,158.71
0,158.71
0,158.66
0,158.61
0,158.47
0,158.5
0,158.84
0,158.92
0,159.21
0,158.98
0,159.07
0,159.01
0,158.85
0,158.98
0,159.12
0,159.12
0,159.24
0,159.11
0,159.02
0,158.82
0,159.01
0,159.05
0,158.96
0,159.08
0,159.09
0,159.07
0,159.06
0,159.08
0,159.08
0,159.06
0,158.93
0,159.07
0,159.06
0,159.03
0,158.99
0,159.07
0,159.08
0,159.15
0,159.09
0,159.04
0,159
0,160.68
0,160.41
0,161.06
0,161.34
0,161.22
0,161
0,161.01
0,160.97
0,161.24
0,162.14
0,162.03
0,161.95
0,162.07
0,162.12
0,161.68
0,161.49
0,161.8
0,161.53
0,161.45
0,161.47
0,161.61
0,161.46
0,161.3
0,161.15
0,161.02
0,161.09
0,161.28
0,161.27
0,161.03
0,161.23
0,160.89
0,160.52
0,160.43
0,160.37
0,160.48
0,160.39
0,160.18
0,160.27
0,160.45
0,160.54
0,160.7
0,160.74
0,160.44
0,160.52
0,160.22
0,160.21
0,160.34
0,160.15
0,160.09
0,160.13
0,160.06
0,159.94
0,160.06
0,160.3
0,160.07
0,160.1
0,160.35
0,160.3
0,160.4
0,160.49
0,160.45
0,160.15
0,160.12
0,160.38
0,160.12
0,159.96
0,159.81
0,159.85
0,159.97
0,159.92
0,159.84
0,159.79
0,159.66
0,159.45
0,159.45
0,159.53
0,159.38
0,159.4
0,159.49
0,159.33
0,159.33
0,159.47
0,159.76
0,159.66
0,159.77
0,159.81
0,159.94
0,159.85
0,159.87
0,159.77
0,159.78
0,159.81
0,159.87
0,159.87
0,159.7
0,159.7
0,159.47
0,159.56
0,159.53
0,159.55
0,159.48
0,159.52
0,159.67
0,159.72
0,159.85
0,159.88
0,159.85
0,159.81
0,159.76
0,159.57
0,159.52
0,159.5
0,159.47
0,159.54
0,159.68
0,159.63
0,159.59
0,159.55
0,159.37
0,159.32
0,159.39
0,159.34
0,159.36
0,159.42
0,159.43
0,159.5
0,159.32
0,159.31
0,159.19
0,159.09
0,159.15
0,159.27
0,159.35
0,159.22
0,159.19
0,159.21
0,159.19
0,159.25
0,159.3
0,159.22
0,159.08
0,159
0,159.02
0,158.84
0,158.8
0,158.69
0,158.71
0,158.77
0,158.75
0,158.82
0,158.92
0,158.93
0,159.07
0,158.82
0,158.84
0,158.88
0,158.84
0,158.86
0,158.85
0,159.01
0,159.05
0,159.07
0,159.06
0,159.04
0,159.04
0,158.98
0,158.99
0,158.99
0,158.91
0,158.8
0,158.63
0,158.45
0,158.43
0,158.45
0,158.66
0,158.77
0,158.71
0,158.88
0,158.92
0,159.03
0,159
0,158.98
0,158.98
0,158.98
0,159.05
0,159.15
0,159.14
0,159.12
0,159.12
0,159.15
0,159.22
0,159.23
0,159.23
0,159.22
0,159.23
0,159.2
0,159.25
0,159.18
0,159.19
0,159.19
0,159.27
0,159.24
0,159.18
0,159.14
0,159.07
0,159
0,158.98
0,158.99
0,159.13
0,158.94
0,158.96
0,158.86
0,158.98
0,159.02
0,158.95
0,158.99
0,159.03
0,159.06
0,159.08
0,159.07
0,159.02
0,159.28
0,159.28
0,159.25
0,159.34
0,159.31
0,159.34
0,159.29
0,159.05
0,158.99
0,158.88
0,158.75
0,158.55
0,158.34
0,158.2
0,158.08
0,158
0,157.92
0,157.99
0,158.04
0,158.02
0,158.02
0,157.97
0,157.92
0,158.08
0,158.05
0,158.02
0,157.87
0,158.03
0,158.07
0,158.09
0,158.11
0,157.96
0,157.8
0,158.05
0,158.02
0,158.03
0,158.2
0,158.21
0,158.22
0,158.11
0,158.34
0,158.35
0,158.29
0,158.2
0,158.31
0,158.4
0,158.58
0,158.49
0,158.5
0,158.64
0,158.61
0,158.68
0,158.76
0,158.73
0,158.94
0,158.81
0,158.98
0,158.89
0,158.94
0,158.99
0,158.93
0,158.84
0,158.9
0,158.97
0,158.89
0,158.91
0,158.97
0,158.92
0,158.96
0,158.98
0,159
0,158.97
0,158.99
0,158.92
0,158.92
0,158.9
0,158.91
0,158.97
0,158.79
0,158.68
0,158.84
0,158.89
0,158.78
0,158.62
0,158.64
0,158.43
0,158.69
0,158.64
0,158.67
0,158.7
0,158.62
0,158.56
0,158.52
0,158.53
0,158.62
0,158.55
0,158.48
0,158.44
0,158.55
0,158.4
0,158.35
0,158.29
0,158.24
0,158.21
0,158.26
0,158.24
0,158.22
0,158.2
0,158.3
0,158.15
0,158.12
0,158.3
0,158.22
0,158.22
0,158.13
0,158.13
0,158.02
0,158.04
0,157.96
0,157.95
0,158.11
0,158.16
0,158.16
0,158.08
0,158.19
0,158.07
0,157.96
0,157.94
0,157.82
0,157.91
0,157.86
0,157.86
0,157.84
0,157.84
0,157.84
0,157.89
0,157.89
0,157.91
0,157.97
0,157.89
0,158.03
0,157.97
0,157.96
0,157.88
0,157.95
0,157.95
0,157.92
0,157.96
0,157.94
0,157.86
0,157.87
0,157.76
0,157.83
0,157.77
0,157.93
0,157.84
0,157.84
0,157.83
0,157.82
0,157.88
0,158.03
0,158.09
0,158
0,157.98
0,157.97
0,157.97
0,157.96
0,157.99
0,158.28
0,158.23
0,158.1
0,158.16
0,158.1
0,158.13
0,158.27
0,158.35
0,158.46
0,158.45
0,158.41
0,158.33
0,158.55
0,158.5
0,158.54
0,158.56
0,158.37
0,158.56
0,158.6
0,158.59
0,158.72
0,158.51
0,158.32
0,158.37
0,158.39
0,158.26
0,158.24
0,158.18
0,158.16
0,158.35
0,158.42
0,158.51
0,158.63
0,158.62
0,158.7
0,158.68
0,158.69
0,158.69
0,158.68
0,158.64
0,158.63
0,158.49
0,158.49
0,158.33
0,158.31
0,158.2
0,158.35
0,158.56
0,158.54
0,158.64
0,158.68
0,158.68
0,158.5
0,158.64
0,158.69
0,158.85
0,158.64
0,158.66
0,158.75
0,158.79
0,158.72
0,158.74
0,158.8
0,158.9
0,159.04
0,159.01
0,159.24
0,159.25
0,159.25
0,159.32
0,159.27
0,159.25
0,159.28
0,159.18
0,159.19
0,159.17
0,159.03
0,159.02
0,159.02
0,159.03
0,159.06
0,159.13
0,159.26
0,159.29
0,159.29
0,159.23
0,159.06
0,158.98
0,159.06
0,159.13
0,159.17
0,159.21
0,159.37
0,159.45
0,159.57
0,159.56
0,159.39
0,159.45
0,159.33
0,159.24
0,159.27
0,159.14
0,159.16
0,159.18
0,159.12
0,159.2
0,159.16
0,159.15
0,159.19
0,159.23
0,159.23
0,159.27
0,159.27
0,159.12
0,159.18
0,159.14
0,159.22
0,159.27
0,159.2
0,160.9
0,161.35
0,161.68
0,161.18
0,160.45
0,160.43
0,160.84
0,160.43
0,160.22
0,160.18
0,160.08
0,160.13
0,160.53
0,160.34
0,160.36
0,160.43
0,160.1
0,159.91
0,159.65
0,159.78
0,159.69
0,159.76
0,159.52
0,159.38
0,159.58
0,159.56
0,159.65
0,159.78
0,160.01
0,160.08
0,160.15
0,160.19
0,160.13
0,160.23
0,160.05
0,160.39
0,160.15
0,160.17
0,160.05
0,160.24
0,160.18
0,160.32
0,160.16
0,160.2
0,160.14
0,159.91
0,160.04
0,160.05
0,160.04
0,159.97
0,160.19
0,160.23
0,160.18
0,160.25
0,160.2
0,160.28
0,160.16
0,160.25
0,160.41
0,160.44
0,160.42
0,160.42
0,160.53
0,160.45
0,160.31
0,160.45
0,160.48
0,160.48
0,160.42
0,160.21
0,160.16
0,160.15
0,160.1
0,160.05
0,159.99
0,160.09
0,160.03
0,160.05
0,159.79
0,159.78
0,159.74
0,159.64
0,159.53
0,159.46
0,159.45
0,159.34
0,159.22
0,159.12
0,159
0,158.99
0,159.01
0,159.12
0,159.11
0,159.13
0,159.23
0,159.21
0,159
0,158.9
0,158.91
0,159.03
0,158.95
0,158.93
0,158.95
0,159.08
0,158.95
0,158.97
0,158.84
0,158.92
0,159.24
0,159.05
0,159.02
0,159.3
0,159.3
0,159.18
0,159.2
0,159.16
0,159.11
0,159.1
0,159.07
0,159.06
0,159.01
0,159.04
0,158.96
0,159.14
0,159.12
0,159.13
0,159.02
0,158.93
0,158.76
0,158.76
0,158.82
0,158.83
0,158.81
0,158.75
0,158.7
0,158.68
0,158.78
0,158.71
0,158.72
0,158.83
0,158.92
0,158.79
0,158.72
0,158.68
0,158.76
0,158.79
0,158.67
0,158.6
0,158.63
0,158.68
0,158.64
0,158.6
0,158.84
0,158.92
0,159.12
0,159.01
0,159.2
0,159.46
0,159.56
0,159.55
0,159.56
0,159.46
0,159.32
0,159.37
0,159.43
0,159.43
0,159.48
0,159.27
0,159.33
0,159.36
0,159.42
0,159.42
0,159.57
0,159.49
0,159.37
0,159.38
0,159.46
0,159.52
0,159.57
0,159.38
0,159.39
0,159.39
0,159.4
0,159.34
0,159.31
0,159.22
0,159.22
0,159.16
0,159.11
0,159.07
0,159.01
0,158.97
0,158.93
0,159
0,159.04
0,159.02
0,158.98
0,158.97
0,159.02
0,158.97
0,158.99
0,159.02
0,158.99
0,159.05
0,158.99
0,158.98
0,158.99
0,159.06
0,158.99
0,159.05
0,159.04
0,159.11
0,159.23
0,159.25
0,159.29
0,159.48
0,159.32
0,159.3
0,159.32
0,159.32
0,159.36
0,159.34
0,159.3
0,159.32
0,159.3
0,159.45
0,159.55
0,159.37
0,159.5
0,159.56
0,159.64
0,159.66
0,159.76
0,159.77
0,159.79
0,159.91
0,159.97
0,159.99
0,160.15
0,160.56
0,159.94
0,159.96
0,159.89
0,159.78
0,159.89
0,159.86
0,159.89
0,159.84
0,159.82
0,159.85
0,159.99
0,159.97
0,159.97
0,160.04
0,160.04
0,160
0,159.99
0,160.13
0,160.16
0,160.13
0,160.16
0,160.2
0,160.23
0,160.24
0,160.19
0,160.17
0,160.15
0,160.16
0,160.21
0,160.2
0,160.16
0,160.11
0,159.95
0,160.17
0,160.28
0,160.1
0,160.1
0,160.17
0,160.12
0,160.35
0,160.56
0,160.42
0,160.36
0,160.29
0,160.26
0,160.18
0,160.17
0,160.12
0,160.07
0,159.98
0,160.03
0,159.98
0,160
0,159.96
0,159.89
0,159.82
0,159.79
0,159.92
0,160.18
0,160.05
0,160.01
0,160.01
0,160.06
0,159.99
0,159.95
0,159.85
0,159.82
0,159.79
0,159.9
0,159.92
0,159.86
0,159.86
0,159.86
0,159.78
0,159.75
0,159.71
0,159.63
0,159.64
0,159.54
0,159.74
0,159.7
0,159.7
0,159.62
0,159.58
0,159.57
0,159.71
0,159.72
0,159.75
0,159.99
0,160.02
0,159.93
0,159.87
0,159.88
0,159.96
0,159.99
0,160.01
0,159.96
0,160
0,160.03
0,160.15
0,159.99
0,160
0,160.01
0,160.09
0,160.18
0,160.23
0,160.11
0,160.09
0,160.16
0,160.08
0,160.07
0,160.17
0,160.28
0,160.21
0,160.28
0,160.41
0,160.22
0,160.22
0,160.21
0,160.19
0,160.19
0,160.19
0,160.16
0,160.11
0,160.02
0,160.19
0,160.24
0,160.18
0,160.15
0,160.07
0,160.06
0,159.99
0,160
0,160.04
0,160.08
0,160.06
0,160.02
0,159.97
0,159.95
0,159.97
0,159.98
0,159.82
0,159.87
0,159.99
0,159.92
0,159.94
0,160.07
0,160.13
0,160.02
0,160.05
0,159.94
0,160.05
0,160.01
0,159.96
0,160.23
0,160.12
0,160.23
0,160.24
0,160.02
0,159.93
0,160.04
0,160.19
0,160.37
0,160.51
0,160.5
0,160.43
0,160.48
0,160.44
0,160.4
0,160.38
0,160.4
0,160.4
0,160.65
0,160.7
0,160.7
0,160.71
0,160.73
0,160.84
0,160.79
0,160.75
0,160.77
0,160.83
0,160.73
0,160.75
0,160.83
0,161.02
0,160.88
0,160.97
0,160.98
0,160.91
0,160.73
0,160.66
0,160.57
0,160.48
0,160.45
0,160.45
0,160.45
0,160.62
0,160.67
0,160.84
0,160.79
0,160.78
0,160.79
0,160.62
0,160.59
0,160.64
0,160.64
0,160.48
0,160.27
0,160.26
0,160.25
0,160.31
0,160.18
0,160.34
0,160.17
0,160.24
0,160.59
0,160.64
0,160.93
0,160.95
0,161.15
0,161.16
0,161.21
0,161.22
0,161.27
0,161.18
0,161.11
0,161.21
0,161.2
0,161.26
0,161.41
0,161.52
0,161.64
0,161.64
0,161.63
0,161.67
0,161.64
0,161.76
0,161.73
0,161.65
0,161.62
0,161.78
0,161.63
0,161.62
0,161.5
0,161.54
0,161.53
0,161.5
0,161.77
0,161.79
0,161.59
0,161.43
0,161.37
0,161.61
0,161.38
0,161.35
0,161.26
0,161.47
0,161.37
0,161.56
0,161.39
0,161.12
0,161.05
0,160.95
0,160.88
0,159.76
0,159.75
0,159.62
0,159.68
0,159.48
0,159.46
0,159.63
0,159.26
0,158.87
0,158.83
0,158.62
0,158.37
0,158.29
0,158.35
0,158.6
0,158.08
0,158.05
0,157.86
0,157.98
0,157.94
0,157.93
0,158.21
0,158.29
0,158.45
0,158.4
0,158.23
0,158.5
0,158.75
0,158.84
0,158.73
0,158.96
0,159
0,159.28
0,159.17
0,159.21
0,159.36
0,159.43
0,159.29
0,159.2
0,158.92
0,159.03
0,159.13
0,159.08
0,159.14
0,158.99
0,159.03
0,159.1
0,159.39
0,159.32
0,159.39
0,159.52
0,159.54
0,159.64
0,159.95
0,159.95
0,159.9
0,159.86
0,159.68
0,159.74
0,159.68
0,159.7
0,159.52
0,159.46
0,159.69
0,159.61
0,159.67
0,159.73
0,159.77
0,159.73
0,159.93
0,159.83
0,160.09
0,159.76
0,159.85
0,159.78
0,159.9
0,159.91
0,160.02
0,159.82
0,159.93
0,160.08
0,160.18
0,160.31
0,160.34
0,160.31
0,160.31
0,160.43
0,160.54
0,160.43
0,160.59
0,160.52
0,160.54
0,160.43
0,160.36
0,160.48
0,160.41
0,160.56
0,160.54
0,160.57
0,160.57
0,160.57
0,160.45
0,160.3
0,160.33
0,160.35
0,160.32
0,160.47
0,160.57
0,160.6
0,160.52
0,160.48
0,160.4
0,160.39
0,160.28
0,160.31
0,160.18
0,160.18
0,160.18
0,160.27
0,160.24
0,160.19
0,160.49
0,160.56
0,160.58
0,160.49
0,160.25
0,160.25
0,160.22
0,160.19
0,160.31
0,160.4
0,160.52
0,160.49
0,160.42
0,160.31
0,160.3
0,160.2
0,160.07
0,160.18
0,160.29
0,160.55
0,160.56
0,160.47
0,160.46
0,160.52
0,160.57
0,160.49
0,160.61
0,160.54
0,160.63
0,160.64
0,160.67
0,160.66
0,160.65
0,160.63
0,160.72
0,160.65
0,160.6
0,160.53
0,160.42
0,160.35
0,160.26
0,160.35
0,160.29
0,160.35
0,160.46
0,160.41
0,160.43
0,160.44
0,160.38
0,160.37
0,160.43
0,160.44
0,160.45
0,160.51
0,160.6
0,160.51
0,160.59
0,160.6
0,160.51
0,160.41
0,160.34
0,160.19
0,160.05
0,160.22
0,160.23
0,160.36
0,160.22
0,160.35
0,160.31
0,160.33
0,160.45
0,160.29
0,160.2
0,160.17
0,160.21
0,160.26
0,160.04
0,160.12
0,160.07
0,159.99
0,160.05
0,159.99
0,159.95
0,159.87
0,159.85
0,159.91
0,159.89
0,159.9
0,159.9
0,160.03
0,159.94
0,159.9
0,159.84
0,159.84
0,159.78
0,159.83
0,159.86
0,159.9
0,159.83
0,159.78
0,159.76
0,159.81
0,159.85
0,159.74
0,159.78
0,159.77
0,159.48
0,159.52
0,159.52
0,159.46
0,159.69
0,159.58
0,159.57
0,159.62
0,159.6
0,159.63
0,159.59
0,159.69
0,159.69
0,159.75
0,159.78
0,159.8
0,159.9
0,159.88
0,159.86
0,159.77
0,159.72
0,159.75
0,159.69
0,159.8
0,159.81
0,159.79
0,159.76
0,159.55
0,159.52
0,159.45
0,159.68
0,159.64
0,159.53
0,159.67
0,159.48
0,159.44
0,159.16
0,159.15
0,159.01
0,158.96
0,158.93
0,158.98
0,159.09
0,159.18
0,159.3
0,159.23
0,159.22
0,159.24
0,159.32
0,159.25
0,159.37
0,159.42
0,159.4
0,159.28
0,159.24
0,159.24
0,159.3
0,159.3
0,159.37
0,159.34
0,159.35
0,159.46
0,159.58
0,159.56
0,159.6
0,159.71
0,159.6
0,159.62
0,159.67
0,159.69
0,159.62
0,159.57
0,159.65
0,159.69
0,159.7
0,159.75
0,159.68
0,159.66
0,159.67
0,159.57
0,159.52
0,159.62
0,159.63
0,159.7
0,159.72
0,159.67
0,159.53
0,159.5
0,159.57
0,159.41
0,159.26
0,159.21
0,159.18
0,159.32
0,159.34
0,159.49
0,159.56
0,159.56
0,159.83
0,159.88
0,160.09
0,159.97
0,160
0,159.93
0,159.9
0,159.81
0,159.84
0,159.9
0,159.86
0,159.85
0,159.76
0,159.89
0,159.96
0,159.82
0,159.87
0,159.93
0,159.77
0,159.71
0,159.7
0,159.84
0,159.85
0,159.9
0,159.88
0,159.95
0,159.99
0,160.03
0,159.99
0,160.04
0,160.02
0,159.79
0,159.84
0,159.85
0,159.87
0,159.85
0,159.93
0,159.77
0,159.8
0,159.81
0,159.74
0,159.77
0,159.86
0,159.85
0,159.84
0,159.82
0,159.84
0,159.79
0,159.81
0,159.86
0,159.97
0,159.99
0,160.01
0,160.02
0,160.09
0,160.13
0,160.17
0,160.19
0,160.27
0,160.42
0,160.51
0,160.24
0,160.25
0,160.19
0,160.35
0,160.4
0,160.21
0,160.05
0,160.06
0,160.14
0,159.99
0,160.02
0,160.09
0,159.97
0,159.99
0,160.18
0,160.04
0,160.11
0,160.19
0,160.14
0,159.97
0,159.87
0,159.86
0,160.05
0,160.01
0,160
0,160.06
0,160.12
0,160.08
0,160.18
0,160.11
0,160.14
0,160.18
0,160.17
0,160.14
0,160.14
0,160.17
0,160.22
0,160.22
0,160.12
0,160.13
0,160.16
0,160.21
0,160.14
0,160.15
0,160.24
0,160.29
0,160.28
0,160.2
0,160.2
0,160.19
0,160.04
0,159.99
0,159.99
0,159.92
0,159.86
0,160
0,160.06
0,160.07
0,160.1
0,160.26
0,160.09
0,160.11
0,160.28
0,160.11
0,160.12
0,160.15
0,160.15
0,160.26
0,160.16
0,160.09
0,160.12
0,160.19
0,160.15
0,160.27
0,160.26
0,160.13
0,160.25
0,160.28
0,160.31
0,160.33
0,160.34
0,160.45
0,160.53
0,160.59
0,160.6
0,160.66
0,160.73
0,160.52
0,160.58
0,160.49
0,160.52
0,160.62
0,160.73
0,160.7
0,160.68
0,160.79
0,160.73
0,160.84
0,160.98
0,160.98
0,160.86
0,160.89
0,161.01
0,160.95
0,161.01
0,161.06
0,160.84
0,160.89
0,160.73
0,160.76
0,160.76
0,160.86
0,160.73
0,160.64
0,160.48
0,160.55
0,160.44
0,160.54
0,160.61
0,161.9
0,160.9
0,162.3
0,162.15
0,162.05
0,161.84
0,161.68
0,162.05
0,162.27
0,162.04
0,162.02
0,161.88
0,162.16
0,162
0,162.06
0,162.08
0,162.33
0,162.41
0,162.36
0,162.44
0,162.36
0,162.65
0,162.64
0,162.49
0,162.5
0,162.61
0,162.44
0,162.53
0,162.48
0,162.5
0,162.71
0,162.59
0,162.61
0,162.62
0,162.64
0,162.63
0,162.6
0,162.62
0,162.65
0,162.57
0,162.58
0,162.73
0,162.91
0,162.97
0,162.94
0,162.84
0,162.73
0,162.81
0,162.88
0,162.75
0,162.89
0,162.91
0,162.92
0,162.96
0,163.11
0,163.21
0,163.21
0,163.24
0,163.27
0,163.25
0,163.17
0,162.85
0,162.93
0,162.8
0,162.74
0,162.73
0,162.83
0,163.12
0,162.97
0,162.86
0,162.82
0,162.94
0,162.87
0,162.82
0,162.89
0,163.03
0,163.05
0,163.17
0,163.18
0,163.02
0,162.98
0,163.22
0,163.28
0,163.35
0,163.39
0,163.41
0,163.41
0,163.46
0,163.38
0,163.48
0,163.5
0,163.44
0,163.33
0,163.51
0,163.47
0,163.47
0,163.64
0,163.6
0,163.51
0,163.59
0,163.65
0,163.69
0,163.74
0,163.76
0,163.7
0,163.7
0,163.8
0,163.74
0,163.71
0,163.69
0,163.75
0,163.76
0,163.77
0,163.73
0,163.62
0,163.69
0,163.46
0,163.51
0,163.5
0,163.48
0,163.41
0,163.22
0,163.14
0,163.13
0,163.15
0,163.25
0,163.34
0,163.4
0,163.58
0,163.42
0,163.01
0,163.26
0,163.52
0,163.45
0,164.21
0,163.47
0,163.36
0,163.41
0,163.33
0,163.39
0,163.17
0,163.19
0,163.18
0,163.06
0,162.92
0,162.84
0,162.73
0,162.81
0,162.94
0,163.05
0,163.11
0,163.04
0,163.06
0,163.11
0,163.25
0,163.18
0,163.29
0,163.24
0,163.3
0,163.23
0,163.27
0,163.37
0,163.35
0,163.38
0,163.54
0,163.52
0,163.44
0,163.56
0,163.61
0,163.78
0,163.77
0,163.76
0,163.73
0,163.7
0,163.71
0,163.75
0,163.74
0,163.8
0,163.81
0,163.74
0,163.82
0,163.89
0,163.96
0,163.9
0,163.94
0,163.9
0,163.85
0,163.91
0,163.92
0,163.96
0,163.97
0,163.91
0,163.92
0,164.04
0,163.97
0,163.9
0,163.99
0,163.87
0,163.92
0,164.08
0,163.82
0,163.91
0,163.94
0,163.9
0,163.91
0,163.85
0,163.89
0,164.09
0,164.06
0,164.04
0,164.03
0,164.12
0,164.1
0,164.2
0,164.24
0,164.24
0,164.34
0,164.26
0,164.29
0,164.26
0,164.24
0,164.22
0,164.19
0,164.24
0,164.24
0,164.31
0,164.4
0,164.34
0,164.44
0,164.37
0,164.44
0,164.49
0,164.45
0,164.3
0,164.47
0,164.51
0,164.56
0,164.54
0,164.38
0,164.57
0,164.57
0,164.55
0,164.31
0,164.4
0,164.38
0,164.44
0,164.44
0,164.45
0,164.38
0,164.45
0,164.3
0,164.21
0,164.35
0,164.37
0,164.29
0,164.26
0,164.24
0,164.22
0,164.31
0,164.32
0,164.32
0,164.08
0,164.11
0,164.03
0,164.13
0,164.15
0,164.11
0,164.17
0,164.19
0,164.14
0,164.22
0,164.23
0,164.22
0,164.27
0,164.28
0,164.29
0,164.33
0,164.27
0,164.32
0,164.31
0,164.36
0,164.4
0,164.53
0,164.47
0,164.6
0,164.61
0,164.53
0,164.38
0,164.41
0,164.51
0,164.61
0,164.68
0,164.7
0,164.83
0,164.89
0,164.9
0,164.97
0,164.96
0,164.98
0,165.14
0,165.06
0,165.07
0,165.03
0,165.03
0,164.67
0,164.61
0,164.64
0,164.67
0,164.82
0,164.91
0,164.99
0,164.96
0,165.02
0,164.99
0,164.98
0,165.08
0,165.04
0,164.99
0,165.01
0,165.02
0,164.98
0,164.91
0,164.93
0,165.02
0,165.01
0,164.77
0,164.75
0,164.78
0,164.91
0,165.02
0,165.06
0,165.15
0,165.19
0,165.22
0,165.17
0,165.17
0,165.12
0,165.04
0,164.91
0,164.73
0,164.75
0,164.82
0,164.82
0,164.85
0,164.88
0,164.95
0,164.86
0,164.9
0,164.86
0,164.78
0,164.85
0,164.93
0,164.98
0,164.93
0,164.98
0,165.04
0,165.1
0,165.1
0,165.24
0,165.27
0,165.23
0,165.27
0,165.37
0,165.45
0,165.54
0,165.49
0,165.38
0,165.38
0,165.46
0,165.48
0,165.66
0,165.77
0,165.71
0,165.75
0,165.62
0,165.8
0,165.65
0,165.76
0,165.75
0,165.76
0,165.7
0,165.72
0,165.73
0,165.75
0,165.88
0,165.91
0,165.82
0,165.83
0,165.75
0,165.38
0,165.44
0,165.52
0,165.53
0,165.25
0,165.42
0,165.43
0,165.35
0,165.14
0,165.06
0,165.12
0,165.07
0,165.08
0,165.28
0,165.3
0,165.27
0,165.29
0,165.31
0,165.42
0,165.3
0,165.4
0,165.31
0,165.32
0,165.33
0,165.19
0,165.15
0,165.15
0,165.17
0,165.2
0,165.23
0,165.15
0,165.07
0,165.03
0,165.08
0,165.03
0,165.04
0,164.88
0,164.74
0,164.78
0,164.8
0,164.87
0,164.78
0,164.86
0,164.8
0,164.8
0,164.83
0,164.83
0,164.84
0,164.87
0,165.16
0,165.13
0,165.1
0,165.31
0,165.24
0,165.24
0,165.13
0,165.2
0,165.09
0,165.03
0,165.17
0,165.3
0,165.38
0,165.32
0,165.41
0,165.41
0,165.41
0,165.4
0,165.29
0,165.22
0,165.14
0,165.08
0,165.18
0,165.28
0,165.35
0,165.37
0,165.46
0,165.42
0,165.44
0,165.43
0,165.51
0,165.53
0,165.61
0,165.64
0,165.7
0,165.71
0,165.77
0,165.75
0,165.72
0,165.79
0,165.77
0,165.74
0,165.68
0,165.71
0,165.83
0,165.86
0,165.87
0,165.87
0,165.87
0,165.84
0,165.96
0,165.86
0,165.74
0,165.72
0,165.62
0,165.56
0,165.47
0,165.52
0,165.52
0,165.51
0,165.62
0,165.69
0,165.58
0,165.5
0,165.57
0,165.62
0,165.67
0,165.73
0,165.8
0,165.76
0,165.79
0,165.53
0,165.43
0,165.17
0,165.09
0,165.17
0,165.07
0,164.61
0,164.12
0,164.06
0,163.45
0,163.68
0,163.96
0,164.11
0,164.3
0,164.36
0,164.64
0,164.87
0,164.95
0,165.08
0,165.27
0,165.18
0,164.86
0,165
0,164.95
0,164.84
0,164.85
0,164.63
0,164.27
0,164.15
0,164.31
0,164.36
0,164.21
0,163.99
0,163.92
0,164.07
0,164.09
0,164.08
0,164.2
0,164.21
0,163.84
0,163.93
0,163.66
0,163.67
0,163.7
0,163.78
0,163.76
0,163.67
0,163.64
0,163.67
0,163.6
0,163.57
0,163.7
0,163.85
0,163.95
0,164.21
0,164.34
0,164.49
0,164.49
0,164.61
0,164.56
0,164.71
0,164.71
0,164.97
0,164.86
0,164.61
0,164.56
0,164.56
0,164.35
0,164.27
0,164.21
0,164.31
0,164.2
0,164.04
0,164.11
0,164.05
0,164.04
0,164.1
0,164.28
0,164.27
0,164.27
0,164.46
0,164.44
0,164.48
0,164.46
0,164.38
0,164.63
0,164.73
0,164.78
0,164.78
0,164.76
0,164.75
0,164.49
0,164.46
0,164.31
0,164.4
0,164.34
0,164.21
0,164.36
0,164.37
0,164.31
0,164.46
0,164.47
0,164.34
0,164.29
0,164.37
0,164.51
0,164.53
0,164.54
0,164.55
0,164.59
0,164.68
0,164.79
0,164.78
0,165.05
0,165.16
0,165.14
0,165.05
0,165.06
0,164.97
0,164.93
0,164.84
0,164.92
0,164.91
0,165.03
0,165.1
0,165.16
0,165.14
0,165.04
0,165.05
0,165.07
0,165.08
0,165.02
0,165.09
0,165.08
0,165.15
0,165.17
0,165.2
0,165.1
0,165.08
0,164.98
0,165
0,164.99
0,165.03
0,165
0,165.01
0,165.21
0,165.19
0,165.26
0,165.2
0,165.24
0,165.21
0,165.13
0,164.98
0,164.99
0,165.11
0,165.08
0,165.14
0,165.28
0,165.22
0,165.21
0,165.15
0,165.12
0,165.13
0,165.13
0,165.12
0,165.11
0,165.16
0,165.08
0,165.13
0,165.18
0,165.16
0,165.12
0,165.12
0,165.16
0,165.14
0,165.17
0,165.18
0,165.14
0,165.14
0,165.18
0,165.14
0,165.09
0,164.99
0,165.02
0,164.88
0,164.79
0,164.78
0,164.83
0,164.79
0,164.83
0,164.9
0,164.88
0,164.89
0,164.97
0,165.05
0,164.95
0,165
0,164.9
0,164.93
0,164.87
0,164.89
0,164.94
0,164.99
0,165.11
0,165
0,165.04
0,164.88
0,164.76
0,164.72
0,164.66
0,164.69
0,164.67
0,164.65
0,164.59
0,164.58
0,164.6
0,164.67
0,164.66
0,164.67
0,164.68
0,164.66
0,164.65
0,164.68
0,164.7
0,164.73
0,164.7
0,164.65
0,164.62
0,164.76
0,164.78
0,164.81
0,164.97
0,165
0,164.94
0,164.96
0,164.89
0,164.76
0,164.75
0,164.72
0,164.64
0,164.77
0,164.7
0,164.7
0,164.59
0,164.55
0,164.61
0,164.52
0,164.48
0,164.48
0,164.38
0,164.34
0,164.37
0,164.38
0,164.38
0,164.39
0,164.43
0,164.42
0,164.44
0,164.38
0,164.36
0,164.32
0,164.32
0,164.4
0,164.54
0,164.55
0,164.59
0,164.56
0,164.57
0,164.62
0,164.63
0,164.56
0,164.54
0,164.54
0,164.61
0,164.67
0,164.69
0,164.69
0,164.73
0,164.73
0,164.65
0,164.64
0,164.54
0,164.46
0,164.5
0,164.47
0,164.39
0,164.39
0,164.42
0,164.43
0,164.45
0,164.51
0,164.48
0,164.56
0,164.57
0,164.56
0,164.46
0,164.51
0,164.5
0,164.49
0,164.44
0,164.39
0,164.44
0,164.48
0,164.49
0,164.54
0,164.55
0,164.51
0,164.52
0,164.59
0,164.54
0,164.47
0,164.42
0,164.42
0,164.5
0,164.57
0,164.59
0,164.63
0,164.61
0,164.56
0,164.48
0,164.54
0,164.45
0,164.49
0,164.5
0,164.52
0,164.47
0,164.48
0,164.51
0,164.46
0,164.45
0,164.43
0,164.38
0,164.42
0,164.42
0,164.54
0,164.49
0,164.57
0,164.65
0,164.7
0,164.76
0,164.78
0,164.89
0,164.9
0,164.91
0,164.97
0,164.97
0,164.95
0,164.96
0,165.01
0,165.04
0,165.03
0,165.02
0,165.07
0,165.12
0,165.18
0,165.12
0,165.16
0,165.2
0,165.2
0,165.26
0,165.19
0,165.15
0,165.12
0,165.19
0,165.15
0,165.11
0,165.03
0,164.97
0,164.9
0,164.88
0,164.81
0,164.71
0,164.67
0,164.65
0,164.63
0,164.5
0,164.57
0,164.54
0,164.44
0,164.4
0,164.51
0,164.44
0,164.52
0,164.54
0,164.54
0,164.53
0,164.52
0,164.49
0,164.58
0,164.68
0,164.56
0,164.54
0,164.51
0,164.46
0,164.35
0,164.33
0,164.28
0,164.2
0,164.3
0,164.4
0,164.45
0,164.49
0,164.37
0,164.33
0,164.37
0,164.35
0,164.35
0,164.41
0,164.49
0,164.38
0,164.36
0,164.41
0,164.46
0,164.43
0,164.43
0,164.39
0,164.41
0,164.5
0,164.5
0,164.57
0,164.7
0,164.71
0,164.73
0,164.81
0,164.82
0,164.74
0,164.69
0,164.69
0,164.74
0,164.76
0,164.82
0,164.79
0,164.74
0,164.78
0,164.82
0,164.91
0,164.94
0,164.96
0,164.89
0,164.77
0,164.77
0,164.64
0,164.64
0,164.64
0,164.66
0,164.54
0,164.54
0,164.48
0,164.63
0,164.62
0,164.59
0,164.58
0,164.53
0,164.52
0,164.48
0,164.54
0,164.63
0,164.67
0,164.66
0,164.63
0,164.58
0,164.64
0,164.55
0,164.5
0,164.32
0,164.45
0,164.48
0,164.44
0,164.46
0,164.36
0,164.4
0,164.47
0,164.38
0,164.38
0,164.43
0,164.56
0,164.6
0,164.6
0,164.69
0,164.65
0,164.7
0,164.67
0,164.69
0,164.65
0,164.66
0,164.56
0,164.52
0,164.35
0,164.37
0,164.5
0,164.4
0,164.49
0,164.45
0,164.31
0,163.47
0,163.8
0,163.52
0,163.23
0,163.15
0,163.43
0,163.64
0,163.21
0,163.25
0,163.28
0,163.16
0,163.2
0,163.41
0,163.41
0,163.58
0,163.45
0,163.64
0,163.6
0,163.7
0,163.89
0,163.83
0,163.86
0,163.85
0,163.87
0,163.81
0,163.93
0,163.75
0,163.74
0,163.79
0,163.75
0,163.78
0,163.8
0,163.6
0,163.59
0,163.46
0,163.48
0,163.4
0,163.5
0,163.3
0,163.42
0,163.23
0,163.15
0,163.13
0,163.15
0,162.98
0,162.94
0,162.87
0,162.79
0,162.68
0,162.66
0,162.74
0,162.73
0,162.72
0,162.66
0,162.61
0,162.57
0,162.52
0,162.39
0,162.43
0,162.38
0,162.56
0,162.6
0,162.67
0,162.74
0,162.85
0,162.92
0,162.83
0,162.69
0,162.7
0,162.58
0,162.61
0,162.67
0,162.71
0,162.68
0,162.7
0,162.8
0,162.73
0,162.55
0,162.65
0,162.75
0,162.8
0,162.69
0,162.65
0,162.58
0,162.62
0,162.63
0,162.63
0,162.67
0,162.61
0,162.62
0,162.65
0,162.72
0,162.66
0,162.67
0,162.79
0,162.8
0,162.9
0,162.89
0,162.9
0,162.84
0,162.97
0,162.95
0,163.02
0,163.09
0,163.07
0,163.03
0,163.1
0,163.09
0,163.12
0,163.13
0,163.13
0,163.05
0,163.02
0,163.07
0,162.99
0,162.9
0,162.86
0,162.84
0,162.87
0,162.89
0,162.74
0,162.78
0,162.82
0,162.91
0,162.87
0,162.86
0,162.92
0,162.87
0,162.86
0,162.81
0,162.85
0,162.74
0,162.72
0,162.64
0,162.68
0,162.72
0,162.76
0,162.85
0,162.84
0,162.87
0,162.83
0,162.74
0,162.75
0,162.74
0,162.71
0,162.73
0,162.63
0,162.55
0,162.56
0,162.58
0,162.54
0,162.55
0,162.55
0,162.57
0,162.51
0,162.43
0,162.47
0,162.53
0,162.5
0,162.5
0,162.44
0,162.57
0,162.6
0,162.55
0,162.59
0,162.59
0,162.7
0,162.73
0,162.72
0,162.64
0,162.63
0,162.66
0,162.72
0,162.66
0,162.7
0,162.73
0,162.78
0,162.79
0,162.7
0,162.73
0,162.82
0,162.8
0,162.77
0,162.78
0,162.79
0,162.84
0,162.81
0,162.68
0,162.7
0,162.62
0,162.61
0,162.59
0,162.5
0,162.5
0,162.5
0,162.42
0,162.44
0,162.39
0,162.39
0,162.35
0,162.26
0,162.22
0,162.22
0,162.14
0,162.11
0,162.19
0,162.16
0,162.16
0,162.17
0,162.09
0,162.11
0,162.17
0,162.15
0,162.14
0,162.21
0,162.26
0,162.21
0,162.3
0,162.32
0,162.31
0,162.25
0,162.25
0,162.28
0,162.34
0,162.34
0,162.32
0,162.26
0,162.28
0,162.19
0,162.23
0,162.15
0,162.17
0,162.19
0,162.29
0,162.34
0,162.31
0,162.33
0,162.4
0,162.42
0,162.26
0,162.25
0,162.45
0,162.37
0,162.52
0,162.43
0,162.37
0,162.43
0,162.5
0,162.48
0,162.51
0,162.53
0,162.52
0,162.53
0,162.49
0,162.41
0,162.42
0,162.35
0,162.42
0,162.39
0,162.41
0,162.57
0,162.57
0,162.53
0,162.66
0,162.59
0,162.65
0,162.66
0,162.7
0,162.77
0,162.83
0,162.86
0,162.82
0,162.78
0,162.77
0,162.82
0,162.88
0,162.83
0,162.82
0,162.86
0,162.85
0,162.78
0,162.72
0,162.72
0,162.63
0,162.51
0,162.52
0,162.48
0,162.51
0,162.51
0,162.52
0,162.54
0,162.63
0,162.82
0,162.68
0,162.58
0,162.46
0,162.47
0,162.53
0,162.56
0,162.52
0,162.54
0,162.7
0,162.65
0,162.64
0,162.62
0,162.59
0,162.57
0,162.58
0,162.53
0,162.56
0,162.58
0,162.55
0,162.58
0,162.63
0,162.69
0,162.65
0,162.65
0,162.66
0,162.7
0,162.62
0,162.65
0,162.66
0,162.61
0,162.56
0,162.48
0,162.4
0,162.4
0,162.36
0,162.36
0,162.31
0,162.21
0,162.17
0,162.11
0,162.08
0,162.09
0,162.04
0,162.01
0,162.07
0,161.94
0,161.98
0,162.06
0,162.09
0,162.09
0,162.17
0,162.17
0,162.22
0,162.16
0,162.3
0,162.32
0,162.45
0,162.57
0,162.51
0,162.47
0,162.41
0,162.42
0,162.41
0,162.27
0,162.29
0,162.33
0,162.34
0,162.42
0,162.44
0,162.39
0,162.42
0,162.42
0,162.37
0,162.33
0,162.35
0,162.33
0,162.37
0,162.38
0,162.34
0,162.49
0,162.46
0,162.49
0,162.45
0,162.47
0,162.46
0,162.49
0,162.49
0,162.52
0,162.56
0,162.54
0,162.63
0,162.66
0,162.75
0,162.72
0,162.65
0,162.69
0,162.72
0,162.72
0,162.82
0,162.81
0,162.73
0,162.79
0,162.81
0,162.8
0,162.83
0,162.84
0,162.76
0,162.71
0,162.59
0,162.6
0,162.52
0,162.53
0,162.55
0,162.46
0,162.36
0,162.47
0,162.51
0,162.6
0,162.63
0,162.68
0,162.87
0,162.84
0,162.95
0,162.95
0,162.99
0,162.99
0,162.95
0,162.91
0,162.95
0,162.94
0,163
0,163.12
0,162.99
0,162.94
0,162.89
0,162.95
0,162.98
0,162.99
0,162.85
0,162.98
0,162.97
0,163.03
0,162.96
0,163.03
0,163.02
0,162.99
0,163.09
0,163.09
0,163.07
0,163.09
0,163.29
0,163.29
0,163.33
0,163.39
0,163.35
0,163.45
0,163.38
0,163.4
0,163.42
0,163.37
0,163.21
0,163.22
0,163.22
0,163.26
0,163.31
0,163.23
0,163.15
0,163.15
0,163.17
0,163.14
0,163.21
0,163.37
0,163.36
0,163.4
0,163.28
0,163.32
0,163.38
0,163.23
0,163.11
0,163.01
0,163.01
0,163.21
0,163.23
0,163.35
0,163.32
0,163.28
0,163.41
0,163.45
0,163.49
0,163.46
0,163.53
0,163.5
0,163.51
0,163.6
0,163.51
0,163.51
0,163.6
0,163.65
0,163.6
0,163.48
0,163.43
0,163.36
0,163.47
0,163.35
0,163.38
0,163.35
0,163.32
0,163.23
0,163.2
0,163.28
0,162.28
0,162.27
0,162.38
0,162.55
0,162.27
0,162.35
0,162.47
0,162.35
0,162.22
0,162.17
0,161.89
0,161.48
0,161.97
0,161.77
0,161.54
0,161.47
0,161.09
0,161.18
0,161.23
0,161.05
0,161.22
0,160.84
0,161.3
0,161.13
0,161.2
0,161.15
0,160.91
0,161.02
0,161.08
0,161.27
0,161.15
0,161.13
0,161.24
0,161.32
0,161.18
0,161.15
0,161.18
0,161.32
0,161.24
0,161.35
0,161.15
0,161.3
0,161.45
0,161.49
0,161.43
0,161.4
0,161.13
0,161.34
0,161.37
0,161.33
0,161.42
0,161.52
0,161.59
0,161.59
0,161.53
0,161.54
0,161.43
0,161.54
0,161.42
0,161.37
0,161.48
0,161.47
0,161.55
0,161.49
0,161.45
0,161.5
0,161.56
0,161.59
0,161.72
0,161.66
0,161.68
0,161.63
0,161.81
0,161.87
0,161.71
0,161.77
0,161.86
0,161.79
0,161.69
0,161.78
0,161.78
0,161.83
0,161.84
0,161.81
0,161.73
0,161.85
0,161.88
0,161.82
0,161.76
0,161.79
0,161.85
0,161.81
0,161.77
0,161.72
0,161.7
0,161.75
0,161.74
0,161.69
0,161.91
0,162
0,162.02
0,162.04
0,162.06
0,162.07
0,162.08
0,162.17
0,162.22
0,162.31
0,162.34
0,162.36
0,162.45
0,162.5
0,162.5
0,162.47
0,162.45
0,162.57
0,162.54
0,162.57
0,162.67
0,162.76
0,162.83
0,162.97
0,163.02
0,163.07
0,163.12
0,163.15
0,163.03
0,163.02
0,163.02
0,163.09
0,163.1
0,163.07
0,163.05
0,163.04
0,163.11
0,163.05
0,163.03
0,163.06
0,163.06
0,163.14
0,163.03
0,162.95
0,162.86
0,162.91
0,162.91
0,162.88
0,162.84
0,162.81
0,162.76
0,162.69
0,162.67
0,162.7
0,162.77
0,162.83
0,162.83
0,162.91
0,162.88
0,162.85
0,162.9
0,162.82
0,162.8
0,162.78
0,162.72
0,162.69
0,162.65
0,162.63
0,162.69
0,162.72
0,162.81
0,162.88
0,162.84
0,162.83
0,162.77
0,162.74
0,162.79
0,162.76
0,162.76
0,162.78
0,162.79
0,162.8
0,162.75
0,162.69
0,162.68
0,162.62
0,162.63
0,162.6
0,162.55
0,162.5
0,162.42
0,162.4
0,162.4
0,162.33
0,162.48
0,162.57
0,162.45
0,162.44
0,162.41
0,162.45
0,162.45
0,162.41
0,162.25
0,162.21
0,162.29
0,162.37
0,162.42
0,162.51
0,162.52
0,162.43
0,162.43
0,162.49
0,162.48
0,162.6
0,162.6
0,162.62
0,162.57
0,162.66
0,162.69
0,162.81
0,162.84
0,162.86
0,162.84
0,162.88
0,162.89
0,162.9
0,162.96
0,162.98
0,163.04
0,163
0,162.99
0,162.92
0,162.92
0,162.9
0,162.83
0,162.9
0,162.83
0,162.74
0,162.69
0,162.78
0,162.78
0,162.84
0,162.88
0,163.13
0,163.13
0,163.01
0,162.92
0,162.91
0,162.88
0,162.88
0,162.85
0,162.88
0,162.93
0,162.86
0,162.73
0,162.68
0,162.71
0,162.65
0,162.62
0,162.6
0,162.63
0,162.65
0,162.49
0,162.63
0,162.65
0,162.62
0,162.71
0,162.68
0,162.75
0,162.72
0,162.76
0,162.77
0,162.85
0,162.81
0,162.84
0,162.79
0,162.77
0,162.82
0,162.93
0,163.12
0,163.19
0,163.12
0,163.08
0,163.08
0,163.12
0,163.09
0,162.97
0,162.99
0,163.04
0,163.04
0,163.02
0,162.91
0,162.85
0,162.76
0,162.68
0,162.68
0,162.69
0,162.71
0,162.86
0,162.78
0,162.83
0,162.82
0,162.85
0,162.9
0,162.87
0,162.87
0,162.92
0,163.03
0,163.05
0,163.09
0,163
0,163.01
0,163.01
0,162.94
0,163.02
0,162.97
0,162.88
0,162.94
0,162.88
0,162.97
0,162.95
0,162.97
0,162.9
0,162.85
0,162.78
0,162.74
0,162.8
0,162.83
0,162.83
0,162.76
0,162.73
0,162.9
0,162.83
0,162.85
0,162.79
0,162.83
0,162.74
0,162.86
0,162.84
0,162.88
0,162.79
0,162.79
0,162.78
0,162.73
0,162.66
0,162.62
0,162.71
0,162.68
0,162.7
0,162.79
0,162.79
0,162.8
0,162.73
0,162.72
0,162.76
0,162.74
0,162.78
0,162.8
0,162.76
0,162.76
0,162.79
0,162.81
0,162.78
0,162.74
0,162.82
0,162.94
0,162.95
0,163.01
0,163.02
0,163.01
0,163.03
0,162.95
0,162.79
0,162.78
0,162.86
0,162.81
0,162.81
0,162.75
0,162.72
0,162.71
0,162.7
0,162.69
0,162.71
0,162.71
0,162.69
0,162.71
0,162.69
0,162.64
0,162.77
0,162.84
0,162.94
0,162.94
0,162.88
0,162.9
0,163.04
0,163.16
0,163.05
0,163.05
0,163.04
0,163.08
0,162.95
0,162.92
0,162.83
0,162.89
0,162.81
0,162.87
0,162.8
0,162.94
0,162.87
0,162.91
0,162.86
0,162.98
0,162.78
0,162.77
0,162.86
0,162.91
0,162.97
0,162.95
0,162.89
0,162.84
0,162.79
0,162.86
0,162.79
0,162.8
0,163.03
0,163.05
0,163.02
0,163.04
0,163.09
0,163.09
0,163.17
0,163.05
0,162.98
0,163.03
0,162.94
0,163.06
0,162.99
0,163
0,162.91
0,162.87
0,162.98
0,163
0,162.99
0,162.99
0,163.04
0,162.94
0,162.89
0,162.88
0,162.89
0,162.86
0,162.75
0,162.69
0,162.81
0,162.78
0,162.67
0,162.68
0,162.65
0,162.58
0,162.61
0,162.54
0,162.51
0,162.51
0,162.38
0,162.38
0,162.3
0,162.34
0,162.36
0,162.38
0,162.43
0,162.37
0,162.33
0,162.17
0,162.09
0,162.11
0,162.11
0,162.12
0,162.07
0,162.08
0,162.06
0,162.06
0,162.19
0,162.2
0,162.2
0,162.34
0,162.48
0,162.49
0,162.53
0,162.69
0,162.65
0,162.64
0,162.61
0,162.74
0,162.68
0,162.66
0,162.72
0,162.82
0,162.8
0,162.73
0,162.7
0,162.77
0,162.76
0,162.76
0,162.68
0,162.6
0,162.62
0,162.67
0,162.71
0,162.75
0,162.79
0,163.55
0,163.54
0,163.31
0,163.17
0,162.92
0,162.71
0,163.21
0,163.24
0,163.2
0,162.97
0,162.42
0,162.87
0,162.99
0,163.27
0,162.98
0,162.82
0,162.71
0,162.88
0,163.04
0,163.16
0,163.29
0,163.57
0,163.32
0,163.11
0,163.17
0,163.29
0,163.28
0,163.2
0,162.98
0,162.96
0,162.95
0,162.94
0,163.05
0,163.06
0,163.07
0,163.02
0,162.93
0,163.07
0,163.01
0,162.89
0,162.8
0,162.85
0,162.96
0,162.8
0,162.83
0,162.79
0,162.85
0,162.97
0,162.8
0,162.84
0,163
0,162.98
0,162.87
0,162.92
0,162.98
0,163
0,163.08
0,163.05
0,162.95
0,162.98
0,162.91
0,162.96
0,162.88
0,162.9
0,162.86
0,162.97
0,163.12
0,163.09
0,163.11
0,163.12
0,163.13
0,163.12
0,163.14
0,163.28
0,163.38
0,163.36
0,163.43
0,163.61
0,163.73
0,163.66
0,163.65
0,163.74
0,163.66
0,163.69
0,163.71
0,163.61
0,163.54
0,163.58
0,163.62
0,163.58
0,163.65
0,163.67
0,163.73
0,163.69
0,163.6
0,163.58
0,163.5
0,163.39
0,163.43
0,163.38
0,163.36
0,163.26
0,163.19
0,163.15
0,163.1
0,162.87
0,162.71
0,162.68
0,162.68
0,162.6
0,162.59
0,162.62
0,162.68
0,162.66
0,162.71
0,162.71
0,162.79
0,162.84
0,162.8
0,162.8
0,162.75
0,162.82
0,162.82
0,162.87
0,162.76
0,162.8
0,162.8
0,162.79
0,162.77
0,162.75
0,162.82
0,162.79
0,162.82
0,162.87
0,162.88
0,162.82
0,162.8
0,162.73
0,162.77
0,162.81
0,162.85
0,162.86
0,162.89
0,163
0,162.88
0,162.92
0,163.13
0,163.26
0,163.25
0,163.25
0,163.06
0,163.05
0,163.05
0,163.09
0,163.11
0,163.1
0,163.14
0,163.1
0,163.17
0,163.27
0,163.33
0,163.36
0,163.34
0,163.43
0,163.45
0,163.38
0,163.48
0,163.6
0,163.62
0,163.58
0,163.74
0,163.71
0,163.71
0,163.78
0,163.75
0,163.85
0,163.92
0,163.91
0,163.85
0,163.86
0,163.81
0,163.84
0,163.9
0,163.88
0,163.91
0,163.86
0,163.94
0,163.85
0,163.95
0,163.91
0,163.9
0,163.83
0,163.77
0,163.9
0,163.9
0,163.89
0,163.9
0,163.89
0,163.98
0,163.96
0,164
0,163.93
0,163.95
0,164.02
0,163.99
0,163.91
0,163.83
0,163.97
0,163.93
0,163.93
0,163.89
0,163.87
0,163.86
0,163.88
0,163.87
0,163.92
0,163.88
0,163.87
0,164
0,164.04
0,164.04
0,164.06
0,164.07
0,164.01
0,163.94
0,163.82
0,163.9
0,163.94
0,164.05
0,164.07
0,164.11
0,164.08
0,164.13
0,164.01
0,164.07
0,164.14
0,164.16
0,164.16
0,164.08
0,164.04
0,163.92
0,163.87
0,163.87
0,164
0,164.04
0,164.08
0,164.05
0,164.26
0,164.26
0,164.18
0,164.18
0,164.21
0,164.21
0,164.16
0,164.22
0,164.3
0,164.4
0,164.39
0,164.38
0,164.32
0,164.28
0,164.14
0,164.23
0,164.24
0,164.25
0,164.32
0,164.35
0,164.42
0,164.42
0,164.55
0,164.35
0,164.22
0,164.25
0,164.23
0,164.1
0,164.06
0,164.1
0,164.16
0,164.1
0,164.17
0,164.12
0,164.06
0,164.11
0,164.12
0,164.1
0,164.05
0,164.05
0,163.96
0,164.04
0,164.11
0,164.09
0,164.1
0,164.14
0,164.16
0,164.17
0,164.25
0,164.25
0,164.23
0,164.13
0,164.12
0,164.11
0,164.03
0,163.95
0,164.02
0,164.03
0,164.08
0,164.03
0,164.01
0,164.07
0,164.05
0,164.08
0,164.02
0,164.07
0,164.03
0,164.02
0,164.03
0,163.97
0,164.01
0,163.9
0,163.89
0,163.88
0,163.88
0,163.93
0,163.88
0,163.79
0,163.8
0,163.79
0,163.84
0,163.89
0,163.99
0,163.94
0,163.88
0,163.85
0,163.58
0,163.66
0,163.57
0,163.55
0,163.53
0,163.5
0,163.58
0,163.76
0,163.76
0,163.63
0,163.46
0,163.19
0,162.94
0,162.81
0,162.76
0,162.65
0,162.42
0,162.27
0,162.13
0,162.03
0,161.87
0,161.97
0,161.97
0,162.05
0,161.98
0,161.93
0,162.02
0,161.85
0,162.15
0,162.28
0,162.31
0,162.21
0,162.26
0,162.1
0,161.98
0,161.93
0,161.92
0,162.04
0,161.9
0,161.85
0,161.83
0,161.91
0,162.08
0,162.06
0,162.14
0,162.04
0,162.05
0,162.03
0,162.12
0,162.16
0,162.17
0,162.21
0,162.08
0,162.04
0,162
0,161.94
0,161.88
0,161.89
0,162.16
0,162
0,161.95
0,162.04
0,162.03
0,162.09
0,161.94
0,161.82
0,161.65
0,161.76
0,161.65
0,161.76
0,161.6
0,161.52
0,161.65
0,161.79
0,161.72
0,161.73
0,161.49
0,161.48
0,161.64
0,161.84
0,161.82
0,161.84
0,162.02
0,161.88
0,162.01
0,161.97
0,162.01
0,161.96
0,161.94
0,162.11
0,162.05
0,162.16
0,162.15
0,162.32
0,162.38
0,162.54
0,162.54
0,162.55
0,162.51
0,162.54
0,162.55
0,162.48
0,162.58
0,162.71
0,162.69
0,162.61
0,162.49
0,162.56
0,162.55
0,162.58
0,162.53
0,162.49
0,162.55
0,162.48
0,162.51
0,162.57
0,162.72
0,162.76
0,162.84
0,162.92
0,162.94
0,162.78
0,162.8
0,162.72
0,162.63
0,162.59
0,162.62
0,162.71
0,162.69
0,162.64
0,162.72
0,162.67
0,162.66
0,162.67
0,162.66
0,162.59
0,162.43
0,162.34
0,162.46
0,162.34
0,162.31
0,162.28
0,162.35
0,162.39
0,162.39
0,162.53
0,162.57
0,162.59
0,162.68
0,162.73
0,162.78
0,162.89
0,162.88
0,162.92
0,162.84
0,162.73
0,162.8
0,162.89
0,162.92
0,162.82
0,162.79
0,162.72
0,162.82
0,162.86
0,162.94
0,163
0,162.97
0,162.82
0,162.83
0,162.85
0,162.86
0,162.88
0,162.91
0,162.89
0,162.89
0,162.94
0,162.95
0,163.73
0,163.76
0,163.67
0,163.66
0,163.52
0,163.51
0,163.21
0,163.07
0,163.09
0,163.22
0,163.23
0,163.13
0,163.26
0,163.14
0,163.48
0,163.66
0,163.33
0,163.28
0,163.29
0,163.35
0,163.45
0,163.38
0,163.67
0,163.73
0,164.19
0,164.31
0,164.05
0,164.13
0,164.36
0,164.25
0,164.37
0,164.27
0,164.31
0,164.2
0,164.17
0,163.92
0,163.63
0,163.79
0,163.69
0,163.64
0,163.53
0,163.52
0,163.6
0,163.43
0,163.52
0,163.4
0,163.49
0,163.51
0,163.54
0,163.54
0,163.46
0,163.56
0,163.41
0,163.49
0,163.73
0,163.62
0,163.63
0,163.77
0,163.91
0,163.87
0,163.99
0,163.89
0,163.96
0,163.96
0,163.96
0,163.93
0,163.88
0,163.92
0,163.98
0,163.98
0,164.14
0,164.18
0,164.13
0,164.01
0,164.04
0,164.11
0,164.01
0,163.95
0,163.8
0,163.76
0,163.71
0,163.63
0,163.54
0,163.53
0,163.6
0,163.56
0,163.53
0,163.54
0,163.67
0,163.6
0,163.64
0,163.54
0,163.52
0,163.4
0,163.49
0,163.49
0,163.63
0,163.61
0,163.71
0,163.67
0,163.72
0,163.74
0,163.76
0,163.74
0,163.8
0,163.87
0,163.76
0,163.68
0,163.61
0,163.67
0,163.58
0,163.44
0,163.42
0,163.4
0,163.35
0,163.32
0,163.4
0,163.39
0,163.33
0,163.42
0,163.46
0,163.52
0,163.55
0,163.5
0,163.49
0,163.47
0,163.45
0,163.48
0,163.47
0,163.54
0,163.58
0,163.65
0,163.61
0,163.63
0,163.69
0,163.71
0,163.46
0,163.46
0,163.53
0,163.58
0,163.66
0,163.68
0,163.8
0,163.86
0,163.88
0,163.77
0,163.79
0,163.72
0,163.71
0,163.71
0,163.73
0,163.8
0,163.81
0,163.86
0,163.98
0,164.08
0,164.1
0,164.07
0,164.13
0,164.19
0,164.13
0,164.12
0,164.13
0,164.09
0,164.22
0,164.22
0,164.21
0,164.1
0,164.02
0,164
0,163.96
0,164.07
0,164.07
0,164
0,164.07
0,164.18
0,164.18
0,164.2
0,164.12
0,164.1
0,164.07
0,164.15
0,164.18
0,164.19
0,164.21
0,164.21
0,164.14
0,164.13
0,164.05
0,164.01
0,164.03
0,164.08
0,164.12
0,164.2
0,164.14
0,164.13
0,164.08
0,164.14
0,164.03
0,163.98
0,164.02
0,164.04
0,163.9
0,163.95
0,163.9
0,163.93
0,163.88
0,163.89
0,163.83
0,163.82
0,163.9
0,163.88
0,163.87
0,163.91
0,163.84
0,163.82
0,163.81
0,163.68
0,163.54
0,163.44
0,163.45
0,163.36
0,163.41
0,163.52
0,163.51
0,163.55
0,163.55
0,163.49
0,163.56
0,163.53
0,163.67
0,163.64
0,163.64
0,163.68
0,163.76
0,163.75
0,163.79
0,163.72
0,163.85
0,163.88
0,163.91
0,163.89
0,163.88
0,163.81
0,163.8
0,163.55
0,163.57
0,163.52
0,163.52
0,163.59
0,163.55
0,163.6
0,163.6
0,163.53
0,163.52
0,163.52
0,163.56
0,163.57
0,163.56
0,163.49
0,163.41
0,163.45
0,163.45
0,163.46
0,163.53
0,163.55
0,163.49
0,163.51
0,163.54
0,163.5
0,163.56
0,163.51
0,163.58
0,163.54
0,163.55
0,163.53
0,163.5
0,163.5
0,163.55
0,163.5
0,163.44
0,163.45
0,163.49
0,163.43
0,163.48
0,163.4
0,163.23
0,163.17
0,163.18
0,163.27
0,163.32
0,163.31
0,163.38
0,163.52
0,163.56
0,163.57
0,163.53
0,163.52
0,163.58
0,163.56
0,163.5
0,163.42
0,163.53
0,163.47
0,163.44
0,163.44
0,163.43
0,163.45
0,163.38
0,163.29
0,163.3
0,163.28
0,163.35
0,163.51
0,163.44
0,163.42
0,163.52
0,163.55
0,163.5
0,163.52
0,163.58
0,163.49
0,163.45
0,163.43
0,163.41
0,163.4
0,163.49
0,163.5
0,163.55
0,163.47
0,163.45
0,163.43
0,163.45
0,163.42
0,163.47
0,163.46
0,163.52
0,163.6
0,163.52
0,163.48
0,163.56
0,163.61
0,163.6
0,163.54
0,163.48
0,163.46
0,163.47
0,163.58
0,163.59
0,163.67
0,163.68
0,163.75
0,163.79
0,163.87
0,163.86
0,163.93
0,163.86
0,163.95
0,163.96
0,164
0,163.95
0,163.89
0,163.84
0,163.86
0,163.92
0,163.9
0,163.87
0,163.86
0,163.87
0,163.77
0,163.67
0,163.67
0,163.71
0,163.66
0,163.61
0,163.67
0,163.7
0,163.67
0,163.64
0,163.72
0,163.73
0,163.65
0,163.63
0,163.59
0,163.61
0,163.58
0,163.54
0,163.58
0,163.47
0,163.52
0,163.57
0,163.57
0,163.52
0,163.54
0,163.51
0,163.61
0,163.63
0,163.77
0,163.7
0,163.85
0,163.81
0,163.91
0,163.86
0,163.74
0,163.67
0,163.64
0,163.66
0,163.6
0,163.75
0,163.86
0,163.8
0,163.85
0,163.89
0,164
0,163.93
0,164.09
0,164.06
0,164.09
0,164.07
0,164.15
0,164.09
0,164.07
0,163.96
0,164.11
0,164.06
0,164.02
0,164.06
0,163.97
0,163.95
0,163.9
0,164
0,163.97
0,164.05
0,164.04
0,164.06
0,164.01
0,164.06
0,164.05
0,164.03
0,164.03
0,163.94
0,163.92
0,163.9
0,163.93
0,163.88
0,163.84
0,163.84
0,163.96
0,163.85
0,163.88
0,163.88
0,163.99
0,164.09
0,164.1
0,164.05
0,164.05
0,164.06
0,164.06
0,164.1
0,164.09
0,164.13
0,164.07
0,164.05
0,163.94
0,163.96
0,164.11
0,164.12
0,164.01
0,164.15
0,164.1
0,164.08
0,164.07
0,164.11
0,164.07
0,164.08
0,164.16
0,164.17
0,164.17
0,164.2
0,164.16
0,164.2
0,164.11
0,164.22
0,164.31
0,164.3
0,164.22
0,164.29
0,164.36
0,164.36
0,164.31
0,164.34
0,164.3
0,164.28
0,164.34
0,164.34
0,164.39
0,164.37
0,164.36
0,164.35
0,164.33
0,164.39
0,164.37
0,164.37
0,164.31
0,164.18
0,164.1
0,164.03
0,163.77
0,163.64
0,163.73
0,162.93
0,162.88
0,161.95
0,161.96
0,162
0,162.13
0,162.25
0,162.52
0,162.73
0,162.42
0,162.42
0,162.17
0,162.1
0,162.11
0,161.95
0,161.82
0,161.88
0,161.81
0,161.88
0,161.89
0,161.82
0,161.89
0,161.91
0,161.81
0,161.89
0,161.61
0,161.69
0,161.49
0,161.45
0,161.06
0,161.1
0,161.17
0,161.33
0,161.05
0,161.06
0,161.06
0,161.13
0,161.13
0,161.11
0,161.07
0,160.93
0,160.87
0,160.93
0,160.73
0,160.66
0,160.77
0,161.13
0,160.93
0,160.93
0,160.93
0,160.83
0,160.95
0,161.07
0,161.19
0,161
0,161.01
0,161.02
0,161.12
0,161.04
0,160.92
0,160.75
0,160.87
0,160.93
0,160.97
0,160.84
0,160.73
0,160.72
0,160.61
0,160.58
0,160.66
0,160.5
0,160.6
0,160.5
0,160.49
0,160.53
0,160.48
0,160.41
0,160.42
0,160.41
0,160.59
0,160.55
0,160.59
0,160.55
0,160.53
0,160.63
0,160.67
0,160.5
0,160.28
0,160.52
0,160.59
0,160.7
0,160.78
0,161.04
0,160.98
0,160.99
0,160.87
0,160.92
0,160.88
0,160.94
0,160.94
0,160.94
0,160.99
0,161.03
0,161.05
0,161.21
0,161.11
0,161.09
0,161.06
0,161.12
0,161.3
0,161.16
0,161.12
0,160.98
0,161.09
0,160.97
0,161
0,161.06
0,160.94
0,161.05
0,161
0,161.01
0,161.05
0,161.18
0,161.29
0,161.19
0,161.2
0,161.12
0,161.1
0,161.09
0,161.18
0,161.2
0,161.12
0,161.11
0,161.13
0,161.05
0,161.02
0,161.03
0,161.13
0,161.18
0,161.22
0,161.04
0,161
0,160.97
0,160.88
0,160.95
0,160.91
0,160.91
0,160.89
0,160.88
0,160.83
0,160.92
0,160.94
0,160.73
0,160.7
0,160.61
0,160.61
0,160.53
0,160.43
0,160.47
0,160.5
0,160.55
0,160.53
0,160.61
0,160.6
0,160.6
0,160.7
0,160.76
0,160.9
0,160.93
0,160.99
0,160.87
0,160.81
0,160.75
0,160.74
0,160.87
0,161
0,161.02
0,160.97
0,160.92
0,160.83
0,160.85
0,160.83
0,160.73
0,160.68
0,160.62
0,160.72
0,160.74
0,160.73
0,160.81
0,160.81
0,160.8
0,160.74
0,160.71
0,160.72
0,160.71
0,160.78
0,160.78
0,160.77
0,160.75
0,160.8
0,160.78
0,160.62
0,160.64
0,160.59
0,160.51
0,160.44
0,160.58
0,160.61
0,160.46
0,160.44
0,160.51
0,160.48
0,160.47
0,160.51
0,160.58
0,160.59
0,160.66
0,160.71
0,160.71
0,160.76
0,160.66
0,160.66
0,160.67
0,160.67
0,160.68
0,160.67
0,160.65
0,160.63
0,160.54
0,160.51
0,160.47
0,160.42
0,160.36
0,160.33
0,160.33
0,160.32
0,160.31
0,160.3
0,160.16
0,160.12
0,160.13
0,160.12
0,160.14
0,160.28
0,160.46
0,160.51
0,160.51
0,160.49
0,160.47
0,160.43
0,160.42
0,160.56
0,160.67
0,160.65
0,160.62
0,160.49
0,160.38
0,160.31
0,160.32
0,160.32
0,160.31
0,160.5
0,160.53
0,160.64
0,160.55
0,160.53
0,160.51
0,160.49
0,160.48
0,160.43
0,160.48
0,160.4
0,160.43
0,160.48
0,160.43
0,160.46
0,160.42
0,160.41
0,160.43
0,160.46
0,160.44
0,160.38
0,160.31
0,160.34
0,160.29
0,160.34
0,160.4
0,160.36
0,160.25
0,160.19
0,160.31
0,160.24
0,160.26
0,160.36
0,160.28
0,160.24
0,160.13
0,160.15
0,160.2
0,160.24
0,160.21
0,160.25
0,160.24
0,160.31
0,160.43
0,160.45
0,160.43
0,160.44
0,160.53
0,160.51
0,160.54
0,160.58
0,160.62
0,160.62
0,160.58
0,160.7
0,160.68
0,160.65
0,160.68
0,160.62
0,160.67
0,160.7
0,160.75
0,160.69
0,160.69
0,160.75
0,160.76
0,160.79
0,160.77
0,160.78
0,160.76
0,160.77
0,160.75
0,160.74
0,160.77
0,160.74
0,160.76
0,160.77
0,160.65
0,160.54
0,160.42
0,160.36
0,160.32
0,160.25
0,160.39
0,160.41
0,160.43
0,160.48
0,160.42
0,160.37
0,160.42
0,160.39
0,160.39
0,160.21
0,160.05
0,160.16
0,160.14
0,160.16
0,160.16
0,160.14
0,159.89
0,159.84
0,159.81
0,159.7
0,159.51
0,159.59
0,159.54
0,159.54
0,159.47
0,159.45
0,159.44
0,159.4
0,159.41
0,159.55
0,159.48
0,159.52
0,159.52
0,159.53
0,159.55
0,159.49
0,159.42
0,159.38
0,159.36
0,159.44
0,159.53
0,159.55
0,159.49
0,159.55
0,159.5
0,159.54
0,159.66
0,159.63
0,159.63
0,159.64
0,159.73
0,159.82
0,159.85
0,159.79
0,159.65
0,159.68
0,159.81
0,159.81
0,159.85
0,159.91
0,159.96
0,160.01
0,160.04
0,160.08
0,159.81
0,159.72
0,159.9
0,159.82
0,159.77
0,159.72
0,159.73
0,159.64
0,159.66
0,159.62
0,159.55
0,159.45
0,159.43
0,159.44
0,159.54
0,159.29
0,159.38
0,159.4
0,159.48
0,159.57
0,159.47
0,159.48
0,159.34
0,159.28
0,159.29
0,159.16
0,159.25
0,159.18
0,159.14
0,159.14
0,159.17
0,159.43
0,159.46
0,159.54
0,159.51
0,159.62
0,159.59
0,159.66
0,159.6
0,159.62
0,159.52
0,159.51
0,159.74
0,159.72
0,159.64
0,159.66
0,159.76
0,159.64
0,159.55
0,159.65
0,159.58
0,159.65
0,159.57
0,159.72
0,159.71
0,159.69
0,159.71
0,159.71
0,159.69
0,159.65
0,159.61
0,159.66
0,159.61
0,159.69
0,159.81
0,159.86
0,159.81
0,159.8
0,159.76
0,159.87
0,159.75
0,159.7
0,159.72
0,159.73
0,159.73
0,159.71
0,159.91
0,159.93
0,159.92
0,159.95
0,159.93
0,159.95
0,159.94
0,160.06
0,160.13
0,160.13
0,160.05
0,160
0,160
0,160.03
0,159.99
0,160.13
0,160.34
0,160.33
0,160.29
0,160.22
0,160.31
0,160.23
0,160.19
0,160.21
0,159.69
0,159.47
0,159.48
0,159.59
0,159.96
0,160.01
0,159.94
0,160.1
0,160.17
0,160.38
0,160.46
0,160.4
0,160.37
0,160.28
0,159.97
0,159.93
0,159.96
0,160.12
0,160.2
0,160.21
0,160.22
0,160.36
0,160.32
0,160.4
0,160.36
0,160.25
0,160.12
0,160.2
0,160.23
0,160.18
0,160.17
0,160.13
0,160.04
0,159.91
0,160.06
0,159.84
0,159.92
0,159.98
0,159.88
0,160.14
0,160.24
0,160.22
0,160.21
0,160.13
0,160.13
0,160.2
0,160.2
0,160.31
0,160.24
0,160.31
0,160.3
0,160.2
0,160.27
0,160.23
0,160.35
0,160.44
0,160.46
0,160.45
0,160.54
0,160.69
0,160.74
0,160.68
0,160.76
0,160.77
0,160.86
0,160.88
0,160.92
0,160.96
0,161.05
0,161.1
0,161.03
0,160.98
0,160.95
0,161.12
0,161.07
0,161.19
0,161.23
0,161.25
0,161.31
0,161.37
0,161.4
0,161.4
0,161.27
0,161.29
0,161.23
0,161.16
0,161.19
0,161.24
0,161.16
0,161.19
0,161.07
0,161.08
0,161
0,161.04
0,161.09
0,161.18
0,161.26
0,161.34
0,161.28
0,161.17
0,161
0,161.05
0,161.09
0,161.09
0,161.06
0,161.04
0,161.04
0,161
0,160.98
0,160.99
0,160.85
0,161.02
0,160.96
0,160.98
0,160.77
0,160.66
0,160.61
0,160.63
0,160.57
0,160.47
0,160.52
0,160.6
0,160.66
0,160.73
0,160.65
0,160.57
0,160.69
0,160.71
0,160.82
0,160.92
0,160.83
0,160.93
0,160.92
0,160.87
0,160.74
0,160.78
0,160.75
0,160.77
0,160.87
0,160.92
0,160.87
0,160.88
0,160.96
0,160.97
0,160.87
0,160.85
0,160.9
0,160.87
0,160.86
0,160.83
0,160.9
0,161
0,161.09
0,161
0,160.97
0,160.93
0,161
0,161.05
0,161.04
0,161.13
0,161.13
0,161.27
0,161.24
0,161.26
0,161.27
0,161.33
0,161.41
0,161.46
0,161.41
0,161.35
0,161.36
0,161.41
0,161.35
0,161.34
0,161.25
0,161.3
0,161.36
0,161.32
0,161.3
0,161.31
0,161.23
0,161.12
0,161.09
0,161.13
0,161.22
0,161.23
0,161.2
0,161.15
0,161.24
0,161.15
0,161.11
0,161.2
0,161.21
0,161.15
0,161.18
0,161.25
0,161.31
0,161.32
0,161.37
0,161.22
0,161.25
0,161.25
0,161.13
0,161.06
0,160.95
0,160.9
0,160.92
0,160.87
0,160.99
0,160.92
0,160.96
0,160.94
0,160.86
0,160.84
0,160.8
0,160.77
0,160.73
0,160.74
0,160.84
0,160.76
0,160.85
0,160.91
0,160.94
0,160.84
0,160.93
0,161
0,160.98
0,160.99
0,161.04
0,161.01
0,161.02
0,160.89
0,160.96
0,160.91
0,160.86
0,160.91
0,160.91
0,160.94
0,161.04
0,161.11
0,161.24
0,161.24
0,161.25
0,161.3
0,161.28
0,161.24
0,161.19
0,161.12
0,161.16
0,161.06
0,161.09
0,161.11
0,161.11
0,161.12
0,161.14
0,161.12
0,161.15
0,161.21
0,161.12
0,161.1
0,161.11
0,161.08
0,161.06
0,160.99
0,160.86
0,160.86
0,160.68
0,160.67
0,160.75
0,160.64
0,160.71
0,160.67
0,160.64
0,160.61
0,160.63
0,160.76
0,160.69
0,160.75
0,160.83
0,160.78
0,160.73
0,160.73
0,160.77
0,160.76
0,160.8
0,160.79
0,160.82
0,160.89
0,161.05
0,161.07
0,161.02
0,160.98
0,160.96
0,161
0,160.94
0,161.03
0,161.02
0,161.03
0,161.08
0,161.12
0,161.08
0,161.11
0,161.17
0,161.08
0,161.24
0,161.25
0,161.33
0,161.26
0,161.25
0,161.31
0,161.28
0,161.37
0,161.34
0,161.29
0,161.28
0,161.15
0,161.1
0,161.11
0,161.26
0,161.34
0,161.36
0,161.39
0,161.39
0,161.43
0,161.58
0,161.68
0,161.7
0,161.62
0,161.7
0,161.79
0,161.78
0,161.78
0,161.84
0,161.78
0,161.77
0,161.82
0,161.81
0,161.83
0,161.91
0,161.95
0,161.93
0,161.97
0,161.9
0,161.88
0,162.02
0,161.91
0,161.93
0,161.88
0,161.88
0,161.84
0,161.81
0,161.8
0,161.79
0,161.85
0,161.81
0,161.84
0,161.65
0,161.65
0,161.56
0,161.46
0,161.45
0,161.43
0,161.4
0,161.35
0,161.34
0,161.22
0,161.26
0,161.11
0,161.09
0,161.08
0,161.11
0,161.17
0,161.2
0,161.09
0,161.14
0,161.19
0,161.17
0,161.17
0,161.09
0,161.09
0,161.13
0,161.09
0,161.14
0,161.15
0,161.19
0,161.27
0,161.27
0,161.14
0,161.14
0,161.02
0,160.98
0,160.97
0,161
0,160.93
0,160.96
0,160.94
0,160.87
0,160.82
0,160.9
0,160.99
0,160.99
0,161.01
0,161.03
0,161.03
0,161.05
0,161.13
0,161.31
0,161.46
0,161.53
0,161.5
0,161.65
0,161.52
0,161.54
0,161.47
0,161.49
0,161.51
0,161.73
0,161.76
0,161.86
0,161.82
0,161.78
0,161.97
0,161.95
0,162.11
0,162.1
0,161.94
0,161.72
0,161.63
0,161.51
0,161.49
0,161.52
0,161.53
0,161.55
0,161.51
0,161.44
0,161.48
0,161.48
0,161.46
0,161.6
0,161.66
0,161.63
0,161.61
0,161.61
0,161.62
0,161.78
0,161.77
0,161.91
0,161.98
0,161.93
0,162.11
0,162.23
0,162.27
0,162.22
0,162.29
0,162.38
0,162.34
0,162.37
0,162.31
0,162.26
0,162.3
0,162.47
0,162.46
0,162.4
0,162.32
0,162.32
0,162.41
0,162.41
0,162.31
0,162.2
0,162.28
0,162.01
0,161.92
0,161.91
0,161.8
0,161.82
0,161.79
0,161.82
0,161.68
0,161.76
0,161.78
0,161.72
0,161.55
0,161.56
0,161.61
0,161.52
0,161.47
0,161.49
0,161.52
0,161.53
0,161.76
0,161.75
0,161.38
0,161.44
0,161.47
0,161.52
0,161.57
0,161.49
0,161.49
0,161.4
0,161.5
0,161.37
0,161.38
0,161.45
0,161.33
0,161.31
0,161.36
0,161.41
0,161.49
0,161.44
0,160.44
0,160.49
0,160.26
0,159.56
0,159.61
0,159.89
0,159.97
0,159.99
0,160
0,160.11
0,160.15
0,160.24
0,160.15
0,159.89
0,159.94
0,159.91
0,160.06
0,159.97
0,160.05
0,160.18
0,160.23
0,160.36
0,160.3
0,160.26
0,160.34
0,160.34
0,160.31
0,159.98
0,160.01
0,159.96
0,159.83
0,160
0,160.16
0,160.26
0,160.33
0,160.3
0,160.25
0,160.07
0,159.93
0,160.02
0,159.92
0,159.8
0,159.77
0,159.79
0,159.92
0,159.97
0,159.97
0,160.14
0,160.15
0,160.06
0,160.24
0,160.14
0,160.24
0,160.15
0,160.23
0,160.23
0,160.25
0,160.19
0,160.25
0,160.33
0,160.3
0,160.1
0,160.15
0,160.22
0,160.23
0,160.3
0,160.2
0,160.19
0,160.21
0,160.03
0,160.09
0,160.04
0,160.1
0,160.18
0,160.14
0,160.18
0,160.22
0,160.15
0,160.12
0,160.1
0,160.04
0,160.02
0,159.93
0,159.96
0,159.96
0,159.99
0,159.96
0,159.95
0,159.97
0,159.97
0,160.07
0,160.02
0,160.09
0,160.01
0,160.01
0,160.14
0,159.98
0,160.06
0,160.02
0,160.03
0,160.04
0,160.07
0,160.14
0,160.27
0,160.27
0,160.3
0,160.27
0,160.32
0,160.31
0,160.27
0,160.16
0,160.16
0,160.19
0,160.27
0,160.33
0,160.34
0,160.31
0,160.23
0,160.26
0,160.28
0,160.36
0,160.4
0,160.43
0,160.46
0,160.44
0,160.46
0,160.44
0,160.42
0,160.43
0,160.43
0,160.4
0,160.37
0,160.33
0,160.27
0,160.24
0,160.24
0,160.21
0,160.26
0,160.28
0,160.3
0,160.25
0,160.16
0,160.28
0,160.36
0,160.37
0,160.18
0,160.19
0,160.2
0,160.31
0,160.35
0,160.49
0,160.49
0,160.36
0,160.29
0,160.29
0,160.32
0,160.4
0,160.43
0,160.45
0,160.43
0,160.44
0,160.44
0,160.51
0,160.59
0,160.59
0,160.61
0,160.57
0,160.72
0,160.82
0,160.97
0,160.98
0,160.99
0,160.99
0,161.1
0,161.09
0,161.24
0,161.26
0,161.13
0,161.21
0,161.21
0,161.16
0,161.13
0,161.19
0,161.28
0,161.27
0,161.31
0,161.39
0,161.31
0,161.32
0,161.34
0,161.37
0,161.37
0,161.4
0,161.4
0,161.5
0,161.45
0,161.52
0,161.47
0,161.45
0,161.41
0,161.36
0,161.31
0,161.4
0,161.47
0,161.4
0,161.37
0,161.33
0,161.37
0,161.4
0,161.36
0,161.34
0,161.28
0,161.24
0,161.27
0,161.19
0,161.24
0,161.4
0,161.38
0,161.42
0,161.36
0,161.34
0,161.31
0,161.47
0,161.41
0,161.52
0,161.49
0,161.57
0,161.44
0,161.46
0,161.48
0,161.46
0,161.47
0,161.49
0,161.53
0,161.54
0,161.63
0,161.71
0,161.78
0,161.82
0,161.92
0,161.75
0,161.86
0,161.86
0,161.88
0,161.77
0,161.69
0,161.81
0,161.81
0,161.77
0,161.8
0,161.81
0,161.75
0,161.87
0,161.88
0,161.86
0,161.9
0,161.94
0,161.89
0,161.84
0,161.89
0,161.96
0,161.9
0,161.9
0,161.9
0,161.96
0,161.95
0,162.1
0,162.08
0,162.05
0,162.09
0,162.07
0,162.19
0,162.18
0,162.2
0,162.2
0,162.14
0,162.05
0,162.15
0,162.09
0,162.13
0,162.08
0,162.12
0,162.1
0,162.03
0,162.08
0,162.05
0,162
0,161.94
0,162.06
0,162.03
0,161.97
0,161.93
0,161.92
0,161.96
0,162.03
0,162.08
0,161.97
0,162.05
0,162.08
0,162.06
0,162.07
0,162.03
0,161.93
0,161.93
0,161.96
0,162.01
0,162.01
0,162.06
0,162.12
0,162.14
0,162.16
0,162.09
0,161.97
0,162.07
0,161.99
0,161.98
0,162.04
0,162.01
0,162.02
0,162.1
0,162
0,162.05
0,162.1
0,162.08
0,162.1
0,162.1
0,162.14
0,162.3
0,162.35
0,162.4
0,162.41
0,162.28
0,162.11
0,161.97
0,161.96
0,162.01
0,161.99
0,161.93
0,161.98
0,161.98
0,161.98
0,161.98
0,161.98
0,162.01
0,162.03
0,161.99
0,162
0,161.83
0,161.76
0,161.81
0,161.78
0,161.58
0,161.53
0,161.43
0,161.45
0,161.47
0,161.48
0,161.47
0,161.51
0,161.59
0,161.69
0,161.88
0,161.83
0,161.79
0,161.74
0,161.71
0,161.69
0,161.74
0,161.69
0,161.68
0,161.61
0,161.59
0,161.57
0,161.62
0,161.61
0,161.56
0,161.53
0,161.48
0,161.48
0,161.47
0,161.5
0,161.5
0,161.49
0,161.52
0,161.51
0,161.54
0,161.53
0,161.62
0,161.37
0,161.14
0,161.23
0,161.09
0,161.36
0,161.34
0,161.33
0,161.45
0,161.58
0,161.57
0,161.53
0,161.47
0,161.49
0,161.46
0,161.38
0,161.45
0,161.48
0,161.44
0,161.48
0,161.51
0,161.48
0,161.48
0,161.46
0,161.44
0,161.51
0,161.41
0,161.46
0,161.45
0,161.42
0,161.44
0,161.34
0,161.35
0,161.36
0,161.43
0,161.4
0,161.36
0,161.37
0,161.39
0,161.4
0,161.39
0,161.41
0,161.45
0,161.37
0,161.34
0,161.41
0,161.36
0,161.29
0,161.35
0,161.35
0,161.46
0,161.48
0,161.43
0,161.41
0,161.45
0,161.52
0,161.42
0,161.38
0,161.4
0,161.31
0,161.31
0,161.28
0,161.08
0,161.14
0,161.13
0,161.09
0,161.12
0,161.13
0,161.04
0,161.08
0,161.14
0,161.27
0,161.15
0,161.27
0,161.41
0,161.46
0,161.38
0,161.45
0,161.37
0,161.41
0,161.38
0,161.3
0,161.29
0,161.22
0,161.19
0,161.3
0,161.38
0,161.4
0,161.32
0,161.3
0,161.29
0,161.34
0,161.4
0,161.44
0,161.44
0,161.43
0,161.48
0,161.49
0,161.46
0,161.42
0,161.44
0,161.46
0,161.47
0,161.49
0,161.55
0,161.58
0,161.57
0,161.54
0,161.5
0,161.45
0,161.48
0,161.38
0,161.37
0,161.34
0,161.41
0,161.5
0,161.33
0,161.3
0,161.35
0,161.41
0,160.63
0,160.79
0,161.05
0,160.88
0,161.28
0,161.63
0,161.36
0,161.5
0,161.62
0,161.73
0,161.7
0,161.5
0,161.57
0,160.98
0,161.07
0,161.08
0,161.09
0,161.11
0,161.22
0,161.23
0,160.82
0,160.91
0,160.73
0,160.68
0,160.61
0,160.57
0,160.65
0,160.61
0,160.53
0,160.51
0,160.33
0,160.38
0,160.36
0,160.32
0,160.26
0,159.96
0,159.91
0,160.02
0,159.95
0,159.9
0,159.9
0,159.86
0,159.74
0,159.85
0,160.06
0,160.07
0,160.05
0,160.01
0,159.98
0,159.97
0,159.96
0,159.86
0,159.95
0,160
0,160.07
0,159.95
0,159.85
0,159.77
0,159.67
0,159.66
0,159.77
0,159.83
0,159.7
0,159.74
0,159.58
0,159.45
0,159.55
0,159.59
0,159.46
0,159.44
0,159.6
0,159.57
0,159.6
0,159.63
0,159.57
0,159.72
0,159.54
0,159.54
0,159.51
0,159.52
0,159.57
0,159.47
0,159.35
0,159.41
0,159.42
0,159.43
0,159.38
0,159.27
0,159.47
0,159.35
0,159.22
0,159.13
0,159.08
0,159.13
0,159.21
0,159.37
0,159.22
0,159.25
0,159.28
0,159.22
0,159.08
0,159.2
0,159.21
0,159.3
0,159.45
0,159.49
0,159.39
0,159.3
0,159.4
0,159.32
0,159.26
0,159.18
0,159.22
0,159.15
0,159.11
0,159.08
0,159.08
0,159.09
0,159.11
0,159.2
0,159.25
0,159.2
0,159.23
0,159.3
0,159.47
0,159.46
0,159.36
0,159.27
0,159.27
0,159.38
0,159.41
0,159.27
0,159.26
0,159.28
0,159.3
0,159.36
0,159.38
0,159.33
0,159.24
0,159.26
0,159.4
0,159.35
0,159.28
0,159.22
0,159.18
0,159.15
0,159.07
0,159.01
0,158.89
0,158.93
0,158.98
0,158.94
0,158.97
0,159.04
0,158.95
0,159.13
0,159.13
0,159.05
0,159.07
0,159.24
0,159.19
0,159.08
0,158.92
0,158.96
0,158.98
0,158.96
0,158.99
0,158.8
0,158.83
0,158.82
0,158.85
0,158.66
0,158.7
0,158.61
0,158.63
0,158.64
0,158.56
0,158.46
0,158.42
0,158.53
0,158.73
0,158.67
0,158.69
0,158.68
0,158.67
0,158.67
0,158.6
0,158.58
0,158.81
0,158.84
0,158.83
0,158.76
0,158.73
0,158.72
0,158.69
0,158.76
0,158.75
0,158.86
0,158.89
0,158.94
0,158.87
0,158.78
0,158.84
0,158.83
0,158.75
0,158.75
0,158.67
0,158.59
0,158.71
0,158.71
0,158.66
0,158.67
0,158.69
0,158.69
0,158.62
0,158.61
0,158.59
0,158.46
0,158.41
0,158.46
0,158.42
0,158.38
0,158.4
0,158.42
0,158.34
0,158.44
0,158.44
0,158.45
0,158.5
0,158.51
0,158.61
0,158.76
0,158.79
0,158.87
0,158.88
0,158.78
0,158.83
0,158.85
0,158.87
0,158.78
0,158.82
0,158.8
0,158.81
0,158.71
0,158.72
0,158.57
0,158.61
0,158.57
0,158.54
0,158.58
0,158.51
0,158.6
0,158.59
0,158.56
0,158.59
0,158.58
0,158.6
0,158.62
0,158.59
0,158.55
0,158.58
0,158.61
0,158.61
0,158.55
0,158.48
0,158.54
0,158.52
0,158.48
0,158.51
0,158.51
0,158.43
0,158.43
0,158.5
0,158.41
0,158.47
0,158.43
0,158.35
0,158.48
0,158.45
0,158.53
0,158.63
0,158.65
0,158.66
0,158.67
0,158.64
0,158.62
0,158.68
0,158.59
0,158.58
0,158.57
0,158.57
0,158.6
0,158.62
0,158.56
0,158.57
0,158.6
0,158.56
0,158.6
0,158.56
0,158.67
0,158.65
0,158.72
0,158.74
0,158.76
0,158.68
0,158.63
0,158.62
0,158.58
0,158.48
0,158.49
0,158.45
0,158.38
0,158.55
0,158.53
0,158.58
0,158.65
0,158.71
0,158.67
0,158.69
0,158.63
0,158.6
0,158.56
0,158.52
0,158.54
0,158.4
0,158.41
0,158.34
0,158.31
0,158.27
0,158.1
0,158.15
0,158.06
0,158.14
0,158.08
0,158.07
0,158.11
0,158.08
0,158.09
0,158.05
0,157.92
0,157.94
0,158
0,157.97
0,157.88
0,157.91
0,157.87
0,157.83
0,157.79
0,157.68
0,157.55
0,157.46
0,157.5
0,157.54
0,157.51
0,157.48
0,157.48
0,157.46
0,157.48
0,157.39
0,157.37
0,157.27
0,157.14
0,157.05
0,157.04
0,157.1
0,157.1
0,157.14
0,157.16
0,157.29
0,157.32
0,157.36
0,157.33
0,157.34
0,157.31
0,157.24
0,157.27
0,157.24
0,157.23
0,157.25
0,157.32
0,157.4
0,157.4
0,157.44
0,157.45
0,157.41
0,157.41
0,157.38
0,157.45
0,157.43
0,157.51
0,157.76
0,157.7
0,157.39
0,157.2
0,157.24
0,157.19
0,156.95
0,156.81
0,156.8
0,156.93
0,156.8
0,156.9
0,156.9
0,156.76
0,156.73
0,156.72
0,156.68
0,156.8
0,156.73
0,156.83
0,156.87
0,157.01
0,157.03
0,156.94
0,156.98
0,157
0,157.16
0,157.12
0,157.1
0,156.95
0,157.18
0,157.13
0,157.07
0,157.14
0,157.13
0,157.14
0,157.13
0,157.04
0,157.02
0,157.08
0,157.33
0,157.47
0,157.36
0,157.5
0,157.55
0,157.5
0,157.49
0,157.59
0,157.66
0,157.75
0,157.78
0,157.74
0,157.69
0,157.82
0,157.83
0,157.84
0,157.79
0,157.78
0,157.71
0,157.75
0,157.82
0,157.82
0,158.06
0,158.02
0,158.01
0,158.04
0,157.91
0,157.85
0,157.83
0,157.87
0,157.85
0,157.86
0,157.81
0,157.71
0,157.73
0,157.51
0,157.52
0,157.5
0,157.49
0,157.4
0,157.37
0,157.13
0,157.05
0,157.13
0,157.03
0,156.98
0,157.03
0,156.97
0,156.95
0,157.14
0,157.2
0,157.42
0,157.45
0,157.66
0,157.55
0,157.53
0,157.54
0,157.49
0,157.41
0,157.37
0,157.64
0,157.55
0,157.72
0,157.95
0,157.87
0,157.85
0,157.93
0,157.82
0,157.77
0,157.81
0,157.98
0,157.72
0,157.9
0,157.89
0,157.93
0,157.93
0,157.94
0,157.95
0,158.02
0,2495.5
0,2499.25
0,2498.75
0,2496
0,2496.25
0,2500.5
0,2497.5
0,2501
0,2509.75
0,2507.5
0,2508.25
0,2504.5
0,2501.25
0,2499.25
0,2498.25
0,2501.25
