0,64.165
0,64.03
0,63.92
0,63.945
0,63.875
0,63.795
0,63.855
0,63.84
0,63.88
0,63.865
0,63.935
0,63.905
0,63.94
0,63.945
0,63.92
0,63.895
0,63.915
0,63.89
0,63.915
0,63.855
0,63.83
0,63.855
0,63.905
0,63.925
0,63.92
0,64
0,64.085
0,64.105
0,64.08
0,64.075
0,64.075
0,64.11
0,64.11
0,64.1
0,64.095
0,64.09
0,64.11
0,64.215
0,64.25
0,64.26
0,64.295
0,64.305
0,64.355
0,64.385
0,64.39
0,64.325
0,64.34
0,64.305
0,64.295
0,64.26
0,64.225
0,64.235
0,64.23
0,64.215
0,64.195
0,64.215
0,64.29
0,64.245
0,64.3
0,64.325
0,64.34
0,64.375
0,64.32
0,64.37
0,64.31
0,64.385
0,64.34
0,64.31
0,64.46
0,64.39
0,64.355
0,64.31
0,64.27
0,64.245
0,64.24
0,64.285
0,64.33
0,64.295
0,64.325
0,64.265
0,64.285
0,64.23
0,64.245
0,64.27
0,64.265
0,64.255
0,64.255
0,64.26
0,64.27
0,64.27
0,64.26
0,64.225
0,64.22
0,64.16
0,64.165
0,64.145
0,64.15
0,64.145
0,64.14
0,64.175
0,64.15
0,64.08
0,64.06
0,64.075
0,64.105
0,64.08
0,64.065
0,64.09
0,64.095
0,64.085
0,64.095
0,64.09
0,64.09
0,64.095
0,64.1
0,64.09
0,64.09
0,64.06
0,64.095
0,64.06
0,64.08
0,64.015
0,64.02
0,64.04
0,64.07
0,64.07
0,64.075
0,64.095
0,64.085
0,64.08
0,64.095
0,64.095
0,64.075
0,64.07
0,64.07
0,64.04
0,64
0,64.02
0,64.045
0,64.055
0,64.085
0,64.08
0,64.08
0,64.075
0,64.085
0,64.09
0,64.13
0,64.17
0,64.11
0,64.085
0,64.02
0,64
0,63.98
0,63.94
0,63.885
0,63.89
0,63.89
0,63.89
0,63.88
0,63.87
0,63.795
0,63.805
0,63.81
0,63.8
0,63.805
0,63.78
0,63.765
0,63.79
0,63.82
0,63.93
0,63.945
0,63.875
0,63.85
0,63.84
0,63.875
0,63.9
0,63.885
0,63.92
0,63.9
0,63.92
0,63.965
0,63.96
0,63.975
0,64
0,64
0,64
0,63.97
0,63.985
0,63.985
0,64.015
0,64.055
0,64.07
0,64.08
0,64.055
0,64.04
0,64.065
0,64.06
0,64.055
0,64.09
0,64.085
0,64.045
0,64.035
0,64.02
0,64.045
0,64.03
0,64.01
0,64.055
0,64.04
0,64.04
0,63.96
0,63.94
0,63.965
0,63.815
0,63.88
0,63.8
0,63.695
0,63.755
0,63.78
0,63.795
0,63.8
0,63.795
0,63.795
0,63.735
0,63.685
0,63.665
0,63.67
0,63.68
0,63.705
0,63.71
0,63.715
0,63.725
0,63.735
0,63.735
0,63.69
0,63.7
0,63.705
0,63.71
0,63.745
0,63.74
0,63.78
0,63.76
0,63.745
0,63.715
0,63.755
0,63.79
0,63.805
0,63.78
0,63.755
0,63.76
0,63.78
0,63.77
0,63.78
0,63.78
0,63.795
0,63.795
0,63.785
0,63.755
0,63.73
0,63.76
0,63.76
0,63.74
0,63.7
0,63.695
0,63.695
0,63.72
0,63.74
0,63.73
0,63.7
0,63.675
0,63.695
0,63.7
0,63.715
0,63.67
0,63.66
0,63.675
0,63.67
0,63.66
0,63.645
0,63.64
0,63.67
0,63.67
0,63.655
0,63.645
0,63.65
0,63.65
0,63.605
0,63.59
0,63.585
0,63.585
0,63.57
0,63.58
0,63.57
0,63.565
0,63.565
0,63.575
0,63.57
0,63.61
0,63.615
0,63.605
0,63.59
0,63.575
0,63.505
0,63.555
0,63.535
0,63.53
0,63.52
0,63.525
0,63.57
0,63.6
0,63.58
0,63.63
0,63.605
0,63.585
0,63.63
0,63.62
0,63.665
0,63.65
0,63.65
0,63.7
0,63.69
0,63.68
0,63.73
0,63.745
0,63.755
0,63.735
0,63.745
0,63.75
0,63.76
0,63.79
0,63.765
0,63.8
0,63.84
0,63.87
0,63.94
0,63.965
0,63.94
0,63.945
0,64.025
0,64.01
0,63.975
0,63.925
0,63.93
0,63.89
0,63.85
0,63.86
0,63.87
0,63.84
0,63.845
0,63.825
0,63.865
0,63.855
0,63.895
0,63.88
0,63.87
0,63.865
0,63.875
0,63.88
0,63.875
0,63.935
0,63.965
0,64.025
0,64.03
0,64.035
0,64.095
0,64.08
0,64.13
0,64.11
0,64.125
0,64.15
0,64.18
0,64.185
0,64.21
0,64.15
0,64.18
0,64.19
0,64.16
0,64.145
0,64.17
0,64.185
0,64.17
0,64.21
0,64.235
0,64.27
0,64.28
0,64.295
0,64.27
0,64.265
0,64.165
0,64.08
0,64.085
0,64.065
0,64.13
0,64.1
0,64.1
0,64.125
0,64.18
0,64.16
0,64.11
0,64.09
0,64.04
0,64.005
0,64.035
0,63.98
0,63.98
0,63.935
0,63.87
0,63.915
0,63.91
0,63.93
0,63.87
0,63.925
0,63.925
0,63.875
0,63.845
0,63.84
0,64.09
0,63.875
0,63.875
0,63.88
0,63.995
0,64.045
0,64.125
0,64.115
0,64.135
0,64.175
0,64.185
0,64.17
0,64.23
0,64.2
0,64.15
0,64.17
0,64.195
0,64.195
0,64.25
0,64.24
0,64.205
0,64.24
0,64.335
0,64.43
0,64.48
0,64.425
0,64.375
0,64.365
0,64.47
0,64.425
0,64.385
0,64.38
0,64.31
0,64.385
0,64.405
0,64.405
0,64.45
0,64.475
0,64.47
0,64.405
0,64.45
0,64.41
0,64.445
0,64.415
0,64.465
0,64.44
0,64.45
0,64.405
0,64.4
0,64.38
0,64.37
0,64.36
0,64.345
0,64.375
0,64.375
0,64.4
0,64.39
0,64.35
0,64.34
0,64.36
0,64.305
0,64.295
0,64.26
0,64.22
0,64.245
0,64.255
0,64.315
0,64.31
0,64.31
0,64.34
0,64.325
0,64.305
0,64.33
0,64.355
0,64.335
0,64.325
0,64.35
0,64.365
0,64.36
0,64.365
0,64.375
0,64.385
0,64.38
0,64.385
0,64.395
0,64.435
0,64.505
0,64.48
0,64.505
0,64.535
0,64.61
0,64.61
0,64.685
0,64.705
0,64.785
0,64.755
0,64.68
0,64.57
0,64.49
0,64.415
0,64.31
0,64.26
0,64.245
0,64.185
0,64.25
0,64.14
0,64.185
0,64.225
0,64.22
0,64.28
0,64.32
0,64.34
0,64.335
0,64.275
0,64.205
0,64.23
0,64.335
0,64.385
0,64.4
0,64.31
0,64.31
0,64.34
0,64.305
0,64.36
0,64.355
0,64.275
0,64.37
0,64.295
0,64.33
0,64.35
0,64.41
0,64.335
0,64.295
0,64.245
0,64.27
0,64.26
0,64.25
0,64.265
0,64.25
0,64.225
0,64.17
0,64.12
0,64.13
0,64.105
0,64.17
0,64.135
0,64.175
0,64.155
0,64.17
0,64.205
0,64.225
0,64.26
0,64.23
0,64.27
0,64.325
0,64.355
0,64.325
0,64.325
0,64.345
0,64.37
0,64.385
0,64.465
0,64.49
0,64.49
0,64.48
0,64.495
0,64.46
0,64.47
0,64.465
0,64.465
0,64.46
0,64.435
0,64.455
0,64.42
0,64.425
0,64.405
0,64.42
0,64.5
0,64.475
0,64.45
0,64.465
0,64.445
0,64.43
0,64.475
0,64.475
0,64.47
0,64.455
0,64.455
0,64.445
0,64.45
0,64.455
0,64.455
0,64.475
0,64.48
0,64.53
0,64.49
0,64.525
0,64.515
0,64.525
0,64.575
0,64.615
0,64.665
0,64.69
0,64.685
0,64.785
0,64.72
0,64.675
0,64.655
0,64.665
0,64.695
0,64.69
0,64.695
0,64.685
0,64.675
0,64.68
0,64.665
0,64.705
0,64.675
0,64.695
0,64.675
0,64.665
0,64.665
0,64.615
0,64.61
0,64.665
0,64.685
0,64.68
0,64.675
0,64.645
0,64.62
0,64.605
0,64.58
0,64.605
0,64.62
0,64.635
0,64.605
0,64.585
0,64.56
0,64.575
0,64.615
0,64.585
0,64.58
0,64.56
0,64.525
0,64.565
0,64.58
0,64.635
0,64.615
0,64.59
0,64.57
0,64.55
0,64.555
0,64.54
0,64.51
0,64.51
0,64.51
0,64.52
0,64.52
0,64.48
0,64.4
0,64.435
0,64.4
0,64.375
0,64.36
0,64.34
0,64.37
0,64.365
0,64.33
0,64.4
0,64.4
0,64.4
0,64.36
0,64.325
0,64.31
0,64.305
0,64.27
0,64.265
0,64.255
0,64.265
0,64.28
0,64.285
0,64.31
0,64.315
0,64.27
0,64.27
0,64.265
0,64.275
0,64.26
0,64.21
0,64.235
0,64.25
0,64.28
0,64.285
0,64.29
0,64.305
0,64.305
0,64.31
0,64.31
0,64.295
0,64.315
0,64.315
0,64.33
0,64.34
0,64.27
0,64.265
0,64.26
0,64.235
0,64.195
0,64.235
0,64.235
0,64.24
0,64.275
0,64.26
0,64.265
0,64.27
0,64.275
0,64.275
0,64.245
0,64.245
0,64.255
0,64.245
0,64.225
0,64.225
0,64.22
0,64.21
0,64.23
0,64.23
0,64.29
0,64.31
0,64.325
0,64.31
0,64.295
0,64.315
0,64.34
0,64.34
0,64.325
0,64.29
0,64.285
0,64.27
0,64.245
0,64.205
0,64.205
0,64.22
0,64.215
0,64.25
0,64.26
0,64.245
0,64.235
0,64.245
0,64.27
0,64.285
0,64.29
0,64.265
0,64.325
0,64.335
0,64.335
0,64.35
0,64.41
0,64.41
0,64.385
0,64.35
0,64.355
0,64.365
0,64.345
0,64.375
0,64.35
0,64.325
0,64.31
0,64.275
0,64.28
0,64.315
0,64.32
0,64.305
0,64.32
0,64.315
0,64.31
0,64.29
0,64.28
0,64.29
0,64.29
0,64.32
0,64.34
0,64.34
0,64.33
0,64.31
0,64.295
0,64.315
0,64.375
0,64.32
0,64.335
0,64.3
0,64.27
0,64.23
0,64.225
0,64.235
0,64.23
0,64.265
0,64.255
0,64.23
0,64.215
0,64.17
0,64.165
0,64.18
0,64.16
0,64.17
0,64.2
0,64.205
0,64.19
0,64.22
0,64.225
0,64.225
0,64.245
0,64.255
0,64.26
0,64.255
0,64.22
0,64.225
0,64.235
0,64.235
0,64.225
0,64.22
0,64.225
0,64.23
0,64.235
0,64.26
0,64.23
0,64.24
0,64.245
0,64.255
0,64.27
0,64.25
0,64.24
0,64.195
0,64.205
0,64.21
0,64.21
0,64.175
0,64.175
0,64.175
0,64.18
0,64.235
0,64.24
0,64.23
0,64.215
0,64.22
0,64.245
0,64.235
0,64.255
0,64.24
0,64.25
0,64.27
0,64.27
0,64.275
0,64.295
0,64.315
0,64.325
0,64.31
0,64.295
0,64.29
0,64.29
0,64.34
0,64.335
0,64.34
0,64.345
0,64.325
0,64.335
0,64.325
0,64.32
0,64.35
0,64.35
0,64.355
0,64.33
0,64.33
0,64.36
0,64.405
0,64.39
0,64.43
0,64.41
0,64.45
0,64.44
0,64.455
0,64.41
0,64.425
0,64.455
0,64.505
0,64.545
0,64.58
0,64.56
0,64.57
0,64.59
0,64.575
0,64.605
0,64.655
0,64.64
0,64.645
0,64.64
0,64.645
0,64.685
0,64.69
0,64.635
0,64.54
0,64.55
0,64.495
0,64.44
0,64.315
0,64.335
0,64.355
0,64.355
0,64.325
0,64.25
0,64.3
0,64.38
0,64.39
0,64.405
0,64.43
0,64.485
0,64.485
0,64.505
0,64.495
0,64.49
0,64.445
0,64.46
0,64.445
0,64.455
0,64.43
0,64.465
0,64.42
0,64.385
0,64.37
0,64.375
0,64.41
0,64.405
0,64.355
0,64.36
0,64.405
0,64.385
0,64.395
0,64.42
0,64.445
0,64.485
0,64.52
0,64.5
0,64.49
0,64.475
0,64.445
0,64.44
0,64.465
0,64.495
0,64.52
0,64.51
0,64.54
0,64.575
0,64.575
0,64.585
0,64.565
0,64.56
0,64.53
0,64.575
0,64.61
0,64.62
0,64.6
0,64.59
0,64.625
0,64.65
0,64.685
0,64.695
0,64.71
0,64.745
0,64.735
0,64.705
0,64.695
0,64.7
0,64.7
0,64.72
0,64.705
0,64.755
0,64.745
0,64.715
0,64.715
0,64.72
0,64.75
0,64.76
0,64.72
0,64.71
0,64.715
0,64.69
0,64.65
0,64.665
0,64.675
0,64.675
0,64.71
0,64.69
0,64.665
0,65.925
0,65.905
0,65.98
0,65.945
0,65.905
0,65.76
0,65.77
0,65.795
0,65.83
0,65.725
0,65.85
0,65.81
0,65.765
0,65.825
0,65.865
0,65.725
0,65.72
0,65.745
0,65.735
0,65.72
0,65.715
0,65.75
0,65.8
0,65.82
0,65.85
0,65.83
0,65.75
0,65.735
0,65.74
0,65.755
0,65.715
0,65.68
0,65.705
0,65.695
0,65.72
0,65.8
0,65.77
0,65.725
0,65.75
0,65.765
0,65.7
0,65.76
0,65.705
0,65.645
0,65.685
0,65.685
0,65.69
0,65.675
0,65.76
0,65.755
0,65.77
0,65.755
0,65.715
0,65.645
0,65.645
0,65.61
0,65.63
0,65.62
0,65.63
0,65.61
0,65.63
0,65.61
0,65.595
0,65.575
0,65.545
0,65.56
0,65.58
0,65.59
0,65.545
0,65.515
0,65.495
0,65.555
0,65.62
0,65.57
0,65.55
0,65.565
0,65.6
0,65.605
0,65.6
0,65.625
0,65.695
0,65.745
0,65.725
0,65.71
0,65.71
0,65.73
0,65.77
0,65.795
0,65.805
0,65.86
0,65.84
0,65.84
0,65.81
0,65.8
0,65.825
0,65.86
0,65.835
0,65.815
0,65.795
0,65.83
0,65.845
0,65.87
0,65.88
0,65.865
0,65.91
0,65.895
0,65.9
0,65.885
0,65.875
0,65.905
0,65.935
0,65.93
0,65.93
0,65.94
0,65.98
0,65.93
0,65.905
0,65.95
0,65.94
0,65.89
0,65.85
0,65.91
0,65.9
0,65.895
0,65.91
0,65.955
0,65.975
0,65.95
0,65.92
0,65.92
0,65.935
0,65.89
0,65.875
0,65.955
0,65.98
0,66
0,65.97
0,65.985
0,65.985
0,65.96
0,65.965
0,65.97
0,65.955
0,65.96
0,65.96
0,65.965
0,65.93
0,65.93
0,65.935
0,65.93
0,65.92
0,65.905
0,65.845
0,65.875
0,65.845
0,65.79
0,65.795
0,65.805
0,65.795
0,65.815
0,65.84
0,65.84
0,65.835
0,65.835
0,65.825
0,65.825
0,65.845
0,65.81
0,65.85
0,65.87
0,65.9
0,65.92
0,65.935
0,65.89
0,65.92
0,65.9
0,65.905
0,65.875
0,65.875
0,65.92
0,65.905
0,65.935
0,65.935
0,65.955
0,65.925
0,65.905
0,65.89
0,65.9
0,65.915
0,65.905
0,65.865
0,65.85
0,65.875
0,65.885
0,65.88
0,65.895
0,65.885
0,65.86
0,65.895
0,65.91
0,65.905
0,65.85
0,65.85
0,65.855
0,65.825
0,65.83
0,65.835
0,65.825
0,65.825
0,65.805
0,65.81
0,65.825
0,65.815
0,65.8
0,65.795
0,65.835
0,65.81
0,65.83
0,65.845
0,65.855
0,65.845
0,65.835
0,65.81
0,65.79
0,65.78
0,65.79
0,65.795
0,65.815
0,65.805
0,65.785
0,65.78
0,65.71
0,65.665
0,65.675
0,65.71
0,65.735
0,65.755
0,65.78
0,65.82
0,65.81
0,65.81
0,65.85
0,65.875
0,65.87
0,65.78
0,65.8
0,65.815
0,65.825
0,65.835
0,65.83
0,65.835
0,65.84
0,65.85
0,65.87
0,65.885
0,65.88
0,65.875
0,65.91
0,65.935
0,65.91
0,65.9
0,65.9
0,65.885
0,65.9
0,65.92
0,65.95
0,65.945
0,65.95
0,65.91
0,65.895
0,65.905
0,65.89
0,65.91
0,65.885
0,65.895
0,65.875
0,65.88
0,65.895
0,65.855
0,65.86
0,65.88
0,65.88
0,65.855
0,65.85
0,65.805
0,65.77
0,65.795
0,65.815
0,65.79
0,65.77
0,65.745
0,65.725
0,65.73
0,65.76
0,65.76
0,65.76
0,65.76
0,65.775
0,65.805
0,65.835
0,65.835
0,65.87
0,65.9
0,65.895
0,65.86
0,65.89
0,65.9
0,65.895
0,65.875
0,65.885
0,65.89
0,65.855
0,65.835
0,65.835
0,65.82
0,65.81
0,65.815
0,65.825
0,65.83
0,65.82
0,65.77
0,65.78
0,65.785
0,65.785
0,65.805
0,65.825
0,65.82
0,65.825
0,65.82
0,65.82
0,65.825
0,65.825
0,65.82
0,65.845
0,65.885
0,65.91
0,65.925
0,65.94
0,65.94
0,65.88
0,65.905
0,65.955
0,65.94
0,65.91
0,65.92
0,65.9
0,65.87
0,65.845
0,65.765
0,65.79
0,65.78
0,65.8
0,65.815
0,65.83
0,65.855
0,65.835
0,65.85
0,65.845
0,65.845
0,65.83
0,65.855
0,65.815
0,65.805
0,65.77
0,65.735
0,65.77
0,65.81
0,65.79
0,65.82
0,65.805
0,65.82
0,65.85
0,65.85
0,65.85
0,65.83
0,65.825
0,65.84
0,65.78
0,65.765
0,65.76
0,65.765
0,65.74
0,65.78
0,65.825
0,65.8
0,65.765
0,65.73
0,65.71
0,65.715
0,65.7
0,65.645
0,65.655
0,65.69
0,65.69
0,65.725
0,65.745
0,65.71
0,65.72
0,65.765
0,65.795
0,65.835
0,65.8
0,65.79
0,65.795
0,65.805
0,65.805
0,65.83
0,65.815
0,65.835
0,65.825
0,65.805
0,65.81
0,65.75
0,65.7
0,65.685
0,65.72
0,65.72
0,65.745
0,65.745
0,65.73
0,65.695
0,65.675
0,65.675
0,65.665
0,65.675
0,65.655
0,65.67
0,65.62
0,65.67
0,65.675
0,65.69
0,65.685
0,65.67
0,65.635
0,65.66
0,65.665
0,65.685
0,65.73
0,65.735
0,65.735
0,65.73
0,65.685
0,65.665
0,65.735
0,65.745
0,65.78
0,65.82
0,65.86
0,65.88
0,65.895
0,65.92
0,65.89
0,65.84
0,65.845
0,65.855
0,65.845
0,65.855
0,65.87
0,65.885
0,65.855
0,65.85
0,65.8
0,65.785
0,65.775
0,65.795
0,65.845
0,65.85
0,65.87
0,65.865
0,65.86
0,65.885
0,65.865
0,65.835
0,65.85
0,65.84
0,65.865
0,65.895
0,65.975
0,65.935
0,65.935
0,65.925
0,65.94
0,65.9
0,65.865
0,65.86
0,65.86
0,65.835
0,65.83
0,65.835
0,65.815
0,65.8
0,65.85
0,65.87
0,65.885
0,65.88
0,65.825
0,65.79
0,65.765
0,65.795
0,65.735
0,65.46
0,65.465
0,65.47
0,65.46
0,65.455
0,65.45
0,65.44
0,65.465
0,65.42
0,65.415
0,65.31
0,65.26
0,65.29
0,65.165
0,65.205
0,65.25
0,65.275
0,65.325
0,65.345
0,65.455
0,65.445
0,65.455
0,65.5
0,65.445
0,65.51
0,65.52
0,65.485
0,65.555
0,65.55
0,65.54
0,65.51
0,65.515
0,65.51
0,65.425
0,65.395
0,65.39
0,65.195
0,65.175
0,65.145
0,65.16
0,65.18
0,65.28
0,65.265
0,65.24
0,65.235
0,65.23
0,65.23
0,65.31
0,65.295
0,65.28
0,65.23
0,65.26
0,65.31
0,65.365
0,65.325
0,65.29
0,65.355
0,65.395
0,65.395
0,65.46
0,65.43
0,65.41
0,65.475
0,65.445
0,65.5
0,65.58
0,65.575
0,65.595
0,65.575
0,65.56
0,65.525
0,65.53
0,65.54
0,65.55
0,65.54
0,65.495
0,65.465
0,65.48
0,65.485
0,65.465
0,65.47
0,65.495
0,65.48
0,65.435
0,65.435
0,65.44
0,65.48
0,65.485
0,65.435
0,65.43
0,65.42
0,65.39
0,65.405
0,65.395
0,65.365
0,65.37
0,65.4
0,65.385
0,65.405
0,65.47
0,65.505
0,65.525
0,65.5
0,65.495
0,65.495
0,65.49
0,65.5
0,65.495
0,65.525
0,65.55
0,65.585
0,65.565
0,65.585
0,65.555
0,65.615
0,65.64
0,65.635
0,65.665
0,65.65
0,65.59
0,65.59
0,65.6
0,65.545
0,65.51
0,65.51
0,65.465
0,65.435
0,65.475
0,65.505
0,65.485
0,65.445
0,65.445
0,65.445
0,65.39
0,65.335
0,65.38
0,65.35
0,65.305
0,65.24
0,65.255
0,65.27
0,65.265
0,65.3
0,65.295
0,65.285
0,65.275
0,65.19
0,65.09
0,65.16
0,65.155
0,65.195
0,65.14
0,65.165
0,65.23
0,65.26
0,65.295
0,65.275
0,65.295
0,65.265
0,65.26
0,65.3
0,65.31
0,65.3
0,65.255
0,65.25
0,65.25
0,65.24
0,65.27
0,65.33
0,65.33
0,65.33
0,65.285
0,65.32
0,65.285
0,65.235
0,65.22
0,65.2
0,65.165
0,65.24
0,65.26
0,65.35
0,65.345
0,65.305
0,65.285
0,65.29
0,65.33
0,65.305
0,65.28
0,65.295
0,65.3
0,65.265
0,65.18
0,65.12
0,65.085
0,65.085
0,65.1
0,65.095
0,65.085
0,65.13
0,65.09
0,65.055
0,65.045
0,65.045
0,65.035
0,64.97
0,64.92
0,64.86
0,64.91
0,64.96
0,64.945
0,64.95
0,64.995
0,65.01
0,65.005
0,65.04
0,65
0,64.96
0,64.96
0,64.915
0,64.97
0,64.985
0,65.035
0,65.035
0,64.995
0,65.015
0,65.07
0,65.065
0,65.025
0,64.995
0,65.005
0,64.975
0,64.97
0,64.915
0,64.915
0,64.955
0,64.885
0,64.91
0,64.91
0,64.765
0,64.83
0,64.835
0,64.83
0,64.795
0,64.84
0,64.845
0,64.865
0,64.84
0,64.84
0,64.885
0,64.825
0,64.86
0,64.86
0,64.87
0,64.85
0,64.885
0,64.88
0,64.89
0,64.9
0,64.87
0,64.885
0,64.845
0,64.85
0,64.87
0,64.83
0,64.86
0,64.895
0,64.865
0,64.87
0,64.84
0,64.84
0,64.8
0,64.775
0,64.78
0,64.79
0,64.775
0,64.73
0,64.735
0,64.74
0,64.7
0,64.645
0,64.66
0,64.63
0,64.65
0,64.625
0,64.55
0,64.53
0,64.55
0,64.57
0,64.58
0,64.575
0,64.59
0,64.53
0,64.535
0,64.495
0,64.515
0,64.485
0,64.495
0,64.54
0,64.55
0,64.525
0,64.465
0,64.46
0,64.505
0,64.52
0,64.495
0,64.47
0,64.48
0,64.47
0,64.485
0,64.43
0,64.385
0,64.375
0,64.37
0,64.405
0,64.455
0,64.49
0,64.525
0,64.54
0,64.5
0,64.495
0,64.485
0,64.49
0,64.475
0,64.48
0,64.515
0,64.535
0,64.57
0,64.55
0,64.555
0,64.54
0,64.55
0,64.57
0,64.505
0,64.565
0,64.575
0,64.64
0,64.66
0,64.62
0,64.645
0,64.655
0,64.61
0,64.655
0,64.65
0,64.64
0,64.6
0,64.625
0,64.675
0,64.665
0,64.64
0,64.685
0,64.665
0,64.665
0,64.66
0,64.635
0,64.68
0,64.655
0,64.65
0,64.715
0,64.69
0,64.74
0,64.715
0,64.74
0,64.735
0,64.7
0,64.7
0,64.665
0,64.645
0,64.655
0,64.61
0,64.525
0,64.51
0,64.565
0,64.545
0,64.535
0,64.545
0,64.555
0,64.52
0,64.475
0,64.495
0,64.485
0,64.475
0,64.49
0,64.465
0,64.485
0,64.505
0,64.52
0,64.47
0,64.46
0,64.47
0,64.425
0,64.395
0,64.405
0,64.315
0,64.255
0,64.215
0,64.205
0,64.195
0,64.22
0,64.225
0,64.23
0,64.23
0,64.195
0,64.22
0,64.27
0,64.185
0,64.13
0,64.135
0,64.09
0,64.11
0,64.055
0,64.06
0,64.05
0,64.04
0,64.08
0,64.02
0,64.05
0,64
0,63.985
0,64.015
0,63.995
0,64.015
0,64.025
0,64.05
0,64.08
0,64.07
0,64.05
0,64.125
0,64.2
0,64.175
0,64.09
0,64.05
0,64.05
0,63.985
0,63.995
0,63.975
0,63.95
0,64.01
0,64.055
0,63.965
0,64.035
0,63.995
0,64.005
0,64.06
0,64.015
0,64.1
0,64.085
0,64.13
0,64.15
0,64.17
0,64.185
0,64.21
0,64.15
0,64.13
0,64.12
0,64.095
0,64.16
0,64.14
0,64.195
0,64.05
0,64.06
0,64.01
0,64.07
0,64.045
0,64.065
0,64
0,63.91
0,63.935
0,63.92
0,63.86
0,63.82
0,63.84
0,63.785
0,63.82
0,63.85
0,63.835
0,63.785
0,63.76
0,63.755
0,63.74
0,63.795
0,63.83
0,63.735
0,63.67
0,63.69
0,63.665
0,63.615
0,63.57
0,63.615
0,63.65
0,63.655
0,63.62
0,63.605
0,63.61
0,63.67
0,63.61
0,63.605
0,63.59
0,63.605
0,63.57
0,63.53
0,63.51
0,63.49
0,63.405
0,63.365
0,63.36
0,63.145
0,63.08
0,63.04
0,62.94
0,62.99
0,63
0,63
0,63
0,63.015
0,63.005
0,62.98
0,63.005
0,62.93
0,62.86
0,62.98
0,62.875
0,62.855
0,62.825
0,62.87
0,62.895
0,62.93
0,62.925
0,62.925
0,62.95
0,62.97
0,62.975
0,62.935
0,62.91
0,62.905
0,62.905
0,62.955
0,62.985
0,62.995
0,63.04
0,63.095
0,63.15
0,63.145
0,63.175
0,63.18
0,63.175
0,63.215
0,63.225
0,63.245
0,63.22
0,63.17
0,63.255
0,63.26
0,63.28
0,63.25
0,63.235
0,63.33
0,63.3
0,63.295
0,63.295
0,63.335
0,63.29
0,63.335
0,63.34
0,63.33
0,63.345
0,63.36
0,63.4
0,63.375
0,63.4
0,63.38
0,63.435
0,63.45
0,63.475
0,63.475
0,63.475
0,63.49
0,63.465
0,63.43
0,63.415
0,63.375
0,63.37
0,63.355
0,63.375
0,63.415
0,63.395
0,63.41
0,63.42
0,63.41
0,63.39
0,63.395
0,63.32
0,63.34
0,63.34
0,63.36
0,63.37
0,63.295
0,63.36
0,63.4
0,63.4
0,63.355
0,63.34
0,63.335
0,63.35
0,63.34
0,63.385
0,63.36
0,63.385
0,63.405
0,63.38
0,63.41
0,63.42
0,63.44
0,63.44
0,63.415
0,63.475
0,63.46
0,63.425
0,63.365
0,63.395
0,63.41
0,63.45
0,63.415
0,63.49
0,63.49
0,63.5
0,63.515
0,63.475
0,63.475
0,63.435
0,63.455
0,63.45
0,63.45
0,63.43
0,63.495
0,63.475
0,63.48
0,63.43
0,63.445
0,63.45
0,63.42
0,63.425
0,63.475
0,63.47
0,63.475
0,63.5
0,63.55
0,63.57
0,63.55
0,63.565
0,63.57
0,63.545
0,63.55
0,63.59
0,63.54
0,63.55
0,63.5
0,63.475
0,63.395
0,63.4
0,63.41
0,63.41
0,63.45
0,63.45
0,63.455
0,63.465
0,63.29
0,63.335
0,63.315
0,63.345
0,63.335
0,63.315
0,63.295
0,63.315
0,63.325
0,63.435
0,63.4
0,63.365
0,63.32
0,63.38
0,63.34
0,63.325
0,63.34
0,63.305
0,63.36
0,63.4
0,63.405
0,63.42
0,63.435
0,63.405
0,63.43
0,63.44
0,63.445
0,63.46
0,63.47
0,63.475
0,63.485
0,63.48
0,63.485
0,63.51
0,63.5
0,63.43
0,63.44
0,63.435
0,63.415
0,63.4
0,63.425
0,63.44
0,63.41
0,63.375
0,63.35
0,63.315
0,63.315
0,63.285
0,63.305
0,63.31
0,63.305
0,63.285
0,63.285
0,63.265
0,63.2
0,63.165
0,63.165
0,63.12
0,63.12
0,63.12
0,63.095
0,63.125
0,63.075
0,63.07
0,63.05
0,63.06
0,63.04
0,63.045
0,63.055
0,63.025
0,63.035
0,63.065
0,63.09
0,63.11
0,63.055
0,63.075
0,63.11
0,63.13
0,63.105
0,63.075
0,63.085
0,63.1
0,63.095
0,63.025
0,63.045
0,63.07
0,63.035
0,62.985
0,63.03
0,63.01
0,63.03
0,63.06
0,63.09
0,63.07
0,63.015
0,63.01
0,63.03
0,63.065
0,63.055
0,63.04
0,63.01
0,63.065
0,63.085
0,63.035
0,63.095
0,63.065
0,63.06
0,63.04
0,63.03
0,63.045
0,63.065
0,63.1
0,63.065
0,63.07
0,63.105
0,63.06
0,63.005
0,63.045
0,63.01
0,63.005
0,62.99
0,62.98
0,63.06
0,63.085
0,63.045
0,63.065
0,63.015
0,63.015
0,63.04
0,63.055
0,63.09
0,63.105
0,63.09
0,63.055
0,63.005
0,62.985
0,62.97
0,62.965
0,62.975
0,63.015
0,63.01
0,63
0,63.03
0,62.985
0,63
0,63
0,63.05
0,63.05
0,63.025
0,63.055
0,63.12
0,63.115
0,63.085
0,63.06
0,63.05
0,63.07
0,63.12
0,63.145
0,63.115
0,63.12
0,63.095
0,63.105
0,63.125
0,63.125
0,63.125
0,63.095
0,63.095
0,63.135
0,63.14
0,63.15
0,63.125
0,63.115
0,63.12
0,63.105
0,63.105
0,63.08
0,63.055
0,63.005
0,62.995
0,62.96
0,62.94
0,62.94
0,62.935
0,62.935
0,62.92
0,62.925
0,62.96
0,62.955
0,62.94
0,62.915
0,62.93
0,63.005
0,63.025
0,62.985
0,62.95
0,62.91
0,62.91
0,62.895
0,62.895
0,62.92
0,62.955
0,62.97
0,62.97
0,62.96
0,62.935
0,62.955
0,62.925
0,62.92
0,62.94
0,62.95
0,62.94
0,62.89
0,62.94
0,62.895
0,62.885
0,62.91
0,62.945
0,62.975
0,62.955
0,62.98
0,62.975
0,63.01
0,63.005
0,63.005
0,62.985
0,62.915
0,62.94
0,62.925
0,62.91
0,62.92
0,62.91
0,62.85
0,62.855
0,62.9
0,62.925
0,62.925
0,62.93
0,62.925
0,62.915
0,62.945
0,62.815
0,62.805
0,62.75
0,62.735
0,62.78
0,62.76
0,62.74
0,62.76
0,62.77
0,62.8
0,62.84
0,62.82
0,62.85
0,62.81
0,62.775
0,62.765
0,62.8
0,62.785
0,62.735
0,62.7
0,62.66
0,62.66
0,62.665
0,62.65
0,62.605
0,62.6
0,62.59
0,62.57
0,62.535
0,62.585
0,62.55
0,62.52
0,62.51
0,62.46
0,62.49
0,62.465
0,62.45
0,62.5
0,62.485
0,62.495
0,62.45
0,62.455
0,62.475
0,62.52
0,62.515
0,62.6
0,62.64
0,62.645
0,62.59
0,62.535
0,62.515
0,62.48
0,62.53
0,62.51
0,62.45
0,62.465
0,62.39
0,62.38
0,62.39
0,62.355
0,62.355
0,62.405
0,62.435
0,62.345
0,62.32
0,62.335
0,62.325
0,62.35
0,62.33
0,62.315
0,62.325
0,62.305
0,62.335
0,62.35
0,62.315
0,62.31
0,62.33
0,62.335
0,62.395
0,62.42
0,62.46
0,62.485
0,62.475
0,62.495
0,62.45
0,62.46
0,62.475
0,62.485
0,62.535
0,62.55
0,62.555
0,62.555
0,62.57
0,62.52
0,62.55
0,62.785
0,62.845
0,62.84
0,62.835
0,62.805
0,62.855
0,62.87
0,62.97
0,63.03
0,63.035
0,63.035
0,62.95
0,62.935
0,62.785
0,62.755
0,62.775
0,62.845
0,62.905
0,62.975
0,63.065
0,63.04
0,63.005
0,63.165
0,63.24
0,63.26
0,63.195
0,63.25
0,63.26
0,63.325
0,63.33
0,63.305
0,63.305
0,63.33
0,63.395
0,63.39
0,63.43
0,63.415
0,63.405
0,63.42
0,63.45
0,63.41
0,63.445
0,63.51
0,63.51
0,63.57
0,63.575
0,63.53
0,63.525
0,63.53
0,63.505
0,63.525
0,63.55
0,63.53
0,63.54
0,63.565
0,63.54
0,63.555
0,63.605
0,63.64
0,63.62
0,63.61
0,63.64
0,63.665
0,63.68
0,63.6
0,63.62
0,63.545
0,63.6
0,63.575
0,63.525
0,63.51
0,63.45
0,63.445
0,63.4
0,63.395
0,63.37
0,63.36
0,63.43
0,63.415
0,63.43
0,63.34
0,63.36
0,63.355
0,63.385
0,63.39
0,63.34
0,63.42
0,63.43
0,63.355
0,63.34
0,63.32
0,63.355
0,63.335
0,63.355
0,63.36
0,63.385
0,63.4
0,63.365
0,63.42
0,63.43
0,63.475
0,63.445
0,63.42
0,63.445
0,63.475
0,63.425
0,63.455
0,63.49
0,63.515
0,63.5
0,63.53
0,63.6
0,63.635
0,63.69
0,63.635
0,63.595
0,63.655
0,63.615
0,63.645
0,63.64
0,63.665
0,63.685
0,63.7
0,63.62
0,63.58
0,63.53
0,63.535
0,63.505
0,63.485
0,63.52
0,63.575
0,63.55
0,63.565
0,63.565
0,63.635
0,63.58
0,63.615
0,63.55
0,63.6
0,63.6
0,63.57
0,63.57
0,63.56
0,63.6
0,63.6
0,63.6
0,63.59
0,63.61
0,63.595
0,63.59
0,63.635
0,63.625
0,63.645
0,63.625
0,63.61
0,63.575
0,63.56
0,63.5
0,63.525
0,63.475
0,63.435
0,63.405
0,63.39
0,63.39
0,63.42
0,63.42
0,63.44
0,63.405
0,63.44
0,63.44
0,63.455
0,63.45
0,63.455
0,63.415
0,63.455
0,63.41
0,63.4
0,63.425
0,63.475
0,63.475
0,63.48
0,63.5
0,63.495
0,63.49
0,63.495
0,63.46
0,63.46
0,63.435
0,63.41
0,63.395
0,63.375
0,63.345
0,63.325
0,63.33
0,63.335
0,63.34
0,63.325
0,63.32
0,63.305
0,63.33
0,63.34
0,63.335
0,63.315
0,63.3
0,63.28
0,63.285
0,63.25
0,63.28
0,63.275
0,63.25
0,63.255
0,63.26
0,63.245
0,63.22
0,63.235
0,63.205
0,63.155
0,63.165
0,63.135
0,63.135
0,63.13
0,63.1
0,63.085
0,63.065
0,63.135
0,63.13
0,63.095
0,63.12
0,63.095
0,63.065
0,63.08
0,63.08
0,63.05
0,63.045
0,63.085
0,63.08
0,63.095
0,63.105
0,63.095
0,63.14
0,63.165
0,63.145
0,63.14
0,63.195
0,63.205
0,63.17
0,63.215
0,63.215
0,63.22
0,63.195
0,63.215
0,63.225
0,63.225
0,63.265
0,63.265
0,63.3
0,63.3
0,63.285
0,63.27
0,63.255
0,63.245
0,63.26
0,63.245
0,63.225
0,63.255
0,63.265
0,63.28
0,63.28
0,63.26
0,63.26
0,63.24
0,63.185
0,63.19
0,63.2
0,63.22
0,63.19
0,63.215
0,63.225
0,63.25
0,63.245
0,63.25
0,63.25
0,63.245
0,63.255
0,63.275
0,63.265
0,63.285
0,63.275
0,63.26
0,63.3
0,63.27
0,63.305
0,63.34
0,63.35
0,63.36
0,63.335
0,63.33
0,63.35
0,63.385
0,63.365
0,63.375
0,63.395
0,63.38
0,63.385
0,63.385
0,63.39
0,63.395
0,63.38
0,63.38
0,63.375
0,63.38
0,63.355
0,63.445
0,63.42
0,63.435
0,63.435
0,63.4
0,63.4
0,63.39
0,63.41
0,63.41
0,63.4
0,63.395
0,63.405
0,63.4
0,63.345
0,63.315
0,63.35
0,63.345
0,63.35
0,63.31
0,63.315
0,63.275
0,63.295
0,63.265
0,63.305
0,63.255
0,63.24
0,63.23
0,63.225
0,63.28
0,63.215
0,63.225
0,63.24
0,63.23
0,63.21
0,63.195
0,63.205
0,63.265
0,63.285
0,63.27
0,63.26
0,63.255
0,63.285
0,63.23
0,63.21
0,63.195
0,63.175
0,63.17
0,63.175
0,63.205
0,63.22
0,63.22
0,63.255
0,63.25
0,63.215
0,63.175
0,63.155
0,63.15
0,63.15
0,63.145
0,63.145
0,63.115
0,63.075
0,63.065
0,63.06
0,63.055
0,63.02
0,63.025
0,63.025
0,63.04
0,63.015
0,63.02
0,63.06
0,63.02
0,63.07
0,63.095
0,63.025
0,62.99
0,63.03
0,63.05
0,63.065
0,63.11
0,63.07
0,63.08
0,63.015
0,62.97
0,62.995
0,63.06
0,63.085
0,63.04
0,63.065
0,63.125
0,63.125
0,63.12
0,63.08
0,63.065
0,63.095
0,63.08
0,63.105
0,63.125
0,63.105
0,63.04
0,63.095
0,63.11
0,63.12
0,63.15
0,63.195
0,63.175
0,63.135
0,63.25
0,63.255
0,63.24
0,63.19
0,63.21
0,63.175
0,63.2
0,63.14
0,63.15
0,63.145
0,63.11
0,63.185
0,63.2
0,63.225
0,63.26
0,63.28
0,63.27
0,63.26
0,63.195
0,63.08
0,63.08
0,63.055
0,63.02
0,63
0,62.985
0,63.01
0,63
0,63.005
0,63.02
0,63.03
0,62.995
0,63
0,63.03
0,63.01
0,62.995
0,63.04
0,63.02
0,63.06
0,63.105
0,63.13
0,63.155
0,63.18
0,63.185
0,63.215
0,63.215
0,63.205
0,63.18
0,63.125
0,63.14
0,63.09
0,63.075
0,63.07
0,63.055
0,63.075
0,63.03
0,63.025
0,62.97
0,63.025
0,63.025
0,63.015
0,63.03
0,63.08
0,63.06
0,62.94
0,62.905
0,62.935
0,62.965
0,62.985
0,62.96
0,62.99
0,63.035
0,63.07
0,63.115
0,63.115
0,63.155
0,63.175
0,63.205
0,63.24
0,63.19
0,63.235
0,63.24
0,63.2
0,63.25
0,63.26
0,64.14
0,64.125
0,64.11
0,64.07
0,64.05
0,64
0,64.15
0,64.2
0,64.19
0,64.205
0,64.24
0,64.26
0,64.235
0,64.43
0,64.455
0,64.54
0,64.565
0,64.63
0,64.635
0,64.635
0,64.655
0,64.54
0,64.535
0,64.54
0,64.56
0,64.57
0,64.595
0,64.465
0,64.455
0,64.415
0,64.32
0,64.335
0,64.42
0,64.39
0,64.395
0,64.39
0,64.38
0,64.405
0,64.415
0,64.445
0,64.485
0,64.525
0,64.535
0,64.56
0,64.58
0,64.555
0,64.55
0,64.495
0,64.56
0,64.575
0,64.56
0,64.565
0,64.535
0,64.505
0,64.53
0,64.605
0,64.495
0,64.535
0,64.59
0,64.585
0,64.55
0,64.58
0,64.57
0,64.52
0,64.565
0,64.59
0,64.62
0,64.605
0,64.615
0,64.605
0,64.535
0,64.525
0,64.52
0,64.5
0,64.525
0,64.55
0,64.58
0,64.535
0,64.51
0,64.5
0,64.455
0,64.39
0,64.34
0,64.375
0,64.38
0,64.4
0,64.39
0,64.41
0,64.485
0,64.445
0,64.4
0,64.4
0,64.465
0,64.475
0,64.49
0,64.515
0,64.52
0,64.515
0,64.465
0,64.53
0,64.535
0,64.54
0,64.53
0,64.51
0,64.545
0,64.585
0,64.515
0,64.525
0,64.505
0,64.475
0,64.47
0,64.505
0,64.505
0,64.45
0,64.43
0,64.42
0,64.435
0,64.485
0,64.485
0,64.52
0,64.58
0,64.55
0,64.53
0,64.595
0,64.61
0,64.65
0,64.64
0,64.61
0,64.615
0,64.6
0,64.6
0,64.615
0,64.615
0,64.595
0,64.54
0,64.565
0,64.61
0,64.605
0,64.595
0,64.6
0,64.61
0,64.665
0,64.67
0,64.695
0,64.71
0,64.72
0,64.745
0,64.75
0,64.74
0,64.72
0,64.67
0,64.69
0,64.695
0,64.65
0,64.655
0,64.665
0,64.63
0,64.67
0,64.66
0,64.67
0,64.67
0,64.585
0,64.63
0,64.615
0,64.605
0,64.63
0,64.635
0,64.615
0,64.675
0,64.71
0,64.765
0,64.8
0,64.79
0,64.84
0,64.83
0,64.8
0,64.805
0,64.83
0,64.84
0,64.83
0,64.845
0,64.835
0,64.89
0,64.885
0,64.88
0,64.84
0,64.895
0,64.92
0,64.865
0,64.825
0,64.805
0,64.815
0,64.785
0,64.835
0,64.875
0,64.89
0,64.895
0,64.88
0,64.855
0,64.82
0,64.86
0,64.925
0,64.905
0,64.93
0,64.91
0,64.93
0,64.91
0,64.94
0,64.895
0,64.915
0,64.9
0,64.89
0,64.945
0,64.97
0,64.965
0,64.96
0,64.985
0,64.94
0,64.89
0,65.03
0,65.02
0,65.065
0,65.01
0,65.01
0,65.025
0,65.04
0,65.07
0,65.05
0,65.065
0,65.085
0,65.05
0,64.995
0,64.995
0,64.99
0,64.99
0,64.995
0,65.005
0,65.025
0,64.98
0,64.97
0,65.045
0,65
0,65.01
0,64.995
0,65.07
0,65.05
0,65.07
0,65.115
0,65.12
0,65.11
0,65.095
0,65.09
0,65.075
0,65.065
0,65.045
0,65.025
0,65.03
0,65.025
0,65.02
0,65.055
0,65.025
0,65.025
0,65.03
0,65.02
0,65.01
0,65.01
0,65.01
0,64.965
0,64.965
0,65.005
0,64.95
0,64.99
0,65.04
0,65.115
0,65.11
0,65.12
0,65.15
0,65.085
0,65.07
0,65.035
0,65
0,64.975
0,64.97
0,64.96
0,64.955
0,64.96
0,64.98
0,64.985
0,64.975
0,64.95
0,64.935
0,64.955
0,64.965
0,64.95
0,64.925
0,64.94
0,64.935
0,64.925
0,64.91
0,64.87
0,64.88
0,64.875
0,64.875
0,64.875
0,64.875
0,64.925
0,64.88
0,64.905
0,64.85
0,64.845
0,64.835
0,64.865
0,64.845
0,64.865
0,64.855
0,64.9
0,64.85
0,64.835
0,64.845
0,64.84
0,64.855
0,64.855
0,64.895
0,64.88
0,64.89
0,64.92
0,64.9
0,64.9
0,64.92
0,64.905
0,64.875
0,64.865
0,64.88
0,64.885
0,64.89
0,64.915
0,64.925
0,64.93
0,64.94
0,64.96
0,65
0,64.95
0,64.99
0,64.985
0,65.005
0,64.96
0,64.935
0,64.925
0,64.94
0,64.94
0,64.94
0,64.955
0,64.95
0,65.025
0,65.02
0,65.005
0,65.055
0,65.04
0,65.05
0,65.08
0,65.04
0,65.01
0,65.015
0,64.98
0,65
0,65.005
0,64.99
0,64.97
0,64.97
0,64.97
0,64.985
0,64.98
0,64.965
0,64.945
0,64.93
0,64.96
0,64.945
0,64.96
0,64.965
0,64.955
0,64.955
0,64.965
0,64.96
0,64.96
0,64.945
0,64.895
0,64.895
0,64.925
0,64.945
0,64.91
0,64.925
0,64.945
0,64.955
0,64.975
0,65
0,65.005
0,65.025
0,65.055
0,65.05
0,65.045
0,65.04
0,65.02
0,64.995
0,65.02
0,64.965
0,64.94
0,64.88
0,64.91
0,64.92
0,64.945
0,64.925
0,64.915
0,64.945
0,64.955
0,64.905
0,64.905
0,64.9
0,64.94
0,64.875
0,64.84
0,64.89
0,64.845
0,64.855
0,64.85
0,64.855
0,64.865
0,64.835
0,64.89
0,64.87
0,64.855
0,64.85
0,64.81
0,64.8
0,64.805
0,64.78
0,64.8
0,64.79
0,64.79
0,64.78
0,64.745
0,64.805
0,64.795
0,64.795
0,64.785
0,64.795
0,64.825
0,64.835
0,64.83
0,64.8
0,64.8
0,64.81
0,64.825
0,64.84
0,64.87
0,64.87
0,64.87
0,64.88
0,64.825
0,64.815
0,64.785
0,64.815
0,64.825
0,64.875
0,64.88
0,64.915
0,64.945
0,64.955
0,64.97
0,65.01
0,65.015
0,64.995
0,65.025
0,65.06
0,65.065
0,65.035
0,65.025
0,65.025
0,65.015
0,65.045
0,65.015
0,64.975
0,64.98
0,64.985
0,64.985
0,65.025
0,64.975
0,64.975
0,64.99
0,65.01
0,65.04
0,65.035
0,65.075
0,65.075
0,65.11
0,65.135
0,65.075
0,65.055
0,65.025
0,65.065
0,65.065
0,65.05
0,65.015
0,65.055
0,65.09
0,65.115
0,65.355
0,65.43
0,65.405
0,65.465
0,65.405
0,65.46
0,65.42
0,65.325
0,65.375
0,65.43
0,65.43
0,65.465
0,65.435
0,65.405
0,65.445
0,65.545
0,65.605
0,65.64
0,65.665
0,65.875
0,65.9
0,65.855
0,65.82
0,65.735
0,65.825
0,65.75
0,65.85
0,65.915
0,65.955
0,65.89
0,65.87
0,65.835
0,65.955
0,65.92
0,65.97
0,65.92
0,65.95
0,65.92
0,66.07
0,66.04
0,66.165
0,66.2
0,66.17
0,66.185
0,66.09
0,66.045
0,65.975
0,65.99
0,65.955
0,65.88
0,65.84
0,65.915
0,65.89
0,65.9
0,65.775
0,65.81
0,65.755
0,65.675
0,65.64
0,65.65
0,65.7
0,65.72
0,65.775
0,65.785
0,65.74
0,65.77
0,65.715
0,65.73
0,65.68
0,65.66
0,65.7
0,65.7
0,65.69
0,65.71
0,65.725
0,65.665
0,65.635
0,65.63
0,65.53
0,65.51
0,65.48
0,65.49
0,65.495
0,65.455
0,65.47
0,65.48
0,65.48
0,65.465
0,65.48
0,65.485
0,65.49
0,65.515
0,65.435
0,65.36
0,65.355
0,65.365
0,65.35
0,65.335
0,65.32
0,65.34
0,65.32
0,65.375
0,65.445
0,65.43
0,65.465
0,65.47
0,65.515
0,65.455
0,65.42
0,65.345
0,65.27
0,65.3
0,65.245
0,65.31
0,65.285
0,65.28
0,65.345
0,65.305
0,65.305
0,65.28
0,65.265
0,65.265
0,65.245
0,65.24
0,65.27
0,65.295
0,65.275
0,65.305
0,65.325
0,65.365
0,65.39
0,65.405
0,65.38
0,65.325
0,65.335
0,65.28
0,65.295
0,65.26
0,65.205
0,65.23
0,65.23
0,65.22
0,65.22
0,65.225
0,65.255
0,65.31
0,65.305
0,65.32
0,65.255
0,65.22
0,65.175
0,65.145
0,65.18
0,65.14
0,65.165
0,65.095
0,65.11
0,65.12
0,65.12
0,65.09
0,65.115
0,65.1
0,65.125
0,65.085
0,65.08
0,65.085
0,65.135
0,65.215
0,65.29
0,65.315
0,65.355
0,65.38
0,65.37
0,65.31
0,65.28
0,65.28
0,65.28
0,65.285
0,65.34
0,65.3
0,65.285
0,65.28
0,65.305
0,65.34
0,65.355
0,65.395
0,65.425
0,65.445
0,65.46
0,65.455
0,65.5
0,65.465
0,65.41
0,65.38
0,65.355
0,65.375
0,65.37
0,65.375
0,65.365
0,65.375
0,65.38
0,65.4
0,65.42
0,65.38
0,65.375
0,65.4
0,65.37
0,65.365
0,65.36
0,65.38
0,65.41
0,65.43
0,65.38
0,65.355
0,65.38
0,65.32
0,65.3
0,65.26
0,65.265
0,65.255
0,65.28
0,65.28
0,65.265
0,65.27
0,65.285
0,65.28
0,65.3
0,65.335
0,65.295
0,65.28
0,65.29
0,65.28
0,65.29
0,65.355
0,65.345
0,65.37
0,65.29
0,65.255
0,65.235
0,65.205
0,65.2
0,65.175
0,65.2
0,65.23
0,65.2
0,65.185
0,65.165
0,65.2
0,65.255
0,65.285
0,65.255
0,65.205
0,65.21
0,65.205
0,65.195
0,65.205
0,65.165
0,65.165
0,65.175
0,65.2
0,65.18
0,65.215
0,65.195
0,65.185
0,65.205
0,65.18
0,65.195
0,65.265
0,65.3
0,65.285
0,65.33
0,65.345
0,65.38
0,65.41
0,65.36
0,65.39
0,65.46
0,65.47
0,65.445
0,65.42
0,65.405
0,65.435
0,65.44
0,65.4
0,65.43
0,65.46
0,65.47
0,65.455
0,65.465
0,65.465
0,65.475
0,65.425
0,65.425
0,65.415
0,65.435
0,65.425
0,65.44
0,65.425
0,65.47
0,65.475
0,65.48
0,65.47
0,65.445
0,65.37
0,65.42
0,65.395
0,65.4
0,65.43
0,65.42
0,65.435
0,65.445
0,65.445
0,65.415
0,65.395
0,65.43
0,65.435
0,65.45
0,65.47
0,65.465
0,65.475
0,65.425
0,65.455
0,65.495
0,65.505
0,65.48
0,65.485
0,65.5
0,65.495
0,65.55
0,65.64
0,65.665
0,65.645
0,65.675
0,65.73
0,65.76
0,65.775
0,65.765
0,65.75
0,65.735
0,65.685
0,65.69
0,65.705
0,65.69
0,65.685
0,65.635
0,65.675
0,65.67
0,65.66
0,65.64
0,65.635
0,65.58
0,65.595
0,65.58
0,65.55
0,65.595
0,65.61
0,65.6
0,65.565
0,65.575
0,65.55
0,65.525
0,65.545
0,65.55
0,65.52
0,65.505
0,65.515
0,65.525
0,65.505
0,65.505
0,65.51
0,65.49
0,65.495
0,65.49
0,65.485
0,65.535
0,65.55
0,65.575
0,65.6
0,65.55
0,65.535
0,65.48
0,65.49
0,65.525
0,65.57
0,65.545
0,65.535
0,65.52
0,65.525
0,65.56
0,65.545
0,65.54
0,65.55
0,65.485
0,65.445
0,65.43
0,65.445
0,65.435
0,65.405
0,65.405
0,65.395
0,65.355
0,65.345
0,65.36
0,65.295
0,65.3
0,65.29
0,65.21
0,65.185
0,65.195
0,65.14
0,65.15
0,65.16
0,65.14
0,65.155
0,65.195
0,65.16
0,65.14
0,65.11
0,65.135
0,65.11
0,65.115
0,65.17
0,65.215
0,65.245
0,65.22
0,65.26
0,65.235
0,65.275
0,65.27
0,65.325
0,65.3
0,65.265
0,65.23
0,65.235
0,65.285
0,65.265
0,65.18
0,65.19
0,65.195
0,65.235
0,65.3
0,65.225
0,65.205
0,65.205
0,65.245
0,65.28
0,65.31
0,65.34
0,65.325
0,65.305
0,65.255
0,65.215
0,65.215
0,65.23
0,65.23
0,65.235
0,65.23
0,65.145
0,65.135
0,65.13
0,65.125
0,65.135
0,65.12
0,65.11
0,65.165
0,65.155
0,65.145
0,65.12
0,65.145
0,65.15
0,65.12
0,65.075
0,65.075
0,65.02
0,65.01
0,64.98
0,64.955
0,65.005
0,64.99
0,64.985
0,65.03
0,65.015
0,64.95
0,64.955
0,64.935
0,64.915
0,64.915
0,64.885
0,64.9
0,64.88
0,64.895
0,64.905
0,64.935
0,65.43
0,65.39
0,65.32
0,65.385
0,65.4
0,65.385
0,65.33
0,65.29
0,65.315
0,65.165
0,65.295
0,65.225
0,65.25
0,65.285
0,65.41
0,65.38
0,65.485
0,65.47
0,65.525
0,65.55
0,65.465
0,65.37
0,65.355
0,65.25
0,65.245
0,65.335
0,65.41
0,65.435
0,65.405
0,65.36
0,65.395
0,65.43
0,65.48
0,65.425
0,65.435
0,65.42
0,65.44
0,65.33
0,65.315
0,65.265
0,65.32
0,65.265
0,65.245
0,65.23
0,65.31
0,65.305
0,65.28
0,65.285
0,65.305
0,65.29
0,65.345
0,65.32
0,65.36
0,65.335
0,65.295
0,65.3
0,65.335
0,65.3
0,65.305
0,65.29
0,65.295
0,65.24
0,65.25
0,65.26
0,65.265
0,65.31
0,65.315
0,65.305
0,65.33
0,65.355
0,65.405
0,65.395
0,65.41
0,65.365
0,65.4
0,65.47
0,65.55
0,65.595
0,65.54
0,65.555
0,65.59
0,65.575
0,65.565
0,65.545
0,65.51
0,65.515
0,65.575
0,65.545
0,65.56
0,65.545
0,65.54
0,65.51
0,65.425
0,65.355
0,65.36
0,65.37
0,65.395
0,65.43
0,65.37
0,65.29
0,65.3
0,65.23
0,65.225
0,65.235
0,65.23
0,65.215
0,65.215
0,65.19
0,65.2
0,65.2
0,65.245
0,65.235
0,65.23
0,65.205
0,65.185
0,65.19
0,65.185
0,65.165
0,65.18
0,65.185
0,65.165
0,65.135
0,65.11
0,65.06
0,65.095
0,65.065
0,65.025
0,65.07
0,65.055
0,65.02
0,65.08
0,65.14
0,65.17
0,65.17
0,65.11
0,65.125
0,65.105
0,65.075
0,65.07
0,65.065
0,65.06
0,65.11
0,65.065
0,65.07
0,65.025
0,65
0,64.985
0,64.995
0,65.025
0,65.03
0,64.99
0,64.975
0,64.99
0,64.995
0,64.995
0,65.03
0,64.995
0,64.975
0,64.975
0,64.97
0,65
0,64.995
0,65
0,65.005
0,65.04
0,65.065
0,65.03
0,65.03
0,65.05
0,65.115
0,65.145
0,65.18
0,65.14
0,65.155
0,65.17
0,65.13
0,65.115
0,65.115
0,65.11
0,65.16
0,65.19
0,65.205
0,65.19
0,65.17
0,65.165
0,65.165
0,65.205
0,65.165
0,65.145
0,65.19
0,65.175
0,65.19
0,65.17
0,65.16
0,65.155
0,65.17
0,65.185
0,65.205
0,65.195
0,65.22
0,65.22
0,65.165
0,65.17
0,65.185
0,65.19
0,65.21
0,65.225
0,65.23
0,65.19
0,65.2
0,65.205
0,65.1
0,65.055
0,65.09
0,65.115
0,65.13
0,65.125
0,65.115
0,65.1
0,65.075
0,65.055
0,65.065
0,65.04
0,65
0,65.015
0,65.03
0,65.045
0,65.055
0,65.045
0,65.07
0,65.035
0,65.005
0,65.005
0,64.97
0,64.96
0,64.99
0,64.99
0,64.92
0,64.91
0,64.915
0,64.885
0,64.91
0,64.93
0,64.915
0,64.9
0,64.9
0,64.915
0,64.905
0,64.915
0,64.935
0,64.95
0,64.96
0,64.95
0,64.955
0,64.92
0,64.965
0,64.965
0,64.975
0,64.98
0,64.975
0,64.96
0,64.96
0,64.935
0,64.94
0,64.95
0,64.95
0,64.93
0,64.955
0,64.97
0,64.96
0,64.98
0,64.98
0,64.98
0,64.98
0,64.97
0,64.95
0,64.94
0,64.955
0,64.92
0,64.925
0,64.935
0,64.97
0,64.95
0,64.965
0,64.97
0,64.99
0,64.985
0,64.975
0,64.96
0,64.97
0,64.975
0,64.945
0,64.96
0,64.965
0,64.94
0,64.935
0,64.955
0,64.975
0,64.965
0,64.98
0,65.025
0,65.03
0,65.07
0,65.085
0,65.11
0,65.13
0,65.135
0,65.145
0,65.14
0,65.18
0,65.175
0,65.18
0,65.175
0,65.18
0,65.205
0,65.16
0,65.175
0,65.185
0,65.19
0,65.21
0,65.215
0,65.235
0,65.245
0,65.185
0,65.18
0,65.165
0,65.135
0,65.135
0,65.135
0,65.095
0,64.995
0,65.055
0,65.09
0,65.055
0,65.065
0,65.085
0,65.005
0,64.93
0,64.92
0,64.965
0,64.96
0,64.93
0,64.965
0,64.95
0,64.915
0,64.855
0,64.87
0,64.885
0,64.825
0,64.73
0,64.765
0,64.78
0,64.585
0,64.545
0,64.525
0,64.525
0,64.53
0,64.52
0,64.575
0,64.575
0,64.6
0,64.58
0,64.655
0,64.635
0,64.61
0,64.63
0,64.66
0,64.655
0,64.615
0,64.595
0,64.58
0,64.57
0,64.53
0,64.4
0,64.42
0,64.375
0,64.355
0,64.345
0,64.325
0,64.3
0,64.37
0,64.38
0,64.38
0,64.37
0,64.34
0,64.185
0,64.21
0,64.3
0,64.285
0,64.285
0,64.27
0,64.32
0,64.345
0,64.305
0,64.3
0,64.35
0,64.37
0,64.34
0,64.31
0,64.29
0,64.205
0,64.25
0,64.26
0,64.24
0,64.245
0,64.31
0,64.23
0,64.28
0,64.27
0,64.34
0,64.395
0,64.3
0,64.425
0,64.445
0,64.42
0,64.425
0,64.51
0,64.47
0,64.49
0,64.535
0,64.47
0,64.525
0,64.505
0,64.45
0,64.46
0,64.505
0,64.51
0,64.49
0,64.51
0,64.595
0,64.57
0,64.585
0,64.67
0,64.665
0,64.62
0,64.63
0,64.61
0,64.635
0,64.645
0,64.65
0,64.615
0,64.625
0,64.675
0,64.705
0,64.735
0,64.805
0,64.805
0,64.8
0,64.87
0,64.865
0,64.89
0,64.59
0,64.575
0,64.655
0,64.725
0,64.76
0,64.825
0,64.815
0,64.71
0,64.76
0,64.74
0,64.8
0,64.775
0,64.845
0,64.82
0,64.81
0,64.815
0,64.79
0,64.82
0,64.78
0,64.75
0,64.805
0,64.77
0,64.76
0,64.725
0,64.69
0,64.655
0,64.61
0,64.575
0,64.61
0,64.63
0,64.645
0,64.64
0,64.625
0,64.65
0,64.615
0,64.615
0,64.56
0,64.58
0,64.61
0,64.635
0,64.655
0,64.605
0,64.59
0,64.6
0,64.645
0,64.595
0,64.615
0,64.635
0,64.59
0,64.57
0,64.49
0,64.485
0,64.29
0,64.14
0,64.07
0,64.04
0,64.025
0,64.01
0,64.085
0,64.135
0,64.16
0,64.175
0,64.13
0,64.21
0,64.17
0,64.22
0,64.25
0,64.28
0,64.215
0,64.225
0,64.35
0,64.355
0,64.32
0,64.375
0,64.36
0,64.34
0,64.365
0,64.41
0,64.405
0,64.375
0,64.41
0,64.38
0,64.365
0,64.405
0,64.355
0,64.33
0,64.325
0,64.305
0,64.4
0,64.325
0,64.32
0,64.33
0,64.35
0,64.35
0,64.345
0,64.335
0,64.395
0,64.465
0,64.47
0,64.41
0,64.41
0,64.375
0,64.39
0,64.39
0,64.415
0,64.43
0,64.42
0,64.36
0,64.37
0,64.415
0,64.425
0,64.445
0,64.455
0,64.44
0,64.435
0,64.4
0,64.335
0,64.375
0,64.39
0,64.38
0,64.41
0,64.43
0,64.435
0,64.425
0,64.415
0,64.39
0,64.41
0,64.395
0,64.365
0,64.345
0,64.375
0,64.355
0,64.36
0,64.405
0,64.355
0,64.375
0,64.435
0,64.435
0,64.42
0,64.47
0,64.475
0,64.44
0,64.47
0,64.465
0,64.445
0,64.48
0,64.55
0,64.585
0,64.585
0,64.59
0,64.59
0,64.605
0,64.61
0,64.68
0,64.76
0,64.77
0,64.805
0,64.795
0,64.75
0,64.695
0,64.685
0,64.715
0,64.675
0,64.65
0,64.66
0,64.655
0,64.71
0,64.74
0,64.71
0,64.7
0,64.7
0,64.695
0,64.695
0,64.695
0,64.725
0,64.735
0,64.69
0,64.695
0,64.675
0,64.665
0,64.705
0,64.71
0,64.695
0,64.735
0,64.735
0,64.74
0,64.74
0,64.805
0,64.8
0,64.84
0,64.825
0,64.795
0,64.745
0,64.76
0,64.79
0,64.8
0,64.77
0,64.765
0,64.76
0,64.75
0,64.79
0,64.77
0,64.825
0,64.825
0,64.885
0,64.925
0,64.925
0,64.875
0,64.875
0,64.85
0,64.88
0,64.885
0,64.865
0,64.89
0,65.005
0,65.09
0,65.08
0,65.09
0,65.1
0,65.11
0,65.09
0,65.065
0,65.06
0,65.055
0,65.03
0,65.04
0,65.09
0,65.095
0,65.09
0,65.075
0,65.135
0,65.215
0,65.265
0,65.23
0,65.25
0,65.28
0,65.295
0,65.285
0,65.31
0,65.34
0,65.415
0,65.37
0,65.43
0,65.39
0,65.435
0,65.39
0,65.415
0,65.405
0,65.41
0,65.42
0,65.39
0,65.38
0,65.405
0,65.435
0,65.435
0,65.425
0,65.505
0,65.55
0,65.5
0,65.545
0,65.525
0,65.485
0,65.475
0,65.46
0,65.455
0,65.5
0,65.48
0,65.51
0,65.45
0,65.455
0,65.49
0,65.515
0,65.515
0,65.535
0,65.55
0,65.535
0,65.54
0,65.515
0,65.49
0,65.49
0,65.545
0,65.575
0,65.56
0,65.555
0,65.55
0,65.5
0,65.475
0,65.445
0,65.4
0,65.385
0,65.385
0,65.31
0,65.335
0,65.335
0,65.27
0,65.26
0,65.275
0,65.34
0,65.36
0,65.41
0,65.465
0,65.48
0,65.525
0,65.545
0,65.53
0,65.545
0,65.495
0,65.47
0,65.505
0,65.52
0,65.505
0,65.48
0,65.465
0,65.505
0,65.505
0,65.53
0,65.53
0,65.52
0,65.525
0,65.555
0,65.58
0,65.565
0,65.74
0,65.78
0,65.825
0,65.815
0,65.775
0,65.79
0,65.83
0,65.78
0,65.85
0,65.82
0,65.9
0,65.875
0,65.835
0,65.9
0,65.905
0,65.955
0,65.97
0,65.945
0,65.94
0,65.93
0,65.985
0,65.93
0,65.975
0,65.94
0,65.97
0,65.96
0,65.955
0,65.92
0,65.965
0,65.945
0,65.945
0,65.91
0,65.915
0,65.925
0,65.915
0,65.905
0,65.93
0,65.96
0,65.855
0,65.87
0,65.905
0,65.885
0,65.87
0,65.86
0,65.875
0,65.875
0,65.89
0,65.825
0,65.835
0,65.815
0,65.84
0,65.87
0,65.955
0,65.935
0,65.98
0,66.045
0,66.13
0,66.295
0,66.255
0,66.2
0,66.36
0,66.325
0,66.365
0,66.325
0,66.26
0,66.395
0,66.295
0,66.305
0,66.28
0,66.28
0,66.32
0,66.25
0,66.22
0,66.24
0,66.24
0,66.175
0,66.14
0,66.13
0,66.205
0,66.185
0,66.165
0,66.2
0,66.1
0,66.03
0,66.12
0,66.075
0,66.045
0,66.035
0,66.025
0,66.045
0,66.1
0,66.09
0,66.125
0,66.055
0,66.05
0,66.025
0,66.02
0,66.02
0,66.03
0,66.01
0,65.995
0,65.995
0,66
0,65.99
0,66.05
0,66.065
0,66.075
0,66.105
0,66.155
0,66.155
0,66.185
0,66.135
0,66.235
0,66.205
0,66.22
0,66.17
0,66.13
0,66.075
0,66.115
0,66.105
0,66.14
0,66.2
0,66.195
0,66.235
0,66.25
0,66.26
0,66.29
0,66.285
0,66.315
0,66.27
0,66.245
0,66.3
0,66.245
0,66.28
0,66.26
0,66.155
0,66.14
0,66.205
0,66.165
0,66.155
0,66.185
0,66.155
0,66.115
0,66.115
0,66.165
0,66.14
0,66.08
0,66.105
0,66.135
0,66.12
0,66.1
0,66.155
0,66.105
0,66.105
0,66.11
0,66.11
0,66.12
0,66.09
0,66.12
0,66.165
0,66.16
0,66.17
0,66.17
0,66.19
0,66.215
0,66.175
0,66.205
0,66.22
0,66.2
0,66.26
0,66.255
0,66.27
0,66.265
0,66.25
0,66.26
0,66.295
0,66.29
0,66.275
0,66.33
0,66.325
0,66.33
0,66.425
0,66.35
0,66.335
0,66.315
0,66.345
0,66.375
0,66.345
0,66.315
0,66.335
0,66.34
0,66.325
0,66.29
0,66.305
0,66.305
0,66.225
0,66.225
0,66.16
0,66.175
0,66.175
0,66.22
0,66.23
0,66.25
0,66.2
0,66.19
0,66.195
0,66.245
0,66.25
0,66.225
0,66.24
0,66.22
0,66.185
0,66.18
0,66.2
0,66.165
0,66.135
0,66.11
0,66.1
0,66.125
0,66.15
0,66.13
0,66.15
0,66.105
0,66.05
0,66.085
0,66.045
0,66.09
0,66.075
0,66.105
0,66.125
0,66.15
0,66.16
0,66.18
0,66.22
0,65.76
0,65.78
0,65.725
0,65.745
0,65.7
0,65.575
0,65.61
0,65.555
0,65.605
0,65.57
0,65.585
0,65.725
0,65.715
0,65.75
0,65.805
0,65.895
0,65.955
0,65.99
0,66.075
0,66.23
0,66.165
0,66.135
0,66.07
0,66.06
0,66.05
0,66.02
0,66
0,66.025
0,66.035
0,66.04
0,66.055
0,65.99
0,65.945
0,65.87
0,65.82
0,65.77
0,65.825
0,65.855
0,65.79
0,65.83
0,65.835
0,65.875
0,65.915
0,65.965
0,65.985
0,65.975
0,65.945
0,65.945
0,66.03
0,66.105
0,66.1
0,66.165
0,66.19
0,66.26
0,66.235
0,66.24
0,66.28
0,66.38
0,66.43
0,66.37
0,66.33
0,66.26
0,66.225
0,66.2
0,66.13
0,66.065
0,66.04
0,66.03
0,65.955
0,65.95
0,65.95
0,65.875
0,65.965
0,65.995
0,66.005
0,65.995
0,66.01
0,66.01
0,65.955
0,65.905
0,65.94
0,65.965
0,65.97
0,65.96
0,65.96
0,65.965
0,65.97
0,65.97
0,65.995
0,66
0,65.98
0,66.02
0,66.11
0,66.11
0,66.085
0,66.035
0,65.98
0,66.01
0,66.05
0,65.985
0,65.955
0,65.995
0,66.02
0,66.05
0,66.055
0,66.015
0,66.005
0,66.01
0,66.03
0,66.005
0,66.01
0,65.945
0,65.865
0,65.875
0,65.915
0,65.925
0,65.93
0,65.905
0,65.95
0,65.915
0,65.935
0,65.885
0,65.92
0,65.91
0,65.87
0,65.87
0,65.84
0,65.825
0,65.83
0,65.805
0,65.81
0,65.795
0,65.8
0,65.765
0,65.79
0,65.82
0,65.815
0,65.69
0,65.71
0,65.735
0,65.72
0,65.785
0,65.77
0,65.74
0,65.735
0,65.72
0,65.72
0,65.71
0,65.73
0,65.765
0,65.78
0,65.795
0,65.81
0,65.81
0,65.755
0,65.78
0,65.755
0,65.765
0,65.745
0,65.755
0,65.745
0,65.74
0,65.78
0,65.835
0,65.845
0,65.87
0,65.835
0,65.855
0,65.89
0,65.9
0,65.925
0,65.915
0,65.925
0,65.9
0,65.855
0,65.82
0,65.835
0,65.805
0,65.845
0,65.825
0,65.785
0,65.765
0,65.79
0,65.795
0,65.82
0,65.825
0,65.865
0,65.82
0,65.795
0,65.79
0,65.8
0,65.76
0,65.775
0,65.755
0,65.745
0,65.685
0,65.66
0,65.63
0,65.595
0,65.655
0,65.68
0,65.665
0,65.63
0,65.595
0,65.62
0,65.595
0,65.595
0,65.48
0,65.525
0,65.525
0,65.545
0,65.52
0,65.55
0,65.525
0,65.53
0,65.48
0,65.485
0,65.495
0,65.445
0,65.49
0,65.435
0,65.465
0,65.45
0,65.51
0,65.46
0,65.52
0,65.53
0,65.56
0,65.55
0,65.565
0,65.525
0,65.53
0,65.615
0,65.63
0,65.715
0,65.685
0,65.705
0,65.7
0,65.69
0,65.67
0,65.68
0,65.685
0,65.65
0,65.655
0,65.645
0,65.69
0,65.675
0,65.715
0,65.765
0,65.735
0,65.715
0,65.7
0,65.695
0,65.665
0,65.655
0,65.665
0,65.695
0,65.71
0,65.72
0,65.725
0,65.68
0,65.665
0,65.68
0,65.685
0,65.635
0,65.635
0,65.655
0,65.66
0,65.7
0,65.715
0,65.725
0,65.75
0,65.77
0,65.75
0,65.76
0,65.775
0,65.745
0,65.76
0,65.745
0,65.755
0,65.765
0,65.78
0,65.785
0,65.8
0,65.84
0,65.865
0,65.845
0,65.885
0,65.9
0,65.895
0,65.885
0,65.85
0,65.85
0,65.84
0,65.785
0,65.795
0,65.8
0,65.82
0,65.835
0,65.84
0,65.805
0,65.795
0,65.825
0,65.825
0,65.815
0,65.805
0,65.8
0,65.825
0,65.825
0,65.845
0,65.87
0,65.835
0,65.81
0,65.775
0,65.76
0,65.775
0,65.77
0,65.765
0,65.74
0,65.75
0,65.745
0,65.73
0,65.74
0,65.71
0,65.71
0,65.72
0,65.735
0,65.725
0,65.725
0,65.71
0,65.665
0,65.64
0,65.615
0,65.63
0,65.62
0,65.62
0,65.63
0,65.61
0,65.605
0,65.605
0,65.605
0,65.62
0,65.61
0,65.615
0,65.625
0,65.62
0,65.645
0,65.655
0,65.6
0,65.59
0,65.565
0,65.575
0,65.59
0,65.58
0,65.57
0,65.545
0,65.535
0,65.505
0,65.485
0,65.47
0,65.485
0,65.475
0,65.475
0,65.48
0,65.47
0,65.48
0,65.47
0,65.47
0,65.465
0,65.485
0,65.5
0,65.49
0,65.5
0,65.5
0,65.51
0,65.505
0,65.53
0,65.565
0,65.54
0,65.52
0,65.525
0,65.535
0,65.525
0,65.525
0,65.505
0,65.49
0,65.455
0,65.48
0,65.49
0,65.495
0,65.5
0,65.53
0,65.585
0,65.555
0,65.555
0,65.57
0,65.605
0,65.605
0,65.58
0,65.56
0,65.565
0,65.56
0,65.605
0,65.61
0,65.64
0,65.735
0,65.715
0,65.735
0,65.695
0,65.69
0,65.67
0,65.695
0,65.665
0,65.675
0,65.68
0,65.71
0,65.74
0,65.765
0,65.89
0,65.87
0,65.845
0,65.855
0,65.86
0,65.875
0,65.845
0,65.875
0,65.88
0,65.94
0,65.945
0,65.94
0,65.945
0,65.945
0,65.98
0,65.965
0,65.905
0,65.89
0,65.885
0,65.875
0,65.88
0,65.86
0,65.85
0,65.88
0,65.875
0,65.86
0,65.855
0,65.88
0,65.86
0,65.815
0,65.82
0,65.795
0,65.76
0,65.785
0,65.79
0,65.8
0,65.81
0,65.81
0,65.83
0,65.835
0,65.86
0,65.86
0,65.92
0,65.925
0,65.955
0,65.975
0,65.945
0,65.925
0,65.92
0,65.925
0,65.93
0,65.86
0,65.845
0,65.86
0,65.85
0,65.845
0,65.825
0,65.845
0,65.875
0,65.89
0,65.875
0,65.865
0,65.925
0,65.925
0,65.945
0,65.935
0,65.945
0,65.955
0,65.905
0,65.92
0,65.96
0,65.95
0,65.98
0,65.98
0,65.97
0,65.99
0,65.99
0,65.985
0,66.01
0,65.975
0,65.995
0,65.98
0,65.97
0,65.93
0,65.925
0,65.935
0,65.95
0,65.97
0,65.975
0,66
0,66.13
0,66.09
0,66.135
0,66.145
0,66.09
0,66.185
0,66.105
0,66.11
0,66.12
0,66.205
0,66.19
0,66.14
0,66.11
0,66.15
0,66.205
0,66.29
0,66.265
0,66.115
0,66.15
0,66.09
0,66.025
0,66.055
0,65.95
0,65.9
0,65.92
0,65.98
0,65.96
0,65.945
0,65.92
0,65.815
0,65.775
0,65.76
0,65.755
0,65.835
0,65.715
0,65.715
0,65.69
0,65.745
0,65.75
0,65.77
0,65.655
0,65.63
0,65.62
0,65.61
0,65.645
0,65.635
0,65.58
0,65.63
0,65.66
0,65.685
0,65.695
0,65.695
0,65.655
0,65.685
0,65.66
0,65.63
0,65.68
0,65.75
0,65.795
0,65.79
0,65.875
0,65.87
0,65.83
0,65.855
0,65.89
0,65.935
0,65.895
0,65.915
0,65.88
0,65.89
0,65.875
0,65.855
0,65.765
0,65.72
0,65.705
0,65.675
0,65.655
0,65.71
0,65.69
0,65.695
0,65.7
0,65.725
0,65.795
0,65.74
0,65.72
0,65.61
0,65.6
0,65.64
0,65.63
0,65.54
0,65.49
0,65.455
0,65.495
0,65.5
0,65.565
0,65.5
0,65.485
0,65.505
0,65.49
0,65.53
0,65.45
0,65.485
0,65.515
0,65.55
0,65.495
0,65.51
0,65.51
0,65.515
0,65.5
0,65.505
0,65.475
0,65.44
0,65.405
0,65.4
0,65.41
0,65.45
0,65.49
0,65.495
0,65.485
0,65.55
0,65.58
0,65.565
0,65.565
0,65.55
0,65.575
0,65.625
0,65.62
0,65.72
0,65.735
0,65.82
0,65.8
0,65.76
0,65.75
0,65.69
0,65.625
0,65.61
0,65.595
0,65.58
0,65.55
0,65.43
0,65.465
0,65.43
0,65.38
0,65.325
0,65.34
0,65.34
0,65.32
0,65.35
0,65.325
0,65.355
0,65.315
0,65.32
0,65.35
0,65.38
0,65.32
0,65.315
0,65.27
0,65.21
0,65.22
0,65.19
0,65.14
0,65.225
0,65.265
0,65.245
0,65.225
0,65.215
0,65.23
0,65.23
0,65.295
0,65.35
0,65.345
0,65.39
0,65.44
0,65.415
0,65.435
0,65.425
0,65.41
0,65.425
0,65.385
0,65.355
0,65.355
0,65.355
0,65.345
0,65.33
0,65.295
0,65.36
0,65.395
0,65.33
0,65.315
0,65.335
0,65.355
0,65.38
0,65.41
0,65.41
0,65.415
0,65.435
0,65.46
0,65.455
0,65.455
0,65.435
0,65.415
0,65.44
0,65.48
0,65.515
0,65.54
0,65.53
0,65.52
0,65.52
0,65.49
0,65.485
0,65.475
0,65.5
0,65.46
0,65.485
0,65.48
0,65.515
0,65.495
0,65.455
0,65.45
0,65.43
0,65.42
0,65.425
0,65.435
0,65.455
0,65.46
0,65.43
0,65.435
0,65.43
0,65.43
0,65.45
0,65.41
0,65.4
0,65.395
0,65.46
0,65.445
0,65.425
0,65.415
0,65.44
0,65.41
0,65.455
0,65.47
0,65.455
0,65.49
0,65.485
0,65.485
0,65.505
0,65.49
0,65.47
0,65.47
0,65.5
0,65.505
0,65.505
0,65.495
0,65.505
0,65.52
0,65.535
0,65.54
0,65.495
0,65.485
0,65.505
0,65.525
0,65.515
0,65.49
0,65.48
0,65.505
0,65.49
0,65.505
0,65.515
0,65.53
0,65.53
0,65.505
0,65.53
0,65.525
0,65.515
0,65.465
0,65.475
0,65.45
0,65.47
0,65.465
0,65.485
0,65.485
0,65.485
0,65.48
0,65.475
0,65.49
0,65.455
0,65.465
0,65.495
0,65.46
0,65.455
0,65.44
0,65.435
0,65.41
0,65.4
0,65.375
0,65.365
0,65.375
0,65.4
0,65.4
0,65.39
0,65.405
0,65.39
0,65.38
0,65.37
0,65.385
0,65.395
0,65.385
0,65.41
0,65.44
0,65.445
0,65.445
0,65.46
0,65.48
0,65.475
0,65.47
0,65.465
0,65.465
0,65.465
0,65.45
0,65.45
0,65.45
0,65.43
0,65.45
0,65.495
0,65.51
0,65.525
0,65.505
0,65.505
0,65.48
0,65.485
0,65.49
0,65.475
0,65.46
0,65.47
0,65.505
0,65.525
0,65.56
0,65.52
0,65.54
0,65.54
0,65.54
0,65.565
0,65.595
0,65.6
0,65.585
0,65.58
0,65.605
0,65.63
0,65.665
0,65.665
0,65.63
0,65.66
0,65.615
0,65.695
0,65.67
0,65.67
0,65.675
0,65.69
0,65.68
0,65.675
0,65.64
0,65.625
0,65.615
0,65.61
0,65.64
0,65.64
0,65.66
0,65.65
0,65.67
0,65.64
0,65.605
0,65.605
0,65.575
0,65.51
0,65.52
0,65.555
0,65.56
0,65.605
0,65.64
0,65.65
0,65.61
0,65.605
0,65.655
0,65.69
0,65.68
0,65.695
0,65.695
0,65.705
0,65.75
0,65.745
0,65.755
0,65.735
0,65.77
0,65.75
0,65.75
0,65.725
0,65.725
0,65.72
0,65.8
0,65.805
0,65.79
0,65.78
0,65.85
0,65.86
0,65.825
0,65.87
0,65.865
0,65.89
0,65.91
0,65.93
0,65.94
0,65.935
0,65.92
0,65.955
0,65.98
0,65.975
0,65.995
0,65.935
0,65.975
0,65.975
0,65.97
0,66.025
0,66.045
0,66.07
0,66.115
0,66.055
0,66.075
0,66.1
0,66.17
0,66.205
0,66.17
0,66.175
0,66.165
0,66.165
0,66.18
0,66.205
0,66.235
0,66.24
0,66.29
0,66.33
0,66.355
0,66.37
0,66.39
0,66.445
0,66.39
0,66.35
0,66.325
0,66.345
0,66.365
0,66.34
0,66.355
0,66.445
0,66.55
0,66.55
0,66.575
0,66.62
0,66.695
0,66.605
0,66.575
0,66.58
0,66.595
0,66.6
0,66.555
0,66.5
0,66.565
0,66.525
0,66.52
0,66.48
0,66.475
0,66.475
0,66.45
0,66.43
0,66.335
0,66.325
0,66.29
0,66.285
0,66.32
0,66.32
0,66.335
0,66.32
0,66.35
0,66.36
0,66.38
0,66.425
0,66.445
0,66.455
0,66.485
0,66.485
0,66.445
0,66.475
0,66.48
0,66.455
0,66.44
0,66.44
0,66.395
0,66.38
0,66.39
0,66.385
0,66.415
0,66.43
0,66.475
0,66.615
0,66.545
0,66.63
0,66.535
0,66.555
0,66.55
0,66.545
0,66.59
0,66.555
0,66.625
0,66.72
0,66.66
0,66.64
0,66.525
0,66.49
0,66.41
0,66.525
0,66.625
0,66.465
0,66.555
0,66.47
0,66.535
0,66.555
0,66.49
0,66.565
0,66.57
0,66.56
0,66.525
0,66.535
0,66.54
0,66.525
0,66.51
0,66.535
0,66.475
0,66.41
0,66.445
0,66.485
0,66.445
0,66.485
0,66.45
0,66.4
0,66.35
0,66.345
0,66.32
0,66.295
0,66.27
0,66.29
0,66.25
0,66.23
0,66.265
0,66.275
0,66.295
0,66.295
0,66.34
0,66.375
0,66.355
0,66.395
0,66.365
0,66.375
0,66.415
0,66.36
0,66.39
0,66.345
0,66.295
0,66.335
0,66.305
0,66.325
0,66.295
0,66.26
0,66.305
0,66.325
0,66.3
0,66.29
0,66.29
0,66.34
0,66.385
0,66.375
0,66.385
0,66.4
0,66.4
0,66.485
0,66.505
0,66.45
0,66.425
0,66.4
0,66.39
0,66.43
0,66.465
0,66.485
0,66.505
0,66.48
0,66.48
0,66.465
0,66.435
0,66.46
0,66.425
0,66.435
0,66.37
0,66.375
0,66.395
0,66.46
0,66.48
0,66.475
0,66.43
0,66.455
0,66.47
0,66.47
0,66.495
0,66.44
0,66.455
0,66.465
0,66.425
0,66.36
0,66.385
0,66.395
0,66.34
0,66.32
0,66.32
0,66.35
0,66.355
0,66.325
0,66.37
0,66.38
0,66.39
0,66.375
0,66.345
0,66.31
0,66.325
0,66.355
0,66.335
0,66.355
0,66.33
0,66.275
0,66.23
0,66.27
0,66.175
0,66.175
0,66.205
0,66.195
0,66.22
0,66.26
0,66.295
0,66.265
0,66.32
0,66.305
0,66.26
0,66.26
0,66.255
0,66.265
0,66.265
0,66.295
0,66.275
0,66.285
0,66.285
0,66.2
0,66.195
0,66.235
0,66.205
0,66.215
0,66.21
0,66.25
0,66.285
0,66.285
0,66.255
0,66.23
0,66.245
0,66.265
0,66.26
0,66.285
0,66.305
0,66.27
0,66.265
0,66.29
0,66.315
0,66.305
0,66.3
0,66.305
0,66.365
0,66.33
0,66.345
0,66.345
0,66.38
0,66.39
0,66.4
0,66.385
0,66.375
0,66.385
0,66.34
0,66.335
0,66.3
0,66.265
0,66.295
0,66.285
0,66.285
0,66.295
0,66.295
0,66.31
0,66.335
0,66.315
0,66.335
0,66.34
0,66.345
0,66.405
0,66.375
0,66.395
0,66.395
0,66.36
0,66.38
0,66.41
0,66.41
0,66.33
0,66.35
0,66.335
0,66.35
0,66.315
0,66.335
0,66.34
0,66.355
0,66.335
0,66.32
0,66.31
0,66.335
0,66.33
0,66.36
0,66.35
0,66.305
0,66.325
0,66.255
0,66.265
0,66.305
0,66.29
0,66.265
0,66.295
0,66.265
0,66.27
0,66.275
0,66.27
0,66.225
0,66.25
0,66.255
0,66.2
0,66.24
0,66.255
0,66.275
0,66.265
0,66.245
0,66.175
0,66.135
0,66.075
0,66.05
0,66.055
0,66.06
0,66.03
0,66.09
0,66.075
0,66.11
0,66.08
0,66.045
0,66.045
0,66.08
0,66.065
0,66.025
0,66.035
0,66.04
0,66.015
0,65.97
0,65.9
0,65.82
0,65.805
0,65.765
0,65.815
0,65.785
0,65.79
0,65.73
0,65.735
0,65.745
0,65.725
0,65.76
0,65.76
0,65.705
0,65.745
0,65.775
0,65.725
0,65.725
0,65.66
0,65.69
0,65.68
0,65.74
0,65.775
0,65.79
0,65.775
0,65.785
0,65.785
0,65.8
0,65.875
0,65.85
0,65.865
0,65.92
0,65.815
0,65.855
0,65.86
0,65.805
0,65.855
0,65.92
0,66.02
0,66.02
0,66.035
0,65.96
0,65.98
0,66.025
0,66.01
0,66.06
0,66.025
0,65.985
0,66
0,66.04
0,66.035
0,66.025
0,66.03
0,66.06
0,66.025
0,66.055
0,66.05
0,66.045
0,66.015
0,65.945
0,65.915
0,65.91
0,65.865
0,65.935
0,65.945
0,65.95
0,65.95
0,65.97
0,65.99
0,66.01
0,66.025
0,66.05
0,66.06
0,66.085
0,66.065
0,66.05
0,66.035
0,66.045
0,66
0,66
0,66.02
0,66.02
0,66.02
0,66.055
0,66.05
0,66.02
0,65.985
0,65.99
0,66.02
0,66.01
0,66.05
0,66.005
0,66.005
0,65.985
0,66.02
0,65.975
0,65.92
0,65.93
0,65.955
0,65.945
0,65.95
0,65.96
0,65.95
0,65.945
0,65.955
0,65.955
0,65.955
0,65.99
0,65.985
0,66.015
0,66
0,65.965
0,65.945
0,65.975
0,65.94
0,65.905
0,65.95
0,65.935
0,66.025
0,66.03
0,66.04
0,66.08
0,65.995
0,65.955
0,66.02
0,66.06
0,66.065
0,66.02
0,66.045
0,66.015
0,65.99
0,66.005
0,65.965
0,65.985
0,65.955
0,65.915
0,65.905
0,65.955
0,65.99
0,66.015
0,66.01
0,65.975
0,65.93
0,65.925
0,65.95
0,66.005
0,66.04
0,66.035
0,66.02
0,65.99
0,65.945
0,65.96
0,65.98
0,66
0,65.98
0,65.9
0,65.87
0,65.865
0,65.905
0,65.85
0,65.83
0,65.785
0,65.795
0,65.815
0,65.87
0,65.865
0,65.84
0,65.83
0,65.805
0,65.815
0,65.825
0,65.805
0,65.8
0,65.76
0,65.785
0,65.73
0,65.695
0,65.615
0,65.66
0,65.68
0,65.675
0,65.705
0,65.71
0,65.69
0,65.675
0,65.655
0,65.64
0,65.62
0,65.635
0,65.65
0,65.66
0,65.68
0,65.705
0,65.745
0,65.72
0,65.725
0,65.665
0,65.665
0,65.61
0,65.605
0,65.585
0,65.585
0,65.555
0,65.585
0,65.635
0,65.61
0,65.635
0,65.64
0,65.66
0,65.66
0,65.64
0,65.65
0,65.68
0,65.745
0,65.715
0,65.725
0,65.695
0,65.695
0,65.75
0,65.735
0,65.75
0,65.815
0,65.805
0,65.81
0,65.795
0,65.815
0,65.775
0,65.765
0,65.745
0,65.745
0,65.775
0,65.8
0,65.77
0,65.765
0,65.81
0,65.815
0,65.8
0,66.01
0,65.995
0,65.96
0,65.9
0,66.005
0,66.045
0,65.905
0,65.925
0,65.875
0,65.9
0,65.79
0,65.835
0,65.79
0,65.775
0,65.795
0,65.72
0,65.76
0,65.755
0,65.735
0,65.755
0,65.815
0,65.88
0,65.875
0,65.845
0,65.78
0,65.68
0,65.615
0,65.595
0,65.65
0,65.635
0,65.59
0,65.6
0,65.555
0,65.545
0,65.575
0,65.53
0,65.66
0,65.675
0,65.695
0,65.68
0,65.67
0,65.7
0,65.785
0,65.745
0,65.795
0,65.82
0,65.9
0,65.85
0,65.905
0,65.9
0,65.815
0,65.87
0,65.89
0,65.86
0,65.895
0,65.89
0,65.895
0,65.9
0,65.94
0,65.93
0,65.89
0,65.865
0,65.875
0,65.88
0,65.89
0,65.9
0,65.935
0,65.935
0,65.91
0,65.94
0,65.94
0,65.93
0,65.975
0,65.98
0,65.955
0,66.005
0,65.985
0,65.985
0,65.98
0,65.995
0,65.945
0,65.92
0,65.86
0,65.915
0,65.9
0,65.895
0,65.81
0,65.795
0,65.815
0,65.825
0,65.845
0,65.775
0,65.835
0,65.85
0,65.925
0,65.89
0,65.905
0,65.9
0,65.83
0,65.82
0,65.77
0,65.735
0,65.73
0,65.7
0,65.665
0,65.705
0,65.675
0,65.7
0,65.67
0,65.665
0,65.66
0,65.675
0,65.68
0,65.705
0,65.785
0,65.81
0,65.805
0,65.805
0,65.8
0,65.74
0,65.675
0,65.695
0,65.685
0,65.725
0,65.685
0,65.69
0,65.69
0,65.645
0,65.69
0,65.665
0,65.64
0,65.665
0,65.65
0,65.675
0,65.685
0,65.745
0,65.755
0,65.72
0,65.76
0,65.735
0,65.775
0,65.775
0,65.725
0,65.79
0,65.805
0,65.855
0,65.835
0,65.83
0,65.82
0,65.84
0,65.88
0,65.885
0,65.8
0,65.82
0,65.81
0,65.775
0,65.785
0,65.785
0,65.77
0,65.78
0,65.75
0,65.745
0,65.755
0,65.8
0,65.775
0,65.715
0,65.72
0,65.75
0,65.75
0,65.865
0,65.85
0,65.895
0,65.9
0,65.865
0,65.87
0,65.83
0,65.855
0,65.78
0,65.815
0,65.81
0,65.815
0,65.845
0,65.85
0,65.79
0,65.77
0,65.75
0,65.755
0,65.755
0,65.705
0,65.715
0,65.715
0,65.725
0,65.75
0,65.75
0,65.715
0,65.7
0,65.72
0,65.73
0,65.705
0,65.68
0,65.685
0,65.705
0,65.73
0,65.71
0,65.74
0,65.75
0,65.725
0,65.705
0,65.675
0,65.695
0,65.695
0,65.705
0,65.7
0,65.74
0,65.785
0,65.755
0,65.75
0,65.755
0,65.725
0,65.77
0,65.75
0,65.73
0,65.73
0,65.73
0,65.665
0,65.71
0,65.705
0,65.71
0,65.68
0,65.67
0,65.62
0,65.64
0,65.635
0,65.63
0,65.64
0,65.66
0,65.675
0,65.665
0,65.61
0,65.595
0,65.6
0,65.585
0,65.615
0,65.605
0,65.635
0,65.645
0,65.655
0,65.65
0,65.625
0,65.67
0,65.675
0,65.675
0,65.685
0,65.695
0,65.675
0,65.675
0,65.66
0,65.66
0,65.65
0,65.655
0,65.66
0,65.635
0,65.625
0,65.625
0,65.635
0,65.64
0,65.62
0,65.625
0,65.615
0,65.62
0,65.625
0,65.62
0,65.605
0,65.565
0,65.58
0,65.58
0,65.58
0,65.625
0,65.605
0,65.605
0,65.585
0,65.57
0,65.55
0,65.545
0,65.53
0,65.525
0,65.56
0,65.585
0,65.57
0,65.57
0,65.565
0,65.58
0,65.615
0,65.64
0,65.655
0,65.655
0,65.65
0,65.685
0,65.705
0,65.715
0,65.68
0,65.67
0,65.64
0,65.65
0,65.6
0,65.595
0,65.62
0,65.635
0,65.65
0,65.69
0,65.685
0,65.67
0,65.67
0,65.655
0,65.635
0,65.65
0,65.61
0,65.625
0,65.645
0,65.645
0,65.645
0,65.63
0,65.65
0,65.65
0,65.64
0,65.655
0,65.65
0,65.64
0,65.58
0,65.565
0,65.575
0,65.6
0,65.595
0,65.58
0,65.58
0,65.56
0,65.52
0,65.505
0,65.545
0,65.49
0,65.46
0,65.48
0,65.45
0,65.48
0,65.475
0,65.44
0,65.445
0,65.49
0,65.515
0,65.5
0,65.485
0,65.48
0,65.48
0,65.515
0,65.52
0,65.5
0,65.535
0,65.55
0,65.545
0,65.53
0,65.57
0,65.525
0,65.575
0,65.54
0,65.565
0,65.58
0,65.645
0,65.65
0,65.685
0,65.6
0,65.615
0,65.615
0,65.58
0,65.575
0,65.57
0,65.525
0,65.545
0,65.53
0,65.535
0,65.515
0,65.525
0,65.53
0,65.515
0,65.53
0,65.505
0,65.485
0,65.415
0,65.45
0,65.43
0,65.445
0,65.385
0,65.36
0,65.365
0,65.365
0,65.395
0,65.39
0,65.38
0,65.405
0,65.365
0,65.41
0,65.445
0,65.46
0,65.43
0,65.41
0,65.365
0,65.4
0,65.335
0,65.375
0,65.35
0,65.365
0,65.355
0,65.345
0,65.32
0,65.325
0,65.35
0,65.33
0,65.38
0,65.365
0,65.375
0,65.38
0,65.395
0,65.365
0,65.34
0,65.295
0,65.315
0,65.28
0,65.285
0,65.33
0,65.32
0,65.275
0,65.29
0,65.315
0,65.31
0,65.315
0,65.335
0,65.345
0,65.33
0,65.32
0,65.345
0,65.355
0,65.36
0,65.34
0,65.34
0,65.335
0,65.35
0,65.335
0,65.345
0,65.37
0,65.34
0,65.355
0,65.325
0,65.335
0,65.315
0,65.315
0,65.28
0,65.27
0,65.255
0,65.21
0,65.16
0,65.2
0,65.21
0,65.21
0,65.225
0,65.225
0,65.21
0,65.145
0,65.075
0,65.105
0,65.165
0,65.1
0,65.15
0,65.14
0,65.135
0,65.185
0,65.195
0,65.195
0,65.205
0,65.195
0,65.225
0,65.2
0,65.16
0,65.225
0,65.26
0,65.295
0,65.31
0,65.27
0,65.265
0,65.29
0,65.315
0,65.31
0,65.295
0,65.295
0,65.285
0,65.28
0,65.275
0,65.285
0,65.275
0,65.255
0,65.26
0,65.235
0,65.255
0,65.235
0,65.25
0,65.265
0,65.76
0,65.65
0,65.665
0,65.65
0,65.645
0,65.615
0,65.645
0,65.56
0,65.595
0,65.59
0,65.61
0,65.6
0,65.685
0,65.7
0,65.62
0,65.44
0,65.44
0,65.5
0,65.555
0,65.45
0,65.39
0,65.33
0,65.34
0,65.315
0,65.275
0,65.275
0,65.2
0,65.18
0,65.245
0,65.21
0,65.27
0,65.255
0,65.13
0,65.145
0,65.185
0,65.175
0,65.245
0,65.13
0,65.1
0,65.2
0,65.145
0,65.22
0,65.22
0,65.31
0,65.27
0,65.34
0,65.42
0,65.495
0,65.44
0,65.375
0,65.365
0,65.345
0,65.335
0,65.385
0,65.365
0,65.35
0,65.34
0,65.285
0,65.345
0,65.4
0,65.37
0,65.4
0,65.4
0,65.4
0,65.34
0,65.275
0,65.245
0,65.23
0,65.215
0,65.205
0,65.3
0,65.275
0,65.22
0,65.215
0,65.18
0,65.205
0,65.245
0,65.25
0,65.23
0,65.255
0,65.305
0,65.325
0,65.34
0,65.335
0,65.335
0,65.335
0,65.315
0,65.33
0,65.295
0,65.34
0,65.23
0,65.285
0,65.255
0,65.23
0,65.23
0,65.24
0,65.225
0,65.185
0,65.195
0,65.225
0,65.215
0,65.21
0,65.225
0,65.265
0,65.245
0,65.18
0,65.12
0,65.16
0,65.185
0,65.21
0,65.21
0,65.18
0,65.16
0,65.12
0,65.135
0,65.14
0,65.125
0,65.155
0,65.155
0,65.18
0,65.145
0,65.145
0,65.15
0,65.11
0,65.105
0,65.075
0,65.095
0,65.06
0,65.09
0,65.08
0,65.07
0,65.145
0,65.14
0,65.15
0,65.155
0,65.225
0,65.225
0,65.215
0,65.205
0,65.245
0,65.245
0,65.245
0,65.215
0,65.185
0,65.185
0,65.16
0,65.17
0,65.13
0,65.165
0,65.18
0,65.155
0,65.15
0,65.185
0,65.175
0,65.155
0,65.145
0,65.155
0,65.145
0,65.16
0,65.155
0,65.14
0,65.11
0,65.085
0,65.09
0,65.115
0,65.09
0,65.075
0,65.08
0,65.085
0,65.085
0,65.1
0,65.12
0,65.115
0,65.095
0,65.11
0,65.14
0,65.15
0,65.165
0,65.135
0,65.185
0,65.205
0,65.14
0,65.09
0,65.1
0,65.075
0,65.12
0,65.13
0,65.145
0,65.085
0,65.115
0,65.145
0,65.115
0,65.1
0,65.12
0,65.105
0,65.1
0,65.1
0,65.07
0,65.08
0,65.095
0,65.1
0,65.085
0,65.075
0,65.075
0,65.1
0,65.11
0,65.12
0,65.105
0,65.07
0,65.09
0,65.125
0,65.145
0,65.14
0,65.15
0,65.16
0,65.16
0,65.16
0,65.14
0,65.12
0,65.135
0,65.11
0,65.14
0,65.18
0,65.17
0,65.15
0,65.17
0,65.18
0,65.18
0,65.155
0,65.14
0,65.135
0,65.14
0,65.125
0,65.12
0,65.12
0,65.12
0,65.115
0,65.045
0,65.035
0,65.06
0,65.055
0,65.09
0,65.1
0,65.085
0,65.055
0,65.065
0,65.11
0,65.14
0,65.135
0,65.135
0,65.145
0,65.175
0,65.155
0,65.165
0,65.175
0,65.17
0,65.195
0,65.195
0,65.225
0,65.225
0,65.23
0,65.225
0,65.22
0,65.2
0,65.205
0,65.2
0,65.205
0,65.17
0,65.165
0,65.17
0,65.17
0,65.11
0,65.09
0,65.06
0,65.07
0,65.06
0,65.045
0,65.03
0,65.03
0,65.065
0,65.07
0,65.105
0,65.085
0,65.085
0,65.085
0,65.055
0,65.035
0,65.04
0,65.02
0,65.03
0,65.03
0,65.045
0,65.05
0,65.06
0,65.06
0,65.09
0,65.08
0,65.1
0,65.115
0,65.11
0,65.065
0,65.07
0,65.07
0,65.095
0,65.1
0,65.09
0,65.09
0,65.085
0,65.105
0,65.095
0,65.085
0,65.05
0,65.075
0,65.055
0,65.09
0,65.105
0,65.105
0,65.14
0,65.135
0,65.16
0,65.125
0,65.13
0,65.13
0,65.14
0,65.085
0,65.075
0,65.085
0,65.025
0,65.04
0,65.065
0,65.06
0,65.055
0,65.055
0,65.065
0,65.04
0,65.035
0,65.035
0,65.095
0,65.085
0,65.115
0,65.095
0,65.095
0,65.13
0,65.135
0,65.075
0,65.085
0,65.09
0,65.1
0,65.085
0,65.085
0,65.085
0,65.1
0,65.1
0,65.125
0,65.105
0,65.105
0,65.1
0,65.1
0,65.11
0,65.15
0,65.12
0,65.105
0,65.105
0,65.11
0,65.105
0,65.155
0,65.17
0,65.135
0,65.12
0,65.13
0,65.12
0,65.12
0,65.115
0,65.16
0,65.18
0,65.215
0,65.175
0,65.145
0,65.17
0,65.165
0,65.23
0,65.255
0,65.2
0,65.185
0,65.195
0,65.185
0,65.2
0,65.185
0,65.19
0,65.15
0,65.145
0,65.135
0,65.14
0,65.135
0,65.115
0,65.075
0,65.07
0,65.05
0,65.06
0,65.075
0,65.04
0,65.03
0,64.99
0,64.955
0,64.95
0,65
0,64.975
0,64.945
0,64.965
0,64.98
0,65.005
0,64.975
0,64.91
0,64.945
0,64.98
0,64.955
0,64.965
0,64.995
0,64.975
0,64.99
0,64.99
0,65.02
0,64.995
0,64.98
0,64.995
0,64.98
0,64.955
0,64.92
0,64.92
0,64.915
0,64.86
0,64.91
0,64.885
0,64.895
0,64.93
0,64.925
0,64.96
0,65
0,65.005
0,64.985
0,64.96
0,64.975
0,64.995
0,65.005
0,65.015
0,65.045
0,65.055
0,65.075
0,65.06
0,65.06
0,65.1
0,65.11
0,65.095
0,65.08
0,65.015
0,64.995
0,65.01
0,65.005
0,64.985
0,64.935
0,64.975
0,64.95
0,64.92
0,64.915
0,64.925
0,64.915
0,64.955
0,64.995
0,64.96
0,64.95
0,64.89
0,64.775
0,64.83
0,64.875
0,64.89
0,64.85
0,64.82
0,64.785
0,64.795
0,64.8
0,64.8
0,64.755
0,64.75
0,64.765
0,64.8
0,66.25
0,66.555
0,66.705
0,66.75
0,66.62
0,66.64
0,66.595
0,66.695
0,66.785
0,66.745
0,66.655
0,66.66
0,66.415
0,66.29
0,66.305
0,66.31
0,66.32
0,66.325
0,66.27
0,66.275
0,66.29
0,66.31
0,66.34
0,66.435
0,66.285
0,66.345
0,66.485
0,66.5
0,66.565
0,66.655
0,66.645
0,66.61
0,66.6
0,66.6
0,66.64
0,66.62
0,66.59
0,66.6
0,66.6
0,66.56
0,66.535
0,66.63
0,66.64
0,66.65
0,66.595
0,66.555
0,66.575
0,66.58
0,66.59
0,66.64
0,66.585
0,66.625
0,66.705
0,66.795
0,66.725
0,66.77
0,66.805
0,66.87
0,66.85
0,66.885
0,66.925
0,67.08
0,67.155
0,67.03
0,67
0,67.11
0,67.035
0,67.145
0,67.11
0,67.145
0,67.145
0,67.225
0,67.26
0,67.28
0,67.24
0,67.14
0,67.1
0,67.02
0,67.05
0,66.97
0,67
0,66.98
0,66.985
0,67.04
0,66.915
0,66.92
0,66.845
0,66.895
0,66.875
0,66.96
0,67.025
0,67.155
0,67.205
0,67.195
0,67.15
0,67.215
0,67.225
0,67.17
0,67.17
0,67.115
0,66.995
0,67.025
0,67.1
0,67.04
0,67.065
0,67.12
0,67.12
0,67.055
0,67.18
0,67.245
0,67.285
0,67.31
0,67.31
0,67.235
0,67.265
0,67.28
0,67.29
0,67.185
0,67.21
0,67.19
0,67.165
0,67.175
0,67.165
0,67.08
0,67.05
0,67.015
0,67.14
0,67.185
0,67.13
0,67.01
0,67.055
0,67.055
0,67.05
0,67.005
0,67.04
0,67.015
0,67.06
0,67.09
0,67.14
0,67.09
0,67.11
0,67.13
0,67.19
0,67.17
0,67.2
0,67.195
0,67.185
0,67.105
0,67.14
0,67.13
0,67.145
0,67.16
0,67.165
0,67.18
0,67.195
0,67.205
0,67.255
0,67.41
0,67.4
0,67.325
0,67.28
0,67.315
0,67.335
0,67.335
0,67.295
0,67.335
0,67.295
0,67.355
0,67.385
0,67.405
0,67.42
0,67.44
0,67.52
0,67.47
0,67.445
0,67.475
0,67.42
0,67.395
0,67.405
0,67.49
0,67.435
0,67.4
0,67.465
0,67.37
0,67.38
0,67.425
0,67.39
0,67.4
0,67.415
0,67.35
0,67.34
0,67.275
0,67.235
0,67.24
0,67.285
0,67.205
0,67.25
0,67.235
0,67.28
0,67.245
0,67.175
0,67.165
0,67.215
0,67.15
0,67.185
0,67.17
0,67.15
0,67.1
0,67.07
0,67.08
0,67.045
0,67.005
0,67.065
0,67.06
0,67.13
0,67.15
0,67.2
0,67.23
0,67.165
0,67.175
0,67.235
0,67.285
0,67.245
0,67.265
0,67.215
0,67.24
0,67.23
0,67.23
0,67.255
0,67.275
0,67.31
0,67.295
0,67.335
0,67.445
0,67.465
0,67.475
0,67.525
0,67.48
0,67.505
0,67.545
0,67.5
0,67.54
0,67.525
0,67.5
0,67.525
0,67.545
0,67.54
0,67.56
0,67.555
0,67.52
0,67.535
0,67.545
0,67.515
0,67.49
0,67.5
0,67.52
0,67.52
0,67.525
0,67.53
0,67.545
0,67.545
0,67.525
0,67.52
0,67.52
0,67.515
0,67.505
0,67.49
0,67.45
0,67.435
0,67.495
0,67.49
0,67.49
0,67.5
0,67.49
0,67.46
0,67.48
0,67.475
0,67.475
0,67.435
0,67.465
0,67.45
0,67.435
0,67.445
0,67.475
0,67.46
0,67.46
0,67.47
0,67.49
0,67.485
0,67.49
0,67.46
0,67.445
0,67.465
0,67.465
0,67.475
0,67.485
0,67.475
0,67.425
0,67.425
0,67.435
0,67.45
0,67.45
0,67.395
0,67.33
0,67.315
0,67.28
0,67.285
0,67.305
0,67.295
0,67.26
0,67.26
0,67.31
0,67.3
0,67.315
0,67.345
0,67.345
0,67.32
0,67.275
0,67.28
0,67.245
0,67.165
0,67.21
0,67.2
0,67.19
0,67.095
0,67.105
0,67.115
0,67.155
0,67.18
0,67.125
0,67.135
0,67.16
0,67.2
0,67.25
0,67.275
0,67.26
0,67.225
0,67.23
0,67.235
0,67.2
0,67.22
0,67.22
0,67.285
0,67.31
0,67.365
0,67.395
0,67.38
0,67.37
0,67.345
0,67.365
0,67.39
0,67.49
0,67.5
0,67.42
0,67.425
0,67.43
0,67.44
0,67.395
0,67.42
0,67.43
0,67.455
0,67.45
0,67.49
0,67.535
0,67.55
0,67.505
0,67.485
0,67.445
0,67.485
0,67.495
0,67.55
0,67.5
0,67.48
0,67.495
0,67.46
0,67.485
0,67.46
0,67.53
0,67.515
0,67.47
0,67.475
0,67.455
0,67.415
0,67.445
0,67.43
0,67.52
0,67.545
0,67.62
0,67.555
0,67.59
0,67.585
0,67.55
0,67.6
0,67.605
0,67.615
0,67.605
0,67.62
0,67.61
0,67.64
0,67.64
0,67.69
0,67.705
0,67.685
0,67.75
0,67.725
0,67.73
0,67.725
0,67.74
0,67.735
0,67.685
0,67.7
0,67.79
0,67.835
0,67.85
0,67.925
0,67.85
0,67.79
0,67.775
0,67.795
0,67.805
0,67.825
0,67.825
0,67.8
0,67.79
0,67.82
0,67.795
0,67.82
0,67.79
0,67.88
0,67.87
0,67.92
0,67.95
0,67.98
0,67.86
0,67.83
0,67.87
0,67.9
0,67.84
0,67.815
0,67.74
0,67.725
0,67.71
0,67.715
0,67.735
0,67.82
0,67.79
0,67.815
0,67.81
0,67.825
0,67.83
0,67.835
0,67.83
0,67.895
0,67.93
0,67.9
0,67.915
0,67.84
0,67.77
0,67.745
0,67.775
0,67.765
0,67.675
0,67.695
0,67.67
0,67.66
0,67.595
0,67.62
0,67.63
0,67.62
0,67.595
0,67.595
0,67.665
0,67.685
0,67.63
0,67.635
0,67.655
0,67.62
0,67.635
0,67.69
0,67.7
0,67.65
0,67.725
0,67.735
0,67.69
0,67.63
0,67.69
0,67.65
0,67.575
0,67.57
0,67.595
0,67.61
0,67.56
0,67.59
0,67.6
0,67.61
0,67.555
0,67.56
0,67.625
0,67.625
0,67.36
0,67.22
0,67.31
0,67.115
0,67.13
0,67.075
0,67.14
0,67.275
0,67.28
0,67.2
0,67.27
0,67.3
0,67.29
0,67.27
0,67.29
0,67.29
0,67.22
0,67.21
0,67.235
0,67.395
0,67.32
0,67.215
0,67.195
0,67.16
0,67.24
0,67.235
0,67.23
0,67.165
0,67.205
0,67.155
0,67.125
0,67.145
0,67.16
0,67.175
0,67.13
0,67.09
0,67.055
0,67.09
0,67.025
0,67.02
0,67
0,66.955
0,66.915
0,66.925
0,66.935
0,66.92
0,66.93
0,66.855
0,66.83
0,66.83
0,66.845
0,66.91
0,66.875
0,66.895
0,66.795
0,66.8
0,66.81
0,66.81
0,66.815
0,66.835
0,66.8
0,66.745
0,66.715
0,66.76
0,66.755
0,66.77
0,66.73
0,66.73
0,66.765
0,66.745
0,66.77
0,66.695
0,66.685
0,66.635
0,66.64
0,66.635
0,66.735
0,66.715
0,66.75
0,66.795
0,66.78
0,66.81
0,66.805
0,66.73
0,66.76
0,66.75
0,66.74
0,66.76
0,66.725
0,66.66
0,66.495
0,66.525
0,66.555
0,66.555
0,66.525
0,66.53
0,66.455
0,66.485
0,66.53
0,66.58
0,66.58
0,66.515
0,66.51
0,66.53
0,66.565
0,66.56
0,66.575
0,66.575
0,66.58
0,66.58
0,66.53
0,66.555
0,66.6
0,66.545
0,66.525
0,66.53
0,66.5
0,66.485
0,66.48
0,66.46
0,66.46
0,66.425
0,66.4
0,66.48
0,66.54
0,66.55
0,66.52
0,66.52
0,66.51
0,66.47
0,66.53
0,66.525
0,66.555
0,66.55
0,66.525
0,66.675
0,66.62
0,66.67
0,66.62
0,66.58
0,66.535
0,66.57
0,66.54
0,66.585
0,66.575
0,66.595
0,66.595
0,66.62
0,66.595
0,66.585
0,66.595
0,66.6
0,66.63
0,66.615
0,66.62
0,66.615
0,66.605
0,66.635
0,66.7
0,66.69
0,66.685
0,66.69
0,66.7
0,66.72
0,66.75
0,66.76
0,66.77
0,66.75
0,66.78
0,66.78
0,66.795
0,66.77
0,66.78
0,66.79
0,66.775
0,66.775
0,66.82
0,66.83
0,66.86
0,66.86
0,66.86
0,66.87
0,66.87
0,66.9
0,66.87
0,66.815
0,66.825
0,66.875
0,66.87
0,66.855
0,66.815
0,66.82
0,66.845
0,66.885
0,66.9
0,66.905
0,66.895
0,66.91
0,66.91
0,66.93
0,66.94
0,66.935
0,66.92
0,66.915
0,66.93
0,66.93
0,66.935
0,66.915
0,66.945
0,66.945
0,66.98
0,67.035
0,67.025
0,67.01
0,67.04
0,67.03
0,67.045
0,67.05
0,67.035
0,67.055
0,67.045
0,67.055
0,67.05
0,67.08
0,67.085
0,67.055
0,67.055
0,67.035
0,67.025
0,67.04
0,67.035
0,67.06
0,67.04
0,67.07
0,67.06
0,67.09
0,67.06
0,67.06
0,67.155
0,67.16
0,67.15
0,67.155
0,67.17
0,67.155
0,67.12
0,67.115
0,67.135
0,67.125
0,67.145
0,67.16
0,67.165
0,67.175
0,67.15
0,67.15
0,67.165
0,67.18
0,67.175
0,67.19
0,67.19
0,67.21
0,67.21
0,67.24
0,67.245
0,67.245
0,67.2
0,67.2
0,67.245
0,67.24
0,67.22
0,67.235
0,67.235
0,67.26
0,67.265
0,67.265
0,67.24
0,67.19
0,67.235
0,67.26
0,67.255
0,67.285
0,67.28
0,67.32
0,67.285
0,67.21
0,67.165
0,67.2
0,67.2
0,67.23
0,67.25
0,67.26
0,67.28
0,67.265
0,67.25
0,67.27
0,67.275
0,67.2
0,67.185
0,67.21
0,67.245
0,67.21
0,67.215
0,67.19
0,67.15
0,67.185
0,67.12
0,67.15
0,67.165
0,67.15
0,67.16
0,67.14
0,67.13
0,67.185
0,67.195
0,67.205
0,67.195
0,67.215
0,67.225
0,67.245
0,67.2
0,67.21
0,67.215
0,67.23
0,67.2
0,67.235
0,67.24
0,67.265
0,67.235
0,67.17
0,67.215
0,67.27
0,67.31
0,67.275
0,67.28
0,67.29
0,67.3
0,67.29
0,67.295
0,67.28
0,67.26
0,67.285
0,67.255
0,67.275
0,67.31
0,67.315
0,67.27
0,67.23
0,67.235
0,67.24
0,67.275
0,67.24
0,67.24
0,67.22
0,67.205
0,67.235
0,67.245
0,67.29
0,67.32
0,67.33
0,67.38
0,67.375
0,67.36
0,67.365
0,67.415
0,67.45
0,67.495
0,67.465
0,67.48
0,67.515
0,67.48
0,67.425
0,67.465
0,67.495
0,67.47
0,67.5
0,67.51
0,67.48
0,67.465
0,67.5
0,67.475
0,67.5
0,67.51
0,67.525
0,67.545
0,67.525
0,67.52
0,67.505
0,67.5
0,67.495
0,67.5
0,67.565
0,67.615
0,67.595
0,67.59
0,67.575
0,67.615
0,67.605
0,67.59
0,67.585
0,67.58
0,67.525
0,67.62
0,67.615
0,67.58
0,67.525
0,67.56
0,67.54
0,67.56
0,67.585
0,67.57
0,67.55
0,67.575
0,67.59
0,67.56
0,67.555
0,67.485
0,67.475
0,67.4
0,67.395
0,67.385
0,67.405
0,67.39
0,67.33
0,67.335
0,67.275
0,67.17
0,67.09
0,67.03
0,67.105
0,67.09
0,67.185
0,67.155
0,67.17
0,67.11
0,67.145
0,67.155
0,67.095
0,67.115
0,67.04
0,66.99
0,67.045
0,67.01
0,67.015
0,67.01
0,67.035
0,67.06
0,67.03
0,67.05
0,67.03
0,66.995
0,67.025
0,67.065
0,67.035
0,66.995
0,67.06
0,67.095
0,67.065
0,67.085
0,67.055
0,67.055
0,67.045
0,67.085
0,67.085
0,67.085
0,67.09
0,67.1
0,67.125
0,67.125
0,67.12
0,67.075
0,67.085
0,67.12
0,67.095
0,67.085
0,67.13
0,67.06
0,67.035
0,67.075
0,67.1
0,67.105
0,67.085
0,67.105
0,67.085
0,67.16
0,67.12
0,67.14
0,67.19
0,67.215
0,67.22
0,67.27
0,67.285
0,67.27
0,67.245
0,67.245
0,67.305
0,67.3
0,67.315
0,67.285
0,67.32
0,67.305
0,67.29
0,67.285
0,67.28
0,66.85
0,66.885
0,66.83
0,66.805
0,66.83
0,66.82
0,66.855
0,66.725
0,66.675
0,66.665
0,66.645
0,66.675
0,66.625
0,66.59
0,66.59
0,66.69
0,66.795
0,66.845
0,66.845
0,66.905
0,66.85
0,66.81
0,66.845
0,66.83
0,66.805
0,66.835
0,66.81
0,66.79
0,66.83
0,66.875
0,66.92
0,66.87
0,66.885
0,66.9
0,66.96
0,66.945
0,67.025
0,67.045
0,67.045
0,67.075
0,67.07
0,67.1
0,67.175
0,67.2
0,67.195
0,67.2
0,67.13
0,67.19
0,67.185
0,67.15
0,67.15
0,67.15
0,67.18
0,67.105
0,67.07
0,67.105
0,67.045
0,67.04
0,67.05
0,67.015
0,67.01
0,67.02
0,67.02
0,67.015
0,67.055
0,67.035
0,67.05
0,67.065
0,67.055
0,67.065
0,67.075
0,67.13
0,67.18
0,67.14
0,67.08
0,67.15
0,67.15
0,67.125
0,67.19
0,67.165
0,67.11
0,67.17
0,67.255
0,67.25
0,67.295
0,67.26
0,67.26
0,67.26
0,67.21
0,67.16
0,67.155
0,67.16
0,67.205
0,67.175
0,67.18
0,67.205
0,67.23
0,67.245
0,67.25
0,67.33
0,67.34
0,67.28
0,67.24
0,67.315
0,67.31
0,67.37
0,67.365
0,67.395
0,67.39
0,67.385
0,67.415
0,67.385
0,67.39
0,67.4
0,67.4
0,67.36
0,67.405
0,67.395
0,67.375
0,67.325
0,67.3
0,67.28
0,67.305
0,67.29
0,67.245
0,67.24
0,67.285
0,67.245
0,67.21
0,67.17
0,67.145
0,67.1
0,67.07
0,67.135
0,67.1
0,67.065
0,67.08
0,67.045
0,67.07
0,67.045
0,67.015
0,67.045
0,67.065
0,67.05
0,67.095
0,67.115
0,67.11
0,67.185
0,67.17
0,67.185
0,67.17
0,67.15
0,67.115
0,67.125
0,67.085
0,67.085
0,67.095
0,67.1
0,67.13
0,67.11
0,67.1
0,67.12
0,67.075
0,67.11
0,67.13
0,67.085
0,67.075
0,67.045
0,67.045
0,67.03
0,67.045
0,67.04
0,67.04
0,67.02
0,67.015
0,67.025
0,67.02
0,67.05
0,67.085
0,67.075
0,67.015
0,66.95
0,66.98
0,66.955
0,66.925
0,66.92
0,66.93
0,66.945
0,66.965
0,66.925
0,66.945
0,66.945
0,66.96
0,66.995
0,67.03
0,67.01
0,67.035
0,67.02
0,66.995
0,67.005
0,67.015
0,67
0,66.98
0,66.965
0,66.965
0,66.985
0,66.985
0,66.985
0,66.97
0,66.95
0,66.94
0,66.935
0,66.92
0,66.92
0,66.935
0,66.94
0,66.995
0,66.97
0,67.005
0,67.02
0,67
0,66.985
0,67.025
0,67.05
0,67.04
0,67.09
0,67.11
0,67.085
0,67.07
0,67.105
0,67.09
0,67.085
0,67.045
0,67.005
0,67.005
0,66.99
0,67.02
0,66.965
0,66.945
0,66.93
0,66.945
0,66.92
0,66.905
0,66.87
0,66.85
0,66.81
0,66.81
0,66.81
0,66.8
0,66.84
0,66.82
0,66.83
0,66.86
0,66.81
0,66.82
0,66.815
0,66.78
0,66.75
0,66.79
0,66.79
0,66.79
0,66.785
0,66.77
0,66.765
0,66.785
0,66.775
0,66.775
0,66.76
0,66.775
0,66.795
0,66.805
0,66.83
0,66.81
0,66.855
0,66.84
0,66.855
0,66.845
0,66.845
0,66.845
0,66.85
0,66.83
0,66.835
0,66.865
0,66.835
0,66.835
0,66.825
0,66.83
0,66.865
0,66.86
0,66.87
0,66.855
0,66.885
0,66.895
0,66.89
0,66.94
0,66.935
0,66.93
0,66.925
0,66.915
0,66.88
0,66.92
0,66.905
0,66.905
0,66.945
0,66.92
0,66.94
0,66.985
0,67.01
0,66.985
0,66.96
0,66.945
0,66.895
0,66.9
0,66.885
0,66.895
0,66.88
0,66.835
0,66.835
0,66.85
0,66.885
0,66.88
0,66.905
0,66.915
0,66.92
0,67.02
0,66.96
0,66.95
0,66.915
0,66.94
0,66.915
0,66.96
0,66.95
0,66.97
0,66.93
0,67
0,67.015
0,66.98
0,66.95
0,66.95
0,66.96
0,66.96
0,66.94
0,66.885
0,66.865
0,66.84
0,66.835
0,66.845
0,66.85
0,66.87
0,66.825
0,66.825
0,66.895
0,66.89
0,66.905
0,66.915
0,66.905
0,66.895
0,66.86
0,66.86
0,66.84
0,66.855
0,66.885
0,66.885
0,66.86
0,66.865
0,66.855
0,66.855
0,66.855
0,66.915
0,66.875
0,66.87
0,66.855
0,66.885
0,66.925
0,66.9
0,66.87
0,66.88
0,66.895
0,66.905
0,66.905
0,66.925
0,66.855
0,66.855
0,66.815
0,66.8
0,66.81
0,66.785
0,66.8
0,66.785
0,66.75
0,66.68
0,66.725
0,66.71
0,66.705
0,66.75
0,66.76
0,66.75
0,66.785
0,66.85
0,66.805
0,66.895
0,66.855
0,66.825
0,66.815
0,66.785
0,66.77
0,66.745
0,66.745
0,66.755
0,66.76
0,66.77
0,66.78
0,66.72
0,66.745
0,66.74
0,66.745
0,66.72
0,66.755
0,66.705
0,66.675
0,66.665
0,66.67
0,66.65
0,66.605
0,66.63
0,66.685
0,66.665
0,66.655
0,66.675
0,66.66
0,66.73
0,66.74
0,66.84
0,66.87
0,66.83
0,66.87
0,66.875
0,66.995
0,66.93
0,66.835
0,66.825
0,66.795
0,66.785
0,66.835
0,66.835
0,66.87
0,66.875
0,66.93
0,66.91
0,66.915
0,66.95
0,66.93
0,66.9
0,66.885
0,66.915
0,66.94
0,66.9
0,66.905
0,66.91
0,66.86
0,66.86
0,66.865
0,66.86
0,66.845
0,66.85
0,66.82
0,66.835
0,66.865
0,66.865
0,66.865
0,66.87
0,66.92
0,66.925
0,66.905
0,66.895
0,66.93
0,66.95
0,67.025
0,67.02
0,67.005
0,67.015
0,66.93
0,66.865
0,66.875
0,66.945
0,66.98
0,66.955
0,66.98
0,66.925
0,66.95
0,66.96
0,66.96
0,66.955
0,67
0,66.945
0,66.965
0,66.955
0,66.99
0,67.025
0,67.025
0,67.03
0,67.045
0,67.015
0,67.045
0,66.52
0,66.55
0,66.4
0,66.3
0,66.275
0,66.185
0,66.215
0,66.195
0,66.235
0,66.215
0,66.275
0,66.205
0,66.225
0,66.22
0,66.205
0,66.115
0,66.105
0,66.06
0,66.075
0,66.045
0,65.995
0,66.085
0,66.045
0,66.01
0,66.045
0,66.09
0,66.19
0,66.215
0,66.18
0,66.155
0,66.095
0,66.075
0,66.135
0,66.13
0,66.155
0,66.165
0,66.195
0,66.215
0,66.19
0,66.24
0,66.32
0,66.285
0,66.305
0,66.31
0,66.375
0,66.335
0,66.31
0,66.305
0,66.245
0,66.215
0,66.165
0,66.17
0,66.155
0,66.165
0,66.195
0,66.215
0,66.205
0,66.205
0,66.21
0,66.21
0,66.25
0,66.26
0,66.21
0,66.205
0,66.235
0,66.24
0,66.22
0,66.225
0,66.305
0,66.285
0,66.235
0,66.235
0,66.24
0,66.22
0,66.225
0,66.26
0,66.28
0,66.28
0,66.285
0,66.265
0,66.275
0,66.225
0,66.245
0,66.215
0,66.23
0,66.22
0,66.265
0,66.275
0,66.315
0,66.305
0,66.315
0,66.3
0,66.33
0,66.33
0,66.415
0,66.4
0,66.42
0,66.355
0,66.4
0,66.36
0,66.33
0,66.275
0,66.31
0,66.3
0,66.285
0,66.25
0,66.235
0,66.275
0,66.295
0,66.315
0,66.34
0,66.36
0,66.365
0,66.38
0,66.405
0,66.41
0,66.39
0,66.405
0,66.395
0,66.4
0,66.415
0,66.37
0,66.395
0,66.4
0,66.45
0,66.455
0,66.525
0,66.565
0,66.545
0,66.565
0,66.58
0,66.51
0,66.49
0,66.485
0,66.465
0,66.44
0,66.425
0,66.405
0,66.43
0,66.465
0,66.445
0,66.44
0,66.455
0,66.475
0,66.495
0,66.485
0,66.435
0,66.475
0,66.495
0,66.46
0,66.46
0,66.435
0,66.5
0,66.48
0,66.305
0,66.245
0,66.28
0,66.325
0,66.375
0,66.32
0,66.26
0,66.255
0,66.22
0,66.23
0,66.215
0,66.205
0,66.21
0,66.225
0,66.2
0,66.27
0,66.27
0,66.205
0,66.225
0,66.21
0,66.285
0,66.25
0,66.215
0,66.235
0,66.225
0,66.255
0,66.23
0,66.25
0,66.31
0,66.32
0,66.32
0,66.365
0,66.32
0,66.32
0,66.355
0,66.375
0,66.4
0,66.41
0,66.43
0,66.365
0,66.345
0,66.4
0,66.41
0,66.41
0,66.455
0,66.44
0,66.37
0,66.355
0,66.29
0,66.305
0,66.28
0,66.24
0,66.265
0,66.225
0,66.22
0,66.19
0,66.16
0,66.14
0,66.095
0,65.995
0,65.97
0,66.05
0,65.935
0,65.935
0,65.97
0,65.96
0,65.975
0,65.975
0,65.92
0,65.94
0,65.94
0,65.915
0,65.89
0,65.935
0,65.915
0,65.92
0,65.93
0,65.965
0,65.98
0,65.955
0,65.915
0,65.97
0,66
0,65.975
0,65.985
0,65.975
0,65.92
0,65.875
0,65.885
0,65.855
0,65.905
0,65.9
0,65.91
0,65.99
0,66.01
0,66
0,65.99
0,65.96
0,65.975
0,65.995
0,65.985
0,65.985
0,65.99
0,66.01
0,66.03
0,66.005
0,65.98
0,65.985
0,66.005
0,65.985
0,65.985
0,65.99
0,65.955
0,65.945
0,65.945
0,65.995
0,66
0,65.965
0,65.96
0,65.97
0,65.985
0,65.975
0,65.99
0,65.99
0,66.005
0,66.005
0,65.995
0,66
0,65.99
0,65.98
0,65.93
0,65.915
0,65.89
0,65.895
0,65.91
0,65.88
0,65.865
0,65.87
0,65.905
0,65.905
0,65.94
0,65.985
0,65.995
0,66.055
0,66.06
0,66.095
0,66.03
0,66.05
0,66.01
0,66
0,66.02
0,66.015
0,66.025
0,66.02
0,65.99
0,66.02
0,66.005
0,65.995
0,65.975
0,65.97
0,66
0,66.01
0,66.015
0,65.99
0,65.99
0,66.01
0,66.065
0,66.095
0,66.095
0,66.055
0,66.13
0,66.13
0,66.145
0,66.11
0,66.195
0,66.24
0,66.235
0,66.225
0,66.255
0,66.205
0,66.21
0,66.145
0,66.15
0,66.135
0,66.09
0,66.11
0,66.055
0,66.055
0,66.115
0,66.175
0,66.22
0,66.23
0,66.21
0,66.215
0,66.205
0,66.205
0,66.175
0,66.215
0,66.245
0,66.27
0,66.26
0,66.255
0,66.265
0,66.27
0,66.325
0,66.28
0,66.29
0,66.35
0,66.4
0,66.395
0,66.41
0,66.415
0,66.45
0,66.445
0,66.495
0,66.38
0,66.335
0,66.355
0,66.335
0,66.3
0,66.3
0,66.32
0,66.355
0,66.345
0,66.32
0,66.37
0,66.39
0,66.385
0,66.4
0,66.38
0,66.355
0,66.38
0,66.35
0,66.325
0,66.335
0,66.38
0,66.345
0,66.365
0,66.41
0,66.49
0,66.53
0,66.505
0,66.475
0,66.425
0,66.37
0,66.41
0,66.4
0,66.415
0,66.395
0,66.295
0,66.37
0,66.34
0,66.43
0,66.51
0,66.495
0,66.495
0,66.485
0,66.52
0,66.5
0,66.55
0,66.495
0,66.42
0,66.49
0,66.59
0,66.685
0,66.72
0,66.71
0,66.705
0,66.695
0,66.735
0,66.755
0,66.745
0,66.745
0,66.67
0,66.685
0,66.645
0,66.705
0,66.7
0,66.705
0,66.71
0,66.71
0,66.71
0,66.755
0,66.77
0,66.73
0,66.72
0,66.66
0,66.67
0,66.655
0,66.63
0,66.635
0,66.555
0,66.61
0,66.625
0,66.63
0,66.685
0,66.695
0,66.71
0,66.64
0,66.68
0,66.685
0,66.67
0,66.65
0,66.675
0,66.67
0,66.675
0,66.62
0,66.655
0,66.62
0,66.66
0,66.665
0,66.715
0,66.75
0,66.77
0,66.8
0,66.77
0,66.74
0,66.735
0,66.71
0,66.62
0,66.58
0,66.575
0,66.61
0,66.63
0,66.655
0,66.72
0,66.75
0,66.7
0,66.755
0,66.71
0,66.75
0,66.775
0,66.765
0,66.74
0,66.77
0,66.76
0,66.78
0,66.77
0,66.785
0,66.8
0,66.825
0,66.795
0,66.86
0,66.84
0,66.815
0,66.89
0,66.885
0,66.905
0,66.96
0,67.32
0,67.445
0,67.475
0,67.51
0,67.68
0,67.72
0,67.74
0,67.73
0,67.625
0,67.66
0,67.645
0,67.485
0,67.49
0,67.405
0,67.46
0,67.34
0,67.345
0,67.405
0,67.455
0,67.535
0,67.53
0,67.54
0,67.485
0,67.465
0,67.41
0,67.44
0,67.58
0,67.66
0,67.655
0,67.605
0,67.59
0,67.61
0,67.585
0,67.61
0,67.685
0,67.72
0,67.805
0,67.875
0,67.86
0,67.86
0,67.925
0,67.98
0,67.965
0,67.945
0,67.985
0,67.925
0,67.83
0,67.87
0,67.815
0,67.755
0,67.655
0,67.46
0,67.325
0,67.315
0,67.33
0,67.38
0,67.375
0,67.425
0,67.435
0,67.48
0,67.385
0,67.425
0,67.47
0,67.5
0,67.475
0,67.545
0,67.49
0,67.525
0,67.555
0,67.61
0,67.655
0,67.695
0,67.76
0,67.755
0,67.77
0,67.82
0,67.78
0,67.845
0,67.845
0,67.86
0,67.9
0,67.89
0,67.87
0,67.94
0,67.895
0,67.87
0,67.905
0,67.99
0,67.86
0,67.81
0,67.835
0,67.78
0,67.81
0,67.82
0,67.805
0,67.725
0,67.71
0,67.64
0,67.68
0,67.68
0,67.695
0,67.705
0,67.74
0,67.73
0,67.76
0,67.765
0,67.775
0,67.81
0,67.79
0,67.805
0,67.865
0,67.875
0,67.925
0,67.83
0,67.94
0,67.885
0,67.88
0,67.81
0,67.825
0,67.775
0,67.715
0,67.69
0,67.675
0,67.685
0,67.73
0,67.77
0,67.745
0,67.73
0,67.765
0,67.775
0,67.755
0,67.775
0,67.64
0,67.655
0,67.71
0,67.695
0,67.665
0,67.655
0,67.63
0,67.63
0,67.62
0,67.555
0,67.565
0,67.585
0,67.655
0,67.63
0,67.615
0,67.59
0,67.595
0,67.635
0,67.63
0,67.635
0,67.655
0,67.61
0,67.64
0,67.695
0,67.735
0,67.725
0,67.645
0,67.655
0,67.625
0,67.64
0,67.64
0,67.65
0,67.56
0,67.57
0,67.57
0,67.565
0,67.525
0,67.455
0,67.43
0,67.45
0,67.415
0,67.465
0,67.535
0,67.55
0,67.555
0,67.535
0,67.525
0,67.52
0,67.545
0,67.54
0,67.54
0,67.535
0,67.52
0,67.495
0,67.46
0,67.46
0,67.46
0,67.475
0,67.47
0,67.495
0,67.475
0,67.465
0,67.485
0,67.445
0,67.44
0,67.425
0,67.44
0,67.46
0,67.48
0,67.445
0,67.435
0,67.46
0,67.495
0,67.445
0,67.455
0,67.47
0,67.46
0,67.47
0,67.465
0,67.46
0,67.445
0,67.46
0,67.445
0,67.475
0,67.475
0,67.445
0,67.45
0,67.475
0,67.455
0,67.485
0,67.485
0,67.485
0,67.485
0,67.48
0,67.465
0,67.44
0,67.475
0,67.485
0,67.5
0,67.475
0,67.49
0,67.465
0,67.485
0,67.475
0,67.465
0,67.47
0,67.47
0,67.495
0,67.475
0,67.465
0,67.49
0,67.52
0,67.505
0,67.485
0,67.48
0,67.475
0,67.48
0,67.495
0,67.455
0,67.47
0,67.48
0,67.485
0,67.49
0,67.505
0,67.475
0,67.49
0,67.47
0,67.485
0,67.5
0,67.5
0,67.52
0,67.52
0,67.505
0,67.485
0,67.48
0,67.48
0,67.45
0,67.48
0,67.47
0,67.48
0,67.48
0,67.47
0,67.485
0,67.48
0,67.47
0,67.45
0,67.41
0,67.425
0,67.465
0,67.485
0,67.49
0,67.48
0,67.485
0,67.45
0,67.455
0,67.46
0,67.485
0,67.485
0,67.485
0,67.49
0,67.495
0,67.46
0,67.465
0,67.47
0,67.495
0,67.525
0,67.47
0,67.455
0,67.445
0,67.415
0,67.375
0,67.4
0,67.39
0,67.39
0,67.4
0,67.39
0,67.405
0,67.415
0,67.415
0,67.415
0,67.49
0,67.45
0,67.45
0,67.425
0,67.415
0,67.41
0,67.385
0,67.385
0,67.39
0,67.41
0,67.445
0,67.455
0,67.45
0,67.425
0,67.42
0,67.44
0,67.43
0,67.445
0,67.45
0,67.42
0,67.39
0,67.375
0,67.39
0,67.37
0,67.36
0,67.375
0,67.37
0,67.37
0,67.35
0,67.37
0,67.36
0,67.33
0,67.285
0,67.24
0,67.235
0,67.23
0,67.22
0,67.225
0,67.225
0,67.27
0,67.275
0,67.285
0,67.24
0,67.24
0,67.235
0,67.225
0,67.21
0,67.205
0,67.225
0,67.24
0,67.255
0,67.275
0,67.28
0,67.315
0,67.32
0,67.335
0,67.35
0,67.32
0,67.335
0,67.32
0,67.3
0,67.315
0,67.31
0,67.305
0,67.305
0,67.33
0,67.305
0,67.34
0,67.33
0,67.33
0,67.32
0,67.32
0,67.325
0,67.31
0,67.355
0,67.4
0,67.365
0,67.27
0,67.28
0,67.215
0,67.15
0,67.09
0,67.065
0,67.09
0,67.135
0,67.18
0,67.19
0,67.225
0,67.225
0,67.205
0,67.225
0,67.265
0,67.25
0,67.22
0,67.23
0,67.195
0,67.185
0,67.21
0,67.18
0,67.1
0,67.13
0,67.13
0,67.15
0,67.025
0,67.05
0,67.03
0,67.09
0,67.115
0,67.085
0,67.085
0,67.145
0,67.175
0,67.165
0,67.185
0,67.255
0,67.25
0,67.285
0,67.275
0,67.31
0,67.29
0,67.305
0,67.295
0,67.3
0,67.28
0,67.29
0,67.32
0,67.27
0,67.29
0,67.32
0,67.335
0,67.31
0,67.315
0,67.28
0,67.34
0,67.28
0,67.3
0,67.325
0,67.36
0,67.385
0,67.415
0,67.39
0,67.365
0,67.39
0,67.38
0,67.42
0,67.46
0,67.465
0,67.43
0,67.45
0,67.495
0,67.55
0,67.525
0,67.52
0,67.495
0,67.49
0,67.485
0,67.5
0,67.52
0,67.54
0,67.53
0,67.535
0,67.5
0,67.505
0,67.54
0,67.445
0,67.48
0,67.53
0,67.54
0,67.5
0,67.495
0,67.475
0,67.455
0,67.425
0,67.41
0,67.495
0,67.53
0,67.54
0,67.545
0,67.555
0,67.53
0,67.58
0,67.505
0,67.51
0,67.515
0,67.515
0,67.505
0,67.53
0,67.515
0,67.555
0,67.55
0,67.495
0,67.535
0,68.865
0,68.9
0,68.91
0,68.84
0,68.79
0,68.79
0,68.875
0,68.94
0,69.065
0,68.92
0,69.04
0,68.97
0,68.97
0,68.99
0,69.005
0,68.955
0,68.975
0,69.09
0,69.145
0,69.23
0,69.21
0,69.225
0,69.22
0,69.125
0,69.13
0,69.145
0,69.07
0,69.145
0,69.12
0,69.135
0,69.01
0,68.925
0,68.885
0,68.85
0,68.855
0,68.92
0,68.945
0,68.925
0,69.01
0,68.95
0,68.945
0,68.93
0,68.89
0,68.85
0,68.895
0,68.875
0,68.89
0,68.91
0,68.96
0,69
0,69
0,68.985
0,68.97
0,68.93
0,68.91
0,68.895
0,68.92
0,68.915
0,68.93
0,68.92
0,68.975
0,68.96
0,68.99
0,68.985
0,69.01
0,68.995
0,69.01
0,69.06
0,68.925
0,68.94
0,68.915
0,68.925
0,68.88
0,68.885
0,68.835
0,68.88
0,68.88
0,68.91
0,69.005
0,69.03
0,69.055
0,69.085
0,69.04
0,69.05
0,69.1
0,69.1
0,69.2
0,69.085
0,69.2
0,69.19
0,69.11
0,69.04
0,69
0,68.885
0,68.86
0,68.775
0,68.715
0,68.71
0,68.72
0,68.735
0,68.71
0,68.715
0,68.715
0,68.71
0,68.705
0,68.725
0,68.705
0,68.665
0,68.64
0,68.64
0,68.625
0,68.53
0,68.465
0,68.57
0,68.6
0,68.51
0,68.515
0,68.625
0,68.63
0,68.625
0,68.585
0,68.525
0,68.475
0,68.515
0,68.495
0,68.585
0,68.54
0,68.54
0,68.42
0,68.415
0,68.465
0,68.475
0,68.435
0,68.5
0,68.465
0,68.49
0,68.475
0,68.605
0,68.53
0,68.505
0,68.555
0,68.545
0,68.495
0,68.53
0,68.5
0,68.56
0,68.5
0,68.49
0,68.475
0,68.475
0,68.485
0,68.455
0,68.395
0,68.375
0,68.36
0,68.365
0,68.25
0,68.25
0,68.245
0,68.275
0,68.235
0,68.25
0,68.26
0,68.23
0,68.205
0,68.245
0,68.265
0,68.27
0,68.455
0,68.45
0,68.5
0,68.57
0,68.685
0,68.645
0,68.635
0,68.66
0,68.575
0,68.585
0,68.57
0,68.61
0,68.53
0,68.495
0,68.515
0,68.53
0,68.515
0,68.56
0,68.515
0,68.7
0,68.685
0,68.65
0,68.59
0,68.605
0,68.57
0,68.575
0,68.605
0,68.61
0,68.615
0,68.535
0,68.595
0,68.58
0,68.62
0,68.615
0,68.655
0,68.695
0,68.67
0,68.65
0,68.69
0,68.725
0,68.68
0,68.665
0,68.74
0,68.775
0,68.775
0,68.71
0,68.775
0,68.805
0,68.8
0,68.8
0,68.76
0,68.765
0,68.735
0,68.77
0,68.75
0,68.73
0,68.735
0,68.705
0,68.625
0,68.65
0,68.635
0,68.615
0,68.615
0,68.595
0,68.615
0,68.595
0,68.645
0,68.68
0,68.67
0,68.725
0,68.805
0,68.79
0,68.8
0,68.825
0,68.83
0,68.775
0,68.805
0,68.785
0,68.825
0,68.815
0,68.79
0,68.825
0,68.795
0,68.78
0,68.77
0,68.73
0,68.735
0,68.83
0,68.825
0,68.78
0,68.845
0,68.885
0,68.91
0,68.935
0,68.945
0,68.93
0,68.93
0,68.935
0,68.99
0,69.005
0,68.98
0,68.92
0,68.89
0,68.885
0,68.965
0,68.95
0,68.94
0,68.92
0,68.82
0,68.805
0,68.845
0,68.81
0,68.83
0,68.88
0,68.87
0,68.895
0,68.905
0,68.87
0,68.86
0,68.865
0,68.915
0,68.92
0,68.935
0,68.91
0,68.88
0,68.87
0,68.895
0,68.915
0,68.945
0,68.97
0,68.88
0,68.81
0,68.86
0,68.75
0,68.815
0,68.835
0,68.875
0,68.865
0,68.925
0,68.99
0,69.01
0,68.965
0,68.955
0,68.9
0,68.99
0,68.98
0,69.005
0,69.01
0,69.035
0,68.99
0,68.945
0,68.945
0,68.93
0,68.87
0,68.83
0,68.825
0,68.86
0,68.875
0,68.88
0,68.875
0,68.84
0,68.865
0,68.865
0,68.86
0,68.86
0,68.905
0,68.94
0,68.945
0,68.96
0,68.98
0,68.94
0,68.97
0,69.075
0,69.095
0,69.125
0,69.04
0,69
0,69.01
0,68.99
0,68.975
0,68.94
0,68.93
0,68.945
0,68.975
0,68.99
0,68.96
0,68.945
0,68.915
0,68.945
0,68.955
0,68.91
0,68.845
0,68.94
0,68.895
0,68.9
0,68.96
0,68.965
0,68.9
0,68.95
0,68.96
0,69.005
0,68.985
0,68.95
0,68.96
0,68.985
0,69.1
0,69.12
0,69.05
0,68.99
0,69.02
0,69.055
0,69.005
0,68.995
0,69.005
0,69.03
0,69.025
0,69.01
0,69.06
0,69.065
0,69.04
0,69.005
0,68.995
0,69.025
0,69.015
0,68.995
0,69.005
0,69.005
0,69.01
0,69.02
0,69.015
0,69.005
0,68.99
0,68.985
0,69
0,68.98
0,69
0,69.01
0,69.035
0,69.01
0,69.005
0,69.015
0,68.99
0,68.975
0,69.055
0,69.045
0,69.015
0,68.98
0,68.965
0,68.945
0,68.99
0,68.975
0,68.98
0,69.035
0,69.005
0,68.955
0,68.97
0,68.945
0,68.95
0,68.96
0,68.935
0,68.895
0,68.905
0,68.905
0,68.925
0,68.96
0,68.975
0,68.945
0,68.92
0,68.89
0,68.92
0,68.9
0,68.92
0,68.91
0,68.88
0,68.87
0,68.87
0,68.875
0,68.87
0,68.885
0,68.895
0,68.88
0,68.83
0,68.885
0,68.885
0,68.885
0,68.925
0,68.92
0,68.92
0,68.975
0,68.99
0,69.01
0,68.985
0,69.005
0,69.01
0,69.06
0,69.005
0,69.005
0,68.965
0,68.955
0,69.03
0,69.035
0,69.01
0,69.015
0,68.99
0,69
0,69
0,69.02
0,69.015
0,68.935
0,68.915
0,68.895
0,68.885
0,68.96
0,68.995
0,68.98
0,69.01
0,68.98
0,68.92
0,68.84
0,68.85
0,68.86
0,68.84
0,68.825
0,68.825
0,68.865
0,68.87
0,68.85
0,68.92
0,68.94
0,68.985
0,68.985
0,68.95
0,68.985
0,68.96
0,68.96
0,68.99
0,68.71
0,68.73
0,68.58
0,68.615
0,68.55
0,68.515
0,68.415
0,68.395
0,68.54
0,68.53
0,68.585
0,68.585
0,68.53
0,68.48
0,68.475
0,68.44
0,68.495
0,68.53
0,68.565
0,68.535
0,68.555
0,68.695
0,68.615
0,68.62
0,68.615
0,68.575
0,68.655
0,68.745
0,68.69
0,68.66
0,68.585
0,68.58
0,68.58
0,68.585
0,68.625
0,68.415
0,68.425
0,68.325
0,68.325
0,68.325
0,68.365
0,68.37
0,68.38
0,68.325
0,68.285
0,68.32
0,68.365
0,68.33
0,68.305
0,68.315
0,68.435
0,68.425
0,68.435
0,68.43
0,68.395
0,68.32
0,68.365
0,68.415
0,68.445
0,68.395
0,68.46
0,68.505
0,68.55
0,68.61
0,68.64
0,68.585
0,68.635
0,68.585
0,68.59
0,68.55
0,68.585
0,68.555
0,68.535
0,68.525
0,68.53
0,68.46
0,68.48
0,68.465
0,68.43
0,68.41
0,68.43
0,68.5
0,68.485
0,68.495
0,68.455
0,68.49
0,68.475
0,68.455
0,68.45
0,68.435
0,68.415
0,68.33
0,68.365
0,68.38
0,68.34
0,68.41
0,68.375
0,68.38
0,68.43
0,68.41
0,68.415
0,68.475
0,68.485
0,68.445
0,68.445
0,68.44
0,68.43
0,68.44
0,68.47
0,68.51
0,68.56
0,68.545
0,68.585
0,68.575
0,68.625
0,68.595
0,68.56
0,68.56
0,68.52
0,68.535
0,68.485
0,68.485
0,68.435
0,68.395
0,68.38
0,68.39
0,68.455
0,68.43
0,68.435
0,68.4
0,68.39
0,68.315
0,68.24
0,68.34
0,68.35
0,68.295
0,68.275
0,68.31
0,68.315
0,68.33
0,68.365
0,68.37
0,68.27
0,68.3
0,68.235
0,68.165
0,68.3
0,68.26
0,68.315
0,68.295
0,68.265
0,68.08
0,68.1
0,68.185
0,68.105
0,68.11
0,68.155
0,68.135
0,68.145
0,68.16
0,68.16
0,68.19
0,68.15
0,68.115
0,68.11
0,68.15
0,68.235
0,68.185
0,68.185
0,68.19
0,68.22
0,68.22
0,68.115
0,68.065
0,68.045
0,68.095
0,68.085
0,68.09
0,68.17
0,68.15
0,68.12
0,68.185
0,68.105
0,68.115
0,68.07
0,68.06
0,68.1
0,68.05
0,68.035
0,67.95
0,67.925
0,67.975
0,67.965
0,67.955
0,67.985
0,67.95
0,67.925
0,67.925
0,67.88
0,67.88
0,67.88
0,67.88
0,67.84
0,67.8
0,67.78
0,67.79
0,67.84
0,67.805
0,67.805
0,67.835
0,67.88
0,67.915
0,67.98
0,67.825
0,67.83
0,67.835
0,67.78
0,67.795
0,67.83
0,67.89
0,67.845
0,67.805
0,67.77
0,67.855
0,67.775
0,67.775
0,67.765
0,67.75
0,67.725
0,67.735
0,67.755
0,67.725
0,67.77
0,67.745
0,67.78
0,67.825
0,67.77
0,67.735
0,67.76
0,67.745
0,67.745
0,67.81
0,67.82
0,67.815
0,67.77
0,67.76
0,67.78
0,67.775
0,67.78
0,67.755
0,67.78
0,67.775
0,67.795
0,67.76
0,67.775
0,67.855
0,67.805
0,67.865
0,67.84
0,67.84
0,67.82
0,67.755
0,67.76
0,67.79
0,67.785
0,67.78
0,67.76
0,67.77
0,67.755
0,67.77
0,67.755
0,67.765
0,67.78
0,67.76
0,67.755
0,67.825
0,67.785
0,67.695
0,67.63
0,67.645
0,67.665
0,67.655
0,67.66
0,67.665
0,67.64
0,67.675
0,67.66
0,67.65
0,67.68
0,67.725
0,67.73
0,67.655
0,67.635
0,67.65
0,67.675
0,67.73
0,67.805
0,67.695
0,67.67
0,67.725
0,67.72
0,67.745
0,67.765
0,67.76
0,67.715
0,67.73
0,67.71
0,67.66
0,67.525
0,67.445
0,67.525
0,67.565
0,67.58
0,67.575
0,67.51
0,67.475
0,67.475
0,67.48
0,67.505
0,67.465
0,67.43
0,67.375
0,67.415
0,67.405
0,67.44
0,67.455
0,67.425
0,67.465
0,67.56
0,67.59
0,67.5
0,67.53
0,67.51
0,67.565
0,67.53
0,67.535
0,67.5
0,67.51
0,67.45
0,67.5
0,67.47
0,67.485
0,67.475
0,67.515
0,67.55
0,67.545
0,67.535
0,67.555
0,67.56
0,67.57
0,67.63
0,67.65
0,67.685
0,67.64
0,67.565
0,67.55
0,67.56
0,67.575
0,67.585
0,67.545
0,67.525
0,67.535
0,67.56
0,67.57
0,67.575
0,67.545
0,67.52
0,67.465
0,67.49
0,67.505
0,67.505
0,67.54
0,67.545
0,67.54
0,67.495
0,67.535
0,67.57
0,67.625
0,67.62
0,67.6
0,67.625
0,67.59
0,67.65
0,67.635
0,67.57
0,67.6
0,67.57
0,67.5
0,67.515
0,67.45
0,67.415
0,67.295
0,67.32
0,67.285
0,67.26
0,67.315
0,67.265
0,67.265
0,67.25
0,67.225
0,67.28
0,67.26
0,67.175
0,67.135
0,67.175
0,67.175
0,67.205
0,67.195
0,67.23
0,67.22
0,67.275
0,67.31
0,67.305
0,67.325
0,67.305
0,67.245
0,67.235
0,67.17
0,67.15
0,67.2
0,67.24
0,67.265
0,67.26
0,67.215
0,67.325
0,67.335
0,67.34
0,67.29
0,67.275
0,67.265
0,67.23
0,67.215
0,67.18
0,67.16
0,67.205
0,67.21
0,67.175
0,67.28
0,67.34
0,67.28
0,67.275
0,67.28
0,67.33
0,67.355
0,67.465
0,67.49
0,67.505
0,67.47
0,67.465
0,67.47
0,67.48
0,67.495
0,67.54
0,67.545
0,67.57
0,67.59
0,67.47
0,67.525
0,67.515
0,67.54
0,67.51
0,67.5
0,67.435
0,67.42
0,67.395
0,67.345
0,67.35
0,67.33
0,67.41
0,67.34
0,67.355
0,67.39
0,67.37
0,67.29
0,67.295
0,67.3
0,67.27
0,67.345
0,67.36
0,67.31
0,67.335
0,67.335
0,67.315
0,67.28
0,67.24
0,67.265
0,67.25
0,67.25
0,67.255
0,67.245
0,67.21
0,67.255
0,67.21
0,67.21
0,67.19
0,67.25
0,67.245
0,67.265
0,67.23
0,67.245
0,67.175
0,67.185
0,67.145
0,66.92
0,66.925
0,66.86
0,66.76
0,66.91
0,66.95
0,66.92
0,66.94
0,66.9
0,66.875
0,66.775
0,66.79
0,66.79
0,66.715
0,66.795
0,66.69
0,66.7
0,66.64
0,66.665
0,66.73
0,66.785
0,66.755
0,66.78
0,66.8
0,66.77
0,66.73
0,66.725
0,66.76
0,66.765
0,66.79
0,66.94
0,66.955
0,67.025
0,66.96
0,66.975
0,67.03
0,67.025
0,67.03
0,67.13
0,67.16
0,67.1
0,67.12
0,67.165
0,67.17
0,67.12
0,67.195
0,67.115
0,67.105
0,67.11
0,67.14
0,67.155
0,67.125
0,67.1
0,67.105
0,67.12
0,67.02
0,67.06
0,67.095
0,67.1
0,67.085
0,67.13
0,67.185
0,67.125
0,67.165
0,67.105
0,67.14
0,67.15
0,67.155
0,67.14
0,67.085
0,67.135
0,67.15
0,67.135
0,67.155
0,67.13
0,67.135
0,67.15
0,67.14
0,67.09
0,66.965
0,66.935
0,66.92
0,66.945
0,66.93
0,66.9
0,66.83
0,66.755
0,66.72
0,66.71
0,66.67
0,66.65
0,66.595
0,66.62
0,66.57
0,66.595
0,66.51
0,66.455
0,66.51
0,66.525
0,66.57
0,66.545
0,66.545
0,66.54
0,66.515
0,66.55
0,66.55
0,66.545
0,66.49
0,66.47
0,66.465
0,66.48
0,66.43
0,66.39
0,66.45
0,66.495
0,66.515
0,66.515
0,66.58
0,66.51
0,66.505
0,66.5
0,66.44
0,66.425
0,66.395
0,66.43
0,66.43
0,66.455
0,66.465
0,66.46
0,66.465
0,66.46
0,66.47
0,66.475
0,66.475
0,66.455
0,66.435
0,66.445
0,66.45
0,66.455
0,66.455
0,66.525
0,66.575
0,66.565
0,66.55
0,66.555
0,66.625
0,66.55
0,66.58
0,66.5
0,66.525
0,66.58
0,66.425
0,66.37
0,66.385
0,66.365
0,66.375
0,66.37
0,66.42
0,66.41
0,66.465
0,66.275
0,66.36
0,66.395
0,66.44
0,66.395
0,66.42
0,66.415
0,66.49
0,66.525
0,66.61
0,66.555
0,66.495
0,66.48
0,66.45
0,66.475
0,66.455
0,66.445
0,66.465
0,66.47
0,66.535
0,66.5
0,66.5
0,66.495
0,66.595
0,66.56
0,66.575
0,66.565
0,66.535
0,66.57
0,66.565
0,66.565
0,66.575
0,66.57
0,66.58
0,66.57
0,66.53
0,66.51
0,66.52
0,66.515
0,66.495
0,66.5
0,66.47
0,66.47
0,66.46
0,66.46
0,66.415
0,66.405
0,66.43
0,66.48
0,66.505
0,66.49
0,66.445
0,66.445
0,66.405
0,66.3
0,66.285
0,66.23
0,66.2
0,66.19
0,66.18
0,66.255
0,66.335
0,66.255
0,66.25
0,66.275
0,66.235
0,66.185
0,66.155
0,66.145
0,66.15
0,66.245
0,66.275
0,66.17
0,66.16
0,66.155
0,66.09
0,66.175
0,66.18
0,66.175
0,66.15
0,66.205
0,66.155
0,66.195
0,66.1
0,66.085
0,66.115
0,66.11
0,66.04
0,66.125
0,66.155
0,66.135
0,66.19
0,66.18
0,66.235
0,66.21
0,66.14
0,66.19
0,66.2
0,66.25
0,66.245
0,66.21
0,66.235
0,66.235
0,66.22
0,66.26
0,66.235
0,66.23
0,66.22
0,66.2
0,66.2
0,66.21
0,66.275
0,66.305
0,66.285
0,66.31
0,66.27
0,66.27
0,66.35
0,66.275
0,66.26
0,66.28
0,66.27
0,66.33
0,66.3
0,66.275
0,66.285
0,66.265
0,66.275
0,66.255
0,66.265
0,66.295
0,66.315
0,66.3
0,66.27
0,66.25
0,66.23
0,66.24
0,66.24
0,66.26
0,66.305
0,66.325
0,66.33
0,66.3
0,66.295
0,66.295
0,66.35
0,66.36
0,66.335
0,66.32
0,66.355
0,66.37
0,66.36
0,66.34
0,66.29
0,66.29
0,66.3
0,66.32
0,66.34
0,66.33
0,66.3
0,66.26
0,66.265
0,66.305
0,66.345
0,66.34
0,66.335
0,66.27
0,66.305
0,66.335
0,66.325
0,66.325
0,66.325
0,66.33
0,66.31
0,66.32
0,66.3
0,66.27
0,66.27
0,66.26
0,66.24
0,66.26
0,66.26
0,66.22
0,66.115
0,66.105
0,66.085
0,66.13
0,66.13
0,66.135
0,66.115
0,66.14
0,66.15
0,66.19
0,66.17
0,66.155
0,66.09
0,66.06
0,66.09
0,66.105
0,66.1
0,66.13
0,66.215
0,66.24
0,66.21
0,66.17
0,66.22
0,66.215
0,66.2
0,66.2
0,66.14
0,66.14
0,66.115
0,66.15
0,66.145
0,66.145
0,66.145
0,66.14
0,66.155
0,66.095
0,66.13
0,66.175
0,66.155
0,66.19
0,66.165
0,66.16
0,66.13
0,66.18
0,66.165
0,66.145
0,66.14
0,66.17
0,66.055
0,65.98
0,66.075
0,66.105
0,66.09
0,66.06
0,66.035
0,65.975
0,66.045
0,65.99
0,65.99
0,65.915
0,65.905
0,65.97
0,65.895
0,65.915
0,65.96
0,65.95
0,65.95
0,66.03
0,66.08
0,66.11
0,66.1
0,66.085
0,66.07
0,66.1
0,66.1
0,66.02
0,65.965
0,65.945
0,65.96
0,65.96
0,65.955
0,65.92
0,65.92
0,65.945
0,65.945
0,65.92
0,65.985
0,65.98
0,66.005
0,66.02
0,66.05
0,66.085
0,66.035
0,66.07
0,66.155
0,66.07
0,66.035
0,66.005
0,65.99
0,65.965
0,65.95
0,66
0,66.08
0,66.055
0,66.07
0,66.045
0,66.02
0,65.95
0,65.925
0,65.94
0,65.92
0,65.89
0,65.895
0,65.915
0,65.905
0,65.875
0,65.86
0,65.86
0,65.895
0,65.94
0,65.89
0,65.82
0,65.88
0,65.855
0,65.84
0,65.83
0,65.85
0,65.855
0,65.845
0,65.865
0,65.9
0,65.86
0,65.93
0,65.88
0,65.83
0,65.83
0,65.87
0,65.895
0,65.915
0,65.915
0,65.945
0,65.97
0,65.955
0,65.955
0,65.985
0,66.045
0,66.07
0,66.03
0,66.085
0,66.105
0,66.15
0,66.17
0,66.32
0,66.29
0,66.27
0,66.18
0,66.115
0,66.125
0,66.275
0,66.335
0,66.35
0,66.335
0,66.305
0,66.265
0,66.12
0,65.95
0,65.98
0,65.99
0,66.12
0,66.16
0,66.15
0,66.28
0,66.265
0,66.255
0,66.26
0,66.285
0,66.19
0,66.22
0,66.265
0,66.23
0,66.285
0,66.285
0,66.235
0,66.27
0,66.315
0,66.32
0,66.31
0,66.31
0,66.35
0,66.37
0,66.42
0,66.44
0,66.475
0,66.495
0,66.5
0,66.575
0,66.77
0,66.8
0,66.795
0,66.76
0,66.8
0,66.79
0,66.825
0,66.885
0,66.865
0,66.785
0,66.865
0,66.82
0,66.825
0,66.8
0,66.81
0,66.79
0,66.925
0,66.99
0,66.965
0,66.99
0,66.935
0,66.885
0,66.87
0,66.82
0,66.86
0,66.85
0,66.83
0,66.72
0,66.71
0,66.705
0,66.83
0,66.875
0,66.88
0,66.87
0,66.885
0,66.83
0,66.765
0,66.735
0,66.73
0,66.625
0,66.66
0,66.635
0,66.67
0,66.7
0,66.65
0,66.58
0,66.58
0,66.645
0,66.63
0,66.69
0,66.665
0,66.655
0,66.715
0,66.695
0,66.71
0,66.685
0,66.72
0,66.73
0,66.72
0,66.735
0,66.785
0,66.735
0,66.76
0,66.77
0,66.835
0,66.85
0,66.855
0,66.86
0,66.855
0,66.905
0,66.91
0,66.915
0,66.94
0,66.92
0,66.965
0,66.955
0,66.935
0,66.905
0,66.93
0,66.94
0,66.925
0,66.87
0,66.885
0,66.855
0,66.75
0,66.775
0,66.83
0,66.85
0,66.895
0,66.855
0,66.915
0,66.875
0,66.87
0,66.885
0,66.895
0,66.915
0,66.94
0,66.9
0,66.91
0,66.955
0,67.065
0,67.095
0,67.025
0,67.035
0,67.03
0,67.005
0,67.005
0,66.965
0,66.995
0,66.95
0,66.92
0,66.89
0,66.875
0,66.795
0,66.815
0,66.76
0,66.76
0,66.74
0,66.71
0,66.74
0,66.785
0,66.8
0,66.775
0,66.74
0,66.69
0,66.745
0,66.715
0,66.725
0,66.74
0,66.73
0,66.72
0,66.695
0,66.675
0,66.71
0,66.73
0,66.725
0,66.71
0,66.725
0,66.75
0,66.775
0,66.71
0,66.685
0,66.745
0,66.71
0,66.67
0,66.72
0,66.66
0,66.65
0,66.675
0,66.66
0,66.66
0,66.655
0,66.64
0,66.655
0,66.665
0,66.7
0,66.695
0,66.675
0,66.675
0,66.67
0,66.7
0,66.67
0,66.655
0,66.705
0,66.72
0,66.695
0,66.69
0,66.71
0,66.705
0,66.705
0,66.705
0,66.695
0,66.67
0,66.68
0,66.65
0,66.66
0,66.67
0,66.67
0,66.655
0,66.625
0,66.66
0,66.665
0,66.64
0,66.64
0,66.605
0,66.61
0,66.645
0,66.66
0,66.62
0,66.61
0,66.605
0,66.56
0,66.565
0,66.6
0,66.61
0,66.625
0,66.6
0,66.595
0,66.625
0,66.655
0,66.645
0,66.685
0,66.705
0,66.715
0,66.68
0,66.675
0,66.66
0,66.675
0,66.71
0,66.72
0,66.725
0,66.805
0,66.805
0,66.77
0,66.765
0,66.755
0,66.73
0,66.735
0,66.695
0,66.74
0,66.725
0,66.735
0,66.76
0,66.765
0,66.73
0,66.715
0,66.67
0,66.695
0,66.72
0,66.73
0,66.71
0,66.71
0,66.69
0,66.725
0,66.695
0,66.695
0,66.725
0,66.69
0,66.705
0,66.755
0,66.72
0,66.73
0,66.705
0,66.725
0,66.745
0,66.72
0,66.76
0,66.765
0,66.785
0,66.79
0,66.76
0,66.75
0,66.745
0,66.77
0,66.725
0,66.82
0,66.815
0,66.785
0,66.78
0,66.77
0,66.77
0,66.79
0,66.755
0,66.72
0,66.675
0,66.685
0,66.69
0,66.715
0,66.67
0,66.655
0,66.685
0,66.69
0,66.68
0,66.69
0,66.675
0,66.67
0,66.655
0,66.67
0,66.68
0,66.69
0,66.66
0,66.615
0,66.605
0,66.575
0,66.56
0,66.525
0,66.535
0,66.545
0,66.55
0,66.5
0,66.55
0,66.55
0,66.53
0,66.555
0,66.57
0,66.57
0,66.52
0,66.51
0,66.53
0,66.56
0,66.565
0,66.55
0,66.53
0,66.54
0,66.575
0,66.555
0,66.535
0,66.51
0,66.505
0,66.48
0,66.48
0,66.445
0,66.415
0,66.44
0,66.39
0,66.445
0,66.455
0,66.45
0,66.455
0,66.45
0,66.395
0,66.44
0,66.435
0,66.5
0,66.455
0,66.45
0,66.485
0,66.465
0,66.46
0,66.485
0,66.445
0,66.475
0,66.475
0,66.465
0,66.515
0,66.515
0,66.5
0,66.51
0,66.53
0,66.54
0,66.535
0,66.575
0,66.565
0,66.51
0,66.54
0,66.525
0,66.545
0,66.53
0,66.55
0,66.55
0,66.48
0,66.425
0,66.51
0,66.495
0,66.5
0,66.475
0,66.435
0,66.495
0,66.47
0,66.47
0,66.46
0,66.435
0,66.45
0,66.41
0,66.375
0,66.405
0,66.41
0,66.33
0,66.365
0,66.39
0,66.39
0,66.46
0,66.495
0,66.475
0,66.49
0,66.48
0,66.53
0,66.51
0,66.465
0,66.495
0,66.46
0,66.51
0,66.46
0,66.45
0,66.445
0,66.41
0,66.47
0,66.49
0,66.455
0,66.485
0,66.495
0,66.52
0,66.515
0,66.5
0,66.41
0,66.41
0,66.37
0,66.405
0,66.38
0,66.38
0,66.395
0,66.365
0,66.355
0,66.37
0,66.33
0,66.295
0,66.305
0,66.315
0,66.37
0,66.35
0,66.34
0,66.38
0,66.405
0,66.44
0,66.465
0,66.415
0,66.47
0,66.475
0,66.485
0,66.525
0,66.51
0,66.5
0,66.465
0,66.445
0,66.445
0,66.45
0,66.445
0,66.475
0,66.435
0,66.435
0,66.435
0,66.445
0,66.43
0,66.51
0,66.505
0,66.485
0,66.47
0,66.535
0,66.495
0,66.475
0,66.335
0,66.375
0,66.4
0,66.395
0,66.4
0,66.4
0,66.46
0,66.535
0,66.61
0,66.59
0,66.58
0,66.595
0,66.595
0,66.665
0,66.66
0,66.69
0,66.66
0,66.655
0,66.645
0,66.725
0,67.225
0,67.095
0,67.13
0,67.16
0,67.275
0,67.33
0,67.295
0,67.365
0,67.315
0,67.395
0,67.505
0,67.495
0,67.58
0,67.58
0,67.61
0,67.635
0,67.645
0,67.74
0,67.82
0,67.86
0,67.73
0,67.71
0,67.705
0,67.75
0,67.74
0,67.71
0,67.75
0,67.76
0,67.69
0,67.675
0,67.66
0,67.74
0,67.675
0,67.605
0,67.67
0,67.66
0,67.71
0,67.76
0,67.775
0,67.795
0,67.81
0,67.825
0,67.85
0,67.855
0,67.845
0,67.915
0,67.89
0,67.94
0,67.935
0,67.96
0,67.97
0,67.985
0,68.015
0,68.035
0,68.115
0,68.19
0,68.2
0,68.215
0,68.16
0,68.105
0,68.11
0,68.145
0,68.135
0,68.135
0,68.105
0,68.05
0,68.03
0,68.075
0,68.055
0,67.985
0,67.985
0,67.9
0,67.825
0,67.805
0,67.815
0,67.875
0,67.865
0,67.805
0,67.78
0,67.76
0,67.705
0,67.68
0,67.725
0,67.77
0,67.785
0,67.755
0,67.75
0,67.795
0,67.775
0,67.735
0,67.735
0,67.745
0,67.775
0,67.815
0,67.825
0,67.805
0,67.825
0,67.785
0,67.81
0,67.795
0,67.79
0,67.775
0,67.78
0,67.78
0,67.785
0,67.805
0,67.84
0,67.785
0,67.79
0,67.755
0,67.73
0,67.69
0,67.685
0,67.63
0,67.64
0,67.68
0,67.745
0,67.73
0,67.775
0,67.82
0,67.81
0,67.79
0,67.83
0,67.805
0,67.855
0,67.865
0,67.825
0,67.82
0,67.79
0,67.775
0,67.74
0,67.735
0,67.695
0,67.665
0,67.7
0,67.73
0,67.72
0,67.71
0,67.67
0,67.645
0,67.685
0,67.685
0,67.71
0,67.675
0,67.675
0,67.685
0,67.68
0,67.685
0,67.65
0,67.645
0,67.64
0,67.61
0,67.615
0,67.61
0,67.63
0,67.625
0,67.625
0,67.63
0,67.645
0,67.68
0,67.655
0,67.715
0,67.75
0,67.765
0,67.79
0,67.79
0,67.77
0,67.825
0,67.835
0,67.81
0,67.825
0,67.85
0,67.82
0,67.805
0,67.82
0,67.82
0,67.84
0,67.845
0,67.84
0,67.84
0,67.92
0,68.015
0,68.025
0,68.08
0,68.08
0,68.06
0,67.98
0,67.945
0,67.945
0,67.93
0,67.91
0,67.88
0,67.885
0,67.87
0,67.875
0,67.915
0,67.94
0,67.93
0,67.915
0,67.92
0,67.935
0,67.93
0,68.005
0,68.035
0,68.05
0,68.06
0,68.075
0,68.035
0,68.03
0,68.035
0,68.015
0,68.005
0,68.025
0,68.03
0,68.02
0,68.025
0,67.995
0,68
0,67.975
0,67.965
0,67.99
0,67.985
0,67.98
0,67.985
0,67.995
0,68.035
0,68.025
0,68.025
0,68.04
0,68.095
0,68.06
0,68.035
0,68.015
0,67.995
0,68.005
0,67.995
0,68.015
0,67.955
0,67.915
0,67.945
0,67.905
0,67.87
0,67.83
0,67.89
0,67.85
0,67.89
0,67.89
0,67.89
0,67.88
0,67.87
0,67.88
0,67.89
0,67.88
0,67.89
0,67.89
0,67.885
0,67.89
0,67.865
0,67.885
0,67.905
0,67.875
0,67.875
0,67.875
0,67.89
0,67.86
0,67.855
0,67.835
0,67.84
0,67.885
0,67.88
0,67.92
0,67.96
0,68.005
0,68.025
0,68.02
0,68.03
0,68.005
0,67.975
0,67.96
0,67.945
0,67.96
0,67.885
0,67.89
0,67.885
0,67.92
0,67.955
0,68.065
0,68.04
0,68.04
0,67.99
0,68.04
0,68.02
0,68.015
0,68.01
0,67.985
0,67.915
0,67.905
0,67.91
0,67.865
0,67.865
0,67.82
0,67.87
0,67.875
0,67.9
0,67.91
0,67.865
0,67.855
0,67.78
0,67.76
0,67.75
0,67.76
0,67.765
0,67.745
0,67.765
0,67.795
0,67.81
0,67.82
0,67.83
0,67.85
0,67.85
0,67.88
0,67.885
0,67.845
0,67.825
0,67.835
0,67.82
0,67.815
0,67.795
0,67.765
0,67.74
0,67.74
0,67.74
0,67.745
0,67.77
0,67.785
0,67.785
0,67.76
0,67.76
0,67.75
0,67.78
0,67.775
0,67.805
0,67.82
0,67.795
0,67.79
0,67.8
0,67.775
0,67.77
0,67.77
0,67.785
0,67.75
0,67.75
0,67.725
0,67.71
0,67.71
0,67.725
0,67.725
0,67.755
0,67.765
0,67.73
0,67.735
0,67.76
0,67.71
0,67.71
0,67.695
0,67.695
0,67.675
0,67.675
0,67.7
0,67.725
0,67.715
0,67.685
0,67.675
0,67.655
0,67.66
0,67.675
0,67.66
0,67.655
0,67.645
0,67.655
0,67.675
0,67.68
0,67.655
0,67.655
0,67.63
0,67.62
0,67.66
0,67.6
0,67.575
0,67.605
0,67.615
0,67.615
0,67.615
0,67.61
0,67.69
0,67.66
0,67.675
0,67.655
0,67.665
0,67.66
0,67.68
0,67.68
0,67.635
0,67.63
0,67.65
0,67.66
0,67.685
0,67.685
0,67.73
0,67.685
0,67.695
0,67.695
0,67.66
0,67.685
0,67.715
0,67.775
0,67.74
0,67.72
0,67.7
0,67.655
0,67.665
0,67.62
0,67.635
0,67.645
0,67.665
0,67.71
0,67.685
0,67.635
0,67.61
0,67.67
0,67.73
0,67.755
0,67.695
0,67.675
0,67.655
0,67.615
0,67.635
0,67.645
0,67.65
0,67.71
0,67.725
0,67.68
0,67.67
0,67.695
0,67.67
0,67.66
0,67.7
0,67.69
0,67.68
0,67.665
0,67.655
0,67.625
0,67.635
0,67.615
0,67.64
0,67.625
0,67.61
0,67.56
0,67.55
0,67.56
0,67.58
0,67.585
0,67.58
0,67.585
0,67.605
0,67.605
0,67.66
0,67.69
0,67.675
0,67.695
0,67.75
0,67.73
0,67.745
0,67.78
0,67.78
0,67.765
0,67.77
0,67.765
0,67.74
0,67.725
0,67.745
0,67.72
0,67.715
0,67.73
0,67.695
0,67.68
0,67.695
0,67.715
0,67.72
0,67.695
0,67.7
0,67.69
0,67.725
0,67.695
0,67.705
0,67.685
0,67.655
0,67.63
0,67.56
0,67.59
0,67.615
0,67.62
0,67.62
0,67.76
0,67.785
0,67.8
0,67.855
0,67.79
0,67.815
0,67.89
0,67.825
0,67.87
0,67.91
0,67.99
0,67.97
0,68.01
0,68.045
0,68.095
0,68.195
0,68.125
0,68.185
0,68.145
0,68.175
0,68.18
0,68.285
0,68.305
0,68.305
0,68.37
0,68.325
0,68.345
0,68.41
0,68.41
0,68.4
0,68.39
0,68.375
0,68.44
0,68.47
0,68.375
0,68.39
0,68.47
0,68.395
0,68.42
0,68.405
0,68.4
0,68.415
0,68.4
0,68.435
0,68.395
0,68.43
0,68.43
0,68.38
0,68.345
0,68.315
0,68.32
0,68.355
0,68.36
0,68.29
0,68.245
0,68.2
0,68.215
0,68.17
0,68.09
0,68.14
0,68.215
0,68.255
0,68.295
0,68.315
0,68.26
0,68.245
0,68.265
0,68.26
0,68.265
0,68.185
0,68.235
0,68.24
0,68.205
0,68.19
0,68.175
0,68.11
0,68.105
0,68.09
0,68.055
0,67.985
0,67.995
0,68
0,68.01
0,67.955
0,68.015
0,67.965
0,68.01
0,67.92
0,67.945
0,67.955
0,67.935
0,67.865
0,67.745
0,67.725
0,67.67
0,67.735
0,67.75
0,67.715
0,67.715
0,67.77
0,67.755
0,67.815
0,67.83
0,67.785
0,67.83
0,67.845
0,67.84
0,67.845
0,67.87
0,67.79
0,67.71
0,67.705
0,67.745
0,67.82
0,67.855
0,67.81
0,67.785
0,67.815
0,67.82
0,67.745
0,67.72
0,67.76
0,67.705
0,67.655
0,67.67
0,67.695
0,67.72
0,67.725
0,67.675
0,67.665
0,67.68
0,67.7
0,67.71
0,67.71
0,67.71
0,67.7
0,67.68
0,67.62
0,67.58
0,67.59
0,67.625
0,67.635
0,67.635
0,67.65
0,67.66
0,67.675
0,67.68
0,67.65
0,67.655
0,67.64
0,67.615
0,67.63
0,67.635
0,67.635
0,67.65
0,67.63
0,67.615
0,67.57
0,67.64
0,67.625
0,67.595
0,67.65
0,67.62
0,67.6
0,67.585
0,67.6
0,67.63
0,67.64
0,67.64
0,67.65
0,67.66
0,67.61
0,67.61
0,67.57
0,67.555
0,67.52
0,67.485
0,67.505
0,67.515
0,67.485
0,67.455
0,67.44
0,67.46
0,67.49
0,67.46
0,67.5
0,67.475
0,67.47
0,67.485
0,67.49
0,67.54
0,67.505
0,67.485
0,67.485
0,67.47
0,67.455
0,67.505
0,67.525
0,67.545
0,67.54
0,67.58
0,67.62
0,67.655
0,67.63
0,67.635
0,67.61
0,67.635
0,67.61
0,67.615
0,67.595
0,67.61
0,67.64
0,67.61
0,67.59
0,67.595
0,67.485
0,67.475
0,67.455
0,67.47
0,67.505
0,67.465
0,67.46
0,67.44
0,67.455
0,67.445
0,67.46
0,67.485
0,67.525
0,67.495
0,67.5
0,67.505
0,67.52
0,67.53
0,67.55
0,67.565
0,67.545
0,67.475
0,67.46
0,67.45
0,67.45
0,67.435
0,67.395
0,67.445
0,67.485
0,67.505
0,67.46
0,67.51
0,67.54
0,67.555
0,67.59
0,67.57
0,67.54
0,67.575
0,67.585
0,67.575
0,67.585
0,67.57
0,67.58
0,67.62
0,67.635
0,67.6
0,67.61
0,67.605
0,67.6
0,67.635
0,67.625
0,67.66
0,67.685
0,67.73
0,67.735
0,67.75
0,67.77
0,67.77
0,67.75
0,67.725
0,67.705
0,67.705
0,67.735
0,67.745
0,67.735
0,67.72
0,67.715
0,67.745
0,67.77
0,67.785
0,67.815
0,67.835
0,67.88
0,67.845
0,67.855
0,67.82
0,67.81
0,67.8
0,67.81
0,67.805
0,67.82
0,67.805
0,67.8
0,67.805
0,67.81
0,67.8
0,67.85
0,67.84
0,67.845
0,67.81
0,67.8
0,67.79
0,67.795
0,67.805
0,67.785
0,67.76
0,67.75
0,67.775
0,67.77
0,67.77
0,67.77
0,67.81
0,67.845
0,67.855
0,67.905
0,67.935
0,67.89
0,67.855
0,67.87
0,67.935
0,67.965
0,67.93
0,67.91
0,67.91
0,67.92
0,67.97
0,68.1
0,68.22
0,68.1
0,68.135
0,68.24
0,68.26
0,68.23
0,68.225
0,68.21
0,68.22
0,68.18
0,68.195
0,68.235
0,68.175
0,68.175
0,68.14
0,68.185
0,68.15
0,68.155
0,68.17
0,68.16
0,68.125
0,68.13
0,68.075
0,68.1
0,68.1
0,68.17
0,68.115
0,68.085
0,68.115
0,68.105
0,68.105
0,68.095
0,68.085
0,68.08
0,68.1
0,68.08
0,68.085
0,68.12
0,68.1
0,68.075
0,68.11
0,68.1
0,68.09
0,68.11
0,68.14
0,68.165
0,68.175
0,68.25
0,68.175
0,68.205
0,68.14
0,68.15
0,68.175
0,68.24
0,68.19
0,68.185
0,68.15
0,68.13
0,68.155
0,68.15
0,68.155
0,68.15
0,68.12
0,68.11
0,68.085
0,68.04
0,68.04
0,67.995
0,68.055
0,68.06
0,68
0,68
0,68.02
0,67.97
0,68.02
0,68.055
0,67.985
0,67.995
0,67.995
0,67.975
0,67.985
0,67.98
0,67.945
0,67.97
0,68.01
0,68
0,67.965
0,67.96
0,67.955
0,67.925
0,67.95
0,67.97
0,68.02
0,68.015
0,68
0,68.01
0,68.01
0,68
0,67.995
0,68.06
0,68.095
0,68.015
0,68
0,68.015
0,68.08
0,68.055
0,68.055
0,68.03
0,68
0,68.07
0,68.15
0,68.12
0,68.11
0,68.12
0,68.145
0,68.18
0,68.17
0,68.215
0,68.21
0,68.25
0,68.195
0,68.175
0,68.23
0,68.22
0,68.225
0,68.23
0,68.21
0,68.185
0,68.185
0,68.155
0,68.17
0,68.195
0,68.175
0,68.195
0,68.19
0,68.185
0,68.15
0,68.17
0,68.22
0,68.245
0,68.225
0,68.19
0,68.2
0,68.17
0,68.11
0,68.115
0,68.03
0,68.09
0,68.1
0,68.035
0,68.055
0,68.095
0,68.095
0,68.105
0,68.095
0,68.095
0,68.105
0,68.105
0,68.11
0,68.125
0,68.14
0,68.145
0,68.185
0,68.47
0,68.385
0,68.37
0,68.335
0,68.37
0,68.405
0,68.385
0,68.425
0,68.39
0,68.255
0,68.26
0,68.21
0,68.135
0,68.155
0,68.205
0,68.24
0,68.4
0,68.425
0,68.365
0,68.405
0,68.325
0,68.115
0,67.99
0,68
0,67.935
0,68
0,68.005
0,67.985
0,67.905
0,67.855
0,67.865
0,67.94
0,67.83
0,67.865
0,67.905
0,67.88
0,67.935
0,67.74
0,67.69
0,67.6
0,67.645
0,67.64
0,67.56
0,67.575
0,67.585
0,67.64
0,67.555
0,67.525
0,67.56
0,67.54
0,67.56
0,67.535
0,67.59
0,67.505
0,67.54
0,67.605
0,67.62
0,67.56
0,67.645
0,67.57
0,67.615
0,67.555
0,67.62
0,67.595
0,67.63
0,67.71
0,67.685
0,67.75
0,67.78
0,67.82
0,67.805
0,67.8
0,67.765
0,67.72
0,67.73
0,67.845
0,67.88
0,67.86
0,67.86
0,67.89
0,67.84
0,67.885
0,67.865
0,67.83
0,67.845
0,67.845
0,67.84
0,67.84
0,67.82
0,67.815
0,67.805
0,67.8
0,67.77
0,67.7
0,67.68
0,67.72
0,67.71
0,67.72
0,67.695
0,67.635
0,67.6
0,67.605
0,67.56
0,67.505
0,67.505
0,67.54
0,67.54
0,67.515
0,67.505
0,67.5
0,67.49
0,67.445
0,67.515
0,67.525
0,67.515
0,67.515
0,67.62
0,67.575
0,67.605
0,67.615
0,67.595
0,67.52
0,67.49
0,67.465
0,67.465
0,67.455
0,67.45
0,67.495
0,67.475
0,67.495
0,67.5
0,67.5
0,67.525
0,67.495
0,67.44
0,67.415
0,67.4
0,67.425
0,67.375
0,67.36
0,67.405
0,67.44
0,67.415
0,67.43
0,67.39
0,67.375
0,67.335
0,67.325
0,67.28
0,67.295
0,67.255
0,67.225
0,67.215
0,67.225
0,67.26
0,67.22
0,67.225
0,67.2
0,67.195
0,67.21
0,67.235
0,67.22
0,67.195
0,67.205
0,67.19
0,67.19
0,67.195
0,67.145
0,67.155
0,67.16
0,67.21
0,67.225
0,67.225
0,67.205
0,67.235
0,67.2
0,67.225
0,67.21
0,67.175
0,67.19
0,67.19
0,67.18
0,67.175
0,67.14
0,67.2
0,67.185
0,67.19
0,67.17
0,67.09
0,67.105
0,67.095
0,67.105
0,67.11
0,67.135
0,67.13
0,67.09
0,67.11
0,67.095
0,67.09
0,67.21
0,67.25
0,67.245
0,67.24
0,67.27
0,67.235
0,67.175
0,67.235
0,67.195
0,67.155
0,67.16
0,67.155
0,67.115
0,67.09
0,67.065
0,67.02
0,67.015
0,67.07
0,67.015
0,67.005
0,66.985
0,66.98
0,66.975
0,66.985
0,66.98
0,66.975
0,66.955
0,66.975
0,66.975
0,66.955
0,66.92
0,66.925
0,66.94
0,66.935
0,66.935
0,66.925
0,66.935
0,66.915
0,66.89
0,66.855
0,66.845
0,66.9
0,66.875
0,66.83
0,66.805
0,66.79
0,66.785
0,66.81
0,66.755
0,66.74
0,66.71
0,66.745
0,66.705
0,66.685
0,66.66
0,66.645
0,66.635
0,66.625
0,66.62
0,66.645
0,66.67
0,66.685
0,66.68
0,66.69
0,66.675
0,66.655
0,66.65
0,66.62
0,66.66
0,66.675
0,66.7
0,66.665
0,66.635
0,66.68
0,66.695
0,66.71
0,66.745
0,66.76
0,66.755
0,66.735
0,66.765
0,66.775
0,66.77
0,66.82
0,66.83
0,66.825
0,66.825
0,66.79
0,66.805
0,66.825
0,66.84
0,66.805
0,66.8
0,66.79
0,66.79
0,66.795
0,66.795
0,66.79
0,66.775
0,66.79
0,66.91
0,66.93
0,66.945
0,66.955
0,66.95
0,66.95
0,66.98
0,66.975
0,66.975
0,66.97
0,66.965
0,66.995
0,67.045
0,67.04
0,67.02
0,67.025
0,67.04
0,67.055
0,67.06
0,67.085
0,67.1
0,67.14
0,67.18
0,67.195
0,67.19
0,67.185
0,67.135
0,67.105
0,67.09
0,67.075
0,67.1
0,67.14
0,67.045
0,67.1
0,67.115
0,67.07
0,67.025
0,67.07
0,66.965
0,66.84
0,66.795
0,66.805
0,66.79
0,66.795
0,66.84
0,66.8
0,66.815
0,66.785
0,66.825
0,66.805
0,66.77
0,66.77
0,66.79
0,66.84
0,66.73
0,66.665
0,66.64
0,66.635
0,66.595
0,66.565
0,66.615
0,66.675
0,66.68
0,66.65
0,66.695
0,66.69
0,66.665
0,66.655
0,66.665
0,66.63
0,66.61
0,66.58
0,66.555
0,66.555
0,66.53
0,66.425
0,66.41
0,66.35
0,66.31
0,66.29
0,66.27
0,66.23
0,66.3
0,66.305
0,66.365
0,66.4
0,66.355
0,66.205
0,66.3
0,66.24
0,66.23
0,66.215
0,66.18
0,66.1
0,66.135
0,66.19
0,66.18
0,66.265
0,66.305
0,66.245
0,66.245
0,66.28
0,66.225
0,66.29
0,66.375
0,66.325
0,66.285
0,66.325
0,66.26
0,66.31
0,66.305
0,66.38
0,66.455
0,66.39
0,66.475
0,66.485
0,66.395
0,66.33
0,66.33
0,66.27
0,66.265
0,66.27
0,66.22
0,66.24
0,66.225
0,66.135
0,66.13
0,66.215
0,66.245
0,66.175
0,66.145
0,66.19
0,66.125
0,66.065
0,66.09
0,66.07
0,66.085
0,66.13
0,66.07
0,66.025
0,65.98
0,66.015
0,65.995
0,65.99
0,65.99
0,66.01
0,66.015
0,66.22
0,66.165
0,66.165
0,66.24
0,66.255
0,66.205
0,66.01
0,65.955
0,65.995
0,66.04
0,66.04
0,66.06
0,66.085
0,66.02
0,66.01
0,66.025
0,66.09
0,66.035
0,66.07
0,66.02
0,65.975
0,65.975
0,65.925
0,65.97
0,65.91
0,65.875
0,65.885
0,65.83
0,65.81
0,65.835
0,65.76
0,65.72
0,65.7
0,65.655
0,65.695
0,65.695
0,65.74
0,65.725
0,65.77
0,65.765
0,65.725
0,65.72
0,65.64
0,65.65
0,65.69
0,65.67
0,65.69
0,65.63
0,65.585
0,65.52
0,65.62
0,65.59
0,65.61
0,65.65
0,65.635
0,65.635
0,65.605
0,65.575
0,65.285
0,65.165
0,65.18
0,65.195
0,65.21
0,65.11
0,65.24
0,65.295
0,65.255
0,65.155
0,65.19
0,65.2
0,65.235
0,65.26
0,65.325
0,65.275
0,65.305
0,65.265
0,65.345
0,65.345
0,65.35
0,65.4
0,65.505
0,65.525
0,65.5
0,65.575
0,65.615
0,65.77
0,65.83
0,65.845
0,65.965
0,66.005
0,66.01
0,66.02
0,65.99
0,65.97
0,66.055
0,66.075
0,66.035
0,66.005
0,65.875
0,65.84
0,65.77
0,65.87
0,65.885
0,65.95
0,65.95
0,65.97
0,65.96
0,65.9
0,65.935
0,65.91
0,65.87
0,65.715
0,65.745
0,65.725
0,65.725
0,65.77
0,65.785
0,65.86
0,65.87
0,65.915
0,65.955
0,65.96
0,65.955
0,65.985
0,66.01
0,65.945
0,65.925
0,65.87
0,65.905
0,65.78
0,65.775
0,65.735
0,65.73
0,65.755
0,65.715
0,65.68
0,65.69
0,65.62
0,65.585
0,65.405
0,65.45
0,65.47
0,65.53
0,65.535
0,65.485
0,65.47
0,65.62
0,65.695
0,65.71
0,65.715
0,65.63
0,65.615
0,65.68
0,65.715
0,65.78
0,65.815
0,65.805
0,65.725
0,65.765
0,65.79
0,65.855
0,65.88
0,65.925
0,65.895
0,65.88
0,65.9
0,65.83
0,65.79
0,65.805
0,65.8
0,65.77
0,65.77
0,65.725
0,65.775
0,65.8
0,65.785
0,65.775
0,65.785
0,65.8
0,65.78
0,65.785
0,65.785
0,65.765
0,65.785
0,65.77
0,65.765
0,65.78
0,65.755
0,65.765
0,65.78
0,65.78
0,65.77
0,65.805
0,65.79
0,65.81
0,65.81
0,65.825
0,65.805
0,65.76
0,65.805
0,65.795
0,65.76
0,65.81
0,65.81
0,65.82
0,65.825
0,65.875
0,65.89
0,65.955
0,65.92
0,65.945
0,66.06
0,66.11
0,66.125
0,66.11
0,66.09
0,66.115
0,66.1
0,66.16
0,66.19
0,66.245
0,66.34
0,66.365
0,66.305
0,66.28
0,66.275
0,66.25
0,66.265
0,66.35
0,66.36
0,66.315
0,66.36
0,66.405
0,66.355
0,66.38
0,66.315
0,66.345
0,66.49
0,66.505
0,66.475
0,66.45
0,66.51
0,66.485
0,66.485
0,66.495
0,66.55
0,66.59
0,66.545
0,66.625
0,66.57
0,66.61
0,66.575
0,66.59
0,66.535
0,66.49
0,66.555
0,66.52
0,66.535
0,66.615
0,66.695
0,66.62
0,66.655
0,66.775
0,66.75
0,66.72
0,66.75
0,66.8
0,66.78
0,66.75
0,66.76
0,66.68
0,66.73
0,66.75
0,66.745
0,66.72
0,66.745
0,66.805
0,66.81
0,66.825
0,66.845
0,66.805
0,66.845
0,66.875
0,66.85
0,66.74
0,66.75
0,66.805
0,66.855
0,66.845
0,66.885
0,66.885
0,66.85
0,66.825
0,66.795
0,66.775
0,66.92
0,67.08
0,66.545
0,66.515
0,66.48
0,66.51
0,66.535
0,66.555
0,66.595
0,66.62
0,66.655
0,66.67
0,66.725
0,66.74
0,66.75
0,66.705
0,66.675
0,66.65
0,66.68
0,66.67
0,66.53
0,66.465
0,66.435
0,66.43
0,66.485
0,66.525
0,66.53
0,66.56
0,66.56
0,66.51
0,66.515
0,66.53
0,66.69
0,66.78
0,66.77
0,66.795
0,66.72
0,66.775
0,66.78
0,66.77
0,66.81
0,66.825
0,66.87
0,66.86
0,66.84
0,66.905
0,66.915
0,66.885
0,66.855
0,66.88
0,66.81
0,66.795
0,66.885
0,66.8
0,66.86
0,66.8
0,66.775
0,66.775
0,66.745
0,66.715
0,66.71
0,66.72
0,66.735
0,66.71
0,66.685
0,66.725
0,66.785
0,66.74
0,66.765
0,66.76
0,66.705
0,66.72
0,66.77
0,66.76
0,66.775
0,66.76
0,66.765
0,66.78
0,66.76
0,66.66
0,66.695
0,66.66
0,66.695
0,66.71
0,66.84
0,66.835
0,66.87
0,66.93
0,66.975
0,67.205
0,67.12
0,67.12
0,67.345
0,67.345
0,67.45
0,67.425
0,67.41
0,67.475
0,67.35
0,67.33
0,67.305
0,67.35
0,67.41
0,67.35
0,67.31
0,67.25
0,67.265
0,67.27
0,67.255
0,67.25
0,67.29
0,67.27
0,67.3
0,67.3
0,67.26
0,67.215
0,67.275
0,67.25
0,67.195
0,67.235
0,67.245
0,67.285
0,67.39
0,67.375
0,67.39
0,67.3
0,67.26
0,67.255
0,67.245
0,67.265
0,67.28
0,67.24
0,67.285
0,67.245
0,67.305
0,67.315
0,67.375
0,67.38
0,67.385
0,67.425
0,67.48
0,67.465
0,67.46
0,67.43
0,67.485
0,67.465
0,67.5
0,67.47
0,67.38
0,67.345
0,67.355
0,67.585
0,67.78
0,67.825
0,67.895
0,67.965
0,67.955
0,67.91
0,67.975
0,67.915
0,67.945
0,67.925
0,67.92
0,67.945
0,67.905
0,67.87
0,67.9
0,67.905
0,67.91
0,67.93
0,68.01
0,68
0,68
0,67.975
0,67.86
0,67.915
0,67.98
0,68.02
0,67.95
0,67.99
0,67.93
0,67.95
0,67.94
0,67.98
0,67.925
0,67.995
0,67.99
0,68.08
0,68.1
0,68.055
0,68.08
0,68.175
0,68.135
0,68.195
0,68.195
0,68.29
0,68.34
0,68.335
0,68.4
0,68.475
0,68.435
0,68.48
0,68.415
0,68.425
0,68.45
0,68.335
0,68.345
0,68.27
0,68.26
0,68.16
0,68.11
0,68.07
0,68.015
0,68.08
0,67.995
0,67.965
0,67.99
0,68.07
0,68.025
0,68.04
0,67.96
0,67.98
0,67.975
0,67.99
0,67.99
0,67.96
0,67.99
0,67.915
0,67.96
0,67.955
0,67.955
0,67.97
0,68.025
0,68.07
0,68.11
0,68.075
0,68.13
0,68.11
0,68.22
0,68.3
0,68.25
0,68.235
0,68.24
0,68.19
0,68.16
0,68.195
0,68.18
0,68.165
0,68.1
0,68.035
0,68.02
0,68.035
0,68.015
0,68.06
0,68.04
0,68.025
0,68.05
0,67.995
0,68.065
0,68.04
0,68.105
0,68.135
0,68.18
0,68.155
0,68.215
0,68.205
0,67.92
0,67.95
0,67.945
0,67.97
0,67.87
0,67.745
0,67.675
0,67.595
0,67.73
0,67.67
0,67.775
0,67.795
0,67.83
0,67.87
0,67.975
0,68.06
0,68.105
0,68.21
0,68.295
0,68.535
0,68.44
0,68.54
0,68.51
0,68.48
0,68.49
0,68.435
0,68.445
0,68.28
0,68.29
0,68.23
0,68.355
0,68.26
0,68.24
0,68.145
0,68.015
0,67.935
0,68.03
0,67.985
0,67.98
0,68.105
0,68.225
0,68.34
0,68.305
0,68.345
0,68.31
0,68.2
0,68.095
0,68.105
0,68.18
0,68.295
0,68.32
0,68.405
0,68.39
0,68.565
0,68.56
0,68.57
0,68.6
0,68.705
0,68.85
0,68.805
0,68.785
0,68.695
0,68.65
0,68.565
0,68.515
0,68.44
0,68.315
0,68.28
0,68.26
0,68.205
0,68.18
0,68.07
0,68.07
0,68.125
0,68.24
0,68.21
0,68.195
0,68.165
0,68.105
0,68.17
0,68.18
0,68.26
0,68.255
0,68.26
0,68.235
0,68.175
0,68.165
0,68.15
0,68.21
0,68.215
0,68.265
0,68.345
0,68.485
0,68.51
0,68.475
0,68.39
0,68.435
0,68.37
0,68.37
0,68.32
0,68.31
0,68.37
0,68.36
0,68.435
0,68.47
0,68.4
0,68.31
0,68.32
0,68.32
0,68.325
0,68.31
0,68.215
0,68.145
0,68.14
0,68.175
0,68.14
0,68.15
0,68.17
0,68.19
0,68.19
0,68.195
0,68.165
0,68.155
0,68.135
0,68.095
0,68.095
0,68.075
0,68.05
0,68.05
0,68.075
0,68.075
0,68
0,67.995
0,68.005
0,67.995
0,68.055
0,68.075
0,68.105
0,68.07
0,68.065
0,68.03
0,68.13
0,68.16
0,68.165
0,68.12
0,68.085
0,68.095
0,68.075
0,68.075
0,68.1
0,68.075
0,68.1
0,68.1
0,68.135
0,68.11
0,68.14
0,68.105
0,68.105
0,68.065
0,68.055
0,68.015
0,68.025
0,68.105
0,68.205
0,68.23
0,68.31
0,68.365
0,68.355
0,68.415
0,68.43
0,68.415
0,68.385
0,68.44
0,68.465
0,68.435
0,68.41
0,68.405
0,68.42
0,68.38
0,68.35
0,68.38
0,68.31
0,68.325
0,68.26
0,68.29
0,68.245
0,68.265
0,68.275
0,68.245
0,68.235
0,68.24
0,68.26
0,68.29
0,68.245
0,68.175
0,68.125
0,68.13
0,68.1
0,68.115
0,68.17
0,68.195
0,68.17
0,68.17
0,68.185
0,68.21
0,68.21
0,68.15
0,68.135
0,68.195
0,68.17
0,68.185
0,68.15
0,68.19
0,68.195
0,68.14
0,68.04
0,68.085
0,68.055
0,68
0,68.06
0,68.01
0,67.995
0,67.995
0,68.04
0,67.98
0,68.005
0,68.02
0,68.015
0,67.985
0,67.99
0,68
0,67.9
0,67.98
0,67.94
0,67.975
0,67.96
0,67.96
0,67.98
0,67.97
0,68.015
0,68.03
0,68.065
0,68.03
0,68.02
0,68.03
0,68.055
0,68.075
0,68.075
0,68.095
0,68.075
0,68.04
0,68.115
0,68.09
0,68.055
0,68.025
0,68.035
0,68.095
0,68.16
0,68.155
0,68.145
0,68.07
0,68.05
0,68.095
0,68.07
0,68.055
0,68.01
0,68.03
0,68.035
0,68.08
0,68.135
0,68.165
0,68.165
0,68.2
0,68.2
0,68.18
0,68.21
0,68.215
0,68.225
0,68.2
0,68.195
0,68.205
0,68.2
0,68.24
0,68.275
0,68.265
0,68.27
0,68.23
0,68.24
0,68.265
0,68.26
0,68.25
0,68.2
0,68.205
0,68.17
0,68.115
0,68.075
0,68.055
0,68.065
0,68.095
0,68.135
0,68.135
0,68.16
0,68.17
0,68.21
0,68.12
0,68.075
0,68.105
0,68.14
0,68.105
0,68.15
0,68.155
0,68.12
0,68.13
0,68.11
0,68.04
0,67.99
0,68.025
0,68.01
0,68.015
0,68.035
0,68.065
0,68.06
0,68.08
0,68.02
0,67.975
0,68.03
0,68.045
0,68.075
0,68.075
0,68.025
0,68.015
0,67.945
0,67.93
0,67.965
0,67.97
0,67.945
0,67.935
0,67.975
0,67.99
0,68.015
0,68.025
0,68.065
0,68.07
0,68.14
0,68.045
0,68.085
0,68.095
0,68.085
0,68.025
0,68.025
0,67.99
0,67.965
0,68
0,67.99
0,68.01
0,67.97
0,67.985
0,67.94
0,67.925
0,67.905
0,67.92
0,67.91
0,67.91
0,67.885
0,67.87
0,67.88
0,67.875
0,67.855
0,67.855
0,67.885
0,67.895
0,67.885
0,67.88
0,67.9
0,67.865
0,67.855
0,67.88
0,67.935
0,67.945
0,67.92
0,67.9
0,67.875
0,67.865
0,67.84
0,67.885
0,67.875
0,67.9
0,67.91
0,67.92
0,67.915
0,67.95
0,67.975
0,68.045
0,68.03
0,68
0,67.975
0,68.005
0,68.025
0,68
0,67.935
0,67.845
0,67.905
0,67.92
0,67.905
0,67.95
0,67.99
0,67.975
0,68.02
0,68.04
0,68.06
0,68.01
0,68.035
0,68.04
0,68.05
0,68.06
0,68.09
0,68.07
0,68.055
0,68.045
0,68.01
0,67.995
0,67.97
0,67.985
0,67.98
0,67.955
0,67.93
0,67.975
0,67.94
0,67.91
0,67.925
0,67.925
0,67.935
0,67.91
0,67.865
0,67.89
0,67.905
0,67.895
0,67.89
0,67.94
0,67.88
0,67.89
0,67.89
0,67.875
0,67.925
0,67.95
0,68.01
0,67.98
0,67.945
0,67.975
0,68.015
0,68.015
0,68.015
0,67.995
0,67.995
0,67.99
0,67.99
0,67.95
0,67.94
0,67.96
0,67.98
0,67.99
0,67.99
0,67.995
0,68.01
0,67.985
0,67.915
0,67.895
0,67.875
0,67.83
0,67.785
0,67.785
0,67.815
0,67.815
0,67.835
0,67.82
0,67.825
0,67.82
0,67.855
0,67.825
0,67.835
0,67.84
0,67.865
0,67.93
0,67.945
0,67.97
0,67.945
0,67.9
0,67.935
0,67.96
0,67.99
0,68.035
0,67.985
0,67.945
0,68.015
0,67.995
0,68.005
0,68.015
0,68.01
0,68.01
0,68.03
0,67.975
0,67.97
0,67.885
0,67.95
0,67.975
0,68.19
0,68.22
0,68.25
0,68.33
0,68.23
0,68.28
0,68.175
0,68.325
0,68.35
0,68.295
0,68.365
0,68.385
0,68.505
0,68.57
0,68.59
0,68.58
0,68.625
0,68.67
0,68.68
0,68.63
0,68.59
0,68.56
0,68.57
0,68.505
0,68.55
0,68.53
0,68.545
0,68.52
0,68.56
0,68.56
0,68.52
0,68.49
0,68.475
0,68.46
0,68.28
0,68.345
0,68.34
0,68.26
0,68.26
0,68.29
0,68.285
0,68.33
0,68.335
0,68.28
0,68.19
0,68.205
0,68.19
0,68.185
0,68.16
0,68.105
0,68.21
0,68.235
0,68.22
0,68.155
0,68.175
0,68.105
0,68.18
0,68.145
0,68.075
0,68.13
0,68.18
0,68.23
0,68.205
0,68.26
0,68.355
0,68.315
0,68.365
0,68.42
0,68.45
0,68.41
0,68.42
0,68.43
0,68.47
0,68.445
0,68.395
0,68.305
0,68.29
0,68.29
0,68.24
0,68.22
0,68.255
0,68.25
0,68.265
0,68.295
0,68.305
0,68.375
0,68.29
0,68.3
0,68.21
0,68.205
0,68.21
0,68.205
0,68.125
0,68.18
0,68.155
0,68.135
0,68.135
0,68.15
0,68.135
0,68.105
0,68.055
0,68.06
0,68.09
0,68.02
0,68.035
0,68.09
0,68.145
0,68.17
0,68.195
0,68.22
0,68.235
0,68.19
0,68.155
0,68.15
0,68.15
0,68.05
0,68.075
0,68.135
0,68.145
0,68.155
0,68.165
0,68.13
0,68.16
0,68.16
0,68.165
0,68.16
0,68.115
0,68.145
0,68.135
0,68.12
0,68.205
0,68.22
0,68.325
0,68.375
0,68.345
0,68.365
0,68.37
0,68.37
0,68.325
0,68.345
0,68.29
0,68.21
0,68.12
0,68.105
0,68.045
0,67.995
0,67.99
0,67.97
0,67.96
0,68.015
0,68.02
0,67.905
0,67.975
0,67.925
0,67.98
0,67.995
0,68.025
0,68.005
0,67.99
0,67.975
0,68.005
0,68.01
0,67.985
0,68.005
0,68.01
0,67.99
0,67.99
0,67.975
0,67.985
0,67.97
0,67.925
0,67.94
0,67.94
0,67.955
0,67.995
0,67.995
0,67.985
0,67.985
0,68.01
0,67.985
0,68.035
0,68.03
0,67.98
0,67.94
0,67.965
0,67.965
0,67.92
0,67.905
0,67.94
0,67.98
0,67.915
0,67.89
0,67.865
0,67.88
0,67.885
0,67.87
0,67.9
0,67.91
0,67.92
0,67.93
0,67.915
0,67.86
0,67.84
0,67.815
0,67.875
0,67.885
0,67.89
0,67.895
0,67.915
0,67.91
0,67.93
0,67.905
0,67.87
0,67.875
0,67.875
0,67.855
0,67.89
0,67.895
0,67.96
0,67.955
0,67.96
0,67.925
0,67.915
0,67.925
0,67.915
0,67.885
0,67.905
0,67.9
0,67.91
0,67.89
0,67.875
0,67.865
0,67.895
0,67.9
0,67.855
0,67.88
0,67.875
0,67.895
0,67.935
0,67.95
0,67.93
0,67.92
0,67.875
0,67.9
0,67.9
0,67.885
0,67.9
0,67.885
0,67.875
0,67.865
0,67.84
0,67.83
0,67.83
0,67.85
0,67.825
0,67.835
0,67.8
0,67.83
0,67.85
0,67.885
0,67.865
0,67.86
0,67.83
0,67.84
0,67.865
0,67.845
0,67.815
0,67.8
0,67.79
0,67.79
0,67.79
0,67.81
0,67.81
0,67.805
0,67.795
0,67.81
0,67.81
0,67.8
0,67.735
0,67.705
0,67.715
0,67.785
0,67.8
0,67.795
0,67.81
0,67.79
0,67.78
0,67.795
0,67.77
0,67.755
0,67.77
0,67.755
0,67.7
0,67.69
0,67.69
0,67.725
0,67.725
0,67.7
0,67.67
0,67.64
0,67.635
0,67.645
0,67.605
0,67.6
0,67.62
0,67.62
0,67.62
0,67.655
0,67.635
0,67.625
0,67.62
0,67.65
0,67.69
0,67.715
0,67.76
0,67.76
0,67.79
0,67.76
0,67.715
0,67.715
0,67.695
0,67.71
0,67.685
0,67.705
0,67.7
0,67.67
0,67.695
0,67.705
0,67.725
0,67.75
0,67.725
0,67.76
0,67.76
0,67.755
0,67.755
0,67.745
0,67.755
0,67.76
0,67.785
0,67.85
0,67.89
0,67.865
0,67.875
0,67.915
0,67.92
0,67.97
0,67.995
0,67.94
0,67.965
0,67.975
0,67.98
0,67.995
0,67.99
0,67.955
0,67.9
0,67.94
0,67.88
0,67.93
0,67.885
0,67.86
0,67.89
0,67.91
0,67.905
0,67.89
0,67.845
0,67.85
0,67.86
0,67.865
0,67.875
0,67.875
0,67.845
0,67.86
0,67.88
0,67.885
0,67.86
0,67.88
0,67.865
0,67.87
0,67.89
0,67.885
0,67.9
0,67.93
0,67.955
0,67.97
0,67.94
0,67.91
0,67.89
0,67.91
0,67.89
0,67.955
0,67.9
0,67.91
0,67.95
0,67.945
0,67.955
0,67.91
0,67.94
0,67.95
0,67.91
0,67.91
0,67.94
0,67.895
0,67.97
0,67.99
0,67.95
0,67.935
0,67.97
0,67.95
0,67.92
0,67.93
0,67.94
0,67.96
0,67.97
0,67.97
0,67.97
0,67.96
0,67.97
0,68.005
0,67.985
0,67.96
0,67.96
0,67.91
0,67.92
0,67.89
0,67.895
0,67.895
0,67.905
0,67.96
0,67.955
0,67.89
0,67.885
0,67.94
0,67.96
0,67.96
0,67.975
0,67.96
0,67.97
0,67.97
0,67.975
0,67.985
0,67.99
0,68.02
0,68.12
0,68.13
0,68.205
0,68.195
0,68.165
0,68.225
0,68.205
0,68.295
0,68.29
0,68.33
0,68.35
0,68.35
0,68.39
0,68.525
0,68.515
0,68.485
0,68.5
0,68.505
0,68.61
0,68.53
0,68.46
0,68.51
0,68.5
0,68.515
0,68.525
0,68.51
0,68.525
0,68.495
0,68.465
0,68.44
0,68.45
0,68.455
0,68.42
0,68.43
0,68.38
0,68.375
0,68.36
0,68.38
0,68.41
0,68.44
0,68.435
0,68.455
0,68.445
0,68.475
0,68.445
0,68.475
0,68.5
0,68.475
0,68.495
0,68.475
0,68.435
0,68.495
0,68.49
0,68.49
0,68.48
0,68.43
0,68.35
0,68.39
0,68.37
0,68.37
0,68.315
0,68.39
0,68.42
0,68.85
0,68.865
0,68.905
0,68.9
0,68.825
0,68.85
0,68.8
0,68.77
0,68.755
0,68.735
0,68.81
0,68.83
0,68.87
0,68.735
0,68.685
0,68.645
0,68.69
0,68.745
0,68.705
0,68.785
0,68.74
0,68.725
0,68.695
0,68.585
0,68.565
0,68.59
0,68.62
0,68.615
0,68.585
0,68.635
0,68.63
0,68.625
0,68.65
0,68.655
0,68.6
0,68.645
0,68.67
0,68.675
0,68.695
0,68.67
0,68.655
0,68.56
0,68.505
0,68.5
0,68.505
0,68.475
0,68.47
0,68.455
0,68.405
0,68.395
0,68.365
0,68.335
0,68.33
0,68.325
0,68.36
0,68.4
0,68.405
0,68.35
0,68.345
0,68.34
0,68.335
0,68.31
0,68.255
0,68.25
0,68.25
0,68.25
0,68.27
0,68.215
0,68.205
0,68.25
0,68.22
0,68.255
0,68.265
0,68.225
0,68.33
0,68.345
0,68.39
0,68.395
0,68.36
0,68.365
0,68.42
0,68.43
0,68.385
0,68.3
0,68.26
0,68.27
0,68.31
0,68.315
0,68.355
0,68.34
0,68.315
0,68.3
0,68.255
0,68.28
0,68.29
0,68.26
0,68.24
0,68.215
0,68.195
0,68.24
0,68.26
0,68.23
0,68.24
0,68.23
0,68.225
0,68.255
0,68.29
0,68.315
0,68.285
0,68.275
0,68.295
0,68.25
0,68.18
0,68.23
0,68.235
0,68.18
0,68.2
0,68.185
0,68.265
0,68.255
0,68.265
0,68.26
0,68.255
0,68.28
0,68.26
0,68.235
0,68.18
0,68.205
0,68.2
0,68.21
0,68.235
0,68.245
0,68.19
0,68.14
0,68.135
0,68.12
0,68.1
0,68.15
0,68.165
0,68.18
0,68.195
0,68.24
0,68.2
0,68.22
0,68.22
0,68.19
0,68.18
0,68.17
0,68.205
0,68.2
0,68.215
0,68.225
0,68.26
0,68.28
0,68.26
0,68.285
0,68.29
0,68.28
0,68.315
0,68.305
0,68.31
0,68.305
0,68.315
0,68.315
0,68.315
0,68.3
0,68.33
0,68.35
0,68.435
0,68.485
0,68.475
0,68.45
0,68.455
0,68.455
0,68.44
0,68.435
0,68.445
0,68.475
0,68.4
0,68.405
0,68.415
0,68.415
0,68.46
0,68.47
0,68.455
0,68.47
0,68.5
0,68.46
0,68.48
0,68.5
0,68.535
0,68.58
0,68.555
0,68.565
0,68.615
0,68.57
0,68.56
0,68.545
0,68.56
0,68.55
0,68.53
0,68.59
0,68.61
0,68.585
0,68.605
0,68.58
0,68.58
0,68.55
0,68.58
0,68.53
0,68.5
0,68.49
0,68.475
0,68.48
0,68.45
0,68.47
0,68.48
0,68.5
0,68.485
0,68.47
0,68.455
0,68.465
0,68.48
0,68.495
0,68.465
0,68.44
0,68.46
0,68.365
0,68.335
0,68.375
0,68.345
0,68.33
0,68.36
0,68.35
0,68.385
0,68.39
0,68.42
0,68.38
0,68.42
0,68.415
0,68.42
0,68.445
0,68.47
0,68.495
0,68.44
0,68.47
0,68.445
0,68.41
0,68.345
0,68.33
0,68.3
0,68.28
0,68.275
0,68.285
0,68.295
0,68.29
0,68.265
0,68.24
0,68.235
0,68.26
0,68.245
0,68.245
0,68.26
0,68.28
0,68.26
0,68.23
0,68.195
0,68.075
0,68.11
0,68.06
0,68.11
0,68.1
0,68.125
0,68.105
0,68.105
0,68.135
0,68.095
0,68.16
0,68.17
0,68.135
0,68.195
0,68.235
0,68.21
0,68.23
0,68.205
0,68.215
0,68.19
0,68.185
0,68.2
0,68.225
0,68.22
0,68.26
0,68.255
0,68.23
0,68.215
0,68.195
0,68.18
0,68.2
0,68.145
0,68.145
0,68.145
0,68.135
0,68.135
0,68.185
0,68.26
0,68.255
0,68.27
0,68.24
0,68.235
0,68.255
0,68.285
0,68.265
0,68.255
0,68.24
0,68.245
0,68.255
0,68.25
0,68.205
0,68.22
0,68.255
0,68.25
0,68.28
0,68.265
0,68.265
0,68.22
0,68.12
0,68.075
0,68.08
0,68.04
0,68.08
0,68.095
0,68.115
0,68.105
0,68.145
0,68.17
0,68.205
0,68.185
0,68.2
0,68.24
0,68.24
0,68.3
0,68.29
0,68.29
0,68.28
0,68.235
0,68.25
0,68.295
0,68.32
0,68.325
0,68.32
0,68.38
0,68.37
0,68.38
0,68.33
0,68.34
0,68.285
0,68.275
0,68.3
0,68.265
0,68.265
0,68.205
0,68.215
0,68.18
0,68.125
0,68.115
0,68.1
0,68.045
0,68.105
0,68.105
0,68.095
0,68.095
0,68.125
0,68.145
0,68.145
0,68.1
0,68.09
0,68.105
0,68.14
0,68.13
0,68.12
0,68.125
0,68.07
0,68.07
0,68.095
0,68.115
0,68.185
0,68.185
0,68.19
0,68.195
0,68.1
0,68.055
0,68.11
0,68.13
0,68.14
0,68.14
0,68.15
0,68.15
0,68.085
0,68.14
0,68.12
0,68.07
0,68.08
0,68.02
0,67.93
0,68.005
0,68.05
0,68.06
0,68
0,68.005
0,68.015
0,68.015
0,68.06
0,68.07
0,68.075
0,68.025
0,68.02
0,68.03
0,68.04
0,68.055
0,68.095
0,68.05
0,68.035
0,68
0,67.97
0,67.98
0,67.94
0,67.94
0,67.875
0,67.84
0,67.855
0,67.855
0,67.94
0,67.93
0,67.915
0,67.935
0,67.89
0,67.925
0,67.905
0,67.91
0,67.965
0,67.91
0,67.915
0,67.895
0,67.87
0,67.81
0,67.83
0,67.845
0,67.885
0,67.87
0,67.86
0,67.86
0,67.815
0,67.8
0,67.81
0,67.8
0,67.73
0,67.745
0,67.76
0,67.795
0,67.83
0,67.835
0,67.805
0,67.78
0,67.69
0,67.72
0,67.695
0,67.74
0,67.7
0,67.655
0,67.65
0,67.7
0,67.71
0,67.705
0,67.735
0,67.68
0,67.73
0,67.73
0,67.76
0,67.78
0,67.835
0,67.835
0,67.835
0,67.83
0,67.805
0,67.815
0,67.845
0,67.85
0,67.83
0,67.915
0,67.895
0,67.905
0,67.88
0,67.88
0,67.83
0,67.84
0,67.785
0,67.82
0,67.86
0,67.88
0,67.87
0,67.84
0,67.865
0,67.87
0,67.865
0,67.895
0,67.83
0,67.95
0,67.89
0,67.905
0,67.995
0,67.925
0,67.825
0,67.84
0,67.76
0,67.81
0,67.855
0,67.9
0,67.96
0,67.97
0,68.095
0,68.085
0,68.07
0,68.045
0,68.06
0,68.005
0,68.005
0,67.96
0,67.885
0,67.805
0,67.835
0,67.815
0,67.81
0,67.79
0,67.775
0,67.805
0,67.825
0,67.9
0,67.95
0,67.935
0,67.975
0,67.99
0,68.05
0,68.07
0,68.085
0,68.065
0,68.11
0,68.105
0,68.14
0,68.13
0,68.24
0,68.235
0,68.215
0,68.17
0,68.145
0,68.095
0,68.125
0,68.05
0,68.05
0,68.1
0,68.035
0,68.055
0,68.09
0,68.065
0,68.045
0,67.985
0,68.03
0,68.015
0,68.03
0,68.07
0,68.09
0,68.11
0,68.09
0,68.085
0,68.105
0,68.14
0,68.15
0,68.095
0,68.11
0,68.145
0,68.15
0,68.115
0,68.135
0,68.07
0,68.075
0,68.075
0,68.06
0,68.015
0,68.025
0,68.015
0,67.94
0,67.94
0,67.99
0,67.96
0,67.985
0,67.965
0,67.995
0,68.05
0,68.135
0,68.07
0,68.11
0,68.145
0,68.085
0,68.045
0,68.04
0,68.02
0,68
0,68.005
0,68.045
0,68.03
0,68.045
0,68.06
0,68.09
0,67.975
0,68.02
0,68.04
0,68.075
0,68.055
0,68.09
0,67.995
0,68.055
0,68.03
0,68.045
0,68.04
0,68.04
0,68.04
0,68.015
0,68.07
0,68.07
0,68.085
0,68.14
0,68.11
0,67.975
0,68.035
0,68.04
0,68.095
0,68.07
0,68.12
0,68.125
0,68.205
0,68.29
0,68.26
0,68.305
0,68.32
0,68.315
0,68.305
0,68.3
0,68.33
0,68.335
0,68.375
0,68.355
0,68.35
0,68.37
0,68.38
0,68.345
0,68.33
0,68.33
0,68.36
0,68.335
0,68.32
0,68.3
0,68.325
0,68.3
0,68.29
0,68.31
0,68.26
0,68.215
0,68.23
0,68.235
0,68.22
0,68.26
0,68.245
0,68.21
0,68.35
0,68.2
0,68.28
0,68.27
0,68.26
0,68.21
0,68.22
0,68.215
0,68.255
0,68.29
0,68.265
0,68.25
0,68.255
0,68.235
0,68.24
0,68.255
0,68.235
0,68.24
0,68.24
0,68.23
0,68.24
0,68.245
0,68.25
0,68.25
0,68.255
0,68.27
0,68.3
0,68.33
0,68.335
0,68.31
0,68.3
0,68.29
0,68.27
0,68.25
0,68.225
0,68.22
0,68.22
0,68.185
0,68.215
0,68.205
0,68.205
0,68.2
0,68.18
0,68.19
0,68.22
0,68.225
0,68.17
0,68.085
0,68.09
0,68.105
0,68.135
0,68.16
0,68.12
0,68.11
0,68.135
0,68.09
0,68.13
0,68.14
0,68.14
0,68.12
0,68.11
0,68.1
0,68.11
0,68.09
0,68.08
0,68.07
0,68.045
0,68.04
0,68.02
0,67.93
0,67.91
0,67.87
0,67.92
0,67.93
0,67.895
0,67.945
0,67.97
0,68.015
0,67.995
0,67.955
0,67.945
0,67.96
0,67.985
0,67.975
0,68.01
0,68.045
0,68
0,67.975
0,67.96
0,67.94
0,67.925
0,67.92
0,67.88
0,67.82
0,67.79
0,67.81
0,67.815
0,67.865
0,67.88
0,67.875
0,67.85
0,67.87
0,67.855
0,67.845
0,67.82
0,67.84
0,67.865
0,67.87
0,67.89
0,67.91
0,67.9
0,67.93
0,67.935
0,67.89
0,67.875
0,67.895
0,67.87
0,67.875
0,67.895
0,67.9
0,67.87
0,67.875
0,67.875
0,67.895
0,67.885
0,67.87
0,67.88
0,67.835
0,67.85
0,67.855
0,67.86
0,67.865
0,67.87
0,67.88
0,67.895
0,67.91
0,67.96
0,67.955
0,67.945
0,67.97
0,67.99
0,67.97
0,67.96
0,67.955
0,67.95
0,67.95
0,67.945
0,67.905
0,67.87
0,67.895
0,67.885
0,67.89
0,67.875
0,67.88
0,67.91
0,67.92
0,67.875
0,67.91
0,67.88
0,67.855
0,67.85
0,67.855
0,67.865
0,67.87
0,67.87
0,67.89
0,67.88
0,67.855
0,67.85
0,67.865
0,67.835
0,67.84
0,67.845
0,67.77
0,67.785
0,67.77
0,67.76
0,67.76
0,67.8
0,67.81
0,67.815
0,67.8
0,67.8
0,67.795
0,67.83
0,67.8
0,67.795
0,67.775
0,67.805
0,67.77
0,67.735
0,67.76
0,67.76
0,67.765
0,67.74
0,67.735
0,67.7
0,67.69
0,67.665
0,67.64
0,67.645
0,67.65
0,67.645
0,67.665
0,67.645
0,67.64
0,67.64
0,67.665
0,67.675
0,67.68
0,67.705
0,67.785
0,67.91
0,67.845
0,67.84
0,67.775
0,67.77
0,67.73
0,67.7
0,67.69
0,67.715
0,67.725
0,67.73
0,67.69
0,67.65
0,67.655
0,67.685
0,67.715
0,67.695
0,67.65
0,67.68
0,67.67
0,67.67
0,67.615
0,67.585
0,67.6
0,67.59
0,67.535
0,67.54
0,67.52
0,67.535
0,67.535
0,67.52
0,67.435
0,67.425
0,67.46
0,67.455
0,67.505
0,67.46
0,67.47
0,67.445
0,67.44
0,67.445
0,67.45
0,67.405
0,67.36
0,67.375
0,67.345
0,67.315
0,67.31
0,67.255
0,67.23
0,67.32
0,67.275
0,67.24
0,67.25
0,67.29
0,67.295
0,67.315
0,67.32
0,67.315
0,67.33
0,67.38
0,67.39
0,67.365
0,67.43
0,67.425
0,67.435
0,67.445
0,67.45
0,67.435
0,67.39
0,67.355
0,67.355
0,67.325
0,67.275
0,67.28
0,67.275
0,67.23
0,67.245
0,67.285
0,67.26
0,67.285
0,67.26
0,67.275
0,67.21
0,67.185
0,67.185
0,67.185
0,67.235
0,67.215
0,67.245
0,67.255
0,67.27
0,67.29
0,67.25
0,67.26
0,67.295
0,67.265
0,67.255
0,67.23
0,67.195
0,67.155
0,67.18
0,67.225
0,67.24
0,67.22
0,67.185
0,67.185
0,67.135
0,67.095
0,67.08
0,67.07
0,67.11
0,67.14
0,67.145
0,67.125
0,67.115
0,67.07
0,67.075
0,67.11
0,67.145
0,67.16
0,67.18
0,67.205
0,67.29
0,67.105
0,67.19
0,67.265
0,67.47
0,67.6
0,67.735
0,67.65
0,67.685
0,67.695
0,67.69
0,67.595
0,67.555
0,67.64
0,67.495
0,67.405
0,67.47
0,67.525
0,67.59
0,67.475
0,67.455
0,67.455
0,67.425
0,67.315
0,67.27
0,67.305
0,67.275
0,67.265
0,67.375
0,67.345
0,67.35
0,67.295
0,67.2
0,67.29
0,67.275
0,67.275
0,67.3
0,67.315
0,67.295
0,67.265
0,67.27
0,67.25
0,67.29
0,67.315
0,67.295
0,67.32
0,67.33
0,67.4
0,67.435
0,67.48
0,67.53
0,67.525
0,67.52
0,67.52
0,67.6
0,67.58
0,67.515
0,67.45
0,67.49
0,67.58
0,67.635
0,67.57
0,67.53
0,67.61
0,67.665
0,67.585
0,67.605
0,67.63
0,67.65
0,67.645
0,67.715
0,67.66
0,67.685
0,67.675
0,67.69
0,67.695
0,67.7
0,67.71
0,67.725
0,67.76
0,67.82
0,67.735
0,67.8
0,67.71
0,67.77
0,67.81
0,67.71
0,67.755
0,67.765
0,67.795
0,67.74
0,67.72
0,67.73
0,67.735
0,67.725
0,67.77
0,67.77
0,67.69
0,67.745
0,67.745
0,67.68
0,67.67
0,67.69
0,67.68
0,67.71
0,67.72
0,67.675
0,67.6
0,67.55
0,67.585
0,67.61
0,67.61
0,67.58
0,67.505
0,67.485
0,67.485
0,67.52
0,67.45
0,67.505
0,67.52
0,67.495
0,67.45
0,67.465
0,67.455
0,67.405
0,67.395
0,67.39
0,67.345
0,67.38
0,67.32
0,67.34
0,67.4
0,67.42
0,67.435
0,67.45
0,67.435
0,67.435
0,67.425
0,67.45
0,67.54
0,67.54
0,67.52
0,67.505
0,67.48
0,67.505
0,67.505
0,67.545
0,67.51
0,67.52
0,67.53
0,67.505
0,67.525
0,67.545
0,67.55
0,67.495
0,67.525
0,67.57
0,67.58
0,67.64
0,67.58
0,67.58
0,67.545
0,67.51
0,67.57
0,67.58
0,67.555
0,67.615
0,67.58
0,67.585
0,67.58
0,67.61
0,67.59
0,67.605
0,67.55
0,67.58
0,67.63
0,67.615
0,67.62
0,67.595
0,67.61
0,67.63
0,67.61
0,67.56
0,67.535
0,67.515
0,67.505
0,67.51
0,67.525
0,67.505
0,67.515
0,67.5
0,67.505
0,67.46
0,67.495
0,67.47
0,67.48
0,67.5
0,67.505
0,67.515
0,67.515
0,67.545
0,67.525
0,67.525
0,67.49
0,67.52
0,67.525
0,67.545
0,67.515
0,67.51
0,67.53
0,67.54
0,67.535
0,67.54
0,67.53
0,67.53
0,67.575
0,67.57
0,67.54
0,67.49
0,67.47
0,67.48
0,67.405
0,67.435
0,67.445
0,67.415
0,67.445
0,67.46
0,67.475
0,67.485
0,67.45
0,67.44
0,67.405
0,67.405
0,67.405
0,67.405
0,67.41
0,67.43
0,67.4
0,67.41
0,67.37
0,67.385
0,67.385
0,67.385
0,67.39
0,67.4
0,67.43
0,67.435
0,67.425
0,67.43
0,67.44
0,67.42
0,67.425
0,67.4
0,67.41
0,67.44
0,67.395
0,67.37
0,67.385
0,67.43
0,67.405
0,67.43
0,67.445
0,67.455
0,67.46
0,67.47
0,67.455
0,67.495
0,67.5
0,67.525
0,67.525
0,67.525
0,67.535
0,67.51
0,67.525
0,67.515
0,67.495
0,67.515
0,67.545
0,67.545
0,67.57
0,67.55
0,67.565
0,67.55
0,67.55
0,67.495
0,67.465
0,67.44
0,67.455
0,67.455
0,67.48
0,67.49
0,67.465
0,67.5
0,67.51
0,67.515
0,67.505
0,67.54
0,67.53
0,67.545
0,67.525
0,67.535
0,67.515
0,67.515
0,67.5
0,67.525
0,67.545
0,67.525
0,67.545
0,67.535
0,67.54
0,67.53
0,67.58
0,67.565
0,67.565
0,67.54
0,67.545
0,67.575
0,67.615
0,67.575
0,67.565
0,67.59
0,67.58
0,67.59
0,67.57
0,67.605
0,67.56
0,67.595
0,67.615
0,67.58
0,67.575
0,67.59
0,67.605
0,67.605
0,67.575
0,67.58
0,67.63
0,67.595
0,67.6
0,67.61
0,67.585
0,67.62
0,67.605
0,67.575
0,67.56
0,67.55
0,67.56
0,67.55
0,67.55
0,67.565
0,67.62
0,67.6
0,67.59
0,67.59
0,67.6
0,67.565
0,67.555
0,67.61
0,67.59
0,67.585
0,67.595
0,67.61
0,67.635
0,67.64
0,67.62
0,67.59
0,67.57
0,67.545
0,67.58
0,67.555
0,67.595
0,67.59
0,67.575
0,67.565
0,67.535
0,67.54
0,67.555
0,67.575
0,67.59
0,67.59
0,67.54
0,67.52
0,67.525
0,67.5
0,67.51
0,67.555
0,67.55
0,67.515
0,67.49
0,67.46
0,67.395
0,67.41
0,67.425
0,67.365
0,67.33
0,67.37
0,67.325
0,67.37
0,67.325
0,67.385
0,67.38
0,67.36
0,67.355
0,67.345
0,67.335
0,67.33
0,67.345
0,67.345
0,67.355
0,67.4
0,67.385
0,67.345
0,67.335
0,67.365
0,67.37
0,67.39
0,67.4
0,67.415
0,67.385
0,67.36
0,67.355
0,67.315
0,67.28
0,67.235
0,67.265
0,67.29
0,67.26
0,67.27
0,67.32
0,67.25
0,67.215
0,67.24
0,67.255
0,67.29
0,67.31
0,67.29
0,67.33
0,67.35
0,67.34
0,67.35
0,67.325
0,67.31
0,67.295
0,67.315
0,67.315
0,67.33
0,67.33
0,67.305
0,67.325
0,67.365
0,67.375
0,67.4
0,67.44
0,67.38
0,67.35
0,67.345
0,67.39
0,67.345
0,67.365
0,67.36
0,67.3
0,67.345
0,67.35
0,67.33
0,67.34
0,67.365
0,67.36
0,67.33
0,67.3
0,67.235
0,67.22
0,67.225
0,67.205
0,67.23
0,67.165
0,67.16
0,67.16
0,67.18
0,67.11
0,67.1
0,67.025
0,66.975
0,67.005
0,67.025
0,66.42
0,66.51
0,66.47
0,66.44
0,66.39
0,66.385
0,66.295
0,66.25
0,66.385
0,66.425
0,66.345
0,66.45
0,66.515
0,66.535
0,66.505
0,66.435
0,66.44
0,66.475
0,66.535
0,66.585
0,66.65
0,66.64
0,66.745
0,66.795
0,66.73
0,66.81
0,66.855
0,66.81
0,66.78
0,66.725
0,66.725
0,66.74
0,66.68
0,66.695
0,66.725
0,66.73
0,66.745
0,66.735
0,66.78
0,66.75
0,66.785
0,66.73
0,66.695
0,66.605
0,66.585
0,66.61
0,66.69
0,66.665
0,66.655
0,66.615
0,66.605
0,66.7
0,66.695
0,66.715
0,66.815
0,66.865
0,66.9
0,66.845
0,66.825
0,66.875
0,66.9
0,66.94
0,66.895
0,66.915
0,66.955
0,66.96
0,66.975
0,66.92
0,66.91
0,66.88
0,66.84
0,66.86
0,66.845
0,66.835
0,66.815
0,66.81
0,66.695
0,66.7
0,66.685
0,66.62
0,66.62
0,66.58
0,66.645
0,66.64
0,66.595
0,66.55
0,66.535
0,66.595
0,66.585
0,66.625
0,66.57
0,66.6
0,66.61
0,66.665
0,66.655
0,66.675
0,66.64
0,66.66
0,66.685
0,66.63
0,66.62
0,66.635
0,66.625
0,66.575
0,66.6
0,66.58
0,66.54
0,66.51
0,66.535
0,66.54
0,66.59
0,66.595
0,66.595
0,66.575
0,66.585
0,66.6
0,66.625
0,66.605
0,66.6
0,66.57
0,66.555
0,66.595
0,66.635
0,66.62
0,66.595
0,66.595
0,66.615
0,66.625
0,66.645
0,66.67
0,66.705
0,66.655
0,66.65
0,66.665
0,66.595
0,66.58
0,66.625
0,66.595
0,66.57
0,66.585
0,66.63
0,66.575
0,66.59
0,66.56
0,66.575
0,66.575
0,66.625
0,66.605
0,66.585
0,66.555
0,66.54
0,66.59
0,66.61
0,66.575
0,66.62
0,66.62
0,66.63
0,66.62
0,66.62
0,66.6
0,66.555
0,66.585
0,66.575
0,66.54
0,66.58
0,66.595
0,66.59
0,66.63
0,66.625
0,66.63
0,66.645
0,66.675
0,66.615
0,66.57
0,66.57
0,66.585
0,66.535
0,66.555
0,66.56
0,66.575
0,66.53
0,66.515
0,66.54
0,66.535
0,66.535
0,66.545
0,66.53
0,66.49
0,66.525
0,66.53
0,66.52
0,66.48
0,66.415
0,66.485
0,66.485
0,66.475
0,66.515
0,66.505
0,66.47
0,66.43
0,66.4
0,66.395
0,66.415
0,66.395
0,66.4
0,66.42
0,66.38
0,66.375
0,66.39
0,66.385
0,66.36
0,66.365
0,66.395
0,66.385
0,66.395
0,66.375
0,66.35
0,66.37
0,66.37
0,66.385
0,66.385
0,66.365
0,66.34
0,66.36
0,66.36
0,66.35
0,66.345
0,66.31
0,66.32
0,66.32
0,66.355
0,66.435
0,66.455
0,66.54
0,66.56
0,66.59
0,66.5
0,66.46
0,66.495
0,66.515
0,66.48
0,66.5
0,66.485
0,66.465
0,66.475
0,66.505
0,66.47
0,66.495
0,66.47
0,66.5
0,66.5
0,66.495
0,66.475
0,66.485
0,66.525
0,66.515
0,66.485
0,66.475
0,66.485
0,66.475
0,66.475
0,66.47
0,66.48
0,66.51
0,66.51
0,66.5
0,66.485
0,66.475
0,66.475
0,66.46
0,66.47
0,66.47
0,66.45
0,66.49
0,66.455
0,66.48
0,66.465
0,66.475
0,66.47
0,66.46
0,66.46
0,66.455
0,66.48
0,66.505
0,66.5
0,66.48
0,66.49
0,66.48
0,66.495
0,66.48
0,66.5
0,66.485
0,66.495
0,66.5
0,66.51
0,66.505
0,66.48
0,66.49
0,66.5
0,66.49
0,66.47
0,66.45
0,66.395
0,66.425
0,66.46
0,66.515
0,66.5
0,66.495
0,66.485
0,66.48
0,66.505
0,66.51
0,66.48
0,66.53
0,66.55
0,66.58
0,66.57
0,66.555
0,66.53
0,66.515
0,66.51
0,66.49
0,66.47
0,66.5
0,66.505
0,66.525
0,66.54
0,66.53
0,66.525
0,66.47
0,66.49
0,66.51
0,66.51
0,66.46
0,66.41
0,66.435
0,66.46
0,66.45
0,66.435
0,66.47
0,66.46
0,66.5
0,66.51
0,66.47
0,66.49
0,66.45
0,66.44
0,66.395
0,66.465
0,66.475
0,66.475
0,66.47
0,66.49
0,66.53
0,66.505
0,66.585
0,66.58
0,66.58
0,66.575
0,66.585
0,66.56
0,66.555
0,66.545
0,66.52
0,66.525
0,66.545
0,66.51
0,66.545
0,66.565
0,66.585
0,66.54
0,66.555
0,66.49
0,66.49
0,66.525
0,66.535
0,66.56
0,66.69
0,66.625
0,66.62
0,66.59
0,66.58
0,66.58
0,66.58
0,66.61
0,66.585
0,66.585
0,66.59
0,66.575
0,66.585
0,66.52
0,66.505
0,66.56
0,66.55
0,66.47
0,66.465
0,66.45
0,66.475
0,66.485
0,66.465
0,66.46
0,66.55
0,66.545
0,66.545
0,66.54
0,66.535
0,66.52
0,66.54
0,66.555
0,66.57
0,66.635
0,66.655
0,66.595
0,66.615
0,66.58
0,66.605
0,66.605
0,66.57
0,66.58
0,66.59
0,66.545
0,66.55
0,66.59
0,66.555
0,66.565
0,66.56
0,66.53
0,66.5
0,66.48
0,66.495
0,66.505
0,66.515
0,66.555
0,66.49
0,66.475
0,66.59
0,66.6
0,66.545
0,66.525
0,66.515
0,66.54
0,66.6
0,66.685
0,66.68
0,66.68
0,66.62
0,66.63
0,66.65
0,66.61
0,66.685
0,66.67
0,66.715
0,66.725
0,66.72
0,66.745
0,66.765
0,66.845
0,66.82
0,66.765
0,66.705
0,66.69
0,66.65
0,66.625
0,66.585
0,66.585
0,66.62
0,66.59
0,66.49
0,66.46
0,66.47
0,66.465
0,66.48
0,66.465
0,66.45
0,66.5
0,66.48
0,66.48
0,66.475
0,66.49
0,66.475
0,66.495
0,66.445
0,66.46
0,66.485
0,66.49
0,66.47
0,66.455
0,66.44
0,66.475
0,66.52
0,66.52
0,66.485
0,66.545
0,66.485
0,66.51
0,66.49
0,66.51
0,66.495
0,67.995
0,68.12
0,68.015
0,68.33
0,68.315
0,68.665
0,68.655
0,68.775
0,68.805
0,68.895
0,68.93
0,68.88
0,68.79
0,68.81
0,68.645
0,68.66
0,68.395
0,68.05
0,68.185
0,68.16
0,68.455
0,68.3
0,68.41
0,68.41
0,68.38
0,68.435
0,68.35
0,68.29
0,68.45
0,68.495
0,68.53
0,68.47
0,68.465
0,68.58
0,68.615
0,68.735
0,68.695
0,68.765
0,68.85
0,68.84
0,68.855
0,68.79
0,68.845
0,68.855
0,68.745
0,68.675
0,68.63
0,68.565
0,68.74
0,68.745
0,68.72
0,68.82
0,68.72
0,68.83
0,68.875
0,68.875
0,68.915
0,68.995
0,68.95
0,69.01
0,69.1
0,69.01
0,69.09
0,69.15
0,69.025
0,69.155
0,69.075
0,69.005
0,68.93
0,68.945
0,68.985
0,68.98
0,68.98
0,68.96
0,68.975
0,68.835
0,68.845
0,68.845
0,68.995
0,68.98
0,69.045
0,69.16
0,69.08
0,69.04
0,69.18
0,69.46
0,69.485
0,69.475
0,69.335
0,69.245
0,69.16
0,69.195
0,69.28
0,69.355
0,69.37
0,69.415
0,69.475
0,69.53
0,69.525
0,69.44
0,69.415
0,69.48
0,69.52
0,69.43
0,69.365
0,69.35
0,69.36
0,69.425
0,69.48
0,69.56
0,69.51
0,69.47
0,69.445
0,69.465
0,69.525
0,69.535
0,69.56
0,69.54
0,69.41
0,69.39
0,69.315
0,69.265
0,69.36
0,69.395
0,69.455
0,69.38
0,69.32
0,69.375
0,69.42
0,69.3
0,69.35
0,69.385
0,69.32
0,69.265
0,69.235
0,69.35
0,69.275
0,69.23
0,69.225
0,69.17
0,69.16
0,69.14
0,69.13
0,69.14
0,69.125
0,69.175
0,69.17
0,69.33
0,69.24
0,69.31
0,69.33
0,69.32
0,69.395
0,69.36
0,69.37
0,69.335
0,69.375
0,69.435
0,69.435
0,69.44
0,69.42
0,69.49
0,69.54
0,69.48
0,69.48
0,69.505
0,69.59
0,69.59
0,69.575
0,69.575
0,69.69
0,69.675
0,69.675
0,69.685
0,69.64
0,69.615
0,69.655
0,69.62
0,69.595
0,69.625
0,69.64
0,69.54
0,69.605
0,69.545
0,69.52
0,69.505
0,69.46
0,69.545
0,69.565
0,69.565
0,69.515
0,69.525
0,69.475
0,69.515
0,69.54
0,69.56
0,69.55
0,69.63
0,69.58
0,69.61
0,69.545
0,69.525
0,69.54
0,69.495
0,69.445
0,69.53
0,69.55
0,69.495
0,69.47
0,69.38
0,69.37
0,69.3
0,69.325
0,69.315
0,69.31
0,69.29
0,69.3
0,69.26
0,69.205
0,69.235
0,69.205
0,69.275
0,69.32
0,69.345
0,69.38
0,69.38
0,69.405
0,69.355
0,69.375
0,69.37
0,69.37
0,69.375
0,69.365
0,69.32
0,69.315
0,69.29
0,69.275
0,69.43
0,69.5
0,69.5
0,69.48
0,69.46
0,69.495
0,69.48
0,69.475
0,69.48
0,69.495
0,69.515
0,69.54
0,69.53
0,69.565
0,69.565
0,69.505
0,69.52
0,69.56
0,69.56
0,69.585
0,69.595
0,69.655
0,69.69
0,69.73
0,69.71
0,69.74
0,69.72
0,69.755
0,69.755
0,69.835
0,69.84
0,69.945
0,69.925
0,69.985
0,69.91
0,69.99
0,70.02
0,70.005
0,69.99
0,70.09
0,70.19
0,70.27
0,70.19
0,70.06
0,70.09
0,70.275
0,70.19
0,70.2
0,70.21
0,70.095
0,70.18
0,70.125
0,70.12
0,70.175
0,70.26
0,70.275
0,70.24
0,70.125
0,70.02
0,70.01
0,69.955
0,69.945
0,69.98
0,70.045
0,70.04
0,69.905
0,69.905
0,69.905
0,69.865
0,69.775
0,69.765
0,69.715
0,69.75
0,69.755
0,69.78
0,69.77
0,69.745
0,69.725
0,69.74
0,69.75
0,69.76
0,69.675
0,69.66
0,69.62
0,69.54
0,69.53
0,69.525
0,69.45
0,69.485
0,69.475
0,69.5
0,69.445
0,69.505
0,69.65
0,69.695
0,69.73
0,69.67
0,69.66
0,69.595
0,69.52
0,69.48
0,69.5
0,69.61
0,69.65
0,69.61
0,69.585
0,69.56
0,69.485
0,69.545
0,69.54
0,69.595
0,69.695
0,69.74
0,69.71
0,69.74
0,69.835
0,69.86
0,69.895
0,69.875
0,69.885
0,69.92
0,69.97
0,69.985
0,69.98
0,70.03
0,69.975
0,70.04
0,69.97
0,70.035
0,70.085
0,70.14
0,70.155
0,70.185
0,70.26
0,70.26
0,70.2
0,70.23
0,70.205
0,70.21
0,70.265
0,70.26
0,70.26
0,70.24
0,70.18
0,70.22
0,70.28
0,70.195
0,70.06
0,70.055
0,70.04
0,70.12
0,70.055
0,70.02
0,70.115
0,70.16
0,70.1
0,70.04
0,70.1
0,70.04
0,70.05
0,70.215
0,70.24
0,70.22
0,70.17
0,70.18
0,70.165
0,70.17
0,70.21
0,70.18
0,70.19
0,70.155
0,70.16
0,70.17
0,70.165
0,70.045
0,70.05
0,70.045
0,70.035
0,70.085
0,70.04
0,69.99
0,69.935
0,69.905
0,69.865
0,69.825
0,69.745
0,69.735
0,69.685
0,69.63
0,69.6
0,69.475
0,69.775
0,69.69
0,69.555
0,69.535
0,69.58
0,69.625
0,69.735
0,69.84
0,69.83
0,69.72
0,69.615
0,69.695
0,69.615
0,69.65
0,69.595
0,69.6
0,69.56
0,69.54
0,69.54
0,69.62
0,69.68
0,69.6
0,69.59
0,69.595
0,69.72
0,69.64
0,69.6
0,69.67
0,69.71
0,69.795
0,69.79
0,69.805
0,69.735
0,69.705
0,69.805
0,69.795
0,69.83
0,69.75
0,69.695
0,69.695
0,69.655
0,69.52
0,69.405
0,69.465
0,69.495
0,69.425
0,69.385
0,69.45
0,69.39
0,69.415
0,69.51
0,69.575
0,69.595
0,69.555
0,69.57
0,69.605
0,69.67
0,69.7
0,69.585
0,69.61
0,69.6
0,69.6
0,69.45
0,69.42
0,69.4
0,69.39
0,69.275
0,69.33
0,69.355
0,69.355
0,69.37
0,69.31
0,69.26
0,69.32
0,69.295
0,69.355
0,69.04
0,68.855
0,68.895
0,68.78
0,68.685
0,68.54
0,68.595
0,68.62
0,68.615
0,68.62
0,68.68
0,68.71
0,68.635
0,68.58
0,68.5
0,68.51
0,68.575
0,68.51
0,68.445
0,68.395
0,68.395
0,68.4
0,68.4
0,68.46
0,68.49
0,68.68
0,68.715
0,68.725
0,68.73
0,68.56
0,68.605
0,68.54
0,68.52
0,68.5
0,68.57
0,68.56
0,68.585
0,68.705
0,68.53
0,68.575
0,68.525
0,68.565
0,68.61
0,68.69
0,68.63
0,68.62
0,68.565
0,68.565
0,68.55
0,68.58
0,68.61
0,68.59
0,68.605
0,68.53
0,68.51
0,68.545
0,68.485
0,68.53
0,68.44
0,68.465
0,68.475
0,68.58
0,68.55
0,68.585
0,68.705
0,68.68
0,68.7
0,68.7
0,68.675
0,68.75
0,68.845
0,68.9
0,68.905
0,68.9
0,68.965
0,69.02
0,69.025
0,68.97
0,69.06
0,69.07
0,69.085
0,69.125
0,69.13
0,69.06
0,69.015
0,68.92
0,68.98
0,68.955
0,68.93
0,68.995
0,68.995
0,69.005
0,69.01
0,68.93
0,68.93
0,68.975
0,69.005
0,69.005
0,68.96
0,69.055
0,69.065
0,69.04
0,69.065
0,69.055
0,69.065
0,69.11
0,69.125
0,69.115
0,69.135
0,69.095
0,69.185
0,69.15
0,69.23
0,69.195
0,69.15
0,69.18
0,69.225
0,69.24
0,69.24
0,69.18
0,69.165
0,69.2
0,69.185
0,69.205
0,69.265
0,69.37
0,69.36
0,69.365
0,69.315
0,69.345
0,69.32
0,69.38
0,69.37
0,69.405
0,69.44
0,69.425
0,69.435
0,69.465
0,69.5
0,69.54
0,69.5
0,69.575
0,69.55
0,69.58
0,69.56
0,69.64
0,69.63
0,69.7
0,69.62
0,69.615
0,69.575
0,69.545
0,69.58
0,69.555
0,69.595
0,69.56
0,69.585
0,69.555
0,69.565
0,69.64
0,69.63
0,69.635
0,69.74
0,69.65
0,69.67
0,69.645
0,69.685
0,69.62
0,69.605
0,69.56
0,69.58
0,69.56
0,69.555
0,69.465
0,69.51
0,69.57
0,69.555
0,69.435
0,69.38
0,69.41
0,69.355
0,69.34
0,69.29
0,69.27
0,69.24
0,69.21
0,69.23
0,69.315
0,69.385
0,69.305
0,69.335
0,69.38
0,69.305
0,69.345
0,69.39
0,69.395
0,69.405
0,69.42
0,69.41
0,69.42
0,69.265
0,69.185
0,69.27
0,69.275
0,69.325
0,69.305
0,69.34
0,69.34
0,69.365
0,69.38
0,69.375
0,69.38
0,69.385
0,69.41
0,69.415
0,69.385
0,69.49
0,69.49
0,69.52
0,69.53
0,69.5
0,69.445
0,69.5
0,69.485
0,69.48
0,69.615
0,69.6
0,69.645
0,69.635
0,69.56
0,69.46
0,69.485
0,69.495
0,69.475
0,69.52
0,69.515
0,69.48
0,69.415
0,69.365
0,69.42
0,69.41
0,69.39
0,69.43
0,69.435
0,69.375
0,69.35
0,69.315
0,69.28
0,69.27
0,69.285
0,69.27
0,69.265
0,69.265
0,69.26
0,69.265
0,69.35
0,69.33
0,69.3
0,69.31
0,69.325
0,69.325
0,69.305
0,69.31
0,69.33
0,69.36
0,69.34
0,69.405
0,69.375
0,69.36
0,69.395
0,69.41
0,69.415
0,69.455
0,69.5
0,69.5
0,69.505
0,69.47
0,69.42
0,69.435
0,69.435
0,69.45
0,69.46
0,69.45
0,69.425
0,69.445
0,69.435
0,69.49
0,69.5
0,69.49
0,69.485
0,69.475
0,69.48
0,69.505
0,69.545
0,69.55
0,69.535
0,69.525
0,69.62
0,69.62
0,69.605
0,69.585
0,69.615
0,69.645
0,69.62
0,69.575
0,69.58
0,69.565
0,69.585
0,69.52
0,69.505
0,69.485
0,69.47
0,69.465
0,69.45
0,69.485
0,69.47
0,69.53
0,69.515
0,69.535
0,69.54
0,69.535
0,69.575
0,69.615
0,69.565
0,69.5
0,69.645
0,69.62
0,69.58
0,69.58
0,69.535
0,69.58
0,69.565
0,69.545
0,69.525
0,69.495
0,69.485
0,69.48
0,69.51
0,69.485
0,69.485
0,69.5
0,69.58
0,69.53
0,69.485
0,69.465
0,69.445
0,69.445
0,69.425
0,69.435
0,69.39
0,69.345
0,69.365
0,69.395
0,69.385
0,69.4
0,69.39
0,69.405
0,69.42
0,69.44
0,69.49
0,69.525
0,69.505
0,69.49
0,69.49
0,69.495
0,69.505
0,69.51
0,69.48
0,69.575
0,69.655
0,69.655
0,69.645
0,69.565
0,69.68
0,69.665
0,69.64
0,69.665
0,69.65
0,69.685
0,69.7
0,69.69
0,69.635
0,69.68
0,69.73
0,69.735
0,69.76
0,69.785
0,69.87
0,69.88
0,69.855
0,69.875
0,69.875
0,69.83
0,69.87
0,69.885
0,69.96
0,70.015
0,70.005
0,70.065
0,70.175
0,70.17
0,70.2
0,70.215
0,70.22
0,70.175
0,70.225
0,70.33
0,70.28
0,70.315
0,70.425
0,70.345
0,70.37
0,70.345
0,70.365
0,70.42
0,70.455
0,70.435
0,70.475
0,70.485
0,70.48
0,70.43
0,70.405
0,70.405
0,70.365
0,70.145
0,70.245
0,70.22
0,70.285
0,70.26
0,70.24
0,70.28
0,70.375
0,70.315
0,70.33
0,70.31
0,70.335
0,70.37
0,70.44
0,70.36
0,70.335
0,70.265
0,70.205
0,70.065
0,70.11
0,70.1
0,70.13
0,70.13
0,70.155
0,70.13
0,70.13
0,70.24
0,70.145
0,70.13
0,70.145
0,70.225
0,70.285
0,70.29
0,70.26
0,70.255
0,70.215
0,70.265
0,70.25
0,70.21
0,70.2
0,70.145
0,70.065
0,70.075
0,70.15
0,70.13
0,70.165
0,70.08
0,70.105
0,70.11
0,70.09
0,70.09
0,70.09
0,70.11
0,70.21
0,70.17
0,70.22
0,70.225
0,70.165
0,70.12
0,70.125
0,70.17
0,70.135
0,70.1
0,70.09
0,70.125
0,70.125
0,70.155
0,70.16
0,70.135
0,70.13
0,70.14
0,70.11
0,70.155
0,70.24
0,70.225
0,70.245
0,70.27
0,70.285
0,70.335
0,70.4
0,87.51
0,87.45
0,87.42
0,87.43
0,87.42
0,87.36
0,87.37
0,87.46
0,87.51
0,87.38
0,87.44
0,87.39
0,87.32
0,87.33
0,87.29
0,87.31
0,87.32
0,87.29
0,87.34
0,87.41
0,87.35
0,87.35
0,87.3
0,87.4
0,87.39
0,87.35
0,87.36
0,87.28
0,87.3
0,87.24
0,87.26
0,87.22
0,87.2
0,87.21
0,87.22
0,87.18
0,87.16
0,87.17
0,87.15
0,87.11
0,87.15
0,87.16
0,87.11
0,87.06
0,87.05
0,87.13
0,87.12
0,87.13
0,87.08
0,87.06
0,87.05
0,87.07
0,87.06
0,87.12
0,87.12
0,87.12
0,87.14
0,87.15
0,87.13
0,87.14
0,87.18
0,87.15
0,87.11
0,87.13
0,87.15
0,87.1
0,87.07
0,87.06
0,87.02
0,87.06
0,87.04
0,87.1
0,87.1
0,87.09
0,87.1
0,87.09
0,87.11
0,87.11
0,87.12
0,87.11
0,87.11
0,87.09
0,87.07
0,87.06
0,87.09
0,87.01
0,86.98
0,86.97
0,86.92
0,86.92
0,86.94
0,86.92
0,86.94
0,86.97
0,86.94
0,86.96
0,86.96
0,86.96
0,86.96
0,86.98
0,86.99
0,87
0,86.97
0,86.98
0,86.99
0,86.97
0,86.95
0,86.91
0,86.91
0,86.88
0,86.88
0,86.87
0,86.82
0,86.84
0,86.84
0,86.86
0,86.84
0,86.87
0,86.84
0,86.79
0,86.79
0,86.75
0,86.74
0,86.73
0,86.74
0,86.74
0,86.73
0,86.75
0,86.75
0,86.77
0,86.75
0,86.73
0,86.75
0,86.74
0,86.74
0,86.76
0,86.77
0,86.78
0,86.75
0,86.75
0,86.73
0,86.73
0,86.7
0,86.68
0,86.69
0,86.72
0,86.7
0,86.71
0,86.71
0,86.69
0,86.72
0,86.7
0,86.67
0,86.69
0,86.68
0,86.7
0,86.69
0,86.71
0,86.67
0,86.64
0,86.63
0,86.66
0,86.66
0,86.63
0,86.61
0,86.56
0,86.55
0,86.55
0,86.57
0,86.55
0,86.59
0,86.62
0,86.61
0,86.62
0,86.63
0,86.63
0,86.63
0,86.62
0,86.61
0,86.6
0,86.61
0,86.61
0,86.61
0,86.62
0,86.62
0,86.59
0,86.57
0,86.57
0,86.56
0,86.57
0,86.56
0,86.56
0,86.5
0,86.57
0,86.6
0,86.58
0,86.53
0,86.62
0,86.65
0,86.67
0,86.69
0,86.7
0,86.7
0,86.71
0,86.65
0,86.65
0,86.58
0,86.56
0,86.56
0,86.55
0,86.57
0,86.56
0,86.58
0,86.62
0,86.63
0,86.6
0,86.59
0,86.58
0,86.58
0,86.66
0,86.68
0,86.69
0,86.69
0,86.73
0,86.77
0,86.76
0,86.77
0,86.76
0,86.75
0,86.79
0,86.74
0,86.77
0,86.74
0,86.74
0,86.75
0,86.77
0,86.77
0,86.78
0,86.76
0,86.77
0,86.73
0,86.72
0,86.7
0,86.71
0,86.71
0,86.68
0,86.71
0,86.66
0,86.66
0,86.65
0,86.67
0,86.64
0,86.59
0,86.58
0,86.57
0,86.59
0,86.59
0,86.58
0,86.58
0,86.57
0,86.55
0,86.58
0,86.55
0,86.55
0,86.56
0,86.56
0,86.59
0,86.58
0,86.64
0,86.59
0,86.59
0,86.6
0,86.59
0,86.63
0,86.63
0,86.63
0,86.63
0,86.65
0,86.66
0,86.67
0,86.69
0,86.7
0,86.74
0,86.75
0,86.74
0,86.75
0,86.75
0,86.75
0,86.76
0,86.74
0,86.74
0,86.75
0,86.76
0,86.76
0,86.75
0,86.73
0,86.7
0,86.77
0,86.79
0,86.77
0,86.82
0,86.81
0,86.79
0,86.8
0,86.83
0,86.84
0,86.81
0,86.81
0,86.82
0,86.81
0,86.81
0,86.8
0,86.81
0,86.8
0,86.78
0,86.79
0,86.79
0,86.8
0,86.81
0,86.8
0,86.86
0,86.82
0,86.93
0,86.96
0,86.9
0,86.87
0,86.88
0,86.9
0,86.88
0,86.89
0,86.92
0,86.94
0,86.92
0,86.91
0,86.9
0,86.91
0,86.9
0,86.9
0,86.87
0,86.87
0,86.89
0,86.91
0,86.88
0,86.9
0,86.9
0,86.89
0,86.86
0,86.92
0,86.91
0,86.89
0,86.92
0,86.9
0,86.88
0,86.88
0,86.88
0,86.89
0,86.89
0,86.89
0,86.87
0,86.89
0,86.9
0,86.87
0,86.87
0,86.89
0,86.89
0,86.85
0,86.87
0,86.86
0,86.89
0,86.85
0,86.8
0,86.82
0,86.84
0,86.83
0,86.86
0,86.87
0,86.77
0,86.75
0,86.8
0,86.86
0,86.86
0,86.83
0,86.83
0,86.81
0,86.83
0,86.83
0,86.81
0,86.81
0,86.82
0,86.84
0,86.84
0,86.83
0,86.83
0,86.83
0,86.84
0,86.83
0,86.84
0,86.85
0,86.9
0,86.89
0,86.91
0,86.88
0,86.88
0,86.97
0,87.01
0,86.97
0,87.01
0,87.03
0,87.05
0,87.05
0,87.06
0,87.11
0,87.11
0,87.18
0,87.17
0,87.19
0,87.23
0,87.24
0,87.16
0,87.15
0,87.14
0,87.16
0,87.17
0,87.18
0,87.12
0,87.12
0,87.11
0,87.12
0,87.12
0,87.12
0,87.11
0,87.14
0,87.15
0,87.14
0,87.1
0,87.08
0,87.08
0,87.15
0,87.03
0,87.09
0,87.1
0,87.1
0,87.08
0,87.08
0,87.08
0,87.08
0,87.05
0,87.09
0,87.06
0,87.08
0,87.07
0,87.08
0,87.09
0,87.15
0,87.2
0,87.21
0,87.19
0,87.22
0,87.24
0,87.24
0,87.25
0,87.3
0,87.55
0,87.55
0,87.5
0,87.53
0,87.51
0,87.51
0,87.54
0,87.5
0,87.49
0,87.46
0,87.35
0,87.37
0,87.36
0,87.36
0,87.35
0,87.26
0,87.33
0,87.3
0,87.31
0,87.32
0,87.37
0,87.41
0,87.48
0,87.53
0,87.56
0,87.6
0,87.59
0,87.6
0,87.63
0,87.63
0,87.64
0,87.65
0,87.64
0,87.62
0,87.67
0,87.67
0,87.62
0,87.65
0,87.66
0,87.66
0,87.67
0,87.66
0,87.59
0,87.61
0,87.69
0,87.68
0,87.7
0,87.63
0,87.56
0,87.56
0,87.63
0,87.64
0,87.71
0,87.71
0,87.75
0,87.74
0,87.73
0,87.73
0,87.72
0,87.74
0,87.73
0,87.74
0,87.72
0,87.7
0,87.71
0,87.74
0,87.72
0,87.77
0,87.81
0,87.81
0,87.79
0,87.75
0,87.73
0,87.73
0,87.68
0,87.65
0,87.63
0,87.69
0,87.66
0,87.69
0,87.71
0,87.73
0,87.79
0,87.77
0,87.73
0,87.69
0,87.69
0,87.65
0,87.65
0,87.71
0,87.71
0,87.67
0,87.7
0,87.69
0,87.7
0,87.71
0,87.75
0,87.73
0,87.75
0,87.77
0,87.79
0,87.78
0,87.77
0,87.77
0,87.72
0,87.66
0,87.62
0,87.7
0,87.72
0,87.69
0,87.66
0,87.62
0,87.65
0,87.65
0,87.66
0,87.65
0,87.68
0,87.75
0,87.8
0,87.83
0,87.85
0,87.85
0,87.8
0,87.75
0,87.73
0,87.7
0,87.7
0,87.67
0,87.7
0,87.64
0,87.6
0,87.57
0,87.57
0,87.55
0,87.59
0,87.68
0,87.68
0,87.67
0,87.69
0,87.75
0,87.81
0,87.79
0,87.76
0,87.78
0,87.79
0,87.79
0,87.8
0,87.85
0,87.79
0,87.78
0,87.79
0,87.8
0,87.77
0,87.71
0,87.7
0,87.72
0,87.8
0,87.82
0,87.8
0,87.81
0,87.79
0,87.82
0,87.85
0,87.87
0,87.89
0,87.83
0,87.84
0,87.82
0,87.83
0,87.81
0,87.82
0,87.8
0,87.77
0,87.79
0,87.79
0,87.78
0,87.77
0,87.77
0,87.78
0,87.75
0,87.73
0,87.76
0,87.78
0,87.79
0,87.81
0,87.76
0,87.77
0,87.8
0,87.84
0,87.85
0,87.91
0,87.92
0,87.92
0,87.94
0,87.92
0,87.89
0,87.88
0,87.9
0,87.91
0,87.95
0,87.96
0,87.97
0,87.98
0,87.99
0,87.99
0,88
0,88.05
0,88.07
0,88.07
0,88.12
0,88.15
0,88.15
0,88.2
0,88.18
0,88.18
0,88.15
0,88.2
0,88.18
0,88.19
0,88.18
0,88.15
0,88.16
0,88.08
0,88.1
0,88.1
0,88.1
0,88.13
0,88.15
0,88.17
0,88.17
0,88.17
0,88.18
0,88.18
0,88.21
0,88.19
0,88.16
0,88.17
0,88.2
0,88.23
0,88.23
0,88.24
0,88.23
0,88.24
0,88.26
0,88.27
0,88.33
0,88.33
0,88.29
0,88.31
0,88.3
0,88.31
0,88.27
0,88.25
0,88.25
0,88.24
0,88.22
0,88.2
0,88.21
0,88.21
0,88.21
0,88.22
0,88.27
0,88.24
0,88.22
0,88.15
0,88.17
0,88.19
0,88.2
0,88.21
0,88.19
0,88.19
0,88.17
0,88.17
0,88.22
0,88.25
0,88.23
0,88.21
0,88.18
0,88.13
0,88.17
0,88.16
0,88.14
0,88.16
0,88.17
0,88.17
0,88.15
0,88.12
0,88.13
0,88.18
0,88.23
0,88.22
0,88.18
0,88.23
0,88.26
0,88.26
0,88.27
0,88.27
0,88.28
0,88.31
0,88.28
0,88.29
0,88.27
0,88.27
0,88.26
0,88.24
0,88.21
0,88.21
0,88.2
0,88.25
0,88.26
0,88.25
0,88.26
0,88.28
0,88.27
0,88.29
0,88.28
0,88.28
0,88.3
0,88.37
0,88.38
0,88.38
0,88.38
0,88.37
0,88.35
0,88.31
0,88.29
0,88.29
0,88.31
0,88.3
0,88.29
0,88.31
0,88.29
0,88.27
0,88.29
0,88.26
0,88.31
0,88.29
0,88.28
0,88.26
0,88.28
0,88.29
0,88.34
0,88.34
0,88.36
0,88.27
0,88.28
0,88.26
0,88.26
0,88.33
0,88.32
0,88.29
0,88.26
0,88.26
0,88.26
0,88.29
0,88.28
0,88.29
0,88.27
0,88.26
0,88.28
0,88.29
0,88.31
0,88.28
0,88.29
0,88.29
0,88.29
0,88.29
0,88.29
0,88.28
0,88.27
0,88.27
0,88.25
0,88.26
0,88.25
0,88.15
0,88.12
0,87.96
0,87.98
0,88
0,88.02
0,88
0,87.97
0,87.97
0,87.91
0,87.96
0,87.96
0,87.97
0,88.01
0,88
0,87.98
0,87.99
0,88.06
0,88.05
0,88.05
0,88.02
0,88.05
0,88.05
0,88.05
0,88.08
0,88.11
0,88.1
0,88.03
0,88.04
0,88.07
0,88.03
0,88.05
0,88.09
0,88.11
0,88.07
0,88.09
0,88.07
0,88.12
0,88.11
0,88.13
0,88.12
0,88.13
0,88.13
0,88.14
0,88.19
0,88.21
0,88.19
0,88.23
0,88.21
0,88.25
0,88.24
0,88.24
0,88.25
0,88.26
0,88.26
0,88.27
0,88.29
0,88.33
0,88.35
0,88.34
0,88.37
0,88.37
0,88.32
0,88.35
0,88.39
0,88.37
0,88.37
0,88.38
0,88.39
0,88.36
0,88.35
0,88.39
0,88.39
0,88.36
0,88.38
0,88.36
0,88.35
0,88.37
0,88.3
0,88.31
0,88.35
0,88.34
0,88.35
0,88.35
0,88.36
0,90.05
0,90.09
0,90.24
0,90.16
0,90.05
0,90.09
0,90.11
0,90.21
0,90.39
0,90.39
0,90.41
0,90.42
0,90.37
0,90.38
0,90.37
0,90.36
0,90.32
0,90.21
0,90.19
0,90.34
0,90.31
0,90.28
0,90.29
0,90.27
0,90.24
0,90.28
0,90.25
0,90.13
0,90.09
0,90.07
0,90.14
0,90.08
0,90.1
0,90.09
0,90.03
0,90.09
0,90.04
0,90.05
0,90.06
0,90.04
0,90.03
0,90.06
0,90.07
0,90.02
0,90.07
0,90.09
0,90.08
0,90.13
0,90.13
0,90.12
0,90.19
0,90.18
0,90.15
0,90.14
0,90.14
0,90.18
0,90.19
0,90.23
0,90.2
0,90.17
0,90.13
0,90.17
0,90.17
0,90.17
0,90.22
0,90.14
0,90.12
0,90.07
0,90.04
0,90.04
0,90.02
0,90.06
0,90.05
0,90.05
0,90.03
0,90.04
0,90.06
0,90.05
0,90.08
0,90.09
0,90.05
0,90
0,89.94
0,89.95
0,89.93
0,89.94
0,89.91
0,89.98
0,89.99
0,90.01
0,89.97
0,89.95
0,89.93
0,89.86
0,89.92
0,89.91
0,89.93
0,89.93
0,89.93
0,89.93
0,89.95
0,89.94
0,89.95
0,89.95
0,89.93
0,89.91
0,89.91
0,89.86
0,89.91
0,89.88
0,89.84
0,89.83
0,89.85
0,89.87
0,89.88
0,89.85
0,89.8
0,89.8
0,89.81
0,89.8
0,89.8
0,89.74
0,89.81
0,89.8
0,89.82
0,89.82
0,89.88
0,89.89
0,89.92
0,89.98
0,89.99
0,90
0,90.02
0,89.95
0,89.97
0,89.95
0,89.95
0,89.98
0,89.93
0,89.95
0,89.94
0,89.93
0,89.92
0,89.85
0,89.82
0,89.81
0,89.76
0,89.75
0,89.75
0,89.73
0,89.72
0,89.79
0,89.8
0,89.76
0,89.79
0,89.78
0,89.79
0,89.8
0,89.78
0,89.81
0,89.8
0,89.81
0,89.81
0,89.85
0,89.87
0,89.78
0,89.81
0,89.81
0,89.78
0,89.77
0,89.84
0,89.84
0,89.85
0,89.85
0,89.84
0,89.85
0,89.91
0,89.88
0,89.9
0,89.93
0,89.98
0,89.94
0,89.93
0,89.96
0,89.94
0,89.9
0,89.95
0,89.94
0,89.95
0,89.96
0,89.95
0,89.96
0,89.97
0,89.95
0,89.89
0,89.91
0,89.89
0,89.9
0,89.88
0,89.89
0,89.95
0,89.93
0,89.93
0,89.91
0,89.87
0,89.85
0,89.85
0,89.86
0,89.87
0,89.89
0,89.88
0,89.91
0,89.93
0,89.92
0,89.92
0,89.94
0,89.94
0,89.93
0,89.93
0,89.92
0,89.93
0,89.94
0,89.95
0,89.96
0,90.01
0,90.01
0,89.99
0,90.02
0,90
0,90
0,90.02
0,90
0,89.98
0,89.97
0,89.95
0,89.96
0,89.97
0,89.98
0,90.01
0,90.02
0,89.98
0,89.99
0,89.98
0,89.96
0,89.96
0,89.95
0,89.97
0,89.99
0,89.95
0,89.98
0,89.99
0,90
0,90.03
0,90.04
0,90.08
0,90.05
0,90.06
0,90.07
0,90.07
0,90.07
0,90.11
0,90.13
0,90.13
0,90.11
0,90.12
0,90.15
0,90.15
0,90.11
0,90.11
0,90.11
0,90.09
0,90.09
0,90.1
0,90.13
0,90.15
0,90.19
0,90.24
0,90.22
0,90.22
0,90.18
0,90.22
0,90.21
0,90.2
0,90.21
0,90.21
0,90.23
0,90.24
0,90.24
0,90.25
0,90.24
0,90.21
0,90.21
0,90.2
0,90.21
0,90.19
0,90.21
0,90.22
0,90.25
0,90.29
0,90.3
0,90.33
0,90.35
0,90.32
0,90.33
0,90.32
0,90.29
0,90.26
0,90.23
0,90.2
0,90.16
0,90.19
0,90.24
0,90.19
0,90.14
0,90.17
0,90.14
0,90.17
0,90.22
0,90.21
0,90.21
0,90.25
0,90.25
0,90.27
0,90.29
0,90.32
0,90.3
0,90.31
0,90.27
0,90.28
0,90.28
0,90.25
0,90.23
0,90.11
0,90.1
0,90.09
0,90.13
0,90.12
0,90.14
0,90.12
0,90.13
0,90.14
0,90.12
0,90.13
0,90.1
0,90.09
0,90.07
0,90.06
0,89.99
0,90.02
0,90.07
0,90.11
0,90.09
0,90.08
0,90.07
0,90.06
0,90.01
0,89.99
0,89.98
0,89.94
0,89.96
0,89.97
0,89.95
0,89.95
0,89.99
0,89.99
0,89.96
0,89.92
0,89.92
0,89.9
0,89.9
0,89.93
0,89.96
0,89.95
0,89.97
0,89.98
0,89.98
0,89.96
0,90.02
0,90.03
0,90
0,89.96
0,89.97
0,89.99
0,90
0,90.01
0,90.03
0,89.99
0,90.01
0,90.03
0,90.02
0,89.98
0,89.95
0,89.99
0,89.98
0,90.01
0,90.01
0,90.01
0,90
0,89.99
0,89.95
0,89.96
0,89.99
0,89.97
0,90
0,89.98
0,89.96
0,89.95
0,89.95
0,89.99
0,89.95
0,89.93
0,89.84
0,89.85
0,89.86
0,89.86
0,89.9
0,89.89
0,89.9
0,89.91
0,89.89
0,89.91
0,89.88
0,89.88
0,89.89
0,89.89
0,89.87
0,89.86
0,89.85
0,89.87
0,89.85
0,89.86
0,89.84
0,89.83
0,89.77
0,89.72
0,89.41
0,89.45
0,89.42
0,89.47
0,89.49
0,89.74
0,89.73
0,89.7
0,89.76
0,89.8
0,89.82
0,89.66
0,89.63
0,89.67
0,89.61
0,89.62
0,89.61
0,89.61
0,89.67
0,89.68
0,89.6
0,89.66
0,89.62
0,89.63
0,89.54
0,89.57
0,89.56
0,89.6
0,89.57
0,89.57
0,89.57
0,89.58
0,89.59
0,89.59
0,89.51
0,89.55
0,89.56
0,89.61
0,89.58
0,89.56
0,89.51
0,89.42
0,89.45
0,89.54
0,89.56
0,89.57
0,89.62
0,89.52
0,89.56
0,89.6
0,89.59
0,89.65
0,89.63
0,89.55
0,89.45
0,89.55
0,89.64
0,89.62
0,89.65
0,89.71
0,89.7
0,89.75
0,89.78
0,89.82
0,89.81
0,89.82
0,89.82
0,89.81
0,89.84
0,89.83
0,89.86
0,89.87
0,89.85
0,89.82
0,89.85
0,89.81
0,89.81
0,89.8
0,89.86
0,89.87
0,89.82
0,89.83
0,89.84
0,89.85
0,89.86
0,89.87
0,89.88
0,89.9
0,89.92
0,89.89
0,89.9
0,89.91
0,89.94
0,89.93
0,89.91
0,89.95
0,89.96
0,89.91
0,89.9
0,89.92
0,89.92
0,89.9
0,89.9
0,89.93
0,89.94
0,89.99
0,89.99
0,89.99
0,90.01
0,90.03
0,90.01
0,90
0,89.99
0,90
0,90
0,89.97
0,89.95
0,89.93
0,89.96
0,89.95
0,90.01
0,90.02
0,90.05
0,90.07
0,90.07
0,90.04
0,90
0,90.04
0,90.04
0,90.03
0,90.03
0,89.96
0,89.94
0,89.93
0,89.95
0,89.94
0,89.95
0,89.95
0,89.84
0,89.78
0,89.8
0,89.81
0,89.84
0,89.82
0,89.84
0,89.84
0,89.85
0,89.86
0,89.87
0,89.88
0,89.87
0,89.84
0,89.86
0,89.85
0,89.84
0,89.86
0,89.87
0,89.9
0,89.93
0,89.94
0,89.92
0,89.94
0,89.92
0,89.86
0,89.84
0,89.8
0,89.78
0,89.78
0,89.82
0,89.81
0,89.75
0,89.71
0,89.69
0,89.7
0,89.71
0,89.67
0,89.66
0,89.72
0,89.68
0,89.66
0,89.59
0,89.6
0,89.59
0,89.65
0,89.66
0,89.68
0,89.69
0,89.68
0,89.71
0,89.73
0,89.78
0,89.74
0,89.73
0,89.74
0,89.68
0,89.71
0,89.73
0,89.71
0,89.71
0,89.67
0,89.67
0,89.65
0,89.69
0,89.67
0,89.68
0,89.65
0,89.68
0,89.73
0,89.75
0,89.73
0,89.68
0,89.65
0,89.69
0,89.66
0,89.65
0,89.63
0,89.66
0,89.68
0,89.68
0,89.66
0,89.68
0,89.76
0,89.74
0,89.78
0,89.81
0,89.8
0,89.8
0,89.79
0,89.76
0,89.75
0,89.75
0,89.75
0,89.77
0,89.77
0,89.77
0,89.76
0,89.73
0,89.71
0,89.73
0,89.74
0,89.75
0,89.76
0,89.73
0,89.74
0,89.73
0,89.73
0,89.74
0,89.78
0,89.77
0,89.78
0,89.74
0,89.71
0,89.68
0,89.65
0,89.63
0,89.56
0,89.56
0,89.61
0,89.62
0,89.63
0,89.61
0,89.63
0,89.59
0,89.59
0,89.6
0,89.6
0,89.59
0,89.57
0,89.57
0,89.57
0,89.59
0,89.61
0,89.56
0,89.55
0,89.57
0,89.56
0,89.53
0,89.52
0,89.48
0,89.47
0,89.41
0,89.37
0,89.33
0,89.35
0,89.38
0,89.35
0,89.32
0,89.34
0,89.35
0,89.32
0,89.25
0,89.28
0,89.25
0,89.26
0,89.26
0,89.27
0,89.31
0,89.32
0,89.26
0,89.2
0,89.2
0,89.23
0,89.33
0,89.28
0,89.27
0,89.35
0,89.31
0,89.32
0,89.38
0,89.34
0,89.31
0,89.3
0,89.32
0,89.32
0,89.33
0,89.32
0,89.37
0,89.35
0,89.31
0,89.3
0,89.33
0,89.3
0,89.31
0,89.36
0,89.34
0,89.33
0,89.33
0,89.36
0,89.38
0,89.41
0,89.43
0,89.43
0,89.4
0,89.4
0,89.41
0,89.41
0,89.43
0,89.42
0,89.44
0,89.48
0,89.43
0,89.44
0,89.43
0,89.43
0,89.41
0,89.37
0,89.34
0,89.36
0,89.36
0,89.37
0,89.39
0,89.38
0,89.37
0,89.33
0,89.35
0,89.34
0,89.32
0,89.24
0,89.25
0,89.27
0,89.27
0,89.22
0,89.23
0,89.22
0,89.23
0,89.27
0,89.27
0,89.3
0,89.24
0,89.23
0,89.26
0,89.29
0,89.27
0,89.25
0,89.28
0,89.28
0,89.22
0,89.19
0,89.22
0,89.24
0,89.27
0,89.32
0,89.28
0,89.27
0,89.27
0,89.24
0,89.24
0,89.27
0,89.27
0,89.31
0,89.3
0,89.31
0,89.31
0,89.37
0,89.4
0,89.43
0,89.41
0,89.36
0,89.31
0,89.29
0,89.25
0,89.25
0,89.24
0,89.25
0,89.26
0,89.25
0,89.27
0,89.32
0,89.36
0,89.37
0,89.41
0,89.41
0,89.4
0,89.32
0,89.32
0,89.36
0,89.36
0,89.31
0,89.3
0,89.31
0,89.3
0,89.33
0,89.31
0,89.41
0,89.38
0,89.31
0,89.32
0,89.31
0,89.32
0,89.27
0,89.25
0,89.24
0,89.15
0,89.14
0,89.17
0,89.16
0,89.22
0,89.23
0,89.24
0,89.26
0,89.35
0,89.33
0,89.32
0,89.39
0,89.39
0,89.39
0,89.43
0,89.45
0,89.41
0,89.43
0,89.47
0,89.47
0,89.47
0,89.48
0,89.46
0,89.39
0,89.4
0,89.38
0,89.37
0,89.39
0,89.38
0,89.39
0,89.39
0,89.39
0,89.4
0,89.38
0,89.33
0,89.28
0,89.26
0,89.24
0,89.15
0,89.08
0,89.18
0,89.22
0,89.18
0,89.2
0,89.21
0,89.06
0,89.1
0,89.19
0,89.13
0,89.07
0,89.03
0,89.02
0,89.07
0,89.13
0,89.16
0,89.26
0,89.28
0,89.31
0,89.32
0,89.26
0,89.2
0,89.23
0,89.16
0,89.25
0,89.24
0,89.28
0,89.21
0,89.28
0,89.24
0,89.25
0,89.26
0,89.29
0,89.32
0,89.38
0,89.41
0,89.35
0,89.31
0,89.35
0,89.34
0,89.29
0,89.21
0,89.1
0,88.99
0,89.04
0,89.13
0,89.11
0,89.12
0,89.08
0,89.04
0,89.03
0,88.98
0,89.04
0,89.12
0,89.11
0,89.05
0,89.04
0,89.05
0,89.09
0,89.12
0,89.14
0,89.04
0,89.13
0,89.19
0,89.12
0,89.15
0,89.17
0,89.2
0,89.14
0,89.04
0,89.01
0,89.05
0,89.06
0,89.09
0,89.09
0,89.02
0,89.08
0,89.11
0,89.13
0,89.08
0,89.03
0,88.95
0,89.01
0,88.97
0,88.96
0,88.96
0,88.95
0,88.97
0,88.98
0,88.95
0,88.94
0,88.92
0,88.85
0,88.91
0,88.85
0,88.84
0,88.91
0,88.92
0,88.98
0,88.96
0,88.92
0,88.97
0,88.95
0,88.94
0,88.96
0,88.9
0,88.87
0,88.87
0,88.87
0,88.86
0,88.83
0,88.85
0,88.87
0,88.87
0,88.86
0,88.89
0,88.94
0,88.9
0,88.94
0,88.98
0,88.92
0,88.89
0,88.83
0,88.92
0,88.93
0,88.92
0,88.86
0,88.91
0,88.91
0,88.93
0,88.95
0,88.9
0,88.96
0,88.97
0,88.92
0,88.98
0,89.05
0,89.03
0,89.04
0,89.04
0,89.05
0,89.11
0,89.1
0,89.12
0,89.14
0,89.12
0,89.1
0,89.08
0,89.06
0,88.93
0,89.01
0,89.05
0,89.07
0,89.08
0,89.08
0,89.08
0,89.11
0,89.08
0,89.06
0,89.07
0,89.08
0,89.07
0,89.07
0,89.17
0,89.18
0,89.18
0,89.2
0,89.19
0,89.12
0,89.13
0,89.05
0,89.1
0,89.11
0,89.09
0,89.09
0,89.06
0,89.03
0,89.05
0,89.1
0,89.08
0,89.09
0,89.08
0,89.09
0,89.09
0,89.08
0,89.05
0,89.02
0,89
0,88.86
0,88.87
0,88.91
0,88.93
0,88.97
0,88.94
0,88.93
0,88.89
0,88.87
0,88.82
0,88.85
0,88.8
0,88.78
0,88.76
0,88.79
0,88.79
0,88.82
0,88.73
0,88.78
0,88.76
0,88.78
0,88.79
0,88.71
0,88.74
0,88.75
0,88.82
0,88.78
0,88.79
0,88.8
0,88.8
0,88.8
0,88.8
0,88.82
0,88.85
0,88.87
0,88.85
0,88.82
0,88.85
0,88.84
0,88.86
0,88.81
0,88.85
0,88.86
0,88.85
0,88.87
0,88.89
0,88.89
0,88.91
0,88.96
0,88.93
0,88.97
0,88.99
0,88.96
0,88.96
0,88.96
0,88.97
0,88.9
0,88.93
0,88.93
0,88.92
0,88.92
0,88.87
0,88.88
0,88.87
0,88.88
0,88.89
0,88.91
0,88.94
0,88.93
0,88.92
0,88.95
0,88.92
0,88.94
0,88.96
0,88.95
0,88.97
0,88.99
0,88.95
0,88.99
0,89
0,88.98
0,88.97
0,88.91
0,88.94
0,88.94
0,88.95
0,88.97
0,88.97
0,89
0,89.03
0,89.02
0,88.97
0,89.01
0,88.99
0,89.01
0,88.98
0,88.95
0,88.98
0,89.02
0,88.99
0,88.97
0,88.94
0,88.93
0,88.89
0,88.89
0,88.94
0,88.94
0,88.96
0,88.99
0,88.99
0,88.99
0,88.97
0,88.99
0,89
0,88.99
0,89
0,88.93
0,88.91
0,88.94
0,88.93
0,88.93
0,88.86
0,88.83
0,88.83
0,88.83
0,88.85
0,88.89
0,88.84
0,88.81
0,88.82
0,88.82
0,88.84
0,88.87
0,88.88
0,88.92
0,88.87
0,88.81
0,88.81
0,88.82
0,88.84
0,88.85
0,88.88
0,88.92
0,88.91
0,88.95
0,88.97
0,88.95
0,88.94
0,88.92
0,88.86
0,88.84
0,88.82
0,88.83
0,88.87
0,88.86
0,88.84
0,88.84
0,88.87
0,88.88
0,88.85
0,88.86
0,88.85
0,88.88
0,88.9
0,88.88
0,88.84
0,88.87
0,88.87
0,88.87
0,88.81
0,88.86
0,88.83
0,88.87
0,88.86
0,88.86
0,88.83
0,88.85
0,88.85
0,88.83
0,88.82
0,88.75
0,88.8
0,88.74
0,88.73
0,88.75
0,88.8
0,88.76
0,88.73
0,88.71
0,88.68
0,88.69
0,88.81
0,88.79
0,88.78
0,88.79
0,88.81
0,88.75
0,88.71
0,88.66
0,88.67
0,88.68
0,88.67
0,88.68
0,88.71
0,88.8
0,88.82
0,88.86
0,88.83
0,88.78
0,88.82
0,88.81
0,88.81
0,88.81
0,88.83
0,88.77
0,88.79
0,88.78
0,88.81
0,88.78
0,88.85
0,88.87
0,88.88
0,88.9
0,88.91
0,88.87
0,88.85
0,88.77
0,88.76
0,88.75
0,88.78
0,88.79
0,88.72
0,88.73
0,88.75
0,88.75
0,88.79
0,88.79
0,88.79
0,88.8
0,88.81
0,88.75
0,88.74
0,88.76
0,88.77
0,88.74
0,88.72
0,88.73
0,88.78
0,88.76
0,88.8
0,88.83
0,88.8
0,88.79
0,88.77
0,88.79
0,88.77
0,88.81
0,88.81
0,88.8
0,88.8
0,88.79
0,88.78
0,88.78
0,88.81
0,88.8
0,88.81
0,88.81
0,88.79
0,88.83
0,88.85
0,88.87
0,88.88
0,89.03
0,89.05
0,89
0,89.04
0,89.15
0,89.09
0,89.08
0,89.15
0,89.09
0,89.15
0,89.23
0,89.15
0,89.17
0,89.18
0,89.21
0,89.25
0,89.27
0,89.22
0,89.24
0,89.17
0,89.2
0,89.19
0,89.18
0,89.14
0,89.12
0,89.1
0,89.11
0,89.1
0,89.08
0,89.08
0,89.05
0,89.08
0,89.04
0,89.03
0,89.03
0,89.08
0,89.15
0,89.16
0,89.13
0,89.14
0,89.13
0,89.15
0,89.15
0,89.14
0,89.16
0,89.15
0,89.18
0,89.16
0,89.14
0,89.15
0,89.21
0,89.22
0,89.24
0,89.19
0,89.21
0,89.22
0,89.26
0,89.19
0,89.17
0,89.23
0,89.25
0,89.3
0,89.28
0,89.27
0,89.27
0,89.27
0,89.28
0,89.28
0,89.25
0,89.25
0,89.23
0,89.29
0,89.27
0,89.27
0,89.28
0,89.31
0,89.34
0,89.33
0,89.33
0,89.31
0,89.31
0,89.29
0,89.29
0,89.28
0,89.3
0,89.27
0,89.27
0,89.22
0,89.19
0,89.18
0,89.15
0,89.16
0,89.19
0,89.09
0,89.1
0,89.11
0,89.14
0,89.09
0,89.07
0,89.08
0,89.1
0,89.06
0,89.01
0,89.01
0,89.04
0,89.07
0,89.08
0,89.08
0,89.09
0,89.1
0,89.09
0,89.11
0,89.13
0,89.18
0,89.18
0,89.19
0,89.18
0,89.15
0,89.16
0,89.12
0,89.08
0,89.11
0,89.1
0,89.12
0,89.16
0,89.18
0,89.2
0,89.17
0,89.19
0,89.18
0,89.18
0,89.17
0,89.14
0,89.18
0,89.12
0,89.11
0,89.09
0,89.11
0,89.12
0,89.1
0,89.03
0,89.04
0,89.06
0,89.08
0,89.06
0,89.01
0,89
0,88.99
0,88.99
0,89.02
0,89.01
0,89.02
0,89
0,89.01
0,89.03
0,89.04
0,89.01
0,89.02
0,88.99
0,88.98
0,89
0,88.93
0,88.95
0,88.96
0,88.96
0,88.98
0,88.97
0,88.97
0,88.93
0,88.92
0,88.93
0,88.93
0,88.97
0,88.98
0,89
0,89
0,89.01
0,89.04
0,89.01
0,88.99
0,88.97
0,88.9
0,88.93
0,88.89
0,88.91
0,88.91
0,88.92
0,88.93
0,88.86
0,88.88
0,88.86
0,88.87
0,88.85
0,88.86
0,88.87
0,88.85
0,88.86
0,88.85
0,88.83
0,88.85
0,88.86
0,88.87
0,88.9
0,88.94
0,89.02
0,89.05
0,89.04
0,88.99
0,89
0,88.97
0,88.93
0,88.94
0,88.95
0,88.93
0,88.94
0,88.96
0,88.95
0,88.96
0,88.95
0,88.99
0,88.98
0,89
0,89.01
0,89.03
0,89.06
0,89.04
0,89.04
0,89.03
0,89.05
0,89.04
0,89.08
0,89.08
0,89.07
0,89.1
0,89.07
0,89.09
0,89.1
0,89.06
0,89.02
0,89.02
0,88.92
0,88.93
0,88.98
0,88.97
0,89.02
0,89.03
0,89.03
0,89.04
0,89.05
0,89.01
0,89.02
0,89.05
0,89.07
0,89.05
0,89.08
0,89.07
0,89.09
0,89.12
0,89.18
0,89.17
0,89.19
0,89.18
0,89.15
0,89.14
0,89.13
0,89.14
0,89.14
0,89.15
0,89.15
0,89.14
0,89.12
0,89.14
0,89.15
0,89.16
0,89.11
0,89.1
0,89.09
0,89.14
0,89.14
0,89.13
0,89.13
0,89.14
0,89.16
0,89.15
0,89.15
0,89.16
0,89.15
0,89.18
0,89.22
0,89.21
0,89.18
0,89.14
0,89.16
0,89.17
0,89.18
0,89.19
0,89.21
0,89.25
0,89.24
0,89.23
0,89.19
0,89.21
0,89.2
0,89.23
0,89.24
0,89.29
0,89.29
0,89.31
0,89.34
0,89.42
0,89.35
0,89.34
0,89.35
0,89.33
0,89.36
0,89.33
0,89.27
0,89.31
0,89.3
0,89.3
0,89.38
0,89.37
0,89.46
0,89.4
0,89.43
0,89.39
0,89.37
0,89.36
0,89.35
0,89.36
0,89.36
0,89.4
0,89.45
0,89.47
0,89.35
0,89.36
0,89.36
0,89.34
0,89.29
0,89.31
0,89.3
0,89.27
0,89.25
0,89.28
0,89.26
0,89.35
0,89.36
0,89.35
0,89.37
0,89.36
0,89.38
0,89.38
0,89.33
0,89.38
0,89.38
0,89.36
0,89.37
0,89.35
0,89.32
0,89.35
0,89.35
0,89.39
0,89.37
0,89.34
0,89.38
0,89.37
0,89.37
0,89.36
0,89.33
0,89.34
0,89.31
0,89.39
0,89.42
0,89.35
0,89.39
0,89.45
0,89.43
0,89.41
0,89.44
0,89.47
0,89.46
0,89.47
0,89.55
0,89.68
0,89.75
0,89.73
0,89.73
0,89.71
0,89.72
0,89.7
0,89.67
0,89.61
0,89.6
0,89.64
0,89.59
0,89.54
0,89.53
0,89.49
0,89.51
0,89.47
0,89.45
0,89.4
0,89.48
0,89.48
0,89.58
0,89.55
0,89.56
0,89.58
0,89.59
0,89.58
0,89.56
0,89.55
0,89.56
0,89.57
0,89.55
0,89.57
0,89.59
0,89.59
0,89.61
0,89.6
0,89.6
0,89.59
0,89.63
0,89.6
0,89.65
0,89.7
0,89.72
0,89.71
0,89.72
0,89.74
0,90.11
0,90.16
0,90
0,90.15
0,90.11
0,90.08
0,90.07
0,89.96
0,89.98
0,90.03
0,90
0,90.14
0,90.2
0,90.26
0,90.22
0,90.17
0,90.18
0,90.12
0,90.08
0,90.13
0,90.2
0,90.15
0,90.11
0,90.2
0,90.18
0,90.18
0,90.21
0,90.15
0,90.11
0,90.15
0,90.17
0,90.19
0,90.22
0,90.25
0,90.32
0,90.4
0,90.41
0,90.45
0,90.4
0,90.32
0,90.37
0,90.38
0,90.4
0,90.31
0,90.3
0,90.26
0,90.3
0,90.29
0,90.26
0,90.26
0,90.29
0,90.31
0,90.23
0,90.29
0,90.29
0,90.26
0,90.27
0,90.24
0,90.29
0,90.28
0,90.27
0,90.26
0,90.27
0,90.26
0,90.28
0,90.3
0,90.27
0,90.27
0,90.3
0,90.3
0,90.31
0,90.26
0,90.29
0,90.31
0,90.31
0,90.35
0,90.31
0,90.3
0,90.2
0,90.26
0,90.26
0,90.24
0,90.29
0,90.34
0,90.29
0,90.29
0,90.29
0,90.3
0,90.32
0,90.27
0,90.31
0,90.35
0,90.34
0,90.33
0,90.33
0,90.34
0,90.34
0,90.32
0,90.3
0,90.3
0,90.35
0,90.27
0,90.27
0,90.29
0,90.28
0,90.25
0,90.29
0,90.31
0,90.29
0,90.3
0,90.33
0,90.31
0,90.36
0,90.38
0,90.46
0,90.44
0,90.47
0,90.47
0,90.47
0,90.5
0,90.55
0,90.53
0,90.53
0,90.53
0,90.53
0,90.5
0,90.49
0,90.51
0,90.47
0,90.46
0,90.48
0,90.55
0,90.56
0,90.54
0,90.55
0,90.56
0,90.57
0,90.56
0,90.57
0,90.55
0,90.56
0,90.55
0,90.59
0,90.57
0,90.55
0,90.56
0,90.56
0,90.55
0,90.57
0,90.6
0,90.55
0,90.6
0,90.59
0,90.61
0,90.63
0,90.59
0,90.56
0,90.56
0,90.63
0,90.61
0,90.62
0,90.63
0,90.62
0,90.62
0,90.63
0,90.68
0,90.68
0,90.68
0,90.66
0,90.68
0,90.69
0,90.71
0,90.69
0,90.69
0,90.67
0,90.69
0,90.67
0,90.68
0,90.61
0,90.6
0,90.59
0,90.57
0,90.57
0,90.6
0,90.58
0,90.6
0,90.62
0,90.52
0,90.46
0,90.47
0,90.52
0,90.51
0,90.51
0,90.46
0,90.47
0,90.48
0,90.5
0,90.54
0,90.55
0,90.55
0,90.53
0,90.54
0,90.58
0,90.57
0,90.6
0,90.62
0,90.63
0,90.63
0,90.64
0,90.61
0,90.63
0,90.64
0,90.64
0,90.62
0,90.62
0,90.63
0,90.63
0,90.63
0,90.6
0,90.59
0,90.58
0,90.54
0,90.55
0,90.51
0,90.52
0,90.51
0,90.48
0,90.49
0,90.49
0,90.45
0,90.42
0,90.43
0,90.43
0,90.41
0,90.42
0,90.42
0,90.4
0,90.4
0,90.41
0,90.41
0,90.44
0,90.43
0,90.44
0,90.41
0,90.37
0,90.39
0,90.38
0,90.35
0,90.36
0,90.28
0,90.3
0,90.27
0,90.27
0,90.3
0,90.27
0,90.26
0,90.25
0,90.27
0,90.31
0,90.29
0,90.26
0,90.28
0,90.29
0,90.31
0,90.26
0,90.25
0,90.25
0,90.26
0,90.28
0,90.28
0,90.25
0,90.31
0,90.29
0,90.32
0,90.33
0,90.4
0,90.4
0,90.43
0,90.45
0,90.41
0,90.46
0,90.35
0,90.38
0,90.39
0,90.41
0,90.43
0,90.43
0,90.44
0,90.41
0,90.42
0,90.42
0,90.4
0,90.4
0,90.44
0,90.41
0,90.42
0,90.46
0,90.39
0,90.39
0,90.36
0,90.26
0,90.33
0,90.33
0,90.34
0,90.32
0,90.31
0,90.27
0,90.29
0,90.3
0,90.27
0,90.27
0,90.31
0,90.32
0,90.3
0,90.35
0,90.36
0,90.37
0,90.37
0,90.39
0,90.43
0,90.42
0,90.39
0,90.44
0,90.48
0,90.46
0,90.44
0,90.39
0,90.42
0,90.46
0,90.51
0,90.53
0,90.53
0,90.56
0,90.57
0,90.5
0,90.53
0,90.61
0,90.65
0,90.67
0,90.67
0,90.66
0,90.66
0,90.66
0,90.67
0,90.62
0,90.65
0,90.68
0,90.66
0,90.7
0,90.63
0,90.77
0,90.77
0,90.82
0,90.77
0,90.75
0,90.74
0,90.74
0,90.73
0,90.76
0,90.75
0,90.76
0,90.75
0,90.75
0,90.77
0,90.67
0,90.66
0,90.62
0,90.61
0,90.64
0,90.63
0,90.67
0,90.69
0,90.64
0,90.64
0,90.67
0,90.68
0,90.73
0,90.73
0,90.7
0,90.7
0,90.68
0,90.68
0,90.7
0,90.7
0,90.67
0,90.69
0,90.67
0,90.7
0,90.71
0,90.73
0,90.75
0,90.82
0,90.87
0,90.92
0,90.88
0,90.88
0,90.88
0,90.88
0,90.86
0,90.91
0,90.92
0,90.94
0,90.93
0,90.94
0,90.94
0,90.89
0,90.91
0,90.91
0,90.89
0,90.88
0,90.91
0,90.91
0,90.95
0,90.96
0,90.92
0,90.94
0,90.95
0,90.93
0,90.91
0,90.95
0,90.99
0,91.03
0,91.04
0,91.05
0,91.04
0,91.05
0,91.04
0,91.03
0,91.04
0,91.07
0,91.1
0,91.1
0,91.08
0,91.09
0,91.08
0,91.08
0,91.04
0,91.05
0,91.07
0,91.06
0,91.01
0,90.94
0,90.96
0,90.96
0,90.96
0,90.95
0,90.97
0,90.98
0,90.97
0,90.99
0,91.04
0,91.05
0,91.03
0,91.06
0,91.07
0,91.03
0,91.05
0,91.04
0,91.02
0,91.1
0,91.08
0,91.82
0,91.72
0,91.68
0,91.46
0,91.52
0,91.57
0,91.63
0,91.65
0,91.62
0,91.56
0,91.61
0,91.59
0,91.59
0,91.66
0,91.65
0,91.69
0,91.78
0,91.77
0,91.77
0,91.66
0,91.66
0,91.68
0,91.71
0,91.73
0,91.76
0,91.71
0,91.64
0,91.62
0,91.56
0,91.6
0,91.58
0,91.58
0,91.56
0,91.56
0,91.52
0,91.49
0,91.53
0,91.51
0,91.47
0,91.52
0,91.53
0,91.42
0,91.41
0,91.35
0,91.39
0,91.39
0,91.45
0,91.42
0,91.36
0,91.35
0,91.4
0,91.34
0,91.33
0,91.3
0,91.3
0,91.25
0,91.29
0,91.3
0,91.3
0,91.28
0,91.3
0,91.3
0,91.3
0,91.27
0,91.21
0,91.17
0,91.17
0,91.16
0,91.23
0,91.26
0,91.28
0,91.23
0,91.21
0,91.22
0,91.25
0,91.25
0,91.26
0,91.29
0,91.3
0,91.28
0,91.29
0,91.37
0,91.34
0,91.37
0,91.37
0,91.35
0,91.35
0,91.33
0,91.21
0,91.23
0,91.2
0,91.19
0,91.19
0,91.17
0,91.13
0,91.13
0,91.11
0,91.11
0,91.08
0,91.04
0,91.04
0,91.03
0,91.01
0,90.99
0,90.99
0,90.94
0,90.95
0,90.97
0,90.97
0,91
0,90.99
0,91.01
0,91.02
0,91.04
0,91.04
0,91.03
0,90.97
0,90.97
0,90.92
0,90.95
0,90.94
0,90.96
0,90.97
0,90.95
0,90.95
0,90.99
0,91
0,91.04
0,91.02
0,91
0,90.96
0,90.98
0,91.02
0,91.02
0,91.03
0,91.04
0,91.02
0,91.03
0,91.05
0,91.04
0,91.05
0,91.03
0,91.05
0,91.03
0,91.04
0,91.04
0,91.04
0,91.05
0,91.07
0,91.07
0,91.05
0,91.06
0,91.02
0,91
0,90.99
0,91
0,90.97
0,90.91
0,90.89
0,90.88
0,90.88
0,90.89
0,90.91
0,90.89
0,90.92
0,90.94
0,90.92
0,90.9
0,90.89
0,90.89
0,90.92
0,90.94
0,90.95
0,90.97
0,90.97
0,90.99
0,91.02
0,91.02
0,91.01
0,91
0,90.96
0,90.96
0,91
0,90.97
0,90.97
0,90.98
0,91.01
0,90.93
0,90.93
0,90.88
0,90.87
0,90.87
0,90.87
0,90.86
0,90.82
0,90.83
0,90.81
0,90.82
0,90.83
0,90.83
0,90.77
0,90.79
0,90.8
0,90.85
0,90.85
0,90.84
0,90.85
0,90.86
0,90.85
0,90.89
0,90.91
0,90.88
0,90.89
0,90.89
0,90.85
0,90.87
0,90.92
0,90.95
0,90.94
0,90.94
0,90.96
0,90.95
0,90.94
0,90.9
0,90.9
0,90.87
0,90.89
0,90.92
0,90.95
0,90.99
0,91.02
0,91.01
0,91.03
0,91.02
0,91.01
0,91.03
0,91.01
0,91.03
0,91.04
0,91.03
0,91.05
0,91.05
0,91.04
0,91.06
0,91.06
0,91.07
0,91.06
0,91.08
0,91.09
0,91.1
0,91.06
0,91.07
0,91.07
0,91.06
0,91.07
0,91.1
0,91.09
0,91.07
0,91.09
0,91.07
0,91.04
0,91.04
0,91.05
0,91.04
0,91.04
0,91.06
0,91.07
0,91.03
0,91.01
0,91.02
0,91.01
0,91.03
0,91.02
0,91.01
0,91.01
0,91.01
0,91.01
0,91.03
0,91.04
0,91.02
0,91.01
0,91.02
0,91.03
0,91.03
0,91.01
0,91.03
0,91.03
0,91.05
0,91.06
0,91.07
0,91.06
0,91.05
0,91.12
0,91.13
0,91.15
0,91.19
0,91.21
0,91.2
0,91.19
0,91.2
0,91.22
0,91.22
0,91.21
0,91.21
0,91.23
0,91.26
0,91.33
0,91.31
0,91.32
0,91.36
0,91.35
0,91.38
0,91.38
0,91.4
0,91.43
0,91.43
0,91.5
0,91.49
0,91.46
0,91.5
0,91.49
0,91.47
0,91.46
0,91.45
0,91.43
0,91.42
0,91.41
0,91.44
0,91.37
0,91.38
0,91.41
0,91.45
0,91.44
0,91.42
0,91.38
0,91.43
0,91.38
0,91.39
0,91.37
0,91.38
0,91.37
0,91.37
0,91.36
0,91.4
0,91.42
0,91.44
0,91.42
0,91.43
0,91.43
0,91.41
0,91.41
0,91.39
0,91.37
0,91.36
0,91.32
0,91.33
0,91.29
0,91.31
0,91.31
0,91.25
0,91.22
0,91.22
0,91.23
0,91.25
0,91.25
0,91.24
0,91.23
0,91.23
0,91.19
0,91.16
0,91.19
0,91.2
0,91.22
0,91.2
0,91.18
0,91.17
0,91.14
0,91.12
0,91.12
0,91.09
0,91.11
0,91.09
0,91.09
0,91.06
0,91.07
0,91.07
0,91.07
0,91.11
0,91.07
0,91.07
0,91.05
0,91.11
0,91.14
0,91.14
0,91.15
0,91.17
0,91.18
0,91.17
0,91.17
0,91.16
0,91.22
0,91.28
0,91.28
0,91.28
0,91.33
0,91.35
0,91.41
0,91.42
0,91.43
0,91.44
0,91.43
0,91.46
0,91.46
0,91.45
0,91.49
0,91.49
0,91.44
0,91.45
0,91.47
0,91.45
0,91.46
0,91.46
0,91.49
0,91.48
0,91.47
0,91.46
0,91.51
0,91.53
0,91.53
0,91.54
0,91.52
0,91.52
0,91.49
0,91.49
0,91.48
0,91.45
0,91.45
0,91.44
0,91.43
0,91.46
0,91.45
0,91.46
0,91.46
0,91.47
0,91.46
0,91.41
0,91.36
0,91.4
0,91.44
0,91.46
0,91.86
0,91.86
0,91.84
0,91.85
0,91.87
0,91.81
0,91.89
0,91.87
0,91.95
0,91.95
0,91.92
0,91.91
0,91.9
0,91.84
0,91.74
0,91.81
0,91.76
0,91.74
0,91.73
0,91.71
0,91.71
0,91.71
0,91.58
0,91.68
0,91.73
0,91.78
0,91.78
0,91.79
0,91.74
0,91.75
0,91.73
0,91.75
0,91.77
0,91.69
0,91.74
0,91.76
0,91.72
0,91.72
0,91.72
0,91.71
0,91.73
0,91.72
0,91.73
0,91.66
0,91.7
0,91.69
0,91.65
0,91.64
0,91.67
0,91.71
0,91.7
0,91.72
0,91.71
0,91.67
0,91.71
0,91.71
0,91.71
0,91.69
0,91.68
0,91.68
0,91.67
0,91.67
0,91.67
0,91.67
0,91.71
0,91.71
0,91.72
0,91.71
0,91.71
0,91.74
0,91.71
0,91.75
0,91.8
0,91.79
0,91.79
0,91.77
0,91.8
0,91.81
0,91.81
0,91.83
0,91.81
0,91.83
0,91.82
0,91.83
0,91.84
0,91.84
0,91.87
0,91.83
0,91.82
0,91.81
0,91.81
0,91.81
0,91.79
0,91.78
0,91.79
0,91.8
0,91.8
0,91.82
0,91.82
0,91.81
0,91.81
0,91.8
0,91.77
0,91.76
0,91.77
0,91.79
0,91.77
0,91.77
0,91.8
0,91.79
0,91.78
0,91.76
0,91.73
0,91.75
0,91.77
0,91.79
0,91.78
0,91.72
0,91.69
0,91.65
0,91.67
0,91.65
0,91.64
0,91.67
0,91.65
0,91.61
0,91.58
0,91.59
0,91.61
0,91.64
0,91.63
0,91.63
0,91.63
0,91.61
0,91.63
0,91.61
0,91.63
0,91.6
0,91.61
0,91.59
0,91.59
0,91.6
0,91.61
0,91.62
0,91.64
0,91.61
0,91.57
0,91.57
0,91.58
0,91.55
0,91.49
0,91.49
0,91.49
0,91.47
0,91.46
0,91.5
0,91.49
0,91.48
0,91.48
0,91.48
0,91.49
0,91.51
0,91.52
0,91.6
0,91.65
0,91.65
0,91.62
0,91.65
0,91.63
0,91.62
0,91.61
0,91.62
0,91.68
0,91.67
0,91.73
0,91.75
0,91.77
0,91.77
0,91.76
0,91.73
0,91.74
0,91.73
0,91.74
0,91.76
0,91.74
0,91.74
0,91.75
0,91.73
0,91.73
0,91.72
0,91.72
0,91.71
0,91.73
0,91.7
0,91.7
0,91.67
0,91.67
0,91.67
0,91.62
0,91.62
0,91.63
0,91.63
0,91.62
0,91.62
0,91.63
0,91.62
0,91.61
0,91.62
0,91.61
0,91.59
0,91.55
0,91.52
0,91.46
0,91.46
0,91.47
0,91.51
0,91.54
0,91.54
0,91.57
0,91.56
0,91.54
0,91.53
0,91.53
0,91.54
0,91.55
0,91.54
0,91.53
0,91.51
0,91.53
0,91.51
0,91.51
0,91.48
0,91.48
0,91.48
0,91.49
0,91.48
0,91.48
0,91.46
0,91.47
0,91.41
0,91.42
0,91.39
0,91.38
0,91.37
0,91.36
0,91.37
0,91.36
0,91.35
0,91.34
0,91.3
0,91.33
0,91.38
0,91.36
0,91.37
0,91.38
0,91.35
0,91.31
0,91.28
0,91.3
0,91.31
0,91.35
0,91.37
0,91.38
0,91.33
0,91.33
0,91.32
0,91.3
0,91.26
0,91.25
0,91.25
0,91.25
0,91.24
0,91.26
0,91.28
0,91.31
0,91.34
0,91.37
0,91.42
0,91.41
0,91.42
0,91.37
0,91.38
0,91.41
0,91.44
0,91.44
0,91.48
0,91.51
0,91.51
0,91.47
0,91.42
0,91.44
0,91.47
0,91.49
0,91.5
0,91.49
0,91.51
0,91.48
0,91.45
0,91.46
0,91.43
0,91.42
0,91.39
0,91.36
0,91.31
0,91.36
0,91.33
0,91.35
0,91.35
0,91.26
0,91.22
0,91.24
0,91.28
0,91.33
0,91.35
0,91.41
0,91.38
0,91.46
0,91.46
0,91.52
0,91.52
0,91.51
0,91.51
0,91.48
0,91.47
0,91.38
0,91.4
0,91.39
0,91.37
0,91.34
0,91.35
0,91.33
0,91.34
0,91.37
0,91.37
0,91.37
0,91.37
0,91.38
0,91.4
0,91.45
0,91.43
0,91.4
0,91.42
0,91.45
0,91.44
0,91.47
0,91.45
0,91.4
0,91.37
0,91.39
0,91.43
0,91.43
0,91.46
0,91.48
0,91.43
0,91.39
0,91.34
0,91.33
0,91.38
0,91.44
0,91.42
0,91.43
0,91.53
0,91.55
0,91.53
0,91.54
0,91.51
0,91.53
0,91.49
0,91.49
0,91.51
0,91.51
0,91.51
0,91.54
0,91.51
0,91.53
0,91.55
0,91.54
0,91.54
0,91.51
0,91.53
0,91.52
0,91.46
0,91.5
0,91.5
0,91.47
0,91.5
0,91.5
0,91.5
0,91.53
0,91.53
0,91.54
0,91.52
0,91.52
0,91.55
0,91.51
0,91.5
0,91.49
0,91.5
0,91.51
0,91.54
0,91.49
0,91.5
0,91.49
0,91.51
0,91.53
0,91.55
0,91.55
0,91.59
0,91.66
0,91.69
0,91.69
0,91.67
0,91.63
0,91.64
0,91.69
0,91.72
0,91.72
0,91.73
0,91.71
0,91.72
0,91.64
0,91.65
0,91.67
0,91.73
0,91.74
0,91.81
0,91.79
0,91.77
0,91.74
0,91.66
0,91.71
0,91.69
0,91.72
0,91.73
0,91.69
0,91.69
0,91.7
0,91.69
0,91.65
0,91.66
0,91.7
0,91.69
0,91.69
0,91.66
0,91.59
0,91.57
0,91.53
0,91.52
0,91.51
0,91.5
0,91.52
0,91.51
0,91.52
0,91.6
0,91.56
0,91.56
0,91.54
0,91.56
0,91.52
0,91.56
0,91.56
0,91.53
0,91.53
0,91.52
0,91.56
0,91.54
0,91.55
0,91.52
0,91.51
0,91.49
0,91.39
0,91.39
0,91.48
0,91.51
0,91.46
0,91.51
0,91.44
0,91.39
0,91.51
0,91.51
0,91.52
0,91.6
0,91.56
0,91.47
0,91.43
0,91.46
0,91.5
0,91.59
0,91.6
0,91.63
0,91.55
0,91.53
0,91.52
0,91.4
0,91.39
0,91.38
0,91.38
0,91.46
0,91.34
0,91.35
0,91.31
0,91.25
0,91.23
0,91.2
0,91.33
0,91.3
0,91.34
0,91.39
0,91.42
0,91.41
0,91.42
0,91.41
0,91.49
0,91.42
0,91.31
0,91.43
0,91.42
0,91.54
0,91.58
0,91.56
0,91.54
0,91.49
0,91.54
0,91.56
0,91.61
0,91.59
0,91.55
0,91.56
0,91.59
0,91.54
0,91.58
0,91.54
0,91.51
0,91.49
0,91.47
0,91.54
0,91.49
0,91.48
0,91.47
0,91.47
0,91.48
0,91.51
0,91.49
0,91.5
0,91.46
0,91.43
0,91.47
0,91.47
0,91.47
0,91.4
0,91.37
0,91.36
0,91.39
0,91.39
0,91.4
0,91.4
0,91.38
0,91.36
0,91.35
0,91.28
0,91.28
0,91.28
0,91.26
0,91.29
0,91.31
0,91.29
0,91.3
0,91.28
0,91.26
0,91.27
0,91.3
0,91.34
0,91.36
0,91.36
0,91.35
0,91.36
0,91.4
0,91.45
0,91.45
0,91.43
0,91.4
0,91.41
0,91.44
0,91.43
0,91.42
0,91.46
0,91.43
0,91.42
0,91.42
0,91.39
0,91.39
0,91.39
0,91.37
0,91.39
0,91.38
0,91.39
0,91.39
0,91.42
0,91.47
0,91.47
0,91.47
0,91.51
0,91.5
0,91.47
0,91.45
0,91.45
0,91.45
0,91.43
0,91.42
0,91.47
0,91.53
0,91.54
0,91.59
0,91.58
0,91.56
0,91.52
0,91.51
0,91.51
0,91.52
0,91.58
0,91.6
0,91.6
0,91.65
0,91.72
0,91.71
0,91.69
0,91.7
0,91.68
0,91.66
0,91.62
0,91.6
0,91.61
0,91.61
0,91.63
0,91.66
0,91.68
0,91.76
0,91.76
0,91.83
0,91.86
0,91.85
0,91.84
0,91.87
0,91.91
0,91.92
0,91.93
0,91.94
0,91.88
0,91.89
0,91.91
0,91.92
0,91.89
0,91.88
0,91.87
0,91.89
0,91.89
0,91.88
0,91.9
0,91.84
0,91.87
0,91.92
0,91.93
0,91.93
0,91.91
0,91.92
0,91.88
0,91.85
0,91.83
0,91.81
0,91.82
0,91.82
0,91.84
0,91.83
0,91.84
0,91.86
0,91.86
0,91.84
0,91.83
0,91.89
0,91.88
0,91.88
0,91.93
0,91.9
0,91.93
0,91.98
0,91.97
0,92.02
0,92.01
0,92
0,91.99
0,91.94
0,92.25
0,91.82
0,91.89
0,91.84
0,91.81
0,91.83
0,91.82
0,91.75
0,91.8
0,91.82
0,91.83
0,91.83
0,91.86
0,91.84
0,91.83
0,91.8
0,91.76
0,91.76
0,91.77
0,91.75
0,91.75
0,91.76
0,91.74
0,91.72
0,91.7
0,91.73
0,91.75
0,91.81
0,91.77
0,91.86
0,91.92
0,91.92
0,91.92
0,91.95
0,91.96
0,91.93
0,91.89
0,91.9
0,91.94
0,91.95
0,91.95
0,91.97
0,92.01
0,92
0,91.97
0,91.94
0,91.95
0,92.01
0,91.98
0,92
0,91.99
0,91.99
0,91.99
0,92
0,91.94
0,91.95
0,91.95
0,91.96
0,91.97
0,91.94
0,91.93
0,91.96
0,91.93
0,91.88
0,91.89
0,91.88
0,91.9
0,91.88
0,91.87
0,91.86
0,91.83
0,91.81
0,91.8
0,91.78
0,91.81
0,91.78
0,91.84
0,91.89
0,91.91
0,91.95
0,91.99
0,92.02
0,92.02
0,92.01
0,92.06
0,92.02
0,92.06
0,92.06
0,92.05
0,92.06
0,92.02
0,91.99
0,91.98
0,91.97
0,91.95
0,91.96
0,91.94
0,91.92
0,91.91
0,91.92
0,91.92
0,91.95
0,91.9
0,91.89
0,91.83
0,91.88
0,91.91
0,91.91
0,91.89
0,91.87
0,91.85
0,91.86
0,91.87
0,91.87
0,91.85
0,91.81
0,91.77
0,91.75
0,91.72
0,91.74
0,91.73
0,91.72
0,91.67
0,91.78
0,91.79
0,91.79
0,91.76
0,91.83
0,91.81
0,91.86
0,91.78
0,91.78
0,91.75
0,91.74
0,91.77
0,91.77
0,91.74
0,91.7
0,91.68
0,91.65
0,91.64
0,91.61
0,91.6
0,91.58
0,91.55
0,91.53
0,91.56
0,91.49
0,91.48
0,91.49
0,91.47
0,91.47
0,91.46
0,91.41
0,91.45
0,91.47
0,91.43
0,91.44
0,91.49
0,91.45
0,91.47
0,91.47
0,91.43
0,91.4
0,91.41
0,91.46
0,91.47
0,91.44
0,91.46
0,91.46
0,91.43
0,91.5
0,91.49
0,91.46
0,91.49
0,91.5
0,91.55
0,91.51
0,91.51
0,91.53
0,91.57
0,91.57
0,91.61
0,91.61
0,91.64
0,91.6
0,91.59
0,91.6
0,91.62
0,91.66
0,91.65
0,91.61
0,91.6
0,91.61
0,91.64
0,91.63
0,91.56
0,91.54
0,91.59
0,91.59
0,91.63
0,91.63
0,91.58
0,91.59
0,91.64
0,91.59
0,91.65
0,91.62
0,91.61
0,91.59
0,91.6
0,91.57
0,91.55
0,91.56
0,91.51
0,91.52
0,91.47
0,91.5
0,91.49
0,91.49
0,91.47
0,91.48
0,91.45
0,91.5
0,91.49
0,91.51
0,91.47
0,91.45
0,91.47
0,91.44
0,91.41
0,91.39
0,91.4
0,91.39
0,91.36
0,91.37
0,91.38
0,91.39
0,91.43
0,91.42
0,91.39
0,91.37
0,91.36
0,91.37
0,91.36
0,91.38
0,91.39
0,91.39
0,91.42
0,91.47
0,91.47
0,91.48
0,91.49
0,91.87
0,91.88
0,91.9
0,91.85
0,91.9
0,91.88
0,91.85
0,91.96
0,91.88
0,91.85
0,91.72
0,91.72
0,91.76
0,91.68
0,91.77
0,91.77
0,91.87
0,91.91
0,91.94
0,92.04
0,92.07
0,92.12
0,92.19
0,92.15
0,92.14
0,92.11
0,92.09
0,92.11
0,92.1
0,92.07
0,92.08
0,92.03
0,91.96
0,91.89
0,91.9
0,91.88
0,91.91
0,91.87
0,91.87
0,91.9
0,91.91
0,91.95
0,91.97
0,91.93
0,91.92
0,91.96
0,91.93
0,92
0,91.95
0,91.98
0,91.98
0,92
0,92.04
0,92.08
0,92.1
0,92.16
0,92.22
0,92.2
0,92.15
0,92.13
0,92.14
0,92.15
0,92.12
0,92.19
0,92.14
0,92.15
0,92.07
0,92.03
0,92.02
0,92.02
0,92.06
0,92.06
0,92.01
0,91.96
0,91.97
0,91.86
0,91.88
0,91.83
0,91.84
0,91.89
0,91.91
0,91.95
0,91.94
0,91.91
0,91.92
0,91.91
0,91.92
0,91.84
0,91.87
0,91.91
0,91.91
0,91.88
0,91.84
0,91.81
0,91.84
0,91.86
0,91.86
0,91.84
0,91.9
0,91.89
0,91.93
0,91.93
0,91.93
0,91.9
0,91.91
0,91.94
0,91.95
0,91.96
0,91.9
0,91.84
0,91.84
0,91.91
0,91.92
0,91.92
0,91.91
0,91.93
0,91.92
0,91.94
0,91.95
0,91.95
0,91.94
0,91.91
0,91.93
0,91.93
0,91.96
0,91.97
0,91.99
0,91.96
0,91.93
0,91.95
0,91.93
0,91.96
0,91.95
0,91.93
0,91.94
0,91.96
0,91.95
0,91.94
0,91.95
0,91.92
0,91.91
0,91.88
0,91.88
0,91.9
0,91.89
0,91.93
0,91.89
0,91.89
0,91.9
0,91.89
0,91.87
0,91.86
0,91.87
0,91.86
0,91.85
0,91.88
0,91.87
0,91.9
0,91.92
0,91.9
0,91.92
0,91.91
0,91.91
0,91.93
0,91.92
0,91.91
0,91.92
0,91.91
0,91.91
0,91.89
0,91.88
0,91.87
0,91.88
0,91.87
0,91.88
0,91.89
0,91.91
0,91.91
0,91.91
0,91.86
0,91.84
0,91.83
0,91.83
0,91.81
0,91.75
0,91.75
0,91.73
0,91.74
0,91.75
0,91.75
0,91.74
0,91.73
0,91.71
0,91.72
0,91.72
0,91.74
0,91.75
0,91.71
0,91.65
0,91.64
0,91.64
0,91.56
0,91.6
0,91.59
0,91.61
0,91.62
0,91.63
0,91.67
0,91.7
0,91.67
0,91.69
0,91.69
0,91.71
0,91.75
0,91.72
0,91.79
0,91.8
0,91.83
0,91.86
0,91.81
0,91.83
0,91.87
0,91.91
0,91.89
0,91.89
0,91.89
0,91.88
0,91.86
0,91.87
0,91.89
0,91.91
0,91.92
0,91.88
0,91.82
0,91.79
0,91.75
0,91.73
0,91.72
0,91.73
0,91.72
0,91.76
0,91.7
0,91.73
0,91.74
0,91.73
0,91.72
0,91.73
0,91.77
0,91.79
0,91.8
0,91.8
0,91.79
0,91.78
0,91.8
0,91.77
0,91.75
0,91.78
0,91.79
0,91.78
0,91.77
0,91.76
0,91.77
0,91.77
0,91.77
0,91.77
0,91.76
0,91.77
0,91.79
0,91.79
0,91.77
0,91.77
0,91.79
0,91.75
0,91.75
0,91.76
0,91.75
0,91.74
0,91.75
0,91.77
0,91.78
0,91.81
0,91.82
0,91.86
0,91.85
0,91.86
0,91.87
0,91.87
0,91.85
0,91.85
0,91.85
0,91.85
0,91.83
0,91.82
0,91.78
0,91.81
0,91.8
0,91.81
0,91.81
0,91.83
0,91.86
0,91.86
0,91.87
0,91.86
0,91.87
0,91.88
0,91.86
0,91.83
0,91.82
0,91.85
0,91.85
0,91.87
0,91.9
0,91.91
0,91.92
0,91.89
0,91.9
0,91.91
0,91.87
0,91.86
0,91.86
0,91.85
0,91.87
0,91.83
0,91.84
0,91.86
0,91.87
0,91.9
0,91.9
0,91.87
0,91.86
0,91.83
0,91.85
0,91.81
0,91.74
0,91.75
0,91.78
0,91.74
0,91.72
0,91.73
0,91.75
0,91.75
0,91.76
0,91.76
0,91.77
0,91.75
0,91.72
0,91.71
0,91.61
0,91.58
0,91.49
0,91.53
0,91.59
0,91.57
0,91.61
0,91.59
0,91.57
0,91.59
0,91.55
0,91.55
0,91.55
0,91.56
0,91.53
0,91.55
0,91.59
0,91.57
0,91.57
0,91.57
0,91.55
0,91.54
0,91.51
0,91.52
0,91.56
0,91.55
0,91.57
0,91.53
0,91.49
0,91.49
0,91.49
0,91.51
0,91.5
0,91.49
0,91.5
0,91.5
0,91.53
0,91.58
0,91.57
0,91.57
0,91.54
0,91.52
0,91.52
0,91.53
0,91.51
0,91.52
0,91.5
0,91.49
0,91.5
0,91.5
0,91.5
0,91.53
0,91.55
0,91.53
0,91.52
0,91.51
0,91.52
0,91.54
0,91.52
0,91.51
0,91.47
0,91.45
0,91.46
0,91.45
0,91.45
0,91.47
0,91.45
0,91.44
0,91.46
0,91.46
0,91.45
0,91.46
0,91.42
0,91.41
0,91.39
0,91.36
0,91.4
0,91.4
0,91.34
0,91.38
0,91.38
0,91.34
0,91.39
0,91.39
0,91.37
0,91.39
0,91.37
0,91.39
0,91.4
0,91.39
0,91.44
0,91.43
0,91.45
0,91.46
0,91.46
0,91.48
0,91.49
0,91.56
0,91.34
0,91.54
0,91.5
0,91.5
0,91.58
0,91.62
0,91.59
0,91.55
0,91.51
0,91.56
0,91.57
0,91.65
0,91.7
0,91.63
0,91.68
0,91.77
0,91.8
0,91.8
0,91.81
0,91.71
0,91.71
0,91.65
0,91.61
0,91.61
0,91.6
0,91.67
0,91.78
0,91.82
0,91.85
0,91.87
0,91.82
0,91.76
0,91.66
0,91.68
0,91.67
0,91.68
0,91.64
0,91.68
0,91.71
0,91.72
0,91.76
0,91.66
0,91.68
0,91.59
0,91.59
0,91.63
0,91.62
0,91.63
0,91.62
0,91.63
0,91.6
0,91.6
0,91.65
0,91.62
0,91.65
0,91.69
0,91.68
0,91.74
0,91.76
0,91.76
0,91.65
0,91.54
0,91.49
0,91.41
0,91.4
0,91.38
0,91.47
0,91.42
0,91.45
0,91.43
0,91.39
0,91.4
0,91.32
0,91.29
0,91.29
0,91.25
0,91.28
0,91.29
0,91.24
0,91.26
0,91.34
0,91.31
0,91.3
0,91.33
0,91.33
0,91.33
0,91.35
0,91.28
0,91.26
0,91.3
0,91.27
0,91.18
0,91.16
0,91.18
0,91.19
0,91.2
0,91.23
0,91.23
0,91.18
0,91.2
0,91.2
0,91.21
0,91.27
0,91.25
0,91.25
0,91.23
0,91.24
0,91.23
0,91.21
0,91.24
0,91.23
0,91.24
0,91.4
0,91.36
0,91.33
0,91.38
0,91.36
0,91.37
0,91.34
0,91.35
0,91.38
0,91.4
0,91.28
0,91.32
0,91.38
0,91.36
0,91.36
0,91.35
0,91.35
0,91.34
0,91.34
0,91.29
0,91.31
0,91.3
0,91.32
0,91.29
0,91.28
0,91.3
0,91.23
0,91.29
0,91.29
0,91.3
0,91.27
0,91.3
0,91.3
0,91.3
0,91.29
0,91.31
0,91.22
0,91.24
0,91.24
0,91.24
0,91.29
0,91.29
0,91.32
0,91.32
0,91.33
0,91.38
0,91.34
0,91.35
0,91.34
0,91.33
0,91.35
0,91.37
0,91.38
0,91.39
0,91.41
0,91.41
0,91.49
0,91.48
0,91.47
0,91.46
0,91.49
0,91.49
0,91.5
0,91.45
0,91.42
0,91.44
0,91.45
0,91.44
0,91.4
0,91.43
0,91.45
0,91.45
0,91.4
0,91.42
0,91.44
0,91.43
0,91.43
0,91.46
0,91.45
0,91.48
0,91.45
0,91.42
0,91.43
0,91.49
0,91.5
0,91.47
0,91.49
0,91.5
0,91.57
0,91.59
0,91.57
0,91.62
0,91.63
0,91.64
0,91.48
0,91.52
0,91.53
0,91.44
0,91.43
0,91.42
0,91.41
0,91.43
0,91.41
0,91.4
0,91.41
0,91.47
0,91.47
0,91.46
0,91.47
0,91.45
0,91.42
0,91.43
0,91.43
0,91.42
0,91.44
0,91.44
0,91.39
0,91.41
0,91.4
0,91.42
0,91.45
0,91.45
0,91.41
0,91.38
0,91.34
0,91.29
0,91.29
0,91.28
0,91.29
0,91.33
0,91.33
0,91.32
0,91.31
0,91.31
0,91.31
0,91.27
0,91.18
0,91.19
0,91.21
0,91.21
0,91.23
0,91.25
0,91.25
0,91.25
0,91.28
0,91.29
0,91.36
0,91.37
0,91.36
0,91.34
0,91.33
0,91.33
0,91.32
0,91.32
0,91.32
0,91.33
0,91.33
0,91.3
0,91.32
0,91.33
0,91.39
0,91.4
0,91.44
0,91.46
0,91.45
0,91.46
0,91.45
0,91.53
0,91.58
0,91.57
0,91.59
0,91.6
0,91.64
0,91.63
0,91.64
0,91.63
0,91.66
0,91.66
0,91.62
0,91.63
0,91.62
0,91.59
0,91.59
0,91.56
0,91.56
0,91.55
0,91.53
0,91.48
0,91.49
0,91.47
0,91.51
0,91.46
0,91.45
0,91.56
0,91.55
0,91.52
0,91.53
0,91.49
0,91.51
0,91.52
0,91.48
0,91.5
0,91.45
0,91.44
0,91.43
0,91.4
0,91.38
0,91.39
0,91.39
0,91.39
0,91.39
0,91.4
0,91.41
0,91.4
0,91.42
0,91.43
0,91.45
0,91.47
0,91.48
0,91.45
0,91.46
0,91.45
0,91.43
0,91.39
0,91.4
0,91.41
0,91.43
0,91.43
0,91.39
0,91.46
0,91.59
0,91.6
0,91.55
0,91.56
0,91.56
0,91.53
0,91.53
0,91.49
0,91.49
0,91.47
0,91.45
0,91.42
0,91.39
0,91.35
0,91.37
0,91.43
0,91.46
0,91.46
0,91.48
0,91.47
0,91.46
0,91.47
0,91.48
0,91.5
0,91.55
0,91.56
0,91.55
0,91.57
0,91.55
0,91.51
0,91.51
0,91.5
0,91.49
0,91.51
0,91.5
0,91.54
0,91.52
0,91.5
0,91.52
0,91.53
0,91.51
0,91.52
0,91.53
0,91.49
0,91.55
0,91.58
0,91.63
0,91.63
0,91.61
0,91.59
0,91.59
0,91.59
0,91.61
0,91.62
0,91.61
0,91.62
0,91.65
0,91.63
0,91.63
0,91.66
0,91.66
0,91.63
0,91.59
0,91.58
0,91.6
0,91.62
0,91.61
0,91.59
0,91.7
0,91.71
0,91.69
0,91.68
0,91.68
0,91.73
0,91.71
0,91.73
0,91.68
0,91.57
0,91.54
0,91.55
0,91.56
0,91.5
0,91.48
0,91.48
0,91.47
0,91.43
0,91.43
0,91.43
0,91.43
0,91.45
0,91.46
0,91.43
0,91.46
0,91.49
0,91.52
0,91.53
0,91.5
0,91.5
0,91.51
0,91.53
0,91.55
0,91.55
0,91.53
0,91.51
0,91.53
0,91.55
0,91.52
0,91.52
0,91.47
0,91.47
0,91.48
0,91.46
0,91.49
0,91.53
0,91.52
0,91.56
0,91.98
0,92.04
0,92.04
0,92.21
0,92.1
0,92.18
0,92.08
0,92.09
0,92.2
0,92.3
0,92.34
0,92.29
0,92.22
0,92.34
0,92.33
0,92.32
0,92.3
0,92.34
0,92.4
0,92.43
0,92.39
0,92.43
0,92.37
0,92.33
0,92.33
0,92.4
0,92.37
0,92.4
0,92.41
0,92.33
0,92.3
0,92.33
0,92.33
0,92.41
0,92.41
0,92.39
0,92.37
0,92.32
0,92.33
0,92.27
0,92.23
0,92.18
0,92.16
0,92.27
0,92.33
0,92.32
0,92.24
0,92.26
0,92.27
0,92.24
0,92.25
0,92.21
0,92.13
0,92.08
0,92.17
0,92.14
0,92.16
0,92.13
0,92.15
0,92.11
0,92.13
0,92.11
0,92.12
0,92.08
0,92.13
0,92.15
0,92.16
0,92.13
0,92.14
0,92.18
0,92.27
0,92.23
0,92.21
0,92.22
0,92.3
0,92.36
0,92.34
0,92.36
0,92.39
0,92.34
0,92.39
0,92.39
0,92.38
0,92.32
0,92.34
0,92.38
0,92.38
0,92.4
0,92.4
0,92.41
0,92.43
0,92.43
0,92.4
0,92.39
0,92.38
0,92.37
0,92.34
0,92.29
0,92.32
0,92.4
0,92.31
0,92.29
0,92.3
0,92.25
0,92.28
0,92.33
0,92.31
0,92.3
0,92.38
0,92.37
0,92.37
0,92.37
0,92.33
0,92.33
0,92.32
0,92.4
0,92.4
0,92.42
0,92.43
0,92.45
0,92.5
0,92.45
0,92.41
0,92.47
0,92.52
0,92.54
0,92.53
0,92.47
0,92.41
0,92.41
0,92.45
0,92.46
0,92.44
0,92.44
0,92.45
0,92.44
0,92.48
0,92.42
0,92.43
0,92.45
0,92.44
0,92.43
0,92.41
0,92.42
0,92.39
0,92.4
0,92.43
0,92.49
0,92.49
0,92.48
0,92.48
0,92.47
0,92.41
0,92.45
0,92.41
0,92.4
0,92.37
0,92.37
0,92.38
0,92.44
0,92.45
0,92.46
0,92.42
0,92.43
0,92.42
0,92.44
0,92.44
0,92.4
0,92.42
0,92.42
0,92.43
0,92.45
0,92.48
0,92.47
0,92.47
0,92.48
0,92.51
0,92.54
0,92.55
0,92.55
0,92.52
0,92.51
0,92.51
0,92.52
0,92.52
0,92.56
0,92.6
0,92.6
0,92.59
0,92.6
0,92.57
0,92.59
0,92.59
0,92.58
0,92.68
0,92.67
0,92.65
0,92.66
0,92.66
0,92.69
0,92.64
0,92.63
0,92.69
0,92.67
0,92.66
0,92.64
0,92.66
0,92.69
0,92.72
0,92.73
0,92.72
0,92.67
0,92.7
0,92.69
0,92.67
0,92.63
0,92.59
0,92.61
0,92.55
0,92.57
0,92.57
0,92.47
0,92.4
0,92.41
0,92.41
0,92.36
0,92.31
0,92.3
0,92.3
0,92.31
0,92.28
0,92.22
0,92.19
0,92.14
0,92.13
0,92.19
0,92.24
0,92.25
0,92.24
0,92.19
0,92.19
0,92.2
0,92.2
0,92.2
0,92.19
0,92.15
0,92.2
0,92.19
0,92.2
0,92.23
0,92.19
0,92.2
0,92.16
0,92.19
0,92.19
0,92.21
0,92.18
0,92.14
0,92.12
0,92.15
0,92.16
0,92.15
0,92.11
0,92.11
0,92.18
0,92.16
0,92.15
0,92.15
0,92.18
0,92.21
0,92.23
0,92.28
0,92.26
0,92.27
0,92.24
0,92.24
0,92.25
0,92.24
0,92.22
0,92.25
0,92.32
0,92.29
0,92.33
0,92.33
0,92.35
0,92.33
0,92.36
0,92.37
0,92.4
0,92.37
0,92.42
0,92.43
0,92.46
0,92.47
0,92.48
0,92.5
0,92.54
0,92.61
0,92.65
0,92.67
0,92.65
0,92.63
0,92.65
0,92.62
0,92.62
0,92.56
0,92.54
0,92.53
0,92.54
0,92.53
0,92.57
0,92.59
0,92.57
0,92.55
0,92.56
0,92.56
0,92.62
0,92.65
0,92.63
0,92.57
0,92.58
0,92.59
0,92.59
0,92.6
0,92.59
0,92.52
0,92.53
0,92.49
0,92.47
0,92.48
0,92.49
0,92.43
0,92.36
0,92.37
0,92.39
0,92.37
0,92.31
0,92.26
0,92.3
0,92.31
0,92.32
0,92.31
0,92.33
0,92.33
0,92.31
0,92.35
0,92.33
0,92.35
0,92.33
0,92.34
0,92.33
0,92.3
0,92.32
0,92.37
0,92.36
0,92.37
0,92.36
0,92.34
0,92.31
0,92.26
0,92.31
0,92.27
0,92.23
0,92.25
0,92.27
0,92.19
0,92.15
0,92.06
0,92.05
0,92.07
0,92.05
0,92.05
0,92.05
0,92.09
0,92.05
0,92.07
0,92.09
0,92.09
0,92.09
0,92.12
0,92.17
0,92.16
0,92.16
0,92.15
0,92.16
0,92.15
0,92.2
0,92.21
0,92.21
0,92.21
0,92.19
0,92.17
0,92.19
0,92.22
0,92.3
0,92.29
0,92.24
0,92.24
0,92.23
0,92.25
0,92.29
0,92.27
0,92.25
0,92.26
0,92.27
0,92.33
0,92.32
0,92.31
0,92.31
0,92.26
0,92.25
0,92.26
0,92.23
0,92.23
0,92.25
0,92.23
0,92.22
0,92.11
0,92.07
0,92.12
0,92.11
0,92.13
0,92.09
0,92.09
0,92.05
0,92.04
0,92.05
0,92.1
0,92.12
0,92.07
0,92.11
0,92.13
0,92.17
0,92.17
0,92.19
0,92.15
0,92.19
0,92.18
0,92.18
0,92.18
0,92.19
0,92.22
0,92.22
0,92.25
0,92.27
0,92.28
0,92.33
0,92.34
0,92.39
0,92.38
0,92.4
0,92.45
0,92.45
0,92.51
0,92.53
0,92.55
0,92.55
0,92.53
0,92.53
0,92.53
0,92.51
0,92.57
0,92.65
0,92.62
0,92.58
0,92.55
0,92.53
0,92.56
0,92.53
0,92.54
0,92.51
0,92.52
0,92.53
0,92.53
0,92.54
0,92.6
0,92.56
0,92.51
0,92.21
0,92.29
0,92.21
0,92.08
0,92.05
0,92.16
0,92.11
0,92.12
0,92.1
0,92.13
0,92.15
0,92.17
0,92.12
0,92.09
0,92.1
0,92.08
0,92.21
0,92.2
0,92.15
0,92.24
0,92.18
0,92.19
0,92.2
0,92.26
0,92.3
0,92.37
0,92.42
0,92.35
0,92.42
0,92.37
0,92.3
0,92.36
0,92.4
0,92.3
0,92.31
0,92.28
0,92.23
0,92.21
0,92.14
0,92.24
0,92.23
0,92.24
0,92.22
0,92.17
0,92.11
0,92.22
0,92.09
0,92.27
0,92.18
0,92.12
0,92.12
0,92.05
0,92.06
0,92.06
0,92.12
0,92.14
0,92.08
0,92.09
0,92.08
0,92.1
0,92.1
0,92.12
0,92.13
0,92.11
0,92.09
0,92.05
0,92.04
0,92.08
0,92.07
0,92.1
0,92.11
0,92.09
0,92.12
0,92.1
0,92.11
0,92.08
0,92.07
0,92.09
0,92.05
0,92.05
0,92.06
0,92.1
0,92.11
0,92.07
0,92.07
0,91.93
0,91.92
0,91.93
0,91.89
0,91.85
0,91.86
0,91.87
0,91.88
0,91.87
0,91.86
0,91.88
0,91.88
0,91.93
0,91.92
0,91.9
0,91.92
0,91.9
0,91.92
0,91.93
0,91.92
0,91.91
0,91.9
0,91.92
0,91.89
0,91.87
0,91.91
0,91.9
0,91.88
0,91.89
0,91.9
0,91.91
0,91.91
0,91.92
0,91.95
0,91.95
0,91.92
0,91.9
0,91.93
0,91.93
0,91.91
0,91.88
0,91.92
0,91.96
0,91.88
0,91.88
0,91.93
0,91.95
0,92.06
0,92.1
0,91.95
0,92
0,91.99
0,91.95
0,91.96
0,91.97
0,91.96
0,91.94
0,91.95
0,91.95
0,91.94
0,91.97
0,91.98
0,91.97
0,91.95
0,91.97
0,92.03
0,92.04
0,92.01
0,91.97
0,91.94
0,91.9
0,91.91
0,91.91
0,91.95
0,91.91
0,91.9
0,91.87
0,91.86
0,91.73
0,91.77
0,91.74
0,91.71
0,91.7
0,91.69
0,91.67
0,91.67
0,91.66
0,91.61
0,91.68
0,91.7
0,91.69
0,91.69
0,91.66
0,91.67
0,91.7
0,91.66
0,91.65
0,91.63
0,91.64
0,91.6
0,91.66
0,91.6
0,91.56
0,91.59
0,91.58
0,91.58
0,91.58
0,91.57
0,91.55
0,91.58
0,91.5
0,91.56
0,91.63
0,91.6
0,91.59
0,91.57
0,91.62
0,91.61
0,91.61
0,91.61
0,91.61
0,91.62
0,91.62
0,91.56
0,91.65
0,91.67
0,91.65
0,91.72
0,91.7
0,91.66
0,91.66
0,91.63
0,91.65
0,91.71
0,91.7
0,91.69
0,91.68
0,91.67
0,91.66
0,91.68
0,91.71
0,91.65
0,91.63
0,91.61
0,91.42
0,91.55
0,91.62
0,91.64
0,91.65
0,91.66
0,91.67
0,91.73
0,91.73
0,91.7
0,91.71
0,91.71
0,91.72
0,91.71
0,91.73
0,91.73
0,91.66
0,91.66
0,91.61
0,91.6
0,91.61
0,91.64
0,91.65
0,91.61
0,91.59
0,91.55
0,91.57
0,91.57
0,91.54
0,91.51
0,91.56
0,91.6
0,91.61
0,91.59
0,91.54
0,91.54
0,91.54
0,91.53
0,91.56
0,91.54
0,91.51
0,91.54
0,91.55
0,91.55
0,91.56
0,91.54
0,91.52
0,91.52
0,91.49
0,91.49
0,91.5
0,91.49
0,91.48
0,91.53
0,91.52
0,91.47
0,91.48
0,91.41
0,91.43
0,91.48
0,91.54
0,91.51
0,91.53
0,91.52
0,91.49
0,91.51
0,91.45
0,91.45
0,91.43
0,91.38
0,91.42
0,91.43
0,91.47
0,91.44
0,91.46
0,91.5
0,91.55
0,91.56
0,91.5
0,91.51
0,91.45
0,91.51
0,91.51
0,91.49
0,91.5
0,91.48
0,91.45
0,91.46
0,91.45
0,91.42
0,91.45
0,91.43
0,91.44
0,91.44
0,91.43
0,91.42
0,91.4
0,91.36
0,91.38
0,91.37
0,91.38
0,91.29
0,91.29
0,91.3
0,91.27
0,91.27
0,91.18
0,91.22
0,91.3
0,91.22
0,91.26
0,91.27
0,91.27
0,91.41
0,91.33
0,91.33
0,91.32
0,91.27
0,91.27
0,91.27
0,91.32
0,91.33
0,91.33
0,91.4
0,91.41
0,91.43
0,91.41
0,91.41
0,91.47
0,91.46
0,91.44
0,91.47
0,91.48
0,91.56
0,91.66
0,91.67
0,91.76
0,91.76
0,91.8
0,91.78
0,91.84
0,91.84
0,91.79
0,91.79
0,91.77
0,91.8
0,91.76
0,91.8
0,91.75
0,91.71
0,91.73
0,91.72
0,91.65
0,91.65
0,91.67
0,91.65
0,91.68
0,91.7
0,91.67
0,91.7
0,91.72
0,91.7
0,91.74
0,91.75
0,91.75
0,91.72
0,91.77
0,91.77
0,91.73
0,91.73
0,91.75
0,91.73
0,91.73
0,91.73
0,91.73
0,91.75
0,91.73
0,91.71
0,91.7
0,91.73
0,91.73
0,91.7
0,91.73
0,91.71
0,91.69
0,91.67
0,91.6
0,91.61
0,91.56
0,91.49
0,91.5
0,91.5
0,91.55
0,91.57
0,91.54
0,91.54
0,91.53
0,91.55
0,91.53
0,91.48
0,91.48
0,91.49
0,91.49
0,91.5
0,91.49
0,91.48
0,91.49
0,91.49
0,91.49
0,91.51
0,91.56
0,91.58
0,91.58
0,91.54
0,91.54
0,91.53
0,91.54
0,91.52
0,91.48
0,91.55
0,91.57
0,91.83
0,91.82
0,91.74
0,91.68
0,91.79
0,91.8
0,91.81
0,91.7
0,91.65
0,91.63
0,91.62
0,91.54
0,91.62
0,91.63
0,91.65
0,91.61
0,91.62
0,91.64
0,91.58
0,91.63
0,91.5
0,91.55
0,91.5
0,91.49
0,91.45
0,91.39
0,91.39
0,91.42
0,91.37
0,91.36
0,91.38
0,91.43
0,91.37
0,91.39
0,91.47
0,91.45
0,91.46
0,91.41
0,91.42
0,91.45
0,91.46
0,91.45
0,91.42
0,91.36
0,91.36
0,91.35
0,91.36
0,91.42
0,91.41
0,91.4
0,91.42
0,91.44
0,91.35
0,91.37
0,91.31
0,91.35
0,91.31
0,91.33
0,91.32
0,91.34
0,91.36
0,91.34
0,91.32
0,91.29
0,91.33
0,91.33
0,91.35
0,91.34
0,91.35
0,91.36
0,91.52
0,91.52
0,91.56
0,91.58
0,91.59
0,91.58
0,91.54
0,91.61
0,91.63
0,91.63
0,91.62
0,91.57
0,91.54
0,91.55
0,91.55
0,91.54
0,91.55
0,91.56
0,91.53
0,91.5
0,91.5
0,91.45
0,91.43
0,91.46
0,91.49
0,91.47
0,91.51
0,91.49
0,91.47
0,91.44
0,91.45
0,91.41
0,91.45
0,91.49
0,91.49
0,91.52
0,91.5
0,91.49
0,91.49
0,91.48
0,91.47
0,91.43
0,91.41
0,91.36
0,91.35
0,91.33
0,91.32
0,91.34
0,91.35
0,91.36
0,91.33
0,91.31
0,91.3
0,91.3
0,91.29
0,91.3
0,91.36
0,91.35
0,91.3
0,91.31
0,91.31
0,91.29
0,91.31
0,91.3
0,91.3
0,91.25
0,91.27
0,91.27
0,91.32
0,91.31
0,91.31
0,91.31
0,91.31
0,91.26
0,91.26
0,91.27
0,91.29
0,91.29
0,91.26
0,91.28
0,91.31
0,91.27
0,91.28
0,91.29
0,91.27
0,91.29
0,91.35
0,91.35
0,91.33
0,91.33
0,91.32
0,91.3
0,91.28
0,91.34
0,91.3
0,91.29
0,91.29
0,91.29
0,91.3
0,91.3
0,91.29
0,91.31
0,91.27
0,91.26
0,91.25
0,91.26
0,91.27
0,91.3
0,91.3
0,91.32
0,91.31
0,91.32
0,91.33
0,91.32
0,91.33
0,91.3
0,91.31
0,91.29
0,91.27
0,91.27
0,91.28
0,91.28
0,91.31
0,91.3
0,91.28
0,91.34
0,91.35
0,91.33
0,91.31
0,91.31
0,91.3
0,91.3
0,91.29
0,91.34
0,91.33
0,91.31
0,91.34
0,91.33
0,91.32
0,91.33
0,91.32
0,91.33
0,91.33
0,91.33
0,91.34
0,91.35
0,91.32
0,91.33
0,91.32
0,91.33
0,91.35
0,91.35
0,91.36
0,91.36
0,91.37
0,91.36
0,91.36
0,91.35
0,91.37
0,91.35
0,91.37
0,91.41
0,91.39
0,91.39
0,91.41
0,91.42
0,91.41
0,91.43
0,91.45
0,91.46
0,91.45
0,91.43
0,91.44
0,91.43
0,91.45
0,91.43
0,91.44
0,91.44
0,91.43
0,91.42
0,91.42
0,91.43
0,91.42
0,91.45
0,91.47
0,91.43
0,91.43
0,91.44
0,91.45
0,91.47
0,91.48
0,91.45
0,91.48
0,91.5
0,91.49
0,91.48
0,91.46
0,91.44
0,91.47
0,91.46
0,91.44
0,91.46
0,91.45
0,91.44
0,91.45
0,91.43
0,91.44
0,91.44
0,91.43
0,91.42
0,91.43
0,91.42
0,91.43
0,91.42
0,91.38
0,91.4
0,91.43
0,91.39
0,91.39
0,91.42
0,91.42
0,91.43
0,91.45
0,91.44
0,91.45
0,91.45
0,91.37
0,91.36
0,91.37
0,91.36
0,91.37
0,91.36
0,91.37
0,91.37
0,91.4
0,91.4
0,91.39
0,91.41
0,91.4
0,91.4
0,91.4
0,91.41
0,91.37
0,91.38
0,91.4
0,91.35
0,91.37
0,91.31
0,91.29
0,91.18
0,91.21
0,91.17
0,91.2
0,91.15
0,91.19
0,91.19
0,91.18
0,91.19
0,91.19
0,91.2
0,91.2
0,91.18
0,91.15
0,91.12
0,91.16
0,91.17
0,91.16
0,91.11
0,91.09
0,91.12
0,91.11
0,91.11
0,91.13
0,91.14
0,91.09
0,91.07
0,91
0,90.98
0,90.95
0,90.96
0,90.99
0,90.99
0,91.01
0,90.95
0,91.01
0,91
0,90.98
0,90.95
0,91
0,91.1
0,91.09
0,91.07
0,91.01
0,91.04
0,91.06
0,91.05
0,91.02
0,91.01
0,91
0,90.99
0,90.95
0,90.91
0,90.85
0,90.81
0,90.86
0,90.85
0,90.86
0,90.83
0,90.83
0,90.84
0,90.85
0,90.83
0,90.83
0,90.76
0,90.79
0,90.81
0,90.85
0,90.86
0,90.85
0,90.91
0,90.91
0,90.96
0,91.02
0,91.04
0,91.07
0,91.08
0,91.08
0,91.04
0,91.04
0,91.01
0,91.01
0,90.98
0,91.01
0,90.97
0,90.94
0,90.92
0,90.9
0,90.93
0,90.94
0,90.94
0,90.89
0,90.85
0,90.86
0,90.89
0,90.88
0,90.88
0,90.9
0,90.93
0,90.97
0,90.95
0,90.96
0,90.96
0,91
0,90.99
0,90.62
0,90.8
0,90.75
0,90.88
0,90.75
0,90.72
0,90.67
0,90.68
0,90.64
0,90.64
0,90.68
0,90.78
0,90.78
0,90.83
0,90.78
0,90.73
0,90.79
0,90.97
0,90.99
0,90.97
0,90.98
0,90.94
0,90.92
0,90.93
0,90.91
0,90.88
0,90.97
0,90.88
0,91
0,91.02
0,90.88
0,90.92
0,90.93
0,90.88
0,90.87
0,90.85
0,90.82
0,90.79
0,90.81
0,90.8
0,90.78
0,90.74
0,90.66
0,90.65
0,90.56
0,90.64
0,90.64
0,90.58
0,90.47
0,90.54
0,90.61
0,90.6
0,90.62
0,90.64
0,90.63
0,90.61
0,90.58
0,90.57
0,90.56
0,90.6
0,90.61
0,90.59
0,90.58
0,90.57
0,90.58
0,90.54
0,90.56
0,90.55
0,90.52
0,90.55
0,90.56
0,90.59
0,90.59
0,90.54
0,90.57
0,90.61
0,90.67
0,90.67
0,90.66
0,90.67
0,90.65
0,90.61
0,90.63
0,90.64
0,90.61
0,90.6
0,90.64
0,90.65
0,90.66
0,90.66
0,90.67
0,90.72
0,90.73
0,90.74
0,90.78
0,90.78
0,90.8
0,90.82
0,90.81
0,90.82
0,90.88
0,90.89
0,90.88
0,90.87
0,90.78
0,90.86
0,90.86
0,90.87
0,90.89
0,90.89
0,90.87
0,90.89
0,90.91
0,90.91
0,90.92
0,90.88
0,90.89
0,90.88
0,90.87
0,90.87
0,90.94
0,90.94
0,90.9
0,90.91
0,90.9
0,90.84
0,90.85
0,90.84
0,90.79
0,90.78
0,90.74
0,90.72
0,90.73
0,90.68
0,90.71
0,90.73
0,90.77
0,90.75
0,90.72
0,90.74
0,90.78
0,90.81
0,90.82
0,90.81
0,90.79
0,90.81
0,90.8
0,90.84
0,90.84
0,90.84
0,90.8
0,90.77
0,90.79
0,90.82
0,90.9
0,90.91
0,90.92
0,90.94
0,90.95
0,90.94
0,90.98
0,90.98
0,90.9
0,90.9
0,90.85
0,90.84
0,90.89
0,90.87
0,90.87
0,90.84
0,90.85
0,90.87
0,90.87
0,90.85
0,90.85
0,90.79
0,90.79
0,90.78
0,90.8
0,90.81
0,90.83
0,90.83
0,90.84
0,90.88
0,90.87
0,90.92
0,90.95
0,90.99
0,90.96
0,90.97
0,90.98
0,91.01
0,91
0,90.97
0,90.95
0,90.93
0,90.95
0,91
0,90.92
0,90.9
0,90.91
0,90.99
0,90.99
0,91.01
0,91.01
0,91
0,91
0,91.01
0,91.01
0,91.03
0,91.14
0,91.06
0,91.1
0,91.09
0,91.08
0,91.06
0,91.1
0,91.1
0,91.1
0,91.11
0,91.09
0,91.1
0,91.16
0,91.15
0,91
0,90.95
0,91.05
0,91
0,91.01
0,91
0,90.97
0,90.96
0,90.97
0,90.98
0,91.01
0,91.01
0,90.97
0,91
0,91.01
0,90.99
0,90.99
0,90.97
0,90.94
0,90.97
0,90.97
0,90.98
0,90.98
0,90.99
0,90.98
0,91.01
0,91.03
0,91.06
0,91.14
0,91.17
0,91.16
0,91.15
0,91.18
0,91.2
0,91.17
0,91.16
0,91.15
0,91.15
0,91.17
0,91.16
0,91.14
0,91.11
0,91.13
0,91.18
0,91.16
0,91.12
0,91.07
0,91.08
0,91.06
0,91.07
0,91.11
0,91.13
0,91.12
0,91.11
0,91.1
0,91.12
0,91.12
0,91.1
0,91.09
0,91.08
0,91.09
0,91.06
0,91.08
0,91.07
0,91.06
0,91.01
0,90.99
0,91.02
0,91.07
0,91.06
0,91.07
0,91.07
0,91.09
0,91.11
0,91.12
0,91.12
0,91.06
0,91.05
0,91.1
0,91.12
0,90.94
0,90.95
0,90.93
0,90.92
0,91
0,90.99
0,91.01
0,90.97
0,90.95
0,90.97
0,90.99
0,90.99
0,91.02
0,90.99
0,91
0,90.97
0,90.94
0,90.98
0,91.04
0,91.02
0,91.03
0,91.1
0,91.09
0,91.12
0,91.17
0,91.18
0,91.28
0,91.25
0,91.29
0,91.2
0,91.22
0,91.26
0,91.24
0,91.15
0,91.05
0,91.05
0,91.1
0,91.09
0,91.07
0,91.07
0,91.07
0,91.07
0,91.09
0,91.1
0,91.1
0,91.19
0,91.2
0,91.19
0,91.19
0,91.2
0,91.2
0,91.22
0,91.16
0,91.18
0,91.2
0,91.19
0,91.21
0,91.22
0,91.17
0,91.16
0,91.16
0,91.13
0,91.11
0,91.14
0,91.18
0,91.18
0,91.17
0,91.16
0,91.16
0,91.14
0,91.13
0,91.09
0,91.08
0,91.09
0,91.15
0,91.13
0,91.15
0,91.15
0,91.17
0,91.15
0,91.14
0,91.14
0,91.1
0,91.1
0,91.14
0,91.14
0,91.15
0,91.12
0,91.14
0,91.13
0,91.15
0,91.15
0,91.18
0,91.15
0,91.17
0,91.18
0,91.16
0,91.19
0,91.2
0,91.22
0,91.24
0,91.16
0,91.16
0,91.15
0,91.12
0,91.08
0,91.08
0,91.1
0,91.09
0,91.07
0,91.04
0,91.05
0,91.07
0,91.09
0,91.04
0,91.03
0,91.03
0,91.02
0,91.02
0,91.05
0,91.06
0,91.07
0,91.05
0,91.04
0,91.02
0,91.01
0,91.01
0,91.03
0,91.02
0,91.07
0,91.08
0,91.06
0,91.05
0,91.04
0,91.08
0,91.08
0,91.07
0,81.46
0,81.78
0,82.62
0,83.01
0,83.3
0,82.47
0,82.51
0,81.9
0,81.97
0,81.7
0,81.74
0,81.74
0,81.99
0,82.01
0,82.04
0,81.89
0,81.94
0,81.78
0,81.78
0,81.79
0,81.56
0,81.26
0,81.14
0,81.31
0,81.63
0,81.52
0,81.88
0,81.84
0,81.87
0,81.89
0,81.77
0,82.05
0,82.09
0,82.24
0,82.28
0,82.29
0,82.45
0,82.38
0,82.37
0,82.41
0,82.6
0,82.67
0,82.76
0,82.78
0,82.77
0,82.72
0,82.79
0,83.16
0,83.29
0,83.28
0,83.09
0,83.34
0,83.28
0,82.93
0,83.11
0,83.21
0,83.15
0,83.03
0,82.89
0,83.21
0,83.26
0,83.33
0,83.17
0,83.02
0,83.12
0,82.97
0,82.9
0,82.81
0,82.83
0,82.94
0,83.01
0,82.92
0,82.86
0,82.81
0,82.82
0,82.94
0,83.07
0,83
0,83.01
0,83.12
0,83.13
0,83.13
0,83.15
0,83.02
0,83.08
0,83.2
0,83.27
0,83.13
0,83.2
0,83.04
0,82.91
0,82.94
0,82.93
0,82.85
0,82.95
0,83.02
0,83.03
0,82.98
0,83.01
0,82.99
0,83.01
0,82.97
0,82.98
0,82.92
0,82.94
0,82.95
0,82.97
0,82.94
0,82.83
0,82.7
0,82.56
0,82.49
0,82.53
0,82.45
0,82.54
0,82.51
0,82.44
0,82.5
0,82.52
0,82.42
0,82.45
0,82.48
0,82.36
0,82.48
0,82.49
0,82.49
0,82.49
0,82.51
0,82.59
0,82.69
0,82.49
0,82.49
0,82.47
0,82.46
0,82.45
0,82.49
0,82.49
0,82.42
0,82.37
0,82.32
0,82.3
0,82.34
0,82.46
0,82.52
0,82.61
0,82.6
0,82.6
0,82.63
0,82.56
0,82.53
0,82.53
0,82.59
0,82.73
0,82.65
0,82.67
0,82.6
0,82.62
0,82.61
0,82.74
0,83.02
0,82.81
0,82.67
0,82.61
0,82.54
0,82.55
0,82.53
0,82.53
0,82.47
0,82.28
0,82.12
0,82.26
0,82.22
0,82.22
0,82.17
0,82.13
0,82.06
0,82.06
0,82.11
0,82.09
0,82.04
0,81.99
0,82.16
0,82.23
0,82.15
0,82.13
0,82.1
0,82.11
0,82.12
0,82.13
0,82.09
0,82.07
0,81.97
0,82.03
0,82.11
0,82.12
0,82.13
0,82.23
0,82.22
0,82.19
0,82.24
0,82.14
0,82.07
0,81.95
0,82.08
0,82.06
0,82.11
0,82.18
0,82.19
0,82.25
0,82.25
0,82.28
0,82.18
0,82.29
0,82.18
0,82.13
0,82.13
0,82.11
0,82.08
0,82.25
0,82.31
0,82.18
0,82.14
0,82.21
0,82.21
0,82.17
0,82.17
0,82.21
0,82.44
0,82.37
0,82.42
0,82.42
0,82.42
0,82.38
0,82.15
0,82.07
0,82.16
0,82.07
0,82.11
0,82
0,82.01
0,82.04
0,82.11
0,82.23
0,82.14
0,82.19
0,82.09
0,82.04
0,82.11
0,82.03
0,81.98
0,82.06
0,82.03
0,82.07
0,81.98
0,82.05
0,82.05
0,82.07
0,82.12
0,82.09
0,82.09
0,82.04
0,81.99
0,81.98
0,81.99
0,81.99
0,82.03
0,82.01
0,82.04
0,82.03
0,82.05
0,82.06
0,82.05
0,82.05
0,82.1
0,82.11
0,82.15
0,82.11
0,82.1
0,82.08
0,82.11
0,82.12
0,82.14
0,82.13
0,82.13
0,82.13
0,82.13
0,82.1
0,82.08
0,82.09
0,82.11
0,82.09
0,82.1
0,82.12
0,82.08
0,82.07
0,82.06
0,82.06
0,82.08
0,82.17
0,82.15
0,82.15
0,82.13
0,82.17
0,82.24
0,82.25
0,82.3
0,82.29
0,82.29
0,82.27
0,82.34
0,82.28
0,82.29
0,82.28
0,82.27
0,82.26
0,82.25
0,82.21
0,82.23
0,82.21
0,82.15
0,82.14
0,82.14
0,82.07
0,82.12
0,82.09
0,82.14
0,82.13
0,82.2
0,82.16
0,82.16
0,82.15
0,82.18
0,82.24
0,82.16
0,82.17
0,82.12
0,82.1
0,82.14
0,82.11
0,82.14
0,82.23
0,82.25
0,82.25
0,82.28
0,82.3
0,82.25
0,82.23
0,82.19
0,82.15
0,82.09
0,82.01
0,81.85
0,81.84
0,81.86
0,81.73
0,81.72
0,81.72
0,81.62
0,81.68
0,81.87
0,81.75
0,81.71
0,81.73
0,81.63
0,81.66
0,81.58
0,81.4
0,81.45
0,81.49
0,81.46
0,81.28
0,81.26
0,81.22
0,81.14
0,81.16
0,81.17
0,81.2
0,81.21
0,81.19
0,81.2
0,81.2
0,81.21
0,81.21
0,81.36
0,81.4
0,81.33
0,81.37
0,81.43
0,81.39
0,81.44
0,81.62
0,81.65
0,81.61
0,81.59
0,81.59
0,81.64
0,81.56
0,81.55
0,81.59
0,81.64
0,81.72
0,81.8
0,81.71
0,81.9
0,81.74
0,81.93
0,81.9
0,81.98
0,81.99
0,82
0,81.96
0,81.95
0,81.97
0,81.86
0,81.92
0,81.95
0,81.97
0,81.94
0,81.94
0,81.97
0,81.92
0,81.95
0,81.91
0,81.89
0,81.91
0,81.94
0,81.89
0,81.95
0,81.93
0,81.94
0,81.92
0,81.92
0,81.91
0,81.97
0,81.95
0,81.94
0,81.91
0,81.88
0,81.85
0,81.95
0,81.93
0,81.93
0,81.91
0,81.9
0,81.82
0,81.74
0,81.51
0,81.55
0,81.5
0,81.57
0,81.61
0,81.62
0,81.62
0,81.53
0,81.48
0,81.5
0,81.44
0,81.49
0,81.47
0,81.41
0,81.49
0,81.41
0,81.46
0,81.36
0,81.54
0,81.56
0,81.59
0,81.64
0,81.62
0,81.68
0,81.78
0,81.88
0,81.89
0,81.83
0,81.83
0,81.77
0,81.7
0,81.87
0,81.86
0,81.91
0,81.84
0,81.82
0,81.77
0,81.69
0,81.76
0,81.72
0,81.76
0,81.79
0,81.68
0,81.69
0,81.7
0,81.82
0,81.84
0,81.85
0,81.88
0,81.89
0,81.9
0,81.98
0,82.07
0,81.26
0,81.45
0,81.31
0,81.38
0,81.26
0,81.28
0,81.21
0,81.26
0,81.13
0,81.17
0,80.91
0,80.84
0,80.95
0,81.06
0,81.12
0,81.13
0,81.39
0,81.48
0,81.38
0,81.41
0,81.67
0,81.53
0,81.47
0,81.47
0,81.47
0,81.46
0,81.52
0,81.39
0,81.42
0,81.63
0,81.53
0,81.57
0,81.52
0,81.44
0,81.51
0,81.45
0,81.4
0,81.53
0,81.47
0,81.49
0,81.44
0,81.44
0,81.45
0,81.29
0,81.3
0,81.34
0,81.34
0,81.33
0,81.35
0,81.31
0,81.31
0,81.33
0,81.36
0,81.43
0,81.39
0,81.4
0,81.36
0,81.31
0,81.18
0,81.19
0,81.17
0,81.19
0,81.21
0,81.23
0,81.3
0,81.33
0,81.33
0,81.31
0,81.15
0,81.08
0,80.97
0,80.89
0,80.85
0,80.95
0,80.91
0,80.97
0,81.16
0,81.05
0,81.15
0,81.26
0,81.38
0,81.37
0,81.33
0,81.32
0,81.41
0,81.33
0,81.31
0,81.32
0,81.31
0,81.54
0,81.45
0,81.26
0,81.32
0,81.3
0,81.36
0,81.4
0,81.37
0,81.4
0,81.34
0,81.27
0,81.28
0,81.21
0,81.18
0,81.18
0,81.17
0,81.05
0,81.07
0,81.01
0,81.02
0,81.06
0,81.13
0,81.26
0,81.23
0,81.29
0,81.28
0,81.28
0,81.15
0,81.17
0,81.14
0,81.09
0,81.03
0,81.09
0,81.12
0,81.11
0,81.13
0,81.13
0,81.12
0,81.11
0,81.14
0,81.19
0,81.16
0,81.16
0,81.21
0,81.23
0,81.28
0,81.18
0,81.17
0,81.22
0,81.21
0,81.15
0,81.16
0,81.16
0,81.14
0,81.14
0,81.16
0,81.15
0,81.13
0,81.16
0,81.17
0,81.21
0,81.2
0,81.19
0,81.13
0,81.13
0,81.16
0,81.16
0,81.18
0,81.16
0,81.15
0,81.16
0,81.17
0,81.15
0,81.19
0,81.18
0,81.15
0,81.15
0,81.15
0,81.17
0,81.16
0,81.16
0,81.17
0,81.18
0,81.23
0,81.21
0,81.22
0,81.2
0,81.19
0,81.11
0,81.11
0,81.11
0,81.14
0,81.15
0,81.13
0,81.16
0,81.16
0,81.19
0,81.19
0,81.21
0,81.22
0,81.21
0,81.21
0,81.16
0,81.17
0,81.17
0,81.15
0,81.14
0,81.11
0,81.12
0,81.13
0,81.12
0,81.13
0,81.12
0,81.17
0,81.16
0,81.14
0,81.11
0,81.15
0,81.15
0,81.18
0,81.16
0,81.13
0,81.21
0,81.21
0,81.22
0,81.22
0,81.22
0,81.24
0,81.23
0,81.23
0,81.21
0,81.17
0,81.19
0,81.19
0,81.21
0,81.19
0,81.18
0,81.19
0,81.2
0,81.21
0,81.2
0,81.19
0,81.2
0,81.19
0,81.13
0,81.11
0,81.09
0,81.11
0,81.11
0,81.14
0,81.18
0,81.16
0,81.17
0,81.15
0,81.14
0,81.13
0,81.13
0,81.12
0,81.16
0,81.13
0,81.13
0,81.18
0,81.19
0,81.21
0,81.21
0,81.2
0,81.19
0,81.21
0,81.22
0,81.2
0,81.2
0,81.16
0,81.2
0,81.27
0,81.28
0,81.26
0,81.24
0,81.19
0,81.2
0,81.15
0,81.14
0,81.14
0,81.13
0,81.13
0,81.12
0,81.11
0,81.09
0,81.12
0,81.09
0,81.1
0,81.09
0,81.18
0,81.15
0,81.17
0,81.2
0,81.16
0,81.15
0,81.15
0,81.11
0,81.11
0,81.05
0,81.05
0,81.1
0,81.07
0,81.05
0,81.04
0,81.07
0,81.11
0,81.09
0,81.08
0,81.11
0,81.12
0,81.14
0,81.13
0,81.19
0,81.16
0,81.15
0,81.18
0,81.17
0,81.18
0,81.26
0,81.25
0,81.25
0,81.23
0,81.04
0,81.05
0,81.07
0,81.16
0,81.17
0,81.15
0,81.15
0,81.13
0,81.13
0,81.12
0,81.13
0,81.13
0,81.13
0,81.11
0,81.08
0,81.01
0,81.11
0,81.12
0,81.07
0,81.05
0,81.06
0,81.06
0,81.04
0,80.98
0,80.99
0,81.03
0,81.02
0,80.99
0,81
0,80.95
0,80.91
0,80.97
0,80.98
0,80.97
0,80.89
0,80.84
0,80.84
0,80.82
0,80.87
0,80.83
0,80.77
0,80.77
0,80.8
0,80.71
0,80.62
0,80.75
0,80.73
0,80.67
0,80.69
0,80.7
0,80.76
0,81.03
0,80.97
0,80.99
0,80.98
0,80.95
0,80.95
0,80.94
0,80.88
0,80.87
0,80.91
0,80.93
0,80.94
0,80.91
0,80.91
0,80.91
0,80.93
0,80.91
0,80.94
0,80.93
0,80.92
0,80.92
0,80.87
0,80.9
0,80.9
0,80.95
0,80.9
0,80.91
0,80.93
0,80.95
0,80.99
0,81
0,81.05
0,81.08
0,81.11
0,81.07
0,81.08
0,81.09
0,81.12
0,81.11
0,81.15
0,81.13
0,81.15
0,81.26
0,81.2
0,81.2
0,81.14
0,81.17
0,81.21
0,81.22
0,81.22
0,81.25
0,81.29
0,81.36
0,81.4
0,81.36
0,81.35
0,81.35
0,81.37
0,81.37
0,81.38
0,81.38
0,81.39
0,81.36
0,81.35
0,81.34
0,81.39
0,81.43
0,81.42
0,81.39
0,81.38
0,81.32
0,81.35
0,81.37
0,81.4
0,81.39
0,81.39
0,81.35
0,81.33
0,81.32
0,81.32
0,81.34
0,81.33
0,81.26
0,81.2
0,81.23
0,81.25
0,81.25
0,81.28
0,81.29
0,81.25
0,81.27
0,81.27
0,81.28
0,81.29
0,81.3
0,81.34
0,81.33
0,81.32
0,81.33
0,81.29
0,81.35
0,81.41
0,81.4
0,81.38
0,81.46
0,59.8
0,59.85
0,59.75
0,59.7
0,59.8
0,59.85
0,59.8
0,59.95
0,59.9
0,59.95
0,60.55
0,60.25
0,60.3
0,60.25
0,60.2
0,60.15
0,60.2
0,60.15
0,60.1
0,60.15
0,60.1
0,60.15
0,60.15
0,60.15
0,60.1
0,60.15
0,60.1
0,60.15
0,60.15
0,60.15
0,60.15
0,60.15
0,60.2
0,60.15
0,60.15
0,60.1
0,60.15
0,60.15
0,60.1
0,60.15
0,60.1
0,60.15
0,60.15
0,60.2
0,60.2
0,60.2
0,60.25
0,60.25
0,60.3
0,60.35
0,60.3
0,60.35
0,60.35
0,60.35
0,60.3
0,60.35
0,60.35
0,60.35
0,60.35
0,60.4
0,60.35
0,60.3
0,60.4
0,60.35
0,60.35
0,60.45
0,60.5
0,60.35
0,60.35
0,60.3
0,60.2
0,60.2
0,60.25
0,60.25
0,60.25
0,60.2
0,60.15
0,60.25
0,60.25
0,60.25
0,60.2
0,60.25
0,60.3
0,60.25
0,60.3
0,60.25
0,60.15
0,60.25
0,60.3
0,60.25
0,60.2
0,60.2
0,60.2
0,60.25
0,60.25
0,60.3
0,60.3
0,60.35
0,60.35
0,60.4
0,60.4
0,60.35
0,60.4
0,60.3
0,60.3
0,60.3
0,60.35
0,60.3
0,60.35
0,60.35
0,60.3
0,60.35
0,60.35
0,60.25
0,60.25
0,60.2
0,60.2
0,60.25
0,60.15
0,60.15
0,60.15
0,60.15
0,60.05
0,60.1
0,60.15
0,60.15
0,60.15
0,60.1
0,60.15
0,60.1
0,60.1
0,60.15
0,60.15
0,60.25
0,60.2
0,60.25
0,60.2
0,60.25
0,60.2
0,60.25
0,60.15
0,60.15
0,60.1
0,60.15
0,60.15
0,60.15
0,60.05
0,60.1
0,60.05
0,60.05
0,60.1
0,60.15
0,60.15
0,60.2
0,60.15
0,60.05
0,60.1
0,60.15
0,60.05
0,59.9
0,59.85
0,59.35
0,59.65
0,60.35
0,60.25
0,60.2
0,60.25
0,60.3
0,60.3
0,60.25
0,60.3
0,60.35
0,60.35
0,60.3
0,60.25
0,60.2
0,60.2
0,60.15
0,60.25
0,60.3
0,60.25
0,60.3
0,60.4
0,60.3
0,60.3
0,60.5
0,60.6
0,60.6
0,60.55
0,60.65
0,60.55
0,60.5
0,60.55
0,60.6
0,60.55
0,60.55
0,60.65
0,60.65
0,60.7
0,60.7
0,60.7
0,60.65
0,60.65
0,60.6
0,60.65
0,60.65
0,60.65
0,60.7
0,60.6
0,60.65
0,60.6
0,60.65
0,60.6
0,60.65
0,60.6
0,60.55
0,60.6
0,60.65
0,60.7
0,60.65
0,60.65
0,60.7
0,60.65
0,60.65
0,60.65
0,60.6
0,60.65
0,60.6
0,60.65
0,60.6
0,60.65
0,60.6
0,60.6
0,60.65
0,60.7
0,60.65
0,60.7
0,60.65
0,60.7
0,60.65
0,60.7
0,60.65
0,60.7
0,60.75
0,60.65
0,60.7
0,60.65
0,60.65
0,60.65
0,60.65
0,60.7
0,60.6
0,60.6
0,60.5
0,60.4
0,60.45
0,60.4
0,60.4
0,60.45
0,60.4
0,60.5
0,60.4
0,60.3
0,60.3
0,60.35
0,60.4
0,60.4
0,60.45
0,60.4
0,60.45
0,60.4
0,60.35
0,60.3
0,60.1
0,60.15
0,60.25
0,60.4
0,60.5
0,60.55
0,60.6
0,60.55
0,60.55
0,60.55
0,60.6
0,60.45
0,60.5
0,60.55
0,60.6
0,60.45
0,60.55
0,60.55
0,60.6
0,60.5
0,61.15
0,61.15
0,61.15
0,61.2
0,61.15
0,61.25
0,61.2
0,61.05
0,61
0,60.95
0,61
0,61.15
0,61.05
0,60.95
0,61
0,60.95
0,60.85
0,60.9
0,60.95
0,60.85
0,60.9
0,60.95
0,60.95
0,61
0,60.9
0,60.95
0,61
0,61
0,60.95
0,60.9
0,60.8
0,60.8
0,60.9
0,60.95
0,60.8
0,60.85
0,60.8
0,60.9
0,60.85
0,60.9
0,60.85
0,60.9
0,60.85
0,60.95
0,60.95
0,61
0,60.85
0,60.85
0,60.85
0,60.95
0,60.9
0,61
0,61.1
0,61.15
0,61.2
0,61.2
0,61.15
0,61.3
0,61.4
0,61.4
0,61.35
0,61.3
0,61.2
0,61.35
0,61.3
0,61.45
0,61.45
0,61.4
0,61.45
0,61.65
0,61.65
0,61.45
0,61.5
0,61.45
0,61.45
0,61.35
0,61.25
0,61.35
0,61.3
0,61.35
0,61.3
0,61.25
0,61.25
0,61.1
0,61.05
0,61.05
0,60.8
0,60.85
0,60.85
0,60.85
0,60.8
0,60.85
0,60.8
0,60.85
0,60.85
0,60.85
0,60.75
0,60.8
0,60.75
0,60.85
0,60.9
0,60.8
0,60.9
0,60.8
0,60.9
0,60.85
0,60.8
0,60.9
0,61
0,60.9
0,61
0,60.9
0,60.85
0,60.6
0,60.5
0,60.6
0,60.65
0,60.65
0,60.7
0,60.65
0,60.7
0,60.6
0,60.65
0,60.6
0,60.6
0,60.65
0,60.6
0,60.65
0,60.7
0,60.75
0,60.9
0,54.05
0,60.7
0,60.75
0,61
0,60.85
0,60.6
0,60.65
0,60.7
0,60.55
0,60.55
0,60.6
0,60.55
0,60.6
0,60.55
0,60.6
0,60.65
0,60.55
0,60.6
0,60.65
0,60.65
0,60.6
0,60.55
0,60.55
0,60.5
0,60.6
0,60.65
0,60.55
0,60.55
0,60.55
0,60.65
0,60.65
0,60.6
0,60.65
0,60.5
0,60.55
0,60.55
0,60.5
0,60.55
0,60.55
0,60.5
0,60.45
0,60.35
0,60.4
0,60.35
0,60.4
0,60.4
0,60.35
0,60.4
0,60.45
0,60.45
0,60.5
0,60.5
0,60.4
0,60.45
0,60.4
0,60.45
0,60.45
0,60.45
0,60.4
0,60.3
0,60.25
0,60.15
0,60.15
0,60.25
0,60.2
0,60.25
0,60.45
0,60.4
0,60.4
0,60.4
0,60.45
0,60.45
0,60.45
0,60.45
0,60.5
0,60.45
0,60.5
0,60.45
0,60.4
0,60.45
0,60.45
0,60.5
0,60.45
0,60.4
0,60.35
0,60.35
0,60.25
0,60.2
0,60.15
0,60
0,60.05
0,60
0,59.95
0,60.05
0,60.1
0,60
0,59.95
0,59.95
0,60.1
0,60.05
0,60.05
0,60.1
0,60.2
0,60.2
0,60.25
0,60.2
0,60.3
0,60.35
0,60.25
0,60.15
0,60.1
0,60.05
0,60.05
0,60.1
0,60.05
0,60.1
0,60.05
0,60.1
0,60.05
0,60.1
0,60.05
0,60
0,60.05
0,60.1
0,60.05
0,60
0,60.1
0,60.05
0,60.1
0,60.05
0,60.1
0,60
0,60.1
0,60.05
0,60.1
0,60.05
0,60.1
0,60.15
0,60.2
0,60.2
0,60.15
0,60.15
0,60.25
0,60.15
0,60.1
0,60.05
0,60.05
0,60.05
0,60.1
0,60.05
0,59.95
0,59.8
0,59.75
0,59.9
0,59.85
0,59.8
0,59.9
0,59.75
0,59.8
0,59.7
0,59.65
0,59.65
0,59.7
0,59.6
0,59.65
0,59.6
0,59
0,58.85
0,58
0,58.7
0,58.8
0,58.95
0,58.95
0,59.05
0,59.1
0,59.05
0,59.1
0,59.15
0,59.2
0,59.3
0,59.3
0,59.2
0,59.15
0,59.1
0,59.15
0,59.1
0,59
0,58.9
0,58.95
0,59.05
0,59.15
0,59.1
0,59.15
0,59.15
0,59.1
0,59
0,58.95
0,58.95
0,59
0,58.95
0,59
0,59.05
0,59.15
0,59.2
0,59.2
0,59.2
0,59.1
0,59.2
0,59.2
0,59.1
0,59.15
0,59.05
0,59.1
0,59.05
0,59
0,59.05
0,59.05
0,59.1
0,59.15
0,59.25
0,59.1
0,59.2
0,59.3
0,59.2
0,59.25
0,59.15
0,59.1
0,59.05
0,58.95
0,59.05
0,59.15
0,59.25
0,59.25
0,59.25
0,59.2
0,59.2
0,59.15
0,59.15
0,59.2
0,59.2
0,59.1
0,59.05
0,59.1
0,59.05
0,59.1
0,59.05
0,59.1
0,59.15
0,59.1
0,59.05
0,58.95
0,59
0,58.95
0,58.9
0,58.9
0,58.85
0,58.9
0,58.9
0,58.9
0,58.9
0,59
0,58.95
0,59.05
0,59.1
0,58.95
0,58.9
0,58.8
0,58.85
0,58.9
0,58.95
0,59.1
0,59.05
0,59.05
0,59.1
0,59.2
0,59.2
0,59.25
0,59.2
0,59.25
0,59.3
0,59.2
0,59.25
0,59.3
0,59.25
0,59.3
0,59.25
0,59.15
0,59.1
0,59.15
0,59.05
0,59.1
0,59.2
0,59.15
0,59.1
0,59.15
0,59.2
0,59.2
0,59.3
0,59.2
0,59.15
0,59.05
0,59.1
0,59.2
0,59.15
0,59.2
0,59.15
0,59.1
0,59.15
0,59.05
0,59.2
0,59.2
0,59.15
0,59.15
0,59.1
0,59.15
0,59.2
0,59.15
0,59.15
0,59.25
0,59.25
0,59.25
0,59.35
0,59.3
0,59.35
0,59.45
0,59.4
0,59.4
0,59.95
0,59.9
0,59.9
0,59.9
0,59.95
0,60.05
0,60.2
0,60.25
0,60.2
0,60.25
0,60.25
0,60.3
0,60.25
0,60.3
0,60.25
0,60.2
0,60.2
0,60.25
0,60.2
0,60.25
0,60.2
0,60.25
0,60.3
0,60.25
0,60.2
0,60.25
0,60.2
0,60.25
0,60.25
0,60.2
0,60.15
0,60.1
0,60.15
0,60
0,60
0,60.1
0,60
0,60
0,60.05
0,60
0,60.05
0,60.1
0,60.2
0,60.15
0,60.2
0,60.15
0,60.2
0,60.15
0,60.2
0,60.15
0,60.15
0,60.2
0,60.2
0,60.2
0,60.2
0,60.25
0,60.15
0,60.1
0,60.05
0,60.15
0,60.15
0,60.1
0,60.1
0,60.15
0,60.1
0,60.15
0,60.1
0,60.2
0,60.2
0,60.1
0,60
0,60
0,59.95
0,59.9
0,59.9
0,59.95
0,59.9
0,60
0,59.95
0,60.05
0,60.05
0,60
0,60.1
0,60.05
0,60.05
0,60.1
0,60.1
0,60.2
0,60.15
0,60.2
0,60.15
0,60.1
0,60.1
0,60
0,60.05
0,60.1
0,60.05
0,60.05
0,60
0,60.1
0,60.05
0,60
0,59.95
0,59.95
0,60
0,60
0,60.05
0,60
0,60
0,59.95
0,60
0,59.9
0,59.95
0,59.9
0,59.9
0,59.85
0,59.9
0,59.8
0,59.95
0,59.9
0,59.95
0,59.95
0,59.95
0,60
0,60.1
0,60.2
0,60.15
0,60.05
0,60
0,60.05
0,60
0,60.05
0,60.05
0,60.1
0,60.1
0,60.05
0,60
0,60.1
0,60.05
0,60
0,59.95
0,59.8
0,59.9
0,59.95
0,59.95
0,60
0,59.9
0,60.2
0,60.25
0,60.15
0,60.2
0,60.15
0,60.2
0,60.2
0,60.2
0,60.25
0,60.3
0,60.15
0,60.2
0,60.2
0,60.1
0,59.95
0,60
0,59.95
0,60
0,59.9
0,59.95
0,60
0,60.05
0,60
0,60.1
0,60.05
0,60.05
0,60.15
0,60.1
0,60.15
0,60.2
0,60.2
0,60.35
0,60.3
0,60.3
0,60.35
0,60.35
0,60.4
0,60.35
0,60.3
0,60.35
0,60.3
0,60.25
0,60.25
0,60.35
0,60.3
0,60.35
0,60.25
0,60.25
0,60.3
0,60.25
0,60.25
0,60.25
0,60.2
0,60.25
0,60.35
0,60.35
0,60.3
0,60.3
0,60.35
0,60.3
0,60.35
0,60.3
0,60.25
0,60.3
0,60.25
0,60.3
0,60.25
0,60.25
0,60.2
0,60.15
0,60.1
0,60.05
0,60.15
0,60.15
0,60.15
0,60.15
0,60.15
0,60.1
0,60.05
0,60.05
0,60.1
0,60.05
0,60.1
0,60.05
0,60.1
0,60
0,60.05
0,59.95
0,59.85
0,59.85
0,59.95
0,59.9
0,59.95
0,59.95
0,59.85
0,59.95
0,60
0,60.05
0,60
0,60.05
0,60
0,60.05
0,60
0,60.05
0,60.1
0,59.95
0,60.1
0,60.05
0,60.1
0,60.25
0,60.2
0,60.2
0,60.25
0,60.2
0,60.2
0,60.25
0,60.2
0,60.1
0,60.05
0,60.1
0,60.1
0,60.1
0,60.15
0,60.1
0,60.15
0,60.1
0,60.15
0,60.1
0,60.15
0,60.1
0,60.15
0,60.15
0,60.15
0,60.1
0,60.15
0,60.15
0,60.1
0,60.15
0,60.15
0,60.1
0,60.15
0,60.15
0,60.2
0,60.3
0,60.25
0,60.2
0,60.15
0,60.15
0,60.15
0,60.2
0,60.15
0,60.2
0,60.15
0,60.2
0,60.25
0,60.2
0,60.25
0,60.3
0,60.3
0,60.25
0,60.3
0,60.3
0,60.3
0,60.35
0,60.3
0,60.35
0,60.45
0,60.45
0,60.45
0,60.45
0,60.5
0,60.4
0,60.4
0,60.45
0,60.45
0,60.5
0,60.5
0,60.55
0,60.55
0,60.75
0,60.9
0,60.8
0,60.7
0,60.75
0,60.75
0,60.8
0,60.8
0,60.75
0,60.75
0,60.75
0,60.8
0,60.9
0,60.85
0,60.85
0,60.9
0,60.8
0,60.9
0,60.8
0,60.75
0,60.8
0,60.8
0,60.85
0,60.85
0,60.75
0,60.75
0,60.8
0,60.8
0,60.7
0,60.6
0,60.7
0,60.7
0,60.75
0,60.8
0,60.85
0,60.9
0,60.95
0,60.9
0,60.85
0,60.85
0,60.85
0,60.9
0,60.85
0,60.85
0,60.9
0,60.8
0,60.85
0,60.8
0,60.8
0,60.85
0,60.8
0,60.75
0,60.85
0,59.95
0,59.85
0,60.85
0,60.65
0,60.6
0,60.6
0,60.6
0,60.65
0,60.55
0,60.65
0,60.75
0,60.7
0,60.65
0,60.6
0,60.55
0,60.5
0,60.45
0,60.45
0,60.6
0,60.5
0,60.6
0,60.45
0,60.5
0,60.6
0,60.65
0,60.6
0,60.5
0,60.4
0,60.45
0,60.45
0,60.5
0,60.45
0,60.5
0,60.5
0,60.45
0,60.5
0,60.5
0,60.5
0,60.45
0,60.45
0,60.35
0,60.35
0,60.4
0,60.35
0,60.4
0,60.35
0,60.3
0,60.4
0,60.35
0,60.3
0,60.35
0,60.35
0,60.3
0,60.35
0,60.5
0,60.45
0,60.4
0,60.4
0,60.4
0,60.45
0,60.4
0,60.5
0,60.4
0,60.4
0,60.45
0,60.45
0,60.45
0,60.35
0,60.45
0,60.4
0,60.4
0,60.4
0,60.35
0,60.45
0,60.4
0,60.45
0,60.45
0,60.4
0,60.5
0,60.45
0,60.4
0,60.45
0,60.4
0,60.4
0,60.45
0,60.4
0,60.4
0,60.45
0,60.4
0,60.3
0,60.35
0,60.45
0,60.35
0,60.4
0,60.4
0,60.4
0,60.35
0,60.4
0,60.35
0,60.4
0,60.35
0,60.3
0,60.45
0,60.5
0,60.6
0,60.65
0,60.8
0,60.7
0,60.65
0,60.75
0,60.7
0,60.75
0,60.7
0,60.7
0,60.75
0,60.85
0,60.85
0,60.85
0,60.9
0,60.85
0,60.9
0,60.85
0,60.9
0,61
0,60.95
0,60.95
0,61
0,60.95
0,61
0,60.95
0,60.95
0,60.9
0,60.95
0,60.95
0,60.95
0,60.9
0,60.95
0,60.95
0,60.9
0,60.95
0,60.9
0,60.95
0,60.95
0,60.95
0,61.05
0,61.05
0,61.05
0,61.1
0,61.55
0,61.55
0,60.65
0,60.6
0,60.65
0,60.6
0,60.65
0,60.55
0,60.65
0,60.55
0,60.6
0,60.6
0,60.6
0,60.65
0,60.65
0,60.55
0,60.6
0,60.65
0,60.6
0,60.6
0,60.5
0,60.45
0,60.55
0,60.5
0,60.45
0,60.5
0,60.5
0,60.5
0,60.55
0,60.55
0,60.5
0,60.55
0,60.5
0,60.35
0,60.35
0,60.45
0,60.5
0,60.45
0,60.5
0,60.4
0,60.5
0,60.4
0,60.4
0,60.5
0,60.45
0,60.45
0,60.45
0,60.45
0,60.45
0,60.4
0,60.45
0,60.4
0,60.45
0,60.45
0,60.4
0,60.45
0,60.4
0,60.5
0,60.45
0,60.45
0,60.5
0,60.55
0,60.65
0,60.7
0,60.65
0,60.6
0,60.7
0,60.7
0,60.65
0,60.6
0,60.65
0,60.55
0,60.65
0,60.7
0,60.75
0,60.75
0,60.85
0,60.8
0,60.85
0,60.85
0,60.85
0,60.8
0,60.8
0,60.8
0,60.85
0,60.85
0,60.85
0,60.9
0,60.85
0,60.9
0,60.85
0,60.95
0,60.9
0,60.95
0,61
0,60.95
0,61
0,61.05
0,60.95
0,61.1
0,61
0,61.05
0,61.05
0,61
0,61.05
0,61.1
0,61.15
0,61.2
0,61.25
0,61.25
0,61.25
0,61.25
0,61.25
0,61.25
0,61.2
0,61.25
0,61.25
0,61.15
0,61.25
0,61.1
0,61.05
0,61
0,61.05
0,61
0,60.95
0,60.9
0,60.95
0,60.9
0,60.95
0,60.9
0,60.85
0,60.85
0,60.85
0,60.75
0,60.8
0,60.85
0,60.9
0,60.85
0,60.9
0,60.85
0,60.95
0,60.9
0,60.8
0,60.85
0,60.8
0,60.75
0,60.75
0,60.8
0,60.7
0,60.7
0,60.6
0,60.65
0,60.7
0,60.6
0,60.7
0,60.75
0,60.8
0,60.75
0,60.7
0,60.65
0,60.75
0,60.7
0,60.6
0,60.65
0,60.65
0,60.65
0,60.65
0,60.65
0,60.65
0,60.7
0,60.65
0,60.65
0,60.6
0,60.55
0,60.6
0,60.5
0,60.45
0,60.4
0,60.45
0,60.4
0,60.45
0,60.4
0,60.5
0,60.45
0,60.45
0,60.3
0,60.35
0,60.3
0,60.35
0,60.35
0,60.3
0,60.25
0,60.3
0,60.2
0,60.25
0,60.3
0,60.25
0,60.25
0,60.2
0,60.25
0,60.35
0,60.35
0,60.4
0,60.35
0,60.5
0,60.55
0,60.5
0,60.6
0,60.65
0,60.7
0,60.75
0,60.8
0,60.75
0,60.7
0,60.7
0,60.7
0,60.7
0,60.7
0,60.65
0,60.7
0,60.65
0,60.65
0,60.6
0,60.55
0,60.55
0,60.45
0,60.45
0,60.5
0,60.65
0,60.7
0,60.65
0,60.7
0,60.65
0,60.65
0,60.65
0,60.6
0,60.6
0,60.75
0,60.65
0,60.55
0,60.45
0,60.5
0,60.75
0,60.8
0,60.75
0,60.8
0,60.85
0,60.9
0,60.85
0,60.95
0,61
0,60.95
0,60.85
0,60.9
0,60.85
0,60.95
0,60.9
0,60.95
0,60.95
0,60.95
0,61
0,60.9
0,61
0,61
0,61
0,61
0,60.95
0,60.8
0,60.75
0,60.85
0,60.85
0,60.9
0,60.85
0,60.85
0,60.75
0,60.75
0,60.8
0,60.75
0,60.8
0,60.7
0,60.75
0,60.8
0,60.85
0,60.8
0,60.9
0,60.9
0,60.85
0,60.85
0,60.95
0,61.1
0,61.05
0,61.05
0,61.1
0,61.05
0,61.05
0,61
0,60.9
0,60.95
0,61
0,61.1
0,61.05
0,61.1
0,61.05
0,61
0,61.1
0,61.05
0,61.1
0,61.05
0,61
0,61.05
0,61.05
0,61.05
0,61.1
0,61.05
0,61.1
0,61.1
0,61.05
0,61.1
0,61.1
0,61.05
0,61.1
0,61.1
0,61.05
0,61.05
0,61.1
0,61.05
0,61.05
0,61.1
0,61.05
0,61.1
0,61.05
0,61.1
0,61.05
0,61.1
0,61.1
0,61.05
0,61.1
0,61
0,60.9
0,61
0,61
0,61
0,61
0,60.95
0,61
0,60.95
0,60.9
0,60.8
0,60.85
0,60.85
0,60.85
0,60.85
0,60.85
0,60.9
0,60.85
0,60.8
0,60.85
0,60.7
0,60.7
0,60.7
0,60.65
0,60.7
0,60.7
0,60.65
0,60.65
0,60.7
0,60.7
0,60.75
0,60.75
0,60.7
0,60.7
0,60.8
0,60.85
0,60.85
0,60.8
0,60.9
0,60.95
0,60.5
0,60.5
0,60.75
0,60.7
0,60.65
0,60.6
0,60.65
0,60.65
0,60.65
0,60.7
0,60.65
0,60.7
0,60.65
0,60.6
0,60.6
0,60.6
0,60.65
0,60.6
0,60.65
0,60.5
0,60.6
0,60.55
0,60.55
0,60.5
0,60.55
0,60.55
0,60.5
0,60.55
0,60.65
0,60.7
0,60.75
0,60.75
0,60.8
0,60.85
0,60.8
0,60.8
0,60.85
0,60.8
0,60.85
0,60.9
0,60.85
0,60.85
0,60.75
0,60.75
0,60.8
0,60.75
0,60.75
0,60.8
0,60.75
0,60.7
0,60.6
0,60.7
0,60.65
0,60.7
0,60.6
0,60.65
0,60.6
0,60.65
0,60.6
0,60.6
0,60.65
0,60.6
0,60.65
0,60.75
0,60.8
0,60.75
0,60.8
0,60.75
0,60.75
0,60.75
0,60.85
0,60.85
0,60.85
0,60.8
0,60.75
0,60.7
0,60.75
0,60.8
0,60.75
0,60.7
0,60.75
0,60.7
0,60.7
0,60.65
0,60.55
0,60.5
0,60.55
0,60.6
0,60.5
0,60.35
0,60.4
0,60.35
0,60.4
0,60.4
0,60.35
0,60.4
0,60.3
0,60.4
0,60.35
0,60.35
0,60.3
0,60.25
0,60.2
0,60.2
0,60.1
0,60.05
0,60.1
0,60.1
0,60.05
0,60
0,60.05
0,59.95
0,59.9
0,59.85
0,59.85
0,59.95
0,60
0,59.85
0,59.85
0,59.8
0,59.85
0,59.8
0,59.8
0,59.85
0,59.8
0,59.8
0,59.75
0,59.65
0,59.6
0,59.5
0,59.6
0,59.65
0,59.65
0,59.65
0,59.65
0,59.55
0,59.65
0,59.65
0,59.75
0,60.1
0,59.75
0,59.8
0,59.75
0,59.8
0,59.7
0,59.8
0,59.75
0,59.7
0,59.75
0,59.8
0,59.75
0,59.7
0,59.75
0,59.7
0,59.75
0,59.7
0,59.75
0,59.7
0,59.75
0,59.8
0,59.8
0,59.8
0,59.75
0,59.8
0,59.75
0,59.85
0,59.8
0,59.85
0,59.8
0,59.85
0,59.8
0,59.7
0,59.75
0,59.7
0,59.75
0,59.8
0,59.85
0,59.9
0,59.95
0,59.9
0,60.05
0,59.9
0,60
0,60.05
0,60.1
0,60.1
0,60.3
0,60.45
0,60.35
0,60.3
0,60.35
0,60.3
0,60.35
0,60.3
0,60.2
0,60.3
0,60.2
0,60.25
0,60.3
0,60.35
0,60.25
0,60.35
0,60.35
0,60.35
0,60.3
0,60.3
0,60.35
0,60.4
0,60.35
0,60.3
0,60.35
0,60.3
0,60.3
0,60.35
0,60.35
0,60.25
0,60.3
0,60.3
0,60.3
0,60.35
0,60.3
0,60.3
0,60.25
0,60.25
0,60.35
0,60.4
0,60.35
0,60.3
0,60.35
0,60.4
0,60.35
0,60.35
0,60.4
0,60.35
0,60.35
0,60.3
0,60.25
0,60.2
0,60.2
0,60.25
0,60.35
0,60.35
0,60.3
0,60.1
0,60.15
0,60.2
0,60.15
0,60.2
0,60.15
0,60.15
0,60.05
0,60.1
0,60.05
0,60
0,60.05
0,60
0,60.1
0,60.2
0,60.15
0,60.1
0,60.1
0,60.1
0,60.1
0,60.15
0,60.15
0,60.1
0,60.15
0,60.2
0,60.1
0,60.15
0,60.15
0,60.15
0,60.3
0,60.35
0,60.4
0,60.4
0,60.45
0,60.4
0,60.6
0,60.55
0,60.55
0,60.6
0,60.5
0,60.45
0,60.4
0,60.45
0,60.45
0,60.45
0,60.45
0,60.45
0,60.45
0,60.4
0,60.45
0,60.45
0,60.45
0,60.5
0,60.5
0,60.55
0,60.65
0,60.75
0,60.9
0,60.95
0,61
0,61.1
0,61.15
0,61.05
0,61
0,61.05
0,61
0,60.9
0,60.95
0,60.85
0,60.7
0,60.7
0,60.75
0,60.7
0,60.75
0,60.7
0,60.75
0,60.8
0,60.85
0,60.95
0,60.9
0,60.95
0,61
0,60.95
0,61
0,61
0,61.05
0,61.4
0,61.35
0,61.4
0,61.35
0,61.4
0,61.5
0,61.4
0,61.5
0,61.45
0,61.35
0,61.4
0,61.35
0,61.45
0,61.5
0,61.6
0,61.55
0,61.4
0,61.3
0,61.4
0,61.35
0,61.4
0,61.3
0,61.35
0,61.4
0,61.5
0,61.55
0,61.55
0,61.6
0,61.65
0,61.65
0,61.6
0,61.65
0,61.65
0,61.65
0,61.55
0,61.35
0,61.4
0,61.25
0,61.45
0,61.6
0,61.55
0,61.65
0,61.65
0,61.6
0,61.65
0,61.65
0,61.65
0,61.65
0,61.7
0,61.5
0,61.55
0,61.4
0,61.45
0,61.45
0,61.5
0,61.5
0,61.45
0,61.5
0,61.5
0,61.45
0,61.4
0,61.3
0,61.4
0,61.45
0,61.45
0,61.45
0,61.45
0,61.4
0,61.35
0,61.3
0,61.35
0,61.35
0,61.4
0,61.35
0,61.35
0,61.3
0,61.4
0,61.35
0,61.4
0,61.35
0,61.4
0,61.45
0,61.35
0,61.35
0,61.4
0,61.35
0,61.4
0,61.45
0,61.45
0,61.45
0,61.45
0,61.5
0,61.5
0,61.55
0,61.5
0,61.55
0,61.5
0,61.55
0,61.5
0,61.55
0,61.5
0,61.5
0,61.6
0,61.6
0,61.55
0,61.5
0,61.55
0,61.5
0,61.45
0,61.4
0,61.45
0,61.5
0,61.4
0,61.45
0,61.5
0,61.45
0,61.5
0,61.45
0,61.5
0,61.55
0,61.5
0,61.55
0,61.55
0,61.6
0,61.55
0,61.55
0,61.55
0,61.5
0,61.55
0,61.55
0,61.55
0,61.5
0,61.55
0,61.5
0,61.55
0,61.6
0,61.65
0,61.65
0,61.7
0,61.65
0,61.6
0,61.65
0,61.65
0,61.6
0,61.65
0,61.7
0,61.7
0,61.65
0,61.6
0,61.6
0,61.65
0,61.7
0,61.7
0,61.7
0,61.7
0,61.7
0,61.7
0,61.7
0,61.7
0,61.6
0,61.6
0,61.65
0,61.7
0,61.7
0,61.55
0,61.5
0,61.5
0,61.4
0,61.4
0,61.45
0,61.35
0,61.3
0,61.3
0,61.25
0,61.05
0,61.1
0,61.1
0,61.05
0,61.15
0,61.1
0,61.05
0,61.1
0,61.1
0,61.05
0,61
0,61.05
0,61
0,61.05
0,61
0,61.05
0,61
0,61
0,61
0,61
0,61.1
0,61.05
0,61.1
0,61.1
0,61.2
0,61.15
0,61.15
0,61.05
0,60.9
0,60.7
0,60.85
0,60.9
0,60.95
0,61
0,60.95
0,60.85
0,60.8
0,60.85
0,60.85
0,60.85
0,60.85
0,60.9
0,60.8
0,60.85
0,60.85
0,60.9
0,60.95
0,60.9
0,60.9
0,60.95
0,60.9
0,60.85
0,60.9
0,60.95
0,60.85
0,60.85
0,60.9
0,60.9
0,60.85
0,60.8
0,60.85
0,60.85
0,60.85
0,60.9
0,60.9
0,60.9
0,60.9
0,60.85
0,60.9
0,60.85
0,60.85
0,60.95
0,61.05
0,61.25
0,61.25
0,61.4
0,61.25
0,61.25
0,61.3
0,61.45
0,61.5
0,61.45
0,61.55
0,61.55
0,61.55
0,61.5
0,61.6
0,61.65
0,61.6
0,61.55
0,61.45
0,61.4
0,61.5
0,61.5
0,61.7
0,61.75
0,61.65
0,61.45
0,61.55
0,61.5
0,61.45
0,61.5
0,61.45
0,61.45
0,61.5
0,61.4
0,61.4
0,61.5
0,61.45
0,61.4
0,61.3
0,61.25
0,61.3
0,61.25
0,61.4
0,61.3
0,61.35
0,61.35
0,61.4
0,61.3
0,61.25
0,61
0,61.05
0,61.1
0,61.15
0,61.3
0,61.25
0,61.3
0,61.25
0,61.15
0,61.15
0,61.05
0,61.1
0,61.3
0,61.25
0,61.2
0,61.15
0,61.1
0,61.1
0,61.15
0,61.1
0,61.1
0,61.2
0,61.65
0,61.65
0,61.65
0,61.6
0,61.6
0,61.6
0,61.6
0,61.5
0,61.6
0,61.65
0,61.7
0,61.8
0,61.75
0,61.75
0,61.75
0,61.7
0,61.75
0,61.7
0,61.65
0,61.75
0,61.7
0,61.7
0,61.7
0,61.7
0,61.75
0,61.8
0,61.75
0,61.6
0,61.65
0,61.65
0,61.7
0,61.75
0,61.75
0,61.8
0,61.75
0,61.75
0,61.8
0,61.75
0,61.85
0,61.7
0,61.7
0,61.7
0,61.6
0,61.55
0,61.45
0,61.35
0,61.4
0,61.35
0,61.45
0,61.4
0,61.4
0,61.45
0,61.4
0,61.4
0,61.45
0,61.4
0,61.4
0,61.45
0,61.45
0,61.5
0,61.45
0,61.45
0,61.45
0,61.5
0,61.45
0,61.45
0,61.4
0,61.4
0,61.5
0,61.45
0,61.5
0,61.45
0,61.5
0,61.45
0,61.5
0,61.45
0,61.45
0,61.5
0,61.5
0,61.45
0,61.5
0,61.5
0,61.45
0,61.5
0,61.6
0,61.5
0,61.45
0,61.4
0,61.5
0,61.4
0,61.45
0,61.4
0,61.45
0,61.5
0,61.45
0,61.5
0,61.45
0,61.45
0,61.5
0,61.45
0,61.4
0,61.45
0,61.4
0,61.35
0,61.35
0,61.45
0,61.5
0,61.8
0,61.65
0,61.7
0,61.75
0,61.8
0,61.8
0,61.65
0,61.7
0,61.7
0,61.7
0,61.7
0,61.8
0,61.75
0,61.8
0,61.85
0,61.85
0,61.85
0,61.9
0,61.85
0,61.8
0,61.9
0,61.85
0,61.95
0,62
0,61.95
0,61.85
0,61.8
0,61.85
0,61.75
0,61.7
0,61.7
0,61.7
0,61.7
0,61.7
0,61.7
0,61.7
0,61.75
0,61.7
0,61.75
0,61.8
0,61.75
0,61.85
0,61.9
0,61.85
0,61.9
0,61.85
0,61.9
0,61.85
0,61.8
0,61.75
0,61.7
0,61.75
0,61.65
0,61.65
0,61.7
0,61.7
0,61.75
0,61.75
0,61.75
0,61.7
0,61.6
0,61.7
0,61.65
0,61.7
0,61.65
0,61.7
0,61.75
0,61.85
0,73.675
0,73.505
0,73.375
0,73.45
0,73.395
0,73.355
0,73.56
0,73.56
0,73.54
0,73.505
0,73.71
0,73.655
0,73.66
0,73.74
0,73.73
0,73.715
0,73.715
0,73.775
0,73.71
0,73.685
0,73.625
0,73.645
0,73.735
0,73.76
0,73.725
0,73.775
0,73.845
0,73.87
0,73.88
0,73.88
0,73.88
0,73.875
0,73.935
0,74
0,74.07
0,74.105
0,74.11
0,74.14
0,74.16
0,74.28
0,74.325
0,74.335
0,74.325
0,74.365
0,74.42
0,74.39
0,74.405
0,74.405
0,74.32
0,74.285
0,74.245
0,74.21
0,74.24
0,74.165
0,74.07
0,74.105
0,74.21
0,74.205
0,74.16
0,74.085
0,74.12
0,74.14
0,74.1
0,74.115
0,74.12
0,74.115
0,74.14
0,74.14
0,74.23
0,74.205
0,74.15
0,74.17
0,74.135
0,74.135
0,74.135
0,74.18
0,74.22
0,74.18
0,74.25
0,74.19
0,74.195
0,74.16
0,74.22
0,74.195
0,74.215
0,74.21
0,74.19
0,74.195
0,74.23
0,74.265
0,74.245
0,74.16
0,74.135
0,74.075
0,74.01
0,74.005
0,73.96
0,73.94
0,73.975
0,73.98
0,73.965
0,73.8
0,73.75
0,73.81
0,73.815
0,73.82
0,73.765
0,73.79
0,73.81
0,73.79
0,73.87
0,73.89
0,73.925
0,73.935
0,73.97
0,73.92
0,73.87
0,73.92
0,73.925
0,73.935
0,73.92
0,73.85
0,73.815
0,73.85
0,73.835
0,73.82
0,73.8
0,73.825
0,73.84
0,73.81
0,73.805
0,73.775
0,73.77
0,73.765
0,73.76
0,73.685
0,73.61
0,73.62
0,73.59
0,73.615
0,73.65
0,73.63
0,73.69
0,73.69
0,73.745
0,73.705
0,73.685
0,73.715
0,73.72
0,73.7
0,73.715
0,73.715
0,73.705
0,73.695
0,73.6
0,73.64
0,73.665
0,73.675
0,73.67
0,73.65
0,73.62
0,73.635
0,73.595
0,73.57
0,73.585
0,73.605
0,73.59
0,73.615
0,73.675
0,73.66
0,73.635
0,73.58
0,73.58
0,73.6
0,73.6
0,73.58
0,73.595
0,73.625
0,73.66
0,73.67
0,73.655
0,73.665
0,73.69
0,73.685
0,73.705
0,73.725
0,73.71
0,73.705
0,73.695
0,73.655
0,73.65
0,73.625
0,73.635
0,73.61
0,73.6
0,73.515
0,73.51
0,73.515
0,73.535
0,73.535
0,73.51
0,73.53
0,73.505
0,73.545
0,73.55
0,73.595
0,73.62
0,73.625
0,73.615
0,73.535
0,73.51
0,73.535
0,73.52
0,73.475
0,73.45
0,73.485
0,73.485
0,73.455
0,73.46
0,73.495
0,73.49
0,73.49
0,73.45
0,73.455
0,73.46
0,73.455
0,73.47
0,73.475
0,73.48
0,73.47
0,73.47
0,73.485
0,73.475
0,73.47
0,73.5
0,73.515
0,73.51
0,73.52
0,73.51
0,73.48
0,73.475
0,73.41
0,73.455
0,73.47
0,73.465
0,73.45
0,73.45
0,73.47
0,73.46
0,73.425
0,73.43
0,73.42
0,73.455
0,73.435
0,73.425
0,73.405
0,73.415
0,73.455
0,73.435
0,73.41
0,73.41
0,73.39
0,73.43
0,73.43
0,73.425
0,73.415
0,73.42
0,73.415
0,73.425
0,73.43
0,73.415
0,73.375
0,73.41
0,73.405
0,73.42
0,73.42
0,73.41
0,73.4
0,73.395
0,73.41
0,73.405
0,73.375
0,73.36
0,73.36
0,73.335
0,73.34
0,73.33
0,73.305
0,73.34
0,73.32
0,73.32
0,73.305
0,73.36
0,73.365
0,73.395
0,73.455
0,73.47
0,73.475
0,73.495
0,73.515
0,73.5
0,73.495
0,73.44
0,73.405
0,73.43
0,73.435
0,73.41
0,73.4
0,73.395
0,73.385
0,73.375
0,73.435
0,73.46
0,73.475
0,73.475
0,73.48
0,73.46
0,73.44
0,73.465
0,73.505
0,73.53
0,73.525
0,73.515
0,73.435
0,73.58
0,73.565
0,73.615
0,73.58
0,73.62
0,73.655
0,73.665
0,73.69
0,73.695
0,73.635
0,73.665
0,73.65
0,73.7
0,73.62
0,73.63
0,73.63
0,73.56
0,73.57
0,73.59
0,73.615
0,73.61
0,73.65
0,73.63
0,73.63
0,73.62
0,73.61
0,73.62
0,73.59
0,73.645
0,73.655
0,73.66
0,73.615
0,73.67
0,73.67
0,73.705
0,73.65
0,73.635
0,73.615
0,73.635
0,73.655
0,73.66
0,73.69
0,73.73
0,73.68
0,73.7
0,73.69
0,73.66
0,73.69
0,73.72
0,73.7
0,73.675
0,73.685
0,73.735
0,73.715
0,73.72
0,73.73
0,73.735
0,73.725
0,73.755
0,73.71
0,73.71
0,73.71
0,73.67
0,73.71
0,73.705
0,73.77
0,73.73
0,73.71
0,73.72
0,73.75
0,73.735
0,73.745
0,73.78
0,73.78
0,73.775
0,73.715
0,73.665
0,73.68
0,73.745
0,73.685
0,73.72
0,73.695
0,73.685
0,73.66
0,73.68
0,73.675
0,73.65
0,73.575
0,73.55
0,73.64
0,73.565
0,73.545
0,73.555
0,73.64
0,73.66
0,73.725
0,73.77
0,73.79
0,73.8
0,73.805
0,73.815
0,73.835
0,73.835
0,73.835
0,73.845
0,73.865
0,73.86
0,73.86
0,73.83
0,73.8
0,73.79
0,73.83
0,73.855
0,73.86
0,73.885
0,73.895
0,73.855
0,73.93
0,73.895
0,73.895
0,73.875
0,73.855
0,73.87
0,73.865
0,73.88
0,73.895
0,73.875
0,73.9
0,73.83
0,73.885
0,73.875
0,73.875
0,73.875
0,73.895
0,73.875
0,73.905
0,73.865
0,73.89
0,73.91
0,73.925
0,73.945
0,73.94
0,73.955
0,73.945
0,73.965
0,74
0,73.945
0,73.9
0,73.905
0,73.86
0,73.835
0,73.795
0,73.785
0,73.785
0,73.76
0,73.82
0,73.835
0,73.845
0,73.88
0,73.875
0,73.885
0,73.93
0,73.95
0,73.92
0,73.9
0,73.885
0,73.91
0,73.955
0,73.96
0,73.97
0,74.015
0,74.02
0,74.06
0,74.05
0,74.085
0,74.11
0,74.155
0,74.195
0,74.2
0,74.03
0,74.045
0,74.13
0,74.22
0,74.185
0,74.2
0,74.155
0,74.07
0,74.02
0,73.89
0,73.815
0,73.73
0,73.615
0,73.615
0,73.615
0,73.6
0,73.485
0,73.575
0,73.65
0,73.62
0,73.58
0,73.635
0,73.67
0,73.655
0,73.565
0,73.435
0,73.49
0,73.56
0,73.625
0,73.585
0,73.615
0,73.61
0,73.63
0,73.645
0,73.68
0,73.645
0,73.63
0,73.655
0,73.65
0,73.66
0,73.66
0,73.655
0,73.58
0,73.475
0,73.35
0,73.385
0,73.32
0,73.34
0,73.385
0,73.415
0,73.375
0,73.345
0,73.29
0,73.38
0,73.305
0,73.43
0,73.45
0,73.38
0,73.375
0,73.405
0,73.435
0,73.4
0,73.445
0,73.455
0,73.48
0,73.535
0,73.525
0,73.51
0,73.535
0,73.57
0,73.535
0,73.605
0,73.635
0,73.65
0,73.625
0,73.575
0,73.605
0,73.64
0,73.615
0,73.635
0,73.635
0,73.565
0,73.62
0,73.635
0,73.61
0,73.585
0,73.545
0,73.59
0,73.635
0,73.605
0,73.54
0,73.59
0,73.535
0,73.56
0,73.57
0,73.59
0,73.595
0,73.58
0,73.55
0,73.555
0,73.55
0,73.54
0,73.575
0,73.56
0,73.59
0,73.625
0,73.575
0,73.58
0,73.585
0,73.645
0,73.645
0,73.66
0,73.655
0,73.705
0,73.67
0,73.755
0,73.685
0,73.655
0,73.635
0,73.685
0,73.695
0,73.7
0,73.705
0,73.705
0,73.68
0,73.65
0,73.575
0,73.53
0,73.485
0,73.56
0,73.585
0,73.595
0,73.56
0,73.51
0,73.51
0,73.565
0,73.535
0,73.59
0,73.565
0,73.54
0,73.51
0,73.49
0,73.445
0,73.455
0,73.455
0,73.465
0,73.49
0,73.49
0,73.48
0,73.485
0,73.52
0,73.51
0,73.485
0,73.45
0,73.44
0,73.475
0,73.49
0,73.515
0,73.47
0,73.435
0,73.415
0,73.425
0,73.435
0,73.42
0,73.38
0,73.385
0,73.395
0,73.395
0,73.425
0,73.4
0,73.325
0,73.27
0,73.275
0,73.265
0,73.225
0,73.25
0,73.265
0,73.275
0,73.235
0,73.31
0,73.28
0,73.265
0,73.23
0,73.215
0,73.205
0,73.205
0,73.19
0,73.18
0,73.175
0,73.175
0,73.2
0,73.22
0,73.19
0,73.18
0,73.165
0,73.18
0,73.21
0,73.195
0,73.215
0,73.195
0,73.195
0,73.2
0,73.215
0,73.225
0,73.24
0,73.255
0,73.285
0,73.31
0,73.29
0,73.335
0,73.27
0,73.265
0,73.245
0,73.225
0,73.195
0,73.19
0,73.22
0,73.23
0,73.185
0,73.205
0,73.205
0,73.2
0,73.21
0,73.25
0,73.23
0,73.235
0,73.235
0,73.235
0,73.26
0,73.265
0,73.27
0,73.255
0,73.235
0,73.225
0,73.2
0,73.205
0,73.2
0,73.2
0,73.17
0,73.165
0,73.22
0,73.27
0,73.26
0,73.25
0,73.255
0,73.245
0,73.27
0,73.25
0,73.245
0,73.245
0,73.245
0,73.235
0,73.21
0,73.21
0,73.19
0,73.2
0,73.215
0,73.18
0,73.17
0,73.17
0,73.12
0,73.14
0,73.135
0,73.13
0,73.105
0,73.155
0,73.15
0,73.135
0,73.135
0,73.125
0,73.105
0,73.08
0,73.08
0,73.05
0,73.03
0,73.03
0,73.055
0,73.055
0,73.055
0,72.98
0,72.965
0,72.975
0,73.025
0,73.055
0,73.02
0,73.045
0,73.09
0,73.04
0,73.03
0,73.01
0,72.995
0,73.005
0,73.06
0,73.065
0,73.05
0,73.065
0,73.065
0,73.06
0,73.06
0,73.12
0,73.08
0,73.095
0,73.05
0,73.04
0,73.02
0,73.03
0,73.02
0,73.01
0,73.035
0,73.045
0,73.03
0,73.03
0,73.01
0,73.005
0,73.02
0,73.01
0,72.98
0,72.995
0,72.995
0,72.94
0,72.97
0,72.97
0,72.98
0,73.015
0,73.02
0,73.015
0,73.01
0,72.93
0,72.925
0,72.935
0,72.945
0,72.96
0,72.945
0,72.945
0,72.93
0,72.955
0,72.96
0,72.94
0,72.955
0,72.95
0,72.965
0,72.97
0,72.95
0,72.95
0,72.95
0,72.94
0,72.945
0,72.945
0,72.945
0,72.915
0,72.915
0,72.95
0,72.92
0,72.97
0,72.995
0,72.935
0,72.925
0,72.925
0,72.94
0,72.94
0,72.98
0,72.96
0,72.955
0,72.97
0,72.96
0,72.975
0,72.98
0,72.985
0,73.015
0,73.095
0,73.1
0,73.075
0,73.045
0,73.1
0,73.1
0,73.09
0,73.09
0,73.125
0,73.125
0,73.155
0,73.15
0,73.145
0,73.155
0,73.125
0,73.115
0,73.135
0,73.15
0,73.18
0,73.185
0,73.21
0,73.19
0,73.185
0,73.2
0,73.16
0,73.095
0,73.075
0,73.02
0,73.065
0,73.07
0,73.105
0,73.085
0,73.12
0,73.135
0,73.13
0,73.175
0,73.19
0,73.175
0,73.18
0,73.19
0,73.215
0,73.19
0,73.175
0,73.135
0,73.105
0,73.13
0,73.1
0,73.015
0,72.93
0,72.93
0,72.97
0,72.99
0,72.96
0,72.91
0,72.905
0,72.965
0,72.96
0,72.965
0,72.975
0,73.045
0,73.085
0,73.085
0,73.13
0,73.085
0,73.125
0,73.1
0,73.025
0,73.05
0,73
0,73.035
0,73.015
0,72.955
0,72.92
0,72.945
0,73
0,72.98
0,72.97
0,72.96
0,73
0,72.975
0,72.985
0,73.025
0,73.075
0,73.07
0,73.11
0,73.075
0,73.08
0,73.035
0,73.015
0,73.015
0,72.985
0,72.995
0,73.005
0,73.005
0,73.04
0,73.08
0,73.075
0,73.05
0,73.04
0,73.03
0,72.965
0,73
0,72.99
0,73.02
0,73.01
0,72.995
0,73.015
0,73.005
0,73
0,73.015
0,72.98
0,72.965
0,72.97
0,72.93
0,72.925
0,72.935
0,72.945
0,73
0,73.02
0,73.03
0,73.02
0,73.01
0,73.01
0,73.015
0,73.02
0,73.02
0,73.01
0,72.995
0,72.99
0,73.025
0,72.96
0,72.96
0,72.955
0,72.955
0,72.965
0,73
0,73.04
0,73.48
0,73.485
0,73.31
0,73.525
0,73.515
0,73.515
0,73.25
0,73.355
0,73.395
0,73.41
0,73.265
0,73.165
0,73.175
0,73.12
0,73.06
0,73.08
0,72.99
0,73.075
0,73.09
0,73.105
0,73.105
0,73.115
0,73.185
0,73.23
0,73.235
0,73.19
0,73.16
0,73.095
0,73.18
0,73.21
0,73.215
0,73.165
0,73.155
0,73.21
0,73.2
0,73.27
0,73.3
0,73.205
0,73.185
0,73.23
0,73.18
0,73.185
0,73.195
0,73.18
0,73.185
0,73.255
0,73.285
0,73.33
0,73.345
0,73.385
0,73.405
0,73.38
0,73.375
0,73.375
0,73.345
0,73.315
0,73.3
0,73.225
0,73.215
0,73.255
0,73.215
0,73.24
0,73.175
0,73.19
0,73.165
0,73.155
0,73.205
0,73.185
0,73.175
0,73.175
0,73.125
0,73.08
0,73.165
0,73.165
0,73.15
0,73.165
0,73.155
0,73.18
0,73.18
0,73.185
0,73.155
0,73.185
0,73.18
0,73.195
0,73.155
0,73.17
0,73.19
0,73.18
0,73.2
0,73.2
0,73.14
0,73.08
0,73.055
0,72.97
0,72.925
0,73.035
0,73.015
0,73.005
0,73
0,73.03
0,73.06
0,73.05
0,73.025
0,73.05
0,73.04
0,73.085
0,73.14
0,73.205
0,73.1
0,73.14
0,73.195
0,73.2
0,73.115
0,73.17
0,73.2
0,73.195
0,73.21
0,73.165
0,73.225
0,73.22
0,73.155
0,73.195
0,73.22
0,73.23
0,73.24
0,73.25
0,73.295
0,73.305
0,73.335
0,73.3
0,73.355
0,73.355
0,73.32
0,73.255
0,73.355
0,73.39
0,73.4
0,73.4
0,73.42
0,73.465
0,73.44
0,73.53
0,73.55
0,73.53
0,73.5
0,73.47
0,73.46
0,73.415
0,73.455
0,73.45
0,73.49
0,73.445
0,73.425
0,73.355
0,73.39
0,73.345
0,73.315
0,73.315
0,73.315
0,73.315
0,73.305
0,73.285
0,73.3
0,73.275
0,73.27
0,73.28
0,73.24
0,73.195
0,73.23
0,73.255
0,73.245
0,73.27
0,73.28
0,73.315
0,73.35
0,73.36
0,73.39
0,73.44
0,73.38
0,73.33
0,73.4
0,73.425
0,73.36
0,73.33
0,73.335
0,73.34
0,73.335
0,73.27
0,73.205
0,73.245
0,73.285
0,73.28
0,73.3
0,73.27
0,73.26
0,73.235
0,73.205
0,73.16
0,73.145
0,73.145
0,73.15
0,73.11
0,73.15
0,73.155
0,73.09
0,73.075
0,73.09
0,73.07
0,73.095
0,73.085
0,73.085
0,73.09
0,73.1
0,73.08
0,73.09
0,73.095
0,73.12
0,73.125
0,73.085
0,73.11
0,73.1
0,73.135
0,73.12
0,73.125
0,73.115
0,73.115
0,73.13
0,73.13
0,73.1
0,73.1
0,73.035
0,73.025
0,73.035
0,73.06
0,73.085
0,73.08
0,73.085
0,73.09
0,73.09
0,73.09
0,73.11
0,73.12
0,73.125
0,73.125
0,73.105
0,73.105
0,73.1
0,73.095
0,73.11
0,73.09
0,73.11
0,73.135
0,73.135
0,73.12
0,73.145
0,73.15
0,73.175
0,73.16
0,73.16
0,73.155
0,73.145
0,73.145
0,73.17
0,73.195
0,73.205
0,73.205
0,73.21
0,73.2
0,73.19
0,73.145
0,73.105
0,73.105
0,73.07
0,73.09
0,73.09
0,73.095
0,73.085
0,73.095
0,73.095
0,73.115
0,73.105
0,73.11
0,73.115
0,73.1
0,73.1
0,73.085
0,73.105
0,73.085
0,73.12
0,73.115
0,73.12
0,73.085
0,73.075
0,73.095
0,73.135
0,73.115
0,73.14
0,73.155
0,73.155
0,73.15
0,73.155
0,73.155
0,73.155
0,73.16
0,73.18
0,73.185
0,73.205
0,73.305
0,73.32
0,73.345
0,73.35
0,73.34
0,73.335
0,73.37
0,73.395
0,73.405
0,73.405
0,73.37
0,73.345
0,73.265
0,73.2
0,73.22
0,73.245
0,73.225
0,73.22
0,73.215
0,73.205
0,73.2
0,73.19
0,73.185
0,73.235
0,73.25
0,73.27
0,73.285
0,73.32
0,73.33
0,73.385
0,73.4
0,73.385
0,73.395
0,73.405
0,73.385
0,73.415
0,73.405
0,73.44
0,73.42
0,73.41
0,73.42
0,73.375
0,73.365
0,73.37
0,73.365
0,73.4
0,73.42
0,73.43
0,73.445
0,73.435
0,73.43
0,73.445
0,73.44
0,73.395
0,73.38
0,73.35
0,73.35
0,73.365
0,73.36
0,73.37
0,73.405
0,73.44
0,73.435
0,73.43
0,73.435
0,73.44
0,73.435
0,73.44
0,73.485
0,73.51
0,73.515
0,73.56
0,73.565
0,73.63
0,73.635
0,73.65
0,73.675
0,73.7
0,73.745
0,73.715
0,73.71
0,73.605
0,73.56
0,73.635
0,73.645
0,73.685
0,73.7
0,73.69
0,73.63
0,73.645
0,73.65
0,73.65
0,73.66
0,73.645
0,73.63
0,73.58
0,73.56
0,73.6
0,73.58
0,73.58
0,73.605
0,73.575
0,73.595
0,73.555
0,73.52
0,73.515
0,73.575
0,73.575
0,73.565
0,73.615
0,73.58
0,73.505
0,73.45
0,73.45
0,73.435
0,73.39
0,73.385
0,73.415
0,73.42
0,73.49
0,73.485
0,73.47
0,73.495
0,73.465
0,73.515
0,73.55
0,73.555
0,73.58
0,73.605
0,73.605
0,73.59
0,73.61
0,73.565
0,73.535
0,73.575
0,73.58
0,73.595
0,73.59
0,73.63
0,73.64
0,73.635
0,73.66
0,73.675
0,73.675
0,73.655
0,73.655
0,73.655
0,73.665
0,73.675
0,73.635
0,73.625
0,73.64
0,73.6
0,73.565
0,73.555
0,73.6
0,73.665
0,73.69
0,73.665
0,73.67
0,73.67
0,73.72
0,73.7
0,73.67
0,73.675
0,73.665
0,73.655
0,73.68
0,73.685
0,73.73
0,73.715
0,73.7
0,73.645
0,73.625
0,73.665
0,73.61
0,73.605
0,73.59
0,73.62
0,73.595
0,73.59
0,73.58
0,73.575
0,73.66
0,73.655
0,73.685
0,73.69
0,73.64
0,73.59
0,73.6
0,73.675
0,73.65
0,73.22
0,73.23
0,73.26
0,73.21
0,73.2
0,73.185
0,73.14
0,73.185
0,73.205
0,73.22
0,73.21
0,73.325
0,73.26
0,73.28
0,73.275
0,73.305
0,73.275
0,73.3
0,73.415
0,73.395
0,73.335
0,73.375
0,73.35
0,73.345
0,73.325
0,73.31
0,73.315
0,73.29
0,73.285
0,73.225
0,73.26
0,73.18
0,73.11
0,73.045
0,73.015
0,72.885
0,73.025
0,72.995
0,73.025
0,73.05
0,73.015
0,73.07
0,73.08
0,73.06
0,73.035
0,73.04
0,73.035
0,72.97
0,72.925
0,72.915
0,72.93
0,72.935
0,72.905
0,72.92
0,72.945
0,72.95
0,72.995
0,72.975
0,73.04
0,72.945
0,72.91
0,72.88
0,72.865
0,72.81
0,72.885
0,72.88
0,72.9
0,72.895
0,72.87
0,72.85
0,72.86
0,72.845
0,72.89
0,72.835
0,72.84
0,72.825
0,72.875
0,72.84
0,72.85
0,72.82
0,72.835
0,72.845
0,72.845
0,72.835
0,72.825
0,72.83
0,72.86
0,72.85
0,72.82
0,72.805
0,72.78
0,72.785
0,72.76
0,72.75
0,72.745
0,72.755
0,72.75
0,72.785
0,72.85
0,72.855
0,72.845
0,72.86
0,72.845
0,72.84
0,72.82
0,72.86
0,72.865
0,72.885
0,72.905
0,72.905
0,72.955
0,72.95
0,72.96
0,72.98
0,73.015
0,73.01
0,73.03
0,73.025
0,72.99
0,72.98
0,73.005
0,72.955
0,72.94
0,72.96
0,72.925
0,72.88
0,72.9
0,72.905
0,72.88
0,72.88
0,72.88
0,72.885
0,72.83
0,72.74
0,72.755
0,72.695
0,72.64
0,72.555
0,72.555
0,72.585
0,72.56
0,72.6
0,72.54
0,72.505
0,72.49
0,72.385
0,72.265
0,72.35
0,72.325
0,72.375
0,72.305
0,72.38
0,72.36
0,72.43
0,72.405
0,72.37
0,72.32
0,72.36
0,72.385
0,72.43
0,72.445
0,72.41
0,72.435
0,72.365
0,72.395
0,72.395
0,72.365
0,72.505
0,72.505
0,72.49
0,72.515
0,72.515
0,72.495
0,72.44
0,72.45
0,72.455
0,72.455
0,72.46
0,72.435
0,72.535
0,72.545
0,72.48
0,72.46
0,72.455
0,72.485
0,72.485
0,72.47
0,72.51
0,72.46
0,72.41
0,72.295
0,72.285
0,72.235
0,72.305
0,72.36
0,72.32
0,72.32
0,72.355
0,72.335
0,72.28
0,72.3
0,72.32
0,72.315
0,72.255
0,72.175
0,72.14
0,72.21
0,72.28
0,72.205
0,72.24
0,72.245
0,72.285
0,72.305
0,72.19
0,72.185
0,72.17
0,72.195
0,72.19
0,72.225
0,72.275
0,72.285
0,72.28
0,72.3
0,72.365
0,72.395
0,72.38
0,72.39
0,72.37
0,72.3
0,72.21
0,72.19
0,72.15
0,72.165
0,72.16
0,72.105
0,72.155
0,72.085
0,71.74
0,71.73
0,71.79
0,71.735
0,71.765
0,71.8
0,71.82
0,71.87
0,71.845
0,71.85
0,71.9
0,71.795
0,71.845
0,71.88
0,71.94
0,71.95
0,71.955
0,71.95
0,71.945
0,71.94
0,71.89
0,71.955
0,71.975
0,71.97
0,71.985
0,71.975
0,72
0,72.045
0,72.055
0,72.055
0,72.005
0,71.995
0,71.98
0,71.975
0,71.925
0,71.905
0,71.96
0,71.93
0,71.92
0,71.91
0,71.805
0,71.78
0,71.74
0,71.75
0,71.815
0,71.72
0,71.735
0,71.715
0,71.76
0,71.79
0,71.79
0,71.805
0,71.795
0,71.8
0,71.775
0,71.735
0,71.725
0,71.68
0,71.675
0,71.665
0,71.665
0,71.65
0,71.655
0,71.645
0,71.64
0,71.63
0,71.61
0,71.635
0,71.59
0,71.585
0,71.53
0,71.53
0,71.44
0,71.305
0,71.38
0,71.485
0,71.49
0,71.555
0,71.61
0,71.6
0,71.67
0,71.625
0,71.625
0,71.635
0,71.615
0,71.595
0,71.63
0,71.625
0,71.62
0,71.655
0,71.68
0,71.645
0,71.68
0,71.65
0,71.605
0,71.645
0,71.625
0,71.695
0,71.73
0,71.765
0,71.83
0,71.865
0,71.905
0,71.95
0,71.97
0,71.945
0,71.905
0,71.93
0,71.94
0,71.965
0,71.945
0,71.94
0,71.9
0,71.95
0,71.925
0,71.91
0,71.94
0,71.96
0,71.955
0,71.99
0,71.985
0,72.025
0,72.025
0,72.03
0,72.005
0,71.97
0,72.01
0,72.03
0,72.035
0,72.03
0,72.06
0,72.01
0,71.985
0,72.075
0,72.13
0,72.085
0,72.09
0,72.075
0,72.065
0,72.07
0,72.08
0,72.085
0,72.045
0,72.035
0,72.07
0,72.12
0,72.1
0,72.17
0,72.055
0,72.055
0,72.095
0,72.085
0,72.13
0,72.075
0,72.01
0,71.99
0,71.955
0,71.935
0,71.915
0,71.93
0,71.92
0,71.935
0,71.89
0,71.925
0,71.92
0,71.95
0,71.925
0,71.895
0,71.9
0,71.86
0,71.89
0,71.92
0,71.9
0,71.895
0,71.815
0,71.805
0,71.78
0,71.82
0,71.805
0,71.805
0,71.755
0,71.75
0,71.735
0,71.775
0,71.85
0,71.905
0,71.88
0,71.8
0,71.845
0,71.845
0,71.83
0,71.845
0,71.8
0,71.77
0,71.73
0,71.705
0,71.705
0,71.645
0,71.63
0,71.615
0,71.585
0,71.64
0,71.68
0,71.655
0,71.665
0,71.685
0,71.7
0,71.685
0,71.725
0,71.785
0,71.745
0,71.805
0,71.83
0,71.785
0,71.73
0,71.72
0,71.715
0,71.705
0,71.7
0,71.75
0,71.68
0,71.66
0,71.655
0,71.68
0,71.68
0,71.64
0,71.63
0,71.62
0,71.645
0,71.585
0,71.57
0,71.56
0,71.595
0,71.525
0,71.54
0,71.57
0,71.6
0,71.56
0,71.56
0,71.515
0,71.5
0,71.575
0,71.59
0,71.565
0,71.53
0,71.505
0,71.525
0,71.385
0,71.34
0,71.425
0,71.445
0,71.435
0,71.44
0,71.415
0,71.44
0,71.47
0,71.445
0,71.415
0,71.395
0,71.515
0,71.555
0,71.52
0,71.4
0,71.435
0,71.37
0,71.375
0,71.325
0,70.66
0,70.54
0,70.385
0,70.44
0,70.5
0,70.54
0,70.525
0,70.485
0,70.43
0,70.565
0,70.595
0,70.6
0,70.57
0,70.445
0,70.575
0,70.445
0,70.35
0,70.445
0,70.36
0,70.435
0,70.485
0,70.49
0,70.48
0,70.56
0,70.485
0,70.54
0,70.565
0,70.58
0,70.61
0,70.62
0,70.665
0,70.655
0,70.655
0,70.635
0,70.665
0,70.685
0,70.67
0,70.665
0,70.635
0,70.635
0,70.61
0,70.635
0,70.66
0,70.685
0,70.565
0,70.645
0,70.675
0,70.685
0,70.64
0,70.645
0,70.63
0,70.6
0,70.615
0,70.65
0,70.655
0,70.64
0,70.625
0,70.645
0,70.62
0,70.595
0,70.59
0,70.675
0,70.67
0,70.68
0,70.73
0,70.695
0,70.715
0,70.765
0,70.755
0,70.74
0,70.755
0,70.725
0,70.67
0,70.615
0,70.605
0,70.62
0,70.655
0,70.625
0,70.67
0,70.65
0,70.595
0,70.565
0,70.575
0,70.58
0,70.565
0,70.535
0,70.61
0,70.6
0,70.6
0,70.615
0,70.56
0,70.535
0,70.58
0,70.505
0,70.53
0,70.51
0,70.54
0,70.545
0,70.6
0,70.61
0,70.565
0,70.595
0,70.6
0,70.595
0,70.615
0,70.64
0,70.635
0,70.615
0,70.6
0,70.66
0,70.665
0,70.64
0,70.61
0,70.645
0,70.71
0,70.765
0,70.73
0,70.735
0,70.75
0,70.81
0,70.78
0,70.715
0,70.715
0,70.685
0,70.685
0,70.715
0,70.695
0,70.655
0,70.685
0,70.645
0,70.64
0,70.59
0,70.66
0,70.65
0,70.64
0,70.65
0,70.7
0,70.745
0,70.765
0,70.76
0,70.78
0,70.775
0,70.81
0,70.825
0,70.865
0,70.825
0,70.835
0,70.85
0,70.85
0,70.845
0,70.835
0,70.84
0,70.75
0,70.77
0,70.76
0,70.725
0,70.75
0,70.775
0,70.785
0,70.8
0,70.35
0,70.21
0,70.035
0,70.2
0,70.24
0,70.365
0,70.315
0,70.55
0,70.51
0,70.685
0,70.69
0,70.74
0,70.695
0,70.7
0,70.57
0,70.51
0,70.46
0,70.38
0,70.535
0,70.63
0,70.58
0,70.575
0,70.59
0,70.515
0,70.46
0,70.525
0,70.54
0,70.53
0,70.495
0,70.46
0,70.535
0,70.49
0,70.48
0,70.5
0,70.495
0,70.39
0,70.38
0,70.38
0,70.31
0,70.25
0,70.29
0,70.36
0,70.42
0,70.37
0,70.215
0,70.21
0,70.215
0,70.19
0,70.17
0,70.195
0,70.18
0,70.17
0,70.13
0,70.085
0,70.065
0,70.02
0,70.025
0,70.01
0,70.09
0,70.03
0,70.03
0,70.03
0,70.035
0,70.04
0,70.05
0,70.01
0,69.995
0,70.01
0,69.99
0,69.97
0,70.03
0,70.035
0,70.05
0,69.975
0,70.015
0,70.135
0,70.135
0,70.115
0,70.175
0,70.17
0,70.245
0,70.16
0,70.08
0,70.095
0,70.07
0,69.995
0,69.975
0,70.035
0,70.02
0,69.97
0,69.94
0,69.975
0,70
0,69.97
0,69.96
0,70.1
0,70.09
0,70.115
0,70
0,69.97
0,69.96
0,70
0,70.015
0,70.055
0,69.955
0,69.955
0,69.945
0,69.955
0,69.985
0,70.015
0,70.03
0,69.965
0,69.945
0,69.96
0,69.9
0,69.905
0,69.935
0,69.9
0,69.915
0,69.905
0,69.905
0,69.93
0,69.935
0,69.835
0,69.785
0,69.75
0,69.775
0,69.805
0,69.835
0,69.83
0,69.83
0,69.855
0,69.865
0,69.875
0,69.87
0,69.865
0,69.83
0,69.85
0,69.9
0,69.91
0,69.915
0,69.85
0,69.8
0,69.835
0,69.85
0,69.85
0,69.86
0,69.87
0,69.895
0,69.96
0,69.975
0,69.975
0,69.885
0,69.86
0,69.865
0,69.885
0,69.845
0,69.815
0,69.815
0,69.785
0,69.79
0,69.815
0,69.835
0,69.84
0,69.855
0,69.825
0,69.845
0,69.87
0,69.875
0,69.825
0,69.835
0,69.805
0,69.79
0,69.755
0,69.715
0,69.725
0,69.725
0,69.775
0,69.76
0,69.775
0,69.78
0,69.79
0,69.825
0,69.835
0,69.86
0,69.92
0,69.965
0,69.975
0,69.95
0,69.955
0,70
0,70.025
0,70.01
0,70.01
0,69.96
0,69.975
0,69.95
0,69.89
0,69.845
0,69.905
0,69.935
0,69.95
0,69.95
0,69.89
0,69.95
0,69.925
0,69.88
0,69.91
0,69.88
0,69.935
0,69.9
0,69.93
0,69.865
0,69.87
0,69.9
0,69.895
0,69.865
0,69.86
0,69.92
0,69.935
0,69.955
0,69.925
0,69.875
0,69.855
0,69.785
0,69.84
0,69.745
0,69.715
0,69.7
0,69.72
0,69.615
0,69.55
0,69.575
0,69.65
0,69.685
0,69.71
0,69.67
0,69.68
0,69.7
0,69.61
0,69.62
0,69.595
0,69.62
0,69.645
0,69.6
0,69.605
0,69.565
0,69.6
0,69.675
0,69.63
0,69.615
0,69.62
0,69.62
0,69.57
0,69.58
0,69.63
0,69.62
0,69.595
0,69.56
0,69.56
0,69.53
0,69.525
0,69.505
0,69.485
0,69.475
0,69.5
0,69.455
0,69.35
0,69.41
0,69.43
0,69.44
0,69.45
0,69.48
0,69.535
0,69.495
0,69.48
0,69.585
0,69.565
0,69.55
0,69.535
0,69.54
0,69.505
0,69.485
0,69.475
0,69.555
0,69.605
0,69.615
0,69.59
0,69.61
0,69.58
0,69.44
0,69.455
0,69.425
0,69.36
0,69.325
0,69.27
0,69.215
0,69.19
0,69.175
0,69.17
0,69.185
0,69.165
0,69.14
0,69.12
0,69.13
0,69.105
0,69.055
0,69.02
0,69.055
0,69.02
0,69.11
0,69.185
0,69.15
0,69.155
0,69.135
0,69.11
0,69.155
0,69.255
0,69.245
0,69.245
0,69.23
0,69.22
0,69.165
0,69.2
0,69.25
0,69.185
0,69.25
0,69.36
0,69.425
0,69.465
0,69.4
0,69.39
0,69.425
0,69.465
0,69.075
0,69.015
0,68.955
0,69.1
0,69.075
0,69.205
0,69.29
0,69.32
0,69.345
0,69.33
0,69.36
0,69.235
0,69.26
0,69.075
0,69.075
0,69
0,69.015
0,69.06
0,69.045
0,69.09
0,69.025
0,69.03
0,69.025
0,69.005
0,69.045
0,69.09
0,69.135
0,69.165
0,69.22
0,69.345
0,69.305
0,69.245
0,69.285
0,69.315
0,69.26
0,69.3
0,69.35
0,69.35
0,69.28
0,69.235
0,69.215
0,69.29
0,69.3
0,69.29
0,69.35
0,69.325
0,69.33
0,69.395
0,69.51
0,69.485
0,69.545
0,69.525
0,69.46
0,69.445
0,69.435
0,69.44
0,69.535
0,69.555
0,69.645
0,69.6
0,69.58
0,69.58
0,69.67
0,69.7
0,69.65
0,69.635
0,69.595
0,69.56
0,69.55
0,69.47
0,69.46
0,69.385
0,69.375
0,69.3
0,69.3
0,69.25
0,69.225
0,69.24
0,69.22
0,69.19
0,69.175
0,69.185
0,69.185
0,69.265
0,69.225
0,69.22
0,69.23
0,69.225
0,69.205
0,69.2
0,69.25
0,69.295
0,69.27
0,69.29
0,69.245
0,69.285
0,69.295
0,69.22
0,69.23
0,69.19
0,69.225
0,69.28
0,69.255
0,69.255
0,69.33
0,69.315
0,69.325
0,69.285
0,69.32
0,69.275
0,69.32
0,69.33
0,69.29
0,69.35
0,69.285
0,69.275
0,69.31
0,69.245
0,69.31
0,69.3
0,69.325
0,69.28
0,69.27
0,69.225
0,69.175
0,69.1
0,69.085
0,69.03
0,69.035
0,68.91
0,68.845
0,68.825
0,68.85
0,68.835
0,68.915
0,68.985
0,69.005
0,68.99
0,69
0,68.995
0,68.975
0,68.98
0,69
0,69.075
0,69.12
0,69.135
0,69.13
0,69.125
0,69.1
0,69.1
0,69.05
0,69.025
0,69.03
0,69.03
0,69.045
0,68.995
0,69.03
0,68.995
0,69.045
0,69.04
0,69.035
0,69.01
0,68.975
0,69
0,69.015
0,69.03
0,69.02
0,68.98
0,68.96
0,68.99
0,68.995
0,68.99
0,69.03
0,69.015
0,69.055
0,69.015
0,68.99
0,68.97
0,69.01
0,69
0,69.045
0,69.055
0,69.06
0,69.065
0,69.015
0,68.995
0,68.965
0,68.97
0,68.945
0,68.945
0,68.92
0,68.89
0,68.87
0,68.855
0,68.89
0,68.855
0,68.86
0,68.885
0,68.845
0,68.825
0,68.825
0,68.795
0,68.755
0,68.77
0,68.775
0,68.755
0,68.745
0,68.735
0,68.755
0,68.73
0,68.725
0,68.71
0,68.73
0,68.71
0,68.685
0,68.61
0,68.585
0,68.585
0,68.63
0,68.675
0,68.71
0,68.795
0,68.785
0,68.75
0,68.825
0,68.815
0,68.78
0,68.825
0,68.795
0,68.785
0,68.79
0,68.795
0,68.79
0,68.79
0,68.855
0,68.845
0,68.875
0,68.83
0,68.83
0,68.845
0,68.855
0,68.845
0,68.825
0,68.84
0,68.85
0,68.85
0,68.865
0,68.875
0,68.895
0,68.895
0,68.88
0,68.885
0,68.92
0,68.92
0,68.925
0,68.93
0,68.965
0,68.96
0,68.985
0,69.01
0,69.02
0,68.975
0,68.955
0,68.91
0,68.985
0,69
0,69
0,68.975
0,68.965
0,68.965
0,68.94
0,68.97
0,68.965
0,68.95
0,68.975
0,68.96
0,68.955
0,68.96
0,69.005
0,68.99
0,68.995
0,69.005
0,69.01
0,69.04
0,69.065
0,69.1
0,69.115
0,69.13
0,69.17
0,69.185
0,69.16
0,69.17
0,69.185
0,69.145
0,69.165
0,69.15
0,69.125
0,69.125
0,69.16
0,69.14
0,69.175
0,69.175
0,69.125
0,69.115
0,69.1
0,69.125
0,69.135
0,69.145
0,69.13
0,69.12
0,69.125
0,69.105
0,69.255
0,69.215
0,69.205
0,69.215
0,69.185
0,69.22
0,69.23
0,69.195
0,69.19
0,69.195
0,69.185
0,69.175
0,69.15
0,69.15
0,69.125
0,69.125
0,69.125
0,69.125
0,69.065
0,69.06
0,69.05
0,69.095
0,69.07
0,69.115
0,69.115
0,69.145
0,69.165
0,69.16
0,69.15
0,69.135
0,69.125
0,69.13
0,69.125
0,69.14
0,69.12
0,69.125
0,69.135
0,69.145
0,69.105
0,69.095
0,69.11
0,69.095
0,69.095
0,69.095
0,69.065
0,69.035
0,68.915
0,68.93
0,68.99
0,69.005
0,68.98
0,69.005
0,68.985
0,68.985
0,68.975
0,68.995
0,68.99
0,68.985
0,68.995
0,68.995
0,68.965
0,68.945
0,68.925
0,68.965
0,68.935
0,68.955
0,68.95
0,68.925
0,68.905
0,68.93
0,68.945
0,68.925
0,68.93
0,68.965
0,68.99
0,68.97
0,68.935
0,68.985
0,68.99
0,69.045
0,69.05
0,69.05
0,68.99
0,68.965
0,68.92
0,68.945
0,68.93
0,68.925
0,68.915
0,68.91
0,68.96
0,68.925
0,68.915
0,68.86
0,68.845
0,68.865
0,68.89
0,68.905
0,68.955
0,68.96
0,68.905
0,68.975
0,68.98
0,68.995
0,69.005
0,69.02
0,68.99
0,69.035
0,69.045
0,69.095
0,69.065
0,69.035
0,69.07
0,69.03
0,69.095
0,69.025
0,69.03
0,69.03
0,68.99
0,69.025
0,69.08
0,69.045
0,69.09
0,69.085
0,69.125
0,69.1
0,69.07
0,69.06
0,69.075
0,69.07
0,69.075
0,69.085
0,69.06
0,69.07
0,69.14
0,69.195
0,69.235
0,69.27
0,69.3
0,69.215
0,69.205
0,69.22
0,69.24
0,69.21
0,69.26
0,69.215
0,69.255
0,69.24
0,69.255
0,69.305
0,69.37
0,69.35
0,69.355
0,69.325
0,69.3
0,69.275
0,69.225
0,69.24
0,69.215
0,69.165
0,69.13
0,69.16
0,69.175
0,69.16
0,69.205
0,69.175
0,69.225
0,69.255
0,69.295
0,69.295
0,69.27
0,69.29
0,69.21
0,69.16
0,69.17
0,69.205
0,69.165
0,69.18
0,69.2
0,69.24
0,69.245
0,69.32
0,69.31
0,69.325
0,69.35
0,69.415
0,69.42
0,69.375
0,69.39
0,69.4
0,69.4
0,69.415
0,69.425
0,70.015
0,69.975
0,69.93
0,69.945
0,69.955
0,69.835
0,69.85
0,69.955
0,69.92
0,69.855
0,69.82
0,69.965
0,70.015
0,70.11
0,70.245
0,70.175
0,70.13
0,70.165
0,70.16
0,70.1
0,70.105
0,70.065
0,70.005
0,69.995
0,69.96
0,69.955
0,69.925
0,69.87
0,69.74
0,69.76
0,69.705
0,69.75
0,69.78
0,69.805
0,69.78
0,69.79
0,69.7
0,69.735
0,69.785
0,69.66
0,69.535
0,69.52
0,69.625
0,69.585
0,69.59
0,69.555
0,69.55
0,69.59
0,69.655
0,69.6
0,69.57
0,69.645
0,69.655
0,69.665
0,69.74
0,69.78
0,69.715
0,69.675
0,69.655
0,69.615
0,69.635
0,69.67
0,69.655
0,69.625
0,69.64
0,69.6
0,69.62
0,69.61
0,69.61
0,69.57
0,69.51
0,69.525
0,69.53
0,69.525
0,69.445
0,69.485
0,69.55
0,69.55
0,69.515
0,69.43
0,69.365
0,69.285
0,69.245
0,69.23
0,69.21
0,69.205
0,69.25
0,69.28
0,69.355
0,69.29
0,69.215
0,69.19
0,69.25
0,69.23
0,69.275
0,69.275
0,69.265
0,69.29
0,69.2
0,69.26
0,69.27
0,69.28
0,69.26
0,69.285
0,69.28
0,69.265
0,69.29
0,69.275
0,69.28
0,69.27
0,69.24
0,69.255
0,69.305
0,69.215
0,69.235
0,69.235
0,69.245
0,69.29
0,69.32
0,69.375
0,69.4
0,69.405
0,69.39
0,69.475
0,69.47
0,69.465
0,69.5
0,69.495
0,69.545
0,69.505
0,69.47
0,69.47
0,69.485
0,69.445
0,69.395
0,69.375
0,69.375
0,69.38
0,69.36
0,69.395
0,69.46
0,69.485
0,69.485
0,69.51
0,69.53
0,69.58
0,69.565
0,69.625
0,69.505
0,69.455
0,69.395
0,69.38
0,69.405
0,69.38
0,69.43
0,69.43
0,69.45
0,69.44
0,69.41
0,69.425
0,69.45
0,69.415
0,69.45
0,69.42
0,69.4
0,69.41
0,69.405
0,69.355
0,69.395
0,69.45
0,69.495
0,69.495
0,69.49
0,69.47
0,69.48
0,69.45
0,69.47
0,69.505
0,69.495
0,69.485
0,69.505
0,69.505
0,69.53
0,69.545
0,69.53
0,69.51
0,69.505
0,69.505
0,69.47
0,69.475
0,69.44
0,69.465
0,69.465
0,69.525
0,69.535
0,69.55
0,69.54
0,69.54
0,69.5
0,69.505
0,69.54
0,69.56
0,69.56
0,69.585
0,69.565
0,69.575
0,69.56
0,69.58
0,69.58
0,69.595
0,69.59
0,69.6
0,69.595
0,69.6
0,69.595
0,69.59
0,69.615
0,69.605
0,69.615
0,69.64
0,69.635
0,69.655
0,69.665
0,69.655
0,69.71
0,69.715
0,69.725
0,69.745
0,69.79
0,69.82
0,69.855
0,69.855
0,69.825
0,69.825
0,69.785
0,69.795
0,69.81
0,69.815
0,69.79
0,69.795
0,69.76
0,69.795
0,69.805
0,69.81
0,69.8
0,69.845
0,69.84
0,69.845
0,69.865
0,69.875
0,69.905
0,69.9
0,69.915
0,69.895
0,69.89
0,69.895
0,69.87
0,69.895
0,69.92
0,69.935
0,69.955
0,69.94
0,69.94
0,69.95
0,69.965
0,69.975
0,69.975
0,69.98
0,69.95
0,69.955
0,69.99
0,69.93
0,69.96
0,69.955
0,70.035
0,70.015
0,69.96
0,69.96
0,69.955
0,69.955
0,69.96
0,69.97
0,69.955
0,69.835
0,69.88
0,69.88
0,69.865
0,69.835
0,69.845
0,69.83
0,69.8
0,69.8
0,69.82
0,69.82
0,69.83
0,69.83
0,69.815
0,69.78
0,69.775
0,69.865
0,69.82
0,69.805
0,69.805
0,69.81
0,69.805
0,69.805
0,69.865
0,69.88
0,69.885
0,69.83
0,69.86
0,69.89
0,69.905
0,69.935
0,69.955
0,69.95
0,69.925
0,69.915
0,69.915
0,69.915
0,69.92
0,69.93
0,69.925
0,69.925
0,69.92
0,69.94
0,69.905
0,69.915
0,69.9
0,69.92
0,69.905
0,69.9
0,69.935
0,69.935
0,69.935
0,69.945
0,69.95
0,69.92
0,69.965
0,69.975
0,70.02
0,70.025
0,70.04
0,70.03
0,70.01
0,69.995
0,69.985
0,69.95
0,69.935
0,69.915
0,69.91
0,69.92
0,69.91
0,69.935
0,69.92
0,69.925
0,69.925
0,70.005
0,69.985
0,69.995
0,69.98
0,69.97
0,69.955
0,69.97
0,69.95
0,69.935
0,69.965
0,69.96
0,69.935
0,69.955
0,69.98
0,69.975
0,70.005
0,69.945
0,69.965
0,69.995
0,69.97
0,69.98
0,69.975
0,69.99
0,69.99
0,70.03
0,70.02
0,70.015
0,70.06
0,70.05
0,70.095
0,70.06
0,70.12
0,70.095
0,70.12
0,70.07
0,70.15
0,70.135
0,70.15
0,70.2
0,70.205
0,70.325
0,70.325
0,70.25
0,70.255
0,70.22
0,70.205
0,70.26
0,70.27
0,70.255
0,70.26
0,70.28
0,70.275
0,70.28
0,70.285
0,70.265
0,70.255
0,70.245
0,70.21
0,70.195
0,70.22
0,70.295
0,70.25
0,70.23
0,70.215
0,70.175
0,70.165
0,70.155
0,70.155
0,70.125
0,70.115
0,70.115
0,70.11
0,70.02
0,70.03
0,70.02
0,70.08
0,70.085
0,70.045
0,70.02
0,70.005
0,69.995
0,69.99
0,70.02
0,69.985
0,70
0,70.015
0,69.985
0,69.955
0,69.945
0,69.985
0,69.975
0,69.975
0,70
0,70.025
0,70.075
0,70.1
0,70.08
0,70.075
0,70.095
0,70.115
0,70.095
0,70.07
0,70.045
0,70.035
0,70.075
0,70.09
0,70.1
0,70.085
0,70.095
0,70.095
0,70.09
0,70.095
0,70.09
0,70.075
0,70.07
0,70.12
0,70.095
0,70.105
0,70.095
0,70.145
0,70.14
0,70.12
0,70.095
0,70.065
0,70.07
0,70.055
0,70.01
0,69.985
0,70.025
0,70.035
0,70.015
0,70.06
0,70.055
0,70.06
0,70.035
0,70.035
0,70.05
0,70.065
0,70.04
0,70.025
0,70.02
0,69.95
0,69.92
0,69.88
0,69.88
0,69.875
0,69.9
0,69.925
0,70.485
0,70.43
0,70.395
0,70.32
0,70.295
0,70.26
0,70.235
0,70.12
0,70.075
0,70.14
0,70.25
0,70.175
0,70.26
0,70.235
0,70.275
0,70.315
0,70.34
0,70.335
0,70.24
0,70.27
0,70.19
0,70.265
0,70.3
0,70.22
0,70.26
0,70.205
0,70.32
0,70.3
0,70.34
0,70.31
0,70.35
0,70.345
0,70.495
0,70.48
0,70.48
0,70.515
0,70.575
0,70.47
0,70.535
0,70.525
0,70.51
0,70.5
0,70.505
0,70.475
0,70.435
0,70.405
0,70.415
0,70.455
0,70.43
0,70.29
0,70.23
0,70.26
0,70.27
0,70.22
0,70.195
0,70.175
0,70.185
0,70.175
0,70.17
0,70.21
0,70.24
0,70.29
0,70.265
0,70.265
0,70.25
0,70.24
0,70.22
0,70.245
0,70.255
0,70.19
0,70.195
0,70.2
0,70.165
0,70.15
0,70.175
0,70.165
0,70.165
0,70.155
0,70.13
0,70.045
0,70.01
0,69.995
0,70.04
0,70
0,70.02
0,70.025
0,70.04
0,70.02
0,70.015
0,70.03
0,70.045
0,70.035
0,69.945
0,69.98
0,69.865
0,69.9
0,69.88
0,69.845
0,69.86
0,69.855
0,69.92
0,69.965
0,70.015
0,69.985
0,70.005
0,70.005
0,69.98
0,69.955
0,69.935
0,69.875
0,69.835
0,69.85
0,69.86
0,69.915
0,69.9
0,69.885
0,69.875
0,69.875
0,69.805
0,69.72
0,69.735
0,69.74
0,69.73
0,69.765
0,69.81
0,69.865
0,69.865
0,69.865
0,69.85
0,69.83
0,69.855
0,69.835
0,69.75
0,69.775
0,69.79
0,69.77
0,69.75
0,69.73
0,69.73
0,69.775
0,69.79
0,69.815
0,69.805
0,69.805
0,69.835
0,69.84
0,69.88
0,69.9
0,69.87
0,69.895
0,69.88
0,69.865
0,69.87
0,69.9
0,69.915
0,69.965
0,69.915
0,69.885
0,69.9
0,69.895
0,69.885
0,69.885
0,69.885
0,69.865
0,69.855
0,69.85
0,69.87
0,69.875
0,69.905
0,69.9
0,69.895
0,69.855
0,69.825
0,69.79
0,69.785
0,69.745
0,69.715
0,69.735
0,69.765
0,69.765
0,69.75
0,69.715
0,69.695
0,69.71
0,69.725
0,69.825
0,69.82
0,69.88
0,69.87
0,69.88
0,69.89
0,69.89
0,69.875
0,69.885
0,69.89
0,69.915
0,69.93
0,69.94
0,69.945
0,69.94
0,69.955
0,69.955
0,70.01
0,69.995
0,70.02
0,70.03
0,70.025
0,70.035
0,70.055
0,70.005
0,70.04
0,70.08
0,70.08
0,70.065
0,70.02
0,69.975
0,69.93
0,69.895
0,69.89
0,69.905
0,69.935
0,69.93
0,69.915
0,69.9
0,69.945
0,69.945
0,69.96
0,70.025
0,70.015
0,70.02
0,69.975
0,69.975
0,70
0,69.985
0,70.015
0,70.035
0,70.005
0,69.99
0,69.925
0,69.93
0,69.935
0,69.94
0,69.955
0,69.985
0,69.99
0,69.98
0,69.98
0,69.98
0,69.965
0,70
0,70.02
0,69.995
0,69.965
0,69.975
0,69.98
0,69.97
0,69.995
0,69.975
0,69.985
0,69.995
0,70.005
0,69.995
0,69.99
0,70.005
0,70.005
0,70.01
0,69.99
0,69.995
0,70.035
0,70.075
0,70.075
0,70.09
0,70.095
0,70.085
0,70.105
0,70.06
0,70.055
0,70.05
0,70.11
0,70.115
0,70.095
0,70.095
0,70.095
0,70.08
0,70.105
0,70.095
0,70.12
0,70.12
0,70.155
0,70.195
0,70.17
0,70.205
0,70.205
0,70.21
0,70.21
0,70.205
0,70.225
0,70.215
0,70.21
0,70.215
0,70.23
0,70.23
0,70.24
0,70.24
0,70.215
0,70.205
0,70.225
0,70.245
0,70.23
0,70.255
0,70.26
0,70.24
0,70.275
0,70.275
0,70.265
0,70.265
0,70.225
0,70.255
0,70.265
0,70.265
0,70.26
0,70.255
0,70.265
0,70.25
0,70.235
0,70.255
0,70.27
0,70.245
0,70.245
0,70.245
0,70.235
0,70.275
0,70.39
0,70.46
0,70.415
0,70.43
0,70.465
0,70.47
0,70.47
0,70.455
0,70.46
0,70.465
0,70.425
0,70.44
0,70.435
0,70.43
0,70.425
0,70.41
0,70.44
0,70.475
0,70.48
0,70.465
0,70.455
0,70.435
0,70.43
0,70.41
0,70.42
0,70.44
0,70.47
0,70.455
0,70.43
0,70.42
0,70.42
0,70.42
0,70.38
0,70.375
0,70.34
0,70.33
0,70.32
0,70.335
0,70.36
0,70.385
0,70.385
0,70.405
0,70.4
0,70.41
0,70.43
0,70.47
0,70.47
0,70.48
0,70.49
0,70.435
0,70.465
0,70.455
0,70.46
0,70.485
0,70.52
0,70.5
0,70.45
0,70.445
0,70.445
0,70.49
0,70.45
0,70.395
0,70.43
0,70.435
0,70.375
0,70.365
0,70.35
0,70.355
0,70.345
0,70.36
0,70.375
0,70.365
0,70.36
0,70.365
0,70.315
0,70.305
0,70.34
0,70.3
0,70.255
0,70.225
0,70.195
0,70.18
0,70.2
0,70.16
0,70.18
0,70.215
0,70.24
0,70.245
0,70.25
0,70.235
0,70.24
0,70.25
0,70.29
0,70.325
0,70.37
0,70.395
0,70.42
0,70.425
0,70.44
0,70.425
0,70.48
0,70.49
0,70.435
0,70.41
0,70.39
0,70.425
0,70.435
0,70.38
0,70.395
0,70.385
0,70.415
0,70.465
0,70.425
0,70.395
0,70.34
0,70.37
0,70.41
0,70.405
0,70.455
0,70.48
0,70.465
0,70.48
0,70.47
0,70.475
0,70.455
0,70.47
0,70.505
0,70.505
0,70.43
0,70.405
0,70.4
0,70.395
0,70.435
0,70.45
0,70.475
0,70.47
0,70.495
0,70.45
0,70.38
0,70.42
0,70.5
0,70.49
0,70.46
0,70.425
0,70.43
0,70.405
0,70.415
0,70.335
0,70.315
0,70.335
0,70.37
0,70.43
0,70.43
0,70.4
0,70.39
0,70.37
0,70.365
0,70.395
0,70.34
0,70.28
0,70.285
0,70.275
0,70.34
0,70.345
0,71.015
0,70.995
0,70.925
0,70.85
0,70.895
0,70.805
0,70.815
0,70.825
0,70.78
0,70.68
0,70.46
0,70.47
0,70.385
0,70.485
0,70.47
0,70.62
0,70.765
0,70.655
0,70.66
0,70.71
0,70.62
0,70.6
0,70.56
0,70.635
0,70.59
0,70.515
0,70.63
0,70.595
0,70.645
0,70.57
0,70.525
0,70.565
0,70.675
0,70.655
0,70.56
0,70.56
0,70.525
0,70.565
0,70.44
0,70.49
0,70.505
0,70.535
0,70.49
0,70.435
0,70.42
0,70.465
0,70.475
0,70.415
0,70.41
0,70.47
0,70.475
0,70.465
0,70.46
0,70.49
0,70.46
0,70.445
0,70.455
0,70.58
0,70.55
0,70.565
0,70.545
0,70.55
0,70.485
0,70.505
0,70.47
0,70.48
0,70.5
0,70.53
0,70.465
0,70.505
0,70.55
0,70.505
0,70.5
0,70.495
0,70.43
0,70.495
0,70.575
0,70.63
0,70.63
0,70.66
0,70.6
0,70.595
0,70.63
0,70.595
0,70.575
0,70.575
0,70.525
0,70.55
0,70.565
0,70.535
0,70.51
0,70.525
0,70.47
0,70.4
0,70.36
0,70.37
0,70.38
0,70.445
0,70.405
0,70.36
0,70.335
0,70.33
0,70.285
0,70.27
0,70.22
0,70.21
0,70.19
0,70.145
0,70.115
0,70.175
0,70.13
0,70.135
0,70.155
0,70.2
0,70.18
0,70.125
0,70.115
0,70.125
0,70.13
0,70.13
0,70.185
0,70.145
0,70.14
0,70.11
0,70.07
0,70.065
0,70.06
0,70.01
0,69.98
0,69.98
0,69.97
0,69.985
0,69.985
0,70.04
0,70.085
0,70.065
0,70.04
0,70.03
0,70.045
0,70.015
0,70.01
0,70.03
0,70.025
0,69.99
0,70.025
0,70.01
0,70.04
0,70.015
0,69.95
0,70
0,70.025
0,69.99
0,70.005
0,70.015
0,70.055
0,70.085
0,70.13
0,70.13
0,70.1
0,70.13
0,70.07
0,70.065
0,70.13
0,70.17
0,70.22
0,70.19
0,70.18
0,70.21
0,70.18
0,70.17
0,70.245
0,70.265
0,70.305
0,70.255
0,70.255
0,70.29
0,70.285
0,70.295
0,70.29
0,70.295
0,70.365
0,70.35
0,70.35
0,70.33
0,70.275
0,70.255
0,70.28
0,70.31
0,70.34
0,70.32
0,70.32
0,70.355
0,70.335
0,70.31
0,70.32
0,70.335
0,70.345
0,70.395
0,70.4
0,70.4
0,70.405
0,70.395
0,70.37
0,70.4
0,70.35
0,70.365
0,70.335
0,70.38
0,70.4
0,70.35
0,70.35
0,70.335
0,70.35
0,70.335
0,70.325
0,70.285
0,70.315
0,70.35
0,70.32
0,70.33
0,70.325
0,70.275
0,70.285
0,70.25
0,70.23
0,70.25
0,70.27
0,70.275
0,70.295
0,70.255
0,70.24
0,70.245
0,70.245
0,70.3
0,70.315
0,70.315
0,70.315
0,70.345
0,70.265
0,70.26
0,70.295
0,70.3
0,70.31
0,70.375
0,70.38
0,70.405
0,70.41
0,70.435
0,70.41
0,70.395
0,70.385
0,70.375
0,70.38
0,70.35
0,70.365
0,70.325
0,70.35
0,70.305
0,70.295
0,70.305
0,70.32
0,70.335
0,70.335
0,70.295
0,70.275
0,70.275
0,70.255
0,70.16
0,70.18
0,70.205
0,70.23
0,70.215
0,70.21
0,70.195
0,70.215
0,70.245
0,70.265
0,70.22
0,70.205
0,70.205
0,70.205
0,70.19
0,70.195
0,70.25
0,70.245
0,70.225
0,70.27
0,70.25
0,70.26
0,70.26
0,70.24
0,70.23
0,70.235
0,70.215
0,70.215
0,70.21
0,70.195
0,70.19
0,70.215
0,70.225
0,70.205
0,70.21
0,70.225
0,70.245
0,70.285
0,70.29
0,70.325
0,70.33
0,70.315
0,70.275
0,70.25
0,70.215
0,70.22
0,70.27
0,70.28
0,70.25
0,70.22
0,70.17
0,70.145
0,70.16
0,70.21
0,70.125
0,70.17
0,70.17
0,70.16
0,70.085
0,70.08
0,70.03
0,70.01
0,69.89
0,69.855
0,69.835
0,69.82
0,69.81
0,69.87
0,69.835
0,69.825
0,69.815
0,69.7
0,69.705
0,69.665
0,69.73
0,69.755
0,69.74
0,69.74
0,69.725
0,69.665
0,69.64
0,69.68
0,69.69
0,69.655
0,69.63
0,69.655
0,69.64
0,69.475
0,69.345
0,69.425
0,69.455
0,69.485
0,69.49
0,69.54
0,69.52
0,69.505
0,69.5
0,69.5
0,69.435
0,69.465
0,69.48
0,69.54
0,69.645
0,69.66
0,69.585
0,69.58
0,69.575
0,69.52
0,69.38
0,69.43
0,69.46
0,69.45
0,69.425
0,69.49
0,69.41
0,69.505
0,69.51
0,69.605
0,69.615
0,69.625
0,69.475
0,69.575
0,69.635
0,69.715
0,69.66
0,69.645
0,69.645
0,69.625
0,69.57
0,69.55
0,69.565
0,69.61
0,69.61
0,69.62
0,69.585
0,69.53
0,69.67
0,69.7
0,69.65
0,69.59
0,69.67
0,69.575
0,69.6
0,69.62
0,69.68
0,69.765
0,69.705
0,69.645
0,69.69
0,69.675
0,69.715
0,69.805
0,69.8
0,69.79
0,69.81
0,69.75
0,69.81
0,69.81
0,69.81
0,69.81
0,69.885
0,69.89
0,69.895
0,69.91
0,69.98
0,69.935
0,69.92
0,69.975
0,69.965
0,69.915
0,69.93
0,69.915
0,69.95
0,69.94
0,69.95
0,69.96
0,69.945
0,69.97
0,70.005
0,70.04
0,70.12
0,70.14
0,70.095
0,70.145
0,70.155
0,70.12
0,69.9
0,69.825
0,69.88
0,69.975
0,69.92
0,69.92
0,69.935
0,69.885
0,69.9
0,69.955
0,69.95
0,69.915
0,69.94
0,69.88
0,69.865
0,69.885
0,69.775
0,69.8
0,69.815
0,69.825
0,69.79
0,69.74
0,69.71
0,69.7
0,69.645
0,69.65
0,69.615
0,69.585
0,69.565
0,69.605
0,69.615
0,69.565
0,69.585
0,69.6
0,69.645
0,69.63
0,69.56
0,69.565
0,69.605
0,69.615
0,69.645
0,69.63
0,69.665
0,69.605
0,69.625
0,69.635
0,69.555
0,69.555
0,69.58
0,69.615
0,69.515
0,69.47
0,68.91
0,68.845
0,68.78
0,68.615
0,68.485
0,68.63
0,68.585
0,68.63
0,68.555
0,68.51
0,68.48
0,68.47
0,68.49
0,68.49
0,68.44
0,68.42
0,68.265
0,68.21
0,68.31
0,68.325
0,68.21
0,68.175
0,68.17
0,68.26
0,68.33
0,68.51
0,68.4
0,68.3
0,68.3
0,68.255
0,68.285
0,68.28
0,68.14
0,68.2
0,68.235
0,68.245
0,68.35
0,68.45
0,68.44
0,68.405
0,68.375
0,68.335
0,68.39
0,68.34
0,68.39
0,68.5
0,68.54
0,68.565
0,68.63
0,68.49
0,68.47
0,68.505
0,68.46
0,68.53
0,68.53
0,68.44
0,68.425
0,68.43
0,68.51
0,68.46
0,68.475
0,68.5
0,68.555
0,68.565
0,68.545
0,68.545
0,68.6
0,68.59
0,68.63
0,68.625
0,68.645
0,68.625
0,68.65
0,68.615
0,68.62
0,68.585
0,68.61
0,68.565
0,68.56
0,68.58
0,68.57
0,68.605
0,68.56
0,68.56
0,68.57
0,68.585
0,68.585
0,68.68
0,68.635
0,68.61
0,68.575
0,68.57
0,68.585
0,68.585
0,68.59
0,68.55
0,68.555
0,68.575
0,68.565
0,68.58
0,68.62
0,68.675
0,68.675
0,68.72
0,68.78
0,68.7
0,68.655
0,68.635
0,68.595
0,68.625
0,68.6
0,68.575
0,68.56
0,68.575
0,68.665
0,68.705
0,68.685
0,68.695
0,68.645
0,68.585
0,68.535
0,68.545
0,68.6
0,68.63
0,68.6
0,68.605
0,68.48
0,68.44
0,68.45
0,68.48
0,68.465
0,68.52
0,68.515
0,68.465
0,68.565
0,68.55
0,68.585
0,68.59
0,68.61
0,68.595
0,68.58
0,68.58
0,68.595
0,68.555
0,68.53
0,68.52
0,68.54
0,68.54
0,68.565
0,68.53
0,68.62
0,68.635
0,68.71
0,68.7
0,68.66
0,68.63
0,68.67
0,68.645
0,68.65
0,68.62
0,68.655
0,68.72
0,68.745
0,68.85
0,68.84
0,68.835
0,68.9
0,68.895
0,68.885
0,68.865
0,68.785
0,68.815
0,68.72
0,68.735
0,68.725
0,68.74
0,68.745
0,68.81
0,69.16
0,69.015
0,68.95
0,68.935
0,68.93
0,69.06
0,69.055
0,69.01
0,69.06
0,69.185
0,69.295
0,69.295
0,69.455
0,69.4
0,69.385
0,69.35
0,69.365
0,69.315
0,69.33
0,69.335
0,69.355
0,69.35
0,69.38
0,69.44
0,69.41
0,69.405
0,69.525
0,69.595
0,69.535
0,69.535
0,69.5
0,69.475
0,69.43
0,69.49
0,69.515
0,69.59
0,69.565
0,69.595
0,69.565
0,69.565
0,69.65
0,69.645
0,69.67
0,69.72
0,69.72
0,69.68
0,69.685
0,69.665
0,69.63
0,69.63
0,69.665
0,69.665
0,69.625
0,69.58
0,69.585
0,69.57
0,69.57
0,69.61
0,69.555
0,69.605
0,69.48
0,69.59
0,69.615
0,69.605
0,69.575
0,69.6
0,69.635
0,69.66
0,69.74
0,69.75
0,69.73
0,69.73
0,69.765
0,69.73
0,69.77
0,69.735
0,69.775
0,69.75
0,69.735
0,69.755
0,69.715
0,69.73
0,69.76
0,69.76
0,69.78
0,69.735
0,69.675
0,69.695
0,69.715
0,69.7
0,69.91
0,70.08
0,70.02
0,70.075
0,70.055
0,70.005
0,70.06
0,70.06
0,70.1
0,70.235
0,70.29
0,70.325
0,70.245
0,70.205
0,70.295
0,70.285
0,70.29
0,70.295
0,70.285
0,70.275
0,70.25
0,70.32
0,70.24
0,70.275
0,70.25
0,70.33
0,70.34
0,70.3
0,70.28
0,70.285
0,70.32
0,70.23
0,70.195
0,70.315
0,70.24
0,70.25
0,70.195
0,70.24
0,70.23
0,70.125
0,70.095
0,70.215
0,70.185
0,70.16
0,70.19
0,70.22
0,70.245
0,70.255
0,70.155
0,70.135
0,70.185
0,70.26
0,70.27
0,70.335
0,70.32
0,70.355
0,70.405
0,70.47
0,70.65
0,70.59
0,70.545
0,70.755
0,70.71
0,70.785
0,70.78
0,70.85
0,70.965
0,70.9
0,70.91
0,70.94
0,70.985
0,70.995
0,70.99
0,71.125
0,71.095
0,71.06
0,71.035
0,71.015
0,71.035
0,71.04
0,71.015
0,71.03
0,70.95
0,70.85
0,70.865
0,70.89
0,70.85
0,70.755
0,70.775
0,70.74
0,70.745
0,70.835
0,70.825
0,70.855
0,70.795
0,70.8
0,70.77
0,70.78
0,70.745
0,70.715
0,70.745
0,70.69
0,70.715
0,70.71
0,70.72
0,70.715
0,70.715
0,70.735
0,70.715
0,70.735
0,70.71
0,70.725
0,70.715
0,70.74
0,70.765
0,70.765
0,70.71
0,70.64
0,70.63
0,70.595
0,70.645
0,70.69
0,70.745
0,70.725
0,70.76
0,70.765
0,70.79
0,70.855
0,70.82
0,70.9
0,70.825
0,70.84
0,70.89
0,70.845
0,70.885
0,70.925
0,70.845
0,70.86
0,70.905
0,70.865
0,70.855
0,70.845
0,70.835
0,70.72
0,70.765
0,70.87
0,70.785
0,70.74
0,70.715
0,70.76
0,70.72
0,70.69
0,70.745
0,70.68
0,70.7
0,70.715
0,70.705
0,70.65
0,70.6
0,70.665
0,70.74
0,70.675
0,70.63
0,70.615
0,70.645
0,70.665
0,70.6
0,70.66
0,70.65
0,70.635
0,70.71
0,70.755
0,70.795
0,70.78
0,70.74
0,70.78
0,70.805
0,70.845
0,70.835
0,70.86
0,70.88
0,70.89
0,70.99
0,70.91
0,70.895
0,70.89
0,70.9
0,70.885
0,70.895
0,70.895
0,70.885
0,70.915
0,70.89
0,70.87
0,70.875
0,70.94
0,70.87
0,70.885
0,70.82
0,70.835
0,70.855
0,70.845
0,70.89
0,70.9
0,70.82
0,70.815
0,70.79
0,70.8
0,70.805
0,70.82
0,70.83
0,70.795
0,70.775
0,70.76
0,70.79
0,70.77
0,70.73
0,70.69
0,70.625
0,70.655
0,70.685
0,70.685
0,70.685
0,70.635
0,70.58
0,70.635
0,70.61
0,70.615
0,70.66
0,70.67
0,70.71
0,70.74
0,70.73
0,70.715
0,70.78
0,70.285
0,70.335
0,70.18
0,70.235
0,70.17
0,70.15
0,70.205
0,70.145
0,70.07
0,70.175
0,70.16
0,70.18
0,70.215
0,70.24
0,70.29
0,70.355
0,70.39
0,70.435
0,70.54
0,70.67
0,70.595
0,70.59
0,70.59
0,70.585
0,70.54
0,70.57
0,70.575
0,70.57
0,70.585
0,70.635
0,70.625
0,70.585
0,70.535
0,70.44
0,70.35
0,70.35
0,70.4
0,70.435
0,70.36
0,70.435
0,70.43
0,70.445
0,70.445
0,70.475
0,70.46
0,70.49
0,70.47
0,70.465
0,70.525
0,70.615
0,70.65
0,70.71
0,70.76
0,70.785
0,70.74
0,70.72
0,70.76
0,70.775
0,70.87
0,70.8
0,70.805
0,70.785
0,70.755
0,70.755
0,70.715
0,70.64
0,70.575
0,70.59
0,70.495
0,70.53
0,70.525
0,70.475
0,70.46
0,70.44
0,70.48
0,70.495
0,70.51
0,70.49
0,70.515
0,70.51
0,70.48
0,70.49
0,70.475
0,70.485
0,70.475
0,70.495
0,70.505
0,70.515
0,70.53
0,70.525
0,70.525
0,70.595
0,70.615
0,70.64
0,70.61
0,70.57
0,70.55
0,70.565
0,70.59
0,70.56
0,70.515
0,70.55
0,70.58
0,70.545
0,70.545
0,70.52
0,70.475
0,70.485
0,70.47
0,70.47
0,70.465
0,70.42
0,70.395
0,70.405
0,70.44
0,70.45
0,70.46
0,70.455
0,70.49
0,70.485
0,70.455
0,70.435
0,70.47
0,70.465
0,70.39
0,70.395
0,70.375
0,70.41
0,70.41
0,70.445
0,70.425
0,70.405
0,70.425
0,70.43
0,70.445
0,70.445
0,70.47
0,70.495
0,70.495
0,70.515
0,70.545
0,70.605
0,70.565
0,70.62
0,70.6
0,70.56
0,70.565
0,70.54
0,70.55
0,70.58
0,70.585
0,70.59
0,70.59
0,70.575
0,70.555
0,70.59
0,70.555
0,70.585
0,70.59
0,70.615
0,70.6
0,70.605
0,70.635
0,70.685
0,70.715
0,70.67
0,70.645
0,70.63
0,70.675
0,70.655
0,70.675
0,70.715
0,70.725
0,70.7
0,70.695
0,70.685
0,70.64
0,70.585
0,70.595
0,70.555
0,70.59
0,70.535
0,70.565
0,70.535
0,70.575
0,70.58
0,70.595
0,70.575
0,70.57
0,70.575
0,70.585
0,70.565
0,70.55
0,70.505
0,70.495
0,70.38
0,70.38
0,70.39
0,70.33
0,70.38
0,70.41
0,70.38
0,70.385
0,70.365
0,70.395
0,70.42
0,70.435
0,70.315
0,70.36
0,70.385
0,70.41
0,70.38
0,70.395
0,70.39
0,70.365
0,70.32
0,70.325
0,70.285
0,70.27
0,70.245
0,70.275
0,70.29
0,70.315
0,70.355
0,70.34
0,70.37
0,70.375
0,70.37
0,70.34
0,70.345
0,70.345
0,70.335
0,70.365
0,70.385
0,70.42
0,70.415
0,70.415
0,70.4
0,70.41
0,70.375
0,70.38
0,70.375
0,70.39
0,70.395
0,70.405
0,70.38
0,70.41
0,70.415
0,70.415
0,70.38
0,70.38
0,70.36
0,70.345
0,70.325
0,70.355
0,70.38
0,70.385
0,70.365
0,70.36
0,70.34
0,70.355
0,70.375
0,70.365
0,70.295
0,70.275
0,70.325
0,70.335
0,70.365
0,70.395
0,70.4
0,70.435
0,70.45
0,70.455
0,70.45
0,70.44
0,70.42
0,70.415
0,70.425
0,70.405
0,70.445
0,70.455
0,70.475
0,70.47
0,70.49
0,70.535
0,70.495
0,70.51
0,70.54
0,70.525
0,70.51
0,70.525
0,70.525
0,70.525
0,70.485
0,70.49
0,70.475
0,70.485
0,70.485
0,70.505
0,70.48
0,70.47
0,70.485
0,70.5
0,70.515
0,70.48
0,70.48
0,70.515
0,70.515
0,70.525
0,70.545
0,70.525
0,70.52
0,70.5
0,70.47
0,70.48
0,70.475
0,70.47
0,70.46
0,70.485
0,70.47
0,70.445
0,70.455
0,70.445
0,70.425
0,70.42
0,70.415
0,70.41
0,70.4
0,70.405
0,70.385
0,70.36
0,70.31
0,70.315
0,70.32
0,70.315
0,70.325
0,70.335
0,70.305
0,70.33
0,70.3
0,70.335
0,70.32
0,70.335
0,70.31
0,70.305
0,70.315
0,70.285
0,70.26
0,70.29
0,70.265
0,70.275
0,70.295
0,70.28
0,70.305
0,70.295
0,70.305
0,70.285
0,70.27
0,70.27
0,70.375
0,70.345
0,70.37
0,70.38
0,70.38
0,70.35
0,70.345
0,70.31
0,70.33
0,70.345
0,70.36
0,70.35
0,70.34
0,70.345
0,70.36
0,70.36
0,70.405
0,70.47
0,70.48
0,70.455
0,70.475
0,70.485
0,70.475
0,70.46
0,70.485
0,70.485
0,70.495
0,70.5
0,70.555
0,70.57
0,70.615
0,70.62
0,70.635
0,70.595
0,70.615
0,70.585
0,70.6
0,70.59
0,70.595
0,70.59
0,70.565
0,70.57
0,70.615
0,70.61
0,70.605
0,70.715
0,70.725
0,70.735
0,70.72
0,70.66
0,70.61
0,70.65
0,70.67
0,70.645
0,70.66
0,70.695
0,70.74
0,70.72
0,70.8
0,70.765
0,70.755
0,70.76
0,70.785
0,70.745
0,70.715
0,70.705
0,70.735
0,70.81
0,70.85
0,70.89
0,70.835
0,70.89
0,70.865
0,70.845
0,70.795
0,70.805
0,70.805
0,70.79
0,70.785
0,70.795
0,70.815
0,70.84
0,70.815
0,70.83
0,70.825
0,70.85
0,70.87
0,70.84
0,70.83
0,70.83
0,70.83
0,70.835
0,70.81
0,70.825
0,70.825
0,70.83
0,70.845
0,70.85
0,70.915
0,70.955
0,71.035
0,71.04
0,71.025
0,71.035
0,71.02
0,71.005
0,71.04
0,71.055
0,71.1
0,71.055
0,71.04
0,71.06
0,71.075
0,71.06
0,71.05
0,71.075
0,71.1
0,71.11
0,71.105
0,71.06
0,71.08
0,71.085
0,71.105
0,71.12
0,71.125
0,71.12
0,71.075
0,71.105
0,71.085
0,71.085
0,71.12
0,71.135
0,71.12
0,71.155
0,71.14
0,71.145
0,71.165
0,71.18
0,71.165
0,71.175
0,71.125
0,71.085
0,71.08
0,71.075
0,71.06
0,71.375
0,71.445
0,71.4
0,71.375
0,71.45
0,71.45
0,71.545
0,71.56
0,71.57
0,71.62
0,71.56
0,71.595
0,71.69
0,71.725
0,71.745
0,71.665
0,71.785
0,71.83
0,71.895
0,71.915
0,71.84
0,71.955
0,71.92
0,71.9
0,71.955
0,71.84
0,71.79
0,71.915
0,72.01
0,71.94
0,71.98
0,72.02
0,72.02
0,72.055
0,71.955
0,71.96
0,71.935
0,71.865
0,71.91
0,71.935
0,72.005
0,72.025
0,72.04
0,71.97
0,71.905
0,72.02
0,71.97
0,72.005
0,71.99
0,71.895
0,71.945
0,72.02
0,71.98
0,72
0,72.005
0,71.95
0,71.945
0,71.985
0,71.99
0,72.03
0,72.11
0,72.11
0,72.105
0,72.165
0,72.19
0,72.205
0,72.18
0,72.12
0,72.165
0,72.13
0,72.12
0,72.14
0,72.185
0,72.22
0,72.225
0,72.125
0,72.095
0,72.1
0,72.09
0,72
0,72.065
0,72.08
0,72.07
0,72.08
0,72.13
0,72.18
0,72.13
0,72.12
0,71.97
0,71.88
0,72.02
0,71.95
0,71.89
0,71.955
0,71.82
0,71.875
0,71.87
0,71.875
0,71.81
0,71.77
0,71.795
0,71.78
0,71.815
0,71.76
0,71.795
0,71.84
0,71.89
0,71.855
0,71.89
0,71.905
0,71.945
0,71.925
0,71.925
0,71.895
0,71.9
0,71.835
0,71.83
0,71.85
0,71.87
0,71.885
0,71.895
0,71.88
0,71.94
0,71.965
0,72
0,72.005
0,72.02
0,72.085
0,72.115
0,72.085
0,72.14
0,72.11
0,72.165
0,72.145
0,72.18
0,72.205
0,72.15
0,72.12
0,72.125
0,72.155
0,72.13
0,72.065
0,72.015
0,71.98
0,71.97
0,71.905
0,71.835
0,71.84
0,71.885
0,71.935
0,71.94
0,71.9
0,71.925
0,71.93
0,71.965
0,71.975
0,72
0,72.03
0,72.015
0,72
0,72.02
0,71.995
0,71.95
0,71.95
0,71.975
0,71.955
0,71.975
0,71.995
0,72.04
0,72.02
0,71.96
0,71.96
0,71.99
0,71.95
0,71.98
0,71.99
0,71.985
0,71.995
0,71.98
0,71.985
0,71.98
0,71.955
0,71.935
0,71.945
0,71.95
0,71.95
0,71.935
0,71.95
0,71.965
0,71.985
0,71.92
0,71.85
0,71.865
0,71.885
0,71.905
0,71.905
0,71.925
0,71.95
0,71.98
0,71.98
0,71.94
0,71.935
0,71.925
0,71.905
0,71.92
0,71.95
0,71.975
0,71.965
0,71.965
0,71.99
0,71.995
0,72
0,71.975
0,71.94
0,71.97
0,71.965
0,71.96
0,71.995
0,72.015
0,72
0,72.01
0,72.015
0,71.995
0,72.015
0,72.025
0,72.045
0,72.085
0,72.085
0,72.135
0,72.13
0,72.125
0,72.11
0,72.125
0,72.07
0,72.035
0,72.025
0,72.09
0,72.045
0,72.05
0,72.05
0,71.93
0,71.97
0,71.99
0,72
0,72.005
0,72.025
0,72.025
0,72.035
0,72.045
0,71.99
0,72.01
0,72.015
0,72.015
0,72.025
0,72.01
0,72.025
0,72.055
0,72.09
0,72.065
0,72.18
0,72.205
0,72.285
0,72.28
0,72.275
0,72.3
0,72.31
0,72.27
0,72.27
0,72.32
0,72.345
0,72.335
0,72.365
0,72.355
0,72.41
0,72.44
0,72.41
0,72.28
0,72.305
0,72.24
0,72.32
0,72.375
0,72.335
0,72.32
0,72.33
0,72.265
0,72.265
0,72.285
0,72.265
0,72.295
0,72.315
0,72.275
0,72.305
0,72.29
0,72.28
0,72.28
0,72.275
0,72.24
0,72.22
0,72.2
0,72.265
0,72.275
0,72.285
0,72.275
0,72.23
0,72.2
0,72.23
0,72.23
0,72.205
0,72.225
0,72.215
0,72.215
0,72.22
0,72.215
0,72.22
0,72.245
0,72.28
0,72.27
0,72.29
0,72.31
0,72.305
0,72.29
0,72.315
0,72.335
0,72.32
0,72.37
0,72.455
0,72.54
0,72.52
0,72.455
0,72.48
0,72.44
0,72.44
0,72.415
0,72.4
0,72.395
0,72.41
0,72.395
0,72.415
0,72.45
0,72.46
0,72.475
0,72.505
0,72.495
0,72.545
0,72.695
0,72.69
0,72.76
0,72.725
0,72.745
0,72.74
0,72.8
0,72.805
0,72.78
0,72.8
0,72.8
0,72.94
0,72.86
0,72.84
0,72.88
0,72.885
0,72.865
0,72.87
0,72.745
0,72.74
0,72.705
0,72.655
0,72.635
0,72.62
0,72.605
0,72.615
0,72.645
0,72.575
0,72.53
0,72.555
0,72.605
0,72.63
0,72.62
0,72.565
0,72.595
0,72.63
0,72.64
0,72.65
0,72.605
0,72.595
0,72.635
0,72.66
0,72.605
0,72.605
0,72.55
0,72.54
0,72.535
0,72.515
0,72.52
0,72.475
0,72.5
0,72.5
0,72.485
0,72.48
0,72.515
0,72.55
0,72.52
0,72.51
0,72.495
0,72.48
0,72.515
0,72.505
0,72.52
0,72.545
0,72.595
0,72.59
0,72.545
0,72.61
0,72.65
0,72.685
0,72.675
0,72.695
0,72.715
0,72.695
0,72.725
0,72.695
0,72.62
0,72.6
0,72.615
0,72.635
0,72.64
0,72.655
0,72.625
0,72.565
0,72.58
0,72.64
0,72.655
0,72.66
0,72.77
0,72.77
0,72.815
0,72.79
0,72.8
0,72.81
0,72.845
0,72.845
0,72.915
0,72.95
0,72.995
0,72.98
0,73.01
0,73
0,72.995
0,73.01
0,72.98
0,73.035
0,73.065
0,73.015
0,73.025
0,73.1
0,73.23
0,73.19
0,73.185
0,73.16
0,73.225
0,73.155
0,73.11
0,72.99
0,72.92
0,72.985
0,72.895
0,72.905
0,72.85
0,72.81
0,72.805
0,72.755
0,72.8
0,72.785
0,72.765
0,72.78
0,72.71
0,72.61
0,72.58
0,72.54
0,72.585
0,72.64
0,72.675
0,72.605
0,72.64
0,72.65
0,72.6
0,72.62
0,72.65
0,72.62
0,72.625
0,72.585
0,72.565
0,72.655
0,72.585
0,72.64
0,72.645
0,72.595
0,72.545
0,72.585
0,72.58
0,72.57
0,72.615
0,72.6
0,72.64
0,72.885
0,72.75
0,72.77
0,72.59
0,72.51
0,72.625
0,72.755
0,72.79
0,72.675
0,72.74
0,72.805
0,72.92
0,72.88
0,72.845
0,72.805
0,72.705
0,72.835
0,72.975
0,72.99
0,73.145
0,73.16
0,73.11
0,73.09
0,73.125
0,73.135
0,73.21
0,73.13
0,73.115
0,73.185
0,73.175
0,73.18
0,73.135
0,73.1
0,72.995
0,72.925
0,72.905
0,72.865
0,72.905
0,72.93
0,72.92
0,72.945
0,72.91
0,72.985
0,72.955
0,73.005
0,72.975
0,73.075
0,73.05
0,73.115
0,73.15
0,73.15
0,73.115
0,73.125
0,73.175
0,73.225
0,73.14
0,73.265
0,73.25
0,73.225
0,73.215
0,73.215
0,73.295
0,73.31
0,73.215
0,73.215
0,73.205
0,73.235
0,73.175
0,73.105
0,73.14
0,73.105
0,73.125
0,73.115
0,73.13
0,73.17
0,73.2
0,73.185
0,73.17
0,73.13
0,73.08
0,73.08
0,73.15
0,73.16
0,73.11
0,73.06
0,73.145
0,73.175
0,73.19
0,73.24
0,73.28
0,73.225
0,73.205
0,73.255
0,73.28
0,73.335
0,73.31
0,73.26
0,73.23
0,73.18
0,73.185
0,73.175
0,73.15
0,73.125
0,73.165
0,73.19
0,73.18
0,73.35
0,73.335
0,73.29
0,73.265
0,73.28
0,73.235
0,73.2
0,73.18
0,73.175
0,73.175
0,73.175
0,73.175
0,73.17
0,73.185
0,73.205
0,73.215
0,73.19
0,73.21
0,73.2
0,73.215
0,73.205
0,73.135
0,73.1
0,73.075
0,73.1
0,73.09
0,73.015
0,72.975
0,73
0,72.92
0,72.905
0,72.875
0,72.885
0,72.92
0,72.915
0,72.925
0,72.905
0,72.905
0,72.87
0,72.84
0,72.81
0,72.79
0,72.785
0,72.78
0,72.805
0,72.825
0,72.805
0,72.82
0,72.795
0,72.805
0,72.815
0,72.785
0,72.775
0,72.815
0,72.88
0,72.885
0,72.86
0,72.845
0,72.865
0,72.88
0,72.92
0,72.925
0,72.97
0,72.92
0,72.905
0,72.92
0,72.95
0,72.935
0,72.955
0,72.95
0,72.965
0,73
0,72.965
0,72.955
0,72.965
0,72.955
0,72.975
0,72.995
0,72.98
0,72.96
0,72.965
0,72.94
0,72.935
0,72.93
0,72.945
0,73
0,72.99
0,73.04
0,73.02
0,73.035
0,73.04
0,73.025
0,73.085
0,73.075
0,73.09
0,73.11
0,73.135
0,73.145
0,73.235
0,73.175
0,73.16
0,73.185
0,73.185
0,73.19
0,73.135
0,73.155
0,73.15
0,73.15
0,73.145
0,73.16
0,73.17
0,73.175
0,73.15
0,73.13
0,73.11
0,73.165
0,73.165
0,73.17
0,73.15
0,73.135
0,73.125
0,73.09
0,73.14
0,73.135
0,73.115
0,73.085
0,73.14
0,73.17
0,73.19
0,73.19
0,73.205
0,73.17
0,73.24
0,73.21
0,73.23
0,73.265
0,73.335
0,73.32
0,73.32
0,73.305
0,73.265
0,73.26
0,73.21
0,73.145
0,73.12
0,73.145
0,73.135
0,73.145
0,73.17
0,73.165
0,73.13
0,73.105
0,73.165
0,73.15
0,73.175
0,73.16
0,73.165
0,73.225
0,73.21
0,73.17
0,73.125
0,73.015
0,73.05
0,73.03
0,73.055
0,73.05
0,73.065
0,73.065
0,73.065
0,73.065
0,73.02
0,73.125
0,73.145
0,73.04
0,73.095
0,73.145
0,73.09
0,73.12
0,73.125
0,73.175
0,73.145
0,73.175
0,73.195
0,73.195
0,73.185
0,73.17
0,73.16
0,73.165
0,73.165
0,73.145
0,73.08
0,73.075
0,73.02
0,73.005
0,73.015
0,73.035
0,73.025
0,73.09
0,73.13
0,73.135
0,73.165
0,73.1
0,73.08
0,73.09
0,73.11
0,73.135
0,73.105
0,73.1
0,73.105
0,73.15
0,73.145
0,73.12
0,73.17
0,73.155
0,73.155
0,73.155
0,73.12
0,73.13
0,73.16
0,73.05
0,73.035
0,72.99
0,72.935
0,72.995
0,72.99
0,73.065
0,73.11
0,73.13
0,73.17
0,73.225
0,73.22
0,73.215
0,73.245
0,73.255
0,73.305
0,73.33
0,73.325
0,73.245
0,73.22
0,73.25
0,73.28
0,73.32
0,73.315
0,73.335
0,73.305
0,73.27
0,73.265
0,73.24
0,73.235
0,73.19
0,73.175
0,73.175
0,73.105
0,73.095
0,73.02
0,73.08
0,73.015
0,72.975
0,72.98
0,72.92
0,72.89
0,72.92
0,72.955
0,72.93
0,72.92
0,73.03
0,73.035
0,73.06
0,73.115
0,73.125
0,73.125
0,73.14
0,73.185
0,73.17
0,73.155
0,73.12
0,73.155
0,73.2
0,73.175
0,73.235
0,73.265
0,73.27
0,73.275
0,73.24
0,73.215
0,73.28
0,73.33
0,73.355
0,73.33
0,73.365
0,73.325
0,73.28
0,73.32
0,73.315
0,73.36
0,73.315
0,73.24
0,73.19
0,73.27
0,73.25
0,73.245
0,73.23
0,73.21
0,73.205
0,73.205
0,73.235
0,73.245
0,73.235
0,73.205
0,73.155
0,73.165
0,73.14
0,73.14
0,73.165
0,73.135
0,73.085
0,73.045
0,73.055
0,73.11
0,73.14
0,73.085
0,73.01
0,72.97
0,73.02
0,73.005
0,73.07
0,73.085
0,73.04
0,73.055
0,73.005
0,72.985
0,73.005
0,72.97
0,73.015
0,72.95
0,72.96
0,72.955
0,72.95
0,72.905
0,72.95
0,72.945
0,72.96
0,72.95
0,72.93
0,72.915
0,72.9
0,72.915
0,72.93
0,72.935
0,72.905
0,72.925
0,72.935
0,72.9
0,72.94
0,72.955
0,72.93
0,72.885
0,72.82
0,72.83
0,72.8
0,72.86
0,72.825
0,72.82
0,72.805
0,72.805
0,72.805
0,72.8
0,72.84
0,72.85
0,72.85
0,72.86
0,72.825
0,72.84
0,72.875
0,72.91
0,72.88
0,72.895
0,72.885
0,72.905
0,72.955
0,72.945
0,72.98
0,73.035
0,73.015
0,73.025
0,73.035
0,73.01
0,72.995
0,72.995
0,72.96
0,72.985
0,73.005
0,73.015
0,73
0,73.005
0,73
0,73.01
0,73.02
0,73
0,72.92
0,72.94
0,73.09
0,73.17
0,73.065
0,73.19
0,73.135
0,73.17
0,73.155
0,73.195
0,73.145
0,73.05
0,73.09
0,73.14
0,73.13
0,73.15
0,73.18
0,73.19
0,73.19
0,73.225
0,73.245
0,73.205
0,73.14
0,73.14
0,73.085
0,73.03
0,73.06
0,72.985
0,72.995
0,73.015
0,73.055
0,73.145
0,73.195
0,73.175
0,73.265
0,73.28
0,73.24
0,73.205
0,73.165
0,73.17
0,73.14
0,73.15
0,73.18
0,73.25
0,73.26
0,73.305
0,73.325
0,73.385
0,73.365
0,73.365
0,73.385
0,73.355
0,73.37
0,73.38
0,73.345
0,73.38
0,73.385
0,73.35
0,73.37
0,73.29
0,73.295
0,73.265
0,73.285
0,73.29
0,73.275
0,73.32
0,73.29
0,73.31
0,73.265
0,73.275
0,73.3
0,73.27
0,73.255
0,73.34
0,73.34
0,73.375
0,73.355
0,73.31
0,73.29
0,73.26
0,73.18
0,73.245
0,73.255
0,73.24
0,73.145
0,73.09
0,73.09
0,73.11
0,73.105
0,73.025
0,73.07
0,73.1
0,73.17
0,73.17
0,73.2
0,73.245
0,73.195
0,73.245
0,73.23
0,73.16
0,73.2
0,73.18
0,73.12
0,73.17
0,73.165
0,73.17
0,73.18
0,73.25
0,73.245
0,73.235
0,73.27
0,73.285
0,73.28
0,73.33
0,73.295
0,73.255
0,73.255
0,73.225
0,73.265
0,73.26
0,73.285
0,73.33
0,73.33
0,73.335
0,73.375
0,73.41
0,73.445
0,73.41
0,73.41
0,73.435
0,73.425
0,73.415
0,73.44
0,73.435
0,73.49
0,73.45
0,73.48
0,73.465
0,73.485
0,73.47
0,73.445
0,73.445
0,73.46
0,73.45
0,73.45
0,73.435
0,73.445
0,73.455
0,73.47
0,73.45
0,73.425
0,73.405
0,73.435
0,73.395
0,73.37
0,73.435
0,73.42
0,73.475
0,73.48
0,73.5
0,73.49
0,73.525
0,73.5
0,73.495
0,73.525
0,73.54
0,73.53
0,73.6
0,73.59
0,73.64
0,73.695
0,73.725
0,73.69
0,73.67
0,73.66
0,73.675
0,73.625
0,73.58
0,73.565
0,73.62
0,73.64
0,73.6
0,73.585
0,73.57
0,73.565
0,73.57
0,73.58
0,73.59
0,73.595
0,73.57
0,73.585
0,73.555
0,73.495
0,73.475
0,73.49
0,73.5
0,73.47
0,73.485
0,73.485
0,73.46
0,73.415
0,73.43
0,73.48
0,73.495
0,73.455
0,73.48
0,73.45
0,73.445
0,73.425
0,73.395
0,73.375
0,73.345
0,73.355
0,73.325
0,73.28
0,73.315
0,73.3
0,73.33
0,73.365
0,73.33
0,73.32
0,73.315
0,73.215
0,73.3
0,73.3
0,73.285
0,73.27
0,73.225
0,73.24
0,73.23
0,73.215
0,73.18
0,73.21
0,73.21
0,73.215
0,73.215
0,73.3
0,73.295
0,73.235
0,73.225
0,73.215
0,73.275
0,73.245
0,73.27
0,73.28
0,73.25
0,73.285
0,73.275
0,73.26
0,73.255
0,73.265
0,73.28
0,73.29
0,73.295
0,73.285
0,73.285
0,73.29
0,73.29
0,73.28
0,73.275
0,73.275
0,73.27
0,73.23
0,73.245
0,73.265
0,73.295
0,73.325
0,73.325
0,73.305
0,73.31
0,73.32
0,73.295
0,73.31
0,73.27
0,73.245
0,73.245
0,73.255
0,73.295
0,73.295
0,73.26
0,73.275
0,73.265
0,73.25
0,73.255
0,73.24
0,73.255
0,73.275
0,73.285
0,73.24
0,73.255
0,73.22
0,73.22
0,73.215
0,73.24
0,73.215
0,73.21
0,73.245
0,73.26
0,73.255
0,73.29
0,73.28
0,73.275
0,73.275
0,73.29
0,73.305
0,73.315
0,73.32
0,73.325
0,73.31
0,73.315
0,73.29
0,73.32
0,73.315
0,73.31
0,73.3
0,73.285
0,73.24
0,73.26
0,73.265
0,73.265
0,73.265
0,73.275
0,73.295
0,73.285
0,73.28
0,73.285
0,73.27
0,73.285
0,73.235
0,73.235
0,73.235
0,73.255
0,73.225
0,73.255
0,73.25
0,73.24
0,73.215
0,73.225
0,73.235
0,73.205
0,73.195
0,73.18
0,73.15
0,73.115
0,73.055
0,73.075
0,73.1
0,73.12
0,73.125
0,73.14
0,73.115
0,73.105
0,73.135
0,73.165
0,73.15
0,73.18
0,73.195
0,73.215
0,73.225
0,73.2
0,73.225
0,73.2
0,73.2
0,73.2
0,73.195
0,73.19
0,73.205
0,73.205
0,73.19
0,73.15
0,73.16
0,73.195
0,73.205
0,73.22
0,73.235
0,73.215
0,73.22
0,73.24
0,73.225
0,73.26
0,73.27
0,73.275
0,73.29
0,73.29
0,73.305
0,73.325
0,73.26
0,73.255
0,73.26
0,73.29
0,73.32
0,73.305
0,73.33
0,73.295
0,73.295
0,73.325
0,73.335
0,73.32
0,73.305
0,73.365
0,73.39
0,73.37
0,73.38
0,73.39
0,73.38
0,73.425
0,73.41
0,73.45
0,73.44
0,73.435
0,73.44
0,73.425
0,73.43
0,73.45
0,73.475
0,73.42
0,73.43
0,73.435
0,73.42
0,73.43
0,73.48
0,73.45
0,73.43
0,73.41
0,73.37
0,73.345
0,73.11
0,73.31
0,73.15
0,73.3
0,73.355
0,73.61
0,73.575
0,73.61
0,73.63
0,73.635
0,73.57
0,73.535
0,73.615
0,73.63
0,73.675
0,73.58
0,73.405
0,73.285
0,73.38
0,73.39
0,73.405
0,73.39
0,73.335
0,73.315
0,73.27
0,73.315
0,73.285
0,73.23
0,73.16
0,73.125
0,73.145
0,73.18
0,73.145
0,73.195
0,73.245
0,73.235
0,73.26
0,73.23
0,73.165
0,73.09
0,73.05
0,73.08
0,73.125
0,73.08
0,73.13
0,73.13
0,73.135
0,73.115
0,73.125
0,73.12
0,73.105
0,73.095
0,73.105
0,73.115
0,73.085
0,73.13
0,73.18
0,73.12
0,73.17
0,73.175
0,73.205
0,73.205
0,73.225
0,73.195
0,73.185
0,73.18
0,73.175
0,73.21
0,73.235
0,73.215
0,73.175
0,73.145
0,73.125
0,73.18
0,73.175
0,73.18
0,73.23
0,73.23
0,73.925
0,73.9
0,73.85
0,73.835
0,73.885
0,73.87
0,73.9
0,73.895
0,73.815
0,73.865
0,73.94
0,73.89
0,73.97
0,74.005
0,74.03
0,73.89
0,73.885
0,73.865
0,73.93
0,73.935
0,73.885
0,73.805
0,73.845
0,73.785
0,73.685
0,73.69
0,73.745
0,73.695
0,73.76
0,73.74
0,73.81
0,73.79
0,73.755
0,73.775
0,73.805
0,73.785
0,73.78
0,73.82
0,73.785
0,73.835
0,73.815
0,73.9
0,73.915
0,73.93
0,73.98
0,74.025
0,74.01
0,73.98
0,74.035
0,74.055
0,74.07
0,74.05
0,74.06
0,74.045
0,74.08
0,74.045
0,73.965
0,73.95
0,74.025
0,74.01
0,73.965
0,73.985
0,73.965
0,73.985
0,73.95
0,73.93
0,73.96
0,73.99
0,73.99
0,74.01
0,74.03
0,74.03
0,73.995
0,74.025
0,74.055
0,74.045
0,74.045
0,74.04
0,74.045
0,74.085
0,74.085
0,74.13
0,74.085
0,74.065
0,74.065
0,74.065
0,74.03
0,74.04
0,74.045
0,74.07
0,74.08
0,74.09
0,74.1
0,74.055
0,74.01
0,73.96
0,73.945
0,73.91
0,73.93
0,73.99
0,73.94
0,73.955
0,73.98
0,74.02
0,74.06
0,74.045
0,74.03
0,74.02
0,73.935
0,73.96
0,74.02
0,74.02
0,74.01
0,74.005
0,74.03
0,74.045
0,74.04
0,74
0,74.035
0,74.06
0,74.03
0,74.03
0,74.045
0,74.03
0,74.055
0,74.03
0,74
0,73.995
0,73.995
0,73.96
0,74
0,74.065
0,74.045
0,74.08
0,74.11
0,74.115
0,74.135
0,74.115
0,74.1
0,74.18
0,74.19
0,74.165
0,74.16
0,74.17
0,74.155
0,74.12
0,74.105
0,74.08
0,74.12
0,74.175
0,74.195
0,74.18
0,74.185
0,74.185
0,74.195
0,74.19
0,74.165
0,74.18
0,74.21
0,74.185
0,74.2
0,74.205
0,74.175
0,74.19
0,74.165
0,74.195
0,74.19
0,74.185
0,74.17
0,74.16
0,74.19
0,74.15
0,74.17
0,74.13
0,74.15
0,74.215
0,74.195
0,74.23
0,74.2
0,74.2
0,74.24
0,74.235
0,74.205
0,74.18
0,74.18
0,74.195
0,74.19
0,74.24
0,74.195
0,74.205
0,74.205
0,74.195
0,74.165
0,74.18
0,74.15
0,74.13
0,74.15
0,74.135
0,74.14
0,74.15
0,74.16
0,74.155
0,74.155
0,74.135
0,74.195
0,74.17
0,74.175
0,74.15
0,74.1
0,74.145
0,74.155
0,74.145
0,74.135
0,74.135
0,74.135
0,74.14
0,74.125
0,74.085
0,74.035
0,74.05
0,74.02
0,73.995
0,74.045
0,74.045
0,74.035
0,74.065
0,74.1
0,74.105
0,74.1
0,74.11
0,74.08
0,74.075
0,74.085
0,74.085
0,74.095
0,74.105
0,74.11
0,74.085
0,74.095
0,74.12
0,74.135
0,74.15
0,74.17
0,74.165
0,74.16
0,74.185
0,74.185
0,74.145
0,74.135
0,74.14
0,74.145
0,74.145
0,74.125
0,74.135
0,74.18
0,74.175
0,74.165
0,74.175
0,74.21
0,74.235
0,74.2
0,74.185
0,74.15
0,74.185
0,74.19
0,74.165
0,74.14
0,74.17
0,74.165
0,74.165
0,74.165
0,74.185
0,74.215
0,74.2
0,74.18
0,74.185
0,74.15
0,74.145
0,74.05
0,74.03
0,74.07
0,74.08
0,74.055
0,74.045
0,74.06
0,74.055
0,74.06
0,73.985
0,74.01
0,73.995
0,74
0,74.06
0,74.06
0,74.055
0,74.1
0,74.125
0,74.175
0,74.185
0,74.165
0,74.18
0,74.155
0,74.16
0,74.14
0,74.135
0,74.135
0,74.175
0,74.15
0,74.22
0,74.215
0,74.22
0,74.2
0,74.205
0,74.205
0,74.195
0,74.22
0,74.22
0,74.245
0,74.28
0,74.28
0,74.25
0,74.265
0,74.255
0,74.255
0,74.265
0,74.255
0,74.26
0,74.28
0,74.27
0,74.255
0,74.345
0,74.335
0,74.37
0,74.32
0,74.33
0,74.27
0,74.29
0,74.345
0,74.35
0,74.315
0,74.35
0,74.32
0,74.305
0,74.29
0,74.3
0,74.325
0,74.285
0,74.245
0,74.275
0,74.305
0,74.305
0,74.29
0,74.29
0,74.3
0,74.3
0,74.295
0,74.31
0,74.315
0,74.335
0,74.345
0,74.385
0,74.385
0,74.335
0,74.36
0,74.37
0,74.385
0,74.365
0,74.365
0,74.37
0,74.365
0,74.36
0,74.365
0,74.36
0,74.355
0,74.355
0,74.365
0,74.415
0,74.375
0,74.375
0,74.355
0,74.355
0,74.365
0,74.315
0,74.375
0,74.39
0,74.35
0,74.33
0,74.32
0,74.335
0,74.3
0,74.305
0,74.29
0,74.255
0,74.23
0,74.155
0,74.165
0,74.14
0,74.13
0,74.155
0,74.12
0,74.12
0,74.04
0,74.02
0,73.95
0,73.955
0,73.94
0,73.915
0,73.915
0,73.95
0,73.97
0,74.02
0,74.01
0,74.05
0,74.055
0,74.045
0,74.03
0,74.05
0,74.12
0,74.075
0,74.1
0,74.05
0,74.03
0,74.06
0,74.05
0,74.06
0,74.075
0,74.025
0,74.045
0,74.01
0,74.025
0,73.97
0,73.985
0,73.985
0,73.875
0,73.92
0,73.92
0,73.96
0,74.03
0,74.035
0,74.015
0,74.06
0,74.075
0,74.055
0,74.085
0,74.095
0,74.055
0,74.05
0,74.055
0,74.055
0,74.09
0,74.105
0,74.075
0,74.11
0,74.105
0,74.075
0,74.075
0,74.075
0,74.045
0,74.01
0,73.985
0,74.005
0,74.02
0,73.99
0,74.015
0,73.995
0,74.035
0,74.02
0,74
0,74.01
0,74.01
0,74.015
0,74
0,73.985
0,73.945
0,73.95
0,73.985
0,74.005
0,73.985
0,73.99
0,73.97
0,73.97
0,73.895
0,73.895
0,73.915
0,73.895
0,73.905
0,73.925
0,73.905
0,73.5
0,73.175
0,73.185
0,73.11
0,73.17
0,73.2
0,73.255
0,73.345
0,73.295
0,73.33
0,73.3
0,73.455
0,73.385
0,73.495
0,73.44
0,73.4
0,73.505
0,73.545
0,73.54
0,73.57
0,73.555
0,73.56
0,73.57
0,73.54
0,73.57
0,73.565
0,73.6
0,73.56
0,73.51
0,73.46
0,73.465
0,73.47
0,73.42
0,73.355
0,73.395
0,73.345
0,73.36
0,73.38
0,73.345
0,73.305
0,73.29
0,73.26
0,73.24
0,73.205
0,73.19
0,73.21
0,73.3
0,73.32
0,73.27
0,73.26
0,73.255
0,73.245
0,73.255
0,73.235
0,73.195
0,73.25
0,73.3
0,73.31
0,73.305
0,73.305
0,73.315
0,73.35
0,73.345
0,73.39
0,73.48
0,73.44
0,73.385
0,73.4
0,73.39
0,73.385
0,73.285
0,73.255
0,73.25
0,73.23
0,73.225
0,73.175
0,73.14
0,73.19
0,73.155
0,73.145
0,73.05
0,73.095
0,73.03
0,73.03
0,73.025
0,72.98
0,73.045
0,73.075
0,73.04
0,73.02
0,72.95
0,72.95
0,72.99
0,73.04
0,73.05
0,73.095
0,73.08
0,73.155
0,73.185
0,73.155
0,73.1
0,73.125
0,73.14
0,73.125
0,73.125
0,73.17
0,73.18
0,73.21
0,73.3
0,73.33
0,73.3
0,73.305
0,73.245
0,73.29
0,73.255
0,73.265
0,73.295
0,73.3
0,73.28
0,73.255
0,73.235
0,73.245
0,73.275
0,73.255
0,73.255
0,73.24
0,73.31
0,73.34
0,73.31
0,73.295
0,73.295
0,73.29
0,73.275
0,73.3
0,73.285
0,73.28
0,73.285
0,73.275
0,73.29
0,73.28
0,73.26
0,73.235
0,73.275
0,73.275
0,73.275
0,73.3
0,73.31
0,73.305
0,73.305
0,73.285
0,73.295
0,73.29
0,73.32
0,73.28
0,73.295
0,73.305
0,73.305
0,73.36
0,73.35
0,73.39
0,73.375
0,73.41
0,73.395
0,73.41
0,73.43
0,73.44
0,73.475
0,73.51
0,73.52
0,73.565
0,73.6
0,73.635
0,73.59
0,73.5
0,73.565
0,73.615
0,73.56
0,73.615
0,73.605
0,73.65
0,73.65
0,73.625
0,73.66
0,73.65
0,73.675
0,73.685
0,73.68
0,73.685
0,73.705
0,73.655
0,73.65
0,73.6
0,73.59
0,73.585
0,73.575
0,73.52
0,73.53
0,73.535
0,73.54
0,73.515
0,73.525
0,73.525
0,73.495
0,73.485
0,73.515
0,73.51
0,73.485
0,73.49
0,73.45
0,73.455
0,73.395
0,73.42
0,73.465
0,73.445
0,73.455
0,73.46
0,73.475
0,73.46
0,73.47
0,73.485
0,73.51
0,73.475
0,73.465
0,73.47
0,73.5
0,73.49
0,73.48
0,73.465
0,73.47
0,73.42
0,73.49
0,73.51
0,73.55
0,73.525
0,73.515
0,73.53
0,73.54
0,73.55
0,73.54
0,73.545
0,73.5
0,73.505
0,73.55
0,73.52
0,73.53
0,73.545
0,73.535
0,73.53
0,73.505
0,73.495
0,73.495
0,73.505
0,73.495
0,73.52
0,73.52
0,73.55
0,73.56
0,73.59
0,73.57
0,73.59
0,73.59
0,73.6
0,73.57
0,73.565
0,73.575
0,73.59
0,73.575
0,73.585
0,73.6
0,73.61
0,73.665
0,73.64
0,73.63
0,73.635
0,73.625
0,73.66
0,73.68
0,73.665
0,73.63
0,73.635
0,73.64
0,73.675
0,73.685
0,73.71
0,73.715
0,73.71
0,73.7
0,73.715
0,73.745
0,73.75
0,73.76
0,73.74
0,73.75
0,73.765
0,73.74
0,73.735
0,73.715
0,73.72
0,73.735
0,73.755
0,73.72
0,73.725
0,73.68
0,73.655
0,73.68
0,73.715
0,73.725
0,73.72
0,73.695
0,73.685
0,73.74
0,73.71
0,73.72
0,73.775
0,73.765
0,73.745
0,73.725
0,73.74
0,73.7
0,73.715
0,73.715
0,73.705
0,73.67
0,73.69
0,73.72
0,73.715
0,73.67
0,73.71
0,73.695
0,73.64
0,73.655
0,73.635
0,73.65
0,73.6
0,73.58
0,73.55
0,73.55
0,73.54
0,73.47
0,73.515
0,73.53
0,73.525
0,73.555
0,73.54
0,73.535
0,73.51
0,73.49
0,73.44
0,73.47
0,73.545
0,73.58
0,73.55
0,73.545
0,73.505
0,73.53
0,73.565
0,73.555
0,73.56
0,73.51
0,73.53
0,73.555
0,73.575
0,73.58
0,73.545
0,73.53
0,73.545
0,73.55
0,73.6
0,73.635
0,73.635
0,73.615
0,73.66
0,73.64
0,73.65
0,73.685
0,73.675
0,73.73
0,73.74
0,73.745
0,73.735
0,73.71
0,73.685
0,73.715
0,73.725
0,73.78
0,73.8
0,73.795
0,73.76
0,73.76
0,73.81
0,73.8
0,73.805
0,73.9
0,73.89
0,73.91
0,73.945
0,73.92
0,73.935
0,73.88
0,73.965
0,73.975
0,74.025
0,74.02
0,74.015
0,74.02
0,74.025
0,74.015
0,74.02
0,74.025
0,74.08
0,74.19
0,74.195
0,74.19
0,74.21
0,74.22
0,74.195
0,74.135
0,74.1
0,74.13
0,74.135
0,74.125
0,74.165
0,74.13
0,74.09
0,74.12
0,74.115
0,74.095
0,74.135
0,74.135
0,74.11
0,74.135
0,74.175
0,74.11
0,74.11
0,74.065
0,74.095
0,74.055
0,74
0,74
0,74.04
0,74.075
0,74.075
0,74.085
0,74.125
0,74.1
0,74.02
0,74
0,74
0,74.05
0,74.055
0,74.06
0,74.075
0,74.035
0,73.995
0,74.04
0,74.035
0,74.05
0,74.035
0,74.015
0,73.985
0,73.95
0,73.955
0,73.905
0,73.92
0,73.88
0,73.85
0,73.86
0,73.815
0,73.74
0,73.815
0,73.825
0,73.865
0,73.84
0,73.855
0,73.875
0,73.87
0,73.91
0,73.955
0,73.965
0,73.95
0,73.995
0,74
0,74.05
0,74.07
0,74.08
0,74.12
0,74.09
0,74.1
0,74.205
0,74.19
0,74.175
0,74.165
0,74.18
0,74.19
0,74.18
0,74.165
0,74.165
0,74.175
0,73.605
0,73.565
0,73.73
0,73.55
0,73.62
0,73.62
0,73.61
0,73.7
0,73.76
0,73.79
0,73.865
0,73.775
0,73.745
0,73.685
0,73.715
0,73.68
0,73.715
0,73.6
0,73.57
0,73.59
0,73.56
0,73.55
0,73.6
0,73.565
0,73.655
0,73.655
0,73.615
0,73.63
0,73.675
0,73.66
0,73.67
0,73.695
0,73.71
0,73.69
0,73.73
0,73.765
0,73.78
0,73.785
0,73.76
0,73.74
0,73.725
0,73.73
0,73.755
0,73.75
0,73.72
0,73.7
0,73.66
0,73.7
0,73.725
0,73.74
0,73.71
0,73.73
0,73.74
0,73.71
0,73.705
0,73.69
0,73.715
0,73.685
0,73.7
0,73.77
0,73.765
0,73.79
0,73.79
0,73.815
0,73.83
0,73.845
0,73.83
0,73.835
0,73.825
0,73.865
0,73.845
0,73.86
0,73.875
0,73.875
0,73.915
0,73.93
0,73.93
0,73.955
0,74.01
0,73.985
0,73.985
0,74.015
0,73.955
0,73.965
0,73.955
0,73.94
0,73.985
0,73.97
0,73.965
0,73.745
0,73.825
0,73.84
0,73.87
0,73.885
0,73.88
0,73.88
0,73.835
0,73.825
0,73.83
0,73.86
0,73.855
0,73.86
0,73.835
0,73.815
0,73.8
0,73.77
0,73.8
0,73.81
0,73.825
0,73.82
0,73.83
0,73.8
0,73.84
0,73.84
0,73.83
0,73.86
0,73.85
0,73.825
0,73.81
0,73.8
0,73.795
0,73.79
0,73.82
0,73.835
0,73.855
0,73.845
0,73.845
0,73.835
0,73.785
0,73.815
0,73.815
0,73.825
0,73.755
0,73.74
0,73.795
0,73.835
0,73.85
0,73.825
0,73.765
0,73.745
0,73.75
0,73.775
0,73.73
0,73.745
0,73.75
0,73.77
0,73.8
0,73.77
0,73.76
0,73.8
0,73.8
0,73.79
0,73.8
0,73.82
0,73.805
0,73.805
0,73.85
0,73.825
0,73.835
0,73.81
0,73.855
0,73.88
0,73.88
0,73.88
0,73.88
0,73.915
0,73.94
0,73.97
0,73.985
0,73.98
0,74
0,74.015
0,74.04
0,74.055
0,74.01
0,74.025
0,74.03
0,74.035
0,74.045
0,74.02
0,74.03
0,74.04
0,74.045
0,74.045
0,73.99
0,73.955
0,74
0,73.985
0,73.975
0,73.97
0,73.99
0,74.01
0,73.99
0,73.995
0,74.005
0,74.01
0,74.01
0,74.025
0,74.045
0,74.03
0,74.01
0,73.97
0,73.975
0,73.935
0,73.955
0,73.955
0,73.91
0,73.92
0,73.92
0,73.975
0,74
0,74.005
0,74
0,74.01
0,74.04
0,74.045
0,74.04
0,74.03
0,74.04
0,74.055
0,74.06
0,74.01
0,74.065
0,74.045
0,74.06
0,74.105
0,74.12
0,74.095
0,74.085
0,74.095
0,74.125
0,74.115
0,74.11
0,74.12
0,74.125
0,74.1
0,74.105
0,74.155
0,74.175
0,74.17
0,74.16
0,74.165
0,74.15
0,74.135
0,74.145
0,74.16
0,74.17
0,74.17
0,74.21
0,74.215
0,74.245
0,74.245
0,74.205
0,74.21
0,74.225
0,74.24
0,74.21
0,74.23
0,74.26
0,74.27
0,74.26
0,74.265
0,74.24
0,74.235
0,74.215
0,74.255
0,74.255
0,74.25
0,74.245
0,74.285
0,74.305
0,74.3
0,74.305
0,74.285
0,74.255
0,74.24
0,74.245
0,74.24
0,74.28
0,74.245
0,74.28
0,74.26
0,74.24
0,74.205
0,74.215
0,74.24
0,74.24
0,74.26
0,74.245
0,74.26
0,74.26
0,74.26
0,74.27
0,74.255
0,74.275
0,74.26
0,74.275
0,74.285
0,74.325
0,74.32
0,74.3
0,74.305
0,74.31
0,74.26
0,74.26
0,74.285
0,74.26
0,74.245
0,74.245
0,74.25
0,74.27
0,74.305
0,74.315
0,74.31
0,74.285
0,74.31
0,74.31
0,74.305
0,74.31
0,74.34
0,74.34
0,74.355
0,74.33
0,74.365
0,74.335
0,74.33
0,74.335
0,74.335
0,74.335
0,74.36
0,74.39
0,74.375
0,74.38
0,74.375
0,74.39
0,74.405
0,74.36
0,74.355
0,74.34
0,74.34
0,74.325
0,74.34
0,74.35
0,74.35
0,74.355
0,74.36
0,74.335
0,74.345
0,74.355
0,74.335
0,74.3
0,74.28
0,74.28
0,74.28
0,74.295
0,74.315
0,74.32
0,74.325
0,74.33
0,74.315
0,74.33
0,74.335
0,74.295
0,74.26
0,74.31
0,74.345
0,74.345
0,74.35
0,74.345
0,74.305
0,74.31
0,74.305
0,74.335
0,74.31
0,74.33
0,74.285
0,74.315
0,74.28
0,74.26
0,74.27
0,74.285
0,74.315
0,74.31
0,74.355
0,74.345
0,74.32
0,74.285
0,74.255
0,74.245
0,74.25
0,74.3
0,74.335
0,74.345
0,74.38
0,74.39
0,74.415
0,74.395
0,74.405
0,74.4
0,74.415
0,74.43
0,74.42
0,74.355
0,74.3
0,74.255
0,74.215
0,74.21
0,74.25
0,74.255
0,74.25
0,74.145
0,74.235
0,74.235
0,74.255
0,74.245
0,74.235
0,74.15
0,74.08
0,74.035
0,74.09
0,74.12
0,74.125
0,74.125
0,74.125
0,74.04
0,74.035
0,73.925
0,73.83
0,73.86
0,73.87
0,73.885
0,73.87
0,73.85
0,73.805
0,73.83
0,73.86
0,73.91
0,73.89
0,73.895
0,73.795
0,73.86
0,73.805
0,73.8
0,73.845
0,73.855
0,73.82
0,73.845
0,73.875
0,73.82
0,73.8
0,73.845
0,73.93
0,73.935
0,73.96
0,74
0,74.005
0,74.025
0,74.06
0,74.07
0,74.045
0,74.04
0,74.015
0,74.03
0,74.045
0,74.04
0,74.055
0,74.085
0,74.07
0,74.065
0,74.015
0,74.01
0,74.065
0,74.03
0,74.04
0,74.08
0,74.075
0,74.035
0,74.04
0,74.06
0,74.08
0,74.065
0,74.06
0,74.065
0,74.12
0,74.115
0,74.11
0,74.145
0,74.14
0,74.125
0,74.135
0,74.115
0,74.125
0,74.105
0,74.12
0,74.15
0,74.2
0,74.2
0,74.225
0,74.245
0,74.235
0,74.23
0,74.23
0,74.275
0,74.04
0,73.925
0,73.93
0,74.04
0,73.94
0,73.925
0,73.915
0,73.835
0,73.8
0,73.715
0,73.73
0,73.69
0,73.79
0,73.77
0,73.765
0,73.825
0,73.93
0,73.97
0,73.88
0,73.885
0,73.83
0,73.815
0,73.755
0,73.78
0,73.76
0,73.825
0,73.82
0,73.81
0,73.855
0,73.865
0,73.845
0,73.86
0,73.84
0,73.82
0,73.845
0,73.89
0,73.865
0,73.855
0,73.9
0,73.97
0,73.955
0,74.005
0,73.98
0,73.995
0,73.96
0,74.03
0,73.935
0,73.91
0,73.85
0,73.9
0,73.87
0,73.865
0,73.91
0,73.885
0,73.845
0,73.845
0,73.77
0,73.83
0,73.94
0,73.885
0,73.865
0,73.86
0,73.875
0,73.84
0,73.81
0,73.75
0,73.74
0,73.7
0,73.635
0,73.65
0,73.63
0,73.62
0,73.645
0,73.625
0,73.595
0,73.64
0,73.65
0,73.645
0,73.67
0,73.63
0,73.64
0,73.66
0,73.68
0,73.67
0,73.76
0,73.73
0,73.695
0,73.725
0,73.73
0,73.705
0,73.74
0,73.7
0,73.71
0,73.69
0,73.68
0,73.695
0,73.73
0,73.76
0,73.78
0,73.81
0,73.82
0,73.825
0,73.835
0,73.875
0,73.885
0,73.95
0,73.98
0,73.95
0,73.905
0,73.95
0,73.97
0,73.925
0,73.945
0,73.95
0,73.93
0,73.91
0,73.935
0,73.935
0,73.945
0,73.905
0,73.9
0,73.895
0,73.9
0,73.915
0,73.895
0,73.9
0,73.91
0,73.985
0,73.975
0,73.955
0,73.95
0,73.93
0,73.955
0,73.995
0,73.99
0,73.965
0,73.95
0,73.98
0,73.985
0,74.015
0,73.98
0,74.005
0,74.015
0,74.03
0,74.055
0,74.09
0,74.115
0,74.085
0,74.13
0,74.115
0,74.185
0,74.18
0,74.135
0,74.14
0,74.12
0,74.1
0,74.08
0,74.105
0,74.095
0,74.085
0,74.08
0,74.07
0,74.065
0,74.09
0,74.2
0,74.145
0,74.14
0,74.145
0,74.175
0,74.15
0,74.16
0,74.15
0,74.16
0,74.15
0,74.145
0,74.12
0,74.13
0,74.135
0,74.12
0,74.095
0,74.075
0,74.03
0,74.025
0,74.04
0,74.01
0,73.98
0,74.015
0,74.02
0,74.035
0,74.035
0,74.035
0,73.995
0,74.005
0,74.055
0,74.085
0,74.07
0,74.09
0,74.105
0,74.075
0,74.095
0,74.09
0,74.06
0,74.07
0,74.06
0,74.1
0,74.135
0,74.18
0,74.205
0,74.2
0,74.19
0,74.185
0,74.18
0,74.17
0,74.185
0,74.18
0,74.135
0,74.185
0,74.195
0,74.205
0,74.195
0,74.19
0,74.18
0,74.225
0,74.28
0,74.295
0,74.315
0,74.3
0,74.3
0,74.28
0,74.29
0,74.285
0,74.28
0,74.255
0,74.27
0,74.255
0,74.24
0,74.265
0,74.29
0,74.39
0,74.365
0,74.34
0,74.34
0,74.275
0,74.265
0,74.275
0,74.255
0,74.27
0,74.25
0,74.215
0,74.21
0,74.21
0,74.25
0,74.265
0,74.265
0,74.285
0,74.26
0,74.275
0,74.25
0,74.26
0,74.26
0,74.24
0,74.25
0,74.235
0,74.23
0,74.215
0,74.21
0,74.2
0,74.21
0,74.19
0,74.21
0,74.225
0,74.25
0,74.24
0,74.26
0,74.22
0,74.28
0,74.255
0,74.235
0,74.25
0,74.215
0,74.24
0,74.265
0,74.26
0,74.265
0,74.24
0,74.23
0,74.26
0,74.275
0,74.265
0,74.28
0,74.27
0,74.265
0,74.295
0,74.295
0,74.31
0,74.3
0,74.275
0,74.265
0,74.25
0,74.23
0,74.22
0,74.215
0,74.205
0,74.21
0,74.2
0,74.19
0,74.185
0,74.175
0,74.175
0,74.145
0,74.13
0,74.155
0,74.165
0,74.16
0,74.175
0,74.175
0,74.18
0,74.175
0,74.17
0,74.205
0,74.215
0,74.245
0,74.245
0,74.265
0,74.225
0,74.27
0,74.265
0,74.25
0,74.275
0,74.235
0,74.26
0,74.27
0,74.285
0,74.245
0,74.27
0,74.265
0,74.27
0,74.23
0,74.235
0,74.21
0,74.18
0,74.14
0,74.145
0,74.15
0,74.15
0,74.16
0,74.15
0,74.155
0,74.17
0,74.145
0,74.155
0,74.17
0,74.165
0,74.175
0,74.195
0,74.185
0,74.17
0,74.17
0,74.175
0,74.175
0,74.2
0,74.165
0,74.185
0,74.18
0,74.185
0,74.17
0,74.155
0,74.17
0,74.18
0,74.13
0,74.145
0,74.15
0,74.145
0,74.195
0,74.195
0,74.165
0,74.18
0,74.175
0,74.165
0,74.15
0,74.155
0,74.14
0,74.115
0,74.16
0,74.185
0,74.17
0,74.135
0,74.16
0,74.165
0,74.135
0,74.115
0,74.18
0,74.185
0,74.18
0,74.205
0,74.14
0,74.23
0,74.21
0,74.275
0,74.265
0,74.31
0,74.35
0,74.335
0,74.31
0,74.31
0,74.31
0,74.295
0,74.305
0,74.29
0,74.305
0,74.3
0,74.33
0,74.305
0,74.315
0,74.285
0,74.275
0,74.22
0,74.255
0,74.21
0,74.215
0,74.18
0,74.17
0,74.15
0,74.16
0,74.14
0,74.18
0,74.145
0,74.125
0,74.155
0,74.145
0,74.185
0,74.205
0,74.26
0,74.25
0,74.235
0,74.28
0,74.265
0,74.355
0,74.26
0,74.265
0,74.265
0,74.2
0,74.22
0,74.22
0,74.23
0,74.29
0,74.3
0,74.335
0,74.35
0,74.36
0,74.385
0,74.37
0,74.37
0,74.35
0,74.34
0,74.35
0,74.33
0,74.34
0,74.34
0,74.345
0,74.345
0,74.355
0,74.335
0,74.32
0,74.265
0,74.225
0,74.245
0,74.26
0,74.275
0,74.285
0,74.285
0,74.31
0,74.26
0,74.28
0,74.255
0,74.28
0,74.295
0,74.36
0,74.365
0,74.34
0,74.345
0,74.325
0,74.27
0,74.275
0,74.31
0,74.32
0,74.295
0,74.31
0,74.305
0,74.315
0,74.325
0,74.32
0,74.33
0,74.34
0,74.295
0,74.335
0,74.325
0,74.325
0,74.325
0,74.345
0,74.39
0,74.39
0,74.365
0,74.42
0,41.745
0,41.805
0,41.83
0,41.785
0,41.82
0,41.79
0,41.865
0,41.845
0,41.845
0,41.785
0,41.85
0,41.835
0,41.845
0,41.875
0,41.895
0,41.825
0,41.855
0,41.855
0,41.805
0,41.76
0,41.765
0,41.75
0,41.76
0,41.87
0,41.865
0,41.78
0,41.805
0,41.875
0,41.835
0,41.85
0,41.855
0,41.855
0,41.84
0,41.87
0,41.88
0,41.855
0,41.855
0,41.915
0,41.96
0,41.98
0,41.965
0,41.995
0,42.04
0,41.945
0,41.965
0,41.955
0,41.935
0,41.94
0,41.95
0,41.925
0,41.92
0,41.835
0,41.83
0,41.875
0,41.88
0,41.83
0,41.84
0,41.81
0,41.78
0,41.805
0,41.81
0,41.8
0,41.835
0,41.845
0,41.895
0,41.89
0,41.87
0,41.855
0,41.89
0,41.895
0,41.855
0,41.905
0,41.925
0,41.945
0,41.975
0,41.975
0,41.97
0,41.95
0,41.945
0,41.965
0,41.955
0,41.995
0,41.995
0,41.99
0,41.97
0,41.985
0,41.99
0,41.975
0,41.96
0,41.96
0,41.915
0,41.885
0,41.86
0,41.865
0,41.865
0,41.84
0,41.81
0,41.8
0,41.81
0,41.79
0,41.8
0,41.81
0,41.79
0,41.82
0,41.745
0,41.735
0,41.68
0,41.66
0,41.71
0,41.715
0,41.72
0,41.715
0,41.7
0,41.725
0,41.725
0,41.695
0,41.68
0,41.68
0,41.7
0,41.68
0,41.695
0,41.71
0,41.785
0,41.735
0,41.79
0,41.795
0,41.785
0,41.79
0,41.84
0,41.845
0,41.825
0,41.83
0,41.83
0,41.86
0,41.9
0,41.895
0,41.89
0,41.93
0,41.92
0,41.905
0,41.885
0,41.89
0,41.885
0,41.815
0,41.84
0,41.84
0,41.82
0,41.795
0,41.78
0,41.795
0,41.77
0,41.755
0,41.735
0,41.72
0,41.725
0,41.79
0,41.805
0,41.785
0,41.775
0,41.765
0,41.785
0,41.785
0,41.81
0,41.815
0,41.815
0,41.82
0,41.785
0,41.78
0,41.8
0,41.815
0,41.8
0,41.85
0,41.85
0,41.845
0,41.84
0,41.84
0,41.835
0,41.84
0,41.835
0,41.855
0,41.855
0,41.85
0,41.875
0,41.87
0,41.85
0,41.83
0,41.825
0,41.825
0,41.835
0,41.82
0,41.82
0,41.815
0,41.79
0,41.775
0,41.77
0,41.75
0,41.755
0,41.76
0,41.76
0,41.73
0,41.755
0,41.745
0,41.72
0,41.71
0,41.705
0,41.7
0,41.705
0,41.67
0,41.665
0,41.65
0,41.65
0,41.685
0,41.645
0,41.575
0,41.58
0,41.65
0,41.725
0,41.655
0,41.66
0,41.665
0,41.655
0,41.66
0,41.675
0,41.69
0,41.68
0,41.645
0,41.65
0,41.62
0,41.66
0,41.655
0,41.66
0,41.665
0,41.665
0,41.655
0,41.685
0,41.69
0,41.66
0,41.65
0,41.655
0,41.655
0,41.64
0,41.585
0,41.59
0,41.585
0,41.595
0,41.61
0,41.56
0,41.555
0,41.545
0,41.555
0,41.57
0,41.575
0,41.6
0,41.59
0,41.615
0,41.61
0,41.62
0,41.635
0,41.645
0,41.65
0,41.62
0,41.59
0,41.58
0,41.585
0,41.575
0,41.565
0,41.56
0,41.56
0,41.52
0,41.55
0,41.57
0,41.6
0,41.59
0,41.585
0,41.595
0,41.61
0,41.625
0,41.625
0,41.62
0,41.645
0,41.655
0,41.67
0,41.705
0,41.68
0,41.67
0,41.665
0,41.685
0,41.69
0,41.65
0,41.65
0,41.64
0,41.645
0,41.65
0,41.69
0,41.705
0,41.715
0,41.67
0,41.635
0,41.62
0,41.675
0,41.685
0,41.725
0,41.645
0,41.64
0,41.66
0,41.645
0,41.695
0,41.715
0,41.67
0,41.715
0,41.685
0,41.685
0,41.685
0,41.685
0,41.7
0,41.69
0,41.665
0,41.665
0,41.65
0,41.65
0,41.65
0,41.655
0,41.675
0,41.67
0,41.68
0,41.68
0,41.68
0,41.68
0,41.72
0,41.68
0,41.675
0,41.68
0,41.7
0,41.72
0,41.735
0,41.74
0,41.79
0,41.785
0,41.755
0,41.75
0,41.77
0,41.755
0,41.735
0,41.735
0,41.725
0,41.725
0,41.67
0,41.635
0,41.645
0,41.645
0,41.565
0,41.585
0,41.575
0,41.565
0,41.565
0,41.535
0,41.51
0,41.555
0,41.59
0,41.615
0,41.625
0,41.59
0,41.595
0,41.635
0,41.665
0,41.665
0,41.68
0,41.685
0,41.66
0,41.655
0,41.675
0,41.69
0,41.695
0,41.705
0,41.71
0,41.72
0,41.74
0,41.775
0,41.77
0,41.785
0,41.785
0,41.775
0,41.77
0,41.785
0,41.785
0,41.765
0,41.755
0,41.755
0,41.82
0,41.8
0,41.825
0,41.825
0,41.84
0,41.84
0,41.865
0,41.87
0,41.88
0,41.89
0,41.865
0,41.865
0,41.9
0,41.865
0,41.88
0,41.87
0,41.87
0,41.855
0,41.865
0,41.86
0,41.855
0,41.85
0,41.84
0,41.845
0,41.835
0,41.78
0,41.785
0,41.79
0,41.805
0,41.83
0,41.805
0,41.795
0,41.78
0,41.725
0,41.735
0,41.715
0,41.73
0,41.72
0,41.73
0,41.74
0,41.735
0,41.735
0,41.735
0,41.725
0,41.725
0,41.725
0,41.765
0,41.75
0,41.755
0,41.755
0,41.765
0,41.775
0,41.79
0,41.805
0,41.82
0,41.98
0,42.145
0,41.915
0,41.925
0,41.96
0,41.885
0,41.875
0,41.87
0,41.845
0,41.785
0,41.77
0,41.77
0,41.735
0,41.74
0,41.74
0,41.785
0,41.79
0,41.795
0,41.82
0,41.815
0,41.795
0,41.775
0,41.755
0,41.74
0,41.785
0,41.825
0,41.82
0,41.8
0,41.755
0,41.725
0,41.71
0,41.725
0,41.71
0,41.715
0,41.705
0,41.705
0,41.725
0,41.745
0,41.725
0,41.69
0,41.7
0,41.73
0,41.73
0,41.715
0,41.675
0,41.635
0,41.625
0,41.63
0,41.625
0,41.62
0,41.585
0,41.535
0,41.575
0,41.6
0,41.62
0,41.64
0,41.675
0,41.675
0,41.675
0,41.675
0,41.685
0,41.68
0,41.735
0,41.695
0,41.72
0,41.725
0,41.72
0,41.79
0,41.805
0,41.79
0,41.79
0,41.775
0,41.735
0,41.73
0,41.755
0,41.775
0,41.76
0,41.74
0,41.74
0,41.64
0,41.655
0,41.65
0,41.635
0,41.65
0,41.66
0,41.66
0,41.73
0,41.74
0,41.72
0,41.725
0,41.73
0,41.715
0,41.715
0,41.7
0,41.695
0,41.695
0,41.69
0,41.695
0,41.715
0,41.705
0,41.73
0,41.725
0,41.705
0,41.71
0,41.71
0,41.705
0,41.705
0,41.705
0,41.71
0,41.695
0,41.695
0,41.675
0,41.665
0,41.665
0,41.65
0,41.62
0,41.665
0,41.655
0,41.685
0,41.645
0,41.66
0,41.725
0,41.715
0,41.7
0,41.74
0,41.745
0,41.69
0,41.645
0,41.64
0,41.63
0,41.64
0,41.64
0,41.64
0,41.655
0,41.66
0,41.675
0,41.675
0,41.665
0,41.64
0,41.625
0,41.63
0,41.545
0,41.54
0,41.56
0,41.585
0,41.59
0,41.535
0,41.49
0,41.515
0,41.535
0,41.525
0,41.585
0,41.58
0,41.585
0,41.595
0,41.62
0,41.615
0,41.61
0,41.585
0,41.585
0,41.575
0,41.55
0,41.53
0,41.535
0,41.535
0,41.57
0,41.54
0,41.53
0,41.54
0,41.535
0,41.53
0,41.535
0,41.57
0,41.6
0,41.62
0,41.59
0,41.59
0,41.59
0,41.575
0,41.575
0,41.54
0,41.525
0,41.53
0,41.51
0,41.515
0,41.5
0,41.495
0,41.48
0,41.5
0,41.5
0,41.505
0,41.51
0,41.555
0,41.515
0,41.52
0,41.505
0,41.455
0,41.44
0,41.49
0,41.495
0,41.49
0,41.48
0,41.51
0,41.525
0,41.525
0,41.51
0,41.5
0,41.5
0,41.495
0,41.49
0,41.5
0,41.49
0,41.495
0,41.525
0,41.505
0,41.49
0,41.495
0,41.51
0,41.505
0,41.505
0,41.505
0,41.48
0,41.475
0,41.465
0,41.495
0,41.495
0,41.505
0,41.505
0,41.485
0,41.475
0,41.475
0,41.475
0,41.485
0,41.475
0,41.46
0,41.455
0,41.475
0,41.465
0,41.46
0,41.455
0,41.45
0,41.445
0,41.52
0,41.47
0,41.45
0,41.46
0,41.46
0,41.455
0,41.46
0,41.46
0,41.455
0,41.435
0,41.425
0,41.43
0,41.425
0,41.41
0,41.42
0,41.415
0,41.425
0,41.435
0,41.475
0,41.46
0,41.465
0,41.47
0,41.46
0,41.465
0,41.47
0,41.475
0,41.5
0,41.495
0,41.5
0,41.5
0,41.505
0,41.505
0,41.52
0,41.525
0,41.54
0,41.535
0,41.525
0,41.505
0,41.505
0,41.54
0,41.545
0,41.58
0,41.565
0,41.575
0,41.59
0,41.59
0,41.59
0,41.62
0,41.665
0,41.68
0,41.655
0,41.66
0,41.68
0,41.675
0,41.66
0,41.675
0,41.68
0,41.7
0,41.68
0,41.695
0,41.715
0,41.74
0,41.715
0,41.69
0,41.66
0,41.64
0,41.635
0,41.67
0,41.67
0,41.72
0,41.72
0,41.67
0,41.645
0,41.66
0,41.64
0,41.635
0,41.65
0,41.655
0,41.665
0,41.645
0,41.645
0,41.65
0,41.665
0,41.67
0,41.67
0,41.645
0,41.63
0,41.605
0,41.605
0,41.605
0,41.635
0,41.57
0,41.6
0,41.565
0,41.55
0,41.52
0,41.525
0,41.53
0,41.495
0,41.495
0,41.525
0,41.52
0,41.515
0,41.515
0,41.53
0,41.51
0,41.515
0,41.52
0,41.515
0,41.52
0,41.46
0,41.485
0,41.49
0,41.47
0,41.465
0,41.47
0,41.485
0,41.485
0,41.465
0,41.475
0,41.475
0,41.475
0,41.475
0,41.49
0,41.485
0,41.485
0,41.485
0,41.425
0,41.425
0,41.415
0,41.435
0,41.455
0,41.465
0,41.46
0,41.47
0,41.455
0,41.465
0,41.495
0,41.47
0,41.465
0,41.46
0,41.475
0,41.485
0,41.49
0,41.485
0,41.49
0,41.485
0,41.475
0,41.495
0,41.505
0,41.495
0,41.5
0,41.505
0,41.55
0,41.535
0,41.5
0,41.495
0,41.5
0,41.515
0,41.525
0,41.515
0,41.505
0,41.515
0,41.515
0,41.505
0,41.515
0,41.505
0,41.505
0,41.49
0,41.49
0,41.505
0,41.495
0,41.5
0,41.505
0,41.5
0,41.495
0,42.925
0,43.005
0,42.965
0,42.945
0,42.92
0,42.835
0,42.875
0,42.89
0,42.935
0,42.945
0,42.985
0,43.005
0,42.98
0,42.98
0,42.975
0,42.925
0,42.94
0,42.94
0,42.935
0,42.94
0,42.935
0,42.88
0,42.885
0,42.855
0,42.83
0,42.755
0,42.765
0,42.8
0,42.83
0,42.83
0,42.815
0,42.77
0,42.815
0,42.795
0,42.81
0,42.86
0,42.83
0,42.83
0,42.84
0,42.84
0,42.835
0,42.835
0,42.855
0,42.815
0,42.8
0,42.82
0,42.825
0,42.815
0,42.78
0,42.79
0,42.82
0,42.83
0,42.805
0,42.78
0,42.745
0,42.74
0,42.76
0,42.75
0,42.725
0,42.73
0,42.745
0,42.755
0,42.775
0,42.775
0,42.785
0,42.76
0,42.715
0,42.73
0,42.7
0,42.745
0,42.745
0,42.73
0,42.72
0,42.7
0,42.66
0,42.66
0,42.65
0,42.63
0,42.685
0,42.7
0,42.695
0,42.7
0,42.7
0,42.755
0,42.76
0,42.765
0,42.77
0,42.81
0,42.815
0,42.79
0,42.78
0,42.77
0,42.8
0,42.78
0,42.76
0,42.76
0,42.765
0,42.735
0,42.76
0,42.765
0,42.78
0,42.815
0,42.79
0,42.785
0,42.77
0,42.765
0,42.775
0,42.805
0,42.825
0,42.83
0,42.83
0,42.81
0,42.815
0,42.765
0,42.765
0,42.77
0,42.715
0,42.765
0,42.795
0,42.785
0,42.73
0,42.73
0,42.72
0,42.69
0,42.705
0,42.7
0,42.725
0,42.725
0,42.72
0,42.725
0,42.73
0,42.725
0,42.735
0,42.75
0,42.77
0,42.74
0,42.75
0,42.77
0,42.765
0,42.755
0,42.79
0,42.78
0,42.76
0,42.76
0,42.83
0,42.85
0,42.82
0,42.815
0,42.825
0,42.815
0,42.82
0,42.825
0,42.81
0,42.805
0,42.79
0,42.805
0,42.8
0,42.795
0,42.8
0,42.805
0,42.82
0,42.835
0,42.83
0,42.845
0,42.84
0,42.855
0,42.845
0,42.835
0,42.805
0,42.79
0,42.78
0,42.73
0,42.715
0,42.68
0,42.715
0,42.725
0,42.72
0,42.77
0,42.79
0,42.83
0,42.78
0,42.775
0,42.765
0,42.785
0,42.785
0,42.79
0,42.835
0,42.8
0,42.795
0,42.795
0,42.8
0,42.805
0,42.835
0,42.82
0,42.83
0,42.86
0,42.86
0,42.88
0,42.855
0,42.83
0,42.82
0,42.815
0,42.825
0,42.805
0,42.825
0,42.815
0,42.795
0,42.8
0,42.79
0,42.795
0,42.8
0,42.815
0,42.825
0,42.805
0,42.81
0,42.81
0,42.815
0,42.795
0,42.785
0,42.785
0,42.795
0,42.805
0,42.79
0,42.8
0,42.805
0,42.79
0,42.8
0,42.79
0,42.8
0,42.805
0,42.84
0,42.82
0,42.835
0,42.86
0,42.85
0,42.815
0,42.82
0,42.81
0,42.825
0,42.805
0,42.815
0,42.83
0,42.84
0,42.86
0,42.885
0,42.865
0,42.895
0,42.88
0,42.88
0,42.89
0,42.87
0,42.865
0,42.87
0,42.885
0,42.88
0,42.885
0,42.895
0,42.89
0,42.885
0,42.88
0,42.87
0,42.835
0,42.84
0,42.86
0,42.87
0,42.865
0,42.875
0,42.855
0,42.86
0,42.845
0,42.82
0,42.815
0,42.805
0,42.825
0,42.865
0,42.86
0,42.85
0,42.85
0,42.845
0,42.83
0,42.78
0,42.79
0,42.805
0,42.795
0,42.815
0,42.805
0,42.83
0,42.835
0,42.83
0,42.82
0,42.825
0,42.835
0,42.905
0,42.93
0,42.87
0,42.87
0,42.86
0,42.87
0,42.865
0,42.86
0,42.865
0,42.87
0,42.88
0,42.885
0,42.89
0,42.925
0,42.925
0,42.935
0,42.915
0,42.895
0,42.865
0,42.845
0,42.87
0,42.915
0,42.89
0,42.875
0,42.86
0,42.86
0,42.87
0,42.86
0,42.865
0,42.85
0,42.905
0,42.86
0,42.8
0,42.815
0,42.8
0,42.82
0,42.865
0,42.845
0,42.835
0,42.815
0,42.84
0,42.805
0,42.795
0,42.79
0,42.815
0,42.825
0,42.815
0,42.825
0,42.815
0,42.825
0,42.84
0,42.835
0,42.785
0,42.84
0,42.815
0,42.845
0,42.83
0,42.815
0,42.81
0,42.8
0,42.815
0,42.835
0,42.825
0,42.815
0,42.81
0,42.805
0,42.825
0,42.815
0,42.825
0,42.81
0,42.815
0,42.8
0,42.81
0,42.795
0,42.815
0,42.795
0,42.795
0,42.77
0,42.785
0,42.785
0,42.785
0,42.79
0,42.575
0,42.555
0,42.58
0,42.495
0,42.51
0,42.505
0,42.525
0,42.52
0,42.56
0,42.505
0,42.5
0,42.485
0,42.52
0,42.49
0,42.45
0,42.445
0,42.48
0,42.47
0,42.505
0,42.46
0,42.47
0,42.47
0,42.475
0,42.47
0,42.47
0,42.46
0,42.455
0,42.43
0,42.395
0,42.385
0,42.385
0,42.35
0,42.335
0,42.325
0,42.28
0,42.285
0,42.26
0,42.28
0,42.29
0,42.26
0,42.28
0,42.26
0,42.26
0,42.27
0,42.295
0,42.315
0,42.31
0,42.325
0,42.315
0,42.33
0,42.355
0,42.355
0,42.355
0,42.335
0,42.33
0,42.305
0,42.27
0,42.3
0,42.375
0,42.39
0,42.375
0,42.445
0,42.49
0,42.475
0,42.465
0,42.43
0,42.415
0,42.395
0,42.405
0,42.395
0,42.385
0,42.36
0,42.355
0,42.37
0,42.39
0,42.42
0,42.405
0,42.41
0,42.37
0,42.375
0,42.405
0,42.38
0,42.365
0,42.375
0,42.325
0,42.34
0,42.36
0,42.38
0,42.375
0,42.395
0,42.4
0,42.415
0,42.4
0,42.385
0,42.37
0,42.365
0,42.38
0,42.375
0,42.4
0,42.44
0,42.43
0,42.44
0,42.455
0,42.46
0,42.465
0,42.455
0,42.46
0,42.5
0,42.51
0,42.515
0,42.5
0,42.495
0,42.56
0,42.55
0,42.525
0,42.53
0,42.525
0,42.485
0,42.495
0,42.515
0,42.51
0,42.495
0,42.44
0,42.455
0,42.455
0,42.465
0,42.46
0,42.44
0,42.455
0,42.415
0,42.39
0,42.4
0,42.405
0,42.405
0,42.405
0,42.405
0,42.41
0,42.435
0,42.425
0,42.43
0,42.44
0,42.46
0,42.45
0,42.44
0,42.45
0,42.45
0,42.47
0,42.495
0,42.485
0,42.475
0,42.45
0,42.46
0,42.46
0,42.455
0,42.455
0,42.465
0,42.47
0,42.5
0,42.495
0,42.455
0,42.46
0,42.485
0,42.48
0,42.5
0,42.52
0,42.48
0,42.455
0,42.45
0,42.43
0,42.44
0,42.435
0,42.43
0,42.43
0,42.44
0,42.435
0,42.43
0,42.43
0,42.395
0,42.395
0,42.38
0,42.405
0,42.41
0,42.415
0,42.44
0,42.425
0,42.395
0,42.405
0,42.385
0,42.39
0,42.395
0,42.405
0,42.405
0,42.4
0,42.4
0,42.405
0,42.395
0,42.375
0,42.375
0,42.355
0,42.34
0,42.365
0,42.355
0,42.375
0,42.355
0,42.37
0,42.335
0,42.34
0,42.315
0,42.31
0,42.35
0,42.33
0,42.36
0,42.36
0,42.355
0,42.365
0,42.365
0,42.37
0,42.375
0,42.38
0,42.395
0,42.405
0,42.4
0,42.39
0,42.39
0,42.395
0,42.4
0,42.395
0,42.4
0,42.395
0,42.385
0,42.385
0,42.375
0,42.37
0,42.36
0,42.37
0,42.365
0,42.355
0,42.35
0,42.35
0,42.355
0,42.34
0,42.33
0,42.34
0,42.355
0,42.355
0,42.33
0,42.335
0,42.345
0,42.335
0,42.325
0,42.3
0,42.31
0,42.3
0,42.31
0,42.31
0,42.33
0,42.355
0,42.37
0,42.36
0,42.365
0,42.375
0,42.37
0,42.35
0,42.35
0,42.34
0,42.355
0,42.335
0,42.325
0,42.305
0,42.295
0,42.32
0,42.305
0,42.3
0,42.315
0,42.315
0,42.315
0,42.295
0,42.295
0,42.325
0,42.325
0,42.325
0,42.37
0,42.36
0,42.355
0,42.345
0,42.335
0,42.325
0,42.305
0,42.295
0,42.305
0,42.31
0,42.305
0,42.33
0,42.285
0,42.305
0,42.315
0,42.32
0,42.305
0,42.31
0,42.32
0,42.315
0,42.325
0,42.35
0,42.355
0,42.34
0,42.35
0,42.34
0,42.33
0,42.345
0,42.33
0,42.345
0,42.35
0,42.36
0,42.355
0,42.365
0,42.37
0,42.37
0,42.38
0,42.4
0,42.385
0,42.38
0,42.385
0,42.36
0,42.34
0,42.325
0,42.325
0,42.315
0,42.27
0,42.29
0,42.29
0,42.28
0,42.285
0,42.29
0,42.305
0,42.3
0,42.325
0,42.325
0,42.31
0,42.26
0,42.26
0,42.235
0,42.2
0,42.21
0,42.19
0,42.195
0,42.2
0,42.195
0,42.145
0,42.14
0,42.145
0,42.155
0,42.15
0,42.155
0,42.14
0,42.125
0,42.125
0,42.095
0,42.095
0,42.095
0,42.095
0,42.07
0,42.055
0,42.065
0,42.04
0,42.055
0,42.055
0,42.065
0,42.075
0,42.075
0,42.07
0,42.105
0,42.065
0,42.05
0,42.05
0,42.02
0,42.005
0,42.01
0,42.005
0,41.99
0,41.99
0,42.01
0,41.995
0,42.015
0,42.02
0,42.025
0,42.02
0,42
0,42.005
0,42.045
0,42.04
0,42.045
0,42.025
0,42.03
0,42.03
0,42.035
0,42.04
0,42.03
0,42.02
0,42.045
0,42.04
0,42.05
0,42.045
0,42.03
0,42.035
0,42.025
0,42.035
0,42.04
0,42.04
0,42.025
0,42
0,42.005
0,42
0,41.955
0,41.945
0,41.925
0,41.92
0,41.895
0,41.885
0,41.915
0,41.945
0,41.925
0,41.92
0,41.925
0,41.945
0,41.935
0,41.895
0,41.88
0,41.87
0,41.855
0,41.84
0,41.825
0,41.845
0,41.84
0,41.85
0,41.86
0,41.845
0,41.84
0,41.86
0,41.855
0,41.84
0,41.85
0,41.8
0,41.795
0,41.775
0,41.785
0,41.77
0,41.75
0,41.755
0,41.73
0,41.685
0,41.78
0,41.81
0,41.51
0,41.56
0,41.61
0,41.635
0,41.715
0,41.695
0,41.715
0,41.72
0,41.695
0,41.755
0,41.71
0,41.71
0,41.71
0,41.66
0,41.68
0,41.69
0,41.695
0,41.71
0,41.685
0,41.69
0,41.675
0,41.67
0,41.615
0,41.605
0,41.605
0,41.6
0,41.565
0,41.605
0,41.605
0,41.615
0,41.63
0,41.64
0,41.665
0,41.635
0,41.655
0,41.675
0,41.63
0,41.63
0,41.61
0,41.635
0,41.64
0,41.645
0,41.655
0,41.665
0,41.665
0,41.675
0,41.68
0,41.68
0,41.68
0,41.66
0,41.635
0,41.645
0,41.66
0,41.67
0,41.685
0,41.705
0,41.75
0,41.755
0,41.79
0,41.77
0,41.77
0,41.78
0,41.745
0,41.685
0,41.715
0,41.725
0,41.74
0,41.735
0,41.715
0,41.7
0,41.695
0,41.65
0,41.665
0,41.66
0,41.645
0,41.64
0,41.635
0,41.63
0,41.635
0,41.61
0,41.615
0,41.58
0,41.575
0,41.595
0,41.525
0,41.54
0,41.57
0,41.58
0,41.57
0,41.535
0,41.585
0,41.59
0,41.58
0,41.57
0,41.565
0,41.555
0,41.55
0,41.51
0,41.49
0,41.52
0,41.535
0,41.515
0,41.51
0,41.535
0,41.53
0,41.605
0,41.585
0,41.575
0,41.565
0,41.57
0,41.57
0,41.58
0,41.59
0,41.575
0,41.585
0,41.59
0,41.6
0,41.59
0,41.605
0,41.61
0,41.615
0,41.655
0,41.64
0,41.645
0,41.635
0,41.59
0,41.58
0,41.605
0,41.645
0,41.63
0,41.66
0,41.65
0,41.56
0,41.58
0,41.585
0,41.635
0,41.64
0,41.65
0,41.66
0,41.655
0,41.645
0,41.635
0,41.64
0,41.615
0,41.61
0,41.64
0,41.64
0,41.645
0,41.64
0,41.635
0,41.66
0,41.665
0,41.66
0,41.65
0,41.66
0,41.665
0,41.655
0,41.665
0,41.665
0,41.635
0,41.625
0,41.62
0,41.6
0,41.6
0,41.56
0,41.555
0,41.535
0,41.53
0,41.58
0,41.575
0,41.57
0,41.565
0,41.545
0,41.54
0,41.49
0,41.45
0,41.385
0,41.47
0,41.44
0,41.44
0,41.365
0,41.335
0,41.355
0,41.35
0,41.35
0,41.34
0,41.18
0,41.15
0,41.15
0,41.255
0,41.21
0,41.145
0,41.15
0,41.09
0,41.025
0,40.995
0,40.98
0,40.975
0,40.98
0,40.97
0,40.98
0,40.985
0,40.975
0,40.96
0,40.925
0,40.94
0,40.905
0,40.89
0,40.885
0,40.87
0,40.855
0,40.835
0,40.81
0,40.79
0,40.8
0,40.775
0,40.74
0,40.745
0,40.76
0,40.75
0,40.77
0,40.81
0,40.81
0,40.74
0,40.735
0,40.72
0,40.71
0,40.75
0,40.705
0,40.695
0,40.7
0,40.665
0,40.655
0,40.65
0,40.665
0,40.62
0,40.595
0,40.605
0,40.6
0,40.605
0,40.575
0,40.515
0,40.5
0,40.455
0,40.47
0,40.48
0,40.48
0,40.445
0,40.455
0,40.485
0,40.465
0,40.465
0,40.46
0,40.43
0,40.455
0,40.465
0,40.47
0,40.465
0,40.435
0,40.375
0,40.42
0,40.385
0,40.39
0,40.39
0,40.38
0,40.34
0,40.34
0,40.31
0,40.27
0,40.225
0,40.26
0,40.3
0,40.295
0,40.235
0,40.26
0,40.235
0,40.2
0,40.185
0,40.34
0,40.37
0,40.355
0,40.41
0,40.395
0,40.39
0,40.395
0,40.4
0,40.425
0,40.425
0,40.405
0,40.3
0,40.325
0,40.305
0,40.3
0,40.265
0,40.245
0,40.21
0,40.225
0,40.185
0,40.17
0,40.19
0,40.155
0,40.15
0,40.23
0,40.27
0,40.425
0,40.415
0,40.37
0,40.355
0,40.36
0,40.33
0,40.29
0,40.26
0,40.265
0,40.275
0,40.35
0,40.33
0,40.365
0,40.425
0,40.47
0,40.475
0,40.455
0,40.445
0,40.46
0,40.535
0,40.52
0,40.53
0,40.535
0,40.58
0,40.6
0,40.66
0,40.715
0,40.77
0,40.71
0,40.695
0,40.685
0,40.63
0,40.635
0,40.645
0,40.68
0,40.665
0,40.66
0,40.715
0,40.77
0,40.875
0,40.905
0,40.905
0,40.865
0,40.855
0,40.905
0,40.885
0,40.885
0,40.955
0,40.975
0,41.1
0,41.055
0,41.03
0,41
0,40.99
0,40.99
0,40.945
0,41.045
0,41.03
0,41.02
0,41.015
0,41.045
0,41.035
0,41.05
0,41.06
0,41.05
0,41.04
0,41.055
0,41.06
0,41.085
0,41.065
0,41.055
0,41.075
0,41.055
0,41.105
0,41.105
0,41.06
0,41.02
0,41.025
0,41.04
0,41.03
0,40.995
0,41.025
0,41.03
0,41.025
0,40.995
0,40.985
0,40.91
0,40.845
0,40.93
0,40.945
0,40.905
0,40.93
0,40.915
0,40.905
0,40.905
0,40.895
0,40.84
0,40.9
0,40.905
0,40.845
0,40.9
0,40.905
0,40.905
0,40.94
0,41.075
0,40.99
0,41.01
0,41.005
0,41.02
0,41.035
0,41.03
0,41.02
0,41.005
0,41.025
0,40.995
0,41.005
0,41.015
0,41.03
0,41.025
0,41.02
0,41.02
0,41.025
0,41.045
0,41.045
0,41.08
0,41.085
0,41.1
0,41.11
0,41.095
0,41.09
0,41.455
0,41.555
0,41.665
0,41.46
0,41.385
0,41.45
0,41.385
0,41.425
0,41.54
0,41.54
0,41.575
0,41.495
0,41.45
0,41.42
0,41.385
0,41.36
0,41.435
0,41.43
0,41.44
0,41.425
0,41.41
0,41.485
0,41.45
0,41.44
0,41.445
0,41.515
0,41.5
0,41.575
0,41.565
0,41.555
0,41.565
0,41.585
0,41.58
0,41.585
0,41.575
0,41.625
0,41.65
0,41.665
0,41.72
0,41.715
0,41.67
0,41.605
0,41.61
0,41.6
0,41.615
0,41.57
0,41.625
0,41.62
0,41.595
0,41.615
0,41.62
0,41.625
0,41.63
0,41.625
0,41.565
0,41.565
0,41.535
0,41.515
0,41.6
0,41.57
0,41.54
0,41.535
0,41.515
0,41.505
0,41.48
0,41.465
0,41.435
0,41.4
0,41.365
0,41.365
0,41.37
0,41.4
0,41.4
0,41.435
0,41.395
0,41.395
0,41.425
0,41.47
0,41.44
0,41.44
0,41.445
0,41.465
0,41.47
0,41.505
0,41.525
0,41.505
0,41.475
0,41.475
0,41.47
0,41.47
0,41.425
0,41.445
0,41.475
0,41.49
0,41.485
0,41.53
0,41.515
0,41.545
0,41.53
0,41.525
0,41.515
0,41.515
0,41.55
0,41.565
0,41.56
0,41.585
0,41.6
0,41.595
0,41.56
0,41.51
0,41.49
0,41.495
0,41.5
0,41.5
0,41.495
0,41.53
0,41.535
0,41.54
0,41.545
0,41.55
0,41.545
0,41.52
0,41.51
0,41.495
0,41.485
0,41.475
0,41.455
0,41.425
0,41.415
0,41.4
0,41.39
0,41.375
0,41.5
0,41.455
0,41.465
0,41.495
0,41.505
0,41.515
0,41.525
0,41.525
0,41.495
0,41.49
0,41.48
0,41.485
0,41.485
0,41.48
0,41.465
0,41.46
0,41.5
0,41.495
0,41.505
0,41.45
0,41.425
0,41.4
0,41.41
0,41.415
0,41.38
0,41.37
0,41.35
0,41.345
0,41.34
0,41.34
0,41.35
0,41.39
0,41.385
0,41.36
0,41.38
0,41.39
0,41.4
0,41.39
0,41.395
0,41.38
0,41.355
0,41.345
0,41.34
0,41.3
0,41.295
0,41.3
0,41.315
0,41.325
0,41.34
0,41.335
0,41.32
0,41.365
0,41.35
0,41.35
0,41.37
0,41.37
0,41.33
0,41.33
0,41.32
0,41.33
0,41.285
0,41.275
0,41.27
0,41.32
0,41.385
0,41.405
0,41.405
0,41.4
0,41.39
0,41.38
0,41.385
0,41.39
0,41.4
0,41.405
0,41.4
0,41.4
0,41.4
0,41.405
0,41.43
0,41.43
0,41.44
0,41.44
0,41.44
0,41.445
0,41.43
0,41.425
0,41.435
0,41.45
0,41.455
0,41.435
0,41.47
0,41.475
0,41.45
0,41.435
0,41.45
0,41.46
0,41.47
0,41.515
0,41.52
0,41.53
0,41.57
0,41.57
0,41.56
0,41.565
0,41.585
0,41.58
0,41.59
0,41.58
0,41.575
0,41.585
0,41.59
0,41.605
0,41.595
0,41.58
0,41.62
0,41.645
0,41.63
0,41.635
0,41.615
0,41.635
0,41.645
0,41.625
0,41.615
0,41.6
0,41.6
0,41.565
0,41.535
0,41.575
0,41.57
0,41.57
0,41.555
0,41.53
0,41.54
0,41.535
0,41.41
0,41.4
0,41.365
0,41.355
0,41.34
0,41.32
0,41.31
0,41.28
0,41.265
0,41.27
0,41.255
0,41.235
0,41.23
0,41.3
0,41.3
0,41.315
0,41.29
0,41.275
0,41.28
0,41.36
0,41.35
0,41.335
0,41.355
0,41.31
0,41.295
0,41.275
0,41.295
0,41.315
0,41.335
0,41.335
0,41.345
0,41.425
0,41.46
0,41.42
0,41.465
0,41.47
0,41.47
0,41.455
0,41.415
0,41.42
0,41.48
0,41.47
0,41.465
0,41.455
0,41.45
0,41.44
0,41.455
0,41.42
0,41.4
0,41.42
0,41.415
0,41.425
0,41.435
0,41.425
0,41.435
0,41.445
0,41.49
0,41.495
0,41.455
0,41.475
0,41.46
0,41.455
0,41.445
0,41.43
0,41.41
0,41.41
0,41.405
0,41.385
0,41.45
0,41.455
0,41.435
0,41.425
0,41.415
0,41.425
0,41.38
0,41.335
0,41.275
0,41.295
0,41.31
0,41.365
0,41.325
0,41.315
0,41.32
0,41.335
0,41.385
0,41.415
0,41.43
0,41.43
0,41.405
0,41.425
0,41.42
0,41.415
0,41.415
0,41.44
0,41.42
0,41.46
0,41.465
0,41.435
0,41.42
0,41.4
0,41.395
0,41.385
0,41.375
0,41.38
0,41.365
0,41.37
0,41.375
0,41.385
0,41.375
0,41.44
0,41.42
0,41.42
0,41.42
0,41.425
0,41.415
0,41.415
0,41.405
0,41.39
0,41.415
0,41.405
0,41.445
0,41.445
0,41.41
0,41.425
0,41.425
0,41.41
0,41.41
0,41.415
0,41.385
0,41.4
0,41.405
0,41.4
0,41.405
0,41.405
0,41.475
0,41.805
0,41.85
0,41.92
0,41.81
0,41.795
0,41.75
0,41.78
0,41.78
0,41.74
0,41.73
0,41.74
0,41.745
0,41.74
0,41.77
0,41.915
0,41.86
0,41.875
0,41.88
0,41.925
0,41.915
0,41.855
0,41.865
0,41.87
0,41.85
0,41.85
0,41.84
0,41.845
0,41.89
0,41.91
0,41.92
0,41.92
0,41.95
0,41.95
0,41.985
0,42.015
0,42.03
0,42.035
0,42.025
0,42.06
0,42.075
0,42.085
0,42.245
0,42.175
0,42.195
0,42.175
0,42.145
0,42.12
0,42.095
0,42.085
0,42.09
0,42.1
0,42.095
0,42.08
0,42.1
0,42.1
0,42.04
0,42.015
0,42.015
0,42.015
0,41.975
0,41.99
0,41.97
0,41.97
0,41.97
0,41.98
0,41.96
0,41.96
0,41.975
0,42
0,42
0,42.005
0,42.04
0,42.06
0,42.075
0,42
0,42.04
0,42.045
0,42.03
0,42.03
0,41.99
0,41.98
0,42.005
0,41.99
0,41.965
0,42
0,42.01
0,42.005
0,42
0,42.005
0,41.975
0,41.955
0,41.975
0,41.975
0,41.96
0,41.95
0,41.89
0,41.875
0,41.86
0,41.885
0,41.91
0,41.92
0,42.01
0,41.975
0,41.94
0,41.955
0,41.97
0,42
0,42.035
0,42.03
0,42.01
0,42.02
0,41.995
0,42.09
0,42.07
0,42.03
0,42.055
0,42.055
0,42.045
0,42.065
0,42.075
0,42.075
0,42.07
0,42.065
0,42.11
0,42.05
0,42.035
0,42.075
0,42.08
0,42.125
0,42.18
0,42.18
0,42.19
0,42.205
0,42.195
0,42.17
0,42.145
0,42.17
0,42.165
0,42.165
0,42.17
0,42.165
0,42.16
0,42.2
0,42.195
0,42.2
0,42.22
0,42.19
0,42.215
0,42.19
0,42.185
0,42.19
0,42.17
0,42.15
0,42.175
0,42.18
0,42.17
0,42.175
0,42.285
0,42.225
0,42.22
0,42.24
0,42.2
0,42.215
0,42.21
0,42.195
0,42.215
0,42.215
0,42.205
0,42.2
0,42.205
0,42.21
0,42.21
0,42.2
0,42.21
0,42.21
0,42.19
0,42.18
0,42.195
0,42.185
0,42.2
0,42.185
0,42.26
0,42.245
0,42.28
0,42.285
0,42.295
0,42.29
0,42.305
0,42.24
0,42.23
0,42.245
0,42.26
0,42.27
0,42.285
0,42.28
0,42.285
0,42.285
0,42.285
0,42.305
0,42.315
0,42.305
0,42.3
0,42.295
0,42.29
0,42.295
0,42.31
0,42.355
0,42.38
0,42.375
0,42.38
0,42.38
0,42.375
0,42.415
0,42.405
0,42.42
0,42.44
0,42.565
0,42.525
0,42.475
0,42.455
0,42.465
0,42.47
0,42.46
0,42.46
0,42.455
0,42.47
0,42.46
0,42.45
0,42.445
0,42.36
0,42.39
0,42.385
0,42.36
0,42.335
0,42.37
0,42.395
0,42.405
0,42.39
0,42.4
0,42.41
0,42.42
0,42.405
0,42.335
0,42.33
0,42.34
0,42.34
0,42.34
0,42.365
0,42.36
0,42.355
0,42.35
0,42.355
0,42.38
0,42.36
0,42.375
0,42.35
0,42.31
0,42.295
0,42.31
0,42.33
0,42.345
0,42.35
0,42.365
0,42.365
0,42.36
0,42.365
0,42.38
0,42.39
0,42.42
0,42.425
0,42.42
0,42.4
0,42.36
0,42.37
0,42.405
0,42.42
0,42.395
0,42.385
0,42.4
0,42.405
0,42.385
0,42.38
0,42.385
0,42.395
0,42.405
0,42.4
0,42.385
0,42.37
0,42.46
0,42.485
0,42.54
0,42.535
0,42.53
0,42.515
0,42.515
0,42.53
0,42.51
0,42.535
0,42.52
0,42.5
0,42.475
0,42.39
0,42.455
0,42.435
0,42.425
0,42.45
0,42.495
0,42.505
0,42.515
0,42.55
0,42.55
0,42.54
0,42.55
0,42.555
0,42.555
0,42.56
0,42.525
0,42.515
0,42.515
0,42.51
0,42.515
0,42.495
0,42.525
0,42.535
0,42.515
0,42.535
0,42.535
0,42.53
0,42.525
0,42.515
0,42.455
0,42.44
0,42.395
0,42.4
0,42.365
0,42.365
0,42.37
0,42.385
0,42.375
0,42.37
0,42.4
0,42.415
0,42.415
0,42.435
0,42.455
0,42.475
0,42.455
0,42.49
0,42.49
0,42.495
0,42.55
0,42.56
0,42.54
0,42.515
0,42.56
0,42.575
0,42.575
0,42.55
0,42.545
0,42.555
0,42.57
0,42.575
0,42.575
0,42.57
0,42.55
0,42.545
0,42.515
0,42.47
0,42.475
0,42.47
0,42.475
0,42.47
0,42.495
0,42.51
0,42.53
0,42.51
0,42.535
0,42.545
0,42.545
0,42.55
0,42.565
0,42.565
0,42.535
0,42.535
0,42.53
0,42.525
0,42.54
0,42.535
0,42.54
0,42.535
0,42.535
0,42.53
0,42.535
0,42.535
0,42.535
0,42.545
0,42.545
0,42.54
0,42.545
0,42.535
0,42.505
0,42.49
0,42.48
0,42.495
0,42.49
0,42.485
0,42.505
0,42.495
0,42.52
0,42.755
0,42.735
0,42.715
0,42.795
0,42.705
0,42.665
0,42.585
0,42.525
0,42.525
0,42.56
0,42.545
0,42.515
0,42.525
0,42.535
0,42.575
0,42.55
0,42.64
0,42.635
0,42.605
0,42.645
0,42.67
0,42.665
0,42.67
0,42.655
0,42.645
0,42.7
0,42.705
0,42.62
0,42.675
0,42.655
0,42.65
0,42.72
0,42.71
0,42.74
0,42.805
0,42.79
0,42.8
0,42.795
0,42.785
0,42.77
0,42.75
0,42.795
0,42.815
0,42.765
0,42.8
0,42.785
0,42.79
0,42.705
0,42.75
0,42.685
0,42.625
0,42.64
0,42.65
0,42.65
0,42.645
0,42.62
0,42.645
0,42.645
0,42.625
0,42.63
0,42.65
0,42.615
0,42.58
0,42.555
0,42.57
0,42.565
0,42.6
0,42.595
0,42.6
0,42.625
0,42.64
0,42.62
0,42.61
0,42.59
0,42.57
0,42.545
0,42.54
0,42.535
0,42.585
0,42.585
0,42.6
0,42.62
0,42.615
0,42.61
0,42.61
0,42.605
0,42.6
0,42.605
0,42.475
0,42.465
0,42.48
0,42.475
0,42.48
0,42.465
0,42.505
0,42.495
0,42.51
0,42.51
0,42.485
0,42.465
0,42.44
0,42.425
0,42.425
0,42.43
0,42.48
0,42.49
0,42.47
0,42.45
0,42.445
0,42.47
0,42.47
0,42.46
0,42.45
0,42.465
0,42.465
0,42.47
0,42.505
0,42.53
0,42.465
0,42.45
0,42.52
0,42.51
0,42.515
0,42.53
0,42.515
0,42.535
0,42.52
0,42.51
0,42.51
0,42.51
0,42.515
0,42.525
0,42.53
0,42.515
0,42.485
0,42.465
0,42.48
0,42.485
0,42.49
0,42.485
0,42.46
0,42.455
0,42.46
0,42.465
0,42.5
0,42.54
0,42.515
0,42.505
0,42.48
0,42.475
0,42.5
0,42.54
0,42.56
0,42.57
0,42.56
0,42.59
0,42.615
0,42.63
0,42.61
0,42.615
0,42.64
0,42.625
0,42.615
0,42.67
0,42.73
0,42.77
0,42.79
0,42.78
0,42.785
0,42.81
0,42.775
0,42.735
0,42.73
0,42.705
0,42.705
0,42.675
0,42.655
0,42.645
0,42.62
0,42.62
0,42.645
0,42.645
0,42.64
0,42.6
0,42.57
0,42.575
0,42.58
0,42.57
0,42.56
0,42.63
0,42.66
0,42.635
0,42.66
0,42.655
0,42.625
0,42.62
0,42.64
0,42.625
0,42.645
0,42.63
0,42.64
0,42.63
0,42.62
0,42.6
0,42.565
0,42.585
0,42.575
0,42.615
0,42.59
0,42.555
0,42.505
0,42.5
0,42.495
0,42.505
0,42.52
0,42.52
0,42.51
0,42.495
0,42.48
0,42.495
0,42.5
0,42.485
0,42.49
0,42.46
0,42.45
0,42.46
0,42.42
0,42.375
0,42.39
0,42.47
0,42.45
0,42.445
0,42.455
0,42.435
0,42.435
0,42.48
0,42.475
0,42.475
0,42.505
0,42.5
0,42.475
0,42.47
0,42.44
0,42.435
0,42.44
0,42.46
0,42.465
0,42.5
0,42.465
0,42.465
0,42.5
0,42.475
0,42.465
0,42.435
0,42.44
0,42.435
0,42.415
0,42.41
0,42.475
0,42.495
0,42.46
0,42.455
0,42.445
0,42.485
0,42.495
0,42.485
0,42.525
0,42.505
0,42.495
0,42.535
0,42.555
0,42.535
0,42.54
0,42.525
0,42.515
0,42.495
0,42.5
0,42.555
0,42.6
0,42.6
0,42.59
0,42.605
0,42.625
0,42.61
0,42.605
0,42.625
0,42.63
0,42.63
0,42.625
0,42.63
0,42.625
0,42.63
0,42.66
0,42.64
0,42.61
0,42.605
0,42.575
0,42.59
0,42.575
0,42.575
0,42.58
0,42.57
0,42.55
0,42.525
0,42.52
0,42.545
0,42.545
0,42.535
0,42.525
0,42.56
0,42.52
0,42.53
0,42.52
0,42.535
0,42.515
0,42.515
0,42.52
0,42.535
0,42.555
0,42.56
0,42.54
0,42.525
0,42.53
0,42.525
0,42.51
0,42.475
0,42.465
0,42.465
0,42.51
0,42.485
0,42.46
0,42.435
0,42.455
0,42.465
0,42.45
0,42.505
0,42.465
0,42.445
0,42.475
0,42.49
0,42.485
0,42.49
0,42.49
0,42.47
0,42.45
0,42.45
0,42.36
0,42.35
0,42.345
0,42.32
0,42.37
0,42.41
0,42.41
0,42.42
0,42.41
0,42.415
0,42.405
0,42.43
0,42.425
0,42.425
0,42.485
0,42.51
0,42.52
0,42.525
0,42.51
0,42.515
0,42.51
0,42.53
0,42.555
0,42.54
0,42.54
0,42.535
0,42.54
0,42.605
0,42.58
0,42.565
0,42.565
0,42.63
0,42.63
0,42.645
0,42.64
0,42.59
0,42.57
0,42.55
0,42.555
0,42.52
0,42.47
0,42.475
0,42.485
0,42.495
0,42.47
0,42.47
0,42.525
0,42.495
0,42.485
0,42.495
0,42.525
0,42.53
0,42.525
0,42.505
0,42.485
0,42.455
0,42.46
0,42.45
0,42.465
0,42.455
0,42.42
0,42.415
0,42.39
0,42.385
0,42.36
0,42.395
0,42.305
0,42.34
0,42.345
0,42.325
0,42.74
0,42.85
0,42.745
0,42.725
0,42.72
0,42.705
0,42.71
0,42.69
0,42.635
0,42.665
0,42.655
0,42.62
0,42.605
0,42.63
0,42.66
0,42.69
0,42.755
0,42.76
0,42.725
0,42.625
0,42.595
0,42.59
0,42.675
0,42.675
0,42.72
0,42.705
0,42.69
0,42.705
0,42.72
0,42.795
0,42.745
0,42.74
0,42.71
0,42.725
0,42.745
0,42.785
0,42.755
0,42.735
0,42.79
0,42.745
0,42.77
0,42.845
0,42.85
0,42.845
0,42.835
0,42.835
0,42.82
0,42.81
0,42.81
0,42.79
0,42.8
0,42.81
0,42.875
0,42.84
0,42.845
0,42.805
0,42.84
0,42.88
0,42.88
0,42.91
0,42.915
0,42.9
0,42.905
0,42.93
0,42.955
0,43
0,42.995
0,43.025
0,43.035
0,43.03
0,43.04
0,43.04
0,43.055
0,43.03
0,43.015
0,43.025
0,43.035
0,43.03
0,42.995
0,42.95
0,42.945
0,42.965
0,43
0,43.035
0,43.025
0,43.01
0,43
0,43
0,42.99
0,42.935
0,42.92
0,42.91
0,42.9
0,42.87
0,42.855
0,42.85
0,42.82
0,42.82
0,42.825
0,42.78
0,42.755
0,42.715
0,42.715
0,42.71
0,42.785
0,42.805
0,42.795
0,42.775
0,42.805
0,42.795
0,42.81
0,42.86
0,42.895
0,42.925
0,42.88
0,42.88
0,42.89
0,42.85
0,42.855
0,42.855
0,42.86
0,42.88
0,42.88
0,42.88
0,42.865
0,42.845
0,42.855
0,42.835
0,42.865
0,42.87
0,42.835
0,42.87
0,42.85
0,42.855
0,42.85
0,42.855
0,42.84
0,42.835
0,42.85
0,42.78
0,42.785
0,42.765
0,42.755
0,42.765
0,42.765
0,42.785
0,42.785
0,42.78
0,42.78
0,42.775
0,42.79
0,42.785
0,42.815
0,42.82
0,42.815
0,42.805
0,42.8
0,42.81
0,42.815
0,42.79
0,42.795
0,42.795
0,42.82
0,42.815
0,42.84
0,42.85
0,42.835
0,42.9
0,42.915
0,42.895
0,42.915
0,42.905
0,42.89
0,42.885
0,42.895
0,42.905
0,42.88
0,42.87
0,42.865
0,42.865
0,42.865
0,42.86
0,42.865
0,42.865
0,42.85
0,42.84
0,42.79
0,42.755
0,42.75
0,42.74
0,42.74
0,42.745
0,42.74
0,42.765
0,42.77
0,42.775
0,42.78
0,42.785
0,42.81
0,42.805
0,42.79
0,42.815
0,42.81
0,42.8
0,42.8
0,42.83
0,42.835
0,42.81
0,42.81
0,42.815
0,42.855
0,42.845
0,42.855
0,42.85
0,42.825
0,42.865
0,42.86
0,42.845
0,42.835
0,42.81
0,42.805
0,42.8
0,42.82
0,42.84
0,42.835
0,42.845
0,42.85
0,42.88
0,42.885
0,42.88
0,42.89
0,42.91
0,42.885
0,42.855
0,42.865
0,42.885
0,42.88
0,42.885
0,42.885
0,42.835
0,42.845
0,42.86
0,42.865
0,42.87
0,42.86
0,42.88
0,42.9
0,42.885
0,42.88
0,42.87
0,42.875
0,42.895
0,42.905
0,42.885
0,42.895
0,42.9
0,42.875
0,42.875
0,42.85
0,42.89
0,42.88
0,42.875
0,42.89
0,42.885
0,42.9
0,42.94
0,42.93
0,42.93
0,42.91
0,42.89
0,42.865
0,42.9
0,42.84
0,42.81
0,42.825
0,42.81
0,42.82
0,42.805
0,42.85
0,42.845
0,42.845
0,42.835
0,42.84
0,42.825
0,42.825
0,42.815
0,42.815
0,42.815
0,42.805
0,42.755
0,42.765
0,42.745
0,42.72
0,42.695
0,42.68
0,42.685
0,42.68
0,42.695
0,42.69
0,42.72
0,42.67
0,42.65
0,42.645
0,42.665
0,42.75
0,42.73
0,42.74
0,42.745
0,42.73
0,42.715
0,42.68
0,42.675
0,42.675
0,42.675
0,42.665
0,42.635
0,42.605
0,42.575
0,42.64
0,42.645
0,42.625
0,42.61
0,42.61
0,42.62
0,42.625
0,42.68
0,42.715
0,42.72
0,42.68
0,42.71
0,42.71
0,42.695
0,42.71
0,42.725
0,42.735
0,42.755
0,42.77
0,42.75
0,42.77
0,42.75
0,42.775
0,42.77
0,42.765
0,42.82
0,42.78
0,42.785
0,42.815
0,42.82
0,42.79
0,42.785
0,42.785
0,42.81
0,42.845
0,42.865
0,42.87
0,42.905
0,42.925
0,42.885
0,42.93
0,42.915
0,42.89
0,42.925
0,42.935
0,42.955
0,42.885
0,42.815
0,42.84
0,42.88
0,42.875
0,42.905
0,42.9
0,42.875
0,42.895
0,42.885
0,42.945
0,42.965
0,42.98
0,42.945
0,42.945
0,42.95
0,42.95
0,42.96
0,42.945
0,42.945
0,42.955
0,42.945
0,42.925
0,42.895
0,42.885
0,42.875
0,42.88
0,42.89
0,42.905
0,42.925
0,42.895
0,42.905
0,42.9
0,42.905
0,42.885
0,42.875
0,42.875
0,42.875
0,42.88
0,42.86
0,42.85
0,42.85
0,42.865
0,42.865
0,42.855
0,42.78
0,42.81
0,42.805
0,42.815
0,42.79
0,42.79
0,42.66
0,42.73
0,42.735
0,42.635
0,42.595
0,42.6
0,42.64
0,42.625
0,42.585
0,42.54
0,42.575
0,42.59
0,42.55
0,42.57
0,42.575
0,42.59
0,42.595
0,42.58
0,42.59
0,42.56
0,42.515
0,42.53
0,42.565
0,42.615
0,42.61
0,42.6
0,42.58
0,42.58
0,42.535
0,42.545
0,42.52
0,42.525
0,42.52
0,42.55
0,42.51
0,42.5
0,42.495
0,42.495
0,42.49
0,42.55
0,42.535
0,42.505
0,42.465
0,42.42
0,42.445
0,42.45
0,42.465
0,42.44
0,42.415
0,42.38
0,42.445
0,42.44
0,42.48
0,42.48
0,42.52
0,42.495
0,42.48
0,42.45
0,42.45
0,42.505
0,42.49
0,42.495
0,42.485
0,42.495
0,42.49
0,42.485
0,42.485
0,42.495
0,42.435
0,42.46
0,42.445
0,42.455
0,42.45
0,42.495
0,42.505
0,42.515
0,42.51
0,42.525
0,42.495
0,42.48
0,42.475
0,42.51
0,42.54
0,42.535
0,42.52
0,42.535
0,42.545
0,42.585
0,42.585
0,42.62
0,42.625
0,42.63
0,42.615
0,42.605
0,42.6
0,42.56
0,42.545
0,42.555
0,42.55
0,42.565
0,42.575
0,42.585
0,42.645
0,42.625
0,42.615
0,42.645
0,42.665
0,42.71
0,42.695
0,42.7
0,42.67
0,42.675
0,42.69
0,42.735
0,42.76
0,42.755
0,42.705
0,42.695
0,42.71
0,42.7
0,42.69
0,42.7
0,42.715
0,42.73
0,42.74
0,42.78
0,42.825
0,42.86
0,42.85
0,42.805
0,42.785
0,42.785
0,42.85
0,42.87
0,42.885
0,42.875
0,42.895
0,42.905
0,42.91
0,42.905
0,42.91
0,42.915
0,42.95
0,42.95
0,42.945
0,42.945
0,42.94
0,42.975
0,42.97
0,42.975
0,42.975
0,42.945
0,42.96
0,42.945
0,42.91
0,42.89
0,42.895
0,42.93
0,42.925
0,42.89
0,42.935
0,42.94
0,42.97
0,42.965
0,42.975
0,42.965
0,42.975
0,42.95
0,42.94
0,42.945
0,42.945
0,42.975
0,42.99
0,43.02
0,43.03
0,43.045
0,42.98
0,42.995
0,43.015
0,43.01
0,42.975
0,42.98
0,43
0,43
0,43.005
0,42.98
0,43.015
0,43.02
0,43.04
0,43.025
0,42.995
0,42.995
0,42.99
0,43
0,42.955
0,42.98
0,42.985
0,43.005
0,43
0,43
0,42.98
0,42.93
0,42.865
0,42.91
0,42.9
0,42.885
0,42.89
0,42.91
0,42.925
0,42.945
0,42.955
0,42.965
0,42.97
0,42.965
0,42.96
0,42.945
0,42.93
0,42.93
0,42.925
0,42.92
0,42.945
0,42.99
0,42.995
0,43.015
0,43.02
0,43.03
0,43.035
0,43.015
0,43
0,42.975
0,43.01
0,43.045
0,43.045
0,43.035
0,43.07
0,43.105
0,43.13
0,43.125
0,43.09
0,43.08
0,43.095
0,43.085
0,43.08
0,43.065
0,43.05
0,43.075
0,43.06
0,43.045
0,43.03
0,43.06
0,43.05
0,43.035
0,43.045
0,43.04
0,43.01
0,43.03
0,43.075
0,43.04
0,43.045
0,43.05
0,43.065
0,43.04
0,43.06
0,43.075
0,43.07
0,43.09
0,43.09
0,43.07
0,43.16
0,43.245
0,43.22
0,43.205
0,43.21
0,43.185
0,43.21
0,43.195
0,43.185
0,43.195
0,43.175
0,43.195
0,43.2
0,43.195
0,43.18
0,43.17
0,43.16
0,43.155
0,43.165
0,43.175
0,43.15
0,43.085
0,43.11
0,43.07
0,43.105
0,43.09
0,43.09
0,43.125
0,43.14
0,43.13
0,43.095
0,43.1
0,43.14
0,43.15
0,43.19
0,43.19
0,43.175
0,43.16
0,43.16
0,43.16
0,43.17
0,43.155
0,43.145
0,43.14
0,43.12
0,43.115
0,43.135
0,43.13
0,43.13
0,43.125
0,43.175
0,43.18
0,43.175
0,43.195
0,43.195
0,43.21
0,43.2
0,43.175
0,43.17
0,43.125
0,43.095
0,43.1
0,43.095
0,43.1
0,43.12
0,43.1
0,43.1
0,43.1
0,43.11
0,43.115
0,43.11
0,43.1
0,43.07
0,43.085
0,43.06
0,43.04
0,43.025
0,43.02
0,43.025
0,43.01
0,43.01
0,43.025
0,43.005
0,43.05
0,43.045
0,43.025
0,43.045
0,43.05
0,43.045
0,43.045
0,43.04
0,43.04
0,43.075
0,43.08
0,43.1
0,43.095
0,43.095
0,43.11
0,43.15
0,43.15
0,43.18
0,43.21
0,43.225
0,43.235
0,43.23
0,43.27
0,43.265
0,43.22
0,43.205
0,43.215
0,43.205
0,43.175
0,43.18
0,43.275
0,43.275
0,43.275
0,43.28
0,43.315
0,43.43
0,43.375
0,43.33
0,43.415
0,43.405
0,43.415
0,43.445
0,43.455
0,43.485
0,43.475
0,43.455
0,43.445
0,43.515
0,43.54
0,43.5
0,43.505
0,43.465
0,43.53
0,43.5
0,43.46
0,43.44
0,43.435
0,43.49
0,43.465
0,43.49
0,43.485
0,43.47
0,43.455
0,43.44
0,43.445
0,43.44
0,43.43
0,43.385
0,43.365
0,43.335
0,43.33
0,43.315
0,43.31
0,43.33
0,43.355
0,43.35
0,43.31
0,43.325
0,43.26
0,43.34
0,43.335
0,43.335
0,43.33
0,43.35
0,43.36
0,43.365
0,43.38
0,43.41
0,43.43
0,43.35
0,43.215
0,43.225
0,43.215
0,43.21
0,43.095
0,43.095
0,43.11
0,43.095
0,43.135
0,43.105
0,43.145
0,43.185
0,43.235
0,43.245
0,43.29
0,43.325
0,43.37
0,43.325
0,43.305
0,43.27
0,43.2
0,43.185
0,43.19
0,43.21
0,43.195
0,43.25
0,43.28
0,43.26
0,43.21
0,43.155
0,43.13
0,43.155
0,43.155
0,43.14
0,43.17
0,43.13
0,43.16
0,43.18
0,43.19
0,43.2
0,43.19
0,43.21
0,43.205
0,43.275
0,43.265
0,43.245
0,43.275
0,43.31
0,43.3
0,43.31
0,43.365
0,43.39
0,43.36
0,43.35
0,43.325
0,43.27
0,43.295
0,43.28
0,43.26
0,43.28
0,43.275
0,43.2
0,43.19
0,43.16
0,43.165
0,43.16
0,43.195
0,43.135
0,43.12
0,43.165
0,43.175
0,43.22
0,43.23
0,43.29
0,43.265
0,43.27
0,43.2
0,43.18
0,43.18
0,43.2
0,43.2
0,43.25
0,43.225
0,43.205
0,43.2
0,43.18
0,43.2
0,43.23
0,43.215
0,43.195
0,43.265
0,43.25
0,43.255
0,43.205
0,43.2
0,43.21
0,43.195
0,43.19
0,43.14
0,43.11
0,43.085
0,43.105
0,43.125
0,43.125
0,43.205
0,43.165
0,43.16
0,43.175
0,43.17
0,43.165
0,43.16
0,43.15
0,43.145
0,43.17
0,43.16
0,43.17
0,43.23
0,43.18
0,43.2
0,43.205
0,43.215
0,43.16
0,43.18
0,43.185
0,43.285
0,43.245
0,43.195
0,43.175
0,43.16
0,43.16
0,43.2
0,43.195
0,43.19
0,43.2
0,43.175
0,43.18
0,43.175
0,43.14
0,43.135
0,43.14
0,43.18
0,43.195
0,43.19
0,43.185
0,43.205
0,43.18
0,43.155
0,43.145
0,43.135
0,43.135
0,43.14
0,43.15
0,43.135
0,43.135
0,43.135
0,43.14
0,43.12
0,43.12
0,43.1
0,43.115
0,43.11
0,43.1
0,43.055
0,43.035
0,43.06
0,43.085
0,43.07
0,43.06
0,43.065
0,43.07
0,43.01
0,43
0,42.98
0,43.01
0,42.995
0,42.96
0,42.945
0,42.95
0,42.935
0,42.955
0,42.93
0,42.95
0,42.945
0,42.94
0,43.01
0,42.95
0,42.96
0,42.99
0,43.06
0,43.1
0,43.095
0,43.08
0,43.07
0,43.085
0,43.11
0,43.12
0,43.135
0,43.115
0,43.225
0,43.155
0,43.235
0,43.085
0,43.08
0,43.095
0,43.1
0,43.11
0,43.13
0,43.115
0,43.115
0,43.095
0,43.1
0,43.12
0,43.125
0,43.105
0,43.115
0,43.09
0,43.105
0,43.12
0,43.17
0,43.155
0,43.195
0,43.19
0,43.19
0,43.235
0,43.22
0,43.235
0,43.22
0,43.225
0,43.245
0,43.22
0,43.195
0,43.185
0,43.165
0,43.195
0,43.255
0,43.245
0,43.235
0,43.195
0,43.185
0,43.18
0,43.16
0,43.215
0,43.225
0,43.22
0,43.22
0,43.225
0,43.24
0,43.27
0,43.305
0,43.305
0,43.31
0,43.285
0,43.28
0,43.275
0,43.255
0,43.26
0,43.26
0,43.25
0,43.26
0,43.27
0,43.265
0,43.235
0,43.255
0,43.235
0,43.26
0,43.255
0,43.23
0,43.26
0,43.24
0,43.255
0,43.29
0,43.28
0,43.265
0,43.24
0,43.25
0,43.24
0,43.25
0,43.28
0,43.27
0,43.275
0,43.25
0,43.245
0,43.26
0,43.26
0,43.25
0,43.245
0,43.25
0,43.245
0,43.235
0,43.24
0,43.235
0,43.245
0,43.23
0,43.21
0,43.205
0,43.21
0,43.17
0,43.18
0,43.155
0,43.165
0,43.15
0,43.16
0,43.15
0,43.19
0,43.215
0,43.21
0,43.2
0,43.175
0,43.17
0,43.165
0,43.18
0,43.175
0,43.15
0,43.155
0,43.14
0,43.14
0,43.165
0,43.19
0,43.18
0,43.16
0,43.155
0,43.115
0,43.12
0,43.12
0,43.11
0,43.1
0,43.105
0,43.1
0,43.105
0,43.125
0,43.165
0,43.125
0,43.125
0,43.13
0,43.125
0,43.13
0,43.15
0,43.15
0,43.19
0,43.17
0,43.175
0,43.205
0,43.18
0,43.175
0,43.175
0,43.16
0,43.165
0,43.145
0,43.165
0,43.165
0,43.15
0,43.145
0,43.16
0,43.14
0,43.095
0,43.115
0,43.115
0,43.11
0,43.115
0,43.105
0,43.115
0,43.105
0,43.12
0,43.1
0,43.075
0,43.095
0,43.075
0,43.045
0,43.085
0,43.09
0,43.075
0,43.08
0,43.08
0,43.06
0,43.05
0,43.08
0,43.08
0,43.075
0,43.06
0,43.055
0,43.045
0,43.035
0,43.01
0,43.025
0,43.025
0,43.025
0,43.05
0,43.035
0,43.015
0,43.02
0,43.025
0,43.08
0,43.075
0,43.1
0,43.105
0,43.065
0,43.08
0,43.055
0,43.045
0,43.045
0,43.005
0,43.045
0,43.045
0,43.075
0,43.06
0,43.06
0,43.115
0,43.11
0,43.125
0,43.115
0,43.12
0,43.14
0,43.14
0,43.135
0,43.16
0,43.135
0,43.165
0,43.165
0,43.415
0,43.34
0,43.36
0,43.31
0,43.385
0,43.485
0,43.455
0,43.33
0,43.34
0,43.42
0,43.4
0,43.46
0,43.59
0,43.64
0,43.645
0,43.56
0,43.55
0,43.675
0,43.725
0,43.76
0,43.745
0,43.78
0,43.74
0,43.65
0,43.655
0,43.585
0,43.59
0,43.59
0,43.665
0,43.725
0,43.68
0,43.665
0,43.59
0,43.6
0,43.64
0,43.62
0,43.585
0,43.595
0,43.655
0,43.63
0,43.66
0,43.635
0,43.725
0,43.675
0,43.71
0,43.735
0,43.755
0,43.745
0,43.715
0,43.73
0,43.725
0,43.765
0,43.765
0,43.765
0,43.73
0,43.685
0,43.73
0,43.735
0,43.705
0,43.725
0,43.795
0,43.74
0,43.75
0,43.78
0,43.805
0,43.85
0,43.945
0,43.95
0,43.96
0,43.935
0,44
0,43.975
0,44.02
0,44.04
0,44.07
0,44.035
0,44.045
0,44.015
0,43.945
0,44.025
0,44.1
0,44.12
0,44.14
0,44.15
0,44.085
0,44.065
0,44.095
0,44.11
0,44.1
0,44.11
0,44.125
0,44.18
0,44.18
0,44.13
0,44.125
0,44.09
0,44.085
0,44.03
0,44.02
0,44.035
0,44.035
0,44.035
0,43.955
0,43.925
0,43.995
0,44.01
0,44.08
0,44.09
0,44.075
0,44.075
0,44.065
0,44.085
0,44.05
0,44.04
0,44.085
0,43.965
0,43.96
0,43.935
0,43.92
0,43.905
0,43.86
0,43.885
0,43.87
0,43.905
0,43.92
0,43.91
0,43.925
0,43.89
0,43.91
0,43.895
0,44.005
0,43.935
0,43.92
0,43.89
0,43.89
0,43.9
0,43.91
0,43.905
0,43.88
0,43.89
0,43.85
0,43.885
0,43.895
0,43.9
0,43.95
0,43.905
0,43.92
0,43.91
0,43.925
0,43.995
0,43.96
0,43.965
0,43.97
0,43.995
0,43.98
0,43.97
0,43.935
0,43.92
0,43.92
0,43.88
0,43.895
0,43.925
0,43.95
0,43.975
0,43.99
0,43.97
0,43.98
0,44.035
0,44.04
0,44.095
0,44.105
0,44.08
0,44.095
0,44.105
0,44.055
0,44.06
0,44.055
0,44.04
0,44.05
0,44.05
0,44.035
0,44.01
0,44
0,44.03
0,44
0,43.985
0,43.98
0,44
0,44.01
0,44.005
0,44.01
0,43.985
0,43.97
0,43.96
0,43.955
0,43.96
0,43.965
0,43.97
0,44.03
0,43.995
0,44.01
0,44.01
0,44.025
0,44.015
0,44.005
0,43.995
0,44.005
0,43.985
0,43.98
0,43.975
0,43.995
0,44
0,44.02
0,44
0,44.01
0,44.005
0,44
0,44.025
0,44.02
0,44.015
0,44
0,43.99
0,44.005
0,44.025
0,44.045
0,44.04
0,44.055
0,44.035
0,44.03
0,44.045
0,44.045
0,44.04
0,44.03
0,44.045
0,44.045
0,44.06
0,44.055
0,44.045
0,44.065
0,44.04
0,44.05
0,44.04
0,44.045
0,44.045
0,44.045
0,44.035
0,44.02
0,44.01
0,44.01
0,44.005
0,44.01
0,43.995
0,44
0,43.99
0,43.98
0,43.975
0,43.965
0,43.965
0,43.98
0,43.965
0,43.96
0,43.965
0,43.955
0,43.95
0,43.955
0,43.94
0,43.965
0,43.945
0,43.915
0,43.915
0,43.92
0,43.92
0,43.915
0,43.915
0,43.885
0,43.89
0,43.85
0,43.86
0,43.875
0,43.9
0,43.905
0,43.895
0,43.86
0,43.85
0,43.84
0,43.82
0,43.805
0,43.81
0,43.825
0,43.82
0,43.83
0,43.86
0,43.815
0,43.84
0,43.875
0,43.88
0,43.88
0,43.83
0,43.81
0,43.79
0,43.775
0,43.82
0,43.81
0,43.855
0,43.885
0,43.905
0,43.885
0,43.88
0,43.895
0,43.885
0,43.885
0,43.905
0,43.915
0,43.89
0,43.9
0,43.925
0,43.975
0,44
0,44.01
0,44.04
0,44.02
0,44.06
0,44.04
0,44.025
0,44.005
0,44.035
0,44.04
0,44.05
0,44.055
0,44.04
0,44.035
0,43.985
0,43.945
0,43.895
0,43.9
0,43.925
0,43.955
0,44.025
0,44.035
0,44.035
0,44.075
0,44.015
0,43.97
0,43.93
0,43.945
0,43.97
0,43.925
0,43.95
0,43.965
0,43.96
0,43.965
0,43.955
0,43.955
0,43.97
0,43.98
0,43.97
0,43.94
0,43.945
0,43.96
0,43.965
0,43.945
0,43.92
0,43.925
0,43.96
0,44
0,43.975
0,43.97
0,43.965
0,43.95
0,43.975
0,43.98
0,43.96
0,43.965
0,43.98
0,43.965
0,43.955
0,43.96
0,43.96
0,43.955
0,43.945
0,43.905
0,43.905
0,43.92
0,43.97
0,43.975
0,43.975
0,44.015
0,44
0,43.985
0,44
0,43.99
0,43.97
0,43.985
0,43.985
0,43.985
0,44.015
0,44.015
0,44.005
0,43.995
0,43.985
0,43.97
0,44
0,44.01
0,44.045
0,44.025
0,44.05
0,44.04
0,44.06
0,44.055
0,44.055
0,44.03
0,44.05
0,44.105
0,44.1
0,44.095
0,44.105
0,44.045
0,44.01
0,44.035
0,44.035
0,44.045
0,44.035
0,44.05
0,44.03
0,44.03
0,44.025
0,44.015
0,44.01
0,44.005
0,44.005
0,44.04
0,44.045
0,44.075
0,44.055
0,44.04
0,44.065
0,44.095
0,44.1
0,44.115
0,44.145
0,44.13
0,44.11
0,44.09
0,44.07
0,44.08
0,44.12
0,44.085
0,44.075
0,44.075
0,44.075
0,44.07
0,44.095
0,44.105
0,44.09
0,44.095
0,44.275
0,44.28
0,44.255
0,44.175
0,44.18
0,44.18
0,44.18
0,44.235
0,44.185
0,44.22
0,44.125
0,44.1
0,44.05
0,44.04
0,44.05
0,44.18
0,44.065
0,44.06
0,44.055
0,44.075
0,44.125
0,44.085
0,44.07
0,44.05
0,44.005
0,44
0,44.01
0,44.025
0,44.02
0,44.025
0,44.015
0,44
0,43.98
0,43.985
0,43.98
0,43.99
0,44.005
0,44.05
0,44.025
0,43.99
0,43.985
0,43.97
0,43.975
0,44
0,44.005
0,44.05
0,44.05
0,44.11
0,44.105
0,44.13
0,44.13
0,44.15
0,44.125
0,44.135
0,44.11
0,44.055
0,44.05
0,44.06
0,44.005
0,43.985
0,44.04
0,44.05
0,44.035
0,44.04
0,44.055
0,44.08
0,44.085
0,44.075
0,44.11
0,44.105
0,44.08
0,44.1
0,44.085
0,44.075
0,44.07
0,44.065
0,44.105
0,44.12
0,44.14
0,44.085
0,44.09
0,44.06
0,44.06
0,44.05
0,44.09
0,44.075
0,44.085
0,44.1
0,44.03
0,44.025
0,44.025
0,44.02
0,44.02
0,44.03
0,44.04
0,44.02
0,44.015
0,44.005
0,44
0,43.98
0,44
0,44.025
0,44.05
0,44.055
0,44.03
0,44.02
0,44.02
0,44.075
0,44.06
0,44.055
0,44.01
0,44.01
0,43.995
0,43.985
0,43.99
0,43.98
0,44.04
0,44
0,43.99
0,43.985
0,44.005
0,44.05
0,44.05
0,44.04
0,44.035
0,44.05
0,44.045
0,44.005
0,44.05
0,44.1
0,44.08
0,44.08
0,44.085
0,44.06
0,44.035
0,44.05
0,44.065
0,44.065
0,44.065
0,44.07
0,44.08
0,44.07
0,44.055
0,44.055
0,44.07
0,44.06
0,44.075
0,44.07
0,44.055
0,44.07
0,44.095
0,44.145
0,44.145
0,44.14
0,44.125
0,44.125
0,44.11
0,44.13
0,44.125
0,44.105
0,44.1
0,44.105
0,44.11
0,44.11
0,44.115
0,44.11
0,44.075
0,44.095
0,44.11
0,44.095
0,44.105
0,44.095
0,44.1
0,44.095
0,44.095
0,44.065
0,44.09
0,44.075
0,44.06
0,44.07
0,44.065
0,44.065
0,44.05
0,44.03
0,44.05
0,44.05
0,44.04
0,44.05
0,44.02
0,44.015
0,43.985
0,43.975
0,43.97
0,43.945
0,43.98
0,43.995
0,44.03
0,44.025
0,43.99
0,43.995
0,43.995
0,44.015
0,44.05
0,44.02
0,43.985
0,43.995
0,44.015
0,44.01
0,43.995
0,44.005
0,43.995
0,43.995
0,44.005
0,44.01
0,44.06
0,44.06
0,44.025
0,44.06
0,44.045
0,44.01
0,44.05
0,44.07
0,44.065
0,44.03
0,44.035
0,44.05
0,44.06
0,44.075
0,44.105
0,44.13
0,44.085
0,44.075
0,44.08
0,44.09
0,44.03
0,44.04
0,44.035
0,44.03
0,44.06
0,44.07
0,44.07
0,44.06
0,44.075
0,44.1
0,44.065
0,44.06
0,44.07
0,44.06
0,44.06
0,44.055
0,44.05
0,44.015
0,44.015
0,44.005
0,44
0,44.01
0,44.01
0,44.025
0,44.045
0,44.055
0,44.075
0,44.08
0,44.09
0,44.095
0,44.07
0,44.045
0,44.035
0,44.015
0,44.03
0,44.02
0,44.035
0,44.03
0,44.09
0,44.09
0,44.085
0,44.08
0,44.07
0,44.09
0,44.085
0,44.04
0,44.02
0,44
0,43.995
0,44
0,43.965
0,43.985
0,43.945
0,43.93
0,43.97
0,43.985
0,43.98
0,44.025
0,43.985
0,43.995
0,43.97
0,43.975
0,43.985
0,44
0,44.02
0,44.03
0,44.02
0,44.01
0,44.005
0,44
0,44.025
0,44.05
0,44.055
0,44.045
0,44.025
0,43.995
0,44.025
0,44.025
0,44
0,43.975
0,43.99
0,44.02
0,44.015
0,44.02
0,44.01
0,43.995
0,44.005
0,43.985
0,44
0,43.98
0,43.96
0,43.96
0,43.94
0,43.945
0,43.96
0,43.965
0,43.995
0,43.96
0,43.985
0,44.005
0,43.995
0,43.995
0,43.995
0,43.96
0,44.015
0,44.005
0,44.005
0,44
0,43.995
0,44.005
0,43.99
0,44.015
0,44.015
0,44.03
0,44.01
0,44.005
0,44
0,43.99
0,43.97
0,43.985
0,44.015
0,44.015
0,44.015
0,44.015
0,44.01
0,44
0,43.98
0,44.015
0,44.005
0,43.995
0,44.005
0,44
0,43.995
0,44.03
0,43.99
0,43.995
0,43.995
0,44
0,43.99
0,43.99
0,43.98
0,43.965
0,43.965
0,43.975
0,43.995
0,44
0,44.005
0,43.995
0,44.005
0,44.015
0,44.005
0,43.995
0,44.015
0,44.015
0,44.005
0,44
0,44.025
0,44.005
0,44.01
0,44.02
0,44.005
0,44.005
0,43.995
0,44
0,44.02
0,44.02
0,44.025
0,44.025
0,44.025
0,44.005
0,44
0,44.2
0,44.17
0,44.18
0,44.255
0,44.225
0,44.195
0,44.2
0,44.205
0,44.265
0,44.28
0,44.295
0,44.29
0,44.215
0,44.175
0,44.165
0,44.145
0,44.155
0,44.135
0,44.155
0,44.175
0,44.145
0,44.11
0,44.115
0,44.135
0,44.16
0,44.15
0,44.165
0,44.22
0,44.275
0,44.23
0,44.235
0,44.25
0,44.27
0,44.265
0,44.27
0,44.3
0,44.305
0,44.31
0,44.355
0,44.39
0,44.37
0,44.385
0,44.335
0,44.32
0,44.32
0,44.34
0,44.4
0,44.425
0,44.445
0,44.455
0,44.455
0,44.42
0,44.435
0,44.375
0,44.35
0,44.355
0,44.35
0,44.335
0,44.36
0,44.395
0,44.415
0,44.43
0,44.425
0,44.415
0,44.415
0,44.38
0,44.355
0,44.375
0,44.35
0,44.31
0,44.29
0,44.285
0,44.265
0,44.27
0,44.315
0,44.335
0,44.355
0,44.35
0,44.355
0,44.365
0,44.375
0,44.375
0,44.4
0,44.395
0,44.315
0,44.345
0,44.345
0,44.325
0,44.31
0,44.255
0,44.245
0,44.265
0,44.225
0,44.225
0,44.285
0,44.315
0,44.315
0,44.31
0,44.33
0,44.345
0,44.29
0,44.26
0,44.24
0,44.225
0,44.225
0,44.29
0,44.295
0,44.28
0,44.265
0,44.245
0,44.27
0,44.255
0,44.26
0,44.205
0,44.215
0,44.2
0,44.2
0,44.16
0,44.17
0,44.185
0,44.175
0,44.2
0,44.185
0,44.15
0,44.15
0,44.155
0,44.15
0,44.15
0,44.165
0,44.155
0,44.17
0,44.205
0,44.175
0,44.2
0,44.26
0,44.305
0,44.305
0,44.28
0,44.285
0,44.32
0,44.29
0,44.285
0,44.27
0,44.22
0,44.27
0,44.255
0,44.29
0,44.27
0,44.23
0,44.23
0,44.24
0,44.23
0,44.225
0,44.23
0,44.23
0,44.245
0,44.28
0,44.285
0,44.3
0,44.285
0,44.26
0,44.24
0,44.25
0,44.235
0,44.23
0,44.225
0,44.225
0,44.235
0,44.245
0,44.23
0,44.195
0,44.22
0,44.235
0,44.2
0,44.18
0,44.205
0,44.22
0,44.165
0,44.18
0,44.17
0,44.185
0,44.175
0,44.19
0,44.2
0,44.215
0,44.255
0,45.14
0,44.64
0,44.22
0,44.22
0,44.255
0,44.285
0,44.27
0,44.31
0,44.29
0,44.32
0,44.33
0,44.375
0,44.36
0,44.355
0,44.335
0,44.39
0,44.405
0,44.45
0,44.45
0,44.43
0,44.36
0,44.4
0,44.375
0,44.38
0,44.385
0,44.37
0,44.36
0,44.315
0,44.325
0,44.335
0,44.35
0,44.335
0,44.315
0,44.34
0,44.34
0,44.34
0,44.345
0,44.335
0,44.34
0,44.325
0,44.315
0,44.325
0,44.315
0,44.32
0,44.315
0,44.32
0,44.26
0,44.285
0,44.3
0,44.285
0,44.245
0,44.285
0,44.32
0,44.295
0,44.285
0,44.32
0,44.33
0,44.335
0,44.28
0,44.29
0,44.28
0,44.285
0,44.295
0,44.31
0,44.305
0,44.3
0,44.245
0,44.275
0,44.265
0,44.275
0,44.295
0,44.295
0,44.295
0,44.275
0,44.29
0,44.3
0,44.34
0,44.315
0,44.305
0,44.305
0,44.29
0,44.275
0,44.28
0,44.29
0,44.255
0,44.28
0,44.29
0,44.285
0,44.285
0,44.29
0,44.285
0,44.335
0,44.325
0,44.315
0,44.315
0,44.315
0,44.31
0,44.32
0,44.305
0,44.29
0,44.255
0,44.275
0,44.27
0,44.26
0,44.26
0,44.26
0,44.245
0,44.195
0,44.195
0,44.2
0,44.19
0,44.185
0,44.235
0,44.235
0,44.235
0,44.235
0,44.235
0,44.23
0,44.26
0,44.32
0,44.275
0,44.255
0,44.255
0,44.255
0,44.255
0,44.255
0,44.3
0,44.285
0,44.25
0,44.265
0,44.25
0,44.235
0,44.23
0,44.22
0,44.21
0,44.205
0,44.215
0,44.215
0,44.215
0,44.18
0,44.17
0,44.16
0,44.255
0,44.305
0,44.245
0,44.275
0,44.27
0,44.255
0,44.26
0,44.265
0,44.25
0,44.255
0,44.255
0,44.245
0,44.245
0,44.255
0,44.25
0,44.27
0,44.265
0,44.255
0,44.255
0,44.225
0,44.205
0,44.2
0,44.175
0,44.16
0,44.145
0,44.14
0,44.105
0,44.12
0,44.115
0,44.17
0,44.165
0,44.155
0,44.155
0,44.15
0,44.15
0,44.17
0,44.165
0,44.215
0,44.205
0,44.175
0,44.195
0,44.2
0,44.235
0,44.235
0,44.2
0,44.21
0,44.215
0,44.2
0,44.21
0,44.175
0,44.19
0,44.21
0,44.2
0,44.19
0,44.19
0,44.18
0,44.195
0,44.185
0,44.195
0,44.21
0,44.21
0,44.235
0,44.215
0,44.21
0,44.195
0,44.195
0,44.195
0,44.185
0,44.19
0,44.205
0,44.22
0,44.345
0,44.35
0,44.325
0,44.305
0,44.285
0,44.32
0,44.235
0,44.18
0,44.21
0,44.185
0,44.16
0,44.195
0,44.305
0,44.275
0,44.28
0,44.265
0,44.265
0,44.275
0,44.22
0,44.225
0,44.215
0,44.185
0,44.195
0,44.235
0,44.275
0,44.25
0,44.275
0,44.245
0,44.285
0,44.27
0,44.31
0,44.285
0,44.3
0,44.28
0,44.305
0,44.3
0,44.32
0,44.335
0,44.345
0,44.33
0,44.335
0,44.34
0,44.36
0,44.35
0,44.34
0,44.345
0,44.34
0,44.335
0,44.345
0,44.35
0,44.345
0,44.35
0,44.345
0,44.34
0,44.36
0,44.35
0,44.325
0,44.325
0,44.305
0,44.31
0,44.29
0,44.295
0,44.295
0,44.29
0,44.3
0,44.29
0,44.295
0,44.3
0,44.305
0,44.285
0,44.285
0,44.275
0,44.305
0,44.335
0,44.345
0,44.35
0,44.385
0,44.355
0,44.37
0,44.33
0,44.32
0,44.305
0,44.315
0,44.305
0,44.3
0,44.295
0,44.295
0,44.31
0,44.295
0,44.3
0,44.295
0,44.27
0,44.285
0,44.31
0,44.34
0,44.345
0,44.37
0,44.365
0,44.4
0,44.405
0,44.395
0,44.38
0,44.37
0,44.365
0,44.36
0,44.365
0,44.38
0,44.39
0,44.4
0,44.39
0,44.385
0,44.34
0,44.315
0,44.31
0,44.32
0,44.325
0,44.325
0,44.33
0,44.345
0,44.345
0,44.335
0,44.31
0,44.315
0,44.315
0,44.315
0,44.335
0,44.345
0,44.3
0,44.335
0,44.34
0,44.335
0,44.31
0,44.315
0,44.315
0,44.31
0,44.31
0,44.315
0,44.31
0,44.31
0,44.315
0,44.315
0,44.305
0,44.295
0,44.29
0,44.33
0,44.325
0,44.34
0,44.32
0,44.315
0,44.305
0,44.325
0,44.36
0,44.37
0,44.36
0,44.375
0,44.37
0,44.345
0,44.34
0,44.33
0,44.325
0,44.31
0,44.28
0,44.315
0,44.37
0,44.35
0,44.335
0,44.34
0,44.33
0,44.315
0,44.335
0,44.305
0,44.325
0,44.305
0,44.32
0,44.32
0,44.3
0,44.315
0,44.325
0,44.32
0,44.32
0,44.345
0,44.35
0,44.33
0,44.335
0,44.355
0,44.36
0,44.37
0,44.365
0,44.36
0,44.35
0,44.36
0,44.355
0,44.355
0,44.36
0,44.365
0,44.33
0,44.34
0,44.33
0,44.34
0,44.34
0,44.32
0,44.315
0,44.33
0,44.34
0,44.325
0,44.315
0,44.31
0,44.315
0,44.32
0,44.325
0,44.335
0,44.345
0,44.335
0,44.32
0,44.315
0,44.315
0,44.31
0,44.315
0,44.32
0,44.315
0,44.32
0,44.31
0,44.31
0,44.315
0,44.305
0,44.315
0,44.32
0,44.335
0,44.325
0,44.32
0,44.315
0,44.33
0,44.325
0,44.315
0,44.31
0,44.31
0,44.315
0,44.315
0,44.32
0,44.315
0,44.325
0,44.32
0,44.3
0,44.31
0,44.3
0,44.315
0,44.305
0,44.305
0,44.3
0,44.32
0,44.305
0,44.3
0,44.305
0,44.31
0,44.305
0,44.31
0,44.295
0,44.3
0,44.31
0,44.305
0,44.315
0,44.31
0,44.31
0,44.31
0,44.32
0,44.325
0,44.33
0,44.34
0,44.325
0,44.32
0,44.33
0,44.31
0,44.31
0,44.3
0,44.305
0,44.295
0,44.315
0,44.305
0,44.305
0,44.29
0,44.28
0,44.295
0,44.29
0,44.285
0,44.28
0,44.28
0,44.265
0,44.26
0,44.265
0,44.255
0,44.26
0,44.27
0,44.26
0,44.25
0,44.26
0,44.25
0,44.205
0,44.19
0,44.19
0,44.215
0,44.195
0,44.17
0,44.18
0,44.205
0,44.195
0,44.2
0,44.23
0,44.23
0,44.245
0,44.245
0,44.245
0,44.245
0,44.235
0,44.235
0,44.235
0,44.235
0,44.225
0,44.275
0,44.255
0,44.265
0,44.29
0,44.28
0,44.285
0,44.295
0,44.285
0,44.255
0,44.255
0,44.235
0,44.21
0,44.205
0,44.235
0,44.245
0,44.255
0,44.245
0,44.235
0,44.225
0,44.235
0,44.215
0,44.205
0,44.185
0,44.195
0,44.225
0,44.215
0,44.215
0,44.215
0,44.205
0,44.215
0,44.21
0,44.2
0,44.19
0,44.2
0,44.27
0,43.985
0,44.005
0,44
0,43.95
0,44
0,43.965
0,44.07
0,44.035
0,44.01
0,43.975
0,43.97
0,43.92
0,43.925
0,43.91
0,43.885
0,43.85
0,43.83
0,43.88
0,43.815
0,43.855
0,43.845
0,43.81
0,43.835
0,43.825
0,43.865
0,43.845
0,43.845
0,43.84
0,43.83
0,43.87
0,43.85
0,43.84
0,43.815
0,43.82
0,43.82
0,43.815
0,43.825
0,43.915
0,43.905
0,43.845
0,43.805
0,43.95
0,43.93
0,43.895
0,43.895
0,43.865
0,43.83
0,43.805
0,43.85
0,43.875
0,43.865
0,43.9
0,43.905
0,43.935
0,43.935
0,43.99
0,43.975
0,43.945
0,43.965
0,43.99
0,43.98
0,43.98
0,43.965
0,43.94
0,43.935
0,43.9
0,43.89
0,43.855
0,43.895
0,43.88
0,43.805
0,43.81
0,43.82
0,43.865
0,43.87
0,43.885
0,43.895
0,43.94
0,43.94
0,43.96
0,43.95
0,43.97
0,43.92
0,43.925
0,43.915
0,43.945
0,43.97
0,43.95
0,43.96
0,44
0,44.005
0,44.01
0,44.015
0,44.01
0,44.02
0,43.99
0,44.025
0,44.07
0,44.045
0,44.05
0,44.07
0,44.055
0,44.05
0,44.105
0,44.12
0,44.14
0,44.135
0,44.095
0,44.1
0,44.095
0,44.095
0,44.065
0,44.075
0,44.095
0,44.1
0,44.095
0,44.105
0,44.15
0,44.135
0,44.125
0,44.16
0,44.17
0,44.155
0,44.145
0,44.125
0,44.125
0,44.155
0,44.15
0,44.18
0,44.195
0,44.225
0,44.215
0,44.265
0,44.245
0,44.24
0,44.26
0,44.255
0,44.24
0,44.215
0,44.255
0,44.265
0,44.255
0,44.245
0,44.245
0,44.255
0,44.275
0,44.28
0,44.27
0,44.275
0,44.315
0,44.29
0,44.3
0,44.295
0,44.3
0,44.295
0,44.31
0,44.33
0,44.33
0,44.33
0,44.295
0,44.275
0,44.265
0,44.225
0,44.18
0,44.2
0,44.23
0,44.255
0,44.235
0,44.23
0,44.235
0,44.25
0,44.25
0,44.245
0,44.245
0,44.235
0,44.22
0,44.235
0,44.205
0,44.2
0,44.17
0,44.18
0,44.17
0,44.155
0,44.18
0,44.195
0,44.195
0,44.18
0,44.18
0,44.195
0,44.215
0,44.21
0,44.215
0,44.23
0,44.235
0,44.23
0,44.235
0,44.22
0,44.24
0,44.27
0,44.265
0,44.275
0,44.275
0,44.27
0,44.25
0,44.26
0,44.26
0,44.255
0,44.265
0,44.31
0,44.325
0,44.305
0,44.345
0,44.325
0,44.34
0,44.33
0,44.305
0,44.315
0,44.3
0,44.285
0,44.23
0,44.265
0,44.25
0,44.23
0,44.225
0,44.205
0,44.205
0,44.215
0,44.24
0,44.28
0,44.29
0,44.295
0,44.28
0,44.275
0,44.26
0,44.24
0,44.24
0,44.235
0,44.245
0,44.25
0,44.24
0,44.23
0,44.275
0,44.28
0,44.27
0,44.285
0,44.295
0,44.3
0,44.325
0,44.34
0,44.315
0,44.375
0,44.38
0,44.38
0,44.345
0,44.345
0,44.37
0,44.37
0,44.395
0,44.35
0,44.325
0,44.33
0,44.34
0,44.335
0,44.34
0,44.315
0,44.32
0,44.315
0,44.31
0,44.305
0,44.285
0,44.3
0,44.29
0,44.305
0,44.305
0,44.315
0,44.31
0,44.335
0,44.325
0,44.33
0,44.33
0,44.29
0,44.32
0,44.33
0,44.335
0,44.325
0,44.31
0,44.32
0,44.335
0,44.335
0,44.305
0,44.295
0,44.3
0,44.32
0,44.305
0,44.305
0,44.305
0,44.295
0,44.31
0,44.32
0,44.315
0,44.315
0,44.315
0,44.31
0,44.315
0,44.31
0,44.31
0,44.29
0,44.295
0,44.33
0,44.34
0,44.33
0,44.345
0,44.355
0,44.36
0,44.365
0,44.36
0,44.38
0,44.365
0,44.375
0,44.37
0,44.365
0,44.38
0,44.355
0,44.35
0,44.365
0,44.365
0,44.38
0,44.385
0,44.39
0,44.4
0,44.395
0,44.405
0,44.385
0,44.38
0,44.395
0,44.415
0,44.58
0,44.49
0,44.5
0,44.475
0,44.445
0,44.445
0,44.415
0,44.455
0,44.45
0,44.41
0,44.445
0,44.43
0,44.405
0,44.415
0,44.44
0,44.425
0,44.45
0,44.39
0,44.4
0,44.4
0,44.395
0,44.395
0,44.385
0,44.365
0,44.375
0,44.365
0,44.35
0,44.335
0,44.345
0,44.33
0,44.32
0,44.355
0,44.37
0,44.33
0,44.325
0,44.325
0,44.365
0,44.36
0,44.36
0,44.37
0,44.355
0,44.355
0,44.37
0,44.36
0,44.44
0,44.365
0,44.35
0,44.335
0,44.325
0,44.32
0,44.315
0,44.31
0,44.315
0,44.31
0,44.355
0,44.335
0,44.355
0,44.365
0,44.37
0,44.4
0,44.385
0,44.415
0,44.425
0,44.46
0,44.425
0,44.425
0,44.425
0,44.405
0,44.4
0,44.41
0,44.41
0,44.395
0,44.405
0,44.405
0,44.415
0,44.42
0,44.41
0,44.41
0,44.425
0,44.27
0,44.265
0,44.39
0,44.205
0,44.21
0,44.17
0,44.19
0,44.255
0,44.3
0,44.25
0,44.2
0,44.19
0,44.145
0,44.08
0,44.135
0,44.145
0,44.155
0,44.155
0,44.145
0,44.15
0,44.125
0,44.17
0,44.24
0,44.225
0,44.145
0,44.21
0,44.22
0,44.245
0,44.24
0,44.195
0,44.205
0,44.205
0,44.265
0,44.27
0,44.25
0,44.245
0,44.215
0,44.205
0,44.195
0,44.19
0,44.205
0,44.17
0,44.145
0,44.145
0,44.155
0,44.155
0,44.175
0,44.16
0,44.16
0,44.16
0,44.135
0,44.135
0,44.095
0,44.095
0,44.085
0,44.085
0,44.085
0,44.085
0,44.105
0,44.105
0,44.155
0,44.12
0,44.075
0,44.07
0,44.05
0,44.06
0,44.065
0,44.03
0,43.985
0,43.965
0,44.005
0,44.02
0,44.035
0,44.005
0,44.005
0,44.005
0,44.045
0,44.05
0,44.09
0,44.095
0,44.055
0,44.095
0,44.07
0,44.065
0,44.05
0,43.94
0,43.96
0,43.965
0,43.975
0,43.97
0,43.955
0,43.915
0,43.93
0,43.925
0,43.87
0,43.875
0,43.925
0,43.92
0,43.915
0,43.92
0,43.905
0,43.87
0,43.88
0,43.885
0,43.88
0,43.915
0,43.91
0,43.905
0,43.915
0,43.88
0,43.83
0,43.825
0,43.82
0,43.835
0,43.89
0,43.915
0,43.865
0,43.85
0,43.845
0,43.88
0,43.845
0,43.875
0,43.89
0,43.885
0,43.82
0,43.845
0,43.895
0,43.87
0,43.855
0,43.845
0,43.87
0,43.88
0,43.86
0,43.85
0,43.81
0,43.8
0,43.805
0,43.815
0,43.84
0,43.86
0,43.87
0,43.84
0,43.845
0,43.84
0,43.83
0,43.81
0,43.81
0,43.835
0,43.815
0,43.8
0,43.795
0,43.81
0,43.83
0,43.835
0,43.81
0,43.84
0,43.855
0,43.9
0,43.85
0,43.86
0,43.88
0,43.89
0,43.92
0,43.925
0,43.875
0,43.86
0,43.88
0,43.9
0,43.88
0,43.83
0,43.825
0,43.81
0,43.83
0,43.85
0,43.885
0,43.86
0,43.87
0,43.87
0,43.865
0,43.895
0,43.89
0,43.895
0,43.885
0,43.88
0,43.89
0,43.885
0,43.885
0,43.88
0,43.87
0,43.865
0,43.825
0,43.81
0,43.81
0,43.805
0,43.77
0,43.79
0,43.81
0,43.83
0,43.77
0,43.79
0,43.82
0,43.815
0,43.83
0,43.825
0,43.83
0,43.815
0,43.815
0,43.805
0,43.795
0,43.79
0,43.775
0,43.77
0,43.765
0,43.75
0,43.76
0,43.775
0,43.78
0,43.765
0,43.765
0,43.75
0,43.735
0,43.685
0,43.705
0,43.695
0,43.71
0,43.715
0,43.715
0,43.71
0,43.715
0,43.735
0,43.74
0,43.71
0,43.695
0,43.68
0,43.68
0,43.695
0,43.74
0,43.745
0,43.775
0,43.77
0,43.775
0,43.78
0,43.81
0,43.775
0,43.79
0,43.775
0,43.785
0,43.78
0,43.775
0,43.775
0,43.765
0,43.815
0,43.79
0,43.79
0,43.775
0,43.78
0,43.775
0,43.775
0,43.805
0,43.8
0,43.805
0,43.795
0,43.805
0,43.795
0,43.79
0,43.8
0,43.845
0,43.87
0,43.86
0,43.85
0,43.87
0,43.86
0,43.87
0,43.83
0,43.81
0,43.8
0,43.805
0,43.745
0,43.75
0,43.755
0,43.76
0,43.77
0,43.745
0,43.74
0,43.74
0,43.735
0,43.705
0,43.77
0,43.77
0,43.835
0,43.815
0,43.85
0,43.865
0,43.86
0,43.865
0,43.84
0,43.825
0,43.82
0,43.855
0,43.865
0,43.9
0,43.875
0,43.835
0,43.84
0,43.83
0,43.825
0,43.835
0,43.84
0,43.865
0,43.88
0,43.86
0,43.87
0,43.86
0,43.86
0,43.855
0,43.84
0,43.835
0,43.86
0,43.845
0,43.84
0,43.815
0,43.81
0,43.805
0,43.79
0,43.86
0,43.86
0,43.84
0,43.86
0,43.84
0,43.815
0,43.825
0,43.82
0,43.795
0,43.805
0,43.785
0,43.785
0,43.78
0,43.79
0,43.75
0,43.74
0,43.745
0,43.73
0,43.735
0,43.69
0,43.7
0,43.685
0,43.665
0,43.72
0,43.715
0,43.72
0,43.72
0,43.725
0,43.745
0,43.74
0,43.79
0,43.74
0,43.755
0,43.755
0,43.76
0,43.725
0,43.725
0,43.66
0,43.625
0,43.665
0,43.655
0,43.665
0,43.655
0,43.655
0,43.655
0,43.645
0,43.645
0,43.635
0,43.63
0,43.635
0,43.615
0,43.595
0,43.605
0,43.635
0,43.62
0,43.635
0,43.625
0,43.65
0,43.64
0,43.645
0,43.655
0,43.64
0,43.625
0,43.64
0,43.645
0,43.64
0,43.63
0,43.605
0,43.58
0,43.575
0,43.56
0,43.57
0,43.59
0,43.585
0,43.575
0,43.625
0,43.65
0,43.635
0,43.615
0,43.645
0,43.645
0,43.635
0,43.65
0,43.645
0,43.64
0,43.635
0,43.65
0,43.635
0,43.615
0,43.605
0,43.595
0,43.585
0,43.57
0,43.575
0,43.58
0,43.575
0,43.585
0,43.59
0,43.59
0,43.605
0,43.595
0,43.345
0,43.465
0,43.405
0,43.395
0,43.465
0,43.495
0,43.58
0,43.645
0,43.635
0,43.695
0,43.56
0,43.565
0,43.52
0,43.55
0,43.51
0,43.485
0,43.465
0,43.545
0,43.635
0,43.575
0,43.56
0,43.545
0,43.515
0,43.56
0,43.525
0,43.54
0,43.495
0,43.52
0,43.53
0,43.55
0,43.53
0,43.53
0,43.555
0,43.555
0,43.54
0,43.565
0,43.555
0,43.565
0,43.58
0,43.595
0,43.595
0,43.585
0,43.585
0,43.605
0,43.6
0,43.585
0,43.585
0,43.58
0,43.57
0,43.625
0,43.565
0,43.575
0,43.56
0,43.57
0,43.565
0,43.56
0,43.56
0,43.57
0,43.595
0,43.58
0,43.59
0,43.56
0,43.585
0,43.58
0,43.585
0,43.58
0,43.59
0,43.59
0,43.575
0,43.59
0,43.575
0,43.595
0,43.61
0,43.59
0,43.59
0,43.59
0,43.59
0,43.595
0,43.58
0,43.575
0,43.55
0,43.53
0,43.545
0,43.57
0,43.565
0,43.57
0,43.585
0,43.59
0,43.59
0,43.59
0,43.575
0,43.585
0,43.585
0,43.565
0,43.595
0,43.57
0,43.595
0,43.59
0,43.59
0,43.565
0,43.565
0,43.58
0,43.575
0,43.58
0,43.565
0,43.555
0,43.545
0,43.53
0,43.515
0,43.52
0,43.525
0,43.52
0,43.52
0,43.495
0,43.495
0,43.465
0,43.495
0,43.45
0,43.445
0,43.47
0,43.455
0,43.475
0,43.475
0,43.475
0,43.485
0,43.475
0,43.485
0,43.49
0,43.495
0,43.5
0,43.475
0,43.47
0,43.495
0,43.505
0,43.51
0,43.475
0,43.47
0,43.485
0,43.475
0,43.49
0,43.47
0,43.445
0,43.44
0,43.425
0,43.44
0,43.45
0,43.495
0,43.5
0,43.5
0,43.49
0,43.485
0,43.485
0,43.465
0,43.495
0,43.525
0,43.505
0,43.485
0,43.515
0,43.515
0,43.505
0,43.51
0,43.465
0,43.465
0,43.45
0,43.455
0,43.49
0,43.485
0,43.47
0,43.475
0,43.475
0,43.48
0,43.475
0,43.45
0,43.455
0,43.4
0,43.44
0,43.435
0,43.43
0,43.435
0,43.4
0,43.42
0,43.465
0,43.505
0,43.495
0,43.5
0,43.525
0,43.535
0,43.535
0,43.53
0,43.535
0,43.55
0,43.555
0,43.55
0,43.59
0,43.555
0,43.565
0,43.575
0,43.57
0,43.585
0,43.575
0,43.55
0,43.555
0,43.565
0,43.575
0,43.56
0,43.525
0,43.535
0,43.55
0,43.515
0,43.535
0,43.52
0,43.535
0,43.52
0,43.535
0,43.56
0,43.565
0,43.585
0,43.56
0,43.575
0,43.57
0,43.56
0,43.565
0,43.585
0,43.585
0,43.585
0,43.58
0,43.59
0,43.585
0,43.59
0,43.57
0,43.56
0,43.565
0,43.565
0,43.555
0,43.55
0,43.515
0,43.515
0,43.505
0,43.505
0,43.475
0,43.43
0,43.42
0,43.415
0,43.41
0,43.425
0,43.405
0,43.4
0,43.4
0,43.395
0,43.425
0,43.41
0,43.405
0,43.37
0,43.375
0,43.43
0,43.425
0,43.415
0,43.44
0,43.465
0,43.475
0,43.525
0,43.495
0,43.505
0,43.485
0,43.445
0,43.465
0,43.44
0,43.435
0,43.43
0,43.41
0,43.4
0,43.375
0,43.32
0,43.345
0,43.355
0,43.36
0,43.35
0,43.345
0,43.33
0,43.335
0,43.335
0,43.35
0,43.325
0,43.305
0,43.315
0,43.325
0,43.345
0,43.36
0,43.355
0,43.355
0,43.325
0,43.32
0,43.315
0,43.315
0,43.36
0,43.34
0,43.375
0,43.355
0,43.35
0,43.365
0,43.36
0,43.39
0,43.415
0,43.39
0,43.375
0,43.365
0,43.355
0,43.36
0,43.405
0,43.39
0,43.39
0,43.395
0,43.375
0,43.355
0,43.355
0,43.385
0,43.39
0,43.45
0,43.465
0,43.48
0,43.5
0,43.47
0,43.455
0,43.44
0,43.445
0,43.425
0,43.395
0,43.405
0,43.435
0,43.435
0,43.465
0,43.465
0,43.43
0,43.42
0,43.395
0,43.405
0,43.43
0,43.425
0,43.425
0,43.415
0,43.41
0,43.43
0,43.415
0,43.435
0,43.43
0,43.425
0,43.44
0,43.445
0,43.475
0,43.455
0,43.47
0,43.485
0,43.495
0,43.52
0,43.535
0,43.5
0,43.49
0,43.485
0,43.49
0,43.485
0,43.48
0,43.485
0,43.46
0,43.455
0,43.465
0,43.475
0,43.49
0,43.505
0,43.5
0,43.515
0,43.515
0,43.52
0,43.52
0,43.555
0,43.565
0,43.545
0,43.53
0,43.525
0,43.555
0,43.605
0,43.57
0,43.57
0,43.605
0,43.595
0,43.585
0,43.575
0,43.545
0,43.55
0,43.56
0,43.565
0,43.56
0,43.58
0,43.635
0,43.635
0,43.595
0,43.59
0,43.56
0,43.555
0,43.535
0,43.505
0,43.525
0,43.555
0,43.545
0,43.54
0,43.55
0,43.545
0,43.55
0,43.54
0,43.545
0,43.575
0,43.59
0,43.565
0,43.58
0,43.59
0,43.59
0,43.62
0,43.625
0,43.625
0,63.3
0,63.28
0,62.97
0,62.97
0,63.1
0,63.07
0,63.22
0,63.28
0,63.38
0,63.47
0,63.45
0,63.58
0,63.58
0,63.67
0,63.58
0,63.35
0,63.46
0,63.5
0,63.68
0,63.44
0,63.41
0,63.48
0,63.42
0,63.44
0,63.46
0,63.5
0,63.39
0,63.43
0,63.48
0,63.49
0,63.3
0,63.36
0,63.41
0,63.46
0,63.52
0,63.49
0,63.52
0,63.55
0,63.59
0,63.59
0,63.6
0,63.56
0,63.56
0,63.58
0,63.57
0,63.5
0,63.4
0,63.47
0,63.54
0,63.65
0,63.49
0,63.54
0,63.54
0,63.42
0,63.46
0,63.43
0,63.53
0,63.58
0,63.65
0,63.65
0,63.72
0,63.72
0,63.75
0,63.71
0,63.58
0,63.68
0,63.65
0,63.67
0,63.67
0,63.65
0,63.58
0,63.59
0,63.55
0,63.63
0,63.69
0,63.67
0,63.66
0,63.6
0,63.64
0,63.66
0,63.67
0,63.71
0,63.71
0,63.73
0,63.65
0,63.58
0,63.54
0,63.56
0,63.52
0,63.49
0,63.5
0,63.5
0,63.44
0,63.42
0,63.43
0,63.42
0,63.37
0,63.39
0,63.38
0,63.4
0,63.48
0,63.46
0,63.45
0,63.44
0,63.45
0,63.45
0,63.48
0,63.46
0,63.42
0,63.46
0,63.48
0,63.49
0,63.48
0,63.47
0,63.47
0,63.49
0,63.51
0,63.55
0,63.55
0,63.55
0,63.56
0,63.57
0,63.57
0,63.6
0,63.58
0,63.57
0,63.49
0,63.49
0,63.53
0,63.46
0,63.5
0,63.51
0,63.53
0,63.54
0,63.58
0,63.55
0,63.6
0,63.61
0,63.6
0,63.59
0,63.61
0,63.6
0,63.53
0,63.55
0,63.62
0,63.65
0,63.68
0,63.69
0,63.68
0,63.69
0,63.7
0,63.72
0,63.69
0,63.69
0,63.75
0,63.77
0,63.76
0,63.76
0,63.75
0,63.74
0,63.7
0,63.71
0,63.75
0,63.75
0,63.76
0,63.78
0,63.82
0,63.83
0,63.84
0,63.85
0,63.77
0,63.62
0,63.62
0,63.6
0,63.67
0,63.69
0,63.73
0,63.72
0,63.73
0,63.74
0,63.75
0,63.76
0,63.69
0,63.69
0,63.68
0,63.69
0,63.68
0,63.68
0,63.7
0,63.62
0,63.65
0,63.68
0,63.67
0,63.77
0,63.88
0,63.89
0,63.74
0,63.77
0,63.81
0,63.75
0,63.76
0,63.75
0,63.73
0,63.6
0,63.63
0,63.64
0,63.63
0,63.64
0,63.69
0,63.69
0,63.65
0,63.66
0,63.68
0,63.71
0,63.73
0,63.75
0,63.78
0,63.76
0,63.71
0,63.73
0,63.7
0,63.68
0,63.7
0,63.76
0,63.74
0,63.76
0,63.75
0,63.71
0,63.72
0,63.69
0,63.72
0,63.71
0,63.72
0,63.73
0,63.72
0,63.69
0,63.71
0,63.72
0,63.75
0,63.77
0,63.77
0,63.78
0,63.73
0,63.78
0,63.82
0,63.8
0,63.83
0,63.83
0,63.96
0,63.96
0,63.88
0,63.9
0,63.95
0,63.96
0,63.96
0,63.94
0,63.92
0,63.96
0,64.01
0,64.04
0,64.04
0,64.07
0,64.13
0,64.15
0,64.15
0,64.14
0,64.12
0,64.13
0,64.19
0,64.16
0,64.13
0,64.08
0,64.02
0,64.01
0,64.01
0,64.1
0,64.12
0,64.09
0,64.03
0,64
0,63.89
0,63.86
0,63.86
0,63.86
0,63.83
0,63.86
0,63.9
0,63.93
0,63.93
0,63.92
0,63.93
0,63.91
0,63.89
0,63.83
0,63.82
0,63.79
0,63.75
0,63.81
0,63.8
0,63.85
0,63.87
0,63.86
0,63.92
0,63.92
0,63.89
0,64
0,64.05
0,64.1
0,64.06
0,64.03
0,64.15
0,64.1
0,64.05
0,63.94
0,64.01
0,64.07
0,64.04
0,64.04
0,64.01
0,63.99
0,63.93
0,63.9
0,63.87
0,63.97
0,63.98
0,64.01
0,64.02
0,64.02
0,64.01
0,64.02
0,64.05
0,63.97
0,63.97
0,64
0,64.02
0,64.1
0,64.05
0,64.08
0,64.02
0,64
0,64
0,64.05
0,64.09
0,64.12
0,64.1
0,64.09
0,64.08
0,64.1
0,64.11
0,64.1
0,64.06
0,64.03
0,64
0,64.13
0,64.11
0,64.09
0,64.09
0,64.11
0,64.05
0,64.08
0,64.08
0,64.05
0,64.01
0,64.05
0,64.07
0,64.03
0,64.02
0,64.03
0,64.06
0,64.07
0,64.07
0,64.11
0,64.12
0,64.1
0,64.11
0,64.08
0,64.07
0,64.03
0,63.99
0,63.98
0,64.05
0,64.02
0,64
0,63.98
0,63.94
0,63.99
0,64.06
0,64.03
0,64.04
0,63.99
0,64
0,64
0,64.03
0,64.01
0,64.03
0,64.06
0,64.03
0,64.01
0,64.03
0,63.98
0,64.03
0,64.01
0,64
0,64.05
0,64.1
0,64.09
0,64.08
0,64.08
0,64.06
0,64.06
0,64.03
0,64.04
0,64.12
0,64.15
0,64.13
0,63.99
0,63.95
0,64.03
0,64.09
0,64.14
0,64.07
0,64.01
0,64.09
0,64.07
0,64.13
0,64.06
0,64.01
0,63.91
0,63.89
0,63.9
0,63.9
0,63.97
0,63.98
0,63.93
0,63.95
0,63.9
0,63.92
0,63.93
0,63.88
0,63.8
0,63.8
0,63.84
0,63.77
0,63.78
0,63.8
0,63.84
0,63.83
0,63.9
0,63.9
0,63.74
0,63.7
0,63.64
0,63.6
0,63.57
0,63.54
0,63.54
0,63.56
0,63.54
0,63.5
0,63.49
0,63.48
0,63.54
0,63.5
0,63.5
0,63.51
0,63.56
0,63.55
0,63.53
0,63.53
0,63.52
0,63.62
0,63.61
0,63.73
0,63.8
0,63.79
0,63.77
0,63.8
0,63.82
0,63.85
0,63.84
0,63.84
0,63.79
0,63.81
0,63.81
0,63.86
0,63.84
0,63.8
0,63.77
0,63.73
0,63.73
0,63.67
0,63.67
0,63.69
0,63.71
0,63.68
0,63.63
0,63.59
0,63.57
0,63.56
0,63.49
0,63.53
0,63.52
0,63.58
0,63.53
0,63.49
0,63.47
0,63.4
0,63.36
0,63.38
0,63.39
0,63.4
0,63.41
0,63.34
0,63.33
0,63.32
0,63.28
0,63.28
0,63.27
0,63.36
0,63.37
0,63.35
0,63.33
0,63.41
0,63.42
0,63.42
0,63.39
0,63.37
0,63.36
0,63.36
0,63.35
0,63.35
0,63.33
0,63.36
0,63.36
0,63.39
0,63.43
0,63.45
0,63.46
0,63.45
0,63.42
0,63.42
0,63.39
0,63.36
0,63.37
0,63.34
0,63.32
0,63.31
0,63.32
0,63.34
0,63.37
0,63.38
0,63.42
0,63.43
0,63.57
0,63.51
0,63.51
0,63.49
0,63.48
0,63.49
0,63.5
0,63.51
0,63.51
0,63.47
0,63.54
0,63.55
0,63.54
0,63.57
0,63.59
0,63.57
0,63.58
0,63.59
0,63.57
0,63.56
0,63.52
0,63.52
0,63.54
0,63.54
0,63.54
0,63.58
0,63.63
0,63.62
0,63.62
0,63.66
0,63.65
0,63.65
0,63.64
0,63.67
0,63.68
0,63.68
0,63.69
0,63.67
0,63.71
0,63.68
0,63.64
0,63.64
0,63.63
0,63.62
0,63.57
0,63.59
0,63.56
0,63.51
0,63.52
0,63.51
0,63.53
0,63.54
0,63.53
0,63.54
0,63.53
0,63.54
0,63.54
0,63.6
0,63.61
0,63.64
0,63.67
0,63.72
0,63.72
0,63.74
0,63.75
0,63.75
0,63.72
0,63.69
0,63.69
0,63.67
0,63.68
0,63.69
0,63.66
0,63.67
0,63.66
0,63.65
0,63.64
0,63.68
0,63.69
0,63.67
0,63.69
0,63.69
0,63.66
0,63.68
0,63.67
0,63.65
0,63.66
0,63.64
0,63.66
0,63.65
0,63.61
0,63.6
0,63.61
0,63.61
0,63.6
0,63.59
0,63.62
0,63.71
0,63.67
0,63.65
0,63.64
0,63.62
0,63.61
0,63.62
0,63.64
0,63.61
0,63.63
0,63.64
0,63.63
0,63.63
0,63.62
0,63.63
0,63.67
0,63.72
0,63.71
0,63.74
0,63.79
0,63.81
0,63.8
0,63.78
0,63.72
0,63.69
0,63.69
0,63.68
0,63.68
0,63.65
0,63.64
0,63.69
0,63.68
0,63.67
0,63.65
0,63.69
0,63.69
0,63.69
0,63.65
0,63.61
0,63.58
0,63.57
0,63.66
0,63.69
0,63.65
0,63.64
0,63.66
0,63.66
0,63.69
0,63.74
0,63.62
0,63.62
0,63.55
0,63.56
0,63.55
0,63.58
0,63.62
0,63.58
0,63.55
0,63.54
0,63.55
0,63.59
0,63.54
0,63.55
0,63.61
0,63.59
0,63.58
0,63.57
0,63.58
0,63.57
0,63.59
0,63.59
0,63.6
0,63.56
0,63.57
0,63.56
0,63.5
0,63.48
0,63.49
0,63.56
0,63.55
0,63.52
0,63.53
0,63.52
0,63.47
0,63.53
0,63.54
0,63.59
0,63.6
0,63.6
0,63.66
0,63.68
0,63.67
0,63.65
0,63.63
0,63.62
0,63.59
0,63.64
0,63.66
0,63.68
0,63.66
0,63.66
0,63.64
0,63.58
0,63.59
0,63.62
0,63.61
0,63.64
0,63.67
0,63.67
0,63.66
0,63.64
0,63.65
0,63.71
0,63.72
0,63.71
0,63.74
0,63.73
0,63.72
0,63.72
0,63.74
0,63.73
0,63.7
0,63.66
0,63.71
0,63.71
0,63.7
0,63.69
0,63.55
0,63.56
0,63.59
0,63.61
0,63.61
0,63.63
0,63.57
0,63.59
0,63.63
0,63.63
0,64.37
0,64.19
0,64.37
0,64.33
0,64.41
0,64.45
0,64.52
0,64.58
0,64.57
0,64.6
0,64.64
0,64.62
0,64.6
0,64.68
0,64.75
0,64.73
0,64.71
0,64.73
0,64.75
0,64.71
0,64.72
0,64.74
0,64.75
0,64.73
0,64.74
0,64.73
0,64.7
0,64.67
0,64.59
0,64.58
0,64.59
0,64.56
0,64.59
0,64.6
0,64.62
0,64.7
0,64.63
0,64.53
0,64.52
0,64.53
0,64.55
0,64.54
0,64.6
0,64.46
0,64.38
0,64.46
0,64.39
0,64.38
0,64.36
0,64.4
0,64.4
0,64.41
0,64.41
0,64.4
0,64.51
0,64.58
0,64.54
0,64.52
0,64.5
0,64.47
0,64.53
0,64.51
0,64.52
0,64.56
0,64.63
0,64.66
0,64.64
0,64.65
0,64.64
0,64.63
0,64.6
0,64.63
0,64.61
0,64.63
0,64.63
0,64.62
0,64.61
0,64.57
0,64.58
0,64.56
0,64.6
0,64.63
0,64.63
0,64.62
0,64.61
0,64.58
0,64.59
0,64.61
0,64.6
0,64.64
0,64.7
0,64.69
0,64.72
0,64.71
0,64.74
0,64.79
0,64.78
0,64.77
0,64.76
0,64.75
0,64.7
0,64.72
0,64.78
0,64.76
0,64.8
0,64.79
0,64.81
0,64.84
0,64.85
0,64.86
0,64.86
0,64.87
0,64.89
0,64.98
0,65.05
0,65.03
0,65.06
0,65.11
0,65.07
0,65.05
0,65.03
0,65.05
0,65.06
0,65.02
0,64.96
0,64.84
0,64.89
0,64.89
0,64.92
0,64.88
0,64.87
0,64.8
0,64.82
0,64.82
0,64.83
0,64.8
0,64.8
0,64.82
0,64.91
0,64.89
0,64.9
0,64.88
0,64.9
0,64.89
0,64.88
0,64.9
0,64.91
0,64.89
0,64.91
0,64.96
0,64.96
0,64.91
0,64.93
0,64.94
0,64.95
0,64.95
0,64.95
0,64.95
0,64.95
0,64.88
0,64.9
0,64.92
0,64.89
0,64.95
0,64.92
0,64.94
0,64.92
0,64.9
0,64.92
0,64.93
0,64.91
0,64.9
0,64.93
0,64.95
0,64.97
0,64.98
0,64.96
0,64.95
0,64.94
0,64.92
0,64.92
0,64.89
0,64.86
0,64.88
0,64.9
0,64.91
0,64.91
0,64.92
0,64.89
0,64.89
0,64.9
0,64.92
0,64.91
0,64.9
0,64.9
0,64.85
0,64.62
0,64.62
0,64.96
0,64.91
0,64.83
0,64.84
0,64.84
0,64.83
0,64.82
0,64.81
0,64.85
0,64.85
0,64.88
0,64.88
0,64.88
0,64.91
0,64.9
0,64.95
0,64.98
0,64.99
0,64.94
0,64.93
0,64.94
0,64.92
0,64.92
0,64.89
0,64.9
0,64.89
0,64.87
0,64.86
0,64.84
0,64.84
0,64.82
0,64.81
0,64.81
0,64.78
0,64.74
0,64.8
0,64.79
0,64.79
0,64.78
0,64.79
0,64.79
0,64.81
0,64.85
0,64.84
0,64.85
0,64.89
0,64.9
0,64.9
0,64.87
0,64.88
0,64.88
0,64.87
0,64.88
0,64.85
0,64.79
0,64.79
0,64.84
0,64.83
0,64.85
0,64.84
0,64.83
0,64.65
0,64.71
0,64.71
0,64.7
0,64.6
0,64.59
0,64.49
0,64.51
0,64.59
0,64.66
0,64.67
0,64.67
0,64.66
0,64.65
0,64.66
0,64.65
0,64.67
0,64.65
0,64.63
0,64.59
0,64.56
0,64.58
0,64.56
0,64.59
0,64.58
0,64.56
0,64.55
0,64.57
0,64.58
0,64.52
0,64.49
0,64.52
0,64.5
0,64.48
0,64.51
0,64.52
0,64.53
0,64.55
0,64.55
0,64.53
0,64.54
0,64.53
0,64.56
0,64.61
0,64.54
0,64.53
0,64.54
0,64.57
0,64.52
0,64.47
0,64.45
0,64.43
0,64.39
0,64.44
0,64.44
0,64.42
0,64.47
0,64.47
0,64.48
0,64.44
0,64.42
0,64.39
0,64.41
0,64.42
0,64.42
0,64.5
0,64.46
0,64.5
0,64.45
0,64.47
0,64.49
0,64.45
0,64.44
0,64.44
0,64.4
0,64.34
0,64.37
0,64.34
0,64.35
0,64.34
0,64.35
0,64.38
0,64.35
0,64.34
0,64.33
0,64.34
0,64.36
0,64.37
0,64.35
0,64.37
0,64.38
0,64.38
0,64.39
0,64.4
0,64.37
0,64.35
0,64.48
0,64.49
0,64.49
0,64.49
0,64.51
0,64.49
0,64.52
0,64.53
0,64.54
0,64.59
0,64.58
0,64.58
0,64.58
0,64.57
0,64.58
0,64.51
0,64.55
0,64.55
0,64.53
0,64.55
0,64.56
0,64.56
0,64.55
0,64.54
0,64.59
0,64.58
0,64.58
0,64.63
0,64.65
0,64.64
0,64.58
0,64.55
0,64.52
0,64.51
0,64.45
0,64.48
0,64.49
0,64.5
0,64.48
0,64.48
0,64.46
0,64.46
0,64.43
0,64.4
0,64.44
0,64.43
0,64.38
0,64.24
0,64.23
0,64.11
0,63.99
0,64.1
0,64.11
0,64.13
0,64.16
0,64.1
0,64.11
0,64.05
0,63.96
0,63.92
0,63.88
0,63.93
0,63.94
0,64
0,64.01
0,64.02
0,64.02
0,64.03
0,63.99
0,64.01
0,64.02
0,64.02
0,64.03
0,64.02
0,64.03
0,63.99
0,64
0,64
0,64.02
0,64.02
0,63.97
0,63.93
0,63.85
0,63.84
0,63.89
0,63.84
0,63.82
0,63.9
0,63.95
0,63.97
0,63.98
0,63.97
0,64
0,64.01
0,63.99
0,64.01
0,64.11
0,64.12
0,64.11
0,64.09
0,64.16
0,64.16
0,64.18
0,64.19
0,64.13
0,64.15
0,64.11
0,64.09
0,64.09
0,64.07
0,64.12
0,64.11
0,64.1
0,64.07
0,64.09
0,64.1
0,64.12
0,64.02
0,64.03
0,64.08
0,64.07
0,64.01
0,64
0,63.98
0,64.01
0,64.03
0,64.04
0,64.04
0,64.05
0,64.02
0,63.96
0,63.95
0,64.04
0,64.04
0,64.05
0,64.1
0,64.04
0,64.03
0,64.07
0,64.09
0,64.12
0,64.08
0,64.06
0,64.07
0,64.06
0,64.06
0,64.06
0,64.15
0,64.14
0,64.13
0,64.14
0,64.07
0,64.1
0,64.1
0,64.12
0,64.04
0,64.01
0,64.03
0,64.02
0,64.04
0,64.03
0,64.03
0,64.02
0,63.97
0,63.94
0,64.01
0,64.01
0,64.03
0,64.05
0,64.04
0,64.03
0,64.07
0,64.08
0,64.12
0,64.09
0,64.09
0,64.05
0,64.13
0,64.18
0,64.22
0,64.21
0,64.19
0,64.16
0,64.14
0,64.16
0,64.13
0,64.16
0,64.1
0,64.14
0,64.12
0,64.12
0,64.11
0,64.07
0,64.05
0,64.09
0,64.06
0,64.05
0,64.04
0,64.02
0,64.01
0,64.06
0,64.04
0,64.04
0,64.11
0,64.15
0,64.1
0,64.1
0,64.09
0,64.08
0,64.07
0,64.03
0,64.02
0,63.99
0,63.92
0,63.94
0,63.9
0,63.92
0,63.95
0,63.89
0,63.88
0,63.9
0,63.89
0,63.9
0,63.91
0,63.91
0,63.92
0,63.92
0,63.88
0,63.9
0,63.92
0,63.97
0,64.01
0,64
0,63.9
0,63.87
0,63.9
0,63.93
0,63.9
0,63.9
0,63.88
0,63.88
0,63.86
0,63.85
0,63.87
0,63.87
0,63.87
0,63.86
0,63.86
0,63.86
0,63.82
0,63.9
0,63.9
0,63.89
0,63.88
0,63.9
0,63.89
0,63.89
0,63.88
0,63.88
0,63.89
0,63.89
0,63.88
0,63.89
0,63.9
0,63.86
0,63.89
0,63.88
0,63.87
0,63.88
0,63.9
0,63.93
0,63.93
0,63.91
0,63.89
0,63.88
0,63.87
0,63.89
0,63.86
0,63.87
0,63.89
0,63.89
0,63.89
0,63.89
0,63.88
0,63.89
0,63.9
0,63.9
0,63.89
0,63.89
0,63.89
0,63.9
0,63.88
0,63.87
0,63.89
0,63.9
0,63.88
0,63.9
0,63.88
0,63.89
0,63.86
0,63.9
0,63.85
0,63.86
0,63.91
0,63.91
0,63.89
0,63.91
0,63.87
0,63.87
0,63.93
0,63.9
0,63.89
0,63.89
0,63.88
0,63.89
0,63.87
0,63.87
0,63.9
0,63.91
0,63.93
0,63.89
0,63.89
0,63.89
0,63.88
0,63.87
0,63.88
0,63.87
0,63.9
0,63.93
0,63.91
0,63.91
0,63.9
0,63.92
0,63.89
0,63.88
0,63.87
0,63.89
0,63.91
0,63.9
0,63.91
0,63.9
0,63.89
0,63.89
0,63.88
0,63.94
0,63.9
0,63.89
0,63.89
0,63.87
0,63.66
0,63.62
0,63.76
0,63.72
0,63.7
0,63.65
0,63.68
0,63.71
0,63.71
0,63.67
0,63.67
0,63.67
0,63.67
0,63.65
0,63.65
0,63.66
0,63.67
0,63.65
0,63.59
0,63.66
0,63.69
0,63.66
0,63.65
0,63.62
0,63.63
0,63.61
0,63.62
0,63.64
0,63.65
0,63.63
0,63.59
0,63.63
0,63.64
0,63.65
0,63.7
0,63.67
0,63.63
0,63.68
0,63.66
0,63.67
0,63.66
0,63.67
0,63.7
0,63.7
0,63.73
0,63.77
0,63.74
0,63.72
0,63.73
0,63.73
0,63.72
0,63.67
0,63.65
0,63.66
0,63.68
0,63.69
0,63.69
0,63.69
0,63.7
0,63.71
0,63.68
0,63.66
0,63.71
0,63.69
0,63.74
0,63.75
0,63.76
0,63.73
0,63.71
0,63.7
0,63.7
0,63.7
0,63.74
0,63.71
0,63.73
0,63.68
0,63.65
0,63.66
0,63.69
0,63.66
0,63.68
0,63.66
0,63.66
0,63.67
0,63.65
0,63.63
0,63.63
0,63.64
0,63.68
0,63.68
0,63.69
0,63.7
0,63.7
0,63.71
0,63.71
0,63.72
0,63.78
0,63.76
0,63.78
0,63.82
0,63.79
0,63.78
0,63.79
0,63.79
0,63.79
0,63.79
0,63.79
0,63.77
0,63.79
0,63.77
0,63.77
0,63.77
0,63.76
0,63.77
0,63.78
0,63.73
0,63.74
0,63.77
0,63.74
0,63.76
0,63.68
0,63.4
0,63.56
0,63.38
0,63.48
0,63.53
0,63.52
0,63.49
0,63.64
0,63.56
0,63.5
0,63.47
0,63.46
0,63.51
0,63.51
0,63.47
0,63.38
0,63.35
0,63.39
0,63.37
0,63.32
0,63.28
0,63.26
0,63.24
0,63.22
0,63.3
0,63.32
0,63.31
0,63.25
0,63.15
0,63.14
0,63.18
0,63.18
0,63.15
0,63.11
0,63.09
0,63.08
0,63.07
0,63.04
0,63.07
0,63
0,63.02
0,63.04
0,63.03
0,62.99
0,63.03
0,63.09
0,63.1
0,63.18
0,63.21
0,63.2
0,63.14
0,63.13
0,63.2
0,63.13
0,63.16
0,63.13
0,63.17
0,63.18
0,63.18
0,63.08
0,62.84
0,62.71
0,62.73
0,62.77
0,62.76
0,62.73
0,62.71
0,62.75
0,62.79
0,62.84
0,62.79
0,62.64
0,62.64
0,62.58
0,62.61
0,62.54
0,62.58
0,62.56
0,62.59
0,62.54
0,62.46
0,62.45
0,62.47
0,62.52
0,62.52
0,62.42
0,62.24
0,62.18
0,62.23
0,62.22
0,62.23
0,62.13
0,62.19
0,62.08
0,61.86
0,61.97
0,62.05
0,62.01
0,61.93
0,61.82
0,61.81
0,61.81
0,61.86
0,61.84
0,61.82
0,61.72
0,61.77
0,61.88
0,61.93
0,61.94
0,61.96
0,61.93
0,62.01
0,62
0,61.99
0,61.99
0,61.97
0,61.75
0,61.61
0,61.15
0,61.27
0,61.2
0,61.14
0,60.93
0,60.41
0,60.81
0,60.98
0,60.99
0,61.13
0,60.96
0,61.24
0,60.89
0,60.65
0,60.3
0,60.53
0,60.58
0,60.95
0,61.02
0,61.27
0,61.36
0,61.58
0,61.32
0,61.43
0,61.35
0,61.22
0,61.28
0,61.44
0,61.06
0,60.98
0,61.04
0,61.33
0,60.96
0,61.1
0,61.02
0,60.8
0,60.8
0,60.96
0,61.13
0,60.94
0,60.97
0,60.86
0,60.8
0,60.69
0,60.92
0,61.07
0,60.96
0,60.97
0,60.97
0,61.18
0,61.12
0,61.43
0,61.58
0,61.68
0,61.79
0,61.65
0,61.49
0,61.57
0,61.62
0,61.6
0,61.54
0,61.5
0,61.51
0,61.51
0,61.6
0,61.59
0,61.65
0,61.68
0,61.83
0,62.04
0,61.88
0,61.95
0,62.09
0,61.89
0,61.96
0,61.9
0,61.89
0,61.93
0,61.9
0,61.89
0,61.73
0,61.56
0,61.53
0,61.49
0,61.54
0,61.51
0,61.53
0,61.5
0,61.53
0,61.57
0,61.49
0,61.43
0,61.41
0,61.4
0,61.99
0,62
0,62.2
0,61.45
0,61.51
0,61.62
0,61.66
0,61.62
0,61.63
0,61.64
0,61.63
0,61.57
0,61.59
0,61.57
0,61.58
0,61.57
0,61.58
0,61.57
0,61.61
0,61.57
0,61.54
0,61.47
0,61.41
0,61.39
0,61.48
0,61.49
0,61.51
0,61.54
0,61.56
0,61.55
0,61.53
0,61.52
0,61.53
0,61.52
0,61.51
0,61.59
0,61.55
0,61.54
0,61.55
0,61.59
0,61.58
0,61.57
0,61.58
0,61.65
0,61.66
0,61.68
0,61.79
0,61.69
0,61.69
0,61.67
0,61.73
0,61.74
0,61.73
0,61.73
0,61.67
0,61.53
0,61.58
0,61.61
0,61.61
0,61.56
0,61.57
0,61.5
0,61.37
0,61.31
0,61.37
0,61.38
0,61.32
0,61.31
0,61.24
0,61.25
0,61.3
0,61.3
0,61.38
0,61.33
0,61.37
0,61.42
0,61.37
0,61.35
0,61.35
0,61.36
0,61.34
0,61.36
0,61.35
0,61.29
0,61.29
0,61.33
0,61.32
0,61.33
0,61.34
0,61.37
0,61.45
0,61.46
0,61.44
0,61.45
0,61.45
0,61.43
0,61.42
0,61.43
0,61.4
0,61.32
0,61.29
0,61.17
0,61.09
0,61.06
0,61.06
0,61.11
0,61.11
0,61.05
0,61.02
0,61.02
0,61.05
0,61.08
0,61.03
0,61.04
0,61.02
0,61.04
0,61.05
0,61.05
0,61.09
0,61.11
0,61.08
0,61.06
0,61.03
0,61.01
0,61.08
0,61.09
0,61.04
0,61.06
0,61.14
0,61.16
0,61.18
0,61.19
0,61.2
0,61.34
0,61.37
0,61.32
0,61.35
0,61.37
0,61.37
0,61.37
0,61.27
0,61.39
0,61.4
0,61.38
0,61.36
0,61.34
0,61.35
0,61.24
0,61.22
0,61.23
0,61.27
0,61.29
0,61.29
0,61.27
0,61.21
0,61.1
0,61.13
0,61.18
0,61.23
0,61.26
0,61.18
0,61.18
0,61.19
0,61.18
0,61.2
0,61.17
0,61.17
0,61.19
0,61.16
0,61.2
0,61.21
0,61.29
0,61.24
0,61.21
0,61.19
0,61.17
0,61.17
0,61.16
0,61.12
0,61.13
0,61.11
0,61.07
0,61.07
0,61.04
0,61.03
0,61.01
0,60.97
0,61.01
0,61.03
0,60.93
0,60.96
0,60.94
0,60.91
0,60.88
0,60.88
0,60.88
0,60.94
0,60.89
0,60.88
0,60.92
0,60.99
0,60.97
0,60.94
0,60.89
0,60.87
0,60.87
0,60.9
0,60.88
0,60.85
0,60.85
0,60.87
0,60.85
0,60.82
0,60.82
0,60.74
0,60.73
0,60.81
0,60.81
0,60.88
0,60.9
0,60.91
0,60.83
0,60.85
0,60.81
0,60.85
0,60.88
0,60.85
0,60.82
0,60.82
0,60.79
0,60.83
0,60.79
0,60.7
0,60.75
0,60.75
0,60.8
0,60.79
0,60.86
0,60.85
0,60.94
0,60.94
0,60.97
0,60.89
0,60.9
0,60.93
0,60.89
0,60.94
0,60.96
0,60.93
0,61.38
0,61.35
0,61.29
0,61.28
0,61.31
0,61.39
0,61.35
0,61.52
0,61.4
0,61.29
0,61.31
0,61.34
0,61.27
0,61.25
0,61.27
0,61.26
0,61.23
0,61.27
0,61.35
0,61.37
0,61.39
0,61.29
0,61.24
0,61.23
0,61.27
0,61.28
0,61.29
0,61.33
0,61.29
0,61.3
0,61.3
0,61.21
0,61.26
0,61.29
0,61.21
0,61.2
0,61.11
0,61.15
0,61.12
0,61.11
0,61.15
0,61.19
0,61.21
0,61.29
0,61.25
0,61.25
0,61.25
0,61.24
0,61.23
0,61.22
0,61.24
0,61.22
0,61.26
0,61.23
0,61.08
0,61.02
0,60.97
0,61.02
0,61.03
0,60.98
0,60.96
0,60.92
0,61.02
0,60.97
0,60.95
0,60.97
0,61.08
0,61.02
0,60.92
0,60.92
0,60.96
0,60.86
0,60.83
0,60.84
0,60.84
0,60.88
0,60.86
0,60.86
0,60.87
0,60.84
0,60.85
0,60.85
0,60.69
0,60.7
0,60.85
0,60.82
0,60.79
0,60.82
0,60.81
0,60.79
0,60.81
0,60.83
0,60.81
0,60.78
0,60.75
0,60.74
0,60.69
0,60.64
0,60.69
0,60.72
0,60.75
0,60.64
0,60.62
0,60.61
0,60.56
0,60.58
0,60.61
0,60.6
0,60.69
0,60.7
0,60.73
0,60.68
0,60.66
0,60.65
0,60.58
0,60.55
0,60.52
0,60.5
0,60.49
0,60.5
0,60.54
0,60.54
0,60.53
0,60.67
0,60.66
0,60.69
0,60.64
0,60.64
0,60.65
0,60.69
0,60.63
0,60.58
0,60.62
0,60.59
0,60.59
0,60.59
0,60.66
0,60.64
0,60.59
0,60.58
0,60.63
0,60.74
0,60.79
0,60.74
0,60.7
0,60.73
0,60.67
0,60.68
0,60.64
0,60.61
0,60.58
0,60.61
0,60.58
0,60.49
0,60.54
0,60.58
0,60.57
0,60.64
0,60.56
0,60.51
0,60.51
0,60.53
0,60.49
0,60.48
0,60.49
0,60.51
0,60.49
0,60.51
0,60.56
0,60.53
0,60.53
0,60.56
0,60.55
0,60.49
0,60.51
0,60.53
0,60.59
0,60.62
0,60.59
0,60.63
0,60.66
0,60.64
0,60.67
0,60.73
0,60.74
0,60.82
0,60.85
0,60.72
0,60.74
0,60.64
0,60.67
0,60.79
0,60.79
0,60.84
0,60.81
0,60.81
0,60.8
0,60.81
0,60.79
0,60.77
0,60.75
0,60.74
0,60.76
0,60.72
0,60.73
0,60.72
0,60.71
0,60.71
0,60.71
0,60.74
0,60.76
0,60.79
0,60.8
0,60.75
0,60.74
0,60.74
0,60.75
0,60.76
0,60.8
0,60.79
0,60.79
0,60.77
0,60.82
0,60.77
0,60.75
0,60.72
0,60.73
0,60.75
0,60.75
0,60.73
0,60.75
0,60.77
0,60.76
0,60.75
0,60.78
0,60.75
0,60.75
0,60.66
0,60.68
0,60.69
0,60.71
0,60.7
0,60.7
0,60.71
0,60.7
0,60.73
0,60.69
0,60.67
0,60.67
0,60.71
0,60.69
0,60.66
0,60.59
0,60.53
0,60.59
0,60.53
0,60.51
0,60.48
0,60.51
0,60.48
0,60.49
0,60.45
0,60.4
0,60.39
0,60.34
0,60.26
0,60.26
0,60.22
0,60.19
0,60.21
0,60.18
0,60.2
0,60.18
0,60.27
0,60.35
0,60.36
0,60.47
0,60.49
0,60.52
0,60.52
0,60.53
0,60.52
0,60.48
0,60.47
0,60.47
0,60.41
0,60.47
0,60.5
0,60.47
0,60.48
0,60.47
0,60.44
0,60.46
0,60.43
0,60.43
0,60.43
0,60.44
0,60.42
0,60.46
0,60.46
0,60.45
0,60.42
0,60.51
0,60.55
0,60.5
0,60.49
0,60.5
0,60.47
0,60.47
0,60.5
0,60.53
0,60.55
0,60.51
0,60.49
0,60.48
0,60.49
0,60.5
0,60.47
0,60.47
0,60.49
0,60.51
0,60.5
0,60.49
0,60.51
0,60.57
0,60.58
0,60.57
0,60.58
0,60.6
0,60.53
0,60.55
0,60.52
0,60.53
0,60.51
0,60.52
0,60.52
0,60.51
0,60.51
0,60.51
0,60.5
0,60.5
0,60.47
0,60.49
0,60.45
0,60.47
0,60.43
0,60.45
0,60.45
0,60.5
0,60.54
0,60.51
0,60.53
0,60.5
0,60.51
0,60.52
0,60.49
0,60.5
0,60.49
0,60.45
0,60.47
0,60.46
0,60.45
0,60.43
0,60.44
0,60.44
0,60.44
0,60.54
0,60.51
0,60.48
0,60.46
0,60.46
0,60.47
0,60.39
0,60.44
0,60.47
0,60.48
0,60.44
0,60.47
0,60.45
0,60.44
0,60.44
0,60.45
0,60.44
0,60.48
0,60.46
0,60.49
0,60.54
0,60.59
0,60.6
0,60.6
0,60.57
0,60.6
0,60.85
0,61.08
0,60.98
0,60.99
0,61
0,60.97
0,60.96
0,61.03
0,61.03
0,61.11
0,61.11
0,60.99
0,61.05
0,60.97
0,61.08
0,61.02
0,61.01
0,60.98
0,61
0,61.09
0,60.97
0,60.95
0,60.99
0,60.98
0,60.91
0,60.89
0,60.9
0,60.89
0,60.94
0,61.02
0,61.03
0,61.02
0,61.03
0,61.05
0,61.06
0,61.1
0,61.07
0,61.11
0,61.11
0,61.11
0,61.12
0,61.05
0,61.07
0,61.11
0,61.09
0,61.09
0,61.1
0,61.09
0,61.09
0,61.09
0,61.08
0,61.06
0,61.05
0,61.07
0,61.06
0,61.09
0,61.1
0,61.09
0,61.1
0,61.1
0,61.09
0,61.1
0,61.06
0,61.07
0,61.06
0,61.07
0,61.11
0,61.1
0,61.07
0,61.06
0,61.03
0,61.03
0,61.02
0,61.03
0,61.02
0,61.02
0,61.02
0,61.06
0,61.06
0,61.25
0,61.32
0,61.53
0,61.53
0,61.6
0,61.56
0,61.57
0,61.6
0,61.63
0,61.6
0,61.56
0,61.51
0,61.42
0,61.42
0,61.47
0,61.5
0,61.49
0,61.44
0,61.48
0,61.44
0,61.53
0,61.57
0,61.64
0,61.73
0,61.75
0,61.77
0,61.85
0,61.78
0,61.76
0,61.74
0,61.8
0,61.9
0,61.91
0,61.89
0,61.87
0,61.85
0,61.86
0,61.83
0,61.89
0,61.88
0,61.85
0,61.9
0,61.91
0,61.96
0,61.89
0,61.88
0,61.9
0,61.87
0,61.86
0,61.88
0,61.86
0,61.87
0,61.91
0,61.94
0,61.91
0,61.83
0,61.81
0,61.79
0,61.84
0,61.84
0,61.88
0,61.92
0,61.97
0,62
0,62.06
0,62.13
0,62.01
0,61.99
0,62
0,61.99
0,61.99
0,62
0,62.08
0,62.13
0,62.12
0,62.06
0,62.05
0,62.04
0,62.07
0,62.08
0,62.1
0,62.11
0,62.09
0,62.09
0,62.1
0,62.09
0,62.11
0,62.1
0,62.09
0,62.12
0,62.1
0,62.15
0,62.16
0,62.16
0,62.11
0,62.14
0,62.16
0,62.13
0,62.09
0,62.1
0,62.13
0,62.11
0,62.13
0,62.1
0,62.18
0,62.16
0,62.11
0,62.08
0,62.09
0,62.09
0,62.07
0,62.03
0,62.04
0,62.03
0,61.96
0,61.97
0,61.99
0,62.04
0,62.03
0,61.97
0,61.88
0,61.99
0,61.99
0,61.98
0,62.02
0,62.03
0,62.03
0,62.03
0,62.05
0,62.04
0,61.97
0,62
0,62.03
0,62.08
0,62.07
0,62.06
0,62.06
0,62.05
0,62.05
0,62.05
0,62.1
0,62.09
0,62.05
0,62.18
0,62.17
0,62.17
0,62.16
0,62.14
0,62.12
0,62.11
0,61.99
0,61.87
0,61.89
0,61.85
0,61.75
0,61.75
0,61.77
0,61.8
0,61.85
0,61.82
0,61.77
0,61.82
0,61.83
0,61.91
0,61.85
0,61.88
0,61.94
0,62
0,62.01
0,62.03
0,61.96
0,61.98
0,61.99
0,62.07
0,61.94
0,61.97
0,61.9
0,61.91
0,61.98
0,61.95
0,61.94
0,61.89
0,61.86
0,61.9
0,61.86
0,61.9
0,61.89
0,61.93
0,62.01
0,62.03
0,61.97
0,61.94
0,61.99
0,61.98
0,62.03
0,62.1
0,62.1
0,62.07
0,62.08
0,62.04
0,61.97
0,61.97
0,62.01
0,62.04
0,61.99
0,62
0,61.98
0,62.03
0,62.04
0,62.03
0,62
0,62.03
0,62.11
0,62.12
0,62.09
0,62.01
0,62.02
0,62.05
0,62.03
0,62.04
0,62.07
0,62.01
0,62.03
0,62.07
0,62.11
0,62.15
0,62.21
0,62.21
0,62.23
0,62.29
0,62.21
0,62.23
0,62.21
0,62.17
0,62.16
0,62.16
0,62.17
0,62.18
0,62.19
0,62.17
0,62.2
0,62.15
0,62.18
0,62.2
0,62.2
0,62.22
0,62.31
0,62.21
0,62.22
0,62.22
0,62.24
0,62.27
0,62.23
0,62.27
0,62.25
0,62.27
0,62.34
0,62.27
0,62.27
0,62.34
0,62.31
0,62.3
0,62.31
0,62.28
0,62.31
0,62.37
0,62.29
0,62.28
0,62.28
0,62.31
0,62.34
0,62.33
0,62.35
0,62.42
0,62.38
0,62.42
0,62.39
0,62.34
0,62.38
0,62.38
0,62.42
0,62.44
0,62.47
0,62.48
0,62.52
0,62.52
0,62.55
0,62.53
0,62.55
0,62.53
0,62.54
0,62.49
0,62.5
0,62.47
0,62.47
0,62.53
0,62.54
0,62.54
0,62.58
0,62.61
0,62.62
0,62.64
0,62.61
0,62.62
0,62.59
0,62.54
0,62.55
0,62.49
0,62.53
0,62.54
0,62.57
0,62.62
0,62.6
0,62.6
0,62.59
0,62.6
0,62.75
0,63.06
0,63.05
0,63.05
0,63.15
0,63.18
0,63.3
0,63.33
0,63.33
0,63.32
0,63.33
0,63.36
0,63.47
0,63.51
0,63.57
0,63.56
0,63.56
0,63.53
0,63.58
0,63.58
0,63.72
0,63.55
0,63.71
0,63.54
0,63.56
0,63.65
0,63.66
0,63.63
0,63.49
0,63.62
0,63.6
0,63.63
0,63.7
0,63.59
0,63.49
0,63.4
0,63.44
0,63.6
0,63.47
0,63.48
0,63.57
0,63.53
0,63.51
0,63.56
0,63.55
0,63.54
0,63.55
0,63.46
0,63.39
0,63.45
0,63.46
0,63.39
0,63.36
0,63.42
0,63.42
0,63.56
0,63.61
0,63.67
0,63.65
0,63.65
0,63.78
0,63.8
0,63.78
0,63.81
0,63.78
0,63.74
0,63.87
0,63.84
0,63.82
0,63.87
0,63.89
0,63.92
0,63.94
0,63.92
0,63.89
0,63.93
0,63.92
0,63.89
0,63.95
0,63.97
0,63.97
0,63.94
0,63.96
0,63.95
0,63.94
0,63.92
0,63.98
0,63.97
0,63.92
0,63.84
0,63.89
0,63.88
0,63.82
0,63.79
0,63.75
0,63.73
0,63.74
0,63.7
0,63.7
0,63.72
0,63.81
0,63.77
0,63.87
0,63.87
0,63.91
0,63.88
0,63.9
0,63.97
0,63.97
0,63.99
0,64.02
0,64.04
0,64.01
0,63.95
0,63.93
0,63.95
0,63.98
0,63.99
0,64
0,63.94
0,63.96
0,63.97
0,63.95
0,64.01
0,63.96
0,63.95
0,63.91
0,64
0,64
0,63.99
0,63.98
0,63.99
0,64.03
0,64.04
0,63.99
0,64
0,64.01
0,64.01
0,64.01
0,63.99
0,63.95
0,64.02
0,64.03
0,64.03
0,64.03
0,64
0,63.98
0,63.99
0,63.99
0,64
0,64
0,63.97
0,63.97
0,63.99
0,63.97
0,64.01
0,64.03
0,64.04
0,64.05
0,64.01
0,64.01
0,64.01
0,63.98
0,64.02
0,64.02
0,64.01
0,64.02
0,63.97
0,63.96
0,63.96
0,63.95
0,63.96
0,63.93
0,63.87
0,63.88
0,63.91
0,63.92
0,63.9
0,63.9
0,63.89
0,63.89
0,63.94
0,63.91
0,63.92
0,64.04
0,64.22
0,63.9
0,63.91
0,64.05
0,64.04
0,64.04
0,64.03
0,64.02
0,63.94
0,63.96
0,64.01
0,64.04
0,64.04
0,63.95
0,63.97
0,63.98
0,64
0,64.01
0,64
0,63.97
0,63.97
0,63.95
0,63.96
0,63.99
0,63.99
0,64.03
0,63.99
0,64
0,64.01
0,63.97
0,63.97
0,63.9
0,63.85
0,63.86
0,63.87
0,63.87
0,63.89
0,63.87
0,63.86
0,63.79
0,63.81
0,63.87
0,63.91
0,63.88
0,63.89
0,63.93
0,63.94
0,63.93
0,63.92
0,63.95
0,63.98
0,63.97
0,63.92
0,63.88
0,63.89
0,63.91
0,63.91
0,63.91
0,63.94
0,63.9
0,63.93
0,63.95
0,63.94
0,63.96
0,63.97
0,63.96
0,63.98
0,63.99
0,64.02
0,64.01
0,64
0,63.99
0,63.98
0,63.99
0,64.01
0,64
0,63.9
0,63.95
0,63.97
0,63.96
0,63.96
0,63.96
0,63.95
0,63.96
0,63.98
0,63.97
0,63.96
0,63.95
0,63.96
0,63.98
0,63.97
0,63.93
0,63.98
0,63.99
0,63.93
0,63.89
0,63.87
0,63.89
0,63.89
0,63.92
0,63.95
0,63.97
0,63.95
0,63.9
0,63.93
0,63.91
0,63.94
0,63.91
0,63.86
0,63.88
0,63.87
0,63.87
0,63.77
0,63.79
0,63.77
0,63.77
0,63.83
0,63.85
0,63.83
0,63.84
0,63.85
0,63.86
0,63.83
0,63.85
0,63.85
0,63.84
0,63.86
0,63.75
0,63.75
0,63.77
0,63.77
0,63.69
0,63.72
0,63.7
0,63.73
0,63.72
0,63.69
0,63.7
0,63.71
0,63.69
0,63.66
0,63.61
0,63.65
0,63.68
0,63.72
0,63.72
0,63.74
0,63.75
0,63.8
0,63.81
0,63.81
0,63.77
0,63.76
0,63.79
0,63.81
0,63.82
0,63.83
0,63.84
0,63.87
0,63.83
0,63.82
0,63.83
0,63.83
0,63.78
0,63.8
0,63.8
0,63.82
0,63.83
0,63.83
0,63.88
0,63.87
0,63.87
0,63.88
0,63.85
0,63.88
0,63.82
0,63.86
0,63.85
0,63.85
0,63.8
0,63.8
0,63.7
0,63.7
0,63.66
0,63.71
0,63.75
0,63.71
0,63.68
0,63.65
0,63.61
0,63.64
0,63.63
0,63.71
0,63.73
0,63.69
0,63.69
0,63.7
0,63.68
0,63.76
0,64
0,63.94
0,63.85
0,63.78
0,63.77
0,63.79
0,63.77
0,63.62
0,63.55
0,63.45
0,63.47
0,63.39
0,63.47
0,63.4
0,63.42
0,63.44
0,63.45
0,63.58
0,63.59
0,63.58
0,63.66
0,63.67
0,63.64
0,63.68
0,63.84
0,63.85
0,63.85
0,63.89
0,63.85
0,63.9
0,63.94
0,63.98
0,63.97
0,64.05
0,64.01
0,64.01
0,63.94
0,63.94
0,63.95
0,63.99
0,63.98
0,63.97
0,63.93
0,63.87
0,63.82
0,63.82
0,63.84
0,63.81
0,63.83
0,63.79
0,63.76
0,63.71
0,63.52
0,63.58
0,63.56
0,63.54
0,63.5
0,63.51
0,63.55
0,63.52
0,63.53
0,63.55
0,63.55
0,63.61
0,63.64
0,63.68
0,63.68
0,63.73
0,63.81
0,63.83
0,63.83
0,63.88
0,63.94
0,63.93
0,63.92
0,63.84
0,63.93
0,63.93
0,63.87
0,63.85
0,63.83
0,63.77
0,63.76
0,63.75
0,63.64
0,63.67
0,63.65
0,63.61
0,63.59
0,63.61
0,63.61
0,63.61
0,63.64
0,63.65
0,63.62
0,63.59
0,63.54
0,63.52
0,63.51
0,63.49
0,63.5
0,63.48
0,63.49
0,63.47
0,63.36
0,63.35
0,63.47
0,63.47
0,63.5
0,63.49
0,63.46
0,63.41
0,63.37
0,63.39
0,63.38
0,63.27
0,63.29
0,63.31
0,63.32
0,63.22
0,63.24
0,63.15
0,63.21
0,63.29
0,63.32
0,63.26
0,63.25
0,63.26
0,63.35
0,63.32
0,63.31
0,63.24
0,63.21
0,63.21
0,63.24
0,63.23
0,63.16
0,63.13
0,63.11
0,63.15
0,63.17
0,63.19
0,63.21
0,63.24
0,63.25
0,63.2
0,63.19
0,63.21
0,63.2
0,63.21
0,63.22
0,63.22
0,63.23
0,63.23
0,63.28
0,63.31
0,63.33
0,63.34
0,63.25
0,63.27
0,63.32
0,63.36
0,63.33
0,63.34
0,63.35
0,63.32
0,63.35
0,63.33
0,63.35
0,63.34
0,63.33
0,63.27
0,63.29
0,63.31
0,63.3
0,63.31
0,63.34
0,63.33
0,63.31
0,63.28
0,63.29
0,63.28
0,63.31
0,63.31
0,63.31
0,63.28
0,63.28
0,63.29
0,63.3
0,63.28
0,63.28
0,63.23
0,63.23
0,63.23
0,63.26
0,63.25
0,63.22
0,63.17
0,63.1
0,63.1
0,63.14
0,63.12
0,63.08
0,63.09
0,63.05
0,63.04
0,63.11
0,63.18
0,63.08
0,63.07
0,63.06
0,63.03
0,63.04
0,62.99
0,62.97
0,62.97
0,62.98
0,62.98
0,62.97
0,62.96
0,62.93
0,62.93
0,62.94
0,62.96
0,62.93
0,62.92
0,62.95
0,62.93
0,62.97
0,63.06
0,63.08
0,63.12
0,63.15
0,63.08
0,63.1
0,63.09
0,63.06
0,63.03
0,63.02
0,63.02
0,62.99
0,63
0,63.02
0,63.11
0,63.11
0,63.11
0,63.11
0,63.13
0,63.12
0,63.1
0,63.1
0,63.12
0,63.16
0,63.17
0,63.19
0,63.17
0,63.18
0,63.23
0,63.25
0,63.26
0,63.26
0,63.27
0,63.34
0,63.32
0,63.38
0,63.32
0,63.36
0,63.35
0,63.32
0,63.33
0,63.26
0,63.25
0,63.19
0,63.19
0,63.15
0,63.12
0,63.13
0,63.09
0,63.04
0,63.01
0,63.02
0,62.99
0,62.92
0,62.9
0,62.89
0,62.85
0,62.82
0,62.83
0,62.85
0,62.83
0,62.76
0,62.75
0,62.76
0,62.76
0,62.73
0,62.74
0,62.73
0,62.71
0,62.64
0,62.52
0,62.69
0,62.75
0,62.77
0,62.76
0,62.76
0,62.75
0,62.74
0,62.71
0,62.68
0,62.62
0,62.63
0,62.58
0,62.6
0,62.6
0,62.6
0,62.58
0,62.61
0,62.6
0,62.56
0,62.5
0,62.47
0,62.47
0,62.48
0,62.49
0,62.46
0,62.47
0,62.45
0,62.39
0,62.39
0,62.38
0,62.45
0,62.47
0,62.45
0,62.43
0,62.46
0,62.44
0,62.42
0,62.45
0,62.48
0,62.51
0,62.49
0,62.47
0,62.52
0,62.57
0,62.59
0,62.61
0,62.69
0,62.71
0,62.71
0,62.69
0,62.65
0,62.62
0,62.59
0,62.54
0,62.56
0,62.53
0,62.55
0,62.53
0,62.53
0,62.57
0,62.57
0,62.57
0,62.57
0,62.58
0,62.62
0,62.61
0,62.6
0,62.61
0,62.59
0,62.59
0,62.62
0,62.62
0,62.66
0,62.65
0,62.64
0,62.55
0,62.48
0,62.49
0,62.49
0,62.52
0,62.59
0,62.57
0,62.62
0,62.61
0,62.6
0,62.6
0,62.6
0,62.57
0,62.53
0,62.47
0,62.43
0,62.47
0,62.47
0,62.48
0,62.47
0,62.46
0,62.39
0,62.37
0,62.33
0,62.33
0,62.37
0,62.37
0,62.35
0,62.35
0,62.34
0,62.29
0,62.29
0,62.28
0,62.29
0,62.29
0,62.32
0,62.27
0,62.3
0,62.27
0,62.31
0,62.29
0,62.27
0,62.25
0,62.3
0,62.24
0,62.24
0,62.24
0,62.27
0,62.33
0,62.32
0,62.43
0,62.41
0,62.34
0,62.38
0,62.35
0,62.25
0,62.18
0,62.29
0,62.25
0,62.18
0,62.16
0,62.12
0,62.11
0,62.13
0,62.26
0,62.28
0,62.36
0,62.29
0,62.35
0,62.34
0,62.44
0,62.4
0,62.39
0,62.34
0,62.29
0,62.33
0,62.32
0,62.41
0,62.35
0,62.34
0,62.27
0,62.27
0,62.26
0,62.3
0,62.36
0,62.29
0,62.24
0,62.25
0,62.24
0,62.27
0,62.32
0,62.36
0,62.39
0,62.36
0,62.3
0,62.3
0,62.26
0,62.28
0,62.25
0,62.28
0,62.26
0,62.25
0,62.26
0,62.3
0,62.31
0,62.29
0,62.41
0,62.38
0,62.37
0,62.39
0,62.4
0,62.4
0,62.35
0,62.29
0,62.18
0,62.18
0,62.12
0,62.11
0,62.06
0,62
0,61.9
0,61.99
0,61.96
0,61.91
0,61.91
0,61.96
0,61.96
0,61.95
0,61.94
0,61.96
0,61.99
0,62.01
0,62.02
0,61.99
0,62.05
0,62.13
0,62.19
0,62.22
0,62.17
0,62.1
0,62.06
0,62.03
0,62.02
0,61.99
0,61.97
0,61.9
0,61.85
0,61.84
0,61.89
0,61.83
0,61.79
0,61.78
0,61.72
0,61.63
0,61.69
0,61.71
0,61.77
0,61.78
0,61.81
0,61.85
0,61.82
0,61.73
0,61.76
0,61.82
0,61.83
0,61.88
0,61.87
0,61.88
0,61.99
0,62.02
0,62.01
0,61.94
0,61.93
0,61.92
0,61.92
0,61.92
0,61.91
0,61.85
0,61.89
0,61.86
0,61.88
0,61.89
0,61.83
0,61.83
0,61.78
0,61.7
0,61.8
0,61.77
0,61.77
0,61.85
0,61.83
0,61.85
0,61.81
0,61.8
0,61.79
0,61.78
0,61.77
0,61.81
0,61.7
0,61.76
0,61.72
0,61.7
0,61.71
0,61.71
0,61.7
0,61.7
0,61.78
0,61.79
0,61.78
0,61.76
0,61.75
0,61.75
0,61.83
0,61.85
0,61.9
0,61.85
0,61.87
0,61.91
0,61.89
0,61.89
0,61.92
0,62.03
0,62.02
0,62.05
0,62.06
0,62.06
0,62.02
0,62.01
0,62.07
0,62.07
0,62.08
0,62.08
0,62.11
0,62.07
0,62.04
0,62.05
0,62.07
0,62.09
0,62.08
0,62.06
0,62.07
0,62.08
0,62.11
0,62.11
0,62.1
0,62.07
0,62.06
0,62.07
0,62.15
0,62.16
0,62.15
0,62.14
0,62.09
0,62.09
0,62.16
0,62.69
0,62.21
0,62.17
0,62.22
0,62.23
0,62.3
0,62.31
0,62.34
0,62.34
0,62.33
0,62.32
0,62.33
0,62.28
0,62.23
0,62.18
0,62.19
0,62.2
0,62.16
0,62.17
0,62.18
0,62.2
0,62.19
0,62.12
0,62.12
0,62.16
0,62.17
0,62.21
0,62.21
0,62.17
0,62.17
0,62.18
0,62.18
0,62.19
0,62.11
0,62.16
0,62.18
0,62.13
0,62.15
0,62.19
0,62.21
0,62.24
0,62.24
0,62.17
0,62.18
0,62.17
0,62.13
0,62.15
0,62.13
0,62.15
0,62.13
0,62.12
0,62.11
0,62.09
0,62.11
0,62.12
0,62.15
0,62.11
0,62.08
0,62.1
0,62.09
0,62.07
0,62.1
0,62.08
0,62.11
0,62.12
0,62.09
0,62.07
0,62.05
0,62.09
0,62.13
0,62.12
0,62.08
0,62.09
0,62.12
0,62.09
0,62.18
0,62.15
0,62.14
0,62.22
0,62.2
0,62.2
0,62.2
0,62.21
0,62.24
0,62.22
0,62.2
0,62.26
0,62.28
0,62.31
0,62.34
0,62.35
0,62.35
0,62.35
0,62.36
0,62.36
0,62.33
0,62.3
0,62.3
0,62.3
0,62.29
0,62.3
0,62.33
0,62.32
0,62.33
0,62.3
0,62.29
0,62.31
0,62.34
0,62.32
0,62.32
0,62.32
0,62.31
0,62.31
0,62.28
0,62.27
0,62.31
0,62.33
0,62.37
0,62.4
0,62.43
0,62.42
0,62.4
0,62.39
0,62.39
0,62.43
0,62.39
0,62.38
0,62.39
0,62.36
0,62.35
0,62.3
0,62.31
0,62.32
0,62.3
0,62.29
0,62.27
0,62.27
0,62.27
0,62.24
0,62.25
0,62.25
0,62.27
0,62.26
0,62.25
0,62.21
0,62.22
0,62.24
0,62.2
0,62.21
0,62.23
0,62.21
0,62.2
0,62.21
0,62.23
0,62.21
0,62.23
0,62.24
0,62.21
0,62.2
0,62.23
0,62.23
0,62.26
0,62.23
0,62.23
0,62.22
0,62.24
0,62.25
0,62.18
0,62.19
0,62.21
0,62.22
0,62.21
0,62.21
0,62.21
0,62.2
0,62.2
0,62.23
0,62.25
0,62.26
0,62.28
0,62.24
0,62.25
0,62.29
0,62.26
0,62.27
0,62.27
0,62.25
0,62.27
0,62.25
0,62.25
0,62.25
0,62.24
0,62.22
0,62.21
0,62.23
0,62.25
0,62.25
0,62.26
0,62.22
0,62.19
0,62.18
0,62.17
0,62.17
0,62.17
0,62.18
0,62.17
0,62.15
0,62.16
0,62.15
0,62.21
0,62.19
0,62.16
0,62.2
0,62.21
0,62.19
0,62.19
0,62.19
0,62.19
0,62.14
0,62.18
0,62.18
0,62.17
0,62.18
0,62.15
0,62.15
0,62.16
0,62.16
0,63.46
0,63.47
0,63.39
0,63.47
0,63.51
0,63.69
0,63.59
0,63.61
0,63.6
0,63.62
0,63.69
0,63.63
0,63.63
0,63.66
0,63.6
0,63.64
0,63.58
0,63.58
0,63.51
0,63.52
0,63.54
0,63.56
0,63.53
0,63.5
0,63.49
0,63.48
0,63.49
0,63.52
0,63.55
0,63.54
0,63.58
0,63.58
0,63.57
0,63.49
0,63.45
0,63.5
0,63.5
0,63.62
0,63.65
0,63.67
0,63.67
0,63.78
0,63.81
0,63.76
0,63.84
0,63.93
0,63.94
0,63.94
0,63.87
0,63.9
0,63.9
0,63.88
0,63.88
0,63.78
0,63.74
0,63.71
0,63.69
0,63.68
0,63.71
0,63.64
0,63.69
0,63.72
0,63.74
0,63.7
0,63.66
0,63.65
0,63.65
0,63.6
0,63.61
0,63.63
0,63.61
0,63.63
0,63.6
0,63.55
0,63.53
0,63.54
0,63.53
0,63.55
0,63.53
0,63.54
0,63.52
0,63.51
0,63.51
0,63.63
0,63.59
0,63.58
0,63.57
0,63.57
0,63.49
0,63.41
0,63.36
0,63.34
0,63.36
0,63.36
0,63.37
0,63.4
0,63.38
0,63.37
0,63.37
0,63.37
0,63.44
0,63.41
0,63.41
0,63.4
0,63.43
0,63.44
0,63.47
0,63.52
0,63.45
0,63.44
0,63.45
0,63.43
0,63.43
0,63.43
0,63.45
0,63.48
0,63.53
0,63.51
0,63.54
0,63.52
0,63.52
0,63.53
0,63.53
0,63.53
0,63.54
0,63.53
0,63.55
0,63.54
0,63.55
0,63.54
0,63.49
0,63.5
0,63.51
0,63.49
0,63.48
0,63.47
0,63.52
0,63.53
0,63.59
0,63.65
0,63.59
0,63.59
0,63.55
0,63.63
0,63.63
0,63.59
0,63.55
0,63.58
0,63.56
0,63.56
0,63.59
0,63.58
0,63.55
0,63.54
0,63.56
0,63.55
0,63.56
0,63.57
0,63.61
0,63.69
0,63.65
0,63.61
0,63.61
0,63.6
0,63.62
0,63.62
0,63.58
0,63.57
0,63.57
0,63.59
0,63.58
0,63.58
0,63.57
0,63.57
0,63.56
0,63.55
0,63.55
0,63.58
0,63.59
0,63.61
0,63.58
0,63.6
0,63.58
0,63.59
0,63.59
0,63.6
0,63.61
0,63.65
0,63.69
0,63.49
0,63.51
0,63.68
0,63.68
0,63.66
0,63.65
0,63.66
0,63.61
0,63.62
0,63.6
0,63.67
0,63.65
0,63.63
0,63.65
0,63.64
0,63.61
0,63.63
0,63.62
0,63.62
0,63.62
0,63.64
0,63.63
0,63.64
0,63.6
0,63.59
0,63.6
0,63.58
0,63.57
0,63.55
0,63.55
0,63.54
0,63.52
0,63.52
0,63.52
0,63.53
0,63.53
0,63.54
0,63.53
0,63.5
0,63.51
0,63.54
0,63.5
0,63.52
0,63.54
0,63.53
0,63.5
0,63.51
0,63.57
0,63.58
0,63.58
0,63.6
0,63.59
0,63.55
0,63.57
0,63.56
0,63.6
0,63.6
0,63.58
0,63.6
0,63.57
0,63.57
0,63.56
0,63.61
0,63.63
0,63.62
0,63.64
0,63.65
0,63.64
0,63.67
0,63.68
0,63.67
0,63.69
0,63.68
0,63.66
0,63.69
0,63.72
0,63.75
0,63.79
0,63.84
0,63.83
0,63.84
0,63.86
0,63.85
0,63.84
0,63.88
0,63.86
0,63.93
0,63.96
0,63.93
0,63.89
0,63.84
0,63.81
0,63.82
0,63.83
0,63.85
0,63.86
0,63.85
0,63.85
0,63.83
0,63.83
0,63.84
0,63.84
0,63.85
0,63.85
0,63.85
0,63.85
0,63.88
0,63.85
0,63.87
0,63.88
0,63.87
0,63.88
0,63.9
0,63.96
0,63.97
0,64.02
0,63.93
0,63.96
0,63.97
0,63.95
0,63.93
0,63.94
0,63.93
0,63.93
0,63.93
0,63.93
0,63.97
0,63.87
0,63.86
0,63.87
0,63.89
0,63.88
0,63.89
0,63.91
0,63.92
0,63.92
0,63.95
0,63.92
0,63.93
0,63.94
0,63.95
0,63.94
0,63.91
0,63.89
0,63.88
0,63.81
0,63.79
0,63.79
0,63.76
0,63.72
0,63.75
0,63.77
0,63.77
0,63.76
0,63.76
0,63.76
0,63.75
0,63.77
0,63.78
0,63.83
0,63.95
0,63.86
0,63.82
0,63.85
0,63.79
0,63.82
0,63.8
0,63.81
0,63.79
0,63.84
0,63.87
0,63.88
0,63.88
0,63.88
0,63.87
0,63.87
0,63.85
0,63.9
0,63.84
0,63.85
0,63.85
0,63.87
0,64.35
0,64.3
0,64.25
0,64.17
0,64.18
0,64.22
0,64.28
0,64.31
0,64.21
0,64.2
0,64.18
0,64.12
0,64.23
0,64.27
0,64.25
0,64.3
0,64.26
0,64.35
0,64.22
0,64.17
0,64.18
0,64.19
0,64.18
0,64.04
0,64.05
0,64.08
0,64.12
0,64.16
0,64.21
0,64.12
0,64.06
0,64.05
0,64.05
0,64.04
0,64.07
0,64.06
0,64.04
0,63.97
0,63.98
0,64
0,64.02
0,63.99
0,63.95
0,63.91
0,63.92
0,63.91
0,63.97
0,63.99
0,63.93
0,63.96
0,63.99
0,63.92
0,63.92
0,63.83
0,63.83
0,63.84
0,63.81
0,63.8
0,63.79
0,63.8
0,63.8
0,63.69
0,63.69
0,63.68
0,63.7
0,63.76
0,63.8
0,63.86
0,63.85
0,63.82
0,63.78
0,63.71
0,63.71
0,63.63
0,63.69
0,63.67
0,63.72
0,63.71
0,63.76
0,63.69
0,63.72
0,63.72
0,63.75
0,63.71
0,63.76
0,63.74
0,63.74
0,63.75
0,63.76
0,63.75
0,63.74
0,63.73
0,63.7
0,63.68
0,63.66
0,63.63
0,63.63
0,63.67
0,63.72
0,63.7
0,63.71
0,63.7
0,63.68
0,63.71
0,63.73
0,63.75
0,63.79
0,63.78
0,63.8
0,63.85
0,63.83
0,63.8
0,63.79
0,63.76
0,63.72
0,63.71
0,63.69
0,63.72
0,63.69
0,63.73
0,63.72
0,63.7
0,63.71
0,63.71
0,63.68
0,63.69
0,63.69
0,63.67
0,63.68
0,63.7
0,63.7
0,63.73
0,63.8
0,63.76
0,63.79
0,63.78
0,63.75
0,63.72
0,63.73
0,63.7
0,63.71
0,63.72
0,63.76
0,63.77
0,63.71
0,63.64
0,63.65
0,63.73
0,63.73
0,63.75
0,63.71
0,63.71
0,63.68
0,63.7
0,63.74
0,63.79
0,63.8
0,63.81
0,63.77
0,63.77
0,63.79
0,63.79
0,63.79
0,63.8
0,63.83
0,63.82
0,63.8
0,63.78
0,63.8
0,63.83
0,63.83
0,63.83
0,63.82
0,63.84
0,63.83
0,63.82
0,63.81
0,63.83
0,63.86
0,63.97
0,63.95
0,63.86
0,63.85
0,63.84
0,63.83
0,63.86
0,63.85
0,63.8
0,63.81
0,63.79
0,63.77
0,63.78
0,63.77
0,63.77
0,63.76
0,63.72
0,63.7
0,63.71
0,63.71
0,63.7
0,63.66
0,63.63
0,63.61
0,63.63
0,63.64
0,63.64
0,63.61
0,63.58
0,63.58
0,63.6
0,63.57
0,63.55
0,63.55
0,63.56
0,63.55
0,63.57
0,63.56
0,63.55
0,63.57
0,63.59
0,63.58
0,63.57
0,63.58
0,63.62
0,63.63
0,63.6
0,63.57
0,63.59
0,63.59
0,63.6
0,63.59
0,63.59
0,63.58
0,63.59
0,63.54
0,63.54
0,63.54
0,63.53
0,63.6
0,63.6
0,63.61
0,63.62
0,63.61
0,63.62
0,63.62
0,63.58
0,63.56
0,63.55
0,63.55
0,63.55
0,63.56
0,63.57
0,63.56
0,63.59
0,63.54
0,63.52
0,63.51
0,63.5
0,63.52
0,63.51
0,63.49
0,63.51
0,63.48
0,63.56
0,63.57
0,63.53
0,63.55
0,63.55
0,63.54
0,63.52
0,63.55
0,63.57
0,63.59
0,63.64
0,63.63
0,63.61
0,63.64
0,63.66
0,63.68
0,63.72
0,63.73
0,63.75
0,63.67
0,63.69
0,63.69
0,63.68
0,63.68
0,63.71
0,63.67
0,63.62
0,63.64
0,63.65
0,63.63
0,63.65
0,63.67
0,63.66
0,63.64
0,63.65
0,63.72
0,63.72
0,63.71
0,63.71
0,63.7
0,63.73
0,63.73
0,63.74
0,63.73
0,63.75
0,63.76
0,63.77
0,63.77
0,63.77
0,63.77
0,63.74
0,63.73
0,63.75
0,63.75
0,63.71
0,63.77
0,63.78
0,63.76
0,63.8
0,63.81
0,63.82
0,63.83
0,63.8
0,63.78
0,63.77
0,63.74
0,63.75
0,63.8
0,63.74
0,63.7
0,63.7
0,63.65
0,63.64
0,63.58
0,63.64
0,63.63
0,63.61
0,63.58
0,63.53
0,63.55
0,63.55
0,63.57
0,63.56
0,63.58
0,63.61
0,63.65
0,63.7
0,63.71
0,63.69
0,63.71
0,63.71
0,63.72
0,63.69
0,63.65
0,63.65
0,63.69
0,63.72
0,63.69
0,63.65
0,63.69
0,63.7
0,63.86
0,63.85
0,63.8
0,63.85
0,64.02
0,63.95
0,63.81
0,63.72
0,63.74
0,63.83
0,63.86
0,63.95
0,63.96
0,63.94
0,63.89
0,63.81
0,63.82
0,63.87
0,63.81
0,63.93
0,63.95
0,63.91
0,63.92
0,63.88
0,63.85
0,63.85
0,63.91
0,63.91
0,63.9
0,63.94
0,63.95
0,63.95
0,63.96
0,63.93
0,63.97
0,63.99
0,63.96
0,64.02
0,63.97
0,63.95
0,63.9
0,63.94
0,63.88
0,63.88
0,63.91
0,63.88
0,63.87
0,63.82
0,63.83
0,63.85
0,63.78
0,63.74
0,63.8
0,63.83
0,63.83
0,63.77
0,63.77
0,63.79
0,63.83
0,63.77
0,63.74
0,63.79
0,63.78
0,63.8
0,63.79
0,63.79
0,63.8
0,63.82
0,63.78
0,63.76
0,63.77
0,63.77
0,63.76
0,63.75
0,63.67
0,63.74
0,63.75
0,63.72
0,63.67
0,63.65
0,63.66
0,63.67
0,63.66
0,63.72
0,63.71
0,63.71
0,63.67
0,63.73
0,63.83
0,63.83
0,63.82
0,63.81
0,63.84
0,63.88
0,63.89
0,63.88
0,63.9
0,63.89
0,63.91
0,63.97
0,63.91
0,63.87
0,63.85
0,63.87
0,63.88
0,63.83
0,63.87
0,63.88
0,63.88
0,63.87
0,63.87
0,63.87
0,63.92
0,63.93
0,63.9
0,63.86
0,63.84
0,63.87
0,63.87
0,63.86
0,63.87
0,63.88
0,63.89
0,63.94
0,63.89
0,63.87
0,63.89
0,63.9
0,63.88
0,63.87
0,63.88
0,63.91
0,63.92
0,63.9
0,63.89
0,63.88
0,63.89
0,63.92
0,63.94
0,63.95
0,63.93
0,63.92
0,63.95
0,64.01
0,64.03
0,64.02
0,64.07
0,64.12
0,64.13
0,64.18
0,64.21
0,64.19
0,64.24
0,64.29
0,64.3
0,64.3
0,64.37
0,64.34
0,64.37
0,64.39
0,64.38
0,64.38
0,64.36
0,64.37
0,64.39
0,64.39
0,64.41
0,64.4
0,64.45
0,64.43
0,64.45
0,64.48
0,64.47
0,64.46
0,64.45
0,64.42
0,64.42
0,64.4
0,64.4
0,64.41
0,64.41
0,64.38
0,64.34
0,64.36
0,64.38
0,64.35
0,64.33
0,64.36
0,64.27
0,64.28
0,64.28
0,64.29
0,64.34
0,64.29
0,64.29
0,64.17
0,64.36
0,64.38
0,64.34
0,64.31
0,64.32
0,64.29
0,64.22
0,64.18
0,64.21
0,64.23
0,64.22
0,64.23
0,64.24
0,64.26
0,64.25
0,64.25
0,64.25
0,64.25
0,64.25
0,64.2
0,64.25
0,64.3
0,64.26
0,64.26
0,64.25
0,64.25
0,64.32
0,64.44
0,64.46
0,64.44
0,64.45
0,64.45
0,64.53
0,64.61
0,64.65
0,64.65
0,64.65
0,64.69
0,64.71
0,64.76
0,64.75
0,64.81
0,64.88
0,64.86
0,64.84
0,64.83
0,64.84
0,64.83
0,64.82
0,64.81
0,64.86
0,64.8
0,64.77
0,64.82
0,64.81
0,64.81
0,64.82
0,64.85
0,64.83
0,64.81
0,64.74
0,64.72
0,64.75
0,64.74
0,64.73
0,64.69
0,64.7
0,64.73
0,64.71
0,64.75
0,64.8
0,64.82
0,64.85
0,64.83
0,64.79
0,64.78
0,64.78
0,64.79
0,64.83
0,64.83
0,64.83
0,64.83
0,64.83
0,64.81
0,64.75
0,64.76
0,64.74
0,64.72
0,64.68
0,64.65
0,64.65
0,64.62
0,64.59
0,64.6
0,64.61
0,64.62
0,64.62
0,64.63
0,64.64
0,64.64
0,64.65
0,64.64
0,64.64
0,64.67
0,64.71
0,64.71
0,64.7
0,64.69
0,64.71
0,64.7
0,64.72
0,64.71
0,64.65
0,64.61
0,64.63
0,64.61
0,64.68
0,64.71
0,64.69
0,64.68
0,64.67
0,64.66
0,64.67
0,64.66
0,64.67
0,64.68
0,64.69
0,64.67
0,64.67
0,64.67
0,64.72
0,64.73
0,64.7
0,64.67
0,64.68
0,64.67
0,64.67
0,64.66
0,64.63
0,64.65
0,64.62
0,64.63
0,64.65
0,64.63
0,64.61
0,64.6
0,64.61
0,64.63
0,64.65
0,64.67
0,64.64
0,64.63
0,64.63
0,64.63
0,64.62
0,64.6
0,64.59
0,64.57
0,64.59
0,64.56
0,64.58
0,64.6
0,64.66
0,64.67
0,64.64
0,64.66
0,64.65
0,64.68
0,64.68
0,64.73
0,64.77
0,64.75
0,64.76
0,64.75
0,64.75
0,64.74
0,64.73
0,64.75
0,64.75
0,64.76
0,64.74
0,64.74
0,64.74
0,64.81
0,64.81
0,64.82
0,64.85
0,64.91
0,64.87
0,64.84
0,64.76
0,64.77
0,64.78
0,64.82
0,64.81
0,64.82
0,64.83
0,64.83
0,64.8
0,64.79
0,64.75
0,64.75
0,64.74
0,64.75
0,64.77
0,64.81
0,64.84
0,64.76
0,64.72
0,64.75
0,64.76
0,64.62
0,64.71
0,64.76
0,64.71
0,64.73
0,64.7
0,64.73
0,64.82
0,64.96
0,64.9
0,64.95
0,64.9
0,64.77
0,64.85
0,64.85
0,64.86
0,64.9
0,64.88
0,64.83
0,64.81
0,64.95
0,64.97
0,64.99
0,64.86
0,64.84
0,64.84
0,64.85
0,64.86
0,64.76
0,64.77
0,64.77
0,64.82
0,64.85
0,64.85
0,64.85
0,64.88
0,64.85
0,64.81
0,64.81
0,64.78
0,64.73
0,64.71
0,64.73
0,64.81
0,64.77
0,64.79
0,64.86
0,64.84
0,64.85
0,64.83
0,64.83
0,64.86
0,64.88
0,64.87
0,64.91
0,64.88
0,64.86
0,64.89
0,64.93
0,64.95
0,64.97
0,64.96
0,64.93
0,64.92
0,64.91
0,64.92
0,64.91
0,64.9
0,64.94
0,64.92
0,64.89
0,64.85
0,64.85
0,64.86
0,64.84
0,64.83
0,64.82
0,64.79
0,64.85
0,64.85
0,64.82
0,64.86
0,64.84
0,64.83
0,64.81
0,64.82
0,64.83
0,64.83
0,64.81
0,64.68
0,64.81
0,64.83
0,64.81
0,64.78
0,64.79
0,64.86
0,64.87
0,64.87
0,64.84
0,64.83
0,64.82
0,64.89
0,64.95
0,64.91
0,64.95
0,64.93
0,64.95
0,64.93
0,64.92
0,64.95
0,64.94
0,64.95
0,64.96
0,64.98
0,64.96
0,64.88
0,64.9
0,64.95
0,64.96
0,64.94
0,64.94
0,64.96
0,64.97
0,64.97
0,65.1
0,65.1
0,65.16
0,65.15
0,65.24
0,65.1
0,65.11
0,65.05
0,65.06
0,65.09
0,65.07
0,65
0,65.03
0,65.06
0,65.04
0,65.07
0,65.07
0,65.07
0,65.09
0,65.06
0,65.06
0,65.13
0,65.12
0,65.12
0,65.11
0,65.12
0,65.11
0,65.12
0,65.15
0,65.14
0,65.15
0,65.15
0,65.17
0,65.13
0,65.16
0,65.2
0,65.22
0,65.21
0,65.22
0,65.23
0,65.24
0,65.29
0,65.19
0,65.16
0,65.2
0,65.21
0,65.27
0,65.28
0,65.24
0,65.24
0,65.13
0,65.23
0,65.21
0,65.14
0,65.11
0,65.13
0,65.14
0,65.16
0,65.14
0,65.13
0,65.13
0,65.13
0,65.17
0,65.18
0,65.18
0,65.17
0,65.18
0,65.13
0,65.11
0,65.12
0,65.11
0,65.1
0,65.09
0,65.12
0,65.14
0,65.15
0,65.14
0,65.16
0,65.16
0,65.15
0,65.1
0,65.09
0,65.07
0,65.07
0,65.04
0,65.03
0,65.03
0,65.05
0,65.04
0,65.02
0,65
0,64.99
0,65.04
0,65.03
0,65
0,64.98
0,64.96
0,64.97
0,64.98
0,65.01
0,65.1
0,65.08
0,65.11
0,65.12
0,65.11
0,65.18
0,65.17
0,65.23
0,65.22
0,65.21
0,65.17
0,65.28
0,65.27
0,65.31
0,65.35
0,65.31
0,65.29
0,65.29
0,65.27
0,65.26
0,65.3
0,65.26
0,65.2
0,65.22
0,65.22
0,65.2
0,65.2
0,65.24
0,65.22
0,65.19
0,65.23
0,65.2
0,65.22
0,65.27
0,65.26
0,65.26
0,65.23
0,65.21
0,65.21
0,65.22
0,65.21
0,65.22
0,65.23
0,65.22
0,65.17
0,65.16
0,65.19
0,65.18
0,65.2
0,65.18
0,65.21
0,65.23
0,65.22
0,65.19
0,65.19
0,65.21
0,65.19
0,65.18
0,65.2
0,65.19
0,65.2
0,65.23
0,65.19
0,65.18
0,65.18
0,65.19
0,65.15
0,65.12
0,65.14
0,65.09
0,65.09
0,65.1
0,65.11
0,65.12
0,65.13
0,65.15
0,65.12
0,65.19
0,65.19
0,65.19
0,65.19
0,65.24
0,65.21
0,65.2
0,65.2
0,65.19
0,65.12
0,65.14
0,65.12
0,65.2
0,65.2
0,65.21
0,65.2
0,65.24
0,65.23
0,65.2
0,65.21
0,65.22
0,65.22
0,65.23
0,65.22
0,65.22
0,65.23
0,65.22
0,65.24
0,65.21
0,65.2
0,65.2
0,65.19
0,65.18
0,65.19
0,65.19
0,65.18
0,65.15
0,65.16
0,65.18
0,65.18
0,65.16
0,65.17
0,65.18
0,65.16
0,65.21
0,65.2
0,65.2
0,65.22
0,65.21
0,65.2
0,65.19
0,65.18
0,65.12
0,65.1
0,65.11
0,65.13
0,65.13
0,65.11
0,65.12
0,65.13
0,65.14
0,65.12
0,65.1
0,65.11
0,65.13
0,65.1
0,65.11
0,65.09
0,65.06
0,65.04
0,65.01
0,65.02
0,65.01
0,65.02
0,64.98
0,64.95
0,64.99
0,64.92
0,64.93
0,64.94
0,64.97
0,64.96
0,65.31
0,65.37
0,65.32
0,65.37
0,65.34
0,65.37
0,65.58
0,65.63
0,65.58
0,65.62
0,65.58
0,65.59
0,65.64
0,65.6
0,65.6
0,65.64
0,65.68
0,65.6
0,65.54
0,65.42
0,65.36
0,65.29
0,65.29
0,65.29
0,65.22
0,65.18
0,65.17
0,65.11
0,65.18
0,65.3
0,65.28
0,65.3
0,65.3
0,65.21
0,65.17
0,65.14
0,65.16
0,65.17
0,65.26
0,65.29
0,65.33
0,65.45
0,65.43
0,65.42
0,65.35
0,65.36
0,65.31
0,65.28
0,65.38
0,65.37
0,65.36
0,65.31
0,65.28
0,65.25
0,65.25
0,65.28
0,65.27
0,65.25
0,65.28
0,65.26
0,65.23
0,65.24
0,65.2
0,65.26
0,65.19
0,65.16
0,65.11
0,65.07
0,65.08
0,65.04
0,64.98
0,65.01
0,65
0,64.99
0,65
0,65.01
0,64.99
0,64.99
0,64.89
0,64.95
0,64.93
0,64.94
0,64.92
0,64.93
0,64.94
0,64.94
0,64.91
0,64.84
0,64.83
0,64.78
0,64.75
0,64.81
0,64.85
0,64.76
0,64.79
0,64.8
0,64.77
0,64.75
0,64.74
0,64.73
0,64.76
0,64.74
0,64.7
0,64.68
0,64.67
0,64.64
0,64.66
0,64.75
0,64.77
0,64.78
0,64.81
0,64.84
0,64.86
0,64.82
0,64.87
0,64.86
0,64.84
0,64.84
0,64.82
0,64.82
0,64.88
0,64.9
0,64.9
0,64.9
0,64.88
0,64.86
0,64.83
0,64.76
0,64.79
0,64.78
0,64.8
0,64.81
0,64.81
0,64.8
0,64.81
0,64.85
0,64.82
0,64.81
0,64.82
0,64.82
0,64.79
0,64.77
0,64.77
0,64.75
0,64.78
0,64.79
0,64.84
0,64.84
0,64.86
0,64.83
0,64.87
0,64.86
0,64.86
0,64.83
0,64.82
0,64.8
0,64.82
0,64.79
0,64.81
0,64.86
0,64.9
0,64.86
0,64.85
0,64.87
0,64.86
0,64.84
0,64.83
0,64.82
0,64.85
0,64.87
0,64.86
0,64.87
0,64.88
0,64.91
0,64.93
0,64.92
0,65
0,65.09
0,65.06
0,64.95
0,64.97
0,64.96
0,65
0,65.02
0,65.03
0,65.01
0,64.99
0,64.98
0,65
0,65.03
0,65
0,65.03
0,65.02
0,65.02
0,65.08
0,65.07
0,65.1
0,65.13
0,65.01
0,65
0,65.02
0,65
0,65.02
0,65
0,65.05
0,64.99
0,65.02
0,65.06
0,64.98
0,65
0,65.01
0,65
0,64.95
0,64.97
0,64.99
0,65
0,64.99
0,64.98
0,64.99
0,64.99
0,64.98
0,64.97
0,64.95
0,64.94
0,64.95
0,64.97
0,64.95
0,64.94
0,64.96
0,64.98
0,64.99
0,65.01
0,65.01
0,64.95
0,64.98
0,64.98
0,64.97
0,64.96
0,64.97
0,64.99
0,65
0,64.99
0,64.99
0,64.99
0,65
0,65.01
0,65.01
0,64.99
0,65
0,64.99
0,64.97
0,64.97
0,64.98
0,64.99
0,65.01
0,65.04
0,65.04
0,65.01
0,65.02
0,65.03
0,65
0,65.07
0,65.09
0,65.1
0,65.13
0,65.14
0,65.18
0,65.18
0,65.23
0,65.23
0,65.22
0,65.21
0,65.13
0,65.11
0,65.08
0,65.05
0,65.05
0,64.99
0,64.94
0,64.99
0,64.96
0,64.97
0,64.97
0,64.95
0,64.86
0,64.92
0,64.91
0,64.95
0,64.99
0,65
0,64.98
0,65
0,64.97
0,64.99
0,65
0,65.03
0,65.06
0,65.02
0,65.04
0,64.99
0,65
0,65.04
0,65.03
0,65.03
0,65.01
0,64.97
0,64.98
0,64.97
0,64.92
0,64.9
0,64.9
0,64.91
0,64.9
0,64.92
0,64.92
0,64.95
0,64.94
0,64.91
0,64.89
0,64.87
0,64.86
0,64.91
0,64.91
0,64.9
0,64.91
0,64.91
0,64.9
0,64.9
0,64.88
0,64.84
0,64.83
0,64.84
0,64.87
0,64.89
0,64.89
0,64.87
0,64.89
0,64.86
0,64.9
0,64.86
0,64.85
0,64.87
0,64.84
0,64.85
0,64.85
0,64.83
0,64.83
0,64.83
0,64.84
0,64.85
0,64.82
0,64.85
0,64.87
0,64.84
0,64.86
0,64.72
0,64.92
0,64.93
0,64.94
0,64.97
0,64.96
0,64.86
0,64.88
0,64.97
0,64.98
0,64.92
0,65.07
0,65.07
0,65.08
0,65.07
0,65.03
0,65.01
0,65.02
0,64.99
0,65.03
0,64.98
0,64.98
0,65.01
0,64.98
0,64.96
0,64.93
0,64.9
0,64.88
0,64.85
0,64.75
0,64.7
0,64.64
0,64.63
0,64.62
0,64.63
0,64.63
0,64.58
0,64.59
0,64.58
0,64.56
0,64.55
0,64.57
0,64.55
0,64.55
0,64.55
0,64.55
0,64.58
0,64.55
0,64.63
0,64.66
0,64.62
0,64.59
0,64.55
0,64.59
0,64.57
0,64.59
0,64.62
0,64.6
0,64.62
0,64.61
0,64.59
0,64.59
0,64.6
0,64.58
0,64.6
0,64.61
0,64.58
0,64.53
0,64.54
0,64.58
0,64.62
0,64.6
0,64.6
0,64.62
0,64.61
0,64.61
0,64.6
0,64.59
0,64.61
0,64.63
0,64.63
0,64.64
0,64.69
0,64.68
0,64.71
0,64.76
0,64.79
0,64.79
0,64.81
0,64.77
0,64.86
0,64.84
0,64.75
0,64.76
0,64.86
0,64.8
0,64.79
0,64.82
0,64.86
0,64.79
0,64.78
0,64.83
0,64.8
0,64.81
0,64.82
0,64.81
0,64.78
0,64.88
0,64.85
0,64.95
0,64.89
0,64.96
0,64.98
0,64.97
0,64.97
0,64.93
0,64.93
0,64.97
0,65
0,65.01
0,65.02
0,64.98
0,64.99
0,64.99
0,65
0,65.01
0,65.04
0,65.02
0,65
0,64.98
0,64.95
0,64.97
0,65.02
0,64.98
0,64.98
0,64.97
0,64.99
0,65.03
0,65
0,65.01
0,64.97
0,64.96
0,64.97
0,64.93
0,64.93
0,64.9
0,64.89
0,64.87
0,64.85
0,64.87
0,64.89
0,64.87
0,64.88
0,64.88
0,64.89
0,64.88
0,64.91
0,64.95
0,64.95
0,64.9
0,64.91
0,64.91
0,64.98
0,64.97
0,65.04
0,65.04
0,64.92
0,64.85
0,64.88
0,64.87
0,64.86
0,64.88
0,64.88
0,64.88
0,64.89
0,64.87
0,64.87
0,64.89
0,64.87
0,64.94
0,64.99
0,64.96
0,64.95
0,65.02
0,64.96
0,64.94
0,64.94
0,64.93
0,64.95
0,64.92
0,64.93
0,64.93
0,64.93
0,64.94
0,64.96
0,64.95
0,64.96
0,64.98
0,65
0,65.01
0,64.97
0,65
0,65
0,65
0,65.01
0,64.99
0,65.01
0,65.01
0,64.99
0,64.98
0,64.97
0,64.89
0,64.92
0,64.94
0,64.96
0,65
0,65
0,65
0,64.99
0,65.02
0,65.01
0,64.97
0,64.93
0,64.97
0,64.97
0,64.95
0,64.98
0,64.96
0,64.98
0,64.97
0,64.98
0,65
0,64.99
0,64.98
0,64.97
0,64.96
0,64.97
0,64.97
0,64.99
0,64.99
0,65.06
0,65.04
0,65.14
0,65.14
0,65.21
0,65.17
0,65.17
0,65.16
0,65.15
0,65.12
0,65.1
0,65.12
0,65.14
0,65.15
0,65.19
0,65.19
0,65.2
0,65.17
0,65.19
0,65.19
0,65.21
0,65.21
0,65.19
0,65.2
0,65.2
0,65.15
0,65.16
0,65.15
0,65.18
0,65.12
0,65.1
0,65.16
0,65.15
0,65.15
0,65.11
0,65.14
0,65.13
0,65.13
0,65.15
0,65.14
0,65.2
0,65.19
0,65.18
0,65.17
0,65.2
0,65.26
0,65.24
0,65.22
0,65.23
0,65.2
0,65.14
0,65.15
0,65.13
0,65.15
0,65.12
0,65.11
0,65.08
0,65.09
0,65.1
0,65.12
0,65.12
0,65.14
0,65.12
0,65.15
0,65.14
0,65.13
0,65.11
0,65.09
0,65.1
0,65.11
0,65.1
0,65.12
0,65.1
0,65.08
0,65.08
0,65.07
0,65.1
0,65.1
0,65.14
0,65.11
0,65.06
0,65.08
0,65.07
0,65.06
0,65.06
0,65.04
0,65.02
0,65.03
0,65
0,64.98
0,64.95
0,64.98
0,64.96
0,64.96
0,64.93
0,64.93
0,64.95
0,64.97
0,64.89
0,64.89
0,64.9
0,64.91
0,64.91
0,64.92
0,64.92
0,64.96
0,65.01
0,65
0,65.02
0,65.01
0,65.01
0,65.04
0,65.01
0,65.03
0,65.06
0,65.06
0,65.03
0,64.93
0,65.01
0,64.99
0,64.88
0,64.88
0,64.87
0,64.9
0,64.72
0,64.79
0,64.76
0,64.76
0,64.79
0,64.77
0,64.7
0,64.71
0,64.77
0,64.75
0,64.69
0,64.68
0,64.66
0,64.77
0,64.73
0,64.76
0,64.78
0,64.74
0,64.74
0,64.74
0,64.71
0,64.71
0,64.64
0,64.53
0,64.46
0,64.48
0,64.56
0,64.62
0,64.62
0,64.61
0,64.57
0,64.54
0,64.55
0,64.63
0,64.58
0,64.53
0,64.51
0,64.52
0,64.54
0,64.55
0,64.59
0,64.55
0,64.57
0,64.58
0,64.56
0,64.54
0,64.46
0,64.51
0,64.52
0,64.53
0,64.54
0,64.51
0,64.52
0,64.51
0,64.53
0,64.61
0,64.62
0,64.65
0,64.63
0,64.64
0,64.65
0,64.65
0,64.63
0,64.51
0,64.51
0,64.5
0,64.54
0,64.54
0,64.55
0,64.5
0,64.49
0,64.44
0,64.45
0,64.46
0,64.45
0,64.41
0,64.41
0,64.38
0,64.39
0,64.4
0,64.41
0,64.42
0,64.44
0,64.4
0,64.42
0,64.47
0,64.47
0,64.49
0,64.5
0,64.5
0,64.51
0,64.54
0,64.55
0,64.53
0,64.57
0,64.59
0,64.64
0,64.65
0,64.68
0,64.72
0,64.7
0,64.7
0,64.71
0,64.72
0,64.72
0,64.7
0,64.72
0,64.69
0,64.69
0,64.7
0,64.71
0,64.72
0,64.73
0,64.73
0,64.74
0,64.76
0,64.74
0,64.7
0,64.67
0,64.67
0,64.66
0,64.65
0,64.63
0,64.64
0,64.6
0,64.56
0,64.51
0,64.5
0,64.48
0,64.51
0,64.48
0,64.48
0,64.49
0,64.46
0,64.44
0,64.5
0,64.49
0,64.52
0,64.5
0,64.51
0,64.47
0,64.5
0,64.51
0,64.53
0,64.56
0,64.54
0,64.52
0,64.48
0,64.48
0,64.45
0,64.38
0,64.4
0,64.42
0,64.43
0,64.42
0,64.44
0,64.45
0,64.43
0,64.45
0,64.52
0,64.53
0,64.45
0,64.46
0,64.42
0,64.41
0,64.42
0,64.41
0,64.4
0,64.46
0,64.46
0,64.37
0,64.43
0,64.48
0,64.52
0,64.51
0,64.52
0,64.5
0,64.49
0,64.49
0,64.42
0,64.41
0,64.41
0,64.4
0,64.4
0,64.42
0,64.4
0,64.39
0,64.41
0,64.39
0,64.39
0,64.43
0,64.42
0,64.42
0,64.46
0,64.48
0,64.47
0,64.47
0,64.48
0,64.51
0,64.56
0,64.55
0,64.52
0,64.52
0,64.52
0,64.49
0,64.5
0,64.51
0,64.47
0,64.45
0,64.51
0,64.5
0,64.46
0,64.46
0,64.47
0,64.45
0,64.47
0,64.47
0,64.47
0,64.49
0,64.52
0,64.51
0,64.51
0,64.51
0,64.6
0,64.61
0,64.59
0,64.59
0,64.58
0,64.59
0,64.6
0,64.6
0,64.6
0,64.62
0,64.62
0,64.63
0,64.64
0,64.67
0,64.71
0,64.69
0,64.68
0,64.68
0,64.66
0,64.68
0,64.61
0,64.6
0,64.61
0,64.6
0,64.57
0,64.55
0,64.54
0,64.55
0,64.59
0,64.6
0,64.58
0,64.58
0,64.57
0,64.56
0,64.62
0,64.62
0,64.62
0,64.63
0,64.62
0,64.6
0,64.61
0,64.61
0,64.61
0,64.62
0,64.63
0,64.61
0,64.59
0,64.59
0,64.63
0,64.62
0,64.64
0,64.63
0,64.62
0,64.59
0,64.57
0,64.56
0,64.57
0,64.56
0,64.59
0,64.55
0,64.57
0,64.54
0,64.5
0,64.48
0,64.47
0,64.49
0,64.49
0,64.51
0,64.5
0,64.48
0,64.52
0,64.51
0,64.51
0,64.47
0,64.45
0,64.45
0,64.5
0,64.49
0,64.51
0,64.53
0,64.51
0,64.49
0,64.46
0,64.45
0,64.43
0,64.47
0,64.45
0,64.42
0,64.41
0,64.46
0,64.47
0,64.43
0,64.41
0,64.42
0,64.43
0,64.45
0,64.42
0,64.44
0,64.48
0,64.47
0,64.46
0,64.44
0,64.43
0,64.43
0,64.43
0,64.44
0,64.43
0,64.43
0,64.41
0,64.37
0,64.39
0,64.38
0,64.37
0,64.37
0,64.4
0,64.38
0,64.37
0,64.37
0,64.37
0,64.37
0,64.36
0,64.34
0,64.35
0,64.35
0,64.33
0,64.35
0,64.37
0,64.38
0,64.39
0,64.37
0,64.37
0,64.36
0,64.39
0,64.43
0,64.41
0,64.41
0,64.39
0,64.42
0,64.43
0,64.43
0,64.41
0,64.43
0,64.49
0,64.46
0,64.39
0,64.37
0,64.47
0,64.55
0,64.54
0,64.51
0,64.56
0,64.58
0,64.61
0,64.59
0,64.63
0,64.66
0,64.63
0,64.68
0,64.83
0,64.82
0,64.81
0,64.9
0,64.89
0,64.84
0,64.81
0,64.85
0,64.92
0,64.91
0,64.95
0,64.98
0,64.92
0,64.89
0,64.9
0,64.84
0,64.85
0,64.88
0,64.86
0,64.86
0,64.88
0,64.97
0,65.01
0,64.97
0,64.97
0,64.97
0,64.95
0,64.95
0,64.91
0,64.91
0,64.9
0,64.97
0,65.04
0,65.02
0,64.99
0,64.98
0,64.88
0,64.93
0,64.91
0,64.91
0,64.89
0,64.87
0,64.84
0,64.76
0,64.71
0,64.71
0,64.71
0,64.65
0,64.61
0,64.56
0,64.52
0,64.61
0,64.57
0,64.6
0,64.62
0,64.58
0,64.6
0,64.66
0,64.64
0,64.65
0,64.69
0,64.72
0,64.71
0,64.7
0,64.75
0,64.74
0,64.9
0,64.83
0,64.89
0,64.85
0,64.84
0,64.87
0,64.98
0,64.99
0,65.03
0,64.98
0,65.01
0,65.02
0,64.98
0,65.01
0,65.08
0,65.05
0,64.97
0,65
0,65.01
0,65.03
0,65.02
0,64.93
0,64.92
0,64.94
0,64.94
0,64.87
0,64.88
0,64.98
0,64.95
0,64.88
0,64.85
0,64.89
0,64.85
0,64.89
0,64.9
0,64.87
0,64.91
0,64.95
0,64.89
0,64.89
0,64.93
0,64.95
0,64.9
0,64.91
0,64.89
0,64.88
0,64.89
0,64.86
0,64.85
0,64.89
0,64.94
0,64.95
0,64.97
0,64.95
0,64.96
0,64.97
0,64.97
0,64.98
0,65.03
0,65.07
0,65.05
0,64.97
0,64.95
0,64.95
0,64.93
0,64.93
0,64.92
0,64.94
0,64.9
0,64.93
0,64.91
0,64.89
0,64.94
0,64.95
0,64.94
0,64.88
0,64.87
0,64.89
0,64.9
0,64.8
0,64.88
0,64.83
0,64.8
0,64.77
0,64.75
0,64.74
0,64.84
0,64.94
0,64.95
0,65.01
0,64.99
0,65.07
0,65.02
0,65.05
0,65.05
0,65.07
0,65.15
0,65.11
0,65.13
0,65.17
0,65.24
0,65.19
0,65.21
0,65.21
0,65.24
0,65.28
0,65.31
0,65.41
0,65.45
0,65.44
0,65.24
0,65.33
0,65.36
0,65.34
0,65.34
0,65.41
0,65.47
0,65.34
0,65.37
0,65.4
0,65.41
0,65.4
0,65.42
0,65.41
0,65.4
0,65.41
0,65.46
0,65.43
0,65.42
0,65.38
0,65.39
0,65.39
0,65.4
0,65.38
0,65.37
0,65.32
0,65.35
0,65.32
0,65.32
0,65.32
0,65.31
0,65.28
0,65.27
0,65.24
0,65.23
0,65.25
0,65.22
0,65.19
0,65.12
0,65.14
0,65.14
0,65.1
0,65.07
0,65.09
0,65.11
0,65.09
0,65.09
0,65.01
0,65.05
0,65.07
0,65.09
0,65.11
0,65.07
0,65.03
0,65.1
0,65.08
0,65.04
0,65.05
0,65.04
0,65.07
0,65.1
0,65.11
0,65.11
0,65.1
0,65.11
0,65.08
0,65.06
0,65.05
0,65.04
0,65.06
0,65.07
0,65.13
0,65.15
0,65.16
0,65.2
0,65.22
0,65.19
0,65.16
0,65.2
0,65.15
0,65.17
0,65.16
0,65.17
0,65.16
0,65.16
0,65.17
0,65.13
0,65.14
0,65.15
0,65.17
0,65.14
0,65.13
0,65.15
0,65.14
0,65.15
0,65.15
0,65.18
0,65.17
0,65.15
0,65.07
0,65.05
0,65.07
0,65.09
0,65.07
0,65.07
0,65.05
0,65.07
0,65.09
0,65.09
0,65.11
0,65.11
0,65.09
0,65.1
0,65.09
0,65.07
0,65.05
0,65.07
0,65.05
0,65.08
0,65.11
0,65.1
0,65.11
0,65.09
0,65.11
0,65.07
0,65.05
0,64.99
0,65.02
0,65.01
0,65.05
0,65.06
0,65.07
0,65.08
0,65.09
0,65.07
0,65.05
0,65.02
0,65.06
0,65.05
0,64.99
0,64.94
0,64.93
0,64.97
0,64.97
0,64.99
0,64.97
0,65.01
0,65.05
0,65.09
0,65.09
0,65.06
0,65.07
0,65.06
0,65.09
0,65.09
0,65.1
0,65.09
0,65.09
0,65.08
0,65.12
0,65.13
0,65.12
0,65.11
0,65.12
0,65.12
0,65.12
0,65.14
0,65.14
0,65.17
0,65.18
0,65.17
0,65.2
0,65.15
0,65.14
0,65.14
0,65.14
0,65.16
0,65.15
0,65.16
0,65.16
0,65.15
0,65.14
0,65.16
0,65.17
0,65.2
0,65.18
0,65.21
0,65.19
0,6.298
0,6.281
0,6.235
0,6.279
0,6.248
0,6.275
0,6.257
0,6.253
0,6.26
0,6.254
0,6.306
0,6.294
0,6.284
0,6.313
0,6.29
0,6.288
0,6.284
0,6.308
0,6.293
0,6.285
0,6.276
0,6.28
0,6.294
0,6.289
0,6.305
0,6.32
0,6.324
0,6.318
0,6.312
0,6.299
0,6.315
0,6.322
0,6.328
0,6.318
0,6.33
0,6.33
0,6.336
0,6.339
0,6.316
0,6.322
0,6.336
0,6.334
0,6.342
0,6.34
0,6.338
0,6.341
0,6.344
0,6.334
0,6.346
0,6.347
0,6.339
0,6.342
0,6.339
0,6.342
0,6.339
0,6.326
0,6.331
0,6.326
0,6.324
0,6.315
0,6.321
0,6.333
0,6.32
0,6.332
0,6.313
0,6.324
0,6.328
0,6.332
0,6.348
0,6.344
0,6.347
0,6.35
0,6.333
0,6.348
0,6.344
0,6.364
0,6.361
0,6.363
0,6.382
0,6.358
0,6.354
0,6.35
0,6.352
0,6.35
0,6.343
0,6.348
0,6.353
0,6.352
0,6.372
0,6.37
0,6.376
0,6.361
0,6.369
0,6.36
0,6.359
0,6.366
0,6.364
0,6.362
0,6.362
0,6.352
0,6.347
0,6.34
0,6.334
0,6.328
0,6.318
0,6.314
0,6.306
0,6.315
0,6.31
0,6.312
0,6.319
0,6.314
0,6.316
0,6.316
0,6.319
0,6.318
0,6.33
0,6.327
0,6.325
0,6.333
0,6.332
0,6.337
0,6.344
0,6.34
0,6.343
0,6.344
0,6.344
0,6.34
0,6.342
0,6.336
0,6.324
0,6.315
0,6.317
0,6.324
0,6.301
0,6.307
0,6.311
0,6.304
0,6.306
0,6.306
0,6.304
0,6.31
0,6.3
0,6.301
0,6.303
0,6.3
0,6.3
0,6.304
0,6.295
0,6.29
0,6.292
0,6.28
0,6.276
0,6.267
0,6.265
0,6.259
0,6.266
0,6.255
0,6.252
0,6.251
0,6.247
0,6.238
0,6.248
0,6.252
0,6.26
0,6.244
0,6.252
0,6.254
0,6.253
0,6.258
0,6.249
0,6.242
0,6.242
0,6.249
0,6.239
0,6.23
0,6.234
0,6.234
0,6.228
0,6.217
0,6.222
0,6.228
0,6.234
0,6.235
0,6.23
0,6.23
0,6.223
0,6.216
0,6.226
0,6.219
0,6.219
0,6.233
0,6.223
0,6.218
0,6.222
0,6.218
0,6.217
0,6.212
0,6.211
0,6.207
0,6.194
0,6.18
0,6.195
0,6.186
0,6.174
0,6.18
0,6.174
0,6.176
0,6.168
0,6.17
0,6.169
0,6.169
0,6.174
0,6.17
0,6.182
0,6.166
0,6.17
0,6.177
0,6.174
0,6.176
0,6.182
0,6.177
0,6.174
0,6.184
0,6.18
0,6.172
0,6.178
0,6.178
0,6.174
0,6.182
0,6.177
0,6.184
0,6.19
0,6.188
0,6.192
0,6.2
0,6.192
0,6.194
0,6.185
0,6.192
0,6.185
0,6.189
0,6.188
0,6.195
0,6.191
0,6.191
0,6.198
0,6.191
0,6.185
0,6.193
0,6.186
0,6.188
0,6.184
0,6.194
0,6.185
0,6.178
0,6.184
0,6.168
0,6.169
0,6.172
0,6.172
0,6.173
0,6.172
0,6.17
0,6.178
0,6.169
0,6.163
0,6.16
0,6.163
0,6.163
0,6.17
0,6.164
0,6.174
0,6.175
0,6.18
0,6.18
0,6.178
0,6.182
0,6.184
0,6.188
0,6.194
0,6.194
0,6.19
0,6.188
0,6.184
0,6.182
0,6.182
0,6.18
0,6.18
0,6.18
0,6.178
0,6.178
0,6.178
0,6.183
0,6.188
0,6.2
0,6.184
0,6.2
0,6.19
0,6.202
0,6.204
0,6.212
0,6.213
0,6.213
0,6.212
0,6.201
0,6.19
0,6.191
0,6.192
0,6.191
0,6.194
0,6.202
0,6.202
0,6.21
0,6.21
0,6.207
0,6.206
0,6.196
0,6.196
0,6.21
0,6.21
0,6.219
0,6.207
0,6.206
0,6.228
0,6.23
0,6.229
0,6.229
0,6.232
0,6.232
0,6.221
0,6.232
0,6.224
0,6.229
0,6.247
0,6.238
0,6.228
0,6.212
0,6.217
0,6.223
0,6.218
0,6.217
0,6.206
0,6.205
0,6.207
0,6.216
0,6.217
0,6.226
0,6.22
0,6.22
0,6.22
0,6.235
0,6.228
0,6.228
0,6.223
0,6.224
0,6.223
0,6.215
0,6.222
0,6.228
0,6.218
0,6.225
0,6.22
0,6.21
0,6.222
0,6.204
0,6.207
0,6.21
0,6.215
0,6.21
0,6.214
0,6.216
0,6.222
0,6.217
0,6.216
0,6.218
0,6.223
0,6.223
0,6.222
0,6.232
0,6.233
0,6.235
0,6.242
0,6.231
0,6.227
0,6.223
0,6.23
0,6.235
0,6.242
0,6.248
0,6.24
0,6.238
0,6.238
0,6.246
0,6.246
0,6.252
0,6.246
0,6.24
0,6.238
0,6.238
0,6.229
0,6.229
0,6.226
0,6.217
0,6.23
0,6.223
0,6.228
0,6.225
0,6.223
0,6.228
0,6.228
0,6.22
0,6.221
0,6.223
0,6.223
0,6.214
0,6.222
0,6.25
0,6.263
0,6.268
0,6.269
0,6.276
0,6.274
0,6.27
0,6.264
0,6.268
0,6.278
0,6.26
0,6.252
0,6.265
0,6.265
0,6.268
0,6.267
0,6.27
0,6.268
0,6.27
0,6.274
0,6.274
0,6.27
0,6.265
0,6.264
0,6.262
0,6.262
0,6.264
0,6.265
0,6.256
0,6.26
0,6.263
0,6.267
0,6.271
0,6.274
0,6.268
0,6.268
0,6.269
0,6.273
0,6.271
0,6.272
0,6.282
0,6.275
0,6.278
0,6.276
0,6.276
0,6.277
0,6.284
0,6.29
0,6.288
0,6.292
0,6.29
0,6.296
0,6.292
0,6.292
0,6.295
0,6.284
0,6.274
0,6.264
0,6.271
0,6.278
0,6.282
0,6.286
0,6.294
0,6.295
0,6.289
0,6.29
0,6.282
0,6.29
0,6.289
0,6.29
0,6.288
0,6.285
0,6.288
0,6.29
0,6.288
0,6.288
0,6.288
0,6.292
0,6.292
0,6.295
0,6.288
0,6.282
0,6.284
0,6.278
0,6.281
0,6.282
0,6.274
0,6.311
0,6.311
0,6.32
0,6.337
0,6.366
0,6.34
0,6.322
0,6.294
0,6.299
0,6.288
0,6.278
0,6.29
0,6.264
0,6.276
0,6.261
0,6.27
0,6.264
0,6.27
0,6.275
0,6.28
0,6.278
0,6.283
0,6.27
0,6.264
0,6.268
0,6.286
0,6.283
0,6.271
0,6.264
0,6.268
0,6.266
0,6.263
0,6.263
0,6.262
0,6.257
0,6.254
0,6.244
0,6.25
0,6.26
0,6.265
0,6.262
0,6.249
0,6.255
0,6.25
0,6.25
0,6.248
0,6.246
0,6.251
0,6.248
0,6.244
0,6.24
0,6.238
0,6.226
0,6.23
0,6.233
0,6.226
0,6.222
0,6.226
0,6.226
0,6.223
0,6.226
0,6.226
0,6.242
0,6.245
0,6.254
0,6.252
0,6.239
0,6.252
0,6.254
0,6.25
0,6.26
0,6.263
0,6.271
0,6.274
0,6.284
0,6.279
0,6.276
0,6.276
0,6.27
0,6.268
0,6.258
0,6.27
0,6.26
0,6.255
0,6.249
0,6.25
0,6.256
0,6.249
0,6.248
0,6.254
0,6.256
0,6.251
0,6.251
0,6.249
0,6.243
0,6.238
0,6.234
0,6.238
0,6.239
0,6.242
0,6.242
0,6.247
0,6.251
0,6.256
0,6.252
0,6.244
0,6.247
0,6.251
0,6.248
0,6.248
0,6.248
0,6.254
0,6.264
0,6.268
0,6.272
0,6.271
0,6.274
0,6.281
0,6.279
0,6.28
0,6.286
0,6.282
0,6.284
0,6.283
0,6.278
0,6.28
0,6.28
0,6.278
0,6.274
0,6.271
0,6.273
0,6.255
0,6.264
0,6.27
0,6.271
0,6.268
0,6.268
0,6.268
0,6.27
0,6.268
0,6.265
0,6.262
0,6.264
0,6.268
0,6.27
0,6.264
0,6.255
0,6.26
0,6.26
0,6.26
0,6.26
0,6.26
0,6.255
0,6.256
0,6.26
0,6.27
0,6.276
0,6.274
0,6.268
0,6.264
0,6.258
0,6.258
0,6.252
0,6.258
0,6.258
0,6.258
0,6.255
0,6.253
0,6.228
0,6.22
0,6.216
0,6.212
0,6.204
0,6.206
0,6.211
0,6.215
0,6.209
0,6.218
0,6.214
0,6.214
0,6.213
0,6.212
0,6.21
0,6.204
0,6.193
0,6.186
0,6.194
0,6.199
0,6.198
0,6.194
0,6.194
0,6.194
0,6.196
0,6.197
0,6.197
0,6.19
0,6.194
0,6.194
0,6.193
0,6.201
0,6.198
0,6.2
0,6.19
0,6.197
0,6.196
0,6.208
0,6.206
0,6.201
0,6.204
0,6.197
0,6.192
0,6.18
0,6.181
0,6.175
0,6.174
0,6.172
0,6.168
0,6.166
0,6.16
0,6.158
0,6.159
0,6.164
0,6.158
0,6.156
0,6.152
0,6.154
0,6.157
0,6.164
0,6.165
0,6.168
0,6.164
0,6.162
0,6.161
0,6.158
0,6.159
0,6.162
0,6.163
0,6.168
0,6.166
0,6.169
0,6.174
0,6.176
0,6.184
0,6.178
0,6.17
0,6.172
0,6.17
0,6.174
0,6.17
0,6.174
0,6.176
0,6.178
0,6.178
0,6.182
0,6.182
0,6.179
0,6.175
0,6.177
0,6.178
0,6.175
0,6.172
0,6.178
0,6.175
0,6.176
0,6.178
0,6.175
0,6.175
0,6.178
0,6.18
0,6.184
0,6.19
0,6.19
0,6.194
0,6.191
0,6.186
0,6.182
0,6.178
0,6.186
0,6.19
0,6.183
0,6.182
0,6.188
0,6.189
0,6.188
0,6.188
0,6.186
0,6.188
0,6.189
0,6.19
0,6.193
0,6.19
0,6.19
0,6.193
0,6.19
0,6.188
0,6.194
0,6.188
0,6.186
0,6.182
0,6.182
0,6.182
0,6.182
0,6.178
0,6.178
0,6.175
0,6.176
0,6.174
0,6.176
0,6.174
0,6.176
0,6.173
0,6.171
0,6.173
0,6.174
0,6.168
0,6.171
0,6.17
0,6.174
0,6.174
0,6.174
0,6.174
0,6.182
0,6.178
0,6.18
0,6.181
0,6.182
0,6.186
0,6.184
0,6.184
0,6.182
0,6.176
0,6.175
0,6.18
0,6.175
0,6.177
0,6.178
0,6.176
0,6.177
0,6.177
0,6.175
0,6.174
0,6.17
0,6.167
0,6.166
0,6.162
0,6.164
0,6.164
0,6.171
0,6.174
0,6.172
0,6.172
0,6.174
0,6.175
0,6.172
0,6.173
0,6.178
0,6.18
0,6.18
0,6.18
0,6.179
0,6.177
0,6.18
0,6.18
0,6.184
0,6.18
0,6.178
0,6.176
0,6.18
0,6.177
0,6.175
0,6.179
0,6.178
0,6.18
0,6.182
0,6.184
0,6.186
0,6.184
0,6.184
0,6.184
0,6.184
0,6.188
0,6.188
0,6.187
0,6.19
0,6.191
0,6.194
0,6.198
0,6.198
0,6.191
0,6.19
0,6.188
0,6.188
0,6.187
0,6.19
0,6.188
0,6.189
0,6.19
0,6.186
0,6.188
0,6.188
0,6.191
0,6.194
0,6.194
0,6.194
0,6.196
0,6.195
0,6.198
0,6.193
0,6.197
0,6.189
0,6.188
0,6.175
0,6.177
0,6.178
0,6.174
0,6.167
0,6.163
0,6.171
0,6.172
0,6.178
0,6.174
0,6.176
0,6.18
0,6.179
0,6.181
0,6.18
0,6.179
0,6.178
0,6.184
0,6.182
0,6.18
0,6.181
0,6.192
0,6.188
0,6.188
0,6.189
0,6.191
0,6.19
0,6.19
0,6.186
0,6.18
0,6.182
0,6.178
0,6.178
0,6.178
0,6.188
0,6.188
0,6.191
0,6.187
0,6.184
0,6.183
0,6.172
0,6.172
0,6.174
0,6.174
0,6.172
0,6.17
0,6.173
0,6.182
0,6.186
0,6.184
0,6.188
0,6.187
0,6.187
0,6.198
0,6.207
0,6.214
0,6.204
0,6.204
0,6.205
0,6.204
0,6.206
0,6.204
0,6.209
0,6.216
0,6.219
0,6.216
0,6.22
0,6.22
0,6.216
0,6.216
0,6.218
0,6.214
0,6.216
0,6.211
0,6.21
0,6.208
0,6.207
0,6.212
0,6.206
0,6.206
0,6.203
0,6.204
0,6.203
0,6.202
0,6.206
0,6.204
0,6.204
0,6.207
0,6.202
0,6.379
0,6.382
0,6.382
0,6.388
0,6.39
0,6.344
0,6.37
0,6.361
0,6.377
0,6.354
0,6.369
0,6.353
0,6.356
0,6.351
0,6.351
0,6.329
0,6.344
0,6.35
0,6.357
0,6.36
0,6.366
0,6.372
0,6.368
0,6.356
0,6.357
0,6.35
0,6.334
0,6.342
0,6.343
0,6.342
0,6.338
0,6.334
0,6.324
0,6.32
0,6.322
0,6.322
0,6.324
0,6.316
0,6.323
0,6.321
0,6.317
0,6.322
0,6.318
0,6.32
0,6.322
0,6.324
0,6.326
0,6.326
0,6.332
0,6.339
0,6.345
0,6.358
0,6.362
0,6.362
0,6.354
0,6.356
0,6.363
0,6.354
0,6.352
0,6.36
0,6.358
0,6.356
0,6.35
0,6.357
0,6.354
0,6.35
0,6.353
0,6.354
0,6.343
0,6.334
0,6.325
0,6.33
0,6.344
0,6.334
0,6.334
0,6.336
0,6.334
0,6.338
0,6.348
0,6.347
0,6.348
0,6.355
0,6.352
0,6.358
0,6.351
0,6.356
0,6.362
0,6.376
0,6.384
0,6.386
0,6.386
0,6.387
0,6.393
0,6.389
0,6.396
0,6.402
0,6.4
0,6.393
0,6.389
0,6.398
0,6.396
0,6.414
0,6.404
0,6.404
0,6.412
0,6.406
0,6.412
0,6.4
0,6.4
0,6.4
0,6.406
0,6.403
0,6.403
0,6.4
0,6.405
0,6.402
0,6.406
0,6.398
0,6.404
0,6.399
0,6.401
0,6.406
0,6.408
0,6.413
0,6.426
0,6.442
0,6.448
0,6.446
0,6.434
0,6.438
0,6.436
0,6.442
0,6.444
0,6.45
0,6.47
0,6.464
0,6.464
0,6.471
0,6.473
0,6.462
0,6.486
0,6.49
0,6.478
0,6.474
0,6.476
0,6.48
0,6.48
0,6.48
0,6.478
0,6.473
0,6.476
0,6.473
0,6.459
0,6.457
0,6.46
0,6.448
0,6.463
0,6.474
0,6.479
0,6.486
0,6.476
0,6.476
0,6.472
0,6.476
0,6.467
0,6.462
0,6.472
0,6.478
0,6.48
0,6.476
0,6.48
0,6.482
0,6.488
0,6.474
0,6.476
0,6.473
0,6.461
0,6.466
0,6.47
0,6.474
0,6.47
0,6.48
0,6.482
0,6.48
0,6.476
0,6.474
0,6.472
0,6.47
0,6.47
0,6.456
0,6.457
0,6.462
0,6.462
0,6.464
0,6.471
0,6.47
0,6.472
0,6.469
0,6.472
0,6.473
0,6.472
0,6.468
0,6.463
0,6.46
0,6.462
0,6.466
0,6.468
0,6.466
0,6.466
0,6.471
0,6.47
0,6.473
0,6.464
0,6.467
0,6.46
0,6.464
0,6.466
0,6.471
0,6.468
0,6.466
0,6.462
0,6.46
0,6.461
0,6.456
0,6.457
0,6.451
0,6.448
0,6.444
0,6.448
0,6.444
0,6.442
0,6.44
0,6.444
0,6.451
0,6.456
0,6.456
0,6.453
0,6.46
0,6.462
0,6.459
0,6.466
0,6.472
0,6.466
0,6.461
0,6.458
0,6.462
0,6.461
0,6.464
0,6.463
0,6.458
0,6.46
0,6.457
0,6.459
0,6.456
0,6.45
0,6.448
0,6.458
0,6.458
0,6.461
0,6.46
0,6.465
0,6.462
0,6.464
0,6.464
0,6.466
0,6.465
0,6.464
0,6.466
0,6.464
0,6.466
0,6.462
0,6.465
0,6.464
0,6.462
0,6.462
0,6.464
0,6.464
0,6.462
0,6.464
0,6.468
0,6.468
0,6.464
0,6.461
0,6.462
0,6.454
0,6.458
0,6.455
0,6.458
0,6.457
0,6.456
0,6.457
0,6.454
0,6.459
0,6.46
0,6.458
0,6.46
0,6.464
0,6.464
0,6.466
0,6.468
0,6.472
0,6.477
0,6.48
0,6.482
0,6.483
0,6.483
0,6.483
0,6.486
0,6.485
0,6.486
0,6.484
0,6.494
0,6.489
0,6.492
0,6.499
0,6.501
0,6.502
0,6.504
0,6.498
0,6.494
0,6.496
0,6.48
0,6.483
0,6.485
0,6.484
0,6.484
0,6.476
0,6.48
0,6.482
0,6.482
0,6.48
0,6.478
0,6.476
0,6.475
0,6.474
0,6.474
0,6.478
0,6.48
0,6.478
0,6.478
0,6.474
0,6.476
0,6.475
0,6.476
0,6.47
0,6.472
0,6.475
0,6.472
0,6.473
0,6.467
0,6.47
0,6.468
0,6.467
0,6.465
0,6.462
0,6.463
0,6.466
0,6.468
0,6.466
0,6.467
0,6.468
0,6.466
0,6.468
0,6.472
0,6.472
0,6.473
0,6.473
0,6.472
0,6.476
0,6.476
0,6.473
0,6.473
0,6.476
0,6.48
0,6.483
0,6.48
0,6.472
0,6.467
0,6.466
0,6.467
0,6.466
0,6.463
0,6.464
0,6.467
0,6.468
0,6.467
0,6.468
0,6.466
0,6.464
0,6.453
0,6.445
0,6.443
0,6.446
0,6.45
0,6.452
0,6.456
0,6.456
0,6.45
0,6.448
0,6.446
0,6.455
0,6.454
0,6.459
0,6.456
0,6.457
0,6.455
0,6.459
0,6.468
0,6.473
0,6.475
0,6.475
0,6.473
0,6.464
0,6.466
0,6.46
0,6.462
0,6.468
0,6.472
0,6.474
0,6.475
0,6.473
0,6.474
0,6.476
0,6.475
0,6.473
0,6.472
0,6.472
0,6.466
0,6.462
0,6.47
0,6.476
0,6.476
0,6.473
0,6.47
0,6.47
0,6.472
0,6.469
0,6.485
0,6.482
0,6.48
0,6.488
0,6.491
0,6.482
0,6.485
0,6.482
0,6.483
0,6.481
0,6.477
0,6.486
0,6.49
0,6.49
0,6.492
0,6.494
0,6.489
0,6.49
0,6.496
0,6.498
0,6.504
0,6.51
0,6.51
0,6.5
0,6.504
0,6.506
0,6.505
0,6.514
0,6.516
0,6.523
0,6.524
0,6.528
0,6.53
0,6.532
0,6.531
0,6.534
0,6.524
0,6.525
0,6.524
0,6.512
0,6.518
0,6.522
0,6.53
0,6.528
0,6.534
0,6.529
0,6.53
0,6.528
0,6.521
0,6.52
0,6.52
0,6.516
0,6.512
0,6.512
0,6.506
0,6.513
0,6.519
0,6.53
0,6.524
0,6.528
0,6.52
0,6.513
0,6.511
0,6.522
0,6.523
0,6.416
0,6.44
0,6.434
0,6.451
0,6.442
0,6.441
0,6.432
0,6.43
0,6.44
0,6.436
0,6.444
0,6.451
0,6.44
0,6.448
0,6.442
0,6.446
0,6.444
0,6.45
0,6.479
0,6.495
0,6.481
0,6.494
0,6.492
0,6.501
0,6.491
0,6.483
0,6.497
0,6.488
0,6.481
0,6.474
0,6.466
0,6.458
0,6.45
0,6.444
0,6.437
0,6.429
0,6.422
0,6.405
0,6.405
0,6.422
0,6.438
0,6.452
0,6.469
0,6.456
0,6.444
0,6.454
0,6.454
0,6.443
0,6.437
0,6.43
0,6.426
0,6.434
0,6.438
0,6.446
0,6.448
0,6.458
0,6.464
0,6.459
0,6.466
0,6.456
0,6.441
0,6.444
0,6.445
0,6.459
0,6.472
0,6.47
0,6.48
0,6.47
0,6.456
0,6.458
0,6.458
0,6.46
0,6.451
0,6.451
0,6.446
0,6.436
0,6.435
0,6.432
0,6.436
0,6.438
0,6.434
0,6.45
0,6.444
0,6.446
0,6.444
0,6.446
0,6.446
0,6.444
0,6.447
0,6.444
0,6.442
0,6.432
0,6.425
0,6.424
0,6.421
0,6.434
0,6.43
0,6.432
0,6.432
0,6.439
0,6.44
0,6.438
0,6.412
0,6.412
0,6.409
0,6.406
0,6.416
0,6.425
0,6.428
0,6.438
0,6.431
0,6.434
0,6.434
0,6.439
0,6.454
0,6.454
0,6.46
0,6.462
0,6.456
0,6.448
0,6.442
0,6.436
0,6.427
0,6.424
0,6.414
0,6.398
0,6.397
0,6.386
0,6.389
0,6.388
0,6.392
0,6.392
0,6.378
0,6.368
0,6.374
0,6.37
0,6.354
0,6.331
0,6.324
0,6.315
0,6.32
0,6.325
0,6.33
0,6.318
0,6.326
0,6.32
0,6.303
0,6.322
0,6.326
0,6.326
0,6.312
0,6.296
0,6.303
0,6.312
0,6.323
0,6.311
0,6.303
0,6.294
0,6.303
0,6.302
0,6.29
0,6.292
0,6.294
0,6.294
0,6.298
0,6.3
0,6.297
0,6.317
0,6.319
0,6.312
0,6.319
0,6.329
0,6.33
0,6.326
0,6.323
0,6.323
0,6.296
0,6.303
0,6.306
0,6.315
0,6.308
0,6.31
0,6.307
0,6.305
0,6.31
0,6.308
0,6.302
0,6.305
0,6.304
0,6.295
0,6.293
0,6.29
0,6.286
0,6.294
0,6.29
0,6.294
0,6.293
0,6.292
0,6.287
0,6.271
0,6.27
0,6.266
0,6.252
0,6.228
0,6.237
0,6.234
0,6.248
0,6.265
0,6.258
0,6.27
0,6.272
0,6.289
0,6.3
0,6.294
0,6.278
0,6.278
0,6.27
0,6.271
0,6.289
0,6.284
0,6.294
0,6.296
0,6.294
0,6.302
0,6.306
0,6.304
0,6.296
0,6.29
0,6.282
0,6.275
0,6.278
0,6.271
0,6.268
0,6.275
0,6.266
0,6.272
0,6.271
0,6.245
0,6.264
0,6.258
0,6.256
0,6.251
0,6.252
0,6.262
0,6.268
0,6.266
0,6.28
0,6.28
0,6.272
0,6.272
0,6.278
0,6.281
0,6.276
0,6.28
0,6.286
0,6.287
0,6.286
0,6.28
0,6.284
0,6.284
0,6.281
0,6.279
0,6.28
0,6.287
0,6.288
0,6.286
0,6.281
0,6.278
0,6.276
0,6.274
0,6.27
0,6.275
0,6.275
0,6.28
0,6.273
0,6.276
0,6.27
0,6.256
0,6.252
0,6.258
0,6.258
0,6.259
0,6.258
0,6.246
0,6.248
0,6.25
0,6.258
0,6.254
0,6.254
0,6.252
0,6.24
0,6.236
0,6.235
0,6.23
0,6.226
0,6.235
0,6.24
0,6.243
0,6.242
0,6.236
0,6.232
0,6.236
0,6.24
0,6.238
0,6.236
0,6.242
0,6.258
0,6.252
0,6.252
0,6.25
0,6.246
0,6.248
0,6.253
0,6.252
0,6.252
0,6.254
0,6.248
0,6.255
0,6.254
0,6.256
0,6.262
0,6.26
0,6.261
0,6.268
0,6.277
0,6.27
0,6.268
0,6.27
0,6.274
0,6.281
0,6.284
0,6.273
0,6.281
0,6.276
0,6.28
0,6.279
0,6.271
0,6.28
0,6.267
0,6.269
0,6.274
0,6.268
0,6.268
0,6.268
0,6.27
0,6.27
0,6.272
0,6.268
0,6.275
0,6.272
0,6.272
0,6.268
0,6.265
0,6.268
0,6.262
0,6.261
0,6.255
0,6.252
0,6.258
0,6.259
0,6.261
0,6.254
0,6.25
0,6.246
0,6.246
0,6.248
0,6.242
0,6.242
0,6.238
0,6.238
0,6.238
0,6.242
0,6.246
0,6.242
0,6.246
0,6.234
0,6.235
0,6.243
0,6.244
0,6.238
0,6.249
0,6.248
0,6.254
0,6.256
0,6.258
0,6.246
0,6.246
0,6.253
0,6.258
0,6.26
0,6.256
0,6.254
0,6.244
0,6.246
0,6.242
0,6.243
0,6.249
0,6.244
0,6.242
0,6.239
0,6.23
0,6.23
0,6.229
0,6.216
0,6.216
0,6.216
0,6.21
0,6.216
0,6.211
0,6.216
0,6.203
0,6.208
0,6.21
0,6.21
0,6.216
0,6.214
0,6.207
0,6.203
0,6.199
0,6.192
0,6.19
0,6.187
0,6.194
0,6.198
0,6.193
0,6.198
0,6.195
0,6.202
0,6.2
0,6.202
0,6.21
0,6.22
0,6.214
0,6.215
0,6.22
0,6.225
0,6.226
0,6.228
0,6.227
0,6.226
0,6.226
0,6.222
0,6.224
0,6.237
0,6.241
0,6.251
0,6.256
0,6.256
0,6.249
0,6.252
0,6.248
0,6.251
0,6.25
0,6.25
0,6.255
0,6.254
0,6.258
0,6.247
0,6.252
0,6.249
0,6.252
0,6.248
0,6.248
0,6.239
0,6.239
0,6.236
0,6.228
0,6.216
0,6.21
0,6.205
0,6.193
0,6.194
0,6.196
0,6.184
0,6.171
0,6.166
0,6.17
0,6.17
0,6.172
0,6.173
0,6.16
0,6.153
0,6.156
0,6.158
0,6.154
0,6.144
0,6.15
0,6.142
0,6.121
0,6.126
0,6.131
0,6.128
0,6.135
0,6.13
0,6.126
0,6.117
0,6.112
0,6.115
0,6.118
0,6.118
0,6.122
0,6.11
0,6.112
0,6.113
0,6.166
0,6.14
0,6.141
0,6.104
0,6.102
0,6.124
0,6.11
0,6.114
0,6.12
0,6.114
0,6.104
0,6.123
0,6.121
0,6.095
0,6.106
0,6.068
0,6.05
0,6.058
0,6.066
0,6.074
0,6.088
0,6.094
0,6.086
0,6.081
0,6.097
0,6.092
0,6.09
0,6.086
0,6.076
0,6.088
0,6.079
0,6.084
0,6.072
0,6.082
0,6.098
0,6.101
0,6.108
0,6.11
0,6.124
0,6.12
0,6.13
0,6.137
0,6.133
0,6.14
0,6.144
0,6.136
0,6.134
0,6.14
0,6.14
0,6.136
0,6.13
0,6.124
0,6.116
0,6.132
0,6.16
0,6.134
0,6.138
0,6.142
0,6.142
0,6.136
0,6.144
0,6.168
0,6.174
0,6.182
0,6.182
0,6.2
0,6.185
0,6.19
0,6.19
0,6.176
0,6.175
0,6.166
0,6.17
0,6.163
0,6.159
0,6.164
0,6.169
0,6.17
0,6.185
0,6.18
0,6.176
0,6.188
0,6.19
0,6.181
0,6.176
0,6.174
0,6.18
0,6.18
0,6.176
0,6.18
0,6.164
0,6.156
0,6.168
0,6.172
0,6.161
0,6.16
0,6.175
0,6.176
0,6.178
0,6.183
0,6.178
0,6.2
0,6.212
0,6.198
0,6.205
0,6.206
0,6.206
0,6.196
0,6.19
0,6.204
0,6.203
0,6.192
0,6.184
0,6.187
0,6.196
0,6.198
0,6.193
0,6.2
0,6.205
0,6.207
0,6.208
0,6.2
0,6.212
0,6.201
0,6.206
0,6.21
0,6.214
0,6.22
0,6.216
0,6.206
0,6.2
0,6.188
0,6.186
0,6.186
0,6.193
0,6.206
0,6.212
0,6.218
0,6.222
0,6.22
0,6.225
0,6.226
0,6.233
0,6.226
0,6.226
0,6.219
0,6.22
0,6.222
0,6.225
0,6.222
0,6.22
0,6.212
0,6.195
0,6.195
0,6.198
0,6.203
0,6.205
0,6.202
0,6.21
0,6.214
0,6.204
0,6.197
0,6.185
0,6.196
0,6.198
0,6.199
0,6.194
0,6.192
0,6.197
0,6.212
0,6.213
0,6.214
0,6.217
0,6.218
0,6.214
0,6.214
0,6.21
0,6.21
0,6.212
0,6.219
0,6.222
0,6.222
0,6.22
0,6.216
0,6.208
0,6.216
0,6.222
0,6.217
0,6.22
0,6.222
0,6.22
0,6.219
0,6.221
0,6.22
0,6.218
0,6.209
0,6.206
0,6.202
0,6.194
0,6.195
0,6.196
0,6.202
0,6.196
0,6.194
0,6.19
0,6.174
0,6.176
0,6.18
0,6.184
0,6.183
0,6.18
0,6.174
0,6.172
0,6.167
0,6.164
0,6.164
0,6.156
0,6.156
0,6.153
0,6.158
0,6.164
0,6.17
0,6.164
0,6.167
0,6.16
0,6.164
0,6.159
0,6.154
0,6.155
0,6.154
0,6.154
0,6.153
0,6.161
0,6.161
0,6.159
0,6.158
0,6.166
0,6.17
0,6.166
0,6.156
0,6.154
0,6.161
0,6.159
0,6.154
0,6.152
0,6.147
0,6.142
0,6.138
0,6.156
0,6.155
0,6.156
0,6.156
0,6.156
0,6.158
0,6.146
0,6.145
0,6.139
0,6.138
0,6.14
0,6.136
0,6.138
0,6.135
0,6.134
0,6.131
0,6.134
0,6.127
0,6.128
0,6.127
0,6.126
0,6.13
0,6.13
0,6.13
0,6.13
0,6.128
0,6.13
0,6.122
0,6.116
0,6.12
0,6.122
0,6.124
0,6.127
0,6.121
0,6.138
0,6.137
0,6.13
0,6.131
0,6.13
0,6.134
0,6.134
0,6.138
0,6.14
0,6.142
0,6.142
0,6.136
0,6.132
0,6.129
0,6.124
0,6.124
0,6.122
0,6.124
0,6.124
0,6.12
0,6.119
0,6.116
0,6.118
0,6.12
0,6.128
0,6.124
0,6.12
0,6.117
0,6.124
0,6.124
0,6.13
0,6.125
0,6.12
0,6.12
0,6.124
0,6.12
0,6.123
0,6.121
0,6.12
0,6.12
0,6.122
0,6.118
0,6.124
0,6.126
0,6.118
0,6.12
0,6.12
0,6.118
0,6.112
0,6.117
0,6.115
0,6.11
0,6.105
0,6.104
0,6.104
0,6.102
0,6.101
0,6.095
0,6.094
0,6.095
0,6.094
0,6.094
0,6.097
0,6.104
0,6.101
0,6.111
0,6.116
0,6.112
0,6.118
0,6.121
0,6.127
0,6.124
0,6.125
0,6.117
0,6.118
0,6.119
0,6.119
0,6.121
0,6.123
0,6.125
0,6.125
0,6.117
0,6.117
0,6.12
0,6.121
0,6.12
0,6.123
0,6.117
0,6.114
0,6.117
0,6.122
0,6.12
0,6.117
0,6.115
0,6.115
0,6.114
0,6.114
0,6.118
0,6.118
0,6.122
0,6.126
0,6.126
0,6.116
0,6.108
0,6.113
0,6.11
0,6.104
0,6.106
0,6.107
0,6.095
0,6.098
0,6.11
0,6.114
0,6.12
0,6.124
0,6.122
0,6.112
0,6.118
0,6.106
0,6.106
0,6.096
0,6.097
0,6.098
0,6.097
0,6.088
0,6.086
0,6.086
0,6.09
0,6.092
0,6.095
0,6.1
0,6.104
0,6.1
0,6.094
0,6.1
0,6.097
0,6.092
0,6.084
0,6.084
0,6.078
0,6.079
0,6.076
0,6.07
0,6.068
0,6.07
0,6.081
0,6.079
0,6.081
0,6.086
0,6.089
0,6.086
0,6.086
0,6.092
0,6.102
0,6.095
0,6.104
0,6.104
0,6.098
0,6.097
0,6.096
0,6.094
0,6.094
0,6.098
0,6.102
0,6.108
0,6.107
0,6.104
0,6.098
0,6.083
0,6.076
0,6.082
0,6.078
0,6.072
0,6.072
0,6.062
0,6.053
0,6.046
0,6.047
0,6.052
0,6.056
0,6.062
0,6.05
0,6.045
0,6.049
0,6.04
0,6.043
0,6.046
0,6.044
0,6.042
0,6.044
0,6.05
0,6.061
0,6.065
0,6.06
0,6.065
0,6.061
0,6.068
0,6.07
0,6.067
0,6.079
0,6.076
0,6.078
0,6.079
0,6.084
0,6.09
0,6.09
0,6.104
0,6.112
0,6.114
0,6.11
0,6.114
0,6.112
0,6.114
0,6.211
0,6.194
0,6.184
0,6.205
0,6.186
0,6.193
0,6.201
0,6.223
0,6.246
0,6.251
0,6.245
0,6.256
0,6.266
0,6.208
0,6.222
0,6.232
0,6.246
0,6.251
0,6.254
0,6.265
0,6.286
0,6.308
0,6.337
0,6.331
0,6.328
0,6.334
0,6.34
0,6.327
0,6.342
0,6.344
0,6.343
0,6.348
0,6.366
0,6.363
0,6.362
0,6.361
0,6.364
0,6.364
0,6.363
0,6.355
0,6.351
0,6.349
0,6.348
0,6.344
0,6.35
0,6.352
0,6.354
0,6.358
0,6.355
0,6.346
0,6.348
0,6.355
0,6.366
0,6.366
0,6.358
0,6.357
0,6.366
0,6.374
0,6.38
0,6.368
0,6.356
0,6.365
0,6.377
0,6.382
0,6.376
0,6.372
0,6.368
0,6.352
0,6.352
0,6.344
0,6.344
0,6.334
0,6.33
0,6.321
0,6.308
0,6.312
0,6.294
0,6.306
0,6.313
0,6.299
0,6.293
0,6.295
0,6.297
0,6.29
0,6.276
0,6.29
0,6.294
0,6.296
0,6.279
0,6.262
0,6.264
0,6.274
0,6.276
0,6.289
0,6.288
0,6.284
0,6.286
0,6.272
0,6.28
0,6.285
0,6.29
0,6.292
0,6.29
0,6.294
0,6.293
0,6.286
0,6.287
0,6.291
0,6.297
0,6.296
0,6.308
0,6.306
0,6.319
0,6.318
0,6.322
0,6.318
0,6.323
0,6.316
0,6.326
0,6.322
0,6.326
0,6.334
0,6.334
0,6.334
0,6.331
0,6.319
0,6.319
0,6.322
0,6.314
0,6.316
0,6.315
0,6.317
0,6.322
0,6.321
0,6.326
0,6.326
0,6.328
0,6.317
0,6.316
0,6.316
0,6.322
0,6.318
0,6.316
0,6.326
0,6.329
0,6.334
0,6.332
0,6.328
0,6.322
0,6.322
0,6.328
0,6.331
0,6.334
0,6.332
0,6.323
0,6.324
0,6.32
0,6.312
0,6.321
0,6.31
0,6.307
0,6.307
0,6.302
0,6.307
0,6.308
0,6.309
0,6.31
0,6.308
0,6.306
0,6.316
0,6.32
0,6.322
0,6.321
0,6.304
0,6.308
0,6.306
0,6.305
0,6.306
0,6.313
0,6.316
0,6.323
0,6.326
0,6.324
0,6.324
0,6.324
0,6.318
0,6.317
0,6.309
0,6.303
0,6.309
0,6.31
0,6.32
0,6.312
0,6.31
0,6.313
0,6.313
0,6.315
0,6.316
0,6.311
0,6.314
0,6.318
0,6.318
0,6.326
0,6.329
0,6.327
0,6.321
0,6.312
0,6.312
0,6.312
0,6.309
0,6.307
0,6.306
0,6.312
0,6.32
0,6.327
0,6.326
0,6.322
0,6.32
0,6.316
0,6.313
0,6.316
0,6.316
0,6.313
0,6.311
0,6.316
0,6.314
0,6.311
0,6.309
0,6.308
0,6.31
0,6.322
0,6.323
0,6.317
0,6.313
0,6.312
0,6.317
0,6.319
0,6.32
0,6.319
0,6.334
0,6.324
0,6.319
0,6.314
0,6.321
0,6.324
0,6.326
0,6.331
0,6.335
0,6.334
0,6.33
0,6.334
0,6.332
0,6.334
0,6.342
0,6.344
0,6.342
0,6.342
0,6.338
0,6.339
0,6.338
0,6.335
0,6.334
0,6.336
0,6.328
0,6.329
0,6.328
0,6.329
0,6.328
0,6.322
0,6.32
0,6.32
0,6.324
0,6.328
0,6.332
0,6.336
0,6.34
0,6.342
0,6.342
0,6.342
0,6.342
0,6.342
0,6.342
0,6.343
0,6.354
0,6.357
0,6.367
0,6.363
0,6.364
0,6.372
0,6.369
0,6.372
0,6.374
0,6.374
0,6.37
0,6.363
0,6.356
0,6.359
0,6.364
0,6.366
0,6.37
0,6.374
0,6.37
0,6.366
0,6.366
0,6.368
0,6.374
0,6.37
0,6.36
0,6.367
0,6.366
0,6.36
0,6.364
0,6.365
0,6.364
0,6.364
0,6.36
0,6.36
0,6.359
0,6.358
0,6.359
0,6.364
0,6.364
0,6.366
0,6.364
0,6.367
0,6.371
0,6.373
0,6.38
0,6.381
0,6.375
0,6.375
0,6.368
0,6.366
0,6.364
0,6.372
0,6.372
0,6.368
0,6.371
0,6.376
0,6.38
0,6.377
0,6.382
0,6.382
0,6.382
0,6.376
0,6.378
0,6.384
0,6.386
0,6.388
0,6.38
0,6.379
0,6.382
0,6.377
0,6.37
0,6.368
0,6.358
0,6.35
0,6.345
0,6.344
0,6.348
0,6.352
0,6.356
0,6.358
0,6.361
0,6.36
0,6.355
0,6.355
0,6.352
0,6.34
0,6.348
0,6.35
0,6.346
0,6.342
0,6.336
0,6.334
0,6.331
0,6.333
0,6.336
0,6.338
0,6.344
0,6.34
0,6.342
0,6.347
0,6.35
0,6.356
0,6.36
0,6.352
0,6.347
0,6.348
0,6.346
0,6.348
0,6.35
0,6.352
0,6.348
0,6.343
0,6.336
0,6.344
0,6.35
0,6.354
0,6.354
0,6.352
0,6.364
0,6.368
0,6.368
0,6.366
0,6.361
0,6.359
0,6.356
0,6.352
0,6.355
0,6.355
0,6.351
0,6.352
0,6.354
0,6.356
0,6.361
0,6.358
0,6.355
0,6.358
0,6.356
0,6.357
0,6.364
0,6.361
0,6.37
0,6.366
0,6.368
0,6.362
0,6.36
0,6.362
0,6.355
0,6.361
0,6.363
0,6.362
0,6.36
0,6.362
0,6.362
0,6.363
0,6.356
0,6.351
0,6.352
0,6.35
0,6.35
0,6.34
0,6.34
0,6.344
0,6.342
0,6.342
0,6.338
0,6.338
0,6.346
0,6.348
0,6.345
0,6.345
0,6.342
0,6.338
0,6.347
0,6.348
0,6.351
0,6.364
0,6.358
0,6.36
0,6.366
0,6.369
0,6.359
0,6.356
0,6.36
0,6.364
0,6.363
0,6.364
0,6.359
0,6.356
0,6.356
0,6.36
0,6.363
0,6.366
0,6.362
0,6.357
0,6.359
0,6.359
0,6.358
0,6.36
0,6.362
0,6.362
0,6.354
0,6.346
0,6.348
0,6.352
0,6.35
0,6.35
0,6.348
0,6.354
0,6.359
0,6.362
0,6.36
0,6.364
0,6.368
0,6.371
0,6.377
0,6.372
0,6.368
0,6.368
0,6.37
0,6.369
0,6.376
0,6.485
0,6.478
0,6.485
0,6.458
0,6.454
0,6.444
0,6.488
0,6.485
0,6.483
0,6.48
0,6.487
0,6.472
0,6.482
0,6.478
0,6.452
0,6.456
0,6.444
0,6.458
0,6.446
0,6.446
0,6.461
0,6.456
0,6.446
0,6.451
0,6.445
0,6.442
0,6.429
0,6.422
0,6.414
0,6.407
0,6.411
0,6.416
0,6.416
0,6.422
0,6.419
0,6.416
0,6.43
0,6.428
0,6.433
0,6.436
0,6.44
0,6.443
0,6.44
0,6.446
0,6.432
0,6.427
0,6.422
0,6.431
0,6.428
0,6.418
0,6.437
0,6.434
0,6.432
0,6.44
0,6.446
0,6.429
0,6.432
0,6.424
0,6.422
0,6.425
0,6.427
0,6.424
0,6.412
0,6.415
0,6.412
0,6.402
0,6.39
0,6.405
0,6.396
0,6.39
0,6.392
0,6.388
0,6.392
0,6.388
0,6.385
0,6.38
0,6.39
0,6.384
0,6.384
0,6.39
0,6.384
0,6.38
0,6.38
0,6.387
0,6.401
0,6.412
0,6.409
0,6.406
0,6.398
0,6.398
0,6.398
0,6.396
0,6.395
0,6.393
0,6.402
0,6.4
0,6.403
0,6.402
0,6.399
0,6.39
0,6.396
0,6.4
0,6.402
0,6.4
0,6.399
0,6.395
0,6.401
0,6.401
0,6.405
0,6.406
0,6.404
0,6.406
0,6.404
0,6.394
0,6.393
0,6.398
0,6.409
0,6.423
0,6.428
0,6.43
0,6.424
0,6.424
0,6.428
0,6.418
0,6.432
0,6.432
0,6.425
0,6.421
0,6.418
0,6.408
0,6.407
0,6.411
0,6.411
0,6.408
0,6.406
0,6.413
0,6.424
0,6.417
0,6.419
0,6.426
0,6.425
0,6.432
0,6.438
0,6.436
0,6.436
0,6.432
0,6.431
0,6.431
0,6.432
0,6.425
0,6.425
0,6.424
0,6.414
0,6.428
0,6.434
0,6.433
0,6.435
0,6.429
0,6.422
0,6.422
0,6.42
0,6.426
0,6.416
0,6.418
0,6.422
0,6.425
0,6.424
0,6.419
0,6.426
0,6.425
0,6.428
0,6.432
0,6.427
0,6.423
0,6.422
0,6.422
0,6.424
0,6.424
0,6.423
0,6.42
0,6.418
0,6.424
0,6.422
0,6.422
0,6.424
0,6.424
0,6.427
0,6.43
0,6.423
0,6.422
0,6.422
0,6.422
0,6.424
0,6.439
0,6.435
0,6.436
0,6.434
0,6.436
0,6.438
0,6.441
0,6.446
0,6.443
0,6.446
0,6.45
0,6.45
0,6.462
0,6.458
0,6.453
0,6.45
0,6.442
0,6.441
0,6.442
0,6.442
0,6.441
0,6.44
0,6.44
0,6.444
0,6.442
0,6.444
0,6.444
0,6.438
0,6.438
0,6.445
0,6.44
0,6.439
0,6.436
0,6.436
0,6.44
0,6.44
0,6.43
0,6.432
0,6.422
0,6.423
0,6.432
0,6.441
0,6.438
0,6.434
0,6.434
0,6.434
0,6.431
0,6.428
0,6.436
0,6.434
0,6.436
0,6.442
0,6.444
0,6.448
0,6.444
0,6.435
0,6.434
0,6.426
0,6.436
0,6.444
0,6.446
0,6.445
0,6.442
0,6.447
0,6.441
0,6.43
0,6.428
0,6.44
0,6.444
0,6.444
0,6.448
0,6.444
0,6.446
0,6.45
0,6.452
0,6.454
0,6.458
0,6.466
0,6.474
0,6.478
0,6.472
0,6.476
0,6.468
0,6.466
0,6.464
0,6.462
0,6.459
0,6.46
0,6.458
0,6.461
0,6.461
0,6.464
0,6.464
0,6.462
0,6.456
0,6.46
0,6.46
0,6.462
0,6.45
0,6.448
0,6.448
0,6.45
0,6.45
0,6.45
0,6.444
0,6.444
0,6.45
0,6.446
0,6.448
0,6.444
0,6.444
0,6.437
0,6.427
0,6.432
0,6.434
0,6.432
0,6.435
0,6.434
0,6.436
0,6.44
0,6.446
0,6.444
0,6.444
0,6.445
0,6.45
0,6.452
0,6.45
0,6.455
0,6.446
0,6.441
0,6.441
0,6.434
0,6.436
0,6.441
0,6.442
0,6.441
0,6.441
0,6.44
0,6.435
0,6.442
0,6.444
0,6.446
0,6.454
0,6.457
0,6.46
0,6.456
0,6.453
0,6.443
0,6.436
0,6.435
0,6.439
0,6.44
0,6.439
0,6.438
0,6.436
0,6.436
0,6.437
0,6.442
0,6.44
0,6.437
0,6.438
0,6.434
0,6.43
0,6.428
0,6.424
0,6.43
0,6.424
0,6.425
0,6.424
0,6.434
0,6.437
0,6.42
0,6.42
0,6.419
0,6.418
0,6.43
0,6.422
0,6.43
0,6.426
0,6.43
0,6.423
0,6.425
0,6.422
0,6.417
0,6.422
0,6.42
0,6.426
0,6.425
0,6.424
0,6.428
0,6.432
0,6.436
0,6.445
0,6.442
0,6.448
0,6.456
0,6.454
0,6.446
0,6.454
0,6.448
0,6.45
0,6.45
0,6.454
0,6.449
0,6.457
0,6.461
0,6.456
0,6.458
0,6.459
0,6.456
0,6.456
0,6.446
0,6.442
0,6.445
0,6.451
0,6.442
0,6.438
0,6.44
0,6.428
0,6.432
0,6.432
0,6.433
0,6.44
0,6.437
0,6.443
0,6.441
0,6.426
0,6.437
0,6.432
0,6.435
0,6.438
0,6.44
0,6.44
0,6.439
0,6.438
0,6.438
0,6.436
0,6.437
0,6.434
0,6.432
0,6.435
0,6.435
0,6.431
0,6.43
0,6.432
0,6.434
0,6.434
0,6.434
0,6.432
0,6.43
0,6.43
0,6.428
0,6.432
0,6.432
0,6.424
0,6.419
0,6.424
0,6.425
0,6.425
0,6.43
0,6.431
0,6.43
0,6.438
0,6.436
0,6.437
0,6.431
0,6.43
0,6.431
0,6.429
0,6.419
0,6.427
0,6.427
0,6.43
0,6.434
0,6.432
0,6.428
0,6.43
0,6.432
0,6.432
0,6.432
0,6.436
0,6.434
0,6.435
0,6.434
0,6.435
0,6.438
0,6.438
0,6.438
0,6.434
0,6.432
0,6.436
0,6.432
0,6.432
0,6.432
0,6.432
0,6.432
0,6.428
0,6.427
0,6.425
0,6.419
0,6.416
0,6.393
0,6.407
0,6.424
0,6.414
0,6.393
0,6.399
0,6.406
0,6.377
0,6.38
0,6.39
0,6.403
0,6.398
0,6.406
0,6.394
0,6.4
0,6.416
0,6.422
0,6.414
0,6.408
0,6.421
0,6.4
0,6.422
0,6.418
0,6.412
0,6.408
0,6.402
0,6.412
0,6.422
0,6.422
0,6.428
0,6.434
0,6.436
0,6.466
0,6.47
0,6.471
0,6.476
0,6.48
0,6.48
0,6.48
0,6.48
0,6.476
0,6.468
0,6.466
0,6.459
0,6.466
0,6.469
0,6.475
0,6.466
0,6.456
0,6.448
0,6.454
0,6.468
0,6.468
0,6.455
0,6.453
0,6.448
0,6.446
0,6.453
0,6.446
0,6.454
0,6.454
0,6.452
0,6.451
0,6.448
0,6.448
0,6.448
0,6.442
0,6.449
0,6.448
0,6.441
0,6.441
0,6.44
0,6.436
0,6.436
0,6.442
0,6.437
0,6.438
0,6.434
0,6.428
0,6.416
0,6.406
0,6.414
0,6.417
0,6.414
0,6.414
0,6.406
0,6.414
0,6.404
0,6.406
0,6.404
0,6.408
0,6.408
0,6.401
0,6.402
0,6.396
0,6.395
0,6.388
0,6.383
0,6.384
0,6.387
0,6.388
0,6.4
0,6.402
0,6.406
0,6.42
0,6.414
0,6.416
0,6.414
0,6.412
0,6.399
0,6.394
0,6.388
0,6.388
0,6.39
0,6.389
0,6.396
0,6.401
0,6.399
0,6.4
0,6.383
0,6.385
0,6.391
0,6.391
0,6.388
0,6.388
0,6.389
0,6.393
0,6.393
0,6.4
0,6.404
0,6.406
0,6.409
0,6.406
0,6.402
0,6.4
0,6.394
0,6.398
0,6.397
0,6.388
0,6.388
0,6.388
0,6.388
0,6.384
0,6.39
0,6.397
0,6.404
0,6.404
0,6.403
0,6.403
0,6.402
0,6.399
0,6.402
0,6.4
0,6.409
0,6.409
0,6.417
0,6.408
0,6.406
0,6.404
0,6.402
0,6.406
0,6.407
0,6.406
0,6.406
0,6.404
0,6.404
0,6.404
0,6.4
0,6.409
0,6.408
0,6.408
0,6.406
0,6.399
0,6.394
0,6.388
0,6.384
0,6.384
0,6.39
0,6.397
0,6.398
0,6.396
0,6.388
0,6.383
0,6.386
0,6.381
0,6.384
0,6.378
0,6.38
0,6.384
0,6.389
0,6.395
0,6.391
0,6.398
0,6.395
0,6.39
0,6.396
0,6.398
0,6.404
0,6.4
0,6.396
0,6.397
0,6.396
0,6.4
0,6.394
0,6.396
0,6.395
0,6.396
0,6.396
0,6.392
0,6.384
0,6.388
0,6.396
0,6.392
0,6.39
0,6.386
0,6.38
0,6.38
0,6.376
0,6.375
0,6.381
0,6.385
0,6.386
0,6.379
0,6.382
0,6.382
0,6.389
0,6.392
0,6.389
0,6.398
0,6.387
0,6.388
0,6.382
0,6.38
0,6.38
0,6.384
0,6.382
0,6.372
0,6.368
0,6.366
0,6.365
0,6.361
0,6.363
0,6.369
0,6.377
0,6.374
0,6.368
0,6.366
0,6.368
0,6.367
0,6.373
0,6.373
0,6.362
0,6.366
0,6.364
0,6.364
0,6.368
0,6.362
0,6.362
0,6.36
0,6.36
0,6.36
0,6.361
0,6.36
0,6.363
0,6.362
0,6.354
0,6.356
0,6.357
0,6.357
0,6.358
0,6.36
0,6.36
0,6.361
0,6.352
0,6.35
0,6.348
0,6.349
0,6.358
0,6.361
0,6.362
0,6.366
0,6.367
0,6.374
0,6.375
0,6.38
0,6.376
0,6.374
0,6.376
0,6.376
0,6.374
0,6.374
0,6.374
0,6.374
0,6.37
0,6.368
0,6.376
0,6.374
0,6.374
0,6.374
0,6.374
0,6.371
0,6.377
0,6.376
0,6.379
0,6.371
0,6.373
0,6.373
0,6.371
0,6.374
0,6.376
0,6.374
0,6.374
0,6.368
0,6.374
0,6.371
0,6.37
0,6.371
0,6.373
0,6.373
0,6.376
0,6.38
0,6.386
0,6.393
0,6.39
0,6.393
0,6.392
0,6.386
0,6.389
0,6.392
0,6.393
0,6.394
0,6.406
0,6.403
0,6.412
0,6.42
0,6.424
0,6.426
0,6.42
0,6.422
0,6.422
0,6.426
0,6.42
0,6.415
0,6.414
0,6.412
0,6.409
0,6.398
0,6.403
0,6.406
0,6.406
0,6.4
0,6.4
0,6.4
0,6.402
0,6.394
0,6.386
0,6.392
0,6.398
0,6.399
0,6.402
0,6.4
0,6.395
0,6.392
0,6.392
0,6.396
0,6.392
0,6.387
0,6.377
0,6.377
0,6.381
0,6.39
0,6.386
0,6.394
0,6.388
0,6.382
0,6.387
0,6.382
0,6.384
0,6.381
0,6.371
0,6.368
0,6.36
0,6.36
0,6.37
0,6.379
0,6.37
0,6.358
0,6.355
0,6.356
0,6.37
0,6.365
0,6.367
0,6.366
0,6.364
0,6.363
0,6.359
0,6.356
0,6.354
0,6.355
0,6.356
0,6.356
0,6.356
0,6.361
0,6.357
0,6.356
0,6.353
0,6.353
0,6.342
0,6.329
0,6.323
0,6.312
0,6.31
0,6.313
0,6.295
0,6.302
0,6.296
0,6.292
0,6.292
0,6.29
0,6.29
0,6.284
0,6.29
0,6.294
0,6.3
0,6.298
0,6.292
0,6.291
0,6.286
0,6.284
0,6.279
0,6.268
0,6.272
0,6.266
0,6.27
0,6.283
0,6.284
0,6.274
0,6.262
0,6.263
0,6.26
0,6.27
0,6.279
0,6.28
0,6.28
0,6.27
0,6.28
0,6.282
0,6.28
0,6.3
0,6.289
0,6.288
0,6.288
0,6.284
0,6.285
0,6.286
0,6.282
0,6.288
0,6.297
0,6.29
0,6.288
0,6.283
0,6.285
0,6.287
0,6.284
0,6.287
0,6.292
0,6.298
0,6.292
0,6.29
0,6.3
0,6.299
0,6.299
0,6.302
0,6.299
0,6.295
0,6.292
0,6.287
0,6.28
0,6.268
0,6.265
0,6.269
0,6.267
0,6.27
0,6.265
0,6.263
0,6.259
0,6.253
0,6.246
0,6.235
0,6.234
0,6.24
0,6.233
0,6.22
0,6.216
0,6.529
0,6.494
0,6.518
0,6.568
0,6.608
0,6.571
0,6.568
0,6.541
0,6.533
0,6.524
0,6.554
0,6.572
0,6.568
0,6.572
0,6.594
0,6.599
0,6.599
0,6.57
0,6.571
0,6.555
0,6.546
0,6.51
0,6.508
0,6.494
0,6.478
0,6.508
0,6.504
0,6.485
0,6.492
0,6.491
0,6.499
0,6.522
0,6.49
0,6.469
0,6.478
0,6.496
0,6.499
0,6.466
0,6.46
0,6.483
0,6.48
0,6.444
0,6.438
0,6.452
0,6.457
0,6.438
0,6.42
0,6.407
0,6.409
0,6.43
0,6.434
0,6.417
0,6.409
0,6.412
0,6.409
0,6.402
0,6.4
0,6.396
0,6.379
0,6.362
0,6.363
0,6.319
0,6.348
0,6.36
0,6.362
0,6.379
0,6.386
0,6.37
0,6.368
0,6.39
0,6.389
0,6.385
0,6.41
0,6.408
0,6.403
0,6.417
0,6.398
0,6.4
0,6.412
0,6.411
0,6.402
0,6.396
0,6.384
0,6.378
0,6.378
0,6.388
0,6.392
0,6.387
0,6.377
0,6.363
0,6.354
0,6.374
0,6.386
0,6.384
0,6.414
0,6.427
0,6.44
0,6.438
0,6.444
0,6.428
0,6.428
0,6.428
0,6.436
0,6.443
0,6.438
0,6.438
0,6.436
0,6.438
0,6.438
0,6.437
0,6.438
0,6.436
0,6.438
0,6.435
0,6.438
0,6.442
0,6.452
0,6.44
0,6.424
0,6.428
0,6.408
0,6.403
0,6.4
0,6.391
0,6.39
0,6.38
0,6.38
0,6.393
0,6.397
0,6.41
0,6.422
0,6.416
0,6.423
0,6.428
0,6.432
0,6.425
0,6.429
0,6.423
0,6.422
0,6.411
0,6.422
0,6.424
0,6.427
0,6.431
0,6.429
0,6.434
0,6.432
0,6.43
0,6.431
0,6.43
0,6.44
0,6.434
0,6.433
0,6.424
0,6.429
0,6.439
0,6.444
0,6.456
0,6.458
0,6.456
0,6.458
0,6.462
0,6.47
0,6.485
0,6.492
0,6.515
0,6.508
0,6.504
0,6.5
0,6.512
0,6.51
0,6.516
0,6.506
0,6.51
0,6.512
0,6.512
0,6.516
0,6.515
0,6.517
0,6.523
0,6.516
0,6.518
0,6.513
0,6.488
0,6.485
0,6.502
0,6.5
0,6.51
0,6.506
0,6.502
0,6.504
0,6.5
0,6.494
0,6.491
0,6.502
0,6.508
0,6.52
0,6.517
0,6.521
0,6.524
0,6.536
0,6.538
0,6.539
0,6.548
0,6.54
0,6.528
0,6.536
0,6.54
0,6.539
0,6.54
0,6.534
0,6.522
0,6.522
0,6.521
0,6.518
0,6.526
0,6.512
0,6.514
0,6.53
0,6.532
0,6.537
0,6.542
0,6.528
0,6.528
0,6.528
0,6.527
0,6.528
0,6.542
0,6.54
0,6.536
0,6.524
0,6.528
0,6.525
0,6.538
0,6.533
0,6.524
0,6.521
0,6.487
0,6.472
0,6.473
0,6.488
0,6.492
0,6.491
0,6.486
0,6.486
0,6.48
0,6.481
0,6.478
0,6.478
0,6.478
0,6.478
0,6.488
0,6.49
0,6.489
0,6.488
0,6.488
0,6.485
0,6.486
0,6.483
0,6.492
0,6.492
0,6.5
0,6.494
0,6.489
0,6.488
0,6.485
0,6.47
0,6.48
0,6.482
0,6.483
0,6.485
0,6.484
0,6.48
0,6.474
0,6.479
0,6.476
0,6.474
0,6.476
0,6.478
0,6.482
0,6.474
0,6.478
0,6.485
0,6.478
0,6.492
0,6.501
0,6.502
0,6.504
0,6.504
0,6.508
0,6.512
0,6.511
0,6.499
0,6.505
0,6.51
0,6.506
0,6.496
0,6.5
0,6.5
0,6.506
0,6.51
0,6.509
0,6.517
0,6.518
0,6.526
0,6.528
0,6.526
0,6.524
0,6.52
0,6.515
0,6.515
0,6.518
0,6.516
0,6.518
0,6.509
0,6.507
0,6.506
0,6.511
0,6.512
0,6.521
0,6.515
0,6.518
0,6.514
0,6.501
0,6.489
0,6.481
0,6.482
0,6.473
0,6.466
0,6.47
0,6.467
0,6.476
0,6.48
0,6.482
0,6.479
0,6.475
0,6.47
0,6.462
0,6.46
0,6.46
0,6.462
0,6.456
0,6.461
0,6.456
0,6.456
0,6.448
0,6.448
0,6.448
0,6.441
0,6.435
0,6.428
0,6.427
0,6.412
0,6.403
0,6.393
0,6.405
0,6.387
0,6.382
0,6.372
0,6.368
0,6.376
0,6.39
0,6.4
0,6.386
0,6.376
0,6.379
0,6.378
0,6.37
0,6.366
0,6.366
0,6.369
0,6.363
0,6.36
0,6.339
0,6.356
0,6.365
0,6.355
0,6.358
0,6.354
0,6.343
0,6.371
0,6.373
0,6.362
0,6.362
0,6.371
0,6.354
0,6.352
0,6.358
0,6.364
0,6.357
0,6.356
0,6.353
0,6.336
0,6.346
0,6.336
0,6.352
0,6.345
0,6.342
0,6.338
0,6.34
0,6.334
0,6.342
0,6.343
0,6.344
0,6.334
0,6.334
0,6.33
0,6.341
0,6.342
0,6.35
0,6.358
0,6.348
0,6.353
0,6.352
0,6.358
0,6.354
0,6.36
0,6.356
0,6.365
0,6.352
0,6.344
0,6.35
0,6.338
0,6.339
0,6.351
0,6.352
0,6.353
0,6.347
0,6.352
0,6.356
0,6.355
0,6.35
0,6.362
0,6.364
0,6.358
0,6.366
0,6.362
0,6.373
0,6.359
0,6.357
0,6.362
0,6.364
0,6.368
0,6.366
0,6.363
0,6.373
0,6.382
0,6.382
0,6.392
0,6.393
0,6.395
0,6.371
0,6.369
0,6.377
0,6.382
0,6.386
0,6.391
0,6.388
0,6.39
0,6.395
0,6.396
0,6.399
0,6.4
0,6.4
0,6.396
0,6.39
0,6.394
0,6.39
0,6.392
0,6.386
0,6.388
0,6.39
0,6.388
0,6.39
0,6.383
0,6.384
0,6.382
0,6.378
0,6.378
0,6.376
0,6.382
0,6.381
0,6.38
0,6.384
0,6.382
0,6.374
0,6.378
0,6.372
0,6.37
0,6.374
0,6.374
0,6.374
0,6.374
0,6.367
0,6.37
0,6.366
0,6.361
0,6.358
0,6.362
0,6.36
0,6.356
0,6.34
0,6.332
0,6.287
0,6.272
0,6.261
0,6.251
0,6.226
0,6.249
0,6.252
0,6.256
0,6.23
0,6.207
0,6.212
0,6.223
0,6.223
0,6.223
0,6.258
0,6.26
0,6.241
0,6.251
0,6.258
0,6.265
0,6.278
0,6.277
0,6.275
0,6.262
0,6.278
0,6.284
0,6.274
0,6.274
0,6.284
0,6.28
0,6.281
0,6.287
0,6.28
0,6.276
0,6.266
0,6.263
0,6.265
0,6.27
0,6.276
0,6.275
0,6.278
0,6.274
0,6.274
0,6.274
0,6.291
0,6.296
0,6.305
0,6.303
0,6.304
0,6.299
0,6.305
0,6.304
0,6.303
0,6.31
0,6.307
0,6.302
0,6.302
0,6.303
0,6.302
0,6.304
0,6.32
0,6.317
0,6.304
0,6.31
0,6.304
0,6.31
0,6.316
0,6.315
0,6.322
0,6.317
0,6.315
0,6.315
0,6.311
0,6.306
0,6.306
0,6.307
0,6.303
0,6.302
0,6.306
0,6.306
0,6.306
0,6.313
0,6.313
0,6.318
0,6.326
0,6.328
0,6.331
0,6.336
0,6.337
0,6.334
0,6.334
0,6.336
0,6.342
0,6.347
0,6.354
0,6.349
0,6.343
0,6.34
0,6.344
0,6.35
0,6.347
0,6.356
0,6.366
0,6.372
0,6.38
0,6.382
0,6.38
0,6.384
0,6.382
0,6.392
0,6.388
0,6.373
0,6.369
0,6.374
0,6.38
0,6.38
0,6.387
0,6.392
0,6.386
0,6.388
0,6.392
0,6.399
0,6.406
0,6.417
0,6.412
0,6.405
0,6.407
0,6.404
0,6.414
0,6.427
0,6.42
0,6.424
0,6.427
0,6.414
0,6.418
0,6.416
0,6.413
0,6.412
0,6.426
0,6.441
0,6.42
0,6.426
0,6.428
0,6.427
0,6.423
0,6.424
0,6.411
0,6.411
0,6.417
0,6.414
0,6.42
0,6.419
0,6.424
0,6.432
0,6.429
0,6.432
0,6.428
0,6.42
0,6.429
0,6.43
0,6.435
0,6.44
0,6.439
0,6.454
0,6.46
0,6.458
0,6.462
0,6.449
0,6.454
0,6.448
0,6.44
0,6.436
0,6.434
0,6.437
0,6.44
0,6.446
0,6.448
0,6.44
0,6.451
0,6.448
0,6.453
0,6.453
0,6.455
0,6.456
0,6.462
0,6.457
0,6.465
0,6.469
0,6.478
0,6.476
0,6.482
0,6.482
0,6.476
0,6.456
0,6.461
0,6.457
0,6.457
0,6.459
0,6.45
0,6.446
0,6.452
0,6.456
0,6.45
0,6.453
0,6.471
0,6.477
0,6.469
0,6.477
0,6.471
0,6.472
0,6.468
0,6.468
0,6.472
0,6.478
0,6.48
0,6.48
0,6.475
0,6.476
0,6.476
0,6.478
0,6.471
0,6.472
0,6.472
0,6.47
0,6.466
0,6.462
0,6.458
0,6.46
0,6.462
0,6.462
0,6.46
0,6.456
0,6.454
0,6.446
0,6.44
0,6.441
0,6.436
0,6.438
0,6.432
0,6.434
0,6.442
0,6.444
0,6.444
0,6.444
0,6.445
0,6.443
0,6.452
0,6.454
0,6.456
0,6.456
0,6.457
0,6.46
0,6.456
0,6.462
0,6.45
0,6.446
0,6.452
0,6.456
0,6.452
0,6.449
0,6.448
0,6.451
0,6.451
0,6.452
0,6.452
0,6.454
0,6.45
0,6.452
0,6.454
0,6.462
0,6.473
0,6.472
0,6.474
0,6.473
0,6.47
0,6.47
0,6.47
0,6.464
0,6.469
0,6.467
0,6.471
0,6.467
0,6.464
0,6.468
0,6.46
0,6.459
0,6.457
0,6.446
0,6.448
0,6.452
0,6.459
0,6.454
0,6.458
0,6.457
0,6.458
0,6.461
0,6.466
0,6.465
0,6.464
0,6.467
0,6.46
0,6.46
0,6.462
0,6.47
0,6.478
0,6.47
0,6.471
0,6.471
0,6.465
0,6.466
0,6.467
0,6.473
0,6.469
0,6.467
0,6.473
0,6.467
0,6.475
0,6.467
0,6.479
0,6.479
0,6.476
0,6.478
0,6.482
0,6.482
0,6.48
0,6.48
0,6.512
0,6.527
0,6.524
0,6.524
0,6.538
0,6.528
0,6.54
0,6.553
0,6.564
0,6.591
0,6.571
0,6.576
0,6.576
0,6.561
0,6.565
0,6.564
0,6.56
0,6.574
0,6.584
0,6.584
0,6.565
0,6.56
0,6.57
0,6.562
0,6.563
0,6.562
0,6.562
0,6.57
0,6.574
0,6.596
0,6.577
0,6.58
0,6.586
0,6.594
0,6.595
0,6.592
0,6.595
0,6.595
0,6.606
0,6.6
0,6.596
0,6.605
0,6.599
0,6.598
0,6.598
0,6.598
0,6.603
0,6.602
0,6.603
0,6.6
0,6.605
0,6.612
0,6.616
0,6.608
0,6.612
0,6.609
0,6.614
0,6.614
0,6.613
0,6.595
0,6.595
0,6.59
0,6.604
0,6.609
0,6.616
0,6.626
0,6.627
0,6.634
0,6.642
0,6.644
0,6.65
0,6.646
0,6.657
0,6.642
0,6.645
0,6.733
0,6.706
0,6.654
0,6.677
0,6.647
0,6.648
0,6.648
0,6.648
0,6.652
0,6.656
0,6.648
0,6.646
0,6.64
0,6.648
0,6.65
0,6.64
0,6.639
0,6.646
0,6.644
0,6.642
0,6.658
0,6.656
0,6.66
0,6.659
0,6.655
0,6.65
0,6.645
0,6.65
0,6.661
0,6.663
0,6.664
0,6.665
0,6.672
0,6.68
0,6.669
0,6.673
0,6.666
0,6.655
0,6.666
0,6.666
0,6.667
0,6.668
0,6.659
0,6.658
0,6.664
0,6.662
0,6.656
0,6.664
0,6.661
0,6.659
0,6.664
0,6.662
0,6.646
0,6.647
0,6.654
0,6.66
0,6.659
0,6.656
0,6.64
0,6.655
0,6.651
0,6.648
0,6.653
0,6.661
0,6.656
0,6.661
0,6.648
0,6.656
0,6.66
0,6.663
0,6.662
0,6.667
0,6.659
0,6.658
0,6.66
0,6.657
0,6.658
0,6.66
0,6.657
0,6.66
0,6.656
0,6.66
0,6.661
0,6.658
0,6.658
0,6.653
0,6.649
0,6.652
0,6.657
0,6.658
0,6.66
0,6.658
0,6.652
0,6.659
0,6.66
0,6.66
0,6.66
0,6.661
0,6.667
0,6.678
0,6.678
0,6.67
0,6.67
0,6.702
0,6.704
0,6.693
0,6.672
0,6.673
0,6.646
0,6.658
0,6.646
0,6.63
0,6.648
0,6.654
0,6.664
0,6.668
0,6.652
0,6.658
0,6.67
0,6.678
0,6.682
0,6.706
0,6.707
0,6.689
0,6.674
0,6.666
0,6.652
0,6.636
0,6.636
0,6.645
0,6.644
0,6.646
0,6.648
0,6.656
0,6.654
0,6.64
0,6.623
0,6.61
0,6.605
0,6.612
0,6.62
0,6.616
0,6.643
0,6.629
0,6.626
0,6.622
0,6.627
0,6.618
0,6.628
0,6.623
0,6.621
0,6.624
0,6.648
0,6.642
0,6.643
0,6.64
0,6.648
0,6.652
0,6.659
0,6.656
0,6.653
0,6.664
0,6.654
0,6.653
0,6.646
0,6.627
0,6.625
0,6.627
0,6.611
0,6.61
0,6.608
0,6.605
0,6.608
0,6.594
0,6.592
0,6.588
0,6.589
0,6.583
0,6.582
0,6.586
0,6.576
0,6.579
0,6.574
0,6.573
0,6.576
0,6.57
0,6.57
0,6.574
0,6.569
0,6.568
0,6.568
0,6.569
0,6.569
0,6.572
0,6.572
0,6.566
0,6.557
0,6.552
0,6.552
0,6.547
0,6.552
0,6.553
0,6.547
0,6.545
0,6.534
0,6.545
0,6.546
0,6.541
0,6.535
0,6.535
0,6.533
0,6.536
0,6.537
0,6.537
0,6.536
0,6.525
0,6.54
0,6.534
0,6.526
0,6.543
0,6.538
0,6.543
0,6.546
0,6.547
0,6.542
0,6.536
0,6.525
0,6.526
0,6.531
0,6.521
0,6.52
0,6.528
0,6.534
0,6.526
0,6.519
0,6.522
0,6.524
0,6.521
0,6.534
0,6.528
0,6.526
0,6.524
0,6.524
0,6.526
0,6.546
0,6.542
0,6.54
0,6.545
0,6.539
0,6.541
0,6.523
0,6.528
0,6.532
0,6.534
0,6.535
0,6.541
0,6.543
0,6.542
0,6.54
0,6.538
0,6.54
0,6.539
0,6.537
0,6.537
0,6.541
0,6.551
0,6.549
0,6.556
0,6.554
0,6.548
0,6.552
0,6.551
0,6.552
0,6.537
0,6.536
0,6.541
0,6.536
0,6.531
0,6.521
0,6.519
0,6.521
0,6.52
0,6.518
0,6.515
0,6.514
0,6.517
0,6.514
0,6.521
0,6.522
0,6.522
0,6.52
0,6.517
0,6.517
0,6.524
0,6.523
0,6.528
0,6.524
0,6.516
0,6.509
0,6.499
0,6.498
0,6.492
0,6.496
0,6.503
0,6.499
0,6.491
0,6.486
0,6.491
0,6.488
0,6.494
0,6.489
0,6.494
0,6.493
0,6.492
0,6.49
0,6.5
0,6.493
0,6.492
0,6.49
0,6.491
0,6.491
0,6.49
0,6.495
0,6.494
0,6.494
0,6.49
0,6.482
0,6.486
0,6.485
0,6.484
0,6.484
0,6.484
0,6.486
0,6.486
0,6.486
0,6.489
0,6.496
0,6.498
0,6.498
0,6.491
0,6.478
0,6.478
0,6.485
0,6.485
0,6.485
0,6.483
0,6.478
0,6.473
0,6.478
0,6.485
0,6.494
0,6.496
0,6.488
0,6.486
0,6.486
0,6.482
0,6.478
0,6.482
0,6.482
0,6.489
0,6.491
0,6.491
0,6.494
0,6.492
0,6.498
0,6.502
0,6.492
0,6.492
0,6.492
0,6.494
0,6.502
0,6.502
0,6.504
0,6.517
0,6.52
0,6.515
0,6.516
0,6.514
0,6.51
0,6.51
0,6.513
0,6.51
0,6.518
0,6.521
0,6.522
0,6.528
0,6.538
0,6.536
0,6.524
0,6.524
0,6.528
0,6.528
0,6.514
0,6.511
0,6.514
0,6.514
0,6.509
0,6.506
0,6.504
0,6.504
0,6.508
0,6.508
0,6.506
0,6.508
0,6.51
0,6.514
0,6.514
0,6.51
0,6.512
0,6.513
0,6.514
0,6.511
0,6.512
0,6.509
0,6.502
0,6.502
0,6.498
0,6.498
0,6.494
0,6.492
0,6.488
0,6.494
0,6.492
0,6.492
0,6.486
0,6.489
0,6.491
0,6.491
0,6.492
0,6.49
0,6.488
0,6.489
0,6.49
0,6.486
0,6.482
0,6.48
0,6.48
0,6.482
0,6.48
0,6.477
0,6.47
0,6.468
0,6.472
0,6.474
0,6.476
0,6.479
0,6.483
0,6.485
0,6.488
0,6.48
0,6.476
0,6.478
0,6.477
0,6.48
0,6.482
0,6.481
0,6.48
0,6.48
0,6.476
0,6.477
0,6.47
0,6.472
0,6.466
0,6.468
0,6.462
0,6.464
0,6.47
0,6.474
0,6.472
0,6.473
0,6.476
0,6.478
0,6.484
0,6.489
0,6.488
0,6.488
0,6.486
0,6.478
0,6.476
0,6.484
0,6.487
0,6.494
0,6.502
0,6.496
0,6.498
0,6.502
0,6.504
0,6.508
0,6.51
0,6.51
0,6.514
0,6.51
0,6.504
0,6.505
0,6.505
0,6.51
0,6.515
0,6.514
0,6.516
0,6.512
0,6.516
0,6.51
0,6.516
0,6.521
0,6.521
0,6.526
0,6.534
0,6.528
0,6.534
0,6.534
0,6.527
0,6.535
0,6.546
0,6.54
0,6.542
0,6.542
0,6.548
0,6.544
0,6.546
0,6.55
0,6.545
0,6.55
0,6.549
0,6.552
0,6.542
0,6.547
0,6.549
0,6.548
0,6.546
0,6.556
0,6.554
0,6.544
0,6.553
0,6.552
0,6.548
0,6.549
0,6.549
0,6.548
0,6.549
0,6.55
0,6.541
0,6.534
0,6.546
0,6.54
0,6.542
0,6.541
0,6.545
0,6.547
0,6.546
0,6.547
0,6.548
0,6.549
0,6.546
0,6.552
0,6.549
0,6.548
0,6.551
0,6.553
0,6.552
0,6.555
0,6.557
0,6.559
0,6.562
0,6.56
0,6.569
0,6.568
0,6.578
0,6.578
0,6.572
0,6.572
0,6.568
0,6.57
0,6.572
0,6.575
0,6.571
0,6.568
0,6.576
0,6.582
0,6.582
0,6.575
0,6.576
0,6.579
0,6.58
0,6.592
0,6.592
0,6.59
0,6.593
0,6.59
0,6.59
0,6.594
0,6.59
0,6.593
0,6.594
0,6.594
0,6.606
0,6.599
0,6.596
0,6.594
0,6.595
0,6.592
0,6.595
0,6.604
0,6.602
0,6.601
0,6.6
0,6.606
0,6.634
0,6.63
0,6.668
0,6.674
0,6.658
0,6.669
0,6.67
0,6.68
0,6.688
0,6.677
0,6.668
0,6.662
0,6.672
0,6.672
0,6.656
0,6.659
0,6.66
0,6.656
0,6.662
0,6.655
0,6.628
0,6.62
0,6.606
0,6.606
0,6.61
0,6.627
0,6.639
0,6.653
0,6.658
0,6.663
0,6.66
0,6.658
0,6.657
0,6.654
0,6.642
0,6.644
0,6.638
0,6.62
0,6.619
0,6.616
0,6.617
0,6.629
0,6.629
0,6.611
0,6.611
0,6.611
0,6.605
0,6.61
0,6.606
0,6.609
0,6.614
0,6.61
0,6.611
0,6.613
0,6.609
0,6.604
0,6.605
0,6.605
0,6.603
0,6.6
0,6.605
0,6.614
0,6.62
0,6.622
0,6.626
0,6.624
0,6.623
0,6.625
0,6.626
0,6.624
0,6.627
0,6.625
0,6.626
0,6.631
0,6.619
0,6.615
0,6.606
0,6.611
0,6.607
0,6.603
0,6.612
0,6.614
0,6.611
0,6.608
0,6.614
0,6.62
0,6.613
0,6.614
0,6.602
0,6.588
0,6.592
0,6.592
0,6.582
0,6.584
0,6.576
0,6.581
0,6.582
0,6.59
0,6.583
0,6.584
0,6.581
0,6.579
0,6.584
0,6.574
0,6.582
0,6.584
0,6.583
0,6.579
0,6.575
0,6.586
0,6.596
0,6.592
0,6.593
0,6.584
0,6.583
0,6.569
0,6.567
0,6.572
0,6.578
0,6.578
0,6.583
0,6.582
0,6.586
0,6.584
0,6.573
0,6.572
0,6.569
0,6.581
0,6.582
0,6.578
0,6.584
0,6.589
0,6.598
0,6.597
0,6.593
0,6.6
0,6.592
0,6.592
0,6.59
0,6.589
0,6.594
0,6.584
0,6.588
0,6.583
0,6.579
0,6.57
0,6.568
0,6.564
0,6.569
0,6.571
0,6.57
0,6.572
0,6.574
0,6.567
0,6.565
0,6.566
0,6.572
0,6.571
0,6.569
0,6.574
0,6.572
0,6.57
0,6.568
0,6.564
0,6.57
0,6.582
0,6.58
0,6.58
0,6.58
0,6.577
0,6.571
0,6.567
0,6.572
0,6.571
0,6.568
0,6.572
0,6.571
0,6.574
0,6.577
0,6.572
0,6.57
0,6.572
0,6.559
0,6.565
0,6.56
0,6.561
0,6.561
0,6.562
0,6.565
0,6.572
0,6.565
0,6.562
0,6.562
0,6.568
0,6.567
0,6.569
0,6.574
0,6.572
0,6.574
0,6.575
0,6.572
0,6.578
0,6.576
0,6.568
0,6.571
0,6.57
0,6.574
0,6.574
0,6.574
0,6.576
0,6.575
0,6.577
0,6.576
0,6.577
0,6.578
0,6.576
0,6.574
0,6.578
0,6.582
0,6.582
0,6.579
0,6.576
0,6.574
0,6.575
0,6.571
0,6.57
0,6.574
0,6.574
0,6.57
0,6.571
0,6.574
0,6.572
0,6.578
0,6.581
0,6.581
0,6.582
0,6.586
0,6.592
0,6.595
0,6.594
0,6.601
0,6.594
0,6.604
0,6.606
0,6.61
0,6.611
0,6.612
0,6.614
0,6.616
0,6.622
0,6.612
0,6.616
0,6.614
0,6.611
0,6.61
0,6.609
0,6.611
0,6.622
0,6.627
0,6.624
0,6.623
0,6.622
0,6.625
0,6.63
0,6.63
0,6.632
0,6.632
0,6.63
0,6.63
0,6.63
0,6.637
0,6.639
0,6.644
0,6.642
0,6.648
0,6.64
0,6.638
0,6.628
0,6.627
0,6.626
0,6.63
0,6.634
0,6.63
0,6.625
0,6.625
0,6.616
0,6.615
0,6.615
0,6.608
0,6.613
0,6.612
0,6.601
0,6.602
0,6.604
0,6.604
0,6.604
0,6.607
0,6.602
0,6.595
0,6.595
0,6.596
0,6.598
0,6.598
0,6.604
0,6.606
0,6.598
0,6.6
0,6.598
0,6.588
0,6.596
0,6.595
0,6.6
0,6.6
0,6.598
0,6.595
0,6.595
0,6.594
0,6.59
0,6.593
0,6.59
0,6.594
0,6.588
0,6.59
0,6.59
0,6.594
0,6.594
0,6.592
0,6.6
0,6.598
0,6.6
0,6.598
0,6.596
0,6.598
0,6.59
0,6.589
0,6.589
0,6.596
0,6.595
0,6.599
0,6.606
0,6.6
0,6.602
0,6.6
0,6.606
0,6.604
0,6.604
0,6.605
0,6.614
0,6.614
0,6.62
0,6.621
0,6.625
0,6.618
0,6.624
0,6.614
0,6.618
0,6.621
0,6.62
0,6.624
0,6.626
0,6.625
0,6.626
0,6.625
0,6.622
0,6.621
0,6.622
0,6.623
0,6.624
0,6.618
0,6.616
0,6.617
0,6.608
0,6.608
0,6.608
0,6.615
0,6.612
0,6.614
0,6.611
0,6.614
0,6.622
0,6.621
0,6.617
0,6.616
0,6.619
0,6.621
0,6.623
0,6.621
0,6.626
0,6.621
0,6.626
0,6.628
0,6.627
0,6.628
0,6.627
0,6.623
0,6.623
0,6.623
0,6.622
0,6.622
0,6.626
0,6.626
0,6.624
0,6.622
0,6.627
0,6.636
0,6.634
0,6.636
0,6.638
0,6.639
0,6.64
0,6.633
0,6.634
0,6.634
0,6.632
0,6.627
0,6.631
0,6.631
0,6.632
0,6.632
0,6.624
0,6.619
0,6.62
0,6.622
0,6.63
0,6.627
0,6.634
0,6.635
0,6.624
0,6.622
0,6.622
0,6.631
0,6.635
0,6.637
0,6.638
0,6.634
0,6.635
0,6.639
0,6.637
0,6.64
0,6.64
0,6.643
0,6.642
0,6.654
0,6.656
0,6.658
0,6.65
0,6.657
0,6.659
0,6.656
0,6.659
0,6.66
0,6.668
0,6.668
0,6.675
0,6.666
0,6.667
0,6.667
0,6.666
0,6.674
0,6.672
0,6.675
0,6.673
0,6.674
0,6.677
0,6.674
0,6.673
0,6.676
0,6.673
0,6.676
0,6.671
0,6.671
0,6.67
0,6.669
0,6.668
0,6.664
0,6.664
0,6.666
0,6.666
0,6.67
0,6.675
0,6.671
0,6.671
0,6.668
0,6.672
0,6.671
0,6.673
0,6.675
0,6.678
0,6.678
0,6.675
0,6.668
0,6.669
0,6.672
0,6.674
0,6.676
0,6.678
0,6.674
0,6.673
0,6.671
0,6.669
0,6.67
0,6.67
0,6.674
0,6.666
0,6.686
0,6.679
0,6.646
0,6.643
0,6.634
0,6.631
0,6.634
0,6.641
0,6.63
0,6.638
0,6.64
0,6.65
0,6.643
0,6.652
0,6.629
0,6.66
0,6.673
0,6.658
0,6.658
0,6.663
0,6.66
0,6.654
0,6.644
0,6.656
0,6.668
0,6.652
0,6.646
0,6.648
0,6.658
0,6.649
0,6.652
0,6.645
0,6.64
0,6.616
0,6.626
0,6.627
0,6.623
0,6.63
0,6.622
0,6.618
0,6.61
0,6.6
0,6.586
0,6.589
0,6.588
0,6.584
0,6.578
0,6.572
0,6.574
0,6.573
0,6.562
0,6.566
0,6.574
0,6.576
0,6.577
0,6.592
0,6.59
0,6.586
0,6.596
0,6.586
0,6.577
0,6.572
0,6.562
0,6.558
0,6.562
0,6.56
0,6.565
0,6.552
0,6.556
0,6.566
0,6.567
0,6.563
0,6.557
0,6.558
0,6.558
0,6.565
0,6.57
0,6.568
0,6.564
0,6.565
0,6.57
0,6.566
0,6.564
0,6.556
0,6.559
0,6.564
0,6.569
0,6.574
0,6.57
0,6.561
0,6.556
0,6.555
0,6.545
0,6.552
0,6.553
0,6.553
0,6.555
0,6.56
0,6.564
0,6.559
0,6.56
0,6.553
0,6.552
0,6.553
0,6.549
0,6.559
0,6.559
0,6.55
0,6.547
0,6.552
0,6.546
0,6.537
0,6.544
0,6.548
0,6.548
0,6.55
0,6.552
0,6.552
0,6.551
0,6.551
0,6.556
0,6.564
0,6.565
0,6.56
0,6.57
0,6.563
0,6.558
0,6.554
0,6.556
0,6.559
0,6.56
0,6.554
0,6.553
0,6.557
0,6.538
0,6.533
0,6.54
0,6.542
0,6.548
0,6.554
0,6.559
0,6.555
0,6.556
0,6.553
0,6.548
0,6.543
0,6.536
0,6.532
0,6.528
0,6.535
0,6.535
0,6.53
0,6.537
0,6.534
0,6.527
0,6.524
0,6.522
0,6.518
0,6.524
0,6.53
0,6.524
0,6.527
0,6.523
0,6.52
0,6.518
0,6.524
0,6.52
0,6.523
0,6.524
0,6.516
0,6.521
0,6.524
0,6.525
0,6.528
0,6.52
0,6.525
0,6.53
0,6.522
0,6.524
0,6.524
0,6.518
0,6.524
0,6.534
0,6.532
0,6.533
0,6.535
0,6.532
0,6.526
0,6.525
0,6.521
0,6.526
0,6.528
0,6.53
0,6.529
0,6.528
0,6.534
0,6.53
0,6.531
0,6.534
0,6.538
0,6.541
0,6.542
0,6.541
0,6.544
0,6.542
0,6.54
0,6.536
0,6.536
0,6.537
0,6.537
0,6.534
0,6.537
0,6.542
0,6.54
0,6.537
0,6.537
0,6.538
0,6.544
0,6.546
0,6.546
0,6.547
0,6.554
0,6.556
0,6.562
0,6.562
0,6.572
0,6.571
0,6.574
0,6.578
0,6.576
0,6.574
0,6.578
0,6.59
0,6.592
0,6.598
0,6.62
0,6.617
0,6.638
0,6.624
0,6.643
0,6.64
0,6.648
0,6.66
0,6.656
0,6.658
0,6.641
0,6.64
0,6.636
0,6.636
0,6.632
0,6.634
0,6.636
0,6.64
0,6.64
0,6.646
0,6.648
0,6.646
0,6.646
0,6.649
0,6.652
0,6.654
0,6.644
0,6.653
0,6.645
0,6.624
0,6.599
0,6.601
0,6.608
0,6.614
0,6.621
0,6.627
0,6.632
0,6.626
0,6.63
0,6.634
0,6.63
0,6.64
0,6.642
0,6.645
0,6.648
0,6.655
0,6.655
0,6.655
0,6.65
0,6.656
0,6.658
0,6.662
0,6.648
0,6.636
0,6.628
0,6.636
0,6.632
0,6.63
0,6.624
0,6.624
0,6.624
0,6.623
0,6.614
0,6.616
0,6.613
0,6.614
0,6.616
0,6.62
0,6.632
0,6.634
0,6.63
0,6.624
0,6.624
0,6.626
0,6.627
0,6.63
0,6.624
0,6.62
0,6.618
0,6.625
0,6.624
0,6.622
0,6.622
0,6.625
0,6.624
0,6.622
0,6.618
0,6.614
0,6.613
0,6.6
0,6.596
0,6.588
0,6.591
0,6.603
0,6.606
0,6.605
0,6.607
0,6.607
0,6.611
0,6.612
0,6.61
0,6.611
0,6.603
0,6.605
0,6.61
0,6.607
0,6.604
0,6.604
0,6.602
0,6.604
0,6.608
0,6.609
0,6.606
0,6.606
0,6.608
0,6.61
0,6.617
0,6.616
0,6.615
0,6.609
0,6.604
0,6.603
0,6.599
0,6.604
0,6.603
0,6.594
0,6.591
0,6.592
0,6.595
0,6.596
0,6.6
0,6.595
0,6.592
0,6.59
0,6.588
0,6.594
0,6.594
0,6.596
0,6.602
0,6.602
0,6.606
0,6.61
0,6.612
0,6.61
0,6.607
0,6.606
0,6.606
0,6.606
0,6.608
0,6.616
0,6.618
0,6.615
0,6.614
0,6.606
0,6.598
0,6.604
0,6.61
0,6.612
0,6.608
0,6.61
0,6.614
0,6.609
0,6.615
0,6.612
0,6.611
0,6.609
0,6.6
0,6.601
0,6.597
0,6.606
0,6.606
0,6.604
0,6.599
0,6.598
0,6.598
0,6.601
0,6.603
0,6.604
0,6.604
0,6.604
0,6.594
0,6.572
0,6.578
0,6.583
0,6.589
0,6.594
0,6.588
0,6.586
0,6.588
0,6.588
0,6.584
0,6.577
0,6.575
0,6.573
0,6.574
0,6.582
0,6.582
0,6.576
0,6.602
0,6.618
0,6.632
0,6.652
0,6.67
0,6.668
0,6.65
0,6.658
0,6.651
0,6.653
0,6.647
0,6.648
0,6.645
0,6.636
0,6.644
0,6.658
0,6.639
0,6.634
0,6.636
0,6.635
0,6.634
0,6.625
0,6.623
0,6.626
0,6.626
0,6.629
0,6.625
0,6.622
0,6.611
0,6.6
0,6.598
0,6.595
0,6.588
0,6.581
0,6.588
0,6.597
0,6.601
0,6.611
0,6.602
0,6.601
0,6.604
0,6.602
0,6.598
0,6.59
0,6.591
0,6.594
0,6.594
0,6.591
0,6.594
0,6.592
0,6.598
0,6.596
0,6.596
0,6.598
0,6.602
0,6.6
0,6.6
0,6.6
0,6.6
0,6.6
0,6.6
0,6.594
0,6.598
0,6.598
0,6.602
0,6.599
0,6.6
0,6.594
0,6.601
0,6.604
0,6.616
0,6.598
0,6.602
0,6.621
0,6.629
0,6.618
0,6.62
0,6.612
0,6.632
0,6.634
0,6.636
0,6.632
0,6.634
0,6.626
0,6.622
0,6.629
0,6.634
0,6.61
0,6.626
0,6.618
0,6.624
0,6.606
0,6.584
0,6.58
0,6.586
0,6.594
0,6.595
0,6.608
0,6.6
0,6.598
0,6.604
0,6.605
0,6.624
0,6.634
0,6.63
0,6.64
0,6.64
0,6.634
0,6.632
0,6.629
0,6.628
0,6.63
0,6.633
0,6.637
0,6.642
0,6.648
0,6.658
0,6.656
0,6.656
0,6.661
0,6.65
0,6.654
0,6.659
0,6.664
0,6.668
0,6.672
0,6.667
0,6.666
0,6.664
0,6.665
0,6.66
0,6.654
0,6.65
0,6.642
0,6.651
0,6.658
0,6.664
0,6.658
0,6.658
0,6.664
0,6.66
0,6.658
0,6.654
0,6.66
0,6.667
0,6.668
0,6.67
0,6.674
0,6.66
0,6.646
0,6.642
0,6.624
0,6.631
0,6.63
0,6.624
0,6.612
0,6.607
0,6.621
0,6.629
0,6.63
0,6.619
0,6.624
0,6.634
0,6.642
0,6.638
0,6.64
0,6.652
0,6.636
0,6.637
0,6.642
0,6.632
0,6.633
0,6.636
0,6.636
0,6.64
0,6.634
0,6.635
0,6.635
0,6.638
0,6.638
0,6.64
0,6.646
0,6.645
0,6.643
0,6.648
0,6.642
0,6.64
0,6.638
0,6.638
0,6.633
0,6.628
0,6.629
0,6.634
0,6.638
0,6.635
0,6.632
0,6.626
0,6.627
0,6.627
0,6.626
0,6.626
0,6.616
0,6.616
0,6.618
0,6.622
0,6.62
0,6.617
0,6.621
0,6.626
0,6.624
0,6.622
0,6.612
0,6.61
0,6.617
0,6.621
0,6.622
0,6.625
0,6.626
0,6.629
0,6.636
0,6.636
0,6.627
0,6.627
0,6.63
0,6.634
0,6.634
0,6.636
0,6.638
0,6.639
0,6.636
0,6.638
0,6.636
0,6.637
0,6.637
0,6.638
0,6.633
0,6.63
0,6.63
0,6.638
0,6.642
0,6.642
0,6.648
0,6.648
0,6.646
0,6.642
0,6.637
0,6.637
0,6.638
0,6.64
0,6.645
0,6.654
0,6.656
0,6.658
0,6.656
0,6.656
0,6.652
0,6.654
0,6.657
0,6.661
0,6.658
0,6.659
0,6.657
0,6.657
0,6.662
0,6.661
0,6.666
0,6.664
0,6.653
0,6.655
0,6.656
0,6.66
0,6.661
0,6.659
0,6.662
0,6.656
0,6.648
0,6.652
0,6.654
0,6.656
0,6.65
0,6.647
0,6.646
0,6.648
0,6.66
0,6.661
0,6.654
0,6.658
0,6.658
0,6.67
0,6.67
0,6.67
0,6.672
0,6.672
0,6.666
0,6.662
0,6.663
0,6.662
0,6.657
0,6.665
0,6.662
0,6.66
0,6.658
0,6.658
0,6.659
0,6.658
0,6.664
0,6.668
0,6.67
0,6.67
0,6.666
0,6.666
0,6.67
0,6.668
0,6.674
0,6.674
0,6.676
0,6.678
0,6.674
0,6.674
0,6.674
0,6.675
0,6.674
0,6.674
0,6.672
0,6.674
0,6.674
0,6.677
0,6.675
0,6.674
0,6.67
0,6.675
0,6.673
0,6.668
0,6.668
0,6.666
0,6.67
0,6.676
0,6.676
0,6.671
0,6.676
0,6.675
0,6.672
0,6.676
0,6.676
0,6.671
0,6.674
0,6.675
0,6.678
0,6.676
0,6.675
0,6.674
0,6.674
0,6.674
0,6.674
0,6.674
0,6.674
0,6.678
0,6.678
0,6.675
0,6.678
0,6.674
0,6.672
0,6.672
0,6.672
0,6.675
0,6.672
0,6.674
0,6.674
0,6.675
0,6.677
0,6.686
0,6.686
0,6.688
0,6.69
0,6.694
0,6.695
0,6.698
0,6.701
0,6.701
0,6.699
0,6.702
0,6.692
0,6.682
0,6.684
0,6.68
0,6.68
0,6.666
0,6.67
0,6.669
0,6.669
0,6.668
0,6.674
0,6.685
0,6.685
0,6.678
0,6.678
0,6.678
0,6.678
0,6.673
0,6.674
0,6.671
0,6.676
0,6.672
0,6.674
0,6.675
0,6.666
0,6.659
0,6.656
0,6.665
0,6.656
0,6.658
0,6.661
0,6.659
0,6.662
0,6.648
0,6.652
0,6.659
0,6.662
0,6.65
0,6.654
0,6.648
0,6.652
0,6.652
0,6.654
0,6.656
0,6.659
0,6.658
0,6.66
0,6.664
0,6.662
0,6.661
0,6.658
0,6.659
0,6.661
0,6.659
0,6.662
0,6.666
0,6.664
0,6.664
0,6.658
0,6.653
0,6.658
0,6.658
0,6.654
0,6.652
0,6.652
0,6.658
0,6.658
0,6.66
0,6.663
0,6.658
0,6.661
0,6.66
0,6.658
0,6.658
0,6.658
0,6.648
0,6.648
0,6.648
0,6.652
0,6.652
0,6.648
0,6.643
0,6.632
0,6.637
0,6.634
0,6.63
0,6.635
0,6.63
0,6.64
0,6.64
0,6.64
0,6.637
0,6.635
0,6.629
0,6.635
0,6.633
0,6.642
0,6.642
0,6.646
0,6.648
0,6.648
0,6.647
0,6.65
0,6.654
0,6.651
0,6.647
0,6.638
0,6.643
0,6.646
0,6.648
0,6.644
0,6.641
0,6.636
0,6.633
0,6.634
0,6.632
0,6.638
0,6.636
0,6.635
0,6.632
0,6.64
0,6.632
0,6.634
0,6.636
0,6.637
0,6.633
0,6.628
0,6.632
0,6.635
0,6.632
0,6.633
0,6.63
0,6.628
0,6.632
0,6.631
0,6.63
0,6.632
0,6.624
0,6.622
0,6.625
0,6.626
0,6.624
0,6.62
0,6.624
0,6.622
0,6.621
0,6.62
0,6.61
0,6.616
0,6.613
0,6.613
0,6.615
0,6.616
0,6.614
0,6.611
0,6.606
0,6.606
0,6.613
0,6.612
0,6.612
0,6.613
0,6.61
0,6.614
0,6.615
0,6.61
0,6.61
0,6.614
0,6.616
0,6.62
0,6.614
0,6.62
0,6.63
0,6.63
0,6.626
0,6.627
0,6.63
0,6.626
0,6.632
0,6.63
0,6.626
0,6.627
0,6.629
0,6.632
0,6.636
0,6.63
0,6.627
0,6.627
0,6.628
0,6.63
0,6.632
0,6.634
0,6.635
0,6.637
0,6.667
0,6.674
0,6.662
0,6.675
0,6.696
0,6.677
0,6.682
0,6.686
0,6.7
0,6.696
0,6.706
0,6.706
0,6.704
0,6.727
0,6.728
0,6.724
0,6.726
0,6.735
0,6.737
0,6.729
0,6.732
0,6.728
0,6.728
0,6.719
0,6.704
0,6.702
0,6.707
0,6.69
0,6.71
0,6.714
0,6.724
0,6.722
0,6.722
0,6.718
0,6.721
0,6.71
0,6.71
0,6.709
0,6.701
0,6.709
0,6.711
0,6.706
0,6.715
0,6.716
0,6.714
0,6.72
0,6.721
0,6.726
0,6.736
0,6.732
0,6.73
0,6.724
0,6.732
0,6.728
0,6.73
0,6.724
0,6.724
0,6.733
0,6.736
0,6.742
0,6.742
0,6.735
0,6.744
0,6.745
0,6.746
0,6.739
0,6.739
0,6.748
0,6.748
0,6.762
0,6.77
0,6.767
0,6.759
0,6.757
0,6.758
0,6.762
0,6.763
0,6.771
0,6.774
0,6.773
0,6.781
0,6.78
0,6.774
0,6.779
0,6.783
0,6.782
0,6.778
0,6.786
0,6.777
0,6.774
0,6.771
0,6.768
0,6.772
0,6.765
0,6.774
0,6.771
0,6.776
0,6.766
0,6.755
0,6.758
0,6.758
0,6.76
0,6.757
0,6.76
0,6.762
0,6.769
0,6.771
0,6.765
0,6.761
0,6.768
0,6.76
0,6.754
0,6.746
0,6.743
0,6.747
0,6.751
0,6.748
0,6.747
0,6.751
0,6.754
0,6.757
0,6.755
0,6.764
0,6.758
0,6.755
0,6.754
0,6.752
0,6.751
0,6.752
0,6.752
0,6.748
0,6.751
0,6.755
0,6.757
0,6.756
0,6.756
0,6.758
0,6.76
0,6.76
0,6.767
0,6.764
0,6.764
0,6.761
0,6.754
0,6.752
0,6.749
0,6.745
0,6.742
0,6.744
0,6.752
0,6.748
0,6.749
0,6.752
0,6.748
0,6.751
0,6.75
0,6.752
0,6.756
0,6.759
0,6.764
0,6.765
0,6.762
0,6.759
0,6.754
0,6.754
0,6.748
0,6.749
0,6.752
0,6.755
0,6.75
0,6.751
0,6.748
0,6.75
0,6.744
0,6.748
0,6.749
0,6.748
0,6.748
0,6.752
0,6.756
0,6.757
0,6.759
0,6.757
0,6.759
0,6.762
0,6.764
0,6.765
0,6.762
0,6.761
0,6.762
0,6.758
0,6.764
0,6.762
0,6.766
0,6.764
0,6.762
0,6.764
0,6.762
0,6.762
0,6.764
0,6.765
0,6.765
0,6.764
0,6.764
0,6.761
0,6.758
0,6.761
0,6.759
0,6.76
0,6.761
0,6.76
0,6.762
0,6.76
0,6.762
0,6.762
0,6.76
0,6.761
0,6.758
0,6.753
0,6.752
0,6.746
0,6.75
0,6.754
0,6.754
0,6.752
0,6.754
0,6.755
0,6.754
0,6.751
0,6.751
0,6.753
0,6.751
0,6.749
0,6.748
0,6.751
0,6.75
0,6.748
0,6.749
0,6.752
0,6.752
0,6.749
0,6.749
0,6.746
0,6.746
0,6.748
0,6.747
0,6.746
0,6.746
0,6.746
0,6.746
0,6.748
0,6.748
0,6.744
0,6.742
0,6.742
0,6.742
0,6.739
0,6.741
0,6.744
0,6.744
0,6.744
0,6.746
0,6.746
0,6.748
0,6.746
0,6.745
0,6.748
0,6.751
0,6.75
0,6.75
0,6.751
0,6.75
0,6.751
0,6.75
0,6.749
0,6.746
0,6.746
0,6.745
0,6.747
0,6.749
0,6.749
0,6.749
0,6.749
0,6.748
0,6.748
0,6.746
0,6.739
0,6.732
0,6.734
0,6.736
0,6.738
0,6.74
0,6.738
0,6.739
0,6.744
0,6.748
0,6.754
0,6.753
0,6.749
0,6.747
0,6.747
0,6.744
0,6.74
0,6.744
0,6.749
0,6.748
0,6.752
0,6.75
0,6.751
0,6.748
0,6.751
0,6.747
0,6.749
0,6.754
0,6.753
0,6.75
0,6.751
0,6.755
0,6.755
0,6.757
0,6.751
0,6.752
0,6.752
0,6.749
0,6.752
0,6.752
0,6.755
0,6.755
0,6.759
0,6.757
0,6.764
0,6.76
0,6.759
0,6.759
0,6.758
0,6.758
0,6.759
0,6.75
0,6.754
0,6.752
0,6.754
0,6.758
0,6.758
0,6.756
0,6.754
0,6.751
0,6.752
0,6.75
0,6.756
0,6.754
0,6.757
0,6.76
0,6.76
0,6.758
0,6.759
0,6.752
0,6.752
0,6.749
0,6.749
0,6.755
0,6.754
0,6.747
0,6.746
0,6.748
0,6.75
0,6.746
0,6.746
0,6.747
0,6.744
0,6.748
0,6.748
0,6.746
0,6.751
0,6.754
0,6.752
0,6.752
0,6.754
0,6.752
0,6.754
0,6.755
0,6.756
0,6.76
0,6.765
0,6.766
0,6.764
0,6.762
0,6.766
0,6.768
0,6.768
0,6.771
0,6.77
0,6.767
0,6.763
0,6.748
0,6.759
0,6.76
0,6.762
0,6.758
0,6.751
0,6.751
0,6.752
0,6.753
0,6.748
0,6.745
0,6.741
0,6.742
0,6.744
0,6.744
0,6.745
0,6.744
0,6.744
0,6.744
0,6.733
0,6.735
0,6.736
0,6.735
0,6.733
0,6.738
0,6.737
0,6.738
0,6.741
0,6.739
0,6.738
0,6.738
0,6.735
0,6.739
0,6.735
0,6.738
0,6.736
0,6.738
0,6.742
0,6.736
0,6.732
0,6.732
0,6.732
0,6.736
0,6.736
0,6.734
0,6.732
0,6.73
0,6.729
0,6.73
0,6.73
0,6.734
0,6.73
0,6.728
0,6.728
0,6.73
0,6.731
0,6.733
0,6.734
0,6.734
0,6.739
0,6.739
0,6.738
0,6.739
0,6.732
0,6.728
0,6.731
0,6.73
0,6.728
0,6.729
0,6.726
0,6.72
0,6.719
0,6.714
0,6.706
0,6.712
0,6.714
0,6.72
0,6.726
0,6.719
0,6.715
0,6.716
0,6.718
0,6.718
0,6.716
0,6.716
0,6.716
0,6.708
0,6.71
0,6.712
0,6.718
0,6.718
0,6.717
0,6.714
0,6.718
0,6.657
0,6.626
0,6.636
0,6.635
0,6.614
0,6.632
0,6.61
0,6.616
0,6.62
0,6.63
0,6.624
0,6.636
0,6.643
0,6.647
0,6.643
0,6.654
0,6.65
0,6.667
0,6.668
0,6.67
0,6.658
0,6.658
0,6.664
0,6.673
0,6.669
0,6.675
0,6.683
0,6.685
0,6.68
0,6.667
0,6.666
0,6.667
0,6.671
0,6.671
0,6.684
0,6.693
0,6.69
0,6.68
0,6.682
0,6.682
0,6.674
0,6.668
0,6.662
0,6.664
0,6.66
0,6.661
0,6.678
0,6.684
0,6.678
0,6.69
0,6.69
0,6.7
0,6.69
0,6.693
0,6.696
0,6.708
0,6.707
0,6.707
0,6.704
0,6.716
0,6.722
0,6.712
0,6.707
0,6.721
0,6.731
0,6.73
0,6.732
0,6.728
0,6.716
0,6.709
0,6.691
0,6.698
0,6.696
0,6.698
0,6.7
0,6.696
0,6.688
0,6.688
0,6.679
0,6.68
0,6.678
0,6.68
0,6.679
0,6.672
0,6.666
0,6.666
0,6.668
0,6.67
0,6.67
0,6.666
0,6.664
0,6.67
0,6.673
0,6.681
0,6.677
0,6.677
0,6.67
0,6.672
0,6.678
0,6.674
0,6.671
0,6.675
0,6.678
0,6.676
0,6.673
0,6.68
0,6.681
0,6.682
0,6.681
0,6.685
0,6.688
0,6.679
0,6.678
0,6.673
0,6.67
0,6.671
0,6.677
0,6.681
0,6.688
0,6.682
0,6.686
0,6.687
0,6.696
0,6.693
0,6.686
0,6.677
0,6.684
0,6.69
0,6.686
0,6.684
0,6.689
0,6.688
0,6.7
0,6.702
0,6.704
0,6.702
0,6.704
0,6.703
0,6.705
0,6.704
0,6.708
0,6.704
0,6.705
0,6.704
0,6.701
0,6.703
0,6.708
0,6.707
0,6.709
0,6.703
0,6.704
0,6.701
0,6.7
0,6.706
0,6.706
0,6.707
0,6.71
0,6.72
0,6.72
0,6.724
0,6.716
0,6.722
0,6.72
0,6.716
0,6.715
0,6.718
0,6.717
0,6.72
0,6.722
0,6.72
0,6.729
0,6.72
0,6.716
0,6.715
0,6.714
0,6.716
0,6.711
0,6.712
0,6.714
0,6.722
0,6.719
0,6.718
0,6.722
0,6.716
0,6.717
0,6.72
0,6.72
0,6.718
0,6.72
0,6.714
0,6.71
0,6.7
0,6.693
0,6.698
0,6.698
0,6.696
0,6.696
0,6.694
0,6.694
0,6.68
0,6.675
0,6.679
0,6.68
0,6.677
0,6.678
0,6.682
0,6.676
0,6.675
0,6.682
0,6.68
0,6.676
0,6.676
0,6.682
0,6.684
0,6.683
0,6.684
0,6.682
0,6.68
0,6.679
0,6.682
0,6.69
0,6.688
0,6.688
0,6.691
0,6.694
0,6.696
0,6.694
0,6.695
0,6.696
0,6.7
0,6.706
0,6.707
0,6.712
0,6.714
0,6.715
0,6.716
0,6.72
0,6.719
0,6.724
0,6.728
0,6.72
0,6.72
0,6.717
0,6.716
0,6.71
0,6.714
0,6.712
0,6.72
0,6.718
0,6.728
0,6.726
0,6.725
0,6.718
0,6.718
0,6.722
0,6.727
0,6.722
0,6.723
0,6.726
0,6.728
0,6.73
0,6.723
0,6.718
0,6.72
0,6.718
0,6.718
0,6.718
0,6.72
0,6.716
0,6.722
0,6.722
0,6.721
0,6.722
0,6.723
0,6.722
0,6.726
0,6.725
0,6.725
0,6.723
0,6.726
0,6.724
0,6.724
0,6.728
0,6.726
0,6.727
0,6.741
0,6.743
0,6.738
0,6.736
0,6.742
0,6.72
0,6.724
0,6.727
0,6.724
0,6.725
0,6.732
0,6.735
0,6.728
0,6.726
0,6.728
0,6.73
0,6.732
0,6.73
0,6.725
0,6.722
0,6.723
0,6.726
0,6.723
0,6.725
0,6.726
0,6.723
0,6.73
0,6.728
0,6.728
0,6.729
0,6.731
0,6.732
0,6.73
0,6.73
0,6.728
0,6.726
0,6.728
0,6.733
0,6.732
0,6.73
0,6.725
0,6.727
0,6.73
0,6.737
0,6.736
0,6.736
0,6.746
0,6.74
0,6.738
0,6.736
0,6.737
0,6.728
0,6.728
0,6.733
0,6.738
0,6.739
0,6.739
0,6.741
0,6.738
0,6.738
0,6.736
0,6.736
0,6.739
0,6.742
0,6.746
0,6.746
0,6.747
0,6.747
0,6.748
0,6.748
0,6.746
0,6.745
0,6.752
0,6.741
0,6.742
0,6.736
0,6.744
0,6.744
0,6.746
0,6.747
0,6.748
0,6.739
0,6.746
0,6.744
0,6.745
0,6.746
0,6.755
0,6.754
0,6.756
0,6.765
0,6.773
0,6.772
0,6.769
0,6.77
0,6.77
0,6.766
0,6.77
0,6.774
0,6.771
0,6.773
0,6.771
0,6.774
0,6.774
0,6.775
0,6.776
0,6.771
0,6.772
0,6.774
0,6.776
0,6.779
0,6.782
0,6.778
0,6.774
0,6.763
0,6.77
0,6.767
0,6.768
0,6.77
0,6.772
0,6.774
0,6.778
0,6.781
0,6.78
0,6.778
0,6.778
0,6.781
0,6.782
0,6.79
0,6.79
0,6.785
0,6.782
0,6.786
0,6.784
0,6.776
0,6.79
0,6.79
0,6.785
0,6.784
0,6.782
0,6.786
0,6.79
0,6.788
0,6.79
0,6.786
0,6.783
0,6.782
0,6.781
0,6.78
0,6.778
0,6.774
0,6.765
0,6.762
0,6.761
0,6.762
0,6.763
0,6.767
0,6.766
0,6.767
0,6.77
0,6.772
0,6.778
0,6.779
0,6.78
0,6.781
0,6.778
0,6.782
0,6.788
0,6.787
0,6.785
0,6.789
0,6.787
0,6.788
0,6.786
0,6.79
0,6.788
0,6.786
0,6.786
0,6.786
0,6.784
0,6.781
0,6.778
0,6.781
0,6.78
0,6.773
0,6.78
0,6.784
0,6.785
0,6.782
0,6.784
0,6.782
0,6.782
0,6.784
0,6.789
0,6.79
0,6.79
0,6.789
0,6.79
0,6.786
0,6.79
0,6.789
0,6.787
0,6.782
0,6.786
0,6.79
0,6.788
0,6.786
0,6.79
0,6.792
0,6.79
0,6.788
0,6.788
0,6.791
0,6.79
0,6.739
0,6.758
0,6.773
0,6.79
0,6.788
0,6.782
0,6.796
0,6.822
0,6.818
0,6.811
0,6.822
0,6.826
0,6.818
0,6.806
0,6.811
0,6.8
0,6.794
0,6.777
0,6.784
0,6.798
0,6.796
0,6.789
0,6.797
0,6.8
0,6.813
0,6.813
0,6.803
0,6.802
0,6.807
0,6.808
0,6.802
0,6.806
0,6.804
0,6.798
0,6.797
0,6.799
0,6.798
0,6.797
0,6.792
0,6.796
0,6.78
0,6.762
0,6.753
0,6.772
0,6.773
0,6.778
0,6.76
0,6.742
0,6.738
0,6.744
0,6.747
0,6.744
0,6.744
0,6.745
0,6.736
0,6.741
0,6.742
0,6.739
0,6.748
0,6.74
0,6.765
0,6.76
0,6.758
0,6.765
0,6.768
0,6.768
0,6.778
0,6.778
0,6.771
0,6.768
0,6.769
0,6.765
0,6.764
0,6.765
0,6.766
0,6.765
0,6.776
0,6.771
0,6.781
0,6.78
0,6.774
0,6.777
0,6.786
0,6.785
0,6.78
0,6.783
0,6.779
0,6.781
0,6.786
0,6.801
0,6.778
0,6.784
0,6.778
0,6.794
0,6.788
0,6.782
0,6.776
0,6.768
0,6.76
0,6.767
0,6.77
0,6.774
0,6.78
0,6.77
0,6.769
0,6.768
0,6.765
0,6.766
0,6.764
0,6.77
0,6.764
0,6.768
0,6.766
0,6.768
0,6.766
0,6.76
0,6.761
0,6.76
0,6.758
0,6.753
0,6.754
0,6.754
0,6.755
0,6.762
0,6.763
0,6.763
0,6.76
0,6.764
0,6.758
0,6.756
0,6.762
0,6.764
0,6.776
0,6.773
0,6.772
0,6.783
0,6.786
0,6.792
0,6.793
0,6.8
0,6.794
0,6.79
0,6.788
0,6.784
0,6.784
0,6.788
0,6.787
0,6.787
0,6.789
0,6.784
0,6.783
0,6.791
0,6.79
0,6.79
0,6.794
0,6.795
0,6.806
0,6.801
0,6.799
0,6.798
0,6.8
0,6.806
0,6.808
0,6.799
0,6.801
0,6.804
0,6.803
0,6.813
0,6.815
0,6.816
0,6.822
0,6.818
0,6.82
0,6.821
0,6.82
0,6.819
0,6.822
0,6.818
0,6.812
0,6.812
0,6.816
0,6.818
0,6.824
0,6.819
0,6.818
0,6.812
0,6.808
0,6.814
0,6.817
0,6.818
0,6.81
0,6.812
0,6.812
0,6.819
0,6.821
0,6.82
0,6.827
0,6.827
0,6.824
0,6.828
0,6.828
0,6.832
0,6.826
0,6.821
0,6.823
0,6.823
0,6.825
0,6.818
0,6.818
0,6.822
0,6.82
0,6.822
0,6.822
0,6.823
0,6.826
0,6.826
0,6.83
0,6.834
0,6.831
0,6.832
0,6.832
0,6.834
0,6.832
0,6.838
0,6.838
0,6.838
0,6.842
0,6.844
0,6.84
0,6.846
0,6.858
0,6.86
0,6.867
0,6.86
0,6.869
0,6.872
0,6.872
0,6.867
0,6.872
0,6.876
0,6.866
0,6.866
0,6.864
0,6.856
0,6.858
0,6.856
0,6.855
0,6.865
0,6.864
0,6.878
0,6.883
0,6.882
0,6.882
0,6.882
0,6.885
0,6.904
0,6.9
0,6.908
0,6.909
0,6.911
0,6.92
0,6.922
0,6.916
0,6.92
0,6.924
0,6.922
0,6.92
0,6.915
0,6.918
0,6.925
0,6.938
0,6.94
0,6.934
0,6.935
0,6.932
0,6.928
0,6.932
0,6.932
0,6.938
0,6.934
0,6.94
0,6.945
0,6.966
0,6.978
0,6.976
0,6.963
0,6.954
0,6.953
0,6.957
0,6.968
0,6.97
0,6.975
0,6.986
0,6.994
0,6.98
0,6.98
0,6.973
0,6.968
0,6.97
0,6.964
0,6.963
0,6.963
0,6.961
0,6.959
0,6.957
0,6.943
0,6.932
0,6.916
0,6.919
0,6.909
0,6.903
0,6.898
0,6.908
0,6.908
0,6.904
0,6.904
0,6.904
0,6.906
0,6.908
0,6.918
0,6.924
0,6.926
0,6.915
0,6.914
0,6.929
0,6.922
0,6.928
0,6.931
0,6.935
0,6.941
0,6.951
0,6.964
0,6.972
0,6.97
0,6.966
0,6.978
0,6.986
0,6.987
0,6.986
0,6.992
0,6.999
0,7.001
0,7.008
0,7
0,7.003
0,6.995
0,6.993
0,6.998
0,7.037
0,7.041
0,7.05
0,7.047
0,7.041
0,7.04
0,7.042
0,7.044
0,7.037
0,7.034
0,7.038
0,7.047
0,7.05
0,7.048
0,7.052
0,7.052
0,7.048
0,7.062
0,7.053
0,7.05
0,7.066
0,7.074
0,7.068
0,7.087
0,7.083
0,7.087
0,7.077
0,7.083
0,7.091
0,7.096
0,7.086
0,7.089
0,7.093
0,7.084
0,7.072
0,7.074
0,7.078
0,7.065
0,7.068
0,7.074
0,7.072
0,7.077
0,7.088
0,7.098
0,7.118
0,7.103
0,7.104
0,7.104
0,7.126
0,7.117
0,7.129
0,7.134
0,7.133
0,7.122
0,7.103
0,7.106
0,7.105
0,7.104
0,7.102
0,7.104
0,7.118
0,7.122
0,7.132
0,7.136
0,7.131
0,7.127
0,7.135
0,7.141
0,7.136
0,7.112
0,7.106
0,7.116
0,7.12
0,7.131
0,7.138
0,7.146
0,7.152
0,7.145
0,7.142
0,7.12
0,7.109
0,7.12
0,7.12
0,7.113
0,7.114
0,7.12
0,7.116
0,7.118
0,7.12
0,7.116
0,7.1
0,7.103
0,7.09
0,7.096
0,7.088
0,7.076
0,7.071
0,7.078
0,7.078
0,7.068
0,7.074
0,7.078
0,7.078
0,7.077
0,7.097
0,7.098
0,7.085
0,7.089
0,7.091
0,7.082
0,7.09
0,7.093
0,7.09
0,7.089
0,7.098
0,7.108
0,7.105
0,7.114
0,7.114
0,7.112
0,7.112
0,7.116
0,7.108
0,7.112
0,7.118
0,7.109
0,7.114
0,7.118
0,7.111
0,7.11
0,7.115
0,7.111
0,7.116
0,7.108
0,7.108
0,7.106
0,7.114
0,7.11
0,7.11
0,7.11
0,7.11
0,7.109
0,7.11
0,7.107
0,7.11
0,7.106
0,7.103
0,7.106
0,7.102
0,7.101
0,7.096
0,7.092
0,7.096
0,7.099
0,7.1
0,7.098
0,7.066
0,7.057
0,7.034
0,7.06
0,7.028
0,7.036
0,7.053
0,7.024
0,7.015
0,7.006
0,6.995
0,6.984
0,6.992
0,6.989
0,6.991
0,6.993
0,7.004
0,7.008
0,7.018
0,7.029
0,7.024
0,7.025
0,7.038
0,7.042
0,7.041
0,7.054
0,7.056
0,7.072
0,7.06
0,7.07
0,7.056
0,7.063
0,7.05
0,7.059
0,7.058
0,7.05
0,7.055
0,7.058
0,7.06
0,7.065
0,7.053
0,7.059
0,7.059
0,7.056
0,7.057
0,7.046
0,7.04
0,7.036
0,7.046
0,7.052
0,7.046
0,7.047
0,7.051
0,7.041
0,7.033
0,7.04
0,7.037
0,7.044
0,7.044
0,7.038
0,7.036
0,7.037
0,7.035
0,7.037
0,7.038
0,7.036
0,7.038
0,7.04
0,7.039
0,7.054
0,7.058
0,7.06
0,7.058
0,7.056
0,7.048
0,7.058
0,7.058
0,7.06
0,7.056
0,7.045
0,7.043
0,7.04
0,7.041
0,7.04
0,7.058
0,7.044
0,7.046
0,7.044
0,7.044
0,7.041
0,7.04
0,7.038
0,7.04
0,7.041
0,7.048
0,7.05
0,7.06
0,7.057
0,7.054
0,7.058
0,7.064
0,7.061
0,7.062
0,7.074
0,7.079
0,7.085
0,7.084
0,7.072
0,7.065
0,7.062
0,7.073
0,7.066
0,7.063
0,7.062
0,7.063
0,7.063
0,7.058
0,7.064
0,7.066
0,7.064
0,7.063
0,7.065
0,7.055
0,7.055
0,7.062
0,7.066
0,7.069
0,7.072
0,7.074
0,7.084
0,7.089
0,7.086
0,7.084
0,7.09
0,7.092
0,7.094
0,7.09
0,7.089
0,7.09
0,7.091
0,7.087
0,7.099
0,7.104
0,7.108
0,7.114
0,7.122
0,7.125
0,7.123
0,7.111
0,7.107
0,7.106
0,7.106
0,7.102
0,7.101
0,7.094
0,7.085
0,7.088
0,7.088
0,7.089
0,7.089
0,7.09
0,7.09
0,7.092
0,7.096
0,7.094
0,7.098
0,7.1
0,7.098
0,7.097
0,7.089
0,7.095
0,7.089
0,7.094
0,7.091
0,7.093
0,7.093
0,7.092
0,7.092
0,7.084
0,7.088
0,7.083
0,7.085
0,7.087
0,7.092
0,7.09
0,7.09
0,7.095
0,7.094
0,7.103
0,7.104
0,7.097
0,7.095
0,7.096
0,7.098
0,7.103
0,7.102
0,7.104
0,7.104
0,7.102
0,7.094
0,7.089
0,7.092
0,7.089
0,7.09
0,7.092
0,7.098
0,7.11
0,7.108
0,7.101
0,7.102
0,7.096
0,7.106
0,7.1
0,7.1
0,7.098
0,7.098
0,7.108
0,7.102
0,7.102
0,7.108
0,7.11
0,7.114
0,7.119
0,7.116
0,7.118
0,7.12
0,7.114
0,7.115
0,7.118
0,7.116
0,7.124
0,7.125
0,7.12
0,7.116
0,7.118
0,7.114
0,7.118
0,7.12
0,7.116
0,7.114
0,7.118
0,7.116
0,7.114
0,7.12
0,7.122
0,7.12
0,7.12
0,7.124
0,7.126
0,7.13
0,7.132
0,7.14
0,7.143
0,7.151
0,7.152
0,7.142
0,7.142
0,7.136
0,7.14
0,7.146
0,7.142
0,7.14
0,7.135
0,7.137
0,7.139
0,7.136
0,7.129
0,7.13
0,7.131
0,7.129
0,7.132
0,7.135
0,7.131
0,7.135
0,7.147
0,7.15
0,7.148
0,7.146
0,7.147
0,7.148
0,7.145
0,7.142
0,7.146
0,7.147
0,7.145
0,7.142
0,7.146
0,7.15
0,7.152
0,7.15
0,7.148
0,7.146
0,7.146
0,7.154
0,7.164
0,7.158
0,7.156
0,7.157
0,7.158
0,7.152
0,7.16
0,7.156
0,7.157
0,7.157
0,7.161
0,7.154
0,7.154
0,7.152
0,7.152
0,7.152
0,7.145
0,7.143
0,7.15
0,7.15
0,7.151
0,7.15
0,7.155
0,7.151
0,7.149
0,7.152
0,7.152
0,7.161
0,7.159
0,7.159
0,7.161
0,7.172
0,7.168
0,7.164
0,7.162
0,7.166
0,7.172
0,7.169
0,7.172
0,7.174
0,7.174
0,7.193
0,7.198
0,7.201
0,7.185
0,7.188
0,7.194
0,7.194
0,7.175
0,7.179
0,7.174
0,7.18
0,7.19
0,7.186
0,7.182
0,7.188
0,7.19
0,7.198
0,7.197
0,7.198
0,7.204
0,7.207
0,7.204
0,7.194
0,7.196
0,7.194
0,7.204
0,7.199
0,7.203
0,7.204
0,7.209
0,7.211
0,7.207
0,7.212
0,7.218
0,7.22
0,7.226
0,7.214
0,7.221
0,7.228
0,7.235
0,7.235
0,7.241
0,7.241
0,7.238
0,7.233
0,7.243
0,7.243
0,7.241
0,7.243
0,7.244
0,7.246
0,7.244
0,7.258
0,7.265
0,7.26
0,7.252
0,7.259
0,7.262
0,7.262
0,7.265
0,7.265
0,7.266
0,7.27
0,7.278
0,7.276
0,7.291
0,7.294
0,7.278
0,7.29
0,7.278
0,7.28
0,7.276
0,7.27
0,7.263
0,7.265
0,7.272
0,7.265
0,7.271
0,7.268
0,7.268
0,7.264
0,7.253
0,7.258
0,7.256
0,7.254
0,7.254
0,7.243
0,7.242
0,7.241
0,7.248
0,7.256
0,7.264
0,7.27
0,7.264
0,7.252
0,7.25
0,7.242
0,7.242
0,7.235
0,7.239
0,7.239
0,7.238
0,7.254
0,7.237
0,7.242
0,7.231
0,7.226
0,7.244
0,7.242
0,7.235
0,7.245
0,7.242
0,7.242
0,7.238
0,7.244
0,7.244
0,7.234
0,7.232
0,7.22
0,7.2
0,7.206
0,7.22
0,7.212
0,7.21
0,7.204
0,7.21
0,7.204
0,7.212
0,7.198
0,7.204
0,7.192
0,7.198
0,7.191
0,7.196
0,7.198
0,7.195
0,7.188
0,7.188
0,7.186
0,7.179
0,7.176
0,7.182
0,7.194
0,7.195
0,7.199
0,7.196
0,7.202
0,7.188
0,7.196
0,7.206
0,7.21
0,7.211
0,7.212
0,7.208
0,7.215
0,7.22
0,7.226
0,7.214
0,7.224
0,7.226
0,7.231
0,7.234
0,7.227
0,7.241
0,7.236
0,7.238
0,7.24
0,7.252
0,7.26
0,4.048
0,4.026
0,4.025
0,4.024
0,4.01
0,4.007
0,4.072
0,4.03
0,4.019
0,4.014
0,4.03
0,4.019
0,4.019
0,4.018
0,4.015
0,4.014
0,4.015
0,4.018
0,4.029
0,4.014
0,4.018
0,4.019
0,4.022
0,4.019
0,4.042
0,4.034
0,4.045
0,4.045
0,4.04
0,4.03
0,4.043
0,4.05
0,4.06
0,4.053
0,4.052
0,4.054
0,4.059
0,4.075
0,4.08
0,4.075
0,4.078
0,4.073
0,4.075
0,4.057
0,4.073
0,4.068
0,4.057
0,4.046
0,4.044
0,4.054
0,4.055
0,4.054
0,4.054
0,4.052
0,4.052
0,4.052
0,4.052
0,4.062
0,4.056
0,4.053
0,4.052
0,4.062
0,4.062
0,4.06
0,4.068
0,4.062
0,4.055
0,4.046
0,4.052
0,4.05
0,4.053
0,4.058
0,4.054
0,4.048
0,4.05
0,4.051
0,4.048
0,4.036
0,4.048
0,4.046
0,4.043
0,4.041
0,4.034
0,4.033
0,4.032
0,4.034
0,4.033
0,4.028
0,4.026
0,4.029
0,4.026
0,4.031
0,4.03
0,4.026
0,4.025
0,4.024
0,4.044
0,4.038
0,4.04
0,4.039
0,4.041
0,4.04
0,4.036
0,4.018
0,4.014
0,4.01
0,4.014
0,4.016
0,4.011
0,4.011
0,4.01
0,3.999
0,3.996
0,3.995
0,4.011
0,4.007
0,4.009
0,4.006
0,4.007
0,4.013
0,4.018
0,4.02
0,4.02
0,4.024
0,4.026
0,4.024
0,4.021
0,4.02
0,4.029
0,4.03
0,4.031
0,4.021
0,4.028
0,4.014
0,4.02
0,4.018
0,4.018
0,4.017
0,4.014
0,4.015
0,4.024
0,4.025
0,4.029
0,4.024
0,4.028
0,4.03
0,4.028
0,4.034
0,4.036
0,4.032
0,4.03
0,4.029
0,4.031
0,4.038
0,4.056
0,4.056
0,4.062
0,4.051
0,4.036
0,4.035
0,4.037
0,4.036
0,4.034
0,4.03
0,4.032
0,4.034
0,4.037
0,4.036
0,4.036
0,4.038
0,4.034
0,4.034
0,4.033
0,4.023
0,4.018
0,4.036
0,4.03
0,4.027
0,4.027
0,4.027
0,4.025
0,4.031
0,4.03
0,4.032
0,4.029
0,4.027
0,4.027
0,4.026
0,4.03
0,4.034
0,4.046
0,4.037
0,4.038
0,4.012
0,4.021
0,4.035
0,4.021
0,4.033
0,4.032
0,4.028
0,4.031
0,4.028
0,4.042
0,4.037
0,4.028
0,4.036
0,4.04
0,4.04
0,4.041
0,4.027
0,4.021
0,4.027
0,4.043
0,4.04
0,4.038
0,4.036
0,4.038
0,4.038
0,4.034
0,4.033
0,4.03
0,4.035
0,4.034
0,4.03
0,4.028
0,4.025
0,4.022
0,4.018
0,4.02
0,4.02
0,4.02
0,4.008
0,4.008
0,4.021
0,4.017
0,4.016
0,4.015
0,4.021
0,4.017
0,4.015
0,4.02
0,4.023
0,4.027
0,4.027
0,4.032
0,4.036
0,4.034
0,4.034
0,4.05
0,4.043
0,4.04
0,4.044
0,4.041
0,4.038
0,4.029
0,4.027
0,4.026
0,4.026
0,4.019
0,4.018
0,4.018
0,4.016
0,4.029
0,4.03
0,4.022
0,4.035
0,4.029
0,4.017
0,4.014
0,4.03
0,4.036
0,4.036
0,4.035
0,4.035
0,4.044
0,4.055
0,4.046
0,4.045
0,4.06
0,4.052
0,4.056
0,4.056
0,4.059
0,4.075
0,4.066
0,4.075
0,4.075
0,4.067
0,4.068
0,4.068
0,4.068
0,4.068
0,4.068
0,4.07
0,4.066
0,4.068
0,4.072
0,4.07
0,4.066
0,4.056
0,4.056
0,4.062
0,4.061
0,4.06
0,4.058
0,4.058
0,4.074
0,4.068
0,4.069
0,4.065
0,4.062
0,4.062
0,4.05
0,4.054
0,4.068
0,4.062
0,4.07
0,4.069
0,4.068
0,4.062
0,4.06
0,4.056
0,4.053
0,4.046
0,4.044
0,4.046
0,4.046
0,4.048
0,4.046
0,4.047
0,4.039
0,4.039
0,4.04
0,4.039
0,4.044
0,4.04
0,4.037
0,4.034
0,4.042
0,4.034
0,4.037
0,4.034
0,4.044
0,4.037
0,4.037
0,4.043
0,4.041
0,4.04
0,4.05
0,4.063
0,4.06
0,4.061
0,4.062
0,4.06
0,4.06
0,4.062
0,4.063
0,4.067
0,4.062
0,4.061
0,4.062
0,4.062
0,4.062
0,4.059
0,4.059
0,4.063
0,4.06
0,4.05
0,4.06
0,4.068
0,4.067
0,4.076
0,4.078
0,4.077
0,4.073
0,4.078
0,4.08
0,4.076
0,4.062
0,4.069
0,4.077
0,4.076
0,4.076
0,4.086
0,4.085
0,4.084
0,4.082
0,4.081
0,4.077
0,4.072
0,4.069
0,4.08
0,4.084
0,4.085
0,4.083
0,4.089
0,4.082
0,4.091
0,4.086
0,4.082
0,4.087
0,4.084
0,4.082
0,4.08
0,4.079
0,4.085
0,4.085
0,4.092
0,4.094
0,4.092
0,4.087
0,4.08
0,4.074
0,4.068
0,4.07
0,4.072
0,4.069
0,4.069
0,4.064
0,4.063
0,4.054
0,4.066
0,4.061
0,4.071
0,4.076
0,4.078
0,4.072
0,4.087
0,4.052
0,4.061
0,4.072
0,4.05
0,4.05
0,4.052
0,4.052
0,4.055
0,4.052
0,4.04
0,4.03
0,4.027
0,4.024
0,4.014
0,4.034
0,4.014
0,4.02
0,4.01
0,4.008
0,4.006
0,4.003
0,3.999
0,3.998
0,4.006
0,3.998
0,4.008
0,3.996
0,3.994
0,3.994
0,3.99
0,3.999
0,3.996
0,3.99
0,3.992
0,3.99
0,3.99
0,3.998
0,3.997
0,3.997
0,4.001
0,3.999
0,3.999
0,3.999
0,3.986
0,3.994
0,3.995
0,3.988
0,3.99
0,3.989
0,3.987
0,3.986
0,3.986
0,3.985
0,3.985
0,3.984
0,3.992
0,3.994
0,3.995
0,3.996
0,4.005
0,4
0,3.984
0,3.985
0,3.992
0,3.986
0,3.987
0,4
0,4.002
0,4.015
0,4.014
0,4.025
0,4.017
0,4.031
0,4.022
0,4.01
0,4.006
0,4.006
0,4.006
0,4.011
0,4.004
0,4.004
0,4.001
0,4.002
0,3.995
0,3.995
0,4.005
0,4.007
0,4.018
0,4.018
0,4.014
0,4.015
0,4.017
0,4.022
0,4.017
0,4.015
0,4.025
0,4.027
0,4.03
0,4.033
0,4.036
0,4.034
0,4.026
0,4.035
0,4.035
0,4.033
0,4.037
0,4.037
0,4.04
0,4.038
0,4.038
0,4.036
0,4.035
0,4.023
0,4.022
0,4.01
0,4.027
0,4.02
0,4.021
0,4.024
0,4.024
0,4.024
0,4.021
0,4.018
0,4.015
0,4.022
0,4.018
0,4.017
0,4.018
0,4.02
0,4.017
0,4.01
0,4.02
0,4.02
0,4.024
0,4.025
0,4.031
0,4.032
0,4.028
0,4.02
0,4.022
0,4.01
0,4.019
0,4.02
0,4.019
0,4.018
0,4.027
0,4.031
0,4.022
0,4.022
0,4.01
0,4.016
0,4.021
0,4.015
0,4.014
0,4.015
0,4.014
0,4.011
0,4.012
0,4.007
0,4.008
0,4.008
0,4.007
0,3.999
0,3.998
0,4.003
0,4.012
0,4.013
0,4.014
0,4.012
0,4.011
0,4.012
0,4.011
0,4.008
0,4.002
0,4.001
0,3.998
0,3.994
0,3.982
0,3.981
0,3.982
0,3.982
0,3.982
0,3.984
0,3.984
0,3.987
0,3.984
0,3.984
0,3.984
0,3.985
0,3.976
0,3.975
0,3.984
0,3.983
0,3.984
0,3.988
0,3.986
0,3.985
0,3.986
0,4.003
0,3.998
0,3.994
0,3.99
0,3.996
0,3.998
0,3.995
0,3.992
0,3.99
0,4.006
0,3.988
0,3.989
0,4.01
0,4.008
0,3.997
0,3.993
0,4.004
0,4.006
0,4.006
0,4.002
0,4.005
0,4.004
0,4.002
0,3.99
0,4.003
0,4.003
0,3.994
0,3.994
0,3.992
0,3.992
0,3.984
0,3.985
0,3.986
0,3.985
0,3.984
0,3.989
0,3.99
0,3.988
0,3.986
0,3.986
0,3.979
0,3.979
0,3.987
0,4.002
0,3.986
0,4.002
0,4.003
0,4.005
0,4.006
0,4.003
0,4.006
0,4.006
0,4.011
0,4.011
0,4.011
0,4.006
0,4.01
0,4.003
0,4.002
0,4.007
0,4.006
0,4.006
0,4.004
0,4.005
0,4.006
0,4.005
0,4.005
0,3.992
0,4.004
0,4.01
0,4.011
0,4.011
0,4.012
0,4.011
0,4.012
0,4.012
0,4.011
0,4.01
0,4.014
0,4.016
0,4.016
0,4.019
0,4.019
0,4.021
0,4.023
0,4.008
0,4.016
0,4.015
0,4.016
0,4.014
0,4.015
0,4.026
0,4.015
0,4.024
0,4.023
0,4.027
0,4.036
0,4.034
0,4.033
0,4.032
0,4.024
0,4.022
0,4.02
0,4.02
0,4.016
0,4.019
0,4.02
0,4.016
0,4.017
0,4.014
0,4.015
0,4.016
0,4.02
0,4.015
0,4.006
0,4.013
0,4.014
0,4.013
0,4.012
0,4.012
0,4.012
0,4.015
0,4.018
0,4.032
0,4.027
0,4.03
0,4.03
0,4.037
0,4.037
0,4.034
0,4.034
0,4.024
0,4.018
0,4.022
0,4.03
0,4.028
0,4.025
0,4.033
0,4.034
0,4.035
0,4.04
0,4.046
0,4.046
0,4.04
0,4.044
0,4.043
0,4.038
0,4.036
0,4.032
0,4.019
0,4.027
0,4.022
0,4.022
0,4.019
0,4.02
0,4.015
0,4.017
0,4.024
0,4.021
0,4.019
0,4.027
0,4.025
0,4.024
0,4.024
0,4.033
0,4.034
0,4.032
0,4.034
0,4.034
0,4.032
0,4.032
0,4.034
0,4.034
0,4.033
0,4.042
0,4.044
0,4.033
0,4.038
0,4.038
0,4.045
0,4.048
0,4.048
0,4.046
0,4.054
0,4.051
0,4.059
0,4.056
0,4.056
0,4.056
0,4.054
0,4.049
0,4.051
0,4.053
0,4.054
0,4.056
0,4.052
0,4.05
0,4.054
0,4.053
0,4.058
0,4.053
0,4.047
0,4.052
0,4.058
0,4.053
0,4.058
0,4.058
0,4.056
0,4.056
0,4.059
0,4.054
0,4.057
0,4.057
0,4.052
0,4.056
0,4.053
0,4.055
0,4.053
0,4.052
0,4.051
0,4.043
0,4.054
0,4.053
0,4.051
0,4.054
0,4.066
0,4.069
0,4.052
0,4.052
0,4.048
0,4.061
0,4.057
0,4.036
0,4.052
0,4.056
0,4.056
0,4.062
0,4.069
0,4.07
0,4.068
0,4.069
0,4.071
0,4.066
0,4.054
0,4.058
0,4.058
0,4.056
0,4.057
0,4.074
0,4.068
0,4.064
0,4.063
0,4.062
0,4.059
0,4.062
0,4.05
0,4.052
0,4.06
0,4.052
0,4.044
0,4.04
0,4.041
0,4.044
0,4.044
0,4.045
0,4.044
0,4.04
0,4.042
0,4.04
0,4.038
0,4.041
0,4.04
0,4.043
0,4.053
0,4.051
0,4.051
0,4.059
0,4.059
0,4.057
0,4.058
0,4.069
0,4.051
0,4.052
0,4.052
0,4.06
0,4.059
0,4.059
0,4.06
0,4.057
0,4.061
0,4.058
0,4.058
0,4.059
0,4.048
0,4.046
0,4.053
0,4.056
0,4.06
0,4.061
0,4.052
0,4.059
0,4.059
0,4.058
0,4.061
0,4.064
0,4.064
0,4.064
0,4.061
0,4.079
0,4.062
0,4.062
0,4.061
0,4.065
0,4.061
0,4.061
0,4.06
0,4.059
0,4.057
0,4.058
0,4.05
0,4.05
0,4.054
0,4.058
0,4.063
0,4.078
0,4.084
0,4.088
0,4.092
0,4.097
0,4.104
0,4.106
0,4.104
0,4.098
0,4.098
0,4.093
0,4.094
0,4.1
0,4.083
0,4.078
0,4.078
0,4.076
0,4.073
0,4.071
0,4.077
0,4.083
0,4.088
0,4.092
0,4.091
0,4.086
0,4.092
0,4.096
0,4.103
0,4.12
0,4.123
0,4.126
0,4.121
0,4.114
0,4.107
0,4.104
0,4.103
0,4.104
0,4.106
0,4.11
0,4.108
0,4.108
0,4.108
0,4.106
0,4.105
0,4.098
0,4.101
0,4.101
0,4.099
0,4.088
0,4.098
0,4.098
0,4.089
0,4.088
0,4.09
0,4.094
0,4.099
0,4.087
0,4.094
0,4.098
0,4.1
0,4.1
0,4.104
0,4.095
0,4.104
0,4.106
0,4.104
0,4.103
0,4.103
0,4.104
0,4.105
0,4.106
0,4.108
0,4.108
0,4.104
0,4.102
0,4.102
0,4.094
0,4.09
0,4.082
0,4.084
0,4.081
0,4.079
0,4.079
0,4.081
0,4.085
0,4.082
0,4.084
0,4.082
0,4.078
0,4.08
0,4.067
0,4.083
0,4.078
0,4.091
0,4.094
0,4.093
0,4.082
0,4.094
0,4.094
0,4.094
0,4.095
0,4.085
0,4.082
0,4.094
0,4.093
0,4.096
0,4.087
0,4.093
0,4.093
0,4.093
0,4.1
0,4.097
0,4.098
0,4.104
0,4.099
0,4.095
0,4.098
0,4.099
0,4.09
0,4.098
0,4.098
0,4.099
0,4.1
0,4.093
0,4.095
0,4.084
0,4.094
0,4.078
0,4.093
0,4.099
0,4.101
0,4.102
0,4.102
0,4.103
0,4.112
0,4.103
0,4.104
0,4.103
0,4.102
0,4.112
0,4.108
0,4.102
0,4.102
0,4.105
0,4.108
0,4.105
0,4.1
0,4.104
0,4.106
0,4.104
0,4.103
0,4.102
0,4.104
0,4.107
0,4.107
0,4.106
0,4.106
0,4.105
0,4.101
0,4.099
0,4.099
0,4.104
0,4.106
0,4.106
0,4.105
0,4.105
0,4.112
0,4.126
0,4.108
0,4.104
0,4.104
0,4.102
0,4.108
0,4.102
0,4.103
0,4.102
0,4.1
0,4.101
0,4.102
0,4.1
0,4.102
0,4.104
0,4.103
0,4.103
0,4.102
0,4.097
0,4.081
0,4.082
0,4.082
0,4.081
0,4.082
0,4.082
0,4.078
0,4.076
0,4.078
0,4.084
0,4.088
0,4.091
0,4.09
0,4.091
0,4.079
0,4.088
0,4.092
0,4.09
0,4.104
0,4.1
0,4.102
0,4.098
0,4.1
0,4.1
0,4.098
0,4.096
0,4.097
0,4.096
0,4.095
0,4.1
0,4.098
0,4.093
0,4.1
0,4.104
0,4.102
0,4.104
0,4.106
0,4.104
0,4.102
0,4.102
0,4.099
0,4.098
0,4.098
0,4.098
0,4.098
0,4.098
0,4.1
0,4.1
0,4.099
0,4.094
0,4.091
0,4.102
0,4.102
0,4.102
0,4.102
0,4.104
0,4.102
0,4.101
0,4.102
0,4.104
0,4.106
0,4.106
0,4.106
0,4.102
0,4.096
0,4.096
0,4.102
0,4.106
0,4.105
0,4.111
0,4.124
0,4.116
0,4.106
0,4.102
0,4.094
0,4.1
0,4.105
0,4.108
0,4.106
0,4.106
0,4.102
0,4.106
0,4.11
0,4.115
0,4.114
0,4.107
0,4.11
0,4.105
0,4.108
0,4.106
0,4.106
0,4.106
0,4.104
0,4.107
0,4.109
0,4.116
0,4.116
0,4.105
0,4.105
0,4.106
0,4.102
0,4.1
0,4.104
0,4.102
0,4.102
0,4.105
0,4.106
0,4.103
0,4.102
0,4.104
0,4.1
0,4.099
0,4.097
0,4.092
0,4.102
0,4.101
0,4.102
0,4.102
0,4.106
0,4.105
0,4.103
0,4.101
0,4.099
0,4.104
0,4.106
0,4.107
0,4.107
0,4.111
0,4.111
0,4.112
0,4.112
0,4.108
0,4.106
0,4.105
0,4.104
0,4.104
0,4.105
0,4.104
0,4.105
0,4.104
0,4.105
0,4.106
0,4.106
0,4.106
0,4.106
0,4.106
0,4.105
0,4.099
0,4.102
0,4.102
0,4.1
0,4.1
0,4.07
0,4.072
0,4.06
0,4.081
0,4.061
0,4.06
0,4.079
0,4.078
0,4.079
0,4.078
0,4.068
0,4.091
0,4.097
0,4.085
0,4.094
0,4.069
0,4.063
0,4.062
0,4.065
0,4.06
0,4.049
0,4.046
0,4.05
0,4.042
0,4.046
0,4.047
0,4.052
0,4.044
0,4.042
0,4.024
0,4.019
0,4.018
0,4.015
0,4.011
0,4.018
0,4.011
0,4.002
0,4.006
0,4.018
0,4.025
0,4.029
0,4.049
0,4.051
0,4.044
0,4.06
0,4.056
0,4.061
0,4.06
0,4.064
0,4.068
0,4.062
0,4.072
0,4.076
0,4.064
0,4.062
0,4.062
0,4.058
0,4.048
0,4.04
0,4.051
0,4.059
0,4.07
0,4.072
0,4.076
0,4.063
0,4.077
0,4.075
0,4.061
0,4.058
0,4.054
0,4.054
0,4.058
0,4.063
0,4.061
0,4.05
0,4.05
0,4.036
0,4.034
0,4.024
0,4.03
0,4.026
0,4.018
0,4.036
0,4.026
0,4.026
0,4.026
0,4.034
0,4.023
0,4.046
0,4.038
0,4.041
0,4.045
0,4.044
0,4.046
0,4.047
0,4.05
0,4.039
0,4.05
0,4.06
0,4.062
0,4.058
0,4.063
0,4.072
0,4.075
0,4.057
0,4.063
0,4.052
0,4.051
0,4.05
0,4.041
0,4.036
0,4.035
0,4.028
0,4.028
0,4.02
0,4.036
0,4.032
0,4.033
0,4.036
0,4.037
0,4.032
0,4.024
0,4.03
0,4.02
0,4.017
0,4.015
0,4.005
0,4.014
0,4.004
0,4.012
0,4.002
0,4.009
0,4.013
0,4.014
0,4.027
0,4.024
0,4.024
0,4.018
0,4.013
0,4.012
0,4.017
0,4.02
0,4.011
0,4.008
0,4.024
0,4.024
0,4.025
0,4.016
0,4.025
0,4.029
0,4.024
0,4.034
0,4.046
0,4.04
0,4.048
0,4.047
0,4.056
0,4.044
0,4.035
0,4.053
0,4.042
0,4.056
0,4.053
0,4.046
0,4.047
0,4.054
0,4.043
0,4.05
0,4.039
0,4.017
0,3.998
0,3.987
0,3.992
0,4.006
0,3.997
0,3.985
0,3.984
0,3.978
0,3.989
0,3.986
0,3.984
0,3.978
0,3.977
0,3.97
0,3.962
0,3.97
0,3.967
0,3.982
0,3.981
0,3.979
0,3.986
0,3.981
0,3.979
0,3.98
0,3.967
0,3.966
0,3.971
0,3.976
0,3.968
0,3.965
0,3.978
0,3.978
0,3.984
0,3.995
0,3.987
0,3.987
0,3.978
0,3.967
0,3.97
0,3.962
0,3.974
0,3.974
0,3.979
0,3.98
0,3.971
0,3.964
0,3.964
0,3.961
0,3.972
0,3.978
0,3.978
0,3.976
0,3.976
0,3.972
0,3.972
0,3.973
0,3.976
0,3.978
0,3.982
0,3.98
0,3.984
0,3.979
0,3.979
0,3.976
0,3.975
0,3.965
0,3.963
0,3.96
0,3.947
0,3.94
0,3.94
0,3.939
0,3.939
0,3.934
0,3.923
0,3.928
0,3.919
0,3.889
0,3.892
0,3.888
0,3.891
0,3.884
0,3.902
0,3.896
0,3.874
0,3.867
0,3.867
0,3.879
0,3.88
0,3.867
0,3.874
0,3.867
0,3.857
0,3.87
0,3.868
0,3.871
0,3.872
0,3.867
0,3.866
0,3.866
0,3.863
0,3.862
0,3.86
0,3.864
0,3.864
0,3.868
0,3.867
0,3.86
0,3.852
0,3.857
0,3.87
0,3.866
0,3.875
0,3.872
0,3.876
0,3.877
0,3.876
0,3.872
0,3.873
0,3.875
0,3.876
0,3.888
0,3.89
0,3.891
0,3.889
0,3.884
0,3.882
0,3.884
0,3.884
0,3.88
0,3.892
0,3.892
0,3.884
0,3.878
0,3.889
0,3.892
0,3.894
0,3.896
0,3.891
0,3.886
0,3.886
0,3.886
0,3.887
0,3.883
0,3.883
0,3.89
0,3.886
0,3.89
0,3.895
0,3.89
0,3.895
0,3.896
0,3.888
0,3.894
0,3.894
0,3.891
0,3.892
0,3.884
0,3.883
0,3.884
0,3.876
0,3.89
0,3.884
0,3.885
0,3.882
0,3.884
0,3.882
0,3.89
0,3.89
0,3.878
0,3.888
0,3.882
0,3.888
0,3.891
0,3.898
0,3.908
0,3.91
0,3.902
0,3.9
0,3.899
0,3.897
0,3.891
0,3.891
0,3.884
0,3.884
0,3.886
0,3.89
0,3.883
0,3.88
0,3.868
0,3.876
0,3.867
0,3.865
0,3.867
0,3.87
0,3.87
0,3.861
0,3.85
0,3.864
0,3.864
0,3.874
0,3.868
0,3.87
0,3.868
0,3.866
0,3.862
0,3.861
0,3.867
0,3.867
0,3.872
0,3.877
0,3.877
0,3.878
0,3.88
0,3.875
0,3.875
0,3.873
0,3.872
0,3.872
0,3.868
0,3.868
0,3.864
0,3.864
0,3.863
0,3.87
0,3.874
0,3.877
0,3.866
0,3.872
0,3.873
0,3.869
0,3.874
0,3.872
0,3.871
0,3.874
0,3.875
0,3.872
0,3.883
0,3.88
0,3.882
0,3.884
0,3.884
0,3.886
0,3.889
0,3.878
0,3.882
0,3.883
0,3.881
0,3.876
0,3.878
0,3.878
0,3.878
0,3.868
0,3.866
0,3.868
0,3.872
0,3.88
0,3.872
0,3.874
0,3.875
0,3.872
0,3.87
0,3.862
0,3.86
0,3.87
0,3.87
0,3.87
0,3.868
0,3.864
0,3.858
0,3.852
0,3.852
0,3.853
0,3.856
0,3.856
0,3.858
0,3.86
0,3.86
0,3.86
0,3.865
0,3.862
0,3.862
0,3.859
0,3.862
0,3.86
0,3.859
0,3.854
0,3.856
0,3.862
0,3.867
0,3.871
0,4.273
0,4.363
0,4.339
0,4.35
0,4.45
0,4.472
0,4.478
0,4.456
0,4.514
0,4.502
0,4.495
0,4.482
0,4.573
0,4.616
0,4.69
0,4.595
0,4.626
0,4.637
0,4.63
0,4.627
0,4.628
0,4.668
0,4.646
0,4.62
0,4.624
0,4.621
0,4.611
0,4.622
0,4.618
0,4.633
0,4.636
0,4.62
0,4.595
0,4.618
0,4.551
0,4.526
0,4.528
0,4.499
0,4.489
0,4.5
0,4.485
0,4.454
0,4.443
0,4.441
0,4.491
0,4.43
0,4.458
0,4.453
0,4.467
0,4.449
0,4.452
0,4.452
0,4.435
0,4.435
0,4.419
0,4.418
0,4.405
0,4.409
0,4.441
0,4.414
0,4.45
0,4.442
0,4.437
0,4.444
0,4.435
0,4.412
0,4.428
0,4.434
0,4.442
0,4.426
0,4.449
0,4.436
0,4.483
0,4.489
0,4.464
0,4.488
0,4.469
0,4.489
0,4.464
0,4.491
0,4.486
0,4.46
0,4.457
0,4.48
0,4.482
0,4.46
0,4.483
0,4.456
0,4.467
0,4.466
0,4.49
0,4.454
0,4.491
0,4.472
0,4.538
0,4.521
0,4.528
0,4.525
0,4.524
0,4.487
0,4.512
0,4.516
0,4.519
0,4.537
0,4.505
0,4.508
0,4.5
0,4.53
0,4.5
0,4.526
0,4.499
0,4.505
0,4.526
0,4.52
0,4.52
0,4.549
0,4.564
0,4.56
0,4.562
0,4.546
0,4.576
0,4.59
0,4.571
0,4.589
0,4.563
0,4.555
0,4.59
0,4.586
0,4.584
0,4.556
0,4.59
0,4.592
0,4.596
0,4.594
0,4.592
0,4.598
0,4.632
0,4.604
0,4.608
0,4.616
0,4.611
0,4.57
0,4.546
0,4.556
0,4.555
0,4.549
0,4.54
0,4.579
0,4.547
0,4.573
0,4.584
0,4.542
0,4.586
0,4.573
0,4.586
0,4.583
0,4.582
0,4.55
0,4.546
0,4.55
0,4.537
0,4.538
0,4.558
0,4.53
0,4.578
0,4.588
0,4.566
0,4.576
0,4.588
0,4.549
0,4.578
0,4.562
0,4.569
0,4.55
0,4.59
0,4.592
0,4.582
0,4.568
0,4.558
0,4.536
0,4.581
0,4.561
0,4.535
0,4.55
0,4.55
0,4.552
0,4.556
0,4.564
0,4.565
0,4.565
0,4.554
0,4.551
0,4.552
0,4.556
0,4.55
0,4.55
0,4.557
0,4.552
0,4.554
0,4.552
0,4.544
0,4.542
0,4.557
0,4.578
0,4.582
0,4.58
0,4.533
0,4.527
0,4.556
0,4.584
0,4.577
0,4.558
0,4.557
0,4.554
0,4.562
0,4.537
0,4.528
0,4.509
0,4.536
0,4.558
0,4.497
0,4.505
0,4.505
0,4.536
0,4.552
0,4.545
0,4.546
0,4.544
0,4.542
0,4.544
0,4.548
0,4.537
0,4.537
0,4.541
0,4.54
0,4.539
0,4.558
0,4.556
0,4.542
0,4.562
0,4.554
0,4.552
0,4.552
0,4.562
0,4.56
0,4.544
0,4.544
0,4.53
0,4.524
0,4.523
0,4.528
0,4.534
0,4.552
0,4.548
0,4.528
0,4.525
0,4.563
0,4.563
0,4.562
0,4.582
0,4.584
0,4.563
0,4.556
0,4.552
0,4.574
0,4.588
0,4.566
0,4.573
0,4.573
0,4.572
0,4.588
0,4.558
0,4.586
0,4.594
0,4.563
0,4.586
0,4.56
0,4.566
0,4.565
0,4.572
0,4.566
0,4.582
0,4.581
0,4.59
0,4.595
0,4.588
0,4.588
0,4.588
0,4.602
0,4.604
0,4.62
0,4.634
0,4.624
0,4.64
0,4.637
0,4.645
0,4.65
0,4.654
0,4.65
0,4.65
0,4.668
0,4.684
0,4.687
0,4.684
0,4.685
0,4.684
0,4.684
0,4.685
0,4.685
0,4.685
0,4.632
0,4.65
0,4.61
0,4.654
0,4.651
0,4.616
0,4.662
0,4.64
0,4.65
0,4.64
0,4.638
0,4.639
0,4.64
0,4.634
0,4.622
0,4.623
0,4.63
0,4.629
0,4.634
0,4.604
0,4.6
0,4.629
0,4.608
0,4.603
0,4.586
0,4.618
0,4.62
0,4.64
0,4.606
0,4.59
0,4.58
0,4.58
0,4.593
0,4.574
0,4.569
0,4.598
0,4.597
0,4.549
0,4.589
0,4.579
0,4.556
0,4.584
0,4.556
0,4.614
0,4.591
0,4.556
0,4.548
0,4.604
0,4.579
0,4.61
0,4.577
0,4.552
0,4.604
0,4.583
0,4.603
0,4.604
0,4.627
0,4.604
0,4.602
0,4.616
0,4.612
0,4.613
0,4.643
0,4.65
0,4.638
0,4.654
0,4.652
0,4.656
0,4.654
0,4.66
0,4.632
0,4.632
0,4.635
0,4.656
0,4.656
0,4.68
0,4.684
0,4.664
0,4.668
0,4.668
0,4.679
0,4.69
0,4.695
0,4.709
0,4.7
0,4.703
0,4.701
0,4.738
0,4.723
0,4.742
0,4.736
0,4.714
0,4.737
0,4.706
0,4.65
0,4.662
0,4.63
0,4.598
0,4.648
0,4.65
0,4.631
0,4.662
0,4.68
0,4.702
0,4.678
0,4.696
0,4.696
0,4.667
0,4.672
0,4.692
0,4.723
0,4.682
0,4.73
0,4.744
0,4.7
0,4.736
0,4.716
0,4.726
0,4.77
0,4.781
0,4.753
0,4.756
0,4.756
0,4.77
0,4.774
0,4.775
0,4.816
0,4.88
0,4.835
0,4.797
0,4.812
0,4.838
0,4.866
0,4.855
0,4.818
0,4.815
0,4.828
0,4.826
0,4.798
0,4.805
0,4.786
0,4.78
0,4.752
0,4.757
0,4.813
0,4.79
0,4.781
0,4.778
0,4.778
0,4.768
0,4.763
0,4.77
0,4.762
0,4.771
0,4.789
0,4.795
0,4.782
0,4.818
0,4.822
0,4.8
0,4.799
0,4.767
0,4.808
0,4.782
0,4.794
0,4.802
0,4.811
0,4.812
0,4.839
0,4.878
0,4.882
0,4.898
0,4.887
0,4.906
0,4.908
0,4.785
0,4.848
0,4.875
0,4.884
0,4.856
0,4.829
0,4.796
0,4.768
0,4.696
0,4.679
0,4.688
0,4.666
0,4.705
0,4.693
0,4.726
0,4.752
0,4.754
0,4.723
0,4.696
0,4.772
0,4.792
0,4.794
0,4.787
0,4.782
0,4.806
0,4.765
0,4.752
0,4.794
0,4.772
0,4.799
0,4.812
0,4.8
0,4.764
0,4.802
0,4.826
0,4.823
0,4.85
0,4.866
0,4.818
0,4.808
0,4.808
0,4.772
0,4.774
0,4.756
0,4.74
0,4.773
0,4.8
0,4.803
0,4.798
0,4.797
0,4.763
0,4.763
0,4.729
0,4.738
0,4.754
0,4.754
0,4.74
0,4.752
0,4.741
0,4.738
0,4.723
0,4.72
0,4.714
0,4.725
0,4.726
0,4.743
0,4.74
0,4.732
0,4.735
0,4.702
0,4.684
0,4.71
0,4.702
0,4.704
0,4.706
0,4.709
0,4.691
0,4.688
0,4.682
0,4.692
0,4.7
0,4.704
0,4.726
0,4.735
0,4.736
0,4.729
0,4.726
0,4.722
0,4.723
0,4.729
0,4.714
0,4.718
0,4.724
0,4.724
0,4.714
0,4.7
0,4.71
0,4.716
0,4.703
0,4.704
0,4.714
0,4.72
0,4.727
0,4.735
0,4.749
0,4.741
0,4.715
0,4.705
0,4.726
0,4.726
0,4.736
0,4.724
0,4.705
0,4.703
0,4.705
0,4.7
0,4.719
0,4.718
0,4.712
0,4.726
0,4.72
0,4.72
0,4.723
0,4.722
0,4.729
0,4.728
0,4.758
0,4.758
0,4.76
0,4.757
0,4.756
0,4.748
0,4.746
0,4.764
0,4.765
0,4.778
0,4.765
0,4.764
0,4.764
0,4.784
0,4.79
0,4.787
0,4.808
0,4.788
0,4.774
0,4.776
0,4.775
0,4.778
0,4.769
0,4.758
0,4.748
0,4.738
0,4.731
0,4.736
0,4.737
0,4.758
0,4.751
0,4.75
0,4.749
0,4.754
0,4.754
0,4.754
0,4.751
0,4.762
0,4.762
0,4.771
0,4.773
0,4.767
0,4.764
0,4.766
0,4.754
0,4.76
0,4.76
0,4.76
0,4.762
0,4.76
0,4.762
0,4.762
0,4.746
0,4.743
0,4.746
0,4.76
0,4.751
0,4.75
0,4.764
0,4.748
0,4.75
0,4.753
0,4.752
0,4.752
0,4.755
0,4.754
0,4.768
0,4.769
0,4.776
0,4.789
0,4.785
0,4.788
0,4.788
0,4.77
0,4.772
0,4.771
0,4.77
0,4.769
0,4.758
0,4.766
0,4.767
0,4.767
0,4.768
0,4.765
0,4.758
0,4.754
0,4.74
0,4.738
0,4.744
0,4.748
0,4.746
0,4.753
0,4.77
0,4.755
0,4.76
0,4.76
0,4.762
0,4.763
0,4.748
0,4.743
0,4.726
0,4.772
0,4.802
0,4.744
0,4.758
0,4.744
0,4.756
0,4.755
0,4.754
0,4.738
0,4.741
0,4.741
0,4.729
0,4.741
0,4.739
0,4.751
0,4.752
0,4.753
0,4.755
0,4.754
0,4.753
0,4.752
0,4.744
0,4.752
0,4.726
0,4.722
0,4.708
0,4.706
0,4.707
0,4.693
0,4.704
0,4.705
0,4.712
0,4.716
0,4.712
0,4.712
0,4.72
0,4.693
0,4.723
0,4.723
0,4.722
0,4.722
0,4.726
0,4.742
0,4.744
0,4.73
0,4.742
0,4.741
0,4.728
0,4.737
0,4.736
0,4.738
0,4.734
0,4.734
0,4.737
0,4.736
0,4.721
0,4.73
0,4.729
0,4.726
0,4.738
0,4.752
0,4.749
0,4.758
0,4.751
0,4.749
0,4.749
0,4.749
0,4.763
0,4.752
0,4.755
0,4.745
0,4.747
0,4.736
0,4.739
0,4.726
0,4.719
0,4.713
0,4.712
0,4.716
0,4.713
0,4.714
0,4.714
0,4.717
0,4.72
0,4.722
0,4.729
0,4.732
0,4.744
0,4.738
0,4.728
0,4.738
0,4.715
0,4.723
0,4.726
0,4.698
0,4.723
0,4.728
0,4.732
0,4.728
0,4.734
0,4.746
0,4.733
0,4.737
0,4.728
0,4.73
0,4.726
0,4.72
0,4.72
0,4.719
0,4.714
0,4.707
0,4.718
0,4.712
0,4.691
0,4.707
0,4.706
0,4.704
0,4.706
0,4.694
0,4.696
0,4.696
0,4.676
0,4.682
0,4.686
0,4.678
0,4.661
0,4.665
0,4.674
0,4.676
0,4.675
0,4.676
0,4.666
0,4.656
0,4.66
0,4.654
0,4.654
0,4.644
0,4.652
0,4.649
0,4.644
0,4.637
0,4.637
0,4.651
0,4.656
0,4.65
0,4.638
0,4.652
0,4.652
0,4.636
0,4.636
0,4.642
0,4.64
0,4.636
0,4.635
0,4.64
0,4.64
0,4.636
0,4.632
0,4.627
0,4.62
0,4.628
0,4.627
0,4.642
0,4.626
0,4.641
0,4.646
0,4.648
0,4.654
0,4.655
0,4.656
0,4.66
0,4.672
0,4.671
0,4.671
0,4.652
0,4.659
0,4.653
0,4.663
0,4.666
0,4.657
0,4.658
0,4.657
0,4.656
0,4.659
0,4.658
0,4.657
0,4.659
0,4.662
0,4.668
0,4.667
0,4.657
0,4.657
0,4.642
0,4.652
0,4.661
0,4.652
0,4.658
0,4.666
0,4.668
0,4.668
0,4.675
0,4.676
0,4.684
0,4.708
0,4.714
0,4.707
0,4.712
0,4.712
0,4.716
0,4.723
0,4.73
0,4.732
0,4.736
0,4.728
0,4.73
0,4.731
0,4.748
0,4.758
0,4.745
0,4.752
0,4.752
0,4.752
0,4.742
0,4.742
0,4.758
0,4.76
0,4.758
0,4.758
0,4.77
0,4.764
0,4.763
0,4.752
0,4.752
0,4.75
0,4.748
0,4.755
0,4.751
0,4.765
0,4.764
0,4.774
0,4.775
0,4.778
0,4.786
0,4.778
0,4.783
0,4.792
0,4.778
0,4.793
0,4.796
0,4.797
0,4.798
0,4.792
0,4.789
0,4.791
0,4.794
0,4.801
0,4.768
0,4.739
0,4.675
0,4.662
0,4.666
0,4.562
0,4.679
0,4.692
0,4.654
0,4.654
0,4.686
0,4.648
0,4.624
0,4.641
0,4.64
0,4.642
0,4.588
0,4.61
0,4.612
0,4.602
0,4.598
0,4.599
0,4.568
0,4.596
0,4.594
0,4.6
0,4.6
0,4.626
0,4.625
0,4.652
0,4.653
0,4.659
0,4.648
0,4.648
0,4.65
0,4.653
0,4.65
0,4.662
0,4.66
0,4.662
0,4.659
0,4.658
0,4.676
0,4.687
0,4.7
0,4.689
0,4.703
0,4.704
0,4.706
0,4.712
0,4.715
0,4.711
0,4.719
0,4.714
0,4.713
0,4.719
0,4.7
0,4.698
0,4.7
0,4.727
0,4.736
0,4.731
0,4.733
0,4.737
0,4.73
0,4.739
0,4.744
0,4.732
0,4.734
0,4.735
0,4.726
0,4.723
0,4.723
0,4.723
0,4.726
0,4.723
0,4.712
0,4.704
0,4.704
0,4.709
0,4.7
0,4.719
0,4.71
0,4.71
0,4.716
0,4.712
0,4.734
0,4.728
0,4.726
0,4.736
0,4.717
0,4.706
0,4.714
0,4.712
0,4.714
0,4.715
0,4.702
0,4.703
0,4.7
0,4.706
0,4.703
0,4.712
0,4.722
0,4.723
0,4.745
0,4.76
0,4.748
0,4.76
0,4.76
0,4.768
0,4.75
0,4.744
0,4.768
0,4.76
0,4.762
0,4.764
0,4.764
0,4.764
0,4.76
0,4.77
0,4.774
0,4.778
0,4.78
0,4.779
0,4.772
0,4.784
0,4.784
0,4.801
0,4.794
0,4.794
0,4.806
0,4.8
0,4.797
0,4.802
0,4.768
0,4.784
0,4.776
0,4.775
0,4.78
0,4.784
0,4.77
0,4.778
0,4.78
0,4.768
0,4.786
0,4.786
0,4.794
0,4.782
0,4.792
0,4.806
0,4.798
0,4.799
0,4.802
0,4.803
0,4.789
0,4.798
0,4.8
0,4.79
0,4.802
0,4.79
0,4.805
0,4.813
0,4.811
0,4.814
0,4.821
0,4.821
0,4.822
0,4.804
0,4.816
0,4.812
0,4.81
0,4.803
0,4.824
0,4.804
0,4.817
0,4.807
0,4.815
0,4.813
0,4.828
0,4.826
0,4.826
0,4.811
0,4.824
0,4.806
0,4.821
0,4.831
0,4.816
0,4.81
0,4.81
0,4.825
0,4.828
0,4.84
0,4.832
0,4.83
0,4.829
0,4.813
0,4.824
0,4.836
0,4.825
0,4.836
0,4.838
0,4.832
0,4.837
0,4.832
0,4.832
0,4.823
0,4.822
0,4.822
0,4.817
0,4.81
0,4.781
0,4.823
0,4.813
0,4.798
0,4.812
0,4.808
0,4.82
0,4.822
0,4.823
0,4.805
0,4.804
0,4.804
0,4.802
0,4.807
0,4.804
0,4.812
0,4.798
0,4.804
0,4.805
0,4.799
0,4.792
0,4.796
0,4.792
0,4.806
0,4.81
0,4.813
0,4.812
0,4.812
0,4.815
0,4.821
0,4.828
0,4.811
0,4.808
0,4.807
0,4.806
0,4.801
0,4.8
0,4.802
0,4.815
0,4.816
0,4.803
0,4.792
0,4.786
0,4.786
0,4.791
0,4.79
0,4.79
0,4.777
0,4.778
0,4.776
0,4.776
0,4.776
0,4.766
0,4.767
0,4.776
0,4.778
0,4.776
0,4.775
0,4.774
0,4.779
0,4.768
0,4.77
0,4.77
0,4.76
0,4.76
0,4.765
0,4.765
0,4.764
0,4.776
0,4.771
0,4.771
0,4.77
0,4.768
0,4.764
0,4.768
0,4.753
0,4.752
0,4.74
0,4.751
0,4.75
0,4.754
0,4.755
0,4.754
0,4.755
0,4.746
0,4.751
0,4.753
0,4.743
0,4.74
0,4.736
0,4.744
0,4.737
0,4.735
0,4.748
0,4.748
0,4.748
0,4.737
0,4.742
0,4.734
0,4.726
0,4.726
0,4.723
0,4.72
0,4.723
0,4.718
0,4.722
0,4.719
0,4.729
0,4.726
0,4.724
0,4.727
0,4.732
0,4.736
0,4.737
0,4.742
0,4.745
0,4.738
0,4.724
0,4.714
0,4.71
0,4.712
0,4.714
0,4.718
0,4.711
0,4.698
0,4.7
0,4.702
0,4.716
0,4.711
0,4.715
0,4.719
0,4.716
0,4.714
0,4.701
0,4.706
0,4.727
0,4.719
0,4.722
0,4.719
0,4.708
0,4.712
0,4.708
0,4.708
0,4.706
0,4.694
0,4.714
0,4.717
0,4.715
0,4.708
0,4.706
0,4.7
0,4.694
0,4.694
0,4.703
0,4.7
0,4.708
0,4.709
0,4.702
0,4.704
0,4.704
0,4.704
0,4.7
0,4.698
0,4.7
0,4.707
0,4.717
0,4.713
0,4.715
0,4.724
0,4.728
0,4.724
0,4.714
0,4.719
0,4.726
0,4.723
0,4.727
0,4.714
0,4.721
0,4.718
0,4.716
0,4.714
0,4.716
0,4.721
0,4.716
0,4.721
0,4.716
0,4.71
0,4.715
0,4.714
0,4.716
0,4.722
0,4.733
0,4.724
0,4.721
0,4.729
0,4.728
0,4.739
0,4.732
0,4.74
0,4.726
0,4.746
0,4.742
0,4.733
0,4.736
0,4.744
0,4.737
0,4.736
0,4.733
0,4.733
0,4.739
0,4.734
0,4.731
0,4.732
0,4.732
0,4.731
0,4.734
0,4.733
0,4.734
0,4.735
0,4.736
0,4.74
0,4.754
0,4.752
0,4.76
0,4.752
0,4.748
0,4.754
0,4.752
0,4.737
0,4.736
0,4.742
0,4.735
0,4.776
0,4.778
0,4.758
0,4.796
0,4.783
0,4.774
0,4.76
0,4.756
0,4.756
0,4.753
0,4.781
0,4.785
0,4.791
0,4.802
0,4.8
0,4.804
0,4.805
0,4.798
0,4.802
0,4.816
0,4.813
0,4.787
0,4.788
0,4.791
0,4.788
0,4.778
0,4.764
0,4.766
0,4.77
0,4.771
0,4.774
0,4.755
0,4.743
0,4.742
0,4.738
0,4.75
0,4.733
0,4.738
0,4.741
0,4.724
0,4.705
0,4.719
0,4.704
0,4.726
0,4.728
0,4.728
0,4.737
0,4.74
0,4.738
0,4.739
0,4.746
0,4.749
0,4.77
0,4.768
0,4.756
0,4.766
0,4.735
0,4.74
0,4.755
0,4.752
0,4.762
0,4.762
0,4.763
0,4.768
0,4.769
0,4.766
0,4.768
0,4.768
0,4.761
0,4.739
0,4.744
0,4.735
0,4.746
0,4.751
0,4.742
0,4.745
0,4.752
0,4.748
0,4.75
0,4.747
0,4.748
0,4.746
0,4.73
0,4.729
0,4.726
0,4.738
0,4.751
0,4.747
0,4.754
0,4.762
0,4.763
0,4.764
0,4.758
0,4.746
0,4.746
0,4.712
0,4.726
0,4.724
0,4.723
0,4.724
0,4.738
0,4.744
0,4.741
0,4.722
0,4.722
0,4.723
0,4.733
0,4.735
0,4.736
0,4.742
0,4.751
0,4.738
0,4.738
0,4.741
0,4.745
0,4.733
0,4.732
0,4.742
0,4.736
0,4.742
0,4.734
0,4.72
0,4.728
0,4.722
0,4.748
0,4.75
0,4.762
0,4.752
0,4.748
0,4.757
0,4.736
0,4.744
0,4.74
0,4.733
0,4.723
0,4.721
0,4.744
0,4.733
0,4.744
0,4.741
0,4.739
0,4.734
0,4.745
0,4.742
0,4.741
0,4.739
0,4.738
0,4.739
0,4.739
0,4.738
0,4.737
0,4.735
0,4.736
0,4.756
0,4.76
0,4.76
0,4.755
0,4.751
0,4.752
0,4.755
0,4.755
0,4.771
0,4.773
0,4.776
0,4.78
0,4.786
0,4.785
0,4.786
0,4.786
0,4.776
0,4.773
0,4.775
0,4.776
0,4.786
0,4.783
0,4.782
0,4.79
0,4.806
0,4.796
0,4.791
0,4.784
0,4.783
0,4.8
0,4.797
0,4.794
0,4.814
0,4.755
0,4.76
0,4.815
0,4.813
0,4.826
0,4.824
0,4.811
0,4.789
0,4.794
0,4.793
0,4.791
0,4.793
0,4.793
0,4.794
0,4.794
0,4.795
0,4.797
0,4.798
0,4.794
0,4.795
0,4.791
0,4.794
0,4.796
0,4.81
0,4.812
0,4.796
0,4.799
0,4.798
0,4.799
0,4.797
0,4.794
0,4.793
0,4.794
0,4.792
0,4.792
0,4.81
0,4.802
0,4.8
0,4.815
0,4.821
0,4.814
0,4.815
0,4.819
0,4.83
0,4.831
0,4.818
0,4.806
0,4.805
0,4.808
0,4.812
0,4.812
0,4.812
0,4.817
0,4.813
0,4.814
0,4.83
0,4.82
0,4.83
0,4.832
0,4.838
0,4.824
0,4.834
0,4.826
0,4.838
0,4.838
0,4.824
0,4.826
0,4.848
0,4.828
0,4.832
0,4.829
0,4.829
0,4.836
0,4.855
0,4.848
0,4.845
0,4.84
0,4.838
0,4.844
0,4.858
0,4.832
0,4.856
0,4.86
0,4.858
0,4.851
0,4.85
0,4.854
0,4.851
0,4.859
0,4.852
0,4.858
0,4.853
0,4.856
0,4.858
0,4.864
0,4.868
0,4.852
0,4.848
0,4.846
0,4.858
0,4.855
0,4.858
0,4.863
0,4.875
0,4.877
0,4.868
0,4.854
0,4.852
0,4.852
0,4.849
0,4.848
0,4.849
0,4.858
0,4.854
0,4.858
0,4.854
0,4.85
0,4.834
0,4.834
0,4.837
0,4.854
0,4.862
0,4.844
0,4.858
0,4.841
0,4.829
0,4.828
0,4.832
0,4.829
0,4.828
0,4.844
0,4.832
0,4.844
0,4.832
0,4.818
0,4.826
0,4.802
0,4.817
0,4.822
0,4.836
0,4.825
0,4.824
0,4.814
0,4.826
0,4.825
0,4.795
0,4.815
0,4.802
0,4.815
0,4.808
0,4.808
0,4.792
0,4.802
0,4.802
0,4.786
0,4.786
0,4.79
0,4.8
0,4.782
0,4.798
0,4.794
0,4.798
0,4.8
0,4.8
0,4.798
0,4.8
0,4.796
0,4.798
0,4.8
0,4.802
0,4.804
0,4.802
0,4.806
0,4.815
0,4.816
0,4.816
0,4.816
0,4.818
0,4.836
0,4.827
0,4.816
0,4.817
0,4.817
0,4.819
0,4.835
0,4.828
0,4.814
0,4.832
0,4.823
0,4.834
0,4.831
0,4.831
0,4.826
0,4.844
0,4.832
0,4.834
0,4.828
0,4.828
0,4.826
0,4.816
0,4.823
0,4.814
0,4.82
0,4.806
0,4.818
0,4.82
0,4.829
0,4.834
0,4.836
0,4.843
0,4.848
0,4.85
0,4.84
0,4.848
0,4.85
0,4.831
0,4.836
0,4.827
0,4.834
0,4.832
0,4.822
0,4.824
0,4.842
0,4.832
0,4.823
0,4.848
0,4.858
0,4.861
0,4.854
0,4.858
0,4.838
0,4.828
0,4.828
0,4.822
0,4.82
0,4.835
0,4.82
0,4.835
0,4.84
0,4.839
0,4.842
0,4.841
0,4.841
0,4.816
0,4.831
0,4.81
0,4.828
0,4.836
0,4.818
0,4.83
0,4.824
0,4.824
0,4.84
0,4.838
0,4.836
0,4.811
0,4.81
0,4.81
0,4.808
0,4.82
0,4.816
0,4.808
0,4.813
0,4.813
0,4.807
0,4.82
0,4.806
0,4.806
0,4.826
0,4.824
0,4.826
0,4.838
0,4.836
0,4.82
0,4.822
0,4.842
0,4.822
0,4.824
0,4.842
0,4.832
0,4.826
0,4.844
0,4.836
0,4.868
0,4.846
0,4.849
0,4.845
0,4.872
0,4.863
0,4.874
0,4.887
0,4.891
0,4.864
0,4.863
0,4.87
0,4.882
0,4.863
0,4.874
0,4.864
0,4.87
0,4.865
0,4.854
0,4.855
0,4.854
0,4.854
0,4.844
0,4.868
0,4.85
0,4.846
0,4.837
0,4.834
0,4.834
0,4.844
0,4.842
0,4.848
0,4.847
0,4.845
0,4.848
0,4.845
0,4.845
0,4.847
0,4.848
0,4.851
0,4.868
0,4.85
0,4.848
0,4.848
0,4.852
0,4.85
0,4.85
0,4.85
0,4.844
0,4.839
0,4.838
0,4.837
0,4.841
0,4.846
0,4.848
0,4.844
0,4.842
0,4.846
0,4.846
0,4.844
0,4.845
0,4.842
0,4.84
0,4.839
0,4.845
0,4.85
0,4.863
0,4.866
0,4.868
0,4.859
0,4.86
0,4.862
0,4.866
0,4.867
0,4.862
0,4.867
0,4.874
0,4.878
0,4.878
0,4.879
0,4.873
0,4.873
0,4.88
0,4.882
0,4.884
0,4.886
0,4.915
0,4.9
0,4.892
0,4.908
0,4.908
0,4.912
0,4.918
0,4.922
0,4.92
0,4.924
0,4.935
0,4.936
0,4.932
0,4.932
0,4.932
0,4.928
0,4.929
0,4.924
0,4.922
0,4.924
0,4.944
0,4.944
0,4.942
0,4.94
0,4.954
0,4.957
0,4.959
0,4.954
0,4.963
0,4.966
0,4.971
0,4.974
0,4.99
0,4.972
0,4.978
0,4.985
0,4.972
0,4.97
0,4.98
0,4.986
0,4.983
0,4.976
0,4.988
0,4.987
0,4.986
0,4.975
0,4.983
0,4.972
0,4.985
0,4.975
0,4.975
0,4.971
0,4.975
0,4.971
0,4.98
0,4.956
0,4.942
0,4.947
0,4.963
0,4.962
0,4.971
0,4.964
0,4.962
0,4.959
0,4.96
0,4.982
0,4.98
0,4.973
0,4.983
0,4.97
0,4.964
0,4.985
0,4.976
0,4.996
0,4.982
0,4.982
0,4.994
0,4.983
0,4.998
0,4.991
0,4.994
0,5.015
0,5.004
0,4.996
0,5.006
0,5.009
0,5.014
0,5.002
0,5.005
0,5.004
0,4.999
0,4.998
0,4.994
0,4.988
0,5.004
0,5.004
0,5.008
0,5.022
0,5.014
0,5.015
0,5.015
0,5.025
0,5.025
0,5.036
0,5.034
0,5.042
0,5.038
0,5.039
0,5.025
0,5.022
0,5.019
0,5.015
0,5.016
0,5.014
0,5.014
0,5.016
0,5.019
0,5.015
0,5.011
0,5.018
0,5.019
0,5.023
0,5.02
0,5.015
0,5.019
0,5.025
0,5.019
0,5.028
0,5.026
0,5.032
0,5.033
0,5.038
0,5.037
0,5.037
0,5.037
0,5.035
0,5.04
0,5.053
0,5.051
0,5.055
0,5.053
0,5.052
0,5.047
0,5.039
0,5.036
0,5.042
0,5.007
0,5.005
0,5.006
0,4.995
0,4.998
0,4.967
0,4.98
0,4.979
0,4.971
0,4.956
0,4.945
0,4.953
0,4.938
0,4.928
0,4.95
0,4.956
0,4.953
0,4.934
0,4.916
0,4.912
0,4.896
0,4.93
0,4.928
0,4.918
0,4.932
0,4.922
0,4.92
0,4.906
0,4.902
0,4.918
0,4.913
0,4.925
0,4.918
0,4.919
0,4.895
0,4.89
0,4.892
0,4.89
0,4.885
0,4.888
0,4.894
0,4.895
0,4.899
0,4.89
0,4.867
0,4.878
0,4.879
0,4.882
0,4.875
0,4.874
0,4.874
0,4.892
0,4.898
0,4.898
0,4.892
0,4.887
0,4.886
0,4.876
0,4.848
0,4.859
0,4.855
0,4.85
0,4.864
0,4.858
0,4.864
0,4.848
0,4.858
0,4.849
0,4.858
0,4.859
0,4.858
0,4.854
0,4.86
0,4.871
0,4.863
0,4.87
0,4.864
0,4.852
0,4.858
0,4.858
0,4.847
0,4.866
0,4.864
0,4.849
0,4.845
0,4.852
0,4.863
0,4.865
0,4.87
0,4.882
0,4.883
0,4.88
0,4.877
0,4.872
0,4.87
0,4.87
0,4.87
0,4.863
0,4.861
0,4.857
0,4.856
0,4.857
0,4.84
0,4.854
0,4.86
0,4.864
0,4.864
0,4.868
0,4.867
0,4.864
0,4.868
0,4.868
0,4.875
0,4.866
0,4.863
0,4.866
0,4.87
0,4.868
0,4.852
0,4.847
0,4.847
0,4.852
0,4.858
0,4.87
0,4.871
0,4.856
0,4.86
0,4.855
0,4.868
0,4.86
0,4.855
0,4.842
0,4.844
0,4.842
0,4.838
0,4.844
0,4.842
0,4.832
0,4.846
0,4.852
0,4.858
0,4.858
0,4.856
0,4.852
0,4.856
0,4.862
0,4.86
0,4.862
0,4.864
0,4.871
0,4.86
0,4.866
0,4.866
0,4.86
0,4.859
0,4.86
0,4.861
0,4.86
0,4.86
0,4.862
0,4.864
0,4.86
0,4.861
0,4.861
0,4.861
0,4.863
0,4.857
0,4.859
0,4.858
0,4.855
0,4.846
0,4.852
0,4.852
0,4.845
0,4.83
0,4.842
0,4.838
0,4.845
0,4.859
0,4.858
0,4.856
0,4.858
0,4.799
0,4.799
0,4.799
0,4.851
0,4.834
0,4.828
0,4.814
0,4.796
0,4.802
0,4.8
0,4.804
0,4.805
0,4.81
0,4.812
0,4.814
0,4.813
0,4.843
0,4.836
0,4.832
0,4.836
0,4.834
0,4.839
0,4.842
0,4.858
0,4.84
0,4.854
0,4.864
0,4.862
0,4.87
0,4.872
0,4.852
0,4.859
0,4.879
0,4.858
0,4.856
0,4.854
0,4.851
0,4.848
0,4.84
0,4.832
0,4.829
0,4.812
0,4.816
0,4.822
0,4.823
0,4.822
0,4.82
0,4.802
0,4.807
0,4.806
0,4.806
0,4.806
0,4.803
0,4.802
0,4.796
0,4.797
0,4.792
0,4.787
0,4.795
0,4.78
0,4.78
0,4.761
0,4.77
0,4.769
0,4.774
0,4.772
0,4.752
0,4.759
0,4.76
0,4.761
0,4.758
0,4.755
0,4.753
0,4.755
0,4.767
0,4.764
0,4.762
0,4.762
0,4.762
0,4.772
0,4.772
0,4.778
0,4.778
0,4.776
0,4.774
0,4.771
0,4.771
0,4.775
0,4.773
0,4.781
0,4.797
0,4.801
0,4.799
0,4.794
0,4.802
0,4.799
0,4.797
0,4.802
0,4.797
0,4.794
0,4.796
0,4.797
0,4.795
0,4.796
0,4.792
0,4.791
0,4.791
0,4.786
0,4.78
0,4.768
0,4.759
0,4.759
0,4.767
0,4.76
0,4.758
0,4.782
0,4.771
0,4.766
0,4.764
0,4.766
0,4.756
0,4.758
0,4.768
0,4.768
0,4.77
0,4.772
0,4.763
0,4.772
0,4.762
0,4.765
0,4.767
0,4.758
0,4.762
0,4.782
0,4.784
0,4.783
0,4.775
0,4.774
0,4.782
0,4.784
0,4.786
0,4.783
0,4.781
0,4.78
0,4.779
0,4.78
0,4.78
0,4.792
0,4.788
0,4.789
0,4.783
0,4.772
0,4.766
0,4.778
0,4.775
0,4.783
0,4.782
0,4.778
0,4.772
0,4.755
0,4.759
0,4.757
0,4.764
0,4.767
0,4.765
0,4.762
0,4.759
0,4.758
0,4.759
0,4.768
0,4.776
0,4.771
0,4.77
0,4.774
0,4.774
0,4.772
0,4.772
0,4.773
0,4.764
0,4.761
0,4.758
0,4.757
0,4.756
0,4.736
0,4.739
0,4.752
0,4.753
0,4.751
0,4.752
0,4.75
0,4.729
0,4.746
0,4.748
0,4.743
0,4.743
0,4.738
0,4.737
0,4.728
0,4.744
0,4.74
0,4.74
0,4.738
0,4.704
0,4.723
0,4.706
0,4.704
0,4.7
0,4.737
0,4.739
0,4.736
0,4.734
0,4.741
0,4.745
0,4.748
0,4.764
0,4.763
0,4.766
0,4.77
0,4.765
0,4.768
0,4.77
0,4.772
0,4.774
0,4.774
0,4.79
0,4.784
0,4.79
0,4.796
0,4.798
0,4.796
0,4.796
0,4.796
0,4.782
0,4.782
0,4.764
0,4.775
0,4.776
0,4.778
0,4.773
0,4.771
0,4.77
0,4.77
0,4.774
0,4.78
0,4.778
0,4.776
0,4.778
0,4.776
0,4.773
0,4.774
0,4.768
0,4.76
0,4.763
0,4.768
0,4.785
0,4.763
0,4.774
0,4.77
0,4.764
0,4.762
0,4.762
0,4.749
0,4.765
0,4.77
0,4.77
0,4.77
0,4.786
0,4.776
0,4.777
0,4.783
0,4.798
0,4.79
0,4.789
0,4.806
0,4.818
0,4.806
0,4.816
0,4.804
0,4.819
0,4.822
0,4.824
0,4.808
0,4.806
0,4.806
0,4.824
0,4.822
0,4.824
0,4.845
0,4.843
0,4.84
0,4.832
0,4.821
0,4.82
0,4.818
0,4.836
0,4.826
0,4.826
0,4.826
0,4.827
0,4.844
0,4.842
0,4.842
0,4.837
0,4.825
0,4.832
0,4.834
0,4.836
0,4.844
0,4.825
0,4.823
0,4.827
0,4.827
0,4.826
0,4.821
0,4.822
0,4.815
0,4.799
0,4.812
0,4.828
0,4.825
0,4.825
0,4.821
0,4.821
0,4.8
0,4.809
0,4.806
0,4.809
0,4.822
0,4.83
0,4.828
0,4.833
0,4.826
0,4.824
0,4.822
0,4.82
0,4.816
0,4.834
0,4.83
0,4.825
0,4.828
0,4.829
0,4.83
0,4.828
0,4.816
0,4.816
0,4.812
0,4.813
0,4.832
0,4.829
0,4.831
0,4.831
0,4.832
0,4.834
0,4.838
0,4.833
0,4.827
0,4.822
0,4.822
0,4.826
0,4.825
0,4.825
0,4.828
0,4.838
0,4.834
0,4.829
0,4.829
0,4.828
0,4.829
0,4.83
0,4.834
0,4.829
0,4.831
0,4.836
0,4.837
0,4.83
0,4.831
0,4.83
0,4.836
0,4.834
0,4.854
0,4.836
0,4.832
0,4.855
0,4.838
0,4.834
0,4.832
0,4.836
0,4.832
0,4.83
0,4.822
0,4.828
0,4.826
0,4.82
0,4.824
0,4.826
0,4.824
0,4.826
0,4.82
0,4.826
0,4.826
0,4.828
0,4.831
0,4.825
0,4.822
0,4.822
0,4.826
0,4.824
0,4.812
0,4.809
0,4.81
0,4.812
0,4.806
0,4.804
0,4.812
0,4.818
0,4.81
0,4.807
0,4.799
0,4.798
0,4.804
0,4.795
0,4.794
0,4.79
0,4.804
0,4.8
0,4.806
0,4.8
0,4.802
0,4.809
0,4.806
0,4.804
0,4.806
0,4.814
0,4.812
0,4.83
0,4.817
0,4.836
0,4.838
0,4.84
0,4.804
0,4.822
0,4.828
0,4.828
0,4.848
0,4.861
0,4.86
0,4.833
0,4.844
0,4.843
0,4.863
0,4.846
0,4.844
0,4.844
0,4.828
0,4.828
0,4.829
0,4.838
0,4.832
0,4.826
0,4.844
0,4.832
0,4.839
0,4.845
0,4.85
0,4.844
0,4.85
0,4.852
0,4.855
0,4.858
0,4.858
0,4.862
0,4.882
0,4.87
0,4.88
0,4.886
0,4.89
0,4.876
0,4.88
0,4.895
0,4.896
0,4.9
0,4.914
0,4.904
0,4.888
0,4.9
0,4.884
0,4.884
0,4.88
0,4.88
0,4.869
0,4.864
0,4.86
0,4.86
0,4.86
0,4.858
0,4.856
0,4.839
0,4.838
0,4.851
0,4.842
0,4.843
0,4.84
0,4.842
0,4.842
0,4.846
0,4.849
0,4.85
0,4.865
0,4.884
0,4.872
0,4.871
0,4.871
0,4.868
0,4.86
0,4.872
0,4.873
0,4.874
0,4.874
0,4.874
0,4.874
0,4.868
0,4.868
0,4.866
0,4.866
0,4.867
0,4.852
0,4.847
0,4.86
0,4.852
0,4.847
0,4.858
0,4.855
0,4.858
0,4.859
0,4.857
0,4.849
0,4.858
0,4.848
0,4.844
0,4.846
0,4.85
0,4.845
0,4.834
0,4.848
0,4.834
0,4.84
0,4.85
0,4.836
0,4.832
0,4.839
0,4.835
0,4.84
0,4.834
0,4.832
0,4.854
0,4.842
0,4.843
0,4.836
0,4.84
0,4.836
0,4.836
0,4.837
0,4.836
0,4.838
0,4.84
0,4.84
0,4.85
0,4.85
0,4.849
0,4.842
0,4.839
0,4.842
0,4.854
0,4.854
0,4.854
0,4.852
0,4.858
0,4.858
0,4.855
0,4.847
0,4.848
0,4.847
0,4.844
0,4.85
0,4.854
0,4.856
0,4.848
0,4.847
0,4.844
0,4.844
0,4.843
0,4.844
0,4.842
0,4.839
0,4.826
0,4.823
0,4.83
0,4.826
0,4.836
0,4.836
0,4.838
0,4.83
0,4.828
0,4.834
0,4.827
0,4.829
0,4.834
0,4.834
0,4.834
0,4.832
0,4.83
0,4.831
0,4.833
0,4.848
0,4.831
0,4.844
0,4.833
0,4.85
0,4.848
0,4.836
0,4.836
0,4.844
0,4.834
0,4.836
0,4.836
0,4.84
0,4.84
0,4.864
0,4.864
0,4.85
0,4.85
0,4.837
0,4.836
0,4.848
0,4.824
0,4.839
0,4.834
0,4.838
0,4.838
0,4.836
0,4.835
0,4.834
0,4.845
0,4.834
0,4.842
0,4.842
0,4.836
0,4.835
0,4.835
0,4.831
0,4.829
0,4.83
0,4.831
0,4.833
0,4.83
0,4.831
0,4.831
0,4.831
0,4.832
0,4.837
0,4.838
0,4.834
0,4.852
0,4.844
0,4.844
0,4.841
0,4.835
0,4.828
0,4.835
0,4.829
0,4.84
0,4.83
0,4.829
0,4.842
0,4.842
0,4.83
0,4.828
0,4.83
0,4.828
0,4.828
0,4.829
0,4.829
0,4.826
0,4.823
0,4.824
0,4.824
0,4.828
0,4.83
0,4.826
0,4.828
0,4.829
0,4.829
0,4.822
0,4.83
0,4.828
0,4.836
0,4.844
0,4.845
0,4.842
0,4.841
0,4.833
0,4.838
0,4.836
0,4.832
0,4.832
0,4.846
0,4.844
0,4.842
0,4.841
0,4.84
0,4.84
0,4.84
0,4.856
0,4.857
0,4.857
0,4.844
0,4.84
0,4.856
0,4.846
0,4.854
0,4.854
0,4.854
0,4.842
0,4.842
0,4.854
0,4.854
0,4.862
0,4.858
0,4.864
0,4.865
0,4.877
0,4.868
0,4.878
0,4.868
0,4.852
0,4.856
0,4.854
0,4.856
0,4.858
0,4.86
0,4.86
0,4.86
0,4.861
0,4.866
0,4.862
0,4.861
0,4.88
0,4.868
0,4.879
0,4.88
0,4.87
0,4.875
0,4.876
0,4.877
0,4.88
0,4.874
0,4.864
0,4.863
0,4.87
0,4.863
0,4.873
0,4.872
0,4.874
0,4.874
0,4.876
0,4.876
0,4.876
0,4.875
0,4.874
0,4.871
0,4.872
0,4.888
0,4.888
0,4.884
0,4.88
0,4.874
0,4.882
0,4.886
0,4.878
0,4.877
0,4.86
0,4.875
0,4.852
0,4.852
0,4.849
0,4.858
0,4.868
0,4.868
0,4.866
0,4.851
0,4.852
0,4.86
0,4.858
0,4.86
0,4.856
0,4.856
0,4.858
0,4.86
0,4.858
0,4.861
0,4.862
0,4.866
0,4.861
0,4.866
0,4.879
0,4.878
0,4.868
0,4.88
0,4.871
0,4.87
0,4.866
0,4.86
0,4.861
0,4.862
0,4.863
0,4.861
0,4.861
0,4.864
0,4.866
0,4.865
0,4.866
0,4.867
0,4.872
0,4.87
0,4.866
0,4.862
0,4.86
0,4.863
0,4.861
0,4.844
0,4.856
0,4.845
0,4.851
0,4.858
0,4.864
0,4.858
0,4.862
0,4.86
0,4.859
0,4.858
0,4.855
0,4.855
0,4.855
0,4.852
0,4.845
0,4.858
0,4.858
0,4.83
0,4.827
0,4.838
0,4.832
0,4.876
0,4.848
0,4.871
0,4.866
0,4.868
0,4.886
0,4.898
0,4.876
0,4.906
0,4.883
0,4.908
0,4.907
0,4.9
0,4.9
0,4.9
0,4.907
0,4.895
0,4.881
0,4.882
0,4.886
0,4.914
0,4.902
0,4.901
0,4.891
0,4.888
0,4.891
0,4.91
0,4.898
0,4.898
0,4.872
0,4.893
0,4.889
0,4.872
0,4.87
0,4.866
0,4.874
0,4.864
0,4.868
0,4.868
0,4.864
0,4.874
0,4.864
0,4.85
0,4.848
0,4.848
0,4.858
0,4.852
0,4.854
0,4.864
0,4.865
0,4.855
0,4.864
0,4.865
0,4.855
0,4.846
0,4.857
0,4.863
0,4.867
0,4.863
0,4.844
0,4.856
0,4.85
0,4.839
0,4.85
0,4.849
0,4.861
0,4.845
0,4.84
0,4.818
0,4.818
0,4.826
0,4.826
0,4.83
0,4.828
0,4.83
0,4.816
0,4.824
0,4.816
0,4.824
0,4.824
0,4.812
0,4.817
0,4.81
0,4.8
0,4.799
0,4.794
0,4.804
0,4.788
0,4.788
0,4.793
0,4.788
0,4.788
0,4.796
0,4.8
0,4.808
0,4.8
0,4.798
0,4.808
0,4.82
0,4.823
0,4.824
0,4.824
0,4.824
0,4.823
0,4.826
0,4.818
0,4.806
0,4.801
0,4.798
0,4.796
0,4.796
0,4.794
0,4.794
0,4.79
0,4.794
0,4.801
0,4.8
0,4.794
0,4.796
0,4.794
0,4.795
0,4.794
0,4.796
0,4.8
0,4.797
0,4.794
0,4.794
0,4.805
0,4.829
0,4.838
0,4.81
0,4.808
0,4.809
0,4.832
0,4.834
0,4.834
0,4.826
0,4.816
0,4.814
0,4.81
0,4.8
0,4.811
0,4.809
0,4.794
0,4.803
0,4.792
0,4.802
0,4.816
0,4.818
0,4.818
0,4.8
0,4.797
0,4.796
0,4.802
0,4.815
0,4.798
0,4.816
0,4.8
0,4.818
0,4.819
0,4.801
0,4.8
0,4.8
0,4.817
0,4.818
0,4.809
0,4.806
0,4.798
0,4.806
0,4.795
0,4.8
0,4.795
0,4.792
0,4.794
0,4.784
0,4.781
0,4.803
0,4.802
0,4.784
0,4.779
0,4.808
0,4.805
0,4.812
0,4.812
0,4.79
0,4.79
0,4.794
0,4.784
0,4.796
0,4.81
0,4.807
0,4.801
0,4.812
0,4.812
0,4.802
0,4.814
0,4.794
0,4.79
0,4.794
0,4.781
0,4.796
0,4.794
0,4.788
0,4.792
0,4.79
0,4.788
0,4.79
0,4.796
0,4.795
0,4.792
0,4.783
0,4.784
0,4.784
0,4.782
0,4.792
0,4.793
0,4.783
0,4.794
0,4.796
0,4.785
0,4.776
0,4.785
0,4.787
0,4.783
0,4.79
0,4.784
0,4.794
0,4.794
0,4.783
0,4.774
0,4.781
0,4.771
0,4.766
0,4.765
0,4.765
0,4.752
0,4.758
0,4.776
0,4.786
0,4.768
0,4.767
0,4.763
0,4.759
0,4.768
0,4.784
0,4.776
0,4.771
0,4.776
0,4.766
0,4.774
0,4.764
0,4.77
0,4.768
0,4.778
0,4.773
0,4.786
0,4.771
0,4.787
0,4.788
0,4.79
0,4.804
0,4.806
0,4.788
0,4.786
0,4.786
0,4.799
0,4.81
0,4.795
0,4.79
0,4.8
0,4.799
0,4.805
0,4.804
0,4.812
0,4.812
0,4.81
0,4.81
0,4.81
0,4.815
0,4.815
0,4.822
0,4.82
0,4.82
0,4.82
0,4.82
0,4.817
0,4.806
0,4.806
0,4.829
0,4.816
0,4.816
0,4.82
0,4.832
0,4.838
0,4.834
0,4.834
0,4.834
0,4.834
0,4.838
0,4.838
0,4.84
0,4.826
0,4.819
0,4.821
0,4.818
0,4.828
0,4.832
0,4.832
0,4.829
0,4.829
0,4.85
0,4.84
0,4.856
0,4.844
0,4.845
0,4.847
0,4.846
0,4.848
0,4.85
0,4.86
0,4.846
0,4.862
0,4.848
0,4.855
0,4.854
0,4.854
0,4.852
0,4.85
0,4.848
0,4.85
0,4.856
0,4.862
0,4.857
0,4.857
0,4.852
0,4.85
0,4.842
0,4.838
0,4.838
0,4.822
0,4.836
0,4.836
0,4.839
0,4.844
0,4.838
0,4.835
0,4.834
0,4.838
0,4.834
0,4.836
0,4.838
0,4.834
0,4.832
0,4.831
0,4.832
0,4.83
0,4.825
0,4.829
0,4.832
0,4.836
0,4.833
0,4.831
0,4.831
0,4.834
0,4.834
0,4.834
0,4.833
0,4.834
0,4.838
0,4.836
0,4.834
0,4.836
0,4.834
0,4.833
0,4.842
0,4.841
0,4.826
0,4.844
0,4.817
0,4.819
0,4.82
0,4.793
0,4.842
0,4.832
0,4.845
0,4.847
0,4.84
0,4.832
0,4.822
0,4.846
0,4.852
0,4.847
0,4.854
0,4.864
0,4.861
0,4.856
0,4.866
0,4.874
0,4.87
0,4.861
0,4.876
0,4.873
0,4.856
0,4.87
0,4.862
0,4.86
0,4.856
0,4.878
0,4.854
0,4.856
0,4.85
0,4.846
0,4.856
0,4.845
0,4.873
0,4.871
0,4.874
0,4.854
0,4.849
0,4.868
0,4.856
0,4.876
0,4.875
0,4.884
0,4.872
0,4.879
0,4.888
0,4.879
0,4.89
0,4.879
0,4.88
0,4.894
0,4.895
0,4.898
0,4.893
0,4.896
0,4.884
0,4.904
0,4.904
0,4.908
0,4.89
0,4.891
0,4.91
0,4.919
0,4.906
0,4.906
0,4.918
0,4.92
0,4.903
0,4.898
0,4.905
0,4.902
0,4.914
0,4.89
0,4.9
0,4.918
0,4.896
0,4.905
0,4.916
0,4.906
0,4.901
0,4.898
0,4.918
0,4.918
0,4.909
0,4.913
0,4.918
0,4.919
0,4.918
0,4.926
0,4.937
0,4.941
0,4.94
0,4.94
0,4.942
0,4.931
0,4.935
0,4.94
0,4.94
0,4.934
0,4.933
0,4.937
0,4.944
0,4.941
0,4.952
0,4.941
0,4.954
0,4.95
0,4.958
0,4.966
0,4.944
0,4.944
0,4.948
0,4.943
0,4.944
0,4.96
0,4.954
0,4.969
0,4.96
0,4.976
0,4.98
0,4.96
0,4.966
0,4.963
0,4.967
0,4.984
0,4.982
0,4.998
0,4.997
0,4.992
0,4.968
0,4.97
0,4.988
0,4.968
0,4.984
0,4.963
0,4.959
0,4.956
0,4.964
0,4.982
0,4.984
0,4.986
0,4.985
0,4.97
0,4.972
0,4.989
0,4.99
0,4.979
0,4.983
0,4.986
0,4.98
0,4.965
0,4.974
0,4.98
0,4.996
0,4.986
0,4.998
0,4.989
0,4.99
0,5.008
0,5.001
0,5.013
0,5.013
0,5.015
0,5.002
0,5.012
0,4.99
0,4.99
0,5.012
0,5
0,4.994
0,5.009
0,4.996
0,5.007
0,4.996
0,5.001
0,5.001
0,5
0,4.999
0,4.984
0,4.987
0,5.008
0,5.013
0,5.014
0,5.007
0,5.019
0,5.013
0,5.027
0,5.033
0,5.067
0,5.029
0,5.037
0,5.046
0,5.033
0,5.021
0,5.02
0,5.015
0,5.013
0,5.034
0,5.042
0,5.018
0,5.008
0,5.033
0,5.041
0,5.029
0,5.034
0,5.04
0,5.044
0,5.035
0,5.049
0,5.027
0,5.042
0,5.028
0,5.041
0,5.021
0,5.018
0,5.028
0,5.017
0,5.029
0,5.033
0,5.036
0,5.02
0,5.01
0,5.024
0,5.027
0,5.031
0,5.042
0,5.02
0,5.018
0,5.033
0,5.031
0,5.052
0,5.037
0,5.023
0,5.045
0,5.023
0,5.035
0,5.049
0,5.052
0,5.041
0,5.024
0,5.028
0,5.016
0,5.013
0,5.012
0,5.012
0,5.018
0,5.015
0,5.004
0,5.004
0,5.004
0,5.002
0,5.002
0,4.988
0,4.994
0,4.999
0,5.002
0,5.001
0,5.01
0,5.012
0,5.002
0,5.012
0,5.012
0,5.013
0,5.001
0,4.998
0,4.999
0,5.009
0,5.015
0,5.013
0,5.015
0,5.004
0,4.996
0,4.996
0,5.012
0,5.008
0,4.994
0,4.992
0,5.01
0,4.992
0,4.994
0,5.002
0,5.002
0,4.999
0,5.008
0,5.01
0,5.011
0,5.006
0,5.009
0,5
0,4.995
0,4.994
0,5.008
0,5.005
0,5.012
0,5.002
0,4.997
0,5.002
0,5.004
0,5.01
0,5.016
0,5.013
0,5.037
0,5.024
0,5.035
0,5.025
0,5.023
0,5.01
0,5.018
0,5.016
0,5.014
0,5.016
0,5.013
0,5.017
0,5.018
0,5.014
0,5.014
0,5.011
0,5.007
0,5.005
0,4.989
0,4.98
0,4.975
0,4.965
0,4.96
0,4.982
0,4.982
0,4.994
0,4.974
0,4.988
0,4.986
0,4.988
0,4.994
0,4.992
0,4.981
0,4.982
0,4.989
0,5.008
0,4.984
0,4.995
0,4.998
0,5.003
0,5.01
0,5.017
0,5.009
0,5.009
0,5.01
0,5.012
0,5.007
0,5.007
0,5.015
0,5.011
0,5.007
0,5.01
0,5.007
0,5.008
0,5.015
0,5.011
0,5.016
0,5.005
0,5.002
0,5.008
0,5.002
0,5.003
0,5.008
0,4.996
0,5.006
0,5.009
0,5.01
0,5.006
0,5.005
0,5.007
0,4.992
0,5.005
0,5.003
0,5.004
0,5.002
0,5
0,5
0,5.002
0,5.002
0,5.001
0,4.998
0,4.998
0,4.998
0,5
0,4.99
0,5
0,5.001
0,4.999
0,5.002
0,4.999
0,4.998
0,5.003
0,4.999
0,5.006
0,5.004
0,5.003
0,4.997
0,5
0,5.037
0,5.069
0,5.085
0,5.089
0,5.053
0,5.034
0,5.069
0,5.062
0,5.054
0,5.081
0,5.066
0,5.063
0,5.07
0,5.07
0,5.074
0,5.07
0,5.069
0,5.06
0,5.059
0,5.062
0,5.065
0,5.061
0,5.049
0,5.05
0,5.052
0,5.056
0,5.046
0,5.048
0,5.04
0,5.047
0,5.051
0,5.059
0,5.061
0,5.052
0,5.058
0,5.062
0,5.061
0,5.063
0,5.054
0,5.06
0,5.067
0,5.073
0,5.067
0,5.091
0,5.09
0,5.083
0,5.079
0,5.088
0,5.082
0,5.083
0,5.091
0,5.11
0,5.102
0,5.101
0,5.102
0,5.107
0,5.098
0,5.092
0,5.117
0,5.119
0,5.101
0,5.087
0,5.107
0,5.092
0,5.08
0,5.102
0,5.081
0,5.097
0,5.085
0,5.08
0,5.09
0,5.082
0,5.079
0,5.093
0,5.074
0,5.071
0,5.07
0,5.064
0,5.066
0,5.06
0,5.055
0,5.066
0,5.059
0,5.043
0,5.064
0,5.043
0,5.047
0,5.055
0,5.037
0,5.036
0,5.033
0,5.031
0,5.032
0,5.031
0,5.036
0,5.027
0,5.026
0,5.029
0,5.042
0,5.049
0,5.052
0,5.031
0,5.028
0,5.055
0,5.043
0,5.02
0,5.015
0,5.014
0,5.019
0,5.03
0,5.026
0,5.03
0,5.021
0,5.045
0,5.021
0,5.03
0,5.029
0,5.04
0,5.04
0,5.031
0,5.036
0,5.031
0,5.036
0,5.017
0,5.016
0,5.015
0,5.014
0,5.038
0,5.037
0,5.04
0,5.024
0,5.029
0,5.014
0,5.008
0,5.021
0,5.01
0,5.008
0,4.995
0,5.009
0,5.008
0,5.009
0,4.994
0,5.014
0,5.014
0,4.996
0,4.996
0,5.015
0,5.018
0,5
0,5.019
0,5.015
0,5.002
0,5.012
0,4.999
0,5.02
0,5.015
0,4.994
0,5.015
0,5.017
0,5.015
0,5.014
0,5.017
0,5.018
0,5.02
0,5.01
0,5.016
0,5.011
0,4.998
0,4.998
0,4.988
0,5.009
0,4.992
0,5.002
0,5.012
0,5.002
0,5.012
0,4.998
0,4.996
0,5.014
0,5.017
0,5.003
0,5.013
0,5.002
0,5.002
0,5.002
0,4.99
0,5.002
0,5.009
0,5.005
0,4.985
0,5.017
0,5.017
0,5.004
0,5.018
0,5.006
0,5.004
0,5.014
0,4.999
0,4.994
0,4.989
0,4.99
0,5.01
0,4.989
0,5.001
0,5.002
0,4.992
0,5.002
0,5.006
0,5.008
0,4.994
0,4.992
0,4.986
0,5.001
0,4.998
0,5.01
0,4.99
0,5.008
0,5.008
0,5.01
0,5.008
0,4.992
0,4.98
0,4.98
0,4.979
0,4.999
0,5.012
0,5.004
0,5.004
0,5.015
0,5.004
0,5.013
0,5.014
0,5.018
0,5.004
0,5.012
0,5.003
0,5.001
0,5.006
0,5.009
0,5.004
0,5.006
0,5.002
0,5.01
0,4.988
0,5.012
0,5.011
0,4.998
0,5.01
0,4.998
0,4.989
0,5
0,5.002
0,5.014
0,5.018
0,5.02
0,5.006
0,5.011
0,5.023
0,5.005
0,5.013
0,5.001
0,5.008
0,4.999
0,5.011
0,4.998
0,4.994
0,4.984
0,5.004
0,5.005
0,5.004
0,5
0,5.005
0,4.989
0,5.007
0,5.008
0,5.005
0,4.996
0,5.006
0,4.996
0,4.99
0,4.998
0,4.992
0,4.998
0,5.006
0,4.999
0,4.998
0,5.004
0,5.012
0,5.003
0,5.005
0,5.007
0,5.014
0,5.008
0,4.994
0,4.99
0,4.997
0,4.999
0,4.995
0,4.999
0,5
0,4.992
0,4.999
0,4.99
0,4.989
0,4.989
0,4.99
0,4.993
0,4.976
0,4.98
0,4.989
0,4.978
0,4.988
0,4.988
0,4.984
0,4.974
0,4.978
0,4.978
0,4.978
0,4.976
0,4.984
0,4.97
0,4.984
0,4.984
0,4.978
0,4.968
0,4.979
0,4.982
0,4.986
0,4.986
0,4.981
0,4.973
0,4.985
0,4.978
0,4.972
0,4.974
0,4.979
0,4.972
0,4.97
0,4.975
0,4.971
0,4.954
0,4.952
0,4.962
0,4.961
0,4.958
0,4.956
0,4.948
0,4.95
0,4.938
0,4.957
0,4.972
0,4.97
0,4.966
0,4.967
0,4.961
0,4.963
0,4.964
0,4.972
0,4.976
0,4.965
0,4.964
0,4.966
0,4.974
0,4.966
0,4.966
0,4.965
0,4.966
0,4.963
0,4.962
0,4.968
0,4.964
0,4.962
0,4.961
0,4.957
0,4.955
0,4.955
0,4.956
0,4.975
0,4.975
0,4.972
0,4.962
0,4.957
0,4.955
0,4.953
0,4.954
0,4.953
0,4.961
0,4.96
0,4.958
0,4.958
0,4.976
0,4.96
0,4.961
0,4.985
0,4.966
0,4.967
0,4.995
0,4.997
0,5.007
0,5.018
0,4.984
0,5.005
0,5.005
0,4.998
0,5.008
0,5.018
0,5.021
0,5.01
0,5.009
0,5.007
0,5.004
0,4.995
0,5.002
0,4.988
0,4.994
0,4.994
0,4.998
0,4.995
0,4.988
0,4.996
0,4.996
0,4.994
0,4.995
0,4.992
0,4.993
0,4.985
0,4.982
0,4.987
0,4.997
0,5.008
0,5.007
0,5.012
0,5.02
0,5.028
0,5.026
0,5.042
0,5.032
0,5.057
0,5.044
0,5.031
0,5.031
0,5.059
0,5.047
0,5.04
0,5.039
0,5.04
0,5.034
0,5.042
0,5.046
0,5.04
0,5.04
0,5.04
0,5.038
0,5.037
0,5.036
0,5.049
0,5.051
0,5.042
0,5.041
0,5.039
0,5.03
0,5.03
0,5.034
0,5.038
0,5.038
0,5.037
0,5.035
0,5.036
0,5.041
0,5.04
0,5.043
0,5.034
0,5.034
0,5.029
0,5.016
0,5.016
0,5.023
0,5.022
0,5.022
0,5.023
0,5.02
0,5.023
0,5.024
0,5.024
0,5.022
0,5.019
0,5.021
0,5.024
0,5.045
0,5.025
0,5.024
0,5.025
0,5.027
0,5.026
0,5.029
0,5.03
0,5.029
0,5.026
0,5.026
0,5.023
0,5.022
0,5.021
0,5.022
0,5.02
0,5.022
0,5.023
0,5.02
0,5.019
0,5.018
0,5.018
0,5.019
0,5.02
0,5.017
0,5.014
0,5.013
0,5.017
0,5.014
0,5.02
0,5.021
0,5.025
0,5.025
0,5.022
0,5.02
0,5.022
0,5.021
0,5.02
0,5.018
0,5.009
0,4.994
0,5.03
0,5.019
0,5.021
0,5.024
0,5.022
0,5.025
0,5.023
0,5.025
0,5.026
0,5.025
0,5.028
0,5.035
0,5.036
0,5.038
0,5.039
0,5.042
0,5.035
0,5.037
0,5.039
0,5.035
0,5.03
0,5.028
0,5.028
0,5.032
0,5.028
0,5.026
0,5.029
0,5.036
0,5.031
0,5.029
0,5.033
0,5.038
0,5.045
0,5.041
0,5.044
0,5.044
0,5.045
0,5.044
0,5.048
0,5.053
0,5.051
0,5.05
0,5.052
0,5.055
0,5.05
0,5.051
0,5.054
0,5.053
0,5.05
0,5.046
0,5.043
0,5.043
0,5.043
0,5.058
0,5.056
0,5.058
0,5.052
0,5.055
0,5.065
0,5.066
0,5.066
0,5.066
0,5.065
0,5.065
0,5.062
0,5.069
0,5.071
0,5.066
0,5.063
0,5.062
0,5.064
0,5.062
0,5.06
0,5.067
0,5.068
0,5.07
0,5.073
0,5.074
0,5.076
0,5.076
0,5.077
0,5.084
0,5.086
0,5.082
0,5.092
0,5.094
0,5.091
0,5.092
0,5.091
0,5.09
0,5.085
0,5.081
0,5.083
0,5.081
0,5.077
0,5.075
0,5.073
0,5.075
0,5.075
0,5.074
0,5.075
0,5.076
0,5.079
0,5.077
0,5.074
0,5.075
0,5.077
0,5.079
0,5.079
0,5.08
0,5.08
0,5.08
0,5.069
0,5.066
0,5.067
0,5.063
0,5.07
0,5.07
0,5.077
0,5.073
0,5.075
0,5.073
0,5.076
0,5.079
0,5.079
0,5.082
0,5.082
0,5.08
0,5.08
0,5.068
0,5.072
0,5.073
0,5.071
0,5.072
0,5.078
0,5.077
0,5.075
0,5.072
0,5.077
0,5.069
0,5.065
0,5.063
0,5.063
0,5.062
0,5.064
0,5.072
0,5.062
0,5.064
0,5.063
0,5.071
0,5.067
0,5.066
0,5.074
0,5.081
0,5.059
0,5.028
0,5.029
0,5.033
0,5.058
0,5.044
0,5.038
0,5.056
0,5.052
0,5.067
0,5.062
0,5.075
0,5.062
0,5.057
0,5.07
0,5.06
0,5.046
0,5.052
0,5.037
0,5.04
0,5.042
0,5.035
0,5.03
0,5.03
0,5.028
0,5.037
0,5.048
0,5.054
0,5.059
0,5.055
0,5.04
0,5.032
0,5.054
0,5.047
0,5.061
0,5.065
0,5.065
0,5.073
0,5.056
0,5.055
0,5.042
0,5.045
0,5.042
0,5.049
0,5.042
0,5.048
0,5.027
0,5.042
0,5.032
0,5.046
0,5.047
0,5.039
0,5.021
0,5.029
0,5.042
0,5.045
0,5.04
0,5.051
0,5.047
0,5.049
0,5.05
0,5.051
0,5.054
0,5.032
0,5.039
0,5.036
0,5.029
0,5.026
0,5.026
0,5.023
0,5.024
0,5.036
0,5.035
0,5.024
0,5.045
0,5.038
0,5.034
0,5.043
0,5.042
0,5.025
0,5.012
0,5.024
0,5.011
0,5.022
0,5.018
0,5.015
0,5.021
0,5.015
0,5.026
0,5.012
0,5.01
0,5.018
0,5.01
0,5.028
0,5.014
0,5.014
0,5.027
0,5.026
0,5.025
0,5.028
0,5.017
0,5.019
0,5.02
0,5.015
0,5.017
0,5.025
0,5.027
0,5.023
0,5.038
0,5.027
0,5.038
0,5.039
0,5.039
0,5.039
0,5.04
0,5.043
0,5.043
0,5.037
0,5.036
0,5.029
0,5.043
0,5.038
0,5.037
0,5.036
0,5.045
0,5.045
0,5.051
0,5.05
0,5.05
0,5.053
0,5.049
0,5.054
0,5.049
0,5.048
0,5.047
0,5.048
0,5.052
0,5.053
0,5.056
0,5.05
0,5.062
0,5.057
0,5.068
0,5.067
0,5.068
0,5.083
0,5.072
0,5.088
0,5.087
0,5.098
0,5.092
0,5.09
0,5.086
0,5.087
0,5.086
0,5.085
0,5.082
0,5.091
0,5.083
0,5.088
0,5.097
0,5.103
0,5.098
0,5.098
0,5.115
0,5.116
0,5.099
0,5.097
0,5.088
0,5.085
0,5.108
0,5.094
0,5.1
0,5.101
0,5.11
0,5.105
0,5.099
0,5.104
0,5.102
0,5.104
0,5.106
0,5.106
0,5.103
0,5.102
0,5.109
0,5.109
0,5.111
0,5.112
0,5.104
0,5.103
0,5.102
0,5.104
0,5.118
0,5.109
0,5.121
0,5.12
0,5.126
0,5.123
0,5.111
0,5.117
0,5.103
0,5.115
0,5.114
0,5.129
0,5.316
0,5.167
0,5.095
0,5.094
0,5.088
0,5.089
0,5.089
0,5.081
0,5.081
0,5.1
0,5.087
0,5.093
0,5.092
0,5.096
0,5.095
0,5.094
0,5.093
0,5.098
0,5.103
0,5.105
0,5.1
0,5.103
0,5.101
0,5.084
0,5.095
0,5.103
0,5.102
0,5.104
0,5.102
0,5.1
0,5.102
0,5.103
0,5.116
0,5.105
0,5.105
0,5.104
0,5.104
0,5.123
0,5.124
0,5.133
0,5.138
0,5.126
0,5.116
0,5.136
0,5.138
0,5.11
0,5.123
0,5.124
0,5.122
0,5.123
0,5.122
0,5.121
0,5.121
0,5.12
0,5.125
0,5.125
0,5.106
0,5.111
0,5.103
0,5.112
0,5.111
0,5.102
0,5.093
0,5.094
0,5.088
0,5.082
0,5.067
0,5.068
0,5.081
0,5.08
0,5.093
0,5.091
0,5.069
0,5.085
0,5.076
0,5.078
0,5.071
0,5.085
0,5.073
0,5.081
0,5.07
0,5.08
0,5.074
0,5.098
0,5.1
0,5.091
0,5.1
0,5.089
0,5.087
0,5.099
0,5.089
0,5.09
0,5.095
0,5.095
0,5.102
0,5.102
0,5.086
0,5.1
0,5.092
0,5.087
0,5.088
0,5.089
0,5.089
0,5.088
0,5.101
0,5.1
0,5.099
0,5.096
0,5.102
0,5.103
0,5.108
0,5.106
0,5.107
0,5.105
0,5.117
0,5.093
0,5.114
0,5.103
0,5.119
0,5.102
0,5.107
0,5.097
0,5.111
0,5.099
0,5.096
0,5.095
0,5.084
0,5.085
0,5.087
0,5.081
0,5.088
0,5.085
0,5.083
0,5.086
0,5.105
0,5.091
0,5.089
0,5.099
0,5.077
0,5.076
0,5.078
0,5.093
0,5.081
0,5.082
0,5.078
0,5.099
0,5.1
0,5.102
0,5.103
0,5.089
0,5.09
0,5.091
0,5.086
0,5.083
0,5.101
0,5.109
0,5.117
0,5.119
0,5.114
0,5.105
0,5.106
0,5.102
0,5.096
0,5.078
0,5.101
0,5.091
0,5.081
0,5.084
0,5.082
0,5.094
0,5.1
0,5.073
0,5.099
0,5.086
0,5.103
0,5.083
0,5.083
0,5.08
0,5.088
0,5.069
0,5.065
0,5.067
0,5.062
0,5.048
0,5.049
0,5.048
0,5.044
0,5.042
0,5.044
0,5.045
0,5.047
0,5.048
0,5.053
0,5.047
0,5.05
0,5.048
0,5.048
0,5.054
0,5.067
0,5.065
0,5.063
0,5.058
0,5.065
0,5.069
0,5.073
0,5.066
0,5.069
0,5.08
0,5.083
0,5.078
0,5.082
0,5.083
0,5.086
0,5.094
0,5.082
0,5.03
0,5.057
0,5.042
0,5.041
0,5.04
0,5.039
0,5.039
0,5.033
0,5.025
0,5.024
0,5.027
0,5.016
0,5.014
0,5.02
0,5.009
0,5.014
0,5.007
0,5.014
0,4.99
0,5.001
0,5.013
0,5.009
0,5.011
0,5.01
0,5.009
0,5.015
0,5.015
0,5.016
0,5.009
0,5.005
0,5.014
0,5.011
0,5.005
0,5.014
0,5.004
0,5.011
0,5.009
0,5.003
0,5.002
0,4.995
0,5.008
0,4.986
0,4.978
0,4.973
0,4.972
0,4.962
0,4.973
0,4.966
0,4.973
0,4.97
0,4.97
0,4.977
0,4.972
0,4.97
0,4.976
0,4.97
0,4.962
0,4.975
0,4.97
0,4.967
0,4.975
0,4.974
0,4.98
0,4.982
0,4.983
0,4.972
0,4.976
0,4.984
0,4.976
0,4.988
0,4.975
0,4.989
0,4.989
0,5.002
0,4.994
0,5.003
0,5.017
0,5.009
0,4.989
0,5.01
0,5.005
0,5.001
0,5.002
0,5
0,5
0,4.979
0,4.976
0,4.975
0,4.995
0,4.973
0,4.973
0,4.986
0,5.004
0,4.996
0,4.993
0,4.999
0,4.993
0,4.988
0,4.996
0,5.009
0,5.01
0,4.998
0,4.99
0,4.992
0,4.994
0,4.992
0,5.005
0,5.008
0,4.999
0,5.001
0,5.002
0,5
0,5.002
0,5.002
0,5.001
0,5
0,4.999
0,4.994
0,4.99
0,4.984
0,4.985
0,4.984
0,4.983
0,4.981
0,4.992
0,4.981
0,4.994
0,4.982
0,4.986
0,4.988
0,4.996
0,4.992
0,4.997
0,4.988
0,4.981
0,4.989
0,5.002
0,5
0,4.998
0,4.971
0,4.971
0,4.971
0,4.971
0,4.984
0,4.983
0,4.996
0,4.982
0,4.982
0,4.965
0,4.986
0,4.97
0,4.981
0,4.965
0,4.964
0,4.972
0,4.97
0,4.975
0,4.98
0,4.981
0,4.982
0,4.983
0,4.988
0,5.004
0,5.01
0,5.009
0,5.021
0,5.022
0,5.01
0,5.013
0,5.014
0,5.016
0,5.018
0,5.026
0,5.027
0,5.028
0,5.03
0,5.03
0,5.045
0,5.05
0,5.035
0,5.047
0,5.039
0,5.051
0,5.055
0,5.043
0,5.039
0,5.039
0,5.055
0,5.054
0,5.05
0,5.047
0,5.041
0,5.04
0,5.043
0,5.037
0,5.047
0,5.046
0,5.04
0,5.041
0,5.043
0,5.031
0,5.032
0,5.032
0,5.03
0,5.026
0,5.023
0,5.025
0,5.02
0,5.039
0,5.035
0,5.029
0,5.028
0,5.029
0,5.028
0,5.027
0,5.038
0,5.032
0,5.033
0,5.032
0,5.026
0,5.025
0,5.016
0,5.017
0,5.015
0,5.024
0,5.021
0,5.026
0,5.02
0,5.025
0,5.014
0,5.015
0,5.014
0,5.019
0,5.018
0,5.025
0,5.026
0,5.022
0,5.028
0,5.029
0,5.034
0,5.038
0,5.035
0,5.036
0,5.035
0,5.034
0,5.034
0,5.047
0,5.037
0,5.038
0,5.046
0,5.041
0,5.04
0,5.037
0,5.033
0,5.03
0,5.034
0,5.021
0,5.019
0,5.028
0,5.029
0,5.03
0,5.031
0,5.035
0,5.036
0,5.028
0,5.026
0,5.019
0,5.02
0,5.019
0,5.022
0,5.022
0,5.018
0,5.03
0,5.03
0,5.03
0,5.031
0,5.027
0,5.03
0,5.032
0,5.033
0,5.034
0,5.032
0,5.038
0,5.037
0,5.034
0,5.038
0,5.04
0,5.038
0,5.037
0,5.037
0,5.037
0,5.039
0,5.049
0,5.066
0,5.041
0,5.062
0,5.062
0,5.059
0,5.055
0,5.056
0,5.058
0,5.058
0,5.057
0,5.064
0,5.061
0,5.059
0,5.062
0,5.056
0,5.062
0,5.064
0,5.067
0,5.065
0,5.064
0,5.062
0,5.06
0,5.067
0,5.069
0,5.065
0,5.07
0,5.056
0,5.055
0,5.068
0,5.067
0,5.067
0,5.068
0,5.056
0,5.057
0,5.056
0,5.057
0,5.056
0,5.054
0,5.05
0,5.05
0,5.051
0,5.05
0,5.049
0,5.049
0,5.047
0,5.049
0,5.039
0,5.049
0,5.054
0,5.045
0,5.053
0,5.042
0,5.046
0,5.033
0,5.034
0,5.042
0,5.039
0,5.038
0,5.033
0,5.036
0,5.037
0,5.036
0,5.031
0,5.031
0,5.037
0,5.043
0,5.034
0,5.04
0,5.036
0,5.033
0,5.032
0,5.033
0,5.034
0,5.033
0,5.033
0,5.034
0,5.033
0,5.034
0,5.03
0,5.025
0,5.029
0,4.982
0,5.015
0,5.018
0,5.03
0,5.032
0,5.02
0,5.033
0,5.006
0,5.034
0,5.008
0,4.971
0,4.968
0,5.01
0,5.003
0,5.005
0,5.005
0,5.014
0,5.007
0,5.01
0,5.005
0,5.006
0,5.007
0,5.008
0,5.004
0,5.008
0,5.002
0,5.007
0,5.002
0,4.998
0,4.999
0,4.996
0,4.996
0,4.997
0,4.998
0,5.018
0,5.017
0,5.013
0,5.021
0,5.027
0,5.026
0,5.026
0,5.036
0,5.036
0,5.034
0,5.036
0,5.034
0,5.022
0,5.031
0,5.019
0,5.018
0,5.018
0,5.013
0,5
0,5.013
0,5.012
0,5.008
0,5.005
0,4.984
0,5.006
0,4.994
0,5.018
0,4.999
0,5.021
0,5.018
0,5.01
0,5.045
0,5.026
0,5.047
0,5.014
0,5.021
0,5.022
0,5.012
0,5.005
0,4.996
0,5.019
0,5.023
0,5.035
0,5.032
0,5.028
0,5.024
0,5.027
0,5.028
0,5.02
0,5.019
0,5.017
0,5.006
0,5.024
0,5.02
0,5.025
0,5.022
0,5.029
0,5.035
0,5.051
0,5.039
0,5.042
0,5.041
0,5.039
0,5.052
0,5.045
0,5.048
0,5.043
0,5.047
0,5.04
0,5.042
0,5.04
0,5.037
0,5.037
0,5.034
0,5.013
0,5.022
0,5.033
0,5.01
0,5.02
0,5.029
0,5.027
0,5.027
0,5.018
0,5.006
0,5
0,5.022
0,5.026
0,5.025
0,5.026
0,5.025
0,5.006
0,5.005
0,5.014
0,5.018
0,5.017
0,5.007
0,4.998
0,5.002
0,5.015
0,5.022
0,5.014
0,5.026
0,5.028
0,5.009
0,4.994
0,5.005
0,5.002
0,5.005
0,5.02
0,5.018
0,5.008
0,5.013
0,5.008
0,5.013
0,5.007
0,5.016
0,5.017
0,5.01
0,5.019
0,5.02
0,5.019
0,5.024
0,5.025
0,5.029
0,5.031
0,5.03
0,5.034
0,5.025
0,5.031
0,5.053
0,5.046
0,5.047
0,5.059
0,5.062
0,5.054
0,5.054
0,5.05
0,5.053
0,5.057
0,5.04
0,5.039
0,5.044
0,5.046
0,5.042
0,5.038
0,5.027
0,5.04
0,5.043
0,5.04
0,5.032
0,5.03
0,5.031
0,5.054
0,4.941
0,4.941
0,5.008
0,5.004
0,5.019
0,5.031
0,5.047
0,5.026
0,5.027
0,5.029
0,5.008
0,5.008
0,5.003
0,5.006
0,5.025
0,5.02
0,5.018
0,5.016
0,5.007
0,5.001
0,5.001
0,4.996
0,5.001
0,4.998
0,4.999
0,4.986
0,4.986
0,4.992
0,4.982
0,5.001
0,5.001
0,5.001
0,5.004
0,5.002
0,4.996
0,4.998
0,4.997
0,4.99
0,5.016
0,5.009
0,4.997
0,4.992
0,4.991
0,4.998
0,4.998
0,5.004
0,4.994
0,4.989
0,4.987
0,4.994
0,4.996
0,4.989
0,4.996
0,4.987
0,4.993
0,4.996
0,4.998
0,5.004
0,4.99
0,4.983
0,4.982
0,4.973
0,4.957
0,4.964
0,4.955
0,4.963
0,4.966
0,4.966
0,4.964
0,4.95
0,4.976
0,4.962
0,4.966
0,4.957
0,4.965
0,4.956
0,4.952
0,4.952
0,4.959
0,4.962
0,4.961
0,4.962
0,4.968
0,4.977
0,4.964
0,4.955
0,4.956
0,4.951
0,4.956
0,4.966
0,4.945
0,4.945
0,4.952
0,4.948
0,4.948
0,4.951
0,4.957
0,4.951
0,4.948
0,4.953
0,4.938
0,4.923
0,4.922
0,4.938
0,4.938
0,4.943
0,4.938
0,4.952
0,4.95
0,4.944
0,4.927
0,4.938
0,4.932
0,4.941
0,4.946
0,4.934
0,4.956
0,4.944
0,4.941
0,4.925
0,4.927
0,4.913
0,4.937
0,4.95
0,4.941
0,4.947
0,4.948
0,4.947
0,4.934
0,4.914
0,4.92
0,4.914
0,4.92
0,4.93
0,4.924
0,4.928
0,4.921
0,4.938
0,4.93
0,4.938
0,4.941
0,4.938
0,4.911
0,4.907
0,4.926
0,4.924
0,4.928
0,4.932
0,4.925
0,4.932
0,4.925
0,4.934
0,4.936
0,4.936
0,4.936
0,4.948
0,4.939
0,4.94
0,4.947
0,4.943
0,4.938
0,4.956
0,4.957
0,4.958
0,4.957
0,4.944
0,4.94
0,4.943
0,4.939
0,4.954
0,4.944
0,4.944
0,4.94
0,4.968
0,4.967
0,4.955
0,4.96
0,4.956
0,4.951
0,4.955
0,4.946
0,4.942
0,4.961
0,4.941
0,4.951
0,4.956
0,4.954
0,4.944
0,4.947
0,4.969
0,4.966
0,4.953
0,4.952
0,4.938
0,4.932
0,4.954
0,4.948
0,4.958
0,4.948
0,4.945
0,4.935
0,4.935
0,4.951
0,4.938
0,4.94
0,4.935
0,4.939
0,4.951
0,4.952
0,4.938
0,4.941
0,4.941
0,4.925
0,4.921
0,4.926
0,4.922
0,4.928
0,4.925
0,4.94
0,4.944
0,4.93
0,4.936
0,4.932
0,4.938
0,4.934
0,4.926
0,4.909
0,4.917
0,4.908
0,4.914
0,4.922
0,4.918
0,4.926
0,4.916
0,4.926
0,4.922
0,4.922
0,4.925
0,4.93
0,4.942
0,4.925
0,4.929
0,4.936
0,4.946
0,4.952
0,138.65
0,138.225
0,138.1
0,137.7
0,137.35
0,137.075
0,137.35
0,137.35
0,137.35
0,137.025
0,137.4
0,137.2
0,137.25
0,137.125
0,137.075
0,137.05
0,137.175
0,137.325
0,137
0,137.15
0,137.25
0,137.375
0,137.375
0,137.35
0,137.1
0,137.325
0,137.325
0,137.35
0,137.35
0,137.4
0,137.2
0,137.275
0,137.45
0,137.375
0,137.55
0,137.45
0,137.475
0,137.5
0,137.6
0,137.725
0,137.975
0,138.125
0,138.275
0,138.225
0,138.025
0,138
0,137.975
0,138
0,138
0,137.975
0,137.875
0,137.825
0,137.65
0,137.575
0,137.55
0,137.7
0,137.95
0,137.975
0,137.95
0,137.975
0,137.925
0,137.925
0,137.875
0,137.925
0,138.025
0,138.075
0,138.125
0,138.05
0,138.225
0,138.05
0,138
0,138.125
0,138.1
0,138.075
0,138
0,138.175
0,138.175
0,138.175
0,138.175
0,138.125
0,138.075
0,137.975
0,138.025
0,138.075
0,138.025
0,137.925
0,137.825
0,137.8
0,137.775
0,137.75
0,137.725
0,137.55
0,137.525
0,137.475
0,137.3
0,137.25
0,137.175
0,137.125
0,137.175
0,137.175
0,136.975
0,136.725
0,136.675
0,136.725
0,136.875
0,136.8
0,136.7
0,136.725
0,136.625
0,136.725
0,136.875
0,136.8
0,136.725
0,136.75
0,136.525
0,136.475
0,136.6
0,136.625
0,136.575
0,136.525
0,136.325
0,136.35
0,136.375
0,136.275
0,135.875
0,135.65
0,135.65
0,135.65
0,135.6
0,135.725
0,135.85
0,135.775
0,135.575
0,135.575
0,135.55
0,135.65
0,135.65
0,135.7
0,135.85
0,135.825
0,135.975
0,135.825
0,135.875
0,135.95
0,136
0,135.925
0,135.95
0,135.9
0,135.8
0,135.9
0,135.7
0,135.825
0,135.875
0,135.95
0,135.925
0,135.825
0,135.825
0,135.875
0,135.95
0,135.875
0,135.975
0,135.95
0,135.925
0,135.975
0,135.95
0,135.925
0,135.875
0,135.825
0,135.775
0,135.825
0,135.95
0,135.825
0,135.825
0,135.875
0,135.875
0,135.8
0,135.875
0,135.9
0,135.85
0,135.95
0,135.875
0,135.95
0,136.025
0,135.975
0,135.925
0,135.875
0,135.825
0,135.8
0,135.8
0,135.8
0,135.85
0,135.65
0,135.75
0,135.725
0,135.725
0,135.85
0,135.825
0,135.85
0,135.875
0,135.975
0,136.025
0,135.925
0,135.9
0,135.925
0,135.9
0,135.8
0,135.725
0,135.75
0,135.75
0,135.725
0,135.775
0,135.75
0,135.7
0,135.675
0,135.675
0,135.675
0,135.75
0,135.75
0,135.775
0,135.775
0,135.75
0,135.7
0,135.775
0,135.85
0,135.875
0,135.825
0,135.875
0,135.725
0,135.775
0,135.825
0,135.75
0,135.75
0,135.75
0,135.725
0,135.775
0,135.725
0,135.725
0,135.675
0,135.65
0,135.675
0,135.7
0,135.725
0,135.675
0,135.675
0,135.625
0,135.675
0,135.7
0,135.575
0,135.575
0,135.625
0,135.675
0,135.725
0,135.675
0,135.7
0,135.725
0,135.7
0,135.675
0,135.475
0,135.475
0,135.4
0,135.4
0,135.35
0,135.25
0,135.125
0,135.15
0,135.225
0,135.125
0,135.15
0,135.1
0,135.175
0,135.125
0,135.025
0,134.775
0,134.8
0,134.7
0,134.675
0,134.9
0,135.025
0,135.05
0,135.05
0,135.1
0,135.075
0,135.1
0,135.025
0,135.1
0,135.075
0,135.075
0,135.025
0,135
0,134.9
0,134.95
0,134.9
0,134.95
0,134.95
0,135.1
0,135.15
0,135.25
0,135.225
0,135.2
0,135
0,135
0,135.025
0,135.075
0,135.1
0,135.025
0,135
0,135
0,135.075
0,135.075
0,135.025
0,135.125
0,135.225
0,135.3
0,135.275
0,135.4
0,135.2
0,135.3
0,135.3
0,135.4
0,135.3
0,135.45
0,135.35
0,135.275
0,135.3
0,135.4
0,135.425
0,135.375
0,135.475
0,135.5
0,135.45
0,135.45
0,135.475
0,135.45
0,135.5
0,135.475
0,135.525
0,135.525
0,135.475
0,135.55
0,135.475
0,135.45
0,135.475
0,135.45
0,135.4
0,135.4
0,135.4
0,135.5
0,135.475
0,135.55
0,135.45
0,135.4
0,135.45
0,135.45
0,135.425
0,135.45
0,135.525
0,135.6
0,135.575
0,135.525
0,135.4
0,135.475
0,135.575
0,135.5
0,135.45
0,135.375
0,135.3
0,135.35
0,135.375
0,135.45
0,135.375
0,135.3
0,135.375
0,135.325
0,135.35
0,135.425
0,135.4
0,135.4
0,135.375
0,135.1
0,134.875
0,135
0,135.05
0,134.875
0,135.125
0,134.925
0,134.85
0,134.9
0,134.925
0,134.925
0,134.9
0,134.725
0,134.75
0,134.875
0,134.9
0,134.775
0,134.825
0,135.025
0,135.125
0,135.325
0,135.325
0,135.325
0,135.275
0,135.35
0,135.35
0,135.425
0,135.375
0,135.4
0,135.325
0,135.325
0,135.325
0,135.375
0,135.275
0,135.225
0,135.325
0,135.5
0,135.575
0,135.7
0,135.825
0,135.775
0,135.85
0,135.825
0,135.85
0,135.825
0,135.675
0,135.65
0,135.6
0,135.65
0,135.625
0,135.6
0,135.6
0,135.425
0,135.425
0,135.475
0,135.55
0,135.45
0,135.475
0,135.475
0,135.425
0,135.25
0,135.25
0,135.25
0,135.25
0,135.275
0,135.325
0,135.325
0,135.3
0,135.325
0,135.275
0,135.25
0,135.15
0,135.075
0,135
0,135
0,134.95
0,134.975
0,134.95
0,134.8
0,134.95
0,134.925
0,134.975
0,135.075
0,135.2
0,135.3
0,135.35
0,135.35
0,135.3
0,135.25
0,135.325
0,135.325
0,135.375
0,135.175
0,135.15
0,135.1
0,135.15
0,135.1
0,135.15
0,135.225
0,135.15
0,135.125
0,135.275
0,135.425
0,136.225
0,136.4
0,136.15
0,136.025
0,136.4
0,136.4
0,136.225
0,135.9
0,135.775
0,135.575
0,135.525
0,135.275
0,135.3
0,135.275
0,135.2
0,135.075
0,135.25
0,135.35
0,135.475
0,135.375
0,135.425
0,135.55
0,135.55
0,135.3
0,135.225
0,135.125
0,135.35
0,135.375
0,135.5
0,135.525
0,135.4
0,135.4
0,135.4
0,135.425
0,135.425
0,135.35
0,135.225
0,135.225
0,135.175
0,135.15
0,134.95
0,134.825
0,134.8
0,134.725
0,134.7
0,134.65
0,134.675
0,134.6
0,134.6
0,134.575
0,134.4
0,134.475
0,134.275
0,134.5
0,134.375
0,134.35
0,134.375
0,134.225
0,134.275
0,134.175
0,134.2
0,134.2
0,134.225
0,134.275
0,134.225
0,134.375
0,134.3
0,134.25
0,134.3
0,134.5
0,134.625
0,134.7
0,134.725
0,134.525
0,134.775
0,134.8
0,134.8
0,134.925
0,135
0,134.925
0,135.05
0,135
0,134.875
0,134.925
0,134.9
0,135.1
0,134.975
0,134.75
0,134.725
0,134.775
0,134.75
0,134.7
0,134.75
0,134.75
0,134.8
0,134.725
0,134.575
0,134.6
0,134.625
0,134.675
0,134.675
0,134.65
0,134.525
0,134.5
0,134.625
0,134.625
0,134.8
0,134.875
0,134.975
0,134.85
0,134.95
0,134.825
0,134.8
0,134.75
0,134.875
0,134.875
0,135
0,135.025
0,134.95
0,134.85
0,134.85
0,134.825
0,134.875
0,134.9
0,134.975
0,134.825
0,134.75
0,134.675
0,134.675
0,134.725
0,134.775
0,134.825
0,134.825
0,134.825
0,134.825
0,134.7
0,134.7
0,134.675
0,134.625
0,134.525
0,134.575
0,134.65
0,134.625
0,134.625
0,134.5
0,134.525
0,134.575
0,134.6
0,134.65
0,134.6
0,134.55
0,134.475
0,134.475
0,134.4
0,134.425
0,134.375
0,134.35
0,134.375
0,134.375
0,134.35
0,134.2
0,134.125
0,134.05
0,134.1
0,134.075
0,134.1
0,134.125
0,134.15
0,134.175
0,134.2
0,134.225
0,134.175
0,134.175
0,134.075
0,134.05
0,134.05
0,133.775
0,133.7
0,133.825
0,133.925
0,133.775
0,133.8
0,133.8
0,133.85
0,133.775
0,133.725
0,133.675
0,133.75
0,133.775
0,133.8
0,133.8
0,133.725
0,133.825
0,133.875
0,133.825
0,133.775
0,133.725
0,133.675
0,133.625
0,133.6
0,133.625
0,133.625
0,133.575
0,133.625
0,133.675
0,133.675
0,133.725
0,133.75
0,133.8
0,133.85
0,133.825
0,133.875
0,133.85
0,133.775
0,133.7
0,133.725
0,133.675
0,133.7
0,133.75
0,133.775
0,133.75
0,133.725
0,133.675
0,133.675
0,133.725
0,133.75
0,133.75
0,133.75
0,133.7
0,133.65
0,133.625
0,133.55
0,133.675
0,133.675
0,133.65
0,133.725
0,133.675
0,133.675
0,133.725
0,133.675
0,133.7
0,133.65
0,133.725
0,133.675
0,133.675
0,133.7
0,133.625
0,133.575
0,133.6
0,133.575
0,133.6
0,133.525
0,133.55
0,133.475
0,133.375
0,133.45
0,133.475
0,133.575
0,133.6
0,133.625
0,133.575
0,133.5
0,133.525
0,133.45
0,133.575
0,133.6
0,133.6
0,133.525
0,133.675
0,133.6
0,133.725
0,133.6
0,133.575
0,133.5
0,133.45
0,133.45
0,133.4
0,133.4
0,133.4
0,133.45
0,133.425
0,133.4
0,133.325
0,133.375
0,133.325
0,133.375
0,133.425
0,133.4
0,133.525
0,133.525
0,133.575
0,133.575
0,133.625
0,133.7
0,133.65
0,133.525
0,133.45
0,133.5
0,133.475
0,133.475
0,133.475
0,133.525
0,133.6
0,133.575
0,133.7
0,133.7
0,133.775
0,133.75
0,133.675
0,133.6
0,133.6
0,133.5
0,133.55
0,133.65
0,133.7
0,133.725
0,133.725
0,133.7
0,133.75
0,133.825
0,133.85
0,133.85
0,133.85
0,133.775
0,133.775
0,133.725
0,133.75
0,133.75
0,133.825
0,133.875
0,133.9
0,133.9
0,133.825
0,133.85
0,133.825
0,133.825
0,133.85
0,133.85
0,133.8
0,133.8
0,133.8
0,133.75
0,133.725
0,133.725
0,133.675
0,133.675
0,133.85
0,133.825
0,133.825
0,133.85
0,133.825
0,133.825
0,133.825
0,133.725
0,133.575
0,133.6
0,133.65
0,133.725
0,133.75
0,133.8
0,133.8
0,133.8
0,133.825
0,133.875
0,133.9
0,133.825
0,133.825
0,133.875
0,133.8
0,133.725
0,133.675
0,133.625
0,133.5
0,133.375
0,133.25
0,133.325
0,133.375
0,133.4
0,133.325
0,133.325
0,133.325
0,133.425
0,133.425
0,133.4
0,133.425
0,133.55
0,133.65
0,133.625
0,133.65
0,133.7
0,133.6
0,133.525
0,133.475
0,133.55
0,133.575
0,133.4
0,133.325
0,133.3
0,133.275
0,133.325
0,133.3
0,133.25
0,133.425
0,133.475
0,133.55
0,133.525
0,133.625
0,133.8
0,133.775
0,133.875
0,133.9
0,133.825
0,133.7
0,133.725
0,133.725
0,133.65
0,133.6
0,133.625
0,133.7
0,133.8
0,133.775
0,133.725
0,133.65
0,133.675
0,133.675
0,133.65
0,133.675
0,133.725
0,133.7
0,133.65
0,133.675
0,133.725
0,133.725
0,133.725
0,133.725
0,133.75
0,133.725
0,133.75
0,133.725
0,133.7
0,133.775
0,133.85
0,133.975
0,133.925
0,133.9
0,133.925
0,133.825
0,133.9
0,133.9
0,133.825
0,133.725
0,133.675
0,133.7
0,133.775
0,133.65
0,133.675
0,133.625
0,133.575
0,133.6
0,133.65
0,133.6
0,136.475
0,136.65
0,137.15
0,136.875
0,136.95
0,136.575
0,136.675
0,136.975
0,137.1
0,136.975
0,137.25
0,137.2
0,137.275
0,137.3
0,137.35
0,137.15
0,137.15
0,137.075
0,137
0,137.125
0,137.175
0,137.025
0,137.075
0,137.125
0,136.975
0,136.925
0,136.75
0,136.775
0,136.85
0,136.825
0,136.75
0,136.65
0,136.65
0,136.65
0,136.7
0,136.75
0,136.6
0,136.475
0,136.525
0,136.375
0,136.325
0,136.325
0,136.25
0,136.275
0,136.35
0,136.55
0,136.45
0,136.6
0,136.675
0,136.575
0,136.625
0,136.65
0,136.575
0,136.6
0,136.5
0,136.4
0,136.5
0,136.55
0,136.575
0,136.6
0,136.575
0,136.5
0,136.55
0,136.525
0,136.475
0,136.45
0,136.375
0,136.45
0,136.55
0,136.5
0,136.5
0,136.525
0,136.575
0,136.725
0,136.75
0,136.675
0,136.8
0,136.85
0,136.8
0,136.8
0,136.825
0,136.85
0,136.9
0,137
0,137
0,136.925
0,136.925
0,136.9
0,136.525
0,136.525
0,136.7
0,136.65
0,136.575
0,136.55
0,136.575
0,136.625
0,136.775
0,136.675
0,136.675
0,136.6
0,136.75
0,136.875
0,137.025
0,136.95
0,137.025
0,137.225
0,137.2
0,137.1
0,137.2
0,137.175
0,137.325
0,137.275
0,137.125
0,137.3
0,137.325
0,137.35
0,137.425
0,137.475
0,137.45
0,137.525
0,137.575
0,137.775
0,137.8
0,137.9
0,137.85
0,137.825
0,137.875
0,137.825
0,137.75
0,138.125
0,138.275
0,138.275
0,138.275
0,138.45
0,138.45
0,138.5
0,138.575
0,138.775
0,138.65
0,138.475
0,138.45
0,138.55
0,138.55
0,138.9
0,138.95
0,138.95
0,138.8
0,138.75
0,138.675
0,138.85
0,138.75
0,138.825
0,138.7
0,138.875
0,138.875
0,138.85
0,138.95
0,138.925
0,138.875
0,138.775
0,138.6
0,138.675
0,138.6
0,138.8
0,138.825
0,138.925
0,139
0,139.025
0,138.95
0,138.95
0,138.95
0,139.075
0,139.125
0,138.95
0,138.9
0,139
0,139.25
0,139.225
0,139.075
0,138.975
0,138.95
0,139.1
0,139.175
0,139.3
0,139.3
0,139.25
0,139.2
0,139.125
0,139.1
0,138.975
0,139.1
0,139.125
0,139.125
0,139.1
0,139.15
0,138.925
0,138.9
0,138.825
0,138.775
0,138.725
0,138.55
0,138.425
0,138.425
0,138.425
0,138.4
0,138.425
0,138.45
0,138.375
0,138.275
0,138.45
0,138.35
0,138.35
0,138.4
0,138.375
0,138.225
0,138.2
0,138.125
0,138.075
0,138
0,138
0,138.025
0,137.925
0,137.95
0,137.825
0,137.85
0,137.925
0,137.925
0,137.95
0,137.8
0,137.8
0,137.7
0,137.725
0,137.65
0,137.675
0,137.675
0,137.5
0,137.525
0,137.675
0,137.725
0,137.75
0,137.75
0,137.625
0,137.675
0,137.7
0,137.65
0,137.6
0,137.475
0,137.425
0,137.475
0,137.425
0,137.4
0,137.45
0,137.65
0,137.7
0,137.675
0,137.675
0,137.625
0,137.625
0,137.625
0,137.65
0,137.55
0,137.65
0,137.55
0,137.5
0,137.45
0,137.175
0,137.225
0,137.275
0,137.225
0,137.225
0,137.275
0,137.325
0,137.325
0,137.35
0,137.45
0,137.525
0,137.5
0,137.525
0,137.475
0,137.525
0,137.55
0,137.35
0,137.275
0,137.3
0,137.35
0,137.225
0,137.275
0,137.25
0,137.225
0,137.125
0,137.1
0,137.125
0,137.175
0,137.15
0,137.075
0,137.075
0,137.075
0,137.125
0,137.1
0,137.175
0,137.2
0,137.275
0,137.275
0,137.3
0,137.325
0,137.5
0,137.525
0,137.625
0,137.7
0,137.7
0,137.675
0,137.675
0,137.675
0,137.7
0,137.675
0,137.7
0,137.675
0,137.7
0,137.7
0,137.725
0,137.675
0,137.775
0,137.725
0,137.75
0,137.725
0,137.625
0,137.6
0,137.6
0,137.575
0,137.55
0,137.575
0,137.65
0,137.625
0,137.625
0,137.625
0,137.625
0,137.55
0,137.65
0,137.625
0,137.625
0,137.725
0,137.7
0,137.725
0,137.8
0,137.675
0,137.7
0,137.675
0,137.675
0,137.65
0,137.525
0,137.475
0,137.425
0,137.55
0,137.575
0,137.65
0,137.625
0,137.575
0,137.525
0,137.5
0,137.425
0,137.475
0,137.525
0,137.525
0,137.5
0,137.475
0,137.5
0,137.475
0,137.525
0,137.525
0,137.525
0,137.5
0,137.425
0,137.35
0,137.35
0,137.45
0,137.525
0,137.55
0,137.725
0,137.7
0,137.7
0,137.55
0,137.525
0,137.525
0,137.4
0,137.35
0,137.425
0,137.575
0,137.625
0,137.675
0,137.65
0,137.675
0,137.625
0,137.6
0,137.625
0,137.625
0,137.725
0,137.775
0,137.8
0,137.775
0,137.775
0,137.7
0,137.75
0,137.75
0,137.775
0,137.7
0,137.75
0,137.85
0,137.8
0,137.925
0,138
0,138.05
0,138.025
0,137.975
0,137.975
0,138.05
0,138.025
0,138.05
0,138.025
0,138.05
0,138.05
0,138.05
0,138
0,138.075
0,138.025
0,138.075
0,138.05
0,138.075
0,138.05
0,138.025
0,138.025
0,138
0,137.975
0,137.925
0,137.875
0,137.9
0,138.075
0,137.925
0,137.875
0,137.925
0,138.025
0,137.975
0,137.95
0,137.95
0,137.975
0,138.025
0,137.975
0,138.025
0,138.125
0,138.175
0,138.2
0,138.125
0,138.15
0,138.05
0,138.125
0,138.225
0,138.125
0,136.475
0,136.275
0,136.4
0,136.225
0,136.175
0,136.025
0,135.825
0,135.7
0,135.5
0,135.275
0,135.3
0,135.75
0,135.825
0,135.85
0,135.775
0,135.8
0,135.825
0,135.775
0,136.25
0,136.2
0,136.075
0,136.1
0,136.075
0,136.125
0,136.225
0,136.225
0,136.2
0,136.2
0,136.1
0,135.975
0,135.95
0,135.725
0,135.3
0,135.175
0,135.1
0,134.875
0,134.9
0,134.85
0,135.05
0,135.125
0,135.025
0,135.075
0,135.1
0,135.05
0,135.15
0,135.15
0,135.2
0,135.225
0,135.2
0,135.25
0,135.275
0,135.325
0,135.15
0,135.25
0,135.375
0,135.475
0,135.175
0,134.825
0,134.975
0,135
0,135.025
0,134.95
0,134.975
0,135.025
0,135.125
0,135.025
0,134.975
0,135
0,134.95
0,134.775
0,135.05
0,134.85
0,134.775
0,134.725
0,134.775
0,134.775
0,134.825
0,134.825
0,134.8
0,134.775
0,134.85
0,134.875
0,134.9
0,134.95
0,134.925
0,134.925
0,134.925
0,134.85
0,134.85
0,134.85
0,134.775
0,134.5
0,134.3
0,134.425
0,134.6
0,134.825
0,134.825
0,134.975
0,134.875
0,134.7
0,134.725
0,134.65
0,134.675
0,134.7
0,134.7
0,134.675
0,134.575
0,134.625
0,134.725
0,134.675
0,134.7
0,134.725
0,134.725
0,134.725
0,134.775
0,134.625
0,134.675
0,134.675
0,134.55
0,134.5
0,134.525
0,134.575
0,134.525
0,134.45
0,134.375
0,134.425
0,134.2
0,134.05
0,134.075
0,134.075
0,133.95
0,133.725
0,133.675
0,133.75
0,133.75
0,133.75
0,133.625
0,133.475
0,133.525
0,133.375
0,133.15
0,133.3
0,133.35
0,133.425
0,133.375
0,133.4
0,133.425
0,133.525
0,133.75
0,133.6
0,133.575
0,133.5
0,133.55
0,133.625
0,133.6
0,133.575
0,133.625
0,133.525
0,133.575
0,133.575
0,133.575
0,133.825
0,133.825
0,133.825
0,133.775
0,133.675
0,133.775
0,133.825
0,133.775
0,133.75
0,133.7
0,133.75
0,133.975
0,134.05
0,133.95
0,133.925
0,133.9
0,133.95
0,134
0,134.075
0,134.075
0,134
0,133.875
0,133.85
0,133.675
0,133.875
0,133.925
0,133.925
0,133.95
0,133.775
0,133.775
0,133.725
0,133.725
0,133.65
0,133.625
0,133.575
0,133.45
0,133.4
0,133.375
0,133.425
0,133.425
0,133.425
0,133.5
0,133.5
0,133.325
0,133.3
0,133.225
0,133.375
0,133.45
0,133.525
0,133.55
0,133.55
0,133.55
0,133.575
0,133.625
0,133.625
0,133.725
0,133.75
0,133.475
0,133.25
0,133.275
0,133.175
0,133.2
0,133.175
0,133.075
0,132.675
0,132.65
0,132.8
0,132.675
0,132.675
0,132.8
0,132.925
0,132.975
0,132.975
0,133.025
0,133.125
0,132.975
0,132.975
0,133.025
0,133.125
0,133.125
0,133.175
0,133.125
0,133.15
0,133.125
0,133.05
0,133.15
0,133.05
0,132.95
0,132.975
0,132.925
0,132.95
0,132.95
0,132.975
0,132.95
0,132.85
0,132.8
0,132.8
0,132.85
0,132.8
0,132.85
0,132.875
0,132.825
0,132.775
0,132.725
0,132.625
0,132.55
0,132.425
0,132.525
0,132.65
0,132.475
0,132.425
0,132.525
0,132.575
0,132.55
0,132.6
0,132.6
0,132.5
0,132.525
0,132.45
0,132.375
0,132.375
0,132.25
0,132.275
0,132.25
0,132.175
0,132.2
0,132.15
0,132.1
0,131.95
0,131.875
0,131.85
0,131.875
0,131.95
0,132.15
0,132.175
0,132.05
0,131.95
0,131.725
0,131.675
0,131.75
0,131.75
0,131.975
0,132.075
0,132.25
0,132.3
0,132.25
0,132.325
0,132.3
0,132.325
0,132.275
0,132.575
0,132.525
0,132.55
0,132.525
0,132.525
0,132.525
0,132.475
0,132.625
0,132.5
0,132.75
0,132.95
0,133
0,133.025
0,132.875
0,132.875
0,132.875
0,132.775
0,132.825
0,132.825
0,132.75
0,132.775
0,132.6
0,132.675
0,132.65
0,132.75
0,132.725
0,132.8
0,132.8
0,132.9
0,133.025
0,133.1
0,133.15
0,133.05
0,133.05
0,132.975
0,133
0,133.075
0,133.025
0,133
0,132.975
0,132.95
0,133.075
0,133.075
0,133.15
0,133.05
0,133.075
0,133.075
0,133.175
0,133.175
0,133.125
0,133.1
0,133.125
0,133.075
0,133.125
0,133.225
0,133.4
0,133.275
0,133.25
0,133.2
0,133.375
0,133.35
0,133.35
0,133.2
0,133.075
0,133.075
0,133.075
0,132.975
0,132.95
0,132.925
0,132.925
0,132.8
0,132.775
0,132.8
0,132.8
0,132.725
0,132.675
0,132.625
0,132.675
0,132.725
0,132.8
0,132.825
0,132.675
0,132.9
0,132.775
0,132.8
0,132.825
0,132.8
0,132.875
0,132.825
0,132.775
0,132.675
0,132.8
0,132.825
0,132.925
0,132.9
0,132.825
0,132.975
0,132.925
0,132.85
0,132.875
0,132.775
0,132.775
0,132.775
0,132.775
0,132.575
0,132.525
0,132.675
0,132.575
0,132.55
0,132.575
0,132.675
0,132.65
0,132.55
0,132.625
0,132.55
0,132.6
0,132.75
0,132.8
0,132.75
0,132.8
0,132.8
0,132.775
0,132.7
0,132.725
0,132.775
0,132.85
0,132.85
0,132.85
0,132.725
0,132.725
0,132.75
0,132.7
0,132.675
0,132.65
0,132.575
0,132.525
0,132.55
0,132.525
0,132.5
0,132.525
0,132.55
0,132.475
0,132.425
0,132.45
0,132.45
0,132.425
0,132.55
0,132.6
0,132.675
0,132.875
0,132.875
0,132.85
0,132.825
0,132.8
0,132.8
0,132.725
0,132.625
0,132.7
0,132.675
0,132.65
0,132.7
0,132.7
0,132.65
0,132.725
0,132.65
0,132.525
0,132.425
0,132.575
0,132.45
0,132.425
0,132.4
0,132.35
0,132.175
0,132.2
0,132.05
0,130.45
0,129.5
0,129.525
0,129.55
0,129.95
0,130.1
0,130.4
0,130.3
0,130.325
0,130.3
0,130.425
0,130.775
0,130.85
0,130.85
0,131.075
0,130.725
0,130.725
0,130.675
0,130.675
0,130.725
0,131
0,131.175
0,131.15
0,131.3
0,131.325
0,131.475
0,131.5
0,131.575
0,131.55
0,131.225
0,131.3
0,131.225
0,131.125
0,131.175
0,131.2
0,131.3
0,131.325
0,131.35
0,131.15
0,131.15
0,131.175
0,131.175
0,131.025
0,130.8
0,130.75
0,130.9
0,131.025
0,130.975
0,130.9
0,130.85
0,130.85
0,130.85
0,130.95
0,130.875
0,130.9
0,130.875
0,130.925
0,130.825
0,130.9
0,131.325
0,131.35
0,131.425
0,131.6
0,131.7
0,131.575
0,131.525
0,131.2
0,131.375
0,131.275
0,131.2
0,131
0,131.025
0,131.025
0,131.025
0,131.025
0,131.175
0,131.25
0,131.125
0,130.875
0,130.9
0,131.025
0,130.875
0,130.75
0,130.9
0,130.975
0,131.15
0,131.1
0,131.1
0,131.075
0,130.9
0,130.875
0,130.75
0,130.775
0,130.775
0,130.925
0,130.975
0,130.95
0,131
0,131
0,130.975
0,131
0,131.025
0,130.9
0,130.95
0,131.05
0,130.975
0,130.925
0,130.775
0,130.925
0,131
0,131.175
0,131.075
0,131.125
0,131.225
0,131.4
0,131.175
0,131.125
0,131.175
0,131
0,131.125
0,131.1
0,131.025
0,130.95
0,130.975
0,131
0,130.925
0,130.95
0,130.875
0,130.825
0,130.975
0,131.05
0,131.1
0,131.15
0,131.1
0,131.1
0,131.15
0,131.15
0,131.15
0,131.1
0,131.025
0,131.075
0,131.075
0,131.075
0,130.925
0,130.95
0,131.025
0,131.025
0,131.175
0,131.175
0,131.125
0,130.675
0,130.725
0,130.625
0,130.875
0,131
0,131
0,130.775
0,130.95
0,131.025
0,131.15
0,131.2
0,131.175
0,131.025
0,130.975
0,130.95
0,130.975
0,130.925
0,131.075
0,131.05
0,131.075
0,131.075
0,130.95
0,130.975
0,131.05
0,131
0,130.875
0,131
0,131.025
0,131
0,130.925
0,131.075
0,130.925
0,130.925
0,130.9
0,130.85
0,130.725
0,130.725
0,130.775
0,130.825
0,130.9
0,130.775
0,130.9
0,130.95
0,130.975
0,131.025
0,130.975
0,130.975
0,130.925
0,130.925
0,130.825
0,130.875
0,130.8
0,130.75
0,130.725
0,130.7
0,130.85
0,130.775
0,130.775
0,130.725
0,130.675
0,130.725
0,130.7
0,130.725
0,130.725
0,130.775
0,130.825
0,130.8
0,130.925
0,130.825
0,130.8
0,130.725
0,130.825
0,130.775
0,130.825
0,130.85
0,130.75
0,130.625
0,130.675
0,130.7
0,130.7
0,130.675
0,130.825
0,130.8
0,130.825
0,130.875
0,130.875
0,130.775
0,130.8
0,130.875
0,130.925
0,131.075
0,130.875
0,130.8
0,130.8
0,130.825
0,130.725
0,130.85
0,130.7
0,130.625
0,130.75
0,130.725
0,130.975
0,130.85
0,130.775
0,130.725
0,130.575
0,130.65
0,130.775
0,130.725
0,130.85
0,130.875
0,130.85
0,130.9
0,130.725
0,130.75
0,130.7
0,130.75
0,130.8
0,130.8
0,130.775
0,130.775
0,130.825
0,130.675
0,130.675
0,130.7
0,130.65
0,130.625
0,130.7
0,130.775
0,130.775
0,130.725
0,130.675
0,130.65
0,130.625
0,130.5
0,130.475
0,130.525
0,130.575
0,130.675
0,130.675
0,130.675
0,130.4
0,130.425
0,130.325
0,130.5
0,130.5
0,130.575
0,130.475
0,130.55
0,130.675
0,130.7
0,130.675
0,130.675
0,130.6
0,130.6
0,130.625
0,130.575
0,130.425
0,130.35
0,130.4
0,130.325
0,130.4
0,130.45
0,130.425
0,130.425
0,130.5
0,130.525
0,130.45
0,130.525
0,130.5
0,130.525
0,130.55
0,130.575
0,130.675
0,130.625
0,130.675
0,130.625
0,130.625
0,130.725
0,130.6
0,130.625
0,130.55
0,130.525
0,130.575
0,130.55
0,130.5
0,130.5
0,130.7
0,130.75
0,130.675
0,130.65
0,130.525
0,130.55
0,130.475
0,130.375
0,130.375
0,130.375
0,130.375
0,130.425
0,130.35
0,130.425
0,130.45
0,130.45
0,130.425
0,130.425
0,130.45
0,130.475
0,130.625
0,130.575
0,130.55
0,130.5
0,130.525
0,130.425
0,130.4
0,130.4
0,130.275
0,130.125
0,129.925
0,130.125
0,130.3
0,130.125
0,130.15
0,130.15
0,130.05
0,130.025
0,130.075
0,129.95
0,129.925
0,130
0,130.075
0,129.975
0,129.95
0,129.85
0,129.825
0,129.975
0,130
0,130
0,129.875
0,129.9
0,129.8
0,129.75
0,129.825
0,129.775
0,129.7
0,129.6
0,129.575
0,129.475
0,129.45
0,129.525
0,129.475
0,129.425
0,129.475
0,129.425
0,129.35
0,129.55
0,129.575
0,129.625
0,129.65
0,129.625
0,129.775
0,129.775
0,129.8
0,129.975
0,129.8
0,129.7
0,129.725
0,129.65
0,129.6
0,129.6
0,129.55
0,129.575
0,129.725
0,129.725
0,129.625
0,129.625
0,129.55
0,129.4
0,129.375
0,129.4
0,129.2
0,129.125
0,128.975
0,128.875
0,128.825
0,128.8
0,128.775
0,128.875
0,128.825
0,128.725
0,128.675
0,128.725
0,128.45
0,128.375
0,128.325
0,128.325
0,128.3
0,128.25
0,128.3
0,128.325
0,128.3
0,128.25
0,128.25
0,128.125
0,128.45
0,128.425
0,128.375
0,128.425
0,128.45
0,128.425
0,128.4
0,128.525
0,128.65
0,128.7
0,128.575
0,128.525
0,128.55
0,128.575
0,128.4
0,128.375
0,128.325
0,128.425
0,128.325
0,128.3
0,128.35
0,128.55
0,128.475
0,128.45
0,128.55
0,128.225
0,128.425
0,127.75
0,127.85
0,127.8
0,127.925
0,127.95
0,128.225
0,128.15
0,128.15
0,128.175
0,128.2
0,128.1
0,128.125
0,128.2
0,128.2
0,128.35
0,128.45
0,128.65
0,128.7
0,128.725
0,128.975
0,128.9
0,128.775
0,128.95
0,129.025
0,129.05
0,128.95
0,129
0,129.025
0,129.15
0,129.125
0,129.025
0,129.075
0,129.125
0,129.025
0,129.05
0,129.05
0,129.075
0,128.95
0,128.85
0,128.775
0,128.725
0,128.75
0,128.725
0,128.975
0,128.925
0,129
0,129.025
0,129.075
0,129.275
0,129.3
0,129.35
0,129.275
0,129.125
0,128.975
0,128.95
0,128.95
0,128.9
0,128.675
0,128.65
0,128.55
0,128.6
0,128.5
0,128.35
0,128.45
0,128.3
0,128.275
0,128.175
0,128.1
0,128.175
0,128.1
0,128.075
0,128.125
0,128.15
0,128.05
0,128.025
0,128.025
0,128.175
0,128.175
0,128.175
0,128.25
0,128.275
0,128.375
0,128.5
0,128.475
0,128.425
0,128.45
0,128.425
0,128.475
0,128.55
0,128.525
0,128.475
0,128.45
0,128.45
0,128.525
0,128.525
0,128.55
0,128.575
0,128.625
0,128.6
0,128.625
0,128.65
0,128.675
0,128.65
0,128.725
0,128.775
0,128.7
0,128.65
0,128.675
0,128.575
0,128.575
0,128.5
0,128.475
0,128.45
0,128.475
0,128.525
0,128.625
0,128.675
0,128.625
0,128.6
0,128.6
0,128.675
0,128.8
0,128.8
0,128.875
0,128.8
0,128.775
0,128.825
0,128.8
0,128.75
0,128.775
0,128.775
0,128.7
0,128.725
0,128.625
0,128.6
0,128.6
0,128.675
0,128.6
0,128.55
0,128.475
0,128.575
0,128.6
0,128.6
0,128.5
0,128.375
0,128.45
0,128.525
0,128.575
0,128.5
0,128.525
0,128.55
0,128.45
0,128.45
0,128.575
0,128.55
0,128.525
0,128.575
0,128.525
0,128.525
0,128.55
0,128.475
0,128.425
0,128.475
0,128.4
0,128.425
0,128.425
0,128.45
0,128.425
0,128.5
0,128.525
0,128.45
0,128.475
0,128.55
0,128.525
0,128.45
0,128.475
0,128.475
0,128.5
0,128.525
0,128.525
0,128.425
0,128.45
0,128.5
0,128.45
0,128.425
0,128.4
0,128.4
0,128.4
0,128.275
0,128.175
0,128.175
0,128.175
0,128.25
0,128.325
0,128.5
0,128.4
0,128.35
0,128.325
0,128.3
0,128.325
0,128.3
0,128.275
0,128.25
0,128.175
0,128.3
0,128.3
0,128.325
0,128.3
0,128.325
0,128.275
0,128.25
0,128.25
0,128.225
0,128.325
0,128.325
0,128.4
0,128.45
0,128.475
0,128.425
0,128.4
0,128.425
0,128.45
0,128.525
0,128.525
0,128.6
0,128.5
0,128.475
0,128.475
0,128.45
0,128.5
0,128.45
0,128.45
0,128.375
0,128.3
0,128.275
0,128.325
0,128.3
0,128.25
0,128.425
0,128.4
0,128.35
0,128.45
0,128.45
0,128.5
0,128.425
0,128.425
0,128.475
0,128.475
0,128.5
0,128.525
0,128.525
0,128.525
0,128.6
0,128.65
0,128.625
0,128.65
0,128.625
0,128.625
0,128.575
0,128.625
0,128.675
0,128.775
0,128.875
0,128.775
0,128.725
0,128.775
0,128.85
0,128.85
0,128.775
0,128.725
0,128.75
0,128.95
0,129.05
0,129.075
0,129.175
0,129.225
0,129.15
0,129.175
0,129.275
0,129.325
0,129.3
0,129.25
0,129.375
0,129.275
0,129.25
0,129.3
0,129.275
0,129.275
0,129.3
0,129.175
0,129.375
0,129.375
0,129.4
0,129.375
0,129.35
0,129.325
0,129.275
0,129.3
0,129.2
0,129.25
0,129.125
0,129.15
0,129.225
0,129.175
0,129.15
0,129.075
0,129.05
0,129.1
0,129.075
0,129.05
0,128.95
0,129.025
0,128.975
0,129.1
0,129.15
0,129.15
0,129.175
0,129.175
0,129.025
0,129
0,129.025
0,129.05
0,128.975
0,128.95
0,128.975
0,129
0,128.975
0,128.975
0,129
0,129.025
0,129.075
0,129.15
0,129.075
0,129.075
0,129.075
0,129.125
0,129.1
0,129.2
0,129.2
0,129.3
0,129.275
0,129.25
0,129.175
0,129.125
0,129.05
0,129.1
0,129.075
0,129.1
0,129.075
0,129.1
0,129.15
0,129.1
0,129.05
0,128.925
0,128.925
0,128.925
0,129.025
0,129.025
0,128.975
0,128.975
0,129.025
0,129.05
0,129.025
0,129.125
0,129.125
0,129.025
0,129.125
0,129.175
0,129.225
0,129.175
0,129.125
0,129.125
0,129.125
0,129.225
0,129.15
0,129.175
0,129.2
0,129.15
0,129.175
0,129.3
0,129.175
0,129.225
0,129.275
0,129.275
0,129.25
0,129.175
0,129.025
0,129.05
0,129.075
0,129.05
0,129.05
0,128.875
0,128.9
0,128.85
0,128.875
0,128.95
0,129.025
0,129
0,128.95
0,129
0,129.075
0,128.925
0,128.95
0,128.875
0,128.925
0,128.975
0,129.05
0,129.125
0,129.15
0,129.325
0,129.3
0,129.3
0,129.275
0,129.325
0,129.275
0,129.225
0,129.3
0,129.175
0,129.275
0,129.275
0,129.225
0,129.175
0,129.275
0,129.25
0,129.225
0,129.325
0,129.325
0,129.275
0,129.275
0,129.075
0,128.975
0,129.1
0,129.125
0,129.05
0,129.1
0,129.175
0,129.225
0,129.3
0,129.375
0,129.425
0,129.375
0,129.5
0,129.55
0,129.575
0,129.5
0,129.575
0,129.55
0,129.6
0,129.55
0,129.6
0,132.45
0,132.8
0,132.7
0,133.3
0,133.2
0,133.825
0,133.8
0,134.175
0,134.25
0,133.9
0,133.925
0,134.05
0,133.95
0,134.2
0,133.925
0,134.25
0,134.25
0,134.425
0,134.45
0,134.6
0,134.85
0,134.75
0,134.725
0,134.725
0,134.725
0,134.625
0,134.575
0,134.475
0,134.475
0,134.225
0,134.3
0,134.375
0,134.425
0,134.275
0,134.475
0,134.325
0,134.475
0,134.45
0,134.35
0,134.125
0,134.2
0,134.325
0,134.2
0,134.1
0,134.1
0,134.2
0,134.175
0,134.25
0,134.225
0,134.125
0,134.225
0,134.225
0,134.15
0,134.25
0,134.45
0,134.275
0,134.1
0,133.975
0,134.075
0,134.525
0,134.75
0,134.575
0,134.5
0,134.45
0,134.375
0,134.35
0,134.225
0,134.35
0,134.025
0,133.85
0,133.875
0,133.85
0,134
0,133.975
0,133.9
0,134
0,133.925
0,133.825
0,133.75
0,133.675
0,133.7
0,133.75
0,133.725
0,133.75
0,133.8
0,133.775
0,133.675
0,133.725
0,133.725
0,133.675
0,133.6
0,133.725
0,133.65
0,133.525
0,133.55
0,133.6
0,133.625
0,133.525
0,133.475
0,133.425
0,133.475
0,133.5
0,133.5
0,133.475
0,133.525
0,133.475
0,133.5
0,133.525
0,133.575
0,133.475
0,133.45
0,133.5
0,133.425
0,133.425
0,133.4
0,133.375
0,133.425
0,133.45
0,133.575
0,133.75
0,133.675
0,133.475
0,133.8
0,133.925
0,134.025
0,134
0,134.125
0,134
0,134.05
0,134.125
0,134.025
0,134.05
0,134.1
0,134.15
0,134.125
0,134.1
0,134.275
0,134.5
0,134.675
0,134.775
0,134.75
0,134.85
0,134.85
0,134.775
0,134.85
0,134.6
0,134.525
0,134.65
0,134.65
0,134.525
0,134.4
0,134.55
0,134.4
0,134.5
0,134.475
0,134.375
0,134.4
0,134.375
0,134.275
0,134.25
0,134.3
0,134.425
0,134.55
0,134.575
0,134.575
0,134.675
0,134.725
0,134.775
0,134.825
0,134.75
0,134.725
0,134.65
0,134.575
0,134.55
0,134.7
0,134.625
0,134.675
0,134.725
0,134.725
0,134.675
0,134.675
0,134.675
0,134.675
0,134.675
0,134.675
0,134.65
0,134.575
0,134.625
0,134.55
0,134.675
0,134.725
0,134.675
0,134.675
0,134.675
0,134.625
0,134.7
0,134.75
0,134.725
0,134.7
0,134.725
0,134.625
0,134.7
0,134.675
0,134.6
0,134.55
0,134.6
0,134.575
0,134.6
0,134.65
0,134.6
0,134.55
0,134.525
0,134.575
0,134.575
0,134.625
0,134.625
0,134.625
0,134.6
0,134.625
0,134.7
0,134.725
0,134.775
0,134.8
0,134.75
0,134.725
0,134.75
0,134.65
0,134.625
0,134.575
0,134.75
0,134.825
0,134.85
0,134.85
0,134.9
0,135.125
0,135.125
0,135.125
0,135.225
0,135.1
0,135.025
0,135.075
0,135.1
0,135.075
0,135.025
0,135.075
0,135.05
0,135.075
0,135.125
0,135
0,135.025
0,135.025
0,135.1
0,135.075
0,135.05
0,135.025
0,135.1
0,135.25
0,135.325
0,135.3
0,135.4
0,135.5
0,135.55
0,135.5
0,135.575
0,135.45
0,135.475
0,135.525
0,135.525
0,135.025
0,135.075
0,134.975
0,135
0,134.925
0,134.925
0,134.875
0,134.775
0,134.775
0,134.75
0,134.85
0,134.8
0,134.7
0,134.675
0,134.6
0,134.6
0,134.625
0,134.575
0,134.525
0,134.525
0,134.625
0,134.65
0,134.6
0,134.5
0,134.55
0,134.475
0,134.525
0,134.5
0,134.4
0,134.45
0,134.475
0,134.4
0,134.425
0,134.4
0,134.4
0,134.45
0,134.55
0,134.425
0,134.4
0,134.425
0,134.3
0,134.35
0,134.2
0,134.275
0,134.225
0,134.2
0,134.275
0,134.275
0,134.375
0,134.4
0,134.35
0,134.375
0,134.425
0,134.5
0,134.65
0,134.625
0,134.45
0,134.425
0,134.325
0,134.25
0,134.175
0,134.15
0,134.125
0,134.2
0,134.175
0,134.15
0,134.15
0,134.175
0,134.15
0,134.15
0,134.05
0,134
0,134.125
0,134.05
0,134.125
0,134.125
0,134.2
0,134.275
0,134.3
0,134.15
0,134.225
0,134.175
0,134.175
0,134.125
0,134.05
0,134.025
0,134.05
0,134.075
0,134.075
0,134.1
0,134.05
0,134.175
0,134.2
0,134.225
0,134.275
0,134.275
0,134.2
0,134.225
0,134.225
0,134.3
0,134.4
0,134.375
0,134.525
0,134.55
0,134.45
0,134.475
0,134.475
0,134.55
0,134.5
0,134.475
0,134.425
0,134.525
0,134.575
0,134.575
0,134.525
0,134.575
0,134.5
0,134.475
0,134.475
0,134.475
0,134.525
0,134.525
0,134.475
0,134.5
0,134.525
0,134.35
0,134.325
0,134.325
0,134.325
0,134.3
0,134.375
0,134.325
0,134.175
0,134
0,134.075
0,134.025
0,134.15
0,134.125
0,134.2
0,134.175
0,134.125
0,134.125
0,133.95
0,134.075
0,134.05
0,134.1
0,134.025
0,134.025
0,133.975
0,134.05
0,134.025
0,134.075
0,134.05
0,134.025
0,134.025
0,134.025
0,134.05
0,134.025
0,134.025
0,133.975
0,133.925
0,133.9
0,133.875
0,133.875
0,133.925
0,133.9
0,133.95
0,134.075
0,134.075
0,134
0,133.875
0,133.675
0,133.75
0,133.675
0,133.7
0,133.775
0,133.7
0,133.75
0,133.775
0,133.725
0,133.7
0,133.85
0,133.875
0,133.8
0,133.875
0,133.925
0,133.95
0,133.975
0,134.025
0,134.2
0,134.2
0,134.225
0,134.25
0,134.375
0,134.325
0,134.375
0,134.275
0,134.225
0,134.2
0,134.2
0,134.1
0,134.125
0,134.175
0,134.1
0,134.1
0,135.45
0,135.65
0,135.7
0,135.825
0,135.525
0,135.85
0,135.85
0,135.325
0,135.2
0,135.25
0,135.6
0,135.6
0,135.7
0,135.425
0,135.6
0,135.6
0,135.8
0,135.925
0,135.875
0,135.85
0,135.85
0,136.025
0,136.05
0,135.95
0,135.95
0,135.875
0,135.925
0,135.975
0,136.15
0,136.15
0,136.175
0,136.175
0,136.45
0,136.475
0,136.325
0,136.35
0,136.625
0,136.7
0,136.875
0,136.9
0,136.95
0,136.975
0,136.925
0,136.9
0,137
0,136.9
0,136.825
0,136.825
0,136.725
0,136.4
0,136.35
0,136.575
0,136.475
0,136.375
0,136.125
0,136.075
0,136.05
0,136.05
0,136.125
0,136.175
0,136.325
0,136.375
0,136.25
0,136.175
0,136.15
0,136.175
0,136.125
0,136.225
0,136.175
0,136.125
0,136.175
0,136.175
0,136.1
0,136.075
0,136.225
0,136.2
0,136.25
0,136.025
0,135.975
0,135.9
0,136
0,136.125
0,136.025
0,136.075
0,136.025
0,136.075
0,135.975
0,136.025
0,136.1
0,136.175
0,136.125
0,136.125
0,136.125
0,136.075
0,136.15
0,136.05
0,135.775
0,135.875
0,135.975
0,136
0,135.975
0,136.125
0,136.175
0,136.2
0,136.225
0,136.275
0,136.25
0,136.175
0,135.925
0,135.8
0,135.775
0,135.825
0,135.975
0,135.925
0,135.925
0,135.925
0,135.975
0,135.85
0,135.775
0,135.825
0,135.825
0,135.825
0,135.85
0,135.9
0,135.95
0,135.95
0,136
0,135.85
0,135.775
0,135.875
0,135.85
0,135.8
0,135.825
0,135.875
0,135.825
0,135.825
0,135.825
0,135.825
0,135.875
0,135.85
0,135.975
0,136
0,136.075
0,136.1
0,136.125
0,136.15
0,136.1
0,136.025
0,136.125
0,136.075
0,136.1
0,136.125
0,136.15
0,136.125
0,136.1
0,136.125
0,136.1
0,136.1
0,136.05
0,135.975
0,135.875
0,135.975
0,136
0,136.025
0,136.075
0,135.95
0,135.975
0,135.875
0,135.875
0,135.875
0,135.825
0,135.775
0,135.8
0,135.875
0,135.9
0,135.85
0,135.825
0,135.8
0,135.8
0,135.9
0,135.85
0,135.975
0,135.95
0,136
0,136.05
0,136.075
0,136.05
0,136.175
0,136.175
0,136.175
0,136.175
0,136.2
0,136.3
0,136.375
0,136.4
0,136.45
0,136.475
0,136.475
0,136.475
0,136.5
0,136.525
0,136.6
0,136.575
0,136.6
0,136.5
0,136.375
0,136.35
0,136.525
0,136.475
0,136.5
0,136.35
0,136.3
0,136.275
0,136.275
0,136.275
0,136.4
0,136.425
0,136.425
0,136.325
0,136.3
0,136.375
0,136.425
0,136.45
0,136.55
0,136.525
0,136.475
0,136.55
0,136.6
0,136.575
0,136.575
0,136.575
0,136.425
0,136.425
0,136.4
0,136.375
0,136.4
0,136.425
0,136.4
0,136.475
0,136.475
0,136.425
0,136.475
0,136.55
0,136.525
0,136.475
0,136.45
0,136.45
0,136.475
0,136.475
0,136.475
0,136.4
0,136.425
0,136.4
0,136.4
0,136.425
0,136.375
0,136.35
0,136.4
0,136.325
0,136.35
0,136.4
0,136.475
0,136.475
0,136.525
0,136.525
0,136.525
0,136.425
0,136.4
0,136.375
0,136.45
0,136.575
0,136.525
0,136.525
0,136.525
0,136.525
0,136.575
0,136.575
0,136.675
0,136.675
0,136.675
0,136.675
0,136.725
0,136.675
0,136.7
0,136.775
0,136.725
0,136.775
0,136.875
0,136.85
0,136.825
0,136.75
0,136.8
0,136.775
0,136.825
0,136.8
0,136.775
0,136.8
0,136.8
0,136.75
0,136.75
0,136.875
0,136.775
0,136.85
0,136.875
0,136.95
0,136.975
0,136.975
0,137
0,137.025
0,136.975
0,137.075
0,137.1
0,137.025
0,136.95
0,137.075
0,137.025
0,137.075
0,137.05
0,137.1
0,137.225
0,137.15
0,137.325
0,137.425
0,137.5
0,137.35
0,137.425
0,137.45
0,137.425
0,137.525
0,137.525
0,137.525
0,137.5
0,137.575
0,137.45
0,137.4
0,137.425
0,137.325
0,137.275
0,137.325
0,137.3
0,137.275
0,137.225
0,137.225
0,137.25
0,137.225
0,137.175
0,137.175
0,137.25
0,137.225
0,137.125
0,137.05
0,137
0,137.05
0,137.075
0,137.075
0,137.1
0,137.075
0,137.175
0,137.125
0,137.175
0,137.225
0,137.275
0,137.35
0,137.4
0,137.4
0,137.275
0,137.125
0,137.175
0,137.325
0,137.35
0,137.2
0,137.05
0,137.075
0,137.075
0,137.125
0,137.075
0,137.025
0,137.075
0,137.075
0,136.875
0,136.875
0,136.925
0,136.975
0,137.025
0,137
0,136.925
0,136.975
0,136.975
0,136.925
0,136.925
0,136.9
0,136.7
0,136.725
0,136.675
0,136.625
0,136.65
0,136.625
0,136.55
0,136.675
0,136.725
0,136.675
0,136.725
0,136.725
0,136.7
0,136.75
0,136.725
0,136.725
0,136.775
0,136.775
0,136.8
0,136.875
0,136.85
0,136.825
0,136.875
0,137.025
0,137
0,136.9
0,136.925
0,136.925
0,137
0,137.05
0,136.925
0,136.975
0,136.95
0,137.05
0,137.15
0,137.1
0,137.025
0,136.95
0,137.125
0,137.175
0,137.2
0,137.325
0,137.375
0,137.325
0,137.25
0,137.275
0,137.225
0,137.225
0,137.2
0,137.175
0,137.05
0,137.025
0,137
0,137
0,137.025
0,137
0,136.975
0,137.05
0,136.95
0,136.975
0,137.05
0,137.075
0,137
0,136.925
0,136.925
0,136.925
0,136.825
0,136.825
0,136.7
0,136.675
0,136.75
0,136.875
0,136.85
0,136.825
0,136.85
0,136.775
0,136.775
0,136.75
0,136.775
0,136.8
0,136.775
0,136.75
0,136.85
0,136.825
0,136.825
0,138.2
0,137.725
0,137.6
0,137.625
0,137.5
0,137.45
0,137.275
0,137.3
0,136.75
0,135.8
0,135.875
0,136.05
0,136.3
0,136.275
0,136.475
0,136.7
0,136.425
0,136.175
0,136.125
0,136.2
0,136.1
0,135.825
0,135.925
0,135.925
0,135.825
0,136.025
0,136.1
0,136.225
0,136.225
0,136.2
0,136.5
0,136.725
0,136.775
0,136.575
0,136.6
0,136.775
0,136.75
0,136.425
0,136.55
0,136.5
0,136.5
0,136.6
0,136.55
0,136.425
0,136.75
0,136.725
0,136.525
0,136.55
0,136.65
0,136.55
0,136.575
0,136.575
0,136.675
0,136.675
0,136.575
0,136.625
0,136.75
0,136.8
0,136.675
0,136.55
0,136.6
0,136.575
0,136.4
0,136.35
0,136.425
0,136.525
0,136.375
0,136.55
0,136.6
0,136.575
0,136.6
0,136.575
0,136.575
0,136.7
0,136.95
0,137.075
0,137.275
0,137.3
0,137.2
0,137.275
0,137.4
0,137.3
0,137.225
0,137.175
0,137.025
0,137.075
0,137.175
0,137.125
0,137.125
0,137.075
0,136.925
0,136.725
0,136.575
0,136.5
0,136.5
0,136.475
0,136.4
0,136.4
0,136.15
0,136.05
0,136.025
0,136.05
0,135.925
0,135.95
0,135.9
0,135.8
0,135.65
0,135.725
0,135.625
0,135.55
0,135.475
0,135.525
0,135.55
0,135.375
0,135.3
0,135
0,135.025
0,134.8
0,135
0,134.85
0,134.775
0,134.675
0,134.55
0,134.575
0,134.4
0,134.325
0,134.375
0,134.425
0,134.325
0,134.5
0,134.3
0,134.675
0,134.65
0,134.55
0,134.525
0,134.525
0,134.525
0,134.525
0,134.55
0,134.625
0,134.675
0,134.55
0,134.525
0,134.55
0,134.475
0,134.375
0,134.4
0,134.425
0,134.5
0,134.475
0,134.45
0,134.4
0,134.5
0,134.5
0,134.55
0,134.5
0,134.425
0,134.475
0,134.325
0,134.35
0,134.3
0,134.1
0,134.225
0,134.25
0,134.175
0,134.225
0,134.225
0,134.25
0,134.375
0,134.55
0,134.75
0,134.65
0,134.65
0,134.775
0,134.8
0,134.775
0,134.775
0,134.825
0,135.1
0,135.175
0,135.3
0,135.225
0,135.125
0,135.125
0,135.15
0,135.175
0,135.4
0,135.425
0,135.475
0,135.4
0,135.35
0,135.45
0,135.6
0,135.575
0,135.65
0,135.85
0,135.825
0,135.875
0,135.825
0,135.775
0,135.725
0,135.7
0,135.725
0,135.775
0,135.95
0,136.025
0,135.825
0,135.775
0,135.75
0,135.8
0,135.95
0,135.875
0,135.775
0,135.825
0,135.825
0,135.7
0,135.6
0,135.575
0,135.5
0,135.525
0,135.425
0,135.35
0,135.4
0,135.425
0,135.5
0,135.45
0,135.375
0,135.425
0,135.4
0,135.325
0,135.5
0,135.475
0,135.5
0,135.35
0,135.175
0,135.075
0,134.975
0,135.025
0,135.1
0,135.125
0,135.1
0,135.075
0,135.075
0,135.05
0,134.95
0,135.025
0,134.925
0,134.9
0,134.85
0,134.875
0,134.825
0,134.825
0,134.85
0,134.85
0,134.7
0,134.75
0,135
0,135.025
0,135.025
0,135.025
0,134.85
0,134.825
0,134.725
0,134.775
0,134.875
0,134.95
0,134.925
0,134.875
0,135
0,134.95
0,134.975
0,134.925
0,134.95
0,135.15
0,135.1
0,135.125
0,135.175
0,135.1
0,135.05
0,135.025
0,135.075
0,135.025
0,134.975
0,135.125
0,135.125
0,135.125
0,135.1
0,135.125
0,135.175
0,135.2
0,135.2
0,135.3
0,135.25
0,135.225
0,135.15
0,135.225
0,135.275
0,135.175
0,135.125
0,135.125
0,135.175
0,135.275
0,135.15
0,135.175
0,135.1
0,135.1
0,135.125
0,135.125
0,134.9
0,134.85
0,134.675
0,134.525
0,134.6
0,134.8
0,134.65
0,134.55
0,134.575
0,134.3
0,134.175
0,134
0,134.075
0,134.225
0,134.175
0,134.2
0,134.225
0,134.175
0,134.175
0,134.175
0,134.025
0,134.05
0,134.075
0,133.8
0,133.6
0,133.575
0,133.525
0,133.575
0,133.775
0,133.775
0,133.775
0,133.775
0,133.775
0,133.75
0,133.625
0,133.575
0,133.625
0,133.725
0,133.7
0,133.725
0,133.575
0,133.575
0,133.625
0,133.45
0,133.2
0,133.4
0,133.3
0,133.325
0,133.35
0,133.35
0,133.275
0,133.35
0,133.375
0,133.475
0,133.475
0,133.325
0,133.125
0,133.325
0,133.45
0,133.475
0,133.275
0,133.225
0,133.225
0,133.15
0,133.25
0,133.225
0,133.3
0,133.3
0,133.125
0,133.125
0,133.1
0,133.075
0,133.275
0,133.375
0,133.35
0,133.5
0,133.525
0,133.375
0,133.55
0,133.525
0,133.625
0,133.65
0,133.45
0,133.525
0,133.55
0,133.55
0,133.575
0,133.825
0,133.675
0,133.675
0,133.725
0,133.65
0,133.675
0,133.7
0,133.575
0,133.675
0,133.725
0,133.775
0,133.675
0,133.775
0,133.95
0,133.975
0,133.925
0,133.975
0,134.075
0,134.025
0,134.025
0,133.975
0,134.125
0,134.075
0,134.1
0,134.125
0,134.075
0,134.175
0,134.225
0,134.45
0,134.5
0,134.525
0,134.5
0,134.575
0,134.675
0,134.725
0,134.2
0,134.075
0,134.15
0,134.25
0,134.2
0,134.2
0,134.125
0,134.025
0,134.075
0,134.225
0,134.275
0,134.275
0,134.375
0,134.175
0,134.225
0,134.225
0,134.15
0,134.15
0,134.175
0,134.15
0,134.15
0,134.05
0,133.95
0,133.875
0,133.775
0,133.8
0,133.65
0,133.65
0,133.725
0,133.75
0,133.725
0,133.675
0,133.75
0,133.8
0,133.975
0,133.925
0,133.875
0,133.85
0,133.75
0,133.75
0,133.775
0,133.825
0,133.725
0,133.7
0,133.725
0,133.7
0,133.7
0,133.675
0,133.65
0,133.775
0,133.65
0,133.525
0,133.375
0,132.75
0,132.8
0,132.15
0,132.175
0,132.35
0,132.275
0,132.5
0,132.175
0,131.725
0,131.825
0,131.875
0,131.8
0,131.875
0,131.8
0,131.85
0,131.75
0,131.875
0,131.975
0,131.725
0,131.7
0,131.775
0,131.975
0,131.75
0,131.675
0,131.8
0,131.675
0,131.725
0,131.625
0,131.6
0,131.625
0,131.575
0,131.4
0,131.375
0,131.225
0,130.95
0,130.95
0,130.975
0,131.075
0,131.125
0,131.2
0,131.275
0,131.35
0,131.2
0,131.375
0,131.625
0,131.675
0,131.625
0,131.45
0,131.2
0,131.2
0,131.45
0,131.4
0,131.575
0,131.625
0,131.425
0,131.475
0,131.625
0,131.675
0,131.75
0,131.725
0,131.75
0,131.8
0,131.925
0,131.8
0,131.85
0,131.825
0,131.75
0,131.75
0,131.775
0,131.775
0,131.75
0,131.75
0,131.625
0,131.575
0,131.425
0,131.475
0,131.4
0,131.375
0,131.425
0,131.45
0,131.4
0,131.525
0,131.6
0,131.8
0,131.825
0,131.85
0,131.9
0,131.9
0,131.925
0,131.975
0,132.125
0,132.125
0,132.1
0,132.125
0,132.175
0,132.275
0,132.225
0,132.4
0,132.375
0,132.5
0,132.5
0,132.425
0,132.35
0,132.325
0,132.125
0,132.325
0,132.325
0,132.225
0,132.25
0,132.275
0,132.375
0,132.45
0,132.45
0,132.525
0,132.325
0,132.225
0,132.25
0,132.275
0,132.525
0,132.525
0,132.35
0,132.275
0,132.2
0,132.175
0,132.175
0,132.125
0,132.075
0,132.1
0,132.075
0,132.15
0,132.225
0,132.25
0,132.325
0,132.375
0,132.475
0,132.475
0,132.425
0,132.425
0,132.375
0,132.35
0,132.375
0,132.35
0,132.3
0,132.325
0,132.275
0,132.3
0,132.4
0,132.45
0,132.575
0,132.625
0,132.625
0,132.625
0,132.625
0,132.625
0,132.7
0,132.65
0,132.75
0,132.9
0,132.925
0,133
0,133.025
0,133.1
0,133.05
0,133.075
0,133.025
0,132.975
0,132.925
0,132.9
0,132.95
0,132.95
0,132.9
0,132.875
0,132.875
0,133.075
0,133.6
0,133.4
0,133.55
0,133.575
0,133.775
0,133.7
0,133.65
0,133.6
0,133.8
0,133.925
0,133.95
0,134.05
0,134.025
0,134.2
0,134.125
0,134.225
0,134.275
0,134.375
0,134.4
0,134.425
0,134.525
0,134.575
0,134.625
0,134.65
0,134.875
0,135.075
0,134.8
0,134.9
0,134.825
0,134.8
0,134.675
0,134.65
0,134.825
0,134.925
0,134.975
0,134.925
0,134.95
0,134.925
0,135
0,134.975
0,135.025
0,135.05
0,135.05
0,135.025
0,135.075
0,135
0,135.025
0,134.975
0,135.05
0,135.1
0,135.075
0,135.05
0,135.025
0,134.925
0,134.975
0,134.9
0,135.075
0,135.1
0,135.05
0,135.175
0,135.225
0,135.125
0,135.175
0,135.25
0,135.275
0,135.35
0,135.475
0,135.5
0,135.525
0,135.525
0,135.625
0,135.625
0,135.65
0,135.575
0,135.6
0,135.575
0,135.75
0,135.75
0,135.725
0,135.75
0,135.875
0,135.825
0,135.825
0,135.85
0,135.875
0,135.975
0,136.1
0,136.35
0,136.3
0,136.45
0,136.4
0,136.4
0,136.475
0,136.475
0,136.475
0,136.525
0,136.575
0,136.7
0,136.8
0,136.725
0,136.825
0,136.85
0,136.925
0,136.95
0,136.85
0,136.75
0,136.7
0,136.65
0,136.55
0,136.575
0,136.675
0,136.85
0,136.875
0,136.825
0,136.825
0,136.825
0,136.875
0,136.8
0,136.725
0,136.8
0,136.775
0,136.7
0,136.7
0,136.725
0,136.725
0,136.575
0,136.575
0,136.75
0,136.675
0,136.65
0,136.55
0,136.7
0,136.75
0,136.775
0,136.6
0,136.5
0,136.675
0,136.8
0,136.85
0,137
0,137.075
0,137.075
0,137.125
0,137.35
0,137.75
0,137.7
0,137.675
0,138.175
0,138.025
0,138.15
0,138.25
0,138.15
0,138.35
0,138.3
0,138.3
0,138.25
0,138.25
0,138.25
0,138.375
0,138.425
0,138.7
0,138.525
0,138.45
0,138.3
0,138.4
0,138.4
0,138.325
0,138.375
0,138.25
0,138
0,137.975
0,137.975
0,137.825
0,137.7
0,137.875
0,138.025
0,138.175
0,138.325
0,138.275
0,138.45
0,138.225
0,138.2
0,138.175
0,138.175
0,138.125
0,138.125
0,138.025
0,137.9
0,137.85
0,137.85
0,137.975
0,138.05
0,137.975
0,138.075
0,138.1
0,138.075
0,138.075
0,138.25
0,138.175
0,138.3
0,138.225
0,138.2
0,138.025
0,137.875
0,137.75
0,137.825
0,137.975
0,137.7
0,137.925
0,137.725
0,137.775
0,137.75
0,137.85
0,137.925
0,137.925
0,137.8
0,137.775
0,137.85
0,137.625
0,137.725
0,137.75
0,137.7
0,137.625
0,137.7
0,137.775
0,137.75
0,137.8
0,137.725
0,137.7
0,137.625
0,137.9
0,137.975
0,137.875
0,138
0,138.075
0,137.975
0,137.875
0,137.925
0,137.75
0,137.825
0,137.825
0,137.8
0,137.7
0,137.725
0,137.85
0,138
0,137.95
0,137.975
0,138.025
0,138.025
0,138.1
0,138
0,138.025
0,138.05
0,137.875
0,137.95
0,137.95
0,138.025
0,137.875
0,138.025
0,138.05
0,138.1
0,138.075
0,138.175
0,138.175
0,138.2
0,138.35
0,138.3
0,138.125
0,138.125
0,138.225
0,138.25
0,138.225
0,138.225
0,138.225
0,138.225
0,138.225
0,138.175
0,138.15
0,138.4
0,138.275
0,138.35
0,138.275
0,138.325
0,138.325
0,138.425
0,138.5
0,138.425
0,138.375
0,138.425
0,138.45
0,138.575
0,138.6
0,138.6
0,138.625
0,138.35
0,138.325
0,138.25
0,138.325
0,138.45
0,138.225
0,138.125
0,138.175
0,138.325
0,138.4
0,138.425
0,138.55
0,138.475
0,138.325
0,138.45
0,138.375
0,138.425
0,138.525
0,138.4
0,138.55
0,138.625
0,138.775
0,138.9
0,137.875
0,137.825
0,137.55
0,137.325
0,137.3
0,137.425
0,137.4
0,136.975
0,136.8
0,137.05
0,136.9
0,136.95
0,137.1
0,137.275
0,137.45
0,137.625
0,137.7
0,137.825
0,138.075
0,138.475
0,138.2
0,138.2
0,138.075
0,137.875
0,137.875
0,137.925
0,137.9
0,137.875
0,137.9
0,137.975
0,137.9
0,137.875
0,137.75
0,137.45
0,137.15
0,137.175
0,137.425
0,137.45
0,137.275
0,137.425
0,137.325
0,137.325
0,137.55
0,137.45
0,137.425
0,137.55
0,137.45
0,137.45
0,137.625
0,137.925
0,138.075
0,138.225
0,138.3
0,138.35
0,138.45
0,138.45
0,138.475
0,138.65
0,138.85
0,138.5
0,138.45
0,138.4
0,138.25
0,138.25
0,138.15
0,137.8
0,137.675
0,137.65
0,137.525
0,137.55
0,137.4
0,137.325
0,137.3
0,137.35
0,137.35
0,137.425
0,137.75
0,137.65
0,137.65
0,137.65
0,137.575
0,137.65
0,137.65
0,137.625
0,137.575
0,137.65
0,137.65
0,137.6
0,137.55
0,137.65
0,137.625
0,137.775
0,137.95
0,137.925
0,137.925
0,137.8
0,137.775
0,137.75
0,137.95
0,137.85
0,137.775
0,137.8
0,137.85
0,137.825
0,137.85
0,137.85
0,137.8
0,137.95
0,138.075
0,137.95
0,137.95
0,137.85
0,137.8
0,137.975
0,137.95
0,137.975
0,138
0,137.9
0,137.9
0,137.85
0,137.775
0,137.725
0,137.725
0,137.65
0,137.65
0,137.55
0,137.7
0,137.7
0,137.65
0,137.6
0,137.575
0,137.65
0,137.6
0,137.55
0,137.625
0,137.65
0,137.65
0,137.65
0,137.675
0,137.8
0,137.75
0,137.75
0,137.675
0,137.525
0,137.55
0,137.375
0,137.375
0,137.45
0,137.5
0,137.525
0,137.5
0,137.525
0,137.525
0,137.5
0,137.525
0,137.55
0,137.575
0,137.65
0,137.6
0,137.7
0,137.675
0,137.975
0,138.025
0,137.875
0,137.875
0,137.675
0,137.75
0,137.75
0,137.725
0,138
0,138
0,138
0,137.9
0,138.05
0,138.025
0,138.05
0,137.9
0,137.925
0,137.875
0,137.85
0,137.875
0,137.85
0,137.875
0,137.9
0,137.85
0,137.9
0,137.9
0,137.875
0,137.825
0,137.775
0,137.775
0,137.625
0,137.475
0,137.425
0,137.425
0,137.375
0,137.475
0,137.5
0,137.45
0,137.45
0,137.45
0,137.45
0,137.4
0,137.15
0,137.3
0,137.275
0,137.375
0,137.4
0,137.475
0,137.4
0,137.325
0,137.275
0,137.3
0,137.225
0,137.4
0,137.375
0,137.45
0,137.6
0,137.45
0,137.55
0,137.55
0,137.525
0,137.525
0,137.525
0,137.675
0,137.7
0,137.9
0,137.825
0,137.85
0,137.85
0,137.9
0,137.9
0,137.9
0,137.925
0,138
0,137.95
0,138
0,138.125
0,138.25
0,138.35
0,138.3
0,138.175
0,138.1
0,138.075
0,137.975
0,137.875
0,137.95
0,137.95
0,137.95
0,137.925
0,137.95
0,137.9
0,137.95
0,137.925
0,137.775
0,137.7
0,137.975
0,137.925
0,138
0,137.95
0,138
0,137.925
0,137.95
0,137.975
0,137.9
0,137.875
0,137.825
0,137.825
0,137.9
0,137.925
0,137.925
0,137.925
0,137.95
0,137.925
0,137.975
0,138.1
0,138.075
0,138.05
0,138.075
0,138.075
0,138.025
0,137.95
0,137.975
0,137.975
0,137.9
0,137.95
0,137.975
0,137.9
0,137.95
0,137.975
0,138
0,138.025
0,138.05
0,138.075
0,138.05
0,138.075
0,138.05
0,137.925
0,137.875
0,137.875
0,137.85
0,137.825
0,137.875
0,137.85
0,137.9
0,137.9
0,137.875
0,137.85
0,137.75
0,137.75
0,137.775
0,137.825
0,137.775
0,137.825
0,137.775
0,137.725
0,137.675
0,137.675
0,137.65
0,137.725
0,137.825
0,137.725
0,137.7
0,137.65
0,137.75
0,137.75
0,137.775
0,137.75
0,137.85
0,137.9
0,137.825
0,137.85
0,137.725
0,137.725
0,137.775
0,137.775
0,137.775
0,137.775
0,137.775
0,137.7
0,137.625
0,137.575
0,137.7
0,137.775
0,137.8
0,137.775
0,137.85
0,137.775
0,137.75
0,137.75
0,137.75
0,137.75
0,137.8
0,137.775
0,137.775
0,137.825
0,137.775
0,137.825
0,137.925
0,137.9
0,137.875
0,137.875
0,137.9
0,137.875
0,137.85
0,137.925
0,138.025
0,138.075
0,138.05
0,138.225
0,138.3
0,138.45
0,138.375
0,138.3
0,138.325
0,138.4
0,138.375
0,138.425
0,138.35
0,138.275
0,138.275
0,138.35
0,138.4
0,138.5
0,138.625
0,138.6
0,138.65
0,138.5
0,138.475
0,138.475
0,138.425
0,138.475
0,138.425
0,138.425
0,138.45
0,138.575
0,138.55
0,138.7
0,138.625
0,138.6
0,138.525
0,138.5
0,138.425
0,138.325
0,138.375
0,138.475
0,138.55
0,138.55
0,138.525
0,138.5
0,138.55
0,138.45
0,138.375
0,138.225
0,138.25
0,138.2
0,138.15
0,138.125
0,138.175
0,138.325
0,138.25
0,138.225
0,138.275
0,138.3
0,138.325
0,138.275
0,138.275
0,138.275
0,138.3
0,138.25
0,138.225
0,138.25
0,138.275
0,138.35
0,138.375
0,138.35
0,138.5
0,138.6
0,138.825
0,138.825
0,138.725
0,138.825
0,138.75
0,138.675
0,138.825
0,138.925
0,138.8
0,138.825
0,138.85
0,138.875
0,138.9
0,138.875
0,138.9
0,138.925
0,138.9
0,138.875
0,138.825
0,138.8
0,138.85
0,138.875
0,138.9
0,138.875
0,138.8
0,138.75
0,138.7
0,138.725
0,138.675
0,138.675
0,138.675
0,138.675
0,138.775
0,138.7
0,138.675
0,138.7
0,138.75
0,138.625
0,138.65
0,138.5
0,138.5
0,138.425
0,138.3
0,138.425
0,139.75
0,140.25
0,139.7
0,140.025
0,140.375
0,140.25
0,140.375
0,140.675
0,140.725
0,140.75
0,140.9
0,140.75
0,140.625
0,140.675
0,140.675
0,140.825
0,141.35
0,141.825
0,141.925
0,142.125
0,141.95
0,142.125
0,142.4
0,142.5
0,142.1
0,142.1
0,142.225
0,142.55
0,143.275
0,143.125
0,143.1
0,142.625
0,143.175
0,142.925
0,143.3
0,143.525
0,143.525
0,143.6
0,143.575
0,143.675
0,143.65
0,143.45
0,143.2
0,142.775
0,143.275
0,143.675
0,143.8
0,143.85
0,143.45
0,143.55
0,143.625
0,143.6
0,143.5
0,143.5
0,143.125
0,143.175
0,143.25
0,143.425
0,143.725
0,144.075
0,143.975
0,144
0,144.05
0,144.15
0,144.3
0,144.175
0,144.1
0,144.075
0,143.95
0,143.85
0,143.825
0,143.725
0,143.875
0,143.925
0,143.75
0,143.525
0,143.5
0,143.45
0,143.3
0,143.35
0,143.35
0,143.425
0,143.3
0,143.525
0,143.5
0,143.825
0,143.6
0,143.425
0,143.4
0,143.55
0,143.375
0,143.325
0,143.6
0,143.325
0,143.5
0,143.625
0,143.725
0,143.4
0,143.325
0,143.225
0,143.2
0,143.4
0,143.225
0,143.325
0,143.3
0,143.525
0,143.55
0,143.6
0,143.6
0,143.525
0,143.325
0,143.275
0,143.275
0,143.225
0,143.075
0,143.025
0,143.1
0,143.175
0,143.175
0,143.1
0,143.125
0,143.275
0,143.25
0,143.225
0,143.3
0,143.475
0,143.55
0,143.475
0,143.45
0,143.6
0,143.575
0,143.75
0,143.725
0,143.75
0,143.825
0,143.725
0,143.625
0,143.725
0,143.625
0,143.5
0,143.225
0,143.05
0,142.975
0,142.825
0,142.675
0,142.4
0,142.225
0,142.35
0,142.6
0,142.525
0,142.375
0,142.45
0,142.425
0,142.575
0,142.625
0,142.675
0,142.65
0,142.575
0,142.45
0,142.4
0,142.3
0,142.275
0,142.4
0,142.325
0,142.375
0,142.575
0,142.55
0,142.55
0,142.375
0,142.275
0,142.425
0,142.25
0,142.375
0,142.4
0,142.325
0,142.325
0,142.35
0,142.225
0,142.15
0,142.15
0,142.15
0,142.2
0,142.25
0,142.15
0,142.125
0,142.275
0,142.25
0,142.075
0,142.05
0,142.075
0,142.1
0,142.1
0,142.175
0,142.05
0,142.025
0,142.175
0,142.15
0,142.1
0,142.025
0,141.95
0,141.925
0,142.025
0,142.05
0,142.15
0,142.3
0,142.2
0,142.3
0,142.325
0,142.3
0,142.325
0,142.35
0,142.375
0,142.3
0,142.2
0,142.3
0,142.225
0,142.25
0,142.25
0,142.3
0,142.35
0,142.35
0,142.45
0,142.475
0,142.55
0,142.55
0,142.55
0,142.425
0,142.35
0,142.45
0,142.375
0,142.45
0,142.375
0,142.3
0,142.45
0,142.475
0,142.45
0,142.45
0,142.25
0,142.425
0,142.45
0,142.45
0,142.45
0,142.4
0,142.45
0,142.45
0,142.375
0,142.5
0,142.525
0,142.55
0,142.55
0,142.6
0,142.7
0,142.875
0,142.875
0,143.175
0,143.15
0,143.475
0,143.45
0,143.4
0,143.225
0,143.175
0,143.1
0,143.25
0,143.1
0,143.1
0,143.025
0,143.075
0,143.025
0,143.075
0,143.075
0,142.875
0,143.075
0,142.9
0,143.025
0,143.1
0,143.075
0,142.925
0,142.9
0,142.925
0,142.9
0,142.825
0,142.95
0,143.025
0,142.95
0,143.075
0,143.15
0,143.1
0,143.1
0,143.075
0,143.075
0,142.9
0,142.925
0,143
0,143
0,143.05
0,143
0,143
0,142.975
0,143.025
0,142.975
0,143.125
0,143.075
0,143.05
0,143.075
0,143.225
0,143.125
0,143.275
0,143.225
0,143.3
0,143.225
0,143.325
0,143.375
0,143.425
0,143.375
0,143.5
0,143.7
0,143.725
0,143.65
0,143.425
0,143.4
0,143.25
0,143.175
0,143.125
0,143.075
0,143.075
0,143.25
0,143.325
0,143.45
0,143.5
0,143.525
0,143.65
0,143.625
0,143.675
0,143.725
0,143.8
0,143.925
0,144
0,144.025
0,144.1
0,144.2
0,144.3
0,144.3
0,144.275
0,144.25
0,144.175
0,144.475
0,144.575
0,144.425
0,144.45
0,144.425
0,144.35
0,144.3
0,144.175
0,144
0,143.925
0,143.875
0,143.975
0,143.925
0,143.8
0,143.875
0,144
0,143.825
0,143.7
0,143.7
0,143.925
0,143.9
0,143.9
0,143.925
0,143.95
0,144.05
0,144.1
0,144.025
0,144.075
0,144
0,144.025
0,144.075
0,144.05
0,144.1
0,143.975
0,144.05
0,143.975
0,143.95
0,143.975
0,143.875
0,143.875
0,143.925
0,143.875
0,144.05
0,144.025
0,144.125
0,144.1
0,144.05
0,143.975
0,144.05
0,144.1
0,143.975
0,144.025
0,144.05
0,144.125
0,144.125
0,143.925
0,143.95
0,144.025
0,144.375
0,144.45
0,144.475
0,144.45
0,144.475
0,144.625
0,144.475
0,144.4
0,144.3
0,144.3
0,144.275
0,144.2
0,144.225
0,144.125
0,144.2
0,144.175
0,144.275
0,144.375
0,144.5
0,144.525
0,144.625
0,144.725
0,144.725
0,144.9
0,144.9
0,144.925
0,144.95
0,145.225
0,145.2
0,145.2
0,145.3
0,145.3
0,145.2
0,145.25
0,145.275
0,145.325
0,145.45
0,145.45
0,145.375
0,145.3
0,145.65
0,145.85
0,145.8
0,145.825
0,145.675
0,145.825
0,145.7
0,145.575
0,145.475
0,145.4
0,145.35
0,145.175
0,145.3
0,145.25
0,145.275
0,145.225
0,145.1
0,145.275
0,145.25
0,145.25
0,145.35
0,145.15
0,145.1
0,145.125
0,145.075
0,145.125
0,145.2
0,144.975
0,144.9
0,145.025
0,145.025
0,145.025
0,145.125
0,145.175
0,145.25
0,145.225
0,145.25
0,145.2
0,145.25
0,145.25
0,145.25
0,145.2
0,145.175
0,145.025
0,145.05
0,145.05
0,144.975
0,144.925
0,145.025
0,145.025
0,144.975
0,145.025
0,145.325
0,144.95
0,144.875
0,145.7
0,145.625
0,145.625
0,145.2
0,145.525
0,145.55
0,145.625
0,145.8
0,145.475
0,145.375
0,145.075
0,145.6
0,145.95
0,145.75
0,145.85
0,145.95
0,145.825
0,145.75
0,145.575
0,145.6
0,145.75
0,145.625
0,145.625
0,145.825
0,145.8
0,145.675
0,145.5
0,145.55
0,145.2
0,144.85
0,144.9
0,144.9
0,144.7
0,144.6
0,144.3
0,144.4
0,144.1
0,144.3
0,144.05
0,144.05
0,144.025
0,144.375
0,144.4
0,144.375
0,144.325
0,144.025
0,144.05
0,144.05
0,144.15
0,144.35
0,144.35
0,144.575
0,144.425
0,144.55
0,144.525
0,144.5
0,144.65
0,144.65
0,144.425
0,144.475
0,144.425
0,144.55
0,144.55
0,144.3
0,144.35
0,144.425
0,144.275
0,144.225
0,144.45
0,144.425
0,144.5
0,144.55
0,144.4
0,144.4
0,144.325
0,144.375
0,144.55
0,144.6
0,144.5
0,144.425
0,144.775
0,145.05
0,145.1
0,145.1
0,145.125
0,144.9
0,144.975
0,144.925
0,144.95
0,145.1
0,145.1
0,144.85
0,144.8
0,144.725
0,144.7
0,144.7
0,144.575
0,144.675
0,144.65
0,144.7
0,144.7
0,144.75
0,144.7
0,144.725
0,144.75
0,144.75
0,144.7
0,144.8
0,144.65
0,144.75
0,144.75
0,144.7
0,144.575
0,144.625
0,144.7
0,144.625
0,144.675
0,144.6
0,144.75
0,144.8
0,144.65
0,144.6
0,144.55
0,144.45
0,144.5
0,144.525
0,144.5
0,144.4
0,144.35
0,144.4
0,144.35
0,144.275
0,144.15
0,144.05
0,144.075
0,144.15
0,144.325
0,144.325
0,144.425
0,144.325
0,144.275
0,144.275
0,144.3
0,144.325
0,144.275
0,144.325
0,144.275
0,144.3
0,144.325
0,144.275
0,144.2
0,144.175
0,144.15
0,144.2
0,144.225
0,144.425
0,144.475
0,144.45
0,144.425
0,144.45
0,144.575
0,144.65
0,144.675
0,144.775
0,144.725
0,144.725
0,144.775
0,144.75
0,144.8
0,144.8
0,144.775
0,144.825
0,144.8
0,144.8
0,144.675
0,144.675
0,144.625
0,144.7
0,144.7
0,144.6
0,144.625
0,144.625
0,144.55
0,144.5
0,144.55
0,144.575
0,144.6
0,144.575
0,144.625
0,144.65
0,144.65
0,144.75
0,144.725
0,144.825
0,144.85
0,144.825
0,144.775
0,144.85
0,144.775
0,144.75
0,144.8
0,144.775
0,144.675
0,144.6
0,144.65
0,144.575
0,144.5
0,144.575
0,144.55
0,144.5
0,144.5
0,144.475
0,144.425
0,144.625
0,144.575
0,144.675
0,144.55
0,144.525
0,144.5
0,144.35
0,144.45
0,144.425
0,144.375
0,144.25
0,144.225
0,144.35
0,144.375
0,144.425
0,144.475
0,144.35
0,144.35
0,144.15
0,144.3
0,144.325
0,144.375
0,144.325
0,144.25
0,144.15
0,144.1
0,144.025
0,143.925
0,143.85
0,143.7
0,143.725
0,143.675
0,143.875
0,143.875
0,144
0,143.875
0,143.85
0,143.95
0,143.875
0,143.9
0,143.9
0,143.9
0,144.025
0,143.875
0,143.925
0,143.775
0,143.65
0,143.75
0,143.775
0,143.825
0,143.875
0,143.9
0,143.975
0,143.95
0,143.9
0,144.025
0,144.025
0,143.9
0,143.9
0,143.9
0,143.875
0,143.975
0,143.95
0,144
0,143.925
0,143.925
0,144
0,144.025
0,144
0,144.05
0,144
0,143.85
0,143.9
0,143.575
0,143.45
0,143.375
0,143.3
0,143.35
0,143.5
0,143.6
0,143.55
0,143.575
0,143.425
0,143.45
0,143.375
0,143.375
0,143.4
0,143.275
0,143.2
0,143.1
0,143.175
0,143.175
0,143.075
0,143.2
0,143.175
0,143.075
0,143
0,142.75
0,142.625
0,142.7
0,142.5
0,142.45
0,142.325
0,142.075
0,142.25
0,142.4
0,142.5
0,142.65
0,142.7
0,142.9
0,142.9
0,142.875
0,142.825
0,142.95
0,143.025
0,142.925
0,142.975
0,143
0,142.975
0,142.925
0,143.025
0,143.075
0,143.225
0,143.35
0,143.575
0,143.5
0,143.525
0,143.475
0,143.375
0,143.4
0,143.375
0,143.275
0,143.325
0,143.075
0,143.025
0,142.825
0,142.9
0,142.75
0,142.725
0,142.675
0,142.7
0,142.65
0,142.775
0,142.675
0,142.775
0,142.725
0,142.9
0,143.025
0,143.1
0,143.25
0,143.175
0,143.05
0,143.075
0,142.95
0,142.825
0,142.825
0,142.95
0,143.1
0,143.05
0,143.25
0,143.15
0,143.15
0,143.025
0,142.925
0,143.05
0,143.25
0,143.375
0,143.4
0,143.325
0,143.425
0,143.35
0,143.2
0,143.15
0,143.05
0,143.2
0,143.175
0,143.025
0,142.975
0,143.175
0,143.3
0,143.4
0,143.3
0,143.3
0,143.25
0,143.325
0,143.475
0,143.45
0,143.5
0,143.2
0,143.2
0,143.125
0,143.15
0,143.175
0,143.225
0,143.225
0,143.25
0,143.225
0,143.225
0,143.225
0,143.25
0,143.25
0,143.075
0,142.975
0,143.025
0,143.05
0,143.2
0,143.225
0,143.125
0,143.2
0,142.975
0,143.1
0,142.975
0,142.975
0,142.8
0,142.975
0,142.85
0,142.8
0,142.8
0,142.925
0,142.975
0,142.9
0,142.925
0,143
0,142.925
0,142.95
0,142.925
0,142.975
0,143.05
0,143.075
0,143.15
0,143.225
0,143.1
0,143.2
0,143.325
0,143.225
0,143.225
0,143.1
0,143.075
0,143
0,143.15
0,143.025
0,143.1
0,143.075
0,143.075
0,143.1
0,143.1
0,143.075
0,143.1
0,143.175
0,143.15
0,143.175
0,143.35
0,143.475
0,143.375
0,143.275
0,143.325
0,143.4
0,143.4
0,143.425
0,143.5
0,143.525
0,143.575
0,143.55
0,143.625
0,143.625
0,143.65
0,143.6
0,143.525
0,143.625
0,143.75
0,143.725
0,143.725
0,143.65
0,143.55
0,144.075
0,143.9
0,143.875
0,144.35
0,144.475
0,144.325
0,144.85
0,144.775
0,144.85
0,144.85
0,144.9
0,145
0,144.875
0,145.1
0,145.1
0,144.975
0,145.15
0,144.9
0,144.8
0,144.525
0,144.55
0,144.4
0,144.175
0,143.875
0,143.975
0,143.7
0,143.65
0,143.5
0,143.25
0,143.175
0,143.275
0,143.375
0,143.9
0,143.975
0,144.075
0,144.375
0,144.3
0,144.15
0,144.15
0,143.95
0,143.9
0,143.85
0,143.975
0,144.075
0,144.2
0,144.3
0,144.375
0,144.475
0,144.575
0,144.625
0,144.55
0,144.55
0,144.4
0,144.45
0,144.625
0,144.525
0,144.5
0,144.525
0,144.45
0,144.275
0,144.175
0,144.175
0,144.175
0,144.1
0,144.1
0,144.125
0,144.125
0,144.15
0,144.175
0,144.05
0,144.05
0,144.2
0,144.25
0,144.35
0,144.4
0,144.35
0,144.375
0,144.35
0,144.275
0,144.1
0,144.2
0,143.95
0,144
0,144.05
0,144.025
0,143.7
0,143.6
0,143.65
0,143.6
0,143.625
0,143.25
0,143.225
0,143.325
0,143.6
0,143.6
0,143.75
0,143.825
0,143.775
0,143.85
0,143.725
0,143.575
0,143.625
0,143.6
0,143.5
0,143.5
0,143.375
0,143.275
0,143.35
0,143.475
0,143.475
0,143.475
0,143.5
0,143.475
0,143.45
0,143.4
0,143.3
0,143.225
0,143.125
0,142.975
0,143.15
0,143.175
0,143.275
0,143.4
0,143.275
0,143.35
0,143.325
0,143.25
0,143.45
0,143.275
0,143.225
0,143.325
0,143.4
0,143.475
0,143.45
0,143.425
0,143.45
0,143.6
0,143.5
0,143.625
0,143.55
0,143.475
0,143.475
0,143.55
0,143.625
0,143.55
0,143.5
0,143.55
0,143.6
0,143.675
0,143.725
0,143.65
0,143.6
0,143.575
0,143.675
0,143.75
0,143.675
0,143.75
0,143.7
0,143.7
0,143.7
0,143.775
0,143.8
0,143.875
0,143.825
0,143.875
0,143.8
0,143.825
0,143.825
0,143.825
0,143.875
0,143.8
0,143.85
0,143.825
0,143.8
0,143.825
0,143.725
0,143.725
0,143.875
0,143.95
0,143.85
0,143.825
0,143.75
0,143.775
0,143.85
0,143.825
0,143.975
0,143.925
0,144.075
0,144.175
0,144.25
0,144.3
0,144.25
0,144.35
0,144.275
0,144.275
0,144.275
0,144.225
0,144.2
0,144.1
0,144.075
0,144
0,143.9
0,143.775
0,143.775
0,143.85
0,143.825
0,143.9
0,143.975
0,143.925
0,143.9
0,143.925
0,143.925
0,143.975
0,144.05
0,143.95
0,143.85
0,143.825
0,143.675
0,143.775
0,143.75
0,143.775
0,143.775
0,143.65
0,143.7
0,143.675
0,143.675
0,143.6
0,143.675
0,143.75
0,143.725
0,143.725
0,143.9
0,143.85
0,143.825
0,143.75
0,143.8
0,143.825
0,143.85
0,143.825
0,143.8
0,143.75
0,143.675
0,143.675
0,143.725
0,143.775
0,143.75
0,143.675
0,143.65
0,143.5
0,143.375
0,143.275
0,143.325
0,143.35
0,143.45
0,143.425
0,143.475
0,143.45
0,143.525
0,143.525
0,143.425
0,143.25
0,143.325
0,143.3
0,143.375
0,143.325
0,143.325
0,143.275
0,143.275
0,143.25
0,143.25
0,143.25
0,143.275
0,143.2
0,143.225
0,143.2
0,143.275
0,143.3
0,143.4
0,143.375
0,143.325
0,143.425
0,143.425
0,143.525
0,143.575
0,143.6
0,143.55
0,143.6
0,143.725
0,143.75
0,143.75
0,143.825
0,143.875
0,143.825
0,143.825
0,143.825
0,143.8
0,143.825
0,143.8
0,143.775
0,143.9
0,143.875
0,143.85
0,143.825
0,143.875
0,143.875
0,143.875
0,143.8
0,143.775
0,143.8
0,143.8
0,143.85
0,143.925
0,144
0,144.05
0,144.025
0,144.1
0,144.025
0,144.025
0,144.025
0,144.075
0,144.15
0,144.075
0,144.075
0,144.025
0,144.025
0,143.95
0,143.975
0,144.025
0,144.075
0,144.125
0,144.125
0,144.175
0,144.2
0,144.275
0,144.35
0,144.275
0,144.225
0,144.15
0,144.2
0,144.15
0,144.175
0,144.15
0,144.125
0,144.125
0,144.125
0,144.1
0,143.95
0,143.95
0,143.875
0,143.675
0,143.675
0,143.8
0,143.875
0,143.975
0,144.05
0,143.95
0,144
0,144
0,143.925
0,143.9
0,143.875
0,143.925
0,144
0,144.025
0,143.975
0,144.075
0,143.775
0,143.95
0,143.85
0,143.875
0,143.95
0,143.975
0,144
0,143.975
0,143.9
0,144
0,144.025
0,143.925
0,143.925
0,143.975
0,143.975
0,143.95
0,143.95
0,144.025
0,143.95
0,144.025
0,143.975
0,144
0,143.95
0,143.975
0,144.025
0,143.975
0,143.95
0,144.025
0,144
0,143.975
0,143.975
0,143.925
0,143.95
0,143.9
0,144.05
0,144.025
0,143.975
0,143.875
0,143.85
0,143.8
0,143.5
0,143.8
0,143.775
0,143.975
0,144.075
0,144.45
0,144.275
0,144.325
0,144.275
0,144.4
0,144.35
0,144.25
0,144.375
0,144.45
0,144.425
0,144.275
0,143.975
0,143.975
0,144.125
0,144.175
0,144.125
0,144.125
0,143.975
0,143.95
0,143.975
0,144.025
0,143.975
0,143.95
0,143.85
0,143.775
0,143.825
0,143.925
0,143.85
0,143.95
0,143.925
0,143.875
0,143.925
0,143.9
0,143.9
0,143.825
0,143.8
0,143.8
0,143.875
0,143.775
0,143.925
0,143.925
0,143.9
0,143.825
0,143.825
0,143.875
0,143.775
0,143.825
0,143.85
0,143.925
0,143.925
0,144
0,144.075
0,144.075
0,144.15
0,144.075
0,144.05
0,144.075
0,144.075
0,144.05
0,144.025
0,143.975
0,144.025
0,143.975
0,144.025
0,143.9
0,143.975
0,143.925
0,143.95
0,144.05
0,144.1
0,144.225
0,144.225
0,145.2
0,145.175
0,145.125
0,145.15
0,145.175
0,145.3
0,145.425
0,145.075
0,145.225
0,145.25
0,145.65
0,145.625
0,145.8
0,145.9
0,145.875
0,145.625
0,145.5
0,145.3
0,145.325
0,145.275
0,145.25
0,145.1
0,145.125
0,145.025
0,144.65
0,144.4
0,144.875
0,144.625
0,144.85
0,144.9
0,145.225
0,145.2
0,145.25
0,145.575
0,145.8
0,145.675
0,145.625
0,145.55
0,145.5
0,145.55
0,145.525
0,145.575
0,145.775
0,145.8
0,145.725
0,145.825
0,145.9
0,145.825
0,145.875
0,145.925
0,145.875
0,145.925
0,145.975
0,146.075
0,146.125
0,146.05
0,145.625
0,145.675
0,145.85
0,145.85
0,145.8
0,145.8
0,145.8
0,145.725
0,145.7
0,145.7
0,145.8
0,145.825
0,145.925
0,145.925
0,146.125
0,146.025
0,145.95
0,145.875
0,145.825
0,145.65
0,145.7
0,145.725
0,145.925
0,146.075
0,145.925
0,145.9
0,145.85
0,145.7
0,145.75
0,145.675
0,145.725
0,145.85
0,145.8
0,145.875
0,146.025
0,145.875
0,145.8
0,145.775
0,145.775
0,145.675
0,145.65
0,145.7
0,145.65
0,145.675
0,145.8
0,145.825
0,145.725
0,145.8
0,145.825
0,145.775
0,145.85
0,145.85
0,146
0,145.95
0,145.95
0,145.95
0,145.95
0,146
0,145.95
0,146.025
0,145.975
0,145.95
0,145.95
0,145.95
0,145.925
0,145.875
0,145.7
0,145.675
0,145.7
0,145.8
0,145.825
0,145.9
0,146
0,146.15
0,146.3
0,146.325
0,146.6
0,146.625
0,146.725
0,146.625
0,146.775
0,146.875
0,146.775
0,146.925
0,146.8
0,146.85
0,146.75
0,146.775
0,146.55
0,146.65
0,146.725
0,146.825
0,146.875
0,146.825
0,146.85
0,146.9
0,146.875
0,146.775
0,146.775
0,146.825
0,146.725
0,146.7
0,146.775
0,146.7
0,146.75
0,146.8
0,146.725
0,146.825
0,146.9
0,146.85
0,146.8
0,146.8
0,146.725
0,146.675
0,146.6
0,146.675
0,146.825
0,146.85
0,146.8
0,146.825
0,146.8
0,146.925
0,146.875
0,146.825
0,146.875
0,146.825
0,146.925
0,146.925
0,147.125
0,147.05
0,146.925
0,146.85
0,146.775
0,146.75
0,146.9
0,146.95
0,146.925
0,146.9
0,146.925
0,146.85
0,146.875
0,147.05
0,147.1
0,147.075
0,147.125
0,147.075
0,147.05
0,147.175
0,147.125
0,147
0,146.95
0,146.9
0,146.9
0,146.875
0,146.725
0,146.7
0,146.725
0,146.65
0,146.625
0,146.625
0,146.625
0,146.7
0,146.725
0,146.75
0,146.75
0,146.7
0,146.625
0,146.65
0,146.65
0,146.575
0,146.6
0,146.625
0,146.575
0,146.75
0,146.775
0,146.775
0,146.925
0,146.8
0,146.825
0,146.825
0,146.975
0,147.05
0,147.075
0,147.075
0,147.075
0,147.1
0,147.075
0,147.025
0,146.925
0,146.875
0,147
0,147
0,146.95
0,147
0,147.075
0,147.15
0,147.125
0,147.025
0,147.075
0,147.1
0,147.025
0,147.075
0,147.05
0,146.975
0,147.025
0,147
0,146.95
0,146.85
0,146.875
0,146.825
0,146.75
0,146.675
0,146.5
0,146.575
0,146.575
0,146.6
0,146.675
0,146.85
0,146.8
0,146.7
0,146.675
0,146.625
0,146.625
0,146.725
0,146.7
0,146.8
0,146.75
0,146.85
0,146.875
0,146.975
0,147.075
0,147.1
0,147.05
0,147.15
0,147.025
0,146.9
0,146.95
0,146.975
0,147.025
0,147.125
0,147.125
0,147.1
0,147.1
0,147.025
0,146.925
0,147.125
0,147.2
0,147.225
0,147.275
0,147.275
0,147.35
0,147.275
0,147.25
0,147.25
0,147.275
0,147.225
0,147.1
0,147.175
0,147.175
0,147.35
0,147.325
0,147.225
0,147.175
0,147.2
0,147.2
0,147.1
0,147.125
0,147.075
0,147.05
0,146.975
0,147.05
0,147.1
0,147.075
0,147.1
0,147.125
0,147.2
0,147.225
0,147.2
0,147.25
0,147.275
0,147.275
0,147.375
0,147.275
0,147.225
0,147.25
0,147.3
0,147.325
0,147.275
0,147.3
0,147.275
0,147.375
0,147.375
0,147.3
0,147.4
0,147.275
0,147.3
0,147.4
0,147.3
0,147.6
0,147.325
0,147.325
0,147.3
0,147.35
0,147.5
0,147.425
0,147.5
0,147.625
0,147.475
0,147.4
0,147.375
0,147.25
0,147.275
0,147.225
0,147.2
0,147.2
0,147.275
0,147.225
0,147.25
0,147.25
0,147.225
0,147.275
0,147.225
0,147.25
0,147.1
0,147.075
0,146.875
0,146.8
0,146.85
0,146.85
0,146.875
0,146.875
0,146.975
0,146.875
0,146.85
0,146.925
0,146.925
0,146.9
0,146.825
0,146.9
0,146.975
0,146.95
0,147.025
0,146.975
0,146.9
0,147.1
0,147.075
0,147.1
0,147.15
0,147.175
0,147.125
0,147.175
0,147.25
0,147.15
0,147.25
0,147.3
0,147.175
0,147.2
0,147.175
0,147.275
0,147.4
0,147.3
0,147.25
0,147.45
0,147.525
0,147.6
0,147.575
0,147.55
0,147.5
0,147.525
0,147.6
0,147.55
0,147.5
0,147.45
0,147.4
0,147.4
0,147.35
0,147.225
0,147.3
0,147.325
0,147.175
0,147.075
0,147.1
0,147.15
0,147.125
0,147.05
0,147.125
0,146.95
0,146.95
0,146.95
0,147.05
0,147.075
0,147.1
0,147.075
0,147.05
0,146.95
0,147.025
0,147.125
0,147.275
0,147.175
0,147.175
0,147.225
0,147.225
0,147.2
0,147.15
0,147.275
0,147.225
0,147.125
0,147.2
0,147.1
0,144.975
0,144.825
0,144.725
0,144.85
0,144.9
0,144.7
0,144.675
0,144.675
0,144.7
0,144.825
0,144.675
0,145.35
0,145.075
0,145.25
0,144.875
0,145.15
0,145.3
0,145.45
0,145.625
0,145.475
0,145.55
0,145.55
0,145.75
0,145.8
0,145.65
0,145.675
0,145.7
0,145.55
0,145.525
0,145.35
0,145.35
0,145.325
0,145.275
0,145.025
0,145.375
0,145.175
0,145.25
0,145.45
0,145.35
0,145.25
0,145.225
0,145.1
0,145.225
0,145.2
0,145.125
0,145.15
0,145.275
0,145.275
0,145.175
0,145.2
0,145.075
0,145.175
0,145.175
0,145.125
0,145
0,145.125
0,145.375
0,145.225
0,145.35
0,145.45
0,145.5
0,145.5
0,145.575
0,145.575
0,145.7
0,145.6
0,145.6
0,145.525
0,145.575
0,145.525
0,145.4
0,145.325
0,145.275
0,145.3
0,145.175
0,145
0,144.875
0,145
0,144.875
0,144.85
0,144.775
0,144.725
0,144.65
0,144.55
0,144.4
0,144.25
0,144.35
0,144.4
0,144.35
0,144.225
0,144.175
0,144.25
0,144.35
0,144.375
0,144.325
0,144.25
0,144.275
0,144.325
0,144.375
0,144.4
0,144.25
0,144.3
0,144.35
0,144.225
0,144.4
0,144.375
0,144.3
0,144.325
0,144.6
0,144.65
0,144.75
0,144.85
0,144.65
0,144.775
0,144.85
0,144.75
0,144.9
0,144.875
0,144.85
0,144.65
0,144.55
0,144.6
0,144.6
0,144.45
0,144.525
0,144.6
0,144.625
0,144.5
0,144.4
0,144.375
0,144.425
0,144.475
0,144.4
0,144.475
0,144.475
0,144.475
0,144.425
0,144.4
0,144.425
0,144.35
0,144.425
0,144.45
0,144.45
0,144.5
0,144.4
0,144.475
0,144.55
0,144.575
0,144.625
0,144.75
0,144.675
0,144.75
0,144.725
0,144.825
0,144.95
0,144.925
0,144.925
0,144.925
0,145
0,144.975
0,145.05
0,145
0,145.1
0,145.225
0,145.3
0,145.325
0,145.475
0,145.35
0,145.275
0,145.175
0,145.25
0,145.4
0,145.2
0,145.2
0,145.25
0,145.325
0,145.275
0,145.3
0,145.325
0,145.225
0,145.325
0,145.225
0,145.075
0,144.925
0,144.875
0,144.925
0,145.05
0,145
0,145.05
0,145.025
0,145
0,145.025
0,145
0,145.1
0,145.075
0,144.925
0,144.925
0,144.775
0,144.8
0,144.75
0,144.8
0,144.625
0,144.675
0,144.7
0,144.725
0,144.725
0,144.7
0,144.75
0,144.675
0,144.675
0,144.75
0,144.675
0,144.575
0,144.575
0,144.6
0,144.675
0,144.6
0,144.575
0,144.625
0,144.625
0,144.65
0,144.625
0,144.8
0,144.65
0,144.775
0,144.775
0,144.8
0,144.9
0,144.975
0,144.85
0,144.75
0,144.8
0,144.8
0,144.825
0,144.9
0,144.8
0,144.85
0,144.8
0,144.825
0,144.8
0,144.8
0,144.875
0,144.85
0,144.875
0,144.925
0,144.975
0,144.95
0,145
0,144.9
0,144.925
0,144.925
0,144.85
0,144.875
0,144.925
0,144.975
0,144.95
0,144.925
0,144.95
0,144.825
0,144.9
0,144.875
0,144.9
0,144.825
0,144.825
0,144.875
0,144.9
0,144.85
0,144.875
0,144.9
0,144.925
0,144.95
0,144.95
0,144.95
0,144.95
0,144.875
0,144.85
0,145.05
0,145
0,145
0,144.95
0,144.95
0,145
0,145
0,144.975
0,144.975
0,145
0,145.025
0,144.975
0,145.025
0,145.075
0,145.125
0,145.15
0,145.175
0,145.25
0,145.275
0,145.225
0,145.25
0,145.2
0,145.125
0,145.075
0,145.075
0,145.125
0,145.15
0,145.125
0,145.175
0,145.125
0,145.125
0,145.075
0,145.075
0,145.05
0,145
0,144.925
0,144.875
0,144.875
0,144.85
0,144.825
0,144.85
0,144.825
0,144.875
0,144.925
0,144.925
0,144.875
0,144.825
0,144.825
0,144.85
0,144.875
0,144.9
0,144.925
0,144.975
0,144.925
0,144.925
0,144.975
0,144.975
0,144.925
0,144.975
0,145
0,145.075
0,145.075
0,145.025
0,145.075
0,145.175
0,145.2
0,145.2
0,145.225
0,145.25
0,145.25
0,145.225
0,145.2
0,145.225
0,145.25
0,145.15
0,145
0,144.975
0,144.975
0,144.975
0,145.025
0,145.1
0,145.2
0,145.175
0,145.175
0,145.225
0,145.175
0,145.25
0,145.35
0,145.5
0,145.475
0,145.625
0,145.425
0,145.5
0,145.475
0,145.55
0,145.55
0,145.675
0,145.65
0,145.65
0,145.65
0,145.7
0,145.65
0,145.6
0,145.625
0,145.625
0,145.85
0,145.775
0,145.725
0,145.75
0,145.725
0,145.725
0,145.65
0,145.575
0,145.475
0,145.525
0,145.45
0,145.3
0,145.5
0,145.575
0,145.525
0,145.6
0,145.575
0,145.5
0,145.525
0,145.475
0,145.425
0,145.4
0,145.275
0,145.225
0,145.15
0,145.05
0,145.1
0,145.2
0,145.275
0,145.1
0,145.025
0,145.125
0,145.1
0,145.05
0,144.925
0,144.925
0,144.95
0,144.975
0,145
0,145.125
0,144.925
0,144.95
0,144.95
0,144.9
0,144.975
0,144.95
0,144.95
0,144.875
0,144.9
0,144.85
0,144.925
0,144.925
0,144.825
0,144.925
0,144.875
0,144.725
0,144.75
0,144.775
0,144.825
0,144.8
0,144.825
0,144.975
0,145
0,144.9
0,145
0,144.975
0,144.95
0,145
0,145.1
0,145.2
0,145.2
0,145.2
0,145.175
0,145.125
0,145.2
0,145.275
0,145.225
0,145.3
0,145.275
0,145.3
0,145.275
0,145.275
0,145.15
0,145.225
0,145.125
0,143.725
0,143.925
0,144.1
0,144.125
0,144.45
0,144.225
0,144.25
0,144.25
0,144.3
0,144.65
0,144.825
0,144.775
0,144.8
0,144.5
0,144.375
0,144.175
0,144.375
0,144.175
0,143.95
0,144
0,143.925
0,143.7
0,143.975
0,143.975
0,144.2
0,144.25
0,144.125
0,144.25
0,144.175
0,144.125
0,144.025
0,144.125
0,144.175
0,144.125
0,144.325
0,144.325
0,144.2
0,144.2
0,144.25
0,144.225
0,144.225
0,144.175
0,144
0,144.025
0,144
0,143.975
0,143.825
0,143.725
0,143.85
0,143.9
0,144.05
0,144.025
0,144.075
0,144.15
0,144.05
0,143.95
0,143.9
0,143.925
0,143.9
0,143.975
0,143.975
0,143.95
0,143.85
0,143.975
0,143.925
0,143.975
0,144
0,144.025
0,144.025
0,144.025
0,144.025
0,143.95
0,143.95
0,144
0,143.975
0,144.05
0,144.075
0,144.125
0,144.225
0,144.125
0,144.125
0,144.2
0,144.125
0,144.125
0,144.075
0,144.075
0,144.175
0,144.275
0,144.25
0,143.675
0,143.9
0,143.875
0,143.95
0,143.95
0,143.975
0,143.925
0,143.8
0,143.85
0,143.8
0,143.775
0,143.9
0,143.85
0,143.775
0,143.85
0,143.825
0,143.85
0,143.875
0,143.825
0,143.825
0,143.825
0,143.875
0,143.85
0,143.9
0,143.875
0,143.85
0,143.825
0,143.875
0,143.875
0,143.85
0,143.85
0,143.925
0,143.975
0,144.025
0,144.3
0,144.3
0,144.225
0,144.075
0,144.075
0,144.175
0,144.3
0,144.375
0,144.35
0,144.275
0,144.225
0,144.15
0,144.125
0,144.1
0,144.075
0,144.1
0,144.125
0,144.175
0,143.975
0,143.975
0,143.925
0,143.9
0,143.925
0,143.9
0,143.875
0,143.9
0,143.925
0,143.925
0,143.85
0,143.875
0,143.9
0,143.975
0,144.05
0,144.05
0,144.025
0,144.075
0,144.05
0,144.075
0,144.05
0,144.075
0,144.125
0,144.15
0,144.2
0,144.35
0,144.45
0,144.375
0,144.375
0,144.175
0,144.15
0,144.15
0,144.125
0,144.15
0,144.2
0,144.375
0,144.325
0,144.375
0,144.375
0,144.425
0,144.45
0,144.4
0,144.325
0,144.35
0,144.275
0,144.325
0,144.325
0,144.275
0,144.275
0,144.225
0,144.3
0,144.375
0,144.375
0,144.4
0,144.45
0,144.525
0,144.5
0,144.525
0,144.525
0,144.525
0,144.575
0,144.55
0,144.525
0,144.55
0,144.55
0,144.575
0,144.575
0,144.6
0,144.525
0,144.55
0,144.525
0,144.575
0,144.65
0,144.775
0,144.725
0,144.7
0,144.625
0,144.675
0,144.675
0,144.725
0,144.75
0,144.775
0,144.85
0,144.925
0,144.85
0,144.875
0,144.9
0,144.925
0,144.875
0,144.925
0,144.925
0,144.95
0,144.975
0,144.975
0,144.875
0,144.85
0,144.925
0,144.925
0,144.975
0,144.975
0,145
0,144.825
0,144.725
0,144.625
0,144.575
0,144.625
0,144.6
0,144.575
0,144.55
0,144.55
0,144.625
0,144.675
0,144.825
0,144.8
0,144.875
0,144.85
0,144.9
0,144.975
0,144.95
0,144.925
0,144.95
0,144.975
0,145.05
0,145.15
0,145.225
0,145.05
0,145.15
0,145.25
0,145.175
0,145.15
0,145.15
0,145.175
0,145.175
0,145.2
0,145.175
0,145.175
0,145.2
0,145.175
0,145.175
0,145.225
0,145.2
0,145.175
0,145.2
0,145.2
0,145.225
0,145.25
0,145.35
0,145.35
0,145.45
0,145.4
0,145.375
0,145.425
0,145.425
0,145.35
0,145.2
0,145.275
0,145.225
0,145.225
0,145.225
0,145.2
0,145.125
0,145.15
0,145.125
0,145.175
0,145.025
0,145
0,144.9
0,145
0,145.075
0,145.075
0,145.1
0,145.1
0,145.075
0,145.075
0,145.025
0,145.075
0,144.975
0,144.8
0,144.925
0,144.875
0,144.95
0,144.9
0,144.875
0,144.9
0,144.925
0,144.9
0,144.9
0,144.925
0,144.775
0,144.725
0,144.65
0,144.65
0,144.75
0,144.725
0,144.725
0,144.85
0,144.8
0,144.825
0,144.85
0,144.85
0,144.775
0,144.825
0,144.925
0,144.95
0,145.05
0,145.05
0,145.025
0,145.075
0,144.975
0,144.975
0,144.925
0,144.95
0,144.825
0,144.775
0,144.8
0,144.775
0,144.75
0,144.8
0,144.775
0,144.725
0,144.55
0,144.625
0,144.725
0,144.75
0,144.775
0,144.725
0,144.575
0,144.525
0,144.4
0,144.475
0,144.475
0,144.425
0,144.4
0,144.325
0,144.175
0,144.025
0,143.8
0,143.7
0,143.7
0,143.675
0,143.6
0,143.55
0,143.5
0,143.475
0,143.425
0,143.5
0,143.525
0,143.575
0,143.525
0,143.3
0,143.375
0,143.325
0,143.4
0,143.4
0,143.4
0,143.325
0,143.4
0,143.45
0,143.425
0,143.425
0,143.525
0,143.625
0,143.65
0,143.625
0,143.7
0,143.725
0,143.775
0,143.875
0,143.95
0,143.925
0,143.875
0,143.85
0,143.925
0,143.95
0,143.975
0,143.975
0,144.025
0,143.95
0,143.95
0,143.925
0,143.8
0,143.875
0,143.8
0,143.825
0,143.95
0,143.925
0,143.925
0,143.825
0,143.85
0,143.85
0,143.875
0,143.875
0,143.95
0,143.925
0,143.95
0,143.975
0,144
0,144.025
0,144
0,143.95
0,143.95
0,144.05
0,144.075
0,144.15
0,144.175
0,144.2
0,144.1
0,144.15
0,144
0,144.05
0,144.125
0,144.175
0,143.8
0,143.425
0,143.525
0,143.775
0,143.75
0,143.65
0,143.725
0,143.425
0,143.475
0,143.4
0,143.175
0,143.3
0,143.35
0,143.125
0,143.225
0,143.3
0,143.375
0,143.5
0,143.375
0,143.325
0,143.2
0,143.075
0,142.825
0,142.925
0,142.975
0,143.175
0,143.4
0,143.35
0,143.45
0,143.425
0,143.375
0,143.375
0,143.25
0,143.325
0,143.35
0,143.425
0,143.275
0,143.2
0,143.175
0,143.2
0,143.225
0,143.175
0,143.25
0,143.15
0,143.15
0,143.325
0,143.325
0,143.125
0,143.05
0,143.125
0,143
0,143.025
0,143
0,142.9
0,142.85
0,142.85
0,142.7
0,142.825
0,142.85
0,142.925
0,143
0,143.025
0,143.1
0,143.1
0,143.075
0,143.025
0,143
0,142.975
0,142.85
0,143
0,143.05
0,143.125
0,143.175
0,143.175
0,143.15
0,143.125
0,143.125
0,143.2
0,143.175
0,143.15
0,143.075
0,143.075
0,143.125
0,143.275
0,143.275
0,143.3
0,143.425
0,143.375
0,143.4
0,143.4
0,143.425
0,143.4
0,143.425
0,143.425
0,143.525
0,143.5
0,143.525
0,143.625
0,143.65
0,143.575
0,143.6
0,143.6
0,143.575
0,143.825
0,143.825
0,143.775
0,143.775
0,143.675
0,143.5
0,143.625
0,143.675
0,143.65
0,143.5
0,143.55
0,143.475
0,143.375
0,143.5
0,143.5
0,143.4
0,143.4
0,143.45
0,143.55
0,143.775
0,143.725
0,143.725
0,143.625
0,143.6
0,143.7
0,143.7
0,143.625
0,143.6
0,143.6
0,143.675
0,143.625
0,143.725
0,143.725
0,143.725
0,143.8
0,143.875
0,143.95
0,144.025
0,143.975
0,143.95
0,143.95
0,144.175
0,144.075
0,144
0,144.05
0,144
0,144
0,144
0,143.975
0,143.925
0,143.9
0,143.85
0,143.875
0,143.85
0,143.725
0,143.8
0,143.725
0,143.6
0,143.625
0,143.6
0,143.625
0,143.675
0,143.725
0,143.625
0,143.65
0,143.625
0,143.575
0,143.55
0,143.425
0,143.425
0,143.275
0,143.275
0,143.4
0,143.475
0,143.5
0,143.475
0,143.4
0,143.375
0,143.375
0,143.4
0,143.375
0,143.4
0,143.425
0,143.475
0,143.425
0,143.4
0,143.425
0,143.475
0,143.475
0,143.575
0,143.575
0,143.575
0,143.5
0,143.425
0,143.4
0,143.475
0,143.4
0,143.35
0,143.325
0,143.3
0,143.275
0,143.3
0,143.325
0,143.35
0,143.4
0,143.4
0,143.35
0,143.275
0,143.275
0,143.3
0,143.35
0,143.35
0,143.575
0,143.575
0,143.475
0,143.475
0,143.425
0,143.475
0,143.45
0,143.35
0,143.325
0,143.25
0,143.225
0,143.35
0,143.45
0,143.45
0,143.45
0,143.525
0,143.6
0,143.6
0,143.6
0,143.625
0,143.675
0,143.675
0,143.675
0,143.725
0,143.65
0,143.6
0,143.6
0,143.625
0,143.75
0,143.725
0,143.675
0,143.7
0,143.675
0,143.725
0,143.75
0,143.75
0,143.7
0,143.625
0,143.725
0,143.7
0,143.65
0,143.725
0,143.6
0,143.725
0,143.7
0,143.625
0,143.625
0,143.55
0,143.6
0,143.7
0,143.65
0,143.675
0,143.625
0,143.575
0,143.55
0,143.45
0,143.5
0,143.525
0,143.525
0,143.525
0,143.475
0,143.55
0,143.625
0,143.525
0,143.5
0,143.425
0,143.45
0,143.425
0,143.425
0,143.4
0,143.375
0,143.45
0,143.5
0,143.55
0,143.55
0,143.475
0,143.6
0,143.5
0,143.6
0,143.525
0,143.6
0,143.6
0,143.65
0,143.6
0,143.625
0,143.575
0,143.575
0,143.625
0,143.525
0,143.475
0,143.45
0,143.4
0,143.375
0,143.375
0,143.325
0,143.275
0,143.425
0,143.45
0,143.525
0,143.475
0,143.475
0,143.5
0,143.5
0,143.525
0,143.4
0,143.375
0,143.4
0,143.425
0,143.325
0,143.325
0,143.375
0,143.325
0,143.375
0,143.225
0,143.25
0,143.325
0,143.25
0,143.275
0,143.25
0,143.35
0,143.375
0,143.425
0,143.25
0,143.25
0,143.275
0,143.25
0,143.2
0,143.125
0,143.15
0,143.2
0,143.275
0,143.25
0,143.175
0,143.225
0,143.075
0,143.05
0,143.075
0,143.225
0,143.175
0,143.25
0,143.275
0,143.25
0,143.3
0,143.375
0,143.475
0,143.425
0,143.55
0,143.6
0,143.575
0,143.45
0,143.5
0,143.5
0,143.475
0,143.45
0,143.475
0,143.45
0,143.45
0,143.45
0,143.425
0,143.375
0,143.275
0,143.275
0,143.325
0,143.3
0,143.225
0,143.15
0,143.125
0,143.05
0,143.025
0,143.05
0,143.15
0,143.15
0,143.125
0,143.225
0,143.2
0,143.3
0,143.425
0,143.375
0,143.475
0,143.425
0,143.575
0,143.4
0,143.35
0,143.275
0,143.225
0,143.125
0,143.15
0,143.275
0,143.275
0,143.35
0,143.325
0,143.45
0,143.475
0,143.425
0,143.35
0,143.425
0,143.3
0,143.325
0,143.3
0,143.35
0,143.35
0,143.4
0,143.375
0,143.45
0,143.425
0,143.375
0,143.35
0,143.35
0,143.425
0,143.475
0,143.525
0,143.575
0,143.675
0,143.475
0,143.525
0,143.55
0,143.575
0,143.775
0,143.825
0,143.775
0,143.75
0,143.75
0,143.625
0,143.675
0,143.65
0,143.725
0,143.65
0,143.675
0,143.65
0,143.625
0,143.675
0,143.725
0,143.725
0,143.75
0,143.85
0,143.775
0,143.85
0,143.85
0,143.9
0,143.925
0,143.875
0,143.9
0,143.875
0,52.31
0,52.295
0,52.34
0,52.32
0,52.255
0,52.23
0,52.335
0,52.345
0,52.33
0,52.335
0,52.51
0,52.485
0,52.52
0,52.55
0,52.495
0,52.42
0,52.395
0,52.465
0,52.46
0,52.475
0,52.445
0,52.47
0,52.545
0,52.55
0,52.525
0,52.57
0,52.575
0,52.6
0,52.695
0,52.65
0,52.675
0,52.72
0,52.76
0,52.76
0,52.81
0,52.81
0,52.825
0,52.935
0,52.935
0,52.985
0,52.955
0,52.945
0,52.935
0,52.95
0,52.94
0,52.955
0,52.965
0,53.01
0,52.91
0,52.955
0,52.86
0,52.875
0,52.895
0,52.825
0,52.83
0,52.855
0,52.9
0,52.89
0,52.875
0,52.855
0,52.895
0,52.875
0,52.85
0,52.845
0,52.885
0,52.895
0,52.935
0,52.895
0,52.925
0,52.905
0,52.835
0,52.89
0,52.865
0,52.815
0,52.79
0,52.805
0,52.88
0,52.855
0,52.875
0,52.785
0,52.785
0,52.75
0,52.765
0,52.78
0,52.79
0,52.79
0,52.775
0,52.775
0,52.81
0,52.855
0,52.82
0,52.75
0,52.745
0,52.68
0,52.655
0,52.665
0,52.625
0,52.615
0,52.635
0,52.64
0,52.595
0,52.51
0,52.45
0,52.445
0,52.395
0,52.41
0,52.335
0,52.355
0,52.36
0,52.37
0,52.455
0,52.415
0,52.43
0,52.45
0,52.485
0,52.445
0,52.43
0,52.48
0,52.485
0,52.485
0,52.465
0,52.425
0,52.4
0,52.425
0,52.39
0,52.425
0,52.405
0,52.435
0,52.455
0,52.43
0,52.435
0,52.415
0,52.415
0,52.425
0,52.42
0,52.35
0,52.305
0,52.29
0,52.295
0,52.3
0,52.3
0,52.29
0,52.345
0,52.345
0,52.38
0,52.385
0,52.38
0,52.43
0,52.435
0,52.425
0,52.455
0,52.435
0,52.425
0,52.385
0,52.315
0,52.34
0,52.345
0,52.34
0,52.335
0,52.335
0,52.295
0,52.315
0,52.315
0,52.315
0,52.345
0,52.335
0,52.335
0,52.39
0,52.4
0,52.395
0,52.375
0,52.365
0,52.335
0,52.385
0,52.425
0,52.39
0,52.39
0,52.445
0,52.435
0,52.45
0,52.47
0,52.455
0,52.48
0,52.51
0,52.505
0,52.495
0,52.49
0,52.47
0,52.45
0,52.425
0,52.41
0,52.4
0,52.39
0,52.37
0,52.375
0,52.32
0,52.315
0,52.325
0,52.345
0,52.32
0,52.35
0,52.335
0,52.355
0,52.375
0,52.4
0,52.41
0,52.41
0,52.4
0,52.35
0,52.34
0,52.365
0,52.325
0,52.305
0,52.315
0,52.335
0,52.365
0,52.345
0,52.34
0,52.36
0,52.35
0,52.37
0,52.315
0,52.315
0,52.305
0,52.315
0,52.29
0,52.295
0,52.3
0,52.285
0,52.285
0,52.3
0,52.32
0,52.295
0,52.31
0,52.315
0,52.32
0,52.325
0,52.32
0,52.315
0,52.285
0,52.29
0,52.275
0,52.3
0,52.325
0,52.34
0,52.325
0,52.325
0,52.34
0,52.355
0,52.295
0,52.3
0,52.31
0,52.325
0,52.315
0,52.315
0,52.29
0,52.285
0,52.305
0,52.32
0,52.305
0,52.275
0,52.285
0,52.3
0,52.295
0,52.295
0,52.285
0,52.27
0,52.275
0,52.28
0,52.29
0,52.265
0,52.255
0,52.26
0,52.285
0,52.27
0,52.285
0,52.28
0,52.26
0,52.265
0,52.275
0,52.27
0,52.26
0,52.23
0,52.235
0,52.24
0,52.225
0,52.225
0,52.22
0,52.225
0,52.245
0,52.225
0,52.195
0,52.18
0,52.225
0,52.225
0,52.22
0,52.265
0,52.295
0,52.295
0,52.285
0,52.27
0,52.275
0,52.265
0,52.22
0,52.225
0,52.235
0,52.25
0,52.215
0,52.2
0,52.2
0,52.195
0,52.205
0,52.25
0,52.265
0,52.305
0,52.295
0,52.27
0,52.24
0,52.235
0,52.255
0,52.265
0,52.295
0,52.295
0,52.27
0,52.27
0,52.35
0,52.345
0,52.365
0,52.345
0,52.37
0,52.395
0,52.405
0,52.42
0,52.42
0,52.38
0,52.39
0,52.365
0,52.405
0,52.37
0,52.405
0,52.39
0,52.405
0,52.385
0,52.405
0,52.44
0,52.41
0,52.44
0,52.445
0,52.475
0,52.475
0,52.46
0,52.44
0,52.415
0,52.455
0,52.47
0,52.495
0,52.495
0,52.585
0,52.63
0,52.665
0,52.65
0,52.63
0,52.6
0,52.625
0,52.605
0,52.605
0,52.605
0,52.67
0,52.625
0,52.645
0,52.635
0,52.59
0,52.625
0,52.675
0,52.64
0,52.645
0,52.655
0,52.695
0,52.705
0,52.69
0,52.715
0,52.725
0,52.74
0,52.735
0,52.73
0,52.67
0,52.645
0,52.61
0,52.63
0,52.67
0,52.71
0,52.655
0,52.645
0,52.645
0,52.6
0,52.61
0,52.62
0,52.63
0,52.63
0,52.64
0,52.605
0,52.57
0,52.6
0,52.61
0,52.585
0,52.62
0,52.605
0,52.61
0,52.585
0,52.62
0,52.635
0,52.605
0,52.525
0,52.5
0,52.595
0,52.545
0,52.525
0,52.51
0,52.615
0,52.64
0,52.645
0,52.68
0,52.685
0,52.695
0,52.71
0,52.695
0,52.735
0,52.725
0,52.715
0,52.75
0,52.775
0,52.78
0,52.775
0,52.76
0,52.705
0,52.725
0,52.775
0,52.805
0,52.82
0,52.845
0,52.85
0,52.855
0,52.885
0,52.875
0,52.895
0,52.87
0,52.815
0,52.795
0,52.785
0,52.8
0,52.82
0,52.8
0,52.8
0,52.765
0,52.8
0,52.805
0,52.805
0,52.79
0,52.77
0,52.745
0,52.765
0,52.705
0,52.75
0,52.755
0,52.76
0,52.785
0,52.775
0,52.775
0,52.77
0,52.765
0,52.785
0,52.75
0,52.675
0,52.71
0,52.685
0,52.675
0,52.67
0,52.695
0,52.72
0,52.68
0,52.69
0,52.71
0,52.72
0,52.775
0,52.8
0,52.83
0,52.855
0,52.865
0,52.88
0,52.915
0,52.9
0,52.94
0,52.95
0,52.965
0,52.97
0,52.98
0,52.97
0,53
0,52.975
0,53.01
0,53.02
0,53.06
0,53.09
0,53.1
0,53.005
0,53.03
0,53.19
0,53.14
0,53.18
0,53.19
0,53.105
0,53.11
0,52.995
0,52.935
0,52.865
0,52.755
0,52.795
0,52.715
0,52.72
0,52.635
0,52.7
0,52.725
0,52.725
0,52.75
0,52.79
0,52.81
0,52.755
0,52.74
0,52.605
0,52.59
0,52.69
0,52.705
0,52.65
0,52.65
0,52.65
0,52.65
0,52.645
0,52.66
0,52.6
0,52.595
0,52.63
0,52.61
0,52.615
0,52.61
0,52.575
0,52.505
0,52.445
0,52.375
0,52.375
0,52.325
0,52.295
0,52.345
0,52.375
0,52.33
0,52.325
0,52.28
0,52.31
0,52.24
0,52.34
0,52.38
0,52.345
0,52.325
0,52.3
0,52.35
0,52.31
0,52.32
0,52.345
0,52.385
0,52.445
0,52.475
0,52.46
0,52.425
0,52.465
0,52.45
0,52.545
0,52.56
0,52.57
0,52.55
0,52.51
0,52.575
0,52.59
0,52.59
0,52.61
0,52.6
0,52.53
0,52.575
0,52.645
0,52.59
0,52.585
0,52.545
0,52.565
0,52.62
0,52.545
0,52.505
0,52.515
0,52.48
0,52.46
0,52.47
0,52.475
0,52.46
0,52.435
0,52.44
0,52.45
0,52.425
0,52.44
0,52.455
0,52.475
0,52.48
0,52.495
0,52.455
0,52.46
0,52.44
0,52.485
0,52.485
0,52.525
0,52.535
0,52.59
0,52.57
0,52.62
0,52.575
0,52.525
0,52.5
0,52.535
0,52.5
0,52.49
0,52.5
0,52.495
0,52.455
0,52.43
0,52.375
0,52.335
0,52.3
0,52.37
0,52.365
0,52.38
0,52.395
0,52.305
0,52.305
0,52.375
0,52.35
0,52.39
0,52.385
0,52.375
0,52.345
0,52.325
0,52.3
0,52.305
0,52.31
0,52.335
0,52.335
0,52.335
0,52.31
0,52.32
0,52.35
0,52.345
0,52.32
0,52.295
0,52.29
0,52.31
0,52.305
0,52.325
0,52.325
0,52.305
0,52.29
0,52.295
0,52.325
0,52.365
0,52.335
0,52.315
0,52.33
0,52.32
0,52.33
0,52.325
0,52.27
0,52.255
0,52.26
0,52.27
0,52.235
0,52.245
0,52.285
0,52.28
0,52.24
0,52.295
0,52.29
0,52.28
0,52.27
0,52.22
0,52.22
0,52.235
0,52.22
0,52.21
0,52.185
0,52.195
0,52.22
0,52.24
0,52.23
0,52.205
0,52.175
0,52.2
0,52.205
0,52.185
0,52.195
0,52.21
0,52.205
0,52.22
0,52.24
0,52.25
0,52.215
0,52.245
0,52.255
0,52.26
0,52.255
0,52.23
0,52.205
0,52.21
0,52.185
0,52.17
0,52.135
0,52.13
0,52.16
0,52.16
0,52.125
0,52.145
0,52.15
0,52.155
0,52.165
0,52.2
0,52.195
0,52.2
0,52.205
0,52.225
0,52.22
0,52.225
0,52.24
0,52.245
0,52.22
0,52.215
0,52.19
0,52.175
0,52.185
0,52.17
0,52.14
0,52.135
0,52.15
0,52.115
0,52.115
0,52.145
0,52.155
0,52.18
0,52.175
0,52.15
0,52.16
0,52.155
0,52.135
0,52.11
0,52.125
0,52.1
0,52.1
0,52.105
0,52.09
0,52.085
0,52.115
0,52.07
0,52.075
0,52.08
0,52.09
0,52.065
0,52.105
0,52.12
0,52.125
0,52.13
0,52.14
0,52.11
0,52.075
0,52.055
0,52.03
0,52.04
0,52.02
0,52.03
0,52.02
0,52.005
0,51.99
0,51.985
0,51.97
0,52.025
0,52.02
0,52.035
0,52.055
0,52.045
0,52.03
0,51.995
0,51.98
0,51.995
0,52
0,52.02
0,52.02
0,52.03
0,52.02
0,52.005
0,52.025
0,52.07
0,52.065
0,52.055
0,52.01
0,51.99
0,51.985
0,51.985
0,51.985
0,51.975
0,51.995
0,52.005
0,52.005
0,51.985
0,51.985
0,51.985
0,52
0,52.005
0,52.005
0,52
0,52.05
0,52.05
0,52.055
0,52.075
0,52.09
0,52.095
0,52.1
0,52.04
0,52.03
0,52.04
0,52.045
0,52.06
0,52.04
0,52.03
0,52.04
0,52.045
0,52.06
0,52.06
0,52.045
0,52.01
0,52.03
0,52.025
0,52.01
0,52
0,52.01
0,51.995
0,51.985
0,52.01
0,52.02
0,52.075
0,52.065
0,52.025
0,52.015
0,52.01
0,52.025
0,52.015
0,52.045
0,52.035
0,52.035
0,52.045
0,52.045
0,52.075
0,52.095
0,52.145
0,52.185
0,52.165
0,52.16
0,52.125
0,52.175
0,52.19
0,52.185
0,52.19
0,52.265
0,52.28
0,52.305
0,52.275
0,52.255
0,52.27
0,52.265
0,52.24
0,52.22
0,52.235
0,52.255
0,52.25
0,52.295
0,52.3
0,52.29
0,52.26
0,52.24
0,52.235
0,52.215
0,52.165
0,52.2
0,52.215
0,52.26
0,52.235
0,52.265
0,52.275
0,52.285
0,52.315
0,52.365
0,52.35
0,52.36
0,52.4
0,52.37
0,52.36
0,52.35
0,52.305
0,52.265
0,52.265
0,52.25
0,52.195
0,52.09
0,52.085
0,52.105
0,52.095
0,52.085
0,52.045
0,52.04
0,52.11
0,52.12
0,52.105
0,52.105
0,52.165
0,52.195
0,52.2
0,52.22
0,52.205
0,52.205
0,52.18
0,52.145
0,52.14
0,52.115
0,52.165
0,52.155
0,52.085
0,52.07
0,52.085
0,52.11
0,52.11
0,52.095
0,52.085
0,52.105
0,52.09
0,52.095
0,52.105
0,52.165
0,52.18
0,52.195
0,52.185
0,52.175
0,52.14
0,52.11
0,52.115
0,52.11
0,52.105
0,52.135
0,52.135
0,52.155
0,52.225
0,52.235
0,52.265
0,52.275
0,52.24
0,52.19
0,52.205
0,52.195
0,52.235
0,52.235
0,52.205
0,52.21
0,52.205
0,52.21
0,52.21
0,52.2
0,52.21
0,52.22
0,52.18
0,52.19
0,52.18
0,52.185
0,52.195
0,52.205
0,52.19
0,52.19
0,52.17
0,52.15
0,52.17
0,52.185
0,52.195
0,52.2
0,52.165
0,52.17
0,52.21
0,52.175
0,52.135
0,52.13
0,52.12
0,52.14
0,52.15
0,52.15
0,52.025
0,51.98
0,52.23
0,52.335
0,52.365
0,52.285
0,52.125
0,52.2
0,52.15
0,52.07
0,51.93
0,51.895
0,51.94
0,51.81
0,51.925
0,51.87
0,51.87
0,51.9
0,51.865
0,51.855
0,51.85
0,51.865
0,51.92
0,51.895
0,51.9
0,51.865
0,51.925
0,51.845
0,51.87
0,51.905
0,51.895
0,51.885
0,51.875
0,51.93
0,51.88
0,51.92
0,52.005
0,51.835
0,51.87
0,51.875
0,51.85
0,51.81
0,51.81
0,51.845
0,51.81
0,51.825
0,51.795
0,51.885
0,51.85
0,51.915
0,51.93
0,51.855
0,51.855
0,51.785
0,51.73
0,51.675
0,51.62
0,51.62
0,51.65
0,51.66
0,51.635
0,51.68
0,51.71
0,51.69
0,51.685
0,51.71
0,51.73
0,51.725
0,51.63
0,51.645
0,51.59
0,51.59
0,51.685
0,51.685
0,51.63
0,51.655
0,51.62
0,51.65
0,51.665
0,51.71
0,51.7
0,51.765
0,51.705
0,51.725
0,51.615
0,51.65
0,51.67
0,51.68
0,51.69
0,51.665
0,51.49
0,51.42
0,51.25
0,51.1
0,51.06
0,51.345
0,51.23
0,51.185
0,51.2
0,51.19
0,51.285
0,51.27
0,51.23
0,51.285
0,51.285
0,51.345
0,51.415
0,51.55
0,51.37
0,51.45
0,51.485
0,51.55
0,51.345
0,51.455
0,51.41
0,51.46
0,51.4
0,51.315
0,51.365
0,51.345
0,51.295
0,51.41
0,51.465
0,51.47
0,51.425
0,51.435
0,51.44
0,51.435
0,51.535
0,51.545
0,51.585
0,51.565
0,51.57
0,51.535
0,51.655
0,51.665
0,51.64
0,51.63
0,51.665
0,51.655
0,51.645
0,51.715
0,51.715
0,51.66
0,51.62
0,51.665
0,51.655
0,51.555
0,51.645
0,51.595
0,51.635
0,51.57
0,51.545
0,51.495
0,51.56
0,51.505
0,51.44
0,51.38
0,51.385
0,51.38
0,51.33
0,51.335
0,51.345
0,51.335
0,51.34
0,51.32
0,51.235
0,51.21
0,51.225
0,51.16
0,51.17
0,51.235
0,51.24
0,51.28
0,51.275
0,51.325
0,51.37
0,51.415
0,51.37
0,51.285
0,51.35
0,51.355
0,51.32
0,51.29
0,51.28
0,51.275
0,51.265
0,51.235
0,51.19
0,51.205
0,51.2
0,51.195
0,51.19
0,51.16
0,51.17
0,51.205
0,51.195
0,51.16
0,51.155
0,51.195
0,51.21
0,51.205
0,51.175
0,51.17
0,51.195
0,51.175
0,51.13
0,51.14
0,51.175
0,51.18
0,51.155
0,51.16
0,51.18
0,51.245
0,51.245
0,51.25
0,51.255
0,51.27
0,51.265
0,51.275
0,51.225
0,51.26
0,51.265
0,51.305
0,51.285
0,51.28
0,51.295
0,51.355
0,51.355
0,51.37
0,51.34
0,51.29
0,51.285
0,51.3
0,51.335
0,51.33
0,51.3
0,51.265
0,51.28
0,51.27
0,51.29
0,51.29
0,51.285
0,51.285
0,51.255
0,51.195
0,51.19
0,51.18
0,51.16
0,51.135
0,51.125
0,51.135
0,51.175
0,51.18
0,51.185
0,51.185
0,51.195
0,51.19
0,51.225
0,51.22
0,51.2
0,51.175
0,51.165
0,51.155
0,51.155
0,51.215
0,51.26
0,51.235
0,51.255
0,51.26
0,51.225
0,51.185
0,51.17
0,51.165
0,51.17
0,51.165
0,51.16
0,51.155
0,51.14
0,51.14
0,51.165
0,51.13
0,51.13
0,51.135
0,51.13
0,51.165
0,51.14
0,51.15
0,51.145
0,51.165
0,51.155
0,51.145
0,51.14
0,51.13
0,51.145
0,51.205
0,51.21
0,51.235
0,51.225
0,51.23
0,51.22
0,51.21
0,51.225
0,51.245
0,51.25
0,51.22
0,51.235
0,51.25
0,51.275
0,51.295
0,51.22
0,51.205
0,51.185
0,51.195
0,51.195
0,51.16
0,51.17
0,51.15
0,51.155
0,51.145
0,51.11
0,51.11
0,51.12
0,51.135
0,51.115
0,51.11
0,51.155
0,51.17
0,51.175
0,51.175
0,51.21
0,51.22
0,51.21
0,51.21
0,51.22
0,51.255
0,51.24
0,51.3
0,51.315
0,51.325
0,51.35
0,51.335
0,51.305
0,51.41
0,51.43
0,51.465
0,51.47
0,51.475
0,51.44
0,51.4
0,51.395
0,51.39
0,51.415
0,51.43
0,51.435
0,51.465
0,51.465
0,51.465
0,51.46
0,51.48
0,51.47
0,51.46
0,51.47
0,51.435
0,51.41
0,51.35
0,51.335
0,51.345
0,51.355
0,51.415
0,51.42
0,51.43
0,51.41
0,51.415
0,51.43
0,51.405
0,51.39
0,51.475
0,51.495
0,51.535
0,51.575
0,51.61
0,51.67
0,51.67
0,51.61
0,51.605
0,51.635
0,51.675
0,51.66
0,51.7
0,51.635
0,51.605
0,51.665
0,51.71
0,51.72
0,51.74
0,51.705
0,51.625
0,51.595
0,51.605
0,51.62
0,51.655
0,51.62
0,51.6
0,51.56
0,51.545
0,51.545
0,51.525
0,51.505
0,51.425
0,51.445
0,51.395
0,51.335
0,51.325
0,51.35
0,51.37
0,51.38
0,51.39
0,51.37
0,51.31
0,51.235
0,51.235
0,51.18
0,51.105
0,51.085
0,51.17
0,51.185
0,51.245
0,51.27
0,51.215
0,51.225
0,51.145
0,51.195
0,51.185
0,51.175
0,51.2
0,51.22
0,51.245
0,51.28
0,51.27
0,51.245
0,51.23
0,51.265
0,51.28
0,51.3
0,51.285
0,51.31
0,51.32
0,51.32
0,51.325
0,51.37
0,51.37
0,51.345
0,51.385
0,51.38
0,51.42
0,51.435
0,51.42
0,51.41
0,51.45
0,51.445
0,51.425
0,51.41
0,51.485
0,51.565
0,51.625
0,51.555
0,51.515
0,51.5
0,51.595
0,51.545
0,51.535
0,51.535
0,51.565
0,51.58
0,51.615
0,51.69
0,51.745
0,51.74
0,51.725
0,51.675
0,51.665
0,51.7
0,51.63
0,51.635
0,51.63
0,51.66
0,51.62
0,51.6
0,51.605
0,51.585
0,51.67
0,51.68
0,51.67
0,51.635
0,51.625
0,51.63
0,51.62
0,51.635
0,51.655
0,51.345
0,51.4
0,51.415
0,51.34
0,51.36
0,51.31
0,51.225
0,51.18
0,51.205
0,51.195
0,51.16
0,51.185
0,51.075
0,51.02
0,51.025
0,51.035
0,50.97
0,50.925
0,51.095
0,51.145
0,51.03
0,51.115
0,51.1
0,51.045
0,51.025
0,50.995
0,50.965
0,50.92
0,50.895
0,50.875
0,50.91
0,50.905
0,50.81
0,50.8
0,50.715
0,50.645
0,50.695
0,50.62
0,50.565
0,50.58
0,50.58
0,50.685
0,50.72
0,50.68
0,50.685
0,50.685
0,50.675
0,50.675
0,50.665
0,50.67
0,50.725
0,50.715
0,50.64
0,50.665
0,50.725
0,50.785
0,50.85
0,50.875
0,50.87
0,50.785
0,50.765
0,50.74
0,50.795
0,50.75
0,50.785
0,50.755
0,50.815
0,50.82
0,50.76
0,50.73
0,50.74
0,50.7
0,50.705
0,50.645
0,50.64
0,50.655
0,50.725
0,50.675
0,50.75
0,50.78
0,50.73
0,50.745
0,50.75
0,50.69
0,50.69
0,50.7
0,50.735
0,50.755
0,50.76
0,50.735
0,50.715
0,50.715
0,50.695
0,50.705
0,50.695
0,50.71
0,50.695
0,50.75
0,50.795
0,50.795
0,50.825
0,50.815
0,50.785
0,50.74
0,50.765
0,50.775
0,50.77
0,50.76
0,50.75
0,50.76
0,50.755
0,50.755
0,50.755
0,50.76
0,50.835
0,50.8
0,50.815
0,50.815
0,50.825
0,50.83
0,50.835
0,50.82
0,50.815
0,50.835
0,50.79
0,50.74
0,50.75
0,50.765
0,50.745
0,50.715
0,50.695
0,50.695
0,50.64
0,50.565
0,50.605
0,50.56
0,50.535
0,50.445
0,50.425
0,50.485
0,50.455
0,50.485
0,50.43
0,50.405
0,50.415
0,50.29
0,50.21
0,50.285
0,50.285
0,50.34
0,50.305
0,50.335
0,50.36
0,50.365
0,50.335
0,50.36
0,50.3
0,50.315
0,50.325
0,50.35
0,50.305
0,50.295
0,50.295
0,50.255
0,50.285
0,50.29
0,50.27
0,50.39
0,50.375
0,50.355
0,50.395
0,50.4
0,50.405
0,50.38
0,50.445
0,50.41
0,50.41
0,50.43
0,50.425
0,50.45
0,50.43
0,50.365
0,50.375
0,50.43
0,50.48
0,50.47
0,50.44
0,50.5
0,50.525
0,50.5
0,50.4
0,50.385
0,50.365
0,50.43
0,50.455
0,50.435
0,50.445
0,50.48
0,50.445
0,50.4
0,50.405
0,50.415
0,50.365
0,50.34
0,50.335
0,50.295
0,50.315
0,50.355
0,50.335
0,50.335
0,50.335
0,50.355
0,50.375
0,50.305
0,50.28
0,50.27
0,50.305
0,50.285
0,50.31
0,50.36
0,50.405
0,50.4
0,50.405
0,50.455
0,50.45
0,50.465
0,50.465
0,50.445
0,50.38
0,50.32
0,50.285
0,50.28
0,50.275
0,50.275
0,50.245
0,50.265
0,50.24
0,50.065
0,49.982
0,50.01
0,50.015
0,50.005
0,50.005
0,50.03
0,50.065
0,50.065
0,50.13
0,50.15
0,50.145
0,50.165
0,50.145
0,50.22
0,50.205
0,50.245
0,50.22
0,50.205
0,50.17
0,50.125
0,50.135
0,50.115
0,50.12
0,50.115
0,50.105
0,50.135
0,50.155
0,50.185
0,50.2
0,50.15
0,50.11
0,50.05
0,50.055
0,50.025
0,50.015
0,50.035
0,50.015
0,50.005
0,50.045
0,50.005
0,50.01
0,49.9
0,49.97
0,50
0,49.952
0,49.888
0,49.875
0,49.912
0,49.905
0,49.895
0,49.908
0,49.908
0,49.908
0,49.88
0,49.88
0,49.83
0,49.835
0,49.808
0,49.847
0,49.83
0,49.81
0,49.79
0,49.8
0,49.845
0,49.84
0,49.82
0,49.81
0,49.778
0,49.838
0,49.838
0,49.802
0,49.748
0,49.7
0,49.73
0,49.782
0,49.792
0,49.868
0,49.885
0,49.915
0,49.922
0,49.945
0,49.94
0,49.952
0,49.96
0,49.99
0,50.008
0,50.01
0,50.035
0,50.07
0,50.015
0,50.015
0,50.025
0,50.002
0,49.978
0,50.005
0,49.975
0,50.002
0,50.002
0,50.015
0,49.995
0,49.998
0,50.008
0,50.01
0,50.025
0,50.035
0,50.005
0,50.035
0,50.005
0,50
0,49.97
0,50.005
0,49.982
0,49.972
0,49.952
0,49.9
0,49.895
0,49.892
0,49.882
0,49.922
0,49.912
0,49.935
0,49.938
0,49.972
0,49.955
0,49.942
0,49.948
0,49.948
0,49.94
0,49.935
0,49.93
0,49.9
0,49.922
0,49.97
0,50.002
0,49.982
0,49.965
0,49.992
0,49.995
0,50.015
0,50.045
0,50.04
0,50.04
0,50.055
0,50.05
0,50.085
0,50.09
0,50.135
0,50.055
0,50.06
0,50.095
0,50.12
0,50.175
0,50.1
0,50.04
0,50.01
0,49.98
0,49.97
0,49.95
0,49.975
0,49.948
0,49.945
0,49.93
0,49.888
0,49.868
0,49.902
0,49.9
0,49.888
0,49.908
0,49.87
0,49.885
0,49.908
0,49.945
0,49.915
0,49.927
0,49.915
0,49.917
0,49.925
0,49.932
0,49.892
0,49.885
0,49.852
0,49.835
0,49.892
0,49.94
0,50.065
0,50.045
0,49.985
0,50.01
0,50.04
0,50.025
0,50.005
0,49.987
0,49.998
0,49.972
0,49.948
0,49.957
0,49.872
0,49.86
0,49.828
0,49.84
0,49.85
0,49.852
0,49.815
0,49.812
0,49.75
0,49.76
0,49.768
0,49.878
0,49.935
0,49.878
0,49.885
0,49.93
0,49.898
0,49.83
0,49.78
0,49.83
0,49.852
0,49.86
0,49.945
0,49.85
0,49.828
0,49.825
0,49.855
0,49.805
0,49.718
0,49.675
0,49.635
0,49.635
0,49.635
0,49.597
0,49.58
0,49.612
0,49.525
0,49.535
0,49.55
0,49.595
0,49.555
0,49.538
0,49.522
0,49.518
0,49.545
0,49.58
0,49.535
0,49.438
0,49.428
0,49.398
0,49.342
0,49.272
0,49.4
0,49.46
0,49.463
0,49.472
0,49.452
0,49.468
0,49.562
0,49.52
0,49.535
0,49.512
0,49.567
0,49.555
0,49.505
0,49.51
0,49.505
0,49.457
0,49.48
0,49.415
0,48.698
0,48.538
0,48.578
0,48.65
0,48.745
0,48.792
0,48.798
0,48.77
0,48.705
0,48.782
0,48.745
0,48.752
0,48.735
0,48.665
0,48.782
0,48.708
0,48.655
0,48.69
0,48.692
0,48.752
0,48.84
0,48.83
0,48.828
0,48.882
0,48.858
0,48.908
0,48.927
0,48.905
0,48.88
0,48.885
0,48.9
0,48.875
0,48.87
0,48.862
0,48.89
0,48.915
0,48.912
0,48.91
0,48.892
0,48.912
0,48.97
0,48.93
0,48.948
0,49
0,48.87
0,48.932
0,48.96
0,48.945
0,48.945
0,48.927
0,48.91
0,48.932
0,48.95
0,49
0,49.058
0,49.018
0,49.06
0,49.075
0,49.002
0,48.942
0,48.922
0,49.05
0,49.037
0,49.058
0,49.052
0,49.078
0,49.082
0,49.088
0,49.128
0,49.148
0,49.152
0,49.12
0,49.052
0,48.998
0,49.012
0,49.028
0,49.048
0,49.022
0,49.07
0,49.02
0,48.987
0,48.955
0,48.928
0,48.957
0,48.912
0,48.88
0,48.93
0,48.922
0,48.928
0,48.95
0,48.828
0,48.817
0,48.87
0,48.785
0,48.812
0,48.768
0,48.853
0,48.82
0,48.885
0,48.902
0,48.908
0,48.912
0,48.927
0,48.945
0,48.998
0,49.04
0,49.038
0,48.99
0,48.975
0,49.015
0,49
0,48.965
0,48.965
0,48.99
0,49
0,49.055
0,49.042
0,49.05
0,49.082
0,49.162
0,49.155
0,49.148
0,49.165
0,49.152
0,49.175
0,49.178
0,49.178
0,49.14
0,49.14
0,49.1
0,49.1
0,49.062
0,49.092
0,49.1
0,49.088
0,49.092
0,49.142
0,49.158
0,49.172
0,49.198
0,49.195
0,49.232
0,49.188
0,49.215
0,49.258
0,49.21
0,49.205
0,49.235
0,49.202
0,49.21
0,49.192
0,49.185
0,49.13
0,49.13
0,49.16
0,49.118
0,49.17
0,49.242
0,49.202
0,49.235
0,48.998
0,48.975
0,48.912
0,49.06
0,49.048
0,49.04
0,48.96
0,48.987
0,49.02
0,49.188
0,49.168
0,49.185
0,49.18
0,49.162
0,49.1
0,49.012
0,49.073
0,49.012
0,49.07
0,49.102
0,49.065
0,49.055
0,49.078
0,49.02
0,48.978
0,49.012
0,49.015
0,48.99
0,48.992
0,49.005
0,49.058
0,49.048
0,49.035
0,49.015
0,48.955
0,48.895
0,48.878
0,48.87
0,48.82
0,48.825
0,48.82
0,48.842
0,48.847
0,48.81
0,48.8
0,48.802
0,48.82
0,48.825
0,48.828
0,48.838
0,48.855
0,48.842
0,48.875
0,48.818
0,48.782
0,48.78
0,48.712
0,48.685
0,48.67
0,48.742
0,48.755
0,48.762
0,48.708
0,48.737
0,48.758
0,48.79
0,48.728
0,48.682
0,48.692
0,48.72
0,48.72
0,48.745
0,48.768
0,48.772
0,48.722
0,48.748
0,48.86
0,48.808
0,48.81
0,48.778
0,48.805
0,48.86
0,48.775
0,48.712
0,48.758
0,48.748
0,48.715
0,48.688
0,48.748
0,48.742
0,48.725
0,48.71
0,48.712
0,48.698
0,48.652
0,48.642
0,48.732
0,48.722
0,48.775
0,48.698
0,48.678
0,48.665
0,48.705
0,48.682
0,48.75
0,48.635
0,48.665
0,48.66
0,48.645
0,48.675
0,48.692
0,48.722
0,48.668
0,48.625
0,48.648
0,48.605
0,48.648
0,48.672
0,48.64
0,48.67
0,48.688
0,48.675
0,48.718
0,48.72
0,48.66
0,48.685
0,48.642
0,48.66
0,48.675
0,48.685
0,48.712
0,48.728
0,48.737
0,48.682
0,48.688
0,48.667
0,48.645
0,48.652
0,48.658
0,48.682
0,48.682
0,48.682
0,48.665
0,48.63
0,48.632
0,48.682
0,48.722
0,48.72
0,48.712
0,48.737
0,48.765
0,48.792
0,48.76
0,48.742
0,48.732
0,48.755
0,48.79
0,48.778
0,48.745
0,48.722
0,48.713
0,48.702
0,48.702
0,48.728
0,48.735
0,48.732
0,48.715
0,48.722
0,48.73
0,48.735
0,48.688
0,48.68
0,48.678
0,48.652
0,48.645
0,48.62
0,48.635
0,48.64
0,48.642
0,48.63
0,48.635
0,48.638
0,48.638
0,48.665
0,48.658
0,48.67
0,48.718
0,48.682
0,48.682
0,48.675
0,48.702
0,48.748
0,48.755
0,48.735
0,48.742
0,48.695
0,48.74
0,48.755
0,48.73
0,48.742
0,48.79
0,48.825
0,48.825
0,48.832
0,48.782
0,48.798
0,48.768
0,48.73
0,48.755
0,48.722
0,48.768
0,48.732
0,48.745
0,48.705
0,48.702
0,48.718
0,48.71
0,48.675
0,48.64
0,48.675
0,48.725
0,48.758
0,48.758
0,48.732
0,48.718
0,48.688
0,48.72
0,48.672
0,48.655
0,48.665
0,48.65
0,48.62
0,48.588
0,48.638
0,48.658
0,48.655
0,48.675
0,48.635
0,48.615
0,48.628
0,48.59
0,48.548
0,48.54
0,48.545
0,48.558
0,48.528
0,48.52
0,48.52
0,48.518
0,48.545
0,48.52
0,48.518
0,48.475
0,48.468
0,48.412
0,48.42
0,48.478
0,48.462
0,48.402
0,48.382
0,48.362
0,48.322
0,48.302
0,48.312
0,48.27
0,48.29
0,48.262
0,48.208
0,48.138
0,48.222
0,48.228
0,48.232
0,48.218
0,48.24
0,48.298
0,48.258
0,48.272
0,48.342
0,48.3
0,48.272
0,48.268
0,48.33
0,48.285
0,48.272
0,48.252
0,48.382
0,48.4
0,48.408
0,48.362
0,48.388
0,48.338
0,48.262
0,48.282
0,48.252
0,48.258
0,48.207
0,48.208
0,48.142
0,48.12
0,48.108
0,48.095
0,48.112
0,48.115
0,48.07
0,48.042
0,48.012
0,47.978
0,47.93
0,47.917
0,47.91
0,47.915
0,47.995
0,48.045
0,48.042
0,48.067
0,48.018
0,48.015
0,48.01
0,48.08
0,48.075
0,48.037
0,48.015
0,47.982
0,47.942
0,47.975
0,48
0,48.028
0,48.072
0,48.122
0,48.138
0,48.158
0,48.138
0,48.105
0,48.112
0,48.138
0,47.962
0,48.075
0,48.03
0,48.1
0,47.99
0,48.03
0,48.04
0,48.128
0,48.097
0,48.085
0,48.062
0,47.99
0,47.965
0,47.805
0,47.81
0,47.805
0,47.838
0,47.858
0,47.882
0,47.92
0,47.892
0,47.89
0,47.902
0,47.902
0,47.9
0,47.892
0,47.932
0,47.938
0,48.012
0,48.13
0,48.152
0,48.112
0,48.175
0,48.2
0,48.222
0,48.21
0,48.26
0,48.235
0,48.205
0,48.225
0,48.202
0,48.218
0,48.262
0,48.22
0,48.242
0,48.232
0,48.202
0,48.215
0,48.192
0,48.182
0,48.182
0,48.185
0,48.182
0,48.158
0,48.165
0,48.205
0,48.29
0,48.23
0,48.262
0,48.245
0,48.252
0,48.3
0,48.345
0,48.352
0,48.312
0,48.305
0,48.295
0,48.242
0,48.258
0,48.228
0,48.188
0,48.142
0,48.112
0,48.085
0,48.092
0,48.058
0,48.022
0,48.062
0,48.042
0,48.005
0,47.998
0,47.985
0,47.98
0,48.005
0,47.975
0,47.99
0,47.99
0,47.978
0,47.927
0,47.932
0,47.952
0,47.987
0,47.978
0,48
0,47.935
0,47.99
0,48.002
0,47.945
0,47.945
0,47.98
0,47.963
0,48.01
0,48.008
0,48.018
0,48.08
0,48.07
0,48.125
0,48.125
0,48.148
0,48.122
0,48.135
0,48.158
0,48.135
0,48.172
0,48.172
0,48.142
0,48.162
0,48.165
0,48.185
0,48.212
0,48.208
0,48.188
0,48.192
0,48.16
0,48.142
0,48.128
0,48.112
0,48.088
0,48.065
0,48.058
0,48.058
0,48.085
0,48.097
0,48.112
0,48.155
0,48.148
0,48.158
0,48.13
0,48.145
0,48.155
0,48.13
0,48.152
0,48.158
0,48.208
0,48.222
0,48.228
0,48.22
0,48.22
0,48.222
0,48.198
0,48.172
0,48.175
0,48.2
0,48.2
0,48.192
0,48.15
0,48.158
0,48.13
0,48.175
0,48.167
0,48.188
0,48.202
0,48.167
0,48.192
0,48.2
0,48.18
0,48.182
0,48.125
0,48.108
0,48.112
0,48.122
0,48.125
0,48.152
0,48.13
0,48.155
0,48.115
0,48.112
0,48.118
0,48.135
0,48.142
0,48.135
0,48.145
0,48.12
0,48.11
0,48.1
0,48.105
0,48.097
0,48.095
0,48.085
0,48.1
0,48.088
0,48.088
0,48.055
0,48.045
0,48.072
0,48.082
0,48.082
0,48.13
0,48.088
0,48.072
0,48.062
0,48.065
0,48.065
0,48.062
0,48.072
0,48.03
0,48.022
0,48.025
0,48.028
0,48.01
0,47.98
0,47.99
0,47.975
0,47.972
0,47.932
0,47.917
0,47.898
0,47.935
0,47.932
0,47.948
0,47.965
0,47.992
0,47.962
0,47.92
0,47.95
0,47.942
0,47.92
0,47.95
0,47.938
0,47.932
0,47.952
0,47.97
0,47.985
0,47.96
0,48.02
0,47.995
0,48.022
0,47.995
0,48.022
0,48.018
0,47.992
0,47.942
0,47.975
0,47.978
0,48.005
0,48.028
0,48.028
0,48
0,47.992
0,47.998
0,47.995
0,48.01
0,48.028
0,48.015
0,48.035
0,48.048
0,48.045
0,48.045
0,48.06
0,48.072
0,48.068
0,47.978
0,47.958
0,48.01
0,48.015
0,47.998
0,47.972
0,47.97
0,47.985
0,47.958
0,47.955
0,47.958
0,47.96
0,48
0,48
0,47.998
0,47.998
0,48.012
0,47.978
0,47.97
0,47.975
0,47.972
0,47.975
0,47.998
0,47.998
0,48.037
0,48.048
0,48.065
0,48.088
0,48.045
0,48.042
0,48.05
0,48.035
0,48.038
0,48.038
0,48.005
0,48.012
0,48.045
0,48.032
0,48.078
0,48.045
0,48.035
0,48.012
0,47.98
0,48.018
0,48.045
0,48.025
0,48.012
0,48.008
0,48.022
0,47.985
0,48.045
0,48.032
0,48.04
0,48.058
0,48.062
0,48.075
0,48.072
0,48.058
0,48.085
0,48.092
0,48.088
0,48.072
0,48.07
0,48.05
0,48.037
0,48.032
0,48.028
0,48.032
0,47.992
0,48.03
0,48.032
0,48.05
0,48
0,48.01
0,48.04
0,48.05
0,48.058
0,48.068
0,48.06
0,48.02
0,48.015
0,48
0,47.978
0,48.022
0,47.987
0,47.972
0,48.01
0,48.032
0,47.995
0,48.008
0,48.002
0,48.02
0,48.01
0,48.002
0,47.987
0,47.95
0,47.93
0,47.948
0,47.955
0,47.978
0,47.98
0,47.998
0,47.987
0,47.962
0,47.965
0,47.96
0,47.95
0,47.96
0,47.958
0,47.962
0,47.932
0,47.91
0,47.912
0,47.922
0,47.92
0,47.917
0,47.908
0,47.89
0,47.89
0,47.908
0,47.94
0,47.93
0,47.95
0,47.965
0,47.985
0,47.952
0,47.9
0,47.92
0,47.932
0,47.957
0,47.975
0,47.972
0,47.942
0,47.928
0,47.885
0,47.942
0,47.92
0,47.918
0,47.9
0,47.922
0,47.958
0,47.922
0,47.93
0,47.912
0,47.888
0,47.902
0,47.905
0,47.91
0,47.93
0,47.945
0,47.922
0,47.96
0,47.975
0,47.98
0,47.975
0,47.982
0,47.972
0,48
0,47.98
0,48
0,47.995
0,47.968
0,48.005
0,47.96
0,48.002
0,47.958
0,47.96
0,47.965
0,47.948
0,47.972
0,48.005
0,47.965
0,47.995
0,48.002
0,47.998
0,47.995
0,47.995
0,47.955
0,47.992
0,47.978
0,47.995
0,47.982
0,47.948
0,47.942
0,47.96
0,48.002
0,48.018
0,48.005
0,48.01
0,47.98
0,48.005
0,48.012
0,48.012
0,47.985
0,48.022
0,48.022
0,48.03
0,48.035
0,48.055
0,48.12
0,48.17
0,48.162
0,48.177
0,48.135
0,48.125
0,48.128
0,48.092
0,48.102
0,48.078
0,48.062
0,48.058
0,48.062
0,48.08
0,48.065
0,48.1
0,48.075
0,48.132
0,48.138
0,48.138
0,48.145
0,48.148
0,48.115
0,48.048
0,48.025
0,48.025
0,48.055
0,48.042
0,48.062
0,48.068
0,48.09
0,48.112
0,48.162
0,48.185
0,48.23
0,48.245
0,48.287
0,48.298
0,48.265
0,48.282
0,48.342
0,48.338
0,48.308
0,48.32
0,48.835
0,48.86
0,48.875
0,48.9
0,48.89
0,48.89
0,48.962
0,48.995
0,49.002
0,48.95
0,48.998
0,49.042
0,49.158
0,49.285
0,49.285
0,49.282
0,49.392
0,49.362
0,49.255
0,49.288
0,49.318
0,49.325
0,49.27
0,49.278
0,49.245
0,49.218
0,49.172
0,49.09
0,49.147
0,49.092
0,49.12
0,49.17
0,49.142
0,49.142
0,49.172
0,49.108
0,49.162
0,49.188
0,49.102
0,49.045
0,49.038
0,49.082
0,49.082
0,49.118
0,49.112
0,49.108
0,49.165
0,49.21
0,49.185
0,49.16
0,49.162
0,49.182
0,49.138
0,49.172
0,49.24
0,49.185
0,49.162
0,49.148
0,49.152
0,49.17
0,49.205
0,49.198
0,49.188
0,49.192
0,49.135
0,49.165
0,49.15
0,49.168
0,49.128
0,49.072
0,49.078
0,49.068
0,49.1
0,49.062
0,49.085
0,49.12
0,49.132
0,49.078
0,49.045
0,49.008
0,48.975
0,48.97
0,48.98
0,49.018
0,49.032
0,49.022
0,49
0,49.015
0,48.998
0,48.96
0,48.925
0,48.95
0,48.948
0,48.975
0,49
0,48.987
0,48.995
0,48.958
0,48.987
0,48.975
0,48.982
0,48.965
0,48.958
0,48.96
0,48.965
0,48.945
0,48.925
0,48.942
0,48.935
0,48.912
0,48.912
0,48.92
0,48.875
0,48.84
0,48.835
0,48.842
0,48.875
0,48.882
0,48.92
0,48.922
0,48.908
0,48.89
0,48.952
0,48.932
0,48.965
0,48.975
0,48.975
0,48.955
0,48.955
0,48.927
0,48.94
0,48.972
0,48.955
0,48.95
0,48.96
0,48.982
0,48.992
0,48.97
0,49.03
0,49.082
0,49.105
0,49.11
0,49.138
0,49.162
0,49.152
0,49.18
0,49.215
0,49.128
0,49.09
0,49.09
0,49.142
0,49.12
0,49.118
0,49.145
0,49.155
0,49.18
0,49.172
0,49.135
0,49.118
0,49.13
0,49.11
0,49.15
0,49.132
0,49.13
0,49.138
0,49.165
0,49.11
0,49.14
0,49.185
0,49.198
0,49.22
0,49.23
0,49.205
0,49.192
0,49.192
0,49.212
0,49.252
0,49.248
0,49.235
0,49.232
0,49.23
0,49.24
0,49.22
0,49.228
0,49.205
0,49.195
0,49.207
0,49.178
0,49.18
0,49.165
0,49.198
0,49.182
0,49.208
0,49.215
0,49.23
0,49.22
0,49.222
0,49.188
0,49.188
0,49.228
0,49.25
0,49.235
0,49.252
0,49.235
0,49.232
0,49.228
0,49.237
0,49.25
0,49.237
0,49.232
0,49.218
0,49.237
0,49.245
0,49.235
0,49.24
0,49.282
0,49.25
0,49.237
0,49.222
0,49.215
0,49.252
0,49.262
0,49.245
0,49.278
0,49.287
0,49.29
0,49.285
0,49.325
0,49.345
0,49.375
0,49.37
0,49.35
0,49.332
0,49.325
0,49.323
0,49.328
0,49.345
0,49.335
0,49.31
0,49.338
0,49.335
0,49.347
0,49.335
0,49.37
0,49.358
0,49.358
0,49.375
0,49.388
0,49.392
0,49.375
0,49.38
0,49.365
0,49.37
0,49.375
0,49.378
0,49.388
0,49.372
0,49.372
0,49.39
0,49.35
0,49.345
0,49.342
0,49.368
0,49.37
0,49.38
0,49.388
0,49.39
0,49.38
0,49.4
0,49.37
0,49.398
0,49.408
0,49.46
0,49.432
0,49.4
0,49.43
0,49.425
0,49.42
0,49.422
0,49.412
0,49.41
0,49.3
0,49.28
0,49.272
0,49.265
0,49.255
0,49.275
0,49.26
0,49.255
0,49.272
0,49.278
0,49.265
0,49.27
0,49.248
0,49.24
0,49.24
0,49.237
0,49.262
0,49.245
0,49.248
0,49.242
0,49.245
0,49.245
0,49.255
0,49.288
0,49.29
0,49.302
0,49.218
0,49.222
0,49.23
0,49.248
0,49.252
0,49.26
0,49.288
0,49.29
0,49.255
0,49.237
0,49.24
0,49.252
0,49.25
0,49.28
0,49.29
0,49.29
0,49.308
0,49.325
0,49.285
0,49.298
0,49.308
0,49.328
0,49.32
0,49.305
0,49.338
0,49.318
0,49.328
0,49.35
0,49.35
0,49.31
0,49.322
0,49.33
0,49.37
0,49.37
0,49.372
0,49.36
0,49.352
0,49.31
0,49.295
0,49.285
0,49.29
0,49.285
0,49.288
0,49.317
0,49.312
0,49.3
0,49.287
0,49.28
0,49.3
0,49.312
0,49.302
0,49.315
0,49.305
0,49.298
0,49.3
0,49.312
0,49.308
0,49.312
0,49.345
0,49.325
0,49.31
0,49.325
0,49.358
0,49.365
0,49.372
0,49.328
0,49.33
0,49.325
0,49.308
0,49.308
0,49.312
0,49.32
0,49.33
0,49.362
0,49.352
0,49.35
0,49.368
0,49.347
0,49.372
0,49.328
0,49.372
0,49.352
0,49.36
0,49.345
0,49.388
0,49.375
0,49.41
0,49.448
0,49.448
0,49.48
0,49.478
0,49.448
0,49.442
0,49.432
0,49.425
0,49.462
0,49.487
0,49.47
0,49.482
0,49.49
0,49.495
0,49.487
0,49.49
0,49.485
0,49.492
0,49.468
0,49.438
0,49.422
0,49.46
0,49.498
0,49.468
0,49.458
0,49.478
0,49.452
0,49.455
0,49.44
0,49.458
0,49.442
0,49.452
0,49.45
0,49.425
0,49.395
0,49.405
0,49.402
0,49.428
0,49.448
0,49.415
0,49.408
0,49.438
0,49.43
0,49.435
0,49.455
0,49.44
0,49.442
0,49.452
0,49.42
0,49.385
0,49.418
0,49.418
0,49.432
0,49.438
0,49.468
0,49.518
0,49.522
0,49.51
0,49.505
0,49.51
0,49.545
0,49.575
0,49.525
0,49.522
0,49.5
0,49.455
0,49.475
0,49.472
0,49.46
0,49.463
0,49.482
0,49.482
0,49.505
0,49.498
0,49.472
0,49.445
0,49.45
0,49.465
0,49.472
0,49.49
0,49.475
0,49.51
0,49.52
0,49.505
0,49.535
0,49.492
0,49.512
0,49.468
0,49.472
0,49.465
0,49.492
0,49.505
0,49.5
0,49.52
0,49.528
0,49.528
0,49.537
0,49.562
0,49.573
0,49.582
0,49.55
0,49.528
0,49.528
0,49.46
0,49.427
0,49.418
0,49.432
0,49.44
0,49.445
0,49.452
0,49.858
0,49.835
0,49.862
0,49.812
0,49.74
0,49.648
0,49.685
0,49.69
0,49.525
0,49.545
0,49.615
0,49.692
0,49.64
0,49.73
0,49.665
0,49.675
0,49.722
0,49.825
0,49.768
0,49.71
0,49.695
0,49.688
0,49.748
0,49.808
0,49.745
0,49.77
0,49.71
0,49.748
0,49.748
0,49.78
0,49.732
0,49.758
0,49.768
0,49.85
0,49.852
0,49.82
0,49.85
0,49.922
0,49.86
0,49.908
0,49.9
0,49.878
0,49.865
0,49.87
0,49.828
0,49.822
0,49.808
0,49.81
0,49.805
0,49.772
0,49.71
0,49.69
0,49.728
0,49.745
0,49.652
0,49.64
0,49.63
0,49.628
0,49.61
0,49.568
0,49.585
0,49.618
0,49.622
0,49.632
0,49.63
0,49.597
0,49.612
0,49.58
0,49.62
0,49.62
0,49.582
0,49.602
0,49.61
0,49.588
0,49.558
0,49.612
0,49.59
0,49.588
0,49.592
0,49.572
0,49.5
0,49.5
0,49.515
0,49.55
0,49.555
0,49.568
0,49.55
0,49.578
0,49.585
0,49.575
0,49.565
0,49.575
0,49.578
0,49.468
0,49.46
0,49.422
0,49.402
0,49.36
0,49.308
0,49.328
0,49.34
0,49.405
0,49.448
0,49.498
0,49.44
0,49.458
0,49.458
0,49.428
0,49.392
0,49.375
0,49.3
0,49.275
0,49.265
0,49.292
0,49.308
0,49.34
0,49.32
0,49.295
0,49.318
0,49.258
0,49.215
0,49.212
0,49.212
0,49.188
0,49.212
0,49.25
0,49.25
0,49.268
0,49.288
0,49.27
0,49.29
0,49.332
0,49.33
0,49.285
0,49.292
0,49.292
0,49.272
0,49.268
0,49.25
0,49.225
0,49.225
0,49.242
0,49.248
0,49.25
0,49.265
0,49.302
0,49.305
0,49.325
0,49.332
0,49.33
0,49.317
0,49.323
0,49.298
0,49.292
0,49.323
0,49.325
0,49.308
0,49.278
0,49.258
0,49.3
0,49.3
0,49.292
0,49.322
0,49.312
0,49.3
0,49.295
0,49.302
0,49.315
0,49.328
0,49.345
0,49.332
0,49.342
0,49.325
0,49.29
0,49.288
0,49.288
0,49.268
0,49.262
0,49.275
0,49.312
0,49.305
0,49.295
0,49.275
0,49.282
0,49.3
0,49.298
0,49.32
0,49.315
0,49.355
0,49.375
0,49.392
0,49.412
0,49.41
0,49.395
0,49.412
0,49.417
0,49.422
0,49.422
0,49.422
0,49.415
0,49.418
0,49.415
0,49.417
0,49.452
0,49.465
0,49.468
0,49.5
0,49.487
0,49.508
0,49.508
0,49.485
0,49.498
0,49.535
0,49.54
0,49.548
0,49.502
0,49.478
0,49.452
0,49.4
0,49.408
0,49.427
0,49.438
0,49.448
0,49.432
0,49.432
0,49.468
0,49.465
0,49.502
0,49.532
0,49.508
0,49.472
0,49.478
0,49.485
0,49.462
0,49.505
0,49.505
0,49.492
0,49.465
0,49.425
0,49.482
0,49.465
0,49.475
0,49.51
0,49.525
0,49.535
0,49.512
0,49.505
0,49.515
0,49.505
0,49.538
0,49.53
0,49.5
0,49.502
0,49.508
0,49.522
0,49.512
0,49.515
0,49.48
0,49.502
0,49.487
0,49.512
0,49.512
0,49.53
0,49.535
0,49.54
0,49.53
0,49.512
0,49.505
0,49.545
0,49.555
0,49.548
0,49.542
0,49.558
0,49.558
0,49.545
0,49.515
0,49.505
0,49.5
0,49.545
0,49.567
0,49.537
0,49.522
0,49.528
0,49.558
0,49.568
0,49.56
0,49.568
0,49.57
0,49.572
0,49.608
0,49.615
0,49.615
0,49.612
0,49.6
0,49.59
0,49.575
0,49.588
0,49.59
0,49.582
0,49.58
0,49.6
0,49.615
0,49.615
0,49.612
0,49.595
0,49.58
0,49.592
0,49.618
0,49.615
0,49.635
0,49.64
0,49.618
0,49.64
0,49.642
0,49.648
0,49.635
0,49.67
0,49.665
0,49.648
0,49.67
0,49.672
0,49.698
0,49.682
0,49.69
0,49.725
0,49.735
0,49.72
0,49.71
0,49.722
0,49.718
0,49.735
0,49.808
0,49.858
0,49.828
0,49.847
0,49.862
0,49.888
0,49.882
0,49.868
0,49.847
0,49.872
0,49.842
0,49.872
0,49.892
0,49.89
0,49.878
0,49.842
0,49.847
0,49.85
0,49.862
0,49.858
0,49.842
0,49.835
0,49.84
0,49.842
0,49.832
0,49.808
0,49.838
0,49.858
0,49.835
0,49.83
0,49.828
0,49.812
0,49.815
0,49.81
0,49.805
0,49.785
0,49.775
0,49.808
0,49.808
0,49.82
0,49.82
0,49.835
0,49.835
0,49.85
0,49.905
0,49.9
0,49.892
0,49.905
0,49.905
0,49.858
0,49.872
0,49.852
0,49.872
0,49.915
0,49.94
0,49.908
0,49.845
0,49.835
0,49.85
0,49.885
0,49.862
0,49.832
0,49.86
0,49.855
0,49.8
0,49.802
0,49.792
0,49.815
0,49.822
0,49.86
0,49.855
0,49.83
0,49.83
0,49.832
0,49.802
0,49.8
0,49.82
0,49.787
0,49.75
0,49.715
0,49.695
0,49.667
0,49.662
0,49.628
0,49.672
0,49.677
0,49.685
0,49.715
0,49.71
0,49.708
0,49.71
0,49.762
0,49.802
0,49.832
0,49.858
0,49.935
0,50.03
0,50.04
0,50.1
0,50.1
0,50.165
0,50.175
0,50.155
0,50.105
0,50.035
0,50.095
0,50.145
0,50.095
0,50.11
0,50.105
0,50.175
0,50.235
0,50.185
0,50.18
0,50.175
0,50.225
0,50.265
0,50.225
0,50.32
0,50.325
0,50.36
0,50.38
0,50.345
0,50.36
0,50.35
0,50.325
0,50.345
0,50.345
0,50.3
0,50.295
0,50.28
0,50.305
0,50.325
0,50.335
0,50.345
0,50.315
0,50.34
0,50.32
0,50.315
0,50.355
0,50.345
0,50.33
0,50.305
0,50.29
0,50.3
0,50.28
0,50.275
0,50.22
0,50.245
0,50.25
0,50.255
0,50.285
0,50.285
0,50.275
0,50.28
0,50.295
0,50.28
0,50.29
0,50.255
0,50.245
0,50.195
0,50.24
0,50.255
0,50.265
0,50.81
0,50.77
0,50.715
0,50.665
0,50.65
0,50.6
0,50.61
0,50.575
0,50.58
0,50.485
0,50.285
0,50.31
0,50.315
0,50.355
0,50.38
0,50.46
0,50.565
0,50.545
0,50.55
0,50.55
0,50.57
0,50.57
0,50.535
0,50.55
0,50.55
0,50.48
0,50.555
0,50.515
0,50.56
0,50.5
0,50.48
0,50.515
0,50.59
0,50.585
0,50.55
0,50.535
0,50.555
0,50.565
0,50.49
0,50.55
0,50.515
0,50.545
0,50.505
0,50.485
0,50.465
0,50.505
0,50.495
0,50.46
0,50.455
0,50.48
0,50.475
0,50.485
0,50.47
0,50.51
0,50.525
0,50.52
0,50.515
0,50.575
0,50.575
0,50.56
0,50.535
0,50.535
0,50.53
0,50.53
0,50.5
0,50.505
0,50.51
0,50.525
0,50.475
0,50.51
0,50.53
0,50.535
0,50.54
0,50.54
0,50.495
0,50.52
0,50.595
0,50.625
0,50.67
0,50.7
0,50.67
0,50.68
0,50.715
0,50.71
0,50.68
0,50.635
0,50.635
0,50.65
0,50.675
0,50.69
0,50.655
0,50.65
0,50.62
0,50.575
0,50.55
0,50.56
0,50.555
0,50.585
0,50.55
0,50.525
0,50.48
0,50.47
0,50.44
0,50.415
0,50.395
0,50.365
0,50.34
0,50.32
0,50.29
0,50.285
0,50.235
0,50.215
0,50.235
0,50.245
0,50.265
0,50.205
0,50.22
0,50.23
0,50.21
0,50.215
0,50.26
0,50.24
0,50.195
0,50.175
0,50.135
0,50.13
0,50.12
0,50.08
0,50.075
0,50.07
0,50.015
0,50.035
0,50.02
0,50.035
0,50.065
0,50.025
0,49.992
0,50.008
0,50.02
0,50.02
0,50.002
0,50.04
0,50.02
0,50
0,50.02
0,50.015
0,50.005
0,49.968
0,49.922
0,49.985
0,49.992
0,49.982
0,49.942
0,49.942
0,49.972
0,49.975
0,50
0,50.01
0,49.987
0,50.015
0,49.975
0,50.01
0,50.06
0,50.085
0,50.115
0,50.075
0,50.065
0,50.095
0,50.1
0,50.1
0,50.145
0,50.165
0,50.19
0,50.165
0,50.135
0,50.155
0,50.145
0,50.17
0,50.175
0,50.165
0,50.2
0,50.21
0,50.23
0,50.2
0,50.17
0,50.16
0,50.2
0,50.2
0,50.26
0,50.255
0,50.235
0,50.265
0,50.24
0,50.225
0,50.215
0,50.24
0,50.275
0,50.325
0,50.315
0,50.33
0,50.365
0,50.385
0,50.325
0,50.365
0,50.335
0,50.335
0,50.315
0,50.375
0,50.395
0,50.36
0,50.385
0,50.39
0,50.4
0,50.39
0,50.36
0,50.38
0,50.405
0,50.395
0,50.4
0,50.38
0,50.37
0,50.37
0,50.375
0,50.35
0,50.37
0,50.37
0,50.365
0,50.335
0,50.355
0,50.365
0,50.375
0,50.395
0,50.4
0,50.37
0,50.385
0,50.4
0,50.345
0,50.345
0,50.345
0,50.355
0,50.37
0,50.4
0,50.405
0,50.42
0,50.43
0,50.425
0,50.405
0,50.395
0,50.395
0,50.39
0,50.405
0,50.38
0,50.385
0,50.365
0,50.385
0,50.38
0,50.375
0,50.365
0,50.4
0,50.42
0,50.39
0,50.365
0,50.365
0,50.32
0,50.3
0,50.33
0,50.3
0,50.305
0,50.295
0,50.315
0,50.315
0,50.34
0,50.34
0,50.325
0,50.33
0,50.34
0,50.32
0,50.31
0,50.29
0,50.335
0,50.325
0,50.35
0,50.35
0,50.34
0,50.36
0,50.35
0,50.335
0,50.32
0,50.315
0,50.295
0,50.31
0,50.305
0,50.335
0,50.31
0,50.32
0,50.345
0,50.355
0,50.355
0,50.37
0,50.37
0,50.405
0,50.375
0,50.36
0,50.35
0,50.345
0,50.34
0,50.34
0,50.365
0,50.385
0,50.365
0,50.345
0,50.305
0,50.305
0,50.3
0,50.345
0,50.325
0,50.325
0,50.29
0,50.28
0,50.255
0,50.235
0,50.215
0,50.17
0,50.055
0,50.008
0,49.978
0,49.888
0,49.882
0,49.882
0,49.862
0,49.84
0,49.862
0,49.735
0,49.728
0,49.672
0,49.712
0,49.79
0,49.765
0,49.798
0,49.78
0,49.74
0,49.688
0,49.692
0,49.713
0,49.688
0,49.638
0,49.665
0,49.682
0,49.53
0,49.5
0,49.485
0,49.51
0,49.548
0,49.58
0,49.59
0,49.575
0,49.575
0,49.542
0,49.548
0,49.508
0,49.502
0,49.518
0,49.56
0,49.573
0,49.555
0,49.515
0,49.518
0,49.51
0,49.485
0,49.388
0,49.417
0,49.42
0,49.445
0,49.408
0,49.405
0,49.388
0,49.448
0,49.445
0,49.465
0,49.487
0,49.498
0,49.37
0,49.455
0,49.518
0,49.535
0,49.498
0,49.465
0,49.468
0,49.422
0,49.37
0,49.392
0,49.38
0,49.422
0,49.375
0,49.38
0,49.362
0,49.325
0,49.428
0,49.492
0,49.462
0,49.417
0,49.452
0,49.408
0,49.487
0,49.512
0,49.56
0,49.595
0,49.535
0,49.498
0,49.525
0,49.475
0,49.51
0,49.562
0,49.548
0,49.562
0,49.59
0,49.58
0,49.6
0,49.6
0,49.572
0,49.57
0,49.66
0,49.66
0,49.65
0,49.67
0,49.73
0,49.715
0,49.688
0,49.722
0,49.722
0,49.692
0,49.718
0,49.707
0,49.745
0,49.732
0,49.75
0,49.745
0,49.732
0,49.768
0,49.805
0,49.842
0,49.927
0,49.928
0,49.898
0,49.94
0,49.932
0,49.912
0,49.63
0,49.647
0,49.648
0,49.705
0,49.73
0,49.76
0,49.75
0,49.695
0,49.69
0,49.708
0,49.775
0,49.748
0,49.768
0,49.742
0,49.71
0,49.73
0,49.622
0,49.692
0,49.67
0,49.662
0,49.645
0,49.622
0,49.64
0,49.602
0,49.562
0,49.55
0,49.522
0,49.49
0,49.498
0,49.518
0,49.562
0,49.57
0,49.565
0,49.602
0,49.595
0,49.582
0,49.54
0,49.52
0,49.518
0,49.538
0,49.545
0,49.518
0,49.52
0,49.522
0,49.562
0,49.53
0,49.505
0,49.492
0,49.512
0,49.537
0,49.46
0,49.415
0,48.882
0,48.835
0,48.79
0,48.71
0,48.652
0,48.702
0,48.735
0,48.762
0,48.695
0,48.535
0,48.6
0,48.622
0,48.632
0,48.592
0,48.652
0,48.578
0,48.512
0,48.562
0,48.608
0,48.518
0,48.49
0,48.48
0,48.51
0,48.48
0,48.63
0,48.662
0,48.665
0,48.642
0,48.658
0,48.64
0,48.632
0,48.662
0,48.568
0,48.588
0,48.575
0,48.562
0,48.592
0,48.59
0,48.602
0,48.622
0,48.612
0,48.59
0,48.677
0,48.62
0,48.647
0,48.737
0,48.792
0,48.798
0,48.758
0,48.682
0,48.68
0,48.725
0,48.69
0,48.745
0,48.752
0,48.68
0,48.695
0,48.688
0,48.705
0,48.735
0,48.718
0,48.705
0,48.692
0,48.765
0,48.755
0,48.785
0,48.792
0,48.792
0,48.8
0,48.798
0,48.8
0,48.775
0,48.742
0,48.72
0,48.728
0,48.702
0,48.722
0,48.737
0,48.737
0,48.748
0,48.758
0,48.802
0,48.76
0,48.75
0,48.752
0,48.742
0,48.762
0,48.828
0,48.83
0,48.82
0,48.81
0,48.802
0,48.83
0,48.828
0,48.862
0,48.817
0,48.808
0,48.812
0,48.817
0,48.845
0,48.858
0,48.87
0,48.885
0,48.898
0,48.92
0,48.9
0,48.865
0,48.838
0,48.805
0,48.835
0,48.862
0,48.83
0,48.832
0,48.86
0,48.91
0,48.938
0,48.925
0,48.938
0,48.922
0,48.825
0,48.795
0,48.805
0,48.852
0,48.862
0,48.838
0,48.84
0,48.745
0,48.735
0,48.742
0,48.772
0,48.718
0,48.758
0,48.752
0,48.748
0,48.8
0,48.79
0,48.81
0,48.832
0,48.847
0,48.87
0,48.823
0,48.81
0,48.82
0,48.788
0,48.76
0,48.775
0,48.73
0,48.735
0,48.75
0,48.735
0,48.792
0,48.787
0,48.842
0,48.847
0,48.832
0,48.828
0,48.858
0,48.828
0,48.85
0,48.842
0,48.878
0,48.942
0,48.978
0,49.058
0,49.032
0,49.022
0,49.02
0,49.035
0,49.012
0,48.978
0,48.938
0,48.965
0,48.908
0,48.908
0,48.915
0,48.912
0,48.917
0,48.97
0,49.213
0,49.15
0,49.23
0,49.195
0,49.185
0,49.33
0,49.325
0,49.31
0,49.34
0,49.42
0,49.512
0,49.515
0,49.592
0,49.537
0,49.58
0,49.52
0,49.518
0,49.495
0,49.463
0,49.465
0,49.505
0,49.495
0,49.545
0,49.575
0,49.535
0,49.53
0,49.615
0,49.7
0,49.625
0,49.632
0,49.618
0,49.578
0,49.552
0,49.585
0,49.608
0,49.638
0,49.612
0,49.622
0,49.635
0,49.612
0,49.675
0,49.668
0,49.678
0,49.708
0,49.695
0,49.658
0,49.645
0,49.63
0,49.615
0,49.62
0,49.645
0,49.652
0,49.61
0,49.597
0,49.592
0,49.558
0,49.53
0,49.538
0,49.482
0,49.457
0,49.105
0,49.485
0,49.525
0,49.478
0,49.48
0,49.545
0,49.585
0,49.638
0,49.707
0,49.702
0,49.688
0,49.702
0,49.742
0,49.728
0,49.737
0,49.688
0,49.737
0,49.725
0,49.735
0,49.755
0,49.713
0,49.718
0,49.755
0,49.768
0,49.762
0,49.74
0,49.682
0,49.715
0,49.742
0,49.737
0,49.83
0,49.968
0,49.952
0,50.008
0,50.01
0,49.97
0,50.02
0,50.01
0,50.02
0,50.085
0,50.08
0,50.135
0,50.12
0,50.12
0,50.215
0,50.23
0,50.255
0,50.265
0,50.245
0,50.235
0,50.18
0,50.255
0,50.17
0,50.175
0,50.14
0,50.19
0,50.21
0,50.185
0,50.195
0,50.2
0,50.245
0,50.155
0,50.145
0,50.205
0,50.19
0,50.17
0,50.14
0,50.195
0,50.175
0,50.085
0,50.085
0,50.135
0,50.115
0,50.025
0,50.06
0,50.1
0,50.145
0,50.16
0,50.09
0,50.08
0,50.115
0,50.17
0,50.18
0,50.2
0,50.2
0,50.205
0,50.26
0,50.33
0,50.485
0,50.43
0,50.425
0,50.55
0,50.535
0,50.59
0,50.645
0,50.66
0,50.73
0,50.64
0,50.67
0,50.67
0,50.65
0,50.62
0,50.66
0,50.695
0,50.74
0,50.745
0,50.685
0,50.64
0,50.66
0,50.68
0,50.635
0,50.62
0,50.55
0,50.47
0,50.47
0,50.475
0,50.455
0,50.38
0,50.4
0,50.405
0,50.42
0,50.465
0,50.445
0,50.455
0,50.4
0,50.39
0,50.38
0,50.4
0,50.415
0,50.405
0,50.425
0,50.375
0,50.375
0,50.395
0,50.365
0,50.4
0,50.385
0,50.39
0,50.36
0,50.355
0,50.395
0,50.445
0,50.44
0,50.485
0,50.48
0,50.445
0,50.39
0,50.36
0,50.37
0,50.375
0,50.375
0,50.42
0,50.455
0,50.445
0,50.475
0,50.485
0,50.505
0,50.535
0,50.51
0,50.56
0,50.49
0,50.49
0,50.535
0,50.49
0,50.51
0,50.55
0,50.485
0,50.49
0,50.54
0,50.515
0,50.5
0,50.5
0,50.47
0,50.415
0,50.395
0,50.47
0,50.45
0,50.41
0,50.42
0,50.46
0,50.42
0,50.41
0,50.445
0,50.41
0,50.445
0,50.425
0,50.44
0,50.41
0,50.385
0,50.405
0,50.49
0,50.485
0,50.495
0,50.485
0,50.495
0,50.52
0,50.48
0,50.52
0,50.54
0,50.495
0,50.53
0,50.53
0,50.575
0,50.575
0,50.51
0,50.535
0,50.565
0,50.61
0,50.56
0,50.61
0,50.61
0,50.63
0,50.705
0,50.66
0,50.635
0,50.6
0,50.6
0,50.605
0,50.615
0,50.6
0,50.62
0,50.64
0,50.65
0,50.58
0,50.555
0,50.59
0,50.55
0,50.55
0,50.56
0,50.58
0,50.605
0,50.645
0,50.665
0,50.67
0,50.6
0,50.56
0,50.565
0,50.57
0,50.545
0,50.545
0,50.56
0,50.505
0,50.475
0,50.465
0,50.48
0,50.485
0,50.445
0,50.41
0,50.385
0,50.41
0,50.415
0,50.415
0,50.42
0,50.395
0,50.36
0,50.385
0,50.385
0,50.375
0,50.405
0,50.415
0,50.42
0,50.435
0,50.43
0,50.435
0,50.49
0,49.925
0,49.92
0,49.888
0,49.858
0,49.82
0,49.787
0,49.748
0,49.79
0,49.74
0,49.715
0,49.872
0,49.89
0,49.922
0,49.975
0,49.975
0,50.045
0,50.05
0,50.13
0,50.17
0,50.235
0,50.355
0,50.26
0,50.32
0,50.28
0,50.245
0,50.225
0,50.25
0,50.24
0,50.225
0,50.27
0,50.285
0,50.33
0,50.28
0,50.225
0,50.16
0,50.105
0,50.035
0,50.12
0,50.155
0,50.095
0,50.155
0,50.15
0,50.21
0,50.235
0,50.24
0,50.22
0,50.22
0,50.205
0,50.21
0,50.25
0,50.325
0,50.32
0,50.36
0,50.35
0,50.415
0,50.395
0,50.36
0,50.4
0,50.41
0,50.48
0,50.44
0,50.415
0,50.41
0,50.38
0,50.37
0,50.33
0,50.26
0,50.165
0,50.19
0,50.135
0,50.155
0,50.115
0,50.065
0,50.045
0,50.085
0,50.065
0,50.115
0,50.135
0,50.11
0,50.12
0,50.12
0,50.075
0,50.075
0,50.04
0,50.065
0,50.04
0,50.075
0,50.095
0,50.095
0,50.1
0,50.105
0,50.1
0,50.145
0,50.18
0,50.205
0,50.17
0,50.13
0,50.09
0,50.09
0,50.1
0,50.065
0,50.04
0,50.05
0,50.04
0,50.03
0,50.05
0,50.035
0,50.04
0,50
0,49.965
0,49.958
0,49.97
0,49.928
0,49.902
0,49.922
0,49.95
0,49.957
0,49.99
0,50.002
0,50.01
0,49.99
0,49.952
0,49.922
0,49.942
0,49.97
0,49.932
0,49.912
0,49.895
0,49.925
0,49.948
0,49.972
0,49.95
0,49.925
0,49.922
0,49.87
0,49.865
0,49.892
0,49.922
0,49.917
0,49.91
0,49.908
0,49.932
0,50.005
0,49.99
0,49.995
0,49.965
0,49.942
0,49.942
0,49.92
0,49.952
0,49.972
0,49.965
0,49.968
0,49.963
0,49.948
0,49.925
0,49.962
0,49.92
0,49.938
0,49.925
0,49.958
0,49.952
0,49.957
0,49.985
0,50.045
0,50.075
0,50.03
0,50.01
0,50.002
0,50.01
0,49.972
0,50.002
0,50.002
0,50.06
0,50.002
0,49.995
0,50
0,50.01
0,49.99
0,49.978
0,49.952
0,49.945
0,49.925
0,49.948
0,49.948
0,49.972
0,49.96
0,49.96
0,49.957
0,49.948
0,49.952
0,49.952
0,49.92
0,49.915
0,49.872
0,49.875
0,49.758
0,49.765
0,49.732
0,49.708
0,49.75
0,49.758
0,49.745
0,49.748
0,49.745
0,49.755
0,49.78
0,49.778
0,49.65
0,49.742
0,49.772
0,49.808
0,49.798
0,49.802
0,49.8
0,49.78
0,49.77
0,49.788
0,49.758
0,49.737
0,49.77
0,49.772
0,49.792
0,49.822
0,49.88
0,49.868
0,49.872
0,49.872
0,49.862
0,49.868
0,49.858
0,49.862
0,49.84
0,49.898
0,49.885
0,49.932
0,49.9
0,49.93
0,49.948
0,49.938
0,49.958
0,49.968
0,49.955
0,49.955
0,49.957
0,49.97
0,49.97
0,49.98
0,50.015
0,50.03
0,50.002
0,49.978
0,49.97
0,49.948
0,49.93
0,49.902
0,49.915
0,49.948
0,49.952
0,49.93
0,49.938
0,49.908
0,49.925
0,49.945
0,49.938
0,49.89
0,49.86
0,49.88
0,49.928
0,49.948
0,49.963
0,49.955
0,49.975
0,49.972
0,49.968
0,49.972
0,49.972
0,49.965
0,49.952
0,49.958
0,49.938
0,49.972
0,49.987
0,50.02
0,50.015
0,50.04
0,50.06
0,50.02
0,50.03
0,50.055
0,50.04
0,50.045
0,50.02
0,50.02
0,50.06
0,50.02
0,50.025
0,50.015
0,50.025
0,50.02
0,50.03
0,50.025
0,50.02
0,50.03
0,50.05
0,50.045
0,50.02
0,50.02
0,50.05
0,50.05
0,50.065
0,50.075
0,50.05
0,50.035
0,50.01
0,50
0,50.002
0,50.005
0,50.005
0,50.01
0,50.025
0,50.02
0,50.015
0,50.01
0,50.002
0,50.005
0,50.01
0,50.01
0,50.01
0,50.005
0,49.998
0,49.968
0,49.942
0,49.92
0,49.918
0,49.922
0,49.938
0,49.938
0,49.915
0,49.922
0,49.895
0,49.932
0,49.928
0,49.927
0,49.935
0,49.942
0,49.978
0,49.965
0,49.955
0,49.978
0,49.932
0,49.938
0,49.935
0,49.93
0,49.93
0,49.932
0,49.95
0,49.938
0,49.908
0,49.912
0,49.968
0,49.95
0,49.957
0,49.972
0,49.952
0,49.932
0,49.922
0,49.912
0,49.922
0,49.922
0,49.932
0,49.932
0,49.93
0,49.955
0,49.965
0,49.965
0,49.957
0,49.982
0,49.982
0,49.992
0,50.01
0,50.002
0,50.01
0,49.98
0,49.99
0,50.008
0,50.03
0,50.015
0,50.055
0,50.04
0,50.08
0,50.125
0,50.135
0,50.125
0,50.135
0,50.135
0,50.175
0,50.16
0,50.165
0,50.155
0,50.145
0,50.14
0,50.16
0,50.16
0,50.18
0,50.285
0,50.285
0,50.275
0,50.27
0,50.24
0,50.225
0,50.24
0,50.24
0,50.24
0,50.245
0,50.255
0,50.295
0,50.325
0,50.37
0,50.335
0,50.355
0,50.33
0,50.32
0,50.305
0,50.275
0,50.285
0,50.31
0,50.355
0,50.385
0,50.4
0,50.35
0,50.41
0,50.39
0,50.37
0,50.34
0,50.32
0,50.315
0,50.32
0,50.325
0,50.325
0,50.335
0,50.38
0,50.355
0,50.365
0,50.405
0,50.4
0,50.39
0,50.39
0,50.385
0,50.375
0,50.38
0,50.37
0,50.365
0,50.365
0,50.355
0,50.36
0,50.365
0,50.415
0,50.455
0,50.495
0,50.48
0,50.485
0,50.52
0,50.485
0,50.465
0,50.5
0,50.515
0,50.445
0,50.455
0,50.5
0,50.5
0,50.485
0,50.455
0,50.48
0,50.495
0,50.48
0,50.44
0,50.455
0,50.455
0,50.46
0,50.46
0,50.465
0,50.475
0,50.48
0,50.44
0,50.485
0,50.445
0,50.41
0,50.465
0,50.465
0,50.525
0,50.545
0,50.54
0,50.53
0,50.555
0,50.565
0,50.535
0,50.54
0,50.52
0,50.5
0,50.5
0,50.48
0,50.47
0,50.73
0,50.78
0,50.69
0,50.665
0,50.675
0,50.69
0,50.77
0,50.805
0,50.72
0,50.685
0,50.665
0,50.705
0,50.805
0,50.87
0,50.825
0,50.795
0,50.9
0,50.99
0,51.065
0,51.115
0,51.07
0,51.105
0,51.05
0,51.015
0,50.96
0,50.835
0,50.875
0,50.955
0,51.085
0,51.06
0,51.08
0,51.12
0,51.095
0,51.145
0,51.09
0,51.045
0,51.025
0,50.935
0,50.98
0,50.94
0,50.965
0,50.93
0,50.935
0,50.93
0,50.89
0,50.975
0,50.96
0,50.98
0,50.945
0,50.88
0,50.945
0,51.005
0,50.965
0,51
0,50.97
0,50.925
0,50.91
0,50.99
0,50.99
0,51.07
0,51.14
0,51.145
0,51.135
0,51.2
0,51.185
0,51.19
0,51.16
0,51.115
0,51.135
0,51.155
0,51.155
0,51.14
0,51.14
0,51.15
0,51.165
0,51.085
0,51.075
0,51.075
0,51.04
0,50.985
0,51.045
0,51.015
0,50.965
0,50.975
0,51.025
0,51.05
0,51.02
0,51
0,50.705
0,50.79
0,50.895
0,50.85
0,50.765
0,50.815
0,50.695
0,50.825
0,50.775
0,50.795
0,50.805
0,50.775
0,50.81
0,50.785
0,50.805
0,50.705
0,50.785
0,50.815
0,50.865
0,50.8
0,50.81
0,50.815
0,50.865
0,50.845
0,50.845
0,50.8
0,50.8
0,50.745
0,50.735
0,50.75
0,50.75
0,50.76
0,50.775
0,50.725
0,50.77
0,50.76
0,50.76
0,50.75
0,50.79
0,50.825
0,50.835
0,50.81
0,50.885
0,50.89
0,50.925
0,50.915
0,50.93
0,50.98
0,50.94
0,50.91
0,50.915
0,50.915
0,50.865
0,50.83
0,50.785
0,50.795
0,50.78
0,50.71
0,50.685
0,50.695
0,50.735
0,50.76
0,50.755
0,50.73
0,50.76
0,50.755
0,50.765
0,50.765
0,50.79
0,50.8
0,50.775
0,50.775
0,50.775
0,50.76
0,50.715
0,50.705
0,50.735
0,50.74
0,50.73
0,50.745
0,50.76
0,50.735
0,50.695
0,50.685
0,50.74
0,50.695
0,50.735
0,50.72
0,50.69
0,50.725
0,50.705
0,50.71
0,50.715
0,50.705
0,50.715
0,50.715
0,50.725
0,50.72
0,50.7
0,50.685
0,50.715
0,50.735
0,50.665
0,50.64
0,50.685
0,50.695
0,50.715
0,50.71
0,50.73
0,50.74
0,50.77
0,50.755
0,50.735
0,50.71
0,50.66
0,50.65
0,50.655
0,50.68
0,50.68
0,50.665
0,50.685
0,50.685
0,50.68
0,50.685
0,50.665
0,50.66
0,50.685
0,50.645
0,50.66
0,50.685
0,50.685
0,50.675
0,50.67
0,50.665
0,50.67
0,50.665
0,50.675
0,50.69
0,50.695
0,50.675
0,50.675
0,50.68
0,50.685
0,50.69
0,50.685
0,50.72
0,50.715
0,50.68
0,50.675
0,50.79
0,50.77
0,50.755
0,50.765
0,50.69
0,50.74
0,50.755
0,50.75
0,50.775
0,50.765
0,50.765
0,50.78
0,50.79
0,50.75
0,50.775
0,50.765
0,50.77
0,50.755
0,50.75
0,50.775
0,50.775
0,50.81
0,50.8
0,50.9
0,50.93
0,51.015
0,51.025
0,51.01
0,51.01
0,51.005
0,51.005
0,51.01
0,51.03
0,51.055
0,51.05
0,51.08
0,51.105
0,51.11
0,51.13
0,51.125
0,51.055
0,51.06
0,51.04
0,51.08
0,51.075
0,51.08
0,51.065
0,51.05
0,51.045
0,51.05
0,51.065
0,51.06
0,51.085
0,51.095
0,51.055
0,51.06
0,51.07
0,51.055
0,51.035
0,51.01
0,50.985
0,50.935
0,50.975
0,50.99
0,50.975
0,50.985
0,50.965
0,50.945
0,50.955
0,50.965
0,50.955
0,50.98
0,50.96
0,50.985
0,50.99
0,50.98
0,50.985
0,51.01
0,51
0,51.01
0,51.025
0,51.015
0,51.02
0,51.025
0,51.04
0,51.045
0,51.055
0,51.075
0,51.115
0,51.15
0,51.14
0,51.115
0,51.12
0,51.1
0,51.105
0,51.095
0,51.075
0,51.07
0,51.12
0,51.16
0,51.185
0,51.2
0,51.215
0,51.28
0,51.275
0,51.28
0,51.285
0,51.335
0,51.33
0,51.435
0,51.425
0,51.435
0,51.455
0,51.46
0,51.455
0,51.465
0,51.47
0,51.46
0,51.61
0,51.61
0,51.52
0,51.53
0,51.5
0,51.495
0,51.495
0,51.445
0,51.41
0,51.385
0,51.33
0,51.32
0,51.33
0,51.305
0,51.235
0,51.26
0,51.215
0,51.17
0,51.22
0,51.3
0,51.32
0,51.315
0,51.305
0,51.32
0,51.365
0,51.36
0,51.38
0,51.345
0,51.345
0,51.36
0,51.395
0,51.37
0,51.395
0,51.345
0,51.325
0,51.36
0,51.355
0,51.34
0,51.275
0,51.275
0,51.29
0,51.295
0,51.28
0,51.295
0,51.395
0,51.335
0,51.345
0,51.325
0,51.32
0,51.365
0,51.37
0,51.385
0,51.4
0,51.425
0,51.425
0,51.425
0,51.475
0,51.485
0,51.53
0,51.53
0,51.59
0,51.615
0,51.6
0,51.63
0,51.595
0,51.54
0,51.515
0,51.56
0,51.555
0,51.57
0,51.58
0,51.555
0,51.52
0,51.575
0,51.605
0,51.62
0,51.665
0,51.715
0,51.71
0,51.735
0,51.71
0,51.7
0,51.755
0,51.815
0,51.87
0,51.945
0,51.975
0,52
0,52.075
0,52.085
0,52.07
0,52.04
0,52.035
0,52.025
0,52.035
0,52.055
0,52.025
0,52
0,52.125
0,52.26
0,52.225
0,52.205
0,52.15
0,52.24
0,52.19
0,52.155
0,52.07
0,52.025
0,52.025
0,52
0,52.02
0,51.95
0,51.94
0,51.92
0,51.895
0,51.89
0,51.85
0,51.83
0,51.84
0,51.775
0,51.745
0,51.725
0,51.705
0,51.7
0,51.75
0,51.745
0,51.68
0,51.73
0,51.725
0,51.7
0,51.715
0,51.735
0,51.72
0,51.71
0,51.72
0,51.685
0,51.72
0,51.705
0,51.695
0,51.705
0,51.68
0,51.63
0,51.635
0,51.625
0,51.625
0,51.63
0,51.625
0,51.685
0,52.06
0,52.065
0,52.065
0,51.94
0,51.885
0,51.875
0,51.99
0,51.99
0,51.945
0,52
0,52.05
0,52.07
0,52.02
0,51.94
0,51.9
0,51.845
0,51.93
0,52.035
0,52.055
0,52.175
0,52.175
0,52.16
0,52.12
0,52.095
0,52.18
0,52.16
0,52.105
0,52.13
0,52.195
0,52.205
0,52.225
0,52.215
0,52.21
0,52.12
0,52.115
0,52.11
0,52.105
0,52.04
0,52.015
0,52.01
0,52.035
0,51.93
0,52.005
0,51.995
0,52.045
0,51.985
0,52.065
0,52.085
0,52.105
0,52.12
0,52.1
0,52.11
0,52.125
0,52.115
0,52.18
0,52.115
0,52.155
0,52.185
0,52.19
0,52.215
0,52.22
0,52.23
0,52.235
0,52.17
0,52.175
0,52.155
0,52.205
0,52.14
0,52.08
0,52.09
0,52.08
0,52.065
0,52.055
0,52.075
0,52.095
0,52.115
0,52.12
0,52.095
0,52.08
0,52.01
0,52.01
0,52.055
0,52.075
0,52.02
0,52.015
0,52.07
0,52.105
0,52.12
0,52.145
0,52.13
0,52.085
0,52.05
0,52.125
0,52.15
0,52.19
0,52.18
0,52.15
0,52.135
0,52.145
0,52.155
0,52.145
0,52.135
0,52.125
0,52.135
0,52.155
0,52.15
0,52.205
0,52.22
0,52.2
0,52.18
0,52.185
0,52.185
0,52.17
0,52.13
0,52.17
0,52.16
0,52.16
0,52.165
0,52.145
0,52.165
0,52.155
0,52.165
0,52.13
0,52.16
0,52.14
0,52.14
0,52.14
0,52.05
0,52.03
0,52.04
0,52.09
0,52.07
0,51.995
0,51.985
0,51.975
0,51.945
0,51.945
0,51.95
0,51.95
0,51.96
0,51.975
0,51.99
0,51.98
0,52.01
0,51.975
0,51.965
0,51.95
0,51.955
0,51.94
0,51.965
0,51.98
0,51.99
0,51.97
0,51.96
0,51.955
0,51.95
0,51.965
0,51.925
0,51.895
0,51.93
0,51.97
0,51.98
0,51.955
0,51.95
0,51.945
0,51.95
0,51.975
0,51.965
0,51.995
0,51.95
0,51.945
0,51.96
0,51.98
0,51.985
0,52.02
0,52.005
0,52.03
0,52.07
0,52.015
0,52.02
0,52.015
0,51.995
0,52.025
0,52.035
0,52.015
0,52.005
0,52.015
0,51.995
0,51.995
0,52.005
0,52.02
0,52.055
0,52.065
0,52.07
0,52.065
0,52.095
0,52.085
0,52.06
0,52.085
0,52.08
0,52.08
0,52.125
0,52.13
0,52.12
0,52.14
0,52.13
0,52.095
0,52.125
0,52.145
0,52.125
0,52.115
0,52.105
0,52.105
0,52.1
0,52.135
0,52.14
0,52.14
0,52.145
0,52.13
0,52.115
0,52.155
0,52.15
0,52.165
0,52.145
0,52.155
0,52.15
0,52.14
0,52.14
0,52.15
0,52.12
0,52.075
0,52.075
0,52.11
0,52.11
0,52.13
0,52.15
0,52.1
0,52.135
0,52.12
0,52.11
0,52.135
0,52.175
0,52.165
0,52.17
0,52.145
0,52.135
0,52.11
0,52.065
0,52.02
0,52.01
0,52.025
0,52.025
0,52.05
0,52.065
0,52.05
0,52.03
0,52.025
0,52.025
0,52.02
0,52.04
0,52.02
0,52.03
0,52.06
0,52.045
0,52.015
0,51.99
0,51.935
0,51.98
0,51.97
0,51.99
0,51.985
0,52.01
0,51.985
0,51.99
0,52.005
0,51.965
0,52.085
0,52.085
0,52.03
0,52.095
0,52.08
0,52.065
0,52.085
0,52.11
0,52.11
0,52.085
0,52.085
0,52.105
0,52.11
0,52.11
0,52.125
0,52.125
0,52.13
0,52.115
0,52.1
0,52.03
0,52.05
0,51.99
0,52
0,51.99
0,51.965
0,51.965
0,52.02
0,52.06
0,52.06
0,52.065
0,52.005
0,51.97
0,52.01
0,52.005
0,52.03
0,52.015
0,51.975
0,51.98
0,52.005
0,51.985
0,51.955
0,51.985
0,51.985
0,51.97
0,51.975
0,51.935
0,51.935
0,51.95
0,51.84
0,51.83
0,51.8
0,51.78
0,51.82
0,51.825
0,51.87
0,51.9
0,51.915
0,51.93
0,51.99
0,51.985
0,51.97
0,52.015
0,52.025
0,52.07
0,52.075
0,52.06
0,52.055
0,52.05
0,52.07
0,52.085
0,52.095
0,52.085
0,52.115
0,52.125
0,52.13
0,52.115
0,52.08
0,52.095
0,52.085
0,52.09
0,52.09
0,52.015
0,51.985
0,51.925
0,51.94
0,51.9
0,51.865
0,51.84
0,51.85
0,51.8
0,51.85
0,51.84
0,51.815
0,51.845
0,51.93
0,51.955
0,51.975
0,52
0,52.01
0,52.02
0,52.03
0,52.015
0,52.01
0,52.01
0,51.98
0,51.98
0,52.02
0,51.99
0,52.055
0,52.085
0,52.08
0,52.075
0,52.04
0,52.025
0,52.065
0,52.125
0,52.135
0,52.11
0,52.135
0,52.12
0,52.07
0,52.115
0,52.1
0,52.14
0,52.13
0,52.07
0,52.03
0,52.085
0,52.085
0,52.07
0,52.035
0,52
0,52.02
0,52.035
0,52.06
0,52.065
0,52.02
0,52.015
0,52.01
0,52.015
0,51.985
0,51.995
0,52.03
0,52.03
0,52.03
0,51.99
0,51.985
0,51.99
0,52
0,51.975
0,51.93
0,51.885
0,51.9
0,51.905
0,51.935
0,51.945
0,51.935
0,51.935
0,51.895
0,51.9
0,51.915
0,51.885
0,51.855
0,51.805
0,51.8
0,51.815
0,51.815
0,51.77
0,51.84
0,51.825
0,51.835
0,51.875
0,51.85
0,51.855
0,51.865
0,51.875
0,51.89
0,51.88
0,51.865
0,51.9
0,51.92
0,51.895
0,51.92
0,51.925
0,51.91
0,51.88
0,51.85
0,51.845
0,51.835
0,51.87
0,51.845
0,51.855
0,51.855
0,51.82
0,51.81
0,51.79
0,51.815
0,51.83
0,51.84
0,51.84
0,51.83
0,51.85
0,51.9
0,51.905
0,51.89
0,51.895
0,51.89
0,51.9
0,51.925
0,51.93
0,51.945
0,51.985
0,51.98
0,52.01
0,51.995
0,52.01
0,51.995
0,52.015
0,51.985
0,52.005
0,52.03
0,52.04
0,52.04
0,52.025
0,52.04
0,52.06
0,52.07
0,52.18
0,52.06
0,52.095
0,52.205
0,52.275
0,52.19
0,52.28
0,52.245
0,52.26
0,52.245
0,52.285
0,52.26
0,52.195
0,52.285
0,52.245
0,52.26
0,52.265
0,52.255
0,52.255
0,52.22
0,52.23
0,52.23
0,52.185
0,52.145
0,52.135
0,52.09
0,52.06
0,52.11
0,52.055
0,52.06
0,52.065
0,52.09
0,52.16
0,52.255
0,52.25
0,52.305
0,52.32
0,52.29
0,52.28
0,52.23
0,52.245
0,52.235
0,52.23
0,52.28
0,52.305
0,52.325
0,52.36
0,52.355
0,52.365
0,52.365
0,52.36
0,52.355
0,52.33
0,52.37
0,52.395
0,52.355
0,52.375
0,52.41
0,52.365
0,52.32
0,52.285
0,52.305
0,52.31
0,52.305
0,52.33
0,52.335
0,52.345
0,52.345
0,52.375
0,52.34
0,52.335
0,52.385
0,52.37
0,52.41
0,52.43
0,52.425
0,52.435
0,52.42
0,52.4
0,52.385
0,52.38
0,52.325
0,52.335
0,52.345
0,52.34
0,52.265
0,52.26
0,52.265
0,52.245
0,52.235
0,52.205
0,52.215
0,52.25
0,52.335
0,52.34
0,52.34
0,52.37
0,52.33
0,52.37
0,52.34
0,52.305
0,52.33
0,52.3
0,52.255
0,52.29
0,52.29
0,52.31
0,52.325
0,52.38
0,52.36
0,52.35
0,52.355
0,52.36
0,52.365
0,52.37
0,52.365
0,52.325
0,52.3
0,52.27
0,52.315
0,52.32
0,52.34
0,52.365
0,52.34
0,52.34
0,52.355
0,52.355
0,52.38
0,52.36
0,52.365
0,52.39
0,52.385
0,52.39
0,52.365
0,52.36
0,52.405
0,52.385
0,52.42
0,52.405
0,52.405
0,52.39
0,52.385
0,52.39
0,52.395
0,52.415
0,52.39
0,52.4
0,52.425
0,52.43
0,52.425
0,52.42
0,52.38
0,52.385
0,52.375
0,52.385
0,52.365
0,52.405
0,52.41
0,52.405
0,52.4
0,52.39
0,52.395
0,52.41
0,52.41
0,52.41
0,52.4
0,52.4
0,52.4
0,52.425
0,52.445
0,52.48
0,52.51
0,52.525
0,52.5
0,52.49
0,52.475
0,52.485
0,52.465
0,52.435
0,52.45
0,52.495
0,52.515
0,52.485
0,52.475
0,52.45
0,52.46
0,52.435
0,52.435
0,52.44
0,52.44
0,52.43
0,52.45
0,52.445
0,52.465
0,52.49
0,52.49
0,52.49
0,52.47
0,52.465
0,52.47
0,52.515
0,52.49
0,52.485
0,52.505
0,52.5
0,52.49
0,52.46
0,52.45
0,52.445
0,52.425
0,52.41
0,52.405
0,52.395
0,52.425
0,52.39
0,52.395
0,52.42
0,52.43
0,52.425
0,52.455
0,52.465
0,52.475
0,52.47
0,52.405
0,52.455
0,52.455
0,52.46
0,52.43
0,52.385
0,52.39
0,52.4
0,52.405
0,52.4
0,52.39
0,52.4
0,52.39
0,52.39
0,52.395
0,52.425
0,52.42
0,52.395
0,52.395
0,52.41
0,52.435
0,52.43
0,52.455
0,52.45
0,52.45
0,52.435
0,52.425
0,52.42
0,52.415
0,52.42
0,52.43
0,52.435
0,52.43
0,52.45
0,52.425
0,52.425
0,52.435
0,52.43
0,52.425
0,52.41
0,52.415
0,52.385
0,52.39
0,52.375
0,52.415
0,52.425
0,52.415
0,52.395
0,52.385
0,52.395
0,52.38
0,52.4
0,52.37
0,52.32
0,52.305
0,52.31
0,52.325
0,52.325
0,52.3
0,52.295
0,52.29
0,52.285
0,52.285
0,52.27
0,52.275
0,52.3
0,52.305
0,52.27
0,52.27
0,52.25
0,52.24
0,52.215
0,52.23
0,52.22
0,52.225
0,52.24
0,52.26
0,52.275
0,52.28
0,52.285
0,52.285
0,52.26
0,52.27
0,52.29
0,52.29
0,52.3
0,52.29
0,52.285
0,52.305
0,52.29
0,52.285
0,52.3
0,52.28
0,52.275
0,52.25
0,52.23
0,52.25
0,52.245
0,52.26
0,52.255
0,52.255
0,52.27
0,52.275
0,52.265
0,52.27
0,52.27
0,52.25
0,52.24
0,52.245
0,52.255
0,52.27
0,52.26
0,52.275
0,52.265
0,52.26
0,52.23
0,52.195
0,52.215
0,52.205
0,52.195
0,52.185
0,52.165
0,52.14
0,52.12
0,52.09
0,52.115
0,52.145
0,52.14
0,52.15
0,52.14
0,52.13
0,52.15
0,52.145
0,52.13
0,52.145
0,52.155
0,52.19
0,52.175
0,52.185
0,52.19
0,52.14
0,52.15
0,52.145
0,52.14
0,52.155
0,52.165
0,52.17
0,52.17
0,52.14
0,52.15
0,52.17
0,52.195
0,52.195
0,52.195
0,52.195
0,52.18
0,52.2
0,52.2
0,52.215
0,52.225
0,52.23
0,52.23
0,52.25
0,52.245
0,52.29
0,52.15
0,52.205
0,52.195
0,52.225
0,52.235
0,52.235
0,52.255
0,52.225
0,52.24
0,52.26
0,52.26
0,52.295
0,52.27
0,52.33
0,52.32
0,52.315
0,52.29
0,52.34
0,52.32
0,52.33
0,52.34
0,52.37
0,52.34
0,52.33
0,52.33
0,52.32
0,52.32
0,52.33
0,52.345
0,52.32
0,52.305
0,52.31
0,52.31
0,52.285
0,52.325
0,52.345
0,52.325
0,52.31
0,52.305
0,52.295
0,52.115
0,52.29
0,52.29
0,52.345
0,52.405
0,52.53
0,52.515
0,52.52
0,52.555
0,52.57
0,52.535
0,52.49
0,52.54
0,52.555
0,52.535
0,52.515
0,52.41
0,52.335
0,52.435
0,52.415
0,52.385
0,52.385
0,52.305
0,52.295
0,52.275
0,52.285
0,52.255
0,52.23
0,52.165
0,52.12
0,52.14
0,52.165
0,52.145
0,52.18
0,52.22
0,52.235
0,52.29
0,52.23
0,52.205
0,52.145
0,52.115
0,52.12
0,52.165
0,52.12
0,52.17
0,52.17
0,52.175
0,52.165
0,52.15
0,52.17
0,52.15
0,52.16
0,52.16
0,52.19
0,52.165
0,52.225
0,52.25
0,52.26
0,52.27
0,52.26
0,52.27
0,52.265
0,52.275
0,52.27
0,52.255
0,52.27
0,52.275
0,52.28
0,52.3
0,52.26
0,52.265
0,52.265
0,52.26
0,52.27
0,52.27
0,52.315
0,52.355
0,52.365
0,52.685
0,52.67
0,52.625
0,52.665
0,52.655
0,52.675
0,52.755
0,52.8
0,52.745
0,52.8
0,52.8
0,52.85
0,52.905
0,52.925
0,53.025
0,52.885
0,52.92
0,52.875
0,52.955
0,52.935
0,52.9
0,52.84
0,52.845
0,52.77
0,52.73
0,52.74
0,52.775
0,52.71
0,52.775
0,52.785
0,52.78
0,52.82
0,52.8
0,52.845
0,52.88
0,52.835
0,52.88
0,52.885
0,52.835
0,52.92
0,52.9
0,52.895
0,52.92
0,52.965
0,52.95
0,52.98
0,52.955
0,52.935
0,53.02
0,52.975
0,53
0,52.96
0,52.98
0,52.99
0,52.975
0,52.96
0,52.885
0,52.875
0,52.955
0,52.955
0,52.88
0,52.855
0,52.845
0,52.85
0,52.835
0,52.815
0,52.815
0,52.84
0,52.85
0,52.895
0,52.94
0,52.93
0,52.875
0,52.88
0,52.915
0,52.93
0,52.905
0,52.885
0,52.925
0,52.97
0,52.985
0,53.015
0,52.985
0,52.98
0,52.995
0,53.01
0,53.01
0,53.045
0,53.05
0,53.055
0,53.055
0,53.055
0,53.15
0,53.07
0,53.065
0,53.04
0,53.02
0,52.97
0,52.97
0,53.045
0,52.985
0,52.97
0,52.995
0,52.985
0,53.005
0,53.03
0,52.98
0,52.97
0,52.935
0,52.97
0,52.985
0,53.01
0,52.96
0,52.975
0,53.025
0,53.025
0,53.02
0,52.98
0,53.02
0,53.045
0,53.035
0,53.045
0,53.08
0,53.01
0,53.045
0,53.025
0,53.035
0,52.985
0,53
0,52.985
0,53.01
0,53.025
0,53.04
0,53.045
0,53.05
0,53.06
0,53.065
0,53.065
0,53.055
0,53.125
0,53.155
0,53.125
0,53.15
0,53.135
0,53.115
0,53.1
0,53.105
0,53.055
0,53.095
0,53.125
0,53.13
0,53.15
0,53.16
0,53.165
0,53.185
0,53.19
0,53.175
0,53.19
0,53.2
0,53.195
0,53.18
0,53.2
0,53.19
0,53.25
0,53.225
0,53.25
0,53.255
0,53.225
0,53.225
0,53.22
0,53.2
0,53.185
0,53.185
0,53.175
0,53.195
0,53.245
0,53.275
0,53.295
0,53.29
0,53.295
0,53.315
0,53.33
0,53.31
0,53.3
0,53.305
0,53.31
0,53.29
0,53.38
0,53.35
0,53.36
0,53.36
0,53.35
0,53.335
0,53.33
0,53.325
0,53.31
0,53.34
0,53.355
0,53.36
0,53.375
0,53.37
0,53.375
0,53.37
0,53.39
0,53.435
0,53.45
0,53.46
0,53.46
0,53.39
0,53.395
0,53.445
0,53.44
0,53.435
0,53.435
0,53.405
0,53.4
0,53.41
0,53.38
0,53.34
0,53.345
0,53.35
0,53.285
0,53.33
0,53.31
0,53.3
0,53.34
0,53.355
0,53.38
0,53.355
0,53.345
0,53.35
0,53.345
0,53.345
0,53.335
0,53.345
0,53.335
0,53.37
0,53.345
0,53.335
0,53.365
0,53.385
0,53.39
0,53.38
0,53.4
0,53.425
0,53.46
0,53.43
0,53.425
0,53.445
0,53.45
0,53.445
0,53.43
0,53.405
0,53.445
0,53.435
0,53.42
0,53.425
0,53.455
0,53.455
0,53.44
0,53.43
0,53.385
0,53.4
0,53.395
0,53.385
0,53.39
0,53.39
0,53.385
0,53.4
0,53.4
0,53.4
0,53.395
0,53.355
0,53.35
0,53.325
0,53.315
0,53.215
0,53.175
0,53.18
0,53.19
0,53.185
0,53.175
0,53.185
0,53.14
0,53.135
0,53.08
0,53.12
0,53.12
0,53.145
0,53.18
0,53.175
0,53.18
0,53.225
0,53.245
0,53.33
0,53.36
0,53.335
0,53.33
0,53.315
0,53.3
0,53.3
0,53.295
0,53.3
0,53.31
0,53.38
0,53.38
0,53.41
0,53.395
0,53.39
0,53.38
0,53.365
0,53.415
0,53.415
0,53.44
0,53.455
0,53.48
0,53.495
0,53.525
0,53.495
0,53.505
0,53.5
0,53.5
0,53.505
0,53.5
0,53.505
0,53.5
0,53.5
0,53.525
0,53.49
0,53.515
0,53.485
0,53.485
0,53.48
0,53.465
0,53.435
0,53.47
0,53.46
0,53.445
0,53.42
0,53.45
0,53.495
0,53.47
0,53.455
0,53.485
0,53.525
0,53.53
0,53.525
0,53.515
0,53.535
0,53.565
0,53.57
0,53.555
0,53.555
0,53.565
0,53.57
0,53.565
0,53.515
0,53.545
0,53.545
0,53.565
0,53.55
0,53.57
0,53.55
0,53.535
0,53.545
0,53.575
0,53.565
0,53.555
0,53.57
0,53.565
0,53.66
0,53.62
0,53.66
0,53.65
0,53.635
0,53.67
0,53.625
0,53.68
0,53.695
0,53.65
0,53.635
0,53.63
0,53.635
0,53.655
0,53.65
0,53.655
0,53.65
0,53.66
0,53.63
0,53.63
0,53.625
0,53.615
0,53.59
0,53.6
0,53.56
0,53.515
0,53.48
0,53.435
0,53.405
0,53.43
0,53.42
0,53.395
0,53.425
0,53.435
0,53.47
0,53.465
0,53.47
0,53.49
0,53.46
0,53.455
0,53.47
0,53.515
0,53.515
0,53.515
0,53.48
0,53.465
0,53.51
0,53.495
0,53.535
0,53.52
0,53.5
0,53.485
0,53.45
0,53.445
0,53.41
0,53.435
0,53.425
0,53.38
0,53.33
0,53.315
0,53.33
0,53.33
0,53.31
0,53.27
0,53.32
0,53.325
0,53.33
0,53.37
0,53.38
0,53.335
0,53.33
0,53.335
0,53.335
0,53.36
0,53.38
0,53.365
0,53.41
0,53.4
0,53.39
0,53.405
0,53.425
0,53.4
0,53.36
0,53.36
0,53.385
0,53.365
0,53.355
0,53.33
0,53.315
0,53.31
0,53.305
0,53.285
0,53.285
0,53.315
0,53.32
0,53.32
0,53.32
0,53.31
0,53.31
0,53.345
0,53.38
0,53.36
0,53.365
0,53.375
0,53.395
0,53.4
0,53.38
0,53.39
0,53.385
0,53.38
0,53.41
0,53.395
0,52.89
0,52.66
0,52.625
0,52.58
0,52.615
0,52.69
0,52.73
0,52.715
0,52.74
0,52.76
0,52.735
0,52.83
0,52.82
0,52.875
0,52.85
0,52.88
0,52.97
0,53.01
0,53.08
0,53.075
0,53.065
0,53.055
0,53.04
0,52.99
0,52.99
0,53
0,53.035
0,52.98
0,52.95
0,52.89
0,52.93
0,52.935
0,52.9
0,52.825
0,52.915
0,52.855
0,52.86
0,52.935
0,52.885
0,52.84
0,52.81
0,52.79
0,52.77
0,52.785
0,52.77
0,52.78
0,52.9
0,52.9
0,52.86
0,52.85
0,52.8
0,52.83
0,52.845
0,52.795
0,52.795
0,52.855
0,52.87
0,52.895
0,52.85
0,52.915
0,52.88
0,52.92
0,52.85
0,52.9
0,52.91
0,52.915
0,52.875
0,52.865
0,52.86
0,52.855
0,52.765
0,52.755
0,52.745
0,52.735
0,52.755
0,52.69
0,52.635
0,52.655
0,52.645
0,52.61
0,52.575
0,52.615
0,52.555
0,52.56
0,52.53
0,52.445
0,52.5
0,52.535
0,52.51
0,52.485
0,52.405
0,52.445
0,52.47
0,52.48
0,52.505
0,52.55
0,52.48
0,52.505
0,52.555
0,52.57
0,52.54
0,52.59
0,52.63
0,52.6
0,52.61
0,52.62
0,52.605
0,52.605
0,52.695
0,52.71
0,52.74
0,52.74
0,52.67
0,52.71
0,52.685
0,52.695
0,52.76
0,52.76
0,52.73
0,52.695
0,52.685
0,52.715
0,52.725
0,52.7
0,52.7
0,52.7
0,52.76
0,52.795
0,52.77
0,52.755
0,52.735
0,52.74
0,52.73
0,52.75
0,52.71
0,52.685
0,52.705
0,52.695
0,52.69
0,52.685
0,52.7
0,52.685
0,52.685
0,52.72
0,52.715
0,52.725
0,52.73
0,52.725
0,52.725
0,52.715
0,52.705
0,52.705
0,52.755
0,52.74
0,52.755
0,52.765
0,52.79
0,52.845
0,52.85
0,52.86
0,52.855
0,52.895
0,52.905
0,52.875
0,52.85
0,52.85
0,52.88
0,52.875
0,52.89
0,52.915
0,52.945
0,52.98
0,52.94
0,52.84
0,52.895
0,52.92
0,52.885
0,52.91
0,52.91
0,52.91
0,52.89
0,52.9
0,52.915
0,52.925
0,52.94
0,52.945
0,52.96
0,52.885
0,52.87
0,52.825
0,52.815
0,52.87
0,52.89
0,52.86
0,52.855
0,52.88
0,52.885
0,52.85
0,52.86
0,52.87
0,52.855
0,52.805
0,52.82
0,52.825
0,52.765
0,52.79
0,52.775
0,52.785
0,52.715
0,52.755
0,52.78
0,52.765
0,52.76
0,52.765
0,52.765
0,52.76
0,52.75
0,52.78
0,52.8
0,52.785
0,52.795
0,52.795
0,52.795
0,52.8
0,52.79
0,52.78
0,52.77
0,52.76
0,52.775
0,52.785
0,52.82
0,52.79
0,52.805
0,52.815
0,52.79
0,52.8
0,52.815
0,52.8
0,52.765
0,52.745
0,52.795
0,52.76
0,52.76
0,52.78
0,52.755
0,52.765
0,52.745
0,52.73
0,52.745
0,52.75
0,52.74
0,52.76
0,52.78
0,52.795
0,52.805
0,52.79
0,52.82
0,52.835
0,52.81
0,52.805
0,52.83
0,52.84
0,52.835
0,52.83
0,52.83
0,52.84
0,52.86
0,52.845
0,52.845
0,52.83
0,52.815
0,52.83
0,52.825
0,52.83
0,52.815
0,52.815
0,52.805
0,52.81
0,52.815
0,52.815
0,52.86
0,52.87
0,52.865
0,52.87
0,52.9
0,52.91
0,52.915
0,52.915
0,52.95
0,52.96
0,52.97
0,52.985
0,52.985
0,52.995
0,53.04
0,53.055
0,53.065
0,53.075
0,53.06
0,53.035
0,52.995
0,52.99
0,53.015
0,53.005
0,53
0,52.975
0,52.96
0,52.995
0,52.985
0,53.02
0,53.04
0,53.01
0,53
0,53.025
0,52.97
0,52.995
0,52.99
0,52.985
0,52.94
0,52.965
0,52.97
0,52.99
0,52.985
0,53.015
0,53.015
0,52.95
0,52.97
0,52.955
0,52.965
0,52.945
0,52.92
0,52.895
0,52.915
0,52.91
0,52.88
0,52.9
0,52.88
0,52.87
0,52.905
0,52.89
0,52.875
0,52.835
0,52.815
0,52.79
0,52.83
0,52.86
0,52.91
0,52.875
0,52.855
0,52.86
0,52.895
0,52.87
0,52.88
0,52.835
0,52.825
0,52.875
0,52.875
0,52.865
0,52.845
0,52.86
0,52.87
0,52.86
0,52.93
0,52.915
0,52.93
0,52.9
0,52.93
0,52.945
0,52.955
0,52.96
0,52.955
0,52.995
0,53.01
0,53.01
0,53
0,52.99
0,52.945
0,52.97
0,52.99
0,53.02
0,53.06
0,53.065
0,53.035
0,53.04
0,53.085
0,53.06
0,53.09
0,53.145
0,53.13
0,53.13
0,53.14
0,53.12
0,53.115
0,53.095
0,53.145
0,53.19
0,53.21
0,53.18
0,53.15
0,53.2
0,53.21
0,53.195
0,53.18
0,53.145
0,53.215
0,53.285
0,53.3
0,53.285
0,53.305
0,53.29
0,53.28
0,53.26
0,53.23
0,53.215
0,53.265
0,53.255
0,53.235
0,53.215
0,53.17
0,53.235
0,53.245
0,53.225
0,53.27
0,53.26
0,53.24
0,53.265
0,53.29
0,53.28
0,53.26
0,53.25
0,53.255
0,53.185
0,53.14
0,53.155
0,53.21
0,53.245
0,53.24
0,53.25
0,53.29
0,53.245
0,53.21
0,53.19
0,53.18
0,53.205
0,53.22
0,53.225
0,53.225
0,53.205
0,53.18
0,53.21
0,53.185
0,53.195
0,53.175
0,53.175
0,53.15
0,53.125
0,53.115
0,53.09
0,53.1
0,53.065
0,53.055
0,53.05
0,53.025
0,53
0,53.055
0,53.055
0,53.075
0,53.07
0,53.075
0,53.095
0,53.1
0,53.125
0,53.145
0,53.155
0,53.145
0,53.165
0,53.175
0,53.19
0,53.2
0,53.19
0,53.205
0,53.215
0,53.225
0,53.255
0,53.275
0,53.265
0,53.28
0,53.285
0,53.29
0,53.28
0,53.265
0,53.295
0,53.295
0,52.935
0,52.91
0,53.02
0,52.905
0,52.96
0,52.945
0,52.96
0,53.03
0,53.045
0,53.04
0,53.105
0,52.985
0,52.96
0,52.92
0,52.905
0,52.865
0,52.915
0,52.83
0,52.82
0,52.825
0,52.785
0,52.745
0,52.78
0,52.755
0,52.845
0,52.88
0,52.82
0,52.87
0,52.87
0,52.85
0,52.88
0,52.865
0,52.895
0,52.86
0,52.905
0,52.935
0,52.915
0,52.94
0,52.895
0,52.87
0,52.875
0,52.825
0,52.855
0,52.845
0,52.85
0,52.87
0,52.815
0,52.755
0,52.78
0,52.78
0,52.795
0,52.78
0,52.8
0,52.79
0,52.765
0,52.75
0,52.76
0,52.77
0,52.745
0,52.76
0,52.795
0,52.79
0,52.795
0,52.805
0,52.82
0,52.865
0,52.86
0,52.84
0,52.85
0,52.88
0,52.895
0,52.9
0,52.89
0,52.89
0,52.87
0,52.875
0,52.875
0,52.87
0,52.885
0,52.9
0,52.88
0,52.895
0,52.89
0,52.86
0,52.855
0,52.835
0,52.825
0,52.855
0,52.85
0,52.8
0,52.645
0,52.755
0,52.78
0,52.83
0,52.83
0,52.79
0,52.79
0,52.755
0,52.725
0,52.725
0,52.74
0,52.745
0,52.74
0,52.72
0,52.71
0,52.71
0,52.69
0,52.69
0,52.69
0,52.69
0,52.68
0,52.675
0,52.665
0,52.7
0,52.7
0,52.695
0,52.705
0,52.705
0,52.68
0,52.68
0,52.67
0,52.68
0,52.705
0,52.705
0,52.715
0,52.7
0,52.69
0,52.68
0,52.615
0,52.615
0,52.61
0,52.63
0,52.6
0,52.59
0,52.665
0,52.695
0,52.735
0,52.725
0,52.71
0,52.71
0,52.695
0,52.715
0,52.69
0,52.72
0,52.73
0,52.775
0,52.76
0,52.765
0,52.735
0,52.735
0,52.745
0,52.72
0,52.72
0,52.715
0,52.725
0,52.735
0,52.755
0,52.76
0,52.76
0,52.735
0,52.745
0,52.77
0,52.765
0,52.795
0,52.82
0,52.845
0,52.87
0,52.875
0,52.89
0,52.855
0,52.85
0,52.87
0,52.875
0,52.87
0,52.855
0,52.875
0,52.875
0,52.86
0,52.87
0,52.865
0,52.87
0,52.88
0,52.845
0,52.825
0,52.775
0,52.76
0,52.81
0,52.78
0,52.775
0,52.79
0,52.81
0,52.8
0,52.815
0,52.815
0,52.815
0,52.835
0,52.86
0,52.845
0,52.83
0,52.795
0,52.8
0,52.755
0,52.75
0,52.775
0,52.76
0,52.775
0,52.74
0,52.775
0,52.805
0,52.81
0,52.835
0,52.84
0,52.845
0,52.845
0,52.845
0,52.835
0,52.845
0,52.845
0,52.855
0,52.85
0,52.865
0,52.855
0,52.86
0,52.875
0,52.885
0,52.855
0,52.865
0,52.87
0,52.88
0,52.875
0,52.855
0,52.855
0,52.89
0,52.905
0,52.92
0,52.95
0,52.99
0,52.98
0,52.995
0,52.995
0,52.975
0,52.965
0,52.97
0,52.97
0,52.98
0,53.005
0,53.005
0,53.015
0,53.045
0,53.005
0,52.995
0,53.025
0,52.995
0,52.98
0,52.995
0,53
0,53.045
0,53.04
0,53.025
0,53.025
0,53
0,53.045
0,53.045
0,53.045
0,53.07
0,53.09
0,53.075
0,53.055
0,53.03
0,53
0,53.01
0,52.995
0,53.005
0,52.97
0,52.97
0,52.96
0,52.95
0,52.955
0,52.955
0,52.975
0,52.985
0,53
0,52.975
0,52.98
0,52.975
0,52.995
0,53.01
0,52.99
0,52.99
0,52.975
0,52.975
0,52.985
0,53.01
0,53.01
0,53.005
0,53.005
0,52.955
0,52.955
0,53
0,52.975
0,52.995
0,52.995
0,53.005
0,53.01
0,53.015
0,53.035
0,53.045
0,53.035
0,53.06
0,53.075
0,53.035
0,53.045
0,53.04
0,53.05
0,53.025
0,53.025
0,53.065
0,53.035
0,53.04
0,53.045
0,53.055
0,53.07
0,53.085
0,53.135
0,53.11
0,53.105
0,53.115
0,53.125
0,53.13
0,53.09
0,53.07
0,53.05
0,53.08
0,53.075
0,53.09
0,53.12
0,53.12
0,53.115
0,53.11
0,53.095
0,53.075
0,53.08
0,53.055
0,53.025
0,53
0,52.99
0,52.97
0,53.03
0,53.045
0,53.06
0,53.065
0,53.06
0,53.04
0,53.03
0,53.045
0,52.965
0,52.925
0,52.965
0,52.975
0,52.975
0,52.985
0,52.94
0,52.9
0,52.895
0,52.9
0,52.945
0,52.93
0,52.96
0,52.92
0,52.925
0,52.89
0,52.865
0,52.905
0,52.89
0,52.93
0,52.935
0,52.96
0,52.935
0,52.905
0,52.96
0,52.935
0,52.91
0,52.9
0,52.98
0,53.015
0,53.05
0,53.08
0,53.055
0,53.085
0,53.075
0,53.09
0,53.075
0,53.075
0,53.085
0,53.08
0,53.055
0,53.005
0,52.98
0,52.985
0,52.955
0,53
0,53.02
0,53.005
0,52.975
0,52.98
0,52.985
0,53
0,53.005
0,52.975
0,52.905
0,52.87
0,52.855
0,52.87
0,52.875
0,52.85
0,52.875
0,52.88
0,52.785
0,52.72
0,52.665
0,52.63
0,52.63
0,52.615
0,52.625
0,52.615
0,52.615
0,52.565
0,52.6
0,52.615
0,52.625
0,52.62
0,52.6
0,52.535
0,52.55
0,52.505
0,52.54
0,52.54
0,52.545
0,52.525
0,52.52
0,52.55
0,52.535
0,52.52
0,52.595
0,52.655
0,52.66
0,52.69
0,52.69
0,52.695
0,52.7
0,52.74
0,52.755
0,52.745
0,52.73
0,52.745
0,52.755
0,52.775
0,52.78
0,52.795
0,52.795
0,52.77
0,52.77
0,52.74
0,52.72
0,52.745
0,52.74
0,52.755
0,52.8
0,52.795
0,52.78
0,52.775
0,52.79
0,52.81
0,52.8
0,52.775
0,52.77
0,52.825
0,52.82
0,52.81
0,52.845
0,52.855
0,52.855
0,52.855
0,52.85
0,52.83
0,52.81
0,52.82
0,52.84
0,52.845
0,52.855
0,52.865
0,52.845
0,52.87
0,52.87
0,52.89
0,52.92
0,52.665
0,52.565
0,52.565
0,52.63
0,52.615
0,52.545
0,52.54
0,52.475
0,52.43
0,52.36
0,52.385
0,52.36
0,52.4
0,52.36
0,52.36
0,52.425
0,52.48
0,52.54
0,52.495
0,52.53
0,52.51
0,52.5
0,52.47
0,52.49
0,52.47
0,52.49
0,52.51
0,52.5
0,52.53
0,52.54
0,52.545
0,52.525
0,52.505
0,52.49
0,52.515
0,52.55
0,52.545
0,52.53
0,52.54
0,52.575
0,52.6
0,52.62
0,52.625
0,52.61
0,52.57
0,52.61
0,52.555
0,52.505
0,52.47
0,52.52
0,52.475
0,52.5
0,52.52
0,52.485
0,52.43
0,52.47
0,52.41
0,52.44
0,52.485
0,52.455
0,52.475
0,52.47
0,52.45
0,52.445
0,52.425
0,52.38
0,52.35
0,52.345
0,52.28
0,52.335
0,52.28
0,52.3
0,52.305
0,52.32
0,52.3
0,52.35
0,52.335
0,52.35
0,52.375
0,52.365
0,52.355
0,52.36
0,52.365
0,52.365
0,52.395
0,52.385
0,52.365
0,52.36
0,52.37
0,52.38
0,52.38
0,52.35
0,52.33
0,52.325
0,52.325
0,52.315
0,52.35
0,52.345
0,52.375
0,52.39
0,52.365
0,52.375
0,52.35
0,52.365
0,52.4
0,52.43
0,52.455
0,52.42
0,52.415
0,52.43
0,52.445
0,52.385
0,52.41
0,52.405
0,52.385
0,52.38
0,52.385
0,52.39
0,52.385
0,52.375
0,52.36
0,52.385
0,52.385
0,52.385
0,52.375
0,52.395
0,52.395
0,52.445
0,52.42
0,52.415
0,52.415
0,52.395
0,52.405
0,52.415
0,52.4
0,52.39
0,52.385
0,52.395
0,52.425
0,52.43
0,52.395
0,52.435
0,52.445
0,52.45
0,52.455
0,52.49
0,52.495
0,52.485
0,52.525
0,52.52
0,52.61
0,52.595
0,52.57
0,52.555
0,52.55
0,52.52
0,52.525
0,52.52
0,52.525
0,52.515
0,52.52
0,52.51
0,52.52
0,52.545
0,52.615
0,52.585
0,52.575
0,52.57
0,52.56
0,52.535
0,52.54
0,52.535
0,52.54
0,52.545
0,52.545
0,52.52
0,52.53
0,52.545
0,52.525
0,52.52
0,52.51
0,52.475
0,52.485
0,52.495
0,52.49
0,52.49
0,52.51
0,52.51
0,52.525
0,52.485
0,52.475
0,52.47
0,52.48
0,52.51
0,52.535
0,52.525
0,52.535
0,52.54
0,52.56
0,52.58
0,52.565
0,52.515
0,52.53
0,52.53
0,52.56
0,52.575
0,52.6
0,52.63
0,52.62
0,52.63
0,52.625
0,52.61
0,52.61
0,52.6
0,52.6
0,52.59
0,52.635
0,52.615
0,52.64
0,52.6
0,52.59
0,52.585
0,52.615
0,52.655
0,52.68
0,52.69
0,52.68
0,52.675
0,52.665
0,52.66
0,52.685
0,52.69
0,52.665
0,52.67
0,52.655
0,52.665
0,52.675
0,52.69
0,52.76
0,52.74
0,52.73
0,52.72
0,52.7
0,52.71
0,52.72
0,52.685
0,52.68
0,52.67
0,52.655
0,52.655
0,52.655
0,52.695
0,52.71
0,52.685
0,52.7
0,52.72
0,52.725
0,52.69
0,52.685
0,52.675
0,52.68
0,52.65
0,52.665
0,52.66
0,52.66
0,52.63
0,52.65
0,52.68
0,52.695
0,52.69
0,52.685
0,52.705
0,52.68
0,52.69
0,52.68
0,52.675
0,52.665
0,52.675
0,52.665
0,52.64
0,52.645
0,52.66
0,52.665
0,52.66
0,52.665
0,52.655
0,52.645
0,52.655
0,52.66
0,52.685
0,52.685
0,52.665
0,52.635
0,52.64
0,52.615
0,52.61
0,52.62
0,52.615
0,52.605
0,52.62
0,52.62
0,52.63
0,52.615
0,52.605
0,52.58
0,52.585
0,52.59
0,52.615
0,52.62
0,52.615
0,52.62
0,52.625
0,52.615
0,52.615
0,52.64
0,52.645
0,52.665
0,52.655
0,52.655
0,52.61
0,52.685
0,52.675
0,52.655
0,52.665
0,52.65
0,52.675
0,52.675
0,52.65
0,52.67
0,52.665
0,52.66
0,52.64
0,52.635
0,52.625
0,52.675
0,52.655
0,52.635
0,52.655
0,52.645
0,52.64
0,52.655
0,52.655
0,52.685
0,52.66
0,52.65
0,52.655
0,52.655
0,52.665
0,52.705
0,52.645
0,52.645
0,52.64
0,52.67
0,52.645
0,52.675
0,52.675
0,52.68
0,52.685
0,52.68
0,52.665
0,52.65
0,52.67
0,52.69
0,52.645
0,52.64
0,52.61
0,52.65
0,52.675
0,52.69
0,52.685
0,52.665
0,52.675
0,52.665
0,52.66
0,52.655
0,52.635
0,52.62
0,52.65
0,52.695
0,52.68
0,52.645
0,52.675
0,52.7
0,52.645
0,52.605
0,52.655
0,52.66
0,52.66
0,52.685
0,52.635
0,52.675
0,52.69
0,52.715
0,52.705
0,52.735
0,52.735
0,52.715
0,52.695
0,52.695
0,52.71
0,52.71
0,52.725
0,52.725
0,52.73
0,52.72
0,52.745
0,52.735
0,52.745
0,52.715
0,52.7
0,52.665
0,52.72
0,52.66
0,52.66
0,52.635
0,52.6
0,52.55
0,52.625
0,52.635
0,52.65
0,52.615
0,52.61
0,52.64
0,52.62
0,52.67
0,52.675
0,52.71
0,52.695
0,52.695
0,52.73
0,52.705
0,52.75
0,52.69
0,52.675
0,52.655
0,52.64
0,52.62
0,52.63
0,52.635
0,52.675
0,52.685
0,52.7
0,52.71
0,52.715
0,52.715
0,52.715
0,52.715
0,52.7
0,52.705
0,52.69
0,52.665
0,52.69
0,52.67
0,52.675
0,52.67
0,52.69
0,52.665
0,52.655
0,52.625
0,52.605
0,52.625
0,52.645
0,52.655
0,52.665
0,52.69
0,52.645
0,52.655
0,52.645
0,52.68
0,52.69
0,52.725
0,52.715
0,52.73
0,52.715
0,52.695
0,52.67
0,52.665
0,52.69
0,52.67
0,52.665
0,52.675
0,52.675
0,52.685
0,52.685
0,52.69
0,52.715
0,52.685
0,52.695
0,52.71
0,52.725
0,52.725
0,52.735
0,52.755
0,52.765
0,52.765
0,52.775
0,116.275
0,116.425
0,116.325
0,116.3
0,116.175
0,115.95
0,115.9
0,115.95
0,115.925
0,115.725
0,116.025
0,116
0,115.975
0,116.125
0,116.1
0,116.225
0,116.275
0,116.3
0,116.275
0,116.35
0,116.3
0,116.25
0,116.525
0,116.525
0,116.625
0,116.675
0,116.625
0,116.575
0,116.575
0,116.55
0,116.5
0,116.55
0,116.525
0,116.5
0,116.45
0,116.6
0,116.6
0,116.55
0,116.475
0,116.425
0,116.45
0,116.35
0,116.275
0,116.3
0,116.325
0,116.3
0,116.275
0,116.3
0,116.35
0,116.375
0,116.425
0,116.375
0,116.35
0,116.35
0,116.375
0,116.325
0,116.35
0,116.25
0,116.3
0,116.325
0,116.3
0,116.275
0,116.3
0,116.25
0,116.25
0,116.3
0,116.3
0,116.3
0,116.275
0,116.3
0,116.425
0,116.425
0,116.35
0,116.3
0,116.3
0,116.325
0,116.3
0,116.275
0,116.3
0,116.275
0,116.275
0,116.15
0,116.2
0,116.1
0,116.15
0,116.15
0,116.2
0,116.25
0,116.325
0,116.275
0,116.225
0,116.2
0,116.15
0,116.15
0,116.125
0,116.125
0,116.125
0,116.1
0,116.025
0,116.075
0,115.95
0,115.925
0,115.975
0,115.95
0,115.975
0,115.95
0,115.975
0,115.95
0,115.95
0,115.975
0,115.95
0,115.9
0,115.925
0,115.95
0,115.95
0,115.95
0,115.875
0,115.825
0,115.775
0,115.775
0,115.75
0,115.725
0,115.8
0,115.775
0,115.725
0,115.75
0,115.7
0,115.65
0,115.575
0,115.625
0,115.675
0,115.625
0,115.525
0,115.525
0,115.55
0,115.55
0,115.575
0,115.6
0,115.55
0,115.55
0,115.55
0,115.625
0,115.625
0,115.6
0,115.575
0,115.6
0,115.55
0,115.55
0,115.55
0,115.55
0,115.5
0,115.525
0,115.45
0,115.525
0,115.55
0,115.525
0,115.525
0,115.475
0,115.4
0,115.375
0,115.425
0,115.5
0,115.5
0,115.425
0,115.45
0,115.4
0,115.45
0,115.475
0,115.5
0,115.45
0,115.375
0,115.425
0,115.375
0,115.375
0,115.3
0,115.325
0,115.425
0,115.45
0,115.525
0,115.475
0,115.35
0,115.375
0,115.35
0,115.35
0,115.325
0,115.275
0,115.275
0,115.25
0,115.275
0,115.225
0,115.25
0,115.2
0,115.175
0,115.125
0,115.125
0,115.15
0,115.125
0,115.175
0,115.225
0,115.125
0,115.35
0,115.425
0,115.475
0,115.45
0,115.375
0,115.275
0,115.3
0,115.3
0,115.325
0,115.325
0,115.425
0,115.375
0,115.3
0,115.3
0,115.275
0,115.2
0,115.225
0,115.275
0,115.375
0,115.425
0,115.35
0,115.35
0,115.375
0,115.45
0,115.5
0,115.45
0,115.5
0,115.425
0,115.525
0,115.4
0,115.35
0,115.325
0,115.425
0,115.475
0,115.7
0,115.525
0,115.475
0,115.375
0,115.35
0,115.275
0,115.35
0,115.375
0,115.375
0,115.4
0,115.475
0,115.575
0,115.525
0,115.5
0,115.425
0,115.425
0,115.45
0,115.45
0,115.45
0,115.4
0,115.425
0,115.45
0,115.475
0,115.5
0,115.5
0,115.5
0,115.525
0,115.475
0,115.525
0,115.475
0,115.525
0,115.5
0,115.425
0,115.4
0,115.425
0,115.45
0,115.475
0,115.425
0,115.375
0,115.375
0,115.4
0,115.375
0,115.4
0,115.4
0,115.4
0,115.375
0,115.45
0,115.525
0,115.425
0,115.375
0,115.45
0,115.475
0,115.45
0,115.4
0,115.35
0,115.475
0,115.375
0,115.2
0,115.2
0,115.175
0,115.15
0,115.125
0,115.1
0,115.125
0,115.075
0,115.075
0,115.325
0,115.275
0,115.25
0,115.125
0,115.1
0,115.325
0,115.3
0,115.3
0,115.275
0,115.275
0,115.225
0,115.225
0,115.175
0,115.2
0,115.2
0,115.3
0,115.225
0,115.25
0,115.275
0,115.275
0,115.325
0,115.35
0,115.425
0,115.425
0,115.35
0,115.4
0,115.4
0,115.425
0,115.4
0,115.35
0,115.425
0,115.375
0,115.425
0,115.375
0,115.425
0,115.425
0,115.425
0,115.45
0,115.475
0,115.4
0,115.4
0,115.425
0,115.4
0,115.3
0,115.225
0,115.225
0,115.275
0,115.275
0,115.325
0,115.4
0,115.45
0,115.5
0,115.425
0,115.5
0,115.5
0,115.475
0,115.425
0,115.4
0,115.4
0,115.4
0,115.4
0,115.475
0,115.475
0,115.45
0,115.525
0,115.525
0,115.575
0,115.6
0,115.575
0,115.6
0,115.65
0,115.275
0,115.375
0,115.575
0,115.55
0,115.5
0,115.2
0,115.425
0,115.45
0,115.4
0,115.6
0,115.425
0,115.55
0,115.525
0,115.525
0,115.6
0,115.675
0,115.65
0,115.55
0,115.475
0,115.475
0,115.475
0,115.425
0,115.45
0,115.425
0,115.375
0,115.4
0,115.35
0,115.3
0,115.375
0,115.375
0,115.475
0,115.45
0,115.475
0,115.525
0,115.45
0,115.45
0,115.425
0,115.45
0,115.375
0,115.375
0,115.35
0,115.3
0,115.275
0,115.25
0,115.2
0,115.175
0,115.2
0,115.175
0,115.15
0,115.175
0,115.25
0,115.225
0,115.275
0,115.325
0,115.3
0,115.375
0,115.35
0,115.375
0,115.3
0,115.25
0,115.25
0,115.225
0,115.225
0,115.15
0,115.125
0,115.15
0,115.2
0,115.25
0,115.275
0,115.325
0,115.3
0,115.3
0,115.25
0,115.225
0,115.25
0,115.275
0,115.275
0,115.275
0,115.25
0,115.25
0,115.2
0,115.25
0,115.325
0,115.275
0,115.3
0,115.3
0,115.25
0,115.3
0,115.225
0,115.3
0,115.3
0,115.2
0,115.175
0,115.175
0,115.125
0,115.1
0,115.125
0,115.175
0,115.175
0,115.15
0,115.15
0,115.15
0,115.175
0,115.15
0,115.175
0,115.15
0,115.1
0,115
0,114.925
0,114.95
0,114.925
0,114.85
0,114.8
0,114.825
0,114.875
0,114.95
0,114.975
0,114.95
0,114.875
0,114.75
0,114.775
0,114.8
0,114.8
0,114.825
0,114.85
0,114.825
0,114.85
0,114.825
0,114.9
0,114.9
0,114.825
0,114.85
0,114.825
0,114.85
0,114.775
0,114.85
0,114.725
0,114.75
0,114.8
0,114.825
0,114.775
0,114.8
0,114.775
0,114.725
0,114.75
0,114.725
0,114.725
0,114.775
0,114.75
0,114.75
0,114.75
0,114.7
0,114.7
0,114.65
0,114.575
0,114.6
0,114.625
0,114.675
0,114.65
0,114.675
0,114.6
0,114.475
0,114.375
0,114.45
0,114.5
0,114.575
0,114.575
0,114.65
0,114.7
0,114.675
0,114.675
0,114.7
0,114.7
0,114.7
0,114.725
0,114.75
0,114.7
0,114.725
0,114.675
0,114.675
0,114.65
0,114.6
0,114.625
0,114.6
0,114.65
0,114.675
0,114.65
0,114.675
0,114.675
0,114.6
0,114.65
0,114.7
0,114.675
0,114.675
0,114.725
0,114.75
0,114.725
0,114.725
0,114.675
0,114.7
0,114.7
0,114.725
0,114.75
0,114.8
0,114.775
0,114.725
0,114.775
0,114.825
0,114.875
0,114.9
0,114.8
0,114.775
0,114.8
0,114.8
0,114.825
0,114.85
0,114.85
0,114.875
0,114.875
0,114.85
0,114.875
0,114.9
0,114.925
0,114.875
0,114.85
0,114.85
0,114.875
0,114.9
0,114.85
0,114.9
0,114.9
0,114.9
0,114.95
0,114.95
0,114.95
0,114.9
0,114.85
0,114.85
0,114.875
0,114.85
0,114.825
0,114.825
0,114.925
0,114.95
0,114.925
0,114.925
0,114.95
0,114.95
0,115
0,115.05
0,115.075
0,115.05
0,115.05
0,115.125
0,115.175
0,115.1
0,115.175
0,115.125
0,115.075
0,114.95
0,114.875
0,114.875
0,114.825
0,114.825
0,114.8
0,114.8
0,114.775
0,114.725
0,114.75
0,114.8
0,114.825
0,114.8
0,114.75
0,114.8
0,114.8
0,114.8
0,114.825
0,114.8
0,114.775
0,114.725
0,114.825
0,114.7
0,114.625
0,114.675
0,114.725
0,114.7
0,114.7
0,114.775
0,114.625
0,114.65
0,114.6
0,114.525
0,114.475
0,114.5
0,114.525
0,114.5
0,114.45
0,114.325
0,114.25
0,114.125
0,114.075
0,114
0,114.05
0,114.15
0,114.125
0,114.175
0,114.15
0,114.15
0,114.225
0,114.2
0,114.25
0,114.3
0,114.275
0,114.3
0,114.35
0,114.4
0,114.4
0,114.45
0,114.35
0,114.35
0,114.425
0,114.425
0,114.4
0,114.35
0,114.275
0,114.35
0,114.4
0,114.375
0,114.425
0,114.425
0,114.45
0,114.35
0,114.3
0,114.3
0,114.25
0,114.275
0,114.225
0,114.3
0,114.3
0,114.35
0,114.35
0,114.375
0,114.275
0,114.3
0,114.325
0,114.375
0,114.375
0,114.525
0,114.575
0,114.675
0,114.725
0,114.925
0,114.925
0,114.875
0,114.95
0,114.925
0,115
0,115.05
0,115.1
0,115.175
0,115.075
0,115.175
0,115.2
0,115.275
0,115.225
0,115.25
0,115.225
0,115.225
0,115.325
0,115.375
0,115.375
0,115.325
0,115.325
0,115.3
0,115.375
0,115.4
0,115.35
0,115.75
0,115.65
0,115.575
0,115.5
0,115.55
0,115.5
0,115.6
0,115.525
0,115.65
0,115.625
0,115.6
0,115.625
0,115.625
0,115.9
0,115.925
0,115.975
0,116.05
0,116.05
0,116.075
0,116.05
0,116.025
0,116.125
0,116.125
0,116.1
0,116.025
0,116.05
0,116.075
0,116.05
0,115.975
0,115.975
0,116
0,116.025
0,116.025
0,115.925
0,115.9
0,115.85
0,115.875
0,116
0,115.975
0,115.975
0,116.025
0,116.1
0,116.1
0,116.1
0,116.125
0,116.05
0,116
0,115.975
0,115.85
0,115.825
0,115.875
0,115.975
0,116
0,115.975
0,115.95
0,115.925
0,115.875
0,115.875
0,115.9
0,115.875
0,115.825
0,115.9
0,115.775
0,115.8
0,115.825
0,115.825
0,115.85
0,115.875
0,115.85
0,115.775
0,115.7
0,115.65
0,115.625
0,115.625
0,115.625
0,115.575
0,115.525
0,115.575
0,115.6
0,115.625
0,115.675
0,115.525
0,115.475
0,115.5
0,115.475
0,115.475
0,115.375
0,115.375
0,115.375
0,115.425
0,115.475
0,115.525
0,115.475
0,115.425
0,115.5
0,115.625
0,115.625
0,115.725
0,115.8
0,115.85
0,115.825
0,115.85
0,115.825
0,115.825
0,115.775
0,115.75
0,115.675
0,115.7
0,115.725
0,115.75
0,115.75
0,115.75
0,115.725
0,115.75
0,115.75
0,115.725
0,115.775
0,115.775
0,115.8
0,115.825
0,115.85
0,115.725
0,115.75
0,115.85
0,115.825
0,115.75
0,115.65
0,115.675
0,115.675
0,115.65
0,115.7
0,115.65
0,115.7
0,115.75
0,115.8
0,115.825
0,115.775
0,115.8
0,115.775
0,115.85
0,115.825
0,115.8
0,115.725
0,115.8
0,115.775
0,115.75
0,115.725
0,115.7
0,115.7
0,115.625
0,115.65
0,115.625
0,115.575
0,115.575
0,115.55
0,115.55
0,115.575
0,115.6
0,115.575
0,115.575
0,115.625
0,115.6
0,115.525
0,115.45
0,115.5
0,115.475
0,115.5
0,115.45
0,115.4
0,115.35
0,115.625
0,115.575
0,115.6
0,115.55
0,115.625
0,115.6
0,115.625
0,115.625
0,115.525
0,115.45
0,115.5
0,115.525
0,115.525
0,115.525
0,115.475
0,115.475
0,115.5
0,115.425
0,115.375
0,115.375
0,115.3
0,115.225
0,115.325
0,115.325
0,115.3
0,115.275
0,115.3
0,115.325
0,115.325
0,115.375
0,115.4
0,115.4
0,115.35
0,115.325
0,115.35
0,115.325
0,115.275
0,115.15
0,115.175
0,115.125
0,115.125
0,115.1
0,115.1
0,115.1
0,115.025
0,115.05
0,114.95
0,114.875
0,114.85
0,114.925
0,114.875
0,114.875
0,114.85
0,114.95
0,115.05
0,115.1
0,115.125
0,115.05
0,115.075
0,115.15
0,115.125
0,115.2
0,115.175
0,115.2
0,115.25
0,115.225
0,115.325
0,115.325
0,115.4
0,115.45
0,115.375
0,115.4
0,115.4
0,115.475
0,115.45
0,115.525
0,115.575
0,115.625
0,115.625
0,115.675
0,115.7
0,115.65
0,115.725
0,115.75
0,115.725
0,115.7
0,115.75
0,115.75
0,115.725
0,115.7
0,115.6
0,115.6
0,115.6
0,115.625
0,115.65
0,115.475
0,115.525
0,115.55
0,115.725
0,115.825
0,116
0,115.975
0,115.95
0,115.95
0,115.975
0,115.95
0,116.05
0,116.1
0,116
0,116.175
0,116.225
0,116.35
0,116.3
0,116.15
0,116.2
0,116.225
0,116.45
0,116.4
0,116.3
0,116.35
0,116.45
0,116.825
0,116.825
0,116.775
0,116.625
0,116.6
0,116.675
0,116.675
0,116.725
0,116.7
0,116.725
0,116.7
0,116.85
0,116.75
0,116.8
0,116.775
0,116.85
0,116.875
0,116.85
0,116.825
0,116.9
0,116.875
0,116.925
0,117.125
0,117
0,117.075
0,117.025
0,117.025
0,116.975
0,116.9
0,116.925
0,116.875
0,116.85
0,116.825
0,116.9
0,116.975
0,116.8
0,116.85
0,116.9
0,116.85
0,116.8
0,116.875
0,116.875
0,116.8
0,116.75
0,116.7
0,116.775
0,116.75
0,116.775
0,116.7
0,116.625
0,116.65
0,116.55
0,116.625
0,116.575
0,116.5
0,116.5
0,116.425
0,116.475
0,116.475
0,116.425
0,116.525
0,116.55
0,116.6
0,116.625
0,116.675
0,116.65
0,116.65
0,116.675
0,116.825
0,116.9
0,116.875
0,116.85
0,116.925
0,116.85
0,116.75
0,116.675
0,116.625
0,116.575
0,116.625
0,116.425
0,116.325
0,116.3
0,116.325
0,116.35
0,116.325
0,116.35
0,116.275
0,116.225
0,116.05
0,116.125
0,115.975
0,116.025
0,115.975
0,116
0,116.05
0,116
0,116.075
0,116.05
0,116.075
0,116.15
0,116.125
0,116.125
0,116.125
0,116.075
0,116.025
0,116.025
0,116.075
0,116.1
0,116.15
0,116.2
0,116.225
0,116.075
0,116.1
0,116.05
0,116
0,116
0,116
0,116
0,115.925
0,115.925
0,115.95
0,115.975
0,115.85
0,115.75
0,115.825
0,115.875
0,115.825
0,115.85
0,115.875
0,115.825
0,115.875
0,115.85
0,115.775
0,115.725
0,115.775
0,115.75
0,115.65
0,115.7
0,115.65
0,115.6
0,115.675
0,115.65
0,115.65
0,115.65
0,115.625
0,115.675
0,115.65
0,115.675
0,115.6
0,115.625
0,115.625
0,115.6
0,115.65
0,115.6
0,115.575
0,115.6
0,115.6
0,115.625
0,115.625
0,115.55
0,115.625
0,115.625
0,115.575
0,115.6
0,115.675
0,115.6
0,115.6
0,115.575
0,115.6
0,115.625
0,115.6
0,115.575
0,115.525
0,115.575
0,115.55
0,115.525
0,115.575
0,115.625
0,115.575
0,115.625
0,115.6
0,115.65
0,115.675
0,115.675
0,115.65
0,115.625
0,115.525
0,115.525
0,115.5
0,115.525
0,115.475
0,115.45
0,115.45
0,115.425
0,115.425
0,115.45
0,115.5
0,115.55
0,115.575
0,115.575
0,115.575
0,115.525
0,115.45
0,115.475
0,115.425
0,115.375
0,115.4
0,115.35
0,115.375
0,115.3
0,115.275
0,115.25
0,115.175
0,115.2
0,115.125
0,115.175
0,115.175
0,115.225
0,115.175
0,115.2
0,115.2
0,115.275
0,115.075
0,115.125
0,115.1
0,115.125
0,115.15
0,115.225
0,115.275
0,115.25
0,115.2
0,115.175
0,115.2
0,115.25
0,115.225
0,115.275
0,115.325
0,115.35
0,115.325
0,115.275
0,115.375
0,115.3
0,115.275
0,115.225
0,115.3
0,115.275
0,115.35
0,115.325
0,115.3
0,115.375
0,115.375
0,115.275
0,115.25
0,115.275
0,115.25
0,115.25
0,115.275
0,115.25
0,115.225
0,115.2
0,115.175
0,115.225
0,115.225
0,115.15
0,115.1
0,115.1
0,115.025
0,114.975
0,115
0,114.925
0,114.875
0,114.875
0,114.95
0,114.95
0,114.95
0,115.025
0,115
0,115.05
0,115.075
0,115.125
0,115.175
0,115.35
0,115.3
0,115.45
0,115.425
0,115.45
0,115.475
0,115.5
0,115.525
0,115.5
0,115.5
0,115.525
0,115.425
0,115.4
0,115.425
0,115.4
0,115.525
0,115.525
0,115.575
0,115.45
0,115.45
0,115.375
0,115.4
0,115.475
0,115.45
0,115.45
0,115.425
0,115.3
0,115.225
0,115.35
0,115.375
0,115.325
0,115.225
0,115.225
0,115.275
0,115.225
0,115.2
0,115.125
0,115.15
0,115.125
0,115.15
0,115.15
0,115.3
0,115.375
0,115.35
0,115.325
0,115.325
0,115.225
0,115.275
0,115.325
0,115.275
0,115.225
0,115.225
0,115.2
0,115.15
0,115.075
0,115.125
0,115.225
0,115.2
0,115.15
0,115.075
0,114.975
0,115.075
0,115.05
0,114.975
0,114.925
0,114.875
0,114.875
0,114.775
0,114.8
0,114.775
0,114.7
0,114.7
0,114.65
0,114.675
0,114.35
0,114.475
0,114.65
0,114.875
0,114.8
0,115.025
0,114.9
0,114.825
0,114.85
0,114.825
0,114.925
0,115.025
0,114.975
0,114.85
0,114.85
0,114.85
0,114.875
0,114.875
0,114.85
0,114.85
0,114.8
0,114.7
0,114.675
0,114.7
0,114.65
0,114.85
0,114.95
0,115.025
0,115.05
0,115
0,114.95
0,114.95
0,115.05
0,115.1
0,115.05
0,115.025
0,115.075
0,115.025
0,115
0,115.025
0,115
0,114.95
0,114.95
0,114.925
0,114.925
0,115.025
0,115
0,114.925
0,114.95
0,115.075
0,115.1
0,114.975
0,114.925
0,114.9
0,114.825
0,114.8
0,114.8
0,114.7
0,114.775
0,114.75
0,114.75
0,114.725
0,114.7
0,114.775
0,114.75
0,114.725
0,114.675
0,114.65
0,114.6
0,114.575
0,114.525
0,114.725
0,114.7
0,114.65
0,114.625
0,114.65
0,114.675
0,114.65
0,114.575
0,114.575
0,114.575
0,114.575
0,114.575
0,114.5
0,114.55
0,114.55
0,114.625
0,114.65
0,114.7
0,114.65
0,114.675
0,114.65
0,114.65
0,114.675
0,114.675
0,114.6
0,114.675
0,114.6
0,114.575
0,114.6
0,114.6
0,114.55
0,114.5
0,114.5
0,114.55
0,114.525
0,114.55
0,114.6
0,114.625
0,114.6
0,114.575
0,114.625
0,114.575
0,114.55
0,114.6
0,114.45
0,114.4
0,114.45
0,114.425
0,114.45
0,114.575
0,114.5
0,114.45
0,114.475
0,114.325
0,114.35
0,114.4
0,114.425
0,114.4
0,114.45
0,114.375
0,114.425
0,114.4
0,114.425
0,114.4
0,114.4
0,114.425
0,114.375
0,114.375
0,114.4
0,114.425
0,114.425
0,114.4
0,114.425
0,114.4
0,114.425
0,114.4
0,114.3
0,114.275
0,114.25
0,114.25
0,114.275
0,114.3
0,114.275
0,114.225
0,114.225
0,114.2
0,114.175
0,114.175
0,114.075
0,114.1
0,114.05
0,114.075
0,114.15
0,114.175
0,114.075
0,114.05
0,114.1
0,114.05
0,114.075
0,114.1
0,114.025
0,114.025
0,114.025
0,114.05
0,114.025
0,114.075
0,114.1
0,114.025
0,113.975
0,113.975
0,113.975
0,113.975
0,113.975
0,114
0,113.95
0,113.95
0,113.925
0,113.9
0,113.925
0,113.95
0,113.925
0,113.925
0,113.925
0,113.95
0,113.975
0,113.975
0,114.025
0,114.05
0,114.025
0,114
0,113.975
0,114.025
0,113.975
0,113.95
0,113.975
0,114.025
0,114
0,114
0,113.975
0,113.95
0,113.85
0,113.825
0,113.8
0,113.9
0,113.9
0,113.875
0,113.85
0,113.8
0,113.8
0,113.75
0,113.775
0,113.8
0,113.775
0,113.775
0,113.75
0,113.75
0,113.825
0,113.85
0,113.825
0,113.825
0,113.825
0,113.8
0,113.75
0,113.75
0,113.8
0,113.8
0,113.8
0,113.825
0,113.825
0,113.85
0,113.875
0,113.925
0,113.875
0,113.85
0,113.85
0,113.925
0,113.875
0,113.925
0,113.95
0,114.025
0,113.975
0,113.95
0,113.875
0,113.925
0,113.825
0,113.775
0,113.7
0,113.675
0,113.725
0,113.725
0,113.775
0,113.8
0,113.775
0,113.775
0,113.75
0,113.775
0,113.675
0,113.775
0,113.825
0,113.775
0,113.75
0,113.775
0,113.85
0,113.825
0,113.775
0,113.775
0,113.75
0,113.875
0,113.75
0,113.575
0,113.65
0,113.6
0,113.65
0,113.625
0,113.7
0,113.725
0,113.7
0,113.725
0,113.7
0,113.675
0,113.725
0,113.625
0,113.625
0,113.65
0,113.55
0,113.575
0,113.475
0,113.45
0,113.425
0,113.375
0,113.4
0,113.375
0,113.4
0,113.4
0,113.375
0,113.35
0,113.3
0,113.375
0,113.375
0,113.425
0,113.425
0,113.35
0,113.35
0,113.35
0,113.35
0,113.375
0,113.425
0,113.375
0,113.4
0,113.4
0,113.25
0,113.125
0,113.125
0,113.125
0,113.2
0,113.175
0,113.225
0,113.3
0,113.3
0,113.225
0,113.3
0,113.25
0,113.2
0,113.025
0,112.95
0,112.975
0,112.925
0,112.95
0,112.925
0,112.95
0,112.95
0,112.875
0,112.825
0,112.775
0,112.8
0,112.8
0,112.8
0,112.825
0,112.675
0,112.65
0,112.525
0,112.6
0,112.725
0,112.7
0,112.75
0,112.75
0,112.675
0,112.625
0,112.5
0,112.425
0,112.325
0,111.9
0,112.075
0,111.95
0,112.125
0,112.15
0,112.175
0,112.175
0,112.175
0,112.2
0,112.375
0,112.425
0,112.25
0,112.15
0,112.175
0,112.175
0,112.175
0,112.275
0,112.125
0,112.2
0,112.3
0,112.25
0,112.35
0,112.25
0,112.325
0,112.375
0,112.75
0,112.475
0,112.775
0,112.725
0,112.825
0,112.75
0,112.825
0,112.775
0,112.775
0,112.775
0,112.675
0,112.675
0,112.775
0,112.775
0,112.825
0,112.875
0,112.925
0,112.925
0,113.025
0,113.1
0,113.025
0,112.925
0,112.875
0,112.925
0,112.875
0,112.9
0,113.025
0,112.975
0,112.95
0,113.05
0,113.15
0,113.125
0,113.125
0,113.15
0,113.25
0,113.3
0,113.375
0,113.3
0,113.35
0,113.35
0,113.4
0,113.325
0,113.25
0,113.2
0,113.15
0,113.125
0,113.225
0,113.175
0,113.225
0,113.25
0,113.225
0,113.275
0,113.375
0,113.3
0,113.3
0,113.325
0,113.325
0,113.45
0,113.4
0,113.35
0,113.375
0,113.425
0,113.35
0,113.475
0,113.425
0,113.425
0,113.525
0,113.5
0,113.5
0,113.5
0,113.45
0,113.525
0,113.55
0,113.525
0,113.55
0,113.55
0,113.525
0,113.525
0,113.5
0,113.575
0,113.575
0,113.525
0,113.525
0,113.5
0,113.55
0,113.55
0,113.55
0,113.525
0,113.55
0,113.375
0,113.425
0,113.45
0,113.5
0,113.45
0,113.45
0,113.4
0,113.5
0,113.55
0,113.525
0,113.5
0,113.5
0,113.475
0,113.525
0,113.475
0,113.525
0,113.5
0,113.525
0,113.55
0,113.575
0,113.55
0,113.525
0,113.475
0,113.475
0,113.525
0,113.575
0,113.55
0,113.425
0,113.45
0,113.475
0,113.45
0,113.45
0,113.425
0,113.5
0,113.5
0,113.425
0,113.475
0,113.55
0,113.625
0,113.525
0,113.625
0,113.575
0,113.55
0,113.575
0,113.55
0,113.55
0,113.55
0,113.525
0,113.525
0,113.5
0,113.425
0,113.55
0,113.5
0,113.475
0,113.55
0,113.55
0,113.55
0,113.6
0,113.525
0,113.5
0,113.55
0,113.525
0,113.525
0,113.525
0,113.55
0,113.55
0,113.55
0,113.5
0,113.5
0,113.525
0,113.5
0,113.525
0,113.55
0,113.55
0,113.525
0,113.575
0,113.625
0,113.65
0,113.6
0,113.65
0,113.7
0,113.7
0,113.75
0,113.775
0,113.725
0,113.75
0,113.75
0,113.8
0,113.8
0,113.825
0,113.8
0,113.775
0,113.725
0,113.75
0,113.825
0,113.8
0,113.825
0,113.85
0,113.875
0,113.925
0,113.9
0,113.925
0,113.95
0,114.025
0,114.1
0,114.15
0,114.2
0,114.15
0,114.125
0,114.2
0,114.25
0,114.275
0,114.35
0,114.225
0,114.175
0,114.075
0,114.1
0,114.125
0,114.1
0,114.1
0,114.05
0,114
0,113.95
0,113.975
0,113.95
0,114.025
0,113.95
0,113.85
0,113.85
0,113.775
0,113.775
0,113.825
0,113.75
0,113.8
0,113.85
0,113.825
0,113.925
0,114.025
0,114.025
0,113.975
0,113.95
0,113.975
0,114
0,113.975
0,113.775
0,113.75
0,113.725
0,113.675
0,113.775
0,113.75
0,113.725
0,113.7
0,113.7
0,113.675
0,113.65
0,113.675
0,113.775
0,113.75
0,113.65
0,113.65
0,113.625
0,113.575
0,113.55
0,113.525
0,113.5
0,113.5
0,113.525
0,113.575
0,113.55
0,113.525
0,113.575
0,113.6
0,113.65
0,113.65
0,113.625
0,113.775
0,113.575
0,113.6
0,113.575
0,113.6
0,113.575
0,113.5
0,113.55
0,113.625
0,113.625
0,113.6
0,113.575
0,113.6
0,113.575
0,113.55
0,113.575
0,113.65
0,113.6
0,113.55
0,113.575
0,113.55
0,113.55
0,113.575
0,113.6
0,113.55
0,113.55
0,113.55
0,113.525
0,113.575
0,113.55
0,113.625
0,113.575
0,113.525
0,113.575
0,113.55
0,113.55
0,113.55
0,113.475
0,113.425
0,113.4
0,113.375
0,113.35
0,113.425
0,113.45
0,113.475
0,113.5
0,113.525
0,113.475
0,113.425
0,113.45
0,113.525
0,113.5
0,113.475
0,113.4
0,113.35
0,113.325
0,113.25
0,113.2
0,113.2
0,113.2
0,113.25
0,113.275
0,113.225
0,113.25
0,113.225
0,113.375
0,113.425
0,113.375
0,113.375
0,113.425
0,113.45
0,113.6
0,113.625
0,113.65
0,113.75
0,113.775
0,113.8
0,113.875
0,113.8
0,113.925
0,113.95
0,113.95
0,113.975
0,114.025
0,115.15
0,115.3
0,115.275
0,115.075
0,114.8
0,114.45
0,114.4
0,114.4
0,114.325
0,114.325
0,114.4
0,114.425
0,114.575
0,114.425
0,114.4
0,114.3
0,114.275
0,114.05
0,114.025
0,114.1
0,114.1
0,114.325
0,114.15
0,114.15
0,114.225
0,114.2
0,114.3
0,114.275
0,114.325
0,114.45
0,114.425
0,114.35
0,114.25
0,114.275
0,114.45
0,114.475
0,114.45
0,114.425
0,114.45
0,114.375
0,114.35
0,114.25
0,114.325
0,114.4
0,114.425
0,114.325
0,114.3
0,114.35
0,114.325
0,114.35
0,114.425
0,114.425
0,114.375
0,114.325
0,114.425
0,114.45
0,114.35
0,114.375
0,114.4
0,114.45
0,114.425
0,114.425
0,114.425
0,114.425
0,114.5
0,114.55
0,114.625
0,114.675
0,114.725
0,114.675
0,114.65
0,114.625
0,114.575
0,114.525
0,114.575
0,114.55
0,114.425
0,114.475
0,114.425
0,114.375
0,114.325
0,114.35
0,114.25
0,114.225
0,114.125
0,114.1
0,114.1
0,114.15
0,114.25
0,114.25
0,114.25
0,114.325
0,114.3
0,114.4
0,114.425
0,114.4
0,114.4
0,114.35
0,114.25
0,114.175
0,114.125
0,114.125
0,114.1
0,114.175
0,114.125
0,114.075
0,114.175
0,114.15
0,114.175
0,114.15
0,114.025
0,113.975
0,113.925
0,113.925
0,113.875
0,113.85
0,113.9
0,113.825
0,113.85
0,113.825
0,113.75
0,113.775
0,113.825
0,113.75
0,113.75
0,113.725
0,113.775
0,113.7
0,113.7
0,113.675
0,113.65
0,113.65
0,113.6
0,113.6
0,113.625
0,113.6
0,113.525
0,113.55
0,113.425
0,113.425
0,113.375
0,113.425
0,113.375
0,113.25
0,113.325
0,113.35
0,113.4
0,113.25
0,113.275
0,113.225
0,113.225
0,113.225
0,113.175
0,113.125
0,113.225
0,113.15
0,113.225
0,113.25
0,113.325
0,113.325
0,113.525
0,113.475
0,113.525
0,113.5
0,113.45
0,113.425
0,113.45
0,113.475
0,113.525
0,113.65
0,113.675
0,113.75
0,113.725
0,113.7
0,113.725
0,113.725
0,113.7
0,113.65
0,113.65
0,113.575
0,113.625
0,113.75
0,113.775
0,113.775
0,113.775
0,113.75
0,113.75
0,113.775
0,113.8
0,113.775
0,113.8
0,113.8
0,113.775
0,113.725
0,113.7
0,113.675
0,113.675
0,113.65
0,113.675
0,113.65
0,113.675
0,113.6
0,113.65
0,113.625
0,113.675
0,113.7
0,113.675
0,113.675
0,113.675
0,113.7
0,113.675
0,113.65
0,113.6
0,113.55
0,113.525
0,113.525
0,113.55
0,113.475
0,113.475
0,113.475
0,113.5
0,113.425
0,113.4
0,113.4
0,113.4
0,113.375
0,113.4
0,113.4
0,113.35
0,113.35
0,113.375
0,113.5
0,113.575
0,113.65
0,113.625
0,113.625
0,113.675
0,113.65
0,113.625
0,113.5
0,113.475
0,113.525
0,113.475
0,113.425
0,113.45
0,113.425
0,113.425
0,113.375
0,113.45
0,113.475
0,113.575
0,113.525
0,113.6
0,113.6
0,113.475
0,113.425
0,113.525
0,113.5
0,113.475
0,113.5
0,113.525
0,113.525
0,113.55
0,113.6
0,113.575
0,113.55
0,113.525
0,113.5
0,113.475
0,113.425
0,113.45
0,113.45
0,113.45
0,113.425
0,113.425
0,113.45
0,113.525
0,113.475
0,113.55
0,113.6
0,113.6
0,113.625
0,113.6
0,113.55
0,113.525
0,113.575
0,113.6
0,113.6
0,113.6
0,113.625
0,113.6
0,113.625
0,113.6
0,113.575
0,113.525
0,113.5
0,113.525
0,113.475
0,113.5
0,113.55
0,113.575
0,113.625
0,113.55
0,113.6
0,113.6
0,113.575
0,113.575
0,113.525
0,113.45
0,113.4
0,113.425
0,113.375
0,113.45
0,113.5
0,113.5
0,113.575
0,113.55
0,113.5
0,113.5
0,113.475
0,113.45
0,113.45
0,113.425
0,113.4
0,113.45
0,113.425
0,113.325
0,113.35
0,113.35
0,113.425
0,113.475
0,113.5
0,113.425
0,113.9
0,113.8
0,114.1
0,113.975
0,113.975
0,113.85
0,113.925
0,114.025
0,113.8
0,113.775
0,113.7
0,113.5
0,113.325
0,113.325
0,113.275
0,113.55
0,113.525
0,113.475
0,113.5
0,113.45
0,113.35
0,113.35
0,113.375
0,113.35
0,113.35
0,113.25
0,113.175
0,113.25
0,113.35
0,113.475
0,113.5
0,113.55
0,113.7
0,113.6
0,113.775
0,113.775
0,113.7
0,113.8
0,113.85
0,113.85
0,113.95
0,113.875
0,113.9
0,113.95
0,113.95
0,113.975
0,113.975
0,113.95
0,113.975
0,113.925
0,113.875
0,113.775
0,113.75
0,113.725
0,113.675
0,113.775
0,113.725
0,113.75
0,113.75
0,113.75
0,113.725
0,113.65
0,113.7
0,113.65
0,113.6
0,113.575
0,113.6
0,113.625
0,113.625
0,113.65
0,113.725
0,113.675
0,113.625
0,113.55
0,113.475
0,113.55
0,113.575
0,113.6
0,113.625
0,113.625
0,113.675
0,113.6
0,113.575
0,113.425
0,113.275
0,113.25
0,113.2
0,113.275
0,113.25
0,113.175
0,113.15
0,113.125
0,113.1
0,113.125
0,113.125
0,113.1
0,113.225
0,113.25
0,113.275
0,113.25
0,113.25
0,113.225
0,113.2
0,113.275
0,113.225
0,113.25
0,113.225
0,113.225
0,113.3
0,113.375
0,113.425
0,113.5
0,113.325
0,113.325
0,113.35
0,113.35
0,113.375
0,113.35
0,113.4
0,113.325
0,113.375
0,113.375
0,113.475
0,113.55
0,113.6
0,113.475
0,113.3
0,113.225
0,113.225
0,113.175
0,113.275
0,113.225
0,113.2
0,113.125
0,113.1
0,113.05
0,113.1
0,113.175
0,113.1
0,113.125
0,113.175
0,113.1
0,113.1
0,113.125
0,113.05
0,113.1
0,113.15
0,113.15
0,113.1
0,113.075
0,113.05
0,113.075
0,113.125
0,113.175
0,113.15
0,113.25
0,113.25
0,113.225
0,113.15
0,113.175
0,113.175
0,113.25
0,113.25
0,113.225
0,113.25
0,113.225
0,113.2
0,113.15
0,113.025
0,113.075
0,113.05
0,112.975
0,113
0,113.075
0,113
0,112.975
0,113.025
0,113
0,113
0,113
0,112.975
0,112.975
0,112.975
0,113
0,113.025
0,113.025
0,113.05
0,113.05
0,113.075
0,113.05
0,113.075
0,113.075
0,113.125
0,113.15
0,113.175
0,113.125
0,113.2
0,113.225
0,113.175
0,113.175
0,113.15
0,113.175
0,113.125
0,113.175
0,113.2
0,113.175
0,113.2
0,113.2
0,113.2
0,113.15
0,113.175
0,113.15
0,113.175
0,113.225
0,113.25
0,113.2
0,113.275
0,113.125
0,113.1
0,113.075
0,113.025
0,113
0,113.1
0,113.15
0,113.275
0,113.275
0,113.275
0,113.375
0,113.35
0,113.3
0,113.35
0,113.425
0,113.4
0,113.425
0,113.5
0,113.45
0,113.425
0,113.475
0,113.425
0,113.575
0,113.625
0,113.775
0,113.85
0,113.925
0,113.925
0,113.9
0,113.9
0,113.875
0,113.875
0,113.925
0,113.9
0,113.875
0,113.925
0,113.95
0,113.9
0,113.925
0,113.9
0,114.025
0,114
0,114.075
0,114.1
0,114.025
0,114.05
0,114.025
0,114
0,113.975
0,113.975
0,114.025
0,113.975
0,113.95
0,114.05
0,114.025
0,114.05
0,113.975
0,114
0,114
0,113.975
0,113.975
0,113.95
0,113.875
0,113.85
0,113.775
0,113.725
0,113.6
0,113.575
0,113.525
0,113.475
0,113.5
0,113.475
0,113.5
0,113.5
0,113.525
0,113.525
0,113.5
0,113.45
0,113.5
0,113.5
0,113.525
0,113.475
0,113.45
0,113.425
0,113.375
0,113.425
0,113.525
0,113.55
0,113.6
0,113.65
0,113.575
0,113.6
0,113.625
0,113.6
0,113.575
0,113.625
0,113.75
0,113.9
0,113.9
0,113.925
0,113.9
0,113.825
0,113.775
0,113.75
0,113.65
0,113.625
0,113.55
0,113.525
0,113.675
0,113.675
0,113.7
0,113.775
0,113.875
0,113.95
0,113.875
0,113.925
0,113.9
0,113.825
0,113.85
0,113.775
0,113.925
0,114
0,114.05
0,113.925
0,113.975
0,113.975
0,113.95
0,113.95
0,114
0,114
0,114.175
0,114.15
0,114.1
0,114.175
0,114.05
0,114.1
0,114.05
0,114.025
0,114.05
0,113.925
0,113.875
0,113.825
0,113.85
0,113.925
0,113.875
0,113.825
0,113.9
0,113.85
0,113.775
0,113.9
0,113.9
0,113.85
0,113.95
0,113.9
0,113.9
0,113.1
0,113.15
0,113.05
0,112.7
0,112.55
0,112.3
0,112.325
0,112.35
0,111.975
0,111.925
0,112.075
0,112.1
0,112.025
0,111.75
0,111.675
0,111.7
0,112.25
0,112.175
0,112.15
0,112.225
0,112.375
0,112.625
0,112.825
0,112.875
0,113.15
0,112.65
0,112.85
0,112.8
0,112.55
0,112.525
0,112.525
0,112.575
0,112.75
0,112.675
0,112.675
0,112.725
0,112.65
0,112.675
0,112.925
0,113.175
0,113.125
0,113
0,113.025
0,112.85
0,112.95
0,112.975
0,112.975
0,112.8
0,112.85
0,112.8
0,112.75
0,112.775
0,112.75
0,112.775
0,112.85
0,112.675
0,112.625
0,112.675
0,112.575
0,112.65
0,112.675
0,112.725
0,112.725
0,112.8
0,112.75
0,112.725
0,112.65
0,112.6
0,112.625
0,112.65
0,112.6
0,112.575
0,112.6
0,112.55
0,112.525
0,112.475
0,112.375
0,112.45
0,112.475
0,112.575
0,112.575
0,112.675
0,112.65
0,112.625
0,112.55
0,112.45
0,112.3
0,112.225
0,112.125
0,112.3
0,112.225
0,112.3
0,112.3
0,112.225
0,112.275
0,112.325
0,112.225
0,112.2
0,112.175
0,112.2
0,112.125
0,112.1
0,111.95
0,111.725
0,111.775
0,111.9
0,112.1
0,112
0,111.9
0,111.925
0,112
0,111.975
0,111.875
0,111.825
0,111.85
0,111.775
0,111.7
0,111.625
0,111.6
0,111.65
0,111.625
0,111.525
0,111.575
0,111.45
0,111.45
0,111.525
0,111.5
0,111.45
0,111.425
0,111.475
0,111.375
0,111.375
0,111.4
0,111.4
0,111.45
0,111.45
0,111.55
0,111.6
0,111.6
0,111.675
0,111.825
0,111.975
0,112.075
0,112
0,111.975
0,111.95
0,111.8
0,111.875
0,111.875
0,111.75
0,111.775
0,111.8
0,111.925
0,111.875
0,111.9
0,111.95
0,112.125
0,112.15
0,112.2
0,112.225
0,112.375
0,112.2
0,112.375
0,112.4
0,112.425
0,112.475
0,112.5
0,112.575
0,112.475
0,112.55
0,112.6
0,112.475
0,112.45
0,112.35
0,112.3
0,112.275
0,112.325
0,112.3
0,112.125
0,112.125
0,112.025
0,112.025
0,112
0,112
0,111.975
0,112
0,111.75
0,111.825
0,111.875
0,111.85
0,111.875
0,111.85
0,111.85
0,111.8
0,111.7
0,111.725
0,111.75
0,111.625
0,111.575
0,111.55
0,111.5
0,111.425
0,111.425
0,111.4
0,111.35
0,111.275
0,111.2
0,111.275
0,111.275
0,111.5
0,111.55
0,111.6
0,111.6
0,111.525
0,111.475
0,111.425
0,111.4
0,111.275
0,111.325
0,111.3
0,111.325
0,111.25
0,111.2
0,111.25
0,111.225
0,111.2
0,111.2
0,111.3
0,111.4
0,111.3
0,111.425
0,111.65
0,111.6
0,111.575
0,111.55
0,111.625
0,111.575
0,111.575
0,111.55
0,111.575
0,111.55
0,111.575
0,111.6
0,111.575
0,111.5
0,111.45
0,111.5
0,111.525
0,111.55
0,111.55
0,111.5
0,111.475
0,111.525
0,111.45
0,111.475
0,111.4
0,111.375
0,111.275
0,111.225
0,111.1
0,111.075
0,111
0,110.825
0,110.775
0,110.75
0,110.675
0,110.575
0,110.325
0,110.125
0,110.1
0,110.15
0,110.025
0,109.725
0,109.95
0,109.925
0,109.875
0,109.7
0,109.75
0,109.75
0,109.525
0,109.55
0,109.625
0,109.525
0,109.5
0,109.475
0,109.5
0,109.5
0,109.5
0,109.525
0,109.5
0,109.525
0,109.475
0,109.525
0,109.475
0,109.4
0,109.525
0,109.375
0,109.625
0,109.6
0,109.55
0,109.75
0,109.75
0,109.9
0,109.925
0,110
0,110.125
0,110.275
0,110.225
0,110.075
0,110
0,110.125
0,110.2
0,110.3
0,110.275
0,110.05
0,110
0,109.625
0,109.8
0,109.975
0,110
0,110.075
0,110.125
0,110.15
0,110.125
0,110.175
0,110.125
0,110.1
0,110.075
0,110.125
0,110.125
0,110.15
0,110.225
0,110.075
0,109.975
0,110.05
0,109.975
0,110.225
0,110.175
0,110.25
0,110.175
0,110.125
0,110.15
0,110.075
0,110.075
0,110.075
0,109.95
0,109.975
0,110.075
0,110.05
0,110.075
0,110.125
0,110.025
0,110.075
0,110.1
0,110.125
0,110.075
0,110.125
0,110.525
0,110.725
0,110.775
0,110.875
0,110.75
0,110.975
0,111.05
0,111
0,111
0,111
0,111.125
0,111.125
0,111.05
0,110.975
0,110.925
0,110.9
0,110.975
0,111.075
0,111
0,111.075
0,111.125
0,110.975
0,111.075
0,110.875
0,110.775
0,110.7
0,110.7
0,110.85
0,110.925
0,110.875
0,110.825
0,110.925
0,110.975
0,110.8
0,110.75
0,110.725
0,110.75
0,110.675
0,110.525
0,110.525
0,109.8
0,109.975
0,109.65
0,109.6
0,109.625
0,109.5
0,109.525
0,109.675
0,109.8
0,109.6
0,109.35
0,109.3
0,109.375
0,109.425
0,109.525
0,109.525
0,109.475
0,109.4
0,109.475
0,109.475
0,109.275
0,109.35
0,109.325
0,109.35
0,109.35
0,109.375
0,109.175
0,109.075
0,109.05
0,109.025
0,108.725
0,108.675
0,108.575
0,108.65
0,108.6
0,108.875
0,108.775
0,108.6
0,108.725
0,108.825
0,108.8
0,108.95
0,109.025
0,109.075
0,109.05
0,109.175
0,109.375
0,109.4
0,109.3
0,109.125
0,109.05
0,109.025
0,108.975
0,109
0,109
0,108.925
0,108.875
0,108.95
0,108.925
0,108.95
0,108.95
0,109.05
0,108.9
0,108.975
0,108.95
0,109
0,109.05
0,109.125
0,109.175
0,109.2
0,109.25
0,109.275
0,109.325
0,109.5
0,109.525
0,109.575
0,109.725
0,109.775
0,109.8
0,109.825
0,109.775
0,109.625
0,109.65
0,109.625
0,109.55
0,109.525
0,109.5
0,109.425
0,109.425
0,109.525
0,109.675
0,109.725
0,109.8
0,109.65
0,109.8
0,109.525
0,109.5
0,109.45
0,109.475
0,109.525
0,109.5
0,109.525
0,109.625
0,109.675
0,109.7
0,109.8
0,109.9
0,109.925
0,110
0,110.125
0,110.075
0,109.925
0,109.85
0,109.825
0,109.875
0,109.925
0,109.9
0,110
0,109.85
0,109.7
0,109.775
0,109.65
0,109.6
0,109.6
0,109.525
0,109.5
0,109.5
0,109.525
0,109.575
0,109.65
0,109.775
0,109.775
0,109.775
0,109.625
0,109.725
0,109.675
0,109.85
0,109.825
0,109.9
0,109.925
0,110
0,110.025
0,110.075
0,110.125
0,109.975
0,109.9
0,110.075
0,109.95
0,110.1
0,110.2
0,110.175
0,109.875
0,109.85
0,109.9
0,109.9
0,109.9
0,110.05
0,109.975
0,110.2
0,110.15
0,110.125
0,110.325
0,110.475
0,110.425
0,110.425
0,110.375
0,110.5
0,110.45
0,110.5
0,110.55
0,110.475
0,110.375
0,110.325
0,110.4
0,110.375
0,110.375
0,110.425
0,110.525
0,110.575
0,110.675
0,110.725
0,110.75
0,110.625
0,110.6
0,110.625
0,110.525
0,110.55
0,110.675
0,110.725
0,110.725
0,110.775
0,110.8
0,110.725
0,110.775
0,110.8
0,110.75
0,110.75
0,110.775
0,110.775
0,110.75
0,110.675
0,110.625
0,110.675
0,110.35
0,110.5
0,110.6
0,110.65
0,110.75
0,110.775
0,110.8
0,110.825
0,110.925
0,110.975
0,111
0,111.05
0,111.1
0,110.925
0,110.875
0,110.85
0,110.85
0,111
0,110.975
0,110.875
0,110.925
0,110.925
0,110.9
0,110.975
0,110.975
0,111.025
0,111
0,111.025
0,111.075
0,111.075
0,111.075
0,111.175
0,111.225
0,111.125
0,111.175
0,111.175
0,111.2
0,111.2
0,111.225
0,111.2
0,111.325
0,111.275
0,111.25
0,111.3
0,111.275
0,111.325
0,111.3
0,111.3
0,111.3
0,111.275
0,111.25
0,111.25
0,111.15
0,111.275
0,111.3
0,111.275
0,111.25
0,111.175
0,111.125
0,111.15
0,111.175
0,111.025
0,111.125
0,111.175
0,111.175
0,111.15
0,111.175
0,111.4
0,111.375
0,111.375
0,111.45
0,111.5
0,111.475
0,111.475
0,111.45
0,111.475
0,111.425
0,111.4
0,111.5
0,111.575
0,111.475
0,111.525
0,111.525
0,111.425
0,111.475
0,111.4
0,111.4
0,111.525
0,111.5
0,111.375
0,111.35
0,111.425
0,111.475
0,111.375
0,111.275
0,111.275
0,111.275
0,111.3
0,111.225
0,111.175
0,111.225
0,111.25
0,111.225
0,111.225
0,111.2
0,111.25
0,111.3
0,111.225
0,111.25
0,111.325
0,111.3
0,111.325
0,111.3
0,111.25
0,111.2
0,111.225
0,111.1
0,111.175
0,111.15
0,111.15
0,111.175
0,111.2
0,111.175
0,111.175
0,111.15
0,111.175
0,111.2
0,111.2
0,111.225
0,111.225
0,111.175
0,111.175
0,111.125
0,111.075
0,111.15
0,111.1
0,111.075
0,111.125
0,111.225
0,111.125
0,111.125
0,111.2
0,111.175
0,111.15
0,111.15
0,111.125
0,111.175
0,111.2
0,111.2
0,111.2
0,111.175
0,111.2
0,111.2
0,111.275
0,111.325
0,111.35
0,111.4
0,111.275
0,111.325
0,111.35
0,111.35
0,111.325
0,111.35
0,111.525
0,111.45
0,111.475
0,111.375
0,111.375
0,111.425
0,111.45
0,111.425
0,111.375
0,111.35
0,111.325
0,111.375
0,111.375
0,111.375
0,111.325
0,111.35
0,111.325
0,111.3
0,111.225
0,111.275
0,111.275
0,111.3
0,111.3
0,111.275
0,111.25
0,111.2
0,111.2
0,111.225
0,111.2
0,111.225
0,111.3
0,111.2
0,111.175
0,111.15
0,111.15
0,111.125
0,111.175
0,111.2
0,111.125
0,111.125
0,111.05
0,111.15
0,111.15
0,111.2
0,111.225
0,111.275
0,111.275
0,111.325
0,111.35
0,111.375
0,111.775
0,111.75
0,111.7
0,111.725
0,111.775
0,111.775
0,111.8
0,111.825
0,111.75
0,111.725
0,111.725
0,111.775
0,111.775
0,111.8
0,111.775
0,111.725
0,112
0,111.825
0,111.8
0,111.775
0,111.85
0,111.825
0,111.775
0,111.775
0,111.775
0,111.75
0,111.7
0,111.575
0,111.55
0,111.375
0,111.325
0,111.3
0,111.375
0,111.35
0,111.275
0,111.3
0,111.225
0,111.175
0,111.25
0,111.25
0,111.225
0,111.2
0,111.25
0,111.275
0,111.4
0,111.325
0,111.3
0,111.35
0,111.5
0,111.55
0,111.525
0,111.5
0,111.575
0,111.675
0,111.6
0,111.55
0,111.525
0,111.5
0,111.375
0,111.325
0,111.3
0,111.3
0,111.275
0,111.2
0,111.075
0,111.1
0,111.175
0,111.175
0,111.225
0,111.2
0,111.15
0,111.1
0,111.125
0,111.075
0,111.075
0,111.05
0,111.05
0,111.05
0,111
0,111.025
0,111.1
0,111.125
0,111.075
0,111.1
0,111.2
0,111.175
0,111.15
0,111.05
0,111
0,111
0,111.075
0,111.025
0,110.975
0,110.95
0,110.9
0,110.9
0,110.875
0,110.85
0,110.95
0,110.875
0,110.8
0,110.85
0,110.925
0,110.925
0,110.925
0,110.925
0,110.9
0,110.9
0,110.925
0,110.9
0,110.925
0,110.875
0,110.925
0,110.975
0,111
0,111
0,110.975
0,111.1
0,111.125
0,111.175
0,111.15
0,111.175
0,111.225
0,111.25
0,111.275
0,111.225
0,111.2
0,111.3
0,111.375
0,111.3
0,111.425
0,111.35
0,111.3
0,111.3
0,111.225
0,111.225
0,111.25
0,111.275
0,111.425
0,111.375
0,111.325
0,111.4
0,111.4
0,111.35
0,111.3
0,111.325
0,111.275
0,111.275
0,111.225
0,111.175
0,111.125
0,111.075
0,111.05
0,111.025
0,111.025
0,111.025
0,111
0,110.975
0,111
0,110.95
0,110.9
0,110.85
0,110.825
0,110.8
0,110.875
0,110.875
0,110.85
0,110.9
0,110.85
0,110.85
0,110.875
0,110.825
0,110.825
0,110.825
0,110.825
0,110.775
0,110.775
0,110.75
0,110.725
0,110.575
0,110.375
0,110.625
0,110.575
0,110.55
0,110.475
0,110.475
0,110.5
0,110.5
0,110.5
0,110.525
0,110.525
0,110.5
0,110.525
0,110.5
0,110.65
0,110.65
0,110.625
0,110.525
0,110.5
0,110.575
0,110.5
0,110.55
0,110.6
0,110.55
0,110.525
0,110.55
0,110.5
0,110.525
0,110.575
0,110.575
0,110.6
0,110.6
0,110.575
0,110.5
0,110.425
0,110.475
0,110.575
0,110.625
0,110.625
0,110.6
0,110.65
0,110.575
0,110.6
0,110.6
0,110.65
0,110.625
0,110.575
0,110.6
0,110.55
0,110.55
0,110.575
0,110.7
0,110.75
0,110.725
0,110.775
0,110.75
0,110.75
0,110.675
0,110.625
0,110.65
0,110.625
0,110.55
0,110.575
0,110.55
0,110.475
0,110.475
0,110.55
0,110.425
0,110.475
0,110.45
0,110.4
0,110.45
0,110.45
0,110.5
0,110.425
0,110.5
0,110.45
0,110.45
0,110.425
0,110.325
0,110.3
0,110.325
0,110.45
0,110.35
0,110.4
0,110.35
0,110.425
0,110.45
0,110.4
0,110.475
0,110.425
0,110.375
0,110.4
0,110.4
0,110.325
0,110.35
0,110.35
0,110.35
0,110.325
0,110.35
0,110.35
0,110.35
0,110.225
0,110.25
0,110.225
0,110.275
0,110.2
0,110.175
0,110.2
0,110.175
0,110.15
0,110.175
0,110.175
0,110.15
0,110.15
0,110.2
0,110.225
0,110.2
0,110.15
0,110.25
0,110.1
0,110.1
0,110.05
0,110.225
0,110.275
0,110.275
0,110.25
0,110.25
0,110.3
0,110.325
0,110.275
0,110.25
0,110.25
0,110.325
0,110.35
0,110.35
0,110.3
0,110.475
0,110.425
0,110.525
0,110.525
0,110.525
0,110.45
0,110.5
0,110.55
0,110.65
0,110.675
0,110.725
0,110.825
0,110.75
0,110.7
0,110.6
0,110.575
0,110.6
0,110.6
0,110.6
0,110.65
0,110.625
0,110.65
0,110.7
0,110.825
0,110.725
0,110.675
0,110.625
0,110.725
0,110.75
0,110.75
0,110.675
0,110.575
0,110.55
0,110.625
0,110.65
0,110.6
0,110.7
0,110.675
0,110.7
0,110.675
0,110.575
0,110.6
0,110.625
0,110.575
0,110.5
0,110.5
0,110.4
0,110.45
0,110.45
0,110.525
0,110.5
0,110.475
0,110.45
0,110.525
0,110.6
0,110.575
0,110.6
0,110.55
0,110.55
0,110.6
0,110.6
0,110.675
0,110.625
0,110.625
0,110.65
0,110.65
0,110.7
0,110.725
0,110.675
0,110.7
0,110.7
0,110.65
0,110.725
0,110.8
0,110.775
0,110.8
0,110.825
0,110.775
0,110.85
0,110.8
0,110.825
0,110.75
0,110.8
0,110.825
0,110.925
0,111.075
0,111.05
0,111.125
0,111.05
0,111.075
0,111.1
0,111.1
0,110.975
0,110.875
0,110.85
0,110.875
0,110.9
0,110.925
0,111
0,111.075
0,111.025
0,111.05
0,111.025
0,110.95
0,110.9
0,110.925
0,110.925
0,110.975
0,110.975
0,111.05
0,111.05
0,111.025
0,110.95
0,110.925
0,110.875
0,110.85
0,110.875
0,110.875
0,110.95
0,110.9
0,110.9
0,110.875
0,110.875
0,110.9
0,110.95
0,110.95
0,110.95
0,110.975
0,111.025
0,110.925
0,110.95
0,111
0,111
0,110.975
0,110.95
0,110.925
0,110.95
0,110.9
0,110.95
0,110.825
0,110.775
0,110.75
0,110.725
0,110.75
0,110.875
0,110.8
0,110.8
0,110.7
0,110.775
0,110.775
0,110.675
0,110.7
0,110.7
0,110.775
0,110.75
0,110.725
0,110.675
0,110.775
0,110.8
0,110.775
0,110.7
0,110.75
0,110.7
0,110.8
0,110.6
0,110.575
0,110.5
0,110.5
0,110.525
0,110.55
0,110.625
0,110.6
0,110.7
0,110.725
0,110.675
0,110.625
0,110.675
0,110.7
0,110.8
0,110.85
0,110.825
0,110.9
0,110.825
0,110.7
0,110.675
0,110.6
0,110.525
0,110.5
0,110.475
0,110.425
0,110.425
0,110.4
0,110.425
0,110.5
0,110.475
0,110.5
0,110.475
0,110.45
0,110.45
0,110.4
0,110.475
0,110.425
0,110.4
0,110.4
0,110.325
0,110.325
0,110.375
0,110.35
0,110.35
0,110.325
0,110.325
0,110.375
0,110.375
0,110.425
0,110.375
0,110.35
0,110.425
0,110.375
0,110.35
0,110.25
0,110.225
0,110.2
0,110.15
0,110.15
0,110.225
0,110.175
0,110.175
0,110.25
0,110.275
0,110.2
0,110.125
0,110.125
0,110.1
0,110.15
0,110.075
0,110.175
0,110.225
0,110.25
0,110.225
0,110.25
0,110.25
0,110.325
0,110.35
0,110.35
0,110.425
0,110.45
0,110.425
0,110.4
0,110.375
0,110.4
0,110.375
0,110.4
0,110.425
0,110.4
0,110.375
0,110.425
0,110.375
0,110.325
0,110.35
0,110.35
0,110.275
0,110.25
0,110.2
0,110.275
0,110.225
0,110.2
0,110.15
0,110.125
0,110.05
0,110.025
0,110
0,109.925
0,109.9
0,109.925
0,109.9
0,109.875
0,109.825
0,109.775
0,109.8
0,109.775
0,109.75
0,109.775
0,109.825
0,109.825
0,109.875
0,109.9
0,109.775
0,109.725
0,109.775
0,109.825
0,109.85
0,109.775
0,109.8
0,109.825
0,109.75
0,109.775
0,109.75
0,109.75
0,109.75
0,109.75
0,109.725
0,109.725
0,109.75
0,109.75
0,109.725
0,109.7
0,109.675
0,109.65
0,109.75
0,109.7
0,109.775
0,109.775
0,109.825
0,109.85
0,109.825
0,109.825
0,109.75
0,109.75
0,109.775
0,109.8
0,109.725
0,109.8
0,109.8
0,109.85
0,109.825
0,109.9
0,109.925
0,109.9
0,109.925
0,109.975
0,110.05
0,110.05
0,110.025
0,109.975
0,110.025
0,110.05
0,110.075
0,110.1
0,110.1
0,110.1
0,110.075
0,110.25
0,110.225
0,110.25
0,110.175
0,110.2
0,110.15
0,110.175
0,110.225
0,110.2
0,110.225
0,110.2
0,110.175
0,110.2
0,110.225
0,110.075
0,110.05
0,110.05
0,110.075
0,110.05
0,110.05
0,109.95
0,109.9
0,109.95
0,109.9
0,109.9
0,109.9
0,110
0,109.95
0,109.975
0,109.95
0,110
0,110
0,110.075
0,110.05
0,110.15
0,110.2
0,110.225
0,110.225
0,110.275
0,110.225
0,110.175
0,110.125
0,110.075
0,110.075
0,110.05
0,110.05
0,110
0,110
0,110.05
0,110.1
0,110.1
0,110.2
0,110.2
0,110.2
0,110.25
0,110.225
0,110.25
0,110.325
0,110.425
0,110.45
0,110.375
0,110.425
0,110.375
0,110.325
0,110.35
0,110.35
0,110.45
0,110.45
0,110.45
0,110.45
0,110.55
0,110.5
0,110.475
0,110.5
0,110.5
0,110.6
0,110.6
0,110.575
0,110.625
0,110.675
0,110.7
0,110.7
0,110.7
0,110.7
0,110.75
0,110.725
0,110.825
0,110.7
0,110.675
0,110.65
0,110.65
0,110.65
0,110.775
0,110.775
0,110.825
0,110.85
0,110.85
0,110.875
0,110.9
0,110.9
0,110.85
0,110.875
0,110.875
0,110.925
0,110.9
0,110.9
0,110.825
0,110.875
0,110.9
0,110.975
0,111
0,111.125
0,111.025
0,111.1
0,111.125
0,111.025
0,111.05
0,111.075
0,111.075
0,111.225
0,111.15
0,111.125
0,111.05
0,111.075
0,111.125
0,111.125
0,111.075
0,111.175
0,111.125
0,111.15
0,111.125
0,111.05
0,111.025
0,111.175
0,111.225
0,111.175
0,111.175
0,111.175
0,111.225
0,111.225
0,111.225
0,111.275
0,111.25
0,111.25
0,111.2
0,111.2
0,111.225
0,111.125
0,111.1
0,111.175
0,111.225
0,111.2
0,111.2
0,111.2
0,111.175
0,111.125
0,111.125
0,111.075
0,111.125
0,111.125
0,111.075
0,111.125
0,111.1
0,111.05
0,111.125
0,111.05
0,111.075
0,111.1
0,111.075
0,111.025
0,111.05
0,111.025
0,111
0,110.975
0,111.125
0,111.175
0,111.2
0,111.175
0,111.2
0,111.25
0,111.3
0,111.3
0,111.325
0,111.275
0,111.225
0,111.275
0,111.275
0,111.225
0,111.225
0,111.175
0,111.15
0,111.125
0,111.125
0,111.125
0,111.2
0,111.2
0,111.175
0,111.2
0,111.2
0,111.3
0,111.375
0,111.275
0,111.3
0,111.225
0,111.2
0,111.225
0,111.2
0,111.175
0,111.25
0,111.225
0,111.2
0,111.25
0,111.2
0,111.3
0,111.275
0,111.25
0,111.225
0,111.2
0,111.1
0,111.125
0,111.125
0,111.05
0,110.975
0,110.925
0,110.95
0,110.95
0,110.95
0,110.95
0,111
0,111.05
0,111.05
0,111.05
0,111.025
0,111.05
0,111.025
0,111
0,111.075
0,111.1
0,111.1
0,111.15
0,111.2
0,111.25
0,111.3
0,111.325
0,111.375
0,111.325
0,111.325
0,111.3
0,111.4
0,111.425
0,111.4
0,111.4
0,111.375
0,111.425
0,111.375
0,111.4
0,111.4
0,111.375
0,111.35
0,111.3
0,111.325
0,111.425
0,111.425
0,111.475
0,111.45
0,111.5
0,111.475
0,111.5
0,111.425
0,111.4
0,111.4
0,111.475
0,111.425
0,111.4
0,111.35
0,111.35
0,111.4
0,111.35
0,111.425
0,111.4
0,111.375
0,111.4
0,111.4
0,111.325
0,111.275
0,111.325
0,111.3
0,111.375
0,111.375
0,111.35
0,111.2
0,111.15
0,111.25
0,111.2
0,111.175
0,111.15
0,111.05
0,111
0,110.95
0,110.925
0,110.825
0,110.75
0,110.775
0,110.95
0,110.925
0,111
0,111.025
0,110.95
0,110.925
0,110.95
0,110.975
0,110.95
0,111.025
0,111
0,111
0,111.075
0,110.9
0,110.825
0,110.825
0,110.825
0,110.875
0,110.925
0,110.925
0,110.925
0,110.9
0,110.875
0,110.825
0,110.825
0,110.775
0,110.825
0,110.875
0,110.9
0,110.825
0,110.875
0,110.975
0,110.95
0,110.975
0,110.95
0,110.95
0,110.975
0,110.975
0,111.025
0,111.025
0,111
0,111.025
0,111
0,110.975
0,110.975
0,110.95
0,110.95
0,110.95
0,110.975
0,111
0,111.05
0,111.1
0,111.15
0,111.2
0,111.175
0,111.25
0,111.225
0,111.2
0,111.2
0,111.225
0,111.225
0,111.275
0,111.25
0,111.25
0,111.175
0,111.15
0,111.2
0,111.225
0,111.1
0,111.175
0,111.15
0,111.15
0,111.15
0,111.15
0,111.1
0,111.075
0,111.15
0,111.15
0,111.15
0,111.175
0,111.15
0,111.15
0,111.15
0,111.175
0,111.075
0,111.05
0,111.075
0,111.1
0,111.1
0,111.15
0,111.2
0,111.2
0,111.225
0,111.2
0,111.225
0,111.2
0,111.275
0,111.2
0,111.2
0,111.25
0,111.25
0,111.25
0,111.225
0,111.2
0,111.2
0,111.15
0,111.125
0,111.1
0,111.125
0,111.125
0,111.15
0,111.15
0,111.2
0,111.15
0,111.15
0,111.15
0,111.1
0,111.175
0,111.05
0,111.075
0,111.125
0,111.125
0,111.15
0,111.1
0,111.075
0,111.075
0,111.075
0,111.1
0,111.075
0,111.15
0,111.1
0,111.15
0,111.225
0,111.2
0,111.225
0,111.15
0,111.15
0,111.175
0,111.15
0,111.075
0,111.075
0,111.05
0,111.125
0,111.05
0,111.05
0,111.05
0,111.075
0,111.05
0,110.95
0,111.025
0,110.925
0,110.95
0,110.975
0,110.95
0,110.925
0,110.9
0,110.85
0,110.85
0,110.9
0,110.875
0,110.825
0,110.775
0,110.75
0,110.8
0,110.8
0,110.85
0,110.825
0,110.875
0,110.825
0,110.9
0,110.875
0,110.975
0,111.05
0,111.025
0,111.1
0,111.1
0,111.025
0,111.075
0,111.125
0,111.175
0,111.225
0,111.15
0,111.025
0,110.95
0,110.925
0,110.9
0,110.9
0,110.85
0,111.05
0,110.95
0,111
0,111.05
0,111.1
0,111.1
0,110.975
0,111.05
0,111.2
0,111.2
0,111.15
0,111.075
0,111.075
0,111.075
0,110.95
0,111.025
0,111.1
0,111.125
0,111.2
0,111.175
0,111.15
0,111.25
0,111.25
0,111.35
0,111.4
0,111.4
0,111.475
0,111.5
0,111.5
0,111.525
0,111.475
0,111.5
0,111.45
0,111.45
0,111.4
0,111.6
0,111.65
0,111.575
0,111.4
0,111.4
0,111.325
0,111.35
0,111.3
0,111.225
0,111.25
0,111.275
0,111.275
0,111.275
0,111.35
0,111.325
0,111.3
0,111.375
0,111.325
0,111.325
0,111.35
0,111.35
0,111.375
0,111.35
0,111.325
0,111.3
0,111.35
0,111.425
0,111.45
0,111.45
0,111.45
0,111.425
0,111.25
0,111.275
0,111.3
0,111.2
0,111.125
0,111.125
0,111.2
0,111.175
0,111.225
0,111.2
0,111.175
0,111.15
0,111.075
0,111.075
0,111.1
0,111.025
0,110.9
0,110.875
0,110.9
0,110.8
0,110.825
0,110.875
0,111.025
0,110.975
0,110.9
0,110.875
0,110.875
0,110.925
0,110.95
0,110.975
0,110.95
0,111
0,111.05
0,111.025
0,111.05
0,111.025
0,111
0,111.075
0,111.1
0,111.125
0,111.15
0,111.05
0,111.05
0,111.05
0,111.075
0,111.1
0,111.1
0,111.15
0,111.15
0,111.15
0,111.05
0,111.1
0,111.175
0,111.125
0,111.125
0,111.125
0,111.075
0,111.125
0,111.175
0,111.15
0,111.175
0,111.15
0,111.2
0,111.175
0,111.25
0,111.35
0,111.3
0,111.325
0,111.35
0,111.275
0,111.275
0,111.275
0,111.25
0,111.25
0,111.3
0,111.25
0,111.275
0,111.2
0,111.225
0,111.25
0,111.275
0,111.3
0,111.3
0,111.3
0,111.25
0,111.225
0,111.25
0,111.25
0,111.225
0,111.225
0,111.175
0,111.2
0,111.25
0,111.25
0,111.2
0,111.25
0,111.3
0,111.25
0,111.25
0,111.25
0,111.225
0,111.25
0,111.275
0,111.3
0,111.275
0,111.325
0,111.35
0,111.375
0,111.325
0,111.3
0,111.325
0,111.375
0,111.35
0,111.4
0,111.45
0,111.45
0,111.425
0,111.5
0,111.475
0,111.55
0,111.625
0,111.65
0,111.7
0,111.675
0,111.7
0,111.7
0,111.775
0,111.75
0,111.725
0,111.75
0,111.775
0,111.825
0,111.8
0,111.775
0,111.75
0,111.75
0,111.7
0,111.75
0,111.75
0,111.7
0,111.7
0,111.625
0,111.625
0,111.6
0,111.575
0,111.625
0,111.65
0,111.65
0,111.675
0,111.725
0,111.75
0,111.8
0,111.875
0,111.825
0,111.75
0,111.75
0,111.75
0,111.725
0,111.75
0,111.725
0,111.675
0,111.725
0,111.725
0,111.725
0,111.65
0,111.65
0,111.675
0,111.725
0,111.675
0,111.7
0,111.775
0,111.75
0,111.9
0,111.9
0,111.9
0,111.825
0,111.8
0,111.825
0,111.9
0,111.9
0,111.875
0,111.9
0,111.9
0,111.825
0,111.85
0,111.825
0,111.85
0,111.85
0,111.85
0,111.775
0,111.825
0,111.8
0,111.8
0,111.8
0,111.75
0,111.775
0,111.725
0,111.75
0,111.725
0,111.6
0,111.575
0,111.6
0,111.625
0,111.575
0,111.65
0,111.65
0,111.6
0,111.55
0,111.6
0,111.55
0,111.6
0,111.6
0,111.725
0,111.675
0,111.65
0,111.7
0,111.65
0,111.575
0,111.65
0,111.625
0,111.7
0,111.725
0,111.75
0,111.825
0,111.8
0,111.75
0,111.75
0,111.75
0,111.675
0,111.65
0,111.65
0,111.725
0,111.7
0,111.675
0,111.7
0,111.75
0,111.7
0,111.725
0,111.675
0,111.625
0,111.575
0,111.6
0,111.625
0,111.55
0,111.475
0,111.45
0,111.475
0,111.5
0,111.65
0,111.675
0,111.7
0,111.725
0,111.775
0,111.825
0,111.85
0,111.925
0,111.95
0,111.95
0,112.025
0,111.975
0,112.075
0,112.1
0,112.15
0,112.175
0,112.15
0,112.075
0,112.175
0,112.475
0,112.3
0,112.225
0,112.175
0,112.1
0,112
0,111.925
0,111.825
0,111.775
0,111.675
0,111.65
0,111.575
0,111.5
0,111.45
0,111.475
0,111.475
0,111.475
0,111.525
0,111.475
0,111.425
0,111.4
0,111.375
0,111.35
0,111.425
0,111.425
0,111.4
0,111.35
0,111.375
0,111.45
0,111.35
0,111.35
0,111.4
0,111.4
0,111.375
0,111.4
0,111.425
0,111.425
0,111.475
0,111.5
0,111.525
0,111.575
0,111.625
0,111.6
0,111.6
0,111.725
0,111.675
0,111.65
0,111.675
0,111.725
0,111.75
0,111.7
0,111.65
0,111.7
0,111.675
0,111.625
0,111.6
0,111.575
0,111.6
0,111.6
0,111.675
0,111.65
0,111.675
0,111.75
0,111.7
0,111.725
0,111.7
0,111.675
0,111.675
0,111.775
0,111.7
0,111.65
0,111.7
0,111.675
0,111.6
0,111.55
0,111.525
0,111.55
0,111.5
0,111.45
0,111.45
0,111.425
0,111.425
0,111.45
0,111.5
0,111.425
0,111.4
0,111.375
0,111.4
0,111.425
0,111.45
0,111.5
0,111.575
0,111.55
0,111.525
0,111.5
0,111.5
0,111.5
0,111.5
0,111.45
0,111.45
0,111.475
0,111.45
0,111.4
0,111.425
0,111.55
0,111.55
0,111.575
0,111.6
0,111.55
0,111.55
0,111.55
0,111.625
0,111.55
0,111.5
0,111.55
0,111.5
0,111.425
0,111.475
0,111.525
0,111.45
0,111.425
0,111.4
0,111.4
0,111.4
0,111.45
0,111.475
0,111.45
0,111.5
0,111.5
0,111.5
0,111.475
0,111.525
0,111.575
0,111.575
0,111.55
0,111.575
0,111.575
0,111.525
0,111.475
0,111.525
0,111.475
0,111.45
0,111.45
0,111.575
0,111.575
0,111.55
0,111.625
0,111.575
0,111.675
0,111.65
0,111.65
0,111.625
0,111.625
0,111.6
0,111.625
0,111.675
0,111.6
0,111.625
0,111.575
0,111.725
0,111.825
0,111.775
0,111.925
0,112
0,112.075
0,112.075
0,112
0,111.975
0,112.05
0,112.075
0,112.125
0,112.075
0,112.075
0,112.1
0,112.125
0,112.1
0,112.15
0,112.125
0,112.15
0,112.225
0,112.275
0,112.225
0,112.275
0,112.3
0,112.3
0,112.275
0,112.175
0,112.175
0,112.15
0,112.2
0,112.25
0,112.275
0,112.2
0,112.25
0,112.225
0,112.25
0,112.275
0,112.225
0,112.325
0,112.4
0,112.35
0,112.375
0,112.325
0,112.3
0,112.3
0,112.325
0,112.325
0,112.3
0,112.425
0,112.5
0,112.625
0,112.5
0,112.425
0,112.4
0,112.575
0,112.575
0,112.55
0,112.575
0,112.45
0,112.4
0,112.4
0,112.425
0,112.4
0,112.3
0,112.15
0,112.175
0,112.175
0,112.225
0,112.225
0,112.3
0,112.275
0,112.225
0,112.2
0,112.2
0,112.175
0,112.175
0,112.2
0,112.15
0,112.2
0,112.275
0,112.225
0,112.2
0,112.2
0,112.15
0,111.975
0,112
0,112.025
0,112.075
0,112.025
0,112.075
0,112.05
0,112.075
0,112.125
0,112.15
0,112.175
0,112.25
0,112.2
0,112.275
0,112.25
0,112.225
0,112.15
0,112.225
0,112.15
0,112.025
0,112.05
0,112.025
0,111.975
0,111.95
0,111.975
0,112.025
0,111.975
0,111.925
0,111.9
0,111.85
0,111.85
0,111.825
0,111.85
0,111.325
0,111.15
0,111.275
0,111.325
0,111.25
0,111.1
0,111.2
0,111.175
0,111.35
0,111.325
0,111.3
0,111.225
0,111.225
0,111.2
0,111.2
0,111.15
0,111.2
0,111.15
0,111.125
0,111.125
0,111.175
0,111.225
0,111.25
0,111.2
0,111.2
0,111.275
0,111.2
0,111.2
0,111.2
0,111.25
0,111.2
0,111.125
0,111.125
0,111.175
0,111.05
0,111.025
0,111.075
0,111.075
0,111.1
0,111.025
0,111.075
0,111.05
0,111.1
0,111.075
0,111.05
0,111.075
0,111.075
0,111.05
0,111.1
0,111.125
0,111.2
0,111.2
0,111.225
0,111.2
0,111.225
0,111.175
0,111.1
0,111.1
0,111.125
0,111.125
0,111.075
0,111.05
0,111.1
0,111.125
0,111.1
0,111.075
0,111.025
0,111.05
0,111.1
0,111.075
0,111.1
0,111.15
0,111.15
0,111.125
0,111.15
0,111.2
0,111.2
0,111.175
0,111.15
0,111.225
0,111.225
0,111.325
0,111.3
0,111.3
0,111.35
0,111.375
0,111.325
0,111.325
0,111.325
0,111.3
0,111.3
0,111.325
0,111.325
0,111.3
0,111.325
0,111.425
0,111.4
0,111.425
0,111.45
0,111.45
0,111.525
0,111.525
0,111.625
0,111.65
0,111.575
0,111.6
0,111.625
0,111.6
0,111.625
0,111.625
0,111.625
0,111.575
0,111.625
0,111.6
0,111.625
0,111.6
0,111.525
0,111.625
0,111.6
0,111.525
0,111.5
0,111.4
0,111.35
0,111.4
0,111.425
0,111.425
0,111.525
0,111.4
0,111.425
0,111.425
0,111.225
0,111.25
0,111.225
0,111.2
0,111.25
0,111.25
0,111.225
0,111.125
0,111.125
0,111.1
0,111.075
0,111.15
0,111.125
0,111.075
0,111.025
0,111.075
0,111.05
0,110.975
0,111
0,111
0,110.975
0,110.925
0,110.85
0,110.9
0,110.975
0,110.95
0,110.925
0,110.95
0,110.95
0,110.95
0,110.975
0,110.95
0,110.975
0,111.075
0,111.075
0,111.075
0,111.075
0,111.1
0,111.125
0,111.15
0,111.15
0,111.175
0,111.125
0,111.15
0,111.1
0,111.05
0,111.075
0,111.05
0,110.975
0,111.05
0,111.075
0,111.05
0,111.05
0,111.025
0,111.025
0,110.975
0,111.05
0,111.075
0,111.05
0,111.075
0,111.125
0,111.15
0,111.2
0,111.175
0,111.15
0,111.2
0,111.275
0,111.3
0,111.275
0,111.3
0,111.325
0,111.35
0,111.35
0,111.35
0,111.375
0,111.4
0,111.4
0,111.4
0,111.45
0,111.475
0,111.45
0,111.5
0,111.5
0,111.475
0,111.425
0,111.5
0,111.475
0,111.475
0,111.5
0,111.5
0,111.425
0,111.425
0,111.375
0,111.4
0,111.35
0,111.3
0,111.35
0,111.325
0,111.325
0,111.3
0,111.225
0,111.2
0,111.2
0,111.175
0,111.2
0,111.125
0,111.15
0,111.225
0,111.175
0,111.15
0,111.175
0,111.175
0,111.075
0,111.125
0,111.15
0,111.25
0,111.325
0,111.4
0,111.425
0,111.35
0,111.35
0,111.375
0,111.4
0,111.4
0,111.4
0,111.475
0,111.425
0,111.45
0,111.525
0,111.475
0,111.525
0,111.575
0,111.525
0,111.55
0,111.625
0,111.575
0,111.525
0,111.55
0,111.625
0,111.725
0,111.775
0,111.7
0,111.675
0,111.575
0,111.625
0,111.675
0,111.65
0,111.625
0,111.65
0,111.675
0,111.7
0,111.75
0,111.725
0,111.75
0,111.75
0,111.825
0,111.775
0,111.75
0,111.775
0,111.775
0,111.725
0,111.675
0,111.7
0,111.7
0,111.675
0,111.725
0,111.75
0,111.8
0,111.875
0,111.85
0,111.875
0,111.9
0,111.875
0,111.85
0,111.975
0,111.95
0,111.9
0,112.025
0,112.025
0,112.05
0,112
0,112.05
0,112.05
0,112.075
0,112.1
0,112.175
0,112.125
0,112.175
0,112.2
0,112.175
0,112.225
0,112.325
0,112.3
0,112.225
0,112.325
0,112.3
0,111.4
0,111.425
0,111.5
0,111.25
0,111.3
0,111.3
0,111.35
0,111.475
0,111.5
0,111.5
0,111.525
0,111.575
0,111.525
0,111.6
0,111.575
0,111.475
0,111.375
0,111.425
0,111.375
0,111.325
0,111.2
0,111.225
0,111.125
0,111.25
0,111.275
0,111.325
0,111.275
0,111.175
0,111.1
0,111.125
0,111.15
0,111.15
0,111.075
0,111
0,111.075
0,111.025
0,111.075
0,111.025
0,111.025
0,111.05
0,110.975
0,110.95
0,110.8
0,110.75
0,110.675
0,110.625
0,110.65
0,110.575
0,110.5
0,110.525
0,110.625
0,110.625
0,110.675
0,110.65
0,110.55
0,110.525
0,110.5
0,110.425
0,110.375
0,110.425
0,110.4
0,110.375
0,110.35
0,110.35
0,110.45
0,110.525
0,110.425
0,110.425
0,110.45
0,110.525
0,110.625
0,110.6
0,110.6
0,110.35
0,110.375
0,110.425
0,110.4
0,110.375
0,110.375
0,110.375
0,110.4
0,110.325
0,110.375
0,110.4
0,110.375
0,110.425
0,110.4
0,110.375
0,110.425
0,110.425
0,110.475
0,110.45
0,110.425
0,110.4
0,110.425
0,110.425
0,110.35
0,110.325
0,110.325
0,110.375
0,110.3
0,110.225
0,110.25
0,110.275
0,110.325
0,110.275
0,110.3
0,110.2
0,110.175
0,110.225
0,110.325
0,110.35
0,110.425
0,110.45
0,110.425
0,110.425
0,110.35
0,110.375
0,110.4
0,110.25
0,110.25
0,110.225
0,110.25
0,110.2
0,110.125
0,110.1
0,110.1
0,110.125
0,110.15
0,110.1
0,110.125
0,110.125
0,110.15
0,110.15
0,110.15
0,110.15
0,110.125
0,110.15
0,110.2
0,110.2
0,110.175
0,110.3
0,110.4
0,110.425
0,110.425
0,110.525
0,110.475
0,110.375
0,110.35
0,110.35
0,110.375
0,110.4
0,110.425
0,110.45
0,110.4
0,110.4
0,110.4
0,110.425
0,110.375
0,110.4
0,110.45
0,110.425
0,110.45
0,110.45
0,110.4
0,110.4
0,110.4
0,110.425
0,110.35
0,110.3
0,110.25
0,110.2
0,110.125
0,110.15
0,110.1
0,110.1
0,110.05
0,109.95
0,109.9
0,109.925
0,109.85
0,109.8
0,109.85
0,109.9
0,109.95
0,109.975
0,110
0,109.7
0,109.625
0,109.625
0,109.675
0,109.725
0,109.75
0,109.75
0,109.75
0,109.775
0,109.825
0,109.975
0,110.1
0,110.05
0,110.1
0,110.05
0,110
0,109.975
0,109.975
0,110.025
0,109.975
0,110.05
0,109.975
0,110
0,109.925
0,110
0,110.1
0,110.025
0,110.05
0,110.025
0,110.05
0,110.025
0,110
0,110
0,110.075
0,110.075
0,110.075
0,109.95
0,110
0,110
0,110.025
0,110
0,110
0,109.9
0,109.85
0,109.825
0,109.875
0,109.825
0,109.85
0,110
0,109.95
0,109.95
0,109.925
0,109.95
0,109.925
0,109.95
0,110
0,110
0,110
0,109.975
0,109.95
0,109.975
0,109.9
0,109.85
0,109.8
0,109.8
0,109.775
0,109.675
0,109.625
0,109.7
0,109.725
0,109.8
0,109.95
0,109.925
0,109.975
0,110
0,110.05
0,110.05
0,110.025
0,110
0,110.025
0,110.05
0,110.075
0,110.15
0,110.125
0,110.075
0,110.05
0,110.075
0,110.05
0,110.05
0,109.975
0,110
0,109.9
0,109.875
0,109.975
0,109.95
0,109.975
0,109.9
0,109.825
0,109.85
0,109.925
0,109.925
0,109.95
0,109.875
0,109.8
0,109.85
0,109.9
0,109.9
0,109.95
0,109.95
0,110.075
0,110.05
0,110.125
0,110.1
0,110.175
0,110.125
0,110.15
0,110.075
0,110.025
0,109.95
0,109.95
0,109.875
0,109.875
0,109.9
0,109.9
0,109.9
0,109.825
0,109.9
0,110
0,109.95
0,109.9
0,109.925
0,109.95
0,109.95
0,109.55
0,109.675
0,109.65
0,109.675
0,109.725
0,109.825
0,110.025
0,110.225
0,110.325
0,110.475
0,110.65
0,110.725
0,110.7
0,110.85
0,110.925
0,110.875
0,111.05
0,111.05
0,111.025
0,110.975
0,111.125
0,111.125
0,111.175
0,111.125
0,111.075
0,111.2
0,111.225
0,111.15
0,111.225
0,111.2
0,111.325
0,111.325
0,111.3
0,111.175
0,111.3
0,111.325
0,111.5
0,111.475
0,111.575
0,111.675
0,111.6
0,111.65
0,111.65
0,111.775
0,111.8
0,111.7
0,111.625
0,111.75
0,111.725
0,111.75
0,111.7
0,111.775
0,111.75
0,111.75
0,111.85
0,111.8
0,111.675
0,111.65
0,111.65
0,111.625
0,111.6
0,111.525
0,111.475
0,111.425
0,111.475
0,111.5
0,111.525
0,111.6
0,111.525
0,111.5
0,111.425
0,111.55
0,111.5
0,111.5
0,111.5
0,111.525
0,111.525
0,111.5
0,111.55
0,111.575
0,111.65
0,111.625
0,111.575
0,111.5
0,111.475
0,111.55
0,111.55
0,111.575
0,111.55
0,111.425
0,111.475
0,111.375
0,111.325
0,111.35
0,111.325
0,111.35
0,111.35
0,111.375
0,111.35
0,111.4
0,111.325
0,111.35
0,111.375
0,111.35
0,111.3
0,111.2
0,111.1
0,111.15
0,111.075
0,111.15
0,111.125
0,111
0,111.05
0,111.025
0,111
0,110.825
0,110.85
0,110.825
0,110.85
0,110.825
0,110.775
0,110.775
0,110.725
0,110.75
0,110.8
0,110.8
0,110.825
0,110.85
0,110.825
0,110.8
0,110.75
0,110.75
0,110.725
0,110.75
0,110.75
0,110.775
0,110.75
0,110.725
0,110.725
0,110.75
0,110.725
0,110.75
0,110.725
0,110.75
0,110.7
0,110.675
0,110.65
0,110.675
0,110.7
0,110.75
0,110.75
0,110.725
0,110.775
0,110.8
0,110.85
0,110.825
0,110.775
0,110.775
0,110.725
0,110.65
0,110.6
0,110.525
0,110.55
0,110.525
0,110.55
0,110.525
0,110.55
0,110.575
0,110.55
0,110.525
0,110.5
0,110.475
0,110.45
0,110.525
0,110.525
0,110.55
0,110.525
0,110.65
0,110.7
0,110.7
0,110.65
0,110.575
0,110.65
0,110.675
0,110.65
0,110.625
0,110.625
0,110.6
0,110.625
0,110.525
0,110.525
0,110.475
0,110.45
0,110.4
0,110.425
0,110.4
0,110.45
0,110.425
0,110.425
0,110.475
0,110.425
0,110.45
0,110.425
0,110.4
0,110.325
0,110.225
0,110.175
0,110.125
0,110.15
0,110.15
0,110.2
0,110.175
0,110.25
0,110.275
0,110.275
0,110.275
0,110.25
0,110.325
0,110.325
0,110.3
0,110.275
0,110.3
0,110.3
0,110.3
0,110.325
0,110.275
0,110.275
0,110.25
0,110.15
0,110.15
0,110.125
0,110.075
0,110.1
0,110.125
0,110.2
0,110.35
0,110.3
0,110.175
0,110.15
0,110.2
0,110.25
0,110.25
0,110.325
0,110.35
0,110.4
0,110.475
0,110.45
0,110.325
0,110.325
0,110.3
0,110.15
0,110.15
0,110.125
0,110.15
0,110.2
0,110.175
0,110.2
0,110.225
0,110.25
0,110.25
0,110.175
0,110.175
0,110.225
0,110.275
0,110.225
0,110.225
0,110.175
0,110.175
0,110.175
0,110.125
0,110.15
0,110.2
0,110.35
0,110.4
0,110.3
0,110.45
0,110.375
0,110.35
0,110.4
0,110.575
0,110.625
0,110.6
0,110.6
0,110.525
0,110.5
0,110.475
0,110.5
0,110.525
0,110.525
0,110.5
0,110.45
0,110.375
0,110.325
0,110.225
0,110.175
0,110.25
0,110.275
0,110.325
0,110.35
0,110.35
0,110.275
0,110.3
0,110.35
0,110.35
0,110.475
0,110.425
0,110.45
0,110.55
0,110.575
0,110.6
0,110.5
0,110.5
0,110.475
0,110.5
0,110.625
0,110.65
0,110.725
0,110.675
0,110.7
0,110.7
0,110.675
0,110.625
0,110.575
0,110.6
0,110.65
0,110.675
0,110.675
0,110.725
0,110.7
0,110.7
0,110.675
0,110.75
0,110.75
0,110.75
0,110.675
0,110.65
0,110.775
0,110.725
0,110.775
0,110.75
0,110.775
0,110.825
0,110.8
0,110.825
0,110.85
0,110.95
0,110.95
0,111
0,111.025
0,7.731
0,7.658
0,7.602
0,7.576
0,7.575
0,7.618
0,7.553
0,7.525
0,7.48
0,7.473
0,7.514
0,7.508
0,7.563
0,7.56
0,7.566
0,7.565
0,7.578
0,7.578
0,7.572
0,7.54
0,7.498
0,7.486
0,7.494
0,7.505
0,7.504
0,7.492
0,7.499
0,7.528
0,7.524
0,7.528
0,7.542
0,7.593
0,7.574
0,7.55
0,7.56
0,7.548
0,7.555
0,7.542
0,7.521
0,7.549
0,7.568
0,7.586
0,7.589
0,7.598
0,7.588
0,7.575
0,7.578
0,7.584
0,7.587
0,7.588
0,7.586
0,7.586
0,7.594
0,7.602
0,7.594
0,7.594
0,7.59
0,7.591
0,7.566
0,7.55
0,7.575
0,7.613
0,7.583
0,7.606
0,7.576
0,7.59
0,7.611
0,7.642
0,7.654
0,7.645
0,7.636
0,7.649
0,7.659
0,7.653
0,7.652
0,7.666
0,7.654
0,7.678
0,7.696
0,7.69
0,7.694
0,7.686
0,7.682
0,7.659
0,7.618
0,7.624
0,7.64
0,7.644
0,7.661
0,7.654
0,7.654
0,7.646
0,7.658
0,7.622
0,7.632
0,7.636
0,7.631
0,7.624
0,7.622
0,7.626
0,7.622
0,7.618
0,7.609
0,7.608
0,7.601
0,7.59
0,7.59
0,7.59
0,7.585
0,7.582
0,7.59
0,7.585
0,7.582
0,7.586
0,7.585
0,7.589
0,7.595
0,7.604
0,7.616
0,7.615
0,7.625
0,7.614
0,7.628
0,7.65
0,7.638
0,7.649
0,7.636
0,7.64
0,7.648
0,7.642
0,7.626
0,7.616
0,7.601
0,7.618
0,7.618
0,7.604
0,7.589
0,7.595
0,7.58
0,7.565
0,7.538
0,7.54
0,7.572
0,7.556
0,7.567
0,7.572
0,7.541
0,7.544
0,7.554
0,7.55
0,7.536
0,7.534
0,7.52
0,7.525
0,7.508
0,7.512
0,7.514
0,7.531
0,7.528
0,7.525
0,7.511
0,7.509
0,7.506
0,7.504
0,7.51
0,7.527
0,7.508
0,7.512
0,7.518
0,7.51
0,7.512
0,7.504
0,7.495
0,7.512
0,7.506
0,7.504
0,7.531
0,7.513
0,7.521
0,7.531
0,7.524
0,7.526
0,7.526
0,7.521
0,7.512
0,7.515
0,7.508
0,7.495
0,7.5
0,7.496
0,7.505
0,7.504
0,7.514
0,7.502
0,7.497
0,7.502
0,7.489
0,7.501
0,7.5
0,7.494
0,7.485
0,7.48
0,7.476
0,7.471
0,7.474
0,7.476
0,7.486
0,7.47
0,7.47
0,7.47
0,7.462
0,7.466
0,7.472
0,7.472
0,7.478
0,7.48
0,7.48
0,7.476
0,7.477
0,7.47
0,7.474
0,7.486
0,7.48
0,7.483
0,7.486
0,7.488
0,7.469
0,7.476
0,7.492
0,7.481
0,7.48
0,7.48
0,7.482
0,7.482
0,7.483
0,7.492
0,7.486
0,7.488
0,7.502
0,7.514
0,7.522
0,7.502
0,7.496
0,7.503
0,7.502
0,7.504
0,7.505
0,7.502
0,7.501
0,7.49
0,7.501
0,7.503
0,7.496
0,7.498
0,7.502
0,7.495
0,7.494
0,7.49
0,7.478
0,7.474
0,7.488
0,7.476
0,7.473
0,7.457
0,7.474
0,7.484
0,7.466
0,7.468
0,7.464
0,7.473
0,7.467
0,7.469
0,7.466
0,7.478
0,7.48
0,7.488
0,7.472
0,7.46
0,7.469
0,7.458
0,7.464
0,7.468
0,7.464
0,7.462
0,7.46
0,7.446
0,7.432
0,7.438
0,7.422
0,7.414
0,7.424
0,7.422
0,7.425
0,7.435
0,7.43
0,7.439
0,7.448
0,7.438
0,7.45
0,7.457
0,7.46
0,7.466
0,7.468
0,7.47
0,7.47
0,7.486
0,7.475
0,7.465
0,7.451
0,7.455
0,7.449
0,7.444
0,7.444
0,7.458
0,7.457
0,7.458
0,7.459
0,7.456
0,7.448
0,7.44
0,7.45
0,7.454
0,7.46
0,7.451
0,7.452
0,7.463
0,7.468
0,7.47
0,7.472
0,7.486
0,7.482
0,7.472
0,7.487
0,7.496
0,7.488
0,7.488
0,7.46
0,7.474
0,7.464
0,7.46
0,7.464
0,7.461
0,7.452
0,7.456
0,7.446
0,7.444
0,7.455
0,7.465
0,7.472
0,7.464
0,7.471
0,7.467
0,7.469
0,7.472
0,7.46
0,7.452
0,7.45
0,7.461
0,7.456
0,7.473
0,7.478
0,7.472
0,7.478
0,7.472
0,7.476
0,7.475
0,7.47
0,7.468
0,7.468
0,7.478
0,7.488
0,7.472
0,7.481
0,7.494
0,7.482
0,7.483
0,7.48
0,7.484
0,7.484
0,7.474
0,7.48
0,7.476
0,7.481
0,7.486
0,7.482
0,7.478
0,7.488
0,7.509
0,7.51
0,7.515
0,7.53
0,7.543
0,7.552
0,7.553
0,7.567
0,7.552
0,7.565
0,7.564
0,7.554
0,7.552
0,7.553
0,7.552
0,7.56
0,7.548
0,7.547
0,7.538
0,7.538
0,7.532
0,7.536
0,7.544
0,7.56
0,7.552
0,7.546
0,7.546
0,7.546
0,7.557
0,7.547
0,7.557
0,7.578
0,7.583
0,7.607
0,7.616
0,7.608
0,7.61
0,7.617
0,7.608
0,7.61
0,7.63
0,7.605
0,7.605
0,7.618
0,7.619
0,7.626
0,7.634
0,7.642
0,7.639
0,7.644
0,7.642
0,7.648
0,7.647
0,7.646
0,7.664
0,7.659
0,7.658
0,7.662
0,7.664
0,7.65
0,7.652
0,7.67
0,7.666
0,7.666
0,7.673
0,7.67
0,7.662
0,7.671
0,7.67
0,7.667
0,7.666
0,7.666
0,7.658
0,7.659
0,7.658
0,7.671
0,7.666
0,7.658
0,7.672
0,7.664
0,7.67
0,7.67
0,7.677
0,7.674
0,7.668
0,7.668
0,7.672
0,7.668
0,7.658
0,7.664
0,7.662
0,7.678
0,7.7
0,7.714
0,7.718
0,7.717
0,7.707
0,7.688
0,7.689
0,7.69
0,7.704
0,7.698
0,7.702
0,7.699
0,7.698
0,7.7
0,7.704
0,7.71
0,7.713
0,7.715
0,7.724
0,7.718
0,7.706
0,7.714
0,7.706
0,7.706
0,7.715
0,7.746
0,7.74
0,7.767
0,7.788
0,7.784
0,7.832
0,7.848
0,7.813
0,7.806
0,7.791
0,7.784
0,7.759
0,7.716
0,7.728
0,7.72
0,7.726
0,7.702
0,7.714
0,7.711
0,7.716
0,7.698
0,7.702
0,7.697
0,7.68
0,7.679
0,7.682
0,7.684
0,7.712
0,7.7
0,7.687
0,7.678
0,7.678
0,7.684
0,7.695
0,7.683
0,7.668
0,7.664
0,7.664
0,7.653
0,7.668
0,7.669
0,7.668
0,7.664
0,7.643
0,7.644
0,7.646
0,7.646
0,7.65
0,7.64
0,7.648
0,7.633
0,7.632
0,7.62
0,7.62
0,7.613
0,7.62
0,7.624
0,7.624
0,7.624
0,7.617
0,7.622
0,7.612
0,7.615
0,7.62
0,7.628
0,7.648
0,7.654
0,7.652
0,7.652
0,7.656
0,7.663
0,7.661
0,7.674
0,7.689
0,7.681
0,7.697
0,7.702
0,7.68
0,7.684
0,7.687
0,7.694
0,7.686
0,7.679
0,7.69
0,7.684
0,7.681
0,7.669
0,7.673
0,7.678
0,7.669
0,7.662
0,7.668
0,7.65
0,7.655
0,7.666
0,7.666
0,7.661
0,7.661
0,7.658
0,7.661
0,7.654
0,7.662
0,7.663
0,7.668
0,7.668
0,7.669
0,7.654
0,7.655
0,7.662
0,7.675
0,7.674
0,7.677
0,7.678
0,7.687
0,7.694
0,7.698
0,7.702
0,7.698
0,7.696
0,7.71
0,7.708
0,7.707
0,7.714
0,7.708
0,7.712
0,7.716
0,7.716
0,7.716
0,7.723
0,7.714
0,7.714
0,7.712
0,7.712
0,7.696
0,7.704
0,7.711
0,7.712
0,7.713
0,7.704
0,7.705
0,7.706
0,7.694
0,7.688
0,7.694
0,7.697
0,7.7
0,7.703
0,7.686
0,7.678
0,7.684
0,7.688
0,7.688
0,7.692
0,7.685
0,7.678
0,7.684
0,7.693
0,7.702
0,7.696
0,7.69
0,7.688
0,7.681
0,7.679
0,7.674
0,7.672
0,7.671
0,7.678
0,7.678
0,7.679
0,7.674
0,7.655
0,7.652
0,7.647
0,7.642
0,7.632
0,7.626
0,7.632
0,7.629
0,7.634
0,7.648
0,7.643
0,7.645
0,7.647
0,7.643
0,7.638
0,7.635
0,7.629
0,7.617
0,7.622
0,7.624
0,7.628
0,7.632
0,7.632
0,7.632
0,7.628
0,7.632
0,7.642
0,7.634
0,7.629
0,7.631
0,7.63
0,7.636
0,7.64
0,7.622
0,7.617
0,7.624
0,7.63
0,7.64
0,7.642
0,7.64
0,7.637
0,7.629
0,7.619
0,7.616
0,7.613
0,7.612
0,7.614
0,7.611
0,7.596
0,7.607
0,7.592
0,7.585
0,7.592
0,7.589
0,7.584
0,7.58
0,7.574
0,7.584
0,7.588
0,7.59
0,7.594
0,7.598
0,7.586
0,7.582
0,7.569
0,7.572
0,7.569
0,7.572
0,7.579
0,7.578
0,7.576
0,7.588
0,7.589
0,7.584
0,7.595
0,7.602
0,7.61
0,7.6
0,7.601
0,7.602
0,7.601
0,7.602
0,7.602
0,7.594
0,7.598
0,7.59
0,7.597
0,7.61
0,7.614
0,7.612
0,7.611
0,7.618
0,7.612
0,7.616
0,7.608
0,7.602
0,7.604
0,7.604
0,7.605
0,7.607
0,7.606
0,7.604
0,7.612
0,7.61
0,7.621
0,7.624
0,7.638
0,7.63
0,7.627
0,7.62
0,7.616
0,7.622
0,7.629
0,7.623
0,7.62
0,7.619
0,7.62
0,7.622
0,7.62
0,7.618
0,7.616
0,7.627
0,7.633
0,7.634
0,7.634
0,7.63
0,7.628
0,7.624
0,7.628
0,7.637
0,7.63
0,7.63
0,7.622
0,7.618
0,7.616
0,7.618
0,7.608
0,7.6
0,7.599
0,7.592
0,7.589
0,7.588
0,7.589
0,7.604
0,7.596
0,7.595
0,7.6
0,7.603
0,7.601
0,7.596
0,7.601
0,7.603
0,7.608
0,7.605
0,7.604
0,7.606
0,7.604
0,7.602
0,7.603
0,7.608
0,7.606
0,7.608
0,7.612
0,7.608
0,7.604
0,7.606
0,7.606
0,7.602
0,7.614
0,7.602
0,7.605
0,7.606
0,7.602
0,7.604
0,7.599
0,7.588
0,7.593
0,7.589
0,7.588
0,7.586
0,7.586
0,7.592
0,7.592
0,7.598
0,7.601
0,7.597
0,7.594
0,7.591
0,7.588
0,7.586
0,7.586
0,7.586
0,7.589
0,7.586
0,7.586
0,7.587
0,7.588
0,7.592
0,7.59
0,7.587
0,7.582
0,7.578
0,7.574
0,7.573
0,7.569
0,7.57
0,7.572
0,7.574
0,7.574
0,7.578
0,7.582
0,7.577
0,7.575
0,7.577
0,7.577
0,7.58
0,7.588
0,7.589
0,7.588
0,7.587
0,7.588
0,7.586
0,7.594
0,7.588
0,7.592
0,7.594
0,7.586
0,7.588
0,7.592
0,7.588
0,7.584
0,7.582
0,7.586
0,7.582
0,7.59
0,7.591
0,7.59
0,7.59
0,7.594
0,7.594
0,7.597
0,7.594
0,7.592
0,7.586
0,7.601
0,7.598
0,7.599
0,7.574
0,7.57
0,7.559
0,7.561
0,7.554
0,7.549
0,7.558
0,7.572
0,7.572
0,7.574
0,7.574
0,7.585
0,7.596
0,7.588
0,7.585
0,7.587
0,7.585
0,7.596
0,7.591
0,7.588
0,7.582
0,7.598
0,7.602
0,7.596
0,7.593
0,7.598
0,7.604
0,7.608
0,7.6
0,7.6
0,7.606
0,7.595
0,7.596
0,7.59
0,7.608
0,7.613
0,7.614
0,7.608
0,7.61
0,7.608
0,7.589
0,7.598
0,7.594
0,7.599
0,7.601
0,7.597
0,7.602
0,7.608
0,7.616
0,7.616
0,7.622
0,7.624
0,7.632
0,7.637
0,7.636
0,7.643
0,7.639
0,7.637
0,7.64
0,7.638
0,7.637
0,7.638
0,7.65
0,7.654
0,7.658
0,7.654
0,7.66
0,7.66
0,7.654
0,7.65
0,7.644
0,7.652
0,7.652
0,7.64
0,7.634
0,7.63
0,7.635
0,7.637
0,7.632
0,7.625
0,7.626
0,7.63
0,7.625
0,7.616
0,7.63
0,7.627
0,7.638
0,7.64
0,7.634
0,7.766
0,7.768
0,7.77
0,7.759
0,7.758
0,7.732
0,7.739
0,7.729
0,7.738
0,7.72
0,7.738
0,7.718
0,7.72
0,7.722
0,7.723
0,7.688
0,7.689
0,7.705
0,7.706
0,7.706
0,7.709
0,7.721
0,7.706
0,7.686
0,7.68
0,7.666
0,7.634
0,7.656
0,7.664
0,7.659
0,7.65
0,7.653
0,7.648
0,7.635
0,7.64
0,7.646
0,7.646
0,7.648
0,7.652
0,7.654
0,7.646
0,7.647
0,7.646
0,7.639
0,7.649
0,7.646
0,7.655
0,7.659
0,7.672
0,7.681
0,7.691
0,7.699
0,7.704
0,7.713
0,7.712
0,7.706
0,7.716
0,7.714
0,7.718
0,7.726
0,7.722
0,7.729
0,7.723
0,7.724
0,7.717
0,7.714
0,7.706
0,7.717
0,7.715
0,7.712
0,7.706
0,7.715
0,7.718
0,7.71
0,7.698
0,7.7
0,7.695
0,7.704
0,7.716
0,7.721
0,7.736
0,7.744
0,7.742
0,7.752
0,7.746
0,7.742
0,7.748
0,7.778
0,7.787
0,7.788
0,7.79
0,7.786
0,7.79
0,7.792
0,7.798
0,7.794
0,7.794
0,7.793
0,7.782
0,7.787
0,7.786
0,7.803
0,7.791
0,7.787
0,7.792
0,7.795
0,7.799
0,7.79
0,7.79
0,7.789
0,7.793
0,7.781
0,7.783
0,7.792
0,7.797
0,7.802
0,7.806
0,7.789
0,7.795
0,7.79
0,7.789
0,7.785
0,7.789
0,7.786
0,7.79
0,7.81
0,7.808
0,7.806
0,7.794
0,7.791
0,7.786
0,7.796
0,7.794
0,7.802
0,7.815
0,7.808
0,7.794
0,7.809
0,7.813
0,7.808
0,7.817
0,7.819
0,7.815
0,7.816
0,7.814
0,7.82
0,7.814
0,7.819
0,7.821
0,7.822
0,7.822
0,7.819
0,7.802
0,7.804
0,7.802
0,7.796
0,7.794
0,7.802
0,7.806
0,7.808
0,7.8
0,7.799
0,7.798
0,7.802
0,7.808
0,7.804
0,7.813
0,7.816
0,7.816
0,7.813
0,7.819
0,7.822
0,7.826
0,7.822
0,7.818
0,7.819
0,7.812
0,7.811
0,7.818
0,7.828
0,7.825
0,7.82
0,7.826
0,7.814
0,7.808
0,7.807
0,7.8
0,7.801
0,7.796
0,7.796
0,7.798
0,7.8
0,7.802
0,7.806
0,7.807
0,7.808
0,7.811
0,7.808
0,7.813
0,7.814
0,7.811
0,7.81
0,7.808
0,7.806
0,7.808
0,7.811
0,7.813
0,7.813
0,7.82
0,7.819
0,7.82
0,7.822
0,7.826
0,7.819
0,7.822
0,7.818
0,7.819
0,7.818
0,7.822
0,7.821
0,7.818
0,7.822
0,7.823
0,7.818
0,7.818
0,7.823
0,7.817
0,7.816
0,7.812
0,7.802
0,7.81
0,7.803
0,7.795
0,7.803
0,7.81
0,7.813
0,7.814
0,7.818
0,7.82
0,7.82
0,7.82
0,7.824
0,7.83
0,7.83
0,7.827
0,7.83
0,7.835
0,7.834
0,7.84
0,7.839
0,7.834
0,7.834
0,7.834
0,7.829
0,7.821
0,7.819
0,7.816
0,7.814
0,7.818
0,7.824
0,7.826
0,7.825
0,7.824
0,7.826
0,7.829
0,7.836
0,7.842
0,7.843
0,7.842
0,7.844
0,7.842
0,7.836
0,7.842
0,7.84
0,7.84
0,7.838
0,7.839
0,7.838
0,7.835
0,7.834
0,7.836
0,7.836
0,7.828
0,7.829
0,7.829
0,7.819
0,7.822
0,7.819
0,7.825
0,7.822
0,7.824
0,7.82
0,7.814
0,7.814
0,7.815
0,7.814
0,7.816
0,7.816
0,7.815
0,7.815
0,7.82
0,7.82
0,7.818
0,7.818
0,7.818
0,7.819
0,7.819
0,7.82
0,7.821
0,7.816
0,7.816
0,7.806
0,7.806
0,7.801
0,7.799
0,7.805
0,7.802
0,7.804
0,7.803
0,7.801
0,7.806
0,7.812
0,7.807
0,7.811
0,7.811
0,7.808
0,7.81
0,7.81
0,7.814
0,7.816
0,7.815
0,7.812
0,7.811
0,7.811
0,7.811
0,7.806
0,7.804
0,7.807
0,7.807
0,7.806
0,7.811
0,7.805
0,7.803
0,7.804
0,7.806
0,7.804
0,7.802
0,7.8
0,7.8
0,7.802
0,7.802
0,7.808
0,7.805
0,7.8
0,7.802
0,7.802
0,7.804
0,7.806
0,7.808
0,7.81
0,7.81
0,7.81
0,7.809
0,7.808
0,7.813
0,7.819
0,7.819
0,7.814
0,7.817
0,7.818
0,7.818
0,7.818
0,7.816
0,7.815
0,7.818
0,7.818
0,7.817
0,7.816
0,7.811
0,7.809
0,7.809
0,7.798
0,7.795
0,7.794
0,7.795
0,7.804
0,7.806
0,7.808
0,7.813
0,7.813
0,7.816
0,7.812
0,7.81
0,7.8
0,7.8
0,7.807
0,7.81
0,7.816
0,7.822
0,7.822
0,7.816
0,7.814
0,7.819
0,7.819
0,7.815
0,7.811
0,7.814
0,7.818
0,7.818
0,7.823
0,7.83
0,7.836
0,7.832
0,7.837
0,7.838
0,7.832
0,7.828
0,7.827
0,7.832
0,7.838
0,7.834
0,7.835
0,7.835
0,7.838
0,7.843
0,7.833
0,7.828
0,7.832
0,7.83
0,7.82
0,7.817
0,7.826
0,7.828
0,7.834
0,7.829
0,7.824
0,7.824
0,7.826
0,7.826
0,7.83
0,7.832
0,7.829
0,7.834
0,7.832
0,7.826
0,7.827
0,7.829
0,7.828
0,7.826
0,7.824
0,7.834
0,7.839
0,7.84
0,7.84
0,7.843
0,7.842
0,7.842
0,7.847
0,7.845
0,7.858
0,7.867
0,7.87
0,7.861
0,7.862
0,7.861
0,7.863
0,7.868
0,7.884
0,7.892
0,7.89
0,7.89
0,7.888
0,7.892
0,7.896
0,7.898
0,7.893
0,7.892
0,7.886
0,7.884
0,7.888
0,7.892
0,7.9
0,7.9
0,7.898
0,7.9
0,7.898
0,7.896
0,7.888
0,7.882
0,7.88
0,7.884
0,7.881
0,7.884
0,7.882
0,7.882
0,7.894
0,7.906
0,7.902
0,7.906
0,7.9
0,7.888
0,7.886
0,7.892
0,7.889
0,7.84
0,7.866
0,7.839
0,7.844
0,7.845
0,7.834
0,7.82
0,7.826
0,7.823
0,7.827
0,7.838
0,7.855
0,7.849
0,7.867
0,7.868
0,7.886
0,7.88
0,7.906
0,7.911
0,7.909
0,7.908
0,7.93
0,7.926
0,7.934
0,7.929
0,7.916
0,7.933
0,7.928
0,7.915
0,7.896
0,7.877
0,7.878
0,7.86
0,7.861
0,7.864
0,7.843
0,7.84
0,7.812
0,7.803
0,7.828
0,7.842
0,7.86
0,7.866
0,7.87
0,7.828
0,7.843
0,7.855
0,7.852
0,7.832
0,7.826
0,7.832
0,7.835
0,7.84
0,7.848
0,7.848
0,7.869
0,7.879
0,7.876
0,7.877
0,7.847
0,7.848
0,7.844
0,7.856
0,7.876
0,7.894
0,7.879
0,7.884
0,7.871
0,7.848
0,7.86
0,7.861
0,7.867
0,7.867
0,7.864
0,7.856
0,7.852
0,7.854
0,7.852
0,7.858
0,7.852
0,7.861
0,7.871
0,7.864
0,7.871
0,7.868
0,7.868
0,7.874
0,7.874
0,7.882
0,7.883
0,7.871
0,7.872
0,7.866
0,7.866
0,7.86
0,7.875
0,7.871
0,7.876
0,7.888
0,7.887
0,7.888
0,7.888
0,7.893
0,7.886
0,7.882
0,7.888
0,7.879
0,7.888
0,7.896
0,7.896
0,7.898
0,7.9
0,7.896
0,7.913
0,7.926
0,7.922
0,7.925
0,7.916
0,7.902
0,7.904
0,7.899
0,7.887
0,7.877
0,7.873
0,7.869
0,7.861
0,7.843
0,7.845
0,7.842
0,7.82
0,7.816
0,7.819
0,7.796
0,7.776
0,7.799
0,7.781
0,7.774
0,7.754
0,7.746
0,7.744
0,7.743
0,7.749
0,7.758
0,7.744
0,7.749
0,7.734
0,7.716
0,7.738
0,7.732
0,7.736
0,7.726
0,7.721
0,7.722
0,7.735
0,7.739
0,7.724
0,7.716
0,7.714
0,7.714
0,7.722
0,7.723
0,7.712
0,7.712
0,7.69
0,7.702
0,7.707
0,7.7
0,7.726
0,7.731
0,7.722
0,7.728
0,7.737
0,7.734
0,7.726
0,7.728
0,7.722
0,7.709
0,7.704
0,7.682
0,7.706
0,7.694
0,7.694
0,7.701
0,7.703
0,7.704
0,7.704
0,7.694
0,7.703
0,7.699
0,7.692
0,7.679
0,7.674
0,7.662
0,7.672
0,7.672
0,7.673
0,7.68
0,7.686
0,7.673
0,7.658
0,7.642
0,7.621
0,7.624
0,7.613
0,7.614
0,7.596
0,7.601
0,7.62
0,7.616
0,7.63
0,7.638
0,7.659
0,7.662
0,7.644
0,7.642
0,7.638
0,7.636
0,7.634
0,7.65
0,7.654
0,7.66
0,7.675
0,7.68
0,7.687
0,7.696
0,7.69
0,7.689
0,7.675
0,7.672
0,7.668
0,7.677
0,7.666
0,7.673
0,7.67
0,7.668
0,7.67
0,7.672
0,7.644
0,7.656
0,7.652
0,7.64
0,7.628
0,7.642
0,7.642
0,7.648
0,7.658
0,7.67
0,7.668
0,7.652
0,7.652
0,7.652
0,7.657
0,7.656
0,7.658
0,7.66
0,7.662
0,7.656
0,7.649
0,7.648
0,7.646
0,7.651
0,7.654
0,7.64
0,7.652
0,7.651
0,7.645
0,7.643
0,7.642
0,7.648
0,7.648
0,7.642
0,7.644
0,7.647
0,7.653
0,7.642
0,7.642
0,7.638
0,7.613
0,7.607
0,7.61
0,7.612
0,7.612
0,7.607
0,7.598
0,7.595
0,7.6
0,7.625
0,7.626
0,7.622
0,7.627
0,7.614
0,7.605
0,7.598
0,7.597
0,7.592
0,7.599
0,7.602
0,7.602
0,7.6
0,7.602
0,7.601
0,7.61
0,7.613
0,7.61
0,7.61
0,7.615
0,7.625
0,7.628
0,7.62
0,7.612
0,7.597
0,7.605
0,7.615
0,7.614
0,7.623
0,7.627
0,7.624
0,7.622
0,7.617
0,7.626
0,7.628
0,7.632
0,7.63
0,7.639
0,7.634
0,7.644
0,7.632
0,7.64
0,7.648
0,7.647
0,7.649
0,7.641
0,7.648
0,7.645
0,7.649
0,7.646
0,7.642
0,7.652
0,7.642
0,7.642
0,7.648
0,7.646
0,7.648
0,7.643
0,7.648
0,7.66
0,7.662
0,7.662
0,7.682
0,7.666
0,7.664
0,7.662
0,7.659
0,7.664
0,7.67
0,7.676
0,7.674
0,7.664
0,7.665
0,7.668
0,7.664
0,7.648
0,7.64
0,7.638
0,7.637
0,7.636
0,7.64
0,7.638
0,7.63
0,7.626
0,7.626
0,7.628
0,7.622
0,7.624
0,7.63
0,7.626
0,7.621
0,7.624
0,7.625
0,7.626
0,7.632
0,7.644
0,7.65
0,7.651
0,7.658
0,7.646
0,7.648
0,7.646
0,7.642
0,7.641
0,7.635
0,7.627
0,7.615
0,7.605
0,7.598
0,7.596
0,7.602
0,7.587
0,7.582
0,7.58
0,7.58
0,7.58
0,7.574
0,7.557
0,7.559
0,7.555
0,7.546
0,7.546
0,7.535
0,7.528
0,7.52
0,7.525
0,7.526
0,7.525
0,7.529
0,7.51
0,7.5
0,7.491
0,7.491
0,7.49
0,7.492
0,7.488
0,7.486
0,7.491
0,7.492
0,7.502
0,7.506
0,7.506
0,7.504
0,7.508
0,7.522
0,7.52
0,7.51
0,7.507
0,7.505
0,7.508
0,7.505
0,7.49
0,7.49
0,7.486
0,7.482
0,7.48
0,7.487
0,7.506
0,7.506
0,7.503
0,7.518
0,7.526
0,7.534
0,7.532
0,7.522
0,7.528
0,7.526
0,7.524
0,7.525
0,7.524
0,7.524
0,7.51
0,7.513
0,7.508
0,7.518
0,7.514
0,7.515
0,7.508
0,7.498
0,7.492
0,7.478
0,7.478
0,7.474
0,7.464
0,7.437
0,7.451
0,7.443
0,7.426
0,7.408
0,7.403
0,7.412
0,7.406
0,7.402
0,7.4
0,7.366
0,7.348
0,7.362
0,7.361
0,7.354
0,7.355
0,7.36
0,7.364
0,7.358
0,7.354
0,7.356
0,7.36
0,7.372
0,7.368
0,7.37
0,7.37
0,7.378
0,7.38
0,7.39
0,7.38
0,7.386
0,7.37
0,7.374
0,7.376
0,7.371
0,7.354
0,7.348
0,7.325
0,7.347
0,7.372
0,7.337
0,7.324
0,7.304
0,7.304
0,7.303
0,7.305
0,7.294
0,7.27
0,7.279
0,7.256
0,7.228
0,7.209
0,7.216
0,7.233
0,7.239
0,7.248
0,7.264
0,7.264
0,7.272
0,7.264
0,7.252
0,7.248
0,7.238
0,7.248
0,7.231
0,7.248
0,7.228
0,7.234
0,7.248
0,7.269
0,7.273
0,7.253
0,7.28
0,7.292
0,7.325
0,7.303
0,7.287
0,7.302
0,7.294
0,7.286
0,7.286
0,7.287
0,7.279
0,7.282
0,7.266
0,7.259
0,7.268
0,7.265
0,7.287
0,7.268
0,7.262
0,7.284
0,7.288
0,7.28
0,7.287
0,7.31
0,7.304
0,7.313
0,7.297
0,7.301
0,7.294
0,7.299
0,7.306
0,7.3
0,7.292
0,7.282
0,7.286
0,7.278
0,7.271
0,7.29
0,7.291
0,7.289
0,7.294
0,7.308
0,7.306
0,7.321
0,7.318
0,7.31
0,7.304
0,7.292
0,7.302
0,7.288
0,7.292
0,7.279
0,7.275
0,7.264
0,7.29
0,7.272
0,7.272
0,7.28
0,7.294
0,7.291
0,7.292
0,7.304
0,7.299
0,7.3
0,7.3
0,7.3
0,7.307
0,7.318
0,7.317
0,7.315
0,7.305
0,7.314
0,7.312
0,7.308
0,7.299
0,7.3
0,7.31
0,7.318
0,7.313
0,7.326
0,7.325
0,7.327
0,7.328
0,7.316
0,7.318
0,7.318
0,7.32
0,7.32
0,7.326
0,7.323
0,7.326
0,7.305
0,7.298
0,7.284
0,7.294
0,7.3
0,7.312
0,7.312
0,7.318
0,7.32
0,7.326
0,7.323
0,7.334
0,7.328
0,7.337
0,7.326
0,7.327
0,7.324
0,7.326
0,7.335
0,7.326
0,7.321
0,7.319
0,7.315
0,7.308
0,7.313
0,7.313
0,7.312
0,7.32
0,7.325
0,7.32
0,7.322
0,7.308
0,7.296
0,7.281
0,7.303
0,7.306
0,7.306
0,7.302
0,7.31
0,7.319
0,7.324
0,7.323
0,7.319
0,7.318
0,7.322
0,7.322
0,7.323
0,7.324
0,7.319
0,7.322
0,7.336
0,7.337
0,7.344
0,7.334
0,7.335
0,7.329
0,7.336
0,7.335
0,7.334
0,7.341
0,7.335
0,7.342
0,7.34
0,7.346
0,7.35
0,7.35
0,7.342
0,7.338
0,7.33
0,7.326
0,7.323
0,7.324
0,7.333
0,7.328
0,7.327
0,7.327
0,7.327
0,7.331
0,7.334
0,7.342
0,7.343
0,7.341
0,7.33
0,7.336
0,7.332
0,7.326
0,7.322
0,7.318
0,7.318
0,7.319
0,7.319
0,7.326
0,7.343
0,7.332
0,7.33
0,7.32
0,7.321
0,7.312
0,7.314
0,7.3
0,7.298
0,7.305
0,7.305
0,7.314
0,7.314
0,7.312
0,7.326
0,7.326
0,7.325
0,7.318
0,7.314
0,7.326
0,7.322
0,7.309
0,7.312
0,7.312
0,7.305
0,7.3
0,7.313
0,7.316
0,7.318
0,7.318
0,7.314
0,7.317
0,7.3
0,7.297
0,7.296
0,7.296
0,7.302
0,7.29
0,7.294
0,7.3
0,7.296
0,7.29
0,7.299
0,7.29
0,7.287
0,7.288
0,7.287
0,7.294
0,7.298
0,7.302
0,7.309
0,7.308
0,7.31
0,7.302
0,7.301
0,7.301
0,7.301
0,7.302
0,7.308
0,7.302
0,7.316
0,7.317
0,7.305
0,7.303
0,7.297
0,7.304
0,7.306
0,7.308
0,7.311
0,7.316
0,7.312
0,7.308
0,7.306
0,7.31
0,7.303
0,7.304
0,7.3
0,7.299
0,7.299
0,7.292
0,7.285
0,7.278
0,7.273
0,7.271
0,7.285
0,7.279
0,7.276
0,7.278
0,7.294
0,7.296
0,7.298
0,7.288
0,7.28
0,7.278
0,7.294
0,7.292
0,7.283
0,7.282
0,7.285
0,7.285
0,7.28
0,7.282
0,7.281
0,7.292
0,7.286
0,7.288
0,7.294
0,7.298
0,7.288
0,7.287
0,7.288
0,7.282
0,7.279
0,7.272
0,7.281
0,7.274
0,7.272
0,7.263
0,7.26
0,7.252
0,7.258
0,7.257
0,7.253
0,7.255
0,7.268
0,7.266
0,7.266
0,7.252
0,7.252
0,7.258
0,7.254
0,7.253
0,7.252
0,7.252
0,7.248
0,7.246
0,7.24
0,7.243
0,7.242
0,7.247
0,7.244
0,7.235
0,7.226
0,7.231
0,7.236
0,7.227
0,7.224
0,7.222
0,7.223
0,7.228
0,7.241
0,7.238
0,7.231
0,7.227
0,7.226
0,7.223
0,7.226
0,7.228
0,7.216
0,7.228
0,7.225
0,7.223
0,7.216
0,7.21
0,7.215
0,7.204
0,7.204
0,7.207
0,7.209
0,7.196
0,7.196
0,7.207
0,7.207
0,7.214
0,7.204
0,7.2
0,7.199
0,7.197
0,7.187
0,7.178
0,7.17
0,7.176
0,7.18
0,7.18
0,7.178
0,7.172
0,7.176
0,7.172
0,7.175
0,7.166
0,7.174
0,7.174
0,7.162
0,7.158
0,7.168
0,7.16
0,7.165
0,7.161
0,7.15
0,7.148
0,7.147
0,7.143
0,7.138
0,7.141
0,7.142
0,7.148
0,7.144
0,7.156
0,7.154
0,7.152
0,7.152
0,7.161
0,7.164
0,7.166
0,7.159
0,7.178
0,7.172
0,7.17
0,7.162
0,7.156
0,7.146
0,7.148
0,7.152
0,7.159
0,7.161
0,7.165
0,7.159
0,7.154
0,7.149
0,7.143
0,7.15
0,7.148
0,7.146
0,7.146
0,7.137
0,7.134
0,7.137
0,7.136
0,7.135
0,7.137
0,7.136
0,7.12
0,7.113
0,7.118
0,7.105
0,7.108
0,7.108
0,7.108
0,7.108
0,7.114
0,7.114
0,7.131
0,7.134
0,7.128
0,7.131
0,7.128
0,7.138
0,7.142
0,7.14
0,7.151
0,7.156
0,7.154
0,7.148
0,7.151
0,7.162
0,7.164
0,7.182
0,7.185
0,7.192
0,7.19
0,7.191
0,7.19
0,7.198
0,7.2
0,7.216
0,7.206
0,7.226
0,7.223
0,7.228
0,7.235
0,7.262
0,7.277
0,7.29
0,7.286
0,7.274
0,7.281
0,7.255
0,7.263
0,7.271
0,7.288
0,7.278
0,7.274
0,7.292
0,7.304
0,7.307
0,7.324
0,7.338
0,7.332
0,7.327
0,7.346
0,7.348
0,7.356
0,7.352
0,7.344
0,7.36
0,7.369
0,7.373
0,7.364
0,7.372
0,7.383
0,7.381
0,7.395
0,7.386
0,7.375
0,7.376
0,7.378
0,7.372
0,7.384
0,7.385
0,7.385
0,7.391
0,7.391
0,7.376
0,7.389
0,7.401
0,7.402
0,7.402
0,7.402
0,7.396
0,7.399
0,7.402
0,7.424
0,7.409
0,7.416
0,7.414
0,7.428
0,7.43
0,7.424
0,7.42
0,7.416
0,7.406
0,7.412
0,7.404
0,7.408
0,7.385
0,7.385
0,7.38
0,7.374
0,7.37
0,7.356
0,7.37
0,7.371
0,7.366
0,7.357
0,7.357
0,7.36
0,7.354
0,7.346
0,7.345
0,7.349
0,7.349
0,7.343
0,7.326
0,7.325
0,7.338
0,7.341
0,7.345
0,7.336
0,7.324
0,7.324
0,7.316
0,7.315
0,7.305
0,7.312
0,7.313
0,7.314
0,7.32
0,7.32
0,7.298
0,7.31
0,7.312
0,7.329
0,7.332
0,7.337
0,7.342
0,7.343
0,7.346
0,7.353
0,7.344
0,7.35
0,7.348
0,7.356
0,7.358
0,7.359
0,7.365
0,7.363
0,7.362
0,7.361
0,7.354
0,7.36
0,7.355
0,7.345
0,7.341
0,7.34
0,7.338
0,7.348
0,7.342
0,7.347
0,7.342
0,7.342
0,7.335
0,7.34
0,7.338
0,7.34
0,7.345
0,7.335
0,7.351
0,7.354
0,7.356
0,7.355
0,7.354
0,7.346
0,7.345
0,7.349
0,7.348
0,7.355
0,7.35
0,7.347
0,7.344
0,7.34
0,7.334
0,7.344
0,7.334
0,7.332
0,7.332
0,7.325
0,7.326
0,7.326
0,7.324
0,7.326
0,7.326
0,7.326
0,7.335
0,7.342
0,7.338
0,7.338
0,7.322
0,7.327
0,7.328
0,7.327
0,7.328
0,7.331
0,7.324
0,7.323
0,7.331
0,7.332
0,7.332
0,7.332
0,7.329
0,7.328
0,7.322
0,7.322
0,7.325
0,7.332
0,7.339
0,7.322
0,7.318
0,7.321
0,7.318
0,7.321
0,7.328
0,7.322
0,7.322
0,7.326
0,7.326
0,7.328
0,7.328
0,7.334
0,7.326
0,7.316
0,7.322
0,7.324
0,7.319
0,7.318
0,7.319
0,7.322
0,7.33
0,7.345
0,7.339
0,7.332
0,7.338
0,7.335
0,7.338
0,7.339
0,7.339
0,7.334
0,7.326
0,7.328
0,7.33
0,7.323
0,7.331
0,7.325
0,7.325
0,7.328
0,7.326
0,7.322
0,7.318
0,7.319
0,7.314
0,7.31
0,7.31
0,7.315
0,7.316
0,7.306
0,7.292
0,7.304
0,7.31
0,7.322
0,7.324
0,7.336
0,7.336
0,7.331
0,7.336
0,7.329
0,7.33
0,7.334
0,7.335
0,7.332
0,7.332
0,7.33
0,7.336
0,7.334
0,7.336
0,7.334
0,7.334
0,7.335
0,7.342
0,7.346
0,7.345
0,7.346
0,7.342
0,7.338
0,7.337
0,7.335
0,7.335
0,7.338
0,7.342
0,7.348
0,7.349
0,7.348
0,7.352
0,7.351
0,7.348
0,7.346
0,7.343
0,7.345
0,7.347
0,7.356
0,7.352
0,7.35
0,7.35
0,7.357
0,7.355
0,7.357
0,7.364
0,7.37
0,7.372
0,7.37
0,7.366
0,7.371
0,7.374
0,7.374
0,7.374
0,7.376
0,7.368
0,7.37
0,7.37
0,7.374
0,7.374
0,7.363
0,7.36
0,7.362
0,7.36
0,7.35
0,7.366
0,7.367
0,7.366
0,7.367
0,7.364
0,7.366
0,7.367
0,7.364
0,7.359
0,7.358
0,7.362
0,7.368
0,7.364
0,7.362
0,7.362
0,7.364
0,7.369
0,7.368
0,7.359
0,7.364
0,7.362
0,7.365
0,7.364
0,7.373
0,7.377
0,7.372
0,7.372
0,7.377
0,7.381
0,7.378
0,7.38
0,7.38
0,7.38
0,7.378
0,7.377
0,7.38
0,7.388
0,7.398
0,7.39
0,7.386
0,7.382
0,7.384
0,7.382
0,7.38
0,7.376
0,7.362
0,7.37
0,7.362
0,7.366
0,7.367
0,7.37
0,7.372
0,7.37
0,7.366
0,7.362
0,7.362
0,7.358
0,7.354
0,7.36
0,7.361
0,7.352
0,7.343
0,7.339
0,7.34
0,7.34
0,7.341
0,7.339
0,7.338
0,7.338
0,7.338
0,7.342
0,7.349
0,7.348
0,7.354
0,7.36
0,7.35
0,7.343
0,7.344
0,7.344
0,7.344
0,7.35
0,7.356
0,7.35
0,7.342
0,7.332
0,7.344
0,7.347
0,7.348
0,7.348
0,7.352
0,7.359
0,7.361
0,7.36
0,7.35
0,7.348
0,7.354
0,7.35
0,7.349
0,7.35
0,7.35
0,7.338
0,7.345
0,7.345
0,7.343
0,7.349
0,7.347
0,7.346
0,7.35
0,7.35
0,7.356
0,7.362
0,7.356
0,7.366
0,7.362
0,7.366
0,7.358
0,7.355
0,7.354
0,7.35
0,7.359
0,7.36
0,7.352
0,7.353
0,7.362
0,7.356
0,7.359
0,7.349
0,7.338
0,7.34
0,7.335
0,7.334
0,7.334
0,7.334
0,7.337
0,7.33
0,7.334
0,7.332
0,7.335
0,7.334
0,7.337
0,7.34
0,7.34
0,7.34
0,7.338
0,7.344
0,7.345
0,7.348
0,7.36
0,7.352
0,7.354
0,7.362
0,7.362
0,7.36
0,7.355
0,7.358
0,7.358
0,7.344
0,7.351
0,7.344
0,7.342
0,7.356
0,7.356
0,7.36
0,7.364
0,7.354
0,7.356
0,7.363
0,7.36
0,7.356
0,7.354
0,7.36
0,7.356
0,7.348
0,7.343
0,7.344
0,7.35
0,7.35
0,7.351
0,7.348
0,7.356
0,7.362
0,7.372
0,7.368
0,7.372
0,7.376
0,7.377
0,7.377
0,7.376
0,7.383
0,7.385
0,7.384
0,7.383
0,7.38
0,7.513
0,7.495
0,7.49
0,7.475
0,7.467
0,7.464
0,7.51
0,7.52
0,7.504
0,7.5
0,7.496
0,7.489
0,7.492
0,7.496
0,7.473
0,7.484
0,7.473
0,7.484
0,7.476
0,7.48
0,7.486
0,7.488
0,7.49
0,7.491
0,7.482
0,7.487
0,7.466
0,7.461
0,7.462
0,7.456
0,7.454
0,7.47
0,7.46
0,7.462
0,7.464
0,7.46
0,7.473
0,7.472
0,7.474
0,7.473
0,7.482
0,7.482
0,7.482
0,7.484
0,7.48
0,7.477
0,7.466
0,7.48
0,7.48
0,7.476
0,7.483
0,7.478
0,7.478
0,7.488
0,7.492
0,7.482
0,7.488
0,7.484
0,7.484
0,7.488
0,7.49
0,7.493
0,7.488
0,7.489
0,7.482
0,7.483
0,7.476
0,7.478
0,7.476
0,7.467
0,7.459
0,7.459
0,7.46
0,7.462
0,7.46
0,7.464
0,7.468
0,7.463
0,7.462
0,7.465
0,7.462
0,7.456
0,7.464
0,7.468
0,7.47
0,7.476
0,7.475
0,7.48
0,7.473
0,7.463
0,7.458
0,7.464
0,7.466
0,7.46
0,7.473
0,7.475
0,7.476
0,7.466
0,7.467
0,7.465
0,7.469
0,7.47
0,7.47
0,7.464
0,7.469
0,7.468
0,7.466
0,7.466
0,7.466
0,7.468
0,7.473
0,7.473
0,7.472
0,7.464
0,7.459
0,7.461
0,7.472
0,7.484
0,7.488
0,7.488
0,7.484
0,7.476
0,7.488
0,7.486
0,7.49
0,7.489
0,7.486
0,7.48
0,7.476
0,7.476
0,7.474
0,7.48
0,7.48
0,7.476
0,7.476
0,7.482
0,7.487
0,7.486
0,7.49
0,7.489
0,7.488
0,7.492
0,7.492
0,7.486
0,7.491
0,7.487
0,7.492
0,7.492
0,7.489
0,7.488
0,7.488
0,7.489
0,7.484
0,7.491
0,7.495
0,7.492
0,7.493
0,7.487
0,7.489
0,7.488
0,7.486
0,7.492
0,7.49
0,7.49
0,7.491
0,7.493
0,7.488
0,7.492
0,7.494
0,7.497
0,7.486
0,7.489
0,7.486
0,7.484
0,7.484
0,7.483
0,7.484
0,7.486
0,7.482
0,7.486
0,7.486
0,7.488
0,7.485
0,7.486
0,7.484
0,7.486
0,7.489
0,7.49
0,7.484
0,7.484
0,7.482
0,7.482
0,7.486
0,7.489
0,7.493
0,7.488
0,7.488
0,7.484
0,7.487
0,7.488
0,7.492
0,7.494
0,7.494
0,7.494
0,7.492
0,7.492
0,7.494
0,7.494
0,7.496
0,7.489
0,7.486
0,7.488
0,7.492
0,7.492
0,7.494
0,7.496
0,7.492
0,7.496
0,7.496
0,7.498
0,7.501
0,7.498
0,7.496
0,7.498
0,7.499
0,7.496
0,7.499
0,7.501
0,7.5
0,7.507
0,7.514
0,7.512
0,7.51
0,7.511
0,7.511
0,7.515
0,7.524
0,7.518
0,7.512
0,7.52
0,7.516
0,7.516
0,7.51
0,7.513
0,7.51
0,7.51
0,7.518
0,7.518
0,7.518
0,7.514
0,7.519
0,7.514
0,7.512
0,7.515
0,7.516
0,7.52
0,7.52
0,7.514
0,7.518
0,7.516
0,7.505
0,7.51
0,7.514
0,7.518
0,7.52
0,7.529
0,7.526
0,7.528
0,7.532
0,7.535
0,7.536
0,7.54
0,7.558
0,7.558
0,7.565
0,7.572
0,7.573
0,7.569
0,7.564
0,7.558
0,7.562
0,7.553
0,7.552
0,7.556
0,7.556
0,7.558
0,7.571
0,7.566
0,7.557
0,7.555
0,7.557
0,7.555
0,7.547
0,7.545
0,7.544
0,7.541
0,7.536
0,7.543
0,7.543
0,7.542
0,7.539
0,7.543
0,7.545
0,7.547
0,7.546
0,7.548
0,7.548
0,7.534
0,7.526
0,7.528
0,7.529
0,7.53
0,7.532
0,7.534
0,7.529
0,7.524
0,7.526
0,7.529
0,7.528
0,7.528
0,7.526
0,7.529
0,7.53
0,7.53
0,7.528
0,7.526
0,7.526
0,7.526
0,7.529
0,7.525
0,7.516
0,7.525
0,7.525
0,7.528
0,7.529
0,7.529
0,7.524
0,7.528
0,7.529
0,7.528
0,7.528
0,7.536
0,7.53
0,7.525
0,7.515
0,7.512
0,7.511
0,7.51
0,7.512
0,7.514
0,7.511
0,7.512
0,7.511
0,7.512
0,7.511
0,7.51
0,7.51
0,7.512
0,7.512
0,7.508
0,7.505
0,7.504
0,7.505
0,7.497
0,7.496
0,7.5
0,7.498
0,7.501
0,7.5
0,7.506
0,7.508
0,7.495
0,7.496
0,7.498
0,7.494
0,7.5
0,7.499
0,7.499
0,7.498
0,7.493
0,7.498
0,7.498
0,7.489
0,7.494
0,7.497
0,7.498
0,7.5
0,7.502
0,7.5
0,7.503
0,7.519
0,7.522
0,7.535
0,7.536
0,7.544
0,7.55
0,7.543
0,7.542
0,7.545
0,7.543
0,7.542
0,7.546
0,7.546
0,7.548
0,7.55
0,7.558
0,7.557
0,7.561
0,7.56
0,7.558
0,7.56
0,7.558
0,7.547
0,7.548
0,7.546
0,7.548
0,7.546
0,7.541
0,7.542
0,7.538
0,7.537
0,7.534
0,7.537
0,7.537
0,7.537
0,7.539
0,7.537
0,7.526
0,7.53
0,7.532
0,7.532
0,7.536
0,7.53
0,7.534
0,7.534
0,7.53
0,7.532
0,7.532
0,7.536
0,7.544
0,7.54
0,7.54
0,7.534
0,7.538
0,7.529
0,7.531
0,7.528
0,7.536
0,7.537
0,7.538
0,7.537
0,7.532
0,7.534
0,7.529
0,7.535
0,7.532
0,7.53
0,7.522
0,7.52
0,7.52
0,7.524
0,7.525
0,7.526
0,7.528
0,7.535
0,7.538
0,7.545
0,7.538
0,7.537
0,7.542
0,7.544
0,7.536
0,7.546
0,7.548
0,7.545
0,7.55
0,7.546
0,7.542
0,7.547
0,7.547
0,7.546
0,7.547
0,7.546
0,7.547
0,7.546
0,7.547
0,7.546
0,7.552
0,7.548
0,7.545
0,7.549
0,7.55
0,7.553
0,7.549
0,7.548
0,7.554
0,7.544
0,7.54
0,7.536
0,7.536
0,7.535
0,7.534
0,7.531
0,7.502
0,7.508
0,7.516
0,7.52
0,7.498
0,7.505
0,7.498
0,7.47
0,7.469
0,7.478
0,7.493
0,7.482
0,7.496
0,7.485
0,7.502
0,7.523
0,7.528
0,7.521
0,7.526
0,7.545
0,7.528
0,7.544
0,7.535
0,7.53
0,7.527
0,7.53
0,7.54
0,7.547
0,7.552
0,7.556
0,7.563
0,7.564
0,7.589
0,7.608
0,7.601
0,7.609
0,7.62
0,7.613
0,7.614
0,7.616
0,7.611
0,7.604
0,7.602
0,7.586
0,7.594
0,7.598
0,7.602
0,7.599
0,7.603
0,7.579
0,7.575
0,7.595
0,7.595
0,7.587
0,7.584
0,7.584
0,7.579
0,7.58
0,7.572
0,7.582
0,7.588
0,7.589
0,7.589
0,7.594
0,7.59
0,7.58
0,7.568
0,7.572
0,7.579
0,7.565
0,7.569
0,7.572
0,7.568
0,7.572
0,7.574
0,7.572
0,7.574
0,7.568
0,7.556
0,7.541
0,7.53
0,7.544
0,7.55
0,7.544
0,7.546
0,7.54
0,7.556
0,7.553
0,7.545
0,7.547
0,7.553
0,7.553
0,7.532
0,7.536
0,7.53
0,7.531
0,7.524
0,7.518
0,7.521
0,7.526
0,7.525
0,7.53
0,7.537
0,7.542
0,7.553
0,7.556
0,7.558
0,7.557
0,7.554
0,7.542
0,7.53
0,7.534
0,7.537
0,7.538
0,7.537
0,7.536
0,7.532
0,7.53
0,7.535
0,7.521
0,7.526
0,7.536
0,7.532
0,7.527
0,7.532
0,7.532
0,7.54
0,7.532
0,7.538
0,7.538
0,7.538
0,7.535
0,7.531
0,7.529
0,7.522
0,7.515
0,7.513
0,7.518
0,7.505
0,7.504
0,7.502
0,7.503
0,7.506
0,7.505
0,7.522
0,7.53
0,7.535
0,7.533
0,7.532
0,7.527
0,7.524
0,7.521
0,7.522
0,7.529
0,7.529
0,7.519
0,7.512
0,7.512
0,7.52
0,7.515
0,7.514
0,7.516
0,7.514
0,7.508
0,7.509
0,7.514
0,7.516
0,7.514
0,7.521
0,7.516
0,7.515
0,7.512
0,7.512
0,7.511
0,7.51
0,7.504
0,7.501
0,7.506
0,7.512
0,7.51
0,7.507
0,7.502
0,7.499
0,7.506
0,7.504
0,7.508
0,7.503
0,7.506
0,7.509
0,7.511
0,7.52
0,7.514
0,7.518
0,7.514
0,7.51
0,7.513
0,7.522
0,7.522
0,7.525
0,7.522
0,7.524
0,7.52
0,7.532
0,7.522
0,7.522
0,7.522
0,7.528
0,7.526
0,7.524
0,7.524
0,7.531
0,7.536
0,7.528
0,7.53
0,7.518
0,7.506
0,7.508
0,7.499
0,7.496
0,7.503
0,7.508
0,7.513
0,7.5
0,7.504
0,7.508
0,7.516
0,7.518
0,7.524
0,7.525
0,7.512
0,7.52
0,7.512
0,7.505
0,7.515
0,7.514
0,7.508
0,7.499
0,7.499
0,7.491
0,7.493
0,7.494
0,7.494
0,7.496
0,7.505
0,7.502
0,7.494
0,7.492
0,7.488
0,7.491
0,7.497
0,7.496
0,7.486
0,7.488
0,7.491
0,7.488
0,7.489
0,7.486
0,7.485
0,7.481
0,7.478
0,7.473
0,7.481
0,7.481
0,7.484
0,7.482
0,7.472
0,7.472
0,7.48
0,7.485
0,7.488
0,7.49
0,7.489
0,7.496
0,7.49
0,7.488
0,7.489
0,7.488
0,7.497
0,7.502
0,7.504
0,7.507
0,7.512
0,7.514
0,7.518
0,7.52
0,7.522
0,7.524
0,7.526
0,7.528
0,7.526
0,7.526
0,7.527
0,7.523
0,7.52
0,7.522
0,7.524
0,7.521
0,7.518
0,7.522
0,7.52
0,7.528
0,7.532
0,7.53
0,7.529
0,7.524
0,7.526
0,7.534
0,7.535
0,7.539
0,7.533
0,7.532
0,7.528
0,7.524
0,7.528
0,7.528
0,7.526
0,7.534
0,7.537
0,7.536
0,7.538
0,7.541
0,7.544
0,7.544
0,7.549
0,7.556
0,7.558
0,7.56
0,7.557
0,7.568
0,7.572
0,7.571
0,7.587
0,7.588
0,7.597
0,7.605
0,7.61
0,7.624
0,7.612
0,7.61
0,7.613
0,7.622
0,7.618
0,7.615
0,7.614
0,7.614
0,7.614
0,7.615
0,7.622
0,7.623
0,7.62
0,7.61
0,7.61
0,7.604
0,7.608
0,7.599
0,7.6
0,7.604
0,7.613
0,7.61
0,7.606
0,7.61
0,7.608
0,7.607
0,7.607
0,7.617
0,7.61
0,7.608
0,7.6
0,7.6
0,7.6
0,7.607
0,7.609
0,7.608
0,7.604
0,7.6
0,7.601
0,7.614
0,7.624
0,7.632
0,7.631
0,7.623
0,7.618
0,7.612
0,7.623
0,7.632
0,7.637
0,7.627
0,7.616
0,7.619
0,7.618
0,7.628
0,7.627
0,7.628
0,7.624
0,7.618
0,7.612
0,7.614
0,7.614
0,7.627
0,7.626
0,7.63
0,7.62
0,7.618
0,7.62
0,7.619
0,7.61
0,7.611
0,7.618
0,7.608
0,7.595
0,7.602
0,7.593
0,7.594
0,7.6
0,7.582
0,7.585
0,7.592
0,7.592
0,7.584
0,7.582
0,7.586
0,7.588
0,7.588
0,7.592
0,7.596
0,7.6
0,7.598
0,7.602
0,7.609
0,7.601
0,7.607
0,7.616
0,7.618
0,7.61
0,7.602
0,7.6
0,7.606
0,7.602
0,7.592
0,7.585
0,7.574
0,7.59
0,7.601
0,7.596
0,7.585
0,7.582
0,7.589
0,7.594
0,7.592
0,7.6
0,7.599
0,7.592
0,7.585
0,7.576
0,7.581
0,7.579
0,7.577
0,7.578
0,7.578
0,7.57
0,7.568
0,7.564
0,7.562
0,7.56
0,7.554
0,7.56
0,7.567
0,7.574
0,7.569
0,7.557
0,7.578
0,7.576
0,7.585
0,7.584
0,7.587
0,7.585
0,7.592
0,7.588
0,7.576
0,7.58
0,7.591
0,7.584
0,7.589
0,7.588
0,7.585
0,7.588
0,7.582
0,7.58
0,7.578
0,7.57
0,7.574
0,7.572
0,7.574
0,7.578
0,7.578
0,7.625
0,7.619
0,7.632
0,7.635
0,7.659
0,7.65
0,7.644
0,7.636
0,7.626
0,7.602
0,7.625
0,7.624
0,7.616
0,7.624
0,7.64
0,7.636
0,7.643
0,7.628
0,7.612
0,7.593
0,7.58
0,7.56
0,7.556
0,7.532
0,7.518
0,7.533
0,7.536
0,7.521
0,7.53
0,7.51
0,7.514
0,7.51
0,7.504
0,7.504
0,7.503
0,7.502
0,7.503
0,7.486
0,7.48
0,7.442
0,7.454
0,7.436
0,7.448
0,7.456
0,7.468
0,7.459
0,7.423
0,7.409
0,7.418
0,7.438
0,7.431
0,7.436
0,7.434
0,7.424
0,7.419
0,7.424
0,7.435
0,7.432
0,7.429
0,7.422
0,7.422
0,7.4
0,7.398
0,7.406
0,7.408
0,7.421
0,7.42
0,7.41
0,7.418
0,7.421
0,7.418
0,7.428
0,7.432
0,7.428
0,7.434
0,7.456
0,7.462
0,7.468
0,7.464
0,7.458
0,7.453
0,7.463
0,7.44
0,7.428
0,7.425
0,7.438
0,7.448
0,7.452
0,7.451
0,7.45
0,7.441
0,7.435
0,7.433
0,7.414
0,7.415
0,7.418
0,7.425
0,7.436
0,7.432
0,7.416
0,7.421
0,7.427
0,7.434
0,7.436
0,7.434
0,7.45
0,7.451
0,7.444
0,7.443
0,7.44
0,7.444
0,7.438
0,7.445
0,7.441
0,7.441
0,7.444
0,7.458
0,7.45
0,7.441
0,7.441
0,7.436
0,7.434
0,7.437
0,7.427
0,7.434
0,7.432
0,7.426
0,7.432
0,7.429
0,7.437
0,7.442
0,7.44
0,7.446
0,7.453
0,7.45
0,7.453
0,7.458
0,7.464
0,7.455
0,7.45
0,7.456
0,7.464
0,7.452
0,7.452
0,7.444
0,7.446
0,7.442
0,7.442
0,7.455
0,7.45
0,7.446
0,7.429
0,7.425
0,7.433
0,7.44
0,7.447
0,7.456
0,7.458
0,7.456
0,7.444
0,7.446
0,7.446
0,7.444
0,7.452
0,7.458
0,7.469
0,7.472
0,7.476
0,7.478
0,7.486
0,7.488
0,7.496
0,7.482
0,7.486
0,7.49
0,7.488
0,7.502
0,7.501
0,7.501
0,7.512
0,7.508
0,7.51
0,7.507
0,7.491
0,7.494
0,7.5
0,7.505
0,7.512
0,7.506
0,7.5
0,7.503
0,7.511
0,7.504
0,7.504
0,7.502
0,7.51
0,7.523
0,7.522
0,7.527
0,7.53
0,7.534
0,7.534
0,7.536
0,7.542
0,7.544
0,7.533
0,7.536
0,7.526
0,7.527
0,7.523
0,7.526
0,7.522
0,7.519
0,7.518
0,7.514
0,7.514
0,7.512
0,7.512
0,7.524
0,7.53
0,7.534
0,7.533
0,7.53
0,7.525
0,7.526
0,7.522
0,7.52
0,7.522
0,7.52
0,7.518
0,7.505
0,7.506
0,7.504
0,7.51
0,7.508
0,7.507
0,7.509
0,7.486
0,7.486
0,7.487
0,7.489
0,7.496
0,7.492
0,7.486
0,7.485
0,7.501
0,7.5
0,7.499
0,7.499
0,7.491
0,7.487
0,7.489
0,7.486
0,7.489
0,7.488
0,7.489
0,7.49
0,7.488
0,7.486
0,7.492
0,7.499
0,7.512
0,7.507
0,7.508
0,7.506
0,7.497
0,7.488
0,7.49
0,7.492
0,7.49
0,7.489
0,7.494
0,7.492
0,7.492
0,7.496
0,7.495
0,7.494
0,7.491
0,7.492
0,7.492
0,7.492
0,7.493
0,7.508
0,7.504
0,7.513
0,7.518
0,7.518
0,7.521
0,7.518
0,7.518
0,7.52
0,7.516
0,7.511
0,7.507
0,7.508
0,7.508
0,7.499
0,7.506
0,7.507
0,7.503
0,7.504
0,7.504
0,7.502
0,7.509
0,7.512
0,7.514
0,7.512
0,7.51
0,7.506
0,7.505
0,7.506
0,7.502
0,7.505
0,7.504
0,7.5
0,7.501
0,7.493
0,7.494
0,7.495
0,7.494
0,7.494
0,7.494
0,7.5
0,7.494
0,7.483
0,7.472
0,7.464
0,7.462
0,7.454
0,7.464
0,7.46
0,7.457
0,7.465
0,7.468
0,7.462
0,7.459
0,7.462
0,7.448
0,7.434
0,7.434
0,7.432
0,7.436
0,7.434
0,7.442
0,7.434
0,7.428
0,7.415
0,7.422
0,7.416
0,7.407
0,7.403
0,7.408
0,7.409
0,7.386
0,7.383
0,7.372
0,7.372
0,7.37
0,7.37
0,7.376
0,7.382
0,7.384
0,7.391
0,7.401
0,7.386
0,7.381
0,7.382
0,7.391
0,7.386
0,7.382
0,7.38
0,7.375
0,7.38
0,7.376
0,7.354
0,7.364
0,7.364
0,7.353
0,7.352
0,7.355
0,7.346
0,7.364
0,7.361
0,7.373
0,7.372
0,7.377
0,7.352
0,7.358
0,7.368
0,7.378
0,7.373
0,7.365
0,7.37
0,7.366
0,7.363
0,7.336
0,7.35
0,7.355
0,7.352
0,7.345
0,7.347
0,7.331
0,7.347
0,7.352
0,7.348
0,7.342
0,7.352
0,7.337
0,7.356
0,7.356
0,7.368
0,7.378
0,7.37
0,7.366
0,7.371
0,7.368
0,7.374
0,7.382
0,7.376
0,7.374
0,7.376
0,7.371
0,7.383
0,7.38
0,7.376
0,7.382
0,7.39
0,7.396
0,7.395
0,7.39
0,7.403
0,7.399
0,7.393
0,7.402
0,7.4
0,7.4
0,7.404
0,7.404
0,7.41
0,7.4
0,7.4
0,7.398
0,7.395
0,7.401
0,7.404
0,7.404
0,7.416
0,7.418
0,7.417
0,7.425
0,7.423
0,7.418
0,7.39
0,7.382
0,7.389
0,7.398
0,7.402
0,7.408
0,7.407
0,7.396
0,7.397
0,7.403
0,7.409
0,7.407
0,7.411
0,7.408
0,7.402
0,7.406
0,7.398
0,7.408
0,7.398
0,7.4
0,7.405
0,7.402
0,7.405
0,7.402
0,7.398
0,7.39
0,7.386
0,7.382
0,7.384
0,7.39
0,7.4
0,7.398
0,7.391
0,7.392
0,7.386
0,7.386
0,7.377
0,7.378
0,7.378
0,7.382
0,7.386
0,7.384
0,7.387
0,7.39
0,7.398
0,7.392
0,7.39
0,7.392
0,7.396
0,7.396
0,7.39
0,7.39
0,7.327
0,7.334
0,7.336
0,7.326
0,7.322
0,7.31
0,7.325
0,7.32
0,7.3
0,7.286
0,7.282
0,7.284
0,7.286
0,7.284
0,7.3
0,7.3
0,7.296
0,7.302
0,7.312
0,7.322
0,7.326
0,7.334
0,7.328
0,7.324
0,7.335
0,7.346
0,7.342
0,7.347
0,7.351
0,7.35
0,7.356
0,7.37
0,7.35
0,7.358
0,7.35
0,7.344
0,7.35
0,7.355
0,7.358
0,7.358
0,7.354
0,7.352
0,7.354
0,7.358
0,7.374
0,7.382
0,7.388
0,7.384
0,7.384
0,7.384
0,7.39
0,7.391
0,7.389
0,7.396
0,7.39
0,7.379
0,7.39
0,7.388
0,7.394
0,7.393
0,7.393
0,7.394
0,7.374
0,7.386
0,7.379
0,7.381
0,7.383
0,7.379
0,7.384
0,7.388
0,7.386
0,7.38
0,7.379
0,7.361
0,7.365
0,7.366
0,7.37
0,7.366
0,7.365
0,7.366
0,7.364
0,7.372
0,7.366
0,7.372
0,7.377
0,7.372
0,7.378
0,7.379
0,7.382
0,7.38
0,7.375
0,7.384
0,7.389
0,7.4
0,7.412
0,7.409
0,7.408
0,7.411
0,7.418
0,7.417
0,7.418
0,7.428
0,7.434
0,7.438
0,7.438
0,7.432
0,7.432
0,7.428
0,7.428
0,7.432
0,7.43
0,7.414
0,7.415
0,7.417
0,7.423
0,7.426
0,7.424
0,7.432
0,7.432
0,7.431
0,7.431
0,7.434
0,7.443
0,7.448
0,7.438
0,7.447
0,7.439
0,7.443
0,7.448
0,7.46
0,7.452
0,7.459
0,7.463
0,7.459
0,7.466
0,7.465
0,7.466
0,7.47
0,7.467
0,7.479
0,7.465
0,7.469
0,7.471
0,7.469
0,7.456
0,7.461
0,7.454
0,7.456
0,7.454
0,7.452
0,7.462
0,7.462
0,7.471
0,7.473
0,7.472
0,7.461
0,7.461
0,7.459
0,7.47
0,7.47
0,7.474
0,7.484
0,7.482
0,7.488
0,7.494
0,7.491
0,7.496
0,7.492
0,7.491
0,7.487
0,7.48
0,7.479
0,7.476
0,7.478
0,7.484
0,7.491
0,7.49
0,7.487
0,7.498
0,7.506
0,7.514
0,7.515
0,7.514
0,7.522
0,7.524
0,7.518
0,7.52
0,7.524
0,7.531
0,7.526
0,7.525
0,7.52
0,7.518
0,7.497
0,7.504
0,7.498
0,7.499
0,7.512
0,7.51
0,7.508
0,7.519
0,7.519
0,7.512
0,7.51
0,7.521
0,7.527
0,7.519
0,7.53
0,7.522
0,7.522
0,7.516
0,7.516
0,7.516
0,7.518
0,7.511
0,7.517
0,7.512
0,7.512
0,7.52
0,7.52
0,7.518
0,7.52
0,7.52
0,7.517
0,7.512
0,7.509
0,7.502
0,7.505
0,7.508
0,7.511
0,7.513
0,7.51
0,7.508
0,7.496
0,7.498
0,7.493
0,7.486
0,7.481
0,7.468
0,7.466
0,7.475
0,7.47
0,7.482
0,7.486
0,7.492
0,7.496
0,7.5
0,7.499
0,7.502
0,7.512
0,7.518
0,7.52
0,7.523
0,7.512
0,7.505
0,7.51
0,7.52
0,7.516
0,7.513
0,7.518
0,7.522
0,7.53
0,7.529
0,7.532
0,7.535
0,7.534
0,7.536
0,7.538
0,7.547
0,7.564
0,7.568
0,7.571
0,7.576
0,7.568
0,7.577
0,7.578
0,7.575
0,7.584
0,7.579
0,7.578
0,7.572
0,7.568
0,7.57
0,7.566
0,7.576
0,7.574
0,7.57
0,7.566
0,7.566
0,7.578
0,7.563
0,7.562
0,7.559
0,7.554
0,7.552
0,7.551
0,7.552
0,7.552
0,7.552
0,7.55
0,7.551
0,7.552
0,7.559
0,7.56
0,7.553
0,7.555
0,7.554
0,7.544
0,7.547
0,7.55
0,7.55
0,7.549
0,7.55
0,7.549
0,7.556
0,7.56
0,7.547
0,7.545
0,7.547
0,7.552
0,7.558
0,7.568
0,7.569
0,7.574
0,7.582
0,7.606
0,7.63
0,7.629
0,7.624
0,7.634
0,7.63
0,7.637
0,7.649
0,7.656
0,7.683
0,7.664
0,7.668
0,7.669
0,7.666
0,7.659
0,7.657
0,7.654
0,7.65
0,7.652
0,7.65
0,7.636
0,7.636
0,7.649
0,7.647
0,7.65
0,7.651
0,7.646
0,7.64
0,7.648
0,7.652
0,7.642
0,7.65
0,7.649
0,7.658
0,7.667
0,7.664
0,7.677
0,7.666
0,7.665
0,7.659
0,7.654
0,7.656
0,7.655
0,7.648
0,7.646
0,7.64
0,7.643
0,7.643
0,7.65
0,7.64
0,7.648
0,7.644
0,7.65
0,7.645
0,7.642
0,7.632
0,7.636
0,7.638
0,7.637
0,7.622
0,7.615
0,7.623
0,7.64
0,7.646
0,7.656
0,7.666
0,7.663
0,7.688
0,7.689
0,7.685
0,7.691
0,7.688
0,7.692
0,7.699
0,7.691
0,7.698
0,7.692
0,7.691
0,7.701
0,7.686
0,7.687
0,7.69
0,7.69
0,7.694
0,7.698
0,7.696
0,7.686
0,7.682
0,7.684
0,7.679
0,7.672
0,7.68
0,7.692
0,7.687
0,7.685
0,7.696
0,7.69
0,7.701
0,7.696
0,7.702
0,7.7
0,7.691
0,7.7
0,7.71
0,7.706
0,7.71
0,7.706
0,7.714
0,7.728
0,7.721
0,7.73
0,7.726
0,7.722
0,7.734
0,7.726
0,7.739
0,7.738
0,7.73
0,7.732
0,7.74
0,7.746
0,7.739
0,7.746
0,7.75
0,7.755
0,7.77
0,7.763
0,7.766
0,7.763
0,7.768
0,7.761
0,7.766
0,7.763
0,7.751
0,7.769
0,7.763
0,7.766
0,7.775
0,7.784
0,7.778
0,7.787
0,7.773
0,7.784
0,7.778
0,7.787
0,7.79
0,7.791
0,7.777
0,7.779
0,7.784
0,7.778
0,7.781
0,7.778
0,7.783
0,7.786
0,7.782
0,7.781
0,7.778
0,7.79
0,7.784
0,7.782
0,7.775
0,7.776
0,7.787
0,7.784
0,7.786
0,7.779
0,7.767
0,7.778
0,7.77
0,7.78
0,7.769
0,7.765
0,7.761
0,7.761
0,7.76
0,7.758
0,7.753
0,7.714
0,7.721
0,7.733
0,7.711
0,7.723
0,7.712
0,7.693
0,7.71
0,7.694
0,7.672
0,7.682
0,7.694
0,7.714
0,7.71
0,7.709
0,7.706
0,7.724
0,7.731
0,7.738
0,7.764
0,7.78
0,7.758
0,7.753
0,7.755
0,7.74
0,7.719
0,7.716
0,7.72
0,7.715
0,7.716
0,7.719
0,7.714
0,7.706
0,7.689
0,7.677
0,7.668
0,7.661
0,7.669
0,7.681
0,7.68
0,7.682
0,7.677
0,7.68
0,7.696
0,7.706
0,7.705
0,7.71
0,7.71
0,7.704
0,7.704
0,7.72
0,7.703
0,7.713
0,7.717
0,7.718
0,7.718
0,7.721
0,7.724
0,7.721
0,7.734
0,7.727
0,7.727
0,7.718
0,7.694
0,7.691
0,7.672
0,7.653
0,7.645
0,7.645
0,7.64
0,7.638
0,7.643
0,7.635
0,7.634
0,7.634
0,7.632
0,7.628
0,7.622
0,7.614
0,7.623
0,7.618
0,7.618
0,7.62
0,7.61
0,7.613
0,7.614
0,7.62
0,7.62
0,7.62
0,7.622
0,7.628
0,7.631
0,7.627
0,7.63
0,7.625
0,7.616
0,7.609
0,7.598
0,7.6
0,7.606
0,7.593
0,7.588
0,7.589
0,7.594
0,7.598
0,7.598
0,7.6
0,7.6
0,7.6
0,7.598
0,7.597
0,7.592
0,7.581
0,7.579
0,7.583
0,7.587
0,7.585
0,7.594
0,7.591
0,7.596
0,7.6
0,7.599
0,7.602
0,7.614
0,7.613
0,7.61
0,7.599
0,7.587
0,7.583
0,7.581
0,7.588
0,7.577
0,7.57
0,7.57
0,7.57
0,7.573
0,7.584
0,7.586
0,7.589
0,7.585
0,7.585
0,7.588
0,7.604
0,7.598
0,7.592
0,7.59
0,7.585
0,7.585
0,7.579
0,7.584
0,7.588
0,7.591
0,7.592
0,7.593
0,7.589
0,7.576
0,7.579
0,7.579
0,7.582
0,7.578
0,7.578
0,7.574
0,7.575
0,7.588
0,7.595
0,7.605
0,7.604
0,7.601
0,7.604
0,7.606
0,7.604
0,7.602
0,7.608
0,7.615
0,7.61
0,7.601
0,7.598
0,7.601
0,7.6
0,7.597
0,7.59
0,7.586
0,7.58
0,7.58
0,7.578
0,7.582
0,7.582
0,7.583
0,7.579
0,7.574
0,7.569
0,7.574
0,7.574
0,7.576
0,7.568
0,7.562
0,7.553
0,7.546
0,7.545
0,7.547
0,7.549
0,7.543
0,7.536
0,7.534
0,7.545
0,7.542
0,7.546
0,7.53
0,7.534
0,7.532
0,7.537
0,7.531
0,7.537
0,7.53
0,7.524
0,7.524
0,7.522
0,7.521
0,7.52
0,7.528
0,7.524
0,7.526
0,7.529
0,7.53
0,7.529
0,7.528
0,7.534
0,7.539
0,7.542
0,7.539
0,7.54
0,7.536
0,7.539
0,7.546
0,7.555
0,7.552
0,7.546
0,7.532
0,7.536
0,7.539
0,7.534
0,7.53
0,7.529
0,7.53
0,7.528
0,7.535
0,7.539
0,7.545
0,7.542
0,7.543
0,7.544
0,7.534
0,7.525
0,7.52
0,7.523
0,7.53
0,7.534
0,7.536
0,7.546
0,7.541
0,7.539
0,7.544
0,7.546
0,7.534
0,7.53
0,7.531
0,7.529
0,7.534
0,7.536
0,7.537
0,7.54
0,7.543
0,7.542
0,7.537
0,7.536
0,7.53
0,7.529
0,7.528
0,7.526
0,7.53
0,7.53
0,7.534
0,7.536
0,7.546
0,7.544
0,7.533
0,7.541
0,7.55
0,7.541
0,7.514
0,7.497
0,7.508
0,7.514
0,7.51
0,7.518
0,7.506
0,7.512
0,7.512
0,7.508
0,7.507
0,7.51
0,7.513
0,7.522
0,7.522
0,7.52
0,7.532
0,7.531
0,7.546
0,7.543
0,7.548
0,7.541
0,7.533
0,7.527
0,7.526
0,7.526
0,7.528
0,7.53
0,7.525
0,7.534
0,7.532
0,7.528
0,7.526
0,7.517
0,7.52
0,7.527
0,7.529
0,7.529
0,7.524
0,7.518
0,7.519
0,7.512
0,7.508
0,7.513
0,7.514
0,7.514
0,7.506
0,7.504
0,7.504
0,7.504
0,7.5
0,7.497
0,7.496
0,7.504
0,7.509
0,7.514
0,7.52
0,7.52
0,7.502
0,7.502
0,7.496
0,7.491
0,7.49
0,7.494
0,7.492
0,7.488
0,7.489
0,7.484
0,7.483
0,7.476
0,7.484
0,7.477
0,7.481
0,7.478
0,7.481
0,7.487
0,7.486
0,7.484
0,7.488
0,7.487
0,7.491
0,7.492
0,7.495
0,7.494
0,7.489
0,7.488
0,7.496
0,7.498
0,7.502
0,7.502
0,7.505
0,7.514
0,7.512
0,7.508
0,7.508
0,7.509
0,7.513
0,7.514
0,7.517
0,7.517
0,7.523
0,7.518
0,7.522
0,7.522
0,7.524
0,7.514
0,7.515
0,7.516
0,7.511
0,7.51
0,7.502
0,7.508
0,7.512
0,7.513
0,7.516
0,7.536
0,7.534
0,7.536
0,7.529
0,7.521
0,7.518
0,7.53
0,7.524
0,7.532
0,7.531
0,7.531
0,7.536
0,7.537
0,7.545
0,7.536
0,7.531
0,7.533
0,7.528
0,7.52
0,7.514
0,7.514
0,7.525
0,7.526
0,7.534
0,7.539
0,7.537
0,7.544
0,7.542
0,7.535
0,7.534
0,7.531
0,7.528
0,7.521
0,7.526
0,7.525
0,7.526
0,7.536
0,7.535
0,7.533
0,7.533
0,7.54
0,7.537
0,7.529
0,7.531
0,7.529
0,7.528
0,7.529
0,7.528
0,7.527
0,7.524
0,7.524
0,7.53
0,7.526
0,7.529
0,7.534
0,7.536
0,7.546
0,7.542
0,7.543
0,7.542
0,7.533
0,7.539
0,7.536
0,7.534
0,7.525
0,7.52
0,7.522
0,7.521
0,7.516
0,7.513
0,7.519
0,7.531
0,7.532
0,7.53
0,7.53
0,7.529
0,7.531
0,7.545
0,7.544
0,7.547
0,7.556
0,7.548
0,7.552
0,7.556
0,7.55
0,7.553
0,7.555
0,7.558
0,7.569
0,7.564
0,7.568
0,7.568
0,7.567
0,7.567
0,7.567
0,7.564
0,7.561
0,7.564
0,7.561
0,7.565
0,7.605
0,7.604
0,7.6
0,7.61
0,7.614
0,7.638
0,7.638
0,7.645
0,7.647
0,7.654
0,7.653
0,7.652
0,7.66
0,7.674
0,7.656
0,7.661
0,7.662
0,7.668
0,7.674
0,7.664
0,7.65
0,7.65
0,7.633
0,7.634
0,7.646
0,7.64
0,7.654
0,7.662
0,7.668
0,7.67
0,7.679
0,7.67
0,7.669
0,7.677
0,7.668
0,7.67
0,7.668
0,7.656
0,7.656
0,7.654
0,7.658
0,7.669
0,7.674
0,7.652
0,7.644
0,7.653
0,7.642
0,7.645
0,7.638
0,7.636
0,7.646
0,7.639
0,7.642
0,7.644
0,7.643
0,7.635
0,7.632
0,7.637
0,7.635
0,7.636
0,7.652
0,7.662
0,7.659
0,7.666
0,7.668
0,7.665
0,7.666
0,7.668
0,7.674
0,7.665
0,7.676
0,7.668
0,7.671
0,7.67
0,7.661
0,7.646
0,7.642
0,7.642
0,7.64
0,7.638
0,7.643
0,7.643
0,7.643
0,7.639
0,7.646
0,7.653
0,7.646
0,7.648
0,7.63
0,7.625
0,7.628
0,7.628
0,7.614
0,7.615
0,7.608
0,7.606
0,7.599
0,7.604
0,7.596
0,7.602
0,7.608
0,7.607
0,7.618
0,7.597
0,7.604
0,7.601
0,7.604
0,7.606
0,7.604
0,7.612
0,7.622
0,7.615
0,7.614
0,7.598
0,7.592
0,7.575
0,7.572
0,7.573
0,7.58
0,7.586
0,7.594
0,7.593
0,7.606
0,7.606
0,7.602
0,7.6
0,7.596
0,7.604
0,7.608
0,7.599
0,7.614
0,7.617
0,7.624
0,7.622
0,7.62
0,7.624
0,7.618
0,7.618
0,7.616
0,7.612
0,7.613
0,7.604
0,7.604
0,7.602
0,7.592
0,7.584
0,7.572
0,7.568
0,7.57
0,7.582
0,7.578
0,7.576
0,7.581
0,7.572
0,7.574
0,7.578
0,7.588
0,7.59
0,7.59
0,7.59
0,7.585
0,7.584
0,7.576
0,7.569
0,7.578
0,7.58
0,7.583
0,7.578
0,7.576
0,7.572
0,7.563
0,7.56
0,7.568
0,7.562
0,7.568
0,7.573
0,7.565
0,7.568
0,7.572
0,7.57
0,7.567
0,7.567
0,7.554
0,7.56
0,7.558
0,7.56
0,7.554
0,7.546
0,7.558
0,7.566
0,7.556
0,7.552
0,7.557
0,7.564
0,7.562
0,7.569
0,7.57
0,7.566
0,7.566
0,7.574
0,7.579
0,7.582
0,7.581
0,7.566
0,7.566
0,7.572
0,7.572
0,7.577
0,7.58
0,7.582
0,7.582
0,7.582
0,7.578
0,7.575
0,7.575
0,7.576
0,7.577
0,7.577
0,7.576
0,7.577
0,7.576
0,7.574
0,7.576
0,7.58
0,7.574
0,7.578
0,7.579
0,7.578
0,7.581
0,7.588
0,7.592
0,7.59
0,7.586
0,7.585
0,7.585
0,7.59
0,7.592
0,7.606
0,7.606
0,7.604
0,7.605
0,7.61
0,7.609
0,7.622
0,7.63
0,7.634
0,7.64
0,7.636
0,7.638
0,7.643
0,7.64
0,7.637
0,7.642
0,7.643
0,7.637
0,7.642
0,7.637
0,7.64
0,7.653
0,7.656
0,7.644
0,7.644
0,7.645
0,7.645
0,7.652
0,7.652
0,7.649
0,7.652
0,7.652
0,7.65
0,7.652
0,7.656
0,7.659
0,7.666
0,7.666
0,7.665
0,7.652
0,7.648
0,7.636
0,7.632
0,7.63
0,7.632
0,7.632
0,7.629
0,7.628
0,7.619
0,7.605
0,7.608
0,7.606
0,7.603
0,7.614
0,7.616
0,7.604
0,7.605
0,7.606
0,7.606
0,7.601
0,7.6
0,7.596
0,7.592
0,7.588
0,7.589
0,7.595
0,7.594
0,7.601
0,7.604
0,7.598
0,7.597
0,7.606
0,7.591
0,7.602
0,7.604
0,7.612
0,7.613
0,7.611
0,7.604
0,7.594
0,7.596
0,7.588
0,7.59
0,7.585
0,7.588
0,7.585
0,7.585
0,7.587
0,7.588
0,7.589
0,7.597
0,7.6
0,7.601
0,7.604
0,7.604
0,7.602
0,7.601
0,7.592
0,7.591
0,7.594
0,7.603
0,7.6
0,7.601
0,7.61
0,7.606
0,7.61
0,7.612
0,7.613
0,7.612
0,7.61
0,7.608
0,7.61
0,7.614
0,7.61
0,7.617
0,7.618
0,7.622
0,7.624
0,7.632
0,7.622
0,7.635
0,7.63
0,7.627
0,7.633
0,7.637
0,7.638
0,7.636
0,7.628
0,7.625
0,7.624
0,7.621
0,7.626
0,7.622
0,7.62
0,7.624
0,7.624
0,7.622
0,7.619
0,7.614
0,7.618
0,7.616
0,7.62
0,7.62
0,7.621
0,7.627
0,7.631
0,7.631
0,7.626
0,7.626
0,7.63
0,7.638
0,7.632
0,7.636
0,7.633
0,7.635
0,7.636
0,7.632
0,7.638
0,7.636
0,7.634
0,7.636
0,7.637
0,7.628
0,7.632
0,7.633
0,7.638
0,7.64
0,7.633
0,7.63
0,7.64
0,7.638
0,7.635
0,7.637
0,7.643
0,7.642
0,7.64
0,7.648
0,7.648
0,7.646
0,7.641
0,7.645
0,7.644
0,7.646
0,7.644
0,7.634
0,7.631
0,7.628
0,7.63
0,7.637
0,7.63
0,7.637
0,7.634
0,7.622
0,7.622
0,7.626
0,7.63
0,7.631
0,7.634
0,7.631
0,7.634
0,7.632
0,7.631
0,7.63
0,7.632
0,7.637
0,7.642
0,7.643
0,7.648
0,7.648
0,7.648
0,7.651
0,7.652
0,7.649
0,7.644
0,7.648
0,7.651
0,7.656
0,7.658
0,7.668
0,7.671
0,7.664
0,7.664
0,7.662
0,7.672
0,7.67
0,7.672
0,7.67
0,7.668
0,7.666
0,7.665
0,7.666
0,7.666
0,7.666
0,7.665
0,7.661
0,7.662
0,7.664
0,7.66
0,7.657
0,7.65
0,7.645
0,7.643
0,7.643
0,7.65
0,7.656
0,7.659
0,7.658
0,7.655
0,7.664
0,7.664
0,7.668
0,7.668
0,7.673
0,7.674
0,7.669
0,7.666
0,7.671
0,7.668
0,7.671
0,7.678
0,7.676
0,7.669
0,7.666
0,7.666
0,7.666
0,7.666
0,7.668
0,7.67
0,7.71
0,7.708
0,7.704
0,7.648
0,7.658
0,7.656
0,7.672
0,7.686
0,7.672
0,7.669
0,7.688
0,7.691
0,7.698
0,7.704
0,7.71
0,7.69
0,7.722
0,7.748
0,7.736
0,7.728
0,7.722
0,7.728
0,7.72
0,7.722
0,7.723
0,7.73
0,7.724
0,7.72
0,7.725
0,7.723
0,7.714
0,7.718
0,7.717
0,7.71
0,7.696
0,7.702
0,7.699
0,7.69
0,7.687
0,7.678
0,7.675
0,7.662
0,7.65
0,7.639
0,7.638
0,7.623
0,7.632
0,7.622
0,7.615
0,7.607
0,7.603
0,7.59
0,7.593
0,7.614
0,7.626
0,7.612
0,7.619
0,7.62
0,7.62
0,7.63
0,7.623
0,7.616
0,7.602
0,7.597
0,7.592
0,7.6
0,7.596
0,7.596
0,7.574
0,7.594
0,7.598
0,7.604
0,7.608
0,7.604
0,7.608
0,7.605
0,7.605
0,7.614
0,7.616
0,7.614
0,7.616
0,7.616
0,7.611
0,7.605
0,7.6
0,7.614
0,7.625
0,7.628
0,7.629
0,7.63
0,7.617
0,7.618
0,7.611
0,7.611
0,7.614
0,7.611
0,7.611
0,7.618
0,7.624
0,7.637
0,7.634
0,7.636
0,7.63
0,7.626
0,7.634
0,7.635
0,7.642
0,7.647
0,7.639
0,7.637
0,7.64
0,7.636
0,7.61
0,7.623
0,7.625
0,7.618
0,7.623
0,7.63
0,7.633
0,7.636
0,7.638
0,7.64
0,7.648
0,7.646
0,7.648
0,7.646
0,7.641
0,7.638
0,7.636
0,7.636
0,7.643
0,7.644
0,7.636
0,7.626
0,7.631
0,7.61
0,7.61
0,7.613
0,7.614
0,7.62
0,7.63
0,7.634
0,7.626
0,7.627
0,7.624
0,7.616
0,7.614
0,7.609
0,7.605
0,7.602
0,7.608
0,7.608
0,7.599
0,7.601
0,7.598
0,7.588
0,7.594
0,7.586
0,7.584
0,7.592
0,7.597
0,7.598
0,7.601
0,7.598
0,7.598
0,7.595
0,7.599
0,7.598
0,7.601
0,7.594
0,7.596
0,7.601
0,7.605
0,7.604
0,7.608
0,7.604
0,7.602
0,7.612
0,7.606
0,7.611
0,7.608
0,7.605
0,7.612
0,7.618
0,7.616
0,7.62
0,7.619
0,7.612
0,7.608
0,7.605
0,7.604
0,7.605
0,7.608
0,7.613
0,7.608
0,7.608
0,7.611
0,7.606
0,7.614
0,7.613
0,7.612
0,7.616
0,7.623
0,7.625
0,7.631
0,7.626
0,7.614
0,7.616
0,7.62
0,7.62
0,7.618
0,7.617
0,7.616
0,7.621
0,7.621
0,7.617
0,7.617
0,7.62
0,7.624
0,7.621
0,7.618
0,7.621
0,7.625
0,7.631
0,7.627
0,7.623
0,7.628
0,7.623
0,7.622
0,7.631
0,7.63
0,7.63
0,7.632
0,7.64
0,7.652
0,7.659
0,7.672
0,7.67
0,7.672
0,7.689
0,7.684
0,7.687
0,7.693
0,7.706
0,7.707
0,7.709
0,7.707
0,7.703
0,7.699
0,7.68
0,7.678
0,7.678
0,7.669
0,7.674
0,7.688
0,7.693
0,7.699
0,7.692
0,7.685
0,7.685
0,7.692
0,7.694
0,7.695
0,7.688
0,7.693
0,7.691
0,7.664
0,7.656
0,7.638
0,7.646
0,7.654
0,7.669
0,7.665
0,7.676
0,7.671
0,7.667
0,7.68
0,7.678
0,7.695
0,7.698
0,7.697
0,7.694
0,7.696
0,7.692
0,7.695
0,7.696
0,7.704
0,7.7
0,7.697
0,7.688
0,7.688
0,7.688
0,7.694
0,7.694
0,7.682
0,7.679
0,7.674
0,7.666
0,7.667
0,7.66
0,7.664
0,7.664
0,7.667
0,7.67
0,7.681
0,7.691
0,7.683
0,7.682
0,7.675
0,7.674
0,7.674
0,7.677
0,7.676
0,7.677
0,7.672
0,7.672
0,7.68
0,7.68
0,7.674
0,7.673
0,7.675
0,7.677
0,7.673
0,7.67
0,7.672
0,7.666
0,7.654
0,7.648
0,7.651
0,7.643
0,7.656
0,7.666
0,7.662
0,7.662
0,7.668
0,7.664
0,7.672
0,7.664
0,7.667
0,7.668
0,7.666
0,7.674
0,7.672
0,7.666
0,7.668
0,7.667
0,7.67
0,7.67
0,7.677
0,7.67
0,7.673
0,7.685
0,7.686
0,7.69
0,7.687
0,7.685
0,7.675
0,7.679
0,7.68
0,7.67
0,7.666
0,7.655
0,7.648
0,7.65
0,7.646
0,7.651
0,7.654
0,7.656
0,7.657
0,7.655
0,7.648
0,7.649
0,7.653
0,7.657
0,7.656
0,7.664
0,7.668
0,7.67
0,7.674
0,7.678
0,7.672
0,7.671
0,7.67
0,7.672
0,7.675
0,7.674
0,7.682
0,7.683
0,7.672
0,7.673
0,7.661
0,7.65
0,7.663
0,7.678
0,7.676
0,7.67
0,7.672
0,7.674
0,7.668
0,7.677
0,7.674
0,7.675
0,7.672
0,7.659
0,7.656
0,7.658
0,7.672
0,7.674
0,7.673
0,7.672
0,7.666
0,7.67
0,7.672
0,7.678
0,7.682
0,7.674
0,7.674
0,7.671
0,7.662
0,7.663
0,7.674
0,7.683
0,7.682
0,7.682
0,7.676
0,7.682
0,7.681
0,7.674
0,7.662
0,7.66
0,7.654
0,7.658
0,7.672
0,7.665
0,7.664
0,7.671
0,7.664
0,7.664
0,7.658
0,7.656
0,7.664
0,7.658
0,7.661
0,7.657
0,7.655
0,7.64
0,7.656
0,7.656
0,7.661
0,7.662
0,7.668
0,7.666
0,7.662
0,7.659
0,7.661
0,7.664
0,7.658
0,7.66
0,7.663
0,7.664
0,7.662
0,7.666
0,7.654
0,7.654
0,7.647
0,7.646
0,7.642
0,7.651
0,7.65
0,7.654
0,7.658
0,7.66
0,7.665
0,7.66
0,7.663
0,7.662
0,7.667
0,7.663
0,7.652
0,7.658
0,7.668
0,7.663
0,7.658
0,7.659
0,7.658
0,7.66
0,7.667
0,7.665
0,7.667
0,7.672
0,7.666
0,7.671
0,7.671
0,7.672
0,7.669
0,7.668
0,7.664
0,7.666
0,7.67
0,7.672
0,7.671
0,7.669
0,7.671
0,7.673
0,7.672
0,7.644
0,7.628
0,7.628
0,7.676
0,7.674
0,7.67
0,7.682
0,7.667
0,7.679
0,7.676
0,7.687
0,7.677
0,7.679
0,7.662
0,7.642
0,7.654
0,7.652
0,7.65
0,7.65
0,7.652
0,7.662
0,7.66
0,7.646
0,7.636
0,7.638
0,7.636
0,7.638
0,7.642
0,7.639
0,7.636
0,7.642
0,7.648
0,7.667
0,7.676
0,7.68
0,7.691
0,7.702
0,7.696
0,7.694
0,7.69
0,7.696
0,7.688
0,7.696
0,7.703
0,7.707
0,7.714
0,7.727
0,7.729
0,7.738
0,7.73
0,7.722
0,7.717
0,7.717
0,7.726
0,7.734
0,7.737
0,7.738
0,7.742
0,7.734
0,7.724
0,7.706
0,7.694
0,7.688
0,7.684
0,7.69
0,7.698
0,7.705
0,7.704
0,7.7
0,7.703
0,7.7
0,7.699
0,7.694
0,7.702
0,7.707
0,7.707
0,7.712
0,7.71
0,7.704
0,7.698
0,7.694
0,7.679
0,7.686
0,7.684
0,7.678
0,7.662
0,7.658
0,7.662
0,7.666
0,7.668
0,7.658
0,7.665
0,7.666
0,7.678
0,7.67
0,7.674
0,7.68
0,7.67
0,7.672
0,7.671
0,7.666
0,7.658
0,7.66
0,7.659
0,7.664
0,7.659
0,7.662
0,7.664
0,7.674
0,7.673
0,7.668
0,7.666
0,7.661
0,7.662
0,7.668
0,7.664
0,7.664
0,7.664
0,7.662
0,7.659
0,7.658
0,7.659
0,7.664
0,7.662
0,7.668
0,7.666
0,7.666
0,7.668
0,7.665
0,7.666
0,7.668
0,7.66
0,7.661
0,7.66
0,7.664
0,7.667
0,7.663
0,7.666
0,7.668
0,7.667
0,7.67
0,7.664
0,7.666
0,7.672
0,7.68
0,7.681
0,7.684
0,7.688
0,7.693
0,7.698
0,7.696
0,7.685
0,7.688
0,7.69
0,7.689
0,7.694
0,7.696
0,7.701
0,7.701
0,7.7
0,7.698
0,7.7
0,7.701
0,7.704
0,7.705
0,7.706
0,7.701
0,7.702
0,7.713
0,7.71
0,7.716
0,7.722
0,7.721
0,7.716
0,7.714
0,7.706
0,7.701
0,7.701
0,7.702
0,7.702
0,7.716
0,7.717
0,7.715
0,7.717
0,7.71
0,7.706
0,7.709
0,7.716
0,7.716
0,7.724
0,7.726
0,7.721
0,7.72
0,7.724
0,7.723
0,7.733
0,7.732
0,7.726
0,7.729
0,7.734
0,7.73
0,7.736
0,7.73
0,7.733
0,7.73
0,7.724
0,7.725
0,7.731
0,7.73
0,7.728
0,7.725
0,7.725
0,7.726
0,7.736
0,7.728
0,7.722
0,7.722
0,7.724
0,7.732
0,7.737
0,7.733
0,7.731
0,7.731
0,7.718
0,7.722
0,7.725
0,7.721
0,7.716
0,7.717
0,7.716
0,7.714
0,7.712
0,7.714
0,7.714
0,7.717
0,7.722
0,7.722
0,7.744
0,7.733
0,7.73
0,7.73
0,7.741
0,7.732
0,7.743
0,7.748
0,7.746
0,7.748
0,7.746
0,7.748
0,7.746
0,7.747
0,7.753
0,7.754
0,7.758
0,7.769
0,7.758
0,7.754
0,7.755
0,7.758
0,7.758
0,7.758
0,7.755
0,7.753
0,7.755
0,7.754
0,7.764
0,7.766
0,7.768
0,7.76
0,7.762
0,7.762
0,7.762
0,7.76
0,7.759
0,7.754
0,7.753
0,7.756
0,7.762
0,7.762
0,7.762
0,7.758
0,7.758
0,7.762
0,7.764
0,7.764
0,7.765
0,7.77
0,7.77
0,7.768
0,7.768
0,7.763
0,7.762
0,7.761
0,7.762
0,7.763
0,7.765
0,7.765
0,7.767
0,7.768
0,7.77
0,7.774
0,7.769
0,7.767
0,7.768
0,7.774
0,7.774
0,7.773
0,7.774
0,7.778
0,7.774
0,7.774
0,7.774
0,7.77
0,7.771
0,7.772
0,7.768
0,7.758
0,7.759
0,7.754
0,7.75
0,7.752
0,7.746
0,7.751
0,7.748
0,7.74
0,7.739
0,7.73
0,7.723
0,7.713
0,7.723
0,7.724
0,7.726
0,7.722
0,7.726
0,7.729
0,7.722
0,7.713
0,7.713
0,7.728
0,7.718
0,7.715
0,7.715
0,7.716
0,7.713
0,7.708
0,7.702
0,7.704
0,7.707
0,7.708
0,7.712
0,7.709
0,7.708
0,7.71
0,7.714
0,7.717
0,7.714
0,7.72
0,7.722
0,7.726
0,7.722
0,7.728
0,7.723
0,7.726
0,7.72
0,7.72
0,7.724
0,7.726
0,7.726
0,7.726
0,7.719
0,7.718
0,7.722
0,7.722
0,7.722
0,7.721
0,7.717
0,7.718
0,7.718
0,7.722
0,7.72
0,7.717
0,7.72
0,7.722
0,7.72
0,7.718
0,7.718
0,7.7
0,7.709
0,7.709
0,7.711
0,7.705
0,7.699
0,7.696
0,7.686
0,7.685
0,7.691
0,7.686
0,7.682
0,7.68
0,7.686
0,7.69
0,7.693
0,7.691
0,7.69
0,7.688
0,7.693
0,7.688
0,7.696
0,7.692
0,7.692
0,7.691
0,7.688
0,7.683
0,7.683
0,7.686
0,7.683
0,7.688
0,7.682
0,7.68
0,7.678
0,7.68
0,7.674
0,7.669
0,7.666
0,7.66
0,7.662
0,7.657
0,7.666
0,7.664
0,7.658
0,7.664
0,7.669
0,7.664
0,7.668
0,7.663
0,7.666
0,7.664
0,7.662
0,7.664
0,7.661
0,7.661
0,7.658
0,7.654
0,7.654
0,7.654
0,7.652
0,7.65
0,7.65
0,7.65
0,7.645
0,7.64
0,7.643
0,7.64
0,7.644
0,7.644
0,7.64
0,7.642
0,7.635
0,7.629
0,7.634
0,7.63
0,7.628
0,7.628
0,7.63
0,7.634
0,7.622
0,7.618
0,7.623
0,7.632
0,7.629
0,7.627
0,7.629
0,7.626
0,7.626
0,7.631
0,7.628
0,7.624
0,7.624
0,7.623
0,7.622
0,7.62
0,7.624
0,7.63
0,7.63
0,7.63
0,7.63
0,7.629
0,7.626
0,7.627
0,7.625
0,7.624
0,7.622
0,7.626
0,7.63
0,7.627
0,7.622
0,7.622
0,7.62
0,7.617
0,7.618
0,7.617
0,7.622
0,7.624
0,7.626
0,7.743
0,7.736
0,7.732
0,7.744
0,7.741
0,7.73
0,7.732
0,7.733
0,7.736
0,7.734
0,7.742
0,7.74
0,7.733
0,7.748
0,7.736
0,7.729
0,7.728
0,7.746
0,7.752
0,7.754
0,7.749
0,7.739
0,7.734
0,7.716
0,7.682
0,7.69
0,7.691
0,7.685
0,7.696
0,7.704
0,7.706
0,7.708
0,7.7
0,7.702
0,7.706
0,7.692
0,7.69
0,7.696
0,7.684
0,7.688
0,7.69
0,7.688
0,7.694
0,7.701
0,7.706
0,7.714
0,7.716
0,7.728
0,7.729
0,7.726
0,7.725
0,7.727
0,7.726
0,7.724
0,7.726
0,7.725
0,7.726
0,7.732
0,7.736
0,7.738
0,7.738
0,7.73
0,7.736
0,7.737
0,7.737
0,7.726
0,7.727
0,7.737
0,7.739
0,7.738
0,7.742
0,7.742
0,7.745
0,7.736
0,7.736
0,7.738
0,7.737
0,7.738
0,7.741
0,7.75
0,7.764
0,7.768
0,7.768
0,7.768
0,7.771
0,7.772
