0,70.3
0,70.52
0,70.51
0,70.37
0,70.24
0,70.56
0,70.65
0,70.79
0,70.8
0,70.56
0,70.63
0,70.47
0,70.6
0,70.53
0,70.54
0,70.38
0,70.39
0,70.25
0,70.34
0,70.27
0,70.25
0,70.06
0,70.07
0,69.98
0,69.84
0,69.83
0,69.83
0,69.68
0,69.7
0,69.65
0,69.53
0,69.44
0,69.46
0,69.46
0,69.5
0,69.56
0,69.9
0,69.89
0,69.84
0,69.78
0,69.99
0,69.91
0,69.95
0,69.95
0,70.12
0,70.08
0,70.04
0,69.88
0,69.93
0,69.85
0,69.84
0,69.8
0,69.78
0,69.88
0,69.82
0,69.78
0,69.88
0,69.76
0,69.66
0,69.6
0,69.48
0,69.52
0,69.46
0,69.38
0,69.31
0,69.18
0,69.33
0,69.4
0,69.44
0,69.38
0,69.36
0,69.32
0,69.24
0,69.22
0,69.31
0,69.4
0,69.34
0,69.38
0,69.37
0,69.33
0,69.26
0,69.19
0,69.21
0,69.4
0,69.38
0,69.41
0,69.41
0,69.38
0,69.4
0,69.4
0,69.38
0,69.34
0,69.38
0,69.48
0,69.54
0,69.65
0,69.7
0,69.82
0,69.76
0,69.79
0,69.84
0,69.85
0,69.84
0,69.9
0,69.94
0,69.98
0,69.94
0,69.9
0,69.91
0,69.93
0,70.12
0,70.06
0,69.96
0,69.88
0,69.91
0,69.97
0,69.96
0,69.91
0,69.79
0,69.69
0,69.76
0,69.66
0,69.62
0,69.63
0,69.61
0,69.68
0,69.57
0,69.48
0,69.46
0,69.42
0,69.48
0,69.56
0,69.51
0,69.5
0,69.5
0,69.5
0,69.48
0,69.46
0,69.56
0,69.59
0,69.66
0,69.46
0,69.39
0,69.32
0,69.38
0,69.28
0,69.32
0,69.35
0,69.34
0,69.22
0,69.24
0,69.18
0,69.22
0,69.26
0,69.31
0,69.23
0,69.32
0,69.2
0,69.3
0,69.29
0,69.28
0,69.26
0,69.28
0,69.24
0,69.24
0,69.28
0,69.29
0,69.23
0,69.22
0,69.32
0,69.34
0,69.33
0,69.31
0,69.29
0,69.31
0,69.32
0,69.32
0,69.27
0,69.28
0,69.32
0,69.32
0,69.34
0,69.35
0,69.28
0,69.32
0,69.29
0,69.31
0,69.45
0,69.44
0,69.44
0,69.45
0,69.42
0,69.45
0,69.4
0,69.42
0,69.39
0,69.5
0,69.5
0,69.44
0,69.41
0,69.41
0,69.4
0,69.43
0,69.47
0,69.46
0,69.49
0,69.48
0,69.59
0,69.68
0,69.66
0,69.65
0,69.68
0,69.74
0,69.72
0,69.72
0,69.72
0,69.85
0,69.82
0,69.85
0,69.85
0,69.85
0,69.81
0,69.82
0,69.79
0,69.72
0,69.81
0,69.79
0,69.78
0,69.73
0,69.74
0,69.79
0,69.8
0,69.78
0,69.81
0,69.85
0,69.84
0,69.79
0,69.84
0,69.88
0,69.87
0,69.82
0,69.88
0,69.84
0,69.87
0,69.93
0,69.87
0,69.78
0,69.77
0,69.74
0,69.72
0,69.68
0,69.68
0,69.72
0,69.69
0,69.71
0,69.66
0,69.7
0,69.68
0,69.69
0,69.71
0,69.68
0,69.66
0,69.66
0,69.66
0,69.66
0,69.62
0,69.64
0,69.71
0,69.72
0,69.73
0,69.78
0,69.66
0,69.6
0,69.62
0,69.65
0,69.66
0,69.62
0,69.6
0,69.47
0,69.44
0,69.47
0,69.37
0,69.4
0,69.44
0,69.4
0,69.46
0,69.46
0,69.48
0,69.52
0,69.52
0,69.48
0,69.44
0,69.46
0,69.46
0,69.53
0,69.54
0,69.57
0,69.53
0,69.48
0,69.43
0,69.46
0,69.56
0,69.61
0,69.6
0,69.62
0,69.58
0,69.59
0,69.6
0,69.57
0,69.59
0,69.59
0,69.56
0,69.47
0,69.43
0,69.45
0,69.46
0,69.48
0,69.48
0,69.54
0,69.57
0,69.62
0,69.63
0,69.56
0,69.56
0,69.56
0,69.51
0,69.51
0,69.52
0,69.55
0,69.5
0,69.41
0,69.4
0,69.51
0,69.52
0,69.46
0,69.38
0,69.37
0,69.36
0,69.35
0,69.27
0,69.28
0,69.25
0,69.23
0,69.29
0,69.38
0,69.38
0,69.37
0,69.28
0,69.32
0,69.28
0,69.21
0,69.29
0,69.18
0,69.22
0,69.31
0,69.35
0,69.32
0,69.42
0,69.33
0,69.28
0,69.28
0,69.23
0,69.19
0,69.22
0,69.24
0,69.16
0,69.22
0,69.21
0,69.31
0,69.22
0,69.08
0,69.14
0,69.16
0,69.18
0,69.25
0,69.16
0,69.31
0,69.32
0,69.28
0,69.29
0,69.28
0,69.31
0,69.3
0,69.36
0,69.38
0,69.33
0,69.46
0,69.48
0,69.48
0,69.43
0,68.8
0,68.72
0,68.67
0,68.28
0,67.92
0,68
0,67.93
0,67.9
0,67.93
0,67.93
0,67.84
0,67.93
0,67.92
0,67.88
0,67.72
0,67.67
0,67.58
0,67.46
0,67.4
0,67.35
0,67.28
0,67.12
0,67.13
0,67.03
0,67.06
0,67.1
0,67.15
0,67.04
0,67.07
0,67.09
0,67.06
0,66.94
0,66.9
0,66.79
0,66.85
0,66.81
0,66.87
0,66.79
0,66.66
0,66.62
0,66.53
0,66.53
0,66.47
0,66.41
0,66.35
0,66.38
0,66.26
0,66.25
0,66.26
0,66.22
0,66.25
0,66.22
0,66.22
0,66.2
0,66.16
0,66.09
0,66.12
0,66.19
0,66.11
0,66.04
0,65.93
0,65.89
0,65.92
0,65.9
0,65.95
0,65.99
0,65.97
0,65.75
0,65.7
0,65.66
0,65.67
0,65.76
0,65.66
0,65.68
0,65.57
0,65.53
0,65.62
0,65.74
0,65.69
0,65.72
0,65.63
0,65.81
0,65.92
0,66.02
0,65.96
0,65.92
0,65.97
0,66.13
0,66.17
0,66.13
0,66.18
0,66.19
0,66.16
0,66.28
0,66.31
0,66.4
0,66.42
0,66.43
0,66.4
0,66.34
0,66.25
0,66.49
0,66.54
0,66.46
0,66.6
0,66.59
0,66.57
0,66.6
0,66.59
0,66.46
0,66.38
0,66.58
0,66.52
0,66.62
0,66.56
0,66.52
0,66.34
0,66.34
0,66.32
0,66.36
0,66.28
0,66.4
0,66.37
0,66.25
0,66.37
0,66.43
0,66.62
0,66.72
0,66.87
0,66.87
0,66.9
0,66.92
0,67
0,66.98
0,67.07
0,66.98
0,66.93
0,66.94
0,66.97
0,66.96
0,66.91
0,66.97
0,66.84
0,66.88
0,66.81
0,66.92
0,66.94
0,66.82
0,66.83
0,66.81
0,66.82
0,66.76
0,66.82
0,66.71
0,66.69
0,66.65
0,66.62
0,66.68
0,66.66
0,66.72
0,66.72
0,66.63
0,66.82
0,66.94
0,66.89
0,66.9
0,66.89
0,66.78
0,66.74
0,66.73
0,66.81
0,66.81
0,66.79
0,66.88
0,66.92
0,66.9
0,66.82
0,66.77
0,66.78
0,66.82
0,66.81
0,66.91
0,66.87
0,66.88
0,66.84
0,66.93
0,66.85
0,66.85
0,66.76
0,66.72
0,66.78
0,66.82
0,66.84
0,66.82
0,66.75
0,66.79
0,66.74
0,66.85
0,66.87
0,66.82
0,66.78
0,66.75
0,66.84
0,66.84
0,66.82
0,66.84
0,66.84
0,66.79
0,66.84
0,66.86
0,66.84
0,66.82
0,66.84
0,66.82
0,66.69
0,66.69
0,66.68
0,66.58
0,66.6
0,66.59
0,66.61
0,66.6
0,66.62
0,66.62
0,66.56
0,66.55
0,66.37
0,66.32
0,66.21
0,66.21
0,66.22
0,66.27
0,66.32
0,66.32
0,66.44
0,66.4
0,66.46
0,66.46
0,66.41
0,66.38
0,66.46
0,66.41
0,66.47
0,66.34
0,66.38
0,66.34
0,66.32
0,66.4
0,66.44
0,66.43
0,66.53
0,66.5
0,66.5
0,66.55
0,66.5
0,66.52
0,66.43
0,66.44
0,66.46
0,66.32
0,66.37
0,66.28
0,66.34
0,66.27
0,66.22
0,66.21
0,66.18
0,66.16
0,66.19
0,66.12
0,66.2
0,66.14
0,66.14
0,66.15
0,66.17
0,66.16
0,66.24
0,66.35
0,66.38
0,66.38
0,66.4
0,66.46
0,66.46
0,66.43
0,66.47
0,66.38
0,66.44
0,66.4
0,66.44
0,66.5
0,66.59
0,66.52
0,66.56
0,66.58
0,66.5
0,66.55
0,66.52
0,66.51
0,66.56
0,66.6
0,66.72
0,66.75
0,66.71
0,66.7
0,66.68
0,66.69
0,66.59
0,66.56
0,66.58
0,66.63
0,66.6
0,66.62
0,66.59
0,66.57
0,66.62
0,66.57
0,66.59
0,66.53
0,66.59
0,66.52
0,66.6
0,66.61
0,66.59
0,66.59
0,66.57
0,66.56
0,66.47
0,66.39
0,66.4
0,66.46
0,66.43
0,66.39
0,66.47
0,66.47
0,66.43
0,66.43
0,66.43
0,66.43
0,66.37
0,66.37
0,66.34
0,66.33
0,66.38
0,66.4
0,66.31
0,66.28
0,66.35
0,66.31
0,66.24
0,66.37
0,66.37
0,66.4
0,66.32
0,66.32
0,66.22
0,66.23
0,66.24
0,66.19
0,66.19
0,66.29
0,66.23
0,66.18
0,66.32
0,66.46
0,66.44
0,66.41
0,66.41
0,66.4
0,66.34
0,66.36
0,66.24
0,66.25
0,66.26
0,66.34
0,66.35
0,66.32
0,66.43
0,66.43
0,66.41
0,66.44
0,66.46
0,66.48
0,66.51
0,66.4
0,66.32
0,66.39
0,66.32
0,66.24
0,66.35
0,66.42
0,67.18
0,67.06
0,67.16
0,67.28
0,67.4
0,67.23
0,67.22
0,67.11
0,67.14
0,67.02
0,67.18
0,67.28
0,67.44
0,67.42
0,67.35
0,67.34
0,67.35
0,67.25
0,67.27
0,67.16
0,67.14
0,67.21
0,67.28
0,67.28
0,67.26
0,67.19
0,67.27
0,67.28
0,67.37
0,67.38
0,67.46
0,67.54
0,67.57
0,67.56
0,67.63
0,67.56
0,67.56
0,67.57
0,67.53
0,67.54
0,67.56
0,67.6
0,67.6
0,67.62
0,67.6
0,67.6
0,67.6
0,67.46
0,67.55
0,67.5
0,67.4
0,67.32
0,67.52
0,67.68
0,67.74
0,67.75
0,67.83
0,67.81
0,67.82
0,67.85
0,67.93
0,68.01
0,68.02
0,68.07
0,67.91
0,67.86
0,67.9
0,67.9
0,67.91
0,67.92
0,67.85
0,67.81
0,67.76
0,67.81
0,67.83
0,67.78
0,67.85
0,67.93
0,67.89
0,67.79
0,67.79
0,67.85
0,67.89
0,67.88
0,67.83
0,67.73
0,67.79
0,67.81
0,67.79
0,67.87
0,67.89
0,67.87
0,68.03
0,68.05
0,68.07
0,68.09
0,68.06
0,68.07
0,68.03
0,68.03
0,68.1
0,68.14
0,68.1
0,68.12
0,68.11
0,67.98
0,67.91
0,67.76
0,67.72
0,67.79
0,67.75
0,67.68
0,67.65
0,67.58
0,67.61
0,67.62
0,67.62
0,67.62
0,67.69
0,67.72
0,67.7
0,67.66
0,67.74
0,67.76
0,67.82
0,67.84
0,67.79
0,67.76
0,67.72
0,67.6
0,67.64
0,67.72
0,67.69
0,67.66
0,67.74
0,67.72
0,67.87
0,67.82
0,67.82
0,67.85
0,67.78
0,67.89
0,67.92
0,67.94
0,67.96
0,67.97
0,67.89
0,67.93
0,67.9
0,67.95
0,67.9
0,67.91
0,67.9
0,67.86
0,67.76
0,67.82
0,67.81
0,67.81
0,67.84
0,67.86
0,67.9
0,67.94
0,67.98
0,68.03
0,68.04
0,68.04
0,68.09
0,68.15
0,68.19
0,68.22
0,68.26
0,68.21
0,68.24
0,68.32
0,68.3
0,68.25
0,68.24
0,68.26
0,68.21
0,68.22
0,68.22
0,68.19
0,68.15
0,68.2
0,68.2
0,68.24
0,68.28
0,68.34
0,68.34
0,68.34
0,68.33
0,68.4
0,68.44
0,68.43
0,68.47
0,68.4
0,68.37
0,68.39
0,68.42
0,68.39
0,68.34
0,68.37
0,68.33
0,68.34
0,68.38
0,68.36
0,68.39
0,68.4
0,68.35
0,68.38
0,68.36
0,68.38
0,68.4
0,68.44
0,68.48
0,68.5
0,68.52
0,68.54
0,68.56
0,68.57
0,68.56
0,68.52
0,68.53
0,68.49
0,68.47
0,68.43
0,68.41
0,68.42
0,68.44
0,68.44
0,68.46
0,68.49
0,68.5
0,68.46
0,68.43
0,68.42
0,68.43
0,68.41
0,68.4
0,68.44
0,68.46
0,68.5
0,68.55
0,68.57
0,68.52
0,68.46
0,68.41
0,68.4
0,68.43
0,68.44
0,68.34
0,68.28
0,68.21
0,68.18
0,68.15
0,68.19
0,68.22
0,68.2
0,68.28
0,68.32
0,68.39
0,68.37
0,68.31
0,68.34
0,68.34
0,68.32
0,68.34
0,68.25
0,68.26
0,68.14
0,68.15
0,68.1
0,68.12
0,68.1
0,68.18
0,68.2
0,68.18
0,68.1
0,68
0,67.95
0,68.02
0,68.03
0,68
0,68.05
0,68
0,67.95
0,67.94
0,67.98
0,68.01
0,68
0,67.94
0,67.9
0,67.92
0,67.98
0,68.04
0,68.13
0,68.1
0,68.12
0,68.09
0,68.07
0,68.09
0,68.08
0,68.06
0,68.11
0,68.13
0,68.15
0,68.15
0,68.12
0,68.1
0,68.08
0,68.13
0,68.16
0,68.15
0,68.16
0,68.13
0,68.12
0,68.07
0,67.98
0,67.94
0,68
0,68.05
0,68.06
0,68.03
0,68.01
0,67.96
0,67.96
0,67.93
0,67.87
0,67.87
0,67.9
0,67.87
0,68.05
0,67.98
0,68
0,68.01
0,68.09
0,68.1
0,68.1
0,68.12
0,68.06
0,68.04
0,68.04
0,68.11
0,68.03
0,68.06
0,68.12
0,68.13
0,68.16
0,68.13
0,68.12
0,68.17
0,68.08
0,67.95
0,67.94
0,67.98
0,67.91
0,67.92
0,67.91
0,67.93
0,67.9
0,67.94
0,67.96
0,68.02
0,68.04
0,68.1
0,68.1
0,68.09
0,68.1
0,68.07
0,68.02
0,68.02
0,67.95
0,67.96
0,67.96
0,67.97
0,67.94
0,68.02
0,68.09
0,68.1
0,68.18
0,68.04
0,68.03
0,68.03
0,68.06
0,68.09
0,68.07
0,68.1
0,68.2
0,68.13
0,68.15
0,68.26
0,68.31
0,68.46
0,68.62
0,68.62
0,68.73
0,68.78
0,68.66
0,68.64
0,68.71
0,68.42
0,68.48
0,68.56
0,68.52
0,68.56
0,68.71
0,68.68
0,68.58
0,68.53
0,68.38
0,68.35
0,68.38
0,68.32
0,68.32
0,68.39
0,68.49
0,68.66
0,68.64
0,68.74
0,68.87
0,68.71
0,68.78
0,68.82
0,68.96
0,69.03
0,69.08
0,69.15
0,69.18
0,69.09
0,69.09
0,69.06
0,69.16
0,69.07
0,69.13
0,69.11
0,69.07
0,69.13
0,69.21
0,69.06
0,69.04
0,68.9
0,68.94
0,68.94
0,69.02
0,68.99
0,69.06
0,69.13
0,69.19
0,69.16
0,69.09
0,69.24
0,69.32
0,69.29
0,69.32
0,69.48
0,69.46
0,69.44
0,69.51
0,69.59
0,69.59
0,69.56
0,69.56
0,69.63
0,69.71
0,69.63
0,69.62
0,69.56
0,69.59
0,69.41
0,69.46
0,69.48
0,69.47
0,69.53
0,69.5
0,69.54
0,69.54
0,69.57
0,69.54
0,69.5
0,69.5
0,69.53
0,69.62
0,69.61
0,69.61
0,69.59
0,69.54
0,69.48
0,69.4
0,69.36
0,69.37
0,69.54
0,69.53
0,69.52
0,69.5
0,69.56
0,69.62
0,69.67
0,69.68
0,69.7
0,69.72
0,69.74
0,69.66
0,69.62
0,69.67
0,69.56
0,69.5
0,69.54
0,69.54
0,69.54
0,69.47
0,69.42
0,69.41
0,69.42
0,69.54
0,69.52
0,69.65
0,69.59
0,69.6
0,69.54
0,69.56
0,69.54
0,69.57
0,69.59
0,69.63
0,69.68
0,69.7
0,69.69
0,69.67
0,69.72
0,69.7
0,69.71
0,69.74
0,69.75
0,69.75
0,69.71
0,69.72
0,69.79
0,69.76
0,69.78
0,69.81
0,69.85
0,69.84
0,69.77
0,69.78
0,69.66
0,69.68
0,69.6
0,69.56
0,69.53
0,69.55
0,69.58
0,69.6
0,69.63
0,69.66
0,69.67
0,69.63
0,69.67
0,69.62
0,69.63
0,69.62
0,69.64
0,69.66
0,69.66
0,69.66
0,69.68
0,69.72
0,69.71
0,69.68
0,69.67
0,69.65
0,69.65
0,69.71
0,69.78
0,69.8
0,69.84
0,69.75
0,69.73
0,69.69
0,69.69
0,69.65
0,69.53
0,69.52
0,69.53
0,69.52
0,69.5
0,69.5
0,69.47
0,69.46
0,69.5
0,69.45
0,69.38
0,69.28
0,69.3
0,69.23
0,69.24
0,69.31
0,69.32
0,69.31
0,69.26
0,69.22
0,69.29
0,69.3
0,69.26
0,69.24
0,69.24
0,69.4
0,69.44
0,69.38
0,69.33
0,69.34
0,69.28
0,69.31
0,69.4
0,69.37
0,69.33
0,69.34
0,69.34
0,69.34
0,69.4
0,69.33
0,69.35
0,69.32
0,69.36
0,69.34
0,69.39
0,69.44
0,69.4
0,69.44
0,69.38
0,69.41
0,69.38
0,69.41
0,69.46
0,69.43
0,69.42
0,69.38
0,69.32
0,69.32
0,69.32
0,69.32
0,69.32
0,69.26
0,69.22
0,69.28
0,69.2
0,69.13
0,69.02
0,69.06
0,69.03
0,69.06
0,69.09
0,69.07
0,69.16
0,69.19
0,69.17
0,69.26
0,69.24
0,69.26
0,69.26
0,69.24
0,69.26
0,69.3
0,69.33
0,69.35
0,69.34
0,69.29
0,69.25
0,69.19
0,69.09
0,69.1
0,69
0,69.02
0,69.02
0,69
0,69.07
0,69.06
0,69.06
0,69.07
0,69.12
0,69.22
0,69.26
0,69.23
0,69.16
0,69.13
0,69.07
0,69.15
0,69.12
0,69.12
0,69.09
0,69.1
0,69.1
0,69.12
0,69.14
0,69.13
0,69.16
0,69.16
0,69.17
0,69.13
0,69.16
0,69.15
0,69.13
0,69.15
0,69.18
0,69.23
0,69.17
0,69.15
0,69.11
0,69.12
0,69.15
0,69.21
0,69.22
0,69.2
0,69.18
0,69.19
0,69.19
0,69.22
0,69.13
0,69.08
0,69.09
0,69.07
0,69.1
0,69.08
0,69.1
0,69.1
0,69.08
0,69.05
0,69.01
0,69.02
0,69.02
0,69.04
0,69.07
0,69.09
0,69.09
0,69.1
0,69.1
0,69.09
0,69.09
0,69.1
0,69.15
0,69.16
0,69.18
0,69.17
0,69.18
0,69.19
0,69.18
0,69.2
0,69.22
0,69.18
0,69.18
0,69.18
0,69.12
0,69.04
0,69.1
0,69.08
0,69.11
0,69.15
0,69.18
0,69.26
0,69.23
0,69.21
0,69.21
0,69.21
0,69.22
0,69.19
0,69.26
0,69.32
0,69.27
0,69.32
0,69.33
0,69.37
0,69.25
0,69.29
0,69.27
0,69.27
0,69.21
0,69.15
0,69.16
0,69.21
0,69.22
0,69.74
0,69.25
0,69.1
0,69.06
0,68.92
0,69.09
0,69.1
0,69.1
0,69.1
0,69.19
0,69.02
0,69.15
0,69.21
0,69.4
0,69.47
0,69.63
0,69.48
0,69.44
0,69.35
0,69.39
0,69.32
0,69.2
0,69.16
0,69.18
0,69.22
0,69.03
0,69
0,69
0,68.91
0,68.81
0,68.87
0,68.91
0,68.88
0,68.9
0,68.97
0,68.84
0,68.84
0,68.72
0,68.73
0,68.76
0,68.74
0,68.78
0,68.79
0,68.74
0,68.6
0,68.51
0,68.5
0,68.46
0,68.44
0,68.37
0,68.35
0,68.35
0,68.34
0,68.43
0,68.4
0,68.47
0,68.48
0,68.46
0,68.43
0,68.39
0,68.4
0,68.52
0,68.32
0,68.38
0,68.34
0,68.26
0,68.18
0,68.13
0,68.03
0,68.03
0,68.09
0,68.15
0,68.07
0,67.98
0,68.04
0,67.93
0,67.87
0,67.9
0,67.91
0,67.79
0,67.69
0,67.58
0,67.48
0,67.41
0,67.34
0,67.32
0,67.31
0,67.3
0,67.31
0,67.45
0,67.4
0,67.47
0,67.5
0,67.43
0,67.44
0,67.36
0,67.54
0,67.46
0,67.44
0,67.37
0,67.46
0,67.4
0,67.4
0,67.39
0,67.4
0,67.36
0,67.41
0,67.41
0,67.41
0,67.41
0,67.32
0,67.32
0,67.32
0,67.29
0,67.34
0,67.44
0,67.43
0,67.36
0,67.26
0,67.19
0,67.24
0,67.22
0,67.24
0,67.19
0,67.18
0,67.14
0,67.1
0,67.22
0,67.11
0,67.14
0,67.13
0,67.16
0,67.19
0,67.16
0,67.06
0,67.06
0,67.11
0,67.12
0,67.03
0,67.12
0,67.12
0,67.12
0,67.1
0,67.09
0,67.12
0,67.1
0,67.17
0,67.18
0,67.24
0,67.27
0,67.28
0,67.34
0,67.25
0,67.28
0,67.27
0,67.25
0,67.32
0,67.31
0,67.37
0,67.34
0,67.35
0,67.36
0,67.35
0,67.21
0,67.32
0,67.38
0,67.34
0,67.38
0,67.32
0,67.38
0,67.38
0,67.32
0,67.33
0,67.28
0,67.21
0,67.35
0,67.43
0,67.41
0,67.41
0,67.46
0,67.43
0,67.46
0,67.45
0,67.44
0,67.46
0,67.43
0,67.35
0,67.38
0,67.38
0,67.38
0,67.41
0,67.44
0,67.48
0,67.5
0,67.5
0,67.63
0,67.64
0,67.6
0,67.55
0,67.38
0,67.44
0,67.47
0,67.52
0,67.54
0,67.59
0,67.56
0,67.56
0,67.69
0,67.74
0,67.75
0,67.74
0,67.75
0,67.72
0,67.7
0,67.9
0,67.9
0,67.9
0,67.93
0,67.89
0,67.9
0,67.86
0,67.87
0,67.85
0,67.88
0,67.81
0,67.9
0,67.88
0,67.87
0,67.82
0,67.82
0,67.82
0,67.8
0,67.86
0,67.9
0,67.89
0,67.88
0,67.84
0,67.84
0,67.84
0,67.88
0,67.88
0,67.86
0,67.9
0,67.9
0,67.88
0,67.82
0,67.81
0,67.78
0,67.74
0,67.73
0,67.73
0,67.74
0,67.72
0,67.72
0,67.71
0,67.68
0,67.59
0,67.61
0,67.63
0,67.62
0,67.65
0,67.68
0,67.64
0,67.74
0,67.79
0,67.81
0,67.76
0,67.74
0,67.7
0,67.7
0,67.72
0,67.69
0,67.68
0,67.76
0,67.74
0,67.72
0,67.75
0,67.74
0,67.7
0,67.72
0,67.7
0,67.72
0,67.74
0,67.75
0,67.75
0,67.79
0,67.78
0,67.79
0,67.82
0,67.78
0,67.81
0,67.84
0,67.85
0,67.82
0,67.83
0,67.82
0,67.85
0,67.87
0,67.82
0,67.87
0,67.91
0,67.96
0,68.08
0,68.04
0,68.04
0,68.04
0,68.06
0,68.09
0,68.1
0,68.17
0,68.21
0,68.24
0,68.22
0,68.22
0,68.25
0,68.25
0,68.24
0,68.21
0,68.22
0,68.24
0,68.22
0,68.2
0,68.19
0,68.16
0,68.2
0,68.16
0,68.16
0,68.12
0,68.12
0,68.12
0,68.07
0,68.12
0,68.11
0,68.09
0,68.06
0,68.06
0,67.96
0,67.93
0,68
0,68.12
0,68.12
0,68.15
0,68.16
0,68.1
0,68.1
0,68.1
0,68.12
0,68.08
0,68.12
0,68.18
0,68.18
0,68.21
0,68.16
0,68.18
0,68.22
0,68.24
0,68.23
0,68.22
0,68.24
0,68.24
0,68.26
0,68.22
0,68.19
0,68.18
0,68.19
0,68.18
0,68.13
0,68.19
0,68.2
0,68.26
0,68.26
0,68.34
0,68.29
0,68.31
0,68.37
0,68.42
0,68.4
0,68.41
0,68.4
0,68.4
0,68.34
0,68.25
0,68.29
0,68.39
0,68.4
0,68.39
0,68.35
0,68.34
0,68.38
0,68.35
0,68.83
0,68.97
0,69.09
0,69.22
0,69.19
0,69.15
0,69.37
0,69.36
0,69.22
0,69.28
0,69.23
0,69.32
0,69.28
0,69.18
0,69.13
0,69.16
0,69.12
0,68.95
0,69.09
0,69.08
0,69.12
0,69.23
0,69.28
0,69.28
0,69.34
0,69.38
0,69.4
0,69.41
0,69.46
0,69.34
0,69.4
0,69.4
0,69.43
0,69.4
0,69.44
0,69.41
0,69.52
0,69.42
0,69.41
0,69.53
0,69.6
0,69.59
0,69.5
0,69.4
0,69.47
0,69.5
0,69.54
0,69.55
0,69.56
0,69.57
0,69.67
0,69.67
0,69.68
0,69.63
0,69.74
0,69.79
0,69.81
0,69.79
0,69.78
0,69.68
0,69.63
0,69.57
0,69.55
0,69.49
0,69.52
0,69.46
0,69.46
0,69.42
0,69.44
0,69.47
0,69.43
0,69.44
0,69.43
0,69.4
0,69.38
0,69.33
0,69.37
0,69.38
0,69.48
0,69.47
0,69.52
0,69.56
0,69.52
0,69.51
0,69.64
0,69.58
0,69.54
0,69.6
0,69.52
0,69.53
0,69.52
0,69.5
0,69.49
0,69.55
0,69.56
0,69.56
0,69.58
0,69.59
0,69.52
0,69.47
0,69.5
0,69.37
0,69.23
0,69.25
0,69.38
0,69.28
0,69.34
0,69.27
0,69.33
0,69.29
0,69.34
0,69.37
0,69.4
0,69.45
0,69.47
0,69.44
0,69.38
0,69.38
0,69.4
0,69.38
0,69.38
0,69.31
0,69.36
0,69.32
0,69.29
0,69.34
0,69.33
0,69.37
0,69.34
0,69.3
0,69.38
0,69.41
0,69.39
0,69.36
0,69.39
0,69.38
0,69.52
0,69.52
0,69.56
0,69.57
0,69.65
0,69.65
0,69.67
0,69.72
0,69.78
0,69.74
0,69.7
0,69.68
0,69.68
0,69.68
0,69.71
0,69.69
0,69.72
0,69.81
0,69.8
0,69.78
0,69.72
0,69.7
0,69.66
0,69.72
0,69.7
0,69.68
0,69.66
0,69.67
0,69.68
0,69.74
0,69.72
0,69.66
0,69.68
0,69.68
0,69.68
0,69.67
0,69.7
0,69.67
0,69.63
0,69.59
0,69.55
0,69.56
0,69.53
0,69.53
0,69.53
0,69.5
0,69.52
0,69.52
0,69.56
0,69.57
0,69.59
0,69.56
0,69.54
0,69.59
0,69.6
0,69.58
0,69.56
0,69.59
0,69.61
0,69.63
0,69.68
0,69.68
0,69.71
0,69.72
0,69.71
0,69.75
0,69.82
0,69.78
0,69.84
0,69.82
0,69.78
0,69.77
0,69.75
0,69.78
0,69.79
0,69.78
0,69.76
0,69.68
0,69.66
0,69.61
0,69.6
0,69.59
0,69.56
0,69.53
0,69.55
0,69.52
0,69.56
0,69.57
0,69.56
0,69.57
0,69.58
0,69.57
0,69.61
0,69.6
0,69.64
0,69.63
0,69.66
0,69.68
0,69.66
0,69.64
0,69.62
0,69.62
0,69.58
0,69.54
0,69.54
0,69.6
0,69.6
0,69.59
0,69.56
0,69.48
0,69.48
0,69.49
0,69.52
0,69.52
0,69.48
0,69.52
0,69.52
0,69.55
0,69.52
0,69.5
0,69.51
0,69.49
0,69.47
0,69.46
0,69.45
0,69.4
0,69.34
0,69.3
0,69.24
0,69.28
0,69.29
0,69.3
0,69.32
0,69.32
0,69.3
0,69.46
0,69.52
0,69.49
0,69.44
0,69.5
0,69.5
0,69.59
0,69.54
0,69.56
0,69.54
0,69.54
0,69.61
0,69.56
0,69.6
0,69.62
0,69.59
0,69.54
0,69.53
0,69.48
0,69.34
0,69.32
0,69.32
0,69.29
0,69.24
0,69.23
0,69.25
0,69.27
0,69.25
0,69.29
0,69.26
0,69.22
0,69.28
0,69.28
0,69.26
0,69.28
0,69.32
0,69.32
0,69.32
0,69.31
0,69.3
0,69.32
0,69.33
0,69.34
0,69.38
0,69.44
0,69.43
0,69.5
0,69.52
0,69.53
0,69.63
0,69.6
0,69.56
0,69.56
0,69.58
0,69.62
0,69.57
0,69.53
0,69.56
0,69.56
0,69.52
0,69.51
0,69.6
0,69.58
0,69.56
0,69.55
0,69.54
0,69.6
0,69.54
0,69.52
0,69.56
0,69.57
0,69.62
0,69.59
0,69.57
0,69.56
0,69.63
0,69.62
0,69.61
0,69.62
0,69.64
0,69.64
0,69.62
0,69.62
0,69.58
0,69.59
0,69.57
0,69.57
0,69.57
0,69.53
0,69.52
0,69.5
0,69.53
0,69.62
0,69.61
0,69.63
0,69.52
0,69.52
0,69.52
0,69.48
0,69.48
0,69.44
0,69.39
0,69.46
0,69.45
0,69.47
0,69.39
0,69.35
0,69.32
0,69.28
0,69.31
0,69.29
0,69.29
0,69.25
0,69.24
0,69.24
0,69.3
0,69.34
0,69.39
0,69.38
0,68.66
0,68.91
0,69.06
0,68.82
0,69.01
0,68.87
0,68.88
0,68.84
0,68.86
0,68.82
0,68.76
0,68.86
0,68.8
0,68.75
0,68.78
0,68.7
0,68.72
0,68.64
0,68.58
0,68.52
0,68.56
0,68.5
0,68.52
0,68.53
0,68.47
0,68.52
0,68.5
0,68.5
0,68.55
0,68.62
0,68.67
0,68.72
0,68.81
0,68.82
0,68.74
0,68.74
0,68.78
0,68.76
0,68.72
0,68.7
0,68.74
0,68.83
0,68.78
0,68.78
0,68.83
0,68.76
0,68.74
0,68.6
0,68.66
0,68.74
0,68.75
0,68.81
0,68.9
0,68.96
0,68.98
0,68.98
0,69
0,68.91
0,68.94
0,69.06
0,69.01
0,69.02
0,69
0,69.07
0,69.12
0,69.1
0,69.03
0,69.02
0,68.99
0,68.97
0,69
0,69
0,68.99
0,68.94
0,68.98
0,68.94
0,68.96
0,68.93
0,68.88
0,68.92
0,68.98
0,69.04
0,69.12
0,69.05
0,69.01
0,68.98
0,68.99
0,69
0,69.04
0,69.04
0,69.07
0,69.04
0,69.06
0,69.03
0,69.08
0,69.1
0,69.19
0,69.22
0,69.19
0,69.19
0,69.19
0,69.22
0,69.22
0,69.24
0,69.31
0,69.32
0,69.26
0,69.28
0,69.22
0,69.18
0,69.16
0,69.18
0,69.22
0,69.2
0,69.19
0,69.14
0,69.12
0,69.15
0,69.19
0,69.19
0,69.22
0,69.22
0,69.23
0,69.22
0,69.26
0,69.29
0,69.34
0,69.34
0,69.32
0,69.34
0,69.33
0,69.32
0,69.27
0,69.24
0,69.19
0,69.22
0,69.22
0,69.16
0,69.22
0,69.2
0,69.21
0,69.22
0,69.25
0,69.25
0,69.23
0,69.22
0,69.21
0,69.21
0,69.25
0,69.22
0,69.23
0,69.28
0,69.24
0,69.18
0,69.19
0,69.16
0,69.15
0,69.16
0,69.18
0,69.19
0,69.15
0,69.18
0,69.19
0,69.23
0,69.22
0,69.22
0,69.21
0,69.18
0,69.18
0,69.19
0,69.19
0,69.21
0,69.17
0,69.16
0,69.17
0,69.19
0,69.22
0,69.18
0,69.2
0,69.28
0,69.28
0,69.31
0,69.29
0,69.29
0,69.28
0,69.25
0,69.28
0,69.26
0,69.27
0,69.24
0,69.27
0,69.19
0,69.22
0,69.18
0,69.2
0,69.19
0,69.19
0,69.24
0,69.23
0,69.33
0,69.34
0,69.4
0,69.35
0,69.3
0,69.29
0,69.25
0,69.22
0,69.26
0,69.21
0,69.28
0,69.22
0,69.19
0,69.22
0,69.21
0,69.21
0,69.22
0,69.18
0,69.11
0,69.03
0,69.07
0,69.02
0,69.03
0,69.07
0,69.04
0,69.02
0,68.98
0,68.91
0,68.92
0,68.93
0,68.94
0,68.94
0,68.91
0,68.9
0,68.91
0,68.94
0,68.92
0,68.98
0,69
0,69
0,68.99
0,68.99
0,68.97
0,68.93
0,68.93
0,68.96
0,69
0,69
0,69
0,69.02
0,68.96
0,68.91
0,68.9
0,68.83
0,68.82
0,68.82
0,68.83
0,68.86
0,68.86
0,68.9
0,68.87
0,68.89
0,68.88
0,68.88
0,68.85
0,68.84
0,68.87
0,68.93
0,69
0,68.98
0,69
0,69.01
0,69.1
0,69.12
0,69.1
0,69.11
0,69.15
0,69.16
0,69.18
0,69.19
0,69.19
0,69.22
0,69.22
0,69.19
0,69.21
0,69.21
0,69.18
0,69.21
0,69.18
0,69.19
0,69.22
0,69.24
0,69.21
0,69.22
0,69.28
0,69.21
0,69.16
0,69.18
0,69.21
0,69.21
0,69.19
0,69.22
0,69.27
0,69.28
0,69.24
0,69.24
0,69.24
0,69.25
0,69.26
0,69.24
0,69.19
0,69.16
0,69.13
0,69.15
0,69.26
0,69.24
0,69.29
0,69.25
0,69.28
0,69.29
0,69.19
0,69.17
0,69.15
0,69.09
0,69.06
0,69.03
0,68.96
0,69.02
0,69.02
0,68.99
0,69
0,69.02
0,69.03
0,68.98
0,69.01
0,69.09
0,69.1
0,69.07
0,69.06
0,69.12
0,69.14
0,69.12
0,69.11
0,69.15
0,69.18
0,69.27
0,69.28
0,69.29
0,69.29
0,69.3
0,69.29
0,69.34
0,69.35
0,69.32
0,69.37
0,69.39
0,69.42
0,69.41
0,69.38
0,69.38
0,69.39
0,69.39
0,69.34
0,69.38
0,69.35
0,69.33
0,69.32
0,69.34
0,69.32
0,69.34
0,69.38
0,69.34
0,69.37
0,69.38
0,69.3
0,69.28
0,69.28
0,69.33
0,69.34
0,69.28
0,69.22
0,69.25
0,69.28
0,69.29
0,69.38
0,69.3
0,69.28
0,69.24
0,69.25
0,69.24
0,69.23
0,68.55
0,68.69
0,68.69
0,68.66
0,68.86
0,68.87
0,68.78
0,68.71
0,68.73
0,68.69
0,68.74
0,68.81
0,68.66
0,68.65
0,68.66
0,68.62
0,68.65
0,68.62
0,68.62
0,68.6
0,68.66
0,68.6
0,68.63
0,68.56
0,68.54
0,68.56
0,68.53
0,68.53
0,68.53
0,68.48
0,68.54
0,68.62
0,68.62
0,68.73
0,68.78
0,68.76
0,68.76
0,68.79
0,68.79
0,68.76
0,68.81
0,68.87
0,68.87
0,68.87
0,68.86
0,68.79
0,68.72
0,68.69
0,68.63
0,68.72
0,68.78
0,68.74
0,68.75
0,68.77
0,68.86
0,68.94
0,68.85
0,68.81
0,68.82
0,68.77
0,68.75
0,68.76
0,68.78
0,68.75
0,68.75
0,68.81
0,68.87
0,68.9
0,68.9
0,68.94
0,68.98
0,68.98
0,68.98
0,68.96
0,69.03
0,69.03
0,69.01
0,68.96
0,69.02
0,69
0,69.02
0,68.95
0,68.96
0,68.92
0,68.96
0,69.01
0,69.06
0,69.09
0,69.07
0,69.1
0,69.13
0,69.19
0,69.11
0,69.13
0,69.13
0,69.12
0,69.12
0,69.07
0,69.08
0,69.09
0,69.12
0,69.02
0,69
0,68.99
0,68.98
0,69
0,68.98
0,68.97
0,68.99
0,68.98
0,68.96
0,68.93
0,68.88
0,68.92
0,68.93
0,68.94
0,68.96
0,68.93
0,68.94
0,68.96
0,68.97
0,68.98
0,69.02
0,68.98
0,68.94
0,68.97
0,68.96
0,68.94
0,68.91
0,68.94
0,68.96
0,69
0,68.95
0,68.97
0,68.98
0,69
0,69.02
0,69.01
0,69
0,69.02
0,69.03
0,69
0,69
0,68.98
0,68.98
0,68.98
0,68.96
0,68.96
0,68.98
0,69.02
0,69.03
0,69.03
0,69
0,69.02
0,69
0,68.99
0,68.98
0,69
0,68.99
0,68.97
0,68.91
0,68.89
0,68.9
0,68.91
0,68.9
0,68.9
0,68.87
0,68.87
0,68.89
0,68.9
0,68.88
0,68.86
0,68.83
0,68.87
0,68.85
0,68.88
0,68.91
0,68.98
0,68.94
0,68.94
0,68.94
0,68.93
0,68.95
0,68.96
0,68.98
0,68.98
0,68.94
0,68.93
0,68.88
0,68.88
0,68.88
0,68.86
0,68.86
0,68.85
0,68.86
0,68.87
0,68.82
0,68.84
0,68.81
0,68.76
0,68.78
0,68.8
0,68.82
0,68.81
0,68.82
0,68.78
0,68.78
0,68.78
0,68.77
0,68.78
0,68.76
0,68.77
0,68.8
0,68.77
0,68.75
0,68.68
0,68.71
0,68.76
0,68.75
0,68.73
0,68.73
0,68.75
0,68.77
0,68.74
0,68.7
0,68.72
0,68.68
0,68.74
0,68.77
0,68.78
0,68.81
0,68.78
0,68.76
0,68.76
0,68.75
0,68.72
0,68.74
0,68.74
0,68.76
0,68.77
0,68.78
0,68.82
0,68.87
0,68.84
0,68.83
0,68.82
0,68.78
0,68.81
0,68.85
0,68.8
0,68.81
0,68.84
0,68.86
0,68.88
0,68.88
0,68.88
0,68.87
0,68.86
0,68.86
0,68.88
0,68.87
0,68.85
0,68.88
0,68.86
0,68.88
0,68.88
0,68.88
0,68.89
0,68.9
0,68.88
0,68.84
0,68.82
0,68.87
0,68.87
0,68.87
0,68.87
0,68.93
0,68.91
0,68.9
0,68.9
0,68.93
0,68.97
0,68.97
0,68.98
0,68.98
0,68.96
0,68.97
0,68.98
0,68.98
0,68.98
0,68.95
0,68.95
0,68.97
0,68.96
0,68.96
0,68.98
0,68.97
0,68.96
0,68.97
0,69.02
0,69.03
0,69.03
0,69.03
0,69.02
0,69.04
0,69.02
0,69.04
0,69.02
0,69.03
0,69.03
0,69.02
0,68.98
0,68.97
0,68.97
0,69.02
0,69.03
0,69
0,69
0,69
0,68.94
0,68.96
0,68.94
0,68.97
0,68.98
0,68.96
0,68.91
0,68.91
0,68.9
0,68.88
0,68.86
0,68.86
0,68.86
0,68.84
0,68.82
0,68.82
0,68.81
0,68.84
0,68.87
0,68.9
0,68.97
0,68.95
0,68.96
0,68.96
0,68.98
0,68.98
0,68.97
0,68.97
0,68.96
0,68.96
0,68.95
0,68.97
0,68.91
0,68.94
0,68.94
0,68.96
0,68.96
0,68.94
0,68.91
0,68.9
0,68.9
0,68.9
0,68.9
0,68.93
0,68.96
0,68.97
0,69.02
0,69.01
0,69.07
0,69.09
0,69.09
0,69.1
0,69.09
0,69.1
0,69.12
0,69.11
0,69.14
0,69.16
0,69.18
0,69.19
0,69.15
0,69.18
0,69.2
0,69.23
0,69.28
0,69.28
0,69.32
0,69.3
0,69.29
0,69.34
0,69.31
0,68.38
0,68.39
0,68.38
0,68.37
0,68.31
0,68.26
0,68.18
0,68.22
0,68.37
0,68.44
0,68.67
0,68.69
0,68.63
0,68.73
0,68.67
0,68.71
0,68.76
0,68.77
0,68.76
0,68.74
0,68.74
0,68.73
0,68.66
0,68.68
0,68.71
0,68.71
0,68.69
0,68.73
0,68.6
0,68.48
0,68.52
0,68.54
0,68.64
0,68.63
0,68.7
0,68.68
0,68.64
0,68.61
0,68.62
0,68.6
0,68.65
0,68.66
0,68.64
0,68.62
0,68.66
0,68.65
0,68.62
0,68.63
0,68.65
0,68.66
0,68.66
0,68.6
0,68.5
0,68.45
0,68.46
0,68.37
0,68.33
0,68.31
0,68.33
0,68.33
0,68.3
0,68.32
0,68.35
0,68.38
0,68.54
0,68.57
0,68.55
0,68.6
0,68.57
0,68.56
0,68.53
0,68.5
0,68.51
0,68.5
0,68.54
0,68.53
0,68.52
0,68.5
0,68.44
0,68.38
0,68.41
0,68.44
0,68.43
0,68.43
0,68.43
0,68.44
0,68.5
0,68.57
0,68.53
0,68.52
0,68.54
0,68.46
0,68.43
0,68.48
0,68.51
0,68.5
0,68.42
0,68.4
0,68.38
0,68.38
0,68.4
0,68.4
0,68.45
0,68.35
0,68.42
0,68.44
0,68.48
0,68.48
0,68.44
0,68.38
0,68.38
0,68.44
0,68.44
0,68.43
0,68.48
0,68.49
0,68.47
0,68.48
0,68.43
0,68.43
0,68.42
0,68.44
0,68.48
0,68.56
0,68.6
0,68.61
0,68.63
0,68.66
0,68.65
0,68.66
0,68.71
0,68.66
0,68.68
0,68.69
0,68.68
0,68.66
0,68.63
0,68.64
0,68.66
0,68.65
0,68.65
0,68.66
0,68.66
0,68.64
0,68.59
0,68.65
0,68.65
0,68.68
0,68.68
0,68.66
0,68.65
0,68.6
0,68.56
0,68.53
0,68.52
0,68.56
0,68.63
0,68.62
0,68.63
0,68.59
0,68.6
0,68.6
0,68.6
0,68.6
0,68.6
0,68.62
0,68.66
0,68.7
0,68.73
0,68.7
0,68.64
0,68.63
0,68.66
0,68.66
0,68.69
0,68.72
0,68.69
0,68.72
0,68.68
0,68.71
0,68.7
0,68.66
0,68.66
0,68.7
0,68.73
0,68.69
0,68.66
0,68.68
0,68.68
0,68.67
0,68.68
0,68.67
0,68.68
0,68.66
0,68.64
0,68.65
0,68.68
0,68.68
0,68.68
0,68.64
0,68.64
0,68.62
0,68.59
0,68.56
0,68.53
0,68.55
0,68.54
0,68.53
0,68.49
0,68.5
0,68.47
0,68.47
0,68.48
0,68.51
0,68.49
0,68.48
0,68.46
0,68.43
0,68.42
0,68.44
0,68.46
0,68.46
0,68.43
0,68.41
0,68.44
0,68.43
0,68.44
0,68.41
0,68.39
0,68.44
0,68.43
0,68.46
0,68.46
0,68.43
0,68.46
0,68.44
0,68.46
0,68.44
0,68.43
0,68.44
0,68.46
0,68.45
0,68.47
0,68.45
0,68.43
0,68.41
0,68.44
0,68.47
0,68.48
0,68.5
0,68.52
0,68.52
0,68.53
0,68.52
0,68.47
0,68.5
0,68.44
0,68.44
0,68.43
0,68.41
0,68.41
0,68.4
0,68.38
0,68.4
0,68.4
0,68.42
0,68.41
0,68.38
0,68.38
0,68.38
0,68.37
0,68.35
0,68.35
0,68.38
0,68.38
0,68.37
0,68.38
0,68.37
0,68.37
0,68.36
0,68.32
0,68.36
0,68.35
0,68.35
0,68.38
0,68.38
0,68.37
0,68.35
0,68.37
0,68.33
0,68.32
0,68.31
0,68.33
0,68.3
0,68.29
0,68.32
0,68.3
0,68.27
0,68.28
0,68.28
0,68.3
0,68.32
0,68.32
0,68.31
0,68.32
0,68.34
0,68.35
0,68.35
0,68.35
0,68.29
0,68.31
0,68.3
0,68.32
0,68.34
0,68.35
0,68.34
0,68.35
0,68.35
0,68.36
0,68.34
0,68.35
0,68.37
0,68.38
0,68.39
0,68.38
0,68.38
0,68.38
0,68.42
0,68.44
0,68.41
0,68.4
0,68.43
0,68.4
0,68.4
0,68.41
0,68.41
0,68.4
0,68.4
0,68.39
0,68.43
0,68.44
0,68.44
0,68.43
0,68.42
0,68.37
0,68.35
0,68.34
0,68.36
0,68.34
0,68.35
0,68.35
0,68.35
0,68.35
0,68.34
0,68.37
0,68.35
0,68.34
0,68.33
0,68.35
0,68.32
0,68.27
0,68.29
0,68.29
0,68.31
0,68.29
0,68.29
0,68.31
0,68.34
0,68.34
0,68.34
0,68.33
0,68.28
0,68.32
0,68.34
0,68.28
0,68.35
0,68.37
0,68.33
0,68.34
0,68.35
0,68.36
0,68.37
0,68.35
0,68.32
0,68.32
0,68.34
0,68.37
0,68.35
0,68.31
0,68.37
0,68.34
0,68.44
0,68.64
0,68.47
0,68.46
0,68.63
0,68.6
0,68.77
0,68.72
0,68.65
0,68.65
0,68.66
0,68.75
0,68.77
0,68.89
0,68.82
0,68.82
0,68.85
0,68.98
0,68.94
0,69.15
0,69.16
0,69.14
0,69.21
0,69.18
0,69.2
0,69.17
0,69.24
0,69.25
0,69.24
0,69.22
0,69.4
0,69.47
0,69.44
0,69.52
0,69.51
0,69.49
0,69.52
0,69.47
0,69.49
0,69.38
0,69.48
0,69.38
0,69.37
0,69.38
0,69.38
0,69.28
0,69.31
0,69.37
0,69.38
0,69.4
0,69.39
0,69.4
0,69.44
0,69.45
0,69.56
0,69.54
0,69.56
0,69.57
0,69.6
0,69.6
0,69.54
0,69.56
0,69.62
0,69.65
0,69.66
0,69.65
0,69.68
0,69.67
0,69.74
0,69.76
0,69.77
0,69.78
0,69.84
0,69.88
0,69.82
0,69.75
0,69.78
0,69.75
0,69.71
0,69.76
0,69.74
0,69.78
0,69.78
0,69.82
0,69.79
0,69.88
0,69.78
0,69.81
0,69.82
0,69.82
0,69.81
0,69.79
0,69.81
0,69.82
0,69.88
0,69.88
0,69.87
0,69.87
0,69.88
0,69.87
0,69.8
0,69.74
0,69.75
0,69.76
0,69.77
0,69.71
0,69.73
0,69.71
0,69.68
0,69.74
0,69.78
0,69.74
0,69.75
0,69.69
0,69.68
0,69.71
0,69.71
0,69.75
0,69.73
0,69.71
0,69.66
0,69.66
0,69.66
0,69.66
0,69.62
0,69.63
0,69.61
0,69.52
0,69.54
0,69.54
0,69.6
0,69.65
0,69.6
0,69.58
0,69.56
0,69.56
0,69.54
0,69.52
0,69.52
0,69.48
0,69.43
0,69.49
0,69.52
0,69.48
0,69.41
0,69.44
0,69.5
0,69.58
0,69.57
0,69.54
0,69.51
0,69.54
0,69.59
0,69.56
0,69.56
0,69.56
0,69.59
0,69.57
0,69.57
0,69.54
0,69.54
0,69.59
0,69.62
0,69.63
0,69.62
0,69.62
0,69.62
0,69.66
0,69.62
0,69.62
0,69.62
0,69.67
0,69.66
0,69.68
0,69.68
0,69.62
0,69.62
0,69.68
0,69.63
0,69.66
0,69.69
0,69.69
0,69.74
0,69.71
0,69.76
0,69.8
0,69.84
0,69.79
0,69.84
0,69.84
0,69.84
0,69.88
0,69.9
0,69.84
0,69.84
0,69.82
0,69.82
0,69.82
0,69.88
0,69.96
0,69.97
0,69.96
0,69.93
0,69.96
0,70
0,69.99
0,69.96
0,69.93
0,69.91
0,69.88
0,69.84
0,69.78
0,69.75
0,69.74
0,69.74
0,69.74
0,69.78
0,69.77
0,69.77
0,69.74
0,69.74
0,69.7
0,69.72
0,69.72
0,69.71
0,69.68
0,69.69
0,69.72
0,69.71
0,69.74
0,69.77
0,69.75
0,69.74
0,69.76
0,69.74
0,69.75
0,69.77
0,69.76
0,69.75
0,69.75
0,69.76
0,69.79
0,69.79
0,69.81
0,69.81
0,69.85
0,69.84
0,69.82
0,69.82
0,69.82
0,69.83
0,69.87
0,69.9
0,69.88
0,69.9
0,69.9
0,69.88
0,69.9
0,69.9
0,69.9
0,69.94
0,69.96
0,69.98
0,69.98
0,70.07
0,69.98
0,69.95
0,70.02
0,70.07
0,70.12
0,70.12
0,70.13
0,70.15
0,70.11
0,70.02
0,70
0,69.97
0,70.06
0,70.06
0,70.07
0,70.12
0,70.07
0,70.09
0,70.07
0,70.09
0,70.03
0,70.02
0,70.06
0,70.03
0,70.06
0,70.1
0,70.04
0,70.01
0,69.99
0,69.98
0,69.93
0,69.93
0,69.94
0,69.9
0,69.83
0,69.85
0,69.88
0,69.91
0,69.93
0,69.96
0,69.94
0,69.92
0,69.88
0,69.94
0,69.88
0,69.91
0,70
0,69.99
0,69.97
0,69.97
0,70.02
0,70.02
0,70
0,70
0,70.01
0,70.07
0,70.12
0,70.16
0,70.17
0,70.15
0,70.16
0,70.16
0,70.18
0,70.22
0,70.21
0,70.25
0,70.29
0,70.3
0,70.29
0,70.34
0,70.32
0,70.32
0,70.34
0,70.38
0,70.45
0,70.44
0,70.46
0,70.43
0,70.41
0,70.4
0,70.4
0,70.34
0,70.28
0,70.26
0,70.26
0,70.23
0,70.25
0,70.24
0,70.28
0,70.27
0,70.26
0,70.23
0,70.25
0,70.27
0,70.31
0,70.29
0,70.31
0,70.28
0,70.29
0,70.29
0,70.28
0,70.19
0,70.22
0,70.24
0,70.21
0,70.24
0,70.32
0,70.32
0,70.32
0,70.38
0,70.44
0,70.4
0,70.44
0,70.44
0,70.43
0,70.34
0,70.41
0,70.45
0,70.43
0,70.48
0,70.43
0,70.41
0,70.4
0,70.44
0,70.43
0,70.12
0,70.35
0,70.52
0,70.62
0,70.75
0,70.62
0,70.6
0,70.57
0,70.6
0,70.57
0,70.47
0,70.52
0,70.56
0,70.54
0,70.5
0,70.56
0,70.68
0,70.67
0,70.61
0,70.54
0,70.46
0,70.41
0,70.48
0,70.56
0,70.52
0,70.62
0,70.58
0,70.49
0,70.56
0,70.56
0,70.52
0,70.58
0,70.56
0,70.6
0,70.65
0,70.68
0,70.62
0,70.66
0,70.6
0,70.56
0,70.56
0,70.53
0,70.47
0,70.44
0,70.34
0,70.35
0,70.4
0,70.4
0,70.36
0,70.35
0,70.33
0,70.28
0,70.34
0,70.38
0,70.38
0,70.44
0,70.5
0,70.46
0,70.47
0,70.44
0,70.42
0,70.4
0,70.44
0,70.41
0,70.48
0,70.46
0,70.43
0,70.41
0,70.38
0,70.32
0,70.32
0,70.29
0,70.29
0,70.34
0,70.4
0,70.46
0,70.51
0,70.48
0,70.53
0,70.5
0,70.41
0,70.44
0,70.42
0,70.43
0,70.5
0,70.46
0,70.47
0,70.46
0,70.44
0,70.44
0,70.34
0,70.34
0,70.34
0,70.35
0,70.33
0,70.28
0,70.22
0,70.27
0,70.24
0,70.21
0,70.28
0,70.32
0,70.39
0,70.45
0,70.45
0,70.44
0,70.46
0,70.48
0,70.5
0,70.52
0,70.52
0,70.5
0,70.51
0,70.52
0,70.5
0,70.48
0,70.5
0,70.51
0,70.48
0,70.48
0,70.4
0,70.4
0,70.28
0,70.31
0,70.31
0,70.31
0,70.36
0,70.33
0,70.32
0,70.34
0,70.31
0,70.28
0,70.28
0,70.27
0,70.26
0,70.26
0,70.21
0,70.16
0,70.11
0,70.12
0,70.09
0,70.03
0,70.1
0,70.11
0,70.07
0,70.15
0,70.12
0,70.15
0,70.18
0,70.19
0,70.14
0,70.12
0,70.16
0,70.14
0,70.16
0,70.2
0,70.18
0,70.17
0,70.16
0,70.17
0,70.18
0,70.19
0,70.22
0,70.18
0,70.17
0,70.12
0,70.16
0,70.25
0,70.29
0,70.25
0,70.22
0,70.23
0,70.25
0,70.24
0,70.22
0,70.21
0,70.22
0,70.24
0,70.28
0,70.28
0,70.26
0,70.21
0,70.18
0,70.18
0,70.16
0,70.16
0,70.13
0,70.13
0,70.16
0,70.18
0,70.24
0,70.21
0,70.23
0,70.27
0,70.25
0,70.25
0,70.31
0,70.34
0,70.31
0,70.29
0,70.37
0,70.32
0,70.34
0,70.33
0,70.32
0,70.34
0,70.31
0,70.32
0,70.38
0,70.43
0,70.38
0,70.33
0,70.29
0,70.31
0,70.35
0,70.28
0,70.26
0,70.25
0,70.26
0,70.29
0,70.29
0,70.29
0,70.24
0,70.24
0,70.25
0,70.26
0,70.34
0,70.32
0,70.31
0,70.34
0,70.32
0,70.35
0,70.34
0,70.34
0,70.34
0,70.34
0,70.34
0,70.34
0,70.31
0,70.32
0,70.35
0,70.32
0,70.31
0,70.32
0,70.28
0,70.29
0,70.28
0,70.25
0,70.25
0,70.27
0,70.28
0,70.26
0,70.25
0,70.22
0,70.18
0,70.17
0,70.18
0,70.2
0,70.25
0,70.32
0,70.31
0,70.34
0,70.25
0,70.19
0,70.18
0,70.21
0,70.13
0,70.18
0,70.19
0,70.18
0,70.21
0,70.22
0,70.18
0,70.19
0,70.18
0,70.16
0,70.14
0,70.15
0,70.15
0,70.13
0,70.18
0,70.21
0,70.21
0,70.2
0,70.19
0,70.17
0,70.21
0,70.24
0,70.26
0,70.27
0,70.24
0,70.22
0,70.24
0,70.26
0,70.25
0,70.23
0,70.22
0,70.23
0,70.24
0,70.24
0,70.13
0,70.18
0,70.21
0,70.18
0,70.23
0,70.21
0,70.22
0,70.23
0,70.2
0,70.21
0,70.21
0,70.18
0,70.18
0,70.16
0,70.13
0,70.16
0,70.14
0,70.1
0,70.1
0,70.1
0,70.1
0,70.1
0,69.98
0,70.02
0,70.02
0,70.06
0,70.1
0,70.03
0,70.03
0,70.06
0,70.08
0,70.16
0,70.15
0,70.18
0,70.2
0,70.2
0,70.18
0,70.16
0,70.15
0,70.16
0,70.14
0,70.13
0,70.13
0,70.15
0,70.14
0,70.12
0,70.1
0,70.12
0,70.17
0,70.18
0,70.16
0,70.13
0,70.16
0,70.12
0,70.12
0,70.07
0,70.07
0,70.09
0,70.03
0,70.03
0,70
0,69.95
0,69.82
0,69.88
0,69.86
0,69.93
0,69.94
0,69.94
0,69.98
0,69.96
0,69.97
0,69.9
0,69.88
0,69.94
0,69.94
0,69.9
0,69.88
0,69.9
0,69.9
0,69.9
0,69.9
0,69.87
0,69.85
0,69.84
0,69.85
0,69.88
0,69.87
0,69.8
0,69.75
0,69.76
0,69.91
0,69.87
0,69.96
0,69.92
0,69.94
0,69.98
0,70.04
0,70.07
0,70
0,70.1
0,70.07
0,70.1
0,70.04
0,70.07
0,70.14
0,70.09
0,70.11
0,70.07
0,70.15
0,70.12
0,70.16
0,70.13
0,70.16
0,70.24
0,70.21
0,70.23
0,70.22
0,70.2
0,70.21
0,70.18
0,70.25
0,70.26
0,70.24
0,70.22
0,70.22
0,70.24
0,70.18
0,70.12
0,70.07
0,70
0,70.06
0,70.05
0,70.18
0,70.18
0,70.26
0,70.25
0,70.32
0,70.25
0,70.16
0,70.12
0,70.09
0,70.18
0,70.19
0,70.16
0,70.19
0,70.33
0,70.41
0,70.4
0,70.44
0,70.43
0,70.39
0,70.38
0,70.4
0,70.29
0,70.32
0,70.36
0,70.25
0,70.3
0,70.22
0,70.22
0,70.22
0,70.21
0,70.21
0,70.21
0,70.23
0,70.24
0,70.22
0,70.24
0,70.24
0,70.24
0,70.24
0,70.24
0,70.28
0,70.26
0,70.24
0,70.21
0,70.24
0,70.19
0,70.21
0,70.17
0,70.21
0,70.23
0,70.19
0,70.24
0,70.24
0,70.27
0,70.28
0,70.31
0,70.31
0,70.37
0,70.34
0,70.28
0,70.23
0,70.28
0,70.31
0,70.3
0,70.28
0,70.35
0,70.33
0,70.34
0,70.34
0,70.35
0,70.33
0,70.28
0,70.28
0,70.29
0,70.38
0,70.39
0,70.38
0,70.34
0,70.26
0,70.24
0,70.23
0,70.22
0,70.22
0,70.22
0,70.21
0,70.19
0,70.21
0,70.21
0,70.22
0,70.24
0,70.21
0,70.24
0,70.24
0,70.24
0,70.18
0,70.16
0,70.1
0,70.16
0,70.15
0,70.16
0,70.15
0,70.12
0,70.1
0,70.14
0,70.15
0,70.13
0,70.19
0,70.22
0,70.19
0,70.16
0,70.2
0,70.25
0,70.27
0,70.24
0,70.23
0,70.24
0,70.26
0,70.26
0,70.31
0,70.34
0,70.35
0,70.38
0,70.38
0,70.43
0,70.46
0,70.45
0,70.46
0,70.46
0,70.47
0,70.49
0,70.52
0,70.54
0,70.52
0,70.53
0,70.5
0,70.5
0,70.52
0,70.5
0,70.47
0,70.49
0,70.53
0,70.54
0,70.52
0,70.52
0,70.52
0,70.53
0,70.48
0,70.52
0,70.52
0,70.48
0,70.45
0,70.46
0,70.46
0,70.5
0,70.47
0,70.43
0,70.45
0,70.44
0,70.45
0,70.46
0,70.44
0,70.43
0,70.44
0,70.44
0,70.44
0,70.43
0,70.38
0,70.38
0,70.39
0,70.4
0,70.43
0,70.46
0,70.43
0,70.44
0,70.45
0,70.4
0,70.41
0,70.41
0,70.38
0,70.4
0,70.38
0,70.38
0,70.38
0,70.38
0,70.39
0,70.4
0,70.41
0,70.43
0,70.41
0,70.43
0,70.39
0,70.43
0,70.43
0,70.46
0,70.46
0,70.44
0,70.46
0,70.45
0,70.45
0,70.46
0,70.48
0,70.48
0,70.46
0,70.43
0,70.41
0,70.41
0,70.44
0,70.46
0,70.46
0,70.46
0,70.44
0,70.41
0,70.43
0,70.43
0,70.41
0,70.44
0,70.44
0,70.45
0,70.45
0,70.44
0,70.44
0,70.44
0,70.47
0,70.46
0,70.43
0,70.42
0,70.44
0,70.47
0,70.48
0,70.46
0,70.5
0,70.52
0,70.56
0,70.59
0,70.56
0,70.51
0,70.53
0,70.5
0,70.52
0,70.5
0,70.52
0,70.53
0,70.52
0,70.52
0,70.51
0,70.53
0,70.52
0,70.53
0,70.5
0,70.47
0,70.44
0,70.47
0,70.48
0,70.47
0,70.47
0,70.5
0,70.48
0,70.46
0,70.49
0,70.48
0,70.46
0,70.46
0,70.46
0,70.47
0,70.46
0,70.47
0,70.58
0,70.63
0,70.75
0,70.81
0,70.71
0,70.79
0,70.83
0,70.92
0,70.87
0,70.89
0,70.87
0,70.91
0,70.87
0,70.73
0,70.69
0,70.72
0,70.69
0,70.6
0,70.56
0,70.59
0,70.64
0,70.6
0,70.51
0,70.5
0,70.47
0,70.4
0,70.38
0,70.46
0,70.48
0,70.5
0,70.5
0,70.47
0,70.43
0,70.44
0,70.4
0,70.38
0,70.35
0,70.37
0,70.38
0,70.44
0,70.47
0,70.53
0,70.52
0,70.49
0,70.5
0,70.52
0,70.5
0,70.44
0,70.46
0,70.48
0,70.5
0,70.52
0,70.51
0,70.51
0,70.55
0,70.56
0,70.6
0,70.62
0,70.59
0,70.63
0,70.62
0,70.6
0,70.6
0,70.6
0,70.56
0,70.54
0,70.54
0,70.48
0,70.52
0,70.52
0,70.5
0,70.48
0,70.44
0,70.43
0,70.41
0,70.39
0,70.44
0,70.43
0,70.47
0,70.48
0,70.5
0,70.96
0,70.99
0,70.98
0,70.9
0,70.92
0,70.94
0,70.93
0,70.97
0,70.97
0,71.19
0,71.34
0,71.24
0,71.35
0,71.46
0,71.44
0,71.32
0,71.33
0,71.37
0,71.31
0,71.37
0,71.29
0,71.28
0,71.2
0,71.34
0,71.37
0,71.22
0,71.21
0,71.19
0,71.22
0,71.21
0,71.23
0,71.18
0,71.11
0,71.13
0,71.21
0,71.24
0,71.22
0,71.22
0,71.18
0,71.18
0,71.23
0,71.25
0,71.18
0,71.23
0,71.16
0,71.19
0,71.18
0,71.22
0,71.16
0,71.2
0,71.29
0,71.3
0,71.36
0,71.37
0,71.32
0,71.31
0,71.32
0,71.34
0,71.37
0,71.34
0,71.38
0,71.48
0,71.47
0,71.49
0,71.44
0,71.43
0,71.44
0,71.44
0,71.46
0,71.45
0,71.44
0,71.44
0,71.5
0,71.52
0,71.59
0,71.6
0,71.68
0,71.72
0,71.71
0,71.66
0,71.65
0,71.62
0,71.6
0,71.56
0,71.5
0,71.5
0,71.43
0,71.46
0,71.41
0,71.43
0,71.4
0,71.37
0,71.32
0,71.37
0,71.38
0,71.4
0,71.39
0,71.38
0,71.34
0,71.28
0,71.28
0,71.28
0,71.28
0,71.29
0,71.29
0,71.31
0,71.34
0,71.36
0,71.36
0,71.35
0,71.35
0,71.35
0,71.34
0,71.34
0,71.36
0,71.37
0,71.37
0,71.34
0,71.35
0,71.38
0,71.34
0,71.48
0,71.47
0,71.5
0,71.5
0,71.52
0,71.48
0,71.46
0,71.52
0,71.5
0,71.52
0,71.52
0,71.52
0,71.52
0,71.52
0,71.52
0,71.52
0,71.53
0,71.52
0,71.52
0,71.52
0,71.48
0,71.48
0,71.44
0,71.44
0,71.46
0,71.44
0,71.49
0,71.54
0,71.59
0,71.62
0,71.71
0,71.69
0,71.72
0,71.67
0,71.6
0,71.6
0,71.57
0,71.58
0,71.56
0,71.57
0,71.6
0,71.69
0,71.62
0,71.69
0,71.68
0,71.7
0,71.7
0,71.7
0,71.65
0,71.65
0,71.62
0,71.65
0,71.71
0,71.69
0,71.68
0,71.71
0,71.7
0,71.7
0,71.69
0,71.71
0,71.66
0,71.69
0,71.71
0,71.64
0,71.65
0,71.63
0,71.62
0,71.64
0,71.68
0,71.66
0,71.65
0,71.71
0,71.66
0,71.64
0,71.65
0,71.64
0,71.62
0,71.59
0,71.6
0,71.6
0,71.61
0,71.59
0,71.57
0,71.59
0,71.6
0,71.59
0,71.59
0,71.6
0,71.59
0,71.56
0,71.54
0,71.63
0,71.65
0,71.62
0,71.6
0,71.56
0,71.55
0,71.57
0,71.5
0,71.52
0,71.5
0,71.52
0,71.52
0,71.53
0,71.54
0,71.52
0,71.5
0,71.51
0,71.48
0,71.5
0,71.53
0,71.56
0,71.56
0,71.56
0,71.59
0,71.56
0,71.53
0,71.53
0,71.52
0,71.47
0,71.46
0,71.43
0,71.41
0,71.35
0,71.35
0,71.37
0,71.4
0,71.41
0,71.43
0,71.43
0,71.46
0,71.46
0,71.44
0,71.5
0,71.48
0,71.47
0,71.46
0,71.44
0,71.47
0,71.48
0,71.48
0,71.46
0,71.48
0,71.5
0,71.5
0,71.5
0,71.52
0,71.53
0,71.57
0,71.6
0,71.6
0,71.56
0,71.56
0,71.6
0,71.62
0,71.62
0,71.61
0,71.61
0,71.62
0,71.59
0,71.56
0,71.56
0,71.54
0,71.5
0,71.53
0,71.49
0,71.49
0,71.53
0,71.48
0,71.46
0,71.52
0,71.52
0,71.57
0,71.5
0,71.5
0,71.46
0,71.45
0,71.36
0,71.38
0,71.34
0,71.35
0,71.36
0,71.31
0,71.32
0,71.28
0,71.29
0,71.36
0,71.34
0,71.29
0,71.28
0,71.29
0,71.29
0,71.28
0,71.24
0,71.28
0,71.3
0,71.34
0,71.41
0,71.42
0,71.44
0,71.4
0,71.4
0,71.39
0,71.4
0,71.41
0,71.38
0,71.37
0,71.38
0,71.38
0,71.35
0,71.34
0,71.34
0,71.32
0,71.34
0,71.4
0,71.44
0,71.42
0,71.42
0,71.38
0,71.38
0,71.34
0,71.35
0,71.41
0,71.4
0,71.43
0,71.4
0,71.44
0,71.41
0,71.44
0,71.42
0,71.4
0,71.34
0,71.34
0,71.33
0,71.31
0,71.31
0,71.32
0,71.31
0,71.35
0,71.37
0,71.38
0,71.41
0,71.39
0,71.39
0,71.39
0,71.41
0,71.45
0,71.45
0,71.44
0,71.47
0,71.46
0,71.42
0,71.41
0,71.4
0,71.46
0,71.41
0,71.38
0,71.37
0,71.36
0,71.34
0,71.34
0,71.31
0,71.32
0,71.29
0,71.37
0,71.34
0,71.27
0,71.31
0,71.43
0,70.94
0,70.91
0,70.97
0,71.07
0,71.02
0,70.94
0,70.88
0,70.88
0,70.84
0,71.01
0,71
0,70.97
0,71.1
0,71.12
0,71.31
0,71.31
0,71.17
0,71.02
0,71.02
0,71.02
0,70.94
0,70.94
0,70.94
0,70.88
0,70.88
0,71
0,71.06
0,70.98
0,70.94
0,70.93
0,70.86
0,70.88
0,70.91
0,70.89
0,70.96
0,70.91
0,70.88
0,70.84
0,70.87
0,70.88
0,70.94
0,71.02
0,71.03
0,71.02
0,70.96
0,71.01
0,71.04
0,71.07
0,71.1
0,71.17
0,71.16
0,71.16
0,71.26
0,71.26
0,71.27
0,71.26
0,71.24
0,71.18
0,71.13
0,71.13
0,71.19
0,71.24
0,71.25
0,71.37
0,71.37
0,71.43
0,71.43
0,71.41
0,71.43
0,71.43
0,71.38
0,71.39
0,71.35
0,71.3
0,71.28
0,71.32
0,71.28
0,71.33
0,71.28
0,71.28
0,71.3
0,71.32
0,71.36
0,71.35
0,71.28
0,71.32
0,71.33
0,71.25
0,71.22
0,71.19
0,71.18
0,71.22
0,71.16
0,71.1
0,71.03
0,71.01
0,71.04
0,71.06
0,71.02
0,71.07
0,71.06
0,70.98
0,71.07
0,71.03
0,71.02
0,71.01
0,71.1
0,71.06
0,71.05
0,71.11
0,71.08
0,71.12
0,71.1
0,71.12
0,71.12
0,71.18
0,71.17
0,71.16
0,71.13
0,71.13
0,71.08
0,71.06
0,71.06
0,71.1
0,71.11
0,71.1
0,71.16
0,71.12
0,71.13
0,71.13
0,71.11
0,71.03
0,71.02
0,70.98
0,71.02
0,71
0,71.05
0,71.02
0,71.04
0,70.97
0,70.99
0,71
0,70.97
0,70.96
0,70.95
0,70.9
0,70.87
0,70.88
0,70.83
0,70.82
0,70.81
0,70.8
0,70.81
0,70.77
0,70.82
0,70.83
0,70.85
0,70.86
0,70.89
0,70.88
0,70.87
0,70.84
0,70.84
0,70.79
0,70.81
0,70.8
0,70.88
0,70.9
0,70.87
0,70.87
0,70.87
0,70.84
0,70.82
0,70.82
0,70.82
0,70.82
0,70.83
0,70.86
0,70.82
0,70.88
0,70.87
0,70.88
0,70.89
0,70.88
0,70.87
0,70.87
0,70.86
0,70.9
0,70.93
0,70.98
0,70.94
0,70.95
0,70.98
0,70.95
0,70.97
0,71
0,71.04
0,71.03
0,71.06
0,71.06
0,71.1
0,71.06
0,71.07
0,71.13
0,71.16
0,71.18
0,71.14
0,71.13
0,71.12
0,71.19
0,71.22
0,71.1
0,71.06
0,71
0,71.02
0,71.02
0,71.03
0,71
0,71
0,71
0,70.98
0,70.91
0,70.9
0,70.93
0,70.93
0,70.91
0,70.91
0,70.9
0,70.92
0,70.92
0,70.91
0,70.94
0,70.98
0,71
0,70.97
0,70.98
0,71.03
0,70.97
0,71.02
0,71.01
0,71
0,71
0,71.06
0,71.06
0,71.03
0,71.06
0,71.06
0,71.02
0,71.17
0,71.18
0,71.19
0,71.18
0,71.15
0,71.15
0,71.14
0,71.12
0,71.14
0,71.14
0,71.15
0,71.16
0,71.19
0,71.24
0,71.22
0,71.19
0,71.2
0,71.21
0,71.19
0,71.22
0,71.25
0,71.21
0,71.19
0,71.16
0,71.1
0,71.08
0,71.1
0,71.12
0,71.1
0,71.09
0,71.1
0,71.06
0,71.05
0,71.08
0,71.05
0,71.02
0,71.01
0,71.06
0,71.06
0,71.03
0,70.99
0,70.97
0,71
0,70.98
0,71
0,70.95
0,70.93
0,70.96
0,70.95
0,70.95
0,70.96
0,70.92
0,70.92
0,70.91
0,70.93
0,70.93
0,70.93
0,70.9
0,70.92
0,70.88
0,70.84
0,70.84
0,70.9
0,70.88
0,70.9
0,70.89
0,70.87
0,70.9
0,70.86
0,70.82
0,70.79
0,70.79
0,70.84
0,70.84
0,70.85
0,70.84
0,70.88
0,70.9
0,70.87
0,70.9
0,70.92
0,70.9
0,70.9
0,70.85
0,70.81
0,70.86
0,70.77
0,70.79
0,70.74
0,70.72
0,70.72
0,70.72
0,70.71
0,70.8
0,70.84
0,70.82
0,70.87
0,70.88
0,70.88
0,70.9
0,70.9
0,70.88
0,70.87
0,70.91
0,70.94
0,70.94
0,70.96
0,70.94
0,70.94
0,70.96
0,70.96
0,70.98
0,70.93
0,70.89
0,70.9
0,70.85
0,70.86
0,70.9
0,70.83
0,70.81
0,70.89
0,71.08
0,71.04
0,71.1
0,71.06
0,71.03
0,70.96
0,70.93
0,70.9
0,70.88
0,70.9
0,70.96
0,70.96
0,70.94
0,70.84
0,70.97
0,70.97
0,70.98
0,70.94
0,71.01
0,71.06
0,70.03
0,70.1
0,70.16
0,70.3
0,70.11
0,70.17
0,70.14
0,70.11
0,70.28
0,70.19
0,70.55
0,70.36
0,70.08
0,69.92
0,70.18
0,70.31
0,70.21
0,70.02
0,70.02
0,70.17
0,70.08
0,70.02
0,70
0,70.23
0,70.41
0,70.4
0,70.38
0,70.57
0,70.58
0,70.9
0,71.14
0,71.08
0,71.18
0,71.45
0,71.44
0,71.47
0,71.52
0,71.44
0,71.27
0,71.16
0,71.12
0,71.22
0,71.1
0,71.08
0,71.12
0,71.05
0,71.12
0,71.1
0,71
0,70.96
0,71.05
0,71
0,70.9
0,70.7
0,70.63
0,70.65
0,70.71
0,70.64
0,70.54
0,70.6
0,70.6
0,70.45
0,70.56
0,70.64
0,70.6
0,70.57
0,70.56
0,70.61
0,70.55
0,70.54
0,70.52
0,70.44
0,70.43
0,70.43
0,70.33
0,70.28
0,70.24
0,70.28
0,70.23
0,70.28
0,70.2
0,70.17
0,70.23
0,70.22
0,70.22
0,70.32
0,70.34
0,70.32
0,70.27
0,70.32
0,70.29
0,70.26
0,70.26
0,70.22
0,70.28
0,70.25
0,70.25
0,70.28
0,70.18
0,70.16
0,70.24
0,70.26
0,70.28
0,70.24
0,70.17
0,70.15
0,70.19
0,70.16
0,70.16
0,70.04
0,69.97
0,69.88
0,69.92
0,69.87
0,69.83
0,69.87
0,69.79
0,69.69
0,69.82
0,69.79
0,69.9
0,69.88
0,69.85
0,69.88
0,69.93
0,69.97
0,69.97
0,70.09
0,70.18
0,70.14
0,70.07
0,70.14
0,70.06
0,70.02
0,70.02
0,70
0,69.88
0,69.79
0,69.75
0,69.8
0,69.72
0,69.69
0,69.78
0,69.68
0,69.63
0,69.6
0,69.56
0,69.6
0,69.53
0,69.54
0,69.53
0,69.54
0,69.56
0,69.58
0,69.65
0,69.55
0,69.62
0,69.63
0,69.51
0,69.38
0,69.38
0,69.38
0,69.4
0,69.43
0,69.46
0,69.46
0,69.42
0,69.4
0,69.42
0,69.33
0,69.34
0,69.31
0,69.37
0,69.32
0,69.34
0,69.41
0,69.5
0,69.56
0,69.51
0,69.56
0,69.5
0,69.59
0,69.6
0,69.59
0,69.53
0,69.54
0,69.48
0,69.47
0,69.48
0,69.47
0,69.5
0,69.5
0,69.5
0,69.56
0,69.53
0,69.6
0,69.68
0,69.72
0,69.72
0,69.74
0,69.81
0,69.88
0,69.85
0,69.8
0,69.82
0,69.8
0,69.76
0,69.74
0,69.85
0,69.9
0,69.88
0,69.88
0,69.82
0,69.76
0,69.72
0,69.66
0,69.65
0,69.64
0,69.65
0,69.66
0,69.78
0,69.76
0,69.71
0,69.65
0,69.69
0,69.68
0,69.72
0,69.72
0,69.82
0,69.79
0,69.8
0,69.8
0,69.82
0,69.82
0,69.82
0,69.77
0,69.79
0,69.81
0,69.82
0,69.75
0,69.69
0,69.75
0,69.76
0,69.74
0,69.74
0,69.78
0,69.81
0,69.84
0,69.89
0,69.88
0,69.94
0,69.9
0,69.89
0,69.87
0,69.86
0,69.91
0,69.92
0,69.93
0,69.91
0,69.94
0,69.94
0,69.93
0,69.96
0,69.89
0,69.88
0,69.91
0,69.98
0,69.96
0,69.97
0,70.03
0,70.06
0,70.03
0,70.07
0,70.08
0,70.06
0,70.07
0,70.07
0,70.06
0,70.03
0,70.03
0,70.04
0,70.06
0,70.03
0,70.02
0,70.06
0,70.05
0,70.06
0,70.06
0,70.04
0,70.05
0,70.07
0,70.11
0,70.12
0,70.17
0,70.28
0,70.25
0,70.28
0,70.26
0,70.3
0,70.28
0,70.29
0,70.27
0,70.24
0,70.19
0,70.16
0,70.22
0,70.22
0,70.21
0,70.13
0,70.12
0,70.13
0,70.16
0,70.1
0,70.06
0,70
0,69.96
0,69.96
0,69.98
0,69.98
0,69.99
0,70.02
0,70.06
0,70.06
0,70.06
0,70.04
0,70.03
0,70
0,69.98
0,69.99
0,70.03
0,70.02
0,70.04
0,70.06
0,70.07
0,70.06
0,70.03
0,70.12
0,70.06
0,70.06
0,70
0,70.02
0,70.03
0,70.04
0,70.06
0,70.02
0,70.02
0,70.03
0,70.06
0,70.03
0,69.99
0,69.99
0,70.02
0,69.98
0,70.02
0,70
0,69.98
0,70
0,69.98
0,69.98
0,69.99
0,70.02
0,69.98
0,69.96
0,69.98
0,69.96
0,70
0,70
0,69.96
0,69.97
0,70.04
0,70.02
0,69.96
0,69.94
0,69.93
0,69.91
0,69.93
0,69.94
0,69.98
0,70.01
0,70
0,70.03
0,69.98
0,70
0,69.96
0,69.96
0,69.94
0,69.97
0,69.99
0,69.92
0,69.87
0,70.09
0,70.1
0,69.84
0,69.75
0,70.01
0,69.94
0,70.05
0,70.04
0,69.96
0,69.83
0,69.82
0,69.73
0,69.73
0,69.76
0,69.74
0,69.75
0,69.94
0,69.83
0,69.9
0,69.84
0,69.86
0,69.96
0,69.87
0,69.87
0,69.85
0,69.8
0,69.71
0,69.66
0,69.69
0,69.56
0,69.49
0,69.45
0,69.37
0,69.37
0,69.38
0,69.4
0,69.42
0,69.62
0,69.62
0,69.59
0,69.57
0,69.62
0,69.76
0,69.72
0,69.73
0,69.86
0,69.85
0,69.87
0,69.76
0,69.83
0,69.76
0,69.78
0,69.88
0,69.78
0,69.78
0,69.82
0,69.83
0,69.78
0,69.87
0,69.97
0,69.92
0,69.97
0,69.94
0,69.9
0,69.94
0,69.92
0,69.79
0,69.84
0,69.76
0,69.76
0,69.79
0,69.78
0,69.71
0,69.72
0,69.71
0,69.68
0,69.71
0,69.71
0,69.66
0,69.71
0,69.67
0,69.65
0,69.59
0,69.62
0,69.66
0,69.67
0,69.69
0,69.65
0,69.68
0,69.66
0,69.64
0,69.66
0,69.65
0,69.62
0,69.68
0,69.69
0,69.68
0,69.67
0,69.63
0,69.68
0,69.71
0,69.71
0,69.67
0,69.49
0,69.41
0,69.48
0,69.46
0,69.51
0,69.55
0,69.57
0,69.5
0,69.44
0,69.47
0,69.54
0,69.57
0,69.55
0,69.57
0,69.6
0,69.59
0,69.64
0,69.66
0,69.63
0,69.6
0,69.59
0,69.56
0,69.57
0,69.54
0,69.6
0,69.69
0,69.68
0,69.68
0,69.72
0,69.69
0,69.69
0,69.74
0,69.73
0,69.74
0,69.72
0,69.72
0,69.74
0,69.75
0,69.72
0,69.67
0,69.72
0,69.72
0,69.76
0,69.82
0,69.82
0,69.83
0,69.87
0,69.9
0,69.88
0,69.82
0,69.9
0,69.89
0,69.88
0,69.9
0,69.94
0,69.93
0,69.94
0,69.91
0,69.92
0,69.96
0,70.02
0,70.04
0,70
0,70.08
0,70.06
0,70
0,70.06
0,70.04
0,70
0,70.03
0,70.04
0,70.04
0,70.07
0,70.04
0,70.04
0,70.03
0,70.02
0,70.02
0,70.01
0,69.98
0,70
0,70.04
0,70.03
0,69.98
0,69.94
0,69.96
0,70
0,70.04
0,70.07
0,70.06
0,70.08
0,70.15
0,70.15
0,70.16
0,70.16
0,70.21
0,70.19
0,70.19
0,70.13
0,70.13
0,70.07
0,70.12
0,70.12
0,70.13
0,70.13
0,70.12
0,70.13
0,70.15
0,70.21
0,70.21
0,70.24
0,70.16
0,70.17
0,70.17
0,70.16
0,70.16
0,70.15
0,70.16
0,70.07
0,70.07
0,69.98
0,69.91
0,69.96
0,69.93
0,69.94
0,69.98
0,69.97
0,70
0,70.03
0,70.02
0,70.03
0,70.05
0,70.04
0,70.01
0,70.03
0,70.12
0,70.16
0,70.17
0,70.21
0,70.17
0,70.21
0,70.23
0,70.26
0,70.24
0,70.24
0,70.25
0,70.24
0,70.28
0,70.29
0,70.26
0,70.28
0,70.12
0,70.12
0,70.16
0,70.26
0,70.28
0,70.25
0,70.25
0,70.27
0,70.32
0,70.24
0,70.27
0,70.26
0,70.21
0,70.22
0,70.25
0,70.25
0,70.26
0,70.23
0,70.23
0,70.25
0,70.21
0,70.24
0,70.24
0,70.26
0,70.29
0,70.28
0,70.26
0,70.24
0,70.24
0,70.26
0,70.24
0,70.24
0,70.29
0,70.27
0,70.27
0,70.29
0,70.31
0,70.36
0,70.38
0,70.4
0,70.48
0,70.47
0,70.51
0,70.5
0,70.46
0,70.43
0,70.44
0,70.37
0,70.37
0,70.4
0,70.45
0,70.44
0,70.42
0,70.44
0,70.44
0,70.43
0,70.41
0,70.38
0,70.4
0,70.38
0,70.44
0,70.48
0,70.5
0,70.47
0,70.46
0,70.5
0,70.5
0,70.6
0,70.53
0,70.55
0,70.56
0,70.57
0,70.52
0,70.52
0,70.59
0,70.63
0,70.67
0,70.69
0,70.74
0,70.79
0,70.78
0,70.82
0,70.84
0,70.78
0,70.8
0,70.78
0,70.74
0,70.74
0,70.85
0,70.93
0,70.9
0,70.85
0,70.88
0,70.95
0,70.97
0,70.9
0,70.9
0,70.87
0,70.79
0,70.77
0,70.84
0,70.88
0,70.82
0,70.76
0,70.76
0,70.73
0,70.74
0,70.73
0,70.75
0,70.76
0,70.77
0,70.81
0,70.81
0,70.77
0,70.81
0,70.75
0,70.76
0,70.78
0,70.78
0,70.81
0,70.79
0,70.81
0,70.82
0,70.85
0,70.84
0,70.84
0,70.84
0,70.85
0,70.89
0,70.88
0,70.88
0,70.94
0,70.98
0,71
0,70.95
0,70.94
0,71.3
0,71.3
0,71.12
0,71.13
0,71.22
0,71.24
0,71.22
0,71.31
0,71.27
0,71.29
0,71.38
0,71.43
0,71.38
0,71.29
0,71.22
0,71.22
0,71.19
0,71.23
0,71.34
0,71.31
0,71.24
0,71.24
0,71.18
0,71.21
0,71.28
0,71.23
0,71.28
0,71.28
0,71.33
0,71.28
0,71.33
0,71.29
0,71.28
0,71.31
0,71.38
0,71.44
0,71.41
0,71.4
0,71.47
0,71.46
0,71.38
0,71.32
0,71.38
0,71.4
0,71.43
0,71.49
0,71.54
0,71.53
0,71.52
0,71.46
0,71.41
0,71.41
0,71.41
0,71.4
0,71.41
0,71.4
0,71.4
0,71.43
0,71.43
0,71.46
0,71.46
0,71.48
0,71.5
0,71.5
0,71.41
0,71.51
0,71.5
0,71.54
0,71.54
0,71.56
0,71.62
0,71.65
0,71.69
0,71.74
0,71.69
0,71.75
0,71.68
0,71.65
0,71.65
0,71.66
0,71.62
0,71.62
0,71.56
0,71.54
0,71.52
0,71.56
0,71.54
0,71.56
0,71.59
0,71.53
0,71.54
0,71.53
0,71.49
0,71.48
0,71.56
0,71.57
0,71.62
0,71.62
0,71.62
0,71.68
0,71.71
0,71.69
0,71.66
0,71.63
0,71.63
0,71.64
0,71.62
0,71.62
0,71.63
0,71.65
0,71.64
0,71.62
0,71.53
0,71.46
0,71.44
0,71.43
0,71.44
0,71.39
0,71.41
0,71.37
0,71.36
0,71.34
0,71.29
0,71.26
0,71.24
0,71.23
0,71.24
0,71.28
0,71.31
0,71.35
0,71.38
0,71.38
0,71.4
0,71.47
0,71.45
0,71.43
0,71.38
0,71.38
0,71.41
0,71.43
0,71.4
0,71.43
0,71.41
0,71.43
0,71.4
0,71.43
0,71.42
0,71.42
0,71.4
0,71.43
0,71.4
0,71.38
0,71.33
0,71.31
0,71.32
0,71.34
0,71.32
0,71.36
0,71.32
0,71.32
0,71.31
0,71.35
0,71.34
0,71.33
0,71.29
0,71.32
0,71.35
0,71.37
0,71.34
0,71.35
0,71.33
0,71.34
0,71.32
0,71.32
0,71.34
0,71.38
0,71.43
0,71.46
0,71.44
0,71.47
0,71.43
0,71.43
0,71.32
0,71.34
0,71.34
0,71.29
0,71.31
0,71.38
0,71.38
0,71.39
0,71.46
0,71.34
0,71.34
0,71.34
0,71.32
0,71.31
0,71.26
0,71.16
0,71.18
0,71.1
0,71.1
0,71.13
0,71.03
0,71.09
0,71.09
0,71.07
0,71.11
0,71.06
0,71.06
0,71.08
0,71.09
0,71.07
0,71.06
0,71.07
0,71.1
0,71.09
0,71.02
0,71
0,70.98
0,71.01
0,71.01
0,70.96
0,71.02
0,71.01
0,71.02
0,71
0,70.98
0,71.01
0,71.02
0,71.02
0,71.01
0,71.02
0,71.01
0,71
0,71.02
0,71.02
0,71.07
0,71.08
0,71.06
0,71.1
0,71.07
0,71.06
0,71.06
0,71.07
0,71.07
0,71.07
0,71.02
0,71.02
0,71.01
0,71
0,71.01
0,71
0,71
0,71.03
0,71.03
0,71.04
0,71.03
0,71.03
0,71.05
0,71.07
0,71.07
0,71.04
0,71.04
0,71.03
0,71.07
0,71.07
0,71.08
0,71.1
0,71.1
0,71.09
0,71.1
0,71.07
0,71.03
0,71.03
0,71.07
0,71.07
0,71.12
0,71.1
0,71.12
0,71.09
0,71.1
0,71.12
0,71.1
0,71.09
0,71.1
0,71.09
0,71.12
0,71.18
0,71.1
0,71.14
0,71.18
0,71.1
0,71.02
0,70.97
0,71
0,71.04
0,71.03
0,71.06
0,70.96
0,70.91
0,70.93
0,70.93
0,70.97
0,70.94
0,70.91
0,70.93
0,70.94
0,70.95
0,70.94
0,70.95
0,70.94
0,70.95
0,70.96
0,70.96
0,71.01
0,71.02
0,71.06
0,71.05
0,71.04
0,71.04
0,71.02
0,71.02
0,71.01
0,71.03
0,71.02
0,71.04
0,71.1
0,71.1
0,71.1
0,71.1
0,71.1
0,71.04
0,71.02
0,71.06
0,71.07
0,71.1
0,71.12
0,71.07
0,71.06
0,71.03
0,71.02
0,71.02
0,71.04
0,71.04
0,71.04
0,71.06
0,71.06
0,71.03
0,71.06
0,71.08
0,71.09
0,71.04
0,71.03
0,71.03
0,71
0,71
0,71
0,70.94
0,70.94
0,70.9
0,70.92
0,70.9
0,70.86
0,70.84
0,70.85
0,70.88
0,70.85
0,70.9
0,70.9
0,70.9
0,70.94
0,70.94
0,70.97
0,70.96
0,70.99
0,71.02
0,71.07
0,71.06
0,71.1
0,71.11
0,71.12
0,71.09
0,71
0,71.02
0,70.97
0,70.97
0,71.02
0,71.09
0,71.09
0,71.12
0,70.21
0,70.15
0,70.31
0,70.12
0,70.14
0,70.18
0,70.28
0,70.32
0,70.28
0,70.19
0,70.12
0,70.19
0,70.18
0,70.26
0,70.22
0,70.19
0,70.19
0,70.18
0,70.16
0,70.04
0,69.93
0,69.9
0,69.97
0,69.9
0,69.86
0,69.76
0,69.7
0,69.73
0,69.81
0,69.79
0,69.79
0,69.75
0,69.78
0,69.79
0,69.74
0,69.66
0,69.74
0,69.72
0,69.76
0,69.75
0,69.74
0,69.79
0,69.74
0,69.75
0,69.71
0,69.63
0,69.74
0,69.78
0,69.75
0,69.74
0,69.76
0,69.76
0,69.81
0,69.78
0,69.78
0,69.75
0,69.76
0,69.76
0,69.78
0,69.78
0,69.78
0,69.74
0,69.74
0,69.65
0,69.61
0,69.58
0,69.57
0,69.57
0,69.48
0,69.48
0,69.37
0,69.47
0,69.47
0,69.59
0,69.64
0,69.62
0,69.56
0,69.6
0,69.55
0,69.49
0,69.48
0,69.5
0,69.5
0,69.52
0,69.5
0,69.48
0,69.48
0,69.47
0,69.48
0,69.41
0,69.29
0,69.31
0,69.21
0,69.15
0,69.16
0,69.11
0,69.13
0,69.13
0,69.09
0,69.06
0,69.07
0,69.1
0,69.16
0,69.18
0,69.26
0,69.24
0,69.18
0,69.24
0,69.24
0,69.24
0,69.25
0,69.28
0,69.28
0,69.28
0,69.25
0,69.34
0,69.33
0,69.34
0,69.38
0,69.38
0,69.38
0,69.35
0,69.38
0,69.46
0,69.39
0,69.37
0,69.32
0,69.32
0,69.27
0,69.27
0,69.24
0,69.22
0,69.22
0,69.24
0,69.18
0,69.19
0,69.22
0,69.15
0,69.05
0,69.1
0,69.13
0,69.19
0,69.21
0,69.22
0,69.22
0,69.21
0,69.21
0,69.28
0,69.28
0,69.22
0,69.15
0,69.18
0,69.13
0,69.13
0,69.15
0,69.19
0,69.2
0,69.19
0,69.12
0,69.17
0,69.19
0,69.19
0,69.22
0,69.22
0,69.24
0,69.22
0,69.25
0,69.24
0,69.25
0,69.23
0,69.24
0,69.28
0,69.27
0,69.26
0,69.28
0,69.28
0,69.26
0,69.25
0,69.23
0,69.25
0,69.24
0,69.22
0,69.22
0,69.19
0,69.16
0,69.21
0,69.22
0,69.18
0,69.16
0,69.19
0,69.18
0,69.19
0,69.19
0,69.19
0,69.24
0,69.2
0,69.22
0,69.22
0,69.22
0,69.24
0,69.22
0,69.22
0,69.19
0,69.24
0,69.25
0,69.23
0,69.19
0,69.18
0,69.18
0,69.16
0,69.14
0,69.16
0,69.16
0,69.15
0,69.12
0,69.13
0,69.12
0,69.16
0,69.16
0,69.13
0,69.16
0,69.19
0,69.18
0,69.18
0,69.18
0,69.19
0,69.18
0,69.18
0,69.19
0,69.18
0,69.19
0,69.21
0,69.22
0,69.24
0,69.24
0,69.25
0,69.26
0,69.26
0,69.24
0,69.24
0,69.24
0,69.24
0,69.25
0,69.29
0,69.26
0,69.25
0,69.25
0,69.24
0,69.25
0,69.25
0,69.24
0,69.24
0,69.23
0,69.25
0,69.23
0,69.22
0,69.24
0,69.24
0,69.25
0,69.25
0,69.28
0,69.3
0,69.24
0,69.24
0,69.21
0,69.23
0,69.21
0,69.21
0,69.18
0,69.17
0,69.18
0,69.18
0,69.18
0,69.18
0,69.18
0,69.11
0,69.1
0,69.12
0,69.13
0,69.13
0,69.12
0,69.13
0,69.1
0,69.07
0,69.09
0,69.08
0,69.07
0,69.09
0,69.06
0,69.06
0,69.07
0,69.09
0,69.07
0,69.04
0,69.04
0,69
0,69.01
0,68.98
0,69.02
0,69
0,69.02
0,69.03
0,69.03
0,69.06
0,69.04
0,69.04
0,69.03
0,69.04
0,69.04
0,69.04
0,69.06
0,69.06
0,69.02
0,69.02
0,69.06
0,69.07
0,69.06
0,69.11
0,69.12
0,69.15
0,69.16
0,69.22
0,69.22
0,69.2
0,69.19
0,69.21
0,69.21
0,69.22
0,69.22
0,69.19
0,69.21
0,69.19
0,69.2
0,69.17
0,69.19
0,69.21
0,69.15
0,69.1
0,69.13
0,69.15
0,69.13
0,69.1
0,69.11
0,69.15
0,69.16
0,69.19
0,69.15
0,69.13
0,69.13
0,69.12
0,69.15
0,69.18
0,69.14
0,69.12
0,69.13
0,69.13
0,69.1
0,69.12
0,69.1
0,69.08
0,69.06
0,69.03
0,69
0,69
0,69.03
0,69.04
0,69.02
0,69
0,69
0,68.97
0,69.03
0,69.07
0,69.09
0,69.09
0,69.06
0,69.03
0,69.07
0,69.03
0,69
0,68.96
0,68.96
0,68.92
0,68.93
0,68.92
0,68.96
0,68.94
0,69.03
0,69
0,68.97
0,69
0,69.12
0,69.12
0,69.08
0,69.44
0,69.56
0,69.69
0,69.68
0,69.6
0,69.51
0,69.5
0,69.44
0,69.4
0,69.31
0,69.26
0,69.23
0,69.23
0,69.25
0,69.35
0,69.41
0,69.4
0,69.41
0,69.42
0,69.35
0,69.43
0,69.39
0,69.34
0,69.33
0,69.29
0,69.31
0,69.32
0,69.38
0,69.46
0,69.41
0,69.44
0,69.49
0,69.52
0,69.57
0,69.52
0,69.34
0,69.24
0,69.27
0,69.26
0,69.32
0,69.32
0,69.29
0,69.22
0,69.24
0,69.27
0,69.24
0,69.22
0,69.26
0,69.28
0,69.22
0,69.24
0,69.27
0,69.29
0,69.31
0,69.29
0,69.32
0,69.4
0,69.53
0,69.45
0,69.4
0,69.37
0,69.35
0,69.37
0,69.34
0,69.38
0,69.32
0,69.24
0,69.22
0,69.22
0,69.2
0,69.16
0,69.17
0,69.19
0,69.17
0,69.16
0,69.12
0,69.04
0,69.04
0,69.04
0,69.02
0,68.98
0,68.94
0,68.95
0,68.91
0,68.88
0,68.83
0,68.92
0,68.92
0,68.91
0,68.94
0,68.97
0,68.99
0,69.03
0,69.09
0,69.18
0,69.19
0,69.16
0,69.12
0,69.1
0,69.07
0,69.09
0,69.07
0,69.04
0,69.05
0,69.03
0,69.06
0,69.07
0,69.1
0,69.05
0,69.1
0,69.11
0,69.1
0,69.04
0,69.02
0,69.04
0,69.11
0,69.12
0,69.09
0,69.12
0,69.15
0,69.12
0,69.16
0,69.19
0,69.21
0,69.24
0,69.24
0,69.22
0,69.25
0,69.21
0,69.24
0,69.24
0,69.24
0,69.28
0,69.26
0,69.24
0,69.24
0,69.24
0,69.25
0,69.29
0,69.32
0,69.31
0,69.28
0,69.28
0,69.28
0,69.28
0,69.25
0,69.26
0,69.26
0,69.26
0,69.25
0,69.29
0,69.3
0,69.29
0,69.29
0,69.33
0,69.32
0,69.32
0,69.34
0,69.4
0,69.4
0,69.44
0,69.5
0,69.5
0,69.46
0,69.43
0,69.48
0,69.49
0,69.5
0,69.53
0,69.53
0,69.53
0,69.5
0,69.51
0,69.48
0,69.49
0,69.47
0,69.48
0,69.49
0,69.44
0,69.43
0,69.41
0,69.46
0,69.47
0,69.48
0,69.48
0,69.47
0,69.45
0,69.5
0,69.53
0,69.56
0,69.57
0,69.54
0,69.6
0,69.56
0,69.58
0,69.65
0,69.6
0,69.56
0,69.6
0,69.57
0,69.54
0,69.62
0,69.65
0,69.68
0,69.7
0,69.68
0,69.68
0,69.62
0,69.54
0,69.57
0,69.6
0,69.6
0,69.56
0,69.6
0,69.59
0,69.58
0,69.59
0,69.6
0,69.62
0,69.58
0,69.6
0,69.62
0,69.56
0,69.62
0,69.62
0,69.67
0,69.69
0,69.73
0,69.74
0,69.68
0,69.68
0,69.69
0,69.68
0,69.66
0,69.68
0,69.69
0,69.67
0,69.7
0,69.76
0,69.8
0,69.82
0,69.83
0,69.84
0,69.84
0,69.84
0,69.84
0,69.87
0,69.88
0,69.88
0,69.87
0,69.87
0,69.91
0,69.91
0,69.9
0,69.91
0,69.9
0,69.85
0,69.85
0,69.85
0,69.82
0,69.81
0,69.82
0,69.79
0,69.81
0,69.86
0,69.85
0,69.84
0,69.84
0,69.84
0,69.84
0,69.84
0,69.83
0,69.85
0,69.85
0,69.86
0,69.9
0,69.9
0,69.89
0,69.78
0,69.81
0,69.78
0,69.74
0,69.75
0,69.73
0,69.72
0,69.72
0,69.76
0,69.74
0,69.74
0,69.69
0,69.68
0,69.72
0,69.62
0,69.57
0,69.56
0,69.54
0,69.53
0,69.52
0,69.49
0,69.53
0,69.56
0,69.6
0,69.59
0,69.56
0,69.59
0,69.58
0,69.57
0,69.53
0,69.54
0,69.54
0,69.5
0,69.48
0,69.44
0,69.46
0,69.44
0,69.4
0,69.4
0,69.43
0,69.44
0,69.45
0,69.46
0,69.46
0,69.44
0,69.43
0,69.43
0,69.38
0,69.38
0,69.34
0,69.36
0,69.4
0,69.38
0,69.36
0,69.4
0,69.34
0,69.38
0,69.38
0,69.45
0,69.4
0,69.42
0,69.41
0,69.41
0,69.46
0,69.4
0,69.43
0,69.45
0,69.5
0,69.52
0,69.53
0,69.55
0,69.55
0,69.56
0,69.59
0,69.6
0,69.6
0,69.6
0,69.56
0,69.53
0,69.54
0,69.59
0,69.56
0,69.5
0,69.53
0,69.52
0,69.5
0,69.46
0,69.46
0,69.44
0,69.46
0,69.57
0,69.56
0,69.55
0,69.61
0,69.65
0,69.66
0,69.63
0,69.66
0,69.65
0,69.63
0,69.6
0,69.6
0,69.65
0,69.7
0,69.62
0,69.62
0,69.63
0,69.65
0,69.75
0,69.76
0,70.16
0,70.16
0,69.99
0,70.02
0,70.1
0,70.17
0,70.1
0,69.96
0,69.92
0,70
0,69.96
0,69.91
0,69.85
0,69.79
0,69.74
0,69.87
0,69.91
0,69.83
0,69.93
0,69.91
0,69.95
0,69.96
0,69.98
0,69.95
0,69.97
0,69.96
0,69.79
0,69.82
0,69.88
0,69.82
0,69.88
0,69.79
0,69.78
0,69.73
0,69.77
0,69.75
0,69.77
0,69.8
0,69.75
0,69.78
0,69.83
0,69.82
0,69.81
0,69.81
0,69.84
0,69.82
0,69.82
0,69.78
0,69.82
0,69.82
0,69.84
0,69.9
0,69.94
0,69.92
0,69.94
0,69.94
0,69.97
0,69.98
0,70.13
0,70.03
0,70.02
0,70
0,70.02
0,69.93
0,69.99
0,70.03
0,69.93
0,69.94
0,69.98
0,70.02
0,70.1
0,70.16
0,70.2
0,70.28
0,70.28
0,70.26
0,70.22
0,70.26
0,70.25
0,70.27
0,70.28
0,70.21
0,70.22
0,70.21
0,70.24
0,70.24
0,70.22
0,70.25
0,70.24
0,70.22
0,70.32
0,70.29
0,70.23
0,70.22
0,70.15
0,70.12
0,70.12
0,70.15
0,70.18
0,70.26
0,70.28
0,70.31
0,70.31
0,70.32
0,70.32
0,70.26
0,70.29
0,70.26
0,70.2
0,70.24
0,70.25
0,70.31
0,70.31
0,70.31
0,70.31
0,70.28
0,70.32
0,70.29
0,70.32
0,70.33
0,70.44
0,70.42
0,70.36
0,70.39
0,70.39
0,70.35
0,70.35
0,70.34
0,70.36
0,70.36
0,70.35
0,70.38
0,70.4
0,70.33
0,70.36
0,70.4
0,70.4
0,70.32
0,70.38
0,70.48
0,70.52
0,70.56
0,70.55
0,70.53
0,70.56
0,70.56
0,70.59
0,70.6
0,70.53
0,70.4
0,70.43
0,70.5
0,70.51
0,70.54
0,70.53
0,70.57
0,70.6
0,70.58
0,70.56
0,70.59
0,70.66
0,70.66
0,70.77
0,70.77
0,70.78
0,70.79
0,70.88
0,70.81
0,70.83
0,70.87
0,70.84
0,70.79
0,70.74
0,70.75
0,70.73
0,70.74
0,70.69
0,70.71
0,70.72
0,70.71
0,70.7
0,70.62
0,70.62
0,70.6
0,70.6
0,70.59
0,70.63
0,70.63
0,70.6
0,70.62
0,70.62
0,70.57
0,70.56
0,70.5
0,70.48
0,70.46
0,70.46
0,70.52
0,70.5
0,70.46
0,70.47
0,70.5
0,70.56
0,70.56
0,70.52
0,70.55
0,70.52
0,70.5
0,70.52
0,70.51
0,70.5
0,70.5
0,70.5
0,70.54
0,70.54
0,70.51
0,70.54
0,70.59
0,70.59
0,70.62
0,70.61
0,70.59
0,70.56
0,70.53
0,70.52
0,70.47
0,70.5
0,70.48
0,70.44
0,70.4
0,70.4
0,70.34
0,70.38
0,70.4
0,70.35
0,70.38
0,70.39
0,70.38
0,70.38
0,70.41
0,70.41
0,70.45
0,70.38
0,70.44
0,70.43
0,70.43
0,70.42
0,70.45
0,70.41
0,70.46
0,70.44
0,70.43
0,70.43
0,70.4
0,70.44
0,70.43
0,70.38
0,70.36
0,70.33
0,70.35
0,70.38
0,70.4
0,70.44
0,70.41
0,70.38
0,70.4
0,70.4
0,70.41
0,70.46
0,70.85
0,70.8
0,70.81
0,70.91
0,70.99
0,70.91
0,70.94
0,70.87
0,71
0,70.93
0,71
0,71.04
0,71.09
0,71.16
0,71.21
0,71.26
0,71.28
0,71.25
0,71.12
0,71.24
0,71.31
0,71.32
0,71.34
0,71.38
0,71.32
0,71.35
0,71.38
0,71.4
0,71.42
0,71.38
0,71.32
0,71.24
0,71.24
0,71.29
0,71.32
0,71.31
0,71.28
0,71.35
0,71.35
0,71.32
0,71.32
0,71.32
0,71.31
0,71.32
0,71.34
0,71.4
0,71.46
0,71.42
0,71.47
0,71.48
0,71.44
0,71.47
0,71.66
0,71.77
0,71.75
0,71.76
0,71.78
0,71.79
0,71.79
0,71.73
0,71.74
0,71.7
0,71.7
0,71.71
0,71.68
0,71.56
0,71.54
0,71.53
0,71.52
0,71.42
0,71.35
0,71.37
0,71.4
0,71.43
0,71.43
0,71.44
0,71.41
0,71.4
0,71.4
0,71.45
0,71.5
0,71.48
0,71.49
0,71.43
0,71.47
0,71.48
0,71.53
0,71.63
0,71.59
0,71.51
0,71.48
0,71.53
0,71.48
0,71.5
0,71.45
0,71.5
0,71.47
0,71.5
0,71.54
0,71.46
0,71.47
0,71.47
0,71.53
0,71.54
0,71.5
0,71.67
0,71.68
0,71.7
0,71.68
0,71.68
0,71.69
0,71.63
0,71.56
0,71.54
0,71.57
0,71.7
0,71.7
0,71.68
0,71.69
0,71.28
0,71.22
0,71.21
0,71.52
0,71.51
0,71.52
0,71.61
0,71.5
0,71.42
0,71.46
0,71.56
0,71.56
0,71.58
0,71.53
0,71.5
0,71.37
0,71.44
0,71.48
0,71.52
0,71.4
0,71.43
0,71.38
0,71.46
0,71.52
0,71.54
0,71.66
0,71.68
0,71.73
0,71.72
0,71.77
0,71.9
0,71.82
0,71.77
0,71.84
0,71.91
0,71.97
0,71.95
0,71.91
0,71.95
0,71.94
0,71.98
0,71.99
0,71.87
0,71.86
0,71.88
0,71.87
0,71.84
0,71.82
0,71.82
0,71.88
0,71.88
0,71.88
0,71.86
0,71.87
0,71.94
0,71.96
0,71.97
0,71.99
0,72.03
0,72
0,72.12
0,72.16
0,72.17
0,72.18
0,72.15
0,72.16
0,72.2
0,72.19
0,72.18
0,72.15
0,72.22
0,72.22
0,72.16
0,72.24
0,72.2
0,72.16
0,72.1
0,72.06
0,72.07
0,71.96
0,71.96
0,72
0,72
0,71.91
0,71.88
0,71.91
0,71.87
0,71.82
0,71.81
0,71.76
0,71.85
0,71.87
0,71.96
0,72
0,71.98
0,71.96
0,71.89
0,71.96
0,71.9
0,71.88
0,71.91
0,71.97
0,71.93
0,71.96
0,71.96
0,71.97
0,72.06
0,72.02
0,72.04
0,72.03
0,72.05
0,72.02
0,72.02
0,72.02
0,72.09
0,72.2
0,72.18
0,72.19
0,72.21
0,72.25
0,72.19
0,72.29
0,72.26
0,72.24
0,72.31
0,72.32
0,72.32
0,72.34
0,72.37
0,72.33
0,72.31
0,72.31
0,72.28
0,72.37
0,72.38
0,72.39
0,72.44
0,72.44
0,72.46
0,72.48
0,72.46
0,72.46
0,72.48
0,72.5
0,72.49
0,72.54
0,72.52
0,72.56
0,72.6
0,72.59
0,72.59
0,72.54
0,72.53
0,72.52
0,72.5
0,72.52
0,72.5
0,72.51
0,72.45
0,72.54
0,72.46
0,72.41
0,72.38
0,72.38
0,72.38
0,72.4
0,72.41
0,72.43
0,72.4
0,72.43
0,72.43
0,72.36
0,72.32
0,72.3
0,72.35
0,72.35
0,72.36
0,72.3
0,72.28
0,72.28
0,72.26
0,72.22
0,72.27
0,72.25
0,72.23
0,72.27
0,72.28
0,72.29
0,72.29
0,72.25
0,72.29
0,72.29
0,72.28
0,72.28
0,72.18
0,71.98
0,72.04
0,72.06
0,72.06
0,72.11
0,72.1
0,72.14
0,72.16
0,72.13
0,72.12
0,72.15
0,72.12
0,72.13
0,72.15
0,72.12
0,72.13
0,72.1
0,72.15
0,72.21
0,72.14
0,72.17
0,72.26
0,72.23
0,72.26
0,72.22
0,72.19
0,72.15
0,72.14
0,72.13
0,72.13
0,72.16
0,72.15
0,72.15
0,72.18
0,72.18
0,72.14
0,72.18
0,72.13
0,72.13
0,72.16
0,72.19
0,72.23
0,72.26
0,72.25
0,72.32
0,72.31
0,72.31
0,72.27
0,72.26
0,72.32
0,72.29
0,72.32
0,72.34
0,72.37
0,72.39
0,72.38
0,72.33
0,72.36
0,72.34
0,72.4
0,72.41
0,72.35
0,72.39
0,72.4
0,72.38
0,72.38
0,72.46
0,72.46
0,72.48
0,72.48
0,72.5
0,72.5
0,72.51
0,72.53
0,72.56
0,72.57
0,72.52
0,72.54
0,72.52
0,72.54
0,72.55
0,72.56
0,72.52
0,72.5
0,72.48
0,72.48
0,72.48
0,72.5
0,72.46
0,72.47
0,72.48
0,72.47
0,72.48
0,72.5
0,72.52
0,72.59
0,72.6
0,72.59
0,72.62
0,72.65
0,72.62
0,72.61
0,72.61
0,72.62
0,72.58
0,72.6
0,72.6
0,72.6
0,72.6
0,72.53
0,72.56
0,72.57
0,72.58
0,72.59
0,72.61
0,72.6
0,72.6
0,72.59
0,72.58
0,72.58
0,72.58
0,72.57
0,72.59
0,72.64
0,72.68
0,72.67
0,72.68
0,72.7
0,72.72
0,72.76
0,72.8
0,72.84
0,72.85
0,72.87
0,72.8
0,72.76
0,72.74
0,72.81
0,72.79
0,72.7
0,72.72
0,72.7
0,72.72
0,72.68
0,72.71
0,72.66
0,72.62
0,72.6
0,72.63
0,72.65
0,72.63
0,72.66
0,72.71
0,72.73
0,72.78
0,72.78
0,72.83
0,72.81
0,72.83
0,72.85
0,72.85
0,72.83
0,72.79
0,72.75
0,72.76
0,72.77
0,72.85
0,72.82
0,72.78
0,72.77
0,72.78
0,72.76
0,72.78
0,72.8
0,72.79
0,72.8
0,72.84
0,72.83
0,72.8
0,72.79
0,72.82
0,72.88
0,72.87
0,72.84
0,72.86
0,72.85
0,72.88
0,72.86
0,72.93
0,72.95
0,73
0,73
0,73.03
0,73.02
0,220.52
0,220.43
0,221.19
0,222.21
0,221.79
0,221.74
0,221.86
0,222.54
0,222.33
0,221.08
0,221.73
0,220.77
0,221.39
0,221.77
0,222.42
0,221.24
0,222.1
0,222.12
0,222.6
0,223.42
0,223.6
0,222.94
0,222.54
0,222.21
0,221.9
0,221.86
0,222.32
0,222.25
0,222.14
0,221.9
0,222.31
0,221.37
0,220.83
0,220.86
0,220.97
0,221.56
0,222.83
0,222.97
0,223.34
0,223.48
0,223.72
0,223.96
0,223.74
0,223.8
0,223.47
0,223.33
0,223.83
0,223.36
0,223.32
0,223.44
0,222.63
0,222.44
0,222.83
0,223.42
0,223.48
0,223.43
0,224.14
0,223.33
0,223.35
0,223.36
0,222.66
0,222.96
0,222.64
0,222.83
0,222.64
0,222.34
0,222.77
0,222.88
0,223.29
0,223.22
0,223.78
0,224.11
0,224.13
0,224.22
0,224.39
0,224.27
0,223.73
0,223.88
0,223.94
0,223.83
0,223.48
0,223.12
0,223.4
0,223.86
0,223.77
0,223.95
0,223.93
0,223.98
0,223.76
0,224.33
0,223.54
0,223.4
0,223.35
0,223.42
0,223.74
0,223.87
0,223.87
0,224.16
0,223.88
0,224.29
0,224.12
0,223.7
0,223.89
0,224.11
0,224.32
0,224.26
0,224.09
0,224.2
0,224.06
0,224.05
0,224.8
0,224.66
0,224.51
0,224.1
0,224.38
0,224.38
0,224.24
0,223.92
0,223.23
0,223.17
0,223.58
0,223.45
0,223.27
0,223.5
0,223.52
0,223.72
0,223.35
0,223.3
0,223.18
0,222.74
0,222.9
0,223.38
0,223.68
0,223.89
0,224.06
0,223.74
0,223.24
0,223.25
0,223.28
0,222.88
0,223.41
0,222.88
0,222.89
0,222.71
0,222.94
0,222.72
0,222.69
0,223.1
0,222.83
0,222.22
0,222.06
0,221.82
0,222.06
0,222.21
0,222.42
0,222.28
0,222.38
0,222.1
0,222.45
0,222.46
0,222.53
0,222.7
0,222.46
0,222.73
0,222.74
0,222.58
0,222.43
0,222.5
0,222.7
0,222.71
0,222.76
0,222.55
0,222.65
0,222.27
0,222.24
0,222.23
0,222.25
0,222.48
0,222.72
0,222.77
0,222.84
0,223.12
0,223.08
0,222.75
0,223.18
0,222.88
0,223.01
0,223.82
0,223.92
0,223.89
0,223.74
0,223.41
0,223.72
0,223.5
0,223.54
0,223.5
0,224.2
0,224.03
0,223.93
0,223.92
0,224.14
0,224.1
0,224.16
0,224.32
0,224.39
0,224.23
0,223.77
0,224.14
0,224.49
0,224.67
0,224.5
0,224.66
0,224.86
0,224.59
0,224.82
0,224.79
0,225.08
0,224.96
0,225.34
0,225.11
0,225.24
0,225.06
0,225.14
0,225.17
0,225.18
0,225.24
0,225.26
0,225.33
0,225.04
0,225.1
0,225.38
0,225.42
0,225.34
0,225.46
0,225.67
0,225.5
0,225.27
0,225.52
0,225.66
0,225.72
0,225.39
0,225.78
0,225.74
0,225.6
0,226.24
0,225.98
0,225.77
0,225.45
0,225.36
0,225.38
0,225.5
0,225.25
0,225.44
0,225.43
0,225.4
0,225.34
0,225.64
0,225.66
0,225.68
0,225.92
0,225.59
0,225.47
0,225.34
0,225.49
0,225.59
0,225.36
0,225.5
0,225.49
0,225.7
0,225.56
0,225.68
0,225.4
0,225.1
0,225.3
0,225.38
0,225.62
0,225.26
0,225.29
0,225.07
0,224.94
0,225.3
0,224.56
0,224.8
0,224.98
0,224.77
0,224.85
0,225.02
0,225.21
0,225.4
0,225.33
0,225.16
0,225.21
0,225.36
0,225.5
0,225.7
0,225.76
0,225.7
0,225.56
0,225.56
0,225.02
0,225.06
0,225.35
0,225.6
0,225.56
0,225.46
0,225.16
0,225.32
0,225.27
0,225.26
0,225.34
0,225.2
0,225.06
0,224.54
0,224.42
0,224.55
0,224.61
0,224.66
0,224.72
0,225
0,225.02
0,225.1
0,225.06
0,224.81
0,224.82
0,224.77
0,224.64
0,224.76
0,224.48
0,224.39
0,224.3
0,224
0,223.92
0,224.38
0,224.64
0,224.33
0,224.06
0,223.94
0,223.99
0,224.05
0,223.82
0,223.82
0,223.82
0,223.78
0,224.08
0,224.32
0,224.24
0,224.11
0,223.88
0,224.04
0,224.05
0,223.7
0,223.92
0,223.72
0,223.64
0,223.54
0,223.68
0,223.74
0,223.9
0,223.57
0,223.23
0,223.2
0,222.82
0,222.76
0,223
0,223.14
0,222.9
0,223.11
0,223.1
0,223.43
0,223.12
0,222.77
0,222.86
0,223.08
0,223.18
0,223.26
0,222.78
0,223.31
0,223.52
0,223.44
0,223.46
0,223.38
0,223.76
0,223.96
0,224.04
0,224.31
0,224.17
0,224.59
0,224.32
0,224.33
0,224.12
0,221.6
0,221.4
0,222.2
0,223.42
0,223.39
0,222.41
0,221.99
0,221.58
0,221.82
0,222.41
0,220.82
0,222.04
0,221.4
0,221.88
0,221.19
0,220.83
0,220.76
0,220.66
0,220.32
0,219.87
0,219.94
0,219.82
0,219.88
0,219.83
0,219.66
0,219.62
0,219.5
0,219.94
0,219.74
0,219.46
0,219.62
0,218.87
0,218.95
0,219.08
0,219.01
0,219.16
0,219.09
0,219.1
0,218.81
0,218.33
0,217.68
0,217.95
0,217.98
0,217.64
0,217.28
0,217.62
0,217.38
0,216.95
0,217.04
0,217.58
0,217.61
0,217.48
0,217.65
0,217.56
0,217.92
0,217.94
0,217.72
0,218.38
0,218.32
0,218.22
0,218.17
0,217.73
0,217.23
0,216.89
0,217.06
0,216.99
0,216.94
0,216.54
0,216.47
0,215.98
0,216.38
0,216.43
0,216.42
0,216.35
0,215.83
0,215.94
0,216.04
0,216.12
0,216.1
0,215.9
0,215.92
0,216.14
0,215.92
0,215.88
0,215.3
0,215.48
0,215.64
0,216.18
0,216.24
0,216.04
0,216.32
0,216.83
0,216.94
0,217.11
0,217.36
0,217.18
0,217.18
0,217.38
0,217.32
0,217.32
0,216.93
0,217.58
0,218.34
0,217.98
0,217.91
0,217.96
0,218.28
0,218.39
0,218.44
0,218.16
0,218.16
0,218.74
0,218.46
0,218.68
0,218.58
0,218.34
0,218
0,217.85
0,218.1
0,218.09
0,217.69
0,217.76
0,217.76
0,217.35
0,217.8
0,217.83
0,218.51
0,218.88
0,219.43
0,219.74
0,219.58
0,219.62
0,219.86
0,220
0,220.05
0,219.78
0,219.65
0,220.1
0,220.14
0,220
0,219.78
0,220.12
0,219.86
0,219.66
0,219.3
0,219.28
0,219.36
0,218.95
0,219.17
0,219.2
0,219.44
0,219.19
0,219.69
0,219.37
0,219.26
0,219.1
0,218.74
0,218.68
0,218.28
0,218.58
0,218.6
0,218.04
0,218.92
0,219.01
0,218.76
0,218.86
0,218.86
0,218.07
0,218
0,217.89
0,218.24
0,218.05
0,218.08
0,218.52
0,218.67
0,218.68
0,218.5
0,218.31
0,218.5
0,218.52
0,218.5
0,218.95
0,218.83
0,218.88
0,218.63
0,218.89
0,218.7
0,218.3
0,218.02
0,218.06
0,218.27
0,218.27
0,218.56
0,218.34
0,218.28
0,218.36
0,218.44
0,218.78
0,218.94
0,219
0,218.62
0,218.71
0,218.86
0,219.04
0,218.92
0,219.02
0,218.68
0,218.25
0,218.8
0,218.81
0,218.75
0,218.35
0,218.72
0,218.62
0,218.26
0,217.97
0,218.14
0,217.65
0,217.81
0,217.7
0,217.66
0,217.72
0,217.96
0,217.72
0,217.63
0,217.52
0,216.52
0,216.42
0,216.21
0,216.12
0,216.33
0,216.45
0,216.84
0,216.74
0,216.9
0,216.8
0,216.74
0,216.84
0,216.66
0,216.56
0,216.64
0,216.73
0,216.89
0,216.77
0,216.86
0,216.74
0,216.07
0,216.2
0,216.22
0,216.12
0,216.13
0,216.08
0,216.15
0,216.06
0,216.27
0,216.16
0,215.89
0,215.8
0,215.93
0,215.72
0,215.81
0,215.9
0,216.04
0,215.7
0,215.54
0,215.78
0,215.5
0,215.74
0,215.72
0,215.62
0,215.74
0,215.5
0,215.44
0,215.64
0,215.68
0,215.76
0,215.96
0,216.22
0,215.96
0,216.2
0,216.36
0,216.47
0,216.53
0,216.34
0,216.42
0,216.21
0,216.52
0,216.19
0,216.6
0,216.76
0,217.09
0,216.92
0,216.97
0,217.12
0,216.76
0,217.02
0,216.9
0,216.9
0,216.86
0,217.24
0,217.64
0,217.92
0,217.53
0,217.47
0,217.4
0,217.52
0,217.09
0,216.98
0,217.12
0,217.2
0,217.04
0,217
0,216.88
0,216.82
0,216.86
0,216.75
0,216.71
0,216.38
0,216.53
0,216.52
0,216.61
0,216.72
0,216.65
0,216.57
0,216.58
0,216.56
0,216.5
0,216.25
0,216.16
0,216.36
0,216.44
0,216.26
0,216.35
0,216.28
0,216.16
0,216.11
0,216.16
0,216.17
0,216.04
0,215.96
0,215.92
0,215.7
0,215.93
0,215.74
0,215.4
0,215.26
0,215.48
0,215.32
0,215.3
0,216
0,216.01
0,216.07
0,215.9
0,215.98
0,215.62
0,215.68
0,215.71
0,215.58
0,215.66
0,216.07
0,215.82
0,215.78
0,216.52
0,217.12
0,217.06
0,216.94
0,216.98
0,216.64
0,216.44
0,216.78
0,216.3
0,216.03
0,216
0,216.29
0,216.26
0,216.25
0,216.44
0,216.39
0,216.36
0,216.24
0,216.3
0,216.52
0,216.66
0,216.14
0,215.79
0,215.94
0,215.93
0,215.63
0,215.94
0,215.95
0,219.34
0,219.18
0,219.08
0,219.38
0,218.64
0,218.36
0,217.56
0,218.27
0,218.58
0,218.6
0,219.16
0,219.34
0,219.88
0,219.95
0,219.82
0,220.19
0,220.59
0,220.19
0,220.23
0,220.09
0,220.16
0,220.08
0,220.18
0,220.46
0,220.6
0,220.55
0,220.43
0,220.79
0,220.88
0,220.82
0,220.76
0,221.06
0,221.19
0,221.05
0,221.37
0,221.56
0,221.5
0,221.54
0,221.38
0,221.56
0,221.8
0,221.8
0,221.58
0,221.32
0,221.07
0,221.06
0,221.32
0,221.24
0,221.48
0,221.46
0,221.18
0,220.8
0,221.25
0,222.32
0,222.64
0,223.59
0,223.73
0,223.86
0,224.22
0,224.34
0,224.5
0,224.39
0,224.24
0,224.36
0,224.25
0,223.69
0,224.04
0,224.25
0,224.12
0,224.4
0,224.06
0,223.97
0,223.82
0,223.74
0,223.77
0,224.14
0,224.36
0,224.88
0,224.73
0,224.46
0,224.37
0,224.46
0,224.7
0,224.6
0,224.28
0,224.04
0,224.26
0,224.36
0,224.52
0,224.34
0,224.36
0,224.11
0,224.74
0,224.94
0,224.92
0,225.09
0,224.78
0,224.8
0,224.9
0,225.08
0,225.1
0,225.38
0,225.21
0,225.16
0,225.2
0,224.98
0,224.68
0,224.34
0,224.18
0,224.52
0,224.88
0,224.86
0,224.9
0,225.14
0,225.35
0,224.9
0,224.98
0,224.9
0,224.72
0,224.92
0,224.97
0,224.85
0,224.99
0,225.01
0,225.2
0,225.24
0,225.07
0,225
0,224.92
0,224.66
0,225.08
0,225.07
0,225.12
0,225.29
0,225.32
0,225.21
0,225.45
0,225.46
0,225.22
0,225.29
0,225.08
0,225.28
0,225.49
0,225.69
0,225.67
0,226.08
0,225.59
0,226.02
0,226.06
0,226.12
0,226.06
0,226.2
0,226.18
0,225.94
0,225.81
0,225.86
0,225.78
0,225.86
0,225.88
0,225.94
0,226.03
0,226.14
0,226.15
0,226.19
0,226.23
0,226.24
0,226.43
0,226.6
0,226.64
0,226.93
0,226.81
0,226.74
0,226.72
0,226.74
0,226.7
0,226.58
0,226.68
0,226.57
0,226.58
0,226.58
0,226.62
0,226.56
0,226.29
0,226.4
0,226.48
0,226.73
0,226.69
0,226.68
0,226.51
0,226.65
0,226.6
0,226.85
0,226.81
0,226.6
0,226.69
0,226.67
0,226.54
0,226.72
0,226.74
0,226.84
0,226.94
0,226.94
0,227.01
0,227.04
0,227.07
0,227.05
0,227.1
0,227.2
0,226.88
0,226.72
0,226.45
0,226.65
0,226.5
0,226.58
0,226.67
0,226.79
0,226.98
0,226.71
0,226.86
0,226.88
0,226.96
0,226.88
0,226.72
0,226.86
0,226.84
0,226.89
0,226.66
0,226.62
0,226.54
0,226.45
0,226.62
0,226.86
0,226.82
0,226.82
0,226.34
0,226.36
0,226.75
0,226.79
0,226.61
0,227.26
0,227.33
0,227.46
0,227.55
0,227.6
0,227.28
0,227.3
0,227.26
0,227.12
0,227.14
0,227.3
0,226.86
0,226.85
0,226.8
0,226.82
0,226.79
0,226.69
0,226.6
0,226.62
0,226.86
0,227.07
0,226.95
0,226.82
0,226.65
0,226.95
0,226.82
0,226.93
0,226.97
0,226.76
0,226.88
0,226.8
0,226.94
0,226.79
0,226.71
0,226.82
0,227.01
0,226.84
0,226.88
0,226.67
0,226.26
0,226.38
0,226.57
0,226.75
0,226.59
0,226.76
0,226.64
0,226.71
0,226.61
0,226.81
0,226.82
0,226.89
0,226.86
0,226.7
0,226.78
0,226.87
0,226.99
0,226.95
0,226.95
0,226.95
0,226.98
0,226.91
0,227.02
0,227.06
0,226.94
0,227.06
0,227.15
0,227.16
0,227.22
0,227.33
0,227.29
0,227.12
0,227.24
0,227.3
0,227.22
0,227.14
0,227.12
0,226.96
0,226.82
0,226.52
0,226.34
0,226.49
0,226.54
0,226.66
0,226.54
0,226.5
0,226.49
0,226.39
0,226.25
0,226.2
0,226.08
0,226.28
0,226.16
0,226.59
0,226.53
0,226.58
0,226.63
0,226.82
0,226.72
0,226.89
0,226.76
0,226.64
0,226.4
0,226.5
0,226.76
0,226.64
0,226.74
0,226.92
0,226.92
0,227.08
0,227.01
0,226.89
0,226.97
0,226.83
0,226.54
0,226.44
0,226.46
0,226.26
0,226.31
0,226.23
0,226.24
0,226.14
0,226.16
0,226.22
0,226.43
0,226.67
0,226.94
0,226.99
0,226.88
0,226.92
0,226.75
0,226.59
0,226.36
0,226.48
0,226.54
0,226.48
0,226.5
0,226.42
0,226.44
0,226.58
0,226.66
0,226.8
0,226.55
0,226.26
0,226.24
0,225.98
0,226.24
0,226.17
0,226.2
0,226.48
0,226.08
0,226.14
0,228.1
0,229.39
0,227.71
0,228.62
0,229.26
0,228.57
0,228.08
0,229.44
0,228.14
0,228.62
0,229.06
0,227.98
0,228.76
0,229.13
0,229.09
0,229.94
0,229.68
0,230.66
0,230.3
0,230.11
0,229.72
0,229.38
0,229.02
0,229.3
0,228.92
0,228.98
0,229.74
0,229.64
0,229.6
0,229.83
0,229.97
0,230.01
0,229.72
0,229.62
0,230.42
0,230.11
0,229.86
0,229.48
0,229.22
0,229.56
0,228.6
0,228.74
0,228.63
0,228.44
0,228.71
0,228.39
0,227.92
0,228.44
0,228.69
0,228.21
0,228.24
0,227.7
0,227.75
0,228.3
0,228.22
0,228.76
0,228.97
0,229.24
0,229.54
0,229.64
0,229.57
0,230.3
0,230.48
0,230.66
0,230.68
0,231.12
0,231.03
0,230.01
0,230.76
0,231.02
0,231
0,231.23
0,231.04
0,231.44
0,231.45
0,230.9
0,231.24
0,231.11
0,231.24
0,230.95
0,231.1
0,231.23
0,231.04
0,231.38
0,231.3
0,231.24
0,230.97
0,231.03
0,231.11
0,231.26
0,231.01
0,231.22
0,231.16
0,230.79
0,230.64
0,230.86
0,230.95
0,230.76
0,230.56
0,230.98
0,230.76
0,231.19
0,230.88
0,230.82
0,230.82
0,231.08
0,231.12
0,231.14
0,230.73
0,231.16
0,230.82
0,230.76
0,230.46
0,230.2
0,230.56
0,230.11
0,230.06
0,230.04
0,229.64
0,230.22
0,230.14
0,230.29
0,230.44
0,230.68
0,231.14
0,231.21
0,231.66
0,231.32
0,231.62
0,231.44
0,231.6
0,231.17
0,231.32
0,231.28
0,231.42
0,231.38
0,231.65
0,231.62
0,231.98
0,232.68
0,232.3
0,232.12
0,232.12
0,232.2
0,232.16
0,232.19
0,232.06
0,232.55
0,232.5
0,232.51
0,232.33
0,232.42
0,232.33
0,232.21
0,231.88
0,231.64
0,231.6
0,231.41
0,231.09
0,231.36
0,231.32
0,231.14
0,231.24
0,231.42
0,231.3
0,231.19
0,231.36
0,231.41
0,231.39
0,231.1
0,231.36
0,231.38
0,231.52
0,231.49
0,231.49
0,231.64
0,231.7
0,231.54
0,231.59
0,231.88
0,231.87
0,231.46
0,231.52
0,231.56
0,231.43
0,231.64
0,231.83
0,231.78
0,231.87
0,231.9
0,231.86
0,231.7
0,231.62
0,231.72
0,231.64
0,231.6
0,231.62
0,232.01
0,231.88
0,231.95
0,231.78
0,231.52
0,231.64
0,231.66
0,231.66
0,231.9
0,231.9
0,231.96
0,231.77
0,231.66
0,231.54
0,231.66
0,231.55
0,231.7
0,231.86
0,231.62
0,231.72
0,231.48
0,231.5
0,231.53
0,231.49
0,231.5
0,231.62
0,231.23
0,231.18
0,231.08
0,231.14
0,230.98
0,230.99
0,231.14
0,231.14
0,231.08
0,231.02
0,230.81
0,230.53
0,230.78
0,230.72
0,230.78
0,230.85
0,230.66
0,230.92
0,230.71
0,230.82
0,231.09
0,231.12
0,231
0,231.1
0,230.98
0,231.02
0,230.89
0,230.84
0,230.85
0,230.92
0,231.01
0,231.18
0,231.1
0,230.56
0,230.5
0,230.32
0,230.19
0,229.92
0,230.03
0,229.96
0,229.94
0,230
0,230.22
0,230.3
0,230.2
0,230.26
0,230.22
0,230.19
0,230.44
0,230.58
0,230.77
0,230.63
0,230.82
0,230.57
0,230.32
0,230.46
0,230.02
0,230.04
0,229.8
0,229.92
0,229.9
0,230.07
0,230.16
0,230.22
0,230.27
0,230.15
0,230.07
0,230.14
0,230.22
0,229.99
0,229.86
0,229.91
0,229.65
0,229.7
0,229.6
0,229.7
0,229.6
0,229.49
0,229.48
0,229.68
0,229.64
0,229.58
0,229.54
0,229.47
0,229.54
0,229.46
0,229.48
0,229.36
0,229.21
0,229.22
0,229.3
0,229.2
0,229.1
0,228.98
0,229
0,229.2
0,229.42
0,229.66
0,229.63
0,229.61
0,229.11
0,229.2
0,229.08
0,228.78
0,228.88
0,228.82
0,228.9
0,228.88
0,229.04
0,229.07
0,229.15
0,229.3
0,229.72
0,229.54
0,229.38
0,229.44
0,229.39
0,229.3
0,229.45
0,229.3
0,229.22
0,229.48
0,229.54
0,229.51
0,229.44
0,229.44
0,229.53
0,229.6
0,229.51
0,229.4
0,229.26
0,229.28
0,229.26
0,229.37
0,229.3
0,229.18
0,229.4
0,229.44
0,229.1
0,228.89
0,229.14
0,229.12
0,229.22
0,229.18
0,229.45
0,229.74
0,229.62
0,229.45
0,229.55
0,229.42
0,229.3
0,229.46
0,229.38
0,229.66
0,229.61
0,229.77
0,229.59
0,229.58
0,229.39
0,229.48
0,229.59
0,229.6
0,229.44
0,229.83
0,229.78
0,229.95
0,229.76
0,233.06
0,233.13
0,232.51
0,233.26
0,233.08
0,233.7
0,233.16
0,233.16
0,232.92
0,232.98
0,232.3
0,232.5
0,232.17
0,232.8
0,233.06
0,233.18
0,232.96
0,233.14
0,232.34
0,231.87
0,232.1
0,231.5
0,231.23
0,231.22
0,231.46
0,231.41
0,231.57
0,231.36
0,231.16
0,231.4
0,231.96
0,232.28
0,232.15
0,232.15
0,232.23
0,232.38
0,232.42
0,232.55
0,232.82
0,232.82
0,232.92
0,232.8
0,233.04
0,233.24
0,232.5
0,231.46
0,231.28
0,231.22
0,231.06
0,231.41
0,231.06
0,231.38
0,231.55
0,231.58
0,231.12
0,231.27
0,231.33
0,231.2
0,231.16
0,231.2
0,231.26
0,231.25
0,231.07
0,231.31
0,231.24
0,231.26
0,231.36
0,231.22
0,230.89
0,231.2
0,230.88
0,230.87
0,230.39
0,230.38
0,230.38
0,229.7
0,229.49
0,229.39
0,229.56
0,229.56
0,229.94
0,229.12
0,229
0,228.68
0,228.35
0,228.7
0,228.75
0,228.42
0,228.62
0,228.71
0,228.88
0,229.44
0,229.52
0,229.74
0,229.68
0,229.8
0,229.74
0,229.57
0,230.22
0,230.19
0,230.23
0,230.06
0,229.8
0,229.72
0,229.56
0,229.58
0,229.62
0,230.04
0,229.75
0,229.71
0,229.51
0,229.51
0,229.44
0,229.16
0,229.5
0,229.72
0,229.68
0,229.52
0,229.34
0,229.74
0,229.68
0,229.56
0,229.39
0,229.22
0,228.95
0,228.98
0,229.08
0,229.41
0,229.2
0,229.42
0,229.47
0,229.64
0,229.56
0,229.58
0,229.33
0,229.44
0,230.17
0,230.2
0,229.88
0,230
0,229.9
0,230.34
0,230.05
0,229.99
0,230.04
0,229.88
0,230.26
0,229.98
0,229.95
0,229.98
0,230
0,230.12
0,229.88
0,229.95
0,230.19
0,230.36
0,230.02
0,230.09
0,230
0,229.96
0,230.06
0,230.22
0,230.24
0,229.92
0,230.15
0,230.46
0,230.32
0,230.42
0,230.54
0,230.92
0,230.76
0,230.32
0,230.45
0,230.35
0,230.38
0,230.67
0,230.65
0,231.06
0,230.86
0,231.08
0,231.02
0,231
0,231.24
0,231.33
0,231.48
0,231.38
0,230.99
0,230.93
0,231.05
0,231.03
0,230.96
0,230.93
0,231.12
0,231.21
0,231.13
0,231.43
0,231.41
0,231.45
0,231.36
0,230.87
0,230.84
0,230.82
0,230.74
0,230.92
0,231.03
0,231.14
0,231.08
0,231.18
0,231.64
0,231.52
0,231.49
0,231.41
0,231.17
0,231.34
0,231.78
0,231.78
0,231.7
0,231.84
0,231.78
0,231.62
0,231.69
0,231.58
0,231.7
0,231.82
0,231.8
0,231.78
0,231.9
0,231.86
0,231.46
0,231.54
0,231.46
0,231.56
0,231.66
0,231.71
0,231.62
0,231.63
0,231.6
0,231.56
0,231.8
0,231.77
0,231.77
0,231.72
0,231.96
0,231.86
0,231.86
0,231.8
0,231.77
0,231.72
0,231.66
0,231.7
0,231.64
0,231.77
0,231.84
0,231.8
0,231.8
0,231.6
0,231.29
0,231.39
0,231.51
0,231.77
0,231.94
0,231.94
0,232.03
0,232.2
0,232.2
0,232.5
0,232.24
0,232.27
0,232.75
0,232.3
0,232.36
0,232.39
0,232.44
0,232.98
0,232.46
0,232.38
0,232.46
0,232.32
0,232.08
0,232.52
0,232.17
0,232.4
0,232.4
0,232.3
0,232.43
0,232.4
0,232.51
0,232.84
0,232.82
0,232.76
0,232.74
0,232.7
0,232.52
0,232.3
0,232.2
0,232.04
0,232.15
0,232.06
0,232.16
0,232.06
0,232.16
0,232.18
0,232.38
0,232.28
0,232.3
0,232.24
0,232.2
0,232.26
0,232.46
0,232.54
0,232.44
0,232.6
0,232.52
0,232.56
0,232.7
0,232.65
0,232.66
0,232.5
0,232.68
0,232.75
0,232.94
0,233.01
0,232.66
0,232.76
0,232.7
0,232.88
0,232.87
0,232.77
0,232.87
0,232.93
0,232.9
0,232.98
0,232.96
0,232.98
0,233.08
0,232.77
0,232.34
0,232.36
0,232.74
0,232.86
0,232.82
0,232.83
0,232.97
0,232.98
0,233.11
0,233.08
0,232.98
0,232.96
0,232.98
0,233.12
0,233.1
0,233.12
0,232.95
0,233
0,233.1
0,233.04
0,233.05
0,232.96
0,232.96
0,233.14
0,233.29
0,233.2
0,233.06
0,233.22
0,233.04
0,233.04
0,233.05
0,233.18
0,233.13
0,233.21
0,233.15
0,233.09
0,232.86
0,232.83
0,232.84
0,232.94
0,232.72
0,232.94
0,232.98
0,232.92
0,232.78
0,232.66
0,232.76
0,233
0,232.96
0,232.95
0,233.01
0,232.7
0,232.83
0,232.7
0,233.56
0,233.08
0,233.36
0,233.65
0,233.9
0,233.83
0,234.16
0,234.26
0,233.51
0,234.16
0,233.62
0,233.56
0,233.41
0,233.27
0,233.68
0,233.62
0,233.37
0,232.55
0,232.58
0,232.38
0,232.48
0,233.01
0,233
0,233.44
0,233.62
0,233.93
0,233.95
0,234.02
0,234.14
0,233.98
0,234.3
0,233.89
0,233.72
0,233.78
0,233.66
0,233.92
0,233.75
0,233.16
0,233.2
0,233.74
0,234.21
0,233.9
0,233.45
0,233.77
0,233.99
0,233.99
0,234.02
0,233.9
0,234.08
0,233.95
0,234.52
0,234.69
0,234.88
0,235.04
0,235.27
0,235.44
0,235.45
0,235.3
0,235.32
0,235.18
0,235.32
0,234.66
0,234.63
0,234.34
0,234.52
0,233.99
0,234.23
0,234.3
0,234.58
0,234.4
0,234
0,234.01
0,234.04
0,233.9
0,233.56
0,233.51
0,233.5
0,233.66
0,233.91
0,234.08
0,233.95
0,233.88
0,234.08
0,234
0,234.64
0,234.29
0,234.16
0,234.64
0,234.33
0,234.7
0,235.04
0,234.73
0,234.99
0,235.42
0,235.37
0,235.23
0,235.32
0,235.45
0,235.23
0,235.09
0,235.07
0,234.87
0,234.99
0,235.04
0,235.5
0,235.1
0,235.07
0,234.98
0,235.24
0,235.46
0,235.76
0,235.54
0,235.64
0,235.6
0,235.68
0,235.79
0,235.64
0,236
0,235.92
0,235.92
0,235.74
0,235.58
0,235.62
0,235.32
0,235.36
0,235.39
0,235.28
0,235.41
0,235.14
0,234.92
0,235.16
0,235.21
0,235
0,235.04
0,235.14
0,235.06
0,235.46
0,235.76
0,235.52
0,235.3
0,235.54
0,235.56
0,235.62
0,235.9
0,236.15
0,236.16
0,236.02
0,235.72
0,235.9
0,235.98
0,235.66
0,235.66
0,235.88
0,236.26
0,236.22
0,236.14
0,235.89
0,235.86
0,235.8
0,235.8
0,235.8
0,235.68
0,235.55
0,235.64
0,235.58
0,235.98
0,235.88
0,235.82
0,235.95
0,236.02
0,235.95
0,235.82
0,235.8
0,235.58
0,235.47
0,235.6
0,235.7
0,235.83
0,235.72
0,235.82
0,236.08
0,235.95
0,235.96
0,236.2
0,236.42
0,236.34
0,236.36
0,236.24
0,236.24
0,236.22
0,236.23
0,236.32
0,236.48
0,236.44
0,236.6
0,236.68
0,236.5
0,236.72
0,236.61
0,236.48
0,236.74
0,237.08
0,237.12
0,237.26
0,237.23
0,237.18
0,237.15
0,237.16
0,237.27
0,237.26
0,237.38
0,237.32
0,237.2
0,237.25
0,237.19
0,237.39
0,237.26
0,237.2
0,236.94
0,237.31
0,237.32
0,237.47
0,237.41
0,237.52
0,237.56
0,237.6
0,237.54
0,237.61
0,238
0,238
0,238.08
0,238.14
0,238.51
0,238.32
0,238.18
0,238.1
0,238.01
0,238
0,237.88
0,237.88
0,237.74
0,237.78
0,237.7
0,237.75
0,237.66
0,237.45
0,237.62
0,237.56
0,237.42
0,237.48
0,237.3
0,237.53
0,237.38
0,237.38
0,237.28
0,237.33
0,237.32
0,237.14
0,237.2
0,236.98
0,237.08
0,236.79
0,236.84
0,236.82
0,236.72
0,236.92
0,236.82
0,237.01
0,236.94
0,236.95
0,236.98
0,237.6
0,237.64
0,237.33
0,237.09
0,237.36
0,237.36
0,237.86
0,237.9
0,237.66
0,237.65
0,237.26
0,236.78
0,236.85
0,236.74
0,236.58
0,236.5
0,236.17
0,236.26
0,236.18
0,235.72
0,235.76
0,235.77
0,235.72
0,235.43
0,235.42
0,235.83
0,235.86
0,235.74
0,235.91
0,235.8
0,235.38
0,235.74
0,235.88
0,235.64
0,235.64
0,235.78
0,235.69
0,235.72
0,235.85
0,235.88
0,235.92
0,236.09
0,236.22
0,236.16
0,236.39
0,236.18
0,236.32
0,236.5
0,236.45
0,236.5
0,236.38
0,236.36
0,236.26
0,236.28
0,236.42
0,236.17
0,236.06
0,236.09
0,236.05
0,236.04
0,236.22
0,236.15
0,236.12
0,236.06
0,236.14
0,236.06
0,236.16
0,235.96
0,236.05
0,236.19
0,236.36
0,236.35
0,236.3
0,236.18
0,236.14
0,236.26
0,236.34
0,236.5
0,236.33
0,236.3
0,236.29
0,236.3
0,236.42
0,236.21
0,236.14
0,236.05
0,236.04
0,236.11
0,235.82
0,235.93
0,235.68
0,235.8
0,236.04
0,235.98
0,235.82
0,235.3
0,235.3
0,235.34
0,235.24
0,235.3
0,235.15
0,234.92
0,235.01
0,235.02
0,235.04
0,234.84
0,234.84
0,234.78
0,234.68
0,234.76
0,234.62
0,234.64
0,234.45
0,234.4
0,234.32
0,234.59
0,234.66
0,234.86
0,234.96
0,232.92
0,233.17
0,233.3
0,233.6
0,233.72
0,233.38
0,233.34
0,234.07
0,233.94
0,234.1
0,234.16
0,234.37
0,233.72
0,233.84
0,233.42
0,233.5
0,233.12
0,233.05
0,232.97
0,233.32
0,233.51
0,233.42
0,233.44
0,233.3
0,233.1
0,232.32
0,231.98
0,231.94
0,232.33
0,232.54
0,232.88
0,233.25
0,233.28
0,233.22
0,233.47
0,233.49
0,233.85
0,233.56
0,233.44
0,233.44
0,233.66
0,233.93
0,233.62
0,233.7
0,233.58
0,233.4
0,233.27
0,233.08
0,233.16
0,233.08
0,233.08
0,233.25
0,233.71
0,233.98
0,234.14
0,234.18
0,234.18
0,234.3
0,234.5
0,234.81
0,234.94
0,234.7
0,234.69
0,234.59
0,234.68
0,234.81
0,235.01
0,235.08
0,234.85
0,234.88
0,234.9
0,234.8
0,234.9
0,234.7
0,234.99
0,234.76
0,234.7
0,234.76
0,234.76
0,234.84
0,234.94
0,235.11
0,235.25
0,235.18
0,235.02
0,234.97
0,235.08
0,235.26
0,235.34
0,235.34
0,234.87
0,234.88
0,234.82
0,234.78
0,234.79
0,235.11
0,235.27
0,235.55
0,235.34
0,235.46
0,235.44
0,235.23
0,235.38
0,235.68
0,235.9
0,235.72
0,235.8
0,235.99
0,235.6
0,235.16
0,235.04
0,235.05
0,235.05
0,235.26
0,235.4
0,235.1
0,234.62
0,235.1
0,234.79
0,234.74
0,234.56
0,234.67
0,234.67
0,234.56
0,234.58
0,234.94
0,235.18
0,235.04
0,234.95
0,235.14
0,235.01
0,235
0,234.8
0,234.77
0,234.86
0,234.78
0,234.77
0,234.56
0,234.7
0,234.64
0,234.76
0,234.62
0,234.76
0,234.84
0,234.94
0,234.99
0,234.68
0,234.76
0,235.05
0,235.2
0,235.22
0,235.3
0,235.42
0,235.4
0,235.42
0,235.32
0,235.24
0,235.24
0,235.44
0,235.44
0,235.25
0,235.3
0,235.32
0,235.22
0,235.1
0,235.45
0,235.28
0,235.13
0,235.02
0,235.06
0,234.88
0,234.92
0,235.45
0,235.32
0,235.2
0,235.27
0,235.33
0,235.2
0,235.29
0,235.63
0,235.33
0,235.37
0,235.46
0,235.34
0,235.43
0,235.36
0,235.82
0,235.92
0,235.76
0,235.76
0,235.84
0,235.66
0,235.75
0,235.44
0,235.44
0,235.58
0,235.74
0,235.83
0,235.78
0,236.16
0,236.24
0,236.37
0,236.15
0,236.26
0,236.2
0,236.01
0,235.89
0,235.86
0,235.79
0,236
0,235.87
0,235.7
0,235.94
0,235.8
0,235.82
0,235.8
0,235.74
0,235.5
0,235.03
0,235.16
0,234.79
0,235.19
0,235.16
0,235.22
0,235.1
0,235.12
0,234.94
0,235.16
0,235.22
0,235.14
0,235.12
0,235.08
0,235.26
0,235.4
0,236.23
0,235.76
0,235.86
0,236.13
0,236.02
0,235.79
0,235.98
0,235.76
0,235.66
0,235.5
0,235.58
0,235.5
0,235.5
0,235.46
0,235.48
0,235.22
0,235.24
0,235.13
0,234.82
0,234.74
0,235.26
0,234.97
0,235.36
0,235.36
0,235.54
0,235.33
0,235.46
0,235.56
0,235.56
0,235.44
0,235.3
0,235.26
0,235.46
0,235.62
0,235.66
0,235.52
0,235.54
0,236.1
0,236.14
0,235.98
0,236.02
0,236.1
0,236.28
0,236.28
0,236.54
0,236.62
0,236.66
0,236.63
0,236.7
0,236.98
0,236.84
0,236.8
0,236.88
0,236.94
0,236.9
0,237.11
0,237.18
0,236.98
0,237.34
0,237.22
0,237.04
0,236.81
0,236.82
0,236.74
0,236.77
0,236.72
0,236.77
0,236.82
0,236.67
0,236.76
0,236.8
0,236.73
0,236.72
0,236.68
0,236.74
0,236.44
0,236.42
0,236.36
0,236.32
0,236.54
0,236.46
0,236.67
0,236.18
0,236.32
0,236.35
0,236
0,235.94
0,235.89
0,236
0,236
0,235.89
0,235.91
0,235.92
0,236.12
0,236.1
0,236.26
0,236.34
0,236.5
0,236.27
0,236.26
0,236.51
0,236.44
0,236.38
0,236.36
0,236.56
0,236.55
0,236.35
0,236.39
0,236.6
0,236.56
0,236.9
0,236.92
0,236.88
0,236.84
0,236.84
0,236.82
0,236.86
0,236.96
0,237.02
0,237.14
0,237.16
0,237.14
0,237.24
0,237.24
0,237.19
0,237.1
0,237.08
0,236.74
0,237.14
0,237.06
0,236.95
0,237.01
0,237.05
0,237.08
0,237.15
0,237.26
0,237.24
0,237.3
0,237.46
0,237.59
0,237.64
0,237.68
0,237.77
0,237.77
0,237.75
0,237.61
0,237.59
0,237.68
0,237.69
0,237.76
0,237.84
0,237.92
0,237.76
0,237.91
0,237.95
0,237.98
0,235.95
0,236.68
0,236.28
0,236.75
0,237.26
0,237.6
0,237.56
0,237.16
0,237.14
0,236.72
0,236.61
0,236.77
0,236.44
0,236.32
0,236.16
0,236.2
0,236.56
0,236.45
0,236.29
0,236.25
0,236.27
0,235.7
0,235.62
0,236.14
0,236.08
0,236.26
0,236.12
0,235.72
0,236.1
0,236.51
0,237.05
0,236.76
0,236.82
0,237.36
0,237.05
0,237.22
0,237.3
0,237.61
0,237.67
0,237.64
0,238.08
0,238.08
0,237.8
0,237.96
0,238.14
0,237.97
0,237.92
0,237.92
0,237.9
0,238.03
0,238.04
0,238.17
0,238.02
0,238.38
0,238.2
0,238.36
0,238.14
0,238.04
0,237.86
0,237.34
0,237.33
0,237.54
0,237.44
0,237.32
0,237.19
0,237.51
0,237.71
0,238.01
0,238.04
0,238.17
0,238.56
0,238.4
0,238.18
0,238.42
0,238.79
0,238.97
0,239
0,238.88
0,239.06
0,238.96
0,238.74
0,238.52
0,238.61
0,238.74
0,238.44
0,238.62
0,239.02
0,238.98
0,238.99
0,238.98
0,238.82
0,238.92
0,238.58
0,238.3
0,238.52
0,238.31
0,238.46
0,238.58
0,238.56
0,238.68
0,238.7
0,238.39
0,238.22
0,238.06
0,238.12
0,238.02
0,237.64
0,237.58
0,237.22
0,237.42
0,237.31
0,236.95
0,237.02
0,237.08
0,236.85
0,237
0,236.65
0,236.62
0,236.6
0,236.52
0,236.66
0,236.6
0,236.62
0,236.62
0,236.5
0,236.74
0,236.6
0,236.52
0,236.41
0,236.36
0,236.3
0,236.38
0,236.08
0,236.11
0,236.32
0,236.53
0,236.68
0,236.88
0,236.94
0,237.13
0,237.07
0,236.82
0,236.37
0,236.12
0,236.24
0,236.2
0,236.22
0,236.36
0,236.59
0,236.37
0,236.29
0,236.29
0,236.21
0,236.42
0,236.4
0,236.5
0,236.64
0,236.62
0,236.59
0,236.42
0,236.24
0,236.19
0,236.24
0,236.58
0,236.42
0,236.44
0,236.26
0,236.51
0,236.5
0,236.3
0,236.18
0,236.23
0,236.08
0,236.18
0,236.19
0,236.62
0,236.22
0,236.3
0,236.21
0,236.24
0,236.28
0,236.1
0,236.06
0,236.16
0,236.3
0,236.2
0,236.18
0,235.98
0,235.63
0,235.84
0,236
0,235.92
0,236.53
0,236.98
0,236.76
0,236.06
0,236.2
0,236.33
0,236.22
0,236.09
0,236.22
0,236.64
0,236.32
0,236.22
0,236.15
0,236.2
0,236.3
0,236.38
0,236.45
0,236.45
0,236.45
0,236.44
0,236.29
0,236.24
0,236.12
0,235.91
0,236
0,235.88
0,235.88
0,235.84
0,235.81
0,236.18
0,236.18
0,235.54
0,235.3
0,235.45
0,235.6
0,236.22
0,236.06
0,235.95
0,235.96
0,235.83
0,235.92
0,235.85
0,235.86
0,235.69
0,235.93
0,236.12
0,236.06
0,236.08
0,236.08
0,236.14
0,236.2
0,236.14
0,236.04
0,236.02
0,235.92
0,236.07
0,236.09
0,235.94
0,235.98
0,236.08
0,236.2
0,236.44
0,236.46
0,236.42
0,236.18
0,236.11
0,236.2
0,236.22
0,236.04
0,236.03
0,236.22
0,236.06
0,236.07
0,236.14
0,236.08
0,236.06
0,236.18
0,236.2
0,236.08
0,236.06
0,236.4
0,236.4
0,236.27
0,236.34
0,236.33
0,236.24
0,236.26
0,236.04
0,236.1
0,236.09
0,236.2
0,236.16
0,236.15
0,236.12
0,236.07
0,236.16
0,236.33
0,236.45
0,236.54
0,236.48
0,236.43
0,236.34
0,236.36
0,236.27
0,236.26
0,236.26
0,236.13
0,236.88
0,236.36
0,236.32
0,236.39
0,236.22
0,236.13
0,236.14
0,236.1
0,236.47
0,236.5
0,236.36
0,236.48
0,236.18
0,236.26
0,236.26
0,236.36
0,236.3
0,236.3
0,236.26
0,236.26
0,236.06
0,236.21
0,236.24
0,236.08
0,236.12
0,235.94
0,235.82
0,235.6
0,235.58
0,235.83
0,235.68
0,235.87
0,235.99
0,235.98
0,236.1
0,236.04
0,236.06
0,236.24
0,236.45
0,236.42
0,236.67
0,236.53
0,236.6
0,236.81
0,236.75
0,236.73
0,236.66
0,236.68
0,236.66
0,236.65
0,236.74
0,236.68
0,236.74
0,236.88
0,236.8
0,236.83
0,236.74
0,236.88
0,236.83
0,236.71
0,236.78
0,236.8
0,237
0,237.12
0,237.24
0,237.18
0,237.19
0,237.19
0,237.42
0,237.48
0,237.45
0,237.58
0,237.51
0,237.59
0,237.61
0,237.55
0,237.46
0,237.48
0,237.5
0,237.47
0,237.46
0,237.5
0,237.61
0,237.64
0,237.7
0,237.55
0,237.82
0,237.7
0,237.7
0,237.65
0,237.51
0,234.4
0,234.43
0,234.82
0,234.49
0,234.17
0,234.02
0,233.51
0,233.72
0,233.59
0,234.48
0,235.07
0,235.35
0,235.71
0,235.68
0,235.32
0,234.94
0,234.72
0,234.32
0,234.59
0,234.48
0,234.38
0,234.31
0,234.52
0,234.68
0,235.03
0,234.9
0,234.61
0,234.18
0,233.87
0,233.88
0,233.79
0,233.28
0,233.4
0,233.4
0,233.86
0,233.68
0,233.32
0,233.05
0,233.16
0,233.2
0,233.15
0,232.97
0,233.11
0,232.93
0,232.92
0,232.71
0,232.7
0,232.51
0,232.48
0,232.51
0,232.42
0,232.24
0,232.02
0,232.04
0,231.98
0,232.27
0,232.3
0,232.86
0,233.34
0,233.58
0,233.38
0,233.48
0,233.63
0,233.62
0,234.42
0,234.24
0,234.28
0,234.45
0,234.76
0,234.87
0,235.2
0,234.98
0,235.22
0,235.06
0,235.28
0,235.12
0,235.2
0,234.98
0,234.71
0,234.61
0,234.76
0,234.97
0,235.05
0,235.08
0,235.2
0,235.11
0,235.24
0,235.55
0,235.34
0,235.18
0,235.06
0,234.68
0,234.84
0,234.86
0,235.2
0,235.01
0,234.77
0,234.6
0,234.6
0,234.64
0,234.47
0,234.58
0,234.7
0,234.36
0,234.38
0,234.51
0,234.8
0,234.48
0,234.5
0,234.18
0,234.2
0,234.25
0,234.36
0,234.48
0,234.8
0,234.83
0,234.74
0,234.83
0,234.81
0,235.08
0,235.1
0,234.92
0,235.35
0,235.34
0,235.45
0,235.39
0,235.45
0,235.39
0,235.77
0,235.72
0,235.78
0,235.58
0,235.5
0,235.58
0,235.63
0,235.47
0,235.52
0,235.42
0,235.32
0,235.44
0,235.46
0,235.51
0,235.46
0,235.5
0,235.1
0,235.16
0,235.29
0,235.31
0,235.3
0,235.18
0,235.16
0,235.1
0,234.88
0,234.76
0,234.82
0,234.86
0,234.56
0,234.67
0,234.78
0,234.76
0,234.76
0,234.71
0,234.77
0,234.78
0,234.78
0,234.99
0,234.97
0,234.96
0,235.01
0,234.89
0,234.79
0,234.72
0,234.61
0,234.67
0,234.58
0,234.58
0,234.63
0,234.6
0,234.54
0,234.5
0,234.44
0,234.27
0,234.1
0,234.1
0,234.21
0,234.36
0,234.32
0,234.27
0,234.34
0,234.33
0,234.48
0,234.42
0,234.41
0,234.46
0,234.54
0,234.67
0,234.76
0,234.75
0,234.76
0,234.69
0,234.68
0,234.64
0,234.58
0,234.63
0,234.64
0,234.6
0,234.64
0,234.7
0,234.33
0,234.3
0,234.14
0,234.24
0,234.4
0,234.38
0,234.4
0,234.22
0,234.2
0,234.12
0,234.09
0,234.2
0,234.18
0,234.12
0,234.1
0,234.18
0,234.15
0,234.32
0,234.35
0,234.39
0,234.46
0,234.68
0,234.64
0,234.7
0,234.72
0,234.68
0,234.68
0,234.73
0,234.74
0,234.79
0,234.74
0,234.74
0,234.8
0,234.86
0,234.83
0,235.02
0,235.13
0,235.19
0,235.26
0,235.38
0,235.13
0,235.22
0,235.21
0,235.19
0,235.12
0,235.06
0,234.95
0,235.17
0,235.04
0,235.13
0,235.06
0,235.1
0,235.14
0,235.16
0,235.21
0,235.3
0,235.31
0,235.32
0,235.2
0,235.16
0,235.11
0,235.06
0,235.12
0,234.92
0,234.89
0,234.89
0,235.06
0,235.09
0,235.08
0,235.14
0,235.16
0,235.11
0,235.1
0,235.02
0,234.93
0,235.01
0,235.06
0,235.06
0,235
0,234.92
0,234.94
0,234.88
0,234.74
0,234.94
0,234.91
0,234.87
0,234.88
0,234.94
0,234.92
0,234.82
0,234.84
0,234.89
0,234.86
0,234.88
0,234.88
0,234.85
0,234.9
0,234.87
0,235.16
0,235.36
0,235.54
0,235.44
0,235.56
0,235.64
0,235.78
0,236.04
0,235.9
0,235.78
0,235.78
0,235.81
0,235.82
0,235.86
0,236.03
0,235.99
0,235.92
0,236.06
0,236.06
0,236.12
0,236.13
0,236.22
0,236.28
0,236.07
0,236.06
0,236.04
0,235.88
0,235.88
0,235.84
0,235.88
0,235.92
0,235.95
0,235.86
0,235.88
0,235.88
0,235.94
0,235.95
0,235.83
0,235.66
0,235.6
0,235.62
0,235.7
0,235.68
0,235.68
0,235.6
0,235.59
0,235.55
0,235.62
0,235.77
0,235.86
0,235.7
0,235.68
0,235.82
0,235.77
0,235.64
0,235.68
0,235.76
0,235.68
0,235.62
0,235.54
0,235.62
0,235.56
0,235.74
0,235.68
0,235.56
0,235.37
0,235.43
0,235.38
0,235.36
0,235.32
0,235.27
0,235.07
0,235.06
0,234.97
0,234.95
0,234.96
0,234.93
0,234.84
0,234.79
0,234.66
0,234.95
0,234.9
0,234.74
0,234.88
0,238.64
0,238.1
0,237.64
0,237.8
0,238.31
0,238.67
0,239.06
0,239.39
0,240.68
0,240.83
0,240.92
0,241.15
0,241.08
0,240.49
0,240.7
0,240.94
0,240.95
0,240.94
0,241.36
0,240.81
0,241.11
0,241.29
0,241.14
0,241.32
0,241.32
0,241.38
0,241.7
0,242.25
0,242.4
0,242.88
0,243.18
0,243.76
0,243.55
0,243.18
0,243.34
0,243.44
0,242.88
0,242.66
0,242.88
0,242.77
0,242.42
0,242.88
0,243.04
0,242.76
0,243.22
0,242.99
0,242.58
0,242.88
0,243.16
0,243.15
0,243.26
0,242.46
0,242.24
0,242.1
0,241.87
0,242.08
0,241.91
0,241.88
0,242.04
0,242.26
0,242.24
0,241.98
0,241.9
0,242.15
0,241.86
0,241.94
0,241.67
0,241.42
0,241.13
0,240.96
0,240.98
0,241.11
0,241.14
0,241.08
0,241.34
0,241.26
0,241.12
0,241.01
0,240.88
0,240.56
0,240.45
0,240.84
0,240.88
0,240.9
0,240.85
0,241.04
0,241.01
0,240.94
0,241.34
0,241.11
0,241.23
0,241.18
0,241.12
0,241.2
0,241.22
0,241.74
0,241.66
0,241.32
0,241.32
0,241.45
0,241.32
0,241.17
0,241.08
0,241.36
0,241.42
0,241.5
0,241.52
0,241.56
0,241.52
0,241.35
0,241.46
0,241.61
0,241.82
0,241.89
0,241.53
0,241.64
0,241.76
0,241.7
0,241.64
0,241.62
0,241.57
0,241.52
0,241.56
0,241.44
0,241.62
0,241.65
0,241.68
0,241.58
0,241.59
0,241.52
0,241.43
0,241.41
0,241.92
0,242.04
0,242.06
0,242.12
0,242.32
0,242.12
0,242.12
0,242.23
0,242.28
0,242.03
0,241.73
0,241.8
0,241.62
0,241.51
0,241.86
0,242.12
0,242.21
0,242.45
0,242.5
0,242.52
0,242.57
0,242.7
0,242.88
0,242.96
0,242.84
0,242.8
0,242.76
0,242.92
0,242.66
0,242.72
0,242.6
0,242.83
0,242.96
0,242.94
0,243.02
0,243.32
0,243.16
0,243.01
0,243.06
0,243.13
0,243.18
0,243.18
0,243.24
0,243.14
0,243.3
0,243.39
0,243.26
0,243.28
0,243.13
0,243.08
0,242.98
0,243.08
0,242.79
0,242.82
0,242.66
0,242.8
0,242.77
0,242.92
0,242.77
0,242.71
0,242.62
0,242.8
0,242.66
0,242.6
0,242.57
0,242.74
0,242.86
0,242.87
0,242.82
0,242.92
0,242.92
0,242.88
0,243.01
0,242.78
0,242.92
0,242.86
0,242.93
0,242.86
0,242.66
0,242.64
0,242.76
0,242.83
0,242.8
0,242.72
0,242.74
0,242.63
0,242.66
0,242.57
0,242.67
0,242.41
0,242.59
0,242.44
0,242.48
0,242.22
0,242.2
0,242.51
0,242.42
0,242.5
0,242.54
0,242.53
0,242.38
0,242.46
0,242.36
0,242.32
0,242.34
0,242.4
0,242.37
0,242.45
0,242.38
0,242.2
0,242.5
0,242.38
0,242.41
0,242.39
0,242.52
0,242.6
0,242.57
0,242.54
0,242.56
0,242.62
0,242.66
0,242.62
0,242.55
0,242.52
0,242.58
0,242.76
0,242.55
0,242.38
0,242.44
0,242.54
0,242.67
0,242.65
0,242.63
0,242.6
0,242.58
0,242.62
0,242.74
0,242.86
0,242.82
0,242.82
0,242.95
0,243.04
0,242.92
0,242.66
0,242.64
0,242.74
0,242.76
0,242.73
0,242.62
0,242.62
0,242.6
0,242.7
0,242.81
0,242.7
0,242.29
0,242.35
0,242.36
0,242.37
0,242.34
0,242.22
0,242.16
0,242.2
0,242.15
0,242.12
0,241.76
0,241.83
0,241.68
0,241.37
0,241.14
0,241.14
0,241.24
0,241.2
0,241.36
0,241.3
0,241.35
0,241.24
0,241.34
0,241.27
0,241.06
0,241.42
0,241.54
0,241.6
0,241.4
0,241.3
0,241.39
0,241.68
0,241.45
0,241.36
0,241.28
0,241.62
0,241.68
0,241.82
0,241.81
0,241.77
0,241.66
0,241.68
0,241.76
0,241.88
0,241.92
0,242.06
0,242.01
0,242.04
0,241.88
0,242.03
0,241.94
0,242.02
0,242.12
0,242.27
0,242.1
0,242.06
0,242.02
0,241.94
0,241.92
0,242
0,242.06
0,242.11
0,242.15
0,241.95
0,242.07
0,241.94
0,241.85
0,241.83
0,241.93
0,241.84
0,241.89
0,241.78
0,241.91
0,241.91
0,242.04
0,242
0,242.06
0,241.98
0,242
0,241.97
0,241.95
0,241.94
0,241.98
0,241.92
0,241.97
0,242.1
0,242.14
0,242.2
0,242.2
0,242.16
0,242.16
0,242.14
0,242.19
0,242.3
0,242.21
0,242.16
0,242.18
0,242.19
0,242.2
0,242.32
0,242.26
0,242.26
0,242.3
0,242.24
0,242.64
0,242.3
0,242.16
0,241.66
0,242.12
0,242.29
0,241.74
0,241.1
0,240.52
0,240.58
0,240.88
0,241.66
0,241.39
0,241.44
0,241.82
0,241.96
0,241.66
0,242.2
0,241.95
0,241.74
0,241.59
0,242.33
0,241.68
0,241.27
0,241.72
0,241.7
0,241.69
0,241.92
0,241.86
0,241.6
0,241.4
0,241.51
0,241.31
0,241.16
0,241.26
0,241.38
0,241.46
0,241.39
0,241.88
0,241.77
0,241.65
0,241.7
0,241.73
0,241.56
0,241.84
0,241.71
0,241.62
0,241.7
0,241.36
0,241.56
0,241.16
0,241.12
0,240.64
0,240.6
0,240.61
0,240.7
0,241.36
0,241.08
0,240.88
0,240.88
0,241.02
0,241.26
0,241.29
0,241.04
0,240.98
0,240.86
0,241.14
0,241.06
0,241.06
0,240.94
0,240.6
0,240.76
0,240.46
0,240.86
0,240.9
0,240.89
0,241.37
0,241.27
0,241.38
0,241.56
0,241.26
0,241
0,240.96
0,241.2
0,240.96
0,241.2
0,241.08
0,240.9
0,240.64
0,240.39
0,240.4
0,240
0,240.11
0,240.04
0,240.05
0,240.01
0,239.95
0,239.66
0,240.12
0,240.44
0,240.61
0,240.7
0,240.54
0,240.79
0,241
0,240.84
0,240.8
0,240.87
0,241.12
0,240.98
0,240.98
0,241.01
0,241.03
0,240.84
0,241.05
0,241.01
0,240.83
0,240.98
0,241
0,241.24
0,241.26
0,241.01
0,241.2
0,241.22
0,241.36
0,241.54
0,241.51
0,241.1
0,241.2
0,241.19
0,241.09
0,241.3
0,241.14
0,241.2
0,241.16
0,241.14
0,240.98
0,240.88
0,240.66
0,240.59
0,240.51
0,240.68
0,240.77
0,240.88
0,240.75
0,240.74
0,240.62
0,240.44
0,240.4
0,240.63
0,240.54
0,240.55
0,240.55
0,240.55
0,240.59
0,240.88
0,240.94
0,240.88
0,240.85
0,240.78
0,240.78
0,240.88
0,240.92
0,241.04
0,240.68
0,240.7
0,240.34
0,240.44
0,240.7
0,240.86
0,240.84
0,240.84
0,240.92
0,240.95
0,240.8
0,240.8
0,240.58
0,240.68
0,240.76
0,240.94
0,240.82
0,240.6
0,240.54
0,240.45
0,240.48
0,240.81
0,240.76
0,240.82
0,240.61
0,240.61
0,240.82
0,240.84
0,240.85
0,241.08
0,241.18
0,241.1
0,240.94
0,240.92
0,241.08
0,241
0,240.99
0,241.04
0,241.09
0,241
0,240.99
0,241.1
0,241.1
0,240.78
0,240.89
0,241.14
0,240.9
0,241.02
0,240.97
0,240.96
0,240.98
0,240.92
0,240.99
0,240.93
0,240.92
0,241.06
0,241.1
0,241.1
0,240.98
0,240.87
0,241.18
0,240.82
0,240.88
0,241.14
0,241.1
0,241.13
0,241.13
0,241.24
0,241.25
0,241.2
0,241.16
0,241.12
0,241.12
0,240.92
0,240.91
0,240.72
0,240.82
0,240.79
0,240.88
0,240.74
0,240.84
0,240.68
0,240.68
0,240.72
0,240.77
0,240.84
0,241
0,240.92
0,240.96
0,240.92
0,240.92
0,240.83
0,240.9
0,240.83
0,240.96
0,240.95
0,241.12
0,241.06
0,241.12
0,241.08
0,241.02
0,240.99
0,241.08
0,240.86
0,240.93
0,240.84
0,240.86
0,241.06
0,241.05
0,241.06
0,241.12
0,241.13
0,240.99
0,241
0,241.13
0,241.13
0,241.09
0,241.1
0,241.16
0,241.28
0,241.25
0,241.28
0,241.38
0,241.48
0,241.51
0,241.64
0,241.64
0,241.72
0,241.65
0,241.68
0,241.69
0,241.74
0,241.78
0,241.57
0,241.68
0,241.61
0,241.68
0,241.62
0,241.57
0,241.7
0,241.82
0,241.84
0,241.88
0,241.97
0,242.14
0,242.2
0,242.15
0,242.21
0,242.15
0,242.09
0,242.19
0,242.24
0,242.26
0,242.27
0,242.14
0,242.31
0,242.26
0,242.1
0,242.06
0,241.84
0,242.04
0,242.11
0,242.12
0,242.16
0,241.92
0,241.8
0,241.85
0,241.92
0,241.9
0,241.98
0,242.1
0,242.04
0,242.18
0,242.16
0,242.11
0,242.05
0,242.08
0,242.08
0,242.12
0,242.16
0,242.12
0,242.12
0,242.18
0,242.18
0,242.32
0,242.4
0,242.42
0,242.36
0,242.39
0,242.5
0,242.4
0,242.44
0,242.22
0,242.28
0,242.26
0,242.3
0,242.34
0,242.21
0,242.04
0,241.91
0,241.8
0,241.66
0,241.78
0,241.8
0,241.92
0,241.95
0,241.94
0,241.9
0,241.72
0,241.75
0,241.91
0,241.9
0,241.87
0,241.84
0,241.88
0,242.16
0,242.08
0,242.04
0,241.92
0,241.8
0,241.77
0,241.9
0,241.86
0,241.92
0,241.92
0,241.78
0,239.67
0,238.83
0,239.13
0,239.78
0,239.6
0,239.36
0,239.92
0,240.08
0,239.84
0,239.89
0,240.22
0,240.34
0,240.42
0,240.52
0,240.44
0,240.48
0,240.64
0,240.8
0,240.59
0,240.68
0,240.69
0,241.24
0,241.57
0,241.46
0,241.32
0,240.78
0,240.86
0,241.89
0,241.26
0,241.83
0,241.55
0,241.48
0,241.62
0,241.38
0,241.24
0,241.24
0,241.48
0,241.29
0,241.19
0,241.21
0,241.19
0,240.93
0,241.09
0,241.36
0,241.3
0,241.31
0,241.36
0,241.58
0,241.48
0,241.07
0,240.52
0,240.44
0,240.88
0,240.76
0,240.76
0,240.58
0,241
0,241.5
0,241.54
0,241.72
0,241.82
0,241.46
0,241.66
0,241.74
0,241.39
0,241.64
0,241.92
0,241.78
0,241.74
0,241.44
0,241.38
0,240.9
0,240.84
0,240.78
0,240.55
0,240.82
0,240.77
0,240.82
0,240.74
0,240.9
0,240.78
0,240.76
0,240.69
0,240.94
0,240.81
0,240.82
0,240.87
0,240.96
0,240.83
0,240.76
0,240.66
0,240.65
0,240.73
0,240.69
0,240.68
0,240.8
0,240.98
0,241.12
0,241.05
0,241.24
0,241.32
0,241.22
0,241.18
0,241.1
0,241.22
0,241.16
0,241.18
0,241.4
0,241.54
0,241.73
0,241.69
0,241.66
0,241.67
0,241.62
0,241.48
0,241.68
0,241.76
0,241.75
0,241.79
0,241.83
0,241.72
0,241.72
0,241.81
0,241.86
0,241.83
0,241.93
0,241.86
0,241.83
0,241.95
0,241.92
0,241.94
0,242.02
0,242.02
0,241.72
0,241.95
0,241.85
0,241.97
0,241.67
0,241.76
0,241.66
0,241.74
0,241.64
0,241.62
0,241.54
0,241.44
0,241.62
0,241.89
0,241.86
0,242.02
0,242.09
0,242.1
0,242.1
0,242.39
0,242.51
0,242.69
0,242.68
0,242.74
0,242.56
0,242.84
0,242.73
0,242.66
0,242.62
0,242.72
0,242.78
0,242.68
0,242.79
0,242.83
0,242.72
0,242.8
0,242.77
0,242.88
0,243.04
0,242.91
0,242.84
0,242.94
0,243.03
0,243.02
0,242.94
0,242.82
0,242.78
0,242.89
0,242.98
0,242.98
0,243.09
0,243.1
0,243
0,243.14
0,243.04
0,243.12
0,243.14
0,243.02
0,242.92
0,242.88
0,242.74
0,242.78
0,242.56
0,242.43
0,242.3
0,242.16
0,242.24
0,242.28
0,242.27
0,242.4
0,242.39
0,242.42
0,242.57
0,242.37
0,242.43
0,242.34
0,242.42
0,242.39
0,242.42
0,242.46
0,242.38
0,242.41
0,242.42
0,242.44
0,242.6
0,242.56
0,242.64
0,242.78
0,242.78
0,242.78
0,242.85
0,242.92
0,242.93
0,243.11
0,243.16
0,243
0,242.89
0,242.97
0,243
0,243.12
0,243
0,242.96
0,242.83
0,243.18
0,243.06
0,243
0,243.24
0,243.22
0,243.22
0,243.28
0,243.18
0,243.25
0,243.18
0,243.12
0,243.05
0,242.96
0,243.12
0,243.24
0,243.18
0,242.89
0,242.87
0,242.82
0,242.83
0,242.88
0,242.88
0,243
0,243.08
0,243.14
0,243.14
0,242.78
0,242.97
0,242.9
0,242.92
0,242.99
0,242.94
0,243.07
0,243.15
0,243.1
0,243.14
0,242.94
0,243.54
0,243.18
0,243.07
0,243.07
0,242.99
0,243
0,243.04
0,242.98
0,243.02
0,243.03
0,243.14
0,243.05
0,243.01
0,243.1
0,243.18
0,243.12
0,243.01
0,243.03
0,242.94
0,242.98
0,243.06
0,243.01
0,242.95
0,242.88
0,242.92
0,242.94
0,242.86
0,242.76
0,242.98
0,242.82
0,242.84
0,242.88
0,242.94
0,242.98
0,242.88
0,242.88
0,243.21
0,243.41
0,243.82
0,244.02
0,243.82
0,243.86
0,244.04
0,244.45
0,244.69
0,244.8
0,244.84
0,244.94
0,244.76
0,244.42
0,244
0,244.11
0,244.18
0,243.56
0,243.18
0,243.18
0,243.3
0,243.32
0,243.08
0,242.92
0,243.14
0,242.94
0,242.83
0,243.03
0,243.2
0,243.44
0,243.5
0,243.36
0,243.17
0,243.46
0,243.22
0,243.14
0,243.17
0,243.2
0,243.26
0,243.16
0,243.6
0,243.9
0,243.91
0,243.89
0,243.92
0,243.91
0,243.86
0,243.64
0,243.74
0,243.74
0,243.89
0,243.88
0,243.91
0,243.94
0,244.06
0,244.01
0,244.01
0,243.89
0,243.92
0,244.06
0,243.98
0,244.27
0,244.41
0,244.43
0,244.3
0,244.28
0,244.57
0,244.27
0,244.5
0,244.6
0,244.42
0,244.42
0,244.08
0,244.14
0,244.18
0,244.04
0,244.62
0,244.6
0,244.84
0,244.92
0,244.9
0,247.8
0,247.36
0,246.94
0,246.74
0,247.08
0,246.78
0,246.26
0,245.9
0,245.65
0,245.66
0,246.18
0,245.57
0,245.41
0,246.21
0,245.91
0,246.06
0,245.5
0,245.3
0,245.14
0,245.18
0,245.44
0,245.3
0,244.86
0,244.82
0,245.26
0,244.95
0,245.19
0,245.07
0,244.96
0,245.39
0,245.44
0,245.46
0,245.04
0,244.84
0,244.8
0,245.04
0,245.02
0,244.76
0,244.6
0,244.85
0,244.73
0,244.77
0,244.73
0,245.06
0,244.82
0,245.01
0,245.24
0,245.25
0,245.17
0,245.42
0,245.54
0,245.46
0,245.54
0,245.87
0,246.11
0,246.08
0,246.04
0,245.94
0,245.6
0,246.06
0,246.08
0,246.02
0,246.08
0,246.05
0,246.06
0,246.06
0,246.12
0,246.23
0,246.32
0,246.32
0,246.53
0,246.68
0,247.01
0,246.88
0,247.16
0,247.28
0,247.54
0,247.74
0,247.56
0,247.84
0,247.86
0,247.64
0,247.26
0,247.03
0,246.98
0,247.42
0,247.64
0,247.85
0,247.67
0,247.88
0,247.88
0,247.95
0,247.96
0,248.32
0,248.36
0,248.7
0,248.54
0,248.64
0,248.92
0,249.11
0,249.29
0,249.05
0,249.02
0,249
0,249.12
0,249.19
0,248.93
0,249.16
0,249.18
0,249.11
0,249.09
0,249.13
0,248.92
0,249.46
0,249.18
0,249.22
0,249.64
0,249.64
0,249.64
0,249.59
0,249.58
0,249.56
0,249.54
0,249.54
0,249.66
0,249.63
0,249.6
0,249.82
0,249.9
0,249.96
0,250.21
0,250.38
0,250.44
0,250.56
0,250.64
0,250.6
0,250.48
0,250.29
0,250.06
0,249.83
0,249.63
0,249.32
0,249.34
0,249.34
0,249.42
0,249.28
0,249.18
0,249.4
0,249.3
0,249.25
0,249.12
0,249.41
0,249.31
0,249.39
0,249.51
0,249.33
0,249
0,248.96
0,248.9
0,248.98
0,249.02
0,248.72
0,248.67
0,248.96
0,249.08
0,249.04
0,249.58
0,249.12
0,249.02
0,248.84
0,248.72
0,248.66
0,248.61
0,248.68
0,248.57
0,249.22
0,248.86
0,248.88
0,248.7
0,248.55
0,248.57
0,248.6
0,248.82
0,248.59
0,248.36
0,248.36
0,248.18
0,248.01
0,248.14
0,248.18
0,247.99
0,248.24
0,248.3
0,248.14
0,248.12
0,248.16
0,248.22
0,248.05
0,247.74
0,247.89
0,247.98
0,248.15
0,248.04
0,248.22
0,248.11
0,248.26
0,248.2
0,248.33
0,248.44
0,248.76
0,248.76
0,248.53
0,248.72
0,248.76
0,248.58
0,248.42
0,248.68
0,248.56
0,248.66
0,248.54
0,248.26
0,248.02
0,248.06
0,248.2
0,248.19
0,248.26
0,248.07
0,248.16
0,248.16
0,248.23
0,248.51
0,248.68
0,248.72
0,248.47
0,248.42
0,248.35
0,248.27
0,248.06
0,248.44
0,248.16
0,248.06
0,247.84
0,247.76
0,247.8
0,247.61
0,247.53
0,247.62
0,247.44
0,247.4
0,247.54
0,247.76
0,247.64
0,247.46
0,247.58
0,247.83
0,247.74
0,247.62
0,247.36
0,247.35
0,247.47
0,247.5
0,247.38
0,247.24
0,247.16
0,247.34
0,247.25
0,247.52
0,247.61
0,247.53
0,247.53
0,247.81
0,247.69
0,247.32
0,247.15
0,246.95
0,247.1
0,247.1
0,246.92
0,246.98
0,247.28
0,247.18
0,247.06
0,247.01
0,246.82
0,246.96
0,247.24
0,247.21
0,247.22
0,247.48
0,247.26
0,247.1
0,247.28
0,247.2
0,247.28
0,247.1
0,247.17
0,246.81
0,246.87
0,246.68
0,246.74
0,246.64
0,246.68
0,246.82
0,246.86
0,246.76
0,246.62
0,246.62
0,246.88
0,246.65
0,246.66
0,246.59
0,246.94
0,247.03
0,246.76
0,246.62
0,246.76
0,246.78
0,246.78
0,246.96
0,246.72
0,246.67
0,246.42
0,246.41
0,246.62
0,246.58
0,246.6
0,246.59
0,246.7
0,246.82
0,246.86
0,246.88
0,246.7
0,246.69
0,246.63
0,246.76
0,247
0,247
0,247.31
0,247.6
0,247.98
0,248.02
0,248.1
0,248.2
0,248.08
0,248.04
0,248.1
0,248
0,248.05
0,247.99
0,248.02
0,247.77
0,247.6
0,247.44
0,247.7
0,247.7
0,247.51
0,247.68
0,247.65
0,247.42
0,247.42
0,247.38
0,247.5
0,247.48
0,247.46
0,247.22
0,247.24
0,247.34
0,247.51
0,247.62
0,247.54
0,247.59
0,247.54
0,247.6
0,247.54
0,247.6
0,247.54
0,247.31
0,247.28
0,247.21
0,247.12
0,246.96
0,246.96
0,246.8
0,246.82
0,246.74
0,246.95
0,246.82
0,246.95
0,247.06
0,247.14
0,245.52
0,244.64
0,244.32
0,244.52
0,244.8
0,244.6
0,244.51
0,243.88
0,243.77
0,244.19
0,244.2
0,243.37
0,244.01
0,243.7
0,243.76
0,243.88
0,243.74
0,243.81
0,243.48
0,243.8
0,243.6
0,243.57
0,243.58
0,243.22
0,243.22
0,243.25
0,243.37
0,243.5
0,243.89
0,243.92
0,243.7
0,243.69
0,244.22
0,244.21
0,244.44
0,244.32
0,243.82
0,243.92
0,243.88
0,243.85
0,244.2
0,244.8
0,244.88
0,244.95
0,244.62
0,244.16
0,243.98
0,244.1
0,244.41
0,244.48
0,244.47
0,244.59
0,244.6
0,244.96
0,245.06
0,245
0,245.11
0,244.76
0,244.69
0,244.83
0,244.87
0,244.75
0,244.95
0,244.92
0,244.72
0,244.67
0,244.6
0,244.54
0,244.94
0,244.86
0,244.82
0,244.92
0,244.58
0,244.49
0,244.72
0,244.34
0,244.6
0,244.36
0,244.09
0,244.24
0,244.56
0,244.91
0,245.13
0,245
0,244.78
0,244.79
0,244.87
0,244.71
0,244.64
0,244.65
0,244.69
0,244.79
0,244.84
0,244.63
0,244.75
0,244.88
0,244.94
0,244.88
0,244.92
0,244.66
0,244.62
0,244.53
0,245.33
0,244.63
0,244.36
0,244.32
0,244.48
0,244.48
0,244.45
0,244.3
0,244.37
0,244.36
0,244.51
0,244.36
0,244.35
0,244.54
0,244.7
0,244.7
0,244.7
0,244.68
0,244.56
0,244.45
0,244.53
0,244.6
0,244.46
0,244.23
0,244.42
0,244.46
0,244.3
0,244.32
0,244.22
0,243.95
0,243.82
0,243.56
0,243.94
0,243.84
0,243.86
0,243.7
0,244.2
0,243.96
0,244.1
0,244.15
0,244.16
0,244.26
0,244.42
0,244.01
0,243.82
0,243.62
0,243.62
0,243.59
0,243.64
0,243.78
0,243.88
0,243.74
0,243.84
0,243.48
0,243.6
0,243.84
0,243.94
0,243.98
0,243.91
0,243.84
0,243.82
0,243.65
0,243.66
0,243.66
0,243.73
0,243.81
0,243.86
0,243.94
0,244.04
0,244.05
0,244.01
0,244
0,244.12
0,244
0,243.89
0,243.74
0,243.6
0,243.6
0,243.6
0,243.71
0,243.6
0,243.56
0,243.6
0,243.48
0,243.3
0,243.55
0,243.56
0,243.72
0,243.52
0,243.57
0,243.76
0,243.68
0,243.93
0,244.02
0,243.96
0,243.9
0,244.16
0,244.2
0,244.39
0,244.54
0,244.74
0,244.74
0,244.79
0,244.73
0,244.5
0,244.62
0,244.9
0,244.9
0,244.66
0,244.27
0,244
0,243.98
0,244.08
0,244.1
0,244.25
0,244.24
0,244.06
0,244.01
0,244
0,243.76
0,243.69
0,243.69
0,243.86
0,243.92
0,244.02
0,243.95
0,243.78
0,243.6
0,243.53
0,243.6
0,243.88
0,243.78
0,243.46
0,243.26
0,243.71
0,243.46
0,243.67
0,243.58
0,243.42
0,243.34
0,243.41
0,243.18
0,243.18
0,243.32
0,243.48
0,243.47
0,243.33
0,243.43
0,243.48
0,243.57
0,243.29
0,243.22
0,243.21
0,243
0,243.11
0,243.09
0,243.08
0,243.04
0,243.36
0,243.48
0,243.38
0,243.34
0,243.32
0,243.46
0,243.36
0,243.4
0,243.44
0,243.46
0,243.5
0,243.36
0,243.22
0,243.29
0,243.36
0,243.62
0,243.43
0,243.36
0,243.33
0,243.27
0,243.2
0,243.37
0,243.26
0,243.14
0,243.15
0,243.86
0,243.46
0,243.31
0,243.06
0,243.22
0,243.23
0,242.88
0,242.89
0,242.86
0,242.72
0,242.86
0,242.72
0,242.68
0,242.76
0,242.68
0,242.81
0,242.83
0,242.95
0,242.87
0,242.78
0,242.91
0,242.88
0,242.7
0,242.54
0,242.48
0,242.76
0,242.58
0,242.55
0,242.58
0,242.15
0,242.37
0,242.44
0,242.27
0,242.14
0,242.18
0,242.38
0,242.14
0,241.88
0,241.94
0,242.18
0,242.24
0,241.88
0,241.93
0,241.88
0,241.81
0,241.86
0,241.88
0,241.6
0,241.92
0,241.7
0,241.68
0,241.38
0,241.54
0,241.58
0,241.58
0,241.28
0,241.7
0,241.64
0,241.64
0,241.75
0,241.81
0,241.87
0,241.88
0,241.8
0,241.92
0,242.14
0,242.28
0,242.25
0,242.39
0,242.62
0,242.58
0,242.6
0,242.66
0,243
0,243.05
0,243.05
0,242.97
0,242.98
0,242.93
0,242.55
0,242.61
0,242
0,242.06
0,242.44
0,243.44
0,243.34
0,243.64
0,243.47
0,243.25
0,242.96
0,242.86
0,243.05
0,242.84
0,242.98
0,242.86
0,242.94
0,242.98
0,242.52
0,242.77
0,242.62
0,242.69
0,242.7
0,242.98
0,243.08
0,245.18
0,244.86
0,245.66
0,245.82
0,246.33
0,246.72
0,246.62
0,246.96
0,246.87
0,246.49
0,246.88
0,247.27
0,246.68
0,246.92
0,246.91
0,246.62
0,247.48
0,247.33
0,247.69
0,247.77
0,247.68
0,248
0,247.76
0,247.72
0,247.63
0,247.3
0,247.6
0,248.04
0,247.5
0,247.32
0,247.18
0,247.35
0,247.14
0,247.18
0,246.64
0,246.81
0,246.38
0,245.93
0,245.88
0,246.08
0,246.12
0,246.7
0,246.18
0,246.33
0,246.1
0,246.03
0,246.38
0,246.18
0,245.98
0,245.57
0,245.45
0,245.56
0,245.51
0,245.22
0,245.24
0,244.99
0,245.04
0,244.72
0,244.86
0,244.76
0,244.6
0,244.47
0,244.53
0,244.62
0,244.6
0,244.48
0,244.64
0,244.7
0,244.91
0,244.73
0,244.55
0,244.14
0,244.17
0,244.06
0,243.98
0,243.8
0,243.78
0,243.76
0,243.34
0,243.54
0,243.29
0,243.3
0,242.9
0,243.04
0,243.38
0,243.61
0,243.65
0,243.58
0,243.14
0,243.42
0,243.3
0,242.99
0,243.06
0,243
0,243.36
0,243.6
0,243.49
0,243.54
0,243.46
0,243.44
0,243.42
0,243.62
0,243.84
0,243.88
0,243.74
0,243.75
0,243.73
0,243.48
0,243.12
0,242.89
0,242.77
0,242.82
0,242.92
0,242.66
0,242.48
0,242.6
0,242.41
0,242.24
0,242.45
0,242.59
0,242.68
0,242.66
0,242.78
0,242.7
0,242.92
0,243.1
0,243.01
0,242.84
0,242.62
0,242.88
0,242.89
0,242.74
0,242.81
0,242.68
0,242.77
0,242.57
0,242.34
0,242.05
0,242.09
0,242.06
0,241.98
0,242
0,242.01
0,241.71
0,241.31
0,241.27
0,241.06
0,241.38
0,241.29
0,241.36
0,241.52
0,241.58
0,241.58
0,241.61
0,241.64
0,241.6
0,241.43
0,241.68
0,241.42
0,240.84
0,240.98
0,241.1
0,241.18
0,241.32
0,241.16
0,241.26
0,240.84
0,240.71
0,241.12
0,240.86
0,241.1
0,241
0,241.16
0,241.2
0,241.4
0,241.53
0,241.5
0,241.64
0,241.54
0,241.56
0,241.49
0,241.68
0,241.7
0,241.78
0,241.55
0,241.63
0,241.62
0,241.54
0,241.62
0,241.45
0,241.6
0,241.5
0,241.58
0,241.84
0,241.79
0,242.03
0,242.05
0,242.13
0,242.24
0,242.3
0,242.18
0,242.02
0,242.2
0,242.4
0,242.39
0,242.36
0,242.3
0,242.5
0,242.82
0,242.86
0,242.85
0,242.76
0,242.66
0,242.54
0,242.24
0,242.18
0,242.29
0,242.26
0,242.3
0,242.66
0,243.09
0,242.97
0,242.9
0,242.74
0,242.81
0,242.83
0,243.14
0,243.01
0,243.24
0,243.24
0,243.07
0,243.19
0,243.3
0,243.27
0,243.04
0,243.08
0,243.15
0,243.3
0,243.24
0,242.9
0,242.96
0,243.16
0,243.56
0,243.31
0,243.36
0,243.36
0,243.44
0,243.4
0,243.43
0,243.32
0,243.4
0,243.17
0,243.29
0,243.22
0,243.38
0,243.45
0,243.54
0,243.71
0,243.64
0,243.69
0,243.62
0,243.65
0,243.7
0,243.52
0,243.44
0,243.61
0,243.75
0,243.58
0,243.7
0,243.48
0,243.77
0,243.85
0,244.22
0,244.28
0,244.24
0,244.33
0,244.27
0,244.56
0,244.21
0,244.25
0,244.22
0,244.26
0,244.32
0,244.15
0,244.12
0,243.98
0,243.98
0,243.78
0,243.72
0,243.58
0,243.57
0,243.62
0,243.66
0,243.66
0,243.87
0,244
0,243.96
0,243.96
0,244.3
0,244.12
0,244.22
0,244.08
0,243.98
0,243.92
0,243.71
0,244.06
0,244.16
0,244.07
0,243.89
0,244
0,243.86
0,243.82
0,243.54
0,243.62
0,243.56
0,243.13
0,243.13
0,243.24
0,243.16
0,243.21
0,243.3
0,243.53
0,243.48
0,243.4
0,243.24
0,243.23
0,243.2
0,243.07
0,243.14
0,243.25
0,243.12
0,243.16
0,243.17
0,243.36
0,243.44
0,243.33
0,243.5
0,243.32
0,243.32
0,243.05
0,243.12
0,243.08
0,243.18
0,243.48
0,243.37
0,243.36
0,243.51
0,243.74
0,243.73
0,243.82
0,243.92
0,244.1
0,244.22
0,244.38
0,244.16
0,244.16
0,244.04
0,244.1
0,244.02
0,244
0,244.28
0,244.22
0,244.36
0,244.58
0,244.61
0,244.58
0,244.62
0,244.64
0,244.8
0,244.77
0,244.72
0,244.6
0,244.74
0,244.74
0,244.7
0,244.72
0,244.78
0,244.84
0,244.84
0,244.86
0,244.94
0,244.85
0,244.88
0,244.84
0,244.85
0,245.04
0,245.05
0,245
0,245.03
0,245.08
0,244.61
0,244.45
0,244.5
0,243.58
0,244.6
0,245.2
0,245.92
0,245.55
0,245.45
0,244.76
0,245.01
0,244.24
0,244.39
0,244.66
0,244.33
0,244.72
0,245.16
0,245.63
0,245.66
0,245.39
0,245.14
0,245.4
0,245.24
0,245.3
0,245.08
0,244.96
0,244.11
0,244.17
0,244.73
0,244.29
0,243.72
0,244.16
0,244.54
0,244.06
0,244.44
0,244.14
0,244.45
0,244.19
0,244.36
0,244.3
0,244.27
0,244.19
0,244.44
0,244.6
0,244.5
0,245
0,245.2
0,245.26
0,245.22
0,245
0,244.94
0,245.4
0,245.3
0,244.85
0,244.79
0,245.12
0,244.91
0,244.73
0,244.94
0,245.17
0,245.84
0,245.28
0,245.19
0,245.16
0,245.08
0,245.01
0,244.66
0,244.73
0,244.2
0,244.39
0,244.57
0,244.51
0,244.14
0,244.36
0,244.18
0,243.93
0,244.16
0,244.31
0,244.3
0,244.07
0,243.46
0,243.42
0,242.66
0,242.98
0,243.04
0,243.01
0,242.82
0,242.42
0,243.1
0,242.88
0,242.7
0,242.58
0,242.93
0,242.96
0,243.28
0,242.99
0,242.88
0,242.74
0,242.54
0,242.46
0,242.5
0,242.67
0,242.14
0,241.97
0,241.57
0,241.46
0,241.56
0,241.82
0,241.89
0,241.91
0,241.7
0,241.6
0,241.64
0,242.01
0,241.81
0,241.48
0,241.32
0,241.44
0,241.26
0,241.66
0,241.88
0,242.12
0,241.92
0,241.98
0,242.06
0,241.92
0,242.06
0,242.3
0,242.82
0,242.78
0,242.76
0,242.88
0,242.7
0,242.8
0,242.64
0,242.72
0,242.76
0,242.94
0,242.98
0,243.25
0,243.23
0,243.04
0,242.48
0,242.74
0,242.81
0,242.76
0,242.69
0,242.53
0,242.93
0,243.04
0,242.9
0,242.88
0,242.55
0,242.48
0,242.42
0,242.36
0,242.14
0,242.09
0,242.01
0,241.96
0,241.62
0,242.3
0,242.32
0,242.34
0,242.63
0,242.52
0,242.78
0,242.94
0,243
0,243.32
0,243.26
0,243.18
0,243.36
0,243.2
0,243.09
0,243.18
0,243.18
0,243.1
0,243.13
0,242.88
0,242.98
0,242.97
0,243.04
0,242.94
0,243.01
0,242.94
0,242.71
0,242.5
0,242.58
0,242.66
0,242.55
0,242.52
0,242.52
0,242.4
0,242.4
0,242.33
0,242.36
0,242.39
0,242.39
0,242.3
0,242.02
0,242.12
0,242.1
0,241.94
0,241.88
0,242.1
0,242
0,242.16
0,242.2
0,242.06
0,242.12
0,241.98
0,241.94
0,241.94
0,241.79
0,241.84
0,241.76
0,241.84
0,241.82
0,241.73
0,241.71
0,241.38
0,241.34
0,241.43
0,241.49
0,241.34
0,241.37
0,241.38
0,241.5
0,241.56
0,241.92
0,241.88
0,241.92
0,241.9
0,242.05
0,241.88
0,241.8
0,241.82
0,242.26
0,242.08
0,242.16
0,242.24
0,242.06
0,242.18
0,242.34
0,242.32
0,242.26
0,242.28
0,242.33
0,242.22
0,242.22
0,242.32
0,242.38
0,242.15
0,242.03
0,241.98
0,242.18
0,242.24
0,242.22
0,241.96
0,242.01
0,241.8
0,242
0,241.92
0,241.9
0,241.95
0,241.74
0,241.89
0,241.99
0,242.46
0,242.46
0,242.37
0,242.29
0,242.22
0,242.03
0,242.28
0,242.57
0,242.56
0,242.86
0,242.96
0,242.8
0,242.7
0,242.74
0,242.67
0,242.64
0,242.48
0,242.53
0,242.6
0,242.52
0,242.44
0,242.58
0,242.82
0,242.82
0,242.52
0,242.72
0,242.79
0,242.67
0,242.56
0,242.66
0,242.73
0,242.88
0,242.84
0,242.74
0,242.62
0,242.84
0,242.97
0,243.1
0,243.12
0,243.28
0,243.34
0,243.31
0,243.22
0,243.06
0,243.01
0,243.01
0,242.86
0,242.91
0,242.74
0,242.65
0,242.6
0,242.3
0,242.58
0,242.63
0,242.67
0,242.56
0,242.8
0,242.3
0,242.33
0,242.38
0,242.36
0,242.45
0,242.41
0,242.58
0,242.68
0,242.69
0,243.28
0,243.01
0,243.1
0,243.14
0,243.35
0,243.27
0,243.14
0,243.26
0,243.3
0,243.35
0,243.24
0,243.44
0,243.32
0,243.16
0,243.22
0,243.2
0,243.16
0,243.06
0,243.09
0,242.85
0,242.65
0,242.78
0,242.7
0,242.72
0,242.36
0,242.42
0,242.36
0,242.28
0,242.46
0,242.44
0,242.61
0,242.46
0,242.44
0,242.54
0,242.56
0,242.6
0,242.62
0,242.66
0,242.5
0,242.46
0,242.51
0,242.44
0,242.52
0,242.46
0,242.5
0,242.54
0,242.62
0,242.8
0,242.91
0,242.98
0,242.91
0,242.71
0,242.74
0,242.65
0,242.58
0,246.36
0,245.89
0,245.26
0,245.46
0,245.36
0,244.5
0,244.3
0,244.81
0,244.72
0,244.66
0,245.04
0,244.93
0,244.89
0,244.42
0,243.88
0,243.73
0,243.54
0,243.88
0,243.84
0,243.89
0,244.18
0,244.36
0,244.08
0,244.34
0,244.16
0,244.16
0,243.64
0,243.71
0,243.98
0,244.18
0,244.38
0,244.94
0,245.24
0,245.1
0,244.98
0,244.96
0,245.02
0,245.53
0,245.43
0,245.32
0,245
0,244.58
0,244.74
0,244.94
0,245
0,245.16
0,245.24
0,245.1
0,245.02
0,244.57
0,244.66
0,244.57
0,244.64
0,244.79
0,244.78
0,244.74
0,244.54
0,244.7
0,244.68
0,245.17
0,244.96
0,245.18
0,245.1
0,244.9
0,244.73
0,244.75
0,244.9
0,244.77
0,244.9
0,244.99
0,244.98
0,244.95
0,244.93
0,245.05
0,245.03
0,245.22
0,245.15
0,245.3
0,245.28
0,245.36
0,245.36
0,245.3
0,245.18
0,245.24
0,245.08
0,245.3
0,245.26
0,245.33
0,245.3
0,245.28
0,245.12
0,245.31
0,245.11
0,245.18
0,245.58
0,245.51
0,245.78
0,245.7
0,245.74
0,245.86
0,245.98
0,246.08
0,246
0,245.89
0,245.77
0,245.84
0,245.87
0,245.62
0,245.76
0,245.75
0,245.95
0,246.14
0,246.2
0,246.07
0,245.74
0,246.01
0,246.01
0,246.12
0,246.09
0,246.04
0,245.94
0,246.22
0,246.02
0,246.03
0,245.79
0,245.71
0,245.54
0,245.57
0,245.77
0,245.8
0,245.78
0,245.75
0,245.67
0,245.89
0,246.04
0,246.2
0,246.14
0,246.08
0,246.48
0,246.48
0,246.28
0,246.32
0,246.32
0,246.62
0,246.76
0,246.64
0,246.74
0,246.57
0,246.61
0,246.94
0,246.9
0,246.74
0,246.72
0,246.81
0,246.8
0,246.93
0,246.92
0,247.08
0,246.96
0,246.72
0,246.74
0,247.01
0,246.89
0,246.98
0,246.87
0,246.82
0,247.05
0,246.96
0,247
0,247
0,246.94
0,246.79
0,246.79
0,246.77
0,246.74
0,246.98
0,246.99
0,246.94
0,246.82
0,246.9
0,246.73
0,246.6
0,246.57
0,246.48
0,246.5
0,246.46
0,246.34
0,246.41
0,246.51
0,246.66
0,246.98
0,246.6
0,246.72
0,246.72
0,246.62
0,246.4
0,246.42
0,245.98
0,246.01
0,245.92
0,246.05
0,245.82
0,245.71
0,245.92
0,245.98
0,245.98
0,246.16
0,246.05
0,246.28
0,246.16
0,246.24
0,246.2
0,246.18
0,246.16
0,246.07
0,245.94
0,246.06
0,246.06
0,246.24
0,246.1
0,246
0,245.86
0,245.88
0,246.12
0,246.2
0,246.26
0,246.22
0,246.12
0,245.88
0,245.9
0,245.85
0,245.92
0,246.01
0,245.94
0,245.91
0,246.03
0,246.2
0,246.14
0,246.01
0,246.17
0,246.18
0,246.08
0,245.98
0,246.02
0,245.99
0,246.13
0,246.41
0,246.58
0,246.43
0,246.39
0,246.32
0,246.37
0,246.4
0,246.34
0,246.4
0,246.32
0,246.15
0,246.16
0,246.16
0,246.12
0,246.19
0,246.06
0,246.16
0,246.12
0,246.12
0,246.2
0,246.16
0,246.12
0,246.1
0,246.2
0,246.16
0,246.1
0,245.94
0,246
0,246.21
0,246.12
0,245.95
0,245.92
0,246.04
0,245.96
0,245.99
0,245.9
0,245.86
0,245.73
0,245.89
0,245.78
0,245.91
0,246
0,245.38
0,245.67
0,245.59
0,245.64
0,245.55
0,245.45
0,245.49
0,245.5
0,245.41
0,245.32
0,245.08
0,244.87
0,244.97
0,244.98
0,245.12
0,245.02
0,245.06
0,245.03
0,245.23
0,245.3
0,245.13
0,245.05
0,245.07
0,245.08
0,245.14
0,245.16
0,245.2
0,245.3
0,245.38
0,245.23
0,245.04
0,245.06
0,245.05
0,245
0,245.06
0,245.14
0,245.08
0,245.12
0,245.16
0,245.08
0,245.18
0,245.18
0,245.18
0,245.13
0,245.03
0,245.2
0,245.14
0,245.1
0,245.11
0,244.93
0,244.94
0,244.98
0,244.92
0,244.83
0,244.9
0,244.82
0,244.9
0,244.88
0,244.9
0,244.92
0,245.03
0,244.95
0,244.92
0,244.9
0,244.89
0,244.86
0,244.77
0,244.74
0,244.7
0,244.68
0,244.61
0,244.4
0,244.52
0,244.29
0,244.33
0,244.34
0,244.39
0,244.44
0,244.32
0,244.49
0,244.44
0,244.51
0,244.82
0,244.82
0,244.79
0,244.67
0,244.7
0,244.68
0,244.7
0,244.56
0,244.5
0,244.62
0,244.61
0,244.58
0,244.48
0,244.5
0,244.43
0,244.48
0,244.57
0,244.62
0,244.62
0,244.49
0,241.16
0,241.02
0,241.42
0,240.42
0,239.96
0,239.86
0,239.66
0,239.76
0,240.29
0,240.06
0,240.59
0,241.2
0,240.94
0,241.34
0,241.45
0,241.46
0,241.82
0,241.54
0,240.92
0,240.82
0,240.82
0,240.6
0,240.7
0,240.78
0,240.98
0,240.79
0,240.33
0,240.38
0,241.12
0,241.81
0,241.95
0,241.52
0,242.16
0,242.01
0,242.09
0,241.93
0,242.52
0,242.58
0,242.77
0,242.85
0,242.76
0,242.87
0,242.64
0,242.42
0,242.34
0,242.09
0,242.54
0,242.78
0,242.69
0,242.8
0,242.9
0,243.12
0,242.94
0,243
0,242.78
0,243.01
0,242.77
0,242.77
0,242.74
0,243.17
0,243.08
0,242.84
0,242.7
0,242.66
0,242.5
0,242.58
0,242.55
0,242.49
0,242.22
0,242.3
0,242.26
0,242.57
0,242.64
0,242.76
0,242.76
0,242.82
0,242.44
0,242.61
0,242.44
0,242.24
0,242.08
0,242.2
0,242.1
0,242.27
0,242.39
0,242.48
0,242.1
0,242.2
0,242.06
0,242.24
0,241.85
0,241.94
0,241.75
0,241.84
0,241.88
0,241.76
0,242.02
0,242.02
0,241.92
0,241.98
0,242.15
0,242.23
0,242.56
0,242.62
0,242.7
0,242.57
0,242.54
0,242.52
0,242.46
0,242.39
0,242.48
0,242.61
0,242.37
0,242.24
0,242.28
0,242.42
0,242.56
0,242.56
0,242.55
0,242.58
0,242.56
0,242.46
0,242.4
0,242.72
0,242.26
0,242.34
0,242.06
0,242.04
0,241.79
0,241.84
0,241.8
0,241.82
0,241.75
0,241.8
0,241.83
0,241.63
0,241.94
0,241.77
0,241.51
0,241.66
0,241.74
0,241.87
0,241.86
0,241.78
0,241.58
0,241.36
0,241.29
0,241.74
0,241.74
0,241.75
0,241.48
0,241.66
0,241.29
0,241.26
0,241.38
0,241.62
0,241.53
0,241.58
0,241.42
0,241.78
0,242.01
0,241.8
0,241.82
0,241.68
0,241.72
0,241.75
0,241.9
0,241.86
0,241.9
0,241.94
0,241.77
0,241.91
0,242
0,241.88
0,241.99
0,241.96
0,241.9
0,241.9
0,242.03
0,242.1
0,242.07
0,242.03
0,242
0,241.88
0,241.92
0,241.89
0,241.86
0,241.82
0,241.82
0,242
0,242.14
0,242.15
0,242.19
0,242.22
0,242.38
0,242.1
0,242.26
0,242.26
0,242.21
0,242.26
0,242.18
0,242.26
0,242.14
0,242.14
0,242.08
0,242
0,242.02
0,241.92
0,241.9
0,241.77
0,241.75
0,241.7
0,241.73
0,241.69
0,241.62
0,241.69
0,241.61
0,241.73
0,241.8
0,241.92
0,242.06
0,242.08
0,241.84
0,241.84
0,241.84
0,241.87
0,241.93
0,241.84
0,241.82
0,241.94
0,241.91
0,241.99
0,241.87
0,241.73
0,241.82
0,241.84
0,241.79
0,241.86
0,241.75
0,241.79
0,241.72
0,241.75
0,241.89
0,242.04
0,241.98
0,242.04
0,242.01
0,241.93
0,241.97
0,241.89
0,241.82
0,241.74
0,241.78
0,241.92
0,241.81
0,241.8
0,241.92
0,241.91
0,241.9
0,242.04
0,242.17
0,242.1
0,242.05
0,242.04
0,241.97
0,241.94
0,241.76
0,241.74
0,241.64
0,241.64
0,241.74
0,241.86
0,241.76
0,241.77
0,241.71
0,241.51
0,241.52
0,241.59
0,241.56
0,241.71
0,241.72
0,241.62
0,241.53
0,241.42
0,241.54
0,241.42
0,241.51
0,241.62
0,241.45
0,241.49
0,241.42
0,241.53
0,241.54
0,241.24
0,241.24
0,241.13
0,241.13
0,241.01
0,241.16
0,241.17
0,241.19
0,241.28
0,241.26
0,241.35
0,241.33
0,241.3
0,241.3
0,241.24
0,241.22
0,241.33
0,241.26
0,241.27
0,241.03
0,241.06
0,241.1
0,241.2
0,241.3
0,241.38
0,241.47
0,241.45
0,241.66
0,241.8
0,241.89
0,241.82
0,241.76
0,241.8
0,241.83
0,241.76
0,241.75
0,241.72
0,241.68
0,241.72
0,241.82
0,241.76
0,241.76
0,241.75
0,241.64
0,241.5
0,241.54
0,241.54
0,241.54
0,241.51
0,241.47
0,241.77
0,241.64
0,241.79
0,241.66
0,241.55
0,241.58
0,241.6
0,241.6
0,241.88
0,241.86
0,241.89
0,241.96
0,241.82
0,241.8
0,241.89
0,241.81
0,241.78
0,241.75
0,241.7
0,241.68
0,241.54
0,241.54
0,241.46
0,241.6
0,241.56
0,241.51
0,241.58
0,241.53
0,241.61
0,241.61
0,241.6
0,241.56
0,241.51
0,241.64
0,241.58
0,241.56
0,241.5
0,241.33
0,241.24
0,241.08
0,241.12
0,241.16
0,241.14
0,241.5
0,241.48
0,241.63
0,241.76
0,241.52
0,241.48
0,241.07
0,241.3
0,242.28
0,242.56
0,241.75
0,241.72
0,241.79
0,241.65
0,241.42
0,241.06
0,240.7
0,240.71
0,240.32
0,240.29
0,240.73
0,240.94
0,241.05
0,241.03
0,240.62
0,240.84
0,240.72
0,241.08
0,240.64
0,240.82
0,240.94
0,241.12
0,241.13
0,241.3
0,241.43
0,241.9
0,241.86
0,241.76
0,241.64
0,241.75
0,241.71
0,241.56
0,241.62
0,241.6
0,241.17
0,240.92
0,241
0,240.84
0,240.84
0,240.89
0,240.84
0,240.74
0,240.72
0,240.89
0,240.72
0,240.6
0,240.33
0,240.6
0,240.36
0,240.64
0,240.69
0,240.69
0,240.8
0,240.84
0,241.24
0,241.11
0,241.16
0,241.06
0,241.02
0,240.87
0,240.88
0,240.96
0,240.94
0,240.6
0,240.68
0,240.68
0,240.58
0,240.46
0,240.36
0,240.6
0,240.42
0,240.12
0,239.94
0,239.73
0,239.9
0,239.46
0,239.28
0,238.91
0,238.6
0,238.55
0,238.21
0,237.89
0,237.66
0,237.36
0,237.47
0,237.6
0,237.81
0,237.72
0,237.88
0,237.78
0,237.94
0,238.17
0,238.3
0,238.33
0,238.35
0,238.34
0,238.22
0,238.3
0,238.37
0,238.45
0,238.94
0,238.96
0,239.04
0,239.28
0,239.24
0,239.05
0,239.16
0,239.11
0,238.93
0,238.6
0,238.3
0,238.3
0,238.78
0,238.54
0,238.46
0,238.27
0,238.4
0,238.26
0,238.16
0,238.35
0,238.44
0,238.55
0,238.55
0,238.5
0,238.27
0,238.47
0,238.38
0,238.32
0,238.4
0,238.36
0,238.35
0,238.51
0,238.38
0,238.32
0,238.42
0,238.38
0,238.38
0,238.36
0,238.3
0,238.23
0,238.02
0,238.18
0,238.28
0,238.08
0,238.26
0,238.11
0,238.12
0,238.12
0,238.22
0,238.23
0,238.33
0,238.22
0,238.33
0,238.43
0,238.72
0,238.65
0,238.89
0,238.92
0,239.03
0,238.89
0,238.63
0,238.9
0,238.88
0,238.98
0,239.13
0,239.2
0,239.26
0,239.3
0,239.31
0,239.19
0,239.34
0,239.35
0,239.32
0,239.24
0,239.22
0,239.18
0,238.98
0,239.23
0,239.18
0,239.08
0,239.08
0,238.92
0,238.94
0,239.08
0,239.08
0,239.3
0,239.08
0,238.85
0,238.98
0,238.89
0,239.01
0,238.94
0,238.94
0,238.8
0,238.88
0,238.82
0,238.9
0,239.11
0,239.19
0,239.26
0,239.26
0,239.3
0,239.24
0,239.24
0,238.92
0,238.92
0,239.04
0,239.11
0,239.04
0,239.14
0,239.04
0,239.08
0,239.02
0,239.14
0,239.14
0,239.12
0,239.2
0,239.08
0,238.88
0,238.97
0,238.98
0,239.02
0,239.12
0,239.19
0,239.26
0,239.24
0,239.02
0,239.14
0,239.26
0,239.26
0,239.26
0,239.2
0,239.2
0,239.26
0,239.24
0,239.29
0,239.27
0,239.28
0,239.1
0,238.96
0,238.94
0,239
0,239.04
0,239.06
0,238.96
0,239.13
0,239.1
0,239.29
0,239.3
0,239.32
0,239.36
0,239.33
0,239.25
0,239.26
0,239.2
0,239.24
0,239.34
0,239.12
0,239.01
0,239.08
0,239.08
0,239.28
0,239.26
0,239.24
0,239.1
0,238.98
0,239.07
0,239.01
0,239.01
0,239.05
0,239.03
0,239.06
0,239.12
0,239.08
0,239.06
0,239.05
0,239.02
0,238.96
0,239.02
0,238.92
0,238.88
0,238.9
0,238.81
0,238.76
0,238.74
0,238.76
0,238.64
0,238.6
0,238.44
0,238.33
0,238.44
0,238.34
0,238.32
0,238.48
0,238.45
0,238.46
0,238.64
0,238.78
0,238.68
0,238.49
0,238.5
0,238.5
0,238.5
0,238.51
0,238.42
0,238.41
0,238.39
0,238.3
0,238.26
0,238.27
0,238.24
0,238.14
0,238.08
0,237.94
0,237.99
0,238.05
0,238.04
0,238.11
0,238.14
0,238.1
0,237.89
0,237.8
0,237.8
0,237.78
0,237.84
0,238.01
0,237.94
0,237.83
0,237.94
0,237.83
0,237.85
0,237.8
0,237.94
0,237.95
0,238.02
0,237.97
0,237.86
0,237.88
0,237.88
0,237.92
0,238.04
0,238.04
0,238.04
0,238.04
0,238.06
0,238.15
0,238.22
0,238.38
0,238.58
0,238.66
0,238.5
0,238.43
0,238.4
0,238.45
0,238.54
0,238.45
0,238.46
0,238.45
0,238.46
0,238.46
0,238.32
0,238.27
0,238.33
0,238.35
0,238.58
0,238.39
0,238.32
0,238.3
0,238.44
0,238.42
0,238.26
0,238.15
0,238.06
0,238.1
0,237.94
0,238
0,237.96
0,238.06
0,238.35
0,238.24
0,238.34
0,238.26
0,238.26
0,240.86
0,240.42
0,241.16
0,241.51
0,241.64
0,241.7
0,241.78
0,241.82
0,242.03
0,241.47
0,241.68
0,241.06
0,240.56
0,240.88
0,240.8
0,240.74
0,240.96
0,241.02
0,241.02
0,240.72
0,240.88
0,240.84
0,240.94
0,240.82
0,240.78
0,240.74
0,240.62
0,240.64
0,240.28
0,240.32
0,240.16
0,240.12
0,240.27
0,240.08
0,239.97
0,239.82
0,239.78
0,239.6
0,239.36
0,239.42
0,239.28
0,239.1
0,239.17
0,239.32
0,239.32
0,239.2
0,239.39
0,239.48
0,239.44
0,239.06
0,239.14
0,239.27
0,239.3
0,239.35
0,239.3
0,239.14
0,239.48
0,239.38
0,239.24
0,239.2
0,239.38
0,239.39
0,239.26
0,239.44
0,239.42
0,239.28
0,239.57
0,239.64
0,239.46
0,239.73
0,239.72
0,239.72
0,239.78
0,239.56
0,239.65
0,239.82
0,240.01
0,239.9
0,239.66
0,239.58
0,239.56
0,239.44
0,239.42
0,239.31
0,239.14
0,239.21
0,239.39
0,239.51
0,239.46
0,239.51
0,239.6
0,239.71
0,239.9
0,240.08
0,239.98
0,239.85
0,239.72
0,239.8
0,239.59
0,239.45
0,239.54
0,239.71
0,239.76
0,239.6
0,239.64
0,239.67
0,239.7
0,239.72
0,239.88
0,239.79
0,239.6
0,239.46
0,239.62
0,239.55
0,239.62
0,239.54
0,239.48
0,239.25
0,239.22
0,239.09
0,238.98
0,239
0,239.1
0,239.11
0,239.29
0,239.3
0,239.27
0,239.2
0,239.2
0,239.17
0,239.27
0,239.5
0,239.72
0,239.71
0,239.63
0,239.62
0,239.82
0,239.88
0,239.83
0,239.68
0,239.65
0,239.72
0,239.68
0,239.72
0,239.79
0,239.84
0,239.87
0,239.94
0,239.9
0,239.94
0,240.06
0,239.89
0,239.92
0,240.09
0,240
0,240
0,239.94
0,240
0,240.14
0,240.27
0,240.33
0,240.44
0,240.46
0,240.5
0,240.61
0,240.68
0,240.58
0,240.54
0,240.63
0,240.58
0,240.68
0,240.9
0,240.94
0,240.93
0,240.69
0,240.62
0,240.63
0,240.82
0,240.6
0,240.52
0,240.61
0,240.69
0,240.68
0,240.65
0,240.58
0,240.61
0,240.5
0,240.4
0,240.6
0,240.58
0,240.56
0,240.66
0,240.66
0,240.56
0,240.52
0,240.53
0,240.51
0,240.62
0,240.71
0,240.64
0,240.7
0,240.65
0,240.66
0,240.71
0,240.8
0,240.8
0,240.68
0,240.74
0,240.7
0,240.67
0,240.58
0,240.57
0,240.53
0,240.53
0,240.51
0,240.46
0,240.54
0,240.56
0,240.54
0,240.61
0,240.61
0,240.63
0,240.57
0,240.54
0,240.51
0,240.44
0,240.47
0,240.35
0,240.34
0,240.34
0,240.28
0,240.08
0,240
0,239.89
0,239.94
0,240.02
0,240.09
0,240.19
0,240.12
0,240.12
0,239.97
0,240.11
0,240.04
0,240.08
0,240
0,240
0,240.06
0,240.06
0,240.06
0,240.12
0,240.03
0,240.1
0,239.98
0,239.84
0,239.86
0,239.7
0,239.76
0,239.74
0,239.73
0,239.76
0,239.71
0,239.86
0,239.89
0,239.95
0,239.98
0,240
0,240
0,240.04
0,240.02
0,239.94
0,239.86
0,240.96
0,241.01
0,240.86
0,241.18
0,241.48
0,241.32
0,241.44
0,241.27
0,241.4
0,241.24
0,241.28
0,241.35
0,241.48
0,241.6
0,241.51
0,241.59
0,241.8
0,241.79
0,241.7
0,241.83
0,242.21
0,242.3
0,242.24
0,242.6
0,242.46
0,242.55
0,242.4
0,242.32
0,242.43
0,242.39
0,242.28
0,242.1
0,242.08
0,242.27
0,242.39
0,242.13
0,242.14
0,242.19
0,242.33
0,242.23
0,242.2
0,242.15
0,242.22
0,242.22
0,242.33
0,242.33
0,242.54
0,242.5
0,242.45
0,242.52
0,242.37
0,242.44
0,242.86
0,242.9
0,242.8
0,242.7
0,242.84
0,242.82
0,242.94
0,242.7
0,242.72
0,242.69
0,242.65
0,242.62
0,242.5
0,242.29
0,242.28
0,242.3
0,242.32
0,242.07
0,241.88
0,241.98
0,242.18
0,242.23
0,242.16
0,242.19
0,242.3
0,242.24
0,242.24
0,242.36
0,242.43
0,242.38
0,242.23
0,242.12
0,242.16
0,242.05
0,242.1
0,242.29
0,242.41
0,242.21
0,242.19
0,242.35
0,242.26
0,242.21
0,242.22
0,242.76
0,242.69
0,242.68
0,242.6
0,242.44
0,242.42
0,242.1
0,242.38
0,242.35
0,242.16
0,242.6
0,242.52
0,242.62
0,242.64
0,242.56
0,242.46
0,242.54
0,242.4
0,242.32
0,242.36
0,242.66
0,242.56
0,242.32
0,242.64
0,243.22
0,243.19
0,243.46
0,243.56
0,243.4
0,243.53
0,244.42
0,244.32
0,244.82
0,245.07
0,245.06
0,244.72
0,244.94
0,244.59
0,244.42
0,244.47
0,244.5
0,245.36
0,245.2
0,245.2
0,245.01
0,245.41
0,245.92
0,246.16
0,246.28
0,246.17
0,246.14
0,245.82
0,245.72
0,245.3
0,245.39
0,245.34
0,245.04
0,245.21
0,245.56
0,245.59
0,245.62
0,245.4
0,245.44
0,245.4
0,245.23
0,245.12
0,245.16
0,245.24
0,245.03
0,245.08
0,244.9
0,244.72
0,245.12
0,245.22
0,245.05
0,245.26
0,245.02
0,245.04
0,245.25
0,245.25
0,245.41
0,245.44
0,245.5
0,245.44
0,245.36
0,245.3
0,245.31
0,245.41
0,245.44
0,245.09
0,245.01
0,244.56
0,244.48
0,244.63
0,244.76
0,244.96
0,244.82
0,245
0,245.02
0,244.98
0,244.85
0,244.75
0,244.54
0,244.32
0,243.98
0,244.3
0,244.18
0,244.1
0,244.05
0,244.1
0,244.4
0,244.26
0,244.11
0,244
0,244.24
0,244.2
0,244.38
0,244.3
0,244.5
0,244.48
0,244.58
0,244.77
0,244.72
0,244.76
0,244.86
0,245.05
0,245.12
0,245.54
0,245.76
0,246.04
0,246.03
0,246.01
0,246.01
0,245.94
0,246.12
0,246.27
0,246.22
0,246.3
0,246.33
0,246.47
0,246.6
0,246.64
0,246.58
0,246.56
0,246.46
0,246.57
0,246.65
0,246.58
0,246.83
0,246.89
0,246.83
0,246.9
0,246.98
0,246.92
0,246.56
0,246.68
0,246.68
0,246.98
0,247.02
0,246.92
0,246.98
0,246.98
0,247.02
0,246.92
0,247.2
0,247.26
0,247.51
0,247.64
0,248.24
0,248.18
0,248.43
0,248.68
0,248.66
0,248.77
0,248.82
0,248.48
0,248.49
0,248.42
0,248.32
0,248.26
0,247.93
0,247.96
0,247.94
0,248.19
0,248.12
0,248.24
0,248.14
0,248.12
0,248.18
0,248.07
0,248.04
0,248
0,248.14
0,248.32
0,248.45
0,248.29
0,248.3
0,248.1
0,247.96
0,247.9
0,247.82
0,247.38
0,247.36
0,247.44
0,247.44
0,247.52
0,247.39
0,247.49
0,247.61
0,247.56
0,247.57
0,247.51
0,247.51
0,247.55
0,247.51
0,247.6
0,247.54
0,247.52
0,247.26
0,246.83
0,246.92
0,247.06
0,247.06
0,247.31
0,247.38
0,247.33
0,247.42
0,247.42
0,247.53
0,247.52
0,247.38
0,247.76
0,247.8
0,247.86
0,247.93
0,247.96
0,248
0,248.12
0,248.18
0,248.25
0,248.64
0,248.62
0,248.58
0,248.65
0,248.72
0,248.54
0,248.58
0,248.61
0,248.65
0,248.72
0,248.63
0,248.45
0,248.45
0,248.42
0,248.42
0,248.36
0,248.35
0,248.26
0,248.33
0,248.44
0,248.48
0,248.6
0,248.54
0,248.48
0,248.32
0,248.14
0,247.88
0,247.9
0,247.9
0,247.67
0,247.61
0,247.7
0,247.59
0,247.6
0,247.74
0,247.54
0,247.64
0,247.52
0,248.14
0,248.05
0,248.01
0,248.07
0,248.18
0,248.13
0,248.07
0,248.12
0,248.34
0,248.18
0,248.19
0,248.14
0,248.1
0,248.18
0,248.31
0,248.33
0,248.34
0,248.4
0,248.33
0,248.32
0,248.44
0,248.3
0,248.26
0,248.08
0,248.08
0,248
0,247.91
0,247.75
0,247.8
0,247.8
0,247.74
0,247.72
0,247.6
0,247.55
0,247.42
0,247.23
0,247.17
0,247.2
0,247.26
0,247.38
0,247.56
0,247.38
0,247.18
0,247.4
0,247.6
0,247.43
0,247.44
0,247.36
0,247.28
0,247.48
0,247.31
0,247.32
0,247.45
0,247.48
0,247.41
0,247.52
0,247.56
0,247.5
0,247.39
0,247.32
0,247.3
0,247.26
0,247.22
0,247.2
0,247.32
0,247.36
0,247.32
0,247.33
0,247.33
0,247.29
0,247.2
0,247.22
0,247.18
0,247.28
0,247.17
0,247.07
0,247.06
0,246.61
0,246.5
0,246.66
0,246.64
0,246.24
0,246.28
0,246.4
0,246.44
0,246.3
0,246.12
0,246.2
0,246.09
0,245.98
0,245.97
0,245.82
0,245.9
0,245.94
0,246.03
0,246.14
0,246.08
0,246.34
0,246.44
0,246.34
0,246.33
0,246.36
0,246.54
0,246.6
0,246.63
0,246.76
0,246.74
0,246.72
0,246.84
0,246.81
0,246.78
0,246.75
0,246.73
0,246.64
0,246.64
0,246.7
0,246.66
0,246.42
0,246.3
0,246.14
0,246.1
0,246.14
0,246.52
0,246.46
0,246.46
0,246.42
0,246.4
0,246.42
0,246.64
0,246.52
0,246.54
0,246.46
0,247.04
0,247.02
0,247.1
0,246.94
0,40.54
0,40.56
0,40.65
0,40.67
0,40.63
0,40.66
0,40.62
0,40.62
0,40.7
0,40.69
0,40.76
0,40.71
0,40.72
0,40.74
0,40.75
0,40.8
0,40.82
0,40.82
0,40.8
0,40.78
0,40.81
0,40.82
0,40.8
0,40.76
0,40.74
0,40.75
0,40.8
0,40.79
0,40.83
0,40.8
0,40.84
0,40.8
0,40.78
0,40.84
0,40.81
0,40.85
0,40.9
0,40.88
0,40.84
0,40.9
0,40.96
0,40.94
0,40.98
0,40.98
0,40.92
0,40.89
0,40.88
0,40.87
0,40.9
0,40.88
0,40.9
0,40.87
0,40.86
0,40.88
0,40.9
0,40.88
0,40.92
0,40.84
0,40.84
0,40.83
0,40.78
0,40.78
0,40.73
0,40.71
0,40.7
0,40.7
0,40.74
0,40.69
0,40.72
0,40.7
0,40.73
0,40.78
0,40.8
0,40.86
0,40.88
0,40.88
0,40.86
0,40.85
0,40.86
0,40.84
0,40.8
0,40.81
0,40.85
0,40.95
0,40.92
0,40.92
0,40.96
0,40.98
0,40.98
0,40.98
0,40.92
0,40.9
0,40.92
0,40.93
0,40.94
0,40.96
0,40.99
0,41.04
0,41.02
0,41.02
0,41.02
0,41.02
0,41.02
0,41.06
0,41.06
0,41.07
0,41.04
0,41.04
0,41.03
0,41.05
0,41.14
0,41.12
0,41.13
0,41.1
0,41.07
0,41.11
0,41.09
0,41.08
0,41.04
0,40.97
0,40.99
0,40.97
0,40.99
0,40.95
0,40.94
0,40.97
0,40.93
0,40.92
0,40.92
0,40.87
0,40.89
0,40.98
0,41.04
0,41.04
0,41.04
0,41.04
0,41.05
0,41.04
0,41.04
0,41.02
0,41.04
0,40.98
0,40.98
0,40.97
0,41
0,40.94
0,40.98
0,41.02
0,41.01
0,40.97
0,40.98
0,40.97
0,40.98
0,41
0,41
0,40.96
0,40.96
0,40.93
0,40.95
0,40.93
0,40.94
0,40.94
0,40.94
0,40.95
0,40.95
0,40.95
0,40.96
0,40.96
0,40.88
0,40.92
0,40.91
0,40.89
0,40.92
0,40.91
0,40.92
0,40.91
0,40.92
0,40.92
0,40.92
0,40.9
0,40.85
0,40.86
0,40.85
0,40.84
0,40.87
0,40.9
0,40.9
0,40.99
0,41.02
0,41.07
0,41.06
0,41.06
0,41.07
0,41.04
0,41.03
0,41.06
0,41.11
0,41.09
0,41.05
0,41.06
0,41.06
0,41.03
0,41.02
0,41
0,41
0,41
0,41
0,41.02
0,41.06
0,41.07
0,41.05
0,41.04
0,41.05
0,41.04
0,41.06
0,41.05
0,41.12
0,41.12
0,41.14
0,41.14
0,41.15
0,41.12
0,41.13
0,41.12
0,41.11
0,41.12
0,41.14
0,41.12
0,41.12
0,41.12
0,41.12
0,41.11
0,41.08
0,41.07
0,41.09
0,41.09
0,41.08
0,41.12
0,41.12
0,41.14
0,41.1
0,41.08
0,41.07
0,41.07
0,41.1
0,41.06
0,41.04
0,41.02
0,41.04
0,41.04
0,41.04
0,41.04
0,41.02
0,41.06
0,41.04
0,41.01
0,41.03
0,41.04
0,41.04
0,41.06
0,41.05
0,41.06
0,41.06
0,41.07
0,41.06
0,41.05
0,41.08
0,41.08
0,41.06
0,41.08
0,41.12
0,41.08
0,41.04
0,41.06
0,41.08
0,41.07
0,41.05
0,41.05
0,41
0,40.97
0,41
0,40.95
0,40.95
0,40.95
0,40.94
0,40.94
0,40.94
0,40.98
0,41.01
0,41.02
0,41
0,40.99
0,41.02
0,41.03
0,41.06
0,41.07
0,41.06
0,41.05
0,41.06
0,41.04
0,41.03
0,41.07
0,41.11
0,41.12
0,41.14
0,41.11
0,41.09
0,41.11
0,41.12
0,41.12
0,41.1
0,41.1
0,41.06
0,41.05
0,41.04
0,41.03
0,41.02
0,41.02
0,41.04
0,41.04
0,41.04
0,41.04
0,41.03
0,41.02
0,41.02
0,41
0,41
0,41.01
0,41
0,40.97
0,40.95
0,40.92
0,40.99
0,41
0,40.96
0,40.9
0,40.89
0,40.89
0,40.92
0,40.88
0,40.88
0,40.87
0,40.84
0,40.82
0,40.89
0,40.88
0,40.9
0,40.84
0,40.86
0,40.84
0,40.82
0,40.86
0,40.86
0,40.89
0,40.92
0,40.96
0,40.96
0,41
0,40.98
0,40.94
0,40.96
0,40.91
0,40.85
0,40.86
0,40.88
0,40.82
0,40.82
0,40.83
0,40.85
0,40.8
0,40.77
0,40.77
0,40.76
0,40.78
0,40.79
0,40.72
0,40.84
0,40.86
0,40.86
0,40.83
0,40.84
0,40.85
0,40.87
0,40.89
0,40.9
0,40.87
0,40.96
0,40.94
0,40.94
0,40.89
0,40.84
0,40.83
0,40.79
0,40.69
0,40.67
0,40.6
0,40.64
0,40.66
0,40.64
0,40.63
0,40.53
0,40.53
0,40.55
0,40.6
0,40.58
0,40.67
0,40.65
0,40.64
0,40.64
0,40.6
0,40.63
0,40.72
0,40.7
0,40.7
0,40.7
0,40.68
0,40.69
0,40.69
0,40.68
0,40.68
0,40.61
0,40.62
0,40.61
0,40.56
0,40.56
0,40.56
0,40.56
0,40.56
0,40.58
0,40.61
0,40.58
0,40.56
0,40.6
0,40.53
0,40.53
0,40.49
0,40.5
0,40.44
0,40.48
0,40.52
0,40.58
0,40.58
0,40.62
0,40.62
0,40.65
0,40.67
0,40.66
0,40.72
0,40.72
0,40.71
0,40.7
0,40.63
0,40.6
0,40.6
0,40.56
0,40.58
0,40.55
0,40.53
0,40.47
0,40.42
0,40.42
0,40.42
0,40.45
0,40.47
0,40.43
0,40.42
0,40.47
0,40.54
0,40.53
0,40.52
0,40.48
0,40.51
0,40.53
0,40.52
0,40.51
0,40.52
0,40.56
0,40.64
0,40.69
0,40.68
0,40.71
0,40.72
0,40.69
0,40.7
0,40.73
0,40.73
0,40.7
0,40.69
0,40.68
0,40.68
0,40.69
0,40.78
0,40.82
0,40.82
0,40.84
0,40.83
0,40.82
0,40.86
0,40.86
0,40.86
0,40.85
0,40.89
0,40.86
0,40.92
0,40.9
0,40.88
0,40.82
0,40.85
0,40.88
0,40.91
0,40.87
0,40.89
0,40.9
0,40.86
0,40.92
0,40.94
0,41
0,41.02
0,41.09
0,41.1
0,41.14
0,41.18
0,41.24
0,41.28
0,41.32
0,41.25
0,41.22
0,41.24
0,41.26
0,41.2
0,41.23
0,41.21
0,41.18
0,41.16
0,41.18
0,41.19
0,41.2
0,41.19
0,41.16
0,41.16
0,41.2
0,41.16
0,41.18
0,41.1
0,41.12
0,41.08
0,41.06
0,41.05
0,41.06
0,41.1
0,41.06
0,41.07
0,41.12
0,41.16
0,41.12
0,41.13
0,41.1
0,41.07
0,41.06
0,41.05
0,41.1
0,41.11
0,41.11
0,41.14
0,41.14
0,41.14
0,41.12
0,41.08
0,41.08
0,41.12
0,41.11
0,41.16
0,41.13
0,41.16
0,41.14
0,41.2
0,41.14
0,41.11
0,41.06
0,41.03
0,41.07
0,41.08
0,41.08
0,41.06
0,41.06
0,41.07
0,41.08
0,41.12
0,41.15
0,41.12
0,41.11
0,41.12
0,41.18
0,41.16
0,41.16
0,41.2
0,41.14
0,41.13
0,41.16
0,41.16
0,41.13
0,41.1
0,41.1
0,41.13
0,41.08
0,41.04
0,41.06
0,41
0,41
0,40.98
0,41
0,40.99
0,41.02
0,41.03
0,41.03
0,41.04
0,40.92
0,40.92
0,40.84
0,40.83
0,40.86
0,40.86
0,40.92
0,40.93
0,40.95
0,40.94
0,40.94
0,40.94
0,40.92
0,40.93
0,40.97
0,40.96
0,41
0,40.95
0,40.98
0,40.99
0,40.98
0,41
0,41.02
0,41.02
0,41.04
0,41.03
0,41.04
0,41.1
0,41.08
0,41.08
0,41.02
0,41.04
0,41.05
0,41.04
0,41.02
0,41
0,41.02
0,40.98
0,40.96
0,40.94
0,40.97
0,40.94
0,40.94
0,40.87
0,40.89
0,40.9
0,40.88
0,40.86
0,40.8
0,40.81
0,40.84
0,40.86
0,40.86
0,40.88
0,40.88
0,40.9
0,40.9
0,40.86
0,40.88
0,40.8
0,40.82
0,40.78
0,40.81
0,40.84
0,40.88
0,40.88
0,40.89
0,40.91
0,40.86
0,40.88
0,40.86
0,40.86
0,40.88
0,40.94
0,41.02
0,41.08
0,41.02
0,41.02
0,41.02
0,41.02
0,40.95
0,40.98
0,40.95
0,41
0,41
0,40.96
0,40.94
0,40.94
0,40.95
0,40.94
0,40.93
0,40.89
0,40.9
0,40.87
0,40.87
0,40.89
0,40.86
0,40.88
0,40.86
0,40.88
0,40.86
0,40.8
0,40.82
0,40.86
0,40.87
0,40.85
0,40.87
0,40.84
0,40.82
0,40.83
0,40.83
0,40.84
0,40.83
0,40.85
0,40.85
0,40.83
0,40.89
0,40.89
0,40.85
0,40.84
0,40.87
0,40.86
0,40.84
0,40.86
0,40.87
0,40.88
0,40.86
0,40.85
0,40.81
0,40.82
0,40.85
0,40.84
0,40.85
0,40.89
0,40.87
0,40.85
0,40.91
0,40.94
0,40.92
0,40.94
0,40.9
0,40.86
0,40.84
0,40.88
0,40.82
0,40.83
0,40.84
0,40.86
0,40.89
0,40.89
0,40.92
0,40.92
0,40.92
0,40.93
0,40.92
0,40.92
0,40.94
0,40.88
0,40.84
0,40.86
0,40.84
0,40.81
0,40.84
0,40.89
0,41.18
0,41.18
0,41.19
0,41.18
0,41.16
0,41.13
0,41.22
0,41.33
0,41.41
0,41.4
0,41.36
0,41.3
0,41.29
0,41.32
0,41.37
0,41.3
0,41.29
0,41.24
0,41.25
0,41.32
0,41.34
0,41.38
0,41.36
0,41.36
0,41.39
0,41.32
0,41.37
0,41.36
0,41.4
0,41.39
0,41.46
0,41.46
0,41.52
0,41.51
0,41.5
0,41.5
0,41.53
0,41.52
0,41.48
0,41.51
0,41.55
0,41.55
0,41.52
0,41.5
0,41.48
0,41.42
0,41.43
0,41.38
0,41.38
0,41.4
0,41.36
0,41.3
0,41.34
0,41.48
0,41.58
0,41.55
0,41.62
0,41.64
0,41.65
0,41.7
0,41.72
0,41.75
0,41.74
0,41.75
0,41.68
0,41.62
0,41.65
0,41.64
0,41.65
0,41.68
0,41.61
0,41.57
0,41.54
0,41.54
0,41.5
0,41.48
0,41.48
0,41.52
0,41.5
0,41.46
0,41.49
0,41.5
0,41.54
0,41.52
0,41.54
0,41.51
0,41.51
0,41.52
0,41.52
0,41.55
0,41.58
0,41.62
0,41.69
0,41.72
0,41.78
0,41.8
0,41.78
0,41.72
0,41.69
0,41.69
0,41.73
0,41.74
0,41.75
0,41.73
0,41.7
0,41.64
0,41.58
0,41.52
0,41.54
0,41.58
0,41.61
0,41.58
0,41.56
0,41.53
0,41.58
0,41.54
0,41.5
0,41.48
0,41.48
0,41.48
0,41.5
0,41.46
0,41.46
0,41.46
0,41.49
0,41.51
0,41.5
0,41.52
0,41.47
0,41.44
0,41.46
0,41.52
0,41.52
0,41.51
0,41.53
0,41.49
0,41.54
0,41.52
0,41.57
0,41.61
0,41.59
0,41.64
0,41.64
0,41.64
0,41.64
0,41.65
0,41.61
0,41.64
0,41.66
0,41.67
0,41.66
0,41.66
0,41.64
0,41.59
0,41.5
0,41.54
0,41.54
0,41.57
0,41.58
0,41.6
0,41.6
0,41.62
0,41.64
0,41.67
0,41.66
0,41.64
0,41.66
0,41.66
0,41.69
0,41.72
0,41.74
0,41.73
0,41.74
0,41.74
0,41.71
0,41.69
0,41.68
0,41.68
0,41.67
0,41.65
0,41.64
0,41.6
0,41.58
0,41.61
0,41.62
0,41.62
0,41.62
0,41.64
0,41.63
0,41.64
0,41.64
0,41.67
0,41.68
0,41.67
0,41.67
0,41.64
0,41.64
0,41.66
0,41.68
0,41.68
0,41.65
0,41.65
0,41.62
0,41.63
0,41.64
0,41.62
0,41.62
0,41.64
0,41.62
0,41.66
0,41.64
0,41.66
0,41.65
0,41.67
0,41.66
0,41.66
0,41.68
0,41.68
0,41.68
0,41.67
0,41.67
0,41.64
0,41.66
0,41.63
0,41.6
0,41.56
0,41.6
0,41.58
0,41.58
0,41.62
0,41.62
0,41.63
0,41.64
0,41.64
0,41.58
0,41.57
0,41.58
0,41.57
0,41.58
0,41.57
0,41.56
0,41.59
0,41.62
0,41.63
0,41.61
0,41.58
0,41.54
0,41.54
0,41.54
0,41.51
0,41.49
0,41.48
0,41.46
0,41.42
0,41.45
0,41.46
0,41.45
0,41.42
0,41.46
0,41.47
0,41.51
0,41.51
0,41.48
0,41.53
0,41.52
0,41.52
0,41.52
0,41.48
0,41.47
0,41.44
0,41.48
0,41.45
0,41.44
0,41.42
0,41.46
0,41.5
0,41.48
0,41.46
0,41.4
0,41.39
0,41.4
0,41.44
0,41.42
0,41.42
0,41.42
0,41.4
0,41.41
0,41.44
0,41.46
0,41.46
0,41.42
0,41.44
0,41.44
0,41.44
0,41.46
0,41.46
0,41.46
0,41.46
0,41.46
0,41.46
0,41.44
0,41.46
0,41.44
0,41.44
0,41.48
0,41.48
0,41.5
0,41.5
0,41.49
0,41.5
0,41.5
0,41.52
0,41.54
0,41.56
0,41.54
0,41.54
0,41.52
0,41.46
0,41.46
0,41.48
0,41.48
0,41.49
0,41.48
0,41.48
0,41.46
0,41.46
0,41.5
0,41.45
0,41.45
0,41.46
0,41.46
0,41.54
0,41.5
0,41.52
0,41.54
0,41.58
0,41.65
0,41.64
0,41.64
0,41.62
0,41.63
0,41.59
0,41.61
0,41.6
0,41.61
0,41.64
0,41.64
0,41.66
0,41.64
0,41.65
0,41.66
0,41.6
0,41.55
0,41.58
0,41.57
0,41.54
0,41.56
0,41.52
0,41.54
0,41.53
0,41.56
0,41.58
0,41.61
0,41.64
0,41.66
0,41.67
0,41.66
0,41.66
0,41.65
0,41.63
0,41.62
0,41.59
0,41.62
0,41.61
0,41.61
0,41.64
0,41.67
0,41.68
0,41.68
0,41.68
0,41.64
0,41.66
0,41.66
0,41.66
0,41.67
0,41.65
0,41.72
0,41.74
0,41.71
0,41.68
0,41.64
0,41.58
0,41.62
0,41.67
0,41.6
0,41.61
0,41.48
0,41.55
0,41.56
0,41.54
0,41.56
0,41.6
0,41.68
0,41.67
0,41.74
0,41.75
0,41.7
0,41.71
0,41.7
0,41.71
0,41.67
0,41.65
0,41.64
0,41.6
0,41.58
0,41.64
0,41.61
0,41.6
0,41.61
0,41.57
0,41.64
0,41.61
0,41.66
0,41.72
0,41.78
0,41.79
0,41.76
0,41.78
0,41.78
0,41.8
0,41.8
0,41.78
0,41.74
0,41.77
0,41.78
0,41.75
0,41.74
0,41.79
0,41.82
0,41.8
0,41.77
0,41.69
0,41.72
0,41.78
0,41.78
0,41.75
0,41.76
0,41.73
0,41.74
0,41.72
0,41.68
0,41.7
0,41.7
0,41.74
0,41.7
0,41.8
0,41.76
0,41.74
0,41.78
0,41.78
0,41.73
0,41.74
0,41.72
0,41.82
0,41.84
0,41.8
0,41.84
0,41.82
0,41.84
0,41.82
0,41.86
0,41.84
0,41.88
0,41.91
0,41.87
0,41.86
0,41.98
0,41.96
0,41.97
0,41.96
0,41.96
0,42
0,42.06
0,42.03
0,42
0,41.99
0,42.02
0,41.98
0,42
0,42.01
0,42.04
0,42.08
0,42.04
0,42.02
0,42.03
0,42.04
0,42.05
0,42.08
0,42.08
0,42.08
0,42.08
0,42.06
0,42.08
0,42.08
0,42.09
0,42.07
0,42.06
0,42.11
0,42.12
0,42.1
0,42.1
0,42.14
0,42.14
0,42.14
0,42.14
0,42.13
0,42.2
0,42.2
0,42.24
0,42.22
0,42.2
0,42.23
0,42.24
0,42.22
0,42.23
0,42.25
0,42.24
0,42.25
0,42.18
0,42.25
0,42.24
0,42.24
0,42.28
0,42.3
0,42.3
0,42.3
0,42.32
0,42.34
0,42.34
0,42.36
0,42.35
0,42.34
0,42.34
0,42.3
0,42.31
0,42.28
0,42.31
0,42.3
0,42.3
0,42.25
0,42.27
0,42.28
0,42.31
0,42.32
0,42.3
0,42.3
0,42.26
0,42.26
0,42.27
0,42.28
0,42.27
0,42.28
0,42.32
0,42.32
0,42.38
0,42.36
0,42.39
0,42.36
0,42.37
0,42.38
0,42.34
0,42.32
0,42.35
0,42.35
0,42.35
0,42.37
0,42.34
0,42.37
0,42.4
0,42.41
0,42.42
0,42.38
0,42.38
0,42.38
0,42.37
0,42.4
0,42.42
0,42.43
0,42.44
0,42.44
0,42.38
0,42.39
0,42.35
0,42.38
0,42.38
0,42.4
0,42.4
0,42.43
0,42.43
0,42.42
0,42.4
0,42.44
0,42.39
0,42.38
0,42.4
0,42.42
0,42.4
0,42.37
0,42.38
0,42.36
0,42.37
0,42.36
0,42.4
0,42.43
0,42.42
0,42.42
0,42.42
0,42.42
0,42.4
0,42.42
0,42.39
0,42.39
0,42.42
0,42.4
0,42.39
0,42.39
0,42.39
0,42.38
0,42.38
0,42.36
0,42.37
0,42.36
0,42.36
0,42.4
0,42.42
0,42.44
0,42.43
0,42.42
0,42.4
0,42.39
0,42.38
0,42.4
0,42.39
0,42.38
0,42.4
0,42.39
0,42.4
0,42.35
0,42.32
0,42.34
0,42.29
0,42.28
0,42.27
0,42.29
0,42.3
0,42.3
0,42.32
0,42.32
0,42.3
0,42.3
0,42.3
0,42.32
0,42.36
0,42.36
0,42.34
0,42.36
0,42.35
0,42.32
0,42.34
0,42.28
0,42.28
0,42.28
0,42.31
0,42.28
0,42.3
0,42.26
0,42.29
0,42.29
0,42.28
0,42.26
0,42.3
0,42.3
0,42.31
0,42.32
0,42.32
0,42.32
0,42.32
0,42.3
0,42.33
0,42.3
0,42.31
0,42.32
0,42.33
0,42.33
0,42.32
0,42.3
0,42.31
0,42.31
0,42.3
0,42.3
0,42.28
0,42.26
0,42.29
0,42.28
0,42.3
0,42.29
0,42.25
0,42.28
0,42.29
0,42.28
0,42.28
0,42.28
0,42.27
0,42.22
0,42.24
0,42.22
0,42.2
0,42.2
0,42.2
0,42.2
0,42.19
0,42.2
0,42.22
0,42.21
0,42.24
0,42.26
0,42.24
0,42.23
0,42.22
0,42.2
0,42.21
0,42.24
0,42.22
0,42.2
0,42.22
0,42.22
0,42.24
0,42.23
0,42.24
0,42.24
0,42.23
0,42.2
0,42.2
0,42.2
0,42.2
0,42.2
0,42.21
0,42.21
0,42.24
0,42.22
0,42.18
0,42.14
0,42.16
0,42.16
0,42.16
0,42.16
0,42.17
0,42.18
0,42.15
0,42.1
0,42.12
0,42.12
0,42.1
0,42.13
0,42.12
0,42.17
0,42.16
0,42.17
0,42.16
0,42.15
0,42.13
0,42.12
0,42.15
0,42.16
0,42.12
0,42.06
0,42.01
0,42.03
0,42.02
0,42.22
0,42.28
0,42.38
0,42.25
0,42.28
0,42.32
0,42.32
0,42.36
0,42.32
0,42.28
0,42.27
0,42.32
0,42.36
0,42.38
0,42.39
0,42.38
0,42.36
0,42.32
0,42.22
0,42.25
0,42.24
0,42.28
0,42.28
0,42.24
0,42.18
0,42.25
0,42.21
0,42.19
0,42.17
0,42.22
0,42.19
0,42.25
0,42.24
0,42.28
0,42.3
0,42.34
0,42.32
0,42.28
0,42.3
0,42.3
0,42.3
0,42.26
0,42.24
0,42.21
0,42.18
0,42.12
0,42.14
0,42.15
0,42.11
0,42.1
0,42.06
0,42.12
0,42.1
0,42.06
0,42.06
0,42.03
0,42.09
0,42.12
0,42.14
0,42.12
0,42.14
0,42.12
0,42.08
0,42.1
0,42.08
0,42.11
0,42.06
0,42.06
0,42.06
0,42.12
0,42.12
0,42.12
0,42.1
0,42.19
0,42.18
0,42.16
0,42.18
0,42.2
0,42.2
0,42.2
0,42.2
0,42.18
0,42.22
0,42.2
0,42.18
0,42.22
0,42.21
0,42.25
0,42.26
0,42.3
0,42.33
0,42.36
0,42.32
0,42.36
0,42.35
0,42.36
0,42.34
0,42.32
0,42.32
0,42.33
0,42.32
0,42.33
0,42.34
0,42.32
0,42.34
0,42.34
0,42.38
0,42.42
0,42.4
0,42.4
0,42.38
0,42.38
0,42.38
0,42.37
0,42.4
0,42.39
0,42.43
0,42.43
0,42.43
0,42.44
0,42.44
0,42.38
0,42.36
0,42.4
0,42.42
0,42.42
0,42.42
0,42.43
0,42.42
0,42.44
0,42.46
0,42.5
0,42.5
0,42.49
0,42.48
0,42.5
0,42.53
0,42.54
0,42.53
0,42.54
0,42.5
0,42.51
0,42.5
0,42.48
0,42.51
0,42.52
0,42.52
0,42.49
0,42.52
0,42.48
0,42.52
0,42.52
0,42.49
0,42.5
0,42.52
0,42.5
0,42.48
0,42.47
0,42.48
0,42.48
0,42.48
0,42.48
0,42.46
0,42.45
0,42.47
0,42.5
0,42.49
0,42.5
0,42.47
0,42.48
0,42.47
0,42.48
0,42.46
0,42.48
0,42.48
0,42.5
0,42.5
0,42.52
0,42.5
0,42.51
0,42.47
0,42.44
0,42.45
0,42.46
0,42.39
0,42.4
0,42.41
0,42.38
0,42.38
0,42.36
0,42.38
0,42.38
0,42.39
0,42.52
0,42.6
0,42.52
0,42.47
0,42.44
0,42.41
0,42.38
0,42.38
0,42.4
0,42.46
0,42.47
0,42.48
0,42.62
0,42.6
0,42.62
0,42.59
0,42.64
0,42.6
0,42.6
0,42.54
0,42.52
0,42.58
0,42.52
0,42.51
0,42.5
0,42.44
0,42.42
0,42.44
0,42.42
0,42.43
0,42.46
0,42.46
0,42.5
0,42.52
0,42.49
0,42.48
0,42.48
0,42.48
0,42.48
0,42.51
0,42.54
0,42.51
0,42.52
0,42.51
0,42.53
0,42.54
0,42.56
0,42.56
0,42.56
0,42.6
0,42.6
0,42.6
0,42.58
0,42.56
0,42.54
0,42.52
0,42.54
0,42.55
0,42.55
0,42.54
0,42.52
0,42.5
0,42.51
0,42.47
0,42.48
0,42.5
0,42.52
0,42.56
0,42.56
0,42.56
0,42.64
0,42.64
0,42.64
0,42.62
0,42.6
0,42.6
0,42.58
0,42.59
0,42.57
0,42.6
0,42.58
0,42.56
0,42.56
0,42.57
0,42.52
0,42.5
0,42.52
0,42.53
0,42.55
0,42.53
0,42.54
0,42.53
0,42.53
0,42.54
0,42.55
0,42.55
0,42.53
0,42.53
0,42.51
0,42.52
0,42.52
0,42.49
0,42.52
0,42.54
0,42.53
0,42.53
0,42.55
0,42.56
0,42.62
0,42.64
0,42.64
0,42.64
0,42.66
0,42.64
0,42.61
0,42.64
0,42.64
0,42.62
0,42.62
0,42.63
0,42.64
0,42.62
0,42.62
0,42.6
0,42.58
0,42.61
0,42.64
0,42.62
0,42.6
0,42.56
0,42.56
0,42.56
0,42.56
0,42.58
0,42.57
0,42.58
0,42.58
0,42.57
0,42.58
0,42.58
0,42.53
0,42.51
0,42.52
0,42.49
0,42.48
0,42.52
0,42.56
0,42.56
0,42.54
0,42.54
0,42.54
0,42.54
0,42.53
0,42.52
0,42.52
0,42.52
0,42.51
0,42.52
0,42.5
0,42.51
0,42.5
0,42.5
0,42.51
0,42.53
0,42.54
0,42.55
0,42.57
0,42.6
0,42.6
0,42.62
0,42.63
0,42.6
0,42.58
0,42.61
0,42.6
0,42.62
0,42.62
0,42.62
0,42.61
0,42.59
0,42.58
0,42.58
0,42.6
0,42.6
0,42.62
0,42.62
0,42.6
0,42.56
0,42.56
0,42.58
0,42.62
0,42.62
0,42.63
0,42.66
0,42.68
0,42.68
0,42.66
0,42.69
0,42.69
0,42.76
0,42.81
0,42.87
0,42.89
0,42.92
0,42.96
0,42.97
0,42.92
0,42.84
0,42.89
0,42.92
0,42.88
0,42.94
0,42.97
0,42.91
0,42.94
0,42.89
0,42.84
0,42.9
0,42.93
0,42.94
0,42.94
0,42.96
0,42.94
0,42.93
0,42.93
0,42.92
0,42.92
0,42.97
0,43.06
0,43.08
0,43.09
0,43.04
0,43.09
0,43.1
0,43.05
0,43.08
0,43.1
0,43.1
0,43.16
0,43.24
0,43.26
0,43.2
0,43.16
0,43.21
0,43.2
0,43.21
0,43.16
0,43.17
0,43.24
0,43.21
0,43.14
0,43.16
0,43.16
0,43.16
0,43.14
0,43.14
0,43.14
0,43.14
0,43.1
0,43.1
0,43.1
0,43.1
0,43.08
0,43.14
0,43.1
0,43.1
0,43.08
0,43.06
0,43.09
0,43.1
0,43.14
0,43.1
0,43.1
0,43.08
0,43.1
0,43.09
0,43.1
0,43.12
0,43.12
0,43.15
0,43.2
0,43.17
0,43.16
0,43.18
0,43.17
0,43.12
0,43.12
0,43.1
0,43.12
0,43.11
0,43.12
0,43.16
0,43.14
0,43.14
0,43.1
0,43.04
0,43.02
0,43.04
0,43.06
0,43.08
0,43.07
0,43.1
0,43.1
0,43.1
0,43.07
0,43.06
0,43.06
0,43.02
0,43
0,43.02
0,43.01
0,43.06
0,43.06
0,43.08
0,43.08
0,43.1
0,43.12
0,43.1
0,43.12
0,43.14
0,43.13
0,43.12
0,43.16
0,43.12
0,43.1
0,43.12
0,43.09
0,43.12
0,43.06
0,43.05
0,43.08
0,43.1
0,43.16
0,43.13
0,43.08
0,43.08
0,43.1
0,43.09
0,43.09
0,43.12
0,43.19
0,43.17
0,43.16
0,43.17
0,43.16
0,43.15
0,43.16
0,43.16
0,43.12
0,43.11
0,43.12
0,43.13
0,43.14
0,43.14
0,43.11
0,43.1
0,43.1
0,43.1
0,43.1
0,43.11
0,43.12
0,43.12
0,43.1
0,43.12
0,43.12
0,43.12
0,43.12
0,43.12
0,43.14
0,43.16
0,43.13
0,43.14
0,43.12
0,43.11
0,43.12
0,43.13
0,43.12
0,43.12
0,43.12
0,43.09
0,43.1
0,43.12
0,43.18
0,43.17
0,43.19
0,43.18
0,43.19
0,43.2
0,43.2
0,43.2
0,43.25
0,43.28
0,43.3
0,43.32
0,43.3
0,43.32
0,43.32
0,43.32
0,43.32
0,43.33
0,43.32
0,43.32
0,43.34
0,43.32
0,43.32
0,43.34
0,43.33
0,43.3
0,43.32
0,43.32
0,43.32
0,43.31
0,43.31
0,43.28
0,43.31
0,43.32
0,43.25
0,43.29
0,43.3
0,43.31
0,43.34
0,43.32
0,43.32
0,43.32
0,43.36
0,43.38
0,43.4
0,43.38
0,43.38
0,43.37
0,43.36
0,43.36
0,43.36
0,43.39
0,43.4
0,43.43
0,43.44
0,43.42
0,43.44
0,43.42
0,43.4
0,43.35
0,43.36
0,43.36
0,43.34
0,43.32
0,43.35
0,43.36
0,43.38
0,43.36
0,43.34
0,43.39
0,43.38
0,43.38
0,43.39
0,43.4
0,43.36
0,43.36
0,43.34
0,43.34
0,43.36
0,43.38
0,43.37
0,43.37
0,43.39
0,43.4
0,43.42
0,43.45
0,43.42
0,43.36
0,43.39
0,43.38
0,43.42
0,43.38
0,43.38
0,43.39
0,43.43
0,43.42
0,43.37
0,43.36
0,43.38
0,43.36
0,43.36
0,43.36
0,43.3
0,43.24
0,43.26
0,43.23
0,43.22
0,43.2
0,43.22
0,43.22
0,43.2
0,43.23
0,43.2
0,43.19
0,43.17
0,43.2
0,43.21
0,43.19
0,43.23
0,43.21
0,43.2
0,43.22
0,43.21
0,43.2
0,43.19
0,43.19
0,43.18
0,43.19
0,43.24
0,43.24
0,43.26
0,43.29
0,43.28
0,43.26
0,43.24
0,43.24
0,43.24
0,43.2
0,43.22
0,43.2
0,43.2
0,43.19
0,43.2
0,43.18
0,43.18
0,43.18
0,43.18
0,43.15
0,43.12
0,43.12
0,43.16
0,43.16
0,43.14
0,43.13
0,43.12
0,43.14
0,43.16
0,43.17
0,43.16
0,43.17
0,43.16
0,43.17
0,43.15
0,43.14
0,43.16
0,43.18
0,43.22
0,43.22
0,43.22
0,43.21
0,43.22
0,43.21
0,43.2
0,43.17
0,43.12
0,43.1
0,43.09
0,43.08
0,43.06
0,43.05
0,43.03
0,43.06
0,43.06
0,43.07
0,43.05
0,43.02
0,43.01
0,43
0,43.01
0,42.99
0,42.96
0,42.96
0,42.93
0,42.92
0,42.96
0,43
0,43
0,43.02
0,43.08
0,43.06
0,42.98
0,43
0,42.97
0,42.96
0,42.94
0,43
0,42.96
0,42.97
0,42.94
0,42.94
0,42.96
0,42.94
0,42.96
0,42.97
0,42.94
0,42.88
0,42.86
0,42.86
0,42.88
0,42.86
0,42.82
0,42.84
0,42.84
0,42.82
0,42.81
0,42.86
0,42.9
0,42.9
0,42.92
0,42.96
0,42.94
0,42.92
0,42.9
0,42.96
0,43
0,43
0,42.96
0,42.92
0,42.98
0,42.94
0,42.93
0,42.91
0,42.91
0,42.88
0,42.88
0,42.92
0,42.92
0,42.92
0,42.93
0,42.92
0,42.98
0,42.98
0,42.96
0,42.96
0,42.92
0,42.94
0,42.96
0,43.03
0,43.03
0,43
0,43.03
0,43.08
0,43.06
0,43.01
0,43.02
0,43.03
0,43
0,43
0,43.02
0,43.01
0,43
0,43.02
0,43.02
0,43.02
0,43.05
0,43.03
0,43.04
0,43.03
0,43.02
0,43.02
0,43.04
0,43.05
0,43.05
0,43.04
0,43.04
0,43.08
0,43.1
0,43.12
0,43.1
0,43.1
0,43.1
0,43.11
0,43.13
0,43.14
0,43.1
0,43.12
0,43.1
0,43.1
0,43.12
0,43.11
0,43.1
0,43.16
0,43.15
0,43.18
0,43.16
0,43.17
0,43.14
0,43.12
0,43.12
0,43.12
0,43.16
0,43.12
0,43.1
0,43.08
0,43.11
0,43.14
0,43.13
0,43.13
0,43.16
0,43.18
0,43.2
0,43.22
0,43.19
0,43.18
0,43.16
0,43.16
0,43.14
0,43.16
0,43.16
0,43.12
0,43.12
0,43.11
0,43.11
0,43.12
0,43.12
0,43.07
0,43.09
0,43.1
0,43.11
0,43.13
0,43.12
0,43.1
0,43.1
0,43.12
0,43.12
0,43.12
0,43.13
0,43.11
0,43.11
0,43.09
0,43.07
0,43.1
0,43.1
0,43.1
0,43.07
0,43.09
0,43.09
0,43.1
0,43.1
0,43.11
0,43.1
0,43.1
0,43.1
0,43.11
0,43.09
0,43.12
0,43.12
0,43.14
0,43.14
0,43.13
0,43.14
0,43.16
0,43.14
0,43.14
0,43.15
0,43.18
0,43.16
0,43.14
0,43.14
0,43.16
0,43.14
0,43.15
0,43.14
0,43.14
0,43.14
0,43.12
0,43.12
0,43.12
0,43.14
0,43.14
0,43.15
0,43.2
0,43.22
0,43.2
0,43.21
0,43.2
0,43.2
0,43.18
0,43.17
0,43.16
0,43.16
0,43.18
0,43.16
0,43.15
0,43.15
0,43.12
0,43.12
0,43.08
0,43.08
0,43.04
0,43.03
0,43.02
0,42.98
0,43
0,42.99
0,42.98
0,42.97
0,42.96
0,42.98
0,43
0,43
0,43
0,43.01
0,43
0,42.98
0,43.01
0,43.02
0,43.02
0,43.03
0,43.06
0,43.06
0,43.06
0,43.05
0,43.03
0,43.02
0,43.04
0,43.04
0,43.04
0,43.02
0,43.02
0,43.02
0,43.04
0,43.02
0,42.98
0,42.98
0,42.96
0,43
0,43.04
0,43.01
0,43.03
0,43.04
0,43.03
0,43.06
0,43.05
0,43.08
0,43.07
0,43.08
0,43.08
0,43.08
0,43.13
0,43.14
0,43.12
0,43.16
0,43.2
0,43.2
0,43.22
0,43.24
0,43.25
0,43.23
0,43.24
0,43.25
0,43.26
0,43.28
0,43.25
0,43.24
0,43.22
0,43.24
0,43.25
0,43.22
0,43.26
0,43.25
0,43.26
0,43.29
0,43.28
0,43.28
0,43.31
0,43.27
0,43.26
0,43.23
0,43.23
0,43.22
0,43.23
0,43.24
0,43.24
0,43.24
0,43.22
0,43.24
0,43.25
0,43.25
0,43.28
0,43.3
0,43.26
0,43.25
0,43.24
0,43.24
0,43.28
0,43.26
0,43.28
0,43.24
0,43.25
0,43.26
0,43.21
0,43.2
0,43.18
0,43.15
0,43.16
0,43.18
0,43.14
0,43.16
0,43.18
0,43.17
0,43.17
0,43.2
0,43.22
0,43.2
0,43.2
0,43.2
0,43.2
0,43.2
0,43.19
0,43.2
0,43.22
0,43.18
0,43.16
0,43.17
0,43.15
0,43.16
0,43.18
0,43.18
0,43.18
0,43.17
0,43.15
0,43.14
0,43.12
0,43.13
0,43.12
0,43.11
0,43.13
0,43.13
0,43.16
0,43.19
0,43.19
0,43.21
0,43.18
0,43.2
0,43.22
0,43.22
0,43.23
0,43.26
0,43.25
0,43.26
0,43.26
0,43.26
0,43.28
0,43.3
0,43.28
0,43.28
0,43.3
0,43.28
0,43.25
0,43.22
0,43.2
0,43.23
0,43.24
0,43.24
0,43.26
0,43.29
0,43.27
0,43.26
0,43.3
0,43.32
0,43.34
0,43.39
0,43.35
0,43.2
0,43.18
0,43.22
0,43.25
0,43.28
0,43.22
0,43.24
0,43.26
0,43.25
0,43.25
0,43.22
0,43.14
0,43.12
0,43.14
0,43.18
0,43.16
0,43.1
0,43.08
0,43.08
0,43.02
0,43.03
0,43.02
0,43.01
0,42.99
0,42.98
0,43.02
0,42.98
0,42.97
0,43
0,42.98
0,43
0,43.06
0,43.08
0,43.08
0,43.07
0,43.1
0,43.07
0,43.1
0,43.16
0,43.15
0,43.09
0,43.08
0,43.06
0,43.06
0,43.04
0,43.04
0,43.05
0,43.06
0,43.04
0,43.02
0,43
0,42.97
0,42.96
0,42.96
0,42.96
0,42.92
0,42.92
0,42.94
0,42.89
0,42.92
0,43.02
0,43.03
0,43.04
0,43.03
0,43.06
0,43.06
0,43.03
0,43.02
0,43.01
0,42.97
0,43
0,43
0,42.99
0,43
0,43
0,43.02
0,42.98
0,42.98
0,42.92
0,42.96
0,42.96
0,42.97
0,42.98
0,43
0,43
0,43.02
0,43.04
0,43.01
0,42.98
0,43
0,43
0,42.99
0,43
0,43
0,43.02
0,43.04
0,43.02
0,43
0,42.98
0,42.97
0,42.96
0,42.93
0,42.93
0,42.93
0,42.96
0,42.98
0,42.96
0,42.94
0,42.91
0,42.9
0,42.94
0,42.94
0,42.94
0,42.93
0,42.93
0,42.94
0,42.95
0,42.93
0,42.94
0,42.93
0,42.94
0,42.95
0,42.92
0,42.94
0,42.92
0,42.92
0,42.91
0,42.96
0,42.94
0,42.92
0,42.9
0,42.92
0,42.92
0,42.94
0,42.92
0,42.96
0,42.97
0,43.08
0,43.1
0,43.06
0,43.02
0,42.98
0,43
0,43.05
0,43.1
0,43.1
0,43.09
0,43.14
0,43.16
0,43.2
0,43.19
0,43.19
0,43.19
0,43.22
0,43.2
0,43.2
0,43.18
0,43.16
0,43.16
0,43.15
0,43.16
0,43.15
0,43.16
0,43.19
0,43.16
0,43.16
0,43.14
0,43.12
0,43.12
0,43.14
0,43.16
0,43.18
0,43.2
0,43.24
0,43.24
0,43.23
0,43.24
0,43.24
0,43.26
0,43.29
0,43.3
0,43.33
0,43.34
0,43.32
0,43.37
0,43.34
0,43.34
0,43.33
0,43.32
0,43.32
0,43.31
0,43.32
0,43.29
0,43.29
0,43.29
0,43.3
0,43.29
0,43.26
0,43.25
0,43.25
0,43.24
0,43.24
0,43.24
0,43.24
0,43.23
0,43.23
0,43.26
0,43.21
0,43.21
0,43.24
0,43.24
0,43.24
0,43.24
0,43.22
0,43.2
0,43.17
0,43.2
0,43.19
0,43.16
0,43.18
0,43.18
0,43.18
0,43.18
0,43.18
0,43.18
0,43.19
0,43.18
0,43.18
0,43.18
0,43.2
0,43.21
0,43.2
0,43.2
0,43.22
0,43.2
0,43.17
0,43.2
0,43.17
0,43.2
0,43.2
0,43.18
0,43.18
0,43.19
0,43.2
0,43.2
0,43.2
0,43.21
0,43.2
0,43.21
0,43.2
0,43.16
0,43.2
0,43.21
0,43.2
0,43.22
0,43.22
0,43.24
0,43.25
0,43.24
0,43.22
0,43.22
0,43.21
0,43.21
0,43.2
0,43.2
0,43.2
0,43.2
0,43.2
0,43.18
0,43.2
0,43.22
0,43.21
0,43.2
0,43.22
0,43.22
0,43.2
0,43.2
0,43.21
0,43.18
0,43.16
0,43.17
0,43.19
0,43.18
0,43.18
0,43.17
0,43.16
0,43.16
0,43.14
0,43.14
0,43.16
0,43.18
0,43.18
0,43.16
0,43.14
0,43.16
0,43.18
0,43.17
0,43.18
0,43.18
0,43.17
0,43.17
0,43.16
0,43.16
0,43.18
0,43.17
0,43.16
0,43.17
0,43.16
0,43.14
0,43.16
0,43.14
0,43.16
0,43.14
0,43.14
0,43.1
0,43.1
0,43.1
0,43.08
0,43.06
0,43.08
0,43.08
0,43.08
0,43.07
0,43.08
0,43.06
0,43.08
0,43.1
0,43.12
0,43.14
0,43.14
0,43.12
0,43.12
0,43.12
0,43.1
0,43.08
0,43.06
0,43.04
0,43.06
0,43.07
0,43.06
0,43.05
0,43.06
0,43.04
0,43.04
0,43.04
0,43.03
0,43.02
0,43.05
0,43.08
0,43.07
0,43.06
0,43.07
0,43.11
0,43.12
0,43.12
0,43.12
0,43.15
0,43.15
0,43.16
0,43.14
0,43.16
0,43.19
0,43.2
0,43.18
0,43.18
0,43.18
0,43.17
0,43.16
0,43.16
0,43.14
0,43.14
0,43.15
0,43.15
0,43.12
0,43.14
0,43.05
0,43
0,42.96
0,42.94
0,42.92
0,42.89
0,42.91
0,42.87
0,42.86
0,42.85
0,42.82
0,42.93
0,42.88
0,42.88
0,42.9
0,42.9
0,42.89
0,42.83
0,42.88
0,42.93
0,42.89
0,42.94
0,42.98
0,43.01
0,43
0,42.96
0,42.96
0,42.96
0,42.98
0,43
0,43.06
0,43.02
0,43.05
0,43.08
0,43.16
0,43.11
0,43.1
0,43.06
0,43.05
0,43.05
0,43.06
0,43
0,42.99
0,43
0,43
0,43.02
0,42.96
0,42.96
0,42.96
0,42.94
0,42.99
0,42.98
0,43
0,43
0,42.98
0,42.94
0,42.94
0,42.95
0,42.94
0,42.98
0,42.95
0,42.96
0,42.98
0,42.95
0,43.02
0,43.03
0,43.02
0,43.04
0,43.06
0,43.02
0,43.02
0,43.04
0,43.05
0,43.04
0,43
0,43
0,43
0,42.99
0,42.96
0,42.96
0,42.95
0,42.97
0,42.98
0,42.96
0,42.94
0,42.96
0,42.98
0,43.01
0,42.99
0,42.96
0,42.96
0,42.91
0,42.94
0,42.96
0,42.95
0,42.95
0,42.92
0,42.93
0,42.91
0,42.94
0,42.92
0,42.9
0,42.92
0,42.89
0,42.93
0,42.91
0,42.91
0,42.87
0,42.84
0,42.82
0,42.8
0,42.82
0,42.84
0,42.82
0,42.82
0,42.82
0,42.84
0,42.86
0,42.85
0,42.85
0,42.84
0,42.85
0,42.83
0,42.83
0,42.84
0,42.82
0,42.82
0,42.83
0,42.85
0,42.81
0,42.84
0,42.86
0,42.85
0,42.86
0,42.84
0,42.82
0,42.82
0,42.81
0,42.8
0,42.76
0,42.77
0,42.81
0,42.8
0,42.79
0,42.77
0,42.78
0,42.78
0,42.78
0,42.8
0,42.78
0,42.79
0,42.79
0,42.8
0,42.81
0,42.81
0,42.78
0,42.79
0,42.78
0,42.79
0,42.78
0,42.8
0,42.81
0,42.86
0,42.86
0,42.85
0,42.85
0,42.87
0,42.9
0,42.91
0,42.93
0,42.98
0,42.98
0,42.94
0,42.94
0,42.94
0,42.93
0,42.92
0,42.92
0,42.93
0,42.95
0,42.95
0,42.94
0,42.94
0,42.94
0,42.96
0,42.94
0,42.94
0,42.94
0,42.94
0,42.94
0,42.94
0,42.93
0,42.95
0,42.97
0,42.92
0,42.94
0,42.96
0,42.96
0,42.93
0,42.93
0,42.94
0,42.94
0,42.93
0,42.94
0,42.94
0,42.95
0,42.94
0,42.93
0,42.92
0,42.93
0,42.96
0,42.96
0,42.95
0,42.96
0,42.96
0,42.96
0,42.96
0,42.96
0,42.96
0,42.96
0,42.96
0,42.95
0,42.95
0,42.94
0,42.94
0,42.94
0,42.94
0,42.94
0,42.9
0,42.9
0,42.96
0,42.95
0,42.95
0,42.94
0,42.94
0,42.94
0,42.95
0,42.94
0,42.93
0,42.94
0,42.97
0,42.97
0,42.98
0,43
0,43.02
0,43
0,43
0,42.98
0,42.98
0,43
0,42.98
0,42.96
0,42.94
0,42.92
0,42.94
0,42.94
0,42.92
0,42.94
0,42.94
0,42.92
0,42.94
0,42.91
0,42.89
0,42.88
0,42.86
0,42.83
0,42.82
0,42.82
0,42.82
0,42.8
0,42.8
0,42.78
0,42.78
0,42.78
0,42.76
0,42.75
0,42.75
0,42.74
0,42.74
0,42.74
0,42.71
0,42.7
0,42.7
0,42.73
0,42.7
0,42.72
0,42.72
0,42.73
0,42.76
0,42.78
0,42.78
0,42.79
0,42.8
0,42.79
0,42.8
0,42.78
0,42.79
0,42.83
0,42.83
0,42.82
0,42.81
0,42.8
0,42.81
0,42.82
0,42.84
0,42.85
0,42.86
0,42.84
0,42.85
0,42.85
0,42.84
0,42.84
0,42.85
0,42.85
0,42.88
0,42.86
0,42.86
0,42.88
0,42.87
0,42.86
0,42.86
0,42.85
0,42.84
0,42.84
0,42.86
0,42.87
0,42.88
0,42.9
0,42.9
0,42.89
0,42.89
0,42.86
0,42.85
0,42.86
0,42.8
0,42.82
0,42.84
0,42.83
0,42.79
0,42.78
0,42.78
0,42.78
0,42.8
0,42.82
0,42.81
0,42.78
0,42.79
0,42.82
0,42.84
0,42.86
0,42.86
0,42.82
0,42.82
0,42.8
0,42.8
0,42.83
0,42.84
0,42.82
0,42.83
0,42.96
0,42.92
0,42.91
0,42.94
0,43.06
0,42.98
0,42.98
0,43.06
0,43.12
0,43.14
0,43.14
0,43.14
0,43.24
0,43.28
0,43.22
0,43.25
0,43.26
0,43.27
0,43.26
0,43.32
0,43.28
0,43.3
0,43.25
0,43.2
0,43.24
0,43.24
0,43.24
0,43.24
0,43.2
0,43.22
0,43.24
0,43.3
0,43.34
0,43.39
0,43.36
0,43.31
0,43.3
0,43.3
0,43.26
0,43.26
0,43.2
0,43.19
0,43.16
0,43.13
0,43.18
0,43.14
0,43.09
0,43.06
0,43.13
0,43.18
0,43.24
0,43.22
0,43.22
0,43.2
0,43.2
0,43.25
0,43.24
0,43.18
0,43.21
0,43.2
0,43.2
0,43.16
0,43.18
0,43.21
0,43.18
0,43.22
0,43.19
0,43.21
0,43.18
0,43.18
0,43.18
0,43.24
0,43.23
0,43.25
0,43.24
0,43.26
0,43.27
0,43.27
0,43.2
0,43.19
0,43.22
0,43.21
0,43.25
0,43.25
0,43.24
0,43.23
0,43.24
0,43.24
0,43.26
0,43.25
0,43.27
0,43.28
0,43.28
0,43.3
0,43.3
0,43.28
0,43.28
0,43.26
0,43.26
0,43.28
0,43.3
0,43.3
0,43.22
0,43.23
0,43.24
0,43.21
0,43.22
0,43.24
0,43.26
0,43.26
0,43.27
0,43.26
0,43.26
0,43.22
0,43.2
0,43.18
0,43.18
0,43.18
0,43.19
0,43.22
0,43.19
0,43.17
0,43.16
0,43.18
0,43.18
0,43.21
0,43.21
0,43.19
0,43.18
0,43.16
0,43.16
0,43.21
0,43.22
0,43.16
0,43.16
0,43.17
0,43.14
0,43.18
0,43.18
0,43.16
0,43.18
0,43.2
0,43.22
0,43.22
0,43.22
0,43.22
0,43.2
0,43.22
0,43.29
0,43.24
0,43.25
0,43.29
0,43.29
0,43.28
0,43.32
0,43.3
0,43.28
0,43.26
0,43.26
0,43.25
0,43.24
0,43.28
0,43.29
0,43.29
0,43.28
0,43.28
0,43.28
0,43.28
0,43.27
0,43.28
0,43.31
0,43.32
0,43.32
0,43.33
0,43.32
0,43.34
0,43.3
0,43.3
0,43.32
0,43.31
0,43.28
0,43.28
0,43.26
0,43.25
0,43.26
0,43.26
0,43.23
0,43.25
0,43.25
0,43.26
0,43.22
0,43.22
0,43.21
0,43.2
0,43.21
0,43.2
0,43.21
0,43.22
0,43.25
0,43.25
0,43.26
0,43.26
0,43.27
0,43.28
0,43.26
0,43.26
0,43.27
0,43.28
0,43.28
0,43.29
0,43.28
0,43.28
0,43.26
0,43.28
0,43.28
0,43.3
0,43.3
0,43.3
0,43.3
0,43.3
0,43.28
0,43.27
0,43.26
0,43.25
0,43.22
0,43.25
0,43.24
0,43.24
0,43.26
0,43.26
0,43.24
0,43.24
0,43.26
0,43.25
0,43.24
0,43.24
0,43.27
0,43.25
0,43.27
0,43.25
0,43.26
0,43.27
0,43.26
0,43.25
0,43.28
0,43.28
0,43.23
0,43.24
0,43.24
0,43.24
0,43.26
0,43.24
0,43.22
0,43.2
0,43.19
0,43.24
0,43.24
0,43.25
0,43.25
0,43.24
0,43.23
0,43.22
0,43.22
0,43.24
0,43.24
0,43.23
0,43.23
0,43.2
0,43.2
0,43.23
0,43.24
0,43.24
0,43.24
0,43.26
0,43.28
0,43.28
0,43.28
0,43.31
0,43.32
0,43.32
0,43.32
0,43.32
0,43.32
0,43.32
0,43.31
0,43.33
0,43.3
0,43.32
0,43.32
0,43.31
0,43.33
0,43.34
0,43.34
0,43.3
0,43.3
0,43.3
0,43.25
0,43.23
0,43.24
0,43.23
0,43.26
0,43.28
0,43.29
0,43.28
0,43.28
0,43.25
0,43.28
0,43.24
0,43.26
0,43.31
0,43.3
0,43.28
0,43.3
0,43.3
0,43.3
0,43.31
0,43.28
0,43.31
0,43.32
0,43.3
0,43.32
0,43.3
0,43.3
0,43.3
0,43.28
0,43.28
0,43.28
0,43.28
0,43.3
0,43.28
0,43.31
0,43.3
0,43.31
0,43.3
0,43.29
0,43.3
0,43.32
0,43.33
0,43.34
0,43.35
0,43.36
0,43.34
0,43.34
0,43.34
0,43.36
0,43.36
0,43.35
0,43.36
0,43.37
0,43.39
0,43.37
0,43.34
0,43.37
0,43.36
0,43.36
0,43.39
0,43.41
0,43.38
0,43.4
0,43.38
0,43.41
0,43.42
0,43.39
0,43.4
0,43.4
0,43.39
0,43.38
0,43.38
0,43.42
0,43.44
0,43.43
0,43.43
0,43.44
0,43.42
0,43.43
0,43.45
0,43.43
0,43.42
0,43.42
0,43.42
0,43.46
0,43.44
0,43.44
0,43.47
0,43.5
0,43.6
0,43.58
0,43.56
0,43.62
0,43.6
0,43.55
0,43.62
0,43.69
0,43.8
0,43.8
0,43.75
0,43.76
0,43.73
0,43.66
0,43.69
0,43.68
0,43.66
0,43.67
0,43.67
0,43.66
0,43.66
0,43.66
0,43.72
0,43.72
0,43.74
0,43.7
0,43.68
0,43.68
0,43.68
0,43.64
0,43.62
0,43.7
0,43.66
0,43.66
0,43.66
0,43.64
0,43.64
0,43.62
0,43.62
0,43.63
0,43.64
0,43.59
0,43.59
0,43.59
0,43.58
0,43.58
0,43.6
0,43.6
0,43.56
0,43.56
0,43.52
0,43.5
0,43.54
0,43.58
0,43.6
0,43.59
0,43.56
0,43.51
0,43.52
0,43.52
0,43.51
0,43.52
0,43.48
0,43.48
0,43.46
0,43.47
0,43.5
0,43.52
0,43.5
0,43.51
0,43.52
0,43.52
0,43.5
0,43.52
0,43.52
0,43.52
0,43.5
0,43.52
0,43.5
0,43.5
0,43.52
0,43.47
0,43.48
0,43.46
0,43.44
0,43.46
0,43.48
0,43.5
0,43.48
0,43.52
0,43.5
0,43.5
0,43.46
0,43.45
0,43.44
0,43.44
0,43.42
0,43.43
0,43.41
0,43.42
0,43.39
0,43.42
0,43.41
0,43.41
0,43.43
0,43.45
0,43.44
0,43.46
0,43.44
0,43.44
0,43.47
0,43.46
0,43.45
0,43.44
0,43.42
0,43.44
0,43.45
0,43.46
0,43.45
0,43.46
0,43.47
0,43.48
0,43.5
0,43.5
0,43.51
0,43.48
0,43.5
0,43.47
0,43.48
0,43.48
0,43.47
0,43.48
0,43.44
0,43.4
0,43.4
0,43.38
0,43.42
0,43.42
0,43.41
0,43.39
0,43.4
0,43.38
0,43.4
0,43.43
0,43.46
0,43.46
0,43.46
0,43.45
0,43.4
0,43.4
0,43.38
0,43.38
0,43.35
0,43.34
0,43.34
0,43.35
0,43.36
0,43.38
0,43.36
0,43.34
0,43.31
0,43.3
0,43.32
0,43.32
0,43.34
0,43.3
0,43.32
0,43.33
0,43.32
0,43.32
0,43.32
0,43.32
0,43.33
0,43.34
0,43.34
0,43.32
0,43.32
0,43.32
0,43.33
0,43.36
0,43.33
0,43.33
0,43.33
0,43.34
0,43.37
0,43.38
0,43.38
0,43.38
0,43.39
0,43.42
0,43.43
0,43.44
0,43.61
0,43.62
0,43.57
0,43.5
0,43.43
0,43.39
0,43.38
0,43.32
0,43.39
0,43.36
0,43.35
0,43.32
0,43.38
0,43.3
0,43.28
0,43.28
0,43.3
0,43.28
0,43.26
0,43.25
0,43.28
0,43.27
0,43.25
0,43.25
0,43.27
0,43.26
0,43.3
0,43.29
0,43.31
0,43.34
0,43.34
0,43.32
0,43.34
0,43.33
0,43.35
0,43.33
0,43.32
0,43.34
0,43.34
0,43.35
0,43.36
0,43.34
0,43.36
0,43.34
0,43.36
0,43.36
0,43.35
0,43.34
0,43.32
0,43.32
0,43.3
0,43.3
0,43.3
0,43.3
0,43.28
0,43.3
0,43.31
0,43.32
0,43.3
0,43.32
0,43.32
0,43.34
0,43.34
0,43.36
0,43.36
0,43.36
0,43.38
0,43.38
0,43.38
0,43.36
0,43.36
0,43.34
0,43.34
0,43.36
0,43.37
0,43.37
0,43.36
0,43.38
0,43.38
0,43.37
0,43.38
0,43.41
0,43.4
0,43.42
0,43.43
0,43.42
0,43.44
0,43.47
0,43.46
0,43.44
0,43.46
0,43.48
0,43.48
0,43.46
0,43.46
0,43.54
0,43.48
0,43.49
0,43.47
0,43.47
0,43.48
0,43.46
0,43.46
0,43.46
0,43.46
0,43.46
0,43.43
0,43.34
0,43.39
0,43.36
0,43.36
0,43.33
0,43.34
0,43.3
0,43.28
0,43.29
0,43.3
0,43.32
0,43.31
0,43.28
0,43.27
0,43.28
0,43.3
0,43.3
0,43.28
0,43.28
0,43.31
0,43.33
0,43.32
0,43.32
0,43.32
0,43.35
0,43.34
0,43.34
0,43.32
0,43.36
0,43.38
0,43.38
0,43.38
0,43.38
0,43.33
0,43.3
0,43.28
0,43.32
0,43.3
0,43.33
0,43.32
0,43.33
0,43.33
0,43.31
0,43.32
0,43.32
0,43.32
0,43.32
0,43.33
0,43.35
0,43.33
0,43.32
0,43.36
0,43.36
0,43.34
0,43.34
0,43.32
0,43.3
0,43.28
0,43.27
0,43.42
0,43.41
0,43.41
0,43.4
0,43.37
0,43.28
0,43.14
0,43.08
0,43.06
0,43.08
0,43.1
0,43.12
0,43.05
0,43.08
0,43.03
0,43.04
0,43.08
0,43.09
0,43.06
0,43.16
0,43.15
0,43.18
0,43.16
0,43.14
0,43.18
0,43.13
0,43.2
0,43.1
0,43.07
0,43.08
0,43.06
0,43.08
0,43.09
0,43.11
0,43.02
0,43.03
0,43.05
0,43.06
0,43.08
0,43.08
0,43.05
0,43.08
0,43.11
0,43.14
0,43.12
0,43.13
0,43.13
0,43.16
0,43.12
0,43.12
0,43.08
0,43.06
0,43.05
0,43.06
0,43.03
0,43.06
0,43.07
0,43.07
0,43.04
0,43.04
0,43.07
0,43.14
0,43.15
0,43.18
0,43.18
0,43.21
0,43.18
0,43.18
0,43.18
0,43.18
0,43.15
0,43.19
0,43.2
0,43.21
0,43.22
0,43.21
0,43.19
0,43.19
0,43.17
0,43.16
0,43.16
0,43.16
0,43.16
0,43.17
0,43.18
0,43.17
0,43.16
0,43.13
0,43.11
0,43.14
0,43.14
0,43.16
0,43.18
0,43.18
0,43.16
0,43.16
0,43.15
0,43.14
0,43.13
0,43.11
0,43.12
0,43.13
0,43.14
0,43.13
0,43.12
0,43.1
0,43.09
0,43.1
0,43.09
0,43.1
0,43.12
0,43.11
0,43.12
0,43.11
0,43.11
0,43.12
0,43.12
0,43.13
0,43.14
0,43.14
0,43.16
0,43.18
0,43.19
0,43.18
0,43.17
0,43.18
0,43.18
0,43.16
0,43.18
0,43.2
0,43.2
0,43.22
0,43.2
0,43.2
0,43.22
0,43.2
0,43.22
0,43.2
0,43.2
0,43.2
0,43.19
0,43.18
0,43.17
0,43.18
0,43.18
0,43.2
0,43.21
0,43.21
0,43.22
0,43.24
0,43.24
0,43.23
0,43.24
0,43.2
0,43.22
0,43.24
0,43.21
0,43.23
0,43.22
0,43.25
0,43.28
0,43.27
0,43.26
0,43.24
0,43.24
0,43.22
0,43.22
0,43.21
0,43.22
0,43.22
0,43.22
0,43.21
0,43.22
0,43.18
0,43.14
0,43.13
0,43.12
0,43.11
0,43.11
0,43.1
0,43.08
0,43.1
0,43.1
0,43.1
0,43.08
0,43.1
0,43.09
0,43.1
0,43.09
0,43.1
0,43.1
0,43.1
0,43.1
0,43.1
0,43.12
0,43.1
0,43.12
0,43.1
0,43.1
0,43.1
0,43.1
0,43.12
0,43.12
0,43.09
0,43.1
0,43.1
0,43.12
0,43.1
0,43.09
0,43.08
0,43.08
0,43.1
0,43.1
0,43.11
0,43.1
0,43.1
0,43.09
0,43.1
0,43.1
0,43.09
0,43.1
0,43.1
0,43.1
0,43.12
0,43.16
0,43.18
0,43.18
0,43.17
0,43.18
0,43.2
0,43.2
0,43.2
0,43.18
0,43.21
0,43.24
0,43.2
0,43.2
0,43.2
0,43.2
0,43.2
0,43.18
0,43.18
0,43.2
0,43.2
0,43.19
0,43.19
0,43.19
0,43.18
0,43.16
0,43.2
0,43.18
0,43.18
0,43.18
0,43.2
0,43.18
0,43.18
0,43.18
0,43.2
0,43.19
0,43.19
0,43.2
0,43.2
0,43.2
0,43.18
0,43.18
0,43.18
0,43.17
0,43.19
0,43.19
0,43.2
0,43.19
0,43.18
0,43.18
0,43.18
0,43.14
0,43.15
0,43.15
0,43.17
0,43.16
0,43.16
0,43.17
0,43.16
0,43.19
0,43.14
0,43.14
0,43.15
0,43.14
0,43.14
0,43.14
0,43.16
0,43.16
0,43.16
0,43.16
0,43.17
0,43.16
0,43.12
0,43.14
0,43.12
0,43.09
0,43.11
0,43.12
0,43.19
0,43.21
0,43.26
0,43.31
0,43.26
0,43.31
0,43.32
0,43.4
0,43.4
0,43.39
0,43.38
0,43.41
0,43.4
0,43.36
0,43.39
0,43.38
0,43.37
0,43.3
0,43.26
0,43.28
0,43.24
0,43.22
0,43.24
0,43.25
0,43.28
0,43.24
0,43.24
0,43.27
0,43.3
0,43.29
0,43.31
0,43.3
0,43.3
0,43.3
0,43.28
0,43.28
0,43.26
0,43.27
0,43.26
0,43.24
0,43.22
0,43.24
0,43.25
0,43.24
0,43.25
0,43.28
0,43.26
0,43.25
0,43.26
0,43.29
0,43.31
0,43.34
0,43.34
0,43.34
0,43.38
0,43.36
0,43.34
0,43.32
0,43.32
0,43.32
0,43.34
0,43.34
0,43.34
0,43.36
0,43.36
0,43.35
0,43.4
0,43.37
0,43.38
0,43.39
0,43.4
0,43.37
0,43.34
0,43.35
0,43.36
0,43.38
0,43.4
0,43.4
0,43.4
0,43.4
0,43.68
0,43.7
0,43.72
0,43.74
0,43.83
0,43.87
0,43.92
0,43.78
0,43.7
0,43.71
0,43.72
0,43.72
0,43.7
0,43.69
0,43.72
0,43.76
0,43.79
0,43.82
0,43.85
0,43.86
0,43.88
0,43.88
0,43.93
0,43.92
0,43.9
0,43.9
0,43.89
0,43.98
0,43.95
0,43.91
0,43.94
0,43.89
0,43.9
0,43.9
0,43.89
0,43.89
0,43.92
0,43.88
0,43.86
0,43.9
0,43.92
0,43.96
0,43.97
0,43.95
0,43.93
0,43.94
0,43.94
0,43.98
0,43.97
0,44.03
0,44.04
0,44.04
0,44.06
0,44.08
0,44.08
0,44.12
0,44.14
0,44.13
0,44.14
0,44.12
0,44.18
0,44.21
0,44.18
0,44.18
0,44.18
0,44.16
0,44.14
0,44.11
0,44.12
0,44.12
0,44.13
0,44.15
0,44.18
0,44.2
0,44.21
0,44.22
0,44.22
0,44.2
0,44.18
0,44.18
0,44.18
0,44.19
0,44.2
0,44.17
0,44.16
0,44.16
0,44.15
0,44.16
0,44.16
0,44.16
0,44.18
0,44.18
0,44.2
0,44.22
0,44.24
0,44.26
0,44.31
0,44.26
0,44.25
0,44.24
0,44.21
0,44.2
0,44.21
0,44.24
0,44.24
0,44.21
0,44.22
0,44.19
0,44.17
0,44.18
0,44.2
0,44.18
0,44.2
0,44.24
0,44.25
0,44.26
0,44.24
0,44.24
0,44.28
0,44.28
0,44.31
0,44.26
0,44.29
0,44.28
0,44.29
0,44.29
0,44.28
0,44.29
0,44.3
0,44.28
0,44.29
0,44.28
0,44.28
0,44.3
0,44.28
0,44.26
0,44.32
0,44.29
0,44.32
0,44.31
0,44.29
0,44.29
0,44.3
0,44.34
0,44.34
0,44.32
0,44.35
0,44.34
0,44.38
0,44.42
0,44.42
0,44.44
0,44.42
0,44.43
0,44.46
0,44.45
0,44.42
0,44.4
0,44.43
0,44.4
0,44.4
0,44.44
0,44.44
0,44.48
0,44.47
0,44.47
0,44.48
0,44.5
0,44.48
0,44.49
0,44.47
0,44.48
0,44.48
0,44.48
0,44.51
0,44.49
0,44.5
0,44.48
0,44.5
0,44.49
0,44.48
0,44.5
0,44.48
0,44.47
0,44.48
0,44.48
0,44.46
0,44.46
0,44.46
0,44.46
0,44.44
0,44.44
0,44.41
0,44.38
0,44.35
0,44.34
0,44.36
0,44.34
0,44.34
0,44.34
0,44.36
0,44.32
0,44.31
0,44.3
0,44.31
0,44.31
0,44.36
0,44.36
0,44.36
0,44.36
0,44.36
0,44.37
0,44.36
0,44.34
0,44.32
0,44.32
0,44.3
0,44.3
0,44.28
0,44.3
0,44.28
0,44.28
0,44.31
0,44.32
0,44.32
0,44.28
0,44.28
0,44.28
0,44.28
0,44.28
0,44.3
0,44.32
0,44.32
0,44.3
0,44.29
0,44.28
0,44.31
0,44.29
0,44.28
0,44.25
0,44.24
0,44.25
0,44.24
0,44.24
0,44.26
0,44.25
0,44.25
0,44.23
0,44.23
0,44.23
0,44.22
0,44.22
0,44.24
0,44.25
0,44.23
0,44.25
0,44.24
0,44.26
0,44.25
0,44.25
0,44.25
0,44.25
0,44.24
0,44.24
0,44.25
0,44.26
0,44.25
0,44.27
0,44.29
0,44.3
0,44.29
0,44.28
0,44.3
0,44.29
0,44.29
0,44.28
0,44.27
0,44.28
0,44.28
0,44.28
0,44.28
0,44.27
0,44.25
0,44.24
0,44.25
0,44.26
0,44.28
0,44.29
0,44.29
0,44.27
0,44.28
0,44.27
0,44.28
0,44.28
0,44.28
0,44.24
0,44.24
0,44.24
0,44.24
0,44.25
0,44.24
0,44.25
0,44.28
0,44.28
0,44.27
0,44.25
0,44.28
0,44.29
0,44.3
0,44.31
0,44.31
0,44.31
0,44.32
0,44.32
0,44.31
0,44.32
0,44.34
0,44.34
0,44.35
0,44.38
0,44.38
0,44.35
0,44.32
0,44.33
0,44.32
0,44.32
0,44.34
0,44.34
0,44.34
0,44.34
0,44.32
0,44.32
0,44.32
0,44.35
0,44.35
0,44.36
0,44.38
0,44.37
0,44.38
0,44.36
0,44.37
0,44.39
0,44.38
0,44.33
0,44.31
0,44.3
0,44.32
0,44.31
0,44.31
0,44.3
0,44.31
0,44.28
0,44.26
0,44.22
0,44.23
0,44.26
0,44.28
0,44.26
0,44.25
0,44.28
0,44.27
0,44.26
0,44.28
0,44.3
0,44.32
0,44.32
0,44.3
0,44.29
0,44.28
0,44.26
0,44.25
0,44.23
0,44.24
0,44.26
0,44.18
0,44.18
0,44.18
0,44.22
0,44.06
0,43.94
0,43.88
0,43.8
0,43.86
0,43.89
0,43.92
0,43.98
0,43.92
0,43.9
0,43.82
0,43.8
0,43.73
0,43.72
0,43.71
0,43.73
0,43.7
0,43.68
0,43.66
0,43.63
0,43.6
0,43.62
0,43.64
0,43.64
0,43.62
0,43.61
0,43.6
0,43.62
0,43.66
0,43.72
0,43.68
0,43.65
0,43.65
0,43.62
0,43.64
0,43.64
0,43.63
0,43.62
0,43.63
0,43.64
0,43.6
0,43.6
0,43.6
0,43.61
0,43.62
0,43.64
0,43.62
0,43.65
0,43.66
0,43.72
0,43.68
0,43.7
0,43.72
0,43.68
0,43.69
0,43.68
0,43.67
0,43.71
0,43.71
0,43.66
0,43.62
0,43.56
0,43.62
0,43.66
0,43.64
0,43.65
0,43.64
0,43.62
0,43.65
0,43.62
0,43.6
0,43.59
0,43.58
0,43.62
0,43.64
0,43.61
0,43.56
0,43.56
0,43.54
0,43.58
0,43.58
0,43.62
0,43.58
0,43.59
0,43.58
0,43.58
0,43.58
0,43.56
0,43.54
0,43.54
0,43.53
0,43.59
0,43.58
0,43.58
0,43.58
0,43.6
0,43.62
0,43.58
0,43.58
0,43.56
0,43.59
0,43.6
0,43.6
0,43.62
0,43.6
0,43.58
0,43.58
0,43.58
0,43.58
0,43.56
0,43.57
0,43.57
0,43.58
0,43.58
0,43.58
0,43.58
0,43.6
0,43.61
0,43.6
0,43.6
0,43.6
0,43.6
0,43.6
0,43.6
0,43.6
0,43.58
0,43.6
0,43.58
0,43.58
0,43.58
0,43.58
0,43.54
0,43.53
0,43.52
0,43.52
0,43.54
0,43.55
0,43.54
0,43.58
0,43.56
0,43.53
0,43.56
0,43.54
0,43.52
0,43.51
0,43.49
0,43.5
0,43.5
0,43.42
0,43.42
0,43.42
0,43.41
0,43.44
0,43.42
0,43.45
0,43.45
0,43.48
0,43.48
0,43.52
0,43.52
0,43.52
0,43.52
0,43.54
0,43.53
0,43.56
0,43.56
0,43.55
0,43.58
0,43.58
0,43.56
0,43.58
0,43.6
0,43.58
0,43.6
0,43.58
0,43.58
0,43.56
0,43.52
0,43.52
0,43.49
0,43.5
0,43.48
0,43.51
0,43.46
0,43.44
0,43.44
0,43.44
0,43.45
0,43.44
0,43.44
0,43.39
0,43.38
0,43.37
0,43.36
0,43.38
0,43.38
0,43.39
0,43.38
0,43.36
0,43.34
0,43.31
0,43.32
0,43.3
0,43.29
0,43.27
0,43.28
0,43.28
0,43.3
0,43.28
0,43.28
0,43.29
0,43.28
0,43.29
0,43.3
0,43.36
0,43.34
0,43.32
0,43.32
0,43.34
0,43.38
0,43.38
0,43.39
0,43.39
0,43.38
0,43.35
0,43.38
0,43.43
0,43.42
0,43.42
0,43.44
0,43.44
0,43.44
0,43.46
0,43.46
0,43.46
0,43.46
0,43.46
0,43.46
0,43.48
0,43.49
0,43.52
0,43.55
0,43.5
0,43.5
0,43.47
0,43.45
0,43.46
0,43.44
0,43.46
0,43.46
0,43.47
0,43.48
0,43.48
0,43.46
0,43.45
0,43.46
0,43.46
0,43.45
0,43.48
0,43.48
0,43.46
0,43.47
0,43.48
0,43.45
0,43.42
0,43.43
0,43.4
0,43.42
0,43.42
0,43.42
0,43.44
0,43.43
0,43.43
0,43.42
0,43.41
0,43.43
0,43.41
0,43.4
0,43.42
0,43.43
0,43.45
0,43.45
0,43.43
0,43.43
0,43.41
0,43.38
0,43.36
0,43.36
0,43.34
0,43.36
0,43.36
0,43.34
0,43.36
0,43.32
0,43.32
0,43.33
0,43.33
0,43.34
0,43.32
0,43.33
0,43.31
0,43.31
0,43.32
0,43.32
0,43.3
0,43.29
0,43.28
0,43.24
0,43.28
0,43.25
0,43.24
0,43.24
0,43.23
0,43.26
0,43.26
0,43.26
0,43.24
0,43.27
0,43.26
0,43.26
0,43.3
0,43.3
0,43.29
0,43.3
0,43.3
0,43.29
0,43.3
0,43.27
0,43.26
0,43.24
0,43.25
0,43.26
0,43.25
0,43.24
0,43.27
0,43.29
0,43.32
0,43.32
0,43.34
0,43.36
0,43.37
0,43.38
0,43.36
0,43.39
0,43.37
0,43.38
0,43.38
0,43.4
0,43.39
0,43.4
0,43.39
0,43.41
0,43.38
0,43.36
0,43.36
0,43.34
0,43.31
0,43.34
0,43.29
0,43.28
0,43.32
0,43.47
0,43.48
0,43.5
0,43.46
0,43.42
0,43.38
0,43.38
0,43.4
0,43.38
0,43.38
0,43.37
0,43.38
0,43.41
0,43.36
0,43.38
0,43.38
0,43.42
0,43.44
0,43.45
0,43.48
0,43.74
0,43.73
0,43.76
0,43.76
0,43.76
0,43.75
0,43.8
0,43.72
0,43.76
0,43.81
0,43.76
0,43.67
0,43.64
0,43.62
0,43.65
0,43.6
0,43.6
0,43.55
0,43.61
0,43.58
0,43.56
0,43.57
0,43.57
0,43.62
0,43.62
0,43.58
0,43.62
0,43.61
0,43.58
0,43.58
0,43.63
0,43.59
0,43.64
0,43.61
0,43.62
0,43.62
0,43.59
0,43.58
0,43.56
0,43.6
0,43.61
0,43.61
0,43.6
0,43.64
0,43.64
0,43.62
0,43.6
0,43.6
0,43.57
0,43.54
0,43.5
0,43.53
0,43.49
0,43.5
0,43.48
0,43.5
0,43.48
0,43.46
0,43.44
0,43.44
0,43.44
0,43.41
0,43.42
0,43.43
0,43.43
0,43.43
0,43.4
0,43.42
0,43.44
0,43.41
0,43.4
0,43.39
0,43.41
0,43.39
0,43.38
0,43.36
0,43.38
0,43.4
0,43.36
0,43.4
0,43.37
0,43.34
0,43.34
0,43.34
0,43.35
0,43.36
0,43.34
0,43.33
0,43.34
0,43.35
0,43.36
0,43.36
0,43.34
0,43.35
0,43.36
0,43.39
0,43.42
0,43.44
0,43.44
0,43.44
0,43.46
0,43.47
0,43.48
0,43.47
0,43.48
0,43.47
0,43.45
0,43.42
0,43.43
0,43.44
0,43.41
0,43.39
0,43.39
0,43.38
0,43.39
0,43.37
0,43.36
0,43.37
0,43.4
0,43.45
0,43.44
0,43.44
0,43.46
0,43.44
0,43.45
0,43.44
0,43.4
0,43.39
0,43.39
0,43.4
0,43.38
0,43.39
0,43.39
0,43.36
0,43.36
0,43.32
0,43.29
0,43.28
0,43.29
0,43.3
0,43.28
0,43.27
0,43.22
0,43.21
0,43.2
0,43.21
0,43.22
0,43.18
0,43.2
0,43.19
0,43.2
0,43.21
0,43.22
0,43.21
0,43.22
0,43.2
0,43.2
0,43.17
0,43.12
0,43.13
0,43.11
0,43.14
0,43.12
0,43.12
0,43.14
0,43.11
0,43.11
0,43.14
0,43.14
0,43.18
0,43.17
0,43.22
0,43.2
0,43.21
0,43.24
0,43.24
0,43.26
0,43.25
0,43.24
0,43.25
0,43.32
0,43.32
0,43.33
0,43.29
0,43.32
0,43.3
0,43.29
0,43.28
0,43.24
0,43.28
0,43.27
0,43.28
0,43.29
0,43.3
0,43.31
0,43.32
0,43.32
0,43.34
0,43.33
0,43.32
0,43.32
0,43.36
0,43.38
0,43.36
0,43.34
0,43.32
0,43.32
0,43.36
0,43.37
0,43.36
0,43.39
0,43.38
0,43.34
0,43.32
0,43.32
0,43.31
0,43.3
0,43.27
0,43.29
0,43.34
0,43.32
0,43.33
0,43.32
0,43.32
0,43.32
0,43.33
0,43.32
0,43.37
0,43.37
0,43.35
0,43.37
0,43.4
0,43.38
0,43.4
0,43.4
0,43.4
0,43.38
0,43.39
0,43.36
0,43.36
0,43.42
0,43.42
0,43.43
0,43.42
0,43.41
0,43.44
0,43.42
0,43.38
0,43.39
0,43.38
0,43.38
0,43.4
0,43.41
0,43.42
0,43.42
0,43.42
0,43.42
0,43.4
0,43.4
0,43.39
0,43.39
0,43.39
0,43.39
0,43.4
0,43.4
0,43.43
0,43.42
0,43.42
0,43.41
0,43.42
0,43.44
0,43.47
0,43.46
0,43.48
0,43.46
0,43.47
0,43.46
0,43.46
0,43.45
0,43.45
0,43.47
0,43.46
0,43.46
0,43.44
0,43.43
0,43.42
0,43.4
0,43.38
0,43.4
0,43.41
0,43.42
0,43.42
0,43.44
0,43.45
0,43.46
0,43.46
0,43.44
0,43.45
0,43.44
0,43.4
0,43.42
0,43.46
0,43.46
0,43.46
0,43.46
0,43.43
0,43.46
0,43.44
0,43.44
0,43.42
0,43.44
0,43.43
0,43.42
0,43.41
0,43.42
0,43.4
0,43.42
0,43.42
0,43.44
0,43.44
0,43.44
0,43.44
0,43.44
0,43.44
0,43.44
0,43.44
0,43.46
0,43.47
0,43.5
0,43.5
0,43.48
0,43.5
0,43.52
0,43.5
0,43.49
0,43.46
0,43.48
0,43.49
0,43.52
0,43.53
0,43.52
0,43.54
0,43.54
0,43.56
0,43.55
0,43.58
0,43.59
0,43.6
0,43.61
0,43.63
0,43.6
0,43.6
0,43.59
0,43.59
0,43.6
0,43.61
0,43.62
0,43.58
0,43.56
0,43.54
0,43.52
0,43.54
0,43.54
0,43.55
0,43.58
0,43.58
0,43.58
0,43.58
0,43.6
0,43.6
0,43.62
0,43.59
0,43.6
0,43.61
0,43.61
0,43.6
0,43.62
0,43.6
0,43.58
0,43.56
0,43.58
0,43.58
0,43.65
0,43.64
0,43.64
0,43.66
0,43.57
0,43.6
0,43.59
0,43.54
0,43.56
0,43.6
0,43.69
0,43.7
0,43.66
0,43.63
0,43.58
0,43.6
0,43.72
0,43.75
0,43.8
0,43.9
0,44.02
0,44.04
0,44.01
0,43.94
0,43.92
0,43.96
0,43.9
0,43.83
0,43.78
0,43.86
0,43.75
0,43.8
0,43.8
0,43.79
0,43.75
0,43.75
0,43.84
0,43.82
0,43.81
0,43.83
0,43.86
0,43.83
0,43.86
0,43.9
0,43.84
0,43.84
0,43.81
0,43.8
0,43.83
0,43.89
0,43.89
0,43.91
0,43.92
0,43.92
0,43.91
0,43.89
0,43.9
0,43.88
0,43.89
0,43.92
0,43.9
0,43.94
0,43.94
0,43.98
0,43.95
0,43.97
0,43.97
0,43.94
0,43.9
0,43.9
0,43.88
0,43.88
0,43.85
0,43.9
0,43.93
0,43.94
0,43.92
0,43.93
0,43.94
0,43.92
0,43.94
0,43.94
0,43.93
0,43.92
0,43.89
0,43.89
0,43.84
0,43.88
0,43.92
0,43.92
0,43.94
0,43.92
0,43.96
0,43.92
0,43.93
0,43.98
0,43.98
0,43.96
0,43.98
0,43.95
0,43.99
0,43.98
0,43.96
0,43.98
0,43.99
0,43.98
0,43.96
0,43.92
0,43.88
0,43.9
0,43.92
0,43.9
0,43.93
0,43.94
0,43.92
0,43.88
0,43.85
0,43.88
0,43.9
0,43.92
0,43.9
0,43.89
0,43.92
0,43.94
0,43.89
0,43.88
0,43.88
0,43.89
0,43.89
0,43.88
0,43.91
0,43.92
0,43.98
0,43.96
0,43.97
0,43.94
0,43.95
0,43.96
0,43.98
0,44
0,44
0,43.97
0,43.99
0,43.98
0,44.02
0,44
0,43.97
0,43.99
0,44
0,44.02
0,44.02
0,44
0,44
0,44
0,43.99
0,43.96
0,43.94
0,43.94
0,43.96
0,43.94
0,43.93
0,43.93
0,43.91
0,43.91
0,43.9
0,43.87
0,43.86
0,43.92
0,43.88
0,43.88
0,43.9
0,43.88
0,43.88
0,43.88
0,43.88
0,43.88
0,43.87
0,43.85
0,43.88
0,43.89
0,43.93
0,43.92
0,43.89
0,43.89
0,43.91
0,43.92
0,43.93
0,43.93
0,43.95
0,43.94
0,43.93
0,43.89
0,43.92
0,43.91
0,43.91
0,43.91
0,43.92
0,43.9
0,43.88
0,43.91
0,43.89
0,43.88
0,43.91
0,43.88
0,43.88
0,43.88
0,43.87
0,43.84
0,43.84
0,43.84
0,43.84
0,43.84
0,43.84
0,43.84
0,43.84
0,43.84
0,43.84
0,43.85
0,43.8
0,43.82
0,43.82
0,43.84
0,43.82
0,43.81
0,43.82
0,43.8
0,43.75
0,43.77
0,43.78
0,43.79
0,43.77
0,43.79
0,43.78
0,43.78
0,43.79
0,43.8
0,43.8
0,43.78
0,43.78
0,43.76
0,43.78
0,43.78
0,43.8
0,43.8
0,43.78
0,43.8
0,43.8
0,43.82
0,43.83
0,43.84
0,43.83
0,43.84
0,43.82
0,43.8
0,43.78
0,43.82
0,43.81
0,43.8
0,43.78
0,43.76
0,43.78
0,43.8
0,43.79
0,43.82
0,43.82
0,43.81
0,43.82
0,43.82
0,43.83
0,43.82
0,43.82
0,43.83
0,43.84
0,43.83
0,43.83
0,43.8
0,43.81
0,43.82
0,43.82
0,43.83
0,43.82
0,43.83
0,43.84
0,43.83
0,43.83
0,43.82
0,43.8
0,43.82
0,43.82
0,43.84
0,43.84
0,43.83
0,43.81
0,43.82
0,43.81
0,43.83
0,43.84
0,43.82
0,43.8
0,43.78
0,43.78
0,43.78
0,43.78
0,43.77
0,43.78
0,43.75
0,43.76
0,43.75
0,43.74
0,43.74
0,43.76
0,43.76
0,43.79
0,43.79
0,43.8
0,43.79
0,43.77
0,43.76
0,43.78
0,43.77
0,43.77
0,43.75
0,43.74
0,43.75
0,43.76
0,43.75
0,43.74
0,43.74
0,43.74
0,43.76
0,43.74
0,43.74
0,43.74
0,43.74
0,43.76
0,43.76
0,43.78
0,43.78
0,43.76
0,43.76
0,43.77
0,43.76
0,43.78
0,43.77
0,43.76
0,43.77
0,43.77
0,43.78
0,43.78
0,43.8
0,43.8
0,43.78
0,43.77
0,43.75
0,43.74
0,43.73
0,43.72
0,43.74
0,43.73
0,43.74
0,43.72
0,43.72
0,43.73
0,43.72
0,43.72
0,43.72
0,43.72
0,43.7
0,43.72
0,43.72
0,43.73
0,43.74
0,43.72
0,43.7
0,43.69
0,43.66
0,43.67
0,43.68
0,43.67
0,43.7
0,43.71
0,43.7
0,43.7
0,43.68
0,43.67
0,43.66
0,43.68
0,43.66
0,43.68
0,43.67
0,43.68
0,43.66
0,43.66
0,43.92
0,43.93
0,44
0,44.04
0,44.03
0,43.97
0,43.94
0,43.94
0,43.89
0,43.85
0,43.89
0,43.91
0,43.89
0,43.87
0,43.94
0,43.93
0,43.95
0,43.98
0,43.96
0,43.96
0,43.96
0,43.98
0,44
0,44.02
0,43.99
0,44
0,44
0,43.93
0,43.94
0,43.92
0,43.88
0,43.91
0,43.91
0,43.92
0,43.95
0,43.94
0,43.9
0,43.92
0,43.89
0,43.89
0,43.95
0,43.96
0,43.92
0,43.94
0,43.94
0,43.95
0,43.98
0,43.98
0,43.96
0,43.96
0,43.96
0,43.97
0,43.96
0,43.96
0,43.98
0,44
0,44.04
0,44.04
0,44.02
0,44.02
0,44.04
0,44.02
0,44
0,43.98
0,43.94
0,43.96
0,43.95
0,43.96
0,44.01
0,44.04
0,44.03
0,44
0,44
0,43.99
0,43.98
0,44
0,43.96
0,43.96
0,43.95
0,43.93
0,43.92
0,43.92
0,43.9
0,43.9
0,43.92
0,43.94
0,43.94
0,43.95
0,43.94
0,43.92
0,43.94
0,43.94
0,43.89
0,43.91
0,43.96
0,43.97
0,43.97
0,43.98
0,43.97
0,43.98
0,43.99
0,43.98
0,43.96
0,43.96
0,43.94
0,43.95
0,43.93
0,43.94
0,43.93
0,43.94
0,43.94
0,43.89
0,43.86
0,43.84
0,43.83
0,43.86
0,43.86
0,43.86
0,43.86
0,43.84
0,43.87
0,43.88
0,43.87
0,43.89
0,43.89
0,43.88
0,43.89
0,43.89
0,43.91
0,43.92
0,43.92
0,43.94
0,43.94
0,43.96
0,43.95
0,43.92
0,43.96
0,43.93
0,43.92
0,43.91
0,43.92
0,43.92
0,43.89
0,43.88
0,43.88
0,43.88
0,43.88
0,43.89
0,43.9
0,43.88
0,43.86
0,43.82
0,43.86
0,43.86
0,43.84
0,43.86
0,43.86
0,43.84
0,43.86
0,43.85
0,43.86
0,43.84
0,43.83
0,43.8
0,43.84
0,43.84
0,43.84
0,43.85
0,43.84
0,43.83
0,43.82
0,43.82
0,43.84
0,43.85
0,43.86
0,43.86
0,43.88
0,43.88
0,43.88
0,43.84
0,43.8
0,43.84
0,43.83
0,43.86
0,43.85
0,43.8
0,43.82
0,43.85
0,43.82
0,43.8
0,43.82
0,43.82
0,43.8
0,43.77
0,43.71
0,43.76
0,43.72
0,43.74
0,43.72
0,43.68
0,43.72
0,43.72
0,43.72
0,43.73
0,43.77
0,43.8
0,43.78
0,43.76
0,43.77
0,43.78
0,43.78
0,43.78
0,43.8
0,43.78
0,43.78
0,43.8
0,43.81
0,43.8
0,43.78
0,43.8
0,43.79
0,43.8
0,43.8
0,43.78
0,43.8
0,43.8
0,43.77
0,43.75
0,43.78
0,43.74
0,43.74
0,43.75
0,43.75
0,43.74
0,43.74
0,43.76
0,43.75
0,43.78
0,43.74
0,43.76
0,43.79
0,43.8
0,43.75
0,43.79
0,43.78
0,43.78
0,43.8
0,43.8
0,43.82
0,43.81
0,43.83
0,43.82
0,43.82
0,43.83
0,43.83
0,43.83
0,43.82
0,43.83
0,43.8
0,43.82
0,43.82
0,43.82
0,43.82
0,43.81
0,43.84
0,43.86
0,43.87
0,43.86
0,43.88
0,43.88
0,43.89
0,43.91
0,43.9
0,43.89
0,43.9
0,43.89
0,43.89
0,43.9
0,43.88
0,43.89
0,43.92
0,43.91
0,43.9
0,43.9
0,43.86
0,43.89
0,43.89
0,43.88
0,43.82
0,43.81
0,43.83
0,43.82
0,43.82
0,43.82
0,43.78
0,43.75
0,43.78
0,43.8
0,43.8
0,43.79
0,43.78
0,43.78
0,43.81
0,43.84
0,43.83
0,43.84
0,43.86
0,43.86
0,43.85
0,43.84
0,43.86
0,43.85
0,43.86
0,43.85
0,43.84
0,43.86
0,43.84
0,43.85
0,43.84
0,43.85
0,43.85
0,43.88
0,43.87
0,43.87
0,43.87
0,43.85
0,43.86
0,43.84
0,43.86
0,43.85
0,43.86
0,43.86
0,43.85
0,43.86
0,43.88
0,43.84
0,43.84
0,43.84
0,43.84
0,43.82
0,43.84
0,43.84
0,43.86
0,43.88
0,43.86
0,43.86
0,43.85
0,43.85
0,43.84
0,43.84
0,43.82
0,43.81
0,43.79
0,43.78
0,43.75
0,43.74
0,43.73
0,43.74
0,43.73
0,43.75
0,43.74
0,43.78
0,43.78
0,43.78
0,43.79
0,43.78
0,43.78
0,43.78
0,43.78
0,43.82
0,43.82
0,43.79
0,43.78
0,43.77
0,43.76
0,43.76
0,43.72
0,43.69
0,43.68
0,43.71
0,43.71
0,43.7
0,43.68
0,43.68
0,43.55
0,43.61
0,43.64
0,43.68
0,43.64
0,43.6
0,43.72
0,43.66
0,43.68
0,43.73
0,43.68
0,43.69
0,43.67
0,43.65
0,43.66
0,43.65
0,43.62
0,43.66
0,43.61
0,43.61
0,43.53
0,43.51
0,43.56
0,43.52
0,43.54
0,43.52
0,43.49
0,43.5
0,43.54
0,43.58
0,43.49
0,43.46
0,43.44
0,43.46
0,43.48
0,43.5
0,43.54
0,43.54
0,43.56
0,43.58
0,43.54
0,43.52
0,43.51
0,43.52
0,43.49
0,43.5
0,43.54
0,43.52
0,43.52
0,43.54
0,43.56
0,43.58
0,43.6
0,43.62
0,43.63
0,43.62
0,43.63
0,43.64
0,43.64
0,43.66
0,43.65
0,43.68
0,43.68
0,43.68
0,43.68
0,43.68
0,43.68
0,43.68
0,43.64
0,43.7
0,43.67
0,43.7
0,43.7
0,43.72
0,43.74
0,43.74
0,43.74
0,43.77
0,43.75
0,43.76
0,43.72
0,43.7
0,43.72
0,43.72
0,43.72
0,43.72
0,43.66
0,43.67
0,43.64
0,43.66
0,43.6
0,43.63
0,43.62
0,43.62
0,43.6
0,43.58
0,43.63
0,43.64
0,43.64
0,43.66
0,43.67
0,43.68
0,43.69
0,43.72
0,43.74
0,43.75
0,43.74
0,43.75
0,43.76
0,43.76
0,43.74
0,43.76
0,43.75
0,43.75
0,43.76
0,43.77
0,43.75
0,43.8
0,43.78
0,43.79
0,43.77
0,43.77
0,43.76
0,43.79
0,43.77
0,43.79
0,43.78
0,43.82
0,43.8
0,43.82
0,43.8
0,43.76
0,43.75
0,43.74
0,43.74
0,43.72
0,43.74
0,43.7
0,43.64
0,43.68
0,43.68
0,43.72
0,43.72
0,43.69
0,43.67
0,43.64
0,43.62
0,43.68
0,43.66
0,43.64
0,43.64
0,43.67
0,43.64
0,43.66
0,43.64
0,43.68
0,43.67
0,43.66
0,43.64
0,43.68
0,43.69
0,43.7
0,43.71
0,43.71
0,43.71
0,43.72
0,43.74
0,43.74
0,43.75
0,43.75
0,43.75
0,43.76
0,43.75
0,43.76
0,43.78
0,43.78
0,43.8
0,43.8
0,43.79
0,43.81
0,43.8
0,43.78
0,43.75
0,43.76
0,43.76
0,43.76
0,43.74
0,43.72
0,43.74
0,43.75
0,43.76
0,43.74
0,43.75
0,43.78
0,43.76
0,43.76
0,43.76
0,43.76
0,43.76
0,43.77
0,43.76
0,43.76
0,43.79
0,43.78
0,43.76
0,43.76
0,43.75
0,43.74
0,43.74
0,43.72
0,43.74
0,43.74
0,43.74
0,43.75
0,43.74
0,43.74
0,43.74
0,43.75
0,43.75
0,43.76
0,43.82
0,43.84
0,43.84
0,43.83
0,43.84
0,43.82
0,43.82
0,43.82
0,43.8
0,43.86
0,43.84
0,43.83
0,43.84
0,43.86
0,43.86
0,43.86
0,43.85
0,43.86
0,43.88
0,43.93
0,43.92
0,43.94
0,43.96
0,44
0,43.96
0,43.96
0,43.96
0,43.98
0,43.96
0,43.95
0,43.94
0,43.95
0,43.95
0,43.94
0,43.95
0,43.95
0,43.92
0,43.95
0,43.96
0,43.97
0,43.96
0,43.98
0,43.98
0,44
0,43.99
0,44
0,44
0,44
0,44
0,44.02
0,43.99
0,43.98
0,43.96
0,43.93
0,43.94
0,43.93
0,43.92
0,43.94
0,43.92
0,43.94
0,43.93
0,43.92
0,43.93
0,43.92
0,43.92
0,43.91
0,43.89
0,43.88
0,43.88
0,43.9
0,43.9
0,43.88
0,43.89
0,43.88
0,43.88
0,43.88
0,43.9
0,43.89
0,43.92
0,43.91
0,43.92
0,43.94
0,43.94
0,43.94
0,43.93
0,43.91
0,43.93
0,43.93
0,43.95
0,43.94
0,43.92
0,43.93
0,43.96
0,43.97
0,43.95
0,43.97
0,44
0,43.99
0,44.02
0,44.04
0,44.04
0,44.04
0,44.06
0,44.06
0,44.1
0,44.08
0,44.1
0,44.1
0,44.08
0,44.09
0,44.08
0,44.09
0,44.09
0,44.04
0,44.03
0,44.04
0,44.04
0,44.06
0,44.04
0,44.05
0,44.06
0,44.07
0,44.07
0,44.06
0,44.04
0,44
0,44.02
0,44.02
0,44.05
0,44.05
0,44.03
0,44.04
0,44.04
0,44.02
0,44.02
0,44.04
0,44.04
0,44.04
0,44.05
0,44.04
0,44.04
0,44.04
0,44.05
0,44.05
0,44.05
0,44.04
0,44.04
0,44.03
0,44.02
0,44.05
0,44.05
0,44.04
0,44.03
0,44.04
0,44.05
0,44.06
0,44.03
0,44.02
0,44.02
0,44.02
0,44.04
0,44.06
0,44.05
0,44.1
0,44.12
0,44.12
0,44.12
0,44.44
0,44.48
0,44.35
0,44.34
0,44.27
0,44.3
0,44.28
0,44.25
0,44.18
0,44.16
0,44.16
0,44.18
0,44.2
0,44.22
0,44.2
0,44.24
0,44.25
0,44.29
0,44.33
0,44.32
0,44.38
0,44.38
0,44.42
0,44.42
0,44.4
0,44.4
0,44.37
0,44.39
0,44.34
0,44.32
0,44.3
0,44.28
0,44.28
0,44.26
0,44.3
0,44.3
0,44.28
0,44.22
0,44.18
0,44.16
0,44.14
0,44.09
0,44.07
0,44.08
0,44.06
0,44.07
0,44.01
0,44.04
0,43.99
0,44.02
0,44.03
0,44.02
0,44.02
0,44.05
0,44.04
0,44.06
0,44.07
0,44.08
0,44.08
0,44.14
0,44.18
0,44.12
0,44.13
0,44.08
0,44.09
0,44.08
0,44.06
0,44.09
0,44.07
0,44.08
0,44.1
0,44.12
0,44.12
0,44.1
0,44.09
0,44.11
0,44.14
0,44.14
0,44.12
0,44.1
0,44.13
0,44.08
0,44.08
0,44.06
0,44.04
0,44.08
0,44.1
0,44.1
0,44.05
0,44.06
0,44.06
0,44.05
0,44.03
0,44.04
0,44.04
0,44.06
0,44.04
0,44.04
0,44.07
0,44.08
0,44.06
0,44.06
0,44.08
0,44.1
0,44.08
0,44.08
0,44.08
0,44.06
0,44.06
0,44.04
0,44.08
0,44.09
0,44.1
0,44.12
0,44.09
0,44.09
0,44.1
0,44.1
0,44.12
0,44.11
0,44.1
0,44.1
0,44.1
0,44.1
0,44.14
0,44.12
0,44.15
0,44.12
0,44.15
0,44.14
0,44.13
0,44.14
0,44.12
0,44.12
0,44.12
0,44.14
0,44.14
0,44.14
0,44.13
0,44.12
0,44.13
0,44.13
0,44.16
0,44.16
0,44.17
0,44.19
0,44.19
0,44.2
0,44.2
0,44.2
0,44.2
0,44.18
0,44.17
0,44.19
0,44.22
0,44.22
0,44.21
0,44.2
0,44.19
0,44.2
0,44.2
0,44.19
0,44.2
0,44.24
0,44.28
0,44.24
0,44.26
0,44.3
0,44.28
0,44.28
0,44.26
0,44.29
0,44.28
0,44.28
0,44.28
0,44.28
0,44.27
0,44.26
0,44.26
0,44.26
0,44.26
0,44.28
0,44.3
0,44.29
0,44.27
0,44.28
0,44.3
0,44.31
0,44.28
0,44.28
0,44.28
0,44.28
0,44.26
0,44.27
0,44.25
0,44.26
0,44.28
0,44.28
0,44.28
0,44.3
0,44.3
0,44.3
0,44.28
0,44.28
0,44.26
0,44.24
0,44.25
0,44.24
0,44.26
0,44.25
0,44.25
0,44.26
0,44.27
0,44.26
0,44.26
0,44.26
0,44.26
0,44.25
0,44.28
0,44.28
0,44.24
0,44.28
0,44.28
0,44.28
0,44.29
0,44.3
0,44.3
0,44.3
0,44.27
0,44.28
0,44.27
0,44.27
0,44.26
0,44.26
0,44.28
0,44.3
0,44.3
0,44.3
0,44.28
0,44.27
0,44.28
0,44.28
0,44.28
0,44.28
0,44.27
0,44.28
0,44.3
0,44.28
0,44.31
0,44.32
0,44.32
0,44.32
0,44.33
0,44.31
0,44.3
0,44.31
0,44.32
0,44.3
0,44.28
0,44.28
0,44.3
0,44.3
0,44.28
0,44.28
0,44.27
0,44.26
0,44.27
0,44.26
0,44.26
0,44.24
0,44.24
0,44.24
0,44.24
0,44.22
0,44.24
0,44.2
0,44.2
0,44.2
0,44.2
0,44.17
0,44.18
0,44.19
0,44.2
0,44.2
0,44.2
0,44.2
0,44.24
0,44.26
0,44.28
0,44.28
0,44.3
0,44.28
0,44.28
0,44.24
0,44.24
0,44.24
0,44.24
0,44.24
0,44.24
0,44.22
0,44.21
0,44.21
0,44.22
0,44.22
0,44.22
0,44.2
0,44.19
0,44.25
0,44.24
0,44.24
0,44.23
0,44.21
0,44.22
0,44.18
0,44.16
0,44.16
0,44.16
0,44.16
0,44.15
0,44.16
0,44.14
0,44.13
0,44.14
0,44.19
0,44.18
0,44.18
0,44.18
0,44.16
0,44.16
0,44.17
0,44.16
0,44.17
0,44.14
0,44.14
0,44.14
0,44.14
0,44.12
0,44.12
0,44.13
0,44.14
0,44.13
0,44.16
0,44.18
0,44.2
0,44.16
0,44.2
0,44.22
0,44.22
0,44.21
0,44.24
0,44.23
0,44.2
0,44.18
0,44.16
0,44.16
0,44.16
0,44.17
0,44.19
0,44.18
0,44.19
0,44.2
0,44.22
0,44.24
0,44.2
0,44.18
0,44.19
0,44.21
0,44.2
0,44.2
0,44.2
0,44.2
0,44.23
0,44.22
0,44.22
0,44.2
0,44.22
0,44.33
0,44.4
0,44.41
0,44.36
0,44.24
0,44.25
0,44.24
0,44.25
0,44.22
0,44.3
0,44.24
0,44.24
0,44.22
0,44.21
0,44.22
0,44.22
0,44.24
0,44.28
0,44.28
0,44.26
0,44.26
0,44.27
0,44.28
0,44.28
0,44.3
0,44.35
0,44.3
0,44.31
0,44.34
0,44.38
0,44.36
0,44.37
0,44.37
0,44.34
0,44.33
0,44.3
0,44.32
0,44.36
0,44.33
0,44.32
0,44.33
0,44.28
0,44.29
0,44.32
0,44.32
0,44.34
0,44.32
0,44.3
0,44.29
0,44.28
0,44.31
0,44.34
0,44.34
0,44.32
0,44.32
0,44.36
0,44.37
0,44.37
0,44.39
0,44.4
0,44.42
0,44.39
0,44.39
0,44.4
0,44.38
0,44.37
0,44.38
0,44.36
0,44.39
0,44.39
0,44.39
0,44.39
0,44.42
0,44.42
0,44.43
0,44.44
0,44.58
0,44.52
0,44.51
0,44.49
0,44.44
0,44.46
0,44.44
0,44.42
0,44.45
0,44.46
0,44.48
0,44.49
0,44.48
0,44.51
0,44.55
0,44.56
0,44.52
0,44.56
0,44.56
0,44.6
0,44.62
0,44.64
0,44.66
0,44.64
0,44.64
0,44.62
0,44.61
0,44.62
0,44.6
0,44.6
0,44.63
0,44.63
0,44.64
0,44.62
0,44.61
0,44.66
0,44.66
0,44.66
0,44.64
0,44.66
0,44.66
0,44.64
0,44.66
0,44.64
0,44.64
0,44.64
0,44.65
0,44.66
0,44.64
0,44.62
0,44.63
0,44.62
0,44.64
0,44.59
0,44.6
0,44.6
0,44.61
0,44.61
0,44.61
0,44.61
0,44.64
0,44.64
0,44.68
0,44.68
0,44.67
0,44.68
0,44.67
0,44.68
0,44.68
0,44.71
0,44.73
0,44.72
0,44.73
0,44.73
0,44.75
0,44.75
0,44.76
0,44.75
0,44.76
0,44.75
0,44.76
0,44.75
0,44.72
0,44.74
0,44.73
0,44.74
0,44.72
0,44.71
0,44.72
0,44.74
0,44.75
0,44.72
0,44.74
0,44.72
0,44.72
0,44.71
0,44.7
0,44.7
0,44.7
0,44.69
0,44.66
0,44.68
0,44.67
0,44.66
0,44.64
0,44.66
0,44.64
0,44.66
0,44.66
0,44.66
0,44.66
0,44.68
0,44.67
0,44.65
0,44.64
0,44.64
0,44.64
0,44.66
0,44.66
0,44.66
0,44.66
0,44.68
0,44.72
0,44.7
0,44.7
0,44.69
0,44.7
0,44.69
0,44.68
0,44.66
0,44.66
0,44.65
0,44.62
0,44.63
0,44.64
0,44.66
0,44.67
0,44.67
0,44.66
0,44.67
0,44.67
0,44.65
0,44.65
0,44.64
0,44.64
0,44.6
0,44.6
0,44.61
0,44.6
0,44.58
0,44.58
0,44.56
0,44.56
0,44.56
0,44.55
0,44.54
0,44.53
0,44.57
0,44.56
0,44.56
0,44.56
0,44.57
0,44.59
0,44.57
0,44.57
0,44.58
0,44.6
0,44.6
0,44.6
0,44.58
0,44.58
0,44.58
0,44.58
0,44.56
0,44.54
0,44.54
0,44.54
0,44.52
0,44.52
0,44.52
0,44.54
0,44.5
0,44.5
0,44.51
0,44.52
0,44.54
0,44.56
0,44.55
0,44.52
0,44.52
0,44.68
0,44.64
0,44.64
0,44.68
0,44.73
0,44.68
0,44.7
0,44.64
0,44.75
0,44.71
0,44.71
0,44.73
0,44.73
0,44.74
0,44.74
0,44.76
0,44.78
0,44.77
0,44.78
0,44.8
0,44.86
0,44.87
0,44.87
0,44.88
0,44.8
0,44.84
0,44.79
0,44.76
0,44.78
0,44.74
0,44.74
0,44.69
0,44.68
0,44.7
0,44.72
0,44.7
0,44.71
0,44.74
0,44.73
0,44.72
0,44.7
0,44.7
0,44.7
0,44.7
0,44.7
0,44.72
0,44.75
0,44.73
0,44.76
0,44.75
0,44.75
0,44.73
0,44.8
0,44.82
0,44.82
0,44.81
0,44.82
0,44.82
0,44.83
0,44.82
0,44.82
0,44.79
0,44.78
0,44.75
0,44.77
0,44.72
0,44.72
0,44.75
0,44.74
0,44.7
0,44.66
0,44.68
0,44.66
0,44.66
0,44.68
0,44.68
0,44.66
0,44.64
0,44.63
0,44.66
0,44.68
0,44.62
0,44.62
0,44.6
0,44.61
0,44.6
0,44.56
0,44.59
0,44.58
0,44.55
0,44.56
0,44.6
0,44.6
0,44.58
0,44.56
0,44.6
0,44.6
0,44.6
0,44.63
0,44.6
0,44.6
0,44.58
0,44.6
0,44.62
0,44.59
0,44.64
0,44.64
0,44.64
0,44.64
0,44.62
0,44.62
0,44.62
0,44.56
0,44.58
0,44.6
0,44.66
0,44.66
0,44.63
0,44.68
0,44.69
0,44.64
0,44.65
0,44.62
0,44.54
0,44.6
0,44.55
0,44.54
0,44.56
0,44.59
0,44.58
0,44.54
0,44.52
0,44.55
0,44.55
0,44.53
0,44.52
0,44.52
0,44.52
0,44.52
0,44.49
0,44.46
0,44.49
0,44.45
0,44.48
0,44.5
0,44.52
0,44.52
0,44.54
0,44.52
0,44.55
0,44.56
0,44.58
0,44.56
0,44.61
0,44.59
0,44.58
0,44.6
0,44.56
0,44.55
0,44.55
0,44.56
0,44.52
0,44.52
0,44.56
0,44.53
0,44.54
0,44.51
0,44.5
0,44.5
0,44.5
0,44.46
0,44.44
0,44.44
0,44.5
0,44.45
0,44.49
0,44.47
0,44.5
0,44.5
0,44.54
0,44.57
0,44.54
0,44.56
0,44.56
0,44.54
0,44.55
0,44.59
0,44.54
0,44.55
0,44.56
0,44.6
0,44.58
0,44.6
0,44.6
0,44.59
0,44.58
0,44.61
0,44.58
0,44.55
0,44.56
0,44.57
0,44.53
0,44.54
0,44.54
0,44.54
0,44.54
0,44.56
0,44.56
0,44.5
0,44.54
0,44.56
0,44.56
0,44.56
0,44.58
0,44.58
0,44.57
0,44.58
0,44.58
0,44.57
0,44.58
0,44.62
0,44.58
0,44.6
0,44.62
0,44.62
0,44.63
0,44.62
0,44.62
0,44.61
0,44.62
0,44.62
0,44.66
0,44.66
0,44.66
0,44.65
0,44.64
0,44.66
0,44.68
0,44.68
0,44.72
0,44.72
0,44.71
0,44.73
0,44.76
0,44.76
0,44.74
0,44.76
0,44.74
0,44.76
0,44.75
0,44.76
0,44.79
0,44.78
0,44.78
0,44.8
0,44.79
0,44.78
0,44.76
0,44.78
0,44.74
0,44.74
0,44.75
0,44.78
0,44.78
0,44.78
0,44.77
0,44.78
0,44.76
0,44.75
0,44.77
0,44.78
0,44.76
0,44.75
0,44.74
0,44.75
0,44.78
0,44.76
0,44.78
0,44.78
0,44.76
0,44.74
0,44.75
0,44.76
0,44.77
0,44.77
0,44.78
0,44.77
0,44.76
0,44.75
0,44.73
0,44.74
0,44.73
0,44.75
0,44.73
0,44.74
0,44.71
0,44.71
0,44.7
0,44.7
0,44.7
0,44.71
0,44.68
0,44.68
0,44.7
0,44.7
0,44.7
0,44.71
0,44.72
0,44.72
0,44.74
0,44.74
0,44.74
0,44.72
0,44.66
0,44.66
0,44.66
0,44.66
0,44.65
0,44.66
0,44.66
0,44.64
0,44.67
0,44.66
0,44.66
0,44.66
0,44.7
0,44.74
0,44.78
0,44.76
0,44.76
0,44.79
0,44.83
0,44.82
0,44.82
0,44.82
0,44.82
0,44.84
0,44.84
0,44.82
0,44.82
0,44.81
0,44.8
0,44.81
0,44.8
0,44.82
0,44.81
0,44.82
0,44.83
0,44.82
0,44.84
0,44.83
0,44.84
0,44.81
0,44.82
0,44.84
0,44.82
0,44.8
0,44.8
0,44.78
0,44.78
0,44.74
0,44.75
0,44.75
0,44.76
0,44.78
0,44.78
0,44.76
0,44.78
0,44.78
0,44.78
0,44.76
0,44.74
0,44.78
0,44.74
0,44.73
0,44.72
0,44.73
0,44.75
0,44.78
0,44.77
0,44.75
0,44.75
0,44.74
0,44.74
0,44.74
0,44.73
0,44.73
0,44.72
0,44.74
0,44.75
0,44.77
0,44.76
0,44.79
0,44.78
0,44.78
0,44.78
0,44.8
0,44.78
0,44.78
0,44.72
0,44.74
0,44.73
0,44.72
0,44.72
0,44.72
0,44.72
0,44.71
0,44.73
0,44.74
0,44.72
0,44.71
0,44.72
0,44.69
0,44.7
0,44.7
0,44.7
0,44.7
0,44.7
0,44.7
0,44.7
0,44.7
0,44.7
0,44.71
0,44.75
0,44.74
0,44.74
0,44.73
0,44.75
0,44.74
0,44.77
0,44.78
0,44.77
0,44.78
0,44.79
0,44.8
0,44.79
0,44.8
0,44.8
0,44.81
0,44.82
0,44.8
0,44.8
0,44.81
0,44.78
0,44.78
0,44.79
0,44.79
0,44.78
0,44.78
0,44.81
0,44.78
0,44.73
0,44.79
0,44.76
0,44.76
0,44.74
0,44.72
0,44.7
0,44.72
0,44.72
0,44.72
0,44.72
0,44.7
0,44.72
0,44.72
0,44.72
0,44.71
0,44.7
0,44.72
0,44.73
0,44.75
0,44.75
0,44.75
0,44.74
0,44.76
0,44.75
0,44.75
0,44.74
0,44.75
0,44.74
0,44.76
0,44.76
0,44.78
0,44.8
0,44.82
0,44.8
0,44.8
0,44.82
0,44.84
0,44.86
0,44.88
0,44.89
0,44.9
0,44.9
0,44.9
0,44.92
0,44.94
0,44.96
0,45.02
0,45.02
0,45.02
0,45.03
0,125.33
0,125.34
0,125.18
0,125.53
0,125.64
0,125.6
0,125.88
0,126.24
0,125.8
0,124.84
0,125.14
0,125.24
0,125.42
0,125.86
0,125.86
0,126
0,126.2
0,126.12
0,126.62
0,126.28
0,126.36
0,125.96
0,125.88
0,125.64
0,125.66
0,125.88
0,126.04
0,126.58
0,126.46
0,126.12
0,126
0,125.9
0,125.47
0,125.68
0,125.85
0,126.38
0,126.88
0,126.82
0,126.94
0,126.76
0,127.26
0,127.3
0,127.21
0,127.22
0,127.06
0,127.12
0,127.28
0,127.2
0,127.02
0,127.02
0,127.01
0,126.99
0,127.09
0,127.18
0,127.22
0,127.44
0,127.82
0,127.3
0,127.32
0,127.43
0,127.19
0,127.26
0,127.22
0,127.43
0,127.16
0,126.94
0,127.1
0,127.18
0,127.24
0,127.3
0,127.45
0,127.66
0,127.65
0,127.71
0,127.98
0,127.9
0,127.68
0,127.69
0,127.82
0,127.79
0,127.48
0,127.57
0,127.62
0,127.99
0,127.96
0,128.14
0,128.24
0,128.26
0,128.17
0,128.4
0,128.34
0,128.24
0,128.03
0,128.16
0,128.5
0,128.62
0,128.56
0,128.87
0,128.69
0,128.94
0,128.86
0,128.8
0,128.8
0,128.96
0,129
0,129.07
0,129.03
0,128.95
0,129
0,128.95
0,129.49
0,129.34
0,129.29
0,128.9
0,128.95
0,129.13
0,129.14
0,129.17
0,128.71
0,128.68
0,128.68
0,128.47
0,128.48
0,128.67
0,128.58
0,128.57
0,128.44
0,128.22
0,128.27
0,128.12
0,128.18
0,128.33
0,128.63
0,128.68
0,128.68
0,128.61
0,128.6
0,128.36
0,128.49
0,128.24
0,128.49
0,128.2
0,128.16
0,128
0,128.19
0,127.96
0,128.04
0,128.28
0,128.19
0,127.68
0,127.52
0,127.6
0,127.6
0,127.78
0,127.69
0,127.68
0,127.74
0,127.75
0,127.94
0,127.95
0,128.06
0,128.09
0,127.95
0,128.06
0,127.98
0,127.94
0,127.82
0,127.8
0,127.86
0,127.95
0,127.88
0,127.88
0,127.84
0,127.62
0,127.66
0,127.86
0,127.74
0,127.84
0,127.79
0,127.76
0,127.82
0,127.86
0,127.78
0,127.68
0,127.88
0,127.84
0,127.86
0,128.16
0,128.28
0,128.35
0,128.32
0,128.21
0,128.39
0,128.24
0,128.32
0,128.31
0,128.61
0,128.62
0,128.54
0,128.39
0,128.44
0,128.38
0,128.4
0,128.66
0,128.68
0,128.61
0,128.46
0,128.64
0,128.83
0,128.96
0,128.99
0,129.1
0,129.21
0,129.17
0,129.23
0,129.33
0,129.56
0,129.53
0,129.56
0,129.44
0,129.49
0,129.37
0,129.4
0,129.28
0,129.34
0,129.38
0,129.3
0,129.32
0,129.19
0,129.19
0,129.38
0,129.38
0,129.31
0,129.39
0,129.52
0,129.4
0,129.24
0,129.41
0,129.47
0,129.5
0,129.39
0,129.47
0,129.44
0,129.36
0,129.58
0,129.49
0,129.36
0,129.29
0,129.26
0,129.32
0,129.26
0,129.1
0,129.26
0,129.18
0,129.14
0,129.19
0,129.39
0,129.36
0,129.39
0,129.48
0,129.28
0,129.19
0,129.24
0,129.36
0,129.38
0,129.28
0,129.38
0,129.47
0,129.51
0,129.49
0,129.59
0,129.44
0,129.13
0,129.25
0,129.26
0,129.32
0,129.21
0,129.19
0,128.92
0,128.8
0,128.88
0,128.72
0,128.63
0,128.8
0,128.73
0,128.72
0,128.94
0,128.9
0,128.9
0,128.85
0,128.82
0,128.74
0,128.8
0,128.99
0,129.17
0,129.18
0,129.29
0,129.32
0,129.32
0,129.14
0,129.14
0,129.33
0,129.45
0,129.52
0,129.52
0,129.42
0,129.46
0,129.58
0,129.56
0,129.51
0,129.51
0,129.44
0,129.12
0,129.03
0,129.18
0,129.18
0,129.29
0,129.21
0,129.32
0,129.38
0,129.46
0,129.46
0,129.24
0,129.32
0,129.39
0,129.26
0,129.26
0,129.2
0,129.38
0,129.1
0,128.99
0,128.88
0,129
0,129.11
0,128.9
0,128.65
0,128.58
0,128.72
0,128.6
0,128.46
0,128.4
0,128.35
0,128.32
0,128.46
0,128.6
0,128.55
0,128.56
0,128.39
0,128.5
0,128.39
0,128.22
0,128.24
0,128.18
0,128.23
0,128.18
0,128.29
0,128.3
0,128.41
0,128.23
0,128.06
0,128.07
0,127.97
0,127.87
0,128.02
0,128.04
0,127.9
0,128.1
0,128.17
0,128.39
0,128.23
0,128.05
0,128.13
0,128.19
0,128.28
0,128.36
0,128.06
0,128.42
0,128.48
0,128.39
0,128.42
0,128.4
0,128.56
0,128.7
0,128.82
0,128.92
0,128.72
0,128.94
0,128.84
0,128.82
0,128.8
0,126.19
0,126.54
0,126.54
0,127.14
0,127.3
0,126.93
0,126.74
0,126.12
0,126.58
0,126.87
0,125.75
0,126.1
0,126.08
0,126
0,125.71
0,125.78
0,125.74
0,125.73
0,125.96
0,125.65
0,125.64
0,125.3
0,125.34
0,125.1
0,125.07
0,125.34
0,125.38
0,125.68
0,125.42
0,125.12
0,125.33
0,124.99
0,125.06
0,125.06
0,125.04
0,125.06
0,125.04
0,124.85
0,125.09
0,124.9
0,124.54
0,124.68
0,124.82
0,124.68
0,124.52
0,124.54
0,124.37
0,124.44
0,124.27
0,124.46
0,124.46
0,124.28
0,124.42
0,124.29
0,124.48
0,124.62
0,124.36
0,124.83
0,124.66
0,124.53
0,124.5
0,123.97
0,123.84
0,123.84
0,123.92
0,123.86
0,123.98
0,123.74
0,123.48
0,123.18
0,123.39
0,123.56
0,123.63
0,123.74
0,123.46
0,123.56
0,123.68
0,123.79
0,123.85
0,123.64
0,123.55
0,123.98
0,124.26
0,124.24
0,123.88
0,124.05
0,124.1
0,124.36
0,124.23
0,124.4
0,124.56
0,124.66
0,124.74
0,125.06
0,125.08
0,124.86
0,124.77
0,124.89
0,124.89
0,124.8
0,124.72
0,125.07
0,125.55
0,125.22
0,125.38
0,125.33
0,125.32
0,125.37
0,125.3
0,124.98
0,125.1
0,125.49
0,125.53
0,125.71
0,125.5
0,125.54
0,125.36
0,125.2
0,125.23
0,125.2
0,125.03
0,125.05
0,125.16
0,124.75
0,124.98
0,124.98
0,125.25
0,125.43
0,125.62
0,125.8
0,125.79
0,125.75
0,125.88
0,125.71
0,125.85
0,125.61
0,125.54
0,125.62
0,125.72
0,125.61
0,125.54
0,125.6
0,125.4
0,125.18
0,125.08
0,125.09
0,125.3
0,125.14
0,125.16
0,125.36
0,125.45
0,125.34
0,125.41
0,125.24
0,125.1
0,125
0,124.82
0,124.77
0,124.68
0,124.74
0,124.67
0,124.39
0,124.65
0,124.77
0,124.59
0,124.6
0,124.56
0,124.34
0,124.25
0,124.22
0,124.38
0,124.15
0,124.18
0,124.37
0,124.41
0,124.37
0,124.28
0,124.22
0,124.34
0,124.27
0,124.35
0,124.58
0,124.61
0,124.54
0,124.5
0,124.26
0,124.14
0,123.86
0,123.84
0,123.79
0,123.91
0,124.04
0,124.1
0,124.02
0,123.98
0,124.05
0,124.06
0,124.13
0,124.28
0,124.33
0,124.24
0,124.21
0,124.48
0,124.56
0,124.54
0,124.66
0,124.53
0,124.52
0,124.44
0,124.4
0,124.26
0,124.22
0,124.37
0,124.28
0,123.96
0,123.71
0,123.86
0,123.56
0,123.53
0,123.54
0,123.52
0,123.42
0,123.61
0,123.64
0,123.52
0,123.47
0,123.02
0,123
0,122.72
0,122.61
0,122.54
0,122.8
0,122.9
0,122.8
0,123.16
0,122.87
0,122.82
0,122.79
0,122.82
0,122.64
0,122.72
0,122.68
0,122.83
0,122.64
0,122.72
0,122.66
0,122.3
0,122.32
0,122.44
0,122.34
0,122.69
0,122.65
0,122.56
0,122.64
0,122.74
0,122.74
0,122.52
0,122.41
0,122.56
0,122.31
0,122.52
0,122.52
0,122.46
0,122.12
0,122.27
0,122.26
0,122.37
0,122.17
0,122.12
0,122
0,122.09
0,122.1
0,122.19
0,122.32
0,122.38
0,122.48
0,122.58
0,122.79
0,122.68
0,122.79
0,122.7
0,122.83
0,122.8
0,122.68
0,122.7
0,122.54
0,122.7
0,122.49
0,122.58
0,122.58
0,122.75
0,122.68
0,122.47
0,122.54
0,122.38
0,122.46
0,122.36
0,122.24
0,122.26
0,122.4
0,122.8
0,122.84
0,122.59
0,122.52
0,122.56
0,122.64
0,122.42
0,122.25
0,122.28
0,122.1
0,122.1
0,122.19
0,122.04
0,121.94
0,121.86
0,121.74
0,121.87
0,121.64
0,121.78
0,121.78
0,121.68
0,121.73
0,121.62
0,121.66
0,121.58
0,121.54
0,121.52
0,121.44
0,121.42
0,121.4
0,121.58
0,121.6
0,121.78
0,121.66
0,121.7
0,121.7
0,121.7
0,121.78
0,121.72
0,121.72
0,121.64
0,121.5
0,121.62
0,121.52
0,121.36
0,121.22
0,121.36
0,121.26
0,121.26
0,121.62
0,121.56
0,121.8
0,121.71
0,121.69
0,121.44
0,121.41
0,121.43
0,121.46
0,121.48
0,121.81
0,121.69
0,121.69
0,122.02
0,122.22
0,122.36
0,122.25
0,122.22
0,122.04
0,121.98
0,122.08
0,121.8
0,121.73
0,121.84
0,121.94
0,121.86
0,121.82
0,121.98
0,121.92
0,121.86
0,121.87
0,121.87
0,122.02
0,122.08
0,121.76
0,121.72
0,121.86
0,121.82
0,121.79
0,121.96
0,121.96
0,123.54
0,123.54
0,123.06
0,123.01
0,123.03
0,122.82
0,122.52
0,122.4
0,122.62
0,123.14
0,123.57
0,123.78
0,124.36
0,124.65
0,125
0,125.24
0,125.16
0,124.99
0,125.19
0,125
0,125.03
0,124.91
0,125.06
0,125.08
0,125.02
0,124.84
0,124.92
0,125.02
0,125.19
0,125.19
0,125.41
0,125.55
0,125.44
0,125.4
0,125.66
0,125.6
0,125.7
0,125.96
0,125.94
0,126.16
0,126.12
0,126.1
0,126.05
0,125.94
0,125.88
0,125.83
0,125.89
0,125.86
0,126.04
0,126
0,125.94
0,126
0,126.17
0,126.65
0,126.82
0,127.06
0,127.33
0,127.41
0,127.24
0,127.34
0,127.64
0,127.56
0,127.11
0,127.38
0,127.46
0,127.22
0,127.49
0,127.54
0,127.2
0,127.22
0,127.05
0,126.8
0,126.92
0,126.98
0,126.9
0,126.98
0,127.04
0,127.44
0,127.48
0,127.27
0,127.4
0,127.51
0,127.56
0,127.52
0,127.46
0,127.1
0,127.21
0,127.25
0,127.36
0,127.24
0,127.16
0,127.07
0,127.35
0,127.46
0,127.52
0,127.56
0,127.1
0,127.28
0,127.54
0,127.66
0,127.8
0,128.01
0,127.98
0,128
0,127.99
0,128
0,127.74
0,127.66
0,127.77
0,127.96
0,128.16
0,128
0,127.86
0,128
0,128.1
0,127.76
0,127.9
0,127.84
0,127.82
0,127.73
0,127.96
0,127.78
0,127.85
0,127.97
0,128.02
0,128.05
0,127.93
0,127.82
0,127.8
0,127.74
0,127.9
0,127.96
0,127.85
0,127.92
0,127.93
0,127.93
0,128
0,128.02
0,128.02
0,128.11
0,127.96
0,128.18
0,128.14
0,128.24
0,128.26
0,128.17
0,128.02
0,128.1
0,128.12
0,128.32
0,128.24
0,128.24
0,128.18
0,128.14
0,128.06
0,128.18
0,128.07
0,128.22
0,128.3
0,128.32
0,128.5
0,128.6
0,128.61
0,128.54
0,128.57
0,128.56
0,128.76
0,128.88
0,128.99
0,129.04
0,129.04
0,128.96
0,128.87
0,128.94
0,128.88
0,128.73
0,128.76
0,128.8
0,128.76
0,128.6
0,128.53
0,128.49
0,128.46
0,128.54
0,128.46
0,128.5
0,128.55
0,128.5
0,128.44
0,128.53
0,128.27
0,128.43
0,128.55
0,128.5
0,128.54
0,128.5
0,128.4
0,128.51
0,128.66
0,128.72
0,128.68
0,128.66
0,128.5
0,128.46
0,128.62
0,128.53
0,128.56
0,128.58
0,128.36
0,128.45
0,128.48
0,128.51
0,128.57
0,128.76
0,128.78
0,128.64
0,128.56
0,129
0,129.11
0,128.99
0,129.09
0,129.01
0,129
0,129.01
0,129.04
0,129.07
0,128.86
0,128.82
0,128.75
0,128.98
0,129.08
0,129.12
0,129.14
0,129.14
0,129.1
0,129.16
0,129.2
0,129.18
0,129.14
0,129.18
0,129.2
0,129.2
0,129.3
0,129.32
0,129.16
0,129.19
0,129.08
0,128.99
0,129.06
0,129.14
0,129
0,128.86
0,128.69
0,128.74
0,128.74
0,128.73
0,128.76
0,128.69
0,128.87
0,128.89
0,128.98
0,128.8
0,128.68
0,128.66
0,128.51
0,128.54
0,128.48
0,128.48
0,128.47
0,128.59
0,128.66
0,128.67
0,128.66
0,128.68
0,128.83
0,128.82
0,128.76
0,128.62
0,128.45
0,128.55
0,128.57
0,128.6
0,128.56
0,128.62
0,128.43
0,128.49
0,128.44
0,128.41
0,128.47
0,128.5
0,128.44
0,128.28
0,128.39
0,128.42
0,128.6
0,128.74
0,128.7
0,128.66
0,128.55
0,128.48
0,128.55
0,128.58
0,128.42
0,128.49
0,128.44
0,128.36
0,128.33
0,128.44
0,128.53
0,128.36
0,128.45
0,128.38
0,128.39
0,128.3
0,128.37
0,128.3
0,128.29
0,128.12
0,127.86
0,128.02
0,128.12
0,128.22
0,128.13
0,128.13
0,128.06
0,127.99
0,127.92
0,127.84
0,127.78
0,127.76
0,127.77
0,128.02
0,127.96
0,127.99
0,128.02
0,128.16
0,128.11
0,128.26
0,128.13
0,128.06
0,127.94
0,128
0,128.12
0,128.06
0,128.14
0,128.16
0,128.17
0,128.28
0,128.16
0,128.13
0,128.24
0,128.12
0,128
0,128.02
0,128
0,127.87
0,127.9
0,127.89
0,127.96
0,127.86
0,127.96
0,127.96
0,128.01
0,128.08
0,128.16
0,128.18
0,128.2
0,127.96
0,127.87
0,127.72
0,127.63
0,127.53
0,127.57
0,127.66
0,127.72
0,127.78
0,127.84
0,127.94
0,127.98
0,128.13
0,128.02
0,128.06
0,128.02
0,128.06
0,128.14
0,128.11
0,128.12
0,128.34
0,128.27
0,128.26
0,128.82
0,128.56
0,128.57
0,128.67
0,128.68
0,128.68
0,128.07
0,128.95
0,128.54
0,128.78
0,129.09
0,128.98
0,129.24
0,129.24
0,129.45
0,129.54
0,129.86
0,130.41
0,130.6
0,130.49
0,130.29
0,130.2
0,129.9
0,130.19
0,129.82
0,129.68
0,129.78
0,129.92
0,129.91
0,129.99
0,129.98
0,129.88
0,130
0,129.94
0,130.49
0,130.39
0,130.39
0,130.24
0,130.21
0,130.34
0,130.34
0,130.14
0,130.13
0,130.27
0,130.22
0,130.15
0,130.15
0,130.22
0,130.35
0,130.11
0,130.14
0,129.82
0,129.92
0,130.08
0,130.06
0,130.36
0,130.5
0,130.62
0,130.78
0,130.66
0,130.66
0,131.02
0,131.17
0,131.36
0,131.22
0,131.3
0,131.3
0,131.21
0,131.27
0,131.38
0,131.14
0,131.29
0,131.23
0,131.54
0,131.61
0,131.49
0,131.5
0,131.51
0,131.6
0,131.48
0,131.64
0,131.58
0,131.71
0,131.91
0,131.91
0,131.83
0,131.6
0,131.72
0,131.76
0,131.81
0,131.72
0,131.71
0,131.78
0,131.77
0,131.86
0,131.86
0,132
0,131.95
0,131.88
0,132.05
0,132.01
0,132.19
0,132.21
0,132.08
0,132.11
0,132.27
0,132.28
0,132.33
0,132.24
0,132.32
0,132.3
0,132.31
0,132.18
0,132
0,132.16
0,131.98
0,131.98
0,131.91
0,131.86
0,131.91
0,131.92
0,131.99
0,131.98
0,132.14
0,132.3
0,132.34
0,132.61
0,132.48
0,132.48
0,132.41
0,132.36
0,132.22
0,132.26
0,132.22
0,132.37
0,132.44
0,132.6
0,132.74
0,132.87
0,133.15
0,133.01
0,132.98
0,133.01
0,133.07
0,133.06
0,133.07
0,133.02
0,133.22
0,133.26
0,133.3
0,133.32
0,133.3
0,133.18
0,133.16
0,132.9
0,132.86
0,132.86
0,132.63
0,132.59
0,132.55
0,132.47
0,132.46
0,132.51
0,132.53
0,132.65
0,132.61
0,132.67
0,132.66
0,132.72
0,132.63
0,132.67
0,132.66
0,132.84
0,132.74
0,132.76
0,132.79
0,132.89
0,132.75
0,132.71
0,132.85
0,132.78
0,132.44
0,132.49
0,132.56
0,132.57
0,132.91
0,132.99
0,132.94
0,132.93
0,133.02
0,133.08
0,133
0,132.99
0,133
0,133
0,133.02
0,133.05
0,133.06
0,133.11
0,133.21
0,133.13
0,133.04
0,133.01
0,133.14
0,133.18
0,133.19
0,133.17
0,133.32
0,133.15
0,133.07
0,133.16
0,133.19
0,133.16
0,133.24
0,133.28
0,133.18
0,133.15
0,133.05
0,133
0,133.01
0,133.06
0,133.12
0,133.19
0,133.11
0,133.13
0,133.01
0,132.94
0,132.94
0,132.95
0,133.07
0,133.12
0,133.13
0,133.04
0,132.94
0,132.8
0,132.86
0,132.84
0,132.89
0,132.88
0,132.76
0,132.81
0,132.85
0,132.87
0,133.01
0,133.02
0,133.08
0,133.15
0,133.21
0,133.18
0,133.16
0,133.16
0,133.21
0,133.21
0,133.26
0,133.3
0,133.28
0,133.18
0,132.99
0,132.77
0,132.8
0,132.75
0,132.71
0,132.64
0,132.74
0,132.78
0,132.76
0,132.95
0,132.91
0,132.88
0,132.83
0,132.88
0,132.81
0,132.92
0,132.98
0,132.92
0,132.92
0,132.88
0,132.76
0,132.79
0,132.62
0,132.65
0,132.46
0,132.46
0,132.44
0,132.57
0,132.63
0,132.68
0,132.66
0,132.63
0,132.54
0,132.6
0,132.68
0,132.55
0,132.48
0,132.49
0,132.5
0,132.44
0,132.46
0,132.4
0,132.36
0,132.4
0,132.46
0,132.63
0,132.68
0,132.56
0,132.61
0,132.58
0,132.61
0,132.6
0,132.65
0,132.66
0,132.56
0,132.68
0,132.76
0,132.69
0,132.66
0,132.59
0,132.52
0,132.52
0,132.49
0,132.3
0,132.19
0,132.26
0,132.13
0,132.27
0,132.23
0,132.17
0,132.12
0,132.01
0,132.12
0,132.12
0,132.28
0,132.26
0,132.4
0,132.44
0,132.52
0,132.47
0,132.51
0,132.59
0,132.64
0,132.72
0,132.7
0,132.7
0,132.64
0,132.74
0,132.78
0,132.78
0,132.72
0,132.69
0,132.76
0,132.8
0,132.81
0,132.8
0,132.78
0,132.83
0,132.84
0,132.88
0,132.83
0,132.85
0,132.93
0,132.91
0,132.73
0,132.62
0,132.71
0,132.69
0,132.74
0,132.8
0,132.88
0,133
0,132.97
0,132.9
0,132.88
0,132.96
0,132.82
0,132.89
0,132.95
0,133.11
0,133
0,133.04
0,133
0,132.94
0,132.77
0,132.88
0,132.93
0,132.96
0,132.96
0,132.92
0,132.94
0,133
0,132.98
0,134.76
0,135.14
0,134.24
0,135.18
0,135.08
0,135.56
0,135.29
0,135.13
0,134.9
0,135.19
0,134.68
0,134.92
0,134.92
0,135.36
0,135.44
0,135.43
0,135.28
0,135.22
0,134.74
0,134.61
0,134.89
0,134.36
0,134.05
0,133.72
0,133.95
0,133.9
0,133.76
0,133.58
0,133.57
0,133.8
0,133.98
0,134.14
0,134.11
0,134.27
0,134.22
0,134.28
0,134.49
0,134.45
0,134.51
0,134.48
0,134.54
0,134.38
0,134.18
0,134.06
0,133.79
0,133.53
0,133.56
0,133.64
0,133.26
0,133.38
0,133.21
0,133.3
0,133.48
0,133.47
0,133.38
0,133.56
0,133.8
0,133.82
0,133.83
0,133.86
0,133.7
0,133.81
0,133.5
0,133.37
0,133.37
0,133.19
0,133.14
0,133.14
0,133.14
0,133.27
0,133.27
0,133.26
0,133.12
0,133.34
0,133.44
0,133.1
0,132.83
0,132.82
0,132.77
0,132.75
0,133.04
0,132.83
0,132.72
0,132.59
0,132.36
0,132.51
0,132.62
0,132.56
0,132.64
0,132.77
0,132.82
0,133.04
0,133.14
0,133.36
0,133.56
0,133.44
0,133.38
0,133.12
0,133.51
0,133.6
0,133.55
0,133.33
0,133.28
0,133.23
0,133.12
0,133.08
0,133.05
0,133.04
0,133.17
0,133.24
0,133.2
0,132.94
0,132.91
0,132.91
0,132.97
0,133
0,133.01
0,132.82
0,132.71
0,132.84
0,132.74
0,132.56
0,132.58
0,132.55
0,132.4
0,132.37
0,132.42
0,132.56
0,132.49
0,132.64
0,132.62
0,132.84
0,132.8
0,132.84
0,132.68
0,132.63
0,132.91
0,132.92
0,132.62
0,132.62
0,132.72
0,132.76
0,132.63
0,132.58
0,132.62
0,132.55
0,132.62
0,132.59
0,132.76
0,132.8
0,132.83
0,132.98
0,132.78
0,132.9
0,132.96
0,132.98
0,132.85
0,132.96
0,132.73
0,132.61
0,132.61
0,132.69
0,132.7
0,132.45
0,132.57
0,132.76
0,132.67
0,132.76
0,132.85
0,133.12
0,133.04
0,132.9
0,132.94
0,132.89
0,132.92
0,132.91
0,132.91
0,133.19
0,133.11
0,133.02
0,133.01
0,133.12
0,133.08
0,132.94
0,132.88
0,132.88
0,132.87
0,132.89
0,132.83
0,132.8
0,132.84
0,132.86
0,132.98
0,132.91
0,132.94
0,133
0,132.98
0,132.91
0,132.61
0,132.49
0,132.53
0,132.56
0,132.62
0,132.68
0,132.69
0,132.68
0,132.65
0,132.77
0,132.9
0,132.89
0,132.83
0,132.77
0,132.8
0,133.1
0,133.12
0,133.12
0,133.18
0,133.11
0,133.1
0,133.08
0,133.1
0,133.12
0,133.1
0,133.15
0,133.33
0,133.3
0,133.26
0,133.1
0,133.12
0,133.16
0,133.22
0,133.2
0,133.32
0,133.27
0,133.26
0,133.24
0,133.24
0,133.32
0,133.32
0,133.29
0,133.28
0,133.46
0,133.38
0,133.43
0,133.43
0,133.42
0,133.37
0,133.24
0,133.26
0,133.2
0,133.2
0,133.29
0,133.23
0,133.2
0,133.18
0,133.05
0,133.1
0,133.09
0,133.25
0,133.34
0,133.32
0,133.33
0,133.46
0,133.58
0,134.01
0,133.78
0,133.82
0,133.72
0,133.69
0,133.46
0,133.53
0,133.62
0,133.62
0,133.55
0,133.5
0,133.57
0,133.45
0,133.33
0,133.46
0,133.44
0,133.54
0,133.53
0,133.53
0,133.7
0,133.73
0,133.8
0,133.9
0,133.9
0,133.76
0,133.82
0,133.73
0,133.61
0,133.42
0,133.38
0,133.45
0,133.5
0,133.45
0,133.49
0,133.38
0,133.46
0,133.5
0,133.66
0,133.57
0,133.65
0,133.56
0,133.56
0,133.62
0,133.63
0,133.64
0,133.66
0,133.72
0,133.76
0,133.78
0,133.78
0,133.78
0,133.74
0,133.5
0,133.62
0,133.62
0,133.6
0,133.62
0,133.57
0,133.54
0,133.56
0,133.63
0,133.61
0,133.5
0,133.82
0,133.88
0,133.96
0,133.94
0,133.87
0,133.84
0,133.77
0,133.6
0,133.38
0,133.5
0,133.72
0,133.83
0,133.68
0,133.61
0,133.72
0,133.72
0,133.76
0,133.78
0,133.7
0,133.67
0,133.74
0,133.8
0,133.77
0,133.78
0,133.61
0,133.74
0,133.9
0,133.9
0,133.86
0,133.83
0,133.9
0,134.06
0,134.05
0,133.95
0,133.95
0,134.01
0,133.96
0,133.96
0,133.95
0,133.91
0,133.91
0,133.92
0,133.9
0,133.87
0,133.72
0,133.71
0,133.68
0,133.74
0,133.55
0,133.7
0,133.68
0,133.74
0,133.61
0,133.54
0,133.58
0,133.71
0,133.71
0,133.74
0,133.74
0,133.71
0,133.76
0,133.73
0,134.39
0,134.31
0,133.98
0,134.44
0,134.41
0,134.36
0,134.45
0,134.2
0,134.52
0,134.38
0,134.4
0,134.22
0,134
0,134.32
0,134.16
0,134.01
0,133.79
0,133.71
0,133.47
0,133.51
0,134.1
0,134.08
0,133.98
0,133.92
0,134.28
0,134.14
0,134.19
0,134.02
0,134.23
0,134.08
0,133.85
0,133.95
0,133.69
0,133.8
0,133.88
0,133.6
0,133.54
0,133.65
0,133.94
0,133.95
0,133.62
0,133.55
0,133.68
0,133.65
0,133.95
0,133.96
0,133.99
0,133.95
0,134.18
0,134.23
0,134.32
0,134.5
0,134.61
0,134.69
0,134.82
0,134.85
0,135.02
0,134.9
0,135.32
0,134.77
0,134.82
0,134.64
0,134.74
0,134.62
0,134.63
0,134.67
0,134.68
0,134.63
0,134.45
0,134.44
0,134.44
0,134.29
0,134.18
0,134.12
0,133.82
0,133.89
0,134.16
0,134.24
0,134.26
0,134.32
0,134.38
0,134.4
0,134.5
0,134.33
0,134.32
0,134.36
0,134.26
0,134.4
0,134.66
0,134.61
0,134.63
0,134.92
0,135.18
0,135.24
0,135.33
0,135.44
0,135.38
0,135.22
0,135.28
0,135.24
0,135.18
0,135.28
0,135.51
0,135.29
0,135.29
0,135.18
0,135.23
0,135.28
0,135.36
0,135.26
0,135.31
0,135.4
0,135.54
0,135.53
0,135.42
0,135.5
0,135.52
0,135.65
0,135.61
0,135.56
0,135.66
0,135.63
0,135.62
0,135.64
0,135.66
0,135.73
0,135.58
0,135.39
0,135.68
0,135.6
0,135.58
0,135.56
0,135.63
0,135.61
0,135.8
0,135.8
0,135.81
0,135.74
0,135.9
0,135.82
0,135.82
0,136.08
0,136.22
0,136.18
0,135.94
0,135.85
0,135.82
0,135.8
0,135.86
0,136.01
0,136.1
0,136.26
0,136.36
0,136.3
0,136.26
0,136.26
0,136.29
0,136.34
0,136.4
0,136.38
0,136.34
0,136.24
0,136.26
0,136.32
0,136.33
0,136.41
0,136.44
0,136.45
0,136.52
0,136.5
0,136.5
0,136.53
0,136.5
0,136.56
0,136.56
0,136.67
0,136.56
0,136.58
0,136.6
0,136.72
0,136.74
0,136.7
0,136.79
0,136.88
0,136.94
0,136.91
0,136.84
0,136.84
0,136.86
0,136.84
0,136.94
0,136.99
0,136.96
0,137.14
0,136.94
0,137.1
0,137.08
0,137.1
0,137.21
0,137.49
0,137.36
0,137.5
0,137.27
0,137.13
0,137.01
0,136.89
0,136.9
0,136.75
0,136.74
0,136.87
0,136.9
0,136.87
0,136.99
0,136.99
0,136.96
0,137
0,136.8
0,136.88
0,136.89
0,136.81
0,136.85
0,136.88
0,136.89
0,136.94
0,136.91
0,136.89
0,136.98
0,137.26
0,137.31
0,137.36
0,137.58
0,137.71
0,137.62
0,137.67
0,137.64
0,137.55
0,137.54
0,137.48
0,137.51
0,137.38
0,137.34
0,137.28
0,137.14
0,137.15
0,137.24
0,137.15
0,137.23
0,137.18
0,137.2
0,137.22
0,137.24
0,137.22
0,137.18
0,137.1
0,137.08
0,137.08
0,137.02
0,136.98
0,136.96
0,136.84
0,136.94
0,137
0,136.79
0,136.84
0,136.83
0,136.94
0,136.88
0,136.99
0,136.93
0,137.4
0,137.54
0,137.34
0,137.33
0,137.5
0,137.5
0,137.62
0,137.54
0,137.69
0,137.66
0,137.52
0,137.38
0,137.27
0,137.11
0,137.15
0,137
0,136.83
0,136.88
0,136.57
0,136.35
0,136.45
0,136.49
0,136.42
0,136.34
0,136.28
0,136.46
0,136.44
0,136.42
0,136.37
0,136.42
0,136.25
0,136.41
0,136.49
0,136.44
0,136.5
0,136.46
0,136.45
0,136.4
0,136.52
0,136.5
0,136.52
0,136.61
0,136.61
0,136.58
0,136.86
0,137
0,137.15
0,137.26
0,137.09
0,137.12
0,137.02
0,136.96
0,136.93
0,136.86
0,136.94
0,136.9
0,136.94
0,136.93
0,136.9
0,136.81
0,136.87
0,136.92
0,136.9
0,136.82
0,136.82
0,136.8
0,136.82
0,136.78
0,136.79
0,136.92
0,136.8
0,136.8
0,136.74
0,136.74
0,136.72
0,136.79
0,136.9
0,136.95
0,136.86
0,136.86
0,136.83
0,136.78
0,136.87
0,136.84
0,136.8
0,136.7
0,136.78
0,136.78
0,136.66
0,136.7
0,136.56
0,136.68
0,136.88
0,136.82
0,136.88
0,136.72
0,136.75
0,136.73
0,136.64
0,136.6
0,136.4
0,136.38
0,136.45
0,136.51
0,136.5
0,136.5
0,136.51
0,136.52
0,136.43
0,136.38
0,136.24
0,136.19
0,136.07
0,136.02
0,136.06
0,136.36
0,136.36
0,136.48
0,136.67
0,135.57
0,135.47
0,135.78
0,135.73
0,135.5
0,135.19
0,135.06
0,135.05
0,135.76
0,135.57
0,135.72
0,136.04
0,136.05
0,135.72
0,135.14
0,135.08
0,135.08
0,135.56
0,135.52
0,135.86
0,135.85
0,135.97
0,136
0,135.6
0,135.56
0,135.38
0,135.3
0,135.4
0,135.82
0,135.28
0,135.41
0,135.64
0,135.85
0,135.8
0,135.79
0,135.85
0,135.88
0,136.04
0,135.98
0,136.27
0,136.42
0,136.63
0,136.62
0,136.63
0,136.34
0,136.34
0,136.22
0,135.86
0,136
0,136.12
0,136.07
0,136.13
0,136.51
0,136.56
0,136.72
0,136.95
0,136.9
0,136.76
0,136.6
0,136.94
0,137.15
0,137.05
0,136.9
0,136.97
0,137.1
0,137.16
0,136.95
0,137.06
0,137.06
0,137.07
0,137.27
0,137.15
0,137.1
0,137.13
0,137.07
0,136.94
0,136.9
0,136.79
0,136.87
0,136.84
0,137.01
0,137.18
0,137.32
0,137.31
0,137.14
0,137.2
0,137.19
0,137.3
0,137.52
0,137.41
0,137.3
0,137.05
0,137.03
0,137.04
0,137.02
0,137.1
0,137.18
0,137.16
0,137.08
0,137.1
0,137.07
0,137.06
0,137.07
0,136.98
0,137.15
0,137
0,136.94
0,137.06
0,136.86
0,136.8
0,136.66
0,136.66
0,136.71
0,136.71
0,136.58
0,136.46
0,136.26
0,136.3
0,136.28
0,136.24
0,136.3
0,136.36
0,136.27
0,136.31
0,136.36
0,136.5
0,136.74
0,136.56
0,136.55
0,136.62
0,136.55
0,136.54
0,136.42
0,136.26
0,136.26
0,136.26
0,136.24
0,136.07
0,136.1
0,136.04
0,135.99
0,135.96
0,135.97
0,135.99
0,136.06
0,136.1
0,136.07
0,136.06
0,136.2
0,136.26
0,136.22
0,136.12
0,136.18
0,136.1
0,136.08
0,136.1
0,136.06
0,136.07
0,136.12
0,136.12
0,136.12
0,136.12
0,136.07
0,136.12
0,136.13
0,136.13
0,136.17
0,136.15
0,136.15
0,136.12
0,136.07
0,136.1
0,136.12
0,136.24
0,136.29
0,136.51
0,136.55
0,136.48
0,136.59
0,136.56
0,136.52
0,136.45
0,136.56
0,136.54
0,136.57
0,136.49
0,136.64
0,136.62
0,136.54
0,136.55
0,136.56
0,136.54
0,136.53
0,136.45
0,136.48
0,136.61
0,136.62
0,136.82
0,136.8
0,136.99
0,136.98
0,137.12
0,137.06
0,137.16
0,137.1
0,136.97
0,136.81
0,136.78
0,136.74
0,136.81
0,136.83
0,136.74
0,136.8
0,136.75
0,136.73
0,136.86
0,136.75
0,136.52
0,136.37
0,136.5
0,136.25
0,136.52
0,136.54
0,136.54
0,136.54
0,136.45
0,136.44
0,136.34
0,136.42
0,136.32
0,136.38
0,136.34
0,136.35
0,136.32
0,136.38
0,136.37
0,136.45
0,136.5
0,136.51
0,136.51
0,136.57
0,136.43
0,136.39
0,136.39
0,136.41
0,136.42
0,136.48
0,136.41
0,136.44
0,136.27
0,136.18
0,136.17
0,135.96
0,135.88
0,136
0,135.99
0,136.13
0,136.06
0,136.26
0,136.21
0,136.26
0,136.27
0,136.32
0,136.18
0,136.07
0,136.13
0,136.18
0,136.34
0,136.36
0,136.33
0,136.34
0,136.57
0,136.57
0,136.52
0,136.43
0,136.46
0,136.63
0,136.68
0,136.8
0,136.89
0,136.89
0,136.89
0,136.92
0,137.01
0,136.92
0,136.88
0,136.91
0,136.86
0,136.88
0,136.98
0,137
0,137.01
0,136.99
0,137.16
0,136.92
0,136.84
0,136.87
0,136.84
0,136.83
0,136.79
0,136.8
0,136.8
0,136.82
0,136.82
0,136.9
0,136.78
0,136.68
0,136.72
0,136.67
0,136.59
0,136.66
0,136.69
0,136.62
0,136.74
0,136.73
0,136.74
0,136.5
0,136.57
0,136.57
0,136.42
0,136.34
0,136.31
0,136.3
0,136.28
0,136.32
0,136.22
0,136.18
0,136.21
0,136.18
0,136.12
0,136.26
0,136.33
0,136.33
0,136.44
0,136.41
0,136.45
0,136.48
0,136.58
0,136.75
0,136.74
0,136.64
0,136.52
0,136.6
0,136.49
0,136.64
0,136.72
0,136.72
0,136.68
0,136.67
0,136.62
0,136.62
0,136.66
0,136.71
0,136.8
0,136.87
0,136.89
0,136.95
0,136.95
0,136.96
0,136.97
0,136.95
0,136.77
0,136.99
0,136.98
0,136.96
0,136.88
0,136.83
0,136.8
0,136.82
0,136.9
0,137.01
0,137
0,136.97
0,136.99
0,136.95
0,136.98
0,136.96
0,136.87
0,136.81
0,136.81
0,136.85
0,136.85
0,136.83
0,136.87
0,136.84
0,136.73
0,136.65
0,136.87
0,136.73
0,136.7
0,136.05
0,136.09
0,136.04
0,136.06
0,136.48
0,136.28
0,136.2
0,136.21
0,136.28
0,136.04
0,136.21
0,135.96
0,135.8
0,135.87
0,135.76
0,135.94
0,136
0,135.86
0,135.88
0,135.82
0,135.3
0,135.33
0,135.6
0,135.74
0,135.97
0,135.66
0,135.41
0,135.45
0,135.66
0,135.88
0,135.98
0,136.03
0,136.25
0,136.4
0,136.38
0,136.33
0,136.82
0,136.72
0,136.93
0,137.11
0,137.08
0,137.04
0,137.1
0,137.17
0,137.18
0,137.04
0,137.12
0,137.12
0,137.21
0,137.33
0,137.23
0,137.18
0,137.24
0,137.2
0,137.42
0,137.12
0,136.87
0,136.82
0,136.74
0,136.5
0,136.5
0,136.49
0,136.48
0,136.35
0,136.52
0,136.77
0,136.76
0,136.78
0,136.89
0,136.98
0,136.88
0,136.77
0,136.89
0,137.14
0,137.05
0,137.05
0,137
0,137.06
0,136.95
0,136.88
0,136.61
0,136.71
0,136.74
0,136.69
0,136.87
0,137
0,137
0,136.98
0,137.08
0,136.98
0,136.94
0,136.82
0,136.88
0,136.86
0,136.78
0,136.74
0,136.66
0,136.74
0,136.8
0,136.78
0,136.56
0,136.49
0,136.21
0,136.35
0,136.24
0,136.3
0,136.27
0,136.24
0,136.25
0,136.26
0,136.16
0,136.16
0,136.12
0,136.22
0,136.28
0,136.16
0,136.15
0,136.07
0,136.04
0,136.01
0,136.08
0,136.16
0,136.12
0,136.12
0,136.38
0,136.2
0,136.24
0,136.25
0,136.23
0,136.18
0,136.22
0,136.14
0,136.18
0,136.33
0,136.37
0,136.5
0,136.66
0,136.68
0,136.74
0,136.86
0,136.66
0,136.46
0,136.43
0,136.44
0,136.4
0,136.53
0,136.61
0,136.64
0,136.6
0,136.56
0,136.57
0,136.5
0,136.63
0,136.6
0,136.55
0,136.64
0,136.62
0,136.62
0,136.6
0,136.39
0,136.38
0,136.4
0,136.44
0,136.38
0,136.48
0,136.5
0,136.43
0,136.5
0,136.44
0,136.4
0,136.33
0,136.32
0,136.4
0,136.44
0,136.46
0,136.45
0,136.52
0,136.39
0,136.55
0,136.54
0,136.57
0,136.49
0,136.55
0,136.64
0,136.68
0,136.64
0,136.5
0,136.38
0,136.48
0,136.51
0,136.55
0,136.62
0,136.66
0,136.61
0,136.56
0,136.52
0,136.58
0,136.5
0,136.49
0,136.47
0,136.56
0,136.58
0,136.43
0,136.46
0,136.39
0,136.4
0,136.47
0,136.48
0,136.51
0,136.48
0,136.43
0,136.42
0,136.36
0,136.29
0,136.23
0,136.24
0,136.26
0,136.3
0,136.28
0,136.28
0,136.31
0,136.24
0,136.07
0,135.98
0,136.03
0,135.94
0,136.13
0,136.16
0,136.2
0,136.2
0,136.19
0,136.23
0,136.18
0,136.17
0,136.01
0,136.04
0,136.07
0,136.11
0,136.18
0,136.1
0,136.19
0,136.22
0,136.2
0,136.12
0,136
0,136.02
0,136.07
0,136.1
0,136.1
0,136.14
0,136.19
0,136.26
0,136.34
0,136.38
0,136.44
0,136.33
0,136.34
0,136.36
0,136.41
0,136.38
0,136.44
0,136.59
0,136.54
0,136.59
0,136.58
0,136.5
0,136.44
0,136.44
0,136.42
0,136.45
0,136.29
0,136.49
0,136.44
0,136.42
0,136.36
0,136.41
0,136.36
0,136.37
0,136.36
0,136.44
0,136.46
0,136.47
0,136.5
0,136.55
0,136.46
0,136.51
0,136.56
0,136.61
0,136.59
0,136.56
0,136.56
0,136.6
0,136.56
0,136.67
0,136.89
0,136.89
0,136.89
0,136.93
0,137.02
0,136.94
0,136.99
0,137
0,136.94
0,136.92
0,136.94
0,136.91
0,136.9
0,136.9
0,136.84
0,136.89
0,136.79
0,136.74
0,136.79
0,136.83
0,136.8
0,136.74
0,136.76
0,136.77
0,136.65
0,136.72
0,136.71
0,136.7
0,136.7
0,136.62
0,136.52
0,136.5
0,136.46
0,136.42
0,136.4
0,136.5
0,136.55
0,136.52
0,136.5
0,136.46
0,136.44
0,136.57
0,136.62
0,136.6
0,136.76
0,136.65
0,136.62
0,136.67
0,136.68
0,136.63
0,136.58
0,136.58
0,136.55
0,136.48
0,136.49
0,136.53
0,136.52
0,136.54
0,136.5
0,136.49
0,136.44
0,136.37
0,136.38
0,136.32
0,136.34
0,136.35
0,136.38
0,136.42
0,136.49
0,136.4
0,136.47
0,136.42
0,136.47
0,136.52
0,136.48
0,136.56
0,136.62
0,136.59
0,136.61
0,136.61
0,136.73
0,136.66
0,136.68
0,136.66
0,136.62
0,136.66
0,136.64
0,136.66
0,136.66
0,136.56
0,136.66
0,136.68
0,136.73
0,136.62
0,136.54
0,135.48
0,135.35
0,135.43
0,134.68
0,134.23
0,134.06
0,134.47
0,134.44
0,134.84
0,135.36
0,135.42
0,135.58
0,135.55
0,135.53
0,135.45
0,135.2
0,135.25
0,135.16
0,135.3
0,134.94
0,134.94
0,135.11
0,135.11
0,135.16
0,135.3
0,135.06
0,134.91
0,134.52
0,134.68
0,134.7
0,134.6
0,134.47
0,134.52
0,134.4
0,134.81
0,135.1
0,134.76
0,134.69
0,134.78
0,134.77
0,135.03
0,135.06
0,135.19
0,135.08
0,135.08
0,134.74
0,134.58
0,134.5
0,134.5
0,134.69
0,135.02
0,134.83
0,134.8
0,134.7
0,134.7
0,134.68
0,134.69
0,134.5
0,134.64
0,134.74
0,134.7
0,134.76
0,134.87
0,134.89
0,135.06
0,134.96
0,134.94
0,135.07
0,135.22
0,135.26
0,135.26
0,135.2
0,135.26
0,135.33
0,135.39
0,135.4
0,135.2
0,135.17
0,135.06
0,135.07
0,135.06
0,134.98
0,134.88
0,134.98
0,135.05
0,135.06
0,135.26
0,135.23
0,135.23
0,135.11
0,134.95
0,135.08
0,135.03
0,135.14
0,135.04
0,135.04
0,134.94
0,134.92
0,135
0,134.95
0,134.98
0,134.9
0,134.66
0,134.63
0,134.63
0,134.68
0,134.67
0,134.72
0,134.45
0,134.44
0,134.5
0,134.55
0,134.54
0,134.74
0,134.77
0,134.82
0,134.99
0,134.87
0,134.94
0,134.94
0,134.99
0,135.11
0,135.2
0,135.3
0,135.21
0,135.21
0,135.2
0,135.36
0,135.38
0,135.4
0,135.35
0,135.21
0,135.3
0,135.26
0,135.32
0,135.23
0,135.24
0,135.26
0,135.26
0,135.24
0,135.21
0,135.12
0,135
0,134.81
0,134.88
0,134.94
0,134.99
0,135.02
0,135.05
0,134.98
0,134.95
0,134.94
0,134.92
0,135.02
0,135.06
0,134.96
0,134.9
0,134.9
0,134.99
0,135.05
0,134.96
0,135.03
0,135.07
0,135.06
0,135.18
0,135.37
0,135.44
0,135.47
0,135.53
0,135.38
0,135.41
0,135.44
0,135.46
0,135.5
0,135.5
0,135.5
0,135.44
0,135.52
0,135.59
0,135.62
0,135.48
0,135.45
0,135.49
0,135.46
0,135.5
0,135.38
0,135.41
0,135.44
0,135.51
0,135.45
0,135.44
0,135.52
0,135.56
0,135.68
0,135.68
0,135.72
0,135.68
0,135.66
0,135.62
0,135.6
0,135.55
0,135.58
0,135.55
0,135.62
0,135.65
0,135.66
0,135.67
0,135.51
0,135.48
0,135.53
0,135.56
0,135.56
0,135.58
0,135.56
0,135.55
0,135.57
0,135.5
0,135.58
0,135.62
0,135.62
0,135.63
0,135.64
0,135.74
0,135.82
0,135.86
0,135.82
0,135.82
0,135.84
0,135.86
0,135.94
0,135.83
0,135.84
0,135.82
0,135.82
0,135.86
0,135.84
0,135.76
0,135.77
0,135.84
0,135.84
0,135.88
0,136.01
0,136
0,136.02
0,136.08
0,136.07
0,136.01
0,136.02
0,136.06
0,135.99
0,135.96
0,136.01
0,135.99
0,136.01
0,135.94
0,135.96
0,136
0,136.05
0,135.93
0,135.96
0,136.01
0,135.98
0,135.92
0,135.87
0,135.84
0,135.74
0,135.61
0,135.7
0,135.78
0,135.82
0,135.85
0,135.93
0,135.88
0,135.84
0,135.94
0,135.82
0,135.77
0,135.83
0,135.82
0,135.89
0,135.83
0,135.65
0,135.63
0,135.7
0,135.71
0,135.71
0,135.76
0,135.69
0,135.66
0,135.61
0,135.66
0,135.61
0,135.59
0,135.52
0,135.53
0,135.56
0,135.56
0,135.55
0,135.59
0,135.58
0,135.52
0,135.63
0,135.66
0,135.69
0,135.66
0,135.69
0,135.76
0,135.72
0,135.8
0,135.82
0,135.79
0,135.82
0,135.88
0,135.91
0,135.92
0,135.88
0,135.89
0,135.8
0,135.82
0,135.78
0,135.76
0,135.8
0,135.89
0,135.85
0,135.82
0,135.76
0,135.68
0,135.7
0,135.66
0,135.66
0,135.68
0,135.68
0,135.68
0,135.77
0,135.82
0,135.79
0,135.73
0,135.63
0,135.54
0,135.55
0,135.56
0,135.62
0,135.51
0,135.56
0,135.5
0,135.49
0,135.43
0,135.51
0,135.6
0,135.59
0,135.56
0,135.5
0,135.58
0,135.61
0,135.46
0,135.51
0,135.65
0,135.64
0,135.59
0,135.58
0,135.6
0,135.56
0,135.56
0,135.5
0,135.49
0,135.33
0,135.36
0,135.32
0,135.27
0,135.27
0,135.26
0,135.18
0,135.14
0,135.08
0,135.05
0,135.13
0,135.1
0,135.04
0,134.98
0,134.96
0,135.06
0,135.06
0,134.92
0,134.94
0,133.39
0,132.78
0,133.45
0,134.23
0,134.54
0,135.11
0,135.23
0,135.26
0,135.22
0,135.57
0,135.74
0,135.54
0,135.73
0,135.92
0,135.93
0,135.95
0,136.13
0,136.08
0,136.22
0,136.27
0,136.41
0,136.42
0,135.99
0,136.02
0,136.19
0,136.19
0,136.66
0,136.64
0,136.65
0,136.57
0,136.95
0,137.18
0,137.11
0,137.12
0,137.31
0,137.23
0,137.24
0,137.24
0,137.32
0,137.28
0,137.1
0,137.1
0,136.95
0,136.96
0,136.97
0,136.84
0,136.86
0,137.06
0,136.84
0,136.91
0,136.85
0,136.64
0,136.56
0,136.69
0,136.57
0,136.56
0,136.34
0,136.38
0,136.68
0,136.59
0,136.41
0,136.3
0,136.24
0,136.28
0,136.32
0,136.2
0,136.26
0,136.23
0,136.15
0,136.2
0,136.26
0,136.28
0,136.34
0,136.48
0,136.47
0,136.44
0,136.18
0,135.92
0,135.92
0,135.94
0,136.07
0,136.12
0,135.95
0,136.06
0,136.16
0,136.02
0,136
0,136.06
0,136
0,136.08
0,136.05
0,136.12
0,136.06
0,136.1
0,136.09
0,135.98
0,135.82
0,135.84
0,135.79
0,135.66
0,135.56
0,135.56
0,135.68
0,135.8
0,135.86
0,135.9
0,135.94
0,135.82
0,135.76
0,135.83
0,135.86
0,135.91
0,135.86
0,135.69
0,135.64
0,135.69
0,135.62
0,135.57
0,135.57
0,135.68
0,135.62
0,135.68
0,135.72
0,135.56
0,135.61
0,135.61
0,135.69
0,135.7
0,135.7
0,135.56
0,135.54
0,135.76
0,135.73
0,135.76
0,135.76
0,135.73
0,135.66
0,135.59
0,135.62
0,135.7
0,135.57
0,135.5
0,135.52
0,135.52
0,135.51
0,135.58
0,135.56
0,135.67
0,135.78
0,135.74
0,135.75
0,135.73
0,135.81
0,135.78
0,135.86
0,135.86
0,135.83
0,135.72
0,135.64
0,135.66
0,135.78
0,135.76
0,135.85
0,135.97
0,135.88
0,135.92
0,135.94
0,135.96
0,135.82
0,135.84
0,135.88
0,135.94
0,135.94
0,135.77
0,135.78
0,135.78
0,135.8
0,135.73
0,135.8
0,135.68
0,135.74
0,135.67
0,135.67
0,135.67
0,135.69
0,135.62
0,135.73
0,135.58
0,135.61
0,135.68
0,135.68
0,135.7
0,135.74
0,135.78
0,135.84
0,135.84
0,135.9
0,135.84
0,135.92
0,135.85
0,135.83
0,135.76
0,135.76
0,135.78
0,135.76
0,135.74
0,135.74
0,135.72
0,135.8
0,135.8
0,135.68
0,135.62
0,135.76
0,135.76
0,135.9
0,135.86
0,135.88
0,135.87
0,135.89
0,135.96
0,135.78
0,135.81
0,135.64
0,135.78
0,135.69
0,135.69
0,135.78
0,135.82
0,135.92
0,136.04
0,136.06
0,136.06
0,135.98
0,135.82
0,135.82
0,135.89
0,135.88
0,135.9
0,135.9
0,135.9
0,136.06
0,136
0,136.03
0,136.06
0,136.11
0,136.09
0,136.02
0,136.01
0,136.08
0,136.09
0,136.01
0,136
0,135.99
0,136.04
0,135.98
0,135.99
0,135.92
0,135.9
0,135.95
0,136
0,136.06
0,136.08
0,135.99
0,136.01
0,136.04
0,136.06
0,136.06
0,136.03
0,136.06
0,136
0,136.07
0,136.03
0,136
0,135.78
0,135.8
0,135.91
0,135.96
0,135.94
0,135.92
0,135.95
0,135.83
0,136
0,135.94
0,135.94
0,135.76
0,135.88
0,135.88
0,135.85
0,135.86
0,135.76
0,135.86
0,135.86
0,135.86
0,135.82
0,135.72
0,135.64
0,135.61
0,135.42
0,135.4
0,135.3
0,135.42
0,135.35
0,135.4
0,135.48
0,135.36
0,135.28
0,135.33
0,135.44
0,135.21
0,135.34
0,135.38
0,135.45
0,135.4
0,135.43
0,135.48
0,135.56
0,135.55
0,135.57
0,135.58
0,135.74
0,135.74
0,135.76
0,135.79
0,135.74
0,135.78
0,135.76
0,135.8
0,135.91
0,135.94
0,136.01
0,135.93
0,135.99
0,135.93
0,135.99
0,135.99
0,135.98
0,136.05
0,136.06
0,136.08
0,136
0,136.03
0,136
0,136.01
0,136.07
0,136.05
0,136
0,135.97
0,135.94
0,135.94
0,136.01
0,135.98
0,135.92
0,135.99
0,135.97
0,135.94
0,135.9
0,135.99
0,135.96
0,135.96
0,135.92
0,135.94
0,135.98
0,135.99
0,135.98
0,135.95
0,135.97
0,135.97
0,135.98
0,135.99
0,136.02
0,136.02
0,136.02
0,136
0,136
0,135.99
0,135.96
0,135.98
0,136.01
0,136
0,135.96
0,136
0,135.96
0,135.94
0,135.98
0,135.82
0,135.86
0,135.86
0,135.86
0,136.31
0,136.56
0,137
0,137.34
0,137.45
0,137.33
0,137.32
0,137.18
0,136.7
0,136.41
0,136.5
0,136.66
0,136.93
0,136.78
0,136.98
0,136.81
0,137.26
0,137.27
0,137.29
0,137.07
0,137.04
0,136.94
0,136.88
0,136.74
0,136.95
0,136.97
0,137
0,136.84
0,136.94
0,136.79
0,137.06
0,136.94
0,136.88
0,136.77
0,136.84
0,136.87
0,136.74
0,136.98
0,136.96
0,136.79
0,136.8
0,136.98
0,136.89
0,137.02
0,137.01
0,136.86
0,136.84
0,136.8
0,136.63
0,136.55
0,136.43
0,136.18
0,136.1
0,135.95
0,135.9
0,136.07
0,136.03
0,135.91
0,135.97
0,135.94
0,135.98
0,135.88
0,135.76
0,135.77
0,135.68
0,135.44
0,135.44
0,135.29
0,135.29
0,135.2
0,135.05
0,134.89
0,135.02
0,135.21
0,135.24
0,135.49
0,135.48
0,135.42
0,135.51
0,135.57
0,135.44
0,135.44
0,135.31
0,135.32
0,135.44
0,135.39
0,135.42
0,135.32
0,135.23
0,135.28
0,135.24
0,135.13
0,135.26
0,135.18
0,135.22
0,135.12
0,135
0,135.5
0,135.57
0,135.69
0,135.96
0,135.88
0,135.99
0,136.16
0,136.18
0,136.1
0,136.16
0,136.21
0,136.24
0,136.24
0,136.24
0,136.22
0,136.04
0,136.16
0,136.06
0,136.06
0,136.08
0,136.06
0,136.19
0,136.31
0,136.08
0,136.23
0,136.2
0,136.3
0,136.38
0,136.46
0,136.3
0,136.24
0,136.06
0,136.13
0,136.26
0,136.03
0,136.08
0,136.08
0,136.16
0,136.13
0,136.04
0,135.88
0,135.82
0,135.82
0,135.9
0,135.95
0,135.9
0,135.84
0,135.82
0,135.71
0,135.68
0,135.67
0,135.79
0,135.86
0,135.85
0,135.92
0,135.89
0,135.79
0,135.88
0,135.78
0,135.75
0,135.69
0,135.6
0,135.58
0,135.56
0,135.56
0,135.67
0,135.52
0,135.49
0,135.36
0,135.36
0,135.57
0,135.67
0,135.62
0,135.67
0,135.71
0,135.9
0,135.83
0,135.82
0,135.74
0,135.68
0,135.74
0,135.84
0,135.76
0,135.69
0,135.61
0,135.62
0,135.7
0,135.8
0,135.77
0,135.68
0,135.56
0,135.63
0,135.7
0,135.67
0,135.77
0,135.8
0,135.78
0,135.66
0,135.62
0,135.54
0,135.38
0,135.38
0,135.52
0,135.52
0,135.47
0,135.48
0,135.51
0,135.46
0,135.38
0,135.44
0,135.46
0,135.33
0,135.28
0,135.41
0,135.38
0,135.38
0,135.38
0,135.38
0,135.37
0,135.39
0,135.37
0,135.44
0,135.41
0,135.32
0,135.42
0,135.33
0,135.41
0,135.47
0,135.44
0,135.51
0,135.56
0,135.54
0,135.42
0,135.49
0,135.51
0,135.53
0,135.46
0,135.47
0,135.44
0,135.47
0,135.52
0,135.56
0,135.45
0,135.5
0,135.38
0,135.41
0,135.38
0,135.44
0,135.39
0,135.49
0,135.49
0,135.49
0,135.49
0,135.51
0,135.48
0,135.55
0,135.47
0,135.55
0,135.61
0,135.58
0,135.59
0,135.58
0,135.6
0,135.44
0,135.5
0,135.46
0,135.44
0,135.45
0,135.47
0,135.49
0,135.54
0,135.46
0,135.49
0,135.49
0,135.44
0,135.39
0,135.49
0,135.5
0,135.47
0,135.51
0,135.49
0,135.54
0,135.62
0,135.62
0,135.61
0,135.62
0,135.63
0,135.62
0,135.62
0,135.61
0,135.58
0,135.58
0,135.6
0,135.57
0,135.56
0,135.54
0,135.58
0,135.59
0,135.57
0,135.57
0,135.62
0,135.76
0,135.8
0,135.94
0,135.91
0,135.93
0,135.88
0,135.91
0,135.93
0,135.94
0,135.85
0,135.8
0,135.87
0,135.98
0,136.06
0,135.97
0,136
0,136.04
0,135.95
0,135.94
0,135.94
0,135.79
0,135.9
0,135.91
0,135.92
0,135.84
0,135.87
0,135.75
0,135.8
0,135.8
0,135.89
0,135.86
0,135.84
0,135.85
0,135.89
0,135.83
0,135.8
0,135.82
0,135.76
0,135.72
0,135.77
0,135.81
0,135.73
0,135.75
0,135.7
0,135.78
0,135.76
0,135.69
0,135.68
0,135.67
0,135.68
0,135.75
0,135.68
0,135.73
0,135.7
0,135.79
0,135.8
0,135.78
0,135.8
0,135.73
0,135.6
0,135.47
0,135.45
0,135.4
0,135.52
0,135.42
0,135.42
0,135.41
0,135.39
0,135.4
0,135.28
0,135.29
0,135.32
0,135.29
0,135.24
0,135.25
0,135.36
0,135.4
0,135.42
0,135.38
0,135.32
0,135.32
0,135.32
0,135.55
0,135.51
0,135.5
0,135.44
0,135.33
0,135.26
0,134.26
0,134.4
0,134.24
0,134.43
0,134.78
0,134.88
0,134.96
0,135.04
0,134.96
0,134.98
0,135.13
0,135
0,135
0,135.2
0,135.15
0,135.15
0,135.32
0,135.38
0,135.33
0,135.44
0,135.42
0,135.53
0,135.7
0,135.82
0,135.89
0,135.81
0,135.94
0,136.02
0,135.92
0,136.08
0,136.17
0,136.18
0,136.1
0,135.9
0,135.98
0,135.9
0,135.91
0,135.93
0,135.9
0,135.76
0,135.71
0,135.91
0,135.94
0,135.94
0,136.04
0,136.1
0,136.21
0,136.16
0,135.94
0,135.68
0,135.49
0,135.6
0,135.72
0,135.78
0,135.84
0,135.99
0,136.15
0,136.2
0,136.28
0,136.22
0,136.08
0,136.13
0,136.18
0,135.92
0,136.13
0,136.49
0,136.24
0,136.19
0,136.03
0,136.05
0,136.04
0,136.05
0,136.06
0,136.15
0,136.12
0,136.18
0,136.12
0,136.16
0,136.28
0,136.15
0,136.15
0,136.32
0,136.32
0,136.17
0,136.18
0,136.31
0,136.16
0,136.15
0,136.19
0,136.19
0,136.23
0,136.23
0,136.16
0,136.19
0,136.28
0,136.3
0,136.29
0,136.26
0,136.16
0,136
0,136
0,136.02
0,136.09
0,136.06
0,136.06
0,136.06
0,136.1
0,136.1
0,136.07
0,136.18
0,136.16
0,136.36
0,136.34
0,136.51
0,136.69
0,136.84
0,136.92
0,136.9
0,137.04
0,136.92
0,136.86
0,136.81
0,136.98
0,137.22
0,137.23
0,137.26
0,137.12
0,137.12
0,137
0,137.08
0,137.13
0,137.08
0,137.15
0,137.14
0,137.27
0,137.16
0,137.2
0,137.07
0,137.07
0,137.06
0,137.03
0,136.94
0,137.01
0,137.07
0,137.05
0,137.06
0,137.01
0,137.04
0,137.08
0,137.26
0,137.36
0,137.45
0,137.42
0,137.25
0,137.22
0,137.23
0,137.12
0,137.06
0,137.05
0,137.06
0,137.08
0,137.13
0,137.16
0,137.13
0,137.12
0,137.13
0,137.1
0,137.12
0,137.06
0,137.08
0,137.05
0,137.12
0,137.12
0,137.08
0,137.12
0,137.12
0,137.07
0,137.18
0,137.17
0,137.27
0,137.28
0,137.32
0,137.32
0,137.3
0,137.29
0,137.34
0,137.3
0,137.27
0,137.21
0,137.15
0,137.09
0,137.1
0,137.1
0,137.12
0,137.07
0,137.04
0,136.96
0,136.94
0,136.9
0,136.94
0,136.91
0,136.94
0,136.82
0,136.91
0,136.91
0,136.96
0,137.02
0,137.07
0,137.1
0,137.07
0,137.07
0,136.96
0,136.91
0,136.96
0,137.07
0,137.03
0,137.08
0,137.07
0,137.07
0,137.03
0,137.09
0,137.06
0,137.05
0,137.04
0,137.03
0,137.09
0,137.14
0,137.07
0,137.06
0,137.15
0,137.08
0,137.05
0,137
0,137.05
0,137.06
0,137.01
0,137.02
0,136.96
0,136.99
0,136.82
0,136.78
0,136.76
0,136.79
0,136.8
0,136.83
0,136.8
0,136.69
0,136.63
0,136.54
0,136.59
0,136.58
0,136.61
0,136.6
0,136.62
0,136.65
0,136.62
0,136.51
0,136.58
0,136.54
0,136.53
0,136.64
0,136.72
0,136.68
0,136.74
0,136.72
0,136.76
0,136.74
0,136.74
0,136.8
0,136.74
0,136.82
0,136.79
0,136.71
0,136.73
0,136.59
0,136.62
0,136.56
0,136.6
0,136.66
0,136.69
0,136.74
0,136.68
0,136.68
0,136.66
0,136.62
0,136.69
0,136.7
0,136.62
0,136.59
0,136.57
0,136.59
0,136.56
0,136.58
0,136.55
0,136.45
0,136.54
0,136.49
0,136.49
0,136.44
0,136.67
0,136.68
0,136.84
0,137.12
0,137.06
0,137.01
0,137.15
0,137.14
0,137.08
0,137.18
0,137.29
0,137.4
0,137.6
0,137.54
0,137.27
0,137.11
0,137.2
0,137.17
0,136.74
0,136.55
0,136.6
0,136.83
0,136.76
0,136.72
0,136.69
0,136.7
0,136.6
0,136.56
0,136.66
0,136.71
0,136.9
0,136.94
0,136.86
0,136.75
0,136.79
0,136.64
0,136.68
0,136.68
0,136.71
0,136.76
0,136.76
0,136.79
0,137
0,136.9
0,136.95
0,136.95
0,136.94
0,136.92
0,136.78
0,136.8
0,136.76
0,136.86
0,136.92
0,136.82
0,136.84
0,136.87
0,136.89
0,136.84
0,136.77
0,136.77
0,136.83
0,136.76
0,136.78
0,136.76
0,136.78
0,136.68
0,136.69
0,136.8
0,136.71
0,136.73
0,136.76
0,136.76
0,136.72
0,136.63
0,136.6
0,136.5
0,136.48
0,136.61
0,136.45
0,136.49
0,136.49
0,136.57
0,138.74
0,138.73
0,138.35
0,138.36
0,138.32
0,137.92
0,137.99
0,138.02
0,137.84
0,137.5
0,137.74
0,137.45
0,137.42
0,137.72
0,137.67
0,137.6
0,137.59
0,137.62
0,137.11
0,136.84
0,136.78
0,136.73
0,136.34
0,136.37
0,136.18
0,136.27
0,136.12
0,136.06
0,135.92
0,136
0,135.86
0,135.94
0,135.79
0,135.59
0,135.72
0,135.89
0,135.68
0,135.67
0,135.56
0,135.74
0,135.76
0,135.89
0,135.82
0,136.01
0,135.98
0,136.08
0,136.16
0,136.14
0,136.19
0,136.12
0,136.3
0,136.44
0,136.49
0,136.67
0,136.72
0,136.74
0,136.89
0,136.84
0,136.81
0,137.12
0,137.18
0,137.22
0,136.98
0,137.03
0,137
0,137.27
0,137.44
0,137.52
0,137.55
0,137.6
0,137.48
0,137.51
0,137.56
0,137.57
0,137.63
0,137.57
0,137.5
0,137.5
0,137.69
0,137.98
0,138.18
0,137.97
0,137.92
0,137.99
0,138.13
0,138.18
0,138.2
0,138.21
0,138.18
0,138.39
0,138.46
0,138.42
0,138.36
0,138.46
0,138.61
0,138.76
0,138.83
0,138.71
0,138.77
0,138.62
0,138.56
0,138.52
0,138.46
0,138.48
0,138.39
0,138.4
0,138.46
0,138.51
0,138.5
0,138.54
0,138.64
0,138.66
0,138.48
0,138.44
0,138.62
0,138.8
0,138.85
0,138.94
0,138.93
0,138.92
0,138.95
0,138.89
0,138.76
0,138.68
0,138.6
0,138.54
0,138.39
0,138.49
0,138.68
0,138.67
0,138.76
0,138.78
0,138.88
0,138.9
0,138.86
0,138.83
0,138.82
0,138.68
0,138.58
0,138.51
0,138.5
0,138.46
0,138.51
0,138.5
0,138.66
0,138.66
0,138.54
0,138.72
0,138.68
0,138.76
0,138.76
0,138.94
0,139
0,139.08
0,139.29
0,139.28
0,139.23
0,139.06
0,139.05
0,139.1
0,139.07
0,139.14
0,139.22
0,139.25
0,139.34
0,139.45
0,139.5
0,139.55
0,139.6
0,139.52
0,139.67
0,139.5
0,139.51
0,139.61
0,139.74
0,139.78
0,139.86
0,139.86
0,139.63
0,139.57
0,139.62
0,139.54
0,139.63
0,139.59
0,139.55
0,139.61
0,139.55
0,139.56
0,139.6
0,139.59
0,139.67
0,139.72
0,139.72
0,139.78
0,139.76
0,139.76
0,139.63
0,139.62
0,139.55
0,139.6
0,139.68
0,139.82
0,139.74
0,139.72
0,139.79
0,139.82
0,139.89
0,139.89
0,139.98
0,140.06
0,140.07
0,140.01
0,140.03
0,140
0,140.05
0,140.04
0,139.94
0,139.88
0,140.08
0,140.01
0,140.08
0,139.87
0,139.94
0,140
0,139.92
0,140.08
0,139.95
0,139.98
0,139.95
0,140.01
0,140.18
0,140.18
0,140.26
0,140.18
0,140.18
0,140.25
0,140.17
0,140.06
0,140.12
0,139.99
0,140
0,139.99
0,140.07
0,140
0,139.97
0,140.08
0,140.14
0,140.14
0,140.08
0,140.12
0,140.25
0,140.29
0,140.2
0,140.23
0,140.36
0,140.33
0,140.32
0,140.19
0,140.24
0,140.26
0,140.38
0,140.54
0,140.57
0,140.65
0,140.8
0,140.79
0,140.71
0,140.71
0,140.82
0,140.92
0,140.94
0,140.96
0,140.85
0,140.62
0,140.47
0,140.5
0,140.5
0,140.62
0,140.67
0,140.74
0,140.82
0,140.78
0,140.74
0,140.76
0,140.65
0,140.78
0,140.78
0,140.84
0,140.85
0,140.8
0,140.7
0,140.68
0,140.61
0,140.71
0,140.65
0,140.78
0,140.63
0,140.74
0,140.64
0,140.73
0,140.69
0,140.77
0,140.82
0,140.7
0,140.62
0,140.59
0,140.7
0,140.72
0,140.68
0,140.6
0,140.67
0,140.83
0,140.83
0,140.66
0,140.61
0,140.77
0,140.67
0,140.92
0,140.89
0,140.82
0,140.9
0,140.87
0,140.84
0,140.95
0,140.88
0,140.91
0,140.94
0,141.11
0,141.08
0,141.16
0,141.36
0,141.24
0,141.18
0,141.09
0,141.09
0,141.13
0,141.05
0,141.08
0,141.12
0,141.12
0,141.13
0,141.12
0,141.23
0,141.22
0,141.19
0,141.22
0,141.11
0,141.21
0,141.23
0,141.18
0,141.12
0,141.07
0,141.08
0,141.15
0,141.12
0,141.03
0,141.19
0,141.19
0,141.1
0,141.18
0,141.18
0,141.28
0,141.24
0,141.16
0,141.15
0,141.07
0,141.14
0,141.24
0,141.32
0,141.28
0,141.32
0,141.36
0,141.34
0,141.29
0,141.33
0,141.4
0,141.24
0,141.13
0,141.12
0,141.1
0,141.1
0,140.99
0,140.91
0,140.99
0,140.98
0,141.19
0,141.19
0,141.4
0,141.39
0,141.5
0,140.29
0,140.1
0,140.61
0,140.56
0,141.19
0,140.99
0,140.74
0,140.91
0,140.88
0,141.05
0,140.83
0,141.09
0,141.17
0,141.38
0,141.05
0,141.4
0,141.24
0,141.31
0,140.98
0,141.13
0,140.68
0,140.22
0,140.18
0,140.13
0,140.18
0,140.63
0,140.63
0,140.71
0,140.77
0,141.14
0,141.01
0,141.04
0,141.19
0,141.09
0,141.1
0,141.03
0,140.95
0,140.88
0,140.94
0,141
0,141.14
0,141.28
0,141.28
0,140.99
0,140.84
0,140.98
0,140.75
0,140.98
0,140.93
0,140.94
0,140.88
0,141.01
0,141.12
0,141.24
0,141.23
0,141.1
0,141.18
0,141.16
0,140.96
0,140.9
0,140.88
0,141.01
0,140.96
0,140.98
0,140.96
0,140.88
0,141.18
0,141.12
0,141.24
0,141.26
0,141.22
0,141.08
0,141.06
0,141.1
0,141.1
0,141.01
0,140.95
0,140.94
0,140.69
0,140.59
0,140.65
0,140.76
0,140.79
0,140.68
0,140.63
0,140.64
0,140.68
0,140.61
0,140.54
0,140.41
0,140.39
0,140.47
0,140.36
0,140.16
0,140.18
0,140.3
0,140.38
0,140.33
0,140.3
0,140.23
0,140.24
0,140.16
0,140.35
0,140.39
0,140.35
0,140.35
0,140.35
0,140.35
0,140.35
0,140.32
0,140.33
0,140.41
0,140.5
0,140.41
0,140.42
0,140.52
0,140.55
0,140.53
0,140.44
0,140.38
0,140.32
0,140.35
0,140.44
0,140.51
0,140.51
0,140.4
0,140.54
0,140.51
0,140.52
0,140.5
0,140.42
0,140.26
0,140.16
0,140.01
0,139.97
0,139.9
0,139.96
0,139.95
0,140.09
0,140.09
0,140.2
0,140.22
0,140.12
0,140.16
0,139.95
0,139.79
0,139.8
0,139.71
0,139.7
0,139.74
0,139.76
0,139.84
0,139.8
0,139.86
0,139.99
0,139.84
0,139.88
0,139.99
0,139.96
0,140.06
0,139.94
0,139.87
0,140
0,139.88
0,139.92
0,139.92
0,140.02
0,140.1
0,139.98
0,139.96
0,139.98
0,140.01
0,140.05
0,140
0,139.9
0,139.96
0,139.88
0,139.73
0,139.65
0,139.78
0,139.74
0,139.8
0,139.63
0,139.5
0,139.48
0,139.36
0,139.35
0,139.38
0,139.47
0,139.57
0,139.5
0,139.54
0,139.66
0,139.76
0,139.92
0,139.94
0,139.96
0,139.85
0,139.89
0,139.97
0,140
0,139.97
0,140.1
0,140.12
0,140.16
0,140.08
0,139.99
0,139.98
0,139.99
0,140.04
0,139.88
0,139.62
0,139.47
0,139.4
0,139.41
0,139.42
0,139.4
0,139.34
0,139.35
0,139.41
0,139.37
0,139.37
0,139.38
0,139.35
0,139.45
0,139.46
0,139.5
0,139.38
0,139.36
0,139.47
0,139.5
0,139.51
0,139.72
0,139.64
0,139.48
0,139.4
0,139.59
0,139.51
0,139.63
0,139.61
0,139.54
0,139.63
0,139.56
0,139.46
0,139.47
0,139.54
0,139.64
0,139.55
0,139.57
0,139.6
0,139.55
0,139.65
0,139.58
0,139.5
0,139.56
0,139.52
0,139.58
0,139.54
0,139.51
0,139.56
0,139.58
0,139.66
0,139.58
0,139.62
0,139.74
0,139.76
0,139.69
0,139.7
0,139.75
0,139.72
0,139.8
0,139.78
0,139.75
0,139.67
0,139.66
0,139.83
0,139.77
0,139.66
0,139.66
0,139.64
0,139.68
0,139.66
0,139.53
0,139.5
0,139.56
0,139.7
0,139.71
0,139.68
0,139.62
0,139.68
0,139.66
0,139.52
0,139.49
0,139.38
0,139.45
0,139.39
0,139.4
0,139.41
0,139.44
0,139.4
0,139.38
0,139.4
0,139.41
0,139.43
0,139.34
0,139.38
0,139.46
0,139.38
0,139.25
0,139.24
0,139.44
0,139.46
0,139.26
0,139.31
0,139.01
0,139.15
0,139.14
0,139.06
0,139.1
0,139.1
0,139.12
0,138.95
0,138.88
0,138.88
0,138.96
0,138.98
0,138.9
0,139.1
0,139
0,138.88
0,138.84
0,138.93
0,138.73
0,138.82
0,138.63
0,138.6
0,138.55
0,138.45
0,138.49
0,138.47
0,138.34
0,138.49
0,138.44
0,138.41
0,138.55
0,138.54
0,138.5
0,138.52
0,138.48
0,138.49
0,138.56
0,138.59
0,138.63
0,138.68
0,138.76
0,138.67
0,138.68
0,138.68
0,138.78
0,138.76
0,138.71
0,138.69
0,138.64
0,138.49
0,138.34
0,138.37
0,138.18
0,138.25
0,138.5
0,139.13
0,139.01
0,139.07
0,139.02
0,138.82
0,138.61
0,138.52
0,138.51
0,138.46
0,138.47
0,138.42
0,138.51
0,138.44
0,138.26
0,138.36
0,138.28
0,138.19
0,138.32
0,138.39
0,138.5
0,139.6
0,139.59
0,139.74
0,139.45
0,139.44
0,139.61
0,139.8
0,139.94
0,140.02
0,139.94
0,139.96
0,140.24
0,140.18
0,139.99
0,140.14
0,139.99
0,140.45
0,140.43
0,140.68
0,140.68
0,140.89
0,140.94
0,140.88
0,140.88
0,140.69
0,140.94
0,141.12
0,141.16
0,141.11
0,140.88
0,140.95
0,140.86
0,140.74
0,140.84
0,140.7
0,140.8
0,140.6
0,140.26
0,140.07
0,140.3
0,140.42
0,140.52
0,140.18
0,140.25
0,140.14
0,140.3
0,140.36
0,140.16
0,140.27
0,140.07
0,139.94
0,139.85
0,140
0,139.81
0,139.72
0,139.92
0,139.76
0,139.62
0,139.66
0,139.66
0,139.57
0,139.58
0,139.7
0,139.76
0,139.85
0,139.62
0,139.6
0,139.55
0,139.74
0,139.57
0,139.34
0,139.13
0,139.06
0,138.96
0,138.87
0,138.63
0,138.52
0,138.44
0,138.23
0,138.34
0,138.27
0,138.38
0,138.19
0,138.07
0,138.09
0,138.22
0,138.34
0,138.38
0,138.14
0,138.39
0,138.24
0,138.16
0,138.16
0,138.13
0,138.23
0,138.4
0,138.36
0,138.28
0,138.32
0,138.18
0,138.18
0,138.29
0,138.36
0,138.35
0,138.44
0,138.38
0,138.39
0,138.22
0,138.05
0,137.88
0,137.76
0,137.72
0,137.76
0,137.74
0,137.66
0,137.57
0,137.64
0,137.54
0,137.46
0,137.68
0,137.65
0,137.66
0,137.66
0,137.61
0,137.86
0,137.95
0,137.97
0,137.89
0,137.78
0,137.77
0,137.82
0,137.88
0,137.97
0,137.92
0,137.88
0,137.94
0,137.92
0,137.63
0,137.55
0,137.5
0,137.41
0,137.45
0,137.46
0,137.24
0,136.96
0,137
0,137.01
0,137.18
0,137.14
0,137.11
0,137.22
0,137.24
0,137.28
0,137.32
0,137.34
0,137.3
0,137.24
0,137.36
0,137.26
0,136.91
0,137.08
0,137
0,137.01
0,137.06
0,137.02
0,137.06
0,136.85
0,136.75
0,136.88
0,136.67
0,136.77
0,136.8
0,136.94
0,136.88
0,136.91
0,137.01
0,136.98
0,137.08
0,137.12
0,137.07
0,137.04
0,137.1
0,137.1
0,137.12
0,137
0,136.9
0,136.94
0,136.82
0,136.79
0,136.68
0,136.74
0,136.65
0,136.66
0,136.83
0,136.9
0,137.01
0,137.11
0,137.04
0,137.18
0,137.22
0,137.14
0,137.02
0,137.14
0,137.14
0,137.12
0,137.06
0,137.06
0,137.13
0,137.28
0,137.27
0,137.26
0,137.22
0,137.14
0,137.05
0,136.98
0,136.88
0,136.87
0,136.9
0,136.93
0,137.1
0,137.41
0,137.43
0,137.44
0,137.43
0,137.48
0,137.45
0,137.52
0,137.6
0,137.79
0,137.72
0,137.62
0,137.58
0,137.64
0,137.56
0,137.54
0,137.59
0,137.5
0,137.56
0,137.52
0,137.32
0,137.32
0,137.38
0,137.4
0,137.46
0,137.41
0,137.42
0,137.49
0,137.43
0,137.3
0,137.31
0,137.29
0,137.19
0,137.16
0,137.08
0,137.24
0,137.26
0,137.23
0,137.24
0,137.18
0,137.18
0,137.13
0,137.06
0,137.04
0,137.02
0,136.97
0,136.94
0,136.98
0,136.86
0,136.76
0,136.76
0,136.92
0,136.86
0,137.07
0,137.12
0,137.31
0,137.39
0,137.26
0,137.27
0,137.12
0,137.08
0,137.06
0,136.94
0,136.98
0,136.99
0,136.94
0,136.88
0,136.85
0,136.83
0,136.81
0,136.77
0,136.74
0,136.8
0,136.83
0,136.89
0,137.01
0,137.05
0,137.05
0,137.1
0,137.24
0,137.24
0,137.26
0,137.16
0,137.1
0,137.1
0,137.07
0,136.94
0,136.96
0,137.01
0,136.84
0,136.91
0,136.91
0,136.87
0,136.9
0,136.95
0,136.88
0,136.7
0,136.57
0,136.64
0,136.64
0,136.7
0,136.77
0,136.91
0,136.93
0,136.89
0,136.86
0,136.85
0,136.82
0,136.74
0,136.84
0,136.83
0,136.85
0,136.82
0,136.95
0,137
0,136.97
0,137.02
0,137.02
0,136.92
0,136.88
0,136.79
0,136.84
0,136.9
0,136.95
0,136.99
0,136.98
0,136.94
0,136.99
0,137.21
0,137.18
0,137.24
0,137.3
0,137.37
0,137.33
0,137.43
0,137.36
0,137.39
0,137.37
0,137.47
0,137.38
0,137.42
0,137.53
0,137.36
0,137.4
0,137.42
0,137.4
0,137.43
0,137.4
0,137.48
0,137.51
0,137.5
0,137.45
0,137.43
0,137.4
0,137.35
0,137.38
0,137.35
0,137.37
0,137.39
0,137.37
0,137.32
0,137.34
0,137.26
0,137.19
0,137.07
0,137
0,137.18
0,137.2
0,137.33
0,137.28
0,137.3
0,136.26
0,136.22
0,136.65
0,136.69
0,136.89
0,136.99
0,137.34
0,137.22
0,137
0,136.89
0,136.75
0,136.1
0,136.22
0,136.24
0,136.14
0,135.67
0,135.89
0,136
0,135.97
0,136.17
0,136.45
0,136.59
0,136.74
0,136.65
0,136.38
0,136.4
0,136.16
0,136.17
0,136.44
0,136.34
0,136.32
0,136.18
0,136.15
0,136.02
0,136.01
0,136.04
0,136.31
0,136.16
0,136.26
0,136.12
0,136.11
0,136.23
0,136.33
0,136.49
0,136.46
0,136.73
0,136.89
0,137.05
0,136.92
0,136.75
0,136.75
0,136.91
0,136.86
0,136.68
0,136.66
0,136.81
0,136.76
0,136.72
0,136.74
0,136.97
0,136.92
0,136.88
0,136.92
0,136.9
0,136.92
0,136.8
0,136.66
0,136.7
0,136.58
0,136.63
0,136.76
0,136.71
0,136.51
0,136.63
0,136.67
0,136.51
0,136.64
0,136.63
0,136.6
0,136.4
0,136.07
0,136.1
0,135.98
0,136.01
0,136.06
0,136.15
0,136.1
0,135.96
0,136.12
0,136.05
0,135.91
0,136.05
0,136.01
0,136.09
0,136.14
0,136.16
0,136.06
0,136
0,135.94
0,135.91
0,135.9
0,135.94
0,135.88
0,135.51
0,135.32
0,135.54
0,135.58
0,135.67
0,135.74
0,135.82
0,135.8
0,135.72
0,135.77
0,135.91
0,135.91
0,135.82
0,135.88
0,135.88
0,135.9
0,136.1
0,136.06
0,136.09
0,136.18
0,136.22
0,136.17
0,136.2
0,136.24
0,136.3
0,136.56
0,136.56
0,136.54
0,136.47
0,136.52
0,136.46
0,136.58
0,136.58
0,136.71
0,136.68
0,136.54
0,136.66
0,136.68
0,136.68
0,136.61
0,136.78
0,136.78
0,136.86
0,136.82
0,136.71
0,136.84
0,136.9
0,136.9
0,136.94
0,136.95
0,136.85
0,136.87
0,136.78
0,136.64
0,136.72
0,136.61
0,136.71
0,136.62
0,136.6
0,136.62
0,136.62
0,136.56
0,136.6
0,136.73
0,136.84
0,136.8
0,136.87
0,136.8
0,136.68
0,136.77
0,136.65
0,136.62
0,136.7
0,136.7
0,136.7
0,136.69
0,136.61
0,136.61
0,136.63
0,136.66
0,136.59
0,136.6
0,136.52
0,136.41
0,136.31
0,136.34
0,136.37
0,136.38
0,136.38
0,136.36
0,136.33
0,136.28
0,136.28
0,136.26
0,136.25
0,136.26
0,136.24
0,136.09
0,136.08
0,136.02
0,135.95
0,135.89
0,135.95
0,136.06
0,136.01
0,136.07
0,136.07
0,136.11
0,136.16
0,136.25
0,136.28
0,136.12
0,136.11
0,136.14
0,136.18
0,136.11
0,136.08
0,136.05
0,135.87
0,135.76
0,135.87
0,135.84
0,135.79
0,135.76
0,135.76
0,135.83
0,135.85
0,135.82
0,135.92
0,135.88
0,135.87
0,135.83
0,135.82
0,135.8
0,135.88
0,136.02
0,135.94
0,135.99
0,136.06
0,135.94
0,136.04
0,136.1
0,136.14
0,136.12
0,136.19
0,136.1
0,136.05
0,136.09
0,136.17
0,136.12
0,136.15
0,135.99
0,135.94
0,135.96
0,135.93
0,135.88
0,135.74
0,135.78
0,135.79
0,135.89
0,135.94
0,135.94
0,135.94
0,135.96
0,135.91
0,135.95
0,135.9
0,135.9
0,135.81
0,135.76
0,135.72
0,135.67
0,135.58
0,135.83
0,135.85
0,136.06
0,136
0,135.94
0,135.91
0,135.9
0,135.91
0,135.88
0,135.78
0,135.8
0,135.7
0,135.72
0,135.68
0,135.86
0,135.93
0,136
0,135.92
0,135.94
0,135.96
0,135.95
0,135.89
0,135.86
0,135.92
0,135.9
0,135.86
0,135.86
0,135.87
0,135.9
0,135.94
0,136.03
0,136.05
0,136.26
0,136.31
0,136.25
0,136.26
0,136.2
0,136.12
0,136.15
0,136.1
0,136.12
0,136.07
0,136.03
0,136.09
0,136.1
0,136.17
0,136.09
0,136.12
0,136.14
0,136.17
0,136.1
0,136.03
0,136.04
0,135.96
0,135.94
0,136
0,136.07
0,136.13
0,136.15
0,136.16
0,136.22
0,136.16
0,136.17
0,136.14
0,136.1
0,136.02
0,136.1
0,136.14
0,136.12
0,136.04
0,136.06
0,136.06
0,135.99
0,135.98
0,135.99
0,135.99
0,135.95
0,135.86
0,135.88
0,135.84
0,135.83
0,135.78
0,135.85
0,135.84
0,135.86
0,135.82
0,135.84
0,135.83
0,135.78
0,135.88
0,135.84
0,135.92
0,135.95
0,135.95
0,135.89
0,135.89
0,135.88
0,135.89
0,135.87
0,135.9
0,135.91
0,136.02
0,135.98
0,135.94
0,135.93
0,135.97
0,136.03
0,136.05
0,136.02
0,135.99
0,136.07
0,136.07
0,136.05
0,136.13
0,138.42
0,138.42
0,138.28
0,138.56
0,138.68
0,138.82
0,138.99
0,139.06
0,138.91
0,138.8
0,139.23
0,139.29
0,139.28
0,139.09
0,139.32
0,139.24
0,139.53
0,139.69
0,139.82
0,139.8
0,139.76
0,140
0,140.02
0,140
0,139.91
0,139.99
0,139.66
0,139.81
0,139.83
0,139.65
0,139.63
0,139.69
0,139.88
0,139.98
0,139.88
0,139.92
0,139.93
0,140.08
0,140.1
0,140.09
0,140.02
0,139.58
0,139.68
0,140.01
0,139.99
0,139.89
0,139.8
0,139.85
0,139.82
0,139.74
0,139.94
0,139.87
0,139.92
0,140
0,139.94
0,139.94
0,140.09
0,140.05
0,140.06
0,140.06
0,140.09
0,140.37
0,140.35
0,140.35
0,140.47
0,140.5
0,140.45
0,140.44
0,140.7
0,140.61
0,140.63
0,140.69
0,140.75
0,140.74
0,140.78
0,140.71
0,140.68
0,140.88
0,140.92
0,140.83
0,140.84
0,140.82
0,140.86
0,140.89
0,141.21
0,141.27
0,141.34
0,141.44
0,141.47
0,141.61
0,141.68
0,141.58
0,141.56
0,141.68
0,141.73
0,141.72
0,141.69
0,141.75
0,141.8
0,141.68
0,141.78
0,141.78
0,141.64
0,141.63
0,141.72
0,141.64
0,141.64
0,141.82
0,141.69
0,141.69
0,142
0,141.87
0,141.9
0,141.75
0,141.91
0,141.95
0,142.02
0,141.98
0,142.02
0,142.05
0,141.98
0,141.82
0,141.8
0,141.77
0,141.73
0,141.74
0,141.99
0,142.05
0,142.06
0,142
0,142
0,142.05
0,142.08
0,142.07
0,142.18
0,142.13
0,141.99
0,141.94
0,142.12
0,142.1
0,142.08
0,141.97
0,142.13
0,142.24
0,142.3
0,142.32
0,142.27
0,142.12
0,142.28
0,142.27
0,142.12
0,142.19
0,142.23
0,142.2
0,142.18
0,142.18
0,142.24
0,142.2
0,142.18
0,142.19
0,142.2
0,142.13
0,142.12
0,142
0,142
0,142.08
0,142.11
0,142.02
0,142
0,142.02
0,141.91
0,141.93
0,141.86
0,141.86
0,141.98
0,142.06
0,142.06
0,142.05
0,142.06
0,142.01
0,141.92
0,141.84
0,141.88
0,141.94
0,141.86
0,141.96
0,141.86
0,141.8
0,141.92
0,142.01
0,141.74
0,141.72
0,141.63
0,141.58
0,141.48
0,141.56
0,141.26
0,141.38
0,141.36
0,141.41
0,141.26
0,141.28
0,141.35
0,141.4
0,141.38
0,141.35
0,141.33
0,141.38
0,141.38
0,141.41
0,141.41
0,141.44
0,141.58
0,141.62
0,141.54
0,141.51
0,141.59
0,141.7
0,141.69
0,141.65
0,141.49
0,141.49
0,141.5
0,141.56
0,141.53
0,141.55
0,141.51
0,141.6
0,141.56
0,141.54
0,141.54
0,141.56
0,141.58
0,141.64
0,141.83
0,141.87
0,141.89
0,141.82
0,141.85
0,141.86
0,141.86
0,141.82
0,141.85
0,141.96
0,141.92
0,141.92
0,141.92
0,141.9
0,141.82
0,141.98
0,142.07
0,142.01
0,142.07
0,142.07
0,142.12
0,142.28
0,142.3
0,142.29
0,142.3
0,142.2
0,142.23
0,142.23
0,142.31
0,142.34
0,142.34
0,142.34
0,142.32
0,142.4
0,142.36
0,142.38
0,142.24
0,142.33
0,142.44
0,142.45
0,142.42
0,142.44
0,142.5
0,142.4
0,142.3
0,142.3
0,142.2
0,142.19
0,142.18
0,142.13
0,142.1
0,142.25
0,142.06
0,142.07
0,142.03
0,141.94
0,141.63
0,141.69
0,141.94
0,141.92
0,141.84
0,141.85
0,141.71
0,141.71
0,141.74
0,141.78
0,141.72
0,141.76
0,141.72
0,141.69
0,141.8
0,141.84
0,141.86
0,141.82
0,141.91
0,141.92
0,141.94
0,141.94
0,142
0,142.08
0,142.11
0,142.09
0,142.06
0,141.99
0,141.85
0,141.88
0,141.85
0,141.86
0,141.87
0,141.96
0,142.06
0,142.01
0,142.04
0,142
0,141.98
0,141.86
0,141.93
0,141.94
0,141.92
0,141.92
0,141.91
0,141.84
0,141.92
0,141.86
0,141.86
0,141.94
0,141.92
0,141.92
0,141.88
0,141.88
0,141.86
0,141.95
0,142.03
0,142
0,142.06
0,141.99
0,142
0,142.11
0,142.07
0,142.08
0,142.08
0,142.03
0,141.97
0,141.94
0,141.97
0,141.84
0,141.83
0,141.84
0,141.84
0,141.88
0,141.83
0,141.95
0,141.99
0,142.06
0,142.12
0,142.12
0,142.16
0,142.07
0,142.06
0,142.11
0,142.05
0,142.01
0,141.99
0,141.92
0,141.94
0,141.94
0,141.91
0,141.92
0,141.89
0,141.94
0,141.9
0,141.97
0,141.98
0,141.99
0,140.67
0,140
0,139.83
0,139.94
0,139.13
0,139.4
0,139.4
0,139.19
0,139.52
0,139.55
0,139.02
0,139.38
0,139.6
0,139.5
0,139.5
0,139.56
0,139.5
0,139.42
0,139.29
0,139.12
0,138.76
0,138.94
0,139.28
0,139.38
0,139.44
0,139.19
0,139.16
0,139.12
0,139.49
0,139.91
0,140.01
0,139.83
0,140.02
0,139.95
0,140.1
0,140.06
0,140.23
0,140.3
0,140.38
0,140.5
0,140.44
0,140.56
0,140.56
0,140.64
0,140.4
0,140.39
0,140.6
0,140.51
0,140.65
0,140.56
0,140.68
0,140.88
0,140.92
0,140.89
0,140.8
0,140.98
0,140.9
0,140.91
0,140.89
0,141.01
0,140.94
0,140.92
0,140.96
0,140.95
0,140.8
0,140.71
0,140.65
0,140.63
0,140.38
0,140.51
0,140.39
0,140.61
0,140.66
0,140.94
0,140.92
0,140.92
0,140.82
0,140.82
0,140.66
0,140.52
0,140.51
0,140.43
0,140.38
0,140.53
0,140.57
0,140.62
0,140.44
0,140.47
0,140.46
0,140.36
0,140.28
0,140.29
0,140.18
0,140.22
0,140.18
0,140.04
0,140.32
0,140.26
0,140.26
0,140.43
0,140.52
0,140.51
0,140.65
0,140.74
0,140.8
0,140.78
0,140.81
0,140.81
0,140.67
0,140.6
0,140.62
0,140.77
0,140.63
0,140.55
0,140.6
0,140.62
0,140.62
0,140.63
0,140.71
0,140.64
0,140.7
0,140.64
0,140.63
0,140.77
0,140.61
0,140.57
0,140.4
0,140.32
0,140.17
0,140.08
0,139.95
0,139.94
0,139.87
0,139.88
0,139.94
0,139.97
0,140.16
0,140
0,139.91
0,139.97
0,140.1
0,140.12
0,140.18
0,140.12
0,139.93
0,139.81
0,139.74
0,140.04
0,140.08
0,139.99
0,139.79
0,139.83
0,139.75
0,139.68
0,139.65
0,139.99
0,139.96
0,139.88
0,139.73
0,139.94
0,140
0,139.94
0,139.98
0,139.98
0,140.14
0,140.07
0,140.18
0,140.24
0,140.25
0,140.22
0,140.11
0,140.24
0,140.21
0,140.21
0,140.26
0,140.22
0,140.24
0,140.24
0,140.25
0,140.37
0,140.36
0,140.36
0,140.27
0,140.21
0,140.2
0,140.24
0,140.24
0,140.2
0,140.11
0,140.3
0,140.38
0,140.38
0,140.54
0,140.5
0,140.6
0,140.44
0,140.44
0,140.51
0,140.5
0,140.57
0,140.51
0,140.51
0,140.39
0,140.31
0,140.3
0,140.3
0,140.3
0,140.28
0,140.24
0,140.2
0,140.28
0,140.3
0,140.28
0,140.22
0,140.24
0,140.26
0,140.36
0,140.56
0,140.82
0,140.77
0,140.89
0,140.86
0,140.69
0,140.61
0,140.56
0,140.62
0,140.59
0,140.55
0,140.48
0,140.52
0,140.52
0,140.6
0,140.59
0,140.53
0,140.56
0,140.54
0,140.52
0,140.51
0,140.46
0,140.47
0,140.47
0,140.51
0,140.49
0,140.57
0,140.54
0,140.56
0,140.55
0,140.39
0,140.39
0,140.32
0,140.24
0,140.24
0,140.35
0,140.33
0,140.38
0,140.3
0,140.36
0,140.33
0,140.33
0,140.3
0,140.44
0,140.39
0,140.38
0,140.35
0,140.38
0,140.36
0,140.35
0,140.31
0,140.27
0,140.17
0,140.2
0,140.22
0,140.24
0,140.3
0,140.21
0,140.04
0,140.22
0,140.28
0,140.16
0,140.19
0,140.15
0,140.12
0,140.12
0,140.05
0,140.12
0,140.09
0,140
0,140.08
0,140.06
0,140.01
0,140
0,140.06
0,140.06
0,139.88
0,139.84
0,139.82
0,139.84
0,139.92
0,139.99
0,139.94
0,139.95
0,139.93
0,140
0,139.96
0,139.9
0,139.9
0,139.91
0,139.85
0,139.86
0,139.94
0,139.92
0,139.95
0,139.72
0,139.9
0,139.95
0,139.94
0,140.08
0,140.1
0,140.13
0,140.13
0,140.16
0,140.32
0,140.32
0,140.31
0,140.25
0,140.26
0,140.27
0,140.26
0,140.17
0,140.22
0,140.19
0,140.28
0,140.32
0,140.26
0,140.27
0,140.17
0,140.11
0,140.05
0,140.05
0,140.05
0,140.05
0,140.04
0,140.08
0,140.18
0,140.16
0,140.29
0,140.16
0,140.18
0,140.18
0,140.17
0,140.16
0,140.3
0,140.26
0,140.26
0,140.3
0,140.32
0,140.28
0,140.24
0,140.23
0,140.18
0,140.16
0,140.16
0,140.12
0,140.11
0,140.13
0,140.11
0,140.14
0,140.2
0,140.32
0,140.36
0,140.36
0,140.47
0,140.5
0,140.52
0,140.49
0,140.4
0,140.51
0,140.46
0,140.45
0,140.45
0,140.32
0,140.26
0,140.2
0,140.26
0,140.28
0,140.34
0,140.62
0,140.67
0,140.69
0,140.76
0,140.53
0,140.64
0,140.94
0,140.94
0,141.42
0,141.51
0,140.98
0,140.89
0,140.59
0,140.64
0,140.59
0,140.38
0,140.35
0,140.41
0,140.22
0,140.23
0,140.73
0,140.76
0,140.86
0,140.83
0,140.76
0,140.9
0,140.86
0,140.98
0,140.94
0,141.01
0,141.04
0,141.13
0,141.18
0,141.27
0,141.34
0,141.44
0,141.57
0,141.62
0,141.57
0,141.62
0,141.51
0,141.43
0,141.34
0,141.38
0,141.11
0,141.12
0,141.01
0,140.98
0,140.9
0,140.78
0,140.75
0,140.64
0,140.52
0,140.51
0,140.53
0,140.39
0,140.33
0,140.56
0,140.61
0,140.66
0,140.7
0,140.81
0,140.81
0,140.94
0,141.04
0,141.07
0,141.04
0,141.03
0,141
0,140.95
0,140.91
0,141.01
0,140.88
0,140.71
0,140.67
0,140.76
0,140.67
0,140.63
0,140.7
0,140.74
0,140.68
0,140.57
0,140.51
0,140.36
0,140.38
0,140.03
0,139.94
0,139.73
0,139.61
0,139.56
0,139.51
0,139.28
0,139.15
0,139.33
0,139.35
0,139.32
0,139.39
0,139.39
0,139.54
0,139.49
0,139.56
0,139.76
0,139.74
0,139.75
0,139.74
0,139.72
0,139.67
0,139.74
0,139.62
0,139.82
0,139.86
0,139.91
0,139.91
0,140.01
0,140.01
0,139.99
0,140.1
0,140.11
0,139.91
0,139.77
0,139.73
0,139.77
0,140.01
0,139.94
0,139.97
0,140
0,139.92
0,139.86
0,139.96
0,140
0,139.94
0,140.17
0,140.16
0,140.34
0,140.27
0,140.18
0,140.2
0,140.14
0,140.14
0,140.2
0,140.21
0,140.18
0,140.14
0,140.05
0,140.12
0,140.13
0,140.1
0,140.1
0,140.04
0,140.04
0,140.03
0,139.99
0,139.99
0,139.99
0,139.88
0,139.86
0,139.86
0,139.78
0,139.76
0,139.84
0,139.8
0,139.88
0,139.85
0,139.9
0,139.9
0,139.98
0,139.94
0,140.1
0,140.24
0,140.32
0,140.32
0,140.26
0,140.4
0,140.42
0,140.38
0,140.45
0,140.52
0,140.48
0,140.49
0,140.51
0,140.42
0,140.42
0,140.47
0,140.42
0,140.36
0,140.38
0,140.35
0,140.3
0,140.3
0,140.4
0,140.4
0,140.37
0,140.26
0,140.39
0,140.44
0,140.49
0,141
0,140.7
0,140.68
0,140.68
0,140.6
0,140.7
0,140.62
0,140.68
0,140.61
0,140.66
0,140.75
0,140.79
0,140.9
0,140.94
0,140.99
0,140.95
0,140.94
0,140.79
0,140.83
0,140.71
0,140.71
0,140.77
0,140.74
0,140.68
0,140.73
0,140.82
0,140.84
0,140.82
0,140.87
0,140.87
0,140.81
0,140.83
0,140.79
0,140.64
0,140.73
0,140.68
0,140.69
0,140.78
0,140.84
0,140.87
0,140.84
0,140.78
0,140.83
0,140.83
0,140.73
0,140.8
0,140.76
0,140.8
0,140.86
0,140.8
0,140.81
0,140.75
0,140.81
0,140.76
0,140.73
0,140.73
0,140.68
0,140.73
0,140.75
0,140.8
0,140.9
0,140.83
0,140.96
0,140.94
0,140.94
0,140.94
0,140.98
0,140.99
0,140.94
0,140.94
0,140.96
0,140.96
0,140.92
0,140.85
0,140.86
0,140.87
0,140.87
0,140.93
0,140.9
0,140.84
0,140.78
0,140.8
0,140.78
0,140.76
0,140.76
0,140.72
0,140.73
0,140.74
0,140.78
0,140.75
0,140.78
0,140.74
0,140.73
0,140.78
0,140.69
0,140.64
0,140.62
0,140.61
0,140.57
0,140.6
0,140.57
0,140.51
0,140.47
0,140.4
0,140.36
0,140.41
0,140.4
0,140.38
0,140.34
0,140.3
0,140.35
0,140.4
0,140.42
0,140.4
0,140.33
0,140.34
0,140.34
0,140.34
0,140.28
0,140.3
0,140.2
0,140.16
0,140.15
0,140.19
0,140.26
0,140.16
0,140.17
0,140.1
0,140.12
0,140.12
0,140.1
0,140.08
0,140.09
0,140.16
0,140.02
0,140.02
0,139.94
0,139.91
0,139.88
0,139.83
0,139.95
0,139.9
0,139.88
0,139.98
0,139.99
0,140
0,139.99
0,140.06
0,140.1
0,140.07
0,140.05
0,140.03
0,140.07
0,140.03
0,140.13
0,140.15
0,140.18
0,140.23
0,140.22
0,140.24
0,140.26
0,140.28
0,140.36
0,140.4
0,140.41
0,140.38
0,140.32
0,140.38
0,140.43
0,140.5
0,140.44
0,140.45
0,140.46
0,140.47
0,140.44
0,140.32
0,140.3
0,140.33
0,140.27
0,140.38
0,140.3
0,140.26
0,140.3
0,140.38
0,140.39
0,140.24
0,140.19
0,140.28
0,140.35
0,140.19
0,140.18
0,140.07
0,140.12
0,140.22
0,140.17
0,140.17
0,140.12
0,140.17
0,141.62
0,141.54
0,141.75
0,142.2
0,142.13
0,141.97
0,141.88
0,142
0,141.95
0,141.55
0,141.85
0,141.86
0,141.72
0,141.66
0,141.6
0,141.62
0,141.79
0,141.77
0,141.66
0,141.32
0,141.23
0,141.38
0,141.49
0,141.44
0,141.41
0,141.44
0,141.38
0,141.49
0,141.39
0,141.36
0,141.26
0,141.08
0,141.12
0,141.02
0,140.97
0,140.91
0,140.92
0,140.92
0,140.71
0,140.82
0,140.72
0,140.76
0,140.86
0,140.96
0,140.89
0,140.93
0,140.92
0,140.78
0,140.72
0,140.69
0,140.77
0,141.06
0,140.94
0,140.96
0,141.03
0,140.94
0,141.19
0,141.26
0,141.18
0,141.26
0,141.27
0,141.36
0,141.36
0,141.48
0,141.38
0,141.41
0,141.42
0,141.57
0,141.29
0,141.53
0,141.55
0,141.59
0,141.58
0,141.56
0,141.6
0,141.84
0,141.84
0,141.81
0,141.76
0,141.76
0,141.81
0,141.9
0,141.95
0,141.86
0,141.83
0,141.85
0,142.02
0,142.12
0,142.06
0,142.07
0,142.13
0,142.26
0,142.36
0,142.44
0,142.03
0,141.99
0,141.92
0,141.94
0,141.88
0,141.81
0,141.81
0,142.02
0,142.03
0,141.96
0,142.01
0,142.06
0,142.04
0,142
0,142.07
0,142.04
0,141.96
0,141.92
0,141.89
0,141.92
0,141.96
0,141.96
0,142.04
0,142.1
0,142.04
0,141.92
0,141.89
0,141.82
0,141.82
0,141.82
0,141.86
0,141.85
0,141.82
0,141.86
0,141.95
0,141.85
0,141.99
0,142.05
0,142.17
0,142.26
0,142.21
0,142.28
0,142.32
0,142.36
0,142.32
0,142.2
0,142.17
0,142.12
0,142.12
0,142.16
0,142.16
0,142.18
0,142.13
0,142.19
0,142.12
0,142.15
0,142.21
0,142.21
0,142.21
0,142.32
0,142.24
0,142.24
0,142.2
0,142.21
0,142.24
0,142.3
0,142.46
0,142.58
0,142.62
0,142.58
0,142.54
0,142.69
0,142.6
0,142.67
0,142.76
0,142.72
0,142.84
0,142.96
0,142.91
0,142.86
0,142.76
0,142.79
0,142.85
0,142.85
0,142.7
0,142.71
0,142.76
0,142.7
0,142.72
0,142.64
0,142.7
0,142.64
0,142.59
0,142.57
0,142.48
0,142.51
0,142.56
0,142.56
0,142.6
0,142.54
0,142.46
0,142.51
0,142.45
0,142.48
0,142.5
0,142.5
0,142.48
0,142.44
0,142.5
0,142.45
0,142.53
0,142.42
0,142.5
0,142.42
0,142.52
0,142.45
0,142.42
0,142.49
0,142.51
0,142.45
0,142.48
0,142.47
0,142.51
0,142.51
0,142.57
0,142.52
0,142.56
0,142.56
0,142.54
0,142.5
0,142.47
0,142.47
0,142.45
0,142.47
0,142.44
0,142.44
0,142.32
0,142.26
0,142.13
0,142.24
0,142.27
0,142.3
0,142.36
0,142.38
0,142.49
0,142.52
0,142.62
0,142.57
0,142.55
0,142.55
0,142.56
0,142.61
0,142.57
0,142.55
0,142.51
0,142.49
0,142.51
0,142.5
0,142.46
0,142.42
0,142.45
0,142.45
0,142.39
0,142.45
0,142.36
0,142.42
0,142.43
0,142.5
0,142.49
0,142.52
0,142.46
0,142.48
0,142.51
0,142.62
0,142.49
0,142.73
0,143.13
0,143.2
0,143.24
0,143.62
0,143.71
0,143.6
0,143.64
0,143.51
0,143.75
0,143.68
0,143.82
0,143.83
0,144.04
0,144
0,143.86
0,143.84
0,143.88
0,143.92
0,143.98
0,144
0,144.21
0,144.26
0,144.23
0,144.38
0,144.28
0,144.4
0,144.27
0,144.23
0,144.26
0,144.25
0,144.18
0,144.06
0,144.06
0,144.13
0,144.25
0,144.02
0,144.02
0,144.12
0,144.28
0,144.17
0,144.2
0,144.27
0,144.19
0,144.31
0,144.3
0,144.48
0,144.61
0,144.66
0,144.7
0,144.69
0,144.58
0,144.68
0,144.96
0,144.91
0,144.94
0,145.06
0,145.22
0,145.18
0,145.24
0,145.24
0,145.19
0,145.06
0,145.04
0,144.92
0,144.88
0,144.7
0,144.81
0,144.88
0,144.82
0,144.82
0,144.69
0,144.68
0,144.74
0,144.75
0,144.8
0,144.88
0,144.9
0,144.88
0,144.91
0,145.08
0,145.17
0,145.2
0,145.1
0,144.91
0,144.86
0,144.83
0,144.86
0,144.96
0,145.03
0,144.92
0,144.88
0,145.12
0,145.06
0,145.12
0,145.2
0,145.32
0,145.26
0,145.34
0,145.36
0,145.29
0,145.3
0,145.23
0,145.3
0,145.41
0,145.31
0,145.49
0,145.47
0,145.57
0,145.57
0,145.62
0,145.61
0,145.7
0,145.76
0,145.83
0,146.02
0,145.91
0,145.94
0,145.9
0,145.94
0,146.22
0,145.85
0,146.25
0,146.36
0,146.36
0,146.76
0,146.96
0,146.92
0,147.17
0,147.24
0,147.34
0,146.86
0,146.6
0,146.71
0,146.78
0,146.55
0,146.9
0,146.8
0,146.84
0,146.82
0,146.71
0,146.78
0,147.17
0,147.51
0,147.61
0,147.69
0,147.52
0,147.54
0,147.26
0,147.24
0,147.07
0,147.1
0,146.89
0,147.06
0,147.29
0,147.25
0,147.36
0,147.24
0,147.25
0,147.32
0,147.15
0,147.04
0,146.99
0,146.93
0,146.8
0,146.8
0,146.8
0,146.62
0,146.63
0,146.93
0,146.97
0,147.02
0,146.72
0,146.76
0,146.84
0,146.84
0,147.12
0,146.94
0,147.02
0,146.96
0,146.88
0,147.16
0,147.17
0,147.24
0,147.38
0,147.33
0,147.36
0,147.32
0,147.3
0,147.25
0,147.39
0,147.48
0,147.48
0,147.54
0,147.5
0,147.52
0,147.3
0,147.23
0,147.2
0,147.14
0,147
0,147.13
0,146.99
0,146.88
0,146.94
0,146.9
0,146.94
0,147.06
0,147.03
0,146.88
0,146.95
0,146.94
0,147.04
0,147.03
0,147.13
0,147.1
0,147.1
0,147.05
0,147.07
0,147.06
0,147.04
0,147.21
0,147.13
0,147.36
0,147.39
0,147.46
0,147.57
0,147.49
0,147.35
0,147.36
0,147.35
0,147.4
0,147.4
0,147.34
0,147.38
0,147.49
0,147.44
0,147.46
0,147.46
0,147.46
0,147.41
0,147.38
0,147.45
0,147.32
0,147.36
0,147.38
0,147.41
0,147.42
0,147.71
0,147.58
0,147.61
0,147.6
0,147.66
0,147.74
0,147.83
0,147.82
0,147.83
0,147.88
0,147.96
0,147.91
0,147.99
0,148.17
0,148.08
0,148.12
0,148.13
0,148.29
0,148.3
0,148.36
0,148.41
0,148.54
0,148.36
0,148.3
0,148.23
0,148.17
0,148.15
0,148.14
0,147.99
0,148.04
0,148.01
0,148.12
0,148.16
0,148.15
0,148.07
0,148.1
0,148.12
0,148.06
0,147.99
0,148.06
0,148.02
0,148.02
0,148.01
0,148
0,148.05
0,147.95
0,148.06
0,147.99
0,147.96
0,147.84
0,147.7
0,147.75
0,147.71
0,147.7
0,147.63
0,147.72
0,147.68
0,147.68
0,147.66
0,147.68
0,147.72
0,147.73
0,147.69
0,147.76
0,147.69
0,147.73
0,147.62
0,147.32
0,147.38
0,147.42
0,147.51
0,147.51
0,147.51
0,147.49
0,147.51
0,147.53
0,147.63
0,147.62
0,147.59
0,147.62
0,147.67
0,147.69
0,147.74
0,147.8
0,147.82
0,147.79
0,147.92
0,147.94
0,148.1
0,148.02
0,148.08
0,148.14
0,148.11
0,147.95
0,147.95
0,147.96
0,147.94
0,147.99
0,148.02
0,147.86
0,147.94
0,147.91
0,147.92
0,147.96
0,147.99
0,147.96
0,147.86
0,147.89
0,147.88
0,147.83
0,147.76
0,147.8
0,147.68
0,147.56
0,147.48
0,147.5
0,147.44
0,147.31
0,147.43
0,147.42
0,147.5
0,147.43
0,147.5
0,147.41
0,147.43
0,147.5
0,147.59
0,147.61
0,147.52
0,147.62
0,147.65
0,147.68
0,147.76
0,147.87
0,147.88
0,147.99
0,147.85
0,147.88
0,147.93
0,147.92
0,148.06
0,148
0,148.12
0,148.17
0,148.16
0,148.17
0,148.24
0,148.14
0,148.13
0,148.04
0,148.09
0,148.01
0,148
0,148.02
0,148.01
0,148
0,147.99
0,147.96
0,147.95
0,147.95
0,147.85
0,147.58
0,147.66
0,147.76
0,147.82
0,147.84
0,147.9
0,147.76
0,147.69
0,147.68
0,147.78
0,147.74
0,147.77
0,147.69
0,147.66
0,147.7
0,147.64
0,147.63
0,147.68
0,147.56
0,147.59
0,147.58
0,147.56
0,147.56
0,147.54
0,147.56
0,147.57
0,147.61
0,147.57
0,147.6
0,147.76
0,147.81
0,147.81
0,147.86
0,147.88
0,147.85
0,147.86
0,147.86
0,147.88
0,147.86
0,147.93
0,147.96
0,147.99
0,147.81
0,147.88
0,147.84
0,147.62
0,147.58
0,147.63
0,147.66
0,147.7
0,147.66
0,147.65
0,147.56
0,147.49
0,147.3
0,147.26
0,147.09
0,147.13
0,147.14
0,147.25
0,147.26
0,147.2
0,147.26
0,147.37
0,147.2
0,147.22
0,147.16
0,147.1
0,147.16
0,147.12
0,147.11
0,146.98
0,146.99
0,147.14
0,147.06
0,147.19
0,147.11
0,147.2
0,147.11
0,147.07
0,147.06
0,147.05
0,146.88
0,146.82
0,146.7
0,146.68
0,146.68
0,146.9
0,146.93
0,146.88
0,146.88
0,146.8
0,146.8
0,146.9
0,146.84
0,146.94
0,146.92
0,147.14
0,147.14
0,147.24
0,147.21
0,74.38
0,74.42
0,74.59
0,74.04
0,74.08
0,73.74
0,73.48
0,73.38
0,73.47
0,73.74
0,73.95
0,73.9
0,73.82
0,73.74
0,73.82
0,73.9
0,73.79
0,73.92
0,73.87
0,73.88
0,73.82
0,73.96
0,73.98
0,73.83
0,73.85
0,73.66
0,73.69
0,73.53
0,73.6
0,73.59
0,73.66
0,73.72
0,73.74
0,73.73
0,73.62
0,73.48
0,73.52
0,73.51
0,73.44
0,73.53
0,73.75
0,73.55
0,73.5
0,73.58
0,73.59
0,73.6
0,73.38
0,73.48
0,73.5
0,73.6
0,73.61
0,73.58
0,73.5
0,73.46
0,73.41
0,73.35
0,73.4
0,73.31
0,73.18
0,73.11
0,73.04
0,73.13
0,73.04
0,73.09
0,73.07
0,73.14
0,73.12
0,73.09
0,73.1
0,73.03
0,73.03
0,73.08
0,73.02
0,73
0,72.94
0,72.93
0,72.97
0,72.94
0,72.91
0,72.85
0,72.78
0,72.78
0,72.81
0,72.85
0,72.91
0,72.87
0,72.94
0,73
0,73
0,72.97
0,72.96
0,72.91
0,72.88
0,72.86
0,72.88
0,72.94
0,72.9
0,72.92
0,72.91
0,72.88
0,72.82
0,72.88
0,72.87
0,73
0,73
0,73.1
0,73.06
0,73.18
0,73.13
0,73.14
0,73.15
0,73.24
0,73.27
0,73.24
0,73.15
0,73.1
0,73.05
0,73
0,72.98
0,72.91
0,72.93
0,72.83
0,72.89
0,72.88
0,73.02
0,73.01
0,72.9
0,72.87
0,72.79
0,72.89
0,72.94
0,73.03
0,73.03
0,73.04
0,73.01
0,72.99
0,73
0,72.99
0,73
0,73.01
0,73.02
0,72.84
0,72.82
0,72.78
0,72.84
0,72.81
0,72.78
0,72.87
0,72.82
0,72.78
0,72.83
0,72.88
0,72.88
0,72.87
0,72.87
0,72.79
0,72.82
0,72.66
0,72.71
0,72.65
0,72.67
0,72.79
0,72.75
0,72.75
0,72.74
0,72.7
0,72.76
0,72.74
0,72.65
0,72.72
0,72.74
0,72.74
0,72.77
0,72.73
0,72.72
0,72.7
0,72.75
0,72.74
0,72.72
0,72.75
0,72.69
0,72.66
0,72.69
0,72.72
0,72.71
0,72.72
0,72.74
0,72.84
0,72.84
0,72.82
0,72.78
0,72.79
0,72.84
0,72.84
0,72.79
0,72.84
0,72.93
0,72.96
0,72.96
0,72.94
0,72.95
0,72.98
0,72.97
0,72.93
0,72.96
0,73
0,72.97
0,73.03
0,73.08
0,73.1
0,73.06
0,73.03
0,73.02
0,72.98
0,72.97
0,72.97
0,73.09
0,73.09
0,73.04
0,73.02
0,73.02
0,72.96
0,72.98
0,72.97
0,72.97
0,72.96
0,72.97
0,72.94
0,72.94
0,72.95
0,72.99
0,73.02
0,73.01
0,73.01
0,73.02
0,73.02
0,73.1
0,73.12
0,73.14
0,73.15
0,73.18
0,73.18
0,73.14
0,73.16
0,73.12
0,73.08
0,73.07
0,73.06
0,73.02
0,73.04
0,73.06
0,73.03
0,73.03
0,73.09
0,73.11
0,73.06
0,73.08
0,73.09
0,73.1
0,73.07
0,73.08
0,73.07
0,73.09
0,73.09
0,73.08
0,73.05
0,73.02
0,73.03
0,73.07
0,73.02
0,73.02
0,72.95
0,72.93
0,72.95
0,72.98
0,72.97
0,72.94
0,72.93
0,72.86
0,72.87
0,72.88
0,72.84
0,72.82
0,72.9
0,72.9
0,72.91
0,72.9
0,72.94
0,72.96
0,72.98
0,72.96
0,72.96
0,72.97
0,72.93
0,72.96
0,72.96
0,72.96
0,72.93
0,72.9
0,72.85
0,72.87
0,72.91
0,72.96
0,72.92
0,72.93
0,72.88
0,72.85
0,72.93
0,72.9
0,72.9
0,72.94
0,72.97
0,72.96
0,72.97
0,73.01
0,73
0,73
0,72.95
0,73
0,73
0,72.98
0,72.98
0,72.99
0,73
0,72.98
0,72.97
0,72.94
0,72.97
0,72.98
0,72.97
0,72.91
0,72.91
0,72.96
0,72.96
0,72.9
0,72.86
0,72.82
0,72.82
0,72.82
0,72.82
0,72.82
0,72.83
0,72.78
0,72.78
0,72.83
0,72.84
0,72.82
0,72.71
0,72.71
0,72.65
0,72.62
0,72.72
0,72.68
0,72.71
0,72.72
0,72.83
0,72.84
0,72.85
0,72.82
0,72.75
0,72.77
0,72.77
0,72.75
0,72.79
0,72.82
0,72.74
0,72.74
0,72.72
0,72.65
0,72.6
0,72.52
0,72.5
0,72.56
0,72.63
0,72.69
0,72.6
0,72.7
0,72.63
0,72.59
0,72.58
0,72.59
0,72.62
0,72.66
0,72.72
0,72.71
0,72.72
0,72.84
0,72.89
0,72.92
0,72.87
0,73.02
0,73.03
0,73.15
0,73
0,73.02
0,73.05
0,73.03
0,73.56
0,73.55
0,73.33
0,73.54
0,73.63
0,73.57
0,73.36
0,73.41
0,73.47
0,73.46
0,73.44
0,73.44
0,73.54
0,73.5
0,73.54
0,73.5
0,73.44
0,73.44
0,73.43
0,73.36
0,73.18
0,73.29
0,73.22
0,73.09
0,73.1
0,73.22
0,73.24
0,73.19
0,73.24
0,73.24
0,73.24
0,73.19
0,73.34
0,73.41
0,73.52
0,73.52
0,73.4
0,73.41
0,73.31
0,73.24
0,73.16
0,73.22
0,73.25
0,73.28
0,73.24
0,73.28
0,73.26
0,73.23
0,73.12
0,73.1
0,73.14
0,73.17
0,73.16
0,73.15
0,73.22
0,73.32
0,73.26
0,73.22
0,73.18
0,73.1
0,73.1
0,72.94
0,72.84
0,72.8
0,72.8
0,72.88
0,72.77
0,72.74
0,72.67
0,72.68
0,72.78
0,72.66
0,72.62
0,72.66
0,72.66
0,72.48
0,72.51
0,72.55
0,72.48
0,72.56
0,72.68
0,72.62
0,72.55
0,72.66
0,72.6
0,72.52
0,72.55
0,72.53
0,72.48
0,72.46
0,72.44
0,72.31
0,72.32
0,72.44
0,72.61
0,72.6
0,72.63
0,72.59
0,72.6
0,72.58
0,72.6
0,72.65
0,72.58
0,72.58
0,72.6
0,72.62
0,72.68
0,72.61
0,72.61
0,72.65
0,72.62
0,72.59
0,72.61
0,72.6
0,72.59
0,72.61
0,72.54
0,72.62
0,72.62
0,72.71
0,72.76
0,72.9
0,72.86
0,73
0,72.98
0,72.99
0,73.02
0,73.08
0,73.02
0,72.99
0,73.07
0,73.07
0,73.09
0,73.04
0,72.96
0,72.88
0,72.85
0,72.9
0,72.94
0,72.91
0,72.92
0,72.92
0,72.84
0,72.87
0,72.86
0,72.89
0,72.72
0,72.76
0,72.73
0,72.69
0,72.69
0,72.71
0,72.8
0,72.82
0,72.84
0,72.9
0,72.9
0,72.9
0,72.95
0,72.92
0,72.9
0,72.94
0,72.96
0,72.97
0,73.02
0,73
0,73.03
0,73
0,73.01
0,72.97
0,72.94
0,72.93
0,72.98
0,72.92
0,72.98
0,72.9
0,72.92
0,72.88
0,72.94
0,72.86
0,72.86
0,72.82
0,72.74
0,72.82
0,72.82
0,72.76
0,72.72
0,72.74
0,72.72
0,72.75
0,72.78
0,72.78
0,72.79
0,72.76
0,72.77
0,72.81
0,72.78
0,72.77
0,72.77
0,72.74
0,72.76
0,72.8
0,72.85
0,72.81
0,72.82
0,72.81
0,72.84
0,72.8
0,72.76
0,72.82
0,72.72
0,72.71
0,72.72
0,72.74
0,72.74
0,72.74
0,72.74
0,72.74
0,72.75
0,72.6
0,72.47
0,72.35
0,72.41
0,72.41
0,72.46
0,72.52
0,72.53
0,72.6
0,72.59
0,72.63
0,72.62
0,72.62
0,72.68
0,72.72
0,72.68
0,72.74
0,72.75
0,72.8
0,72.82
0,72.83
0,72.84
0,72.88
0,72.88
0,72.9
0,72.9
0,72.93
0,72.94
0,72.92
0,72.91
0,72.84
0,72.82
0,72.83
0,72.81
0,72.83
0,72.8
0,72.81
0,72.75
0,72.74
0,72.74
0,72.74
0,72.76
0,72.78
0,72.75
0,72.83
0,72.87
0,72.88
0,72.93
0,72.88
0,72.83
0,72.85
0,72.91
0,72.91
0,72.93
0,72.92
0,73.02
0,73.04
0,73.02
0,72.99
0,72.94
0,72.98
0,72.92
0,72.94
0,72.96
0,73
0,72.98
0,72.98
0,73
0,72.93
0,72.97
0,72.96
0,72.95
0,73
0,72.98
0,73.04
0,73.02
0,72.95
0,73
0,72.96
0,72.94
0,72.9
0,72.9
0,72.9
0,72.92
0,72.94
0,72.96
0,72.96
0,72.93
0,73
0,72.96
0,72.94
0,72.86
0,72.87
0,72.84
0,72.83
0,72.83
0,72.81
0,72.81
0,72.79
0,72.82
0,72.81
0,72.71
0,72.72
0,72.78
0,72.78
0,72.76
0,72.82
0,72.84
0,72.82
0,72.78
0,72.76
0,72.78
0,72.78
0,72.82
0,72.82
0,72.88
0,72.93
0,72.96
0,72.95
0,72.97
0,72.98
0,73.01
0,73.02
0,73.03
0,72.98
0,73
0,72.93
0,72.91
0,72.87
0,72.85
0,72.84
0,72.85
0,72.88
0,72.88
0,72.88
0,72.87
0,72.9
0,72.95
0,72.94
0,72.94
0,72.91
0,72.86
0,72.84
0,72.83
0,72.84
0,72.84
0,72.91
0,72.94
0,72.91
0,72.89
0,72.94
0,72.9
0,72.91
0,73.03
0,72.91
0,72.9
0,72.89
0,72.86
0,72.84
0,72.93
0,72.79
0,72.79
0,72.94
0,72.9
0,72.55
0,72.54
0,72.56
0,72.45
0,72.74
0,72.47
0,72.6
0,72.37
0,72.46
0,72.42
0,72.63
0,72.59
0,72.47
0,72.47
0,72.47
0,72.52
0,72.47
0,72.41
0,72.48
0,72.62
0,72.65
0,72.78
0,72.74
0,72.81
0,72.84
0,72.81
0,72.97
0,72.91
0,73.02
0,72.99
0,73.1
0,73.18
0,73.22
0,73.37
0,73.29
0,73.26
0,73.28
0,73.37
0,73.38
0,73.26
0,73.28
0,73.28
0,73.24
0,73.24
0,73.18
0,73.18
0,73.24
0,73.18
0,73.06
0,73.1
0,73.04
0,72.97
0,73.1
0,73.1
0,73.22
0,73.12
0,73.24
0,73.24
0,73.19
0,73.24
0,73.3
0,73.37
0,73.34
0,73.4
0,73.3
0,73.23
0,73.28
0,73.24
0,73.25
0,73.24
0,73.21
0,73.19
0,73.23
0,73.28
0,73.24
0,73.21
0,73.18
0,73.2
0,73.22
0,73.21
0,73.17
0,73.18
0,73.18
0,73.15
0,73.12
0,73.08
0,73.07
0,73.08
0,73.08
0,73.08
0,73.03
0,73.14
0,73.19
0,73.16
0,73.21
0,73.14
0,73.15
0,73.16
0,73.1
0,73.14
0,73.19
0,73.22
0,73.22
0,73.22
0,73.17
0,73.12
0,73.09
0,73.04
0,73.09
0,73.09
0,73.08
0,73.09
0,73.03
0,72.9
0,72.92
0,72.92
0,72.87
0,72.82
0,72.83
0,72.83
0,72.84
0,72.82
0,72.84
0,72.89
0,72.94
0,72.9
0,72.92
0,72.96
0,72.92
0,72.89
0,72.94
0,73.02
0,72.96
0,72.96
0,72.96
0,72.88
0,72.94
0,72.91
0,72.9
0,73.02
0,72.94
0,73.01
0,73.03
0,72.95
0,72.96
0,72.98
0,72.91
0,72.96
0,72.97
0,72.91
0,72.88
0,72.83
0,72.78
0,72.75
0,72.72
0,72.76
0,72.8
0,72.79
0,72.78
0,72.78
0,72.84
0,72.88
0,72.94
0,72.92
0,72.97
0,72.97
0,72.97
0,72.98
0,72.97
0,73.04
0,73.06
0,73.1
0,73.07
0,73.1
0,73.06
0,73.1
0,73.06
0,73.06
0,73.09
0,73.07
0,73.07
0,73.02
0,73.04
0,73.06
0,73.02
0,73.02
0,73.04
0,73.06
0,73
0,73.06
0,73.06
0,73.16
0,73.19
0,73.16
0,73.24
0,73.19
0,73.19
0,73.22
0,73.21
0,73.2
0,73.22
0,73.24
0,73.24
0,73.28
0,73.25
0,73.24
0,73.26
0,73.26
0,73.29
0,73.28
0,73.25
0,73.26
0,73.28
0,73.24
0,73.24
0,73.25
0,73.22
0,73.25
0,73.26
0,73.28
0,73.22
0,73.19
0,73.22
0,73.18
0,73.21
0,73.15
0,73.13
0,73.15
0,73.14
0,73.12
0,73.16
0,73.16
0,73.14
0,73.1
0,73.1
0,73.09
0,73.09
0,73.03
0,73.03
0,73.04
0,73
0,73.1
0,73.1
0,73.09
0,73.1
0,73.03
0,73.03
0,73.03
0,73.02
0,72.97
0,72.9
0,72.93
0,72.95
0,72.88
0,72.93
0,72.93
0,72.9
0,72.94
0,72.94
0,72.96
0,72.98
0,72.96
0,72.96
0,73
0,72.99
0,73
0,73
0,72.98
0,72.98
0,72.97
0,73.06
0,72.98
0,73
0,73
0,73
0,73
0,72.98
0,73
0,72.89
0,72.88
0,72.9
0,72.94
0,72.94
0,72.94
0,72.94
0,72.87
0,72.93
0,72.94
0,72.93
0,72.92
0,72.94
0,72.94
0,72.94
0,72.93
0,72.9
0,72.9
0,72.91
0,72.94
0,72.96
0,72.95
0,72.9
0,72.91
0,72.92
0,72.94
0,72.96
0,72.97
0,73
0,73
0,73.02
0,73.02
0,73.03
0,73.06
0,73.13
0,73.09
0,73.05
0,73.09
0,73.05
0,72.97
0,72.97
0,73.06
0,73.07
0,73.06
0,73.12
0,73.1
0,73.09
0,73.08
0,73.08
0,73.03
0,73.04
0,73.03
0,73.04
0,73.16
0,73.11
0,73.15
0,73.15
0,73.16
0,73.2
0,73.22
0,73.16
0,73.12
0,73.08
0,73.12
0,73.18
0,73.12
0,73.13
0,73.18
0,73.13
0,73.12
0,73.15
0,73.13
0,73.12
0,73.06
0,72.98
0,72.96
0,73.03
0,73.03
0,73.04
0,73.05
0,73.1
0,73.12
0,73.13
0,73.15
0,73.18
0,73.19
0,73.2
0,73.25
0,73.25
0,73.25
0,73.25
0,73.31
0,73.32
0,73.29
0,73.27
0,73.17
0,73.16
0,73.19
0,73.22
0,73.21
0,73.25
0,73.25
0,73.17
0,73.15
0,73.14
0,73.15
0,73.16
0,73.18
0,73.28
0,73.37
0,73.31
0,73.31
0,72.8
0,72.78
0,72.89
0,73.31
0,73.12
0,72.83
0,73.09
0,72.8
0,72.98
0,72.9
0,73.06
0,72.97
0,73
0,72.93
0,73.03
0,73.02
0,73.08
0,73.02
0,72.82
0,72.77
0,72.74
0,72.75
0,72.68
0,72.58
0,72.58
0,72.67
0,72.55
0,72.51
0,72.5
0,72.53
0,72.55
0,72.55
0,72.56
0,72.68
0,72.6
0,72.72
0,72.68
0,72.72
0,72.63
0,72.68
0,72.64
0,72.82
0,72.83
0,72.88
0,72.94
0,73.02
0,73
0,73
0,72.96
0,72.91
0,72.82
0,72.78
0,72.75
0,72.72
0,72.75
0,72.72
0,72.79
0,72.82
0,72.72
0,72.79
0,72.72
0,72.76
0,72.8
0,72.8
0,72.8
0,72.87
0,72.89
0,72.84
0,72.91
0,72.94
0,72.9
0,72.88
0,72.9
0,72.94
0,73
0,73.02
0,73.06
0,73.07
0,73.01
0,73
0,72.98
0,72.98
0,72.99
0,73.03
0,72.98
0,72.88
0,72.92
0,72.9
0,72.85
0,72.84
0,72.81
0,72.88
0,72.9
0,72.9
0,72.96
0,72.91
0,72.8
0,72.74
0,72.66
0,72.68
0,72.72
0,72.75
0,72.75
0,72.79
0,72.78
0,72.76
0,72.77
0,72.85
0,72.84
0,72.82
0,72.78
0,72.79
0,72.74
0,72.74
0,72.78
0,72.75
0,72.68
0,72.74
0,72.79
0,72.78
0,72.75
0,72.7
0,72.62
0,72.62
0,72.69
0,72.67
0,72.82
0,72.81
0,72.82
0,72.83
0,72.83
0,72.82
0,72.86
0,72.84
0,72.81
0,72.76
0,72.74
0,72.72
0,72.69
0,72.68
0,72.68
0,72.68
0,72.73
0,72.73
0,72.72
0,72.69
0,72.68
0,72.68
0,72.72
0,72.67
0,72.69
0,72.72
0,72.74
0,72.67
0,72.66
0,72.6
0,72.6
0,72.6
0,72.68
0,72.64
0,72.66
0,72.63
0,72.69
0,72.68
0,72.67
0,72.61
0,72.59
0,72.59
0,72.66
0,72.66
0,72.72
0,72.68
0,72.7
0,72.7
0,72.7
0,72.68
0,72.71
0,72.7
0,72.65
0,72.71
0,72.68
0,72.66
0,72.7
0,72.68
0,72.65
0,72.67
0,72.69
0,72.71
0,72.73
0,72.78
0,72.69
0,72.74
0,72.7
0,72.69
0,72.7
0,72.72
0,72.75
0,72.76
0,72.74
0,72.73
0,72.68
0,72.66
0,72.62
0,72.7
0,72.69
0,72.72
0,72.69
0,72.76
0,72.76
0,72.78
0,72.82
0,72.84
0,72.84
0,72.84
0,72.85
0,72.9
0,72.88
0,72.88
0,72.89
0,72.9
0,72.94
0,72.98
0,73.03
0,72.98
0,72.98
0,72.97
0,73.04
0,73
0,73
0,72.99
0,72.98
0,73.02
0,73.03
0,73.04
0,73.04
0,73.06
0,73.06
0,73.06
0,73.09
0,73.08
0,73.1
0,73.12
0,73.09
0,73.06
0,73.12
0,73.13
0,73.12
0,73.09
0,73.07
0,73.02
0,73.02
0,73.05
0,73.04
0,73.07
0,73.1
0,73.06
0,73.03
0,73
0,73.01
0,72.96
0,72.99
0,72.97
0,72.97
0,72.98
0,73.02
0,73.06
0,73.08
0,73.12
0,73.13
0,73.06
0,73.08
0,73.12
0,73.12
0,73.12
0,73.1
0,73.1
0,73.08
0,73.06
0,73.1
0,73.08
0,73.03
0,73.01
0,73.01
0,72.96
0,72.98
0,73.03
0,72.98
0,72.93
0,72.91
0,72.89
0,72.96
0,72.95
0,72.85
0,72.85
0,72.85
0,72.88
0,72.85
0,72.89
0,72.88
0,72.9
0,72.9
0,72.88
0,72.93
0,72.95
0,72.95
0,72.94
0,72.91
0,72.89
0,72.92
0,72.93
0,72.9
0,72.86
0,72.9
0,72.91
0,72.94
0,72.9
0,72.9
0,72.91
0,72.94
0,72.91
0,72.89
0,72.85
0,72.86
0,72.78
0,72.74
0,72.74
0,72.78
0,72.74
0,72.75
0,72.75
0,72.75
0,72.76
0,72.78
0,72.74
0,72.82
0,72.84
0,72.78
0,72.79
0,72.85
0,72.84
0,72.87
0,72.89
0,72.86
0,72.87
0,72.92
0,72.96
0,72.98
0,72.96
0,72.96
0,72.96
0,72.91
0,72.93
0,72.96
0,72.96
0,73
0,73
0,72.96
0,72.98
0,73.02
0,73
0,73.06
0,73
0,72.95
0,72.99
0,73
0,72.96
0,73
0,73.02
0,73.04
0,73.1
0,73.06
0,73.16
0,73.14
0,73.09
0,73.09
0,73.12
0,73.2
0,73.14
0,73.16
0,73.12
0,73.16
0,73.08
0,73.09
0,73.1
0,73.08
0,73.05
0,73
0,73.01
0,73.03
0,73.02
0,73.17
0,73.03
0,72.94
0,72.74
0,72.92
0,72.89
0,72.89
0,73.14
0,73.13
0,73.15
0,73.24
0,73.35
0,73.26
0,73.28
0,73.38
0,73.3
0,73.14
0,73.02
0,73.11
0,73.06
0,73
0,73.04
0,73.08
0,73.06
0,73.1
0,73.2
0,73.2
0,73.2
0,73.25
0,73.31
0,73.3
0,73.28
0,73.28
0,73.34
0,73.25
0,73.28
0,73.24
0,73.14
0,73.12
0,73.18
0,73.16
0,73.15
0,73.22
0,73.22
0,73.15
0,73.18
0,73.25
0,73.31
0,73.38
0,73.38
0,73.43
0,73.41
0,73.41
0,73.47
0,73.46
0,73.45
0,73.5
0,73.49
0,73.6
0,73.61
0,73.59
0,73.56
0,73.59
0,73.54
0,73.65
0,73.56
0,73.59
0,73.56
0,73.54
0,73.52
0,73.57
0,73.53
0,73.55
0,73.53
0,73.56
0,73.56
0,73.54
0,73.53
0,73.52
0,73.46
0,73.49
0,73.46
0,73.46
0,73.46
0,73.5
0,73.5
0,73.56
0,73.57
0,73.58
0,73.62
0,73.6
0,73.53
0,73.48
0,73.48
0,73.45
0,73.44
0,73.52
0,73.54
0,73.53
0,73.58
0,73.62
0,73.62
0,73.65
0,73.62
0,73.62
0,73.66
0,73.69
0,73.68
0,73.59
0,73.5
0,73.56
0,73.53
0,73.49
0,73.5
0,73.53
0,73.54
0,73.5
0,73.5
0,73.52
0,73.52
0,73.56
0,73.56
0,73.53
0,73.6
0,73.57
0,73.56
0,73.56
0,73.54
0,73.49
0,73.56
0,73.6
0,73.58
0,73.54
0,73.49
0,73.54
0,73.48
0,73.52
0,73.47
0,73.52
0,73.56
0,73.55
0,73.52
0,73.5
0,73.53
0,73.57
0,73.6
0,73.58
0,73.57
0,73.52
0,73.5
0,73.55
0,73.54
0,73.53
0,73.5
0,73.51
0,73.48
0,73.48
0,73.54
0,73.53
0,73.53
0,73.5
0,73.46
0,73.42
0,73.44
0,73.48
0,73.52
0,73.54
0,73.52
0,73.5
0,73.52
0,73.52
0,73.52
0,73.49
0,73.51
0,73.57
0,73.56
0,73.6
0,73.64
0,73.62
0,73.62
0,73.61
0,73.55
0,73.59
0,73.58
0,73.6
0,73.54
0,73.46
0,73.48
0,73.5
0,73.5
0,73.52
0,73.52
0,73.53
0,73.57
0,73.59
0,73.58
0,73.5
0,73.46
0,73.37
0,73.29
0,73.28
0,73.32
0,73.36
0,73.31
0,73.32
0,73.31
0,73.34
0,73.32
0,73.33
0,73.34
0,73.28
0,73.3
0,73.3
0,73.4
0,73.44
0,73.43
0,73.46
0,73.44
0,73.48
0,73.47
0,73.47
0,73.46
0,73.46
0,73.44
0,73.43
0,73.43
0,73.44
0,73.45
0,73.41
0,73.37
0,73.37
0,73.39
0,73.38
0,73.37
0,73.35
0,73.38
0,73.37
0,73.38
0,73.35
0,73.37
0,73.38
0,73.39
0,73.38
0,73.39
0,73.37
0,73.36
0,73.36
0,73.36
0,73.4
0,73.4
0,73.41
0,73.43
0,73.44
0,73.46
0,73.48
0,73.46
0,73.46
0,73.47
0,73.48
0,73.48
0,73.47
0,73.47
0,73.52
0,73.54
0,73.53
0,73.53
0,73.53
0,73.56
0,73.52
0,73.54
0,73.58
0,73.56
0,73.56
0,73.59
0,73.56
0,73.62
0,73.6
0,73.62
0,73.65
0,73.65
0,73.66
0,73.63
0,73.63
0,73.62
0,73.59
0,73.6
0,73.6
0,73.6
0,73.56
0,73.57
0,73.59
0,73.57
0,73.62
0,73.6
0,73.64
0,73.65
0,73.65
0,73.65
0,73.62
0,73.6
0,73.59
0,73.6
0,73.59
0,73.57
0,73.58
0,73.66
0,73.63
0,73.66
0,73.65
0,73.66
0,73.66
0,73.69
0,73.68
0,73.71
0,73.76
0,73.73
0,73.74
0,73.73
0,73.74
0,73.78
0,73.72
0,73.72
0,73.76
0,73.79
0,73.81
0,73.75
0,73.73
0,73.71
0,73.73
0,73.72
0,73.76
0,73.74
0,73.73
0,73.74
0,73.78
0,73.78
0,73.82
0,73.82
0,73.87
0,73.88
0,73.86
0,73.88
0,73.87
0,73.84
0,73.83
0,73.78
0,73.81
0,73.84
0,73.82
0,73.84
0,73.87
0,73.82
0,73.8
0,73.82
0,73.8
0,73.8
0,73.82
0,73.86
0,73.85
0,73.88
0,73.84
0,73.84
0,73.85
0,73.82
0,73.85
0,73.85
0,73.85
0,73.84
0,73.83
0,73.79
0,73.85
0,73.86
0,73.88
0,73.87
0,73.91
0,73.91
0,73.94
0,73.97
0,74.03
0,73.94
0,73.9
0,73.92
0,73.97
0,73.95
0,73.96
0,73.99
0,73.94
0,74.06
0,74.02
0,73.96
0,74.03
0,74.12
0,74.18
0,74.12
0,73.9
0,73.87
0,73.5
0,73.74
0,73.52
0,73.41
0,73.57
0,73.72
0,73.7
0,73.65
0,73.56
0,73.4
0,73.41
0,73.45
0,73.38
0,73.38
0,73.16
0,73.24
0,73.36
0,73.42
0,73.4
0,73.48
0,73.46
0,73.47
0,73.44
0,73.39
0,73.47
0,73.46
0,73.42
0,73.45
0,73.5
0,73.53
0,73.52
0,73.5
0,73.54
0,73.49
0,73.54
0,73.51
0,73.56
0,73.52
0,73.48
0,73.51
0,73.53
0,73.5
0,73.44
0,73.35
0,73.38
0,73.34
0,73.4
0,73.41
0,73.4
0,73.41
0,73.42
0,73.5
0,73.56
0,73.5
0,73.56
0,73.54
0,73.56
0,73.6
0,73.61
0,73.6
0,73.51
0,73.46
0,73.44
0,73.37
0,73.4
0,73.41
0,73.37
0,73.38
0,73.38
0,73.37
0,73.31
0,73.3
0,73.34
0,73.34
0,73.4
0,73.37
0,73.34
0,73.38
0,73.41
0,73.41
0,73.4
0,73.4
0,73.44
0,73.46
0,73.43
0,73.44
0,73.49
0,73.5
0,73.51
0,73.5
0,73.48
0,73.41
0,73.39
0,73.43
0,73.45
0,73.42
0,73.46
0,73.49
0,73.46
0,73.47
0,73.48
0,73.52
0,73.5
0,73.43
0,73.37
0,73.39
0,73.42
0,73.44
0,73.48
0,73.48
0,73.43
0,73.5
0,73.47
0,73.44
0,73.44
0,73.46
0,73.42
0,73.48
0,73.41
0,73.44
0,73.43
0,73.5
0,73.56
0,73.55
0,73.5
0,73.52
0,73.56
0,73.57
0,73.52
0,73.52
0,73.44
0,73.46
0,73.46
0,73.44
0,73.52
0,73.51
0,73.51
0,73.56
0,73.5
0,73.5
0,73.53
0,73.48
0,73.45
0,73.48
0,73.46
0,73.45
0,73.4
0,73.41
0,73.42
0,73.41
0,73.46
0,73.42
0,73.43
0,73.43
0,73.39
0,73.35
0,73.36
0,73.38
0,73.37
0,73.37
0,73.37
0,73.39
0,73.38
0,73.37
0,73.43
0,73.4
0,73.36
0,73.4
0,73.36
0,73.38
0,73.34
0,73.38
0,73.4
0,73.4
0,73.36
0,73.35
0,73.38
0,73.44
0,73.43
0,73.45
0,73.44
0,73.44
0,73.44
0,73.47
0,73.5
0,73.41
0,73.44
0,73.44
0,73.46
0,73.46
0,73.46
0,73.46
0,73.47
0,73.48
0,73.5
0,73.52
0,73.54
0,73.52
0,73.52
0,73.5
0,73.44
0,73.56
0,73.52
0,73.51
0,73.46
0,73.48
0,73.44
0,73.41
0,73.4
0,73.4
0,73.4
0,73.42
0,73.4
0,73.39
0,73.41
0,73.41
0,73.42
0,73.41
0,73.41
0,73.38
0,73.4
0,73.39
0,73.41
0,73.45
0,73.41
0,73.42
0,73.43
0,73.44
0,73.43
0,73.44
0,73.46
0,73.43
0,73.41
0,73.4
0,73.38
0,73.4
0,73.35
0,73.36
0,73.35
0,73.35
0,73.4
0,73.4
0,73.37
0,73.36
0,73.35
0,73.38
0,73.37
0,73.37
0,73.39
0,73.4
0,73.36
0,73.4
0,73.43
0,73.42
0,73.4
0,73.36
0,73.34
0,73.36
0,73.34
0,73.33
0,73.34
0,73.34
0,73.33
0,73.53
0,73.43
0,73.41
0,73.35
0,73.41
0,73.38
0,73.39
0,73.37
0,73.37
0,73.41
0,73.42
0,73.44
0,73.4
0,73.4
0,73.41
0,73.38
0,73.36
0,73.32
0,73.32
0,73.24
0,73.25
0,73.25
0,73.28
0,73.19
0,73.22
0,73.15
0,73.14
0,73.09
0,73.12
0,73.16
0,73.13
0,73.16
0,73.18
0,73.22
0,73.18
0,73.17
0,73.15
0,73.16
0,73.13
0,73.15
0,73.15
0,73.14
0,73.14
0,73.14
0,73.16
0,73.16
0,73.21
0,73.23
0,73.24
0,73.24
0,73.21
0,73.13
0,73.18
0,73.2
0,73.23
0,73.12
0,73.16
0,73.16
0,73.22
0,73.2
0,73.24
0,73.22
0,73.22
0,73.22
0,73.22
0,73.21
0,73.18
0,73.18
0,73.18
0,73.18
0,73.16
0,73.11
0,73.1
0,73.1
0,73.12
0,73.14
0,73.16
0,73.17
0,73.19
0,73.22
0,73.22
0,73.21
0,73.17
0,73.19
0,73.16
0,73.2
0,73.22
0,73.24
0,73.25
0,73.24
0,73.21
0,73.21
0,73.22
0,73.21
0,73.19
0,73.19
0,73.19
0,73.22
0,73.18
0,73.21
0,73.19
0,73.18
0,73.21
0,73.21
0,73.22
0,73.17
0,73.18
0,73.17
0,73.19
0,73.21
0,73.22
0,73.21
0,73.21
0,73.22
0,73.14
0,73.22
0,73.26
0,73.32
0,73.31
0,73.59
0,73.46
0,73.42
0,73.47
0,73.5
0,73.6
0,73.59
0,73.51
0,73.5
0,73.42
0,73.51
0,73.6
0,73.62
0,73.68
0,73.75
0,73.64
0,73.53
0,73.53
0,73.48
0,73.46
0,73.41
0,73.42
0,73.36
0,73.35
0,73.42
0,73.42
0,73.41
0,73.46
0,73.44
0,73.47
0,73.49
0,73.48
0,73.54
0,73.51
0,73.54
0,73.56
0,73.53
0,73.53
0,73.5
0,73.42
0,73.42
0,73.45
0,73.46
0,73.46
0,73.53
0,73.5
0,73.38
0,73.4
0,73.38
0,73.48
0,73.5
0,73.49
0,73.42
0,73.45
0,73.48
0,73.51
0,73.51
0,73.49
0,73.53
0,73.54
0,73.52
0,73.47
0,73.48
0,73.53
0,73.47
0,73.44
0,73.45
0,73.47
0,73.5
0,73.49
0,73.47
0,73.49
0,73.52
0,73.5
0,73.5
0,73.52
0,73.5
0,73.54
0,73.52
0,73.48
0,73.46
0,73.47
0,73.47
0,73.47
0,73.5
0,73.5
0,73.5
0,73.5
0,73.53
0,73.49
0,73.56
0,73.52
0,73.55
0,73.54
0,73.5
0,73.52
0,73.52
0,73.53
0,73.53
0,73.54
0,73.57
0,73.55
0,73.52
0,73.59
0,73.58
0,73.66
0,73.7
0,73.7
0,73.68
0,73.72
0,73.68
0,73.72
0,73.74
0,73.74
0,73.77
0,73.75
0,73.82
0,73.78
0,73.78
0,73.83
0,73.82
0,73.82
0,73.84
0,73.87
0,73.85
0,73.78
0,73.78
0,73.84
0,73.84
0,73.85
0,73.87
0,73.85
0,73.84
0,73.86
0,73.85
0,73.85
0,73.85
0,73.82
0,73.78
0,73.79
0,73.78
0,73.79
0,73.78
0,73.78
0,73.77
0,73.84
0,73.82
0,73.82
0,73.82
0,73.81
0,73.81
0,73.85
0,73.87
0,73.82
0,73.84
0,73.83
0,73.82
0,73.84
0,73.84
0,73.85
0,73.82
0,73.84
0,73.9
0,73.87
0,73.88
0,73.9
0,73.87
0,73.87
0,73.88
0,73.93
0,73.94
0,73.91
0,73.91
0,73.87
0,73.86
0,73.9
0,73.87
0,73.87
0,73.88
0,73.85
0,73.85
0,73.86
0,73.82
0,73.81
0,73.8
0,73.78
0,73.78
0,73.84
0,73.84
0,73.85
0,73.86
0,73.87
0,73.87
0,73.86
0,73.87
0,73.84
0,73.82
0,73.76
0,73.63
0,73.84
0,73.84
0,73.78
0,73.84
0,73.87
0,73.88
0,73.86
0,73.79
0,73.84
0,73.82
0,73.85
0,73.86
0,73.85
0,73.84
0,73.8
0,73.76
0,73.73
0,73.73
0,73.59
0,73.59
0,73.62
0,73.58
0,73.6
0,73.6
0,73.59
0,73.56
0,73.65
0,73.62
0,73.72
0,73.78
0,73.86
0,73.89
0,73.87
0,73.86
0,73.8
0,73.8
0,73.78
0,73.82
0,73.81
0,73.82
0,73.82
0,73.87
0,73.86
0,73.85
0,73.88
0,73.82
0,73.88
0,73.88
0,73.88
0,73.91
0,73.98
0,74.01
0,74.02
0,74.03
0,74.04
0,74.08
0,74.1
0,74.09
0,74.03
0,74.05
0,74.06
0,74.06
0,74.02
0,74.04
0,74.03
0,74.03
0,74.02
0,74.04
0,74.07
0,74.16
0,74.18
0,74.18
0,74.26
0,74.28
0,74.24
0,74.25
0,74.26
0,74.22
0,74.24
0,74.27
0,74.28
0,74.3
0,74.28
0,74.26
0,74.28
0,74.28
0,74.29
0,74.29
0,74.33
0,74.29
0,74.31
0,74.32
0,74.34
0,74.34
0,74.42
0,74.39
0,74.42
0,74.4
0,74.35
0,74.38
0,74.39
0,74.34
0,74.32
0,74.36
0,74.33
0,74.35
0,74.32
0,74.35
0,74.34
0,74.32
0,74.28
0,74.3
0,74.28
0,74.28
0,74.31
0,74.29
0,74.34
0,74.35
0,74.38
0,74.36
0,74.26
0,74.24
0,74.22
0,74.23
0,74.24
0,74.26
0,74.22
0,74.25
0,74.29
0,74.29
0,74.35
0,74.35
0,74.34
0,74.34
0,74.36
0,74.36
0,74.34
0,74.36
0,74.37
0,74.4
0,74.41
0,74.41
0,74.4
0,74.43
0,74.41
0,74.46
0,74.48
0,74.5
0,74.47
0,74.44
0,74.41
0,74.41
0,74.38
0,74.4
0,74.41
0,74.4
0,74.43
0,74.44
0,74.41
0,74.44
0,74.45
0,74.44
0,74.46
0,74.5
0,74.49
0,74.45
0,74.43
0,74.46
0,74.42
0,74.44
0,74.43
0,74.39
0,74.47
0,74.46
0,74.49
0,74.55
0,74.59
0,74.56
0,74.54
0,74.53
0,74.5
0,74.47
0,74.5
0,74.51
0,74.59
0,74.56
0,74.59
0,74.64
0,74.74
0,74.78
0,74.72
0,74.47
0,74.44
0,74.21
0,74.16
0,74.16
0,73.91
0,73.98
0,74
0,73.99
0,74.11
0,74.29
0,74.25
0,74.28
0,74.26
0,74.34
0,74.35
0,74.53
0,74.5
0,74.44
0,74.4
0,74.43
0,74.44
0,74.46
0,74.43
0,74.39
0,74.4
0,74.44
0,74.5
0,74.46
0,74.55
0,74.56
0,74.51
0,74.5
0,74.51
0,74.62
0,74.53
0,74.48
0,74.46
0,74.52
0,74.48
0,74.51
0,74.54
0,74.51
0,74.52
0,74.54
0,74.48
0,74.51
0,74.48
0,74.36
0,74.34
0,74.33
0,74.38
0,74.38
0,74.38
0,74.45
0,74.56
0,74.58
0,74.65
0,74.6
0,74.65
0,74.66
0,74.68
0,74.66
0,74.68
0,74.62
0,74.63
0,74.68
0,74.61
0,74.6
0,74.53
0,74.51
0,74.54
0,74.5
0,74.48
0,74.5
0,74.52
0,74.48
0,74.48
0,74.5
0,74.52
0,74.48
0,74.39
0,74.34
0,74.38
0,74.44
0,74.44
0,74.45
0,74.44
0,74.44
0,74.45
0,74.47
0,74.46
0,74.39
0,74.36
0,74.41
0,74.42
0,74.42
0,74.42
0,74.35
0,74.42
0,74.49
0,74.47
0,74.44
0,74.43
0,74.41
0,74.44
0,74.45
0,74.5
0,74.56
0,74.48
0,74.5
0,74.5
0,74.44
0,74.41
0,74.43
0,74.43
0,74.44
0,74.44
0,74.41
0,74.4
0,74.44
0,74.42
0,74.46
0,74.4
0,74.37
0,74.32
0,74.29
0,74.22
0,74.2
0,74.16
0,74.18
0,74.19
0,74.19
0,74.18
0,74.11
0,74.07
0,74.06
0,74.02
0,74
0,74.05
0,73.99
0,74
0,74.06
0,74.07
0,74.08
0,74.12
0,74.04
0,74.02
0,73.97
0,74.02
0,74.06
0,74.09
0,74.1
0,74.11
0,74.12
0,74.03
0,74.07
0,74.1
0,74.05
0,74.06
0,74.06
0,74.05
0,74.06
0,74
0,74.03
0,74.01
0,74.05
0,74.02
0,74.04
0,74.12
0,74.09
0,74.08
0,74.09
0,74.07
0,74.06
0,74.02
0,74.02
0,74.08
0,74
0,74.04
0,74.05
0,74.04
0,74.06
0,74.1
0,74.07
0,74.06
0,74.11
0,74.08
0,74.06
0,74.03
0,74.04
0,74
0,73.97
0,73.97
0,73.98
0,74.03
0,73.97
0,73.97
0,73.96
0,73.96
0,73.96
0,73.87
0,73.92
0,73.9
0,74
0,74.06
0,74.07
0,74.15
0,74.19
0,74.22
0,74.22
0,74.21
0,74.28
0,74.32
0,74.22
0,74.19
0,74.2
0,74.17
0,74.17
0,74.16
0,74.15
0,74.12
0,74.13
0,74.19
0,74.14
0,74.12
0,74.09
0,74.06
0,74.11
0,74.06
0,74.01
0,74.04
0,74.04
0,74.09
0,74.1
0,74.07
0,74.08
0,74.04
0,74.04
0,74.04
0,74.04
0,74.06
0,74.02
0,74.03
0,74.04
0,74.02
0,74.06
0,74.09
0,74.08
0,74.05
0,74.07
0,74.12
0,74.1
0,74.13
0,74.1
0,74.16
0,74.18
0,74.17
0,74.17
0,74.12
0,74.13
0,74.15
0,74.12
0,74.14
0,74.1
0,74.06
0,74.08
0,74.09
0,74.04
0,74.01
0,73.98
0,74.03
0,74
0,74.02
0,73.97
0,73.97
0,74.02
0,74.02
0,73.99
0,74.02
0,74.02
0,74.01
0,74
0,74.02
0,74.02
0,74.05
0,74.05
0,74.09
0,74.06
0,74.1
0,74.1
0,74.12
0,74.12
0,74.11
0,74.11
0,74.12
0,74.15
0,74.15
0,74.17
0,74.21
0,74.18
0,74.2
0,74.18
0,74.2
0,74.24
0,74.2
0,74.2
0,74.21
0,74.18
0,74.12
0,74.1
0,74.09
0,74.09
0,74.1
0,74.06
0,74.02
0,74.02
0,74.04
0,74.06
0,74.06
0,74.06
0,74.12
0,74.11
0,74.09
0,74.1
0,74.09
0,74.09
0,74.06
0,74.05
0,74.04
0,74.03
0,74.03
0,74.02
0,74.06
0,74.04
0,74.04
0,74.12
0,74.12
0,74.16
0,74.16
0,74.18
0,74.17
0,74.18
0,74.21
0,74.18
0,74.17
0,74.13
0,74.16
0,74.16
0,74.19
0,74.18
0,74.17
0,74.16
0,74.16
0,74.15
0,74.13
0,74.12
0,74.12
0,74.1
0,74.08
0,74.09
0,74.11
0,74.11
0,74.09
0,74.09
0,74.08
0,74.15
0,74.18
0,74.24
0,74.24
0,74.28
0,74.29
0,74.33
0,74.35
0,74.31
0,74.31
0,74.3
0,74.31
0,74.29
0,74.32
0,74.32
0,74.31
0,74.34
0,74.35
0,74.37
0,74.38
0,74.4
0,74.34
0,74.32
0,73.86
0,73.85
0,73.72
0,73.63
0,73.6
0,73.45
0,73.22
0,73.28
0,73.24
0,73.38
0,73.51
0,73.53
0,73.6
0,73.6
0,73.9
0,73.71
0,73.85
0,73.88
0,73.81
0,73.87
0,73.94
0,73.89
0,73.86
0,73.87
0,73.87
0,73.84
0,73.85
0,73.85
0,73.88
0,73.82
0,73.86
0,73.85
0,73.94
0,73.86
0,73.97
0,73.92
0,73.87
0,73.83
0,73.82
0,73.78
0,73.82
0,73.79
0,73.66
0,73.68
0,73.66
0,73.82
0,73.92
0,73.91
0,73.93
0,73.87
0,73.75
0,73.81
0,73.82
0,73.85
0,73.8
0,73.69
0,73.66
0,73.7
0,73.68
0,73.66
0,73.58
0,73.56
0,73.56
0,73.64
0,73.74
0,73.74
0,73.7
0,73.65
0,73.61
0,73.58
0,73.6
0,73.66
0,73.63
0,73.68
0,73.63
0,73.62
0,73.65
0,73.65
0,73.62
0,73.68
0,73.67
0,73.66
0,73.66
0,73.64
0,73.64
0,73.65
0,73.63
0,73.68
0,73.64
0,73.66
0,73.64
0,73.61
0,73.66
0,73.68
0,73.66
0,73.66
0,73.62
0,73.61
0,73.59
0,73.62
0,73.59
0,73.53
0,73.52
0,73.52
0,73.52
0,73.56
0,73.54
0,73.61
0,73.62
0,73.6
0,73.48
0,73.46
0,73.52
0,73.59
0,73.49
0,73.5
0,73.45
0,73.38
0,73.38
0,73.42
0,73.44
0,73.4
0,73.35
0,73.38
0,73.37
0,73.31
0,73.32
0,73.31
0,73.32
0,73.31
0,73.34
0,73.34
0,73.32
0,73.28
0,73.2
0,73.1
0,73.09
0,73.02
0,73.04
0,73.02
0,73.03
0,72.98
0,73.06
0,73.09
0,73
0,73.02
0,73.09
0,73.1
0,73.09
0,73.08
0,73.02
0,72.99
0,73
0,73
0,73.01
0,73.08
0,73.09
0,73.06
0,73.06
0,73.07
0,73.12
0,73.12
0,73.11
0,73.06
0,73.12
0,73.13
0,73.13
0,73.12
0,73.24
0,73.21
0,73.27
0,73.24
0,73.16
0,73.19
0,73.16
0,73.17
0,73.18
0,73.18
0,73.15
0,73.16
0,73.15
0,73.15
0,73.18
0,73.18
0,73.22
0,73.17
0,73.13
0,73.1
0,73.16
0,73.16
0,73.15
0,73.1
0,73.15
0,73.14
0,73.15
0,73.12
0,73.15
0,73.14
0,73.14
0,73.1
0,73.07
0,73.02
0,73.06
0,73.04
0,73.04
0,73
0,72.99
0,72.98
0,73.01
0,73.09
0,73.06
0,73.03
0,73.03
0,73.06
0,73.14
0,73.19
0,73.29
0,73.25
0,73.24
0,73.31
0,73.31
0,73.32
0,73.28
0,73.25
0,73.22
0,73.22
0,73.26
0,73.32
0,73.35
0,73.34
0,73.36
0,73.39
0,73.39
0,73.39
0,73.41
0,73.4
0,73.43
0,73.43
0,73.44
0,73.45
0,73.48
0,73.43
0,73.38
0,73.35
0,73.35
0,73.39
0,73.42
0,73.41
0,73.41
0,73.4
0,73.38
0,73.35
0,73.35
0,73.39
0,73.38
0,73.39
0,73.4
0,73.41
0,73.39
0,73.39
0,73.41
0,73.41
0,73.4
0,73.4
0,73.42
0,73.41
0,73.41
0,73.47
0,73.52
0,73.53
0,73.5
0,73.56
0,73.57
0,73.54
0,73.54
0,73.54
0,73.55
0,73.52
0,73.51
0,73.5
0,73.53
0,73.55
0,73.56
0,73.56
0,73.54
0,73.52
0,73.5
0,73.49
0,73.52
0,73.53
0,73.53
0,73.57
0,73.63
0,73.6
0,73.61
0,73.61
0,73.57
0,73.55
0,73.55
0,73.5
0,73.48
0,73.5
0,73.56
0,73.57
0,73.58
0,73.54
0,73.53
0,73.54
0,73.56
0,73.55
0,73.58
0,73.6
0,73.62
0,73.64
0,73.68
0,73.72
0,73.72
0,73.69
0,73.67
0,73.66
0,73.68
0,73.68
0,73.67
0,73.68
0,73.71
0,73.71
0,73.72
0,73.71
0,73.69
0,73.65
0,73.62
0,73.65
0,73.68
0,73.71
0,73.72
0,73.72
0,73.74
0,73.72
0,73.68
0,73.68
0,73.7
0,73.72
0,73.77
0,73.74
0,73.76
0,73.74
0,73.76
0,73.78
0,73.78
0,73.78
0,73.76
0,73.75
0,73.74
0,73.7
0,73.71
0,73.68
0,73.65
0,73.62
0,73.62
0,73.65
0,73.65
0,73.62
0,73.61
0,73.6
0,73.62
0,73.68
0,73.69
0,73.73
0,73.74
0,73.71
0,73.68
0,73.72
0,73.74
0,73.7
0,73.69
0,73.75
0,73.77
0,73.76
0,73.74
0,73.72
0,73.72
0,73.76
0,73.73
0,73.74
0,73.78
0,73.78
0,73.74
0,73.88
0,74
0,74.11
0,73.97
0,74.08
0,73.79
0,73.86
0,74.04
0,74.1
0,74.2
0,74.14
0,74.24
0,74.2
0,74.29
0,74.5
0,74.41
0,74.46
0,74.56
0,74.64
0,74.68
0,74.68
0,74.84
0,74.77
0,74.93
0,74.84
0,74.78
0,74.84
0,74.83
0,74.82
0,74.89
0,74.97
0,75.06
0,75.1
0,75.06
0,74.98
0,74.9
0,74.82
0,74.96
0,74.97
0,74.96
0,74.94
0,75.02
0,74.94
0,74.97
0,75
0,75.04
0,74.98
0,75.06
0,75.09
0,75
0,75.04
0,75.07
0,75.09
0,75.02
0,75.02
0,75.07
0,75.05
0,75.07
0,75.04
0,75.04
0,74.98
0,74.99
0,75.04
0,75.02
0,75.03
0,75.07
0,75
0,75.01
0,74.94
0,74.94
0,75
0,75.06
0,75.05
0,75.12
0,75.04
0,75.08
0,75.08
0,75.12
0,75.1
0,75.06
0,75.12
0,75.12
0,75.13
0,75.19
0,75.19
0,75.19
0,75.22
0,75.13
0,75.13
0,75.1
0,75.12
0,75.13
0,75.14
0,75.28
0,75.24
0,75.31
0,75.36
0,75.38
0,75.41
0,75.46
0,75.4
0,75.39
0,75.34
0,75.34
0,75.27
0,75.3
0,75.29
0,75.22
0,75.26
0,75.22
0,75.28
0,75.3
0,75.26
0,75.23
0,75.28
0,75.28
0,75.24
0,75.18
0,75.21
0,75.28
0,75.25
0,75.26
0,75.24
0,75.19
0,75.14
0,75.19
0,75.23
0,75.16
0,75.16
0,75.18
0,75.18
0,75.16
0,75.22
0,75.22
0,75.24
0,75.24
0,75.18
0,75.22
0,75.22
0,75.15
0,75.11
0,75.07
0,75.12
0,75.12
0,75.06
0,75.1
0,75.11
0,75.08
0,75.18
0,75.21
0,75.13
0,75.11
0,75.22
0,75.2
0,75.16
0,75.16
0,75.19
0,75.24
0,75.22
0,75.19
0,75.2
0,75.18
0,75.24
0,75.25
0,75.24
0,75.28
0,75.25
0,75.24
0,75.24
0,75.25
0,75.31
0,75.32
0,75.35
0,75.36
0,75.38
0,75.36
0,75.32
0,75.28
0,75.22
0,75.29
0,75.31
0,75.29
0,75.28
0,75.31
0,75.26
0,75.24
0,75.28
0,75.32
0,75.28
0,75.25
0,75.22
0,75.18
0,75.16
0,75.13
0,75.16
0,75.12
0,75.12
0,75.1
0,75.12
0,75.13
0,75.11
0,75.14
0,75.09
0,75.16
0,75.13
0,75.16
0,75.24
0,75.22
0,75.24
0,75.24
0,75.28
0,75.22
0,75.21
0,75.16
0,75.17
0,75.17
0,75.22
0,75.25
0,75.24
0,75.24
0,75.19
0,75.21
0,75.2
0,75.13
0,75.12
0,75.08
0,75.06
0,75.05
0,75.09
0,75.13
0,75.12
0,75.15
0,75.15
0,75.11
0,75.15
0,75.16
0,75.14
0,75.17
0,75.16
0,75.18
0,75.18
0,75.16
0,75.16
0,75.15
0,75.14
0,75.11
0,75.14
0,75.13
0,75.13
0,75.13
0,75.15
0,75.16
0,75.11
0,75.12
0,75.09
0,75.09
0,75.15
0,75.16
0,75.15
0,75.18
0,75.2
0,75.18
0,75.16
0,75.16
0,75.21
0,75.21
0,75.15
0,75.23
0,75.22
0,75.2
0,75.21
0,75.28
0,75.31
0,75.28
0,75.26
0,75.24
0,75.25
0,75.25
0,75.28
0,75.28
0,75.25
0,75.25
0,75.22
0,75.19
0,75.22
0,75.21
0,75.22
0,75.22
0,75.24
0,75.24
0,75.19
0,75.18
0,75.21
0,75.15
0,75.23
0,75.22
0,75.3
0,75.33
0,75.3
0,75.25
0,75.21
0,75.2
0,75.16
0,75.18
0,75.22
0,75.21
0,75.24
0,75.21
0,75.24
0,75.21
0,75.26
0,75.32
0,75.29
0,75.27
0,75.25
0,75.25
0,75.28
0,75.3
0,75.24
0,75.22
0,75.24
0,75.24
0,75.25
0,75.3
0,75.28
0,75.25
0,75.29
0,75.28
0,75.27
0,75.31
0,75.3
0,75.28
0,75.37
0,75.34
0,75.34
0,75.37
0,75.35
0,75.34
0,75.4
0,75.39
0,75.4
0,75.37
0,75.37
0,75.35
0,75.4
0,75.38
0,75.39
0,75.37
0,75.32
0,75.34
0,75.29
0,75.3
0,75.3
0,75.28
0,75.28
0,75.25
0,75.19
0,75.16
0,75.15
0,75.19
0,75.19
0,75.2
0,75.22
0,75.24
0,75.22
0,75.17
0,75.15
0,75.15
0,75.13
0,75.1
0,75.11
0,75.17
0,75.16
0,75.19
0,75.25
0,75.32
0,75.32
0,75.35
0,75.42
0,75.28
0,75.26
0,75.25
0,75.26
0,75.28
0,75.32
0,75.26
0,75.32
0,75.29
0,75.32
0,75.02
0,74.93
0,74.91
0,74.87
0,74.88
0,74.83
0,74.73
0,74.66
0,74.59
0,74.64
0,74.81
0,74.82
0,74.76
0,74.66
0,74.74
0,74.76
0,74.71
0,74.65
0,74.67
0,74.66
0,74.76
0,74.68
0,74.73
0,74.75
0,74.7
0,74.68
0,74.72
0,74.69
0,74.75
0,74.78
0,74.83
0,74.96
0,74.97
0,75.06
0,75
0,74.94
0,74.95
0,74.9
0,74.95
0,74.96
0,75
0,75.07
0,75.08
0,75.06
0,75.1
0,75.03
0,75.03
0,75.05
0,75.03
0,75.04
0,75.1
0,75.1
0,75.09
0,75.1
0,75.18
0,75.23
0,75.25
0,75.29
0,75.36
0,75.36
0,75.38
0,75.33
0,75.46
0,75.46
0,75.53
0,75.44
0,75.43
0,75.46
0,75.47
0,75.45
0,75.46
0,75.49
0,75.52
0,75.5
0,75.48
0,75.41
0,75.44
0,75.34
0,75.3
0,75.31
0,75.28
0,75.25
0,75.3
0,75.34
0,75.37
0,75.35
0,75.29
0,75.26
0,75.31
0,75.35
0,75.32
0,75.38
0,75.34
0,75.4
0,75.4
0,75.39
0,75.3
0,75.22
0,75.22
0,75.22
0,75.2
0,75.22
0,75.19
0,75.26
0,75.22
0,75.24
0,75.23
0,75.24
0,75.21
0,75.24
0,75.24
0,75.21
0,75.28
0,75.3
0,75.28
0,75.29
0,75.26
0,75.29
0,75.26
0,75.24
0,75.25
0,75.22
0,75.22
0,75.2
0,75.2
0,75.21
0,75.26
0,75.26
0,75.31
0,75.27
0,75.24
0,75.23
0,75.22
0,75.23
0,75.23
0,75.25
0,75.24
0,75.26
0,75.24
0,75.24
0,75.28
0,75.19
0,75.22
0,75.2
0,75.2
0,75.2
0,75.19
0,75.19
0,75.2
0,75.29
0,75.24
0,75.24
0,75.22
0,75.19
0,75.24
0,75.23
0,75.26
0,75.25
0,75.28
0,75.28
0,75.33
0,75.31
0,75.31
0,75.3
0,75.3
0,75.31
0,75.32
0,75.39
0,75.4
0,75.38
0,75.37
0,75.34
0,75.31
0,75.31
0,75.28
0,75.28
0,75.29
0,75.32
0,75.3
0,75.32
0,75.3
0,75.32
0,75.31
0,75.28
0,75.31
0,75.3
0,75.32
0,75.29
0,75.3
0,75.28
0,75.32
0,75.29
0,75.31
0,75.31
0,75.31
0,75.29
0,75.28
0,75.32
0,75.36
0,75.38
0,75.34
0,75.34
0,75.28
0,75.29
0,75.31
0,75.31
0,75.3
0,75.32
0,75.34
0,75.32
0,75.32
0,75.32
0,75.32
0,75.3
0,75.28
0,75.26
0,75.3
0,75.3
0,75.32
0,75.3
0,75.33
0,75.34
0,75.32
0,75.28
0,75.32
0,75.33
0,75.31
0,75.31
0,75.31
0,75.3
0,75.37
0,75.38
0,75.36
0,75.36
0,75.37
0,75.36
0,75.38
0,75.35
0,75.37
0,75.34
0,75.32
0,75.34
0,75.34
0,75.37
0,75.35
0,75.34
0,75.34
0,75.35
0,75.37
0,75.35
0,75.38
0,75.38
0,75.39
0,75.41
0,75.45
0,75.43
0,75.43
0,75.42
0,75.38
0,75.4
0,75.41
0,75.38
0,75.41
0,75.43
0,75.47
0,75.48
0,75.53
0,75.56
0,75.55
0,75.56
0,75.56
0,75.54
0,75.53
0,75.53
0,75.53
0,75.5
0,75.5
0,75.51
0,75.52
0,75.56
0,75.56
0,75.55
0,75.54
0,75.56
0,75.59
0,75.6
0,75.59
0,75.58
0,75.59
0,75.6
0,75.62
0,75.63
0,75.62
0,75.56
0,75.54
0,75.5
0,75.52
0,75.55
0,75.56
0,75.56
0,75.56
0,75.56
0,75.55
0,75.52
0,75.52
0,75.52
0,75.52
0,75.49
0,75.47
0,75.48
0,75.5
0,75.53
0,75.57
0,75.52
0,75.59
0,75.63
0,75.61
0,75.61
0,75.57
0,75.59
0,75.59
0,75.57
0,75.56
0,75.57
0,75.56
0,75.57
0,75.54
0,75.62
0,75.61
0,75.62
0,75.6
0,75.59
0,75.63
0,75.64
0,75.6
0,75.6
0,75.59
0,75.6
0,75.6
0,75.6
0,75.59
0,75.61
0,75.62
0,75.63
0,75.62
0,75.64
0,75.57
0,75.61
0,75.6
0,75.59
0,75.58
0,75.58
0,75.57
0,75.6
0,75.52
0,75.46
0,75.44
0,75.44
0,75.49
0,75.53
0,75.58
0,75.61
0,75.66
0,75.65
0,75.65
0,75.61
0,75.65
0,75.65
0,75.62
0,75.62
0,75.7
0,75.72
0,75.71
0,75.72
0,75.7
0,75.69
0,75.69
0,75.69
0,75.71
0,75.69
0,75.71
0,75.66
0,75.68
0,75.79
0,75.88
0,75.81
0,75.74
0,75.83
0,75.86
0,75.75
0,75.72
0,75.79
0,75.84
0,75.84
0,75.91
0,76.02
0,76.01
0,75.99
0,75.96
0,75.94
0,75.83
0,75.9
0,75.96
0,75.82
0,75.82
0,75.84
0,75.82
0,75.72
0,75.79
0,75.74
0,75.78
0,75.83
0,75.83
0,75.8
0,75.77
0,75.85
0,75.78
0,75.84
0,75.88
0,75.84
0,75.95
0,75.91
0,75.87
0,75.89
0,75.86
0,75.87
0,75.91
0,75.88
0,75.88
0,75.89
0,75.87
0,76
0,76
0,75.99
0,76
0,76.05
0,76.13
0,76.18
0,76.12
0,76.13
0,76.16
0,76.11
0,76.14
0,76.09
0,76.08
0,76.04
0,76.04
0,76.1
0,76.06
0,76
0,75.98
0,75.97
0,76.01
0,76
0,75.98
0,75.95
0,76.01
0,76.01
0,76
0,75.95
0,75.94
0,75.95
0,75.95
0,75.96
0,75.99
0,76
0,75.98
0,75.97
0,76
0,75.96
0,75.9
0,75.97
0,75.94
0,75.97
0,75.95
0,75.91
0,75.93
0,75.99
0,76
0,75.98
0,76.01
0,75.99
0,76
0,76.03
0,76.03
0,76.02
0,76
0,75.96
0,76.03
0,76.02
0,76
0,76
0,75.97
0,76.02
0,76.04
0,76.04
0,76.04
0,76.06
0,76.01
0,76
0,75.98
0,76
0,75.99
0,76.02
0,76.03
0,76.02
0,76
0,76.05
0,76.04
0,76.03
0,75.99
0,76.06
0,76.08
0,76.05
0,76.04
0,75.97
0,75.95
0,75.98
0,75.97
0,76
0,76.02
0,76.06
0,76.02
0,76
0,76
0,75.97
0,75.97
0,76
0,76.02
0,76
0,76
0,76.03
0,76.02
0,76.01
0,76.02
0,76.01
0,76.02
0,76.05
0,76
0,76.02
0,76
0,76.01
0,76.02
0,76.01
0,76.04
0,76.03
0,76.03
0,76.06
0,76.04
0,76.03
0,76.02
0,75.98
0,75.97
0,76
0,75.99
0,75.98
0,75.97
0,75.97
0,75.97
0,75.98
0,76
0,76
0,76.03
0,76.02
0,76.02
0,76.02
0,76.02
0,76.07
0,76.06
0,76.05
0,76.05
0,76.05
0,76.05
0,76.04
0,76.02
0,76.02
0,76.03
0,76.02
0,76.02
0,76
0,76.01
0,76
0,76.01
0,76.02
0,76.02
0,76.03
0,76.02
0,76.01
0,76.01
0,76
0,75.99
0,75.98
0,76
0,76.02
0,76.02
0,76.01
0,76.03
0,75.98
0,76.02
0,76
0,75.96
0,75.95
0,75.96
0,75.97
0,75.98
0,75.96
0,75.92
0,75.88
0,75.9
0,75.89
0,75.91
0,75.91
0,75.9
0,75.9
0,75.92
0,75.92
0,75.94
0,75.99
0,75.98
0,76.02
0,75.98
0,75.97
0,76
0,75.96
0,75.98
0,75.99
0,75.99
0,75.98
0,76.01
0,76.02
0,76.05
0,76.02
0,76.02
0,76.03
0,76.01
0,76
0,76.03
0,76
0,75.98
0,75.99
0,76
0,75.98
0,75.98
0,76
0,76.01
0,76.03
0,76.06
0,76.02
0,76.05
0,76.02
0,76
0,76.06
0,76.02
0,76.04
0,76.06
0,76.02
0,76.02
0,76.01
0,76
0,76
0,76.01
0,76.02
0,76.02
0,76.01
0,76
0,76
0,76
0,76
0,75.98
0,75.96
0,75.96
0,75.95
0,75.92
0,75.93
0,75.91
0,75.9
0,75.92
0,75.91
0,75.92
0,75.94
0,75.92
0,75.89
0,75.9
0,75.9
0,75.92
0,75.92
0,76.04
0,76.02
0,76.08
0,76.12
0,76.07
0,76.08
0,76.13
0,76.18
0,76.13
0,76.1
0,76.05
0,76.1
0,76.09
0,76.03
0,76.06
0,76.07
0,76.08
0,76.02
0,76
0,76
0,76
0,76.02
0,75.99
0,75.97
0,75.97
0,75.94
0,75.89
0,75.9
0,75.92
0,75.96
0,75.96
0,75.96
0,75.95
0,75.94
0,75.91
0,75.92
0,75.9
0,75.88
0,75.87
0,75.85
0,75.84
0,75.85
0,75.84
0,75.82
0,75.81
0,75.79
0,75.78
0,75.7
0,75.69
0,75.69
0,75.71
0,75.78
0,75.88
0,75.94
0,75.97
0,75.95
0,75.97
0,75.97
0,76.01
0,76.08
0,76.02
0,76.01
0,75.98
0,76
0,75.98
0,76
0,76.02
0,76.01
0,76.07
0,76.1
0,76.07
0,76.04
0,75.99
0,75.97
0,75.98
0,75.99
0,76
0,76.02
0,76.06
0,76.07
0,75.96
0,76.4
0,76.16
0,76.19
0,76.34
0,76.36
0,76.21
0,76.16
0,76.21
0,76.18
0,76.24
0,76.28
0,76.37
0,76.47
0,76.38
0,76.41
0,76.27
0,76.34
0,76.24
0,76.23
0,76.32
0,76.3
0,76.25
0,76.19
0,76.22
0,76.12
0,76.09
0,76.11
0,76.11
0,76.19
0,76.16
0,76.18
0,76.21
0,76.24
0,76.3
0,76.32
0,76.3
0,76.35
0,76.36
0,76.33
0,76.31
0,76.28
0,76.22
0,76.24
0,76.19
0,76.15
0,76.13
0,76.13
0,76.14
0,76.15
0,76.16
0,76.28
0,76.28
0,76.28
0,76.25
0,76.23
0,76.25
0,76.22
0,76.27
0,76.24
0,76.23
0,76.25
0,76.28
0,76.34
0,76.31
0,76.36
0,76.28
0,76.28
0,76.3
0,76.28
0,76.24
0,76.22
0,76.22
0,76.24
0,76.29
0,76.38
0,76.41
0,76.44
0,76.48
0,76.42
0,76.42
0,76.38
0,76.38
0,76.35
0,76.39
0,76.37
0,76.34
0,76.37
0,76.36
0,76.3
0,76.34
0,76.28
0,76.24
0,76.19
0,76.19
0,76.21
0,76.24
0,76.24
0,76.24
0,76.21
0,76.16
0,76.15
0,76.1
0,76.12
0,76.1
0,76.09
0,76.11
0,76.12
0,76.15
0,76.12
0,76.11
0,76.03
0,76.03
0,75.97
0,76.02
0,76.02
0,76.03
0,76.03
0,76
0,76.03
0,76.06
0,76.05
0,76.06
0,76.03
0,76.04
0,76
0,75.99
0,76
0,75.99
0,75.97
0,75.97
0,75.94
0,75.93
0,75.96
0,76
0,75.96
0,75.95
0,75.95
0,75.94
0,75.93
0,75.92
0,75.94
0,75.94
0,75.94
0,75.93
0,75.94
0,75.93
0,75.91
0,75.95
0,75.94
0,75.98
0,76.04
0,76.09
0,76.05
0,76.1
0,76.02
0,76
0,76.01
0,76.01
0,76.02
0,76
0,76
0,75.98
0,75.97
0,76.04
0,76
0,76.05
0,76.07
0,76.07
0,76.07
0,76.05
0,76.03
0,76.06
0,76.06
0,76.13
0,76.1
0,76.15
0,76.11
0,76.13
0,76.1
0,76.13
0,76.12
0,76.15
0,76.13
0,76.12
0,76.11
0,76.11
0,76.13
0,76.1
0,76.12
0,76.1
0,76.05
0,76.09
0,76.06
0,76.06
0,76.05
0,76.04
0,76.04
0,76.01
0,75.98
0,75.92
0,75.95
0,75.92
0,75.9
0,75.94
0,75.9
0,75.96
0,75.97
0,75.98
0,75.99
0,75.99
0,75.98
0,76.03
0,76.06
0,76.06
0,76.06
0,76.04
0,76.02
0,76.03
0,76
0,75.96
0,75.96
0,75.97
0,75.98
0,76.02
0,76
0,76.03
0,76.03
0,76.01
0,76.08
0,76.06
0,76.05
0,76.07
0,76.08
0,76.09
0,76.06
0,76.05
0,76.08
0,76.05
0,76.02
0,76.02
0,75.98
0,76
0,75.98
0,76.01
0,76
0,76
0,76.02
0,76.02
0,76.02
0,76.03
0,76.02
0,76
0,76
0,76
0,76
0,75.98
0,76.02
0,76.02
0,76.06
0,76.02
0,76.06
0,76.06
0,76.05
0,75.96
0,75.94
0,75.94
0,75.93
0,75.88
0,75.94
0,75.91
0,75.93
0,75.94
0,75.96
0,75.94
0,75.93
0,75.96
0,75.94
0,75.98
0,75.98
0,75.98
0,75.96
0,75.98
0,75.95
0,75.92
0,75.9
0,75.89
0,75.87
0,75.87
0,75.85
0,75.83
0,75.84
0,75.86
0,75.87
0,75.87
0,75.9
0,75.83
0,75.85
0,75.84
0,75.84
0,75.82
0,75.81
0,75.79
0,75.78
0,75.76
0,75.79
0,75.74
0,75.72
0,75.7
0,75.72
0,75.7
0,75.71
0,75.68
0,75.68
0,75.71
0,75.74
0,75.75
0,75.76
0,75.77
0,75.74
0,75.75
0,75.75
0,75.8
0,75.85
0,75.88
0,75.9
0,75.9
0,75.87
0,75.88
0,75.87
0,75.82
0,75.82
0,75.82
0,75.82
0,75.84
0,75.83
0,75.82
0,75.81
0,75.76
0,75.79
0,75.78
0,75.77
0,75.81
0,75.86
0,75.86
0,75.86
0,75.82
0,75.82
0,75.84
0,75.82
0,75.83
0,75.82
0,75.82
0,75.76
0,75.84
0,75.84
0,75.84
0,75.88
0,75.96
0,75.96
0,75.96
0,75.96
0,75.94
0,75.95
0,75.98
0,76
0,76.02
0,75.98
0,76.01
0,76.02
0,75.99
0,76.01
0,76.02
0,76.08
0,76.04
0,76.06
0,76
0,76.02
0,76
0,75.94
0,75.92
0,75.88
0,75.9
0,75.94
0,75.93
0,75.95
0,75.97
0,75.99
0,76.22
0,76.26
0,76.33
0,76.23
0,76.22
0,76.17
0,76.22
0,76.34
0,76.51
0,76.46
0,76.48
0,76.54
0,76.67
0,76.56
0,76.66
0,76.69
0,76.72
0,76.82
0,76.82
0,76.8
0,76.86
0,76.8
0,76.78
0,76.69
0,76.63
0,76.78
0,76.75
0,76.75
0,76.68
0,76.6
0,76.69
0,76.56
0,76.47
0,76.52
0,76.47
0,76.47
0,76.41
0,76.41
0,76.47
0,76.38
0,76.4
0,76.4
0,76.42
0,76.37
0,76.34
0,76.35
0,76.37
0,76.4
0,76.52
0,76.6
0,76.54
0,76.54
0,76.52
0,76.41
0,76.38
0,76.41
0,76.41
0,76.38
0,76.3
0,76.28
0,76.22
0,76.22
0,76.24
0,76.24
0,76.24
0,76.25
0,76.2
0,76.19
0,76.16
0,76.15
0,76.18
0,76.16
0,76.16
0,76.14
0,76.07
0,75.96
0,75.94
0,75.92
0,75.94
0,75.87
0,75.82
0,75.88
0,75.88
0,75.9
0,75.88
0,75.88
0,75.88
0,75.89
0,75.86
0,75.81
0,75.81
0,75.85
0,75.85
0,75.92
0,75.94
0,75.97
0,75.97
0,75.93
0,75.88
0,75.97
0,75.95
0,75.9
0,75.95
0,75.95
0,75.94
0,75.93
0,75.93
0,75.87
0,75.9
0,75.84
0,75.87
0,75.93
0,75.89
0,75.92
0,75.91
0,75.96
0,75.99
0,75.99
0,75.98
0,75.98
0,76.02
0,76
0,75.97
0,76.01
0,76.02
0,75.96
0,75.91
0,75.9
0,75.9
0,75.91
0,75.9
0,75.92
0,75.88
0,75.91
0,75.92
0,75.95
0,75.96
0,75.96
0,75.96
0,75.94
0,75.96
0,75.94
0,75.94
0,75.96
0,75.94
0,75.98
0,76
0,75.97
0,75.93
0,75.92
0,75.98
0,75.93
0,75.9
0,75.88
0,75.93
0,75.88
0,75.91
0,75.91
0,75.98
0,75.97
0,76.02
0,76.03
0,76.08
0,76.06
0,76.02
0,76
0,76
0,75.98
0,75.94
0,75.91
0,75.92
0,75.91
0,75.88
0,75.86
0,75.84
0,75.82
0,75.82
0,75.83
0,75.83
0,75.81
0,75.81
0,75.81
0,75.78
0,75.75
0,75.77
0,75.73
0,75.69
0,75.7
0,75.69
0,75.68
0,75.64
0,75.62
0,75.64
0,75.65
0,75.63
0,75.62
0,75.62
0,75.66
0,75.66
0,75.71
0,75.73
0,75.72
0,75.69
0,75.7
0,75.71
0,75.72
0,75.71
0,75.72
0,75.71
0,75.72
0,75.68
0,75.63
0,75.61
0,75.53
0,75.6
0,75.63
0,75.62
0,75.62
0,75.62
0,75.6
0,75.58
0,75.56
0,75.62
0,75.65
0,75.62
0,75.67
0,75.67
0,75.72
0,75.7
0,75.72
0,75.72
0,75.72
0,75.78
0,75.82
0,75.84
0,75.82
0,75.82
0,75.81
0,75.82
0,75.88
0,75.88
0,75.88
0,75.9
0,75.9
0,75.87
0,75.9
0,75.87
0,75.84
0,75.84
0,75.86
0,75.87
0,75.87
0,75.85
0,75.84
0,75.83
0,75.83
0,75.87
0,75.84
0,75.84
0,75.84
0,75.86
0,75.86
0,75.84
0,75.84
0,75.88
0,75.9
0,75.94
0,75.95
0,75.91
0,75.91
0,75.88
0,75.89
0,75.86
0,75.84
0,75.82
0,75.81
0,75.82
0,75.78
0,75.76
0,75.74
0,75.74
0,75.82
0,75.75
0,75.72
0,75.69
0,75.71
0,75.69
0,75.68
0,75.66
0,75.65
0,75.65
0,75.62
0,75.6
0,75.59
0,75.6
0,75.62
0,75.66
0,75.63
0,75.65
0,75.6
0,75.6
0,75.57
0,75.58
0,75.59
0,75.57
0,75.59
0,75.62
0,75.64
0,75.62
0,75.66
0,75.71
0,75.71
0,75.68
0,75.73
0,75.69
0,75.68
0,75.68
0,75.65
0,75.62
0,75.62
0,75.64
0,75.68
0,75.68
0,75.66
0,75.7
0,75.77
0,75.82
0,75.9
0,75.9
0,75.92
0,75.83
0,75.83
0,75.79
0,75.78
0,75.72
0,75.71
0,75.69
0,75.71
0,75.68
0,75.66
0,75.62
0,75.68
0,75.66
0,75.67
0,75.65
0,75.68
0,75.71
0,75.74
0,75.74
0,75.76
0,75.76
0,75.76
0,75.8
0,75.78
0,75.82
0,75.82
0,75.85
0,75.91
0,75.89
0,75.9
0,75.86
0,75.85
0,75.94
0,75.89
0,75.87
0,75.87
0,75.81
0,75.79
0,75.88
0,76.05
0,76.04
0,76.15
0,76.08
0,76.06
0,75.96
0,75.9
0,75.89
0,75.88
0,75.9
0,75.92
0,75.94
0,75.98
0,75.96
0,75.97
0,76
0,76.1
0,76.18
0,76.22
0,76.25
0,76.34
0,76.37
0,76.44
0,76.54
0,76.44
0,76.45
0,76.6
0,76.34
0,76.45
0,76.54
0,76.43
0,76.4
0,76.27
0,76.34
0,76.28
0,76.32
0,76.25
0,76.37
0,76.4
0,76.46
0,76.44
0,76.38
0,76.36
0,76.38
0,76.48
0,76.46
0,76.46
0,76.36
0,76.38
0,76.38
0,76.44
0,76.39
0,76.45
0,76.5
0,76.52
0,76.52
0,76.54
0,76.53
0,76.46
0,76.49
0,76.47
0,76.46
0,76.51
0,76.5
0,76.52
0,76.52
0,76.52
0,76.57
0,76.54
0,76.57
0,76.58
0,76.56
0,76.54
0,76.53
0,76.53
0,76.5
0,76.48
0,76.53
0,76.48
0,76.45
0,76.4
0,76.34
0,76.34
0,76.35
0,76.34
0,76.34
0,76.35
0,76.32
0,76.35
0,76.37
0,76.4
0,76.36
0,76.34
0,76.31
0,76.36
0,76.42
0,76.4
0,76.46
0,76.44
0,76.46
0,76.42
0,76.43
0,76.44
0,76.44
0,76.47
0,76.5
0,76.53
0,76.6
0,76.59
0,76.65
0,76.64
0,76.67
0,76.63
0,76.64
0,76.63
0,76.59
0,76.66
0,76.71
0,76.75
0,76.75
0,76.73
0,76.78
0,76.73
0,76.72
0,76.72
0,76.74
0,76.78
0,76.82
0,76.78
0,76.8
0,76.81
0,76.79
0,76.78
0,76.83
0,76.82
0,76.84
0,76.82
0,76.82
0,76.84
0,76.83
0,76.9
0,76.88
0,76.92
0,76.96
0,76.98
0,76.96
0,76.92
0,76.9
0,76.92
0,76.94
0,76.97
0,76.92
0,76.91
0,76.92
0,76.93
0,76.94
0,76.94
0,76.94
0,76.96
0,76.94
0,76.94
0,76.92
0,76.97
0,76.94
0,76.93
0,76.88
0,76.85
0,76.91
0,76.9
0,76.93
0,76.96
0,76.93
0,76.93
0,76.98
0,76.94
0,76.96
0,76.94
0,76.96
0,76.94
0,76.84
0,76.86
0,76.88
0,76.9
0,76.92
0,76.92
0,76.91
0,76.86
0,76.85
0,76.9
0,76.9
0,76.94
0,76.94
0,76.9
0,76.9
0,76.91
0,76.95
0,76.94
0,77
0,77
0,77.03
0,77.02
0,77.05
0,77.04
0,77.06
0,77
0,76.96
0,76.94
0,76.95
0,76.95
0,76.94
0,76.97
0,76.98
0,76.97
0,76.96
0,76.96
0,76.99
0,77.02
0,76.97
0,76.97
0,76.97
0,76.94
0,76.96
0,76.98
0,76.96
0,76.96
0,76.94
0,76.91
0,76.94
0,76.98
0,76.97
0,76.96
0,76.96
0,76.97
0,76.94
0,76.93
0,76.92
0,76.94
0,76.91
0,76.9
0,76.9
0,76.94
0,76.93
0,76.91
0,76.91
0,76.89
0,76.88
0,76.88
0,76.94
0,76.91
0,76.9
0,76.88
0,76.87
0,76.86
0,76.87
0,76.88
0,76.88
0,76.89
0,76.87
0,76.87
0,76.87
0,76.89
0,76.9
0,76.9
0,76.89
0,76.91
0,76.94
0,76.93
0,76.94
0,76.94
0,76.91
0,76.91
0,76.93
0,76.92
0,76.94
0,76.91
0,76.94
0,76.94
0,76.9
0,76.9
0,76.86
0,76.88
0,76.88
0,76.91
0,76.92
0,76.92
0,76.94
0,76.94
0,76.93
0,76.94
0,76.95
0,77
0,76.99
0,77
0,76.98
0,77
0,76.97
0,77
0,76.97
0,76.95
0,76.96
0,76.96
0,76.98
0,76.97
0,76.96
0,76.96
0,76.93
0,76.92
0,76.9
0,76.88
0,76.87
0,76.87
0,76.88
0,76.9
0,76.94
0,76.98
0,76.99
0,76.94
0,76.97
0,76.94
0,76.94
0,76.9
0,76.9
0,76.9
0,76.9
0,76.93
0,76.93
0,76.94
0,76.87
0,76.89
0,76.88
0,76.84
0,76.8
0,76.81
0,76.79
0,76.76
0,76.76
0,76.78
0,76.77
0,76.77
0,76.78
0,76.79
0,76.79
0,76.84
0,76.82
0,76.84
0,76.82
0,76.79
0,76.78
0,76.81
0,76.82
0,76.87
0,76.9
0,76.9
0,76.94
0,76.95
0,76.96
0,76.94
0,76.92
0,76.86
0,76.87
0,76.88
0,76.92
0,76.95
0,76.94
0,76.94
0,76.94
0,76.97
0,76.99
0,77
0,76.98
0,77
0,77.02
0,77.02
0,77.02
0,77.02
0,76.97
0,76.94
0,77
0,77.01
0,77.06
0,77
0,76.98
0,76.98
0,76.97
0,76.96
0,76.92
0,76.98
0,76.98
0,77
0,76.98
0,77
0,77.03
0,77.02
0,77.01
0,77
0,77.06
0,77.06
0,77.01
0,77.03
0,77.03
0,76.99
0,76.96
0,76.91
0,76.96
0,76.95
0,77.02
0,76.94
0,76.93
0,76.97
0,77.03
0,77.18
0,77.02
0,77.06
0,76.66
0,76.57
0,76.73
0,76.76
0,76.75
0,76.76
0,76.84
0,76.98
0,76.89
0,76.99
0,76.9
0,77.15
0,76.95
0,76.97
0,76.98
0,77.06
0,76.97
0,77.13
0,77.1
0,77.12
0,77.1
0,77.1
0,77.16
0,77.14
0,77.11
0,77.1
0,77.08
0,77.06
0,77.12
0,77.1
0,77.05
0,77.06
0,77.09
0,77.1
0,77.14
0,77.14
0,77.14
0,77.2
0,77.19
0,77.2
0,77.15
0,77.24
0,77.22
0,77.24
0,77.28
0,77.28
0,77.25
0,77.18
0,77.17
0,77.14
0,77.18
0,77.18
0,77.22
0,77.25
0,77.29
0,77.32
0,77.34
0,77.3
0,77.33
0,77.34
0,77.3
0,77.28
0,77.33
0,77.29
0,77.29
0,77.31
0,77.26
0,77.28
0,77.31
0,77.3
0,77.4
0,77.47
0,77.52
0,77.59
0,77.6
0,77.6
0,77.59
0,77.51
0,77.47
0,77.51
0,77.48
0,77.46
0,77.44
0,77.4
0,77.39
0,77.46
0,77.47
0,77.49
0,77.46
0,77.43
0,77.44
0,77.46
0,77.4
0,77.42
0,77.5
0,77.52
0,77.46
0,77.47
0,77.6
0,77.48
0,77.42
0,77.41
0,77.38
0,77.44
0,77.5
0,77.52
0,77.46
0,77.34
0,77.32
0,77.28
0,77.29
0,77.24
0,77.26
0,77.28
0,77.22
0,77.15
0,77.18
0,77.17
0,77.22
0,77.18
0,77.18
0,77.22
0,77.24
0,77.28
0,77.24
0,77.3
0,77.38
0,77.46
0,77.4
0,77.41
0,77.39
0,77.29
0,77.38
0,77.37
0,77.39
0,77.36
0,77.33
0,77.35
0,77.32
0,77.34
0,77.36
0,77.37
0,77.42
0,77.38
0,77.41
0,77.4
0,77.41
0,77.35
0,77.35
0,77.36
0,77.37
0,77.38
0,77.37
0,77.38
0,77.38
0,77.34
0,77.32
0,77.29
0,77.34
0,77.31
0,77.31
0,77.28
0,77.29
0,77.3
0,77.29
0,77.34
0,77.31
0,77.31
0,77.31
0,77.31
0,77.32
0,77.33
0,77.32
0,77.31
0,77.34
0,77.34
0,77.32
0,77.34
0,77.36
0,77.36
0,77.36
0,77.4
0,77.4
0,77.44
0,77.42
0,77.45
0,77.43
0,77.4
0,77.44
0,77.42
0,77.48
0,77.52
0,77.48
0,77.47
0,77.47
0,77.5
0,77.53
0,77.54
0,77.52
0,77.51
0,77.48
0,77.5
0,77.47
0,77.44
0,77.46
0,77.5
0,77.46
0,77.48
0,77.44
0,77.42
0,77.37
0,77.4
0,77.41
0,77.44
0,77.4
0,77.35
0,77.38
0,77.37
0,77.39
0,77.42
0,77.4
0,77.4
0,77.43
0,77.43
0,77.42
0,77.42
0,77.42
0,77.4
0,77.41
0,77.42
0,77.41
0,77.4
0,77.46
0,77.47
0,77.43
0,77.43
0,77.38
0,77.41
0,77.43
0,77.41
0,77.41
0,77.42
0,77.4
0,77.34
0,77.3
0,77.3
0,77.28
0,77.28
0,77.26
0,77.24
0,77.24
0,77.24
0,77.24
0,77.24
0,77.24
0,77.24
0,77.22
0,77.22
0,77.25
0,77.33
0,77.28
0,77.32
0,77.34
0,77.32
0,77.32
0,77.31
0,77.32
0,77.32
0,77.29
0,77.3
0,77.31
0,77.33
0,77.38
0,77.31
0,77.32
0,77.3
0,77.31
0,77.32
0,77.34
0,77.26
0,77.32
0,77.34
0,77.28
0,77.26
0,77.24
0,77.25
0,77.28
0,77.25
0,77.24
0,77.22
0,77.19
0,77.17
0,77.18
0,77.18
0,77.22
0,77.22
0,77.22
0,77.21
0,77.21
0,77.19
0,77.19
0,77.21
0,77.23
0,77.24
0,77.24
0,77.25
0,77.24
0,77.22
0,77.22
0,77.24
0,77.23
0,77.19
0,77.24
0,77.22
0,77.21
0,77.18
0,77.19
0,77.16
0,77.16
0,77.2
0,77.2
0,77.22
0,77.24
0,77.25
0,77.25
0,77.24
0,77.26
0,77.25
0,77.25
0,77.24
0,77.23
0,77.22
0,77.22
0,77.21
0,77.21
0,77.21
0,77.24
0,77.24
0,77.26
0,77.42
0,77.52
0,77.45
0,77.41
0,77.42
0,77.45
0,77.46
0,77.47
0,77.47
0,77.52
0,77.52
0,77.56
0,77.54
0,77.59
0,77.57
0,77.52
0,77.46
0,77.7
0,77.58
0,77.62
0,77.6
0,77.54
0,77.56
0,77.54
0,77.52
0,77.52
0,77.53
0,77.5
0,77.49
0,77.5
0,77.49
0,77.52
0,77.57
0,77.59
0,77.59
0,77.64
0,77.61
0,77.64
0,77.65
0,77.67
0,77.7
0,77.75
0,77.78
0,77.74
0,77.72
0,77.69
0,77.75
0,77.84
0,78.08
0,77.69
0,77.69
0,77.79
0,77.81
0,77.68
0,77.6
0,77.54
0,77.55
0,77.5
0,77.43
0,77.49
0,77.47
0,77.34
0,77.44
0,77.34
0,77.45
0,77.37
0,77.42
0,77.34
0,77.35
0,77.42
0,77.44
0,77.51
0,77.43
0,77.39
0,77.5
0,77.46
0,77.46
0,77.38
0,77.38
0,77.38
0,77.37
0,77.4
0,77.34
0,77.32
0,77.32
0,77.25
0,77.28
0,77.19
0,77.26
0,77.19
0,77.3
0,77.3
0,77.35
0,77.35
0,77.37
0,77.31
0,77.32
0,77.33
0,77.34
0,77.32
0,77.35
0,77.35
0,77.3
0,77.34
0,77.35
0,77.36
0,77.38
0,77.34
0,77.3
0,77.26
0,77.27
0,77.25
0,77.26
0,77.26
0,77.3
0,77.3
0,77.29
0,77.31
0,77.26
0,77.26
0,77.22
0,77.22
0,77.17
0,77.2
0,77.23
0,77.21
0,77.26
0,77.27
0,77.25
0,77.28
0,77.25
0,77.24
0,77.22
0,77.24
0,77.28
0,77.29
0,77.26
0,77.3
0,77.32
0,77.3
0,77.24
0,77.23
0,77.2
0,77.19
0,77.21
0,77.19
0,77.16
0,77.13
0,77.12
0,77.09
0,77.14
0,77.09
0,77.12
0,77.12
0,77.14
0,77.16
0,77.19
0,77.28
0,77.28
0,77.3
0,77.28
0,77.28
0,77.27
0,77.32
0,77.29
0,77.25
0,77.28
0,77.28
0,77.28
0,77.29
0,77.25
0,77.24
0,77.19
0,77.15
0,77.18
0,77.2
0,77.21
0,77.18
0,77.24
0,77.24
0,77.22
0,77.24
0,77.23
0,77.24
0,77.24
0,77.24
0,77.19
0,77.22
0,77.24
0,77.21
0,77.22
0,77.22
0,77.24
0,77.23
0,77.24
0,77.25
0,77.25
0,77.26
0,77.31
0,77.32
0,77.35
0,77.34
0,77.39
0,77.38
0,77.31
0,77.34
0,77.36
0,77.37
0,77.4
0,77.38
0,77.29
0,77.34
0,77.31
0,77.31
0,77.34
0,77.34
0,77.33
0,77.34
0,77.37
0,77.35
0,77.38
0,77.4
0,77.37
0,77.36
0,77.35
0,77.37
0,77.37
0,77.37
0,77.38
0,77.38
0,77.34
0,77.36
0,77.34
0,77.35
0,77.29
0,77.32
0,77.28
0,77.29
0,77.26
0,77.29
0,77.31
0,77.32
0,77.25
0,77.3
0,77.26
0,77.22
0,77.24
0,77.19
0,77.18
0,77.18
0,77.08
0,77.08
0,77.06
0,77.04
0,77.03
0,77
0,76.96
0,76.96
0,76.94
0,76.92
0,77.02
0,76.96
0,76.99
0,77.01
0,77.03
0,77.1
0,77.15
0,77.19
0,77.12
0,77.08
0,77.06
0,77.1
0,77.14
0,77.1
0,77.12
0,77.1
0,77.15
0,77.16
0,77.18
0,77.18
0,77.16
0,77.2
0,77.18
0,77.19
0,77.22
0,77.19
0,77.09
0,77.1
0,77.1
0,77.03
0,77.05
0,77.03
0,77.01
0,77.01
0,76.93
0,76.91
0,76.96
0,76.96
0,76.98
0,76.97
0,76.98
0,77
0,76.97
0,76.94
0,76.98
0,76.96
0,76.94
0,76.9
0,76.92
0,76.93
0,76.94
0,76.93
0,76.92
0,76.92
0,76.94
0,76.93
0,76.92
0,76.91
0,76.91
0,76.94
0,76.96
0,76.95
0,76.91
0,76.92
0,76.96
0,76.94
0,76.97
0,76.97
0,76.97
0,76.97
0,77
0,76.98
0,77
0,76.98
0,77
0,77
0,76.99
0,77
0,77
0,76.98
0,77.01
0,77.02
0,77.01
0,77.06
0,77.07
0,77.02
0,76.99
0,77.01
0,77
0,76.97
0,76.94
0,76.91
0,76.9
0,76.85
0,76.87
0,76.88
0,76.85
0,76.85
0,76.83
0,76.85
0,76.82
0,76.84
0,76.85
0,76.82
0,76.78
0,76.78
0,76.79
0,76.78
0,76.78
0,76.83
0,76.88
0,76.9
0,76.88
0,76.9
0,76.87
0,76.91
0,76.87
0,76.85
0,76.9
0,76.9
0,76.91
0,76.93
0,76.91
0,76.94
0,76.94
0,76.91
0,76.88
0,76.84
0,76.87
0,76.88
0,76.89
0,76.88
0,76.94
0,76.96
0,76.95
0,76.95
0,76.93
0,76.93
0,76.93
0,76.87
0,76.82
0,76.8
0,76.74
0,76.68
0,76.67
0,76.68
0,76.68
0,76.66
0,76.65
0,76.59
0,76.61
0,76.65
0,76.64
0,76.68
0,76.65
0,76.68
0,76.74
0,76.7
0,76.74
0,76.74
0,76.8
0,76.78
0,76.81
0,76.79
0,76.79
0,76.78
0,76.74
0,76.66
0,76.68
0,76.68
0,76.68
0,76.71
0,76.72
0,76.68
0,76.74
0,76.78
0,76.85
0,76.81
0,76.68
0,76.76
0,76.88
0,76.94
0,76.96
0,76.91
0,76.97
0,76.84
0,76.91
0,77
0,77.08
0,77.04
0,77.03
0,77.11
0,77.18
0,77.11
0,77.18
0,77.12
0,77.15
0,77.09
0,77.04
0,77
0,77.03
0,76.98
0,76.99
0,77
0,76.94
0,76.87
0,76.85
0,76.82
0,76.88
0,76.89
0,76.82
0,76.84
0,76.78
0,76.78
0,76.74
0,76.68
0,76.63
0,76.62
0,76.69
0,76.74
0,76.75
0,76.81
0,76.82
0,76.79
0,76.81
0,76.83
0,76.81
0,76.86
0,76.89
0,76.85
0,76.85
0,76.8
0,76.87
0,76.88
0,76.9
0,76.88
0,76.88
0,76.88
0,76.84
0,76.85
0,76.8
0,76.78
0,76.74
0,76.74
0,76.72
0,76.7
0,76.64
0,76.65
0,76.65
0,76.69
0,76.68
0,76.69
0,76.7
0,76.63
0,76.62
0,76.61
0,76.54
0,76.54
0,76.52
0,76.5
0,76.49
0,76.48
0,76.49
0,76.46
0,76.48
0,76.39
0,76.41
0,76.4
0,76.4
0,76.38
0,76.36
0,76.33
0,76.46
0,76.52
0,76.48
0,76.4
0,76.46
0,76.5
0,76.53
0,76.52
0,76.52
0,76.52
0,76.51
0,76.51
0,76.54
0,76.51
0,76.53
0,76.56
0,76.53
0,76.57
0,76.65
0,76.62
0,76.62
0,76.6
0,76.66
0,76.72
0,76.72
0,76.72
0,76.79
0,76.7
0,76.66
0,76.7
0,76.69
0,76.63
0,76.68
0,76.74
0,76.71
0,76.68
0,76.68
0,76.66
0,76.66
0,76.68
0,76.57
0,76.45
0,76.48
0,76.43
0,76.46
0,76.48
0,76.47
0,76.43
0,76.4
0,76.42
0,76.46
0,76.4
0,76.4
0,76.44
0,76.46
0,76.44
0,76.52
0,76.54
0,76.57
0,76.6
0,76.57
0,76.59
0,76.65
0,76.64
0,76.59
0,76.6
0,76.6
0,76.6
0,76.62
0,76.62
0,76.57
0,76.6
0,76.62
0,76.59
0,76.62
0,76.64
0,76.6
0,76.62
0,76.63
0,76.61
0,76.61
0,76.59
0,76.63
0,76.62
0,76.58
0,76.6
0,76.6
0,76.6
0,76.59
0,76.59
0,76.61
0,76.6
0,76.6
0,76.59
0,76.56
0,76.52
0,76.55
0,76.57
0,76.54
0,76.52
0,76.57
0,76.58
0,76.62
0,76.61
0,76.65
0,76.63
0,76.66
0,76.66
0,76.64
0,76.64
0,76.62
0,76.62
0,76.6
0,76.67
0,76.66
0,76.68
0,76.68
0,76.68
0,76.66
0,76.63
0,76.56
0,76.57
0,76.56
0,76.63
0,76.64
0,76.62
0,76.62
0,76.66
0,76.64
0,76.65
0,76.61
0,76.61
0,76.59
0,76.6
0,76.59
0,76.6
0,76.61
0,76.6
0,76.6
0,76.59
0,76.59
0,76.56
0,76.58
0,76.59
0,76.56
0,76.59
0,76.59
0,76.58
0,76.56
0,76.62
0,76.62
0,76.63
0,76.65
0,76.62
0,76.65
0,76.64
0,76.65
0,76.66
0,76.64
0,76.64
0,76.62
0,76.61
0,76.59
0,76.6
0,76.6
0,76.62
0,76.6
0,76.6
0,76.6
0,76.57
0,76.6
0,76.58
0,76.63
0,76.62
0,76.62
0,76.66
0,76.62
0,76.6
0,76.62
0,76.6
0,76.55
0,76.56
0,76.54
0,76.54
0,76.52
0,76.54
0,76.56
0,76.53
0,76.55
0,76.54
0,76.51
0,76.48
0,76.52
0,76.51
0,76.5
0,76.48
0,76.47
0,76.46
0,76.49
0,76.5
0,76.49
0,76.46
0,76.49
0,76.48
0,76.49
0,76.48
0,76.5
0,76.51
0,76.5
0,76.5
0,76.47
0,76.48
0,76.47
0,76.5
0,76.46
0,76.45
0,76.48
0,76.49
0,76.48
0,76.52
0,76.55
0,76.56
0,76.6
0,76.57
0,76.62
0,76.65
0,76.62
0,76.62
0,76.63
0,76.68
0,76.69
0,76.72
0,76.71
0,76.66
0,76.66
0,76.61
0,76.59
0,76.59
0,76.55
0,76.5
0,76.56
0,76.56
0,76.56
0,76.56
0,76.53
0,76.56
0,76.54
0,76.59
0,76.59
0,76.55
0,76.52
0,76.54
0,76.55
0,76.6
0,76.56
0,76.55
0,76.57
0,76.56
0,76.52
0,76.5
0,76.53
0,76.54
0,76.49
0,76.51
0,76.5
0,76.5
0,76.52
0,76.53
0,76.59
0,76.57
0,76.59
0,76.58
0,76.59
0,76.6
0,76.56
0,76.53
0,76.47
0,76.47
0,76.55
0,76.57
0,76.61
0,76.56
0,76.63
0,76.6
0,76.6
0,76.64
0,76.71
0,76.67
0,76.71
0,76.71
0,76.68
0,76.74
0,77.05
0,77.06
0,77
0,77.06
0,77.34
0,77.26
0,77.43
0,77.37
0,77.31
0,77.28
0,77.26
0,77.14
0,77.22
0,77.18
0,77.17
0,77.23
0,77.16
0,77.16
0,77.14
0,77.13
0,77.13
0,77.13
0,77.18
0,77.13
0,77.13
0,77.04
0,76.99
0,77
0,77.05
0,77
0,77.05
0,77.15
0,77
0,76.94
0,76.91
0,76.94
0,76.88
0,76.93
0,76.88
0,76.88
0,76.86
0,76.79
0,76.82
0,76.82
0,76.76
0,76.78
0,76.75
0,76.78
0,76.75
0,76.75
0,76.71
0,76.64
0,76.66
0,76.66
0,76.64
0,76.67
0,76.68
0,76.62
0,76.64
0,76.66
0,76.69
0,76.69
0,76.66
0,76.62
0,76.62
0,76.66
0,76.66
0,76.72
0,76.75
0,76.72
0,76.72
0,76.76
0,76.74
0,76.76
0,76.73
0,76.72
0,76.78
0,76.76
0,76.74
0,76.74
0,76.73
0,76.69
0,76.68
0,76.69
0,76.74
0,76.69
0,76.75
0,76.74
0,76.7
0,76.72
0,76.74
0,76.72
0,76.69
0,76.64
0,76.65
0,76.65
0,76.68
0,76.65
0,76.68
0,76.68
0,76.66
0,76.62
0,76.69
0,76.69
0,76.66
0,76.63
0,76.66
0,76.67
0,76.72
0,76.69
0,76.74
0,76.77
0,76.77
0,76.8
0,76.84
0,76.84
0,76.81
0,76.8
0,76.75
0,76.74
0,76.74
0,76.71
0,76.7
0,76.68
0,76.72
0,76.72
0,76.74
0,76.72
0,76.75
0,76.7
0,76.66
0,76.66
0,76.69
0,76.68
0,76.68
0,76.71
0,76.7
0,76.68
0,76.66
0,76.68
0,76.69
0,76.68
0,76.67
0,76.66
0,76.65
0,76.66
0,76.66
0,76.66
0,76.66
0,76.63
0,76.66
0,76.65
0,76.66
0,76.72
0,76.78
0,76.82
0,76.78
0,76.78
0,76.78
0,76.76
0,76.81
0,76.79
0,76.8
0,76.82
0,76.84
0,76.82
0,76.83
0,76.82
0,76.84
0,76.82
0,76.81
0,76.82
0,76.82
0,76.82
0,76.84
0,76.84
0,76.81
0,76.78
0,76.79
0,76.81
0,76.82
0,76.82
0,76.79
0,76.78
0,76.82
0,76.81
0,76.78
0,76.76
0,76.75
0,76.76
0,76.78
0,76.78
0,76.77
0,76.78
0,76.78
0,76.78
0,76.76
0,76.75
0,76.74
0,76.74
0,76.73
0,76.72
0,76.7
0,76.71
0,76.72
0,76.69
0,76.72
0,76.69
0,76.69
0,76.68
0,76.69
0,76.68
0,76.67
0,76.66
0,76.67
0,76.66
0,76.68
0,76.74
0,76.75
0,76.75
0,76.77
0,76.78
0,76.76
0,76.73
0,76.73
0,76.67
0,76.69
0,76.68
0,76.68
0,76.68
0,76.69
0,76.7
0,76.69
0,76.68
0,76.68
0,76.68
0,76.71
0,76.74
0,76.74
0,76.74
0,76.73
0,76.73
0,76.71
0,76.72
0,76.73
0,76.74
0,76.72
0,76.72
0,76.72
0,76.68
0,76.69
0,76.69
0,76.71
0,76.7
0,76.71
0,76.68
0,76.69
0,76.7
0,76.72
0,76.72
0,76.71
0,76.75
0,76.76
0,76.73
0,76.73
0,76.73
0,76.72
0,76.73
0,76.76
0,76.75
0,76.76
0,76.75
0,76.78
0,76.77
0,76.76
0,76.73
0,76.75
0,76.72
0,76.71
0,76.74
0,76.74
0,76.72
0,76.72
0,76.73
0,76.73
0,76.74
0,76.74
0,76.73
0,76.73
0,76.73
0,76.67
0,76.68
0,76.66
0,76.66
0,76.66
0,76.66
0,76.6
0,76.6
0,76.61
0,76.61
0,76.62
0,76.64
0,76.65
0,76.66
0,76.67
0,76.64
0,76.68
0,76.68
0,76.67
0,76.68
0,76.64
0,76.6
0,76.55
0,76.57
0,76.57
0,76.55
0,76.55
0,76.57
0,76.56
0,76.59
0,76.6
0,76.62
0,76.59
0,76.57
0,76.58
0,76.58
0,76.56
0,76.6
0,76.6
0,76.63
0,76.66
0,76.62
0,76.65
0,76.61
0,76.58
0,76.6
0,76.62
0,76.62
0,76.62
0,76.57
0,76.56
0,76.54
0,76.54
0,76.57
0,76.56
0,76.54
0,76.56
0,76.58
0,76.59
0,76.59
0,76.62
0,76.6
0,76.58
0,76.58
0,76.56
0,76.56
0,76.56
0,76.56
0,76.53
0,76.58
0,76.6
0,76.59
0,76.62
0,76.63
0,76.65
0,76.69
0,76.68
0,76.68
0,76.72
0,76.71
0,76.71
0,76.72
0,76.72
0,76.74
0,76.71
0,76.75
0,76.78
0,76.76
0,76.77
0,76.74
0,76.75
0,76.76
0,76.74
0,76.76
0,76.79
0,76.77
0,76.83
0,76.87
0,76.9
0,76.7
0,76.78
0,76.71
0,76.78
0,76.82
0,76.84
0,76.86
0,76.84
0,76.81
0,76.74
0,76.65
0,76.68
0,76.86
0,76.92
0,77
0,77.05
0,77.03
0,77.06
0,77.1
0,77.13
0,77.16
0,77.1
0,77.12
0,77.16
0,77.18
0,77.18
0,77.24
0,77.27
0,77.3
0,77.34
0,77.39
0,77.43
0,77.47
0,77.38
0,77.44
0,77.54
0,77.52
0,77.5
0,77.52
0,77.5
0,77.5
0,77.5
0,77.44
0,77.48
0,77.53
0,77.56
0,77.56
0,77.55
0,77.65
0,77.56
0,77.56
0,77.51
0,77.47
0,77.56
0,77.52
0,77.56
0,77.46
0,77.49
0,77.46
0,77.52
0,77.51
0,77.46
0,77.39
0,77.38
0,77.38
0,77.37
0,77.35
0,77.31
0,77.28
0,77.31
0,77.38
0,77.38
0,77.34
0,77.36
0,77.35
0,77.34
0,77.32
0,77.33
0,77.37
0,77.36
0,77.33
0,77.38
0,77.37
0,77.34
0,77.25
0,77.23
0,77.21
0,77.26
0,77.21
0,77.25
0,77.24
0,77.22
0,77.26
0,77.24
0,77.26
0,77.27
0,77.24
0,77.22
0,77.22
0,77.26
0,77.25
0,77.31
0,77.27
0,77.29
0,77.25
0,77.22
0,77.24
0,77.27
0,77.25
0,77.28
0,77.3
0,77.3
0,77.29
0,77.36
0,77.29
0,77.33
0,77.32
0,77.29
0,77.3
0,77.28
0,77.29
0,77.29
0,77.32
0,77.31
0,77.27
0,77.28
0,77.31
0,77.26
0,77.25
0,77.24
0,77.28
0,77.28
0,77.26
0,77.32
0,77.29
0,77.3
0,77.24
0,77.24
0,77.24
0,77.22
0,77.26
0,77.32
0,77.32
0,77.38
0,77.35
0,77.38
0,77.4
0,77.37
0,77.34
0,77.32
0,77.33
0,77.35
0,77.37
0,77.38
0,77.31
0,77.34
0,77.34
0,77.34
0,77.31
0,77.32
0,77.31
0,77.32
0,77.32
0,77.3
0,77.28
0,77.31
0,77.31
0,77.29
0,77.32
0,77.32
0,77.31
0,77.31
0,77.32
0,77.29
0,77.24
0,77.22
0,77.22
0,77.19
0,77.21
0,77.22
0,77.19
0,77.18
0,77.18
0,77.19
0,77.24
0,77.24
0,77.19
0,77.21
0,77.16
0,77.19
0,77.15
0,77.18
0,77.18
0,77.16
0,77.18
0,77.14
0,77.13
0,77.13
0,77.12
0,77.13
0,77.17
0,77.16
0,77.15
0,77.16
0,77.16
0,77.15
0,77.15
0,77.13
0,77.11
0,77.11
0,77.07
0,77.1
0,77.09
0,77.07
0,77.08
0,77.09
0,77.1
0,77.08
0,77.1
0,77.1
0,77.09
0,77.09
0,77.07
0,77.07
0,77.06
0,77.06
0,77.07
0,77.07
0,77.04
0,77.02
0,77.01
0,76.98
0,76.98
0,77
0,77.01
0,77.04
0,77.02
0,77.03
0,77.03
0,77
0,76.98
0,76.98
0,76.97
0,76.97
0,76.91
0,76.88
0,76.9
0,76.91
0,76.93
0,76.93
0,76.96
0,76.93
0,76.95
0,76.95
0,76.95
0,76.94
0,76.91
0,76.9
0,76.87
0,76.9
0,76.87
0,76.88
0,76.9
0,76.9
0,76.93
0,76.94
0,76.94
0,76.97
0,76.96
0,76.95
0,76.96
0,77.27
0,77.25
0,77.26
0,77.29
0,77.35
0,77.36
0,77.38
0,77.37
0,77.47
0,77.39
0,77.42
0,77.42
0,77.52
0,77.56
0,77.57
0,77.62
0,77.68
0,77.68
0,77.63
0,77.71
0,77.74
0,77.8
0,77.82
0,77.78
0,77.79
0,77.78
0,77.76
0,77.76
0,77.71
0,77.71
0,77.78
0,77.67
0,77.65
0,77.65
0,77.66
0,77.63
0,77.62
0,77.64
0,77.68
0,77.67
0,77.61
0,77.62
0,77.57
0,77.6
0,77.58
0,77.57
0,77.61
0,77.63
0,77.63
0,77.6
0,77.57
0,77.62
0,77.71
0,77.76
0,77.75
0,77.75
0,77.78
0,77.82
0,77.82
0,77.88
0,77.82
0,77.82
0,77.76
0,77.74
0,77.71
0,77.67
0,77.68
0,77.71
0,77.68
0,77.63
0,77.58
0,77.6
0,77.56
0,77.52
0,77.5
0,77.5
0,77.51
0,77.54
0,77.56
0,77.56
0,77.56
0,77.49
0,77.52
0,77.48
0,77.45
0,77.44
0,77.45
0,77.5
0,77.48
0,77.43
0,77.37
0,77.35
0,77.32
0,77.25
0,77.23
0,77.27
0,77.26
0,77.3
0,77.39
0,77.35
0,77.32
0,77.32
0,77.31
0,77.31
0,77.25
0,77.37
0,77.4
0,77.39
0,77.36
0,77.4
0,77.38
0,77.35
0,77.28
0,77.31
0,77.32
0,77.29
0,77.23
0,77.18
0,77.17
0,77.24
0,76.91
0,77.06
0,77.09
0,77.03
0,77.16
0,77.12
0,77
0,77.09
0,77.07
0,77.19
0,77.22
0,77.19
0,77.24
0,77.22
0,77.22
0,77.16
0,77.16
0,77.11
0,77.1
0,77.05
0,77.04
0,77.12
0,77.18
0,77.16
0,77.24
0,77.2
0,77.16
0,77.22
0,77.19
0,77.22
0,77.31
0,77.37
0,77.32
0,77.42
0,77.4
0,77.41
0,77.4
0,77.5
0,77.55
0,77.53
0,77.49
0,77.5
0,77.48
0,77.52
0,77.53
0,77.56
0,77.54
0,77.52
0,77.53
0,77.51
0,77.52
0,77.48
0,77.56
0,77.59
0,77.54
0,77.62
0,77.62
0,77.68
0,77.67
0,77.72
0,77.74
0,77.72
0,77.73
0,77.76
0,77.75
0,77.77
0,77.76
0,77.79
0,77.79
0,77.84
0,77.88
0,77.93
0,77.91
0,77.88
0,77.88
0,77.87
0,77.84
0,77.84
0,77.82
0,77.82
0,77.82
0,77.88
0,77.85
0,77.82
0,77.85
0,77.86
0,77.88
0,77.88
0,77.84
0,77.89
0,77.96
0,77.97
0,78.02
0,78.03
0,78
0,78.06
0,78.02
0,78.05
0,78.09
0,78.14
0,78.14
0,78.16
0,78.18
0,78.16
0,78.23
0,78.24
0,78.25
0,78.25
0,78.26
0,78.29
0,78.31
0,78.31
0,78.36
0,78.37
0,78.34
0,78.34
0,78.38
0,78.41
0,78.43
0,78.4
0,78.42
0,78.4
0,78.41
0,78.44
0,78.43
0,78.42
0,78.44
0,78.4
0,78.35
0,78.38
0,78.43
0,78.41
0,78.44
0,78.43
0,78.46
0,78.5
0,78.5
0,78.53
0,78.55
0,78.56
0,78.63
0,78.66
0,78.64
0,78.65
0,78.66
0,78.7
0,78.69
0,78.72
0,78.76
0,78.84
0,78.87
0,78.87
0,78.81
0,78.82
0,78.79
0,78.85
0,78.81
0,78.79
0,78.83
0,78.82
0,78.77
0,78.82
0,78.78
0,78.83
0,78.84
0,78.87
0,78.85
0,78.84
0,78.84
0,78.85
0,78.87
0,78.87
0,78.82
0,78.84
0,78.81
0,78.78
0,78.77
0,78.78
0,78.83
0,78.78
0,78.76
0,78.78
0,78.75
0,78.68
0,78.72
0,78.67
0,78.66
0,78.68
0,78.72
0,78.73
0,78.72
0,78.74
0,78.72
0,78.71
0,78.6
0,78.59
0,78.58
0,78.5
0,78.5
0,78.48
0,78.48
0,78.5
0,78.53
0,78.56
0,78.54
0,78.54
0,78.52
0,78.52
0,78.52
0,78.5
0,78.53
0,78.53
0,78.57
0,78.56
0,78.61
0,78.6
0,78.57
0,78.62
0,78.65
0,78.64
0,78.66
0,78.62
0,78.54
0,78.53
0,78.56
0,78.59
0,78.61
0,78.57
0,78.56
0,78.53
0,78.55
0,78.57
0,78.56
0,78.54
0,78.57
0,78.55
0,78.54
0,78.49
0,78.52
0,78.53
0,78.53
0,78.5
0,78.5
0,78.5
0,78.52
0,78.51
0,78.53
0,78.54
0,78.56
0,78.59
0,78.6
0,78.59
0,78.6
0,78.64
0,78.6
0,78.56
0,78.6
0,78.62
0,78.63
0,78.63
0,78.63
0,78.68
0,78.7
0,78.72
0,78.74
0,78.72
0,78.76
0,78.74
0,78.79
0,78.84
0,78.87
0,78.86
0,78.79
0,78.74
0,78.74
0,78.74
0,78.73
0,78.69
0,78.74
0,78.73
0,78.76
0,78.77
0,78.72
0,78.75
0,78.76
0,78.74
0,78.72
0,78.74
0,78.78
0,78.81
0,78.84
0,78.82
0,78.82
0,78.81
0,78.84
0,78.85
0,78.84
0,78.82
0,78.8
0,78.81
0,78.76
0,78.75
0,78.68
0,78.68
0,78.66
0,78.68
0,78.7
0,78.68
0,78.71
0,78.71
0,78.7
0,78.71
0,78.72
0,78.72
0,78.69
0,78.72
0,78.71
0,78.73
0,78.76
0,78.75
0,78.76
0,78.77
0,78.78
0,78.84
0,78.82
0,78.83
0,78.8
0,78.79
0,78.77
0,78.78
0,78.72
0,78.74
0,78.76
0,78.78
0,78.75
0,78.72
0,78.75
0,78.78
0,78.76
0,78.78
0,78.76
0,78.74
0,78.72
0,78.74
0,78.76
0,78.78
0,78.76
0,78.8
0,78.82
0,78.87
0,78.93
0,78.94
0,78.99
0,78.99
0,79
0,78.97
0,78.97
0,78.94
0,78.95
0,78.95
0,78.94
0,78.97
0,78.93
0,78.92
0,78.94
0,78.94
0,78.92
0,78.94
0,79.07
0,79.07
0,79.24
0,79.31
0,79.28
0,79.28
0,79.19
0,79.3
0,79.32
0,79.32
0,79.28
0,79.28
0,79.32
0,79.32
0,79.39
0,79.44
0,79.47
0,79.54
0,79.6
0,79.54
0,79.47
0,14.27
0,14.27
0,14.25
0,14.19
0,14.22
0,14.21
0,14.16
0,14.17
0,14.18
0,14.22
0,14.26
0,14.24
0,14.24
0,14.23
0,14.24
0,14.23
0,14.24
0,14.25
0,14.24
0,14.22
0,14.21
0,14.22
0,14.22
0,14.18
0,14.16
0,14.16
0,14.13
0,14.12
0,14.12
0,14.12
0,14.12
0,14.12
0,14.15
0,14.15
0,14.14
0,14.16
0,14.18
0,14.19
0,14.18
0,14.21
0,14.24
0,14.24
0,14.21
0,14.23
0,14.22
0,14.22
0,14.18
0,14.19
0,14.18
0,14.18
0,14.18
0,14.18
0,14.17
0,14.18
0,14.17
0,14.17
0,14.21
0,14.18
0,14.18
0,14.16
0,14.15
0,14.16
0,14.14
0,14.14
0,14.14
0,14.16
0,14.16
0,14.16
0,14.18
0,14.18
0,14.18
0,14.2
0,14.2
0,14.21
0,14.23
0,14.23
0,14.21
0,14.21
0,14.2
0,14.18
0,14.16
0,14.16
0,14.18
0,14.2
0,14.2
0,14.22
0,14.22
0,14.24
0,14.23
0,14.24
0,14.22
0,14.22
0,14.2
0,14.21
0,14.2
0,14.24
0,14.24
0,14.24
0,14.24
0,14.22
0,14.23
0,14.24
0,14.24
0,14.26
0,14.28
0,14.27
0,14.28
0,14.3
0,14.28
0,14.28
0,14.31
0,14.3
0,14.3
0,14.28
0,14.27
0,14.28
0,14.28
0,14.26
0,14.25
0,14.24
0,14.24
0,14.23
0,14.24
0,14.25
0,14.26
0,14.26
0,14.24
0,14.22
0,14.2
0,14.23
0,14.24
0,14.26
0,14.26
0,14.28
0,14.27
0,14.26
0,14.25
0,14.27
0,14.27
0,14.26
0,14.24
0,14.22
0,14.23
0,14.22
0,14.22
0,14.22
0,14.22
0,14.23
0,14.21
0,14.2
0,14.2
0,14.19
0,14.2
0,14.21
0,14.2
0,14.2
0,14.18
0,14.18
0,14.19
0,14.19
0,14.2
0,14.19
0,14.18
0,14.18
0,14.18
0,14.18
0,14.16
0,14.18
0,14.18
0,14.18
0,14.18
0,14.18
0,14.18
0,14.18
0,14.19
0,14.18
0,14.16
0,14.18
0,14.18
0,14.18
0,14.19
0,14.2
0,14.19
0,14.18
0,14.18
0,14.18
0,14.18
0,14.2
0,14.22
0,14.22
0,14.2
0,14.2
0,14.2
0,14.21
0,14.22
0,14.22
0,14.22
0,14.22
0,14.24
0,14.23
0,14.24
0,14.25
0,14.27
0,14.28
0,14.27
0,14.25
0,14.25
0,14.25
0,14.25
0,14.24
0,14.21
0,14.22
0,14.25
0,14.24
0,14.25
0,14.25
0,14.25
0,14.25
0,14.25
0,14.25
0,14.26
0,14.26
0,14.25
0,14.25
0,14.25
0,14.24
0,14.24
0,14.24
0,14.24
0,14.25
0,14.24
0,14.24
0,14.24
0,14.23
0,14.22
0,14.22
0,14.22
0,14.24
0,14.24
0,14.24
0,14.23
0,14.22
0,14.24
0,14.22
0,14.23
0,14.23
0,14.21
0,14.2
0,14.2
0,14.21
0,14.2
0,14.18
0,14.18
0,14.18
0,14.16
0,14.18
0,14.2
0,14.2
0,14.22
0,14.2
0,14.22
0,14.22
0,14.24
0,14.24
0,14.23
0,14.22
0,14.22
0,14.22
0,14.25
0,14.26
0,14.25
0,14.24
0,14.25
0,14.25
0,14.24
0,14.24
0,14.22
0,14.23
0,14.23
0,14.22
0,14.22
0,14.23
0,14.24
0,14.24
0,14.23
0,14.24
0,14.24
0,14.24
0,14.24
0,14.24
0,14.24
0,14.25
0,14.23
0,14.22
0,14.22
0,14.24
0,14.23
0,14.24
0,14.22
0,14.22
0,14.22
0,14.22
0,14.2
0,14.2
0,14.18
0,14.2
0,14.22
0,14.22
0,14.2
0,14.18
0,14.2
0,14.18
0,14.18
0,14.21
0,14.18
0,14.2
0,14.23
0,14.21
0,14.21
0,14.2
0,14.2
0,14.2
0,14.21
0,14.22
0,14.21
0,14.18
0,14.17
0,14.15
0,14.14
0,14.14
0,14.16
0,14.17
0,14.18
0,14.16
0,14.16
0,14.16
0,14.14
0,14.15
0,14.14
0,14.14
0,14.15
0,14.17
0,14.2
0,14.19
0,14.2
0,14.18
0,14.18
0,14.18
0,14.17
0,14.11
0,14.11
0,14.1
0,14.11
0,14.17
0,14.19
0,14.22
0,14.23
0,14.25
0,14.26
0,14.24
0,14.27
0,14.28
0,14.3
0,14.28
0,14.28
0,14.28
0,14.28
0,14.28
0,14.26
0,14.25
0,14.23
0,14.22
0,14.21
0,14.2
0,14.21
0,14.18
0,14.17
0,14.18
0,14.16
0,14.15
0,14.16
0,14.17
0,14.16
0,14.13
0,14.12
0,14.12
0,14.09
0,14.06
0,14.07
0,14.06
0,14.04
0,14.02
0,14.05
0,14.09
0,14.1
0,14.12
0,14.14
0,14.16
0,14.15
0,14.13
0,14.14
0,14.14
0,14.13
0,14.13
0,14.11
0,14.12
0,14.12
0,14.1
0,14.1
0,14.09
0,14.09
0,14.1
0,14.09
0,14.02
0,14.01
0,14.06
0,14.04
0,14.04
0,14.02
0,14.02
0,14.04
0,14.02
0,14.01
0,14.02
0,14.02
0,14.02
0,14
0,13.98
0,13.99
0,13.98
0,13.99
0,14
0,13.99
0,13.99
0,13.99
0,14
0,14.03
0,14.04
0,14.06
0,14.07
0,14.09
0,14.1
0,14.11
0,14.12
0,14.12
0,14.12
0,14.1
0,14.12
0,14.12
0,14.11
0,14.12
0,14.11
0,14.12
0,14.14
0,14.14
0,14.13
0,14.12
0,14.14
0,14.14
0,14.14
0,14.14
0,14.14
0,14.16
0,14.18
0,14.22
0,14.22
0,14.25
0,14.26
0,14.28
0,14.28
0,14.3
0,14.3
0,14.32
0,14.3
0,14.28
0,14.3
0,14.32
0,14.3
0,14.3
0,14.28
0,14.24
0,14.24
0,14.22
0,14.22
0,14.22
0,14.22
0,14.21
0,14.22
0,14.19
0,14.16
0,14.19
0,14.16
0,14.16
0,14.15
0,14.18
0,14.18
0,14.18
0,14.2
0,14.2
0,14.22
0,14.23
0,14.24
0,14.24
0,14.24
0,14.27
0,14.26
0,14.29
0,14.3
0,14.28
0,14.27
0,14.28
0,14.3
0,14.29
0,14.3
0,14.3
0,14.31
0,14.31
0,14.3
0,14.28
0,14.28
0,14.29
0,14.28
0,14.26
0,14.25
0,14.25
0,14.26
0,14.29
0,14.3
0,14.31
0,14.3
0,14.31
0,14.32
0,14.3
0,14.32
0,14.31
0,14.31
0,14.32
0,14.32
0,14.32
0,14.31
0,14.29
0,14.27
0,14.28
0,14.3
0,14.28
0,14.28
0,14.26
0,14.26
0,14.28
0,14.27
0,14.27
0,14.22
0,14.21
0,14.2
0,14.21
0,14.22
0,14.21
0,14.24
0,14.25
0,14.26
0,14.27
0,14.25
0,14.26
0,14.26
0,14.26
0,14.26
0,14.27
0,14.27
0,14.28
0,14.29
0,14.3
0,14.31
0,14.32
0,14.32
0,14.32
0,14.32
0,14.32
0,14.31
0,14.3
0,14.29
0,14.3
0,14.29
0,14.3
0,14.32
0,14.3
0,14.3
0,14.29
0,14.3
0,14.3
0,14.3
0,14.3
0,14.3
0,14.3
0,14.32
0,14.3
0,14.3
0,14.32
0,14.34
0,14.33
0,14.34
0,14.35
0,14.34
0,14.36
0,14.35
0,14.34
0,14.34
0,14.32
0,14.33
0,14.35
0,14.35
0,14.36
0,14.36
0,14.31
0,14.32
0,14.34
0,14.35
0,14.33
0,14.36
0,14.36
0,14.33
0,14.33
0,14.31
0,14.31
0,14.29
0,14.29
0,14.28
0,14.29
0,14.27
0,14.28
0,14.29
0,14.3
0,14.28
0,14.27
0,14.26
0,14.24
0,14.23
0,14.22
0,14.21
0,14.21
0,14.2
0,14.22
0,14.22
0,14.21
0,14.24
0,14.22
0,14.21
0,14.22
0,14.22
0,14.24
0,14.24
0,14.24
0,14.22
0,14.21
0,14.22
0,14.22
0,14.22
0,14.21
0,14.22
0,14.2
0,14.2
0,14.2
0,14.2
0,14.22
0,14.23
0,14.21
0,14.22
0,14.24
0,14.26
0,14.25
0,14.26
0,14.25
0,14.24
0,14.25
0,14.24
0,14.25
0,14.26
0,14.29
0,14.29
0,14.25
0,14.24
0,14.23
0,14.25
0,14.25
0,14.25
0,14.24
0,14.22
0,14.22
0,14.2
0,14.18
0,14.2
0,14.21
0,14.22
0,14.22
0,14.26
0,14.3
0,14.36
0,14.35
0,14.37
0,14.39
0,14.4
0,14.38
0,14.41
0,14.39
0,14.4
0,14.4
0,14.4
0,14.4
0,14.38
0,14.38
0,14.4
0,14.42
0,14.44
0,14.45
0,14.45
0,14.48
0,14.5
0,14.48
0,14.5
0,14.5
0,14.54
0,14.54
0,14.56
0,14.56
0,14.58
0,14.59
0,14.59
0,14.58
0,14.58
0,14.59
0,14.59
0,14.58
0,14.59
0,14.59
0,14.59
0,14.58
0,14.57
0,14.54
0,14.53
0,14.52
0,14.56
0,14.58
0,14.6
0,14.59
0,14.61
0,14.62
0,14.62
0,14.64
0,14.65
0,14.68
0,14.67
0,14.67
0,14.66
0,14.64
0,14.65
0,14.64
0,14.66
0,14.66
0,14.65
0,14.66
0,14.65
0,14.66
0,14.68
0,14.69
0,14.65
0,14.66
0,14.66
0,14.66
0,14.66
0,14.66
0,14.66
0,14.66
0,14.64
0,14.65
0,14.64
0,14.66
0,14.65
0,14.66
0,14.69
0,14.7
0,14.72
0,14.71
0,14.7
0,14.68
0,14.68
0,14.68
0,14.7
0,14.7
0,14.7
0,14.67
0,14.65
0,14.64
0,14.66
0,14.68
0,14.68
0,14.66
0,14.66
0,14.64
0,14.63
0,14.64
0,14.63
0,14.62
0,14.64
0,14.64
0,14.64
0,14.67
0,14.69
0,14.68
0,14.68
0,14.66
0,14.65
0,14.66
0,14.69
0,14.7
0,14.7
0,14.68
0,14.7
0,14.7
0,14.7
0,14.72
0,14.72
0,14.72
0,14.74
0,14.75
0,14.72
0,14.72
0,14.72
0,14.71
0,14.7
0,14.68
0,14.68
0,14.67
0,14.68
0,14.69
0,14.7
0,14.68
0,14.7
0,14.72
0,14.71
0,14.7
0,14.72
0,14.72
0,14.72
0,14.74
0,14.73
0,14.74
0,14.74
0,14.73
0,14.74
0,14.74
0,14.72
0,14.73
0,14.72
0,14.72
0,14.74
0,14.74
0,14.72
0,14.7
0,14.71
0,14.72
0,14.72
0,14.72
0,14.74
0,14.75
0,14.75
0,14.78
0,14.77
0,14.79
0,14.78
0,14.78
0,14.77
0,14.75
0,14.76
0,14.77
0,14.78
0,14.78
0,14.78
0,14.8
0,14.8
0,14.8
0,14.8
0,14.8
0,14.78
0,14.78
0,14.78
0,14.78
0,14.77
0,14.75
0,14.75
0,14.77
0,14.77
0,14.76
0,14.74
0,14.74
0,14.74
0,14.73
0,14.72
0,14.72
0,14.72
0,14.72
0,14.72
0,14.71
0,14.69
0,14.69
0,14.69
0,14.7
0,14.69
0,14.7
0,14.71
0,14.68
0,14.68
0,14.68
0,14.66
0,14.64
0,14.65
0,14.64
0,14.63
0,14.62
0,14.62
0,14.63
0,14.62
0,14.62
0,14.62
0,14.65
0,14.65
0,14.66
0,14.66
0,14.65
0,14.66
0,14.65
0,14.64
0,14.66
0,14.67
0,14.65
0,14.65
0,14.66
0,14.66
0,14.65
0,14.64
0,14.62
0,14.63
0,14.61
0,14.62
0,14.62
0,14.6
0,14.6
0,14.6
0,14.6
0,14.59
0,14.59
0,14.6
0,14.6
0,14.61
0,14.61
0,14.6
0,14.6
0,14.6
0,14.62
0,14.61
0,14.62
0,14.6
0,14.59
0,14.58
0,14.59
0,14.59
0,14.6
0,14.58
0,14.59
0,14.58
0,14.58
0,14.58
0,14.58
0,14.59
0,14.62
0,14.62
0,14.61
0,14.62
0,14.64
0,14.63
0,14.64
0,14.62
0,14.63
0,14.62
0,14.62
0,14.61
0,14.62
0,14.62
0,14.61
0,14.6
0,14.59
0,14.6
0,14.6
0,14.59
0,14.59
0,14.6
0,14.61
0,14.63
0,14.63
0,14.64
0,14.63
0,14.61
0,14.61
0,14.6
0,14.59
0,14.59
0,14.62
0,14.62
0,14.61
0,14.6
0,14.59
0,14.6
0,14.62
0,14.62
0,14.62
0,14.62
0,14.6
0,14.56
0,14.62
0,14.66
0,14.66
0,14.62
0,14.63
0,14.61
0,14.64
0,14.63
0,14.65
0,14.68
0,14.72
0,14.7
0,14.7
0,14.71
0,14.73
0,14.73
0,14.71
0,14.7
0,14.71
0,14.7
0,14.66
0,14.64
0,14.62
0,14.65
0,14.64
0,14.63
0,14.64
0,14.64
0,14.65
0,14.68
0,14.69
0,14.7
0,14.72
0,14.73
0,14.73
0,14.74
0,14.75
0,14.74
0,14.75
0,14.77
0,14.77
0,14.76
0,14.77
0,14.77
0,14.78
0,14.78
0,14.77
0,14.72
0,14.7
0,14.69
0,14.69
0,14.7
0,14.7
0,14.7
0,14.74
0,14.74
0,14.74
0,14.75
0,14.73
0,14.75
0,14.76
0,14.77
0,14.75
0,14.78
0,14.77
0,14.77
0,14.78
0,14.77
0,14.78
0,14.77
0,14.8
0,14.79
0,14.8
0,14.8
0,14.82
0,14.8
0,14.8
0,14.8
0,14.81
0,14.82
0,14.81
0,14.8
0,14.81
0,14.8
0,14.81
0,14.8
0,14.79
0,14.78
0,14.8
0,14.79
0,14.78
0,14.78
0,14.74
0,14.74
0,14.74
0,14.76
0,14.76
0,14.76
0,14.76
0,14.77
0,14.78
0,14.78
0,14.79
0,14.78
0,14.78
0,14.78
0,14.77
0,14.77
0,14.76
0,14.76
0,14.77
0,14.78
0,14.76
0,14.74
0,14.74
0,14.76
0,14.76
0,14.78
0,14.8
0,14.79
0,14.79
0,14.8
0,14.79
0,14.78
0,14.77
0,14.78
0,14.79
0,14.8
0,14.8
0,14.79
0,14.78
0,14.77
0,14.8
0,14.79
0,14.79
0,14.78
0,14.78
0,14.78
0,14.75
0,14.75
0,14.75
0,14.75
0,14.76
0,14.76
0,14.75
0,14.77
0,14.78
0,14.76
0,14.78
0,14.79
0,14.77
0,14.78
0,14.79
0,14.78
0,14.79
0,14.78
0,14.79
0,14.79
0,14.78
0,14.79
0,14.8
0,14.8
0,14.8
0,14.8
0,14.79
0,14.77
0,14.78
0,14.78
0,14.8
0,14.79
0,14.78
0,14.82
0,14.8
0,14.8
0,14.8
0,14.81
0,14.82
0,14.81
0,14.82
0,14.82
0,14.83
0,14.82
0,14.84
0,14.82
0,14.82
0,14.84
0,14.82
0,14.83
0,14.83
0,14.82
0,14.84
0,14.85
0,14.83
0,14.82
0,14.81
0,14.84
0,14.84
0,14.83
0,14.82
0,14.82
0,14.8
0,14.81
0,14.8
0,14.79
0,14.8
0,14.79
0,14.78
0,14.77
0,14.75
0,14.73
0,14.74
0,14.75
0,14.72
0,14.72
0,14.72
0,14.72
0,14.73
0,14.72
0,14.72
0,14.7
0,14.71
0,14.72
0,14.72
0,14.71
0,14.7
0,14.7
0,14.71
0,14.72
0,14.71
0,14.71
0,14.72
0,14.71
0,14.72
0,14.7
0,14.68
0,14.67
0,14.69
0,14.68
0,14.69
0,14.68
0,14.7
0,14.71
0,14.72
0,14.72
0,14.74
0,14.74
0,14.72
0,14.74
0,14.77
0,14.76
0,14.75
0,14.76
0,14.75
0,14.76
0,14.75
0,14.75
0,14.77
0,14.78
0,14.78
0,14.77
0,14.75
0,14.75
0,14.76
0,14.77
0,14.76
0,14.75
0,14.76
0,14.77
0,14.78
0,14.79
0,14.8
0,14.79
0,14.77
0,14.78
0,14.75
0,14.74
0,14.88
0,14.89
0,14.89
0,14.86
0,14.82
0,14.83
0,14.84
0,14.86
0,14.88
0,14.88
0,14.86
0,14.88
0,14.9
0,14.91
0,14.93
0,14.9
0,14.88
0,14.86
0,14.8
0,14.81
0,14.8
0,14.78
0,14.8
0,14.77
0,14.78
0,14.8
0,14.79
0,14.78
0,14.8
0,14.8
0,14.81
0,14.81
0,14.82
0,14.82
0,14.83
0,14.84
0,14.83
0,14.84
0,14.83
0,14.82
0,14.8
0,14.81
0,14.79
0,14.78
0,14.78
0,14.8
0,14.79
0,14.79
0,14.79
0,14.8
0,14.81
0,14.8
0,14.82
0,14.83
0,14.82
0,14.84
0,14.84
0,14.83
0,14.83
0,14.83
0,14.86
0,14.85
0,14.86
0,14.86
0,14.86
0,14.86
0,14.85
0,14.84
0,14.85
0,14.85
0,14.83
0,14.84
0,14.84
0,14.84
0,14.83
0,14.84
0,14.84
0,14.84
0,14.84
0,14.86
0,14.88
0,14.88
0,14.87
0,14.86
0,14.86
0,14.86
0,14.86
0,14.86
0,14.88
0,14.9
0,14.91
0,14.93
0,14.91
0,14.9
0,14.93
0,14.94
0,14.94
0,14.92
0,14.91
0,14.94
0,14.91
0,14.93
0,14.91
0,14.91
0,14.91
0,14.9
0,14.9
0,14.9
0,14.89
0,14.9
0,14.88
0,14.88
0,14.89
0,14.88
0,14.88
0,14.88
0,14.88
0,14.88
0,14.9
0,14.9
0,14.87
0,14.88
0,14.88
0,14.88
0,14.88
0,14.86
0,14.87
0,14.87
0,14.88
0,14.88
0,14.88
0,14.89
0,14.88
0,14.87
0,14.88
0,14.86
0,14.86
0,14.86
0,14.86
0,14.86
0,14.85
0,14.85
0,14.85
0,14.86
0,14.86
0,14.86
0,14.86
0,14.87
0,14.87
0,14.88
0,14.88
0,14.88
0,14.88
0,14.88
0,14.89
0,14.87
0,14.87
0,14.87
0,14.88
0,14.88
0,14.88
0,14.88
0,14.88
0,14.88
0,14.88
0,14.85
0,14.83
0,14.82
0,14.82
0,14.84
0,14.85
0,14.86
0,14.85
0,14.86
0,14.86
0,14.87
0,14.9
0,14.89
0,14.9
0,14.9
0,14.9
0,14.9
0,14.9
0,14.91
0,14.9
0,14.91
0,14.9
0,14.9
0,14.9
0,14.9
0,14.9
0,14.9
0,14.91
0,14.91
0,14.91
0,14.92
0,14.93
0,14.92
0,14.93
0,14.92
0,14.92
0,14.94
0,14.94
0,14.94
0,14.95
0,14.94
0,14.94
0,14.94
0,14.94
0,14.94
0,14.95
0,14.94
0,14.94
0,14.96
0,14.96
0,14.94
0,14.94
0,14.94
0,14.95
0,14.96
0,14.95
0,14.96
0,14.98
0,14.98
0,14.98
0,15
0,14.98
0,14.99
0,14.99
0,15.02
0,15.02
0,15.02
0,15.02
0,15
0,15
0,15
0,15
0,15
0,15.01
0,15
0,15
0,15.02
0,15.02
0,15.01
0,15
0,14.99
0,15
0,15
0,15.01
0,15.01
0,15.02
0,15.02
0,15.02
0,15.02
0,15.02
0,15.02
0,15.04
0,15.04
0,15.02
0,15.02
0,15.02
0,15.03
0,15.04
0,15.05
0,15.05
0,15.04
0,15.05
0,15.06
0,15.08
0,15.08
0,15.07
0,15.12
0,15.14
0,15.14
0,15.15
0,15.16
0,15.14
0,15.15
0,15.12
0,15.14
0,15.12
0,15.1
0,15.11
0,15.1
0,15.09
0,15.13
0,15.12
0,15.1
0,15.09
0,15.1
0,15.09
0,15.1
0,15.1
0,15.1
0,15.14
0,15.14
0,15.16
0,15.15
0,15.16
0,15.18
0,15.18
0,15.22
0,15.18
0,15.18
0,15.18
0,15.2
0,15.22
0,15.2
0,15.2
0,15.24
0,15.24
0,15.23
0,15.24
0,15.24
0,15.22
0,15.21
0,15.2
0,15.19
0,15.18
0,15.18
0,15.16
0,15.16
0,15.16
0,15.15
0,15.14
0,15.15
0,15.16
0,15.18
0,15.16
0,15.14
0,15.14
0,15.14
0,15.14
0,15.14
0,15.12
0,15.12
0,15.14
0,15.13
0,15.14
0,15.12
0,15.11
0,15.1
0,15.1
0,15.09
0,15.1
0,15.11
0,15.12
0,15.14
0,15.16
0,15.14
0,15.16
0,15.19
0,15.21
0,15.22
0,15.24
0,15.24
0,15.23
0,15.24
0,15.22
0,15.22
0,15.23
0,15.24
0,15.23
0,15.24
0,15.24
0,15.24
0,15.22
0,15.22
0,15.22
0,15.22
0,15.2
0,15.22
0,15.22
0,15.21
0,15.22
0,15.22
0,15.22
0,15.22
0,15.22
0,15.21
0,15.22
0,15.21
0,15.19
0,15.22
0,15.22
0,15.23
0,15.22
0,15.23
0,15.22
0,15.22
0,15.23
0,15.24
0,15.24
0,15.24
0,15.24
0,15.24
0,15.24
0,15.21
0,15.2
0,15.2
0,15.2
0,15.18
0,15.16
0,15.15
0,15.14
0,15.15
0,15.16
0,15.17
0,15.15
0,15.16
0,15.16
0,15.16
0,15.16
0,15.14
0,15.15
0,15.14
0,15.13
0,15.12
0,15.12
0,15.13
0,15.12
0,15.11
0,15.12
0,15.11
0,15.12
0,15.13
0,15.14
0,15.15
0,15.15
0,15.16
0,15.17
0,15.17
0,15.16
0,15.16
0,15.16
0,15.16
0,15.15
0,15.16
0,15.17
0,15.15
0,15.16
0,15.16
0,15.16
0,15.16
0,15.16
0,15.15
0,15.14
0,15.13
0,15.13
0,15.12
0,15.13
0,15.12
0,15.13
0,15.11
0,15.1
0,15.09
0,15.1
0,15.13
0,15.11
0,15.11
0,15.09
0,15.1
0,15.1
0,15.12
0,15.12
0,15.12
0,15.11
0,15.1
0,15.09
0,15.1
0,15.08
0,15.06
0,15.05
0,15.05
0,15.04
0,15.03
0,15.04
0,15.02
0,15.02
0,15.03
0,15.03
0,15.05
0,15.04
0,15.05
0,15.04
0,15.04
0,15.06
0,15.06
0,15.07
0,15.08
0,15.08
0,15.06
0,15.06
0,15.05
0,15.05
0,15.06
0,15.05
0,15.06
0,15.07
0,15.08
0,15.07
0,15.08
0,15.08
0,15.07
0,15.08
0,15.08
0,15.08
0,15.07
0,15.06
0,15.06
0,15.07
0,15.08
0,15.09
0,15.1
0,15.09
0,15.1
0,15.1
0,15.09
0,15.09
0,15.09
0,15.09
0,15.09
0,15.08
0,15.09
0,15.08
0,15.08
0,15.08
0,15.1
0,15.09
0,15.1
0,15.1
0,15.09
0,15.08
0,15.06
0,15.05
0,15.02
0,15.02
0,15.02
0,15.01
0,15
0,15
0,15.02
0,15.04
0,15.03
0,15.04
0,14.98
0,14.98
0,14.97
0,14.99
0,14.97
0,14.97
0,14.96
0,14.94
0,14.93
0,14.94
0,14.94
0,14.96
0,14.98
0,14.99
0,14.99
0,14.96
0,14.96
0,14.96
0,14.95
0,14.96
0,14.94
0,14.96
0,14.96
0,14.96
0,14.95
0,14.96
0,14.97
0,14.98
0,15
0,14.98
0,15
0,15.01
0,15
0,15.01
0,15
0,14.99
0,15
0,15
0,15
0,15.01
0,15
0,15
0,14.99
0,14.96
0,14.97
0,14.98
0,15
0,15
0,15.01
0,15
0,15
0,15
0,14.98
0,14.99
0,15.01
0,14.99
0,14.98
0,14.98
0,14.96
0,14.96
0,14.96
0,14.98
0,14.98
0,14.99
0,15
0,14.99
0,15
0,14.98
0,14.98
0,14.98
0,14.97
0,14.98
0,14.98
0,14.97
0,14.96
0,14.96
0,14.96
0,14.98
0,14.98
0,14.99
0,15
0,15
0,15
0,15.01
0,15
0,15.01
0,15
0,15
0,15.01
0,15.02
0,15.04
0,15.05
0,15.04
0,15.04
0,15.05
0,15.06
0,15.06
0,15.06
0,15.06
0,15.07
0,15.08
0,15.08
0,15.08
0,15.08
0,15.08
0,15.09
0,15.09
0,15.08
0,15.07
0,15.08
0,15.09
0,15.09
0,15.09
0,15.08
0,15.08
0,15.07
0,15.06
0,15.08
0,15.08
0,15.08
0,15.12
0,15.12
0,15.14
0,15.14
0,15.14
0,15.14
0,15.14
0,15.16
0,15.16
0,15.15
0,15.16
0,15.17
0,15.18
0,15.18
0,15.19
0,15.18
0,15.2
0,15.2
0,15.2
0,15.2
0,15.18
0,15.18
0,15.19
0,15.2
0,15.18
0,15.19
0,15.2
0,15.2
0,15.2
0,15.2
0,15.22
0,15.21
0,15.22
0,15.19
0,15.2
0,15.2
0,15.2
0,15.2
0,15.2
0,15.19
0,15.19
0,15.18
0,15.18
0,15.18
0,15.17
0,15.16
0,15.21
0,15.2
0,15.2
0,15.22
0,15.22
0,15.22
0,15.22
0,15.22
0,15.22
0,15.22
0,15.21
0,15.2
0,15.19
0,15.2
0,15.18
0,15.16
0,15.16
0,15.14
0,15.14
0,15.16
0,15.15
0,15.16
0,15.16
0,15.16
0,15.17
0,15.18
0,15.19
0,15.18
0,15.18
0,15.18
0,15.18
0,15.2
0,15.2
0,15.2
0,15.18
0,15.2
0,15.2
0,15.18
0,15.2
0,15.2
0,15.2
0,15.21
0,15.22
0,15.21
0,15.2
0,15.2
0,15.2
0,15.22
0,15.2
0,15.2
0,15.22
0,15.2
0,15.21
0,15.22
0,15.2
0,15.22
0,15.22
0,15.24
0,15.24
0,15.24
0,15.25
0,15.25
0,15.24
0,15.25
0,15.26
0,15.26
0,15.26
0,15.28
0,15.28
0,15.27
0,15.28
0,15.28
0,15.28
0,15.28
0,15.28
0,15.28
0,15.28
0,15.28
0,15.3
0,15.28
0,15.28
0,15.27
0,15.27
0,15.28
0,15.28
0,15.28
0,15.28
0,15.28
0,15.29
0,15.26
0,15.26
0,15.26
0,15.26
0,15.28
0,15.29
0,15.27
0,15.26
0,15.25
0,15.24
0,15.24
0,15.25
0,15.24
0,15.24
0,15.25
0,15.28
0,15.28
0,15.28
0,15.28
0,15.28
0,15.29
0,15.28
0,15.3
0,15.31
0,15.3
0,15.29
0,15.3
0,15.3
0,15.29
0,15.28
0,15.28
0,15.27
0,15.29
0,15.3
0,15.28
0,15.29
0,15.29
0,15.28
0,15.3
0,15.3
0,15.29
0,15.3
0,15.3
0,15.29
0,15.28
0,15.28
0,15.32
0,15.3
0,15.31
0,15.32
0,15.32
0,15.31
0,15.31
0,15.3
0,15.29
0,15.3
0,15.31
0,15.32
0,15.33
0,15.34
0,15.36
0,15.36
0,15.36
0,15.34
0,15.31
0,15.28
0,15.3
0,15.3
0,15.29
0,15.28
0,15.26
0,15.25
0,15.26
0,15.27
0,15.3
0,15.28
0,15.27
0,15.28
0,15.29
0,15.32
0,15.32
0,15.3
0,15.3
0,15.3
0,15.3
0,15.3
0,15.29
0,15.28
0,15.28
0,15.3
0,15.3
0,15.3
0,15.32
0,15.32
0,15.32
0,15.33
0,15.35
0,15.36
0,15.35
0,15.34
0,15.36
0,15.36
0,15.36
0,15.36
0,15.37
0,15.35
0,15.34
0,15.34
0,15.34
0,15.32
0,15.31
0,15.3
0,15.3
0,15.3
0,15.3
0,15.3
0,15.32
0,15.33
0,15.32
0,15.32
0,15.32
0,15.33
0,15.32
0,15.32
0,15.32
0,15.32
0,15.32
0,15.31
0,15.3
0,15.3
0,15.3
0,15.3
0,15.31
0,15.32
0,15.32
0,15.32
0,15.32
0,15.32
0,15.32
0,15.32
0,15.32
0,15.32
0,15.34
0,15.34
0,15.34
0,15.36
0,15.36
0,15.37
0,15.38
0,15.37
0,15.38
0,15.38
0,15.4
0,15.41
0,15.4
0,15.4
0,15.4
0,15.39
0,15.38
0,15.39
0,15.38
0,15.4
0,15.4
0,15.4
0,15.38
0,15.37
0,15.37
0,15.36
0,15.36
0,15.34
0,15.34
0,15.36
0,15.35
0,15.34
0,15.34
0,15.34
0,15.32
0,15.32
0,15.3
0,15.3
0,15.3
0,15.32
0,15.3
0,15.3
0,15.31
0,15.3
0,15.3
0,15.3
0,15.3
0,15.32
0,15.31
0,15.32
0,15.31
0,15.32
0,15.32
0,15.32
0,15.32
0,15.32
0,15.32
0,15.31
0,15.32
0,15.32
0,15.32
0,15.32
0,15.32
0,15.33
0,15.34
0,15.34
0,15.34
0,15.33
0,15.34
0,15.34
0,15.34
0,15.32
0,15.32
0,15.32
0,15.31
0,15.32
0,15.3
0,15.3
0,15.3
0,15.31
0,15.33
0,15.35
0,15.34
0,15.36
0,15.37
0,15.38
0,15.38
0,15.38
0,15.38
0,15.37
0,15.39
0,15.38
0,15.38
0,15.38
0,15.37
0,15.36
0,15.36
0,15.36
0,15.37
0,15.36
0,15.35
0,15.34
0,15.34
0,15.34
0,15.36
0,15.35
0,15.34
0,15.33
0,15.33
0,15.34
0,15.36
0,15.35
0,15.35
0,15.35
0,15.36
0,15.34
0,15.36
0,15.36
0,15.36
0,15.4
0,15.4
0,15.38
0,15.38
0,15.38
0,15.39
0,15.38
0,15.39
0,15.38
0,15.38
0,15.37
0,15.36
0,15.37
0,15.38
0,15.38
0,15.37
0,15.38
0,15.38
0,15.38
0,15.38
0,15.38
0,15.4
0,15.38
0,15.4
0,15.4
0,15.4
0,15.4
0,15.4
0,15.4
0,15.4
0,15.4
0,15.39
0,15.4
0,15.41
0,15.4
0,15.39
0,15.38
0,15.39
0,15.38
0,15.36
0,15.36
0,15.36
0,15.35
0,15.36
0,15.34
0,15.36
0,15.37
0,15.37
0,15.36
0,15.36
0,15.36
0,15.36
0,15.36
0,15.35
0,15.34
0,15.34
0,15.34
0,15.34
0,15.34
0,15.32
0,15.33
0,15.32
0,15.33
0,15.32
0,15.33
0,15.34
0,15.34
0,15.34
0,15.36
0,15.36
0,15.37
0,15.38
0,15.37
0,15.38
0,15.37
0,15.38
0,15.39
0,15.4
0,15.4
0,15.4
0,15.38
0,15.39
0,15.22
0,15.22
0,15.2
0,15.22
0,15.18
0,15.14
0,15.15
0,15.12
0,15.09
0,15.09
0,15.09
0,15.12
0,15.12
0,15.13
0,15.17
0,15.17
0,15.18
0,15.19
0,15.18
0,15.2
0,15.2
0,15.2
0,15.22
0,15.2
0,15.2
0,15.2
0,15.2
0,15.19
0,15.16
0,15.16
0,15.18
0,15.18
0,15.2
0,15.21
0,15.2
0,15.21
0,15.2
0,15.18
0,15.16
0,15.18
0,15.17
0,15.15
0,15.15
0,15.12
0,15.14
0,15.15
0,15.14
0,15.12
0,15.1
0,15.12
0,15.12
0,15.11
0,15.11
0,15.09
0,15.09
0,15.07
0,15.05
0,15.04
0,15.02
0,15.05
0,15.09
0,15.09
0,15.1
0,15.09
0,15.09
0,15.09
0,15.07
0,15.07
0,15.06
0,15.06
0,15.05
0,15.04
0,15.04
0,15.04
0,15.03
0,15.01
0,15
0,14.98
0,14.97
0,14.96
0,14.98
0,14.96
0,14.96
0,14.96
0,14.96
0,14.94
0,14.94
0,14.92
0,14.9
0,14.9
0,14.89
0,14.88
0,14.87
0,14.86
0,14.86
0,14.86
0,14.84
0,14.83
0,14.82
0,14.81
0,14.82
0,14.81
0,14.81
0,14.8
0,14.8
0,14.8
0,14.81
0,14.82
0,14.82
0,14.8
0,14.83
0,14.82
0,14.83
0,14.85
0,14.85
0,14.84
0,14.84
0,14.84
0,14.82
0,14.83
0,14.83
0,14.84
0,14.84
0,14.84
0,14.84
0,14.84
0,14.87
0,14.86
0,14.86
0,14.86
0,14.86
0,14.86
0,14.86
0,14.88
0,14.88
0,14.87
0,14.86
0,14.86
0,14.86
0,14.86
0,14.87
0,14.89
0,14.9
0,14.9
0,14.92
0,14.91
0,14.91
0,14.92
0,14.91
0,14.91
0,14.92
0,14.93
0,14.94
0,14.94
0,14.96
0,14.95
0,14.95
0,14.96
0,14.96
0,14.98
0,14.97
0,14.97
0,14.98
0,14.99
0,14.98
0,14.99
0,14.98
0,14.98
0,14.97
0,14.98
0,14.97
0,14.96
0,14.96
0,14.98
0,14.99
0,15
0,15.01
0,15.02
0,15
0,14.99
0,14.98
0,14.99
0,14.99
0,15
0,15
0,15.01
0,15.02
0,15.04
0,15.05
0,15.04
0,15.05
0,15.05
0,15.06
0,15.04
0,15.05
0,15.06
0,15.07
0,15.06
0,15.05
0,15.04
0,15.04
0,15.04
0,15.02
0,15.03
0,15.02
0,15.02
0,15.02
0,15.02
0,15.02
0,15.03
0,15.04
0,15.05
0,15.06
0,15.06
0,15.05
0,15.07
0,15.09
0,15.06
0,15.06
0,15.08
0,15.06
0,15.07
0,15.06
0,15.07
0,15.08
0,15.08
0,15.09
0,15.14
0,15.1
0,15.14
0,15.14
0,15.14
0,15.15
0,15.17
0,15.19
0,15.22
0,15.22
0,15.23
0,15.25
0,15.29
0,15.3
0,15.32
0,15.32
0,15.34
0,15.35
0,15.38
0,15.39
0,15.36
0,15.37
0,15.39
0,15.35
0,15.36
0,15.36
0,15.38
0,15.38
0,15.37
0,15.41
0,15.42
0,15.42
0,15.4
0,15.4
0,15.38
0,15.4
0,15.4
0,15.38
0,15.38
0,15.38
0,15.36
0,15.35
0,15.37
0,15.38
0,15.36
0,15.36
0,15.37
0,15.35
0,15.36
0,15.34
0,15.34
0,15.32
0,15.34
0,15.36
0,15.33
0,15.34
0,15.33
0,15.36
0,15.37
0,15.38
0,15.37
0,15.38
0,15.36
0,15.36
0,15.36
0,15.38
0,15.38
0,15.38
0,15.39
0,15.39
0,15.39
0,15.4
0,15.4
0,15.38
0,15.38
0,15.4
0,15.38
0,15.4
0,15.4
0,15.39
0,15.39
0,15.38
0,15.37
0,15.36
0,15.38
0,15.38
0,15.38
0,15.38
0,15.4
0,15.4
0,15.41
0,15.42
0,15.44
0,15.43
0,15.46
0,15.43
0,15.44
0,15.43
0,15.44
0,15.44
0,15.44
0,15.43
0,15.42
0,15.44
0,15.41
0,15.42
0,15.41
0,15.4
0,15.4
0,15.4
0,15.41
0,15.42
0,15.41
0,15.41
0,15.41
0,15.4
0,15.41
0,15.4
0,15.4
0,15.4
0,15.41
0,15.41
0,15.44
0,15.42
0,15.42
0,15.42
0,15.44
0,15.42
0,15.42
0,15.41
0,15.4
0,15.39
0,15.42
0,15.41
0,15.4
0,15.43
0,15.44
0,15.43
0,15.43
0,15.45
0,15.43
0,15.44
0,15.43
0,15.45
0,15.43
0,15.42
0,15.43
0,15.44
0,15.44
0,15.44
0,15.44
0,15.44
0,15.44
0,15.46
0,15.46
0,15.46
0,15.46
0,15.46
0,15.44
0,15.44
0,15.44
0,15.44
0,15.44
0,15.44
0,15.44
0,15.43
0,15.44
0,15.44
0,15.42
0,15.42
0,15.4
0,15.39
0,15.38
0,15.39
0,15.4
0,15.39
0,15.39
0,15.4
0,15.41
0,15.41
0,15.4
0,15.41
0,15.42
0,15.41
0,15.41
0,15.42
0,15.43
0,15.44
0,15.43
0,15.42
0,15.42
0,15.41
0,15.4
0,15.41
0,15.4
0,15.41
0,15.41
0,15.41
0,15.41
0,15.42
0,15.43
0,15.44
0,15.43
0,15.43
0,15.44
0,15.45
0,15.44
0,15.43
0,15.42
0,15.41
0,15.42
0,15.42
0,15.44
0,15.44
0,15.42
0,15.42
0,15.42
0,15.42
0,15.43
0,15.42
0,15.42
0,15.44
0,15.44
0,15.42
0,15.44
0,15.44
0,15.45
0,15.43
0,15.44
0,15.43
0,15.43
0,15.44
0,15.42
0,15.42
0,15.43
0,15.42
0,15.41
0,15.41
0,15.4
0,15.39
0,15.4
0,15.41
0,15.4
0,15.4
0,15.4
0,15.4
0,15.41
0,15.4
0,15.4
0,15.42
0,15.41
0,15.4
0,15.41
0,15.41
0,15.41
0,15.41
0,15.41
0,15.42
0,15.42
0,15.44
0,15.44
0,15.42
0,15.42
0,15.41
0,15.42
0,15.44
0,15.44
0,15.44
0,15.43
0,15.44
0,15.44
0,15.45
0,15.46
0,15.46
0,15.44
0,15.44
0,15.44
0,15.42
0,15.41
0,15.4
0,15.4
0,15.38
0,15.37
0,15.38
0,15.4
0,15.4
0,15.38
0,15.4
0,15.38
0,15.37
0,15.36
0,15.38
0,15.39
0,15.4
0,15.4
0,15.41
0,15.4
0,15.42
0,15.42
0,15.41
0,15.41
0,15.42
0,15.42
0,15.42
0,15.4
0,15.4
0,15.42
0,15.45
0,15.46
0,15.46
0,15.45
0,15.41
0,15.42
0,15.4
0,15.39
0,15.38
0,15.4
0,15.41
0,15.4
0,15.39
0,15.38
0,15.38
0,15.34
0,15.35
0,15.36
0,15.34
0,15.34
0,15.35
0,15.36
0,15.35
0,15.35
0,15.36
0,15.37
0,15.4
0,15.38
0,15.4
0,15.36
0,15.35
0,15.34
0,15.35
0,15.37
0,15.36
0,15.37
0,15.36
0,15.36
0,15.35
0,15.35
0,15.35
0,15.36
0,15.36
0,15.37
0,15.36
0,15.37
0,15.38
0,15.38
0,15.4
0,15.4
0,15.41
0,15.41
0,15.42
0,15.42
0,15.43
0,15.44
0,15.44
0,15.44
0,15.43
0,15.44
0,15.45
0,15.44
0,15.44
0,15.45
0,15.45
0,15.46
0,15.44
0,15.46
0,15.46
0,15.45
0,15.46
0,15.46
0,15.46
0,15.47
0,15.46
0,15.46
0,15.46
0,15.46
0,15.46
0,15.44
0,15.45
0,15.45
0,15.46
0,15.44
0,15.43
0,15.41
0,15.41
0,15.41
0,15.4
0,15.41
0,15.4
0,15.41
0,15.42
0,15.42
0,15.43
0,15.42
0,15.43
0,15.43
0,15.42
0,15.42
0,15.42
0,15.44
0,15.42
0,15.42
0,15.46
0,15.45
0,15.46
0,15.47
0,15.48
0,15.47
0,15.46
0,15.48
0,15.48
0,15.47
0,15.46
0,15.48
0,15.48
0,15.48
0,15.48
0,15.48
0,15.48
0,15.47
0,15.48
0,15.5
0,15.5
0,15.5
0,15.5
0,15.5
0,15.5
0,15.5
0,15.5
0,15.52
0,15.52
0,15.51
0,15.52
0,15.5
0,15.5
0,15.5
0,15.49
0,15.5
0,15.5
0,15.5
0,15.52
0,15.52
0,15.54
0,15.54
0,15.53
0,15.54
0,15.53
0,15.54
0,15.53
0,15.52
0,15.51
0,15.52
0,15.52
0,15.52
0,15.53
0,15.53
0,15.52
0,15.54
0,15.55
0,15.56
0,15.56
0,15.55
0,15.54
0,15.54
0,15.51
0,15.5
0,15.51
0,15.52
0,15.52
0,15.53
0,15.53
0,15.54
0,15.52
0,15.51
0,15.52
0,15.53
0,15.54
0,15.53
0,15.54
0,15.54
0,15.52
0,15.51
0,15.5
0,15.49
0,15.5
0,15.53
0,15.52
0,15.53
0,15.52
0,15.51
0,15.5
0,15.51
0,15.51
0,15.5
0,15.52
0,15.48
0,15.5
0,15.53
0,15.54
0,15.52
0,15.52
0,15.51
0,15.51
0,15.5
0,15.51
0,15.5
0,15.52
0,15.54
0,15.54
0,15.56
0,15.56
0,15.58
0,15.56
0,15.56
0,15.58
0,15.57
0,15.56
0,15.55
0,15.55
0,15.54
0,15.52
0,15.52
0,15.53
0,15.52
0,15.52
0,15.51
0,15.5
0,15.51
0,15.5
0,15.52
0,15.51
0,15.51
0,15.5
0,15.5
0,15.49
0,15.52
0,15.5
0,15.5
0,15.52
0,15.5
0,15.52
0,15.52
0,15.52
0,15.53
0,15.52
0,15.52
0,15.52
0,15.52
0,15.52
0,15.52
0,15.51
0,15.51
0,15.52
0,15.52
0,15.51
0,15.5
0,15.5
0,15.5
0,15.5
0,15.5
0,15.5
0,15.5
0,15.5
0,15.5
0,15.48
0,15.48
0,15.48
0,15.48
0,15.5
0,15.5
0,15.5
0,15.5
0,15.5
0,15.52
0,15.52
0,15.52
0,15.52
0,15.52
0,15.53
0,15.54
0,15.56
0,15.56
0,15.56
0,15.58
0,15.58
0,15.58
0,15.58
0,15.58
0,15.58
0,15.58
0,15.58
0,15.58
0,15.59
0,15.59
0,15.61
0,15.62
0,15.6
0,15.6
0,15.6
0,15.6
0,15.6
0,15.61
0,15.61
0,15.62
0,15.6
0,15.6
0,15.6
0,15.6
0,15.62
0,15.62
0,15.64
0,15.62
0,15.62
0,15.62
0,15.61
0,15.62
0,15.62
0,15.62
0,15.62
0,15.62
0,15.63
0,15.62
0,15.64
0,15.65
0,15.64
0,15.64
0,15.64
0,15.65
0,15.64
0,15.64
0,15.64
0,15.66
0,15.65
0,15.64
0,15.64
0,15.64
0,15.64
0,15.64
0,15.63
0,15.58
0,15.59
0,15.59
0,15.6
0,15.6
0,15.61
0,15.6
0,15.59
0,15.6
0,15.59
0,15.58
0,15.58
0,15.58
0,15.57
0,15.58
0,15.59
0,15.58
0,15.6
0,15.59
0,15.59
0,15.6
0,15.59
0,15.6
0,15.58
0,15.58
0,15.58
0,15.58
0,15.58
0,15.58
0,15.58
0,15.57
0,15.58
0,15.58
0,15.57
0,15.55
0,15.53
0,15.52
0,15.52
0,15.54
0,15.54
0,15.53
0,15.54
0,15.55
0,15.54
0,15.55
0,15.54
0,15.53
0,15.52
0,15.52
0,15.52
0,15.5
0,15.52
0,15.5
0,15.49
0,15.5
0,15.5
0,15.52
0,15.5
0,15.5
0,15.51
0,15.49
0,15.5
0,15.5
0,15.5
0,15.5
0,15.54
0,15.54
0,15.56
0,15.57
0,15.57
0,15.58
0,15.58
0,15.59
0,15.59
0,15.59
0,15.58
0,15.59
0,15.58
0,15.56
0,15.58
0,15.56
0,15.56
0,15.54
0,15.54
0,15.54
0,15.54
0,15.54
0,15.54
0,15.52
0,15.51
0,15.51
0,15.5
0,15.51
0,15.52
0,15.5
0,15.49
0,15.48
0,15.5
0,15.48
0,15.47
0,15.47
0,15.48
0,15.48
0,15.48
0,15.48
0,15.46
0,15.46
0,15.47
0,15.48
0,15.48
0,15.5
0,15.5
0,15.49
0,15.49
0,15.48
0,15.5
0,15.48
0,15.47
0,15.45
0,15.46
0,15.49
0,15.48
0,15.48
0,15.48
0,15.5
0,15.49
0,15.48
0,15.48
0,15.41
0,15.5
0,15.5
0,15.49
0,15.48
0,15.48
0,15.46
0,15.48
0,15.48
0,15.48
0,15.48
0,15.47
0,15.48
0,15.47
0,15.43
0,15.44
0,15.42
0,15.44
0,15.42
0,15.42
0,15.4
0,15.4
0,15.38
0,15.38
0,15.36
0,15.36
0,15.37
0,15.38
0,15.38
0,15.34
0,15.35
0,15.36
0,15.36
0,15.36
0,15.34
0,15.34
0,15.32
0,15.32
0,15.32
0,15.32
0,15.32
0,15.32
0,15.32
0,15.32
0,15.35
0,15.36
0,15.38
0,15.39
0,15.39
0,15.39
0,15.39
0,15.38
0,15.4
0,15.4
0,15.42
0,15.42
0,15.43
0,15.46
0,15.45
0,15.44
0,15.44
0,15.45
0,15.44
0,15.46
0,15.48
0,15.5
0,15.51
0,15.52
0,15.52
0,15.53
0,15.52
0,15.52
0,15.54
0,15.54
0,15.54
0,15.56
0,15.56
0,15.56
0,15.56
0,15.56
0,15.56
0,15.56
0,15.55
0,15.56
0,15.57
0,15.55
0,15.54
0,15.52
0,15.54
0,15.54
0,15.54
0,15.53
0,15.52
0,15.5
0,15.5
0,15.48
0,15.5
0,15.48
0,15.49
0,15.5
0,15.5
0,15.5
0,15.5
0,15.5
0,15.5
0,15.5
0,15.5
0,15.51
0,15.52
0,15.52
0,15.52
0,15.54
0,15.56
0,15.55
0,15.56
0,15.56
0,15.55
0,15.56
0,15.55
0,15.56
0,15.56
0,15.58
0,15.58
0,15.58
0,15.58
0,15.58
0,15.6
0,15.59
0,15.59
0,15.58
0,15.59
0,15.59
0,15.59
0,15.6
0,15.59
0,15.59
0,15.58
0,15.58
0,15.58
0,15.59
0,15.59
0,15.58
0,15.57
0,15.56
0,15.56
0,15.55
0,15.56
0,15.56
0,15.56
0,15.58
0,15.56
0,15.57
0,15.58
0,15.58
0,15.58
0,15.57
0,15.58
0,15.58
0,15.58
0,15.57
0,15.58
0,15.58
0,15.58
0,15.58
0,15.59
0,15.58
0,15.57
0,15.58
0,15.58
0,15.58
0,15.58
0,15.58
0,15.57
0,15.58
0,15.58
0,15.58
0,15.58
0,15.58
0,15.59
0,15.58
0,15.59
0,15.59
0,15.58
0,15.57
0,15.58
0,15.58
0,15.57
0,15.58
0,15.57
0,15.58
0,15.58
0,15.58
0,15.58
0,15.58
0,15.56
0,15.56
0,15.56
0,15.56
0,15.58
0,15.58
0,15.56
0,15.58
0,15.58
0,15.57
0,15.57
0,15.56
0,15.54
0,15.56
0,15.54
0,15.54
0,15.55
0,15.54
0,15.52
0,15.56
0,15.55
0,15.56
0,15.54
0,15.54
0,15.54
0,15.54
0,15.54
0,15.56
0,15.55
0,15.54
0,15.55
0,15.54
0,15.56
0,15.56
0,15.55
0,15.54
0,15.52
0,15.52
0,15.52
0,15.5
0,15.52
0,15.52
0,15.52
0,15.52
0,15.5
0,15.49
0,15.5
0,15.52
0,15.52
0,15.52
0,15.51
0,15.51
0,15.5
0,15.49
0,15.5
0,15.53
0,15.51
0,15.52
0,15.51
0,15.5
0,15.49
0,15.52
0,15.52
0,15.58
0,15.59
0,15.6
0,15.6
0,15.62
0,15.63
0,15.66
0,15.65
0,15.7
0,15.72
0,15.7
0,15.71
0,15.72
0,15.68
0,15.66
0,15.62
0,15.62
0,15.62
0,15.62
0,15.62
0,15.64
0,15.64
0,15.64
0,15.66
0,15.68
0,15.68
0,15.68
0,15.68
0,15.68
0,15.66
0,15.66
0,15.66
0,15.68
0,15.66
0,15.66
0,15.64
0,15.62
0,15.64
0,15.64
0,15.66
0,15.66
0,15.67
0,15.67
0,15.68
0,15.7
0,15.72
0,15.73
0,15.73
0,15.74
0,15.74
0,15.73
0,15.72
0,15.68
0,15.68
0,15.68
0,15.69
0,15.67
0,15.66
0,15.66
0,15.66
0,15.66
0,15.66
0,15.66
0,15.66
0,15.66
0,15.66
0,15.65
0,15.63
0,15.63
0,15.62
0,15.62
0,15.6
0,15.61
0,15.62
0,15.6
0,15.6
0,15.6
0,15.59
0,15.58
0,15.56
0,15.56
0,15.55
0,15.56
0,15.56
0,15.58
0,15.57
0,15.56
0,15.56
0,15.58
0,15.58
0,15.58
0,15.58
0,15.58
0,15.58
0,15.58
0,15.57
0,15.57
0,15.58
0,15.6
0,15.59
0,15.6
0,15.61
0,15.62
0,15.62
0,15.61
0,15.59
0,15.59
0,15.59
0,15.62
0,15.6
0,15.59
0,15.61
0,15.62
0,15.61
0,15.6
0,15.59
0,15.6
0,15.62
0,15.62
0,15.61
0,15.6
0,15.6
0,15.61
0,15.62
0,15.62
0,15.62
0,15.62
0,15.61
0,15.61
0,15.62
0,15.6
0,15.6
0,15.61
0,15.62
0,15.61
0,15.63
0,15.64
0,15.64
0,15.64
0,15.63
0,15.62
0,15.62
0,15.62
0,15.62
0,15.62
0,15.63
0,15.63
0,15.61
0,15.59
0,15.58
0,15.58
0,15.58
0,15.58
0,15.56
0,15.57
0,15.56
0,15.56
0,15.56
0,15.56
0,15.56
0,15.55
0,15.56
0,15.54
0,15.54
0,15.55
0,15.55
0,15.55
0,15.54
0,15.54
0,15.55
0,15.54
0,15.52
0,15.5
0,15.5
0,15.5
0,15.51
0,15.5
0,15.5
0,15.49
0,15.5
0,15.5
0,15.51
0,15.48
0,15.5
0,15.49
0,15.5
0,15.5
0,15.5
0,15.5
0,15.49
0,15.51
0,15.52
0,15.52
0,15.52
0,15.52
0,15.52
0,15.53
0,15.52
0,15.54
0,15.53
0,15.54
0,15.52
0,15.53
0,15.52
0,15.52
0,15.52
0,15.52
0,15.5
0,15.51
0,15.5
0,15.5
0,15.5
0,15.47
0,15.52
0,15.54
0,15.54
0,15.54
0,15.54
0,15.53
0,15.51
0,15.51
0,15.51
0,15.5
0,15.51
0,15.49
0,15.48
0,15.48
0,15.48
0,15.48
0,15.48
0,15.48
0,15.48
0,15.48
0,15.48
0,15.47
0,15.48
0,15.47
0,15.46
0,15.46
0,15.46
0,15.46
0,15.47
0,15.46
0,15.46
0,15.45
0,15.47
0,15.46
0,15.45
0,15.46
0,15.46
0,15.48
0,15.48
0,15.47
0,15.48
0,15.48
0,15.48
0,15.48
0,15.46
0,15.47
0,15.47
0,15.46
0,15.46
0,15.46
0,15.45
0,15.45
0,15.46
0,15.46
0,15.48
0,15.5
0,15.52
0,15.52
0,15.52
0,15.49
0,15.48
0,15.48
0,15.47
0,15.48
0,15.47
0,15.48
0,15.48
0,15.48
0,15.48
0,15.48
0,15.48
0,15.49
0,15.49
0,15.5
0,15.5
0,15.51
0,15.51
0,15.52
0,15.52
0,15.54
0,15.52
0,15.53
0,15.52
0,15.5
0,15.5
0,15.5
0,15.5
0,15.52
0,15.56
0,15.57
0,15.58
0,15.56
0,15.55
0,15.54
0,15.52
0,15.54
0,15.56
0,15.57
0,15.56
0,15.56
0,15.57
0,15.58
0,15.58
0,15.59
0,15.6
0,15.66
0,15.64
0,15.66
0,15.72
0,15.72
0,15.72
0,15.74
0,15.7
0,15.7
0,15.74
0,15.75
0,15.77
0,15.74
0,15.74
0,15.72
0,15.72
0,15.74
0,15.78
0,15.78
0,15.8
0,15.8
0,15.8
0,15.81
0,15.8
0,15.82
0,15.8
0,15.77
0,15.78
0,15.8
0,15.77
0,15.76
0,15.77
0,15.76
0,15.76
0,15.77
0,15.78
0,15.77
0,15.77
0,15.77
0,15.78
0,15.76
0,15.78
0,15.77
0,15.76
0,15.75
0,15.74
0,15.73
0,15.73
0,15.72
0,15.73
0,15.72
0,15.74
0,15.75
0,15.75
0,15.75
0,15.79
0,15.78
0,15.77
0,15.76
0,15.76
0,15.76
0,15.76
0,15.75
0,15.76
0,15.76
0,15.8
0,15.83
0,15.82
0,15.84
0,15.84
0,15.84
0,15.84
0,15.8
0,15.82
0,15.84
0,15.84
0,15.86
0,15.85
0,15.84
0,15.84
0,15.84
0,15.83
0,15.82
0,15.82
0,15.82
0,15.83
0,15.82
0,15.81
0,15.84
0,15.82
0,15.84
0,15.86
0,15.87
0,15.87
0,15.86
0,15.86
0,15.86
0,15.88
0,15.86
0,15.87
0,15.84
0,15.85
0,15.84
0,15.84
0,15.84
0,15.84
0,15.84
0,15.82
0,15.8
0,15.82
0,15.84
0,15.82
0,15.84
0,15.84
0,15.84
0,15.86
0,15.86
0,15.85
0,15.86
0,15.85
0,15.85
0,15.84
0,15.83
0,15.84
0,15.84
0,15.84
0,15.83
0,15.83
0,15.82
0,15.84
0,15.83
0,15.84
0,15.83
0,15.84
0,15.84
0,15.84
0,15.86
0,15.87
0,15.88
0,15.87
0,15.86
0,15.85
0,15.86
0,15.85
0,15.84
0,15.84
0,15.84
0,15.82
0,15.8
0,15.81
0,15.8
0,15.8
0,15.79
0,15.8
0,15.81
0,15.8
0,15.8
0,15.8
0,15.81
0,15.8
0,15.8
0,15.79
0,15.8
0,15.8
0,15.79
0,15.8
0,15.8
0,15.78
0,15.78
0,15.78
0,15.76
0,15.75
0,15.75
0,15.75
0,15.76
0,15.78
0,15.78
0,15.78
0,15.8
0,15.8
0,15.77
0,15.78
0,15.77
0,15.75
0,15.75
0,15.76
0,15.75
0,15.74
0,15.73
0,15.72
0,15.74
0,15.75
0,15.77
0,15.78
0,15.76
0,15.75
0,15.74
0,15.72
0,15.72
0,15.72
0,15.72
0,15.74
0,15.73
0,15.72
0,15.72
0,15.71
0,15.7
0,15.71
0,15.72
0,15.74
0,15.73
0,15.71
0,15.7
0,15.69
0,15.68
0,15.7
0,15.72
0,15.71
0,15.72
0,15.71
0,15.7
0,15.74
0,15.74
0,15.77
0,15.78
0,15.8
0,15.8
0,15.8
0,15.8
0,15.78
0,15.78
0,15.8
0,15.8
0,15.8
0,15.8
0,15.81
0,15.8
0,15.8
0,15.81
0,15.79
0,15.8
0,15.8
0,15.82
0,15.82
0,15.8
0,15.8
0,15.8
0,15.78
0,15.78
0,15.79
0,15.8
0,15.8
0,15.8
0,15.8
0,15.8
0,15.82
0,15.83
0,15.83
0,15.82
0,15.85
0,15.84
0,15.84
0,15.83
0,15.84
0,15.86
0,15.88
0,15.88
0,15.86
0,15.83
0,15.81
0,15.77
0,15.78
0,15.74
0,15.75
0,15.75
0,15.76
0,15.76
0,15.77
0,15.76
0,15.78
0,15.82
0,15.82
0,15.82
0,15.79
0,15.8
0,15.8
0,15.8
0,15.77
0,15.76
0,15.78
0,15.82
0,15.82
0,15.81
0,15.8
0,15.79
0,15.78
0,15.82
0,15.79
0,15.78
0,15.82
0,15.83
0,15.86
0,15.88
0,15.86
0,15.84
0,15.86
0,15.86
0,15.86
0,15.86
0,15.87
0,15.86
0,15.87
0,15.84
0,15.82
0,15.84
0,15.82
0,15.8
0,15.8
0,15.78
0,15.78
0,15.79
0,15.78
0,15.8
0,15.84
0,15.84
0,15.83
0,15.82
0,15.82
0,15.83
0,15.84
0,15.84
0,15.85
0,15.86
0,15.88
0,15.88
0,15.9
0,15.89
0,15.91
0,15.9
0,15.9
0,15.9
0,15.9
0,15.89
0,15.89
0,15.88
0,15.86
0,15.88
0,15.88
0,15.87
0,15.86
0,15.86
0,15.88
0,15.88
0,15.86
0,15.86
0,15.84
0,15.84
0,15.82
0,15.83
0,15.86
0,15.86
0,15.87
0,15.86
0,15.86
0,15.84
0,15.82
0,15.82
0,15.82
0,15.8
0,15.8
0,15.8
0,15.78
0,15.78
0,15.79
0,15.78
0,15.78
0,15.78
0,15.78
0,15.8
0,15.77
0,15.76
0,15.78
0,15.78
0,15.79
0,15.79
0,15.8
0,15.8
0,15.79
0,15.8
0,15.8
0,15.81
0,15.8
0,15.79
0,15.81
0,15.81
0,15.8
0,15.81
0,15.8
0,15.79
0,15.8
0,15.81
0,15.8
0,15.8
0,15.8
0,15.8
0,15.79
0,15.8
0,15.8
0,15.79
0,15.8
0,15.8
0,15.8
0,15.82
0,15.8
0,15.81
0,15.82
0,15.81
0,15.8
0,15.8
0,15.81
0,15.8
0,15.82
0,15.82
0,15.81
0,15.82
0,15.83
0,15.82
0,15.83
0,15.82
0,15.82
0,15.81
0,15.83
0,15.83
0,15.82
0,15.82
0,15.8
0,15.8
0,15.8
0,15.81
0,15.8
0,15.8
0,15.81
0,15.79
0,15.78
0,15.78
0,15.77
0,15.78
0,15.78
0,15.79
0,15.78
0,15.78
0,15.8
0,15.78
0,15.78
0,15.78
0,15.77
0,15.78
0,15.76
0,15.75
0,15.76
0,15.78
0,15.77
0,15.76
0,15.76
0,15.77
0,15.79
0,15.76
0,15.77
0,15.78
0,15.78
0,15.78
0,15.78
0,15.76
0,15.78
0,15.81
0,15.82
0,15.8
0,15.78
0,15.79
0,15.81
0,15.79
0,15.79
0,15.79
0,15.8
0,15.8
0,15.8
0,15.8
0,15.78
0,15.78
0,15.78
0,15.77
0,15.76
0,15.76
0,15.78
0,15.8
0,15.79
0,15.78
0,15.78
0,15.77
0,15.78
0,15.76
0,15.76
0,15.78
0,15.78
0,15.77
0,15.76
0,15.75
0,15.77
0,15.79
0,15.78
0,15.78
0,15.82
0,15.85
0,15.84
0,15.82
0,15.84
0,15.84
0,15.85
0,15.84
0,15.85
0,15.87
0,15.88
0,15.86
0,15.87
0,15.84
0,15.86
0,15.88
0,15.88
0,15.89
0,15.9
0,15.88
0,15.87
0,15.88
0,15.87
0,15.86
0,15.85
0,15.88
0,15.88
0,15.89
0,15.88
0,15.89
0,15.9
0,15.91
0,15.91
0,15.91
0,15.9
0,15.92
0,15.92
0,15.95
0,16.02
0,16.01
0,16.01
0,16.02
0,16.02
0,16.01
0,15.98
0,15.99
0,16.01
0,16.03
0,16.02
0,16.05
0,16.05
0,16.05
0,16.07
0,16.08
0,16.08
0,16.06
0,16.06
0,16.04
0,16.04
0,16.06
0,16.04
0,16.03
0,16.03
0,16.04
0,16.05
0,16.05
0,16.02
0,16.02
0,16.02
0,16.01
0,15.98
0,15.99
0,15.98
0,15.98
0,16
0,16
0,16.02
0,16.03
0,16.04
0,16.04
0,16.04
0,16.05
0,16.04
0,16.04
0,16.02
0,16.02
0,16
0,16.02
0,16.02
0,16.04
0,16.02
0,16.02
0,16.02
0,16.02
0,16.02
0,16.02
0,16.02
0,16
0,16.02
0,16.02
0,16.01
0,16.01
0,16.01
0,16
0,16
0,16
0,16
0,15.98
0,15.98
0,15.96
0,15.94
0,15.97
0,15.98
0,15.99
0,15.99
0,15.99
0,15.98
0,15.98
0,15.96
0,15.96
0,15.98
0,15.97
0,15.95
0,15.94
0,15.94
0,15.94
0,15.94
0,15.94
0,15.94
0,15.94
0,15.96
0,15.96
0,15.95
0,15.94
0,15.95
0,15.94
0,15.94
0,15.96
0,15.96
0,15.94
0,15.95
0,15.98
0,15.97
0,15.96
0,15.96
0,15.96
0,15.95
0,15.96
0,15.95
0,15.95
0,15.97
0,15.96
0,15.94
0,15.96
0,15.96
0,15.96
0,15.96
0,15.94
0,15.95
0,15.96
0,15.97
0,15.96
0,15.96
0,15.96
0,15.94
0,15.94
0,15.95
0,15.94
0,15.94
0,15.93
0,15.92
0,15.91
0,15.91
0,15.9
0,15.9
0,15.9
0,15.89
0,15.9
0,15.88
0,15.88
0,15.88
0,15.86
0,15.85
0,15.86
0,15.85
0,15.85
0,15.85
0,15.86
0,15.88
0,15.9
0,15.89
0,15.87
0,15.88
0,15.88
0,15.88
0,15.87
0,15.86
0,15.85
0,15.86
0,15.87
0,15.88
0,15.87
0,15.86
0,15.86
0,15.88
0,15.88
0,15.88
0,15.88
0,15.89
0,15.88
0,15.87
0,15.88
0,15.88
0,15.88
0,15.86
0,15.86
0,15.86
0,15.85
0,15.85
0,15.87
0,15.88
0,15.86
0,15.88
0,15.88
0,15.88
0,15.86
0,15.88
0,15.88
0,15.88
0,15.89
0,15.87
0,15.88
0,15.9
0,15.88
0,15.88
0,15.86
0,15.86
0,15.87
0,15.86
0,15.86
0,15.85
0,15.86
0,15.86
0,15.86
0,15.86
0,15.86
0,15.88
0,15.87
0,15.86
0,15.85
0,15.86
0,15.86
0,15.86
0,15.86
0,15.86
0,15.86
0,15.88
0,15.87
0,15.88
0,15.88
0,15.87
0,15.87
0,15.88
0,15.89
0,15.9
0,15.88
0,15.87
0,15.88
0,15.88
0,15.88
0,15.89
0,15.87
0,15.85
0,15.85
0,15.83
0,15.82
0,15.84
0,15.82
0,15.82
0,15.82
0,15.83
0,15.82
0,15.82
0,15.82
0,15.84
0,15.83
0,15.86
0,15.86
0,15.86
0,15.88
0,15.87
0,15.86
0,15.86
0,15.86
0,15.86
0,15.87
0,15.88
0,15.87
0,15.81
0,15.82
0,15.78
0,15.8
0,15.84
0,15.84
0,15.84
0,15.86
0,15.86
0,15.87
0,15.83
0,15.87
0,15.88
0,15.88
0,15.88
0,15.9
0,15.9
0,15.89
0,15.88
0,15.88
0,15.87
0,15.86
0,15.85
0,15.84
0,15.84
0,15.84
0,15.82
0,15.82
0,15.81
0,15.8
0,15.8
0,15.78
0,15.79
0,15.77
0,15.75
0,15.78
0,15.77
0,15.76
0,15.78
0,15.77
0,15.77
0,15.77
0,15.77
0,15.76
0,15.76
0,15.78
0,15.79
0,15.8
0,15.81
0,15.82
0,15.84
0,15.82
0,15.84
0,15.84
0,15.84
0,15.87
0,15.87
0,15.89
0,15.88
0,15.89
0,15.88
0,15.88
0,15.87
0,15.87
0,15.86
0,15.84
0,15.85
0,15.84
0,15.84
0,15.84
0,15.84
0,15.84
0,15.82
0,15.81
0,15.8
0,15.81
0,15.8
0,15.8
0,15.8
0,15.8
0,15.8
0,15.8
0,15.8
0,15.78
0,15.78
0,15.78
0,15.78
0,15.76
0,15.76
0,15.76
0,15.78
0,15.8
0,15.82
0,15.82
0,15.82
0,15.82
0,15.81
0,15.82
0,15.84
0,15.82
0,15.82
0,15.83
0,15.83
0,15.82
0,15.83
0,15.84
0,15.84
0,15.84
0,15.86
0,15.85
0,15.84
0,15.86
0,15.85
0,15.83
0,15.84
0,15.84
0,15.83
0,15.84
0,15.84
0,15.84
0,15.83
0,15.84
0,15.8
0,15.8
0,15.8
0,15.81
0,15.81
0,15.82
0,15.81
0,15.8
0,15.8
0,15.8
0,15.8
0,15.8
0,15.79
0,15.8
0,15.8
0,15.82
0,15.82
0,15.82
0,15.82
0,15.85
0,15.83
0,15.84
0,15.83
0,15.84
0,15.84
0,15.86
0,15.85
0,15.84
0,15.88
0,15.87
0,15.88
0,15.89
0,15.88
0,15.88
0,15.88
0,15.9
0,15.91
0,15.91
0,15.9
0,15.9
0,15.9
0,15.9
0,15.91
0,15.91
0,15.9
0,15.9
0,15.9
0,15.92
0,15.91
0,15.92
0,15.91
0,15.93
0,15.94
0,15.93
0,15.95
0,15.94
0,15.94
0,15.94
0,15.94
0,15.96
0,15.93
0,15.94
0,15.94
0,15.92
0,15.91
0,15.91
0,15.94
0,15.92
0,15.94
0,15.92
0,15.92
0,15.91
0,15.92
0,15.91
0,15.9
0,15.91
0,15.91
0,15.91
0,15.92
0,15.91
0,15.93
0,15.92
0,15.93
0,15.93
0,15.92
0,15.92
0,15.93
0,15.94
0,15.94
0,15.94
0,15.92
0,15.91
0,15.92
0,15.91
0,15.92
0,15.92
0,15.92
0,15.91
0,15.9
0,15.89
0,15.91
0,15.9
0,15.91
0,15.91
0,15.91
0,15.92
0,15.93
0,15.92
0,15.95
0,15.94
0,15.94
0,15.94
0,15.94
0,15.96
0,15.95
0,15.95
0,15.94
0,15.95
0,15.94
0,15.94
0,15.92
0,15.93
0,15.94
0,15.94
0,15.92
0,15.93
0,15.92
0,15.93
0,15.92
0,15.91
0,15.9
0,15.9
0,15.91
0,15.9
0,15.9
0,15.9
0,15.9
0,15.9
0,15.88
0,15.88
0,15.88
0,15.88
0,15.86
0,15.88
0,15.88
0,15.88
0,15.88
0,15.96
0,15.96
0,15.92
0,15.91
0,15.96
0,15.96
0,15.96
0,15.98
0,15.97
0,15.95
0,15.94
0,15.94
0,15.93
0,15.93
0,15.92
0,15.92
0,15.94
0,15.95
0,15.96
0,15.98
0,15.98
0,15.96
0,15.96
0,15.96
0,15.95
0,15.96
0,16
0,15.97
0,15.96
0,15.96
0,15.98
0,15.96
0,15.98
0,15.98
0,15.98
0,16.01
0,15.99
0,15.98
0,16
0,15.98
0,15.96
0,15.96
0,15.96
0,15.96
0,15.98
0,15.98
0,15.98
0,15.98
0,15.96
0,15.96
0,15.98
0,15.98
0,16
0,15.99
0,15.97
0,15.98
0,15.98
0,15.99
0,15.97
0,15.96
0,15.97
0,15.96
0,15.97
0,15.98
0,15.98
0,15.98
0,15.99
0,16.01
0,16.01
0,16
0,16
0,16
0,16.01
0,15.99
0,15.98
0,15.96
0,15.98
0,15.96
0,15.95
0,15.94
0,15.94
0,15.93
0,15.94
0,15.94
0,15.94
0,15.94
0,15.94
0,15.94
0,15.94
0,15.96
0,15.96
0,15.96
0,15.96
0,15.96
0,15.96
0,15.96
0,15.98
0,15.98
0,15.96
0,15.94
0,15.95
0,15.94
0,15.95
0,15.97
0,15.98
0,15.98
0,16
0,16.01
0,16.02
0,16.04
0,16.03
0,16.02
0,16.01
0,16
0,16
0,16.01
0,16.01
0,16.01
0,16.01
0,15.99
0,16.01
0,16.02
0,16.01
0,16.01
0,16.02
0,16.02
0,16.02
0,16.02
0,16.01
0,16.02
0,16.04
0,16.05
0,16.06
0,16.06
0,16.06
0,16.06
0,16.08
0,16.08
0,16.09
0,16.08
0,16.08
0,16.07
0,16.07
0,16.06
0,16.06
0,16.06
0,16.06
0,16.04
0,16.05
0,16.05
0,16.05
0,16.05
0,16.02
0,16.02
0,16.04
0,16.04
0,16.02
0,16.02
0,16.02
0,16.03
0,16.04
0,16.04
0,16.02
0,16.02
0,16.02
0,16.02
0,16.02
0,16.04
0,16.05
0,16.03
0,16.02
0,16
0,16
0,16
0,16
0,16
0,16
0,16
0,16
0,15.98
0,16
0,15.99
0,16
0,15.99
0,15.98
0,15.99
0,15.98
0,15.98
0,15.98
0,15.98
0,15.98
0,15.98
0,15.96
0,15.98
0,15.98
0,15.98
0,15.98
0,15.96
0,15.97
0,15.95
0,15.96
0,15.94
0,15.94
0,15.94
0,15.95
0,15.94
0,15.97
0,15.98
0,15.98
0,15.98
0,15.98
0,16
0,16.01
0,16.02
0,16.01
0,16
0,16
0,15.98
0,15.98
0,15.97
0,15.98
0,16
0,15.98
0,15.98
0,15.98
0,15.98
0,15.98
0,15.98
0,15.98
0,15.99
0,16
0,16
0,16.01
0,16.01
0,16.02
0,16.01
0,16.02
0,16.04
0,16.05
0,16.06
0,16.06
0,16.05
0,16.04
0,16.04
0,16.04
0,16.02
0,16.01
0,16.01
0,16.02
0,16.03
0,16.07
0,16.07
0,16.09
0,16.1
0,16.09
0,16.08
0,16.1
0,16.09
0,16.08
0,16.08
0,16.06
0,16.07
0,16.1
0,16.09
0,16.11
0,16.1
0,16.1
0,16.08
0,16.1
0,16.09
0,16.08
0,16.08
0,16.09
0,16.1
0,16.1
0,16.1
0,16.1
0,16.13
0,16.13
0,16.12
0,16.12
0,16.12
0,16.1
0,16.11
0,16.12
0,16.09
0,16.09
0,16.12
0,16.12
0,16.15
0,16.16
0,16.14
0,16.13
0,16.15
0,16.15
0,16.14
0,16.13
0,16.15
0,16.16
0,16.16
0,16.17
0,16.15
0,16.13
0,16.16
0,16.13
0,16.12
0,16.13
0,16.12
0,16.13
0,16.12
0,16.13
0,16.12
0,16.1
0,16.13
0,16.14
0,16.15
0,16.15
0,16.16
0,16.16
0,16.16
0,16.17
0,16.16
0,16.16
0,16.15
0,16.16
0,16.16
0,16.17
0,16.18
0,16.19
0,16.19
0,16.18
0,16.17
0,16.16
0,16.17
0,16.17
0,16.15
0,16.14
0,16.14
0,16.14
0,16.14
0,16.15
0,16.13
0,16.14
0,16.13
0,16.14
0,16.15
0,16.13
0,16.14
0,16.15
0,16.14
0,16.15
0,16.16
0,16.17
0,16.18
0,16.19
0,16.18
0,16.17
0,16.15
0,16.14
0,16.13
0,16.14
0,16.13
0,16.15
0,16.15
0,16.15
0,16.15
0,16.16
0,16.18
0,16.18
0,16.18
0,16.17
0,16.18
0,16.17
0,16.16
0,16.17
0,16.17
0,16.16
0,16.16
0,16.16
0,16.16
0,16.16
0,16.16
0,16.15
0,16.16
0,16.16
0,16.17
0,16.19
0,16.2
0,16.2
0,16.16
0,16.17
0,16.16
0,16.17
0,16.17
0,16.16
0,16.16
0,16.17
0,16.16
0,16.18
0,16.17
0,16.17
0,16.16
0,16.15
0,16.16
0,16.17
0,16.16
0,16.16
0,16.15
0,16.16
0,16.16
0,16.16
0,16.16
0,16.16
0,16.16
0,16.16
0,16.14
0,16.24
0,16.24
0,16.24
0,16.25
0,16.25
0,16.25
0,16.26
0,16.26
0,16.28
0,16.27
0,16.28
0,16.29
0,16.29
0,16.31
0,16.3
0,16.3
0,16.32
0,16.3
0,16.31
0,16.33
0,16.34
0,16.33
0,16.31
0,16.31
0,16.3
0,16.3
0,16.29
0,16.3
0,16.3
0,16.31
0,16.3
0,16.3
0,16.31
0,16.31
0,16.29
0,16.31
0,16.31
0,16.31
0,16.3
0,16.29
0,16.3
0,16.28
0,16.3
0,16.3
0,16.3
0,16.3
0,16.3
0,16.3
0,16.31
0,16.34
0,16.33
0,16.33
0,16.34
0,16.36
0,16.37
0,16.35
0,16.34
0,16.34
0,16.33
0,16.33
0,16.33
0,16.32
0,16.31
0,16.3
0,16.29
0,16.3
0,16.29
0,16.3
0,16.32
0,16.32
0,16.33
0,16.29
0,16.3
0,16.3
0,16.28
0,16.3
0,16.3
0,16.29
0,16.3
0,16.3
0,16.28
0,16.27
0,16.28
0,16.3
0,16.32
0,16.34
0,16.33
0,16.32
0,16.31
0,16.3
0,16.33
0,16.32
0,16.34
0,16.33
0,16.32
0,16.33
0,16.3
0,16.29
0,16.31
0,16.31
0,16.3
0,16.3
0,16.3
0,16.05
0,16.06
0,16.06
0,16.06
0,16.06
0,16.06
0,16.05
0,16.05
0,16.04
0,16.05
0,16.06
0,16.06
0,16.06
0,16.06
0,16.06
0,16.03
0,16.02
0,16
0,16
0,16
0,15.98
0,15.98
0,15.98
0,15.98
0,16
0,16
0,15.99
0,15.97
0,15.96
0,15.96
0,15.97
0,15.97
0,15.98
0,16.02
0,16
0,16.01
0,16.02
0,16.04
0,16.05
0,16.03
0,16.04
0,16.07
0,16.05
0,16.07
0,16.06
0,16.04
0,16.06
0,16.04
0,16.05
0,16.04
0,16.06
0,16.05
0,16.04
0,16.06
0,16.08
0,16.1
0,16.09
0,16.12
0,16.11
0,16.12
0,16.13
0,16.16
0,16.16
0,16.16
0,16.18
0,16.19
0,16.21
0,16.23
0,16.2
0,16.22
0,16.21
0,16.23
0,16.24
0,16.24
0,16.22
0,16.2
0,16.22
0,16.24
0,16.23
0,16.22
0,16.21
0,16.22
0,16.22
0,16.22
0,16.2
0,16.22
0,16.22
0,16.21
0,16.22
0,16.2
0,16.2
0,16.22
0,16.23
0,16.24
0,16.25
0,16.26
0,16.25
0,16.26
0,16.24
0,16.26
0,16.26
0,16.26
0,16.27
0,16.28
0,16.28
0,16.3
0,16.3
0,16.34
0,16.31
0,16.31
0,16.3
0,16.31
0,16.3
0,16.29
0,16.3
0,16.3
0,16.3
0,16.3
0,16.31
0,16.31
0,16.31
0,16.31
0,16.33
0,16.33
0,16.33
0,16.34
0,16.34
0,16.36
0,16.35
0,16.35
0,16.36
0,16.35
0,16.35
0,16.34
0,16.34
0,16.33
0,16.34
0,16.36
0,16.35
0,16.34
0,16.35
0,16.36
0,16.35
0,16.35
0,16.35
0,16.36
0,16.37
0,16.38
0,16.37
0,16.37
0,16.37
0,16.37
0,16.37
0,16.36
0,16.35
0,16.34
0,16.34
0,16.34
0,16.33
0,16.31
0,16.3
0,16.3
0,16.28
0,16.3
0,16.28
0,16.28
0,16.27
0,16.27
0,16.27
0,16.26
0,16.26
0,16.27
0,16.26
0,16.26
0,16.26
0,16.27
0,16.27
0,16.28
0,16.27
0,16.28
0,16.27
0,16.27
0,16.28
0,16.27
0,16.28
0,16.27
0,16.28
0,16.27
0,16.28
0,16.26
0,16.26
0,16.25
0,16.25
0,16.24
0,16.25
0,16.24
0,16.23
0,16.25
0,16.26
0,16.26
0,16.26
0,16.26
0,16.26
0,16.26
0,16.26
0,16.26
0,16.26
0,16.26
0,16.26
0,16.25
0,16.26
0,16.26
0,16.28
0,16.27
0,16.28
0,16.28
0,16.27
0,16.28
0,16.29
0,16.3
0,16.28
0,16.3
0,16.3
0,16.3
0,16.31
0,16.32
0,16.31
0,16.31
0,16.3
0,16.31
0,16.3
0,16.3
0,16.29
0,16.28
0,16.29
0,16.28
0,16.28
0,16.27
0,16.28
0,16.26
0,16.28
0,16.29
0,16.31
0,16.3
0,16.31
0,16.33
0,16.31
0,16.33
0,16.33
0,16.34
0,16.34
0,16.33
0,16.32
0,16.33
0,16.36
0,16.37
0,16.34
0,16.33
0,16.36
0,16.37
0,16.38
0,16.39
0,16.4
0,16.4
0,16.42
0,16.41
0,16.41
0,16.42
0,44.68
0,44.64
0,44.84
0,44.73
0,44.9
0,44.58
0,44.72
0,44.78
0,44.89
0,44.96
0,44.93
0,44.96
0,44.94
0,44.84
0,44.89
0,44.94
0,44.92
0,44.87
0,44.87
0,44.84
0,44.85
0,44.86
0,44.81
0,44.72
0,44.71
0,44.76
0,44.76
0,44.82
0,44.8
0,44.81
0,44.83
0,44.8
0,44.78
0,44.83
0,44.88
0,44.86
0,44.86
0,44.86
0,44.86
0,44.86
0,44.96
0,44.98
0,44.94
0,44.94
0,44.92
0,44.88
0,44.86
0,44.92
0,45.02
0,44.98
0,45
0,44.96
0,45
0,45.03
0,45.06
0,45.04
0,45.08
0,44.98
0,44.96
0,44.98
0,44.96
0,44.94
0,44.9
0,44.92
0,44.92
0,44.94
0,44.92
0,44.92
0,44.93
0,44.92
0,44.96
0,45
0,44.96
0,44.97
0,45
0,45.04
0,45.06
0,45.08
0,45.1
0,45.07
0,45.03
0,45.01
0,45.07
0,45.12
0,45.13
0,45.1
0,45.1
0,45.1
0,45.1
0,45.07
0,45.04
0,45
0,44.96
0,44.98
0,45.01
0,45.08
0,45.09
0,45.12
0,45.1
0,45.11
0,45.14
0,45.14
0,45.15
0,45.2
0,45.21
0,45.25
0,45.22
0,45.22
0,45.18
0,45.2
0,45.32
0,45.32
0,45.32
0,45.32
0,45.28
0,45.28
0,45.28
0,45.33
0,45.27
0,45.22
0,45.21
0,45.22
0,45.16
0,45.18
0,45.18
0,45.21
0,45.2
0,45.21
0,45.18
0,45.18
0,45.19
0,45.28
0,45.34
0,45.32
0,45.36
0,45.38
0,45.39
0,45.36
0,45.37
0,45.33
0,45.38
0,45.29
0,45.31
0,45.32
0,45.31
0,45.21
0,45.25
0,45.26
0,45.21
0,45.18
0,45.18
0,45.18
0,45.18
0,45.18
0,45.2
0,45.14
0,45.18
0,45.11
0,45.14
0,45.09
0,45.08
0,45.08
0,45.1
0,45.11
0,45.12
0,45.18
0,45.14
0,45.16
0,45.15
0,45.14
0,45.12
0,45.12
0,45.11
0,45.12
0,45.13
0,45.06
0,45.07
0,45.09
0,45.13
0,45.08
0,45.08
0,45.09
0,45.04
0,45.06
0,45.06
0,45.08
0,45.07
0,45.17
0,45.2
0,45.21
0,45.18
0,45.15
0,45.18
0,45.17
0,45.18
0,45.19
0,45.22
0,45.23
0,45.22
0,45.2
0,45.2
0,45.16
0,45.14
0,45.12
0,45.12
0,45.13
0,45.12
0,45.16
0,45.16
0,45.2
0,45.18
0,45.16
0,45.18
0,45.18
0,45.17
0,45.16
0,45.25
0,45.24
0,45.26
0,45.25
0,45.24
0,45.24
0,45.26
0,45.22
0,45.21
0,45.23
0,45.22
0,45.23
0,45.22
0,45.23
0,45.22
0,45.16
0,45.16
0,45.14
0,45.17
0,45.25
0,45.24
0,45.28
0,45.34
0,45.37
0,45.35
0,45.36
0,45.34
0,45.36
0,45.39
0,45.35
0,45.34
0,45.32
0,45.27
0,45.29
0,45.31
0,45.32
0,45.35
0,45.35
0,45.31
0,45.32
0,45.33
0,45.32
0,45.33
0,45.37
0,45.39
0,45.41
0,45.42
0,45.42
0,45.44
0,45.41
0,45.42
0,45.43
0,45.46
0,45.46
0,45.52
0,45.46
0,45.46
0,45.46
0,45.5
0,45.51
0,45.46
0,45.44
0,45.36
0,45.38
0,45.4
0,45.34
0,45.32
0,45.34
0,45.34
0,45.35
0,45.33
0,45.32
0,45.36
0,45.34
0,45.35
0,45.34
0,45.36
0,45.36
0,45.38
0,45.38
0,45.38
0,45.36
0,45.36
0,45.31
0,45.33
0,45.39
0,45.44
0,45.48
0,45.5
0,45.51
0,45.43
0,45.44
0,45.48
0,45.46
0,45.48
0,45.46
0,45.44
0,45.42
0,45.42
0,45.46
0,45.45
0,45.44
0,45.48
0,45.48
0,45.5
0,45.5
0,45.5
0,45.48
0,45.48
0,45.44
0,45.42
0,45.44
0,45.42
0,45.4
0,45.38
0,45.38
0,45.42
0,45.44
0,45.42
0,45.37
0,45.34
0,45.36
0,45.36
0,45.34
0,45.33
0,45.33
0,45.3
0,45.32
0,45.35
0,45.36
0,45.34
0,45.32
0,45.34
0,45.3
0,45.32
0,45.32
0,45.31
0,45.32
0,45.32
0,45.36
0,45.4
0,45.44
0,45.38
0,45.35
0,45.37
0,45.33
0,45.32
0,45.37
0,45.4
0,45.4
0,45.41
0,45.4
0,45.47
0,45.42
0,45.36
0,45.37
0,45.34
0,45.36
0,45.39
0,45.33
0,45.42
0,45.39
0,45.39
0,45.39
0,45.4
0,45.4
0,45.42
0,45.45
0,45.43
0,45.4
0,45.48
0,45.52
0,45.5
0,45.49
0,45.37
0,45.39
0,45.38
0,45.41
0,45.5
0,45.55
0,45.47
0,45.42
0,45.46
0,45.52
0,45.47
0,45.42
0,45.39
0,45.42
0,45.39
0,45.44
0,45.36
0,45.4
0,45.44
0,45.46
0,45.4
0,45.42
0,45.38
0,45.4
0,45.46
0,45.49
0,45.56
0,45.55
0,45.54
0,45.52
0,45.38
0,45.32
0,45.38
0,45.3
0,45.24
0,45.24
0,45.32
0,45.32
0,45.3
0,45.32
0,45.31
0,45.26
0,45.28
0,45.22
0,45.22
0,45.19
0,45.24
0,45.24
0,45.22
0,45.26
0,45.33
0,45.32
0,45.36
0,45.32
0,45.35
0,45.33
0,45.37
0,45.44
0,45.41
0,45.39
0,45.34
0,45.3
0,45.25
0,45.22
0,45.16
0,45.17
0,45.14
0,45.06
0,45.09
0,45.06
0,45.12
0,45.12
0,45.14
0,45.14
0,45.08
0,45.07
0,45.1
0,45.12
0,45.12
0,45.08
0,45.08
0,45.12
0,45.14
0,45.12
0,45.1
0,45.14
0,45.18
0,45.2
0,45.21
0,45.25
0,45.29
0,45.27
0,45.26
0,45.28
0,45.27
0,45.25
0,45.23
0,45.24
0,45.2
0,45.19
0,45.25
0,45.3
0,45.32
0,45.3
0,45.31
0,45.28
0,45.32
0,45.3
0,45.3
0,45.32
0,45.32
0,45.34
0,45.33
0,45.34
0,45.32
0,45.18
0,45.15
0,45.14
0,45.1
0,45.1
0,45.12
0,45.13
0,45.14
0,45.06
0,45.14
0,45.14
0,45.18
0,45.2
0,45.24
0,45.2
0,45.22
0,45.18
0,45.24
0,45.26
0,45.3
0,45.34
0,45.28
0,45.34
0,45.36
0,45.3
0,45.3
0,45.28
0,45.22
0,45.22
0,45.17
0,45.19
0,45.21
0,45.2
0,45.18
0,45.13
0,45.16
0,45.11
0,45.16
0,45.08
0,45.08
0,45.07
0,45.04
0,45.02
0,45.03
0,45.08
0,45.05
0,45.06
0,45.1
0,45.11
0,45.08
0,45.07
0,45.07
0,45.02
0,45
0,45
0,45.04
0,45.1
0,45.08
0,45.1
0,45.14
0,45.12
0,45.1
0,45.06
0,45.05
0,45.08
0,45.09
0,45.11
0,45.1
0,45.11
0,45.08
0,45.11
0,45.08
0,45.09
0,45.02
0,45
0,45.03
0,45.06
0,45.04
0,45
0,44.98
0,44.98
0,45.01
0,45.05
0,45.06
0,45.06
0,45.04
0,45.05
0,45.11
0,45.08
0,45.1
0,45.1
0,45.08
0,45.06
0,45.09
0,45.1
0,45.08
0,45.06
0,45.04
0,45.04
0,44.98
0,44.97
0,44.98
0,44.89
0,44.88
0,44.88
0,44.88
0,44.86
0,44.9
0,44.9
0,44.89
0,44.9
0,44.78
0,44.73
0,44.66
0,44.67
0,44.63
0,44.62
0,44.68
0,44.68
0,44.66
0,44.64
0,44.69
0,44.72
0,44.75
0,44.74
0,44.71
0,44.75
0,44.77
0,44.76
0,44.76
0,44.72
0,44.72
0,44.75
0,44.79
0,44.82
0,44.84
0,44.83
0,44.82
0,44.87
0,44.89
0,44.91
0,44.86
0,44.89
0,44.88
0,44.82
0,44.84
0,44.82
0,44.82
0,44.8
0,44.76
0,44.74
0,44.74
0,44.72
0,44.73
0,44.68
0,44.7
0,44.67
0,44.68
0,44.73
0,44.71
0,44.71
0,44.72
0,44.75
0,44.78
0,44.8
0,44.79
0,44.86
0,44.83
0,44.8
0,44.8
0,44.77
0,44.78
0,44.74
0,44.78
0,44.78
0,44.81
0,44.76
0,44.75
0,44.75
0,44.72
0,44.74
0,44.73
0,44.73
0,44.72
0,44.75
0,44.78
0,44.78
0,44.78
0,44.74
0,44.76
0,44.78
0,44.74
0,44.74
0,44.75
0,44.76
0,44.73
0,44.7
0,44.68
0,44.68
0,44.66
0,44.64
0,44.62
0,44.58
0,44.6
0,44.58
0,44.58
0,44.6
0,44.56
0,44.58
0,44.56
0,44.58
0,44.58
0,44.49
0,44.5
0,44.55
0,44.5
0,44.46
0,44.49
0,44.47
0,44.48
0,44.44
0,44.45
0,44.45
0,44.43
0,44.44
0,44.44
0,44.45
0,44.47
0,44.48
0,44.45
0,44.4
0,44.45
0,44.46
0,44.44
0,44.52
0,44.51
0,44.54
0,44.52
0,44.55
0,44.5
0,44.46
0,44.47
0,44.47
0,44.52
0,44.5
0,44.48
0,44.5
0,44.57
0,44.56
0,44.57
0,44.55
0,44.5
0,44.47
0,44.48
0,44.44
0,44.42
0,44.48
0,44.51
0,44.52
0,44.52
0,44.54
0,44.5
0,44.51
0,44.52
0,44.53
0,44.53
0,44.56
0,44.5
0,44.44
0,44.46
0,44.4
0,44.42
0,44.42
0,44.44
0,45.15
0,45.18
0,45.14
0,45.07
0,45
0,44.97
0,44.98
0,45.04
0,45.1
0,45.08
0,45.04
0,45
0,45.02
0,45.08
0,45.08
0,45.07
0,45.12
0,45.1
0,45.04
0,45.07
0,45.08
0,45.02
0,45.05
0,45.06
0,45.04
0,45.06
0,45.08
0,45.12
0,45.14
0,45.08
0,45.11
0,45.12
0,45.16
0,45.2
0,45.2
0,45.2
0,45.2
0,45.12
0,45.1
0,45.1
0,45.1
0,45.11
0,45.12
0,45.12
0,45.1
0,45.06
0,45.08
0,45.04
0,45
0,45.04
0,44.96
0,44.89
0,44.96
0,45.04
0,45.06
0,45.06
0,45.1
0,45.07
0,45.1
0,45.13
0,45.12
0,45.11
0,45.11
0,45.12
0,45.08
0,45.06
0,45.08
0,45.04
0,45.06
0,45.03
0,44.98
0,44.98
0,44.96
0,44.97
0,44.96
0,44.9
0,44.89
0,44.91
0,44.94
0,44.89
0,44.84
0,44.84
0,44.85
0,44.86
0,44.88
0,44.84
0,44.85
0,44.88
0,44.91
0,44.94
0,44.92
0,45
0,45.02
0,45.03
0,45.04
0,45.06
0,45.05
0,45
0,44.97
0,44.98
0,45.02
0,45.04
0,45.02
0,45.04
0,45.04
0,45
0,44.98
0,44.92
0,44.92
0,44.94
0,44.94
0,44.93
0,44.92
0,44.82
0,44.82
0,44.81
0,44.84
0,44.81
0,44.79
0,44.79
0,44.8
0,44.79
0,44.79
0,44.82
0,44.84
0,44.85
0,44.86
0,44.88
0,44.88
0,44.82
0,44.84
0,44.87
0,44.86
0,44.85
0,44.9
0,44.84
0,44.89
0,44.88
0,44.89
0,44.94
0,44.92
0,44.94
0,44.94
0,44.94
0,44.94
0,44.94
0,44.9
0,44.94
0,44.92
0,44.94
0,44.92
0,44.92
0,44.89
0,44.86
0,44.8
0,44.82
0,44.84
0,44.85
0,44.86
0,44.84
0,44.88
0,44.86
0,44.86
0,44.88
0,44.87
0,44.88
0,44.89
0,44.88
0,44.9
0,44.93
0,44.96
0,44.94
0,44.94
0,44.98
0,44.96
0,44.93
0,44.96
0,44.98
0,44.98
0,44.98
0,44.98
0,44.95
0,44.93
0,44.96
0,44.94
0,44.96
0,44.96
0,44.95
0,44.94
0,44.95
0,44.93
0,44.94
0,44.97
0,44.96
0,45
0,44.99
0,44.96
0,45
0,44.99
0,45
0,45
0,45
0,44.97
0,44.99
0,44.98
0,44.98
0,45
0,45
0,44.98
0,44.97
0,44.98
0,44.96
0,45.01
0,45.04
0,45.06
0,45.08
0,45.08
0,45.08
0,45.1
0,45.09
0,45.09
0,45.08
0,45.08
0,45.07
0,45.06
0,45.02
0,45.02
0,45
0,45.02
0,45
0,44.98
0,45
0,45
0,44.98
0,44.98
0,44.96
0,44.97
0,44.97
0,44.96
0,44.97
0,44.96
0,45
0,44.99
0,45
0,44.98
0,44.96
0,44.93
0,44.91
0,44.93
0,44.96
0,44.92
0,44.88
0,44.87
0,44.83
0,44.85
0,44.88
0,44.88
0,44.86
0,44.9
0,44.9
0,44.88
0,44.88
0,44.88
0,44.9
0,44.89
0,44.88
0,44.92
0,44.86
0,44.87
0,44.88
0,44.93
0,44.92
0,44.91
0,44.87
0,44.86
0,44.85
0,44.8
0,44.76
0,44.72
0,44.74
0,44.74
0,44.74
0,44.74
0,44.78
0,44.73
0,44.74
0,44.73
0,44.78
0,44.78
0,44.8
0,44.75
0,44.79
0,44.78
0,44.8
0,44.82
0,44.83
0,44.84
0,44.85
0,44.84
0,44.86
0,44.83
0,44.85
0,44.84
0,44.84
0,44.83
0,44.84
0,44.82
0,44.84
0,44.85
0,44.84
0,44.84
0,44.86
0,44.84
0,44.82
0,44.78
0,44.75
0,44.71
0,44.75
0,44.78
0,44.74
0,44.72
0,44.76
0,44.74
0,44.75
0,44.77
0,44.73
0,44.73
0,44.74
0,44.74
0,44.82
0,44.77
0,44.78
0,44.78
0,44.79
0,44.8
0,44.79
0,44.77
0,44.75
0,44.76
0,44.78
0,44.82
0,44.79
0,44.8
0,44.81
0,44.84
0,44.84
0,44.84
0,44.78
0,44.84
0,44.81
0,44.72
0,44.75
0,44.75
0,44.72
0,44.73
0,44.76
0,44.8
0,44.78
0,44.78
0,44.82
0,44.84
0,44.78
0,44.82
0,44.82
0,44.82
0,44.83
0,44.84
0,44.8
0,44.8
0,44.82
0,44.83
0,44.82
0,44.82
0,44.84
0,44.84
0,44.88
0,44.89
0,44.92
0,44.91
0,44.88
0,44.9
0,44.92
0,44.89
0,44.88
0,44.94
0,44.96
0,44.92
0,44.92
0,44.88
0,44.86
0,44.82
0,44.82
0,44.81
0,44.81
0,44.72
0,44.75
0,44.7
0,44.7
0,44.78
0,44.84
0,44.84
0,44.82
0,44.86
0,44.88
0,44.77
0,44.79
0,44.8
0,44.82
0,44.74
0,44.74
0,44.75
0,44.78
0,44.78
0,44.82
0,44.78
0,44.82
0,44.89
0,44.82
0,44.88
0,44.91
0,44.98
0,45.02
0,45.04
0,45.04
0,45.02
0,45.02
0,45.05
0,44.98
0,44.98
0,44.97
0,44.98
0,45.03
0,45
0,45
0,45.01
0,45.02
0,45.05
0,45
0,44.98
0,44.92
0,44.97
0,44.98
0,45.03
0,45.02
0,45.08
0,45.04
0,45.08
0,45.06
0,45.03
0,45.04
0,45.04
0,45.08
0,45.08
0,45.14
0,45.14
0,45.1
0,45.1
0,45.1
0,45.05
0,45.06
0,45.02
0,45.08
0,45.12
0,45.15
0,45.18
0,45.15
0,45.16
0,45.12
0,45.12
0,45.12
0,45.14
0,45.2
0,45.16
0,45.14
0,45.1
0,45.1
0,45.05
0,45.06
0,45.05
0,45.12
0,45.11
0,45.1
0,45.09
0,45.1
0,45.07
0,45.04
0,45.02
0,45.04
0,45.01
0,45.02
0,45.04
0,45.02
0,44.96
0,44.98
0,44.98
0,45.02
0,45.01
0,45.02
0,45.03
0,45.04
0,45.06
0,45.08
0,45.1
0,45.1
0,45.1
0,45.14
0,45.16
0,45.16
0,45.16
0,45.14
0,45.12
0,45.15
0,45.14
0,45.16
0,45.24
0,45.2
0,45.22
0,45.22
0,45.25
0,45.24
0,45.28
0,45.25
0,45.28
0,45.28
0,45.27
0,45.25
0,45.24
0,45.25
0,45.22
0,45.23
0,45.26
0,45.3
0,45.28
0,45.3
0,45.32
0,45.32
0,45.32
0,45.34
0,45.34
0,45.31
0,45.33
0,45.31
0,45.31
0,45.3
0,45.33
0,45.33
0,45.31
0,45.28
0,45.33
0,45.31
0,45.34
0,45.31
0,45.27
0,45.26
0,45.24
0,45.24
0,45.28
0,45.28
0,45.29
0,45.3
0,45.33
0,45.34
0,45.39
0,45.4
0,45.4
0,45.37
0,45.36
0,45.38
0,45.36
0,45.35
0,45.37
0,45.38
0,45.4
0,45.42
0,45.38
0,45.4
0,45.42
0,45.41
0,45.46
0,45.36
0,45.32
0,45.33
0,45.31
0,45.35
0,45.37
0,45.38
0,45.39
0,45.39
0,45.38
0,45.34
0,45.34
0,45.37
0,45.38
0,45.42
0,45.43
0,45.46
0,45.46
0,45.48
0,45.48
0,45.5
0,45.5
0,45.54
0,45.51
0,45.53
0,45.53
0,45.51
0,45.53
0,45.5
0,45.51
0,45.53
0,45.56
0,45.54
0,45.54
0,45.54
0,45.53
0,45.52
0,45.55
0,45.57
0,45.54
0,45.6
0,45.59
0,45.58
0,45.58
0,45.58
0,45.59
0,45.55
0,45.54
0,45.53
0,45.52
0,45.53
0,45.52
0,45.56
0,45.56
0,45.61
0,45.6
0,45.6
0,45.58
0,45.56
0,45.55
0,45.56
0,45.56
0,45.58
0,45.58
0,45.56
0,45.56
0,45.48
0,45.44
0,45.46
0,45.43
0,45.42
0,45.42
0,45.44
0,45.42
0,45.4
0,45.4
0,45.42
0,45.42
0,45.4
0,45.39
0,45.42
0,45.42
0,45.43
0,45.44
0,45.43
0,45.43
0,45.42
0,45.42
0,45.35
0,45.38
0,45.36
0,45.4
0,45.38
0,45.4
0,45.4
0,45.42
0,45.41
0,45.43
0,45.44
0,45.46
0,45.48
0,45.45
0,45.46
0,45.48
0,45.44
0,45.46
0,45.44
0,45.42
0,45.41
0,45.44
0,45.43
0,45.42
0,45.45
0,45.43
0,45.4
0,45.41
0,45.41
0,45.38
0,45.4
0,45.39
0,45.39
0,45.41
0,45.42
0,45.4
0,45.39
0,45.38
0,45.38
0,45.4
0,45.38
0,45.38
0,45.34
0,45.36
0,45.31
0,45.32
0,45.29
0,45.28
0,45.27
0,45.27
0,45.3
0,45.3
0,45.32
0,45.32
0,45.34
0,45.37
0,45.38
0,45.38
0,45.39
0,45.38
0,45.39
0,45.39
0,45.39
0,45.39
0,45.38
0,45.39
0,45.4
0,45.42
0,45.4
0,45.44
0,45.46
0,45.46
0,45.44
0,45.45
0,45.46
0,45.52
0,45.52
0,45.52
0,45.53
0,45.52
0,45.53
0,45.52
0,45.5
0,45.43
0,45.44
0,45.44
0,45.42
0,45.47
0,45.48
0,45.48
0,45.46
0,45.42
0,45.41
0,45.39
0,45.32
0,45.32
0,45.32
0,45.42
0,45.39
0,45.4
0,45.36
0,45.38
0,45.34
0,45.34
0,45.36
0,45.36
0,45.32
0,45.25
0,45.19
0,45.21
0,45.2
0,45.41
0,45.53
0,45.68
0,45.56
0,45.42
0,45.42
0,45.51
0,45.58
0,45.59
0,45.6
0,45.56
0,45.58
0,45.62
0,45.58
0,45.62
0,45.58
0,45.52
0,45.47
0,45.4
0,45.44
0,45.42
0,45.47
0,45.49
0,45.52
0,45.5
0,45.48
0,45.48
0,45.5
0,45.52
0,45.48
0,45.5
0,45.48
0,45.44
0,45.52
0,45.5
0,45.51
0,45.47
0,45.47
0,45.52
0,45.48
0,45.46
0,45.45
0,45.38
0,45.33
0,45.3
0,45.23
0,45.24
0,45.25
0,45.19
0,45.22
0,45.18
0,45.19
0,45.24
0,45.18
0,45.18
0,45.2
0,45.24
0,45.28
0,45.26
0,45.29
0,45.25
0,45.24
0,45.18
0,45.2
0,45.14
0,45.19
0,45.17
0,45.18
0,45.17
0,45.24
0,45.24
0,45.2
0,45.14
0,45.19
0,45.15
0,45.1
0,45.06
0,45.08
0,45.1
0,45.07
0,45.06
0,45.09
0,45.1
0,45.1
0,45.06
0,45.08
0,45.1
0,45.08
0,45.09
0,45.1
0,45.07
0,45.13
0,45.08
0,45.11
0,45.1
0,45.1
0,45.06
0,45.02
0,45.02
0,45.02
0,45.01
0,44.98
0,44.98
0,44.97
0,44.96
0,44.92
0,44.96
0,45.02
0,45.04
0,45.05
0,45.06
0,45.05
0,45.02
0,45.02
0,45.02
0,45.04
0,45.03
0,45.04
0,45.04
0,45.02
0,44.95
0,44.93
0,44.92
0,44.92
0,44.92
0,44.88
0,44.92
0,44.9
0,44.89
0,44.92
0,44.94
0,44.94
0,44.91
0,44.89
0,44.9
0,44.88
0,44.85
0,44.9
0,44.89
0,44.88
0,44.89
0,44.91
0,44.94
0,44.94
0,44.98
0,44.98
0,45.02
0,45.02
0,45.04
0,45.04
0,45.07
0,45.07
0,45.06
0,45.08
0,45.09
0,45.08
0,45.07
0,45.11
0,45.1
0,45.11
0,45.12
0,45.08
0,45.09
0,45.1
0,45.1
0,45.12
0,45.12
0,45.14
0,45.12
0,45.16
0,45.15
0,45.19
0,45.18
0,45.18
0,45.18
0,45.2
0,45.23
0,45.24
0,45.23
0,45.22
0,45.24
0,45.22
0,45.21
0,45.22
0,45.16
0,45.14
0,45.13
0,45.14
0,45.13
0,45.12
0,45.14
0,45.18
0,45.22
0,45.22
0,45.21
0,45.2
0,45.22
0,45.2
0,45.17
0,45.09
0,45.04
0,45.04
0,45.06
0,45.12
0,45.1
0,45.15
0,45.12
0,45.16
0,45.13
0,45.14
0,45.14
0,45.15
0,45.14
0,45.13
0,45.19
0,45.2
0,45.23
0,45.24
0,45.2
0,45.22
0,45.2
0,45.19
0,45.17
0,45.2
0,45.2
0,45.25
0,45.25
0,45.28
0,45.25
0,45.24
0,45.24
0,45.26
0,45.28
0,45.3
0,45.26
0,45.25
0,45.25
0,45.22
0,45.24
0,45.25
0,45.26
0,45.26
0,45.29
0,45.3
0,45.3
0,45.3
0,45.3
0,45.28
0,45.28
0,45.28
0,45.28
0,45.29
0,45.28
0,45.27
0,45.26
0,45.26
0,45.22
0,45.22
0,45.25
0,45.29
0,45.29
0,45.28
0,45.29
0,45.32
0,45.34
0,45.36
0,45.34
0,45.34
0,45.32
0,45.33
0,45.36
0,45.33
0,45.36
0,45.36
0,45.32
0,45.32
0,45.34
0,45.32
0,45.32
0,45.33
0,45.32
0,45.37
0,45.37
0,45.36
0,45.36
0,45.36
0,45.38
0,45.38
0,45.36
0,45.35
0,45.36
0,45.34
0,45.33
0,45.32
0,45.31
0,45.3
0,45.32
0,45.32
0,45.3
0,45.32
0,45.32
0,45.32
0,45.35
0,45.34
0,45.35
0,45.34
0,45.36
0,45.36
0,45.39
0,45.39
0,45.41
0,45.42
0,45.39
0,45.4
0,45.39
0,45.38
0,45.35
0,45.32
0,45.32
0,45.36
0,45.34
0,45.3
0,45.29
0,45.26
0,45.25
0,45.28
0,45.28
0,45.28
0,45.26
0,45.32
0,45.28
0,45.3
0,45.32
0,45.32
0,45.31
0,45.3
0,45.24
0,45.25
0,45.28
0,45.3
0,45.29
0,45.3
0,45.31
0,45.3
0,45.31
0,45.32
0,45.34
0,45.34
0,45.34
0,45.34
0,45.34
0,45.34
0,45.32
0,45.32
0,45.35
0,45.36
0,45.36
0,45.36
0,45.34
0,45.36
0,45.38
0,45.38
0,45.42
0,45.42
0,45.39
0,45.39
0,45.39
0,45.38
0,45.36
0,45.36
0,45.34
0,45.34
0,45.32
0,45.28
0,45.28
0,45.34
0,45.32
0,45.34
0,45.34
0,45.34
0,45.3
0,45.3
0,45.36
0,45.34
0,45.37
0,45.39
0,45.36
0,45.32
0,45.36
0,45.36
0,45.54
0,45.61
0,45.78
0,45.62
0,45.59
0,45.68
0,45.7
0,45.78
0,45.74
0,45.64
0,45.61
0,45.65
0,45.61
0,45.56
0,45.54
0,45.52
0,45.58
0,45.5
0,45.59
0,45.54
0,45.52
0,45.58
0,45.54
0,45.58
0,45.58
0,45.55
0,45.57
0,45.6
0,45.59
0,45.59
0,45.61
0,45.64
0,45.66
0,45.67
0,45.64
0,45.66
0,45.67
0,45.56
0,45.52
0,45.57
0,45.56
0,45.63
0,45.58
0,45.56
0,45.58
0,45.54
0,45.56
0,45.56
0,45.57
0,45.54
0,45.52
0,45.53
0,45.53
0,45.52
0,45.56
0,45.58
0,45.55
0,45.56
0,45.54
0,45.51
0,45.48
0,45.44
0,45.41
0,45.41
0,45.45
0,45.42
0,45.42
0,45.38
0,45.42
0,45.4
0,45.36
0,45.35
0,45.34
0,45.33
0,45.32
0,45.32
0,45.29
0,45.33
0,45.32
0,45.32
0,45.32
0,45.33
0,45.32
0,45.31
0,45.29
0,45.28
0,45.33
0,45.34
0,45.32
0,45.32
0,45.34
0,45.36
0,45.4
0,45.46
0,45.5
0,45.49
0,45.5
0,45.44
0,45.41
0,45.38
0,45.42
0,45.41
0,45.39
0,45.39
0,45.42
0,45.42
0,45.42
0,45.39
0,45.38
0,45.38
0,45.36
0,45.32
0,45.36
0,45.39
0,45.44
0,45.46
0,45.44
0,45.42
0,45.44
0,45.47
0,45.44
0,45.42
0,45.42
0,45.4
0,45.39
0,45.4
0,45.46
0,45.46
0,45.4
0,45.37
0,45.42
0,45.4
0,45.41
0,45.44
0,45.4
0,45.4
0,45.46
0,45.45
0,45.41
0,45.41
0,45.43
0,45.43
0,45.42
0,45.43
0,45.49
0,45.47
0,45.46
0,45.48
0,45.43
0,45.4
0,45.4
0,45.37
0,45.33
0,45.35
0,45.34
0,45.34
0,45.35
0,45.38
0,45.34
0,45.34
0,45.34
0,45.33
0,45.34
0,45.34
0,45.34
0,45.34
0,45.4
0,45.4
0,45.4
0,45.39
0,45.4
0,45.38
0,45.38
0,45.4
0,45.45
0,45.48
0,45.49
0,45.52
0,45.48
0,45.48
0,45.48
0,45.46
0,45.46
0,45.46
0,45.46
0,45.46
0,45.47
0,45.46
0,45.46
0,45.47
0,45.5
0,45.5
0,45.5
0,45.5
0,45.5
0,45.53
0,45.55
0,45.53
0,45.52
0,45.51
0,45.5
0,45.53
0,45.55
0,45.54
0,45.58
0,45.54
0,45.53
0,45.52
0,45.5
0,45.53
0,45.5
0,45.5
0,45.5
0,45.51
0,45.5
0,45.48
0,45.46
0,45.48
0,45.49
0,45.5
0,45.43
0,45.44
0,45.48
0,45.49
0,45.49
0,45.5
0,45.48
0,45.5
0,45.51
0,45.5
0,45.48
0,45.49
0,45.49
0,45.48
0,45.48
0,45.48
0,45.46
0,45.48
0,45.46
0,45.46
0,45.44
0,45.4
0,45.4
0,45.44
0,45.44
0,45.44
0,45.42
0,45.44
0,45.46
0,45.46
0,45.47
0,45.46
0,45.46
0,45.44
0,45.44
0,45.45
0,45.44
0,45.4
0,45.42
0,45.41
0,45.38
0,45.38
0,45.37
0,45.38
0,45.39
0,45.4
0,45.43
0,45.48
0,45.5
0,45.47
0,45.43
0,45.47
0,45.45
0,45.44
0,45.44
0,45.44
0,45.48
0,45.5
0,45.48
0,45.46
0,45.44
0,45.48
0,45.45
0,45.44
0,45.42
0,45.37
0,45.3
0,45.3
0,45.3
0,45.29
0,45.27
0,45.3
0,45.28
0,45.28
0,45.26
0,45.29
0,45.29
0,45.27
0,45.31
0,45.31
0,45.32
0,45.32
0,45.29
0,45.28
0,45.32
0,45.3
0,45.28
0,45.3
0,45.32
0,45.32
0,45.32
0,45.34
0,45.36
0,45.37
0,45.38
0,45.38
0,45.38
0,45.35
0,45.34
0,45.36
0,45.39
0,45.38
0,45.36
0,45.36
0,45.36
0,45.35
0,45.32
0,45.35
0,45.37
0,45.37
0,45.36
0,45.38
0,45.36
0,45.35
0,45.32
0,45.32
0,45.33
0,45.3
0,45.31
0,45.3
0,45.3
0,45.32
0,45.32
0,45.31
0,45.34
0,45.34
0,45.32
0,45.32
0,45.33
0,45.32
0,45.3
0,45.27
0,45.27
0,45.26
0,45.23
0,45.2
0,45.21
0,45.21
0,45.25
0,45.27
0,45.29
0,45.25
0,45.28
0,45.28
0,45.26
0,45.28
0,45.28
0,45.26
0,45.29
0,45.31
0,45.29
0,45.25
0,45.24
0,45.2
0,45.19
0,45.22
0,45.21
0,45.22
0,45.2
0,45.22
0,45.16
0,45.21
0,45.26
0,45.28
0,45.22
0,45.22
0,45.22
0,45.28
0,45.4
0,45.48
0,45.38
0,45.41
0,45.42
0,45.46
0,45.43
0,45.39
0,45.34
0,45.28
0,45.34
0,45.32
0,45.34
0,45.38
0,45.38
0,45.32
0,45.3
0,45.26
0,45.33
0,45.35
0,45.35
0,45.38
0,45.39
0,45.37
0,45.39
0,45.41
0,45.34
0,45.35
0,45.32
0,45.36
0,45.38
0,45.42
0,45.44
0,45.43
0,45.45
0,45.42
0,45.44
0,45.46
0,45.48
0,45.52
0,45.52
0,45.48
0,45.46
0,45.45
0,45.4
0,45.32
0,45.36
0,45.34
0,45.36
0,45.37
0,45.39
0,45.39
0,45.42
0,45.46
0,45.48
0,45.48
0,45.46
0,45.48
0,45.46
0,45.44
0,45.44
0,45.47
0,45.48
0,45.45
0,45.45
0,45.46
0,45.47
0,45.49
0,45.46
0,45.46
0,45.42
0,45.44
0,45.46
0,45.48
0,45.45
0,45.46
0,45.47
0,45.51
0,45.52
0,45.52
0,45.57
0,45.56
0,45.54
0,45.56
0,45.57
0,45.52
0,45.53
0,45.54
0,45.55
0,45.56
0,45.55
0,45.58
0,45.6
0,45.57
0,45.6
0,45.62
0,45.64
0,45.64
0,45.62
0,45.65
0,45.69
0,45.7
0,45.72
0,45.68
0,45.7
0,45.7
0,45.72
0,45.71
0,45.69
0,45.71
0,45.73
0,45.74
0,45.68
0,45.7
0,45.7
0,45.7
0,45.66
0,45.7
0,45.69
0,45.7
0,45.72
0,45.75
0,45.73
0,45.76
0,45.76
0,45.75
0,45.75
0,45.8
0,45.8
0,45.8
0,45.8
0,45.8
0,45.79
0,45.8
0,45.78
0,45.83
0,45.82
0,45.79
0,45.79
0,45.8
0,45.8
0,45.81
0,45.82
0,45.8
0,45.78
0,45.8
0,45.84
0,45.84
0,45.86
0,45.82
0,45.8
0,45.8
0,45.78
0,45.74
0,45.75
0,45.75
0,45.72
0,45.7
0,45.73
0,45.72
0,45.73
0,45.71
0,45.75
0,45.74
0,45.74
0,45.71
0,45.73
0,45.72
0,45.72
0,45.73
0,45.72
0,45.72
0,45.74
0,45.74
0,45.73
0,45.78
0,45.8
0,45.78
0,45.78
0,45.79
0,45.78
0,45.76
0,45.75
0,45.76
0,45.78
0,45.74
0,45.74
0,45.74
0,45.74
0,45.75
0,45.72
0,45.72
0,45.74
0,45.74
0,45.76
0,45.74
0,45.81
0,45.8
0,45.82
0,45.8
0,45.83
0,45.82
0,45.81
0,45.78
0,45.81
0,45.79
0,45.82
0,45.78
0,45.78
0,45.79
0,45.75
0,45.79
0,45.76
0,45.72
0,45.67
0,45.62
0,45.62
0,45.6
0,45.6
0,45.62
0,45.61
0,45.6
0,45.58
0,45.56
0,45.57
0,45.59
0,45.59
0,45.58
0,45.56
0,45.56
0,45.58
0,45.58
0,45.58
0,45.6
0,45.6
0,45.6
0,45.6
0,45.64
0,45.62
0,45.6
0,45.62
0,45.63
0,45.64
0,45.62
0,45.62
0,45.6
0,45.58
0,45.55
0,45.55
0,45.55
0,45.54
0,45.56
0,45.56
0,45.58
0,45.56
0,45.62
0,45.58
0,45.62
0,45.61
0,45.6
0,45.58
0,45.58
0,45.58
0,45.58
0,45.6
0,45.58
0,45.6
0,45.6
0,45.64
0,45.64
0,45.64
0,45.65
0,45.69
0,45.68
0,45.68
0,45.71
0,45.68
0,45.73
0,45.71
0,45.72
0,45.75
0,45.72
0,45.74
0,45.72
0,45.75
0,45.74
0,45.75
0,45.76
0,45.78
0,45.78
0,45.81
0,45.76
0,45.78
0,45.78
0,45.76
0,45.77
0,45.76
0,45.77
0,45.78
0,45.78
0,45.78
0,45.8
0,45.79
0,45.82
0,45.84
0,45.84
0,45.82
0,45.83
0,45.81
0,45.8
0,45.86
0,45.86
0,45.87
0,45.83
0,45.86
0,45.84
0,45.8
0,45.77
0,45.76
0,45.72
0,45.74
0,45.72
0,45.71
0,45.72
0,45.7
0,45.72
0,45.75
0,45.76
0,45.8
0,45.8
0,45.8
0,45.83
0,45.8
0,45.8
0,45.8
0,45.81
0,45.78
0,45.77
0,45.74
0,45.73
0,45.74
0,45.75
0,45.74
0,45.75
0,45.76
0,45.77
0,45.78
0,45.76
0,45.77
0,45.8
0,45.8
0,45.8
0,45.81
0,45.81
0,45.81
0,45.83
0,45.84
0,45.8
0,45.82
0,45.84
0,45.81
0,45.8
0,45.8
0,45.77
0,45.78
0,45.79
0,45.81
0,45.84
0,45.82
0,45.8
0,45.8
0,45.86
0,45.86
0,45.82
0,45.8
0,45.75
0,45.74
0,45.79
0,45.8
0,45.82
0,45.78
0,45.79
0,45.75
0,45.78
0,45.79
0,45.78
0,45.66
0,45.6
0,45.66
0,45.6
0,45.64
0,45.64
0,45.66
0,45.59
0,45.6
0,45.54
0,45.54
0,45.54
0,45.48
0,45.43
0,45.42
0,45.54
0,45.49
0,45.5
0,45.54
0,45.54
0,45.56
0,45.56
0,45.54
0,45.53
0,45.54
0,45.53
0,45.46
0,45.49
0,45.48
0,45.46
0,45.53
0,45.5
0,45.49
0,45.53
0,45.5
0,45.5
0,45.49
0,45.54
0,45.52
0,45.54
0,45.57
0,45.58
0,45.53
0,45.5
0,45.5
0,45.5
0,45.44
0,45.45
0,45.44
0,45.44
0,45.46
0,45.44
0,45.45
0,45.46
0,45.44
0,45.42
0,45.38
0,45.38
0,45.4
0,45.41
0,45.38
0,45.4
0,45.44
0,45.44
0,45.41
0,45.44
0,45.44
0,45.42
0,45.4
0,45.42
0,45.44
0,45.44
0,45.47
0,45.47
0,45.48
0,45.49
0,45.5
0,45.49
0,45.5
0,45.54
0,45.56
0,45.53
0,45.54
0,45.56
0,45.58
0,45.61
0,45.64
0,45.64
0,45.64
0,45.66
0,45.67
0,45.64
0,45.64
0,45.65
0,45.62
0,45.64
0,45.64
0,45.64
0,45.67
0,45.68
0,45.68
0,45.62
0,45.62
0,45.61
0,45.6
0,45.6
0,45.56
0,45.61
0,45.64
0,45.68
0,45.69
0,45.69
0,45.68
0,45.68
0,45.68
0,45.68
0,45.68
0,45.69
0,45.69
0,45.72
0,45.72
0,45.72
0,45.72
0,45.68
0,45.72
0,45.73
0,45.77
0,45.78
0,45.77
0,45.77
0,45.77
0,45.77
0,45.78
0,45.74
0,45.74
0,45.74
0,45.75
0,45.76
0,45.8
0,45.82
0,45.84
0,45.82
0,45.8
0,45.82
0,45.8
0,45.74
0,45.74
0,45.78
0,45.75
0,45.76
0,45.77
0,45.8
0,45.78
0,45.81
0,45.76
0,45.78
0,45.81
0,45.85
0,45.81
0,45.79
0,45.76
0,45.72
0,45.75
0,45.72
0,45.72
0,45.76
0,45.76
0,45.74
0,45.75
0,45.74
0,45.72
0,45.72
0,45.72
0,45.76
0,45.76
0,45.76
0,45.78
0,45.82
0,45.76
0,45.76
0,45.73
0,45.74
0,45.72
0,45.75
0,45.76
0,45.78
0,45.78
0,45.8
0,45.82
0,45.84
0,45.83
0,45.82
0,45.86
0,45.84
0,45.8
0,45.8
0,45.75
0,45.77
0,45.76
0,45.79
0,45.8
0,45.78
0,45.8
0,45.77
0,45.78
0,45.79
0,45.76
0,45.78
0,45.78
0,45.78
0,45.78
0,45.74
0,45.72
0,45.72
0,45.72
0,45.7
0,45.71
0,45.7
0,45.66
0,45.66
0,45.66
0,45.67
0,45.68
0,45.65
0,45.64
0,45.63
0,45.66
0,45.64
0,45.63
0,45.63
0,45.6
0,45.6
0,45.62
0,45.63
0,45.64
0,45.63
0,45.64
0,45.65
0,45.66
0,45.67
0,45.64
0,45.64
0,45.68
0,45.64
0,45.66
0,45.7
0,45.68
0,45.68
0,45.66
0,45.68
0,45.69
0,45.68
0,45.7
0,45.7
0,45.7
0,45.72
0,45.72
0,45.71
0,45.73
0,45.74
0,45.72
0,45.72
0,45.74
0,45.74
0,45.72
0,45.7
0,45.73
0,45.74
0,45.71
0,45.71
0,45.7
0,45.71
0,45.74
0,45.74
0,45.74
0,45.74
0,45.75
0,45.72
0,45.74
0,45.74
0,45.74
0,45.74
0,45.72
0,45.72
0,45.69
0,45.7
0,45.72
0,45.75
0,45.74
0,45.74
0,45.72
0,45.72
0,45.74
0,45.74
0,45.75
0,45.76
0,45.74
0,45.74
0,45.74
0,45.73
0,45.72
0,45.7
0,45.72
0,45.68
0,45.66
0,45.66
0,45.64
0,45.65
0,45.66
0,45.66
0,45.65
0,45.66
0,45.62
0,45.62
0,45.62
0,45.64
0,45.63
0,45.61
0,45.64
0,45.62
0,45.6
0,45.59
0,45.61
0,45.6
0,45.61
0,45.61
0,45.64
0,45.6
0,45.6
0,45.6
0,45.62
0,45.59
0,45.58
0,45.59
0,45.58
0,45.59
0,45.58
0,45.63
0,45.64
0,45.65
0,45.63
0,45.63
0,45.62
0,45.59
0,45.59
0,45.58
0,45.58
0,45.58
0,45.56
0,45.6
0,45.6
0,45.57
0,45.6
0,45.58
0,45.62
0,45.64
0,45.62
0,45.62
0,45.62
0,45.62
0,45.66
0,45.62
0,45.66
0,45.68
0,45.68
0,45.67
0,45.68
0,45.68
0,45.68
0,45.68
0,45.66
0,45.66
0,45.65
0,45.64
0,45.64
0,45.64
0,45.64
0,45.48
0,45.47
0,45.46
0,45.48
0,45.52
0,45.64
0,45.66
0,45.64
0,45.7
0,45.72
0,45.75
0,45.78
0,45.81
0,45.88
0,45.88
0,45.96
0,46
0,45.97
0,45.98
0,45.97
0,45.97
0,45.97
0,46.03
0,46.01
0,46.03
0,46
0,46
0,46
0,45.98
0,46
0,46.04
0,46.01
0,46.05
0,46.03
0,46.07
0,46.04
0,46.06
0,46.06
0,46.07
0,46.08
0,46.14
0,46.12
0,46.14
0,46.16
0,46.16
0,46.16
0,46.16
0,46.14
0,46.15
0,46.16
0,46.2
0,46.17
0,46.14
0,46.18
0,46.14
0,46.12
0,46.08
0,46.08
0,46.09
0,46.06
0,46.09
0,46.08
0,46.04
0,46.02
0,46.1
0,46.07
0,46.07
0,46.07
0,46.06
0,46.05
0,46.05
0,46.06
0,46.08
0,46.06
0,46.05
0,46.06
0,46.06
0,46.02
0,45.99
0,45.97
0,46
0,45.98
0,45.96
0,45.96
0,45.96
0,45.99
0,46.02
0,46.06
0,46.02
0,46
0,46
0,46
0,46.03
0,46.07
0,46.08
0,46.09
0,46.06
0,46.04
0,46.06
0,46.07
0,46.1
0,46.08
0,46.09
0,46.06
0,46.08
0,46.1
0,46.06
0,46.01
0,46
0,45.96
0,45.98
0,46
0,45.97
0,45.97
0,46.01
0,45.98
0,46
0,46.04
0,46.02
0,46.02
0,46.01
0,46.02
0,46.03
0,46.04
0,46.05
0,46.07
0,46.06
0,46.06
0,46.1
0,46.12
0,46.13
0,46.15
0,46.12
0,46.09
0,46.08
0,46.07
0,46.06
0,46.06
0,46.06
0,46.06
0,46.06
0,46.06
0,46.03
0,46.04
0,46.04
0,46.01
0,46
0,46
0,46.01
0,46.01
0,46
0,46.02
0,46.07
0,46.06
0,46.08
0,46.09
0,46.08
0,46.11
0,46.13
0,46.14
0,46.14
0,46.14
0,46.14
0,46.17
0,46.21
0,46.22
0,46.24
0,46.25
0,46.24
0,46.24
0,46.23
0,46.24
0,46.2
0,46.22
0,46.22
0,46.19
0,46.2
0,46.2
0,46.19
0,46.19
0,46.2
0,46.22
0,46.21
0,46.2
0,46.2
0,46.2
0,46.22
0,46.21
0,46.22
0,46.23
0,46.22
0,46.24
0,46.23
0,46.24
0,46.24
0,46.2
0,46.22
0,46.19
0,46.2
0,46.22
0,46.24
0,46.24
0,46.24
0,46.24
0,46.24
0,46.24
0,46.27
0,46.28
0,46.27
0,46.26
0,46.25
0,46.22
0,46.23
0,46.2
0,46.24
0,46.25
0,46.25
0,46.25
0,46.24
0,46.3
0,46.26
0,46.28
0,46.28
0,46.28
0,46.3
0,46.3
0,46.32
0,46.31
0,46.31
0,46.3
0,46.29
0,46.3
0,46.28
0,46.28
0,46.28
0,46.28
0,46.29
0,46.28
0,46.27
0,46.24
0,46.25
0,46.25
0,46.25
0,46.24
0,46.25
0,46.28
0,46.3
0,46.28
0,46.32
0,46.29
0,46.29
0,46.28
0,46.26
0,46.24
0,46.22
0,46.23
0,46.25
0,46.22
0,46.22
0,46.19
0,46.2
0,46.2
0,46.17
0,46.17
0,46.16
0,46.16
0,46.16
0,46.14
0,46.11
0,46.1
0,46.09
0,46.07
0,46.08
0,46.08
0,46.07
0,46.06
0,46.04
0,46.05
0,46.04
0,46.04
0,46.04
0,46.02
0,46.03
0,46.04
0,46.05
0,46.04
0,46.04
0,46.05
0,46.04
0,46.04
0,46.06
0,46.06
0,46.08
0,46.12
0,46.12
0,46.1
0,46.12
0,46.15
0,46.16
0,46.16
0,46.16
0,46.16
0,46.16
0,46.16
0,46.14
0,46.14
0,46.14
0,46.13
0,46.15
0,46.16
0,46.14
0,46.12
0,46.12
0,46.11
0,46.07
0,46.06
0,46.05
0,46.02
0,46
0,46.02
0,46.05
0,46.02
0,46.03
0,46.02
0,46.02
0,46.02
0,46.04
0,46.07
0,46.04
0,46.05
0,46.05
0,46.08
0,46.06
0,46.04
0,46.04
0,46.05
0,46.04
0,46.02
0,46.02
0,46.03
0,46.04
0,46.05
0,46
0,46
0,46
0,46
0,45.99
0,45.98
0,45.95
0,45.94
0,45.94
0,45.96
0,45.98
0,45.96
0,45.92
0,45.93
0,45.94
0,45.96
0,45.94
0,45.96
0,45.96
0,45.96
0,46.13
0,46.18
0,46.22
0,46.18
0,46.24
0,46.25
0,46.21
0,46.23
0,46.25
0,46.26
0,46.26
0,46.28
0,46.26
0,46.28
0,46.22
0,46.19
0,46.18
0,46.22
0,46.2
0,46.17
0,46.18
0,46.12
0,46.15
0,46.14
0,46.12
0,46.04
0,46.08
0,46.06
0,46.1
0,46.16
0,46.25
0,46.24
0,46.21
0,46.2
0,46.18
0,46.16
0,46.14
0,46.14
0,46.09
0,46.1
0,46.04
0,46.02
0,46.06
0,46.09
0,45.97
0,46
0,46.08
0,46.08
0,46.08
0,46.07
0,46.07
0,46.02
0,46.06
0,46.08
0,46.09
0,46.06
0,46.08
0,46.16
0,46.15
0,46.09
0,46.1
0,46.12
0,46.15
0,46.18
0,46.2
0,46.23
0,46.25
0,46.26
0,46.28
0,46.32
0,46.25
0,46.23
0,46.28
0,46.28
0,46.26
0,46.25
0,46.25
0,46.22
0,46.24
0,46.2
0,46.24
0,46.22
0,46.24
0,46.25
0,46.25
0,46.2
0,46.24
0,46.26
0,46.28
0,46.28
0,46.28
0,46.3
0,46.3
0,46.34
0,46.3
0,46.3
0,46.3
0,46.28
0,46.28
0,46.28
0,46.22
0,46.26
0,46.25
0,46.24
0,46.28
0,46.26
0,46.23
0,46.25
0,46.27
0,46.27
0,46.28
0,46.24
0,46.22
0,46.23
0,46.21
0,46.22
0,46.24
0,46.24
0,46.24
0,46.22
0,46.24
0,46.24
0,46.23
0,46.26
0,46.28
0,46.24
0,46.23
0,46.26
0,46.25
0,46.26
0,46.3
0,46.3
0,46.28
0,46.26
0,46.26
0,46.3
0,46.32
0,46.31
0,46.32
0,46.33
0,46.36
0,46.34
0,46.36
0,46.36
0,46.37
0,46.36
0,46.38
0,46.39
0,46.38
0,46.36
0,46.4
0,46.44
0,46.48
0,46.48
0,46.47
0,46.52
0,46.47
0,46.4
0,46.4
0,46.4
0,46.44
0,46.46
0,46.46
0,46.49
0,46.44
0,46.47
0,46.46
0,46.46
0,46.48
0,46.46
0,46.47
0,46.48
0,46.47
0,46.45
0,46.45
0,46.44
0,46.42
0,46.44
0,46.44
0,46.4
0,46.42
0,46.38
0,46.38
0,46.4
0,46.44
0,46.41
0,46.44
0,46.46
0,46.46
0,46.44
0,46.45
0,46.44
0,46.39
0,46.4
0,46.42
0,46.42
0,46.42
0,46.4
0,46.42
0,46.41
0,46.35
0,46.37
0,46.39
0,46.37
0,46.34
0,46.38
0,46.41
0,46.39
0,46.38
0,46.38
0,46.38
0,46.39
0,46.42
0,46.42
0,46.42
0,46.42
0,46.42
0,46.42
0,46.42
0,46.39
0,46.38
0,46.36
0,46.32
0,46.32
0,46.31
0,46.32
0,46.32
0,46.34
0,46.35
0,46.32
0,46.32
0,46.34
0,46.33
0,46.34
0,46.35
0,46.36
0,46.33
0,46.34
0,46.3
0,46.32
0,46.29
0,46.28
0,46.28
0,46.3
0,46.3
0,46.3
0,46.31
0,46.34
0,46.36
0,46.36
0,46.38
0,46.36
0,46.36
0,46.34
0,46.32
0,46.3
0,46.34
0,46.32
0,46.34
0,46.38
0,46.35
0,46.36
0,46.36
0,46.36
0,46.37
0,46.38
0,46.39
0,46.36
0,46.36
0,46.36
0,46.34
0,46.32
0,46.28
0,46.32
0,46.32
0,46.34
0,46.34
0,46.35
0,46.34
0,46.36
0,46.36
0,46.36
0,46.36
0,46.3
0,46.31
0,46.34
0,46.3
0,46.32
0,46.3
0,46.27
0,46.28
0,46.24
0,46.26
0,46.24
0,46.21
0,46.23
0,46.19
0,46.17
0,46.16
0,46.19
0,46.19
0,46.2
0,46.2
0,46.2
0,46.2
0,46.18
0,46.2
0,46.17
0,46.17
0,46.2
0,46.2
0,46.18
0,46.18
0,46.19
0,46.22
0,46.22
0,46.21
0,46.23
0,46.25
0,46.25
0,46.26
0,46.28
0,46.28
0,46.26
0,46.24
0,46.24
0,46.26
0,46.26
0,46.28
0,46.28
0,46.25
0,46.26
0,46.3
0,46.31
0,46.32
0,46.31
0,46.34
0,46.37
0,46.38
0,46.38
0,46.37
0,46.39
0,46.39
0,46.38
0,46.4
0,46.4
0,46.35
0,46.34
0,46.3
0,46.31
0,46.32
0,46.32
0,46.3
0,46.3
0,46.3
0,46.3
0,46.31
0,46.3
0,46.3
0,46.34
0,46.32
0,46.34
0,46.34
0,46.3
0,46.3
0,46.29
0,46.31
0,46.32
0,46.3
0,46.35
0,46.39
0,46.38
0,46.42
0,46.44
0,46.42
0,46.43
0,46.45
0,46.42
0,46.38
0,46.38
0,46.38
0,46.38
0,46.4
0,46.37
0,46.35
0,46.38
0,46.38
0,46.64
0,46.62
0,46.65
0,46.6
0,46.58
0,46.63
0,46.68
0,46.76
0,46.74
0,46.74
0,46.68
0,46.68
0,46.72
0,46.68
0,46.62
0,46.7
0,46.7
0,46.66
0,46.67
0,46.66
0,46.65
0,46.64
0,46.62
0,46.63
0,46.65
0,46.64
0,46.62
0,46.66
0,46.66
0,46.67
0,46.68
0,46.7
0,46.67
0,46.67
0,46.67
0,46.63
0,46.66
0,46.66
0,46.64
0,46.7
0,46.74
0,46.72
0,46.73
0,46.7
0,46.76
0,46.75
0,46.74
0,46.72
0,46.68
0,46.68
0,46.74
0,46.7
0,46.7
0,46.72
0,46.73
0,46.73
0,46.72
0,46.72
0,46.7
0,46.72
0,46.71
0,46.7
0,46.69
0,46.68
0,46.63
0,46.64
0,46.64
0,46.68
0,46.71
0,46.73
0,46.76
0,46.73
0,46.74
0,46.75
0,46.78
0,46.75
0,46.77
0,46.8
0,46.8
0,46.82
0,46.84
0,46.86
0,46.87
0,46.85
0,46.89
0,46.89
0,46.91
0,46.9
0,46.92
0,46.9
0,46.91
0,46.92
0,46.9
0,46.89
0,46.87
0,46.89
0,46.89
0,46.91
0,46.92
0,46.94
0,46.92
0,46.92
0,46.91
0,46.94
0,46.96
0,46.99
0,46.99
0,46.99
0,46.99
0,47.02
0,47
0,47.01
0,47
0,46.98
0,46.97
0,47.01
0,47.04
0,46.99
0,46.96
0,46.96
0,46.93
0,46.95
0,46.94
0,46.96
0,47
0,46.95
0,46.96
0,46.98
0,47
0,47
0,47.02
0,47.06
0,47.06
0,47.04
0,47
0,47
0,47.01
0,47.01
0,47
0,46.99
0,47
0,46.99
0,47.01
0,47
0,47.01
0,47.02
0,46.98
0,46.96
0,46.92
0,46.92
0,46.93
0,46.94
0,46.95
0,46.96
0,46.92
0,46.92
0,46.9
0,46.92
0,46.96
0,46.96
0,46.95
0,46.92
0,46.94
0,46.97
0,46.98
0,46.97
0,46.95
0,46.98
0,46.98
0,47.02
0,46.99
0,47
0,47
0,47.04
0,47.06
0,47.08
0,47.06
0,47.05
0,47.06
0,47.08
0,47.06
0,47.05
0,47.04
0,47.05
0,47.05
0,47.08
0,47.08
0,47.1
0,47.1
0,47.1
0,47.08
0,47.1
0,47.1
0,47.1
0,47.1
0,47.1
0,47.1
0,47.12
0,47.14
0,47.08
0,47.09
0,47.11
0,47.1
0,47.11
0,47.1
0,47.08
0,47.04
0,47.04
0,47.04
0,47.01
0,47
0,46.98
0,46.98
0,46.98
0,46.96
0,46.96
0,46.95
0,46.94
0,46.95
0,46.92
0,46.93
0,46.96
0,46.95
0,46.94
0,46.94
0,46.96
0,46.98
0,47
0,47.03
0,47
0,47.04
0,47.02
0,47.04
0,47.02
0,47.04
0,47.04
0,47.04
0,47.04
0,47.04
0,47.01
0,47
0,47
0,46.97
0,46.96
0,46.91
0,46.94
0,46.93
0,46.94
0,46.93
0,46.9
0,46.93
0,46.94
0,46.92
0,46.94
0,46.94
0,46.92
0,46.94
0,46.94
0,46.92
0,46.94
0,46.92
0,46.92
0,46.9
0,46.9
0,46.89
0,46.92
0,46.92
0,46.91
0,46.89
0,46.88
0,46.88
0,46.88
0,46.85
0,46.85
0,46.84
0,46.82
0,46.84
0,46.82
0,46.8
0,46.81
0,46.84
0,46.83
0,46.79
0,46.81
0,46.84
0,46.87
0,46.88
0,46.87
0,46.88
0,46.88
0,46.89
0,46.88
0,46.86
0,46.87
0,46.86
0,46.87
0,46.84
0,46.82
0,46.84
0,46.84
0,46.84
0,46.84
0,46.84
0,46.89
0,46.91
0,46.85
0,46.87
0,46.85
0,46.86
0,46.86
0,46.89
0,46.89
0,46.88
0,46.87
0,46.87
0,46.92
0,46.93
0,46.96
0,46.94
0,46.92
0,46.93
0,46.94
0,46.94
0,46.92
0,46.94
0,46.91
0,46.9
0,46.9
0,46.9
0,46.9
0,46.92
0,46.92
0,46.9
0,46.92
0,46.98
0,46.96
0,46.96
0,46.94
0,46.97
0,46.98
0,46.98
0,46.98
0,46.96
0,46.92
0,46.88
0,46.89
0,46.86
0,46.88
0,46.88
0,46.88
0,46.89
0,46.88
0,46.89
0,46.88
0,46.86
0,46.86
0,46.84
0,46.8
0,46.81
0,46.82
0,46.82
0,46.79
0,46.82
0,46.82
0,46.81
0,46.82
0,46.86
0,46.84
0,46.84
0,46.81
0,46.8
0,46.7
0,46.65
0,46.66
0,46.61
0,46.72
0,46.71
0,46.75
0,46.74
0,46.78
0,46.72
0,46.8
0,46.78
0,46.75
0,46.72
0,46.76
0,46.72
0,46.74
0,46.79
0,46.71
0,46.72
0,46.72
0,46.73
0,46.68
0,46.71
0,46.69
0,46.71
0,46.72
0,46.69
0,46.69
0,46.7
0,46.71
0,46.7
0,46.69
0,46.74
0,46.72
0,46.72
0,46.74
0,46.74
0,46.75
0,46.74
0,46.72
0,46.74
0,46.7
0,46.68
0,46.69
0,46.68
0,46.66
0,46.7
0,46.68
0,46.7
0,46.68
0,46.65
0,46.68
0,46.7
0,46.69
0,46.71
0,46.72
0,46.74
0,46.76
0,46.78
0,46.8
0,46.8
0,46.81
0,46.82
0,46.8
0,46.82
0,46.84
0,46.82
0,46.85
0,46.84
0,46.81
0,46.82
0,46.82
0,46.82
0,46.84
0,46.86
0,46.87
0,46.87
0,46.88
0,46.9
0,46.92
0,46.92
0,46.93
0,46.96
0,46.98
0,46.98
0,46.97
0,46.96
0,46.92
0,46.96
0,46.98
0,47
0,47.04
0,47.07
0,47.07
0,47.11
0,47.1
0,47.08
0,47.11
0,47.11
0,47.13
0,47.12
0,47.14
0,47.1
0,47.08
0,47.1
0,47.08
0,47.06
0,47.02
0,47.04
0,47.07
0,47.1
0,47.1
0,47.1
0,47.09
0,47.1
0,47.09
0,47.07
0,47.09
0,47.1
0,47.1
0,47.11
0,47.12
0,47.12
0,47.14
0,47.16
0,47.19
0,47.21
0,47.24
0,47.2
0,47.15
0,47.16
0,47.11
0,47.12
0,47.1
0,47.1
0,47.06
0,47.09
0,47.11
0,47.12
0,47.14
0,47.11
0,47.14
0,47.14
0,47.14
0,47.15
0,47.14
0,47.16
0,47.14
0,47.13
0,47.11
0,47.14
0,47.12
0,47.12
0,47.16
0,47.14
0,47.16
0,47.18
0,47.2
0,47.2
0,47.18
0,47.2
0,47.18
0,47.19
0,47.18
0,47.15
0,47.14
0,47.14
0,47.14
0,47.08
0,47.1
0,47.1
0,47.14
0,47.1
0,47.1
0,47.1
0,47.12
0,47.13
0,47.12
0,47.13
0,47.12
0,47.12
0,47.13
0,47.12
0,47.12
0,47.1
0,47.12
0,47.1
0,47.08
0,47.06
0,47.04
0,47.05
0,47.04
0,47.04
0,47.04
0,47.02
0,47.01
0,47.04
0,47.04
0,47.06
0,47.02
0,47.03
0,47.05
0,47.05
0,47.06
0,47.08
0,47.08
0,47.09
0,47.09
0,47.1
0,47.12
0,47.12
0,47.12
0,47.12
0,47.12
0,47.11
0,47.12
0,47.12
0,47.13
0,47.11
0,47.12
0,47.15
0,47.17
0,47.18
0,47.15
0,47.18
0,47.17
0,47.17
0,47.14
0,47.18
0,47.2
0,47.2
0,47.16
0,47.18
0,47.18
0,47.18
0,47.17
0,47.16
0,47.16
0,47.15
0,47.13
0,47.14
0,47.16
0,47.18
0,47.16
0,47.14
0,47.12
0,47.1
0,47.1
0,47.08
0,47.08
0,47.11
0,47.12
0,47.15
0,47.12
0,47.16
0,47.15
0,47.14
0,47.13
0,47.16
0,47.11
0,47.11
0,47.12
0,47.08
0,47.06
0,47.06
0,47.06
0,47.06
0,47.06
0,47.07
0,47.06
0,47.06
0,47.08
0,47.07
0,47.06
0,47.04
0,47.02
0,47.02
0,47
0,47
0,47
0,47
0,47
0,47.02
0,47.04
0,47.04
0,47.06
0,47.05
0,47.06
0,47.02
0,47.03
0,47.06
0,47.05
0,47.06
0,47.03
0,47.12
0,47.14
0,47.18
0,47.22
0,47.17
0,47.25
0,47.31
0,47.34
0,47.36
0,47.36
0,47.34
0,47.38
0,47.36
0,47.29
0,47.28
0,47.32
0,47.27
0,47.22
0,47.18
0,47.22
0,47.25
0,47.25
0,47.19
0,47.16
0,47.18
0,47.16
0,47.13
0,47.2
0,47.21
0,47.24
0,47.24
0,47.24
0,47.2
0,47.25
0,47.18
0,47.19
0,47.21
0,47.18
0,47.2
0,47.2
0,47.19
0,47.22
0,47.22
0,47.22
0,47.24
0,47.25
0,47.24
0,47.2
0,47.22
0,47.23
0,47.28
0,47.28
0,47.28
0,47.31
0,47.31
0,47.3
0,47.3
0,47.32
0,47.3
0,47.27
0,47.28
0,47.28
0,47.26
0,47.26
0,47.24
0,47.2
0,47.24
0,47.22
0,47.24
0,47.25
0,47.24
0,47.2
0,47.18
0,47.15
0,47.14
0,47.15
0,47.18
0,47.2
0,47.2
0,47.22
0,47.68
0,47.58
0,47.48
0,47.38
0,47.32
0,47.42
0,47.36
0,47.4
0,47.42
0,47.39
0,47.44
0,47.42
0,47.32
0,47.38
0,47.38
0,47.36
0,47.4
0,47.4
0,47.4
0,47.42
0,47.41
0,47.39
0,47.35
0,47.32
0,47.31
0,47.31
0,47.32
0,47.36
0,47.39
0,47.39
0,47.4
0,47.43
0,47.38
0,47.37
0,47.45
0,47.48
0,47.49
0,47.5
0,47.44
0,47.41
0,47.39
0,47.37
0,47.33
0,47.38
0,47.38
0,47.38
0,47.41
0,47.42
0,47.42
0,47.36
0,47.46
0,47.46
0,47.39
0,47.38
0,47.36
0,47.36
0,47.32
0,47.35
0,47.3
0,47.32
0,47.34
0,47.38
0,47.39
0,47.39
0,47.37
0,47.38
0,47.38
0,47.38
0,47.38
0,47.36
0,47.31
0,47.35
0,47.36
0,47.41
0,47.46
0,47.44
0,47.52
0,47.5
0,47.5
0,47.44
0,47.44
0,47.47
0,47.48
0,47.5
0,47.48
0,47.5
0,47.5
0,47.5
0,47.48
0,47.48
0,47.47
0,47.44
0,47.46
0,47.46
0,47.53
0,47.58
0,47.58
0,47.54
0,47.52
0,47.52
0,47.56
0,47.54
0,47.57
0,47.58
0,47.55
0,47.54
0,47.56
0,47.55
0,47.54
0,47.54
0,47.56
0,47.53
0,47.54
0,47.6
0,47.59
0,47.6
0,47.62
0,47.63
0,47.59
0,47.6
0,47.62
0,47.58
0,47.55
0,47.56
0,47.56
0,47.54
0,47.54
0,47.56
0,47.57
0,47.59
0,47.56
0,47.55
0,47.58
0,47.56
0,47.51
0,47.54
0,47.54
0,47.52
0,47.54
0,47.54
0,47.52
0,47.54
0,47.52
0,47.5
0,47.5
0,47.5
0,47.5
0,47.51
0,47.54
0,47.58
0,47.58
0,47.56
0,47.58
0,47.58
0,47.54
0,47.54
0,47.53
0,47.53
0,47.51
0,47.52
0,47.54
0,47.56
0,47.58
0,47.63
0,47.64
0,47.62
0,47.62
0,47.6
0,47.58
0,47.61
0,47.62
0,47.6
0,47.62
0,47.6
0,47.63
0,47.63
0,47.65
0,47.6
0,47.59
0,47.6
0,47.56
0,47.58
0,47.57
0,47.56
0,47.56
0,47.56
0,47.55
0,47.58
0,47.58
0,47.58
0,47.6
0,47.62
0,47.58
0,47.58
0,47.61
0,47.58
0,47.56
0,47.54
0,47.56
0,47.56
0,47.54
0,47.52
0,47.52
0,47.54
0,47.56
0,47.54
0,47.56
0,47.56
0,47.54
0,47.54
0,47.55
0,47.53
0,47.5
0,47.48
0,47.51
0,47.52
0,47.49
0,47.46
0,47.48
0,47.49
0,47.5
0,47.48
0,47.47
0,47.5
0,47.51
0,47.49
0,47.49
0,47.48
0,47.47
0,47.5
0,47.48
0,47.48
0,47.46
0,47.46
0,47.48
0,47.46
0,47.43
0,47.39
0,47.38
0,47.4
0,47.4
0,47.42
0,47.44
0,47.42
0,47.42
0,47.39
0,47.36
0,47.42
0,47.42
0,47.44
0,47.49
0,47.5
0,47.47
0,47.46
0,47.48
0,47.5
0,47.5
0,47.52
0,47.52
0,47.53
0,47.52
0,47.54
0,47.57
0,47.54
0,47.56
0,47.56
0,47.57
0,47.58
0,47.58
0,47.6
0,47.63
0,47.64
0,47.64
0,47.66
0,47.62
0,47.64
0,47.62
0,47.62
0,47.6
0,47.62
0,47.61
0,47.62
0,47.65
0,47.62
0,47.58
0,47.59
0,47.62
0,47.6
0,47.58
0,47.6
0,47.6
0,47.58
0,47.54
0,47.56
0,47.54
0,47.55
0,47.55
0,47.53
0,47.52
0,47.52
0,47.5
0,47.5
0,47.5
0,47.5
0,47.53
0,47.54
0,47.54
0,47.54
0,47.54
0,47.54
0,47.56
0,47.58
0,47.6
0,47.62
0,47.6
0,47.59
0,47.6
0,47.6
0,47.61
0,47.62
0,47.62
0,47.61
0,47.61
0,47.6
0,47.58
0,47.56
0,47.56
0,47.56
0,47.52
0,47.5
0,47.51
0,47.49
0,47.46
0,47.48
0,47.54
0,47.56
0,47.57
0,47.58
0,47.6
0,47.6
0,47.58
0,47.58
0,47.6
0,47.58
0,47.57
0,47.58
0,47.58
0,47.56
0,47.58
0,47.6
0,47.59
0,47.61
0,47.6
0,47.57
0,47.57
0,47.6
0,47.6
0,47.58
0,47.6
0,47.6
0,47.58
0,47.58
0,47.61
0,47.6
0,47.59
0,47.58
0,47.56
0,47.58
0,47.56
0,47.58
0,47.58
0,47.58
0,47.6
0,47.58
0,47.6
0,47.6
0,47.63
0,47.57
0,47.64
0,47.66
0,47.66
0,47.62
0,47.7
0,47.78
0,47.9
0,47.94
0,47.92
0,47.88
0,47.88
0,47.92
0,47.95
0,48.02
0,48
0,48.02
0,48.01
0,47.94
0,47.98
0,47.96
0,47.98
0,47.96
0,47.94
0,47.94
0,47.92
0,47.92
0,47.94
0,47.96
0,47.98
0,47.93
0,47.87
0,47.89
0,47.86
0,47.86
0,47.81
0,47.81
0,47.78
0,47.76
0,47.74
0,47.72
0,47.72
0,47.72
0,47.73
0,47.73
0,47.72
0,47.75
0,47.78
0,47.73
0,47.75
0,47.72
0,47.75
0,47.77
0,47.72
0,47.73
0,47.76
0,47.74
0,47.78
0,47.76
0,47.78
0,47.75
0,47.75
0,47.76
0,47.77
0,47.76
0,47.78
0,47.78
0,47.76
0,47.78
0,47.69
0,47.66
0,47.66
0,47.68
0,47.72
0,47.72
0,47.69
0,47.68
0,47.67
0,47.68
0,47.67
0,47.69
0,47.7
0,47.68
0,47.69
0,47.67
0,47.68
0,47.68
0,47.7
0,47.68
0,47.65
0,47.66
0,47.67
0,47.68
0,47.7
0,47.72
0,47.72
0,47.7
0,47.73
0,47.72
0,47.73
0,47.7
0,47.74
0,47.73
0,47.74
0,47.72
0,47.75
0,47.75
0,47.74
0,47.75
0,47.72
0,47.74
0,47.74
0,47.74
0,47.7
0,47.74
0,47.74
0,47.72
0,47.71
0,47.67
0,47.69
0,47.68
0,47.69
0,47.72
0,47.74
0,47.74
0,47.75
0,47.73
0,47.73
0,47.7
0,47.7
0,47.64
0,47.63
0,47.6
0,47.62
0,47.62
0,47.6
0,47.62
0,47.66
0,47.68
0,47.66
0,47.66
0,47.62
0,47.66
0,47.65
0,47.63
0,47.64
0,47.66
0,47.6
0,47.54
0,47.56
0,47.52
0,47.5
0,47.51
0,47.52
0,47.54
0,47.57
0,47.58
0,47.58
0,47.58
0,47.59
0,47.6
0,47.58
0,47.6
0,47.6
0,47.6
0,47.58
0,47.61
0,47.62
0,47.61
0,47.62
0,47.62
0,47.62
0,47.64
0,47.62
0,47.62
0,47.6
0,47.6
0,47.58
0,47.59
0,47.6
0,47.61
0,47.58
0,47.58
0,47.6
0,47.62
0,47.58
0,47.6
0,47.58
0,47.54
0,47.52
0,47.52
0,47.54
0,47.52
0,47.53
0,47.54
0,47.53
0,47.56
0,47.56
0,47.58
0,47.58
0,47.58
0,47.58
0,47.58
0,47.56
0,47.57
0,47.57
0,47.56
0,47.58
0,47.56
0,47.5
0,47.52
0,47.5
0,47.51
0,47.5
0,47.5
0,47.5
0,47.52
0,47.5
0,47.48
0,47.46
0,47.47
0,47.46
0,47.47
0,47.46
0,47.46
0,47.43
0,47.46
0,47.46
0,47.48
0,47.52
0,47.52
0,47.51
0,47.49
0,47.52
0,47.5
0,47.54
0,47.53
0,47.54
0,47.55
0,47.58
0,47.54
0,47.52
0,47.54
0,47.56
0,47.54
0,47.54
0,47.52
0,47.52
0,47.52
0,47.52
0,47.5
0,47.49
0,47.46
0,47.49
0,47.48
0,47.48
0,47.48
0,47.48
0,47.52
0,47.51
0,47.48
0,47.48
0,47.49
0,47.48
0,47.47
0,47.48
0,47.44
0,47.44
0,47.44
0,47.44
0,47.42
0,47.43
0,47.44
0,47.46
0,47.44
0,47.42
0,47.42
0,47.4
0,47.44
0,47.4
0,47.39
0,47.36
0,47.4
0,47.41
0,47.42
0,47.4
0,47.4
0,47.39
0,47.37
0,47.36
0,47.32
0,47.31
0,47.31
0,47.3
0,47.28
0,47.31
0,47.29
0,47.3
0,47.3
0,47.3
0,47.3
0,47.34
0,47.3
0,47.29
0,47.28
0,47.28
0,47.28
0,47.3
0,47.27
0,47.29
0,47.27
0,47.23
0,47.26
0,47.24
0,47.22
0,47.24
0,47.24
0,47.25
0,47.24
0,47.24
0,47.24
0,47.28
0,47.27
0,47.25
0,47.24
0,47.25
0,47.26
0,47.3
0,47.3
0,47.28
0,47.3
0,47.27
0,47.28
0,47.23
0,47.25
0,47.24
0,47.24
0,47.24
0,47.29
0,47.31
0,47.32
0,47.31
0,47.32
0,47.32
0,47.32
0,47.35
0,47.38
0,47.4
0,47.41
0,47.39
0,47.41
0,47.43
0,47.42
0,47.42
0,47.4
0,47.4
0,47.42
0,47.38
0,47.35
0,47.36
0,47.33
0,47.3
0,47.3
0,47.25
0,47.22
0,47.3
0,47.4
0,47.39
0,47.44
0,47.39
0,47.37
0,47.29
0,47.28
0,47.28
0,47.25
0,47.28
0,47.25
0,47.25
0,47.25
0,47.22
0,47.25
0,47.22
0,47.28
0,47.27
0,47.3
0,47.29
0,47.72
0,47.77
0,47.68
0,47.69
0,47.75
0,47.8
0,47.8
0,47.72
0,47.78
0,47.77
0,47.81
0,47.73
0,47.68
0,47.66
0,47.72
0,47.67
0,47.72
0,47.71
0,47.74
0,47.75
0,47.77
0,47.78
0,47.78
0,47.78
0,47.72
0,47.72
0,47.72
0,47.7
0,47.72
0,47.72
0,47.7
0,47.67
0,47.7
0,47.69
0,47.72
0,47.72
0,47.74
0,47.74
0,47.68
0,47.72
0,47.72
0,47.72
0,47.69
0,47.72
0,47.72
0,47.75
0,47.72
0,47.68
0,47.69
0,47.64
0,47.6
0,47.63
0,47.6
0,47.58
0,47.61
0,47.63
0,47.61
0,47.62
0,47.61
0,47.6
0,47.59
0,47.54
0,47.56
0,47.6
0,47.6
0,47.58
0,47.58
0,47.52
0,47.53
0,47.49
0,47.49
0,47.48
0,47.52
0,47.51
0,47.5
0,47.5
0,47.54
0,47.51
0,47.5
0,47.5
0,47.44
0,47.43
0,47.41
0,47.38
0,47.4
0,47.42
0,47.41
0,47.4
0,47.44
0,47.42
0,47.42
0,47.41
0,47.38
0,47.37
0,47.39
0,47.43
0,47.47
0,47.46
0,47.46
0,47.46
0,47.48
0,47.47
0,47.5
0,47.46
0,47.46
0,47.46
0,47.48
0,47.46
0,47.44
0,47.41
0,47.4
0,47.4
0,47.39
0,47.42
0,47.38
0,47.38
0,47.38
0,47.36
0,47.38
0,47.41
0,47.45
0,47.38
0,47.38
0,47.36
0,47.39
0,47.42
0,47.42
0,47.42
0,47.4
0,47.4
0,47.44
0,47.42
0,47.44
0,47.38
0,47.37
0,47.32
0,47.36
0,47.34
0,47.34
0,47.3
0,47.31
0,47.31
0,47.32
0,47.28
0,47.27
0,47.26
0,47.28
0,47.31
0,47.24
0,47.24
0,47.26
0,47.25
0,47.24
0,47.24
0,47.24
0,47.24
0,47.28
0,47.28
0,47.26
0,47.17
0,47.18
0,47.21
0,47.19
0,47.2
0,47.18
0,47.18
0,47.16
0,47.2
0,47.22
0,47.19
0,47.2
0,47.19
0,47.22
0,47.22
0,47.24
0,47.26
0,47.28
0,47.26
0,47.28
0,47.3
0,47.3
0,47.32
0,47.34
0,47.33
0,47.28
0,47.29
0,47.3
0,47.3
0,47.29
0,47.26
0,47.3
0,47.3
0,47.32
0,47.36
0,47.36
0,47.39
0,47.4
0,47.4
0,47.4
0,47.43
0,47.42
0,47.39
0,47.44
0,47.42
0,47.47
0,47.44
0,47.44
0,47.47
0,47.47
0,47.5
0,47.49
0,47.5
0,47.46
0,47.44
0,47.44
0,47.42
0,47.42
0,47.39
0,47.39
0,47.4
0,47.42
0,47.4
0,47.41
0,47.38
0,47.39
0,47.39
0,47.43
0,47.44
0,47.46
0,47.45
0,47.44
0,47.46
0,47.48
0,47.46
0,47.46
0,47.46
0,47.46
0,47.46
0,47.46
0,47.42
0,47.42
0,47.46
0,47.47
0,47.48
0,47.46
0,47.47
0,47.49
0,47.5
0,47.46
0,47.47
0,47.45
0,47.45
0,47.46
0,47.48
0,47.52
0,47.51
0,47.52
0,47.52
0,47.54
0,47.52
0,47.51
0,47.48
0,47.48
0,47.5
0,47.48
0,47.51
0,47.45
0,47.45
0,47.48
0,47.48
0,47.52
0,47.54
0,47.55
0,47.55
0,47.55
0,47.52
0,47.53
0,47.54
0,47.54
0,47.54
0,47.52
0,47.53
0,47.54
0,47.54
0,47.53
0,47.5
0,47.5
0,47.47
0,47.48
0,47.5
0,47.52
0,47.52
0,47.53
0,47.54
0,47.52
0,47.53
0,47.58
0,47.58
0,47.56
0,47.54
0,47.53
0,47.54
0,47.5
0,47.54
0,47.54
0,47.54
0,47.5
0,47.49
0,47.51
0,47.5
0,47.46
0,47.49
0,47.49
0,47.46
0,47.46
0,47.47
0,47.46
0,47.47
0,47.5
0,47.52
0,47.5
0,47.49
0,47.5
0,47.49
0,47.48
0,47.48
0,47.5
0,47.52
0,47.5
0,47.54
0,47.57
0,47.58
0,47.58
0,47.57
0,47.58
0,47.52
0,47.54
0,47.52
0,47.52
0,47.54
0,47.56
0,47.58
0,47.59
0,47.58
0,47.61
0,47.62
0,47.62
0,47.63
0,47.63
0,47.64
0,47.65
0,47.67
0,47.63
0,47.64
0,47.64
0,47.66
0,47.66
0,47.66
0,47.64
0,47.63
0,47.61
0,47.6
0,47.57
0,47.55
0,47.54
0,47.55
0,47.56
0,47.6
0,47.57
0,47.59
0,47.6
0,47.6
0,47.6
0,47.6
0,47.6
0,47.6
0,47.58
0,47.62
0,47.6
0,47.56
0,47.54
0,47.54
0,47.56
0,47.57
0,47.57
0,47.58
0,47.6
0,47.52
0,47.58
0,47.48
0,47.55
0,47.61
0,47.53
0,47.56
0,47.51
0,47.5
0,47.38
0,47.44
0,47.44
0,47.49
0,47.5
0,47.47
0,47.5
0,47.56
0,47.52
0,47.5
0,47.47
0,47.49
0,47.56
0,47.54
0,47.52
0,47.55
0,47.53
0,47.48
0,47.53
0,47.5
0,47.53
0,47.56
0,47.55
0,47.63
0,47.6
0,47.59
0,47.6
0,47.65
0,47.61
0,47.66
0,47.64
0,47.65
0,47.66
0,47.66
0,47.66
0,47.64
0,47.68
0,47.7
0,47.68
0,47.69
0,47.7
0,47.7
0,47.7
0,47.7
0,47.69
0,47.7
0,47.72
0,47.72
0,47.7
0,47.74
0,47.77
0,47.78
0,47.79
0,47.79
0,47.78
0,47.75
0,47.73
0,47.74
0,47.72
0,47.7
0,47.72
0,47.7
0,47.7
0,47.72
0,47.72
0,47.73
0,47.74
0,47.74
0,47.71
0,47.7
0,47.67
0,47.7
0,47.7
0,47.66
0,47.61
0,47.6
0,47.6
0,47.6
0,47.56
0,47.58
0,47.62
0,47.6
0,47.64
0,47.66
0,47.63
0,47.66
0,47.64
0,47.67
0,47.65
0,47.63
0,47.64
0,47.64
0,47.63
0,47.62
0,47.6
0,47.6
0,47.61
0,47.62
0,47.61
0,47.64
0,47.64
0,47.61
0,47.58
0,47.6
0,47.61
0,47.61
0,47.62
0,47.61
0,47.6
0,47.59
0,47.57
0,47.56
0,47.54
0,47.55
0,47.58
0,47.59
0,47.6
0,47.6
0,47.65
0,47.64
0,47.67
0,47.66
0,47.66
0,47.69
0,47.67
0,47.67
0,47.66
0,47.64
0,47.63
0,47.66
0,47.64
0,47.6
0,47.63
0,47.62
0,47.64
0,47.64
0,47.64
0,47.64
0,47.66
0,47.66
0,47.65
0,47.62
0,47.6
0,47.62
0,47.58
0,47.58
0,47.59
0,47.6
0,47.61
0,47.59
0,47.58
0,47.58
0,47.6
0,47.56
0,47.56
0,47.59
0,47.58
0,47.58
0,47.58
0,47.58
0,47.56
0,47.58
0,47.58
0,47.58
0,47.58
0,47.58
0,47.58
0,47.56
0,47.55
0,47.56
0,47.55
0,47.57
0,47.56
0,47.54
0,47.52
0,47.52
0,47.54
0,47.55
0,47.55
0,47.54
0,47.54
0,47.54
0,47.54
0,47.53
0,47.53
0,47.52
0,47.5
0,47.48
0,47.46
0,47.45
0,47.42
0,47.42
0,47.44
0,47.44
0,47.44
0,47.39
0,47.43
0,47.44
0,47.44
0,47.44
0,47.41
0,47.42
0,47.36
0,47.34
0,47.37
0,47.38
0,47.34
0,47.32
0,47.34
0,47.36
0,47.34
0,47.36
0,47.39
0,47.37
0,47.37
0,47.34
0,47.36
0,47.36
0,47.38
0,47.34
0,47.36
0,47.38
0,47.38
0,47.41
0,47.4
0,47.42
0,47.41
0,47.44
0,47.42
0,47.4
0,47.41
0,47.39
0,47.38
0,47.36
0,47.3
0,47.32
0,47.32
0,47.34
0,47.34
0,47.36
0,47.37
0,47.38
0,47.4
0,47.43
0,47.43
0,47.44
0,47.42
0,47.42
0,47.42
0,47.41
0,47.39
0,47.38
0,47.39
0,47.39
0,47.39
0,47.4
0,47.42
0,47.44
0,47.41
0,47.4
0,47.4
0,47.39
0,47.41
0,47.41
0,47.42
0,47.42
0,47.44
0,47.45
0,47.44
0,47.42
0,47.42
0,47.43
0,47.44
0,47.44
0,47.42
0,47.42
0,47.42
0,47.42
0,47.4
0,47.42
0,47.41
0,47.4
0,47.4
0,47.4
0,47.38
0,47.41
0,47.42
0,47.44
0,47.44
0,47.45
0,47.46
0,47.44
0,47.44
0,47.45
0,47.44
0,47.44
0,47.44
0,47.44
0,47.42
0,47.39
0,47.39
0,47.39
0,47.42
0,47.4
0,47.39
0,47.41
0,47.42
0,47.42
0,47.42
0,47.44
0,47.44
0,47.43
0,47.45
0,47.46
0,47.45
0,47.45
0,47.44
0,47.46
0,47.48
0,47.48
0,47.48
0,47.5
0,47.46
0,47.46
0,47.45
0,47.44
0,47.44
0,47.44
0,47.44
0,47.46
0,47.46
0,47.45
0,47.46
0,47.46
0,47.44
0,47.43
0,47.4
0,47.38
0,47.34
0,47.36
0,47.36
0,47.36
0,47.39
0,47.38
0,47.38
0,47.37
0,47.38
0,47.36
0,47.36
0,47.36
0,47.39
0,47.4
0,47.39
0,47.36
0,47.34
0,47.34
0,47.34
0,47.32
0,47.34
0,47.38
0,47.37
0,47.36
0,47.36
0,47.75
0,47.75
0,47.89
0,47.86
0,47.76
0,47.82
0,47.74
0,47.7
0,47.64
0,47.72
0,47.69
0,47.68
0,47.66
0,47.61
0,47.65
0,47.65
0,47.64
0,47.63
0,47.64
0,47.66
0,47.68
0,47.68
0,47.69
0,47.72
0,47.72
0,47.68
0,47.67
0,47.65
0,47.65
0,47.66
0,47.66
0,47.62
0,47.58
0,47.56
0,47.56
0,47.53
0,47.53
0,47.6
0,47.6
0,47.59
0,47.62
0,47.63
0,47.64
0,47.64
0,47.63
0,47.66
0,47.68
0,47.68
0,47.69
0,47.66
0,47.67
0,47.65
0,47.63
0,47.64
0,47.62
0,47.6
0,47.61
0,47.59
0,47.58
0,47.59
0,47.58
0,47.56
0,47.56
0,47.54
0,47.53
0,47.57
0,47.57
0,47.58
0,47.6
0,47.64
0,47.63
0,47.61
0,47.62
0,47.63
0,47.65
0,47.66
0,47.68
0,47.7
0,47.68
0,47.67
0,47.67
0,47.67
0,47.64
0,47.66
0,47.68
0,47.66
0,47.64
0,47.64
0,47.64
0,47.64
0,47.63
0,47.62
0,47.64
0,47.64
0,47.68
0,47.64
0,47.64
0,47.62
0,47.66
0,47.66
0,47.66
0,47.64
0,47.64
0,47.66
0,47.64
0,47.64
0,47.62
0,47.64
0,47.62
0,47.62
0,47.63
0,47.62
0,47.61
0,47.62
0,47.6
0,47.62
0,47.61
0,47.62
0,47.65
0,47.65
0,47.65
0,47.64
0,47.63
0,47.64
0,47.66
0,47.66
0,47.66
0,47.67
0,47.68
0,47.67
0,47.68
0,47.69
0,47.68
0,47.66
0,47.68
0,47.67
0,47.66
0,47.66
0,47.67
0,47.66
0,47.66
0,47.64
0,47.64
0,47.66
0,47.67
0,47.68
0,47.68
0,47.67
0,47.64
0,47.63
0,47.66
0,47.66
0,47.65
0,47.68
0,47.67
0,47.67
0,47.66
0,47.66
0,47.66
0,47.68
0,47.68
0,47.65
0,47.66
0,47.67
0,47.68
0,47.66
0,47.66
0,47.66
0,47.64
0,47.63
0,47.65
0,47.64
0,47.68
0,47.7
0,47.73
0,47.78
0,47.82
0,47.82
0,47.83
0,47.82
0,47.81
0,47.81
0,47.79
0,47.8
0,47.81
0,47.81
0,47.82
0,47.84
0,47.82
0,47.83
0,47.82
0,47.8
0,47.77
0,47.77
0,47.7
0,47.74
0,47.71
0,47.71
0,47.7
0,47.67
0,47.69
0,47.68
0,47.67
0,47.69
0,47.68
0,47.66
0,47.7
0,47.71
0,47.7
0,47.71
0,47.68
0,47.69
0,47.68
0,47.68
0,47.66
0,47.7
0,47.71
0,47.7
0,47.68
0,47.71
0,47.71
0,47.71
0,47.72
0,47.7
0,47.71
0,47.72
0,47.72
0,47.72
0,47.71
0,47.72
0,47.72
0,47.74
0,47.77
0,47.74
0,47.74
0,47.76
0,47.77
0,47.76
0,47.74
0,47.75
0,47.74
0,47.72
0,47.75
0,47.72
0,47.72
0,47.69
0,47.7
0,47.72
0,47.7
0,47.69
0,47.71
0,47.72
0,47.7
0,47.72
0,47.72
0,47.7
0,47.71
0,47.7
0,47.71
0,47.71
0,47.7
0,47.73
0,47.73
0,47.74
0,47.74
0,47.75
0,47.75
0,47.72
0,47.7
0,47.72
0,47.75
0,47.76
0,47.74
0,47.72
0,47.7
0,47.73
0,47.71
0,47.71
0,47.7
0,47.7
0,47.71
0,47.72
0,47.73
0,47.68
0,47.68
0,47.68
0,47.67
0,47.64
0,47.64
0,47.64
0,47.66
0,47.64
0,47.63
0,47.62
0,47.62
0,47.63
0,47.61
0,47.62
0,47.62
0,47.6
0,47.58
0,47.58
0,47.6
0,47.59
0,47.6
0,47.62
0,47.62
0,47.62
0,47.61
0,47.63
0,47.62
0,47.65
0,47.66
0,47.64
0,47.66
0,47.63
0,47.64
0,47.62
0,47.63
0,47.64
0,47.65
0,47.66
0,47.66
0,47.66
0,47.65
0,47.66
0,47.64
0,47.68
0,47.65
0,47.62
0,47.63
0,47.64
0,47.64
0,47.66
0,47.62
0,47.62
0,47.62
0,47.62
0,47.62
0,47.61
0,47.61
0,47.63
0,47.64
0,47.62
0,47.62
0,47.6
0,47.6
0,47.62
0,47.58
0,47.56
0,47.57
0,47.53
0,47.52
0,47.5
0,47.52
0,47.44
0,47.47
0,47.46
0,47.46
0,47.48
0,47.48
0,47.52
0,47.52
0,47.52
0,47.52
0,47.54
0,47.56
0,47.58
0,47.6
0,47.59
0,47.6
0,47.56
0,47.58
0,47.6
0,47.57
0,47.58
0,47.54
0,47.54
0,47.5
0,47.54
0,47.54
0,47.56
0,47.56
0,47.53
0,47.36
0,47.28
0,47.29
0,47.29
0,47.38
0,47.43
0,47.44
0,47.43
0,47.41
0,47.35
0,47.37
0,47.4
0,47.4
0,47.44
0,47.39
0,47.43
0,47.5
0,47.47
0,47.52
0,47.43
0,47.43
0,47.46
0,47.45
0,47.44
0,47.44
0,47.38
0,47.44
0,47.42
0,47.42
0,47.38
0,47.4
0,47.38
0,47.36
0,47.39
0,47.36
0,47.4
0,47.38
0,47.39
0,47.41
0,47.38
0,47.36
0,47.32
0,47.33
0,47.3
0,47.25
0,47.32
0,47.33
0,47.32
0,47.32
0,47.32
0,47.38
0,47.36
0,47.37
0,47.38
0,47.36
0,47.33
0,47.36
0,47.34
0,47.38
0,47.34
0,47.33
0,47.34
0,47.34
0,47.36
0,47.36
0,47.36
0,47.36
0,47.33
0,47.36
0,47.3
0,47.34
0,47.34
0,47.34
0,47.36
0,47.34
0,47.32
0,47.32
0,47.31
0,47.28
0,47.28
0,47.28
0,47.26
0,47.3
0,47.27
0,47.28
0,47.24
0,47.25
0,47.23
0,47.24
0,47.18
0,47.2
0,47.19
0,47.18
0,47.17
0,47.16
0,47.2
0,47.18
0,47.17
0,47.18
0,47.18
0,47.2
0,47.24
0,47.24
0,47.27
0,47.25
0,47.26
0,47.25
0,47.24
0,47.24
0,47.24
0,47.26
0,47.26
0,47.26
0,47.26
0,47.27
0,47.3
0,47.3
0,47.3
0,47.29
0,47.26
0,47.25
0,47.26
0,47.28
0,47.22
0,47.24
0,47.22
0,47.21
0,47.17
0,47.17
0,47.16
0,47.16
0,47.14
0,47.16
0,47.16
0,47.15
0,47.18
0,47.14
0,47.08
0,47.11
0,47.1
0,47.11
0,47.14
0,47.13
0,47.1
0,47.12
0,47.1
0,47.1
0,47.06
0,47.04
0,47.05
0,47.04
0,47.04
0,47.04
0,47.06
0,47.08
0,47.08
0,47.06
0,47.12
0,47.1
0,47.1
0,47.13
0,47.1
0,47.12
0,47.12
0,47.14
0,47.16
0,47.16
0,47.18
0,47.16
0,47.17
0,47.2
0,47.19
0,47.2
0,47.21
0,47.21
0,47.2
0,47.17
0,47.19
0,47.2
0,47.2
0,47.2
0,47.21
0,47.24
0,47.22
0,47.22
0,47.22
0,47.19
0,47.22
0,47.22
0,47.22
0,47.22
0,47.22
0,47.21
0,47.21
0,47.21
0,47.19
0,47.2
0,47.21
0,47.22
0,47.2
0,47.21
0,47.23
0,47.22
0,47.21
0,47.19
0,47.17
0,47.19
0,47.18
0,47.18
0,47.16
0,47.18
0,47.16
0,47.14
0,47.16
0,47.17
0,47.18
0,47.18
0,47.2
0,47.25
0,47.24
0,47.24
0,47.25
0,47.25
0,47.25
0,47.24
0,47.24
0,47.24
0,47.26
0,47.26
0,47.24
0,47.24
0,47.24
0,47.22
0,47.22
0,47.24
0,47.24
0,47.26
0,47.28
0,47.31
0,47.32
0,47.3
0,47.29
0,47.3
0,47.3
0,47.3
0,47.29
0,47.28
0,47.3
0,47.29
0,47.3
0,47.31
0,47.3
0,47.3
0,47.28
0,47.3
0,47.26
0,47.27
0,47.3
0,47.3
0,47.31
0,47.31
0,47.31
0,47.33
0,47.33
0,47.32
0,47.31
0,47.33
0,47.32
0,47.32
0,47.28
0,47.28
0,47.28
0,47.24
0,47.26
0,47.27
0,47.26
0,47.22
0,47.24
0,47.25
0,47.24
0,47.25
0,47.25
0,47.25
0,47.24
0,47.24
0,47.26
0,47.24
0,47.2
0,47.2
0,47.17
0,47.16
0,47.16
0,47.16
0,47.17
0,47.16
0,47.18
0,47.2
0,47.21
0,47.2
0,47.2
0,47.18
0,47.17
0,47.18
0,47.18
0,47.21
0,47.18
0,47.19
0,47.21
0,47.18
0,47.2
0,47.25
0,47.24
0,47.28
0,47.29
0,47.26
0,47.27
0,47.26
0,47.27
0,47.28
0,47.26
0,47.28
0,47.28
0,47.28
0,47.28
0,47.28
0,47.28
0,47.28
0,47.24
0,47.21
0,47.22
0,47.23
0,47.24
0,47.24
0,47.25
0,47.28
0,47.28
0,47.26
0,47.24
0,47.24
0,47.26
0,47.3
0,47.34
0,47.3
0,47.32
0,47.32
0,47.31
0,47.29
0,47.3
0,47.32
0,47.33
0,47.31
0,47.3
0,47.3
0,47.3
0,47.3
0,47.31
0,47.3
0,47.28
0,47.26
0,47.28
0,47.24
0,47.25
0,47.26
0,47.25
0,47.24
0,47.2
0,47.22
0,47.22
0,47.22
0,47.18
0,47.16
0,47.17
0,47.16
0,47.18
0,47.2
0,47.18
0,47.22
0,47.24
0,47.24
0,47.26
0,47.22
0,47.24
0,47.33
0,47.34
0,47.33
0,47.31
0,47.37
0,47.39
0,47.38
0,47.37
0,47.38
0,47.4
0,47.44
0,47.47
0,47.36
0,47.41
0,47.36
0,47.38
0,47.41
0,47.4
0,47.43
0,47.48
0,47.44
0,47.47
0,47.46
0,47.46
0,47.48
0,47.5
0,47.44
0,47.42
0,47.36
0,47.4
0,47.34
0,47.32
0,47.34
0,47.32
0,47.3
0,47.24
0,47.26
0,47.26
0,47.26
0,47.25
0,47.22
0,47.25
0,47.2
0,47.17
0,47.17
0,47.18
0,47.16
0,47.18
0,47.2
0,47.2
0,47.2
0,47.23
0,47.24
0,47.24
0,47.27
0,47.27
0,47.28
0,47.29
0,47.32
0,47.32
0,47.29
0,47.28
0,47.31
0,47.31
0,47.28
0,47.32
0,47.32
0,47.28
0,47.26
0,47.31
0,47.36
0,47.31
0,47.33
0,47.3
0,47.31
0,47.28
0,47.27
0,47.26
0,47.27
0,47.18
0,47.19
0,47.18
0,47.19
0,47.19
0,47.19
0,47.22
0,47.14
0,47.14
0,47.14
0,47.12
0,47.14
0,47.16
0,47.14
0,47.12
0,47.12
0,47.14
0,47.17
0,47.16
0,47.15
0,47.16
0,47.14
0,47.16
0,47.17
0,47.19
0,47.18
0,47.19
0,47.21
0,47.18
0,47.2
0,47.19
0,47.18
0,47.2
0,47.19
0,47.2
0,47.22
0,47.21
0,47.25
0,47.23
0,47.24
0,47.24
0,47.24
0,47.22
0,47.28
0,47.28
0,47.27
0,47.28
0,47.28
0,47.28
0,47.27
0,47.27
0,47.27
0,47.28
0,47.27
0,47.29
0,47.32
0,47.32
0,47.32
0,47.32
0,47.34
0,47.33
0,47.34
0,47.33
0,47.34
0,47.36
0,47.34
0,47.35
0,47.3
0,47.3
0,47.32
0,47.34
0,47.34
0,47.32
0,47.33
0,47.34
0,47.34
0,47.34
0,47.34
0,47.34
0,47.34
0,47.36
0,47.34
0,47.34
0,47.36
0,47.35
0,47.34
0,47.35
0,47.34
0,47.34
0,47.32
0,47.34
0,47.33
0,47.32
0,47.32
0,47.3
0,47.3
0,47.25
0,47.25
0,47.25
0,47.25
0,47.26
0,47.26
0,47.25
0,47.25
0,47.25
0,47.28
0,47.28
0,47.26
0,47.29
0,47.27
0,47.28
0,47.25
0,47.26
0,47.27
0,47.28
0,47.3
0,47.26
0,47.28
0,47.29
0,47.3
0,47.3
0,47.3
0,47.3
0,47.28
0,47.26
0,47.26
0,47.26
0,47.28
0,47.28
0,47.26
0,47.28
0,47.28
0,47.28
0,47.28
0,47.28
0,47.28
0,47.29
0,47.3
0,47.27
0,47.29
0,47.3
0,47.31
0,47.32
0,47.34
0,47.34
0,47.32
0,47.32
0,47.32
0,47.31
0,47.32
0,47.34
0,47.32
0,47.32
0,47.33
0,47.33
0,47.34
0,47.34
0,47.32
0,47.3
0,47.28
0,47.29
0,47.28
0,47.28
0,47.28
0,47.28
0,47.3
0,47.32
0,47.32
0,47.3
0,47.31
0,47.32
0,47.32
0,47.32
0,47.32
0,47.29
0,47.28
0,47.28
0,47.31
0,47.32
0,47.33
0,47.36
0,47.34
0,47.3
0,47.3
0,47.31
0,47.3
0,47.29
0,47.28
0,47.28
0,47.3
0,47.3
0,47.3
0,47.3
0,47.3
0,47.29
0,47.28
0,47.25
0,47.25
0,47.26
0,47.25
0,47.26
0,47.25
0,47.25
0,47.26
0,47.28
0,47.25
0,47.24
0,47.25
0,47.26
0,47.24
0,47.24
0,47.26
0,47.26
0,47.26
0,47.25
0,47.25
0,47.23
0,47.23
0,47.24
0,47.22
0,47.21
0,47.2
0,47.2
0,47.18
0,47.18
0,47.16
0,47.16
0,47.15
0,47.16
0,47.16
0,47.16
0,47.17
0,47.16
0,47.14
0,47.14
0,47.13
0,47.12
0,47.14
0,47.14
0,47.14
0,47.12
0,47.12
0,47.12
0,47.12
0,47.14
0,47.15
0,47.14
0,47.12
0,47.13
0,47.11
0,47.1
0,47.1
0,47.1
0,47.12
0,47.14
0,47.17
0,47.18
0,47.17
0,47.16
0,47.15
0,47.13
0,47.14
0,47.14
0,47.14
0,47.12
0,47.12
0,47.12
0,47.14
0,47.14
0,47.14
0,47.14
0,47.13
0,47.12
0,47.12
0,47.1
0,47.1
0,47.1
0,47.11
0,47.12
0,47.14
0,47.12
0,47.14
0,47.16
0,47.14
0,47.12
0,47.09
0,47.08
0,47.07
0,47.08
0,47.06
0,47.07
0,47.1
0,47.1
0,47.08
0,47.08
0,47.08
0,47.08
0,47
0,47
0,47.04
0,47.04
0,47.08
0,47.18
0,47.22
0,47.16
0,47.12
0,47.16
0,47.16
0,47.14
0,47.16
0,47.18
0,47.19
0,47.19
0,47.18
0,47.18
0,47.18
0,47.18
0,47.14
0,47.08
0,47.13
0,47.1
0,47.14
0,47.12
0,47.07
0,47.07
0,47.06
0,47.07
0,47.1
0,47.06
0,47.05
0,47.01
0,47.04
0,47.04
0,47.06
0,47.09
0,47.1
0,47.08
0,47.06
0,47.06
0,47.08
0,47.1
0,47.12
0,47.12
0,47.12
0,47.12
0,47.14
0,47.12
0,47.17
0,47.12
0,47.09
0,47.07
0,47.06
0,47.06
0,47.1
0,47.08
0,47.08
0,47.08
0,47.08
0,47.08
0,47.1
0,47.12
0,47.14
0,47.12
0,47.11
0,47.12
0,47.12
0,47.11
0,47.1
0,47.1
0,47.1
0,47.1
0,47.16
0,47.14
0,47.12
0,47.14
0,47.14
0,47.18
0,47.17
0,47.18
0,47.18
0,47.18
0,47.16
0,47.17
0,47.14
0,47.14
0,47.13
0,47.14
0,47.18
0,47.18
0,47.2
0,47.2
0,47.2
0,47.24
0,47.22
0,47.22
0,47.2
0,47.21
0,47.2
0,47.19
0,47.22
0,47.24
0,47.22
0,47.24
0,47.25
0,47.22
0,47.21
0,47.2
0,47.2
0,47.21
0,47.25
0,47.36
0,47.34
0,47.32
0,47.32
0,47.31
0,47.28
0,47.28
0,47.26
0,47.28
0,47.3
0,47.3
0,47.27
0,47.28
0,47.26
0,47.27
0,47.31
0,47.3
0,47.3
0,47.3
0,47.3
0,47.3
0,47.32
0,47.34
0,47.36
0,47.32
0,47.29
0,47.28
0,47.3
0,47.28
0,47.3
0,47.28
0,47.29
0,47.3
0,47.3
0,47.3
0,47.3
0,47.31
0,47.35
0,47.34
0,47.36
0,47.36
0,47.32
0,47.32
0,47.28
0,47.32
0,47.28
0,47.28
0,47.32
0,47.32
0,47.34
0,47.35
0,47.35
0,47.34
0,47.37
0,47.38
0,47.36
0,47.36
0,47.36
0,47.35
0,47.35
0,47.32
0,47.34
0,47.35
0,47.36
0,47.37
0,47.36
0,47.37
0,47.36
0,47.36
0,47.38
0,47.36
0,47.36
0,47.38
0,47.36
0,47.38
0,47.38
0,47.36
0,47.37
0,47.36
0,47.38
0,47.38
0,47.38
0,47.38
0,47.41
0,47.4
0,47.4
0,47.38
0,47.37
0,47.34
0,47.32
0,47.28
0,47.28
0,47.28
0,47.25
0,47.28
0,47.28
0,47.3
0,47.29
0,47.29
0,47.3
0,47.29
0,47.28
0,47.28
0,47.26
0,47.24
0,47.23
0,47.23
0,47.24
0,47.22
0,47.24
0,47.23
0,47.26
0,47.28
0,47.28
0,47.27
0,47.27
0,47.28
0,47.27
0,47.28
0,47.28
0,47.28
0,47.24
0,47.22
0,47.2
0,47.2
0,47.18
0,47.18
0,47.18
0,47.19
0,47.19
0,47.16
0,47.18
0,47.19
0,47.16
0,47.18
0,47.29
0,47.28
0,47.31
0,47.46
0,47.47
0,47.44
0,47.48
0,47.44
0,47.5
0,47.51
0,47.5
0,47.52
0,47.55
0,47.54
0,47.54
0,47.54
0,47.58
0,47.59
0,47.6
0,47.65
0,47.68
0,47.71
0,47.71
0,47.72
0,47.67
0,47.66
0,47.64
0,47.56
0,47.6
0,47.6
0,47.58
0,47.57
0,47.54
0,47.56
0,47.56
0,47.54
0,47.48
0,47.54
0,47.56
0,47.52
0,47.52
0,47.53
0,47.5
0,47.54
0,47.56
0,47.56
0,47.6
0,47.58
0,47.57
0,47.57
0,47.55
0,47.55
0,47.62
0,47.61
0,47.62
0,47.62
0,47.64
0,47.64
0,47.66
0,47.64
0,47.66
0,47.66
0,47.62
0,47.6
0,47.57
0,47.52
0,47.54
0,47.54
0,47.55
0,47.51
0,47.48
0,47.5
0,47.52
0,47.48
0,47.46
0,47.52
0,47.51
0,47.48
0,47.48
0,47.48
0,47.46
0,47.43
0,47.44
0,47.4
0,47.42
0,47.4
0,47.39
0,47.36
0,47.32
0,47.32
0,47.36
0,47.32
0,47.28
0,47.26
0,47.26
0,47.26
0,47.28
0,47.32
0,47.26
0,47.25
0,47.22
0,47.25
0,47.3
0,47.3
0,47.31
0,47.3
0,47.28
0,47.28
0,47.31
0,47.29
0,47.28
0,47.23
0,47.24
0,47.28
0,47.36
0,47.32
0,47.3
0,47.35
0,47.08
0,47.07
0,47.15
0,47.26
0,47.17
0,47.21
0,47.19
0,47.15
0,47.16
0,47.16
0,47.16
0,47.18
0,47.14
0,47.2
0,47.2
0,47.18
0,47.16
0,47.12
0,47.17
0,47.18
0,47.29
0,47.22
0,47.31
0,47.34
0,47.36
0,47.32
0,47.28
0,47.31
0,47.34
0,47.28
0,47.25
0,47.34
0,47.33
0,47.24
0,47.26
0,47.29
0,47.3
0,47.32
0,47.28
0,47.24
0,47.22
0,47.24
0,47.22
0,47.2
0,47.22
0,47.24
0,47.26
0,47.25
0,47.24
0,47.3
0,47.28
0,47.28
0,47.28
0,47.28
0,47.33
0,47.31
0,47.34
0,47.36
0,47.39
0,47.34
0,47.42
0,47.52
0,47.58
0,47.65
0,47.62
0,47.66
0,47.69
0,47.65
0,47.64
0,47.62
0,47.64
0,47.68
0,47.68
0,47.7
0,47.7
0,47.7
0,47.68
0,47.74
0,47.75
0,47.75
0,47.74
0,47.74
0,47.72
0,47.7
0,47.71
0,47.72
0,47.66
0,47.63
0,47.63
0,47.56
0,47.61
0,47.63
0,47.64
0,47.66
0,47.7
0,47.7
0,47.69
0,47.68
0,47.69
0,47.68
0,47.72
0,47.75
0,47.75
0,47.75
0,47.73
0,47.72
0,47.71
0,47.68
0,47.68
0,47.72
0,47.76
0,47.74
0,47.75
0,47.77
0,47.78
0,47.76
0,47.78
0,47.81
0,47.8
0,47.82
0,47.8
0,47.8
0,47.8
0,47.8
0,47.82
0,47.82
0,47.82
0,47.9
0,47.8
0,47.85
0,47.85
0,47.86
0,47.86
0,47.86
0,47.88
0,47.88
0,47.89
0,47.9
0,47.92
0,47.88
0,47.92
0,47.89
0,47.94
0,47.96
0,47.96
0,47.96
0,47.96
0,47.99
0,47.98
0,47.99
0,47.99
0,48
0,47.98
0,47.98
0,48
0,47.98
0,48
0,47.99
0,48.01
0,48
0,48.01
0,48
0,48
0,48
0,48
0,48
0,48
0,48.01
0,48
0,47.98
0,47.92
0,47.9
0,47.9
0,47.9
0,47.92
0,47.88
0,47.92
0,47.94
0,47.92
0,47.94
0,47.96
0,47.96
0,47.95
0,47.95
0,47.96
0,47.99
0,48
0,48
0,47.99
0,48
0,47.95
0,47.84
0,47.87
0,47.84
0,47.89
0,47.88
0,47.86
0,47.88
0,47.86
0,47.86
0,47.88
0,47.88
0,47.88
0,47.88
0,47.88
0,47.9
0,47.88
0,47.94
0,48
0,47.98
0,48
0,48.02
0,48.03
0,48.02
0,48.02
0,48.03
0,48.03
0,48.04
0,48.02
0,48.02
0,48.04
0,48.04
0,48.04
0,48.06
0,48.07
0,48.06
0,48.03
0,48.04
0,48.02
0,48
0,48.03
0,48.02
0,48.02
0,48.02
0,48.01
0,48.02
0,48.02
0,48.02
0,48.04
0,48.06
0,48.06
0,48.06
0,48.06
0,48.06
0,48.08
0,48.07
0,48.06
0,48.06
0,48.08
0,48.08
0,48.09
0,48.08
0,48.07
0,48.08
0,48.1
0,48.12
0,48.09
0,48.06
0,48.04
0,48.04
0,48.06
0,48.08
0,48.1
0,48.1
0,48.14
0,48.12
0,48.11
0,48.11
0,48.12
0,48.07
0,48.08
0,48.08
0,48.1
0,48.08
0,48.06
0,48.04
0,48.06
0,48.1
0,48.11
0,48.1
0,48.1
0,48.07
0,48.08
0,48.09
0,48.12
0,48.12
0,48.08
0,48.08
0,48.07
0,48.08
0,48.08
0,48.07
0,48.07
0,48.06
0,48.07
0,48.06
0,48.06
0,48.06
0,48.06
0,48.06
0,48.07
0,48.11
0,48.11
0,48.12
0,48.12
0,48.14
0,48.16
0,48.18
0,48.18
0,48.18
0,48.15
0,48.16
0,48.13
0,48.1
0,48.12
0,48.11
0,48.08
0,48.14
0,48.14
0,48.12
0,48.11
0,48.12
0,48.1
0,48.08
0,48.05
0,48.06
0,48.06
0,48.08
0,48.1
0,48.06
0,48.03
0,48.04
0,48.04
0,48.04
0,48.06
0,48.08
0,48.07
0,48.09
0,48.08
0,48.08
0,48.06
0,48.09
0,48.08
0,48.08
0,48.08
0,48.09
0,48.06
0,48.11
0,48.14
0,48.21
0,48.2
0,48.18
0,48.22
0,48.22
0,48.25
0,48.24
0,48.24
0,48.25
0,48.2
0,48.22
0,48.22
0,48.31
0,48.35
0,48.34
0,48.3
0,48.29
0,48.32
0,48.34
0,132.3
0,132.36
0,131.77
0,131.78
0,131.82
0,131.87
0,131.99
0,132.2
0,132.46
0,132.24
0,132.68
0,132.5
0,132.61
0,132.61
0,132.65
0,132.74
0,132.78
0,132.69
0,132.83
0,132.91
0,132.88
0,132.87
0,133.12
0,132.91
0,133.02
0,132.96
0,132.98
0,133.02
0,133.17
0,133.12
0,133.08
0,132.69
0,132.58
0,132.82
0,132.9
0,132.95
0,133.32
0,133.32
0,133.25
0,133.1
0,133.48
0,133.58
0,133.68
0,133.83
0,133.77
0,133.57
0,133.39
0,133.26
0,133.28
0,133.22
0,133.12
0,133.13
0,133.24
0,133.46
0,133.34
0,133.56
0,133.58
0,133.32
0,133.16
0,133.12
0,132.97
0,133.08
0,132.81
0,132.76
0,132.72
0,132.72
0,132.89
0,133.16
0,133.13
0,133.21
0,133.26
0,133.45
0,133.12
0,133.16
0,133.36
0,133.4
0,133.23
0,133.24
0,133.32
0,133.47
0,133.24
0,133.42
0,133.44
0,133.72
0,133.72
0,133.66
0,133.8
0,133.92
0,133.94
0,134.05
0,134.07
0,133.99
0,133.92
0,134.11
0,133.99
0,134.06
0,134.22
0,134.49
0,134.39
0,134.35
0,134.39
0,134.28
0,134.55
0,134.64
0,134.74
0,134.78
0,134.74
0,134.61
0,134.69
0,134.64
0,135.12
0,135.14
0,134.99
0,134.86
0,135.1
0,135.19
0,135.35
0,135.24
0,135.08
0,134.78
0,134.75
0,134.6
0,134.59
0,134.59
0,134.37
0,134.5
0,134.31
0,134.44
0,134.38
0,134.3
0,134.98
0,135.36
0,135.35
0,135.35
0,135.22
0,135.29
0,135.22
0,135.06
0,135.18
0,134.95
0,135.04
0,134.84
0,134.98
0,135.01
0,135.09
0,135.12
0,135.16
0,135.24
0,135.37
0,134.86
0,134.69
0,134.9
0,134.87
0,135.04
0,135.14
0,135.11
0,135.22
0,135.1
0,135.32
0,135.36
0,135.36
0,135.29
0,135.39
0,135.55
0,135.54
0,135.52
0,135.51
0,135.42
0,135.24
0,135.47
0,135.46
0,135.54
0,135.46
0,135.19
0,135.17
0,135.07
0,135.07
0,135.12
0,135.26
0,135.3
0,135.4
0,135.39
0,135.38
0,135.38
0,135.35
0,135.35
0,135.52
0,135.8
0,135.87
0,136.06
0,135.82
0,135.83
0,136.09
0,135.87
0,135.99
0,135.99
0,136.15
0,135.88
0,135.9
0,135.81
0,135.81
0,135.92
0,135.77
0,135.82
0,135.85
0,135.85
0,135.69
0,135.87
0,135.99
0,135.87
0,135.98
0,136.08
0,136.38
0,136.33
0,136.36
0,136.3
0,136.72
0,136.81
0,136.82
0,136.99
0,136.74
0,136.5
0,136.62
0,136.5
0,136.33
0,136.31
0,136.34
0,136.33
0,136.5
0,136.52
0,136.75
0,136.82
0,136.7
0,136.9
0,136.93
0,136.92
0,136.85
0,137.02
0,136.78
0,136.73
0,136.5
0,136.34
0,136.38
0,136.47
0,136.53
0,136.62
0,136.6
0,136.62
0,136.82
0,136.87
0,136.8
0,136.73
0,136.92
0,136.92
0,136.84
0,136.94
0,136.89
0,136.88
0,136.86
0,136.94
0,136.83
0,136.8
0,136.78
0,136.78
0,136.76
0,136.64
0,136.62
0,136.77
0,136.86
0,136.91
0,137.2
0,137.12
0,137.14
0,136.96
0,136.9
0,137.08
0,136.92
0,136.8
0,136.64
0,136.58
0,136.68
0,136.48
0,136.28
0,136.2
0,136.31
0,136.32
0,136.78
0,136.68
0,136.71
0,136.6
0,136.45
0,136.35
0,136.4
0,136.19
0,136.34
0,136.28
0,136.33
0,136.3
0,136.4
0,136.27
0,136.33
0,136.49
0,136.74
0,136.82
0,136.84
0,136.83
0,136.76
0,136.62
0,136.57
0,136.56
0,136.68
0,136.66
0,136.43
0,136.48
0,136.44
0,136.52
0,136.5
0,136.54
0,136.56
0,136.56
0,136.3
0,136.28
0,136.12
0,136.04
0,135.92
0,135.89
0,135.89
0,135.76
0,135.73
0,135.61
0,135.41
0,135.42
0,135.7
0,135.83
0,135.78
0,135.5
0,135.49
0,135.35
0,135.5
0,135.33
0,135.45
0,135.4
0,135.33
0,135.5
0,135.52
0,135.59
0,135.45
0,135.4
0,135.58
0,135.56
0,135.32
0,135.5
0,135.29
0,135.44
0,135.48
0,135.65
0,135.62
0,135.76
0,135.63
0,135.52
0,135.49
0,135.28
0,135.15
0,135.22
0,135.22
0,135.14
0,135.18
0,135.18
0,135.37
0,135.25
0,135.16
0,135.19
0,135.31
0,135.38
0,135.46
0,135.3
0,135.51
0,135.6
0,135.63
0,135.56
0,135.63
0,135.69
0,135.72
0,135.72
0,135.85
0,135.74
0,135.88
0,135.73
0,135.92
0,135.88
0,136.42
0,136.87
0,137.71
0,136.62
0,135.46
0,135.71
0,135.44
0,135.42
0,135.25
0,135.08
0,134.79
0,135.39
0,135.38
0,135.24
0,135.3
0,135.6
0,135.45
0,135.22
0,135.38
0,135.52
0,135.51
0,134.94
0,135.42
0,135.55
0,135.46
0,135.29
0,135.46
0,135.6
0,135.72
0,135.66
0,135.98
0,135.43
0,135.44
0,135.13
0,135.36
0,135.24
0,135.26
0,135.36
0,135.49
0,135.24
0,135.32
0,135.13
0,134.99
0,134.95
0,134.91
0,135.16
0,135.03
0,134.92
0,135.09
0,135.24
0,135.54
0,135.66
0,135.7
0,135.98
0,135.72
0,135.69
0,135.35
0,135.18
0,135.76
0,135.8
0,135.58
0,135.36
0,135.24
0,134.92
0,134.92
0,135
0,135.07
0,135.16
0,135.18
0,134.97
0,135.22
0,135.15
0,135.05
0,135.05
0,134.92
0,135.09
0,135.16
0,135.41
0,135.18
0,135.36
0,135.36
0,135.88
0,136.07
0,136.2
0,135.95
0,136.18
0,136.25
0,136.72
0,136.67
0,136.48
0,136.56
0,136.99
0,136.9
0,136.82
0,137.06
0,137.01
0,136.8
0,137.08
0,136.9
0,136.86
0,136.68
0,137.3
0,137.74
0,137.83
0,137.68
0,137.6
0,137.74
0,137.89
0,137.74
0,137.56
0,137.68
0,137.89
0,137.73
0,137.74
0,137.7
0,137.61
0,137.37
0,137.37
0,137.49
0,137.5
0,137.39
0,137.58
0,137.85
0,137.6
0,137.92
0,138.04
0,137.92
0,138.06
0,138.24
0,138.23
0,138.24
0,138.57
0,138.74
0,138.79
0,139.08
0,138.96
0,138.98
0,139.13
0,139.18
0,139.1
0,138.62
0,138.67
0,138.6
0,138.38
0,138.28
0,138.48
0,138.67
0,138.89
0,138.88
0,138.86
0,138.78
0,138.7
0,138.78
0,138.39
0,138.62
0,138.29
0,138.23
0,138.36
0,138
0,137.96
0,138
0,138.07
0,138.19
0,138.27
0,138.28
0,138.14
0,137.92
0,137.81
0,137.81
0,137.99
0,138.02
0,138.22
0,138.36
0,138.1
0,138.15
0,138.11
0,137.96
0,137.96
0,138.04
0,138.08
0,138.05
0,138.12
0,138.14
0,138.24
0,138.3
0,138.42
0,138.44
0,138.39
0,138.18
0,138.1
0,138.14
0,138.3
0,138.32
0,138.44
0,138.21
0,138.4
0,138.3
0,138.51
0,138.58
0,138.57
0,138.57
0,138.84
0,138.97
0,138.62
0,138.49
0,138.65
0,138.67
0,138.7
0,138.77
0,138.73
0,138.57
0,138.3
0,138.51
0,138.31
0,138.01
0,138.19
0,138
0,137.89
0,137.71
0,137.75
0,137.68
0,137.68
0,137.84
0,137.95
0,137.98
0,137.83
0,137.22
0,137.25
0,136.96
0,136.9
0,137.07
0,137.2
0,137.3
0,137.08
0,137.32
0,137.31
0,137.4
0,137.39
0,137.18
0,137.2
0,137.33
0,137.38
0,137.5
0,137.36
0,137.4
0,137.19
0,137.13
0,137.4
0,137.48
0,137.48
0,137.6
0,137.42
0,137.54
0,137.57
0,137.61
0,137.55
0,137.45
0,137.54
0,137.63
0,137.49
0,137.58
0,137.51
0,137.51
0,137.38
0,137.32
0,137.38
0,137.3
0,137.1
0,137.13
0,136.96
0,136.94
0,136.92
0,136.94
0,136.94
0,136.83
0,136.72
0,136.86
0,137.11
0,137.19
0,137.25
0,137.21
0,137.32
0,137.42
0,137.38
0,137.44
0,137.25
0,137.13
0,137.06
0,137.12
0,137.16
0,137.19
0,137.06
0,137.18
0,137.45
0,137.05
0,136.97
0,137.04
0,137.09
0,137.19
0,137.37
0,137.56
0,137.8
0,137.42
0,137.34
0,137.26
0,137.34
0,137.13
0,137.09
0,137
0,137.18
0,137.3
0,137.1
0,137.06
0,136.99
0,136.97
0,136.91
0,136.92
0,136.97
0,137.02
0,136.86
0,136.99
0,137.06
0,136.99
0,136.97
0,137.06
0,137.06
0,137.06
0,136.76
0,136.82
0,137.08
0,136.99
0,136.99
0,137.09
0,136.99
0,136.88
0,136.84
0,136.92
0,136.74
0,136.61
0,136.64
0,136.59
0,136.62
0,136.73
0,136.8
0,136.62
0,136.58
0,136.67
0,136.52
0,136.48
0,136.71
0,136.79
0,136.92
0,136.74
0,136.66
0,136.56
0,136.57
0,136.64
0,136.57
0,136.63
0,136.74
0,136.56
0,136.56
0,136.52
0,136.8
0,136.69
0,136.67
0,136.68
0,136.53
0,136.45
0,136.58
0,136.53
0,136.55
0,136.64
0,136.62
0,136.59
0,136.42
0,136.66
0,136.68
0,136.62
0,136.65
0,136.54
0,136.66
0,136.57
0,136.48
0,136.52
0,136.56
0,136.16
0,136.07
0,136.1
0,136.27
0,137.7
0,137.69
0,138.42
0,138.39
0,138.76
0,138.16
0,138.55
0,138.67
0,139.48
0,139.56
0,139.83
0,139.37
0,139.63
0,139.6
0,140.27
0,140.07
0,139.67
0,139.54
0,139.11
0,139.48
0,139.38
0,139.63
0,139.84
0,139.73
0,139.87
0,139.85
0,139.4
0,139.69
0,139.72
0,139.88
0,140.25
0,140.28
0,139.86
0,139.68
0,139.82
0,139.77
0,139.9
0,140.26
0,140.02
0,140.02
0,139.9
0,140
0,140.09
0,140.06
0,140.17
0,140
0,140
0,139.75
0,139.72
0,139.71
0,139.68
0,139.44
0,139.81
0,140.02
0,140.26
0,140.81
0,140.77
0,140.86
0,140.74
0,140.64
0,141.08
0,141.16
0,140.88
0,141.26
0,140.86
0,140.64
0,140.88
0,141.02
0,140.96
0,140.99
0,140.68
0,140.68
0,140.74
0,140.64
0,140.63
0,140.58
0,140.69
0,140.9
0,141.06
0,140.68
0,140.62
0,140.66
0,140.64
0,140.64
0,140.6
0,140.56
0,140.64
0,140.83
0,140.84
0,140.86
0,141.12
0,140.93
0,141.48
0,141.43
0,141.4
0,141.55
0,141.66
0,141.66
0,141.62
0,141.55
0,141.63
0,141.76
0,141.71
0,141.68
0,141.71
0,141.4
0,141.36
0,141.12
0,141.16
0,141.24
0,141.19
0,141.16
0,141.18
0,141.26
0,141.32
0,141.08
0,140.9
0,140.99
0,140.84
0,141.02
0,141
0,140.85
0,141.02
0,141.04
0,140.99
0,140.92
0,140.93
0,140.8
0,140.94
0,140.71
0,140.92
0,141.07
0,140.92
0,141.06
0,141.22
0,141.2
0,141.26
0,141.16
0,141.26
0,141.39
0,141.28
0,141.44
0,141.46
0,141.45
0,141.54
0,141.3
0,141.14
0,141.19
0,141.19
0,141.14
0,141.17
0,141.26
0,141.35
0,141.04
0,140.96
0,141.1
0,141.16
0,141.29
0,141.32
0,141.38
0,141.33
0,141.3
0,141.5
0,141.56
0,141.55
0,141.58
0,141.56
0,141.65
0,141.78
0,141.8
0,141.82
0,141.85
0,141.9
0,142.18
0,142.3
0,142.28
0,142.35
0,142.32
0,141.92
0,141.9
0,141.85
0,141.76
0,141.66
0,141.78
0,141.76
0,141.78
0,141.79
0,141.9
0,141.92
0,142.21
0,142.31
0,142.46
0,142.28
0,142.42
0,142.23
0,142.26
0,142.19
0,142.16
0,142.16
0,142.16
0,142.16
0,142.01
0,142.14
0,142.12
0,142.12
0,142.37
0,142.36
0,142.42
0,142.4
0,142.35
0,142.38
0,142.39
0,142.38
0,142.39
0,142.34
0,142.5
0,142.55
0,142.6
0,142.63
0,142.54
0,142.4
0,142.38
0,142.44
0,142.34
0,142.34
0,142.3
0,142.12
0,142.18
0,142.29
0,142.24
0,142.41
0,142.47
0,142.44
0,142.54
0,142.38
0,142.26
0,142.26
0,142.32
0,142.42
0,142.44
0,142.36
0,142.51
0,142.56
0,142.54
0,142.36
0,142.36
0,142.22
0,142.1
0,142.22
0,142.28
0,142.1
0,141.88
0,141.83
0,141.69
0,141.68
0,141.8
0,141.68
0,141.62
0,141.76
0,141.78
0,141.82
0,141.82
0,141.86
0,142
0,142.09
0,141.99
0,142.08
0,141.91
0,142
0,142.02
0,142.19
0,142.1
0,142.07
0,141.92
0,141.9
0,142.01
0,141.97
0,141.97
0,141.57
0,141.56
0,141.78
0,141.74
0,141.64
0,141.75
0,141.77
0,141.68
0,141.67
0,141.87
0,141.96
0,142.06
0,142.1
0,142.12
0,142.18
0,142.44
0,142.4
0,142.4
0,142.39
0,142.54
0,142.7
0,142.7
0,142.64
0,142.73
0,142.76
0,142.83
0,142.78
0,142.71
0,142.66
0,142.63
0,142.57
0,142.5
0,142.5
0,142.43
0,142.46
0,142.33
0,142.18
0,142.12
0,142.19
0,141.9
0,142.06
0,142.12
0,142.24
0,142.06
0,142.16
0,142.19
0,142.07
0,142.2
0,142.26
0,142.05
0,142.1
0,142.02
0,141.94
0,142.23
0,142.17
0,142.14
0,142.14
0,142.28
0,142.26
0,142.22
0,142.29
0,142.32
0,142.25
0,142.33
0,142.48
0,142.49
0,142.56
0,142.62
0,142.63
0,142.69
0,142.67
0,142.63
0,142.47
0,142.38
0,142.08
0,141.9
0,141.98
0,141.84
0,141.84
0,141.88
0,141.88
0,141.92
0,142.03
0,141.99
0,142.14
0,142.24
0,142.28
0,142.38
0,142.28
0,142.31
0,142.28
0,142.18
0,142.02
0,142
0,142.03
0,142.01
0,142.05
0,142.07
0,142.01
0,141.97
0,142.02
0,142.18
0,142.13
0,142.19
0,142.24
0,142.32
0,142.37
0,142.32
0,142.45
0,142.42
0,142.42
0,142.35
0,144.76
0,143.56
0,142.8
0,142.22
0,141.55
0,142.01
0,141.84
0,141.91
0,141.26
0,141.29
0,142.18
0,141.93
0,142.04
0,142.13
0,142.6
0,142.33
0,142.42
0,142.18
0,141.86
0,141.87
0,141.74
0,141.62
0,141.24
0,140.96
0,140.46
0,140.88
0,140.96
0,141.09
0,141.53
0,142
0,142.03
0,141.55
0,141.8
0,141.73
0,142.12
0,141.81
0,141.79
0,141.98
0,141.99
0,141.8
0,141.91
0,142
0,141.88
0,141.86
0,141.66
0,141.76
0,141.71
0,141.94
0,142.02
0,141.79
0,141.87
0,141.48
0,141.71
0,141.86
0,141.89
0,141.72
0,141.88
0,141.85
0,141.84
0,142.03
0,141.8
0,142.02
0,141.92
0,141.91
0,141.78
0,142.11
0,141.8
0,141.71
0,141.38
0,141.5
0,141.39
0,141.44
0,141.6
0,142.03
0,142.1
0,141.82
0,141.88
0,141.74
0,141.98
0,141.66
0,141.81
0,141.82
0,141.66
0,141.74
0,141.76
0,141.76
0,141.72
0,141.77
0,141.82
0,141.94
0,141.72
0,141.82
0,141.92
0,141.94
0,141.97
0,141.98
0,142.05
0,141.89
0,141.8
0,141.94
0,141.9
0,141.95
0,141.84
0,141.75
0,141.84
0,141.89
0,141.99
0,142.04
0,141.99
0,142.38
0,142.32
0,142.26
0,142.38
0,142.41
0,142.77
0,142.58
0,142.46
0,142.49
0,142.43
0,142.56
0,142.69
0,142.72
0,142.7
0,142.7
0,142.7
0,142.8
0,143.24
0,143.12
0,143.35
0,143.24
0,143.32
0,143.23
0,143.4
0,143.32
0,143.19
0,143.07
0,143.16
0,143.12
0,143.01
0,143.19
0,143.24
0,143.16
0,143.31
0,143.4
0,143.23
0,143.16
0,143.16
0,143.24
0,143.25
0,143.36
0,143.36
0,143.22
0,143.25
0,143.06
0,143.24
0,143.14
0,143.19
0,143.18
0,143.21
0,143.16
0,143.2
0,143.26
0,143.56
0,143.55
0,143.58
0,143.58
0,143.58
0,143.48
0,143.45
0,143.45
0,143.48
0,143.5
0,143.57
0,143.61
0,143.65
0,143.51
0,143.62
0,143.56
0,143.59
0,143.64
0,143.53
0,143.46
0,143.42
0,143.59
0,143.56
0,143.67
0,143.58
0,143.49
0,143.5
0,143.52
0,143.55
0,143.39
0,143.4
0,143.46
0,143.55
0,143.65
0,143.76
0,143.7
0,143.66
0,143.59
0,143.58
0,143.57
0,143.38
0,143.5
0,143.48
0,143.55
0,143.6
0,143.66
0,143.77
0,143.77
0,143.77
0,143.8
0,143.74
0,143.71
0,143.6
0,143.68
0,143.56
0,143.34
0,143.22
0,143.22
0,143.48
0,143.63
0,143.6
0,143.66
0,143.72
0,143.67
0,143.6
0,143.55
0,143.46
0,143.54
0,143.6
0,143.63
0,143.7
0,143.67
0,143.69
0,143.61
0,143.58
0,143.56
0,143.52
0,143.33
0,143.4
0,143.38
0,143.39
0,143.29
0,143.34
0,143.41
0,143.43
0,143.38
0,143.47
0,143.58
0,143.5
0,143.28
0,143.17
0,143.22
0,143.13
0,143.19
0,143.14
0,142.74
0,142.62
0,142.3
0,142.21
0,141.94
0,142.04
0,142.17
0,142.4
0,142.41
0,142.66
0,142.69
0,142.54
0,142.32
0,142.35
0,142.62
0,142.64
0,142.68
0,142.74
0,142.71
0,142.76
0,142.69
0,142.92
0,142.67
0,142.74
0,142.62
0,142.73
0,142.74
0,142.9
0,142.85
0,142.74
0,142.62
0,143.09
0,143.18
0,143.22
0,142.99
0,143.01
0,142.82
0,142.89
0,142.92
0,143.15
0,143
0,143.02
0,143.02
0,143.12
0,143.13
0,143.18
0,143.22
0,143.22
0,143.45
0,143.54
0,143.54
0,143.62
0,143.8
0,143.51
0,143.44
0,143.5
0,143.65
0,143.51
0,143.5
0,143.42
0,143.47
0,143.61
0,143.64
0,143.71
0,143.7
0,143.68
0,143.54
0,143.5
0,143.5
0,143.36
0,143.57
0,143.36
0,143.4
0,143.18
0,143.47
0,143.38
0,143.37
0,143.66
0,143.79
0,143.54
0,143.42
0,143.47
0,143.46
0,143.21
0,143.36
0,143.26
0,143.22
0,143.31
0,143.37
0,143.27
0,143.2
0,143.18
0,143.08
0,142.96
0,142.89
0,142.79
0,142.84
0,142.78
0,142.78
0,142.75
0,142.72
0,142.68
0,142.71
0,142.77
0,142.69
0,142.61
0,142.72
0,142.66
0,142.67
0,142.69
0,142.71
0,142.72
0,142.63
0,142.61
0,142.57
0,142.67
0,142.72
0,142.86
0,142.9
0,143.07
0,143.08
0,143.15
0,143.18
0,143.39
0,143.1
0,143.21
0,143.24
0,143.37
0,143.24
0,143.22
0,143.14
0,143.1
0,143.01
0,143.86
0,143.1
0,143.1
0,142.88
0,143
0,142.82
0,142.8
0,142.97
0,142.98
0,142.6
0,143.2
0,143.26
0,143.55
0,143.48
0,143.72
0,143.66
0,143.52
0,143.5
0,143.58
0,143.59
0,143.8
0,143.96
0,144.08
0,144.2
0,144.18
0,144.3
0,144.3
0,144.48
0,144.44
0,144.51
0,144.66
0,145
0,144.8
0,145.22
0,145.57
0,145.31
0,145.42
0,145.47
0,145.5
0,145.48
0,145.47
0,145.51
0,145.48
0,145.33
0,144.99
0,144.8
0,144.8
0,144.78
0,144.74
0,144.84
0,144.74
0,144.64
0,144.49
0,144.44
0,144.24
0,144.22
0,144.21
0,144.42
0,144.5
0,144.56
0,144.27
0,144.27
0,144.04
0,144.02
0,143.68
0,143.74
0,143.42
0,143.42
0,143.32
0,143.68
0,143.86
0,143.92
0,143.94
0,144.28
0,144.39
0,144.22
0,144.24
0,144.44
0,144.24
0,144.08
0,144
0,143.69
0,143.44
0,143.55
0,143.41
0,143.38
0,143.51
0,143.5
0,143.77
0,143.91
0,143.96
0,144.12
0,144.13
0,144.16
0,144.24
0,144.24
0,144.32
0,144.2
0,144.39
0,144.38
0,144.34
0,144.33
0,144.34
0,144.38
0,144.4
0,144.25
0,144.21
0,144.33
0,144.44
0,144.4
0,144.42
0,144.26
0,144.22
0,144.27
0,144.3
0,144.29
0,144.12
0,144.18
0,144.29
0,144.35
0,144.19
0,144.02
0,144.04
0,144.14
0,144.06
0,144.1
0,144.18
0,144.26
0,144.12
0,144.3
0,144.35
0,144.5
0,144.57
0,144.51
0,144.58
0,144.58
0,144.71
0,144.86
0,144.88
0,144.96
0,145
0,144.92
0,144.83
0,144.82
0,144.95
0,145.1
0,145.04
0,145.02
0,145.06
0,145.18
0,145.26
0,145.3
0,145.16
0,145.1
0,145.39
0,145.38
0,145.24
0,145.26
0,145.26
0,145.3
0,145.14
0,145.16
0,145.09
0,145.32
0,145.34
0,145.44
0,145.27
0,145.38
0,145.38
0,145.45
0,145.34
0,145.44
0,145.36
0,145.38
0,145.14
0,145.33
0,145.32
0,145.28
0,145.13
0,145.27
0,145.26
0,145.38
0,145.24
0,145.4
0,145.1
0,145
0,144.79
0,144.96
0,144.98
0,144.9
0,145.06
0,145.06
0,145.12
0,145.27
0,145.31
0,145.28
0,145.24
0,145.12
0,145.1
0,144.82
0,144.67
0,144.58
0,144.93
0,145
0,144.94
0,145
0,144.94
0,144.96
0,144.69
0,144.89
0,144.8
0,144.7
0,144.65
0,144.57
0,144.74
0,144.58
0,144.67
0,144.63
0,144.72
0,144.73
0,144.8
0,144.75
0,144.76
0,144.62
0,144.57
0,144.67
0,144.61
0,144.6
0,144.49
0,144.52
0,144.49
0,144.56
0,144.67
0,144.7
0,144.68
0,144.64
0,144.63
0,144.62
0,144.63
0,144.73
0,144.78
0,144.86
0,144.94
0,144.9
0,144.92
0,144.74
0,144.65
0,144.68
0,144.64
0,144.67
0,144.56
0,144.42
0,144.46
0,144.46
0,144.44
0,144.19
0,144.32
0,144.38
0,144.44
0,144.64
0,144.64
0,144.65
0,144.6
0,144.78
0,144.9
0,144.94
0,144.84
0,144.89
0,144.8
0,144.76
0,144.79
0,144.78
0,144.94
0,145.07
0,145.06
0,145
0,145
0,144.98
0,144.92
0,144.98
0,144.93
0,145
0,144.96
0,144.92
0,144.88
0,144.95
0,144.86
0,145.05
0,145.07
0,144.87
0,144.82
0,144.73
0,144.78
0,144.75
0,144.64
0,144.62
0,144.77
0,144.75
0,144.73
0,144.86
0,144.84
0,144.89
0,145.09
0,144.95
0,144.98
0,144.99
0,144.94
0,145.09
0,145.14
0,145.19
0,145.22
0,145.26
0,145.17
0,145.02
0,145.06
0,144.97
0,144.88
0,144.88
0,144.96
0,144.92
0,144.96
0,144.91
0,144.82
0,144.94
0,144.93
0,144.91
0,144.94
0,145
0,144.98
0,145.02
0,145
0,145.01
0,145.02
0,144.96
0,144.96
0,144.94
0,144.73
0,144.86
0,145.01
0,145.11
0,144.92
0,144.86
0,144.92
0,144.88
0,144.86
0,144.95
0,145.01
0,145
0,145.08
0,145.1
0,145.12
0,145.04
0,144.98
0,145
0,145.09
0,145.12
0,145.18
0,145.24
0,145.38
0,145.49
0,145.46
0,145.44
0,145.54
0,145.7
0,145.72
0,145.73
0,145.76
0,145.7
0,145.65
0,145.61
0,145.7
0,145.72
0,145.6
0,145.55
0,145.66
0,145.65
0,145.5
0,145.68
0,145.65
0,145.54
0,145.55
0,145.42
0,145.48
0,145.68
0,145.62
0,145.68
0,145.66
0,145.63
0,145.69
0,145.55
0,145.48
0,145.77
0,145.56
0,145.24
0,145.52
0,146.06
0,145.5
0,145.49
0,145.22
0,145.19
0,145.1
0,144.97
0,144.78
0,144.61
0,144.63
0,144.82
0,145.02
0,144.78
0,145.18
0,144.78
0,144.98
0,144.96
0,144.84
0,144.94
0,145.2
0,145
0,144.96
0,145.01
0,145.1
0,145.04
0,145.18
0,145.29
0,145.3
0,145.52
0,145.22
0,145.37
0,145.49
0,145.18
0,145.19
0,145.36
0,145.32
0,145.41
0,145.1
0,145.11
0,145.03
0,145.1
0,145.02
0,145.02
0,144.96
0,145.18
0,145.58
0,145.69
0,145.76
0,145.3
0,145.86
0,145.61
0,145.6
0,145.5
0,145.44
0,145.44
0,145.22
0,145.07
0,145.08
0,144.99
0,145.12
0,145.01
0,145.1
0,144.8
0,145.07
0,145.04
0,144.97
0,144.89
0,144.8
0,144.74
0,144.58
0,144.49
0,144.36
0,144.52
0,144.58
0,144.66
0,144.74
0,144.89
0,144.77
0,145.04
0,145.41
0,145.12
0,145.12
0,145.13
0,145.02
0,145
0,145.03
0,144.95
0,145.24
0,145.33
0,145.33
0,145.14
0,145.18
0,145.37
0,145.31
0,145.11
0,145.16
0,145
0,145.02
0,144.99
0,145.38
0,145.12
0,145.27
0,145.12
0,145.11
0,144.98
0,145.06
0,144.93
0,145.01
0,144.9
0,145.04
0,145.05
0,144.88
0,144.99
0,145.06
0,144.9
0,144.95
0,144.95
0,144.88
0,144.94
0,144.99
0,145
0,145.01
0,145.03
0,144.96
0,144.92
0,145.08
0,145.01
0,145.02
0,144.98
0,144.96
0,144.97
0,145.33
0,145.28
0,145.24
0,145.28
0,145.42
0,145.33
0,145.39
0,145.47
0,145.48
0,145.38
0,145.27
0,145.07
0,145.02
0,145.02
0,144.9
0,144.82
0,144.79
0,145.01
0,144.97
0,144.9
0,144.84
0,144.95
0,144.84
0,144.89
0,144.92
0,144.9
0,144.83
0,144.78
0,144.88
0,144.88
0,145
0,145.07
0,145
0,144.96
0,145
0,145.13
0,145.08
0,145.18
0,145.16
0,145.13
0,145.06
0,145.17
0,145.07
0,145.16
0,145.2
0,145.14
0,145.17
0,145.18
0,145.26
0,145.22
0,145.21
0,145.13
0,145.06
0,145.08
0,145.18
0,145.21
0,145.12
0,145.25
0,145.22
0,145.25
0,145.37
0,145.51
0,145.56
0,145.49
0,145.51
0,145.53
0,145.5
0,145.49
0,145.38
0,145.32
0,145.31
0,145.17
0,145.26
0,145.29
0,145.36
0,145.3
0,145.21
0,145.24
0,145.35
0,145.28
0,145.34
0,145.39
0,145.14
0,145.27
0,145.33
0,145.23
0,145.33
0,145.23
0,145.32
0,145.34
0,145.33
0,145.22
0,145.3
0,145.22
0,145.29
0,145.29
0,145.27
0,145.28
0,145.23
0,145.26
0,145.28
0,145.22
0,145.23
0,145.14
0,145.26
0,145.3
0,145.3
0,145.24
0,145.16
0,145.24
0,145.24
0,145.26
0,145.32
0,145.3
0,145.31
0,145.38
0,145.3
0,145.3
0,145.3
0,145.28
0,145.2
0,145.06
0,145
0,144.94
0,144.94
0,144.8
0,144.69
0,144.69
0,144.63
0,144.77
0,144.73
0,144.78
0,144.79
0,144.84
0,144.94
0,144.96
0,144.94
0,144.87
0,144.73
0,144.83
0,144.8
0,144.94
0,144.82
0,144.86
0,144.84
0,144.82
0,144.79
0,144.84
0,144.78
0,144.82
0,144.79
0,144.74
0,144.72
0,144.61
0,144.41
0,144.38
0,144.45
0,144.45
0,144.44
0,144.35
0,144.5
0,144.55
0,144.48
0,144.54
0,144.43
0,144.32
0,144.5
0,144.61
0,144.64
0,144.68
0,144.64
0,144.59
0,144.68
0,144.68
0,144.72
0,144.69
0,144.74
0,144.74
0,144.82
0,144.79
0,144.77
0,144.78
0,144.82
0,144.74
0,144.85
0,144.77
0,144.77
0,144.71
0,144.77
0,144.72
0,144.66
0,144.67
0,144.74
0,144.76
0,144.71
0,144.78
0,144.73
0,144.7
0,144.66
0,144.68
0,144.68
0,144.64
0,144.56
0,144.58
0,144.56
0,144.59
0,144.64
0,144.56
0,144.62
0,144.62
0,144.64
0,144.65
0,144.68
0,144.64
0,144.69
0,144.67
0,144.7
0,144.74
0,144.64
0,144.55
0,144.6
0,144.59
0,144.64
0,144.59
0,144.54
0,144.5
0,144.46
0,144.52
0,144.55
0,144.69
0,144.5
0,144.6
0,144.58
0,144.47
0,144.52
0,144.45
0,144.45
0,144.58
0,144.57
0,144.6
0,144.57
0,144.45
0,144.33
0,144.31
0,144.31
0,144.22
0,144.26
0,144.15
0,144.19
0,144.24
0,144.29
0,144.46
0,144.4
0,144.42
0,144.7
0,143.43
0,143.07
0,143.54
0,144.01
0,143.82
0,144
0,144
0,144.63
0,144.01
0,144.05
0,144.12
0,143.83
0,143.94
0,143.83
0,143.95
0,143.89
0,143.95
0,143.83
0,143.84
0,143.6
0,143.8
0,143.9
0,143.8
0,143.55
0,143.7
0,143.64
0,143.76
0,143.85
0,143.91
0,143.63
0,143.82
0,143.9
0,143.77
0,143.67
0,143.68
0,143.89
0,143.88
0,143.85
0,143.88
0,143.96
0,143.9
0,143.86
0,143.81
0,143.95
0,143.94
0,144.02
0,144.01
0,144.21
0,144.26
0,144.12
0,144.4
0,144.68
0,144.75
0,144.82
0,144.85
0,144.83
0,144.84
0,144.92
0,145
0,145.01
0,144.93
0,144.92
0,145.18
0,145.39
0,145.58
0,145.13
0,144.88
0,145.05
0,145.04
0,144.84
0,144.92
0,144.86
0,144.8
0,144.89
0,144.83
0,144.88
0,144.74
0,144.76
0,144.83
0,144.83
0,144.83
0,144.75
0,144.84
0,144.79
0,144.85
0,144.85
0,144.84
0,144.78
0,144.92
0,145.05
0,145.02
0,145.05
0,145
0,145.06
0,145.12
0,145.14
0,145
0,144.9
0,144.98
0,144.89
0,144.95
0,145.06
0,145.06
0,145.02
0,145.01
0,145.06
0,144.95
0,144.94
0,144.86
0,144.8
0,144.89
0,144.94
0,145.04
0,145.02
0,145.02
0,144.99
0,145
0,145.08
0,145.02
0,145.14
0,145.37
0,145.35
0,145.43
0,145.52
0,145.56
0,145.62
0,145.64
0,145.68
0,145.55
0,145.61
0,145.63
0,145.58
0,145.63
0,145.54
0,145.49
0,145.67
0,145.6
0,145.69
0,145.55
0,145.51
0,145.42
0,145.43
0,145.46
0,145.56
0,145.39
0,145.26
0,145.36
0,145.47
0,145.48
0,145.38
0,145.49
0,145.28
0,145.27
0,145.22
0,145.09
0,144.99
0,145.03
0,145.09
0,145.02
0,145.04
0,144.95
0,145
0,145
0,144.9
0,144.89
0,145
0,144.98
0,144.96
0,145.06
0,145
0,144.98
0,144.96
0,144.96
0,144.96
0,144.95
0,145.05
0,144.99
0,145.02
0,145.13
0,145.21
0,145.33
0,145.45
0,145.45
0,145.7
0,145.42
0,145.51
0,145.36
0,145.24
0,145.26
0,145.26
0,145.12
0,145.1
0,145.07
0,145.1
0,145.1
0,145.11
0,145.15
0,145.01
0,145.34
0,145.48
0,145.56
0,145.46
0,145.45
0,145.4
0,145.34
0,145.34
0,145.67
0,145.6
0,145.76
0,145.46
0,145.4
0,145.43
0,145.32
0,145.38
0,145.32
0,145.27
0,145.06
0,144.99
0,144.95
0,144.8
0,144.94
0,145.06
0,145.05
0,144.94
0,144.78
0,144.77
0,144.74
0,144.77
0,144.56
0,144.64
0,144.56
0,144.55
0,144.72
0,144.68
0,144.62
0,144.72
0,144.88
0,144.77
0,144.76
0,144.9
0,144.79
0,144.64
0,144.76
0,144.75
0,144.8
0,144.79
0,144.8
0,144.78
0,144.62
0,144.66
0,144.57
0,144.5
0,144.47
0,144.64
0,144.65
0,144.74
0,144.74
0,144.84
0,144.8
0,144.88
0,144.83
0,144.86
0,144.92
0,144.81
0,144.84
0,144.98
0,145.05
0,145.07
0,145.07
0,145.19
0,145.43
0,145.45
0,145.3
0,145.22
0,145.38
0,145.33
0,145.28
0,145.5
0,145.62
0,145.8
0,145.68
0,145.58
0,145.74
0,145.62
0,145.57
0,145.66
0,145.71
0,145.7
0,145.67
0,145.77
0,145.79
0,145.87
0,145.92
0,145.88
0,145.8
0,145.66
0,145.63
0,145.62
0,145.68
0,145.64
0,145.64
0,145.6
0,145.6
0,145.7
0,145.68
0,145.75
0,145.76
0,145.65
0,145.68
0,145.71
0,145.62
0,145.58
0,145.89
0,145.79
0,145.8
0,145.65
0,145.74
0,145.81
0,145.68
0,145.69
0,145.6
0,145.62
0,145.59
0,145.72
0,145.6
0,145.68
0,145.67
0,145.68
0,145.8
0,145.94
0,145.98
0,146.07
0,146.01
0,146.1
0,145.98
0,145.92
0,145.84
0,145.81
0,145.8
0,145.82
0,145.72
0,145.77
0,145.66
0,145.82
0,145.9
0,145.92
0,145.86
0,145.78
0,145.85
0,145.92
0,145.97
0,145.96
0,146.02
0,145.96
0,146.02
0,146.01
0,146
0,146.01
0,146.02
0,146.01
0,145.97
0,145.99
0,145.97
0,146.02
0,145.94
0,145.96
0,145.89
0,145.89
0,145.99
0,146
0,146.02
0,146.02
0,145.97
0,145.99
0,146
0,145.93
0,145.98
0,145.93
0,145.99
0,146.04
0,146.1
0,146.14
0,146.18
0,146.22
0,146.2
0,146.1
0,146.09
0,146.2
0,146.38
0,146.58
0,145.94
0,145.86
0,146.16
0,145.95
0,145.98
0,145.87
0,145.56
0,145.62
0,145.87
0,145.94
0,145.81
0,145.86
0,146.06
0,146.2
0,146.24
0,146.35
0,146.28
0,146.37
0,146.44
0,146.5
0,146.58
0,146.76
0,146.72
0,146.75
0,146.7
0,146.82
0,147.04
0,147.2
0,147.44
0,147.46
0,147.46
0,147.44
0,147.28
0,147.32
0,147.28
0,147.43
0,147.45
0,147.57
0,147.5
0,147.76
0,147.82
0,147.82
0,147.85
0,147.8
0,147.79
0,147.7
0,147.74
0,147.81
0,147.92
0,147.85
0,147.86
0,147.82
0,147.77
0,147.88
0,147.93
0,147.98
0,147.67
0,147.62
0,147.76
0,147.77
0,148.04
0,148.17
0,148.17
0,148.37
0,148.92
0,149.22
0,149.24
0,148.99
0,149.02
0,148.98
0,148.94
0,149.06
0,149.04
0,148.94
0,148.92
0,148.94
0,149.01
0,148.91
0,149.18
0,148.96
0,148.98
0,148.98
0,149.13
0,148.94
0,149.13
0,148.99
0,148.93
0,148.94
0,149.05
0,149.1
0,149.18
0,149.04
0,149.16
0,149.1
0,149.36
0,149.74
0,149.93
0,149.36
0,148.88
0,149.01
0,148.94
0,148.91
0,148.85
0,149.16
0,149.12
0,149.1
0,149.24
0,149.25
0,149.28
0,149.31
0,149.42
0,149.46
0,149.72
0,149.62
0,149.62
0,149.71
0,149.99
0,150.17
0,150.11
0,150.07
0,149.99
0,150.02
0,150.03
0,150.18
0,150.26
0,150.05
0,150.04
0,150.19
0,149.95
0,149.91
0,149.7
0,149.76
0,150.13
0,149.99
0,150.01
0,150
0,150.24
0,150.12
0,149.84
0,149.7
0,149.8
0,149.97
0,150.06
0,149.96
0,150.06
0,150
0,149.96
0,149.72
0,149.72
0,149.77
0,149.64
0,149.57
0,149.56
0,149.46
0,149.43
0,149.39
0,149.51
0,149.42
0,149.26
0,149.38
0,149.51
0,149.39
0,149.6
0,149.54
0,149.51
0,149.37
0,149.39
0,149.34
0,149.26
0,149.23
0,149.3
0,149.32
0,149.26
0,149.25
0,149.32
0,149.28
0,149.35
0,149.38
0,149.5
0,149.6
0,149.68
0,149.68
0,149.61
0,149.66
0,149.45
0,149.58
0,149.67
0,149.8
0,149.95
0,150.12
0,150.43
0,150.76
0,150.8
0,150.6
0,150.58
0,150.49
0,150.33
0,150.4
0,150.3
0,150.2
0,150.06
0,150.27
0,150.1
0,150.02
0,149.94
0,149.98
0,149.9
0,149.92
0,149.81
0,149.72
0,149.81
0,149.71
0,149.61
0,149.86
0,149.78
0,149.61
0,149.62
0,149.6
0,149.58
0,149.48
0,149.58
0,149.57
0,149.54
0,149.48
0,149.53
0,149.69
0,149.55
0,149.6
0,149.53
0,149.45
0,149.46
0,149.43
0,149.43
0,149.55
0,149.57
0,149.56
0,149.63
0,149.57
0,149.69
0,149.72
0,149.62
0,149.58
0,149.62
0,149.57
0,149.64
0,149.68
0,149.52
0,149.54
0,149.62
0,149.63
0,149.68
0,149.68
0,149.66
0,149.57
0,149.62
0,149.6
0,149.7
0,149.72
0,149.8
0,149.92
0,149.88
0,149.96
0,149.94
0,149.94
0,149.95
0,149.92
0,149.9
0,149.82
0,149.76
0,149.86
0,149.76
0,149.69
0,149.83
0,149.93
0,149.83
0,149.87
0,149.84
0,149.82
0,149.9
0,149.9
0,149.98
0,149.96
0,149.9
0,149.91
0,150
0,149.9
0,149.96
0,149.87
0,149.88
0,149.88
0,149.9
0,149.9
0,149.93
0,149.93
0,149.89
0,149.82
0,149.98
0,149.97
0,149.94
0,149.97
0,150
0,149.83
0,149.88
0,149.95
0,149.97
0,149.95
0,149.99
0,150
0,149.92
0,149.82
0,149.77
0,149.8
0,149.78
0,149.76
0,149.67
0,149.71
0,149.68
0,149.78
0,149.97
0,150.05
0,150.12
0,150.12
0,149.99
0,149.91
0,149.76
0,149.94
0,149.74
0,149.67
0,149.69
0,149.77
0,149.74
0,149.66
0,149.69
0,149.74
0,149.78
0,149.77
0,149.76
0,149.62
0,149.62
0,149.64
0,149.65
0,149.62
0,149.47
0,149.44
0,149.44
0,149.39
0,149.43
0,149.44
0,149.42
0,149.42
0,149.45
0,149.53
0,149.53
0,149.5
0,149.44
0,149.39
0,149.41
0,149.37
0,149.32
0,149.42
0,149.43
0,149.4
0,149.42
0,149.5
0,149.58
0,149.63
0,149.56
0,149.49
0,149.52
0,149.54
0,149.55
0,149.62
0,149.47
0,149.64
0,149.64
0,149.56
0,149.58
0,149.6
0,149.45
0,149.46
0,149.51
0,149.38
0,149.38
0,149.38
0,149.45
0,149.39
0,149.38
0,148.31
0,149.01
0,149.04
0,149.33
0,149.76
0,150.16
0,149.58
0,150.06
0,150.32
0,149.52
0,149.38
0,148.9
0,149.04
0,148.87
0,148.38
0,148.16
0,148.24
0,148.25
0,148.32
0,148.32
0,148.4
0,148.38
0,148.54
0,148.85
0,148.9
0,148.64
0,148.36
0,148.42
0,148.23
0,148.16
0,148.14
0,148.48
0,148.59
0,148.68
0,148.87
0,148.74
0,148.88
0,148.74
0,148.71
0,148.68
0,148.77
0,148.72
0,148.67
0,148.64
0,148.66
0,148.56
0,148.5
0,148.32
0,148.33
0,148.5
0,148.62
0,148.45
0,148.34
0,148.38
0,148.3
0,148.3
0,148.29
0,148.56
0,148.42
0,148.51
0,148.44
0,148.67
0,148.87
0,148.73
0,148.9
0,148.65
0,148.78
0,148.84
0,148.85
0,148.87
0,149.1
0,149.02
0,149.12
0,149.24
0,149.32
0,149.33
0,149.27
0,149.22
0,149.24
0,149.13
0,149.3
0,149.47
0,149.4
0,149.2
0,149.24
0,149.22
0,149.24
0,149.44
0,149.44
0,149.45
0,149.42
0,149.46
0,149.57
0,149.77
0,149.96
0,150.01
0,149.62
0,149.54
0,149.38
0,149.42
0,149.4
0,149.4
0,149.51
0,149.26
0,149.39
0,149.14
0,149.36
0,149.3
0,149.08
0,149.02
0,148.99
0,148.94
0,149.06
0,148.99
0,149.01
0,148.84
0,148.74
0,149.06
0,148.81
0,148.85
0,148.7
0,148.73
0,148.62
0,148.55
0,148.68
0,148.64
0,148.62
0,148.48
0,148.29
0,148.5
0,148.4
0,148.46
0,148.38
0,148.46
0,148.3
0,148.24
0,148.31
0,148.28
0,148.24
0,148.31
0,148.22
0,148.18
0,148.24
0,148.19
0,148.04
0,148.11
0,148.12
0,148.11
0,148.44
0,148.31
0,148.16
0,148.18
0,148.29
0,148.19
0,148.38
0,148.41
0,148.32
0,148.42
0,148.39
0,148.5
0,148.39
0,148.44
0,148.45
0,148.39
0,148.38
0,148.6
0,148.68
0,148.93
0,148.98
0,148.92
0,148.82
0,148.82
0,148.82
0,148.81
0,148.77
0,148.83
0,149.08
0,149.24
0,149.4
0,149.42
0,149.52
0,149.41
0,149.18
0,149.11
0,149.1
0,149.2
0,149.22
0,149.23
0,149.21
0,149.26
0,149.22
0,149.3
0,149.26
0,149.22
0,149.22
0,149.38
0,149.34
0,149.35
0,149.36
0,149.36
0,149.28
0,149.23
0,149.06
0,149.15
0,149.16
0,149.2
0,149.06
0,149.13
0,149.14
0,149.23
0,149.16
0,149.1
0,149.16
0,149.11
0,149.13
0,149.06
0,148.95
0,148.92
0,148.93
0,149.01
0,149.12
0,149.19
0,149.26
0,149.36
0,149.84
0,149.92
0,149.87
0,149.8
0,149.74
0,150.17
0,150.3
0,150.19
0,150.06
0,150.24
0,150.27
0,150.16
0,150.14
0,150.12
0,150.05
0,150.06
0,149.86
0,149.92
0,149.81
0,149.95
0,149.9
0,149.98
0,149.96
0,149.97
0,149.94
0,149.95
0,149.9
0,150.06
0,150.05
0,149.96
0,149.9
0,149.89
0,150.26
0,150.32
0,150.31
0,150.06
0,150.18
0,150.06
0,150.01
0,150.02
0,150.07
0,150.06
0,150.06
0,150.02
0,150.01
0,150.12
0,149.99
0,150.03
0,150.07
0,150.13
0,150.16
0,150.18
0,150.22
0,150.06
0,150.08
0,150.01
0,149.94
0,149.97
0,149.79
0,149.86
0,149.96
0,149.9
0,149.88
0,149.96
0,149.95
0,149.79
0,149.65
0,149.66
0,149.64
0,149.61
0,149.62
0,149.73
0,149.82
0,149.76
0,149.73
0,149.88
0,149.93
0,149.9
0,150.03
0,150.1
0,150.07
0,150.19
0,150.17
0,150.24
0,149.98
0,149.96
0,149.99
0,149.99
0,150
0,150
0,150.11
0,150.11
0,150.12
0,150.08
0,150.06
0,150.09
0,150.1
0,149.99
0,150.02
0,150.05
0,150.05
0,150.06
0,149.98
0,150.05
0,150
0,150.04
0,150
0,149.99
0,149.82
0,149.82
0,149.84
0,149.85
0,149.96
0,149.84
0,149.8
0,149.82
0,149.92
0,149.74
0,149.76
0,149.74
0,149.68
0,149.66
0,149.76
0,149.83
0,149.68
0,149.71
0,149.66
0,149.67
0,149.72
0,149.71
0,149.7
0,149.66
0,149.74
0,149.68
0,149.66
0,149.61
0,149.54
0,149.57
0,149.62
0,149.6
0,149.57
0,149.6
0,149.62
0,149.68
0,149.69
0,149.62
0,149.66
0,149.62
0,149.6
0,149.56
0,149.62
0,149.54
0,149.7
0,149.59
0,149.59
0,149.59
0,149.51
0,149.53
0,149.48
0,149.36
0,149.28
0,149.28
0,149.28
0,149.33
0,149.24
0,149.3
0,150.12
0,149.63
0,149.79
0,150.22
0,149.9
0,149.9
0,150.11
0,149.84
0,149.99
0,150.22
0,150.22
0,150.22
0,150.14
0,150.54
0,150.52
0,150.36
0,150.61
0,150.67
0,150.82
0,150.83
0,150.8
0,150.94
0,150.81
0,150.95
0,151.23
0,150.96
0,151.16
0,151.4
0,151.37
0,151.5
0,151.82
0,151.8
0,152
0,151.72
0,151.79
0,151.67
0,152.07
0,152.11
0,152.24
0,152.33
0,152.12
0,151.77
0,151.62
0,151.5
0,151.67
0,151.45
0,151.36
0,151.58
0,151.73
0,151.82
0,151.98
0,152.1
0,152.1
0,152.12
0,152.11
0,152.22
0,152.35
0,152.27
0,152.54
0,152.19
0,152.29
0,152.13
0,152.26
0,152.46
0,152.34
0,152.42
0,152.32
0,152.49
0,152.38
0,152.6
0,152.65
0,152.62
0,152.6
0,152.54
0,152.59
0,152.55
0,152.47
0,152.59
0,152.46
0,152.45
0,152.56
0,152.66
0,152.69
0,152.64
0,152.68
0,152.82
0,152.86
0,152.85
0,152.82
0,152.93
0,153.01
0,152.94
0,152.94
0,152.95
0,153.01
0,153.04
0,153
0,152.86
0,152.65
0,152.58
0,152.78
0,152.81
0,152.78
0,152.88
0,152.84
0,152.84
0,152.61
0,152.67
0,152.79
0,152.63
0,152.62
0,152.73
0,152.61
0,152.64
0,152.4
0,152.59
0,152.58
0,152.47
0,152.51
0,152.55
0,152.59
0,152.72
0,152.62
0,152.55
0,152.48
0,152.62
0,152.61
0,152.51
0,152.44
0,152.51
0,152.33
0,152.5
0,152.76
0,152.51
0,152.43
0,152.3
0,152.24
0,152.19
0,152.19
0,152.13
0,152.14
0,152.02
0,152.29
0,152.18
0,152.27
0,152.44
0,152.58
0,152.64
0,152.97
0,152.86
0,152.8
0,152.74
0,152.82
0,152.96
0,153.04
0,153.02
0,153.17
0,153.17
0,153.11
0,152.92
0,153.16
0,153.06
0,153.24
0,153.26
0,153.3
0,153.18
0,153.16
0,153.21
0,153.28
0,153.3
0,153.3
0,153.32
0,153.45
0,153.42
0,153.43
0,153.47
0,153.26
0,153.28
0,153.26
0,153.28
0,153.32
0,153.17
0,153.1
0,153.11
0,153.02
0,153.05
0,153.01
0,153.1
0,153.11
0,153.13
0,153.17
0,153.33
0,153.22
0,153.3
0,153.13
0,153.18
0,153.2
0,153.24
0,153.37
0,153.35
0,153.36
0,153.42
0,153.36
0,153.3
0,153.39
0,153.32
0,153.3
0,153.24
0,153.36
0,153.37
0,153.38
0,153.44
0,153.25
0,153.29
0,153.3
0,153.28
0,153.22
0,153.21
0,153.2
0,153.31
0,153.34
0,153.37
0,153.36
0,153.32
0,153.22
0,153.22
0,153.24
0,153.28
0,153.24
0,153.32
0,153.42
0,153.49
0,153.45
0,153.38
0,153.38
0,153.35
0,153.29
0,153.43
0,153.45
0,153.45
0,153.44
0,153.5
0,153.61
0,153.48
0,153.48
0,153.65
0,153.71
0,153.81
0,153.84
0,153.84
0,153.73
0,153.64
0,153.64
0,153.6
0,153.57
0,153.6
0,153.63
0,153.59
0,153.62
0,153.58
0,153.57
0,153.62
0,153.6
0,153.56
0,153.57
0,153.54
0,153.62
0,153.62
0,153.6
0,153.6
0,153.7
0,153.69
0,153.77
0,153.88
0,153.66
0,153.45
0,153.48
0,153.59
0,153.66
0,153.66
0,153.66
0,153.7
0,153.61
0,153.64
0,153.62
0,153.52
0,153.49
0,153.44
0,153.36
0,153.33
0,153.34
0,153.34
0,153.3
0,153.3
0,153.18
0,153.12
0,153.1
0,153.06
0,152.98
0,152.91
0,152.81
0,152.82
0,152.91
0,152.99
0,152.92
0,152.93
0,152.83
0,152.88
0,152.84
0,152.71
0,152.85
0,152.98
0,153.05
0,152.83
0,152.85
0,152.92
0,153.02
0,152.96
0,153.05
0,153.06
0,153.18
0,153.19
0,153.24
0,153.4
0,153.42
0,153.4
0,153.45
0,153.45
0,153.35
0,153.33
0,153.29
0,153.18
0,153.05
0,152.88
0,153.07
0,153.06
0,153.07
0,153.07
0,153.16
0,153.25
0,153.18
0,153.1
0,153.06
0,153.09
0,153.08
0,153
0,152.95
0,152.8
0,152.82
0,152.92
0,152.93
0,152.88
0,152.85
0,152.92
0,152.83
0,152.84
0,152.86
0,152.86
0,152.96
0,152.89
0,152.78
0,152.72
0,152.66
0,152.63
0,152.56
0,152.44
0,152.36
0,152.46
0,152.41
0,152.44
0,152.46
0,152.54
0,152.69
0,152.74
0,152.69
0,152.7
0,152.65
0,152.67
0,152.76
0,152.68
0,152.74
0,152.69
0,152.68
0,152.62
0,152.8
0,152.69
0,152.68
0,152.51
0,152.6
0,153.23
0,153.75
0,153.82
0,153.33
0,153.42
0,153.64
0,153.62
0,153.25
0,153.55
0,153.5
0,153.23
0,153.2
0,153.19
0,153.16
0,153.13
0,153.11
0,153.42
0,153.5
0,153.55
0,153.34
0,153.26
0,153.73
0,153.67
0,153.6
0,153.59
0,153.23
0,153.38
0,153.34
0,153.54
0,153.7
0,153.45
0,153.45
0,153.33
0,153.53
0,153.68
0,153.9
0,153.87
0,153.9
0,153.89
0,153.98
0,153.97
0,153.8
0,153.7
0,153.62
0,153.64
0,153.61
0,153.6
0,153.56
0,153.54
0,153.5
0,153.61
0,153.54
0,153.44
0,153.43
0,153.41
0,153.37
0,153.46
0,153.33
0,153.19
0,153.38
0,153.35
0,153.34
0,153.31
0,153.33
0,153.32
0,153.26
0,153.41
0,153.49
0,153.6
0,153.63
0,153.54
0,153.48
0,153.3
0,153.36
0,153.48
0,153.24
0,153.32
0,153.38
0,153.43
0,153.31
0,153.35
0,153.41
0,153.38
0,153.28
0,153.35
0,153.32
0,153.29
0,153.24
0,153.27
0,153.32
0,153.44
0,153.28
0,153.32
0,153.19
0,153.16
0,153.01
0,152.98
0,152.88
0,152.78
0,152.82
0,152.76
0,152.86
0,152.82
0,152.88
0,153.06
0,152.96
0,153.1
0,153.22
0,153.32
0,153.25
0,153.32
0,153.42
0,153.42
0,153.37
0,153.45
0,153.53
0,153.29
0,153.08
0,153
0,153.03
0,153.18
0,152.98
0,153.17
0,153.08
0,153.12
0,153.26
0,153.37
0,153.43
0,153.42
0,153.41
0,153.56
0,153.56
0,153.56
0,153.6
0,153.54
0,153.52
0,153.58
0,153.66
0,153.42
0,153.36
0,153.2
0,153.28
0,153.3
0,153.24
0,153.26
0,153.32
0,153.24
0,153.22
0,153.37
0,153.37
0,153.3
0,153.39
0,153.38
0,153.37
0,153.55
0,153.42
0,153.42
0,153.55
0,153.48
0,153.62
0,153.72
0,153.74
0,153.85
0,153.81
0,153.66
0,153.72
0,153.5
0,153.45
0,153.62
0,153.66
0,153.68
0,153.56
0,153.54
0,153.81
0,153.71
0,153.8
0,153.82
0,153.68
0,153.68
0,153.66
0,153.8
0,153.72
0,153.6
0,153.58
0,153.55
0,153.5
0,153.44
0,153.21
0,153.02
0,153.04
0,153.24
0,153.31
0,153.22
0,153.19
0,153.22
0,153.19
0,153.19
0,153.26
0,153.26
0,153.14
0,153.12
0,153.35
0,153.14
0,153.21
0,153.23
0,153.21
0,153.27
0,153.24
0,153.23
0,153.2
0,153.14
0,153.12
0,153.16
0,153.2
0,153.12
0,153.24
0,153.1
0,153.05
0,153.08
0,153.17
0,153.38
0,153.39
0,153.32
0,153.26
0,153.18
0,153.12
0,153.2
0,153.21
0,153.24
0,153.29
0,153.24
0,153.42
0,153.34
0,153.4
0,153.49
0,153.49
0,153.49
0,153.54
0,153.56
0,153.56
0,153.52
0,153.66
0,153.68
0,153.68
0,153.66
0,153.56
0,153.61
0,153.6
0,153.61
0,153.55
0,153.56
0,153.5
0,153.55
0,153.65
0,153.68
0,153.61
0,153.59
0,153.67
0,153.74
0,153.88
0,153.88
0,153.83
0,153.82
0,153.73
0,153.6
0,153.61
0,153.75
0,153.62
0,153.59
0,153.56
0,153.48
0,153.54
0,153.74
0,153.77
0,153.7
0,153.81
0,153.78
0,153.79
0,153.79
0,153.72
0,153.8
0,153.72
0,153.8
0,153.7
0,153.7
0,153.61
0,153.56
0,153.46
0,153.6
0,153.5
0,153.54
0,153.54
0,153.47
0,153.44
0,153.5
0,153.44
0,153.38
0,153.36
0,153.44
0,153.48
0,153.38
0,153.36
0,153.46
0,153.61
0,153.55
0,153.64
0,153.65
0,153.76
0,153.68
0,153.6
0,153.64
0,153.6
0,153.62
0,153.52
0,153.43
0,153.32
0,153.51
0,153.42
0,153.41
0,153.54
0,153.53
0,153.59
0,153.52
0,153.24
0,153.28
0,153.26
0,153.17
0,153.1
0,153.02
0,152.85
0,152.98
0,153.01
0,153.16
0,153.13
0,153.3
0,153.36
0,153.36
0,153.31
0,153.13
0,153.12
0,153.14
0,153.22
0,153.37
0,153.3
0,153.22
0,153.26
0,153.14
0,153.22
0,153.26
0,153.35
0,153.38
0,153.47
0,153.5
0,153.53
0,153.56
0,153.44
0,153.42
0,153.45
0,153.47
0,153.54
0,153.57
0,153.57
0,153.45
0,153.32
0,153.3
0,153.26
0,153.38
0,153.3
0,153.29
0,153.26
0,153.25
0,153.33
0,153.2
0,153.18
0,153.3
0,153.18
0,153.05
0,153.06
0,153.01
0,153.2
0,153.18
0,153.06
0,153.04
0,152.98
0,152.89
0,152.95
0,152.94
0,152.94
0,152.84
0,152.8
0,152.86
0,152.31
0,152.34
0,152.44
0,152.94
0,153.17
0,152.88
0,153.24
0,152.42
0,152.42
0,152.2
0,152.54
0,152.55
0,152.82
0,152.92
0,152.68
0,152.73
0,152.68
0,152.82
0,152.63
0,152.89
0,153.17
0,153.26
0,153.3
0,153.18
0,153.19
0,153.26
0,153.3
0,153.32
0,153.36
0,153.36
0,153.12
0,152.97
0,153.07
0,152.84
0,152.8
0,152.92
0,152.96
0,153.09
0,153.16
0,153.3
0,153.36
0,153.28
0,153.44
0,153.41
0,153.24
0,153.56
0,153.76
0,153.68
0,153.62
0,153.44
0,153.39
0,153.3
0,153.4
0,153.44
0,153.42
0,153.56
0,153.4
0,153.69
0,153.76
0,153.92
0,154.22
0,154.14
0,154.04
0,154.3
0,154.36
0,154.19
0,154.44
0,154.17
0,154.16
0,154.44
0,154.39
0,154.32
0,154.32
0,154.32
0,154.32
0,154.42
0,154.5
0,154.32
0,154.32
0,154.32
0,154.35
0,154.43
0,154.37
0,154.45
0,154.42
0,154.42
0,154.43
0,154.43
0,154.4
0,154.58
0,154.77
0,154.8
0,154.86
0,154.8
0,154.77
0,154.73
0,154.82
0,154.84
0,154.77
0,154.8
0,154.92
0,154.88
0,154.79
0,154.68
0,154.52
0,154.63
0,154.74
0,154.76
0,154.63
0,154.54
0,154.58
0,154.5
0,154.45
0,154.3
0,154.25
0,154.44
0,154.36
0,154.43
0,154.4
0,154.55
0,154.63
0,154.59
0,154.8
0,154.83
0,154.99
0,154.92
0,155
0,154.94
0,154.99
0,155.11
0,155.21
0,155.22
0,155.26
0,155.22
0,155.22
0,155.22
0,155.24
0,154.98
0,154.97
0,155.03
0,155.24
0,155.19
0,155.13
0,155.13
0,155.36
0,155.44
0,155.52
0,155.52
0,155.58
0,155.49
0,155.55
0,155.48
0,155.34
0,155.33
0,155.31
0,155.22
0,155.22
0,155.28
0,155.32
0,155.33
0,155.41
0,155.37
0,155.44
0,155.39
0,155.4
0,155.45
0,155.51
0,155.4
0,155.41
0,155.36
0,155.39
0,155.5
0,155.42
0,155.57
0,155.56
0,155.56
0,155.62
0,155.7
0,155.7
0,155.7
0,155.64
0,155.55
0,155.54
0,155.55
0,155.53
0,155.52
0,155.55
0,155.59
0,155.67
0,155.67
0,155.71
0,155.92
0,155.84
0,155.8
0,155.83
0,155.86
0,155.9
0,155.85
0,155.75
0,155.94
0,155.88
0,155.84
0,155.88
0,155.77
0,155.76
0,155.8
0,155.86
0,155.8
0,155.66
0,155.77
0,155.66
0,155.75
0,155.91
0,155.89
0,155.91
0,155.86
0,155.82
0,155.89
0,155.9
0,155.8
0,155.9
0,155.93
0,155.92
0,155.9
0,155.82
0,155.9
0,155.94
0,155.9
0,156.1
0,156.12
0,156.14
0,156.22
0,156.49
0,156.49
0,156.54
0,156.74
0,156.79
0,156.62
0,156.55
0,156.6
0,156.66
0,156.62
0,156.45
0,156.49
0,156.42
0,156.54
0,156.44
0,156.52
0,156.47
0,156.52
0,156.52
0,156.56
0,156.38
0,156.29
0,156.36
0,156.37
0,156.52
0,156.33
0,156.51
0,156.41
0,156.38
0,156.28
0,156.27
0,156.3
0,156.33
0,156.37
0,156.32
0,156.46
0,156.48
0,156.44
0,156.44
0,156.56
0,156.53
0,156.62
0,156.58
0,156.7
0,156.76
0,156.64
0,156.7
0,156.69
0,156.57
0,156.56
0,156.56
0,156.81
0,156.69
0,156.69
0,156.73
0,156.64
0,156.57
0,156.51
0,156.56
0,156.5
0,156.42
0,156.4
0,156.42
0,156.3
0,156.32
0,156.55
0,156.65
0,156.68
0,156.62
0,156.7
0,156.57
0,156.5
0,156.55
0,156.57
0,156.46
0,156.5
0,156.6
0,156.72
0,156.82
0,157.01
0,157.17
0,157.04
0,157.02
0,157.18
0,157.34
0,157.36
0,157.43
0,157.34
0,157.4
0,157.41
0,157.09
0,157.09
0,157.13
0,157.18
0,156.8
0,156.72
0,156.62
0,156.68
0,156.64
0,156.42
0,156.49
0,156.38
0,156.26
0,156.36
0,156.4
0,156.49
0,156.56
0,156.51
0,156.54
0,156.5
0,156.51
0,156.38
0,156.39
0,156.32
0,156.35
0,156.4
0,156.37
0,156.3
0,156.45
0,156.44
0,156.44
0,156.49
0,156.5
0,156.44
0,156.42
0,156.46
0,156.47
0,156.57
0,156.64
0,156.69
0,156.78
0,156.85
0,156.81
0,156.82
0,156.85
0,156.83
0,156.88
0,156.84
0,156.83
0,156.74
0,156.72
0,156.58
0,156.46
0,156.36
0,156.34
0,156.44
0,156.46
0,156.42
0,156.42
0,156.32
0,156.36
0,156.5
0,156.57
0,156.62
0,156.58
0,156.64
0,156.76
0,156.7
0,157.2
0,157.18
0,157.12
0,156.82
0,157.04
0,157.05
0,157.08
0,157.38
0,157.14
0,157.66
0,157.07
0,156.8
0,156.76
0,156.83
0,156.5
0,156.47
0,156.53
0,156.54
0,156.62
0,156.9
0,156.74
0,156.76
0,156.61
0,156.72
0,156.81
0,156.91
0,156.88
0,156.8
0,157.02
0,157.03
0,156.99
0,156.9
0,156.7
0,156.54
0,156.6
0,156.92
0,157.07
0,157.1
0,156.84
0,157.01
0,157.17
0,157.38
0,157.2
0,157.37
0,157.24
0,157.65
0,157.46
0,157.68
0,157.66
0,157.37
0,157.71
0,157.86
0,157.89
0,157.8
0,157.88
0,158.11
0,158.07
0,158.07
0,157.94
0,157.6
0,157.54
0,157.69
0,157.73
0,157.63
0,157.63
0,157.76
0,157.6
0,157.7
0,157.44
0,157.44
0,157.41
0,157.68
0,157.67
0,157.93
0,157.82
0,157.5
0,157.42
0,157.38
0,157.57
0,157.43
0,157.42
0,157.48
0,157.49
0,157.45
0,157.42
0,157.49
0,157.38
0,157.3
0,157.45
0,157.41
0,157.39
0,157.36
0,157.42
0,157.34
0,157.5
0,157.5
0,157.33
0,157.33
0,157.24
0,157.29
0,157.4
0,157.14
0,157.27
0,157.12
0,157.18
0,157.15
0,157.16
0,157.12
0,157.19
0,157.18
0,157.19
0,157.14
0,156.82
0,156.54
0,156.68
0,156.78
0,157
0,156.8
0,156.86
0,157.06
0,157.06
0,157.19
0,157.02
0,157.01
0,157.09
0,157.14
0,156.98
0,157.05
0,157.13
0,157.26
0,157.35
0,157.4
0,157.4
0,157.35
0,157.5
0,157.35
0,157.57
0,157.74
0,157.67
0,157.87
0,158.01
0,158.05
0,157.99
0,158.08
0,157.87
0,157.87
0,157.72
0,157.88
0,157.84
0,158.07
0,158.12
0,158.05
0,157.99
0,158.06
0,158.08
0,158.17
0,158.1
0,158
0,158.04
0,158.09
0,158.11
0,158.07
0,158.36
0,158.46
0,158.5
0,158.5
0,158.5
0,158.66
0,158.69
0,158.59
0,158.59
0,158.57
0,158.63
0,158.72
0,158.7
0,158.85
0,158.66
0,158.72
0,158.72
0,158.68
0,158.64
0,158.57
0,158.72
0,158.72
0,158.63
0,158.76
0,158.62
0,158.68
0,158.84
0,158.87
0,159
0,159.24
0,159.14
0,158.98
0,158.97
0,158.94
0,158.91
0,158.9
0,158.62
0,158.89
0,158.92
0,158.78
0,158.86
0,158.86
0,158.91
0,159.01
0,158.95
0,159.29
0,159.56
0,159.42
0,159.42
0,159.31
0,159.33
0,159.2
0,159.05
0,159.26
0,159.3
0,159.33
0,159.26
0,159.23
0,159.23
0,159.32
0,159.43
0,159.48
0,159.34
0,159.48
0,159.57
0,159.52
0,159.28
0,159.13
0,159.45
0,159.55
0,159.68
0,159.69
0,159.63
0,159.68
0,159.54
0,159.61
0,159.58
0,159.43
0,159.42
0,159.31
0,159.28
0,159.48
0,159.28
0,159.37
0,159.39
0,159.34
0,159.34
0,159.36
0,159.42
0,159.44
0,159.42
0,159.32
0,159.5
0,159.45
0,159.48
0,159.48
0,159.42
0,159.42
0,159.44
0,159.36
0,159.34
0,159.4
0,159.5
0,159.53
0,159.59
0,159.72
0,159.78
0,159.88
0,159.94
0,159.82
0,159.79
0,159.73
0,159.64
0,159.69
0,159.83
0,159.87
0,159.9
0,159.95
0,160.1
0,160.21
0,160.08
0,159.96
0,159.78
0,159.87
0,159.88
0,159.95
0,159.99
0,159.76
0,159.74
0,159.72
0,159.84
0,159.8
0,159.76
0,159.72
0,159.72
0,159.79
0,159.63
0,159.9
0,159.74
0,159.77
0,159.74
0,159.84
0,159.92
0,159.91
0,159.96
0,159.9
0,159.88
0,159.83
0,159.7
0,159.92
0,159.86
0,159.9
0,159.8
0,159.84
0,159.85
0,159.88
0,159.93
0,159.85
0,159.77
0,159.69
0,159.8
0,159.78
0,159.79
0,159.93
0,160.06
0,160.16
0,160.27
0,160.11
0,160.02
0,159.95
0,159.86
0,159.68
0,159.55
0,159.62
0,159.73
0,159.68
0,159.73
0,159.66
0,159.72
0,159.77
0,159.91
0,159.92
0,159.82
0,159.86
0,159.78
0,159.93
0,159.86
0,159.86
0,159.82
0,159.72
0,159.64
0,159.68
0,159.72
0,159.76
0,159.86
0,159.88
0,159.84
0,159.83
0,159.92
0,159.87
0,159.89
0,159.84
0,159.82
0,159.71
0,159.87
0,159.88
0,159.87
0,159.8
0,159.78
0,159.76
0,159.74
0,159.84
0,159.91
0,160.18
0,160.04
0,159.99
0,160
0,159.97
0,160.08
0,160.08
0,160.06
0,160.22
0,160.17
0,160.23
0,160.12
0,160.06
0,160.12
0,160.22
0,158.88
0,158.5
0,158.66
0,158.83
0,158.49
0,158.16
0,158.32
0,158.83
0,158.61
0,158.7
0,158.71
0,158.39
0,159.04
0,158.73
0,158.5
0,158.56
0,158.38
0,158.2
0,158.11
0,157.73
0,157.18
0,157.5
0,157.54
0,157.51
0,157.44
0,157.75
0,158.02
0,157.94
0,157.88
0,158
0,157.79
0,157.36
0,157.2
0,157.13
0,156.66
0,156.49
0,156.16
0,156.48
0,156.4
0,156.58
0,156.67
0,156.67
0,156.5
0,156.49
0,156.58
0,156.75
0,156.6
0,156.78
0,156.59
0,157.01
0,156.97
0,157.22
0,157.33
0,157.54
0,157.57
0,157.87
0,157.72
0,157.77
0,157.67
0,157.7
0,157.76
0,157.58
0,157.66
0,157.8
0,157.83
0,157.62
0,157.68
0,157.86
0,157.96
0,157.95
0,157.84
0,157.7
0,157.73
0,157.82
0,157.69
0,157.71
0,157.53
0,157.49
0,157.58
0,157.4
0,157.55
0,157.85
0,157.69
0,157.62
0,157.55
0,157.79
0,157.65
0,157.47
0,157.81
0,157.95
0,157.9
0,158.07
0,157.8
0,157.78
0,157.69
0,157.82
0,157.76
0,157.66
0,157.66
0,157.63
0,157.8
0,157.78
0,157.88
0,157.84
0,157.76
0,157.66
0,157.87
0,157.8
0,157.81
0,157.71
0,157.65
0,157.88
0,157.85
0,157.76
0,157.63
0,157.81
0,157.74
0,157.83
0,157.68
0,157.84
0,157.78
0,157.82
0,157.91
0,157.83
0,157.75
0,157.83
0,158.02
0,158
0,158.06
0,157.88
0,157.79
0,157.72
0,157.68
0,157.66
0,157.79
0,157.68
0,157.68
0,157.69
0,157.66
0,157.48
0,157.38
0,157.31
0,157.2
0,157.28
0,157.1
0,156.83
0,157.03
0,157.12
0,156.84
0,156.9
0,156.85
0,156.86
0,156.92
0,156.79
0,156.95
0,157.15
0,157.06
0,157.09
0,157.3
0,157.18
0,157.16
0,157.26
0,157.22
0,157.31
0,157.19
0,157.08
0,157.1
0,157.06
0,157.06
0,157.01
0,157.08
0,157
0,157.09
0,157.09
0,157.01
0,156.96
0,156.87
0,156.8
0,156.89
0,157.02
0,157.06
0,157.07
0,157.1
0,157.03
0,156.95
0,156.94
0,157.02
0,157.33
0,157.48
0,157.5
0,157.3
0,157.36
0,157.47
0,157.36
0,157.32
0,157.44
0,157.38
0,157.52
0,157.48
0,157.49
0,157.48
0,157.42
0,157.46
0,157.51
0,157.4
0,157.49
0,157.3
0,157.3
0,157.3
0,157.35
0,157.35
0,157.07
0,157.07
0,156.92
0,156.89
0,156.85
0,156.8
0,156.74
0,156.68
0,156.68
0,156.64
0,156.51
0,156.51
0,156.54
0,156.42
0,156.43
0,156.55
0,156.65
0,156.58
0,156.64
0,156.51
0,156.49
0,156.55
0,156.59
0,156.56
0,156.6
0,156.75
0,156.62
0,156.6
0,156.74
0,156.66
0,156.74
0,156.8
0,156.82
0,156.76
0,156.89
0,157
0,157.05
0,157
0,157.02
0,156.99
0,156.92
0,156.94
0,156.92
0,156.88
0,156.83
0,156.99
0,157.02
0,157.16
0,157.08
0,157.26
0,157.33
0,157.32
0,157.41
0,157.49
0,157.43
0,157.45
0,157.4
0,157.48
0,157.56
0,157.61
0,157.41
0,157.39
0,157.42
0,157.54
0,157.82
0,157.76
0,157.72
0,157.61
0,157.56
0,157.59
0,157.76
0,157.63
0,157.68
0,157.64
0,157.71
0,157.75
0,157.8
0,157.78
0,157.66
0,157.67
0,157.74
0,157.69
0,157.57
0,157.54
0,157.62
0,157.55
0,157.5
0,157.49
0,157.56
0,157.66
0,157.6
0,157.57
0,157.63
0,157.57
0,157.73
0,157.84
0,157.62
0,157.54
0,157.56
0,157.63
0,157.6
0,157.57
0,157.56
0,157.58
0,157.56
0,157.47
0,157.42
0,157.46
0,157.51
0,157.44
0,157.5
0,157.38
0,157.36
0,157.53
0,157.62
0,157.53
0,157.56
0,157.56
0,157.52
0,157.47
0,157.49
0,157.49
0,157.53
0,157.4
0,157.4
0,157.22
0,157.32
0,157.32
0,157.38
0,157.35
0,157.34
0,157.28
0,157.28
0,157.31
0,157.24
0,157.24
0,157.24
0,157.19
0,157.19
0,157.26
0,157.32
0,157.48
0,157.51
0,157.62
0,157.52
0,157.4
0,157.38
0,157.24
0,157.32
0,157.24
0,157.16
0,157.09
0,156.98
0,156.85
0,157.07
0,156.82
0,156.77
0,156.94
0,157.48
0,157.46
0,157.49
0,157.34
0,157.19
0,157.08
0,157.06
0,157.18
0,157.22
0,157.22
0,157.22
0,157.13
0,157.24
0,156.96
0,157.1
0,156.98
0,157.08
0,157.26
0,157.15
0,157.24
0,158.05
0,158.02
0,157.75
0,157.89
0,158.29
0,158.06
0,158.28
0,158.25
0,157.94
0,157.99
0,158.29
0,158.36
0,158.3
0,158.04
0,158.24
0,157.98
0,158.17
0,158.2
0,158.28
0,158.44
0,158.45
0,158.62
0,158.54
0,158.7
0,158.9
0,158.88
0,159.24
0,159.21
0,159.1
0,159.13
0,159.11
0,158.88
0,159
0,159.04
0,158.95
0,158.89
0,158.98
0,158.97
0,159.02
0,159.05
0,159.04
0,159.07
0,158.94
0,158.9
0,158.99
0,159.02
0,158.92
0,158.81
0,158.84
0,158.78
0,158.67
0,158.78
0,158.8
0,158.72
0,158.87
0,158.9
0,158.99
0,159.06
0,158.98
0,159.01
0,159.1
0,159.05
0,159.03
0,159.01
0,159.07
0,158.99
0,158.9
0,158.72
0,158.61
0,158.59
0,158.48
0,158.29
0,158.26
0,158.08
0,158.02
0,157.9
0,157.94
0,157.97
0,157.89
0,157.91
0,157.88
0,157.95
0,157.88
0,157.92
0,157.85
0,157.81
0,157.74
0,157.66
0,157.6
0,157.71
0,157.79
0,157.5
0,157.63
0,157.58
0,157.58
0,157.58
0,157.54
0,157.58
0,157.54
0,157.44
0,157.62
0,157.74
0,157.83
0,157.9
0,157.73
0,157.82
0,157.81
0,157.69
0,157.49
0,157.37
0,157.34
0,157.34
0,157.31
0,157.32
0,157.31
0,157.32
0,157.2
0,157.14
0,157.24
0,157.18
0,157.31
0,157.29
0,157.19
0,157.08
0,157.19
0,157.35
0,157.2
0,157.12
0,157.1
0,157.14
0,157.04
0,157.04
0,157.14
0,157.01
0,157.01
0,157.08
0,156.88
0,156.78
0,156.83
0,156.88
0,156.76
0,156.88
0,156.89
0,156.74
0,156.6
0,156.49
0,156.44
0,156.52
0,156.29
0,156.16
0,156.27
0,156.31
0,156.46
0,156.57
0,156.71
0,156.63
0,156.62
0,156.61
0,156.51
0,156.32
0,156.52
0,156.56
0,156.49
0,156.48
0,156.37
0,156.39
0,156.32
0,156.29
0,156.4
0,156.44
0,156.67
0,156.63
0,156.88
0,156.72
0,156.86
0,157.05
0,156.95
0,156.93
0,157.01
0,156.86
0,156.75
0,156.84
0,156.72
0,156.82
0,156.84
0,156.76
0,156.75
0,156.69
0,156.66
0,156.64
0,156.61
0,156.61
0,156.76
0,156.73
0,156.8
0,157.01
0,157.1
0,156.99
0,157.14
0,157.06
0,157.12
0,156.92
0,157.08
0,157.18
0,157.13
0,157.18
0,157.08
0,157.2
0,157.24
0,157.29
0,157.28
0,157.33
0,157.28
0,157.21
0,157.22
0,157.1
0,157
0,156.92
0,156.81
0,156.97
0,157.14
0,157.01
0,157.12
0,157.03
0,157.04
0,157
0,157.08
0,157.2
0,157.42
0,157.39
0,157.34
0,157.28
0,157.52
0,157.57
0,157.55
0,157.5
0,157.51
0,157.49
0,157.49
0,157.46
0,157.38
0,157.5
0,157.55
0,157.74
0,157.63
0,157.64
0,157.64
0,157.67
0,157.62
0,157.74
0,157.87
0,157.76
0,157.8
0,157.73
0,157.76
0,157.82
0,157.87
0,158.12
0,158.18
0,158.01
0,158.17
0,158.17
0,158.19
0,158.32
0,158.19
0,158.28
0,158.28
0,158.05
0,158.06
0,158.24
0,158.29
0,158.24
0,158.42
0,158.54
0,158.92
0,158.78
0,158.76
0,158.78
0,158.96
0,159.02
0,159.03
0,159.17
0,159.2
0,159.24
0,159.09
0,159.19
0,159.12
0,159.11
0,159.16
0,159.04
0,158.97
0,159.05
0,159.24
0,159.24
0,159.38
0,159.41
0,159.44
0,159.44
0,159.47
0,159.52
0,159.63
0,159.56
0,159.57
0,159.6
0,159.44
0,159.6
0,159.54
0,159.56
0,159.58
0,159.51
0,159.51
0,159.51
0,159.38
0,159.48
0,159.29
0,159.21
0,159.18
0,159.19
0,159.44
0,159.26
0,159.39
0,159.47
0,159.3
0,159.37
0,159.36
0,159.44
0,159.5
0,159.52
0,159.68
0,159.72
0,159.69
0,159.74
0,159.78
0,159.76
0,159.82
0,159.82
0,159.94
0,159.82
0,159.8
0,159.71
0,159.67
0,159.68
0,159.74
0,159.9
0,159.89
0,159.94
0,159.94
0,159.97
0,160.12
0,160.18
0,160.18
0,160.18
0,160.14
0,160.22
0,160.19
0,160.06
0,160.09
0,160.1
0,160.05
0,160.12
0,160.22
0,160.02
0,160.04
0,159.95
0,159.8
0,159.88
0,159.82
0,159.9
0,159.92
0,160.05
0,160.06
0,160.15
0,160.19
0,160.34
0,160.32
0,160.12
0,160.2
0,160.28
0,160.28
0,160.41
0,160.44
0,160.36
0,160.22
0,160.12
0,160.16
0,160.24
0,160.43
0,160.39
0,160.21
0,160.34
0,161.28
0,158.96
0,159
0,157.89
0,158.02
0,157.98
0,158.05
0,158.04
0,157.61
0,157.54
0,157.34
0,156.94
0,157.28
0,157.53
0,158.06
0,158.6
0,159.01
0,158.86
0,158.63
0,158.95
0,158.94
0,159.05
0,158.46
0,158.42
0,158.74
0,159.11
0,159.02
0,158.88
0,158.85
0,159.02
0,158.81
0,159.55
0,160.2
0,160.16
0,160.4
0,160.68
0,160.92
0,160.74
0,160.86
0,160.62
0,160.71
0,160.52
0,160.4
0,160.36
0,160.28
0,160.69
0,160.72
0,160.86
0,160.6
0,160.6
0,160.74
0,160.42
0,160.03
0,159.69
0,159.49
0,159.63
0,159.62
0,159.6
0,159.79
0,159.9
0,159.63
0,159.66
0,159.26
0,159.36
0,159.09
0,159.36
0,158.86
0,159
0,158.94
0,158.95
0,159.1
0,159.22
0,158.92
0,158.65
0,159.04
0,159.05
0,159.03
0,159.01
0,159.02
0,158.88
0,158.69
0,158.67
0,158.36
0,158.19
0,158.27
0,158.58
0,158.45
0,158.3
0,158.48
0,158.27
0,158.26
0,158.3
0,158.22
0,158.17
0,158.36
0,158.29
0,158.38
0,158.28
0,158.24
0,158.32
0,158.33
0,158.5
0,158.68
0,158.5
0,158.42
0,158.34
0,158.23
0,158.28
0,158.62
0,158.63
0,158.61
0,158.46
0,158.3
0,158.35
0,158.22
0,158.26
0,158.42
0,158.37
0,158.33
0,158.72
0,158.62
0,158.44
0,158.42
0,158.41
0,158.35
0,158.32
0,158.27
0,158.34
0,158.59
0,158.56
0,158.51
0,158.36
0,158.44
0,158.63
0,158.74
0,158.69
0,158.75
0,158.62
0,158.6
0,158.45
0,158.5
0,158.38
0,158.22
0,158.24
0,158.36
0,158.38
0,158.3
0,158.21
0,158.14
0,158.28
0,158.18
0,158.25
0,158.14
0,158.17
0,158.16
0,158.06
0,157.98
0,158
0,157.97
0,158
0,158.04
0,158.04
0,158.04
0,158.05
0,158.14
0,158.14
0,158.18
0,158.12
0,158.01
0,158.03
0,157.96
0,157.98
0,157.94
0,157.83
0,157.8
0,157.8
0,157.79
0,157.83
0,157.8
0,157.72
0,157.68
0,157.65
0,157.68
0,157.68
0,157.58
0,157.64
0,157.63
0,157.42
0,157.42
0,157.56
0,157.58
0,157.69
0,157.7
0,157.75
0,157.75
0,157.76
0,157.76
0,157.72
0,157.76
0,157.8
0,157.6
0,157.59
0,157.66
0,157.55
0,157.6
0,157.58
0,157.6
0,157.57
0,157.54
0,157.52
0,157.45
0,157.52
0,157.52
0,157.46
0,157.27
0,157.3
0,157.47
0,157.43
0,157.39
0,157.3
0,157.36
0,157.18
0,156.89
0,156.8
0,156.86
0,156.95
0,156.82
0,157.02
0,157.08
0,156.93
0,156.89
0,156.96
0,156.85
0,156.91
0,156.83
0,156.82
0,156.77
0,156.7
0,156.98
0,156.86
0,156.92
0,156.88
0,156.74
0,156.75
0,156.81
0,156.6
0,156.71
0,156.63
0,156.55
0,156.61
0,156.67
0,157
0,156.82
0,156.72
0,156.7
0,156.68
0,156.76
0,156.76
0,156.93
0,156.99
0,157.14
0,157.06
0,157.16
0,157.07
0,156.99
0,156.92
0,156.94
0,156.84
0,156.89
0,156.91
0,156.71
0,156.64
0,156.74
0,156.76
0,156.69
0,156.77
0,156.84
0,156.78
0,156.67
0,156.83
0,156.77
0,156.69
0,156.62
0,156.66
0,156.66
0,156.64
0,156.74
0,156.79
0,156.84
0,156.74
0,156.94
0,157.14
0,157.18
0,157.26
0,157.4
0,157.45
0,157.16
0,157.21
0,157.17
0,157.19
0,157.14
0,157.06
0,157.07
0,157.26
0,157.23
0,157.28
0,157.47
0,157.41
0,157.41
0,157.58
0,157.51
0,157.6
0,157.57
0,157.48
0,157.46
0,157.35
0,157.36
0,157.32
0,157.26
0,157.32
0,157.2
0,157.22
0,157.08
0,157.07
0,157.11
0,157.25
0,157.17
0,157.05
0,157.08
0,157.18
0,157.22
0,157.3
0,157.3
0,157.36
0,157.31
0,157.36
0,157.33
0,157.44
0,157.4
0,157.46
0,157.38
0,157.44
0,157.52
0,157.82
0,157.78
0,157.77
0,157.74
0,157.67
0,157.6
0,157.6
0,157.55
0,157.56
0,157.56
0,157.53
0,157.74
0,157.6
0,157.63
0,157.63
0,157.6
0,157.67
0,157.76
0,157.66
0,157.63
0,157.57
0,157.55
0,157.58
0,157.55
0,157.46
0,157.48
0,157.42
0,157.26
0,157.27
0,157.33
0,157.34
0,157.2
0,157.12
0,157.1
0,157.1
0,157.09
0,157.12
0,157.08
0,157.1
0,157.37
0,157.38
0,157.39
0,157.38
0,157.36
0,157.3
0,157.26
0,157.31
0,158.99
0,158.92
0,158.96
0,159.59
0,159.52
0,159.68
0,159.49
0,159.56
0,159.41
0,159.62
0,159.66
0,160
0,160.19
0,160.2
0,160.06
0,159.79
0,159.44
0,159.52
0,159.66
0,159.62
0,159.66
0,159.41
0,159.62
0,159.74
0,159.64
0,159.4
0,159.44
0,159.05
0,159.02
0,158.8
0,158.8
0,158.84
0,158.83
0,158.96
0,158.92
0,158.64
0,158.7
0,158.83
0,158.74
0,158.8
0,158.81
0,158.82
0,158.78
0,158.91
0,158.93
0,158.84
0,158.9
0,158.97
0,159.02
0,159.01
0,158.88
0,158.93
0,158.86
0,158.99
0,158.88
0,158.98
0,158.92
0,158.86
0,158.9
0,158.9
0,158.95
0,158.93
0,159.12
0,159.32
0,159.06
0,159.31
0,159.47
0,159.54
0,159.67
0,159.74
0,159.74
0,159.62
0,159.56
0,159.39
0,159.39
0,159.64
0,159.61
0,159.63
0,159.7
0,159.84
0,159.94
0,160.03
0,159.86
0,159.94
0,159.91
0,159.92
0,159.93
0,159.94
0,159.94
0,159.96
0,160.05
0,160.18
0,159.88
0,159.9
0,160.11
0,159.98
0,160.1
0,160.12
0,160.09
0,160.1
0,159.99
0,159.99
0,159.92
0,159.77
0,159.83
0,159.82
0,159.74
0,159.74
0,159.72
0,159.9
0,159.89
0,159.92
0,159.81
0,159.8
0,159.68
0,159.78
0,159.69
0,159.68
0,159.61
0,159.66
0,159.55
0,159.38
0,159.42
0,159.72
0,159.6
0,159.53
0,159.57
0,159.74
0,159.64
0,159.75
0,159.7
0,159.86
0,159.79
0,159.9
0,160.01
0,160.01
0,159.96
0,160.01
0,159.96
0,159.91
0,159.85
0,159.85
0,159.96
0,159.87
0,159.8
0,159.85
0,159.84
0,159.83
0,159.88
0,159.83
0,159.85
0,159.8
0,159.78
0,159.78
0,159.66
0,159.59
0,159.61
0,159.61
0,159.54
0,159.56
0,159.63
0,159.71
0,159.61
0,159.62
0,159.57
0,159.46
0,159.38
0,159.55
0,159.47
0,159.4
0,159.51
0,159.55
0,159.54
0,159.5
0,159.57
0,159.68
0,159.83
0,159.76
0,159.91
0,159.94
0,159.84
0,159.74
0,159.72
0,159.56
0,159.62
0,159.55
0,159.74
0,159.79
0,159.78
0,159.82
0,159.92
0,159.76
0,159.82
0,159.78
0,159.8
0,159.74
0,159.66
0,159.51
0,159.52
0,159.48
0,159.54
0,159.45
0,159.24
0,159.48
0,159.43
0,159.48
0,159.56
0,159.66
0,159.66
0,159.8
0,160
0,159.88
0,159.86
0,159.86
0,159.88
0,159.79
0,160
0,160.01
0,160.11
0,160.21
0,160.1
0,160.02
0,160.17
0,160.11
0,160.22
0,160.26
0,160.19
0,160.26
0,160.28
0,160.28
0,160.25
0,160.31
0,160.36
0,160.33
0,160.33
0,160.42
0,160.43
0,160.52
0,160.5
0,160.46
0,160.52
0,160.54
0,160.59
0,160.57
0,160.52
0,160.52
0,160.46
0,160.37
0,160.4
0,160.39
0,160.58
0,160.56
0,160.51
0,160.6
0,160.6
0,160.56
0,160.56
0,160.58
0,160.5
0,160.56
0,160.66
0,160.62
0,160.82
0,160.66
0,160.73
0,160.79
0,160.71
0,160.76
0,160.68
0,160.76
0,160.65
0,160.74
0,160.74
0,160.8
0,160.85
0,160.82
0,160.84
0,160.86
0,160.89
0,160.68
0,160.76
0,160.68
0,160.58
0,160.57
0,160.69
0,160.61
0,160.74
0,160.68
0,160.54
0,160.59
0,160.64
0,160.62
0,160.42
0,160.42
0,160.54
0,160.48
0,160.42
0,160.49
0,160.32
0,160.24
0,160.3
0,160.34
0,160.3
0,160.26
0,160.24
0,160.22
0,160.35
0,160.35
0,160.23
0,160.28
0,160.28
0,160.32
0,160.24
0,160.22
0,160.27
0,160.22
0,160.3
0,160.32
0,160.3
0,160.31
0,160.31
0,160.2
0,160.25
0,160.34
0,160.28
0,160.41
0,160.46
0,160.33
0,160.23
0,160.26
0,160.26
0,160.2
0,160.24
0,160.32
0,160.33
0,160.31
0,160.32
0,160.17
0,160.2
0,160.24
0,160.39
0,160.38
0,160.41
0,160.4
0,160.44
0,160.44
0,160.49
0,160.51
0,160.44
0,160.52
0,160.52
0,160.48
0,160.54
0,160.57
0,160.6
0,160.52
0,160.54
0,160.49
0,160.34
0,160.28
0,160.29
0,160.06
0,160.08
0,160.1
0,160.17
0,160.18
0,160.17
0,160.22
0,160.29
0,160.19
0,160.32
0,160.3
0,160.36
0,160.35
0,160.44
0,160.47
0,160.42
0,160.37
0,160.38
0,160.4
0,160.45
0,160.35
0,160.31
0,160.32
0,160.16
0,160.12
0,160.38
0,160.44
0,160.45
0,160.48
0,159.65
0,159.23
0,159.24
0,159.02
0,158.98
0,158.96
0,158.91
0,158.48
0,158.44
0,158.56
0,157.8
0,157.94
0,158.36
0,158.3
0,158.29
0,158.28
0,158.24
0,158
0,158.34
0,158.23
0,158.15
0,158.12
0,158.28
0,157.92
0,157.61
0,157.8
0,157.57
0,157.56
0,157.5
0,157.55
0,157.6
0,157.58
0,157.68
0,157.48
0,157.39
0,156.9
0,156.9
0,156.94
0,156.98
0,157.02
0,156.94
0,156.89
0,156.73
0,156.8
0,156.88
0,156.86
0,157.06
0,156.96
0,156.92
0,156.92
0,156.83
0,156.91
0,157.02
0,156.98
0,156.85
0,156.93
0,156.98
0,156.96
0,156.95
0,156.95
0,157.04
0,156.93
0,156.92
0,156.88
0,156.99
0,156.91
0,156.98
0,156.94
0,156.96
0,157.01
0,156.68
0,156.68
0,156.92
0,156.92
0,156.94
0,156.8
0,156.74
0,156.74
0,156.83
0,156.76
0,156.76
0,156.68
0,156.76
0,156.86
0,156.79
0,156.77
0,156.87
0,156.99
0,156.92
0,156.9
0,156.86
0,156.74
0,156.57
0,156.55
0,156.59
0,156.48
0,156.48
0,156.58
0,156.55
0,156.55
0,156.46
0,156.26
0,156.26
0,156.18
0,156.18
0,156.5
0,156.39
0,156.16
0,156.23
0,156.1
0,156.06
0,156.19
0,156.19
0,156.14
0,156.38
0,156.53
0,156.64
0,156.84
0,156.8
0,156.7
0,156.68
0,156.71
0,156.76
0,156.77
0,156.75
0,156.72
0,156.72
0,156.88
0,156.85
0,156.78
0,156.68
0,156.75
0,156.75
0,156.7
0,156.8
0,156.68
0,156.9
0,156.94
0,156.84
0,157
0,157.12
0,157.22
0,157.34
0,157.52
0,157.16
0,157.09
0,157.13
0,157.18
0,157.09
0,157.19
0,157.04
0,157.02
0,156.88
0,156.88
0,156.78
0,156.82
0,156.77
0,156.76
0,156.64
0,156.81
0,156.72
0,156.81
0,156.86
0,157
0,157.02
0,157.12
0,157.18
0,157.28
0,157.3
0,157.27
0,157.3
0,157.3
0,157.2
0,157.18
0,157.24
0,157.24
0,157.2
0,157.18
0,157.29
0,157.24
0,157.22
0,157.21
0,157.16
0,157.17
0,157.18
0,157.15
0,157.08
0,157
0,157.07
0,157.1
0,157.08
0,157.08
0,157.1
0,157.21
0,157.17
0,157.23
0,157.26
0,157.24
0,157.21
0,157.19
0,157.18
0,157.09
0,157.14
0,157.16
0,157.1
0,157.11
0,157.11
0,157.14
0,157.11
0,157.18
0,157.25
0,157.27
0,157.06
0,156.9
0,156.88
0,156.78
0,156.75
0,156.76
0,156.78
0,156.86
0,156.77
0,156.66
0,156.8
0,156.83
0,156.84
0,156.84
0,156.67
0,156.76
0,156.61
0,156.76
0,156.86
0,156.89
0,157.05
0,157.26
0,157.38
0,157.29
0,157.31
0,157.4
0,157.31
0,157.32
0,157.46
0,157.59
0,157.86
0,157.94
0,157.98
0,157.87
0,157.78
0,157.77
0,157.76
0,157.71
0,157.68
0,157.51
0,157.44
0,157.44
0,157.45
0,157.45
0,157.38
0,157.34
0,157.38
0,157.58
0,157.6
0,157.62
0,157.64
0,157.57
0,157.55
0,157.49
0,157.54
0,157.54
0,157.48
0,157.63
0,157.82
0,157.7
0,157.7
0,157.82
0,157.68
0,157.68
0,157.78
0,157.83
0,157.92
0,157.88
0,157.91
0,157.95
0,157.96
0,157.88
0,157.75
0,157.66
0,157.74
0,157.68
0,157.73
0,157.84
0,157.99
0,157.94
0,157.86
0,157.86
0,157.88
0,157.86
0,157.88
0,157.8
0,157.78
0,157.84
0,157.75
0,157.83
0,157.88
0,157.87
0,157.88
0,157.83
0,157.81
0,157.83
0,157.81
0,157.79
0,157.83
0,157.85
0,157.69
0,157.69
0,157.69
0,157.8
0,157.78
0,157.84
0,157.8
0,157.9
0,158
0,157.91
0,157.95
0,157.96
0,157.95
0,157.94
0,157.94
0,157.93
0,157.85
0,157.89
0,157.92
0,157.86
0,157.82
0,157.88
0,157.84
0,157.65
0,157.7
0,157.77
0,157.82
0,157.76
0,157.72
0,157.73
0,157.82
0,157.74
0,157.79
0,157.73
0,157.73
0,157.72
0,157.64
0,157.5
0,157.74
0,157.62
0,157.4
0,157.5
0,157.34
0,157.12
0,157.18
0,157.07
0,157.08
0,157.02
0,157.27
0,157.19
0,157.08
0,157.11
0,157.04
0,156.98
0,156.95
0,156.87
0,157.16
0,157.1
0,157.26
0,157.32
0,157.42
0,157.35
0,157.32
0,157.52
0,157.39
0,157.28
0,157.19
0,157.23
0,157.3
0,157.24
0,157.34
0,157.49
0,158.24
0,157.68
0,157.6
0,157.55
0,157.63
0,149.7
0,150.8
0,151.3
0,152.56
0,150.78
0,149.96
0,148.38
0,145.88
0,147.22
0,148.86
0,148.84
0,148
0,148.64
0,148.04
0,147.51
0,147.83
0,147.62
0,147.81
0,148.16
0,148.38
0,148.58
0,148.48
0,148.58
0,149.22
0,149.27
0,149.3
0,149.68
0,149.46
0,149.33
0,149.19
0,149.52
0,149.89
0,149.7
0,150.29
0,150.19
0,150.21
0,150.09
0,149.8
0,149.7
0,149.16
0,149.28
0,148.83
0,148.76
0,148.46
0,148.45
0,148.49
0,148.49
0,147.38
0,147.46
0,147.59
0,147.58
0,147.88
0,148.16
0,148.38
0,148.69
0,148.56
0,148.55
0,148.08
0,147.52
0,147.62
0,147.8
0,147.43
0,147.17
0,147.07
0,146.96
0,147.26
0,147.22
0,146.78
0,146.83
0,147.01
0,147.27
0,147.35
0,147.68
0,147.37
0,147.26
0,147.78
0,147.06
0,147.26
0,147.32
0,147.07
0,146.8
0,146.88
0,146.84
0,147
0,146.7
0,147.02
0,146.86
0,146.71
0,146.96
0,146.94
0,146.84
0,146.62
0,146.24
0,145.97
0,146.14
0,146.14
0,146.06
0,145.88
0,146.24
0,146.26
0,146.18
0,146.29
0,146.32
0,146.66
0,146.45
0,146.41
0,146.82
0,147.08
0,147.08
0,146.76
0,146.68
0,146.78
0,146.81
0,146.69
0,146.82
0,146.89
0,146.46
0,146.28
0,146.32
0,146.45
0,146.64
0,146.76
0,146.88
0,147.07
0,147.3
0,147.57
0,147.38
0,147.32
0,147.56
0,147.73
0,147.86
0,147.97
0,147.94
0,147.94
0,148.01
0,148.29
0,148.38
0,148.62
0,148.49
0,148.44
0,148.32
0,147.94
0,147.82
0,147.76
0,147.62
0,147.72
0,147.57
0,147.23
0,147.46
0,147.31
0,147.32
0,147.36
0,147.33
0,146.95
0,146.88
0,146.99
0,147.12
0,147.13
0,147.35
0,147.22
0,147.18
0,147.34
0,147.24
0,147.42
0,147.64
0,147.63
0,147.65
0,147.66
0,147.83
0,147.98
0,147.85
0,147.68
0,147.82
0,147.8
0,147.6
0,147.34
0,147.26
0,147.14
0,147.22
0,147.37
0,147.32
0,147.21
0,147.1
0,147.14
0,147.38
0,147.12
0,147.09
0,147.17
0,147.06
0,147.14
0,147.06
0,147.12
0,147.06
0,147.12
0,147
0,147.08
0,146.95
0,146.88
0,146.93
0,146.9
0,147.05
0,147.24
0,147.18
0,147.1
0,146.92
0,146.87
0,146.75
0,146.7
0,146.73
0,146.95
0,146.95
0,146.84
0,146.82
0,146.57
0,146.53
0,146.72
0,146.74
0,146.78
0,146.86
0,146.86
0,146.95
0,147.12
0,147.17
0,147.2
0,147.29
0,147.21
0,147.49
0,147.3
0,147.53
0,147.61
0,147.86
0,147.84
0,147.9
0,148.01
0,148.06
0,147.99
0,148.08
0,148.17
0,148.48
0,148.55
0,148.26
0,148.49
0,148.44
0,148.55
0,148.45
0,148.46
0,148.41
0,148.43
0,148.44
0,148.26
0,148.26
0,148.07
0,148
0,148.22
0,148.2
0,148.4
0,148.42
0,148.7
0,148.74
0,148.88
0,148.95
0,148.77
0,148.74
0,148.84
0,148.37
0,148.11
0,147.97
0,147.99
0,148.32
0,148.05
0,148.12
0,147.91
0,147.66
0,147.77
0,147.75
0,147.57
0,147.62
0,147.46
0,147.67
0,147.52
0,147.52
0,147.68
0,147.75
0,147.56
0,147.5
0,147.51
0,147.5
0,147.42
0,147.6
0,147.57
0,147.49
0,147.38
0,147.34
0,147.3
0,147.51
0,147.34
0,147.26
0,147.3
0,147.09
0,147.04
0,147.01
0,147.15
0,147.4
0,147.64
0,147.67
0,147.65
0,147.5
0,147.5
0,147.28
0,147.14
0,147.05
0,147.01
0,146.79
0,146.67
0,146.91
0,146.76
0,146.86
0,146.88
0,146.71
0,146.6
0,146.44
0,146.26
0,146.32
0,146.26
0,146.08
0,146.13
0,146.22
0,146.17
0,146.22
0,146.26
0,146.26
0,146.39
0,146.55
0,146.39
0,146.41
0,146.35
0,146.29
0,146.27
0,146.58
0,146.6
0,146.5
0,146.52
0,146.55
0,146.43
0,146.46
0,146.43
0,146.43
0,146.32
0,146.26
0,146.28
0,146.52
0,146.46
0,146.5
0,146.49
0,146.4
0,146.5
0,146.59
0,146.28
0,146.26
0,146.24
0,146.24
0,146.3
0,146.05
0,146.12
0,146.03
0,145.86
0,145.94
0,145.8
0,145.82
0,145.81
0,145.92
0,145.99
0,145.84
0,145.66
0,145.52
0,145.52
0,145.69
0,145.61
0,145.62
0,145.27
0,145.33
0,145.08
0,144.94
0,145.14
0,145.23
0,145.28
0,145.49
0,145.55
0,145.69
0,145.58
0,142.18
0,142.57
0,141.88
0,142.32
0,142.36
0,141.69
0,140.57
0,140.86
0,140.66
0,141.24
0,141.5
0,142.78
0,142.98
0,143.28
0,144.49
0,143.04
0,143.1
0,142.71
0,142.71
0,142.72
0,142.56
0,142.51
0,142.76
0,142.57
0,142.89
0,143
0,143.56
0,143.49
0,142.99
0,143.01
0,142.74
0,143.01
0,143.11
0,142.65
0,143.16
0,142.99
0,142.79
0,142.82
0,143.1
0,143.11
0,143.27
0,143.42
0,143.76
0,144.18
0,143.77
0,143.83
0,143.52
0,143.7
0,143.93
0,144.14
0,144.3
0,144.31
0,144.82
0,145.2
0,144.71
0,144.88
0,145.52
0,145.28
0,145.51
0,145.27
0,144.9
0,145.01
0,144.69
0,144.72
0,144.55
0,144.48
0,144.42
0,144.06
0,144.01
0,144.05
0,144.05
0,144.02
0,143.85
0,143.98
0,143.97
0,144.11
0,144.06
0,144
0,143.81
0,144
0,143.93
0,143.52
0,143.78
0,143.8
0,143.42
0,143.68
0,143.69
0,143.64
0,143.51
0,143.82
0,143.64
0,143.74
0,143.71
0,143.72
0,143.67
0,143.6
0,143.76
0,143.64
0,143.64
0,143.7
0,143.71
0,143.8
0,143.68
0,143.69
0,143.76
0,143.74
0,143.69
0,143.69
0,143.78
0,144.16
0,143.94
0,143.88
0,143.61
0,143.47
0,143.53
0,143.89
0,143.74
0,143.69
0,143.54
0,143.62
0,143.73
0,143.63
0,143.76
0,143.72
0,143.69
0,143.64
0,143.68
0,143.76
0,143.88
0,143.68
0,143.6
0,143.57
0,143.52
0,143.78
0,144.08
0,143.89
0,143.98
0,144.14
0,143.9
0,143.9
0,143.92
0,143.86
0,144.06
0,144.01
0,144.15
0,144
0,144
0,143.92
0,143.97
0,143.98
0,143.99
0,143.76
0,143.84
0,144.07
0,143.92
0,143.91
0,143.76
0,143.9
0,144.03
0,144.16
0,144.13
0,144.48
0,144.17
0,144.15
0,144.08
0,144.13
0,144.04
0,144.08
0,144.05
0,144.15
0,144.22
0,144.18
0,144.17
0,144.02
0,144
0,143.96
0,143.88
0,143.98
0,143.77
0,143.84
0,143.83
0,144.06
0,144.4
0,144.46
0,144.5
0,144.42
0,144.22
0,144.24
0,144.26
0,144.33
0,144.34
0,144.29
0,144.17
0,144.05
0,144.28
0,144.12
0,144.05
0,144.06
0,144.11
0,144.01
0,144.04
0,144.05
0,144.06
0,143.95
0,144.05
0,144.02
0,144.01
0,144.03
0,144
0,144.05
0,144.01
0,144.05
0,144.03
0,144
0,144.04
0,144.1
0,144.12
0,144.2
0,144.26
0,144.42
0,144.49
0,144.36
0,144.42
0,144.25
0,144.23
0,144.12
0,144.02
0,144.02
0,144.06
0,144.09
0,144.06
0,144.02
0,143.96
0,143.78
0,143.94
0,143.98
0,144
0,143.96
0,143.93
0,143.83
0,143.76
0,143.8
0,143.84
0,144.11
0,143.94
0,143.92
0,144
0,144.04
0,143.98
0,144.03
0,144.05
0,143.99
0,143.99
0,144.05
0,143.92
0,143.89
0,143.88
0,143.9
0,143.86
0,143.83
0,143.58
0,143.61
0,143.66
0,143.51
0,143.44
0,143.48
0,143.56
0,143.73
0,143.57
0,143.44
0,143.44
0,143.74
0,143.75
0,143.62
0,143.56
0,143.82
0,143.97
0,144.11
0,143.92
0,143.92
0,143.8
0,143.84
0,143.67
0,143.74
0,143.8
0,143.7
0,143.74
0,143.68
0,143.66
0,143.6
0,143.61
0,143.69
0,143.8
0,143.86
0,143.8
0,143.78
0,143.69
0,143.64
0,143.55
0,143.49
0,143.52
0,143.48
0,143.44
0,143.42
0,143.48
0,143.48
0,143.49
0,143.49
0,143.55
0,143.5
0,143.44
0,143.44
0,143.55
0,143.57
0,143.49
0,143.47
0,143.51
0,143.55
0,143.57
0,143.5
0,143.47
0,143.45
0,143.47
0,143.56
0,143.67
0,143.61
0,143.83
0,144.55
0,144.64
0,144.6
0,144.97
0,144.72
0,144.48
0,144.4
0,144.26
0,144.29
0,144.15
0,144.11
0,144.29
0,144.21
0,144.19
0,144.04
0,144.02
0,143.99
0,144.12
0,144.11
0,144.16
0,144.07
0,144.06
0,143.93
0,143.99
0,144
0,143.89
0,143.76
0,143.72
0,143.71
0,143.61
0,143.51
0,143.68
0,143.91
0,143.89
0,143.78
0,143.89
0,143.79
0,143.74
0,143.76
0,143.88
0,143.83
0,143.78
0,143.81
0,143.74
0,143.68
0,143.73
0,143.74
0,143.67
0,143.62
0,143.74
0,143.63
0,143.99
0,143.91
0,143.76
0,143.68
0,143.71
0,143.67
0,143.58
0,143.53
0,143.78
0,143.68
0,143.57
0,143.61
0,144.42
0,143.12
0,142.98
0,143.94
0,144.21
0,143.86
0,143.81
0,144.26
0,144.14
0,144.17
0,143.83
0,143.8
0,144.06
0,144.32
0,144.62
0,144.71
0,144.7
0,144.8
0,144.79
0,144.88
0,145.04
0,145
0,144.95
0,144.82
0,144.74
0,144.66
0,144.63
0,144.76
0,144.88
0,144.77
0,144.38
0,144.42
0,144.44
0,144.94
0,145.24
0,145.3
0,145.25
0,145.44
0,145.36
0,145.19
0,145.11
0,145.07
0,144.92
0,145.04
0,145.18
0,145.1
0,144.98
0,145.06
0,145.41
0,145.61
0,145.88
0,146
0,146.32
0,146.09
0,146.16
0,146.18
0,146.35
0,146.22
0,146.42
0,146.5
0,146.69
0,146.35
0,146.44
0,146.44
0,146.34
0,146.19
0,146.01
0,145.83
0,145.67
0,145.73
0,145.67
0,145.81
0,145.65
0,145.55
0,145.57
0,145.65
0,145.57
0,145.62
0,145.56
0,145.34
0,145.54
0,145.62
0,145.68
0,145.63
0,145.58
0,145.57
0,145.62
0,145.66
0,145.56
0,145.4
0,145.57
0,145.71
0,145.78
0,145.75
0,145.82
0,145.75
0,145.61
0,145.67
0,145.48
0,145.38
0,145.45
0,145.76
0,145.67
0,145.69
0,145.56
0,145.62
0,145.5
0,145.44
0,145.42
0,145.31
0,145.38
0,145.44
0,145.37
0,145.36
0,145.38
0,145.6
0,145.46
0,145.44
0,145.4
0,145.46
0,145.46
0,145.5
0,145.58
0,145.47
0,145.45
0,145.38
0,145.37
0,145.41
0,145.57
0,145.66
0,145.7
0,145.8
0,145.84
0,145.84
0,145.83
0,145.71
0,145.67
0,145.8
0,145.88
0,145.76
0,145.78
0,145.68
0,145.69
0,145.68
0,145.83
0,145.77
0,145.79
0,145.63
0,145.78
0,145.65
0,145.5
0,145.64
0,145.67
0,145.68
0,145.66
0,145.6
0,145.47
0,145.31
0,145.3
0,145.45
0,145.51
0,145.49
0,145.38
0,145.52
0,145.54
0,145.61
0,145.54
0,145.48
0,145.42
0,145.36
0,145.19
0,145
0,145.01
0,144.86
0,144.69
0,144.75
0,144.8
0,144.67
0,144.55
0,144.56
0,144.38
0,144.31
0,144.3
0,144.21
0,144.19
0,144.67
0,144.88
0,144.88
0,144.86
0,144.72
0,144.66
0,144.77
0,144.67
0,144.82
0,144.45
0,143.85
0,144.05
0,143.91
0,143.76
0,143.81
0,143.66
0,143.55
0,143.38
0,143.34
0,143.14
0,143.32
0,143.24
0,143.36
0,143.41
0,143.28
0,143.38
0,143.34
0,143.35
0,143.4
0,143.38
0,143.34
0,143.32
0,143.38
0,143.29
0,143.24
0,143.22
0,143.22
0,143.28
0,143.18
0,143.5
0,143.62
0,143.63
0,143.44
0,143.42
0,143.38
0,143.45
0,143.58
0,143.52
0,143.53
0,143.54
0,143.73
0,143.78
0,143.82
0,143.79
0,143.8
0,143.8
0,143.82
0,143.72
0,143.84
0,143.7
0,143.82
0,143.8
0,143.83
0,143.78
0,143.83
0,143.82
0,143.85
0,143.86
0,143.86
0,143.88
0,143.87
0,143.78
0,143.86
0,143.95
0,143.94
0,143.88
0,143.95
0,144.02
0,144.02
0,143.72
0,143.78
0,143.8
0,143.7
0,143.76
0,143.8
0,143.88
0,143.85
0,143.84
0,143.91
0,143.88
0,144
0,143.89
0,143.9
0,144.06
0,144.33
0,144.2
0,144.24
0,144.24
0,144.12
0,144.18
0,144.2
0,144.1
0,144.05
0,144.05
0,144.02
0,144.01
0,144.05
0,144.01
0,144.04
0,143.99
0,143.89
0,143.93
0,143.85
0,143.92
0,143.94
0,143.94
0,143.92
0,143.97
0,143.91
0,143.95
0,143.96
0,143.94
0,143.94
0,144.06
0,144.06
0,144.05
0,143.92
0,143.99
0,144
0,144.11
0,144.04
0,143.99
0,144.06
0,144.09
0,144.13
0,144.3
0,144.33
0,144.27
0,144.26
0,144.18
0,144.27
0,144.28
0,144.2
0,144.27
0,144.29
0,144.17
0,144.18
0,144.24
0,144.16
0,144.18
0,144.18
0,144.22
0,144.15
0,144.17
0,144.13
0,144.12
0,144.05
0,143.99
0,144
0,144
0,144.05
0,144.11
0,144.14
0,144.11
0,144.14
0,144.17
0,144.08
0,144.02
0,144
0,144.15
0,144.14
0,144.12
0,144.1
0,144.03
0,143.98
0,143.99
0,144.14
0,144.03
0,143.98
0,143.96
0,143.92
0,143.88
0,143.94
0,143.9
0,144
0,143.96
0,143.95
0,143.91
0,143.87
0,143.73
0,143.74
0,143.78
0,143.76
0,143.7
0,143.69
0,143.76
0,143.87
0,143.85
0,144
0,144
0,144.14
0,144.26
0,144.22
0,144.14
0,38.89
0,38.94
0,38.79
0,38.86
0,38.92
0,38.78
0,38.75
0,38.81
0,38.92
0,38.92
0,38.83
0,38.75
0,38.84
0,38.86
0,38.9
0,38.98
0,38.99
0,38.92
0,38.94
0,38.88
0,38.92
0,38.89
0,38.8
0,38.76
0,38.76
0,38.86
0,38.9
0,38.93
0,39
0,38.98
0,39.03
0,38.96
0,38.94
0,38.97
0,38.97
0,39.01
0,39.01
0,39.02
0,39.01
0,38.98
0,39.08
0,39.08
0,39.13
0,39.13
0,39.14
0,39.1
0,39.11
0,39.13
0,39.16
0,39.16
0,39.17
0,39.14
0,39.15
0,39.19
0,39.23
0,39.22
0,39.3
0,39.25
0,39.25
0,39.35
0,39.28
0,39.2
0,39.13
0,39.14
0,39.14
0,39.13
0,39.13
0,39.08
0,39.12
0,39.11
0,39.06
0,39.13
0,39.12
0,39.14
0,39.21
0,39.35
0,39.29
0,39.28
0,39.31
0,39.32
0,39.3
0,39.27
0,39.32
0,39.38
0,39.39
0,39.4
0,39.4
0,39.42
0,39.42
0,39.35
0,39.36
0,39.33
0,39.28
0,39.32
0,39.31
0,39.37
0,39.36
0,39.44
0,39.41
0,39.42
0,39.43
0,39.41
0,39.42
0,39.45
0,39.48
0,39.5
0,39.5
0,39.47
0,39.39
0,39.43
0,39.58
0,39.54
0,39.52
0,39.54
0,39.52
0,39.55
0,39.54
0,39.59
0,39.48
0,39.4
0,39.39
0,39.39
0,39.34
0,39.32
0,39.3
0,39.36
0,39.38
0,39.42
0,39.4
0,39.36
0,39.36
0,39.42
0,39.47
0,39.47
0,39.48
0,39.52
0,39.5
0,39.47
0,39.47
0,39.44
0,39.5
0,39.39
0,39.36
0,39.38
0,39.41
0,39.36
0,39.36
0,39.4
0,39.36
0,39.32
0,39.3
0,39.28
0,39.25
0,39.3
0,39.32
0,39.27
0,39.32
0,39.27
0,39.3
0,39.27
0,39.26
0,39.28
0,39.26
0,39.28
0,39.3
0,39.34
0,39.31
0,39.31
0,39.32
0,39.32
0,39.3
0,39.3
0,39.32
0,39.35
0,39.3
0,39.29
0,39.28
0,39.3
0,39.36
0,39.33
0,39.33
0,39.32
0,39.31
0,39.28
0,39.32
0,39.3
0,39.3
0,39.4
0,39.44
0,39.45
0,39.48
0,39.47
0,39.47
0,39.44
0,39.47
0,39.46
0,39.5
0,39.5
0,39.49
0,39.5
0,39.5
0,39.5
0,39.44
0,39.43
0,39.4
0,39.4
0,39.39
0,39.44
0,39.47
0,39.44
0,39.45
0,39.44
0,39.5
0,39.48
0,39.47
0,39.46
0,39.56
0,39.54
0,39.56
0,39.56
0,39.56
0,39.52
0,39.56
0,39.58
0,39.52
0,39.53
0,39.51
0,39.48
0,39.47
0,39.48
0,39.48
0,39.47
0,39.44
0,39.45
0,39.48
0,39.48
0,39.48
0,39.48
0,39.52
0,39.53
0,39.5
0,39.5
0,39.48
0,39.5
0,39.53
0,39.51
0,39.45
0,39.45
0,39.45
0,39.47
0,39.48
0,39.44
0,39.48
0,39.48
0,39.46
0,39.45
0,39.48
0,39.48
0,39.47
0,39.52
0,39.5
0,39.53
0,39.51
0,39.52
0,39.52
0,39.52
0,39.56
0,39.54
0,39.57
0,39.58
0,39.66
0,39.63
0,39.58
0,39.58
0,39.63
0,39.65
0,39.6
0,39.59
0,39.53
0,39.57
0,39.58
0,39.56
0,39.52
0,39.49
0,39.54
0,39.57
0,39.53
0,39.56
0,39.56
0,39.56
0,39.56
0,39.6
0,39.62
0,39.61
0,39.61
0,39.6
0,39.62
0,39.63
0,39.64
0,39.64
0,39.64
0,39.68
0,39.68
0,39.7
0,39.7
0,39.68
0,39.67
0,39.65
0,39.66
0,39.66
0,39.65
0,39.64
0,39.61
0,39.59
0,39.57
0,39.59
0,39.58
0,39.58
0,39.61
0,39.63
0,39.66
0,39.66
0,39.65
0,39.65
0,39.61
0,39.61
0,39.62
0,39.56
0,39.5
0,39.47
0,39.47
0,39.51
0,39.53
0,39.48
0,39.42
0,39.38
0,39.41
0,39.4
0,39.38
0,39.38
0,39.36
0,39.33
0,39.34
0,39.39
0,39.4
0,39.38
0,39.34
0,39.38
0,39.38
0,39.34
0,39.39
0,39.36
0,39.36
0,39.33
0,39.38
0,39.4
0,39.42
0,39.38
0,39.38
0,39.42
0,39.36
0,39.34
0,39.36
0,39.4
0,39.38
0,39.42
0,39.43
0,39.48
0,39.45
0,39.42
0,39.42
0,39.41
0,39.43
0,39.44
0,39.42
0,39.48
0,39.47
0,39.44
0,39.47
0,39.46
0,39.43
0,39.47
0,39.48
0,39.5
0,39.5
0,39.54
0,39.56
0,39.56
0,39.55
0,39.47
0,39.47
0,39.52
0,39.47
0,39.45
0,39.45
0,39.4
0,39.21
0,39.24
0,39.31
0,39.26
0,39.28
0,39.38
0,39.52
0,39.51
0,39.54
0,39.51
0,39.53
0,39.6
0,39.56
0,39.52
0,39.5
0,39.47
0,39.47
0,39.5
0,39.54
0,39.52
0,39.61
0,39.58
0,39.56
0,39.45
0,39.48
0,39.38
0,39.28
0,39.22
0,39.16
0,39.24
0,39.22
0,39.17
0,39.15
0,39.12
0,39.08
0,39.04
0,39.01
0,38.99
0,38.97
0,38.95
0,38.94
0,39.03
0,39.02
0,39.08
0,39.08
0,39.13
0,39.08
0,39.1
0,39.2
0,39.16
0,39.23
0,39.2
0,39.14
0,39.14
0,39.12
0,39.1
0,39.12
0,39.08
0,39.1
0,39.1
0,39.04
0,38.98
0,39
0,39.03
0,39.08
0,39.08
0,39.08
0,39.06
0,39.02
0,39.06
0,39.12
0,39.06
0,39.07
0,39.02
0,39.08
0,39.14
0,39.1
0,39.06
0,39.08
0,39.14
0,39.16
0,39.2
0,39.19
0,39.22
0,39.23
0,39.2
0,39.24
0,39.25
0,39.21
0,39.21
0,39.2
0,39.16
0,39.2
0,39.19
0,39.26
0,39.3
0,39.29
0,39.31
0,39.28
0,39.34
0,39.32
0,39.3
0,39.25
0,39.25
0,39.29
0,39.3
0,39.31
0,39.31
0,39.26
0,39.25
0,39.24
0,39.2
0,39.19
0,39.13
0,39.14
0,39.13
0,39.09
0,39.13
0,39.14
0,39.18
0,39.22
0,39.28
0,39.3
0,39.31
0,39.31
0,39.39
0,39.41
0,39.48
0,39.44
0,39.42
0,39.47
0,39.5
0,39.44
0,39.45
0,39.47
0,39.41
0,39.43
0,39.39
0,39.39
0,39.42
0,39.42
0,39.4
0,39.36
0,39.38
0,39.32
0,39.34
0,39.3
0,39.3
0,39.31
0,39.3
0,39.28
0,39.28
0,39.27
0,39.25
0,39.28
0,39.31
0,39.31
0,39.3
0,39.27
0,39.26
0,39.18
0,39.17
0,39.17
0,39.21
0,39.24
0,39.24
0,39.24
0,39.28
0,39.27
0,39.26
0,39.2
0,39.2
0,39.23
0,39.23
0,39.26
0,39.23
0,39.24
0,39.23
0,39.26
0,39.22
0,39.22
0,39.15
0,39.16
0,39.17
0,39.22
0,39.24
0,39.24
0,39.24
0,39.27
0,39.24
0,39.26
0,39.3
0,39.28
0,39.26
0,39.26
0,39.32
0,39.31
0,39.28
0,39.31
0,39.32
0,39.3
0,39.32
0,39.28
0,39.28
0,39.26
0,39.25
0,39.25
0,39.24
0,39.22
0,39.25
0,39.16
0,39.15
0,39.18
0,39.22
0,39.2
0,39.23
0,39.27
0,39.27
0,39.25
0,39.13
0,39.16
0,39.06
0,39.05
0,39.06
0,39.09
0,39.12
0,39.1
0,39.11
0,39.11
0,39.12
0,39.1
0,39.11
0,39.11
0,39.13
0,39.13
0,39.17
0,39.17
0,39.18
0,39.16
0,39.15
0,39.18
0,39.22
0,39.2
0,39.24
0,39.21
0,39.22
0,39.22
0,39.24
0,39.24
0,39.2
0,39.25
0,39.26
0,39.2
0,39.19
0,39.16
0,39.18
0,39.14
0,39.12
0,39.1
0,39.11
0,39.11
0,39.13
0,39.12
0,39.16
0,39.16
0,39.14
0,39.14
0,39.12
0,39.12
0,39.12
0,39.16
0,39.18
0,39.16
0,39.17
0,39.18
0,39.18
0,39.18
0,39.16
0,39.12
0,39.11
0,39.08
0,39.1
0,39.1
0,39.15
0,39.16
0,39.17
0,39.2
0,39.16
0,39.16
0,39.16
0,39.17
0,39.18
0,39.25
0,39.29
0,39.32
0,39.28
0,39.27
0,39.28
0,39.32
0,39.26
0,39.26
0,39.26
0,39.28
0,39.26
0,39.25
0,39.22
0,39.2
0,39.18
0,39.15
0,39.16
0,39.08
0,39.06
0,39.03
0,39.05
0,39.04
0,39.03
0,39.03
0,39.01
0,39
0,38.98
0,38.94
0,38.97
0,39
0,38.98
0,38.94
0,38.96
0,38.94
0,38.92
0,38.89
0,38.9
0,38.89
0,38.89
0,38.94
0,38.91
0,38.92
0,38.92
0,38.92
0,38.88
0,38.86
0,38.9
0,38.89
0,38.89
0,38.93
0,38.94
0,38.97
0,38.95
0,38.95
0,38.9
0,38.9
0,38.9
0,38.88
0,38.88
0,38.92
0,38.88
0,38.86
0,38.89
0,38.98
0,38.97
0,38.97
0,38.94
0,38.88
0,38.86
0,38.86
0,38.79
0,38.75
0,38.8
0,38.84
0,38.85
0,38.82
0,38.86
0,38.81
0,38.81
0,38.8
0,38.8
0,38.85
0,38.79
0,38.75
0,38.8
0,38.78
0,38.75
0,38.79
0,38.85
0,39.47
0,39.47
0,39.52
0,39.55
0,39.48
0,39.43
0,39.47
0,39.65
0,39.69
0,39.62
0,39.63
0,39.56
0,39.58
0,39.69
0,39.72
0,39.71
0,39.76
0,39.74
0,39.72
0,39.72
0,39.72
0,39.66
0,39.67
0,39.67
0,39.68
0,39.68
0,39.66
0,39.61
0,39.6
0,39.6
0,39.58
0,39.62
0,39.64
0,39.63
0,39.63
0,39.66
0,39.63
0,39.54
0,39.48
0,39.48
0,39.53
0,39.59
0,39.6
0,39.61
0,39.57
0,39.52
0,39.52
0,39.47
0,39.49
0,39.49
0,39.48
0,39.4
0,39.42
0,39.53
0,39.58
0,39.58
0,39.79
0,39.78
0,39.76
0,39.79
0,39.82
0,39.81
0,39.8
0,39.8
0,39.76
0,39.72
0,39.75
0,39.72
0,39.7
0,39.72
0,39.67
0,39.65
0,39.58
0,39.59
0,39.6
0,39.52
0,39.5
0,39.51
0,39.58
0,39.55
0,39.58
0,39.61
0,39.63
0,39.63
0,39.66
0,39.63
0,39.66
0,39.67
0,39.68
0,39.72
0,39.74
0,39.78
0,39.81
0,39.88
0,39.9
0,39.91
0,39.9
0,39.89
0,39.87
0,39.88
0,39.92
0,39.93
0,39.94
0,39.92
0,39.89
0,39.85
0,39.78
0,39.71
0,39.74
0,39.74
0,39.76
0,39.72
0,39.68
0,39.64
0,39.66
0,39.6
0,39.58
0,39.58
0,39.54
0,39.58
0,39.58
0,39.57
0,39.61
0,39.66
0,39.69
0,39.66
0,39.66
0,39.68
0,39.7
0,39.63
0,39.66
0,39.72
0,39.73
0,39.74
0,39.8
0,39.78
0,39.8
0,39.81
0,39.83
0,39.88
0,39.86
0,39.9
0,39.91
0,39.92
0,39.92
0,39.92
0,39.85
0,39.87
0,39.86
0,39.88
0,39.86
0,39.86
0,39.86
0,39.8
0,39.76
0,39.79
0,39.81
0,39.83
0,39.86
0,39.84
0,39.84
0,39.85
0,39.86
0,39.88
0,39.88
0,39.9
0,39.91
0,39.95
0,39.95
0,39.98
0,39.99
0,40.04
0,40.04
0,40.08
0,40.04
0,40.01
0,40.06
0,40.08
0,40.06
0,40.06
0,40.06
0,40.03
0,39.99
0,40.05
0,40.02
0,40.02
0,40
0,40.02
0,40.01
0,40.02
0,40.03
0,40.06
0,40.07
0,40.04
0,40.08
0,40.09
0,40.06
0,40.08
0,40.04
0,40.07
0,40.06
0,40.07
0,40.08
0,40.08
0,40.07
0,40.05
0,40.06
0,40.02
0,40.03
0,40
0,40
0,40.06
0,40.04
0,40.07
0,40.06
0,40.06
0,40.1
0,40.11
0,40.16
0,40.13
0,40.16
0,40.13
0,40.11
0,40.08
0,40.09
0,40.06
0,40.06
0,40.04
0,40.04
0,40.04
0,40.03
0,40.03
0,40.08
0,40.08
0,40.04
0,40
0,40.02
0,40.02
0,40.03
0,40.03
0,40.01
0,40.02
0,40
0,40.04
0,40.02
0,40
0,39.97
0,39.98
0,40
0,40
0,39.95
0,39.92
0,39.93
0,39.9
0,39.93
0,39.95
0,39.94
0,39.92
0,39.95
0,39.98
0,40
0,39.99
0,39.98
0,40.02
0,39.98
0,39.96
0,39.96
0,39.91
0,39.88
0,39.91
0,39.92
0,39.91
0,39.91
0,39.89
0,39.89
0,39.88
0,39.88
0,39.85
0,39.78
0,39.8
0,39.8
0,39.84
0,39.84
0,39.86
0,39.84
0,39.8
0,39.78
0,39.81
0,39.84
0,39.84
0,39.82
0,39.85
0,39.88
0,39.94
0,39.98
0,40
0,40.01
0,40.06
0,40.04
0,40.06
0,40.07
0,40.11
0,40.1
0,40.11
0,40.14
0,40.17
0,40.19
0,40.15
0,40.16
0,40.12
0,40.16
0,40.16
0,40.16
0,40.15
0,40.12
0,40.13
0,40.12
0,40.03
0,40.02
0,40.05
0,40.06
0,40.05
0,40.02
0,39.98
0,39.96
0,39.98
0,39.99
0,39.97
0,39.97
0,39.96
0,39.99
0,40.06
0,40.04
0,40.03
0,40.04
0,40.06
0,40.05
0,40.04
0,40.03
0,40.02
0,39.98
0,39.99
0,40.04
0,40.03
0,40.05
0,40.08
0,40.1
0,40.13
0,40.1
0,40.09
0,40.08
0,40.03
0,39.95
0,39.98
0,39.98
0,39.94
0,39.94
0,39.95
0,39.98
0,39.96
0,40
0,40.02
0,40.08
0,40.1
0,40.12
0,40.13
0,40.13
0,40.14
0,40.12
0,40.1
0,40.08
0,40.08
0,40.07
0,40.05
0,40.07
0,40.06
0,40.07
0,40.13
0,40.15
0,40.15
0,40.16
0,40.12
0,40.12
0,40.08
0,40.08
0,40.15
0,40.2
0,40.19
0,40.21
0,40.13
0,40.14
0,40.12
0,40.13
0,39.98
0,40
0,39.86
0,40.05
0,40.04
0,40.03
0,40.07
0,40.11
0,40.2
0,40.14
0,40.15
0,40.18
0,40.06
0,40.04
0,40.12
0,40.2
0,40.16
0,40.08
0,40.02
0,40.06
0,40.02
0,40.08
0,40.06
0,40.12
0,40.08
0,40.06
0,40.14
0,40.17
0,40.22
0,40.26
0,40.3
0,40.34
0,40.3
0,40.3
0,40.32
0,40.28
0,40.35
0,40.29
0,40.27
0,40.26
0,40.22
0,40.25
0,40.21
0,40.22
0,40.24
0,40.18
0,40.18
0,40.08
0,40.12
0,40.11
0,40.14
0,40.13
0,40.15
0,40.18
0,40.22
0,40.2
0,40.14
0,40.21
0,40.22
0,40.27
0,40.25
0,40.33
0,40.3
0,40.24
0,40.23
0,40.28
0,40.19
0,40.2
0,40.18
0,40.28
0,40.29
0,40.32
0,40.37
0,40.34
0,40.38
0,40.39
0,40.43
0,40.41
0,40.39
0,40.4
0,40.39
0,40.39
0,40.34
0,40.33
0,40.32
0,40.4
0,40.4
0,40.42
0,40.46
0,40.47
0,40.45
0,40.48
0,40.47
0,40.46
0,40.4
0,40.42
0,40.42
0,40.44
0,40.43
0,40.38
0,40.36
0,40.38
0,40.39
0,40.41
0,40.39
0,40.44
0,40.44
0,40.44
0,40.47
0,40.44
0,40.5
0,40.48
0,40.47
0,40.48
0,40.49
0,40.5
0,40.53
0,40.52
0,40.48
0,40.52
0,40.48
0,40.48
0,40.55
0,40.55
0,40.58
0,40.6
0,40.66
0,40.69
0,40.72
0,40.74
0,40.75
0,40.75
0,40.74
0,40.71
0,40.7
0,40.72
0,40.69
0,40.7
0,40.7
0,40.72
0,40.7
0,40.71
0,40.73
0,40.75
0,40.78
0,40.82
0,40.84
0,40.81
0,40.84
0,40.8
0,40.82
0,40.79
0,40.8
0,40.78
0,40.75
0,40.7
0,40.74
0,40.7
0,40.72
0,40.7
0,40.7
0,40.75
0,40.78
0,40.83
0,40.82
0,40.81
0,40.81
0,40.81
0,40.84
0,40.86
0,40.88
0,40.88
0,40.88
0,40.92
0,40.88
0,40.89
0,40.88
0,40.88
0,40.91
0,40.94
0,41
0,40.98
0,40.97
0,40.98
0,40.96
0,40.97
0,41.01
0,40.96
0,40.94
0,40.95
0,40.95
0,40.97
0,41
0,41.02
0,41.04
0,41.04
0,41.01
0,41.02
0,40.97
0,41.04
0,41.06
0,41.06
0,41.06
0,41.13
0,41.14
0,41.14
0,41.14
0,41.13
0,41.12
0,41.18
0,41.18
0,41.19
0,41.18
0,41.16
0,41.18
0,41.19
0,41.17
0,41.2
0,41.22
0,41.2
0,41.21
0,41.23
0,41.22
0,41.2
0,41.2
0,41.24
0,41.24
0,41.24
0,41.25
0,41.25
0,41.25
0,41.25
0,41.35
0,41.23
0,41.18
0,41.12
0,41.14
0,41.11
0,41.06
0,41.1
0,41.12
0,41.13
0,41.14
0,41.14
0,41.12
0,41.1
0,41.08
0,41.07
0,41.04
0,41.06
0,41.1
0,41.08
0,41.06
0,41.01
0,40.93
0,40.93
0,40.89
0,40.86
0,40.84
0,40.84
0,40.84
0,40.8
0,40.81
0,40.81
0,40.8
0,40.78
0,40.72
0,40.75
0,40.78
0,40.78
0,40.78
0,40.78
0,40.77
0,40.78
0,40.78
0,40.73
0,40.74
0,40.72
0,40.78
0,40.78
0,40.78
0,40.8
0,40.86
0,40.88
0,40.9
0,40.89
0,40.95
0,40.96
0,40.96
0,40.96
0,40.96
0,40.95
0,40.98
0,40.92
0,40.93
0,40.88
0,40.86
0,40.87
0,40.89
0,40.91
0,40.89
0,40.88
0,40.88
0,40.89
0,40.89
0,40.89
0,40.9
0,40.9
0,40.96
0,40.98
0,40.98
0,40.94
0,40.95
0,40.96
0,40.96
0,40.93
0,40.94
0,40.86
0,40.86
0,40.8
0,40.79
0,40.78
0,40.75
0,40.75
0,40.73
0,40.78
0,40.78
0,40.8
0,40.78
0,40.84
0,40.82
0,40.84
0,40.82
0,40.82
0,40.8
0,40.81
0,40.78
0,40.8
0,40.76
0,40.74
0,40.76
0,40.79
0,40.81
0,40.8
0,40.79
0,40.8
0,40.78
0,40.75
0,40.76
0,40.77
0,40.81
0,40.83
0,40.81
0,40.84
0,40.83
0,40.84
0,40.84
0,40.78
0,40.72
0,40.73
0,40.72
0,40.73
0,40.75
0,40.75
0,40.78
0,40.78
0,40.73
0,40.7
0,40.68
0,40.66
0,40.67
0,40.64
0,40.68
0,40.65
0,40.67
0,40.64
0,40.63
0,40.57
0,40.58
0,40.64
0,40.65
0,40.61
0,40.51
0,40.48
0,40.47
0,40.47
0,40.85
0,40.85
0,40.96
0,40.89
0,40.84
0,40.86
0,40.88
0,40.84
0,40.74
0,40.82
0,40.8
0,40.8
0,40.89
0,40.83
0,40.94
0,40.74
0,40.72
0,40.75
0,40.72
0,40.7
0,40.78
0,40.84
0,40.84
0,40.83
0,40.76
0,40.8
0,40.8
0,40.84
0,40.81
0,40.81
0,40.75
0,40.81
0,40.77
0,40.88
0,40.94
0,40.94
0,40.95
0,40.97
0,41.04
0,41.03
0,41
0,40.92
0,40.85
0,40.78
0,40.72
0,40.66
0,40.62
0,40.66
0,40.52
0,40.58
0,40.51
0,40.5
0,40.49
0,40.47
0,40.43
0,40.48
0,40.53
0,40.56
0,40.56
0,40.53
0,40.55
0,40.51
0,40.43
0,40.45
0,40.38
0,40.45
0,40.44
0,40.45
0,40.44
0,40.51
0,40.55
0,40.49
0,40.47
0,40.49
0,40.47
0,40.4
0,40.36
0,40.36
0,40.36
0,40.34
0,40.36
0,40.36
0,40.37
0,40.33
0,40.3
0,40.28
0,40.3
0,40.3
0,40.34
0,40.28
0,40.29
0,40.36
0,40.31
0,40.31
0,40.27
0,40.28
0,40.25
0,40.22
0,40.23
0,40.24
0,40.2
0,40.17
0,40.17
0,40.15
0,40.13
0,40.16
0,40.2
0,40.22
0,40.24
0,40.26
0,40.26
0,40.24
0,40.25
0,40.26
0,40.25
0,40.24
0,40.25
0,40.24
0,40.22
0,40.22
0,40.16
0,40.13
0,40.14
0,40.13
0,40.15
0,40.12
0,40.18
0,40.13
0,40.12
0,40.18
0,40.22
0,40.24
0,40.22
0,40.19
0,40.22
0,40.19
0,40.17
0,40.2
0,40.2
0,40.2
0,40.22
0,40.22
0,40.25
0,40.22
0,40.28
0,40.3
0,40.31
0,40.3
0,40.34
0,40.32
0,40.34
0,40.34
0,40.33
0,40.37
0,40.38
0,40.4
0,40.36
0,40.42
0,40.39
0,40.4
0,40.39
0,40.38
0,40.34
0,40.36
0,40.35
0,40.38
0,40.37
0,40.38
0,40.35
0,40.4
0,40.4
0,40.42
0,40.4
0,40.42
0,40.42
0,40.44
0,40.45
0,40.48
0,40.45
0,40.48
0,40.44
0,40.42
0,40.39
0,40.4
0,40.32
0,40.26
0,40.3
0,40.28
0,40.26
0,40.28
0,40.28
0,40.31
0,40.34
0,40.38
0,40.36
0,40.32
0,40.32
0,40.29
0,40.26
0,40.2
0,40.17
0,40.18
0,40.22
0,40.31
0,40.27
0,40.3
0,40.3
0,40.31
0,40.3
0,40.33
0,40.29
0,40.28
0,40.26
0,40.25
0,40.32
0,40.3
0,40.3
0,40.32
0,40.29
0,40.28
0,40.28
0,40.28
0,40.26
0,40.28
0,40.3
0,40.32
0,40.32
0,40.34
0,40.3
0,40.28
0,40.3
0,40.32
0,40.34
0,40.36
0,40.33
0,40.3
0,40.3
0,40.3
0,40.32
0,40.32
0,40.32
0,40.32
0,40.36
0,40.38
0,40.44
0,40.42
0,40.42
0,40.4
0,40.39
0,40.4
0,40.39
0,40.38
0,40.36
0,40.33
0,40.32
0,40.31
0,40.28
0,40.29
0,40.3
0,40.33
0,40.32
0,40.36
0,40.34
0,40.39
0,40.44
0,40.46
0,40.45
0,40.43
0,40.42
0,40.44
0,40.44
0,40.42
0,40.42
0,40.44
0,40.42
0,40.41
0,40.43
0,40.39
0,40.37
0,40.4
0,40.4
0,40.44
0,40.45
0,40.46
0,40.42
0,40.47
0,40.47
0,40.47
0,40.47
0,40.44
0,40.42
0,40.4
0,40.38
0,40.36
0,40.36
0,40.38
0,40.41
0,40.41
0,40.42
0,40.44
0,40.45
0,40.48
0,40.5
0,40.5
0,40.53
0,40.5
0,40.52
0,40.51
0,40.54
0,40.54
0,40.55
0,40.54
0,40.53
0,40.54
0,40.53
0,40.51
0,40.48
0,40.42
0,40.48
0,40.48
0,40.48
0,40.44
0,40.4
0,40.38
0,40.39
0,40.42
0,40.38
0,40.37
0,40.39
0,40.39
0,40.39
0,40.39
0,40.38
0,40.38
0,40.38
0,40.36
0,40.31
0,40.32
0,40.34
0,40.36
0,40.34
0,40.33
0,40.35
0,40.33
0,40.36
0,40.36
0,40.36
0,40.36
0,40.31
0,40.37
0,40.36
0,40.35
0,40.36
0,40.4
0,40.39
0,40.4
0,40.37
0,40.39
0,40.39
0,40.44
0,40.44
0,40.44
0,40.44
0,40.44
0,40.44
0,40.43
0,40.46
0,40.46
0,40.44
0,40.4
0,40.44
0,40.48
0,40.46
0,40.51
0,40.5
0,40.49
0,40.44
0,40.46
0,40.48
0,40.52
0,40.54
0,40.54
0,40.53
0,40.53
0,40.57
0,40.56
0,40.74
0,40.69
0,40.72
0,40.78
0,40.75
0,40.91
0,40.87
0,40.76
0,40.76
0,40.79
0,40.69
0,40.62
0,40.72
0,40.68
0,40.78
0,40.72
0,40.72
0,40.72
0,40.7
0,40.77
0,40.72
0,40.78
0,40.78
0,40.72
0,40.71
0,40.75
0,40.75
0,40.74
0,40.75
0,40.84
0,40.84
0,40.86
0,40.78
0,40.8
0,40.81
0,40.71
0,40.68
0,40.73
0,40.72
0,40.78
0,40.74
0,40.72
0,40.75
0,40.72
0,40.74
0,40.7
0,40.74
0,40.8
0,40.82
0,40.86
0,40.86
0,40.84
0,40.91
0,40.92
0,40.94
0,40.92
0,40.85
0,40.87
0,40.84
0,40.78
0,40.75
0,40.74
0,40.77
0,40.77
0,40.8
0,40.77
0,40.81
0,40.8
0,40.8
0,40.8
0,40.81
0,40.78
0,40.74
0,40.68
0,40.63
0,40.7
0,40.7
0,40.67
0,40.68
0,40.7
0,40.71
0,40.67
0,40.68
0,40.65
0,40.65
0,40.63
0,40.59
0,40.62
0,40.63
0,40.68
0,40.69
0,40.72
0,40.72
0,40.72
0,40.68
0,40.67
0,40.63
0,40.64
0,40.64
0,40.62
0,40.62
0,40.66
0,40.67
0,40.63
0,40.62
0,40.64
0,40.64
0,40.64
0,40.6
0,40.62
0,40.68
0,40.7
0,40.8
0,40.78
0,40.75
0,40.76
0,40.8
0,40.74
0,40.72
0,40.72
0,40.72
0,40.73
0,40.75
0,40.8
0,40.82
0,40.8
0,40.79
0,40.84
0,40.81
0,40.84
0,40.88
0,40.83
0,40.83
0,40.88
0,40.89
0,40.86
0,40.88
0,40.88
0,40.9
0,40.88
0,40.9
0,40.94
0,40.94
0,40.94
0,40.89
0,40.9
0,40.88
0,40.86
0,40.86
0,40.83
0,40.85
0,40.85
0,40.86
0,40.88
0,40.88
0,40.84
0,40.89
0,40.9
0,40.94
0,40.92
0,40.94
0,40.94
0,40.94
0,40.95
0,40.99
0,41
0,41.01
0,41.05
0,41.08
0,41.08
0,41.08
0,41.1
0,41.09
0,41.1
0,41.12
0,41.11
0,41.12
0,41.13
0,41.1
0,41.13
0,41.14
0,41.18
0,41.14
0,41.14
0,41.12
0,41.1
0,41.14
0,41.14
0,41.14
0,41.14
0,41.14
0,41.16
0,41.18
0,41.22
0,41.18
0,41.19
0,41.16
0,41.16
0,41.2
0,41.22
0,41.22
0,41.23
0,41.22
0,41.2
0,41.22
0,41.24
0,41.27
0,41.3
0,41.3
0,41.27
0,41.32
0,41.3
0,41.29
0,41.28
0,41.25
0,41.2
0,41.26
0,41.26
0,41.22
0,41.26
0,41.24
0,41.25
0,41.27
0,41.28
0,41.25
0,41.25
0,41.26
0,41.25
0,41.24
0,41.22
0,41.24
0,41.22
0,41.24
0,41.25
0,41.24
0,41.22
0,41.2
0,41.13
0,41.14
0,41.14
0,41.15
0,41.16
0,41.16
0,41.2
0,41.17
0,41.16
0,41.16
0,41.16
0,41.16
0,41.15
0,41.14
0,41.09
0,41.09
0,41.08
0,41.06
0,41.08
0,41.1
0,41.1
0,41.12
0,41.12
0,41.13
0,41.18
0,41.21
0,41.15
0,41.08
0,41.12
0,41.14
0,41.17
0,41.18
0,41.16
0,41.17
0,41.2
0,41.22
0,41.17
0,41.18
0,41.2
0,41.2
0,41.24
0,41.24
0,41.21
0,41.1
0,41.12
0,41.12
0,41.1
0,41.08
0,41.1
0,41.12
0,41.12
0,41.16
0,41.22
0,41.24
0,41.24
0,41.3
0,41.41
0,41.42
0,41.42
0,41.42
0,41.47
0,41.48
0,41.48
0,41.46
0,41.44
0,41.48
0,41.48
0,41.5
0,41.51
0,41.48
0,41.48
0,41.5
0,41.49
0,41.53
0,41.48
0,41.51
0,41.5
0,41.54
0,41.54
0,41.53
0,41.56
0,41.56
0,41.54
0,41.52
0,41.54
0,41.52
0,41.46
0,41.46
0,41.44
0,41.42
0,41.43
0,41.38
0,41.38
0,41.38
0,41.39
0,41.39
0,41.38
0,41.37
0,41.48
0,41.46
0,41.48
0,41.48
0,41.44
0,41.44
0,41.45
0,41.44
0,41.44
0,41.43
0,41.44
0,41.43
0,41.46
0,41.45
0,41.42
0,41.42
0,41.35
0,41.36
0,41.4
0,41.38
0,41.4
0,41.33
0,41.32
0,41.31
0,41.28
0,41.3
0,41.25
0,41.24
0,41.25
0,41.27
0,41.24
0,41.25
0,41.26
0,41.23
0,41.19
0,41.15
0,41.14
0,41.16
0,41.13
0,41.12
0,41.12
0,41.16
0,41.18
0,41.19
0,41.19
0,41.1
0,41.08
0,41.2
0,41.24
0,41.22
0,41.09
0,41.12
0,41.18
0,41.24
0,41.17
0,41.1
0,41.01
0,40.94
0,40.97
0,40.96
0,40.95
0,41.04
0,41.1
0,41.04
0,40.96
0,40.9
0,41.01
0,40.96
0,40.89
0,40.88
0,40.87
0,40.84
0,40.82
0,40.88
0,40.89
0,40.9
0,40.98
0,41.03
0,41.04
0,41.02
0,41
0,41.11
0,41.12
0,41.12
0,41.14
0,41.08
0,41.18
0,41.19
0,41.16
0,41.12
0,41.08
0,41.03
0,41
0,40.98
0,41.02
0,41
0,41.06
0,41.1
0,41.15
0,41.12
0,41.16
0,41.19
0,41.18
0,41.21
0,41.25
0,41.28
0,41.26
0,41.24
0,41.26
0,41.32
0,41.3
0,41.27
0,41.26
0,41.31
0,41.3
0,41.32
0,41.3
0,41.31
0,41.25
0,41.28
0,41.26
0,41.3
0,41.26
0,41.23
0,41.22
0,41.26
0,41.3
0,41.3
0,41.28
0,41.28
0,41.3
0,41.29
0,41.29
0,41.31
0,41.3
0,41.32
0,41.31
0,41.3
0,41.28
0,41.3
0,41.32
0,41.31
0,41.34
0,41.36
0,41.36
0,41.32
0,41.34
0,41.34
0,41.34
0,41.4
0,41.38
0,41.39
0,41.39
0,41.38
0,41.4
0,41.38
0,41.37
0,41.34
0,41.36
0,41.36
0,41.32
0,41.31
0,41.31
0,41.29
0,41.27
0,41.28
0,41.28
0,41.31
0,41.32
0,41.32
0,41.33
0,41.37
0,41.38
0,41.42
0,41.4
0,41.41
0,41.44
0,41.44
0,41.43
0,41.44
0,41.42
0,41.46
0,41.49
0,41.49
0,41.52
0,41.52
0,41.48
0,41.52
0,41.5
0,41.52
0,41.48
0,41.47
0,41.46
0,41.48
0,41.48
0,41.5
0,41.52
0,41.48
0,41.42
0,41.4
0,41.37
0,41.34
0,41.32
0,41.32
0,41.32
0,41.28
0,41.33
0,41.33
0,41.33
0,41.32
0,41.34
0,41.31
0,41.29
0,41.29
0,41.29
0,41.27
0,41.28
0,41.32
0,41.33
0,41.32
0,41.34
0,41.34
0,41.32
0,41.34
0,41.38
0,41.39
0,41.38
0,41.4
0,41.39
0,41.42
0,41.41
0,41.44
0,41.44
0,41.44
0,41.44
0,41.46
0,41.45
0,41.48
0,41.46
0,41.46
0,41.46
0,41.46
0,41.51
0,41.5
0,41.54
0,41.53
0,41.56
0,41.51
0,41.52
0,41.5
0,41.48
0,41.43
0,41.44
0,41.42
0,41.44
0,41.44
0,41.4
0,41.45
0,41.43
0,41.44
0,41.43
0,41.43
0,41.35
0,41.28
0,41.3
0,41.23
0,41.26
0,41.28
0,41.26
0,41.25
0,41.24
0,41.19
0,41.18
0,41.2
0,41.19
0,41.2
0,41.2
0,41.18
0,41.22
0,41.2
0,41.2
0,41.25
0,41.25
0,41.24
0,41.22
0,41.24
0,41.22
0,41.22
0,41.2
0,41.22
0,41.23
0,41.22
0,41.2
0,41.17
0,41.13
0,41.14
0,41.12
0,41.08
0,41.07
0,41.09
0,41.09
0,41.11
0,41.08
0,41.14
0,41.12
0,41.13
0,41.12
0,41.14
0,41.14
0,41.13
0,41.11
0,41.12
0,41.16
0,41.16
0,41.16
0,41.17
0,41.22
0,41.22
0,41.22
0,41.22
0,41.22
0,41.25
0,41.25
0,41.25
0,41.27
0,41.28
0,41.28
0,41.29
0,41.34
0,41.32
0,41.32
0,41.33
0,41.36
0,41.35
0,41.38
0,41.38
0,41.39
0,41.39
0,41.44
0,41.39
0,41.42
0,41.44
0,41.41
0,41.4
0,41.42
0,41.4
0,41.39
0,41.38
0,41.34
0,41.36
0,41.38
0,41.39
0,41.43
0,41.42
0,41.39
0,41.39
0,41.44
0,41.43
0,41.54
0,41.53
0,41.53
0,41.5
0,41.5
0,41.51
0,41.46
0,41.42
0,41.41
0,41.35
0,41.36
0,41.36
0,41.34
0,41.32
0,41.36
0,41.35
0,41.38
0,41.4
0,41.44
0,41.42
0,41.44
0,41.44
0,41.47
0,41.48
0,41.5
0,41.49
0,41.5
0,41.46
0,41.45
0,41.45
0,41.42
0,41.45
0,41.47
0,41.47
0,41.46
0,41.46
0,41.47
0,41.44
0,41.44
0,41.43
0,41.46
0,41.44
0,41.46
0,41.45
0,41.42
0,41.42
0,41.4
0,41.42
0,41.37
0,41.43
0,41.44
0,41.41
0,41.39
0,41.38
0,41.4
0,41.44
0,41.46
0,41.46
0,41.48
0,41.46
0,41.44
0,41.45
0,41.48
0,41.48
0,41.47
0,41.46
0,41.44
0,41.45
0,41.48
0,41.48
0,41.5
0,41.5
0,41.47
0,41.42
0,41.43
0,41.46
0,41.43
0,41.12
0,41.18
0,41.15
0,41.06
0,41.1
0,41.17
0,41.19
0,41.12
0,41.18
0,41.09
0,41.13
0,41.11
0,41.02
0,40.94
0,40.94
0,40.96
0,41.04
0,41.05
0,41.1
0,41.14
0,41.2
0,41.1
0,41.06
0,41.05
0,41.06
0,41.02
0,41.05
0,41.1
0,41.1
0,41.09
0,41.13
0,41.16
0,41.14
0,41.22
0,41.19
0,41.16
0,41.16
0,41.24
0,41.24
0,41.26
0,41.3
0,41.22
0,41.18
0,41.12
0,41.15
0,41.14
0,41.11
0,41.12
0,41.14
0,41.15
0,41.18
0,41.14
0,41.15
0,41.16
0,41.14
0,41.09
0,41.07
0,41.08
0,41.1
0,41.07
0,41.08
0,41.06
0,41.1
0,41.1
0,41.1
0,41.16
0,41.2
0,41.16
0,41.13
0,41.1
0,41.14
0,41.12
0,41.11
0,41.11
0,41.14
0,41.14
0,41.14
0,41.11
0,41.14
0,41.16
0,41.17
0,41.1
0,41.12
0,41.14
0,41.17
0,41.2
0,41.24
0,41.24
0,41.22
0,41.22
0,41.24
0,41.25
0,41.23
0,41.25
0,41.24
0,41.24
0,41.19
0,41.18
0,41.22
0,41.22
0,41.2
0,41.16
0,41.1
0,41.1
0,41.14
0,41.16
0,41.16
0,41.16
0,41.2
0,41.24
0,41.28
0,41.28
0,41.28
0,41.3
0,41.31
0,41.32
0,41.3
0,41.32
0,41.34
0,41.36
0,41.39
0,41.38
0,41.4
0,41.4
0,41.42
0,41.46
0,41.49
0,41.5
0,41.52
0,41.56
0,41.54
0,41.56
0,41.58
0,41.56
0,41.59
0,41.6
0,41.62
0,41.62
0,41.65
0,41.66
0,41.68
0,41.7
0,41.68
0,41.67
0,41.67
0,41.62
0,41.6
0,41.59
0,41.62
0,41.62
0,41.62
0,41.66
0,41.66
0,41.68
0,41.7
0,41.72
0,41.72
0,41.74
0,41.71
0,41.68
0,41.64
0,41.64
0,41.68
0,41.69
0,41.7
0,41.75
0,41.76
0,41.76
0,41.72
0,41.73
0,41.7
0,41.71
0,41.68
0,41.71
0,41.72
0,41.74
0,41.68
0,41.7
0,41.62
0,41.62
0,41.6
0,41.58
0,41.58
0,41.62
0,41.65
0,41.7
0,41.68
0,41.68
0,41.7
0,41.73
0,41.77
0,41.8
0,41.83
0,41.84
0,41.86
0,41.84
0,41.83
0,41.86
0,41.84
0,41.86
0,41.88
0,41.88
0,41.92
0,41.94
0,41.91
0,41.92
0,41.88
0,41.86
0,41.86
0,41.84
0,41.84
0,41.86
0,41.85
0,41.8
0,41.78
0,41.75
0,41.77
0,41.76
0,41.77
0,41.75
0,41.75
0,41.78
0,41.81
0,41.8
0,41.7
0,41.7
0,41.71
0,41.72
0,41.72
0,41.78
0,41.76
0,41.75
0,41.79
0,41.78
0,41.72
0,41.67
0,41.66
0,41.66
0,41.72
0,41.72
0,41.74
0,41.76
0,41.77
0,41.76
0,41.75
0,41.79
0,41.8
0,41.8
0,41.76
0,41.7
0,41.7
0,41.7
0,41.7
0,41.7
0,41.7
0,41.7
0,41.71
0,41.71
0,41.71
0,41.72
0,41.78
0,41.8
0,41.82
0,41.81
0,41.82
0,41.82
0,41.81
0,41.8
0,41.8
0,41.74
0,41.76
0,41.8
0,41.78
0,41.74
0,41.79
0,41.76
0,41.78
0,41.79
0,41.78
0,41.8
0,41.8
0,41.82
0,41.8
0,41.8
0,41.8
0,41.81
0,41.8
0,41.79
0,41.82
0,41.8
0,41.8
0,41.79
0,41.79
0,41.8
0,41.8
0,41.75
0,41.73
0,41.72
0,41.7
0,41.7
0,41.7
0,41.73
0,41.72
0,41.74
0,41.7
0,41.74
0,41.78
0,41.75
0,41.76
0,41.73
0,41.72
0,41.74
0,41.78
0,41.76
0,41.7
0,41.72
0,41.72
0,41.73
0,41.77
0,41.78
0,41.76
0,41.73
0,41.72
0,41.66
0,41.64
0,41.6
0,41.6
0,41.6
0,41.62
0,41.61
0,41.62
0,41.56
0,41.55
0,41.56
0,41.58
0,41.57
0,41.58
0,41.6
0,41.58
0,41.59
0,41.58
0,41.58
0,41.54
0,41.54
0,41.56
0,41.54
0,41.54
0,41.51
0,41.54
0,41.56
0,41.56
0,41.56
0,41.57
0,41.56
0,41.52
0,41.51
0,41.51
0,41.52
0,41.52
0,41.53
0,41.54
0,41.54
0,41.52
0,41.56
0,41.56
0,41.6
0,41.62
0,41.6
0,41.58
0,41.59
0,41.58
0,41.61
0,41.58
0,41.6
0,41.61
0,41.59
0,41.58
0,41.6
0,41.6
0,41.6
0,41.59
0,41.61
0,41.64
0,41.62
0,41.64
0,41.64
0,41.3
0,41.24
0,41.23
0,41.22
0,41.24
0,41.5
0,41.57
0,41.56
0,41.63
0,41.56
0,41.57
0,41.62
0,41.72
0,41.78
0,41.7
0,41.72
0,41.71
0,41.62
0,41.65
0,41.68
0,41.64
0,41.68
0,41.69
0,41.72
0,41.77
0,41.64
0,41.65
0,41.71
0,41.69
0,41.68
0,41.78
0,41.8
0,41.84
0,41.85
0,41.87
0,41.86
0,41.9
0,41.91
0,41.91
0,41.9
0,41.94
0,41.98
0,42
0,42
0,42.02
0,42.02
0,41.99
0,41.92
0,41.92
0,41.95
0,41.98
0,41.94
0,41.92
0,41.92
0,41.93
0,41.94
0,41.88
0,41.84
0,41.84
0,41.86
0,41.88
0,41.88
0,41.89
0,41.85
0,41.95
0,41.9
0,41.88
0,41.92
0,41.94
0,41.94
0,41.91
0,41.88
0,41.91
0,41.89
0,41.91
0,41.92
0,41.9
0,41.87
0,41.82
0,41.8
0,41.84
0,41.84
0,41.84
0,41.86
0,41.84
0,41.86
0,41.89
0,41.99
0,41.93
0,41.94
0,41.94
0,41.92
0,41.98
0,42.02
0,42.04
0,42.03
0,42.02
0,41.99
0,42
0,42.02
0,42.03
0,42.05
0,42.06
0,42.04
0,42.06
0,42.05
0,42.06
0,42.02
0,42
0,41.96
0,41.93
0,41.96
0,41.96
0,41.94
0,41.94
0,41.92
0,41.96
0,42
0,42
0,42.03
0,42.04
0,42.06
0,42.06
0,42.08
0,42.06
0,42.06
0,42.05
0,42.06
0,42.12
0,42.13
0,42.2
0,42.22
0,42.24
0,42.26
0,42.24
0,42.25
0,42.28
0,42.2
0,42.17
0,42.18
0,42.18
0,42.18
0,42.12
0,42.12
0,42.08
0,42.08
0,42.1
0,42.1
0,42.08
0,42.07
0,42.07
0,42.1
0,42.12
0,42.13
0,42.15
0,42.16
0,42.16
0,42.16
0,42.18
0,42.15
0,42.16
0,42.18
0,42.18
0,42.2
0,42.18
0,42.2
0,42.24
0,42.24
0,42.26
0,42.25
0,42.24
0,42.29
0,42.25
0,42.26
0,42.24
0,42.24
0,42.22
0,42.2
0,42.22
0,42.22
0,42.22
0,42.26
0,42.23
0,42.21
0,42.2
0,42.18
0,42.18
0,42.14
0,42.14
0,42.12
0,42.12
0,42.12
0,42.09
0,42.1
0,42.08
0,42.12
0,42.12
0,42.12
0,42.08
0,42.04
0,42.04
0,42.06
0,42.02
0,42.05
0,42.06
0,42.06
0,42.06
0,42.08
0,42.06
0,42.06
0,42.07
0,42.08
0,42.1
0,42.1
0,42.1
0,42.08
0,42.06
0,42.06
0,42.06
0,42.1
0,42.11
0,42.11
0,42.12
0,42.12
0,42.16
0,42.16
0,42.16
0,42.14
0,42.16
0,42.16
0,42.18
0,42.2
0,42.2
0,42.22
0,42.18
0,42.18
0,42.2
0,42.19
0,42.18
0,42.18
0,42.17
0,42.18
0,42.16
0,42.14
0,42.15
0,42.16
0,42.17
0,42.18
0,42.2
0,42.18
0,42.17
0,42.16
0,42.14
0,42.14
0,42.14
0,42.12
0,42.14
0,42.16
0,42.15
0,42.14
0,42.12
0,42.1
0,42.11
0,42.12
0,42.1
0,42.08
0,42.1
0,42.1
0,42.13
0,42.12
0,42.1
0,42.1
0,42.08
0,42.04
0,42.02
0,42.02
0,42
0,42
0,42
0,41.98
0,42
0,41.96
0,41.95
0,41.96
0,41.96
0,41.92
0,41.92
0,41.94
0,41.92
0,41.91
0,41.93
0,41.97
0,41.98
0,41.98
0,42.01
0,42.02
0,42.02
0,42.02
0,42.02
0,42
0,42.04
0,42.02
0,42.06
0,42.06
0,42.1
0,42.12
0,42.14
0,42.15
0,42.12
0,42.14
0,42.14
0,42.14
0,42.14
0,42.15
0,42.14
0,42.16
0,42.17
0,42.18
0,42.16
0,42.13
0,42.18
0,42.16
0,42.13
0,42.12
0,42.12
0,42.1
0,42.06
0,42.1
0,42.12
0,42.1
0,42.18
0,42.18
0,42.16
0,42.12
0,42.1
0,42.1
0,42.14
0,42.12
0,42.09
0,42.1
0,42.12
0,42.14
0,42.12
0,42.15
0,42.14
0,42.14
0,42.1
0,42.14
0,42.15
0,42.09
0,42.11
0,42.14
0,42.13
0,42.1
0,42.08
0,42.07
0,42.05
0,42.06
0,42.06
0,42.08
0,42.02
0,42.08
0,42.05
0,42.05
0,42.04
0,42.04
0,42.07
0,42.06
0,42.06
0,42.05
0,42.03
0,42.01
0,42.02
0,42.03
0,42.05
0,42.06
0,42.04
0,42.02
0,42.03
0,42.14
0,42.12
0,42.23
0,42.28
0,42.11
0,42.2
0,42.32
0,42.2
0,42.18
0,42.19
0,42.08
0,42.1
0,42.21
0,42.2
0,42.24
0,42.2
0,42.12
0,42.08
0,42.08
0,42.06
0,42.07
0,42.1
0,42
0,42.04
0,42.06
0,42.06
0,42
0,42
0,41.96
0,41.98
0,42.1
0,42.16
0,42.16
0,42.04
0,42.08
0,42.08
0,42.06
0,42.07
0,42.08
0,42.02
0,42
0,41.96
0,41.93
0,41.94
0,41.94
0,41.87
0,41.82
0,41.9
0,41.86
0,41.9
0,41.89
0,41.89
0,41.82
0,41.84
0,41.94
0,41.93
0,41.89
0,41.88
0,41.89
0,41.9
0,41.89
0,41.86
0,41.86
0,41.91
0,41.95
0,41.98
0,42.02
0,42.04
0,42.04
0,42
0,42.01
0,41.98
0,41.92
0,41.95
0,41.96
0,41.95
0,41.95
0,41.92
0,41.92
0,41.94
0,41.96
0,41.99
0,41.98
0,41.99
0,42.02
0,42.08
0,42.04
0,42.06
0,42.1
0,42.13
0,42.16
0,42.15
0,42.17
0,42.18
0,42.21
0,42.18
0,42.14
0,42.14
0,42.13
0,42.1
0,42.08
0,42.04
0,42.1
0,42.12
0,42.07
0,42.07
0,42.09
0,42.08
0,42.09
0,42.13
0,42.14
0,42.12
0,42.1
0,42.04
0,42.04
0,42.04
0,42.02
0,42.07
0,42.06
0,42.05
0,42.02
0,42.03
0,42.02
0,42.05
0,42.08
0,42.1
0,42.11
0,42.08
0,42.09
0,42.12
0,42.12
0,42.17
0,42.15
0,42.14
0,42.11
0,42.12
0,42.16
0,42.2
0,42.2
0,42.2
0,42.24
0,42.25
0,42.24
0,42.25
0,42.3
0,42.3
0,42.32
0,42.32
0,42.36
0,42.32
0,42.31
0,42.3
0,42.34
0,42.34
0,42.35
0,42.36
0,42.37
0,42.3
0,42.24
0,42.24
0,42.24
0,42.28
0,42.28
0,42.3
0,42.31
0,42.26
0,42.3
0,42.32
0,42.28
0,42.28
0,42.28
0,42.32
0,42.32
0,42.3
0,42.32
0,42.25
0,42.24
0,42.23
0,42.22
0,42.24
0,42.21
0,42.16
0,42.14
0,42.1
0,42.1
0,42.12
0,42.16
0,42.16
0,42.15
0,42.17
0,42.2
0,42.14
0,42.16
0,42.1
0,42.08
0,42.11
0,42.11
0,42.07
0,42.07
0,42.09
0,42.08
0,42.08
0,42.04
0,42.07
0,42.08
0,42.07
0,42.04
0,42.06
0,42.08
0,42.06
0,42.06
0,42.06
0,42.1
0,42.1
0,42.12
0,42.11
0,42.12
0,42.12
0,42.12
0,42.12
0,42.09
0,42.1
0,42.05
0,42.06
0,42.06
0,42.04
0,42.02
0,42.06
0,42.08
0,42.08
0,42.06
0,42.06
0,42.06
0,42.06
0,42.08
0,42.08
0,42.04
0,42.04
0,42.04
0,42.04
0,42.06
0,42.05
0,42.09
0,42.1
0,42.1
0,42.11
0,42.12
0,42.16
0,42.16
0,42.16
0,42.14
0,42.12
0,42.1
0,42.09
0,42.09
0,42.09
0,42.1
0,42.08
0,42.07
0,42.1
0,42.09
0,42.1
0,42.1
0,42.13
0,42.14
0,42.12
0,42.16
0,42.2
0,42.2
0,42.18
0,42.13
0,42.12
0,42.14
0,42.16
0,42.17
0,42.18
0,42.14
0,42.12
0,42.14
0,42.16
0,42.12
0,42.12
0,42.12
0,42.12
0,42.12
0,42.1
0,42.1
0,42.1
0,42.08
0,42.1
0,42.06
0,42.04
0,42.06
0,42.03
0,41.99
0,41.97
0,41.99
0,42.01
0,42.02
0,42.02
0,42
0,42.02
0,42
0,42.04
0,41.99
0,42.04
0,42.08
0,42.08
0,42.06
0,42.1
0,42.1
0,42.14
0,42.13
0,42.13
0,42.14
0,42.2
0,42.18
0,42.18
0,42.2
0,42.18
0,42.18
0,42.2
0,42.2
0,42.18
0,42.2
0,42.2
0,42.19
0,42.2
0,42.22
0,42.22
0,42.24
0,42.25
0,42.28
0,42.31
0,42.29
0,42.28
0,42.27
0,42.28
0,42.3
0,42.3
0,42.3
0,42.28
0,42.27
0,42.25
0,42.24
0,42.23
0,42.22
0,42.24
0,42.22
0,42.23
0,42.25
0,42.25
0,42.26
0,42.29
0,42.28
0,42.3
0,42.29
0,42.29
0,42.3
0,42.27
0,42.25
0,42.26
0,42.28
0,42.33
0,42.36
0,42.4
0,42.4
0,42.4
0,42.41
0,42.39
0,42.38
0,42.42
0,42.43
0,42.42
0,42.36
0,42.38
0,42.39
0,42.42
0,42.42
0,42.42
0,42.43
0,42.44
0,42.45
0,42.67
0,42.68
0,42.64
0,42.58
0,42.5
0,42.52
0,42.62
0,42.6
0,42.64
0,42.66
0,42.54
0,42.52
0,42.62
0,42.54
0,42.51
0,42.56
0,42.64
0,42.62
0,42.68
0,42.6
0,42.52
0,42.53
0,42.49
0,42.46
0,42.51
0,42.48
0,42.45
0,42.44
0,42.42
0,42.44
0,42.4
0,42.43
0,42.34
0,42.39
0,42.4
0,42.4
0,42.48
0,42.5
0,42.48
0,42.5
0,42.5
0,42.47
0,42.47
0,42.46
0,42.48
0,42.5
0,42.48
0,42.48
0,42.48
0,42.44
0,42.46
0,42.44
0,42.42
0,42.45
0,42.48
0,42.47
0,42.39
0,42.42
0,42.39
0,42.39
0,42.38
0,42.36
0,42.32
0,42.32
0,42.3
0,42.32
0,42.34
0,42.35
0,42.32
0,42.31
0,42.34
0,42.31
0,42.28
0,42.31
0,42.28
0,42.22
0,42.2
0,42.18
0,42.23
0,42.26
0,42.27
0,42.29
0,42.36
0,42.34
0,42.34
0,42.36
0,42.36
0,42.36
0,42.36
0,42.38
0,42.39
0,42.38
0,42.38
0,42.36
0,42.35
0,42.36
0,42.42
0,42.45
0,42.49
0,42.53
0,42.56
0,42.54
0,42.58
0,42.59
0,42.66
0,42.7
0,42.7
0,42.74
0,42.74
0,42.71
0,42.73
0,42.76
0,42.79
0,42.78
0,42.86
0,42.82
0,42.84
0,42.82
0,42.84
0,42.86
0,42.9
0,42.84
0,42.8
0,42.78
0,42.77
0,42.8
0,42.86
0,42.89
0,42.93
0,42.93
0,42.93
0,42.92
0,42.92
0,42.92
0,42.93
0,42.96
0,42.94
0,42.91
0,42.92
0,42.92
0,42.9
0,42.89
0,42.92
0,42.94
0,42.96
0,43.01
0,42.9
0,42.88
0,42.9
0,42.91
0,42.93
0,42.92
0,42.88
0,42.86
0,42.88
0,42.87
0,42.88
0,42.86
0,42.84
0,42.82
0,42.84
0,42.82
0,42.84
0,42.88
0,42.86
0,42.83
0,42.79
0,42.78
0,42.82
0,42.86
0,42.89
0,42.89
0,42.92
0,42.92
0,42.89
0,42.88
0,42.89
0,42.89
0,42.94
0,42.94
0,42.94
0,42.95
0,42.95
0,42.94
0,42.94
0,42.93
0,42.91
0,42.94
0,42.94
0,42.98
0,43.01
0,43.02
0,43.02
0,43.06
0,43.05
0,43.03
0,43.02
0,43.06
0,43.07
0,43.08
0,43.08
0,43.08
0,43.09
0,43.08
0,43.09
0,43.08
0,43.08
0,43.07
0,43.12
0,43.1
0,43.11
0,43.08
0,43.08
0,43.06
0,43.04
0,43.04
0,43.04
0,43.06
0,43.08
0,43.08
0,43.07
0,43.08
0,43.08
0,43.04
0,43.04
0,43.06
0,43.08
0,43.07
0,43.05
0,43.07
0,43.1
0,43.14
0,43.13
0,43.14
0,43.12
0,43.13
0,43.14
0,43.14
0,43.16
0,43.14
0,43.1
0,43.11
0,43.12
0,43.12
0,43.13
0,43.1
0,43.12
0,43.13
0,43.12
0,43.1
0,43.08
0,43.06
0,43.05
0,43.05
0,43.04
0,43.06
0,43.06
0,43.08
0,43.09
0,43.1
0,43.12
0,43.1
0,43.14
0,43.15
0,43.16
0,43.16
0,43.17
0,43.16
0,43.19
0,43.18
0,43.23
0,43.28
0,43.3
0,43.28
0,43.26
0,43.22
0,43.22
0,43.18
0,43.18
0,43.17
0,43.18
0,43.18
0,43.18
0,43.19
0,43.18
0,43.16
0,43.14
0,43.2
0,43.22
0,43.23
0,43.22
0,43.22
0,43.18
0,43.2
0,43.2
0,43.22
0,43.24
0,43.24
0,43.24
0,43.27
0,43.28
0,43.28
0,43.27
0,43.25
0,43.23
0,43.25
0,43.28
0,43.3
0,43.31
0,43.3
0,43.3
0,43.26
0,43.25
0,43.25
0,43.24
0,43.22
0,43.22
0,43.2
0,43.14
0,43.2
0,43.21
0,43.23
0,43.22
0,43.2
0,43.18
0,43.18
0,43.14
0,43.17
0,43.19
0,43.22
0,43.24
0,43.26
0,43.25
0,43.23
0,43.22
0,43.25
0,43.26
0,43.24
0,43.24
0,43.24
0,43.25
0,43.25
0,43.26
0,43.29
0,43.3
0,43.32
0,43.33
0,43.32
0,43.32
0,43.3
0,43.32
0,43.3
0,43.3
0,43.32
0,43.35
0,43.4
0,43.37
0,43.3
0,43.26
0,43.25
0,43.22
0,43.24
0,43.24
0,43.27
0,43.27
0,43.26
0,43.23
0,43.22
0,43.2
0,43.13
0,43.1
0,43.09
0,43.09
0,43.12
0,43.16
0,43.16
0,43.16
0,43.15
0,43.16
0,43.19
0,43.18
0,43.17
0,43.16
0,43.12
0,42.84
0,43.02
0,43
0,42.97
0,43.13
0,43.04
0,42.97
0,42.99
0,42.96
0,42.92
0,42.82
0,42.8
0,42.76
0,42.82
0,42.81
0,42.74
0,42.72
0,42.81
0,42.74
0,42.74
0,42.72
0,42.78
0,42.76
0,42.76
0,42.8
0,42.82
0,42.84
0,42.84
0,42.8
0,42.82
0,42.78
0,42.75
0,42.78
0,42.74
0,42.7
0,42.73
0,42.64
0,42.64
0,42.64
0,42.62
0,42.66
0,42.64
0,42.66
0,42.64
0,42.62
0,42.62
0,42.64
0,42.66
0,42.68
0,42.63
0,42.62
0,42.56
0,42.51
0,42.5
0,42.47
0,42.5
0,42.48
0,42.48
0,42.48
0,42.5
0,42.53
0,42.58
0,42.56
0,42.52
0,42.5
0,42.55
0,42.56
0,42.54
0,42.55
0,42.52
0,42.52
0,42.56
0,42.6
0,42.57
0,42.64
0,42.68
0,42.7
0,42.67
0,42.66
0,42.68
0,42.72
0,42.74
0,42.74
0,42.8
0,42.78
0,42.8
0,42.81
0,42.8
0,42.78
0,42.8
0,42.81
0,42.81
0,42.83
0,42.84
0,42.84
0,42.84
0,42.84
0,42.87
0,42.9
0,42.92
0,42.93
0,42.92
0,42.94
0,42.91
0,42.89
0,42.86
0,42.87
0,42.88
0,42.86
0,42.84
0,42.84
0,42.92
0,42.96
0,42.94
0,42.88
0,42.86
0,42.86
0,42.86
0,42.86
0,42.91
0,42.89
0,42.9
0,42.9
0,42.92
0,42.89
0,42.93
0,42.95
0,43.04
0,43.05
0,43.04
0,43.04
0,43.04
0,43.08
0,43.1
0,43.12
0,43.13
0,43.14
0,43.09
0,43.06
0,43
0,42.94
0,42.88
0,42.88
0,42.86
0,42.84
0,42.86
0,42.88
0,42.89
0,42.85
0,42.86
0,42.84
0,42.86
0,42.86
0,42.88
0,42.92
0,42.93
0,42.9
0,42.9
0,42.91
0,42.91
0,42.93
0,42.94
0,42.92
0,42.96
0,42.96
0,42.96
0,42.98
0,42.96
0,42.97
0,42.96
0,42.94
0,42.98
0,42.98
0,42.96
0,42.95
0,42.97
0,42.92
0,42.92
0,42.91
0,42.92
0,42.99
0,43.02
0,43
0,42.99
0,43
0,42.98
0,42.93
0,42.94
0,42.94
0,42.94
0,42.97
0,42.98
0,42.98
0,42.94
0,42.96
0,42.94
0,42.94
0,42.88
0,42.86
0,42.86
0,42.89
0,42.85
0,42.8
0,42.79
0,42.8
0,42.79
0,42.73
0,42.72
0,42.68
0,42.74
0,42.75
0,42.78
0,42.77
0,42.79
0,42.76
0,42.75
0,42.79
0,42.8
0,42.84
0,42.85
0,42.9
0,42.9
0,42.92
0,42.92
0,42.92
0,42.92
0,42.99
0,43.04
0,43.04
0,43.05
0,43.08
0,43.15
0,43.14
0,43.16
0,43.16
0,43.2
0,43.2
0,43.16
0,43.2
0,43.19
0,43.18
0,43.1
0,43.13
0,43.14
0,43.16
0,43.14
0,43.14
0,43.15
0,43.14
0,43.16
0,43.14
0,43.12
0,43.1
0,43.11
0,43.12
0,43.14
0,43.14
0,43.14
0,43.1
0,43.06
0,42.98
0,42.98
0,42.97
0,42.96
0,42.96
0,42.96
0,43
0,43.04
0,43.04
0,43.04
0,43.09
0,43.09
0,43.1
0,43.08
0,43.08
0,43.08
0,43.06
0,43.08
0,43.09
0,43.08
0,43.06
0,43.06
0,43.06
0,43.06
0,43.05
0,43.04
0,43.02
0,43.02
0,42.99
0,42.96
0,42.96
0,42.95
0,42.98
0,43
0,43.01
0,43.02
0,43
0,43.01
0,43.03
0,43.01
0,42.98
0,43.02
0,43.02
0,43.03
0,43.06
0,43.04
0,43.13
0,43.16
0,43.22
0,43.3
0,43.2
0,43.34
0,43.39
0,43.45
0,43.44
0,43.5
0,43.46
0,43.5
0,43.48
0,43.34
0,43.36
0,43.38
0,43.34
0,43.28
0,43.25
0,43.26
0,43.32
0,43.26
0,43.18
0,43.2
0,43.24
0,43.2
0,43.21
0,43.24
0,43.3
0,43.32
0,43.27
0,43.29
0,43.26
0,43.28
0,43.24
0,43.22
0,43.22
0,43.21
0,43.28
0,43.3
0,43.27
0,43.31
0,43.32
0,43.32
0,43.32
0,43.34
0,43.34
0,43.29
0,43.32
0,43.34
0,43.34
0,43.39
0,43.37
0,43.36
0,43.38
0,43.38
0,43.39
0,43.4
0,43.35
0,43.38
0,43.38
0,43.38
0,43.32
0,43.28
0,43.22
0,43.22
0,43.22
0,43.22
0,43.26
0,43.28
0,43.25
0,43.23
0,43.19
0,43.21
0,43.22
0,43.23
0,43.24
0,43.27
0,43.28
0,43.29
0,43.52
0,43.5
0,43.5
0,43.46
0,43.48
0,43.43
0,43.46
0,43.54
0,43.48
0,43.4
0,43.47
0,43.44
0,43.43
0,43.42
0,43.46
0,43.52
0,43.5
0,43.52
0,43.62
0,43.69
0,43.62
0,43.64
0,43.6
0,43.63
0,43.58
0,43.6
0,43.58
0,43.64
0,43.62
0,43.64
0,43.58
0,43.64
0,43.61
0,43.61
0,43.63
0,43.7
0,43.66
0,43.74
0,43.69
0,43.72
0,43.74
0,43.77
0,43.78
0,43.8
0,43.77
0,43.8
0,43.8
0,43.84
0,43.88
0,43.8
0,43.86
0,43.84
0,43.77
0,43.84
0,43.86
0,43.79
0,43.75
0,43.73
0,43.64
0,43.56
0,43.56
0,43.58
0,43.62
0,43.6
0,43.63
0,43.64
0,43.66
0,43.59
0,43.58
0,43.59
0,43.58
0,43.61
0,43.66
0,43.69
0,43.76
0,43.75
0,43.83
0,43.8
0,43.8
0,43.78
0,43.76
0,43.78
0,43.8
0,43.82
0,43.86
0,43.82
0,43.74
0,43.74
0,43.72
0,43.7
0,43.68
0,43.66
0,43.68
0,43.73
0,43.75
0,43.75
0,43.76
0,43.72
0,43.68
0,43.66
0,43.74
0,43.72
0,43.72
0,43.74
0,43.75
0,43.74
0,43.74
0,43.75
0,43.72
0,43.7
0,43.73
0,43.77
0,43.76
0,43.78
0,43.83
0,43.84
0,43.86
0,43.88
0,43.88
0,43.92
0,43.92
0,43.94
0,43.89
0,43.85
0,43.88
0,43.88
0,43.88
0,43.89
0,43.92
0,43.91
0,43.94
0,43.94
0,43.95
0,43.96
0,43.94
0,43.89
0,43.89
0,43.92
0,43.88
0,43.93
0,43.89
0,43.89
0,43.93
0,43.91
0,43.91
0,43.91
0,43.88
0,43.9
0,43.88
0,43.92
0,43.93
0,43.96
0,43.92
0,43.92
0,43.92
0,43.92
0,43.88
0,43.84
0,43.84
0,43.84
0,43.87
0,43.86
0,43.89
0,43.9
0,43.94
0,43.95
0,43.94
0,43.94
0,43.96
0,43.92
0,43.92
0,43.9
0,43.92
0,43.94
0,43.9
0,43.92
0,43.92
0,43.93
0,43.88
0,43.86
0,43.83
0,43.81
0,43.84
0,43.83
0,43.82
0,43.84
0,43.8
0,43.82
0,43.84
0,43.83
0,43.84
0,43.86
0,43.89
0,43.86
0,43.82
0,43.84
0,43.85
0,43.82
0,43.79
0,43.78
0,43.78
0,43.8
0,43.82
0,43.78
0,43.8
0,43.82
0,43.84
0,43.88
0,43.89
0,43.92
0,43.92
0,43.88
0,43.94
0,43.94
0,43.89
0,43.92
0,43.88
0,43.89
0,43.9
0,43.92
0,43.94
0,43.94
0,43.94
0,43.92
0,43.91
0,43.94
0,43.96
0,43.96
0,43.96
0,43.97
0,43.92
0,43.93
0,43.95
0,43.92
0,43.9
0,43.92
0,43.93
0,43.92
0,43.91
0,43.91
0,43.92
0,43.94
0,43.92
0,43.96
0,43.98
0,43.97
0,43.94
0,43.92
0,43.89
0,43.92
0,43.91
0,43.92
0,43.94
0,43.96
0,43.94
0,43.92
0,43.94
0,43.96
0,43.96
0,43.98
0,43.96
0,43.96
0,43.98
0,44.02
0,44.01
0,44.04
0,44.03
0,44.06
0,44.09
0,44.07
0,44.08
0,44.11
0,44.14
0,44.14
0,44.12
0,44.12
0,44.12
0,44.15
0,44.16
0,44.15
0,44.13
0,44.08
0,44.08
0,44.08
0,44.08
0,44.08
0,44.09
0,44.06
0,44.01
0,44.04
0,44.08
0,44.08
0,44.08
0,44.09
0,44.08
0,44.08
0,44.04
0,44.07
0,44.06
0,44.08
0,44.06
0,44.04
0,44.04
0,44.04
0,44.03
0,44.06
0,44.02
0,44.04
0,44.06
0,44.06
0,44.08
0,44.05
0,44.02
0,44.05
0,44.05
0,44.06
0,44.08
0,44.08
0,44.08
0,44.07
0,44.06
0,44.08
0,44.08
0,44.1
0,44.11
0,44.09
0,44.08
0,44.08
0,44.06
0,44.05
0,44.04
0,44.02
0,44.04
0,44.04
0,44.02
0,44.04
0,44.02
0,43.98
0,44
0,44
0,44.03
0,44.06
0,44.06
0,44.06
0,44.06
0,44.04
0,44.05
0,44.08
0,44.04
0,44.02
0,44.02
0,44.02
0,44
0,44
0,44
0,43.98
0,44
0,44
0,44
0,43.99
0,44
0,44.01
0,44
0,44.04
0,44.05
0,44.06
0,44.04
0,44.07
0,44.07
0,44.08
0,44.08
0,44.13
0,44.14
0,44.1
0,44.09
0,44.09
0,44.08
0,44.06
0,44.06
0,44.06
0,44.09
0,44.07
0,44.07
0,44.08
0,44.09
0,44.11
0,44.14
0,43.84
0,43.93
0,43.83
0,43.71
0,43.6
0,43.58
0,43.69
0,43.49
0,43.58
0,43.54
0,43.42
0,43.46
0,43.58
0,43.54
0,43.6
0,43.6
0,43.61
0,43.61
0,43.58
0,43.49
0,43.46
0,43.48
0,43.48
0,43.48
0,43.47
0,43.46
0,43.48
0,43.52
0,43.52
0,43.47
0,43.47
0,43.44
0,43.48
0,43.42
0,43.4
0,43.44
0,43.42
0,43.36
0,43.32
0,43.34
0,43.34
0,43.34
0,43.34
0,43.32
0,43.32
0,43.28
0,43.34
0,43.36
0,43.33
0,43.35
0,43.32
0,43.21
0,43.22
0,43.2
0,43.22
0,43.2
0,43.2
0,43.28
0,43.28
0,43.3
0,43.28
0,43.3
0,43.3
0,43.34
0,43.31
0,43.34
0,43.34
0,43.34
0,43.35
0,43.32
0,43.26
0,43.25
0,43.3
0,43.36
0,43.37
0,43.42
0,43.42
0,43.44
0,43.42
0,43.39
0,43.38
0,43.4
0,43.4
0,43.44
0,43.39
0,43.38
0,43.4
0,43.38
0,43.36
0,43.36
0,43.34
0,43.36
0,43.37
0,43.41
0,43.37
0,43.38
0,43.38
0,43.36
0,43.37
0,43.34
0,43.35
0,43.34
0,43.34
0,43.36
0,43.32
0,43.32
0,43.34
0,43.32
0,43.33
0,43.32
0,43.34
0,43.36
0,43.37
0,43.36
0,43.36
0,43.38
0,43.37
0,43.35
0,43.3
0,43.3
0,43.27
0,43.27
0,43.32
0,43.34
0,43.34
0,43.33
0,43.36
0,43.36
0,43.34
0,43.36
0,43.33
0,43.25
0,43.24
0,43.22
0,43.24
0,43.21
0,43.21
0,43.21
0,43.26
0,43.24
0,43.24
0,43.24
0,43.2
0,43.22
0,43.24
0,43.18
0,43.18
0,43.21
0,43.2
0,43.18
0,43.17
0,43.18
0,43.18
0,43.15
0,43.17
0,43.16
0,43.2
0,43.16
0,43.18
0,43.18
0,43.18
0,43.2
0,43.22
0,43.24
0,43.28
0,43.24
0,43.22
0,43.28
0,43.28
0,43.31
0,43.31
0,43.3
0,43.26
0,43.29
0,43.28
0,43.26
0,43.24
0,43.22
0,43.22
0,43.25
0,43.22
0,43.23
0,43.22
0,43.22
0,43.23
0,43.27
0,43.27
0,43.29
0,43.28
0,43.31
0,43.28
0,43.27
0,43.3
0,43.3
0,43.34
0,43.32
0,43.32
0,43.33
0,43.34
0,43.35
0,43.34
0,43.35
0,43.36
0,43.36
0,43.38
0,43.38
0,43.33
0,43.36
0,43.38
0,43.39
0,43.36
0,43.34
0,43.32
0,43.3
0,43.34
0,43.32
0,43.3
0,43.28
0,43.28
0,43.28
0,43.25
0,43.22
0,43.21
0,43.23
0,43.19
0,43.2
0,43.21
0,43.21
0,43.18
0,43.17
0,43.14
0,43.17
0,43.2
0,43.25
0,43.25
0,43.22
0,43.27
0,43.22
0,43.24
0,43.25
0,43.28
0,43.28
0,43.34
0,43.31
0,43.29
0,43.34
0,43.38
0,43.35
0,43.36
0,43.37
0,43.32
0,43.32
0,43.31
0,43.3
0,43.26
0,43.25
0,43.3
0,43.3
0,43.32
0,43.3
0,43.3
0,43.32
0,43.27
0,43.26
0,43.29
0,43.3
0,43.32
0,43.3
0,43.34
0,43.32
0,43.3
0,43.29
0,43.3
0,43.28
0,43.31
0,43.34
0,43.35
0,43.31
0,43.31
0,43.3
0,43.3
0,43.3
0,43.28
0,43.27
0,43.25
0,43.3
0,43.33
0,43.34
0,43.32
0,43.33
0,43.34
0,43.32
0,43.3
0,43.27
0,43.26
0,43.28
0,43.27
0,43.26
0,43.28
0,43.27
0,43.3
0,43.28
0,43.3
0,43.3
0,43.34
0,43.32
0,43.33
0,43.33
0,43.3
0,43.32
0,43.34
0,43.32
0,43.32
0,43.32
0,43.3
0,43.32
0,43.3
0,43.29
0,43.3
0,43.28
0,43.32
0,43.3
0,43.3
0,43.32
0,43.36
0,43.38
0,43.38
0,43.4
0,43.44
0,43.46
0,43.48
0,43.45
0,43.42
0,43.45
0,43.43
0,43.46
0,43.4
0,43.42
0,43.4
0,43.4
0,43.4
0,43.46
0,43.47
0,43.45
0,43.45
0,43.46
0,43.48
0,43.48
0,43.5
0,43.48
0,43.51
0,43.54
0,43.55
0,43.54
0,43.56
0,43.52
0,43.54
0,43.54
0,43.51
0,43.5
0,43.46
0,43.42
0,43.39
0,43.38
0,43.32
0,43.32
0,43.25
0,43.22
0,43.27
0,43.4
0,43.38
0,43.42
0,43.39
0,43.34
0,43.28
0,43.27
0,43.26
0,43.25
0,43.28
0,43.26
0,43.24
0,43.24
0,43.22
0,43.23
0,43.2
0,43.23
0,43.24
0,43.24
0,43.25
0,43.55
0,43.54
0,43.48
0,43.42
0,43.35
0,43.37
0,43.44
0,43.37
0,43.39
0,43.4
0,43.48
0,43.42
0,43.44
0,43.38
0,43.45
0,43.37
0,43.32
0,43.29
0,43.35
0,43.38
0,43.39
0,43.42
0,43.42
0,43.38
0,43.39
0,43.38
0,43.44
0,43.4
0,43.39
0,43.35
0,43.29
0,43.24
0,43.32
0,43.3
0,43.32
0,43.33
0,43.31
0,43.26
0,43.24
0,43.28
0,43.29
0,43.32
0,43.32
0,43.3
0,43.28
0,43.28
0,43.26
0,43.28
0,43.29
0,43.2
0,43.19
0,43.24
0,43.21
0,43.16
0,43.16
0,43.18
0,43.14
0,43.16
0,43.16
0,43.17
0,43.16
0,43.16
0,43.09
0,43.14
0,43.12
0,43.08
0,43.06
0,43.06
0,43.06
0,43.04
0,43.02
0,43.05
0,43.08
0,43.04
0,43.04
0,42.99
0,43.02
0,42.98
0,43
0,43.02
0,42.96
0,42.96
0,42.94
0,42.89
0,42.92
0,42.93
0,42.9
0,42.88
0,42.85
0,42.86
0,42.88
0,42.86
0,42.86
0,42.8
0,42.82
0,42.88
0,42.92
0,42.91
0,42.88
0,42.87
0,42.9
0,42.97
0,43.02
0,43.04
0,42.98
0,42.98
0,43
0,42.98
0,42.95
0,42.95
0,42.98
0,42.96
0,42.96
0,42.98
0,42.92
0,42.9
0,42.9
0,42.88
0,42.89
0,42.92
0,42.95
0,42.9
0,42.89
0,42.92
0,42.94
0,42.92
0,42.95
0,42.9
0,42.86
0,42.83
0,42.84
0,42.82
0,42.81
0,42.78
0,42.76
0,42.74
0,42.7
0,42.7
0,42.7
0,42.66
0,42.65
0,42.62
0,42.64
0,42.6
0,42.58
0,42.59
0,42.56
0,42.6
0,42.55
0,42.52
0,42.54
0,42.54
0,42.54
0,42.54
0,42.54
0,42.54
0,42.53
0,42.54
0,42.52
0,42.4
0,42.45
0,42.47
0,42.44
0,42.44
0,42.42
0,42.42
0,42.4
0,42.39
0,42.42
0,42.39
0,42.36
0,42.36
0,42.38
0,42.36
0,42.4
0,42.4
0,42.42
0,42.44
0,42.44
0,42.42
0,42.44
0,42.48
0,42.51
0,42.51
0,42.48
0,42.52
0,42.54
0,42.52
0,42.52
0,42.52
0,42.56
0,42.54
0,42.51
0,42.54
0,42.54
0,42.56
0,42.56
0,42.58
0,42.62
0,42.66
0,42.65
0,42.62
0,42.68
0,42.69
0,42.71
0,42.7
0,42.71
0,42.72
0,42.73
0,42.76
0,42.78
0,42.8
0,42.78
0,42.7
0,42.68
0,42.7
0,42.68
0,42.66
0,42.66
0,42.64
0,42.68
0,42.67
0,42.66
0,42.64
0,42.66
0,42.66
0,42.69
0,42.7
0,42.76
0,42.73
0,42.72
0,42.71
0,42.72
0,42.71
0,42.68
0,42.68
0,42.68
0,42.68
0,42.64
0,42.62
0,42.62
0,42.64
0,42.64
0,42.64
0,42.62
0,42.58
0,42.62
0,42.63
0,42.62
0,42.62
0,42.62
0,42.62
0,42.61
0,42.62
0,42.65
0,42.66
0,42.68
0,42.68
0,42.66
0,42.67
0,42.65
0,42.66
0,42.64
0,42.62
0,42.65
0,42.64
0,42.68
0,42.63
0,42.61
0,42.62
0,42.64
0,42.64
0,42.68
0,42.69
0,42.7
0,42.72
0,42.7
0,42.72
0,42.71
0,42.68
0,42.66
0,42.66
0,42.64
0,42.65
0,42.66
0,42.66
0,42.66
0,42.64
0,42.61
0,42.59
0,42.6
0,42.63
0,42.64
0,42.66
0,42.68
0,42.68
0,42.68
0,42.7
0,42.72
0,42.72
0,42.72
0,42.7
0,42.68
0,42.68
0,42.66
0,42.68
0,42.68
0,42.7
0,42.62
0,42.62
0,42.62
0,42.62
0,42.58
0,42.6
0,42.6
0,42.58
0,42.57
0,42.59
0,42.57
0,42.58
0,42.62
0,42.68
0,42.68
0,42.7
0,42.68
0,42.68
0,42.7
0,42.7
0,42.72
0,42.72
0,42.74
0,42.74
0,42.76
0,42.78
0,42.8
0,42.8
0,42.82
0,42.78
0,42.76
0,42.72
0,42.72
0,42.74
0,42.78
0,42.82
0,42.8
0,42.8
0,42.84
0,42.86
0,42.85
0,42.85
0,42.86
0,42.88
0,42.88
0,42.91
0,42.86
0,42.89
0,42.89
0,42.89
0,42.88
0,42.89
0,42.88
0,42.84
0,42.82
0,42.8
0,42.78
0,42.76
0,42.76
0,42.74
0,42.76
0,42.77
0,42.76
0,42.81
0,42.81
0,42.78
0,42.79
0,42.77
0,42.78
0,42.79
0,42.74
0,42.77
0,42.78
0,42.75
0,42.72
0,42.7
0,42.72
0,42.74
0,42.73
0,42.75
0,42.73
0,42.78
0,42.64
0,42.64
0,42.72
0,42.84
0,42.84
0,42.8
0,42.89
0,42.88
0,42.94
0,42.82
0,42.8
0,42.83
0,42.92
0,42.92
0,42.92
0,42.86
0,42.91
0,42.94
0,42.89
0,42.88
0,42.89
0,42.96
0,42.94
0,42.93
0,42.94
0,42.96
0,42.89
0,42.94
0,42.93
0,43
0,43.01
0,43.02
0,43.09
0,43.14
0,43.1
0,43.1
0,43.13
0,43.07
0,43.07
0,43.08
0,43.06
0,43.06
0,43.09
0,43.09
0,43.08
0,43.12
0,43.2
0,43.2
0,43.15
0,43.13
0,43.11
0,43.14
0,43.16
0,43.14
0,43.14
0,43.19
0,43.16
0,43.19
0,43.22
0,43.28
0,43.27
0,43.31
0,43.32
0,43.28
0,43.25
0,43.22
0,43.2
0,43.19
0,43.16
0,43.17
0,43.18
0,43.18
0,43.19
0,43.22
0,43.2
0,43.2
0,43.23
0,43.24
0,43.22
0,43.2
0,43.19
0,43.22
0,43.2
0,43.2
0,43.2
0,43.2
0,43.21
0,43.18
0,43.26
0,43.29
0,43.28
0,43.3
0,43.3
0,43.28
0,43.3
0,43.3
0,43.35
0,43.33
0,43.32
0,43.34
0,43.39
0,43.38
0,43.38
0,43.34
0,43.3
0,43.32
0,43.38
0,43.36
0,43.44
0,43.42
0,43.38
0,43.36
0,43.37
0,43.34
0,43.33
0,43.34
0,43.3
0,43.3
0,43.31
0,43.32
0,43.3
0,43.3
0,43.28
0,43.32
0,43.34
0,43.36
0,43.36
0,43.44
0,43.54
0,43.55
0,43.56
0,43.52
0,43.54
0,43.58
0,43.56
0,43.54
0,43.58
0,43.54
0,43.54
0,43.52
0,43.55
0,43.49
0,43.42
0,43.41
0,43.41
0,43.43
0,43.45
0,43.44
0,43.44
0,43.47
0,43.46
0,43.46
0,43.44
0,43.42
0,43.44
0,43.42
0,43.39
0,43.42
0,43.41
0,43.42
0,43.39
0,43.37
0,43.39
0,43.44
0,43.42
0,43.4
0,43.42
0,43.42
0,43.38
0,43.38
0,43.38
0,43.37
0,43.38
0,43.34
0,43.36
0,43.37
0,43.38
0,43.34
0,43.32
0,43.35
0,43.3
0,43.28
0,43.28
0,43.27
0,43.26
0,43.22
0,43.21
0,43.17
0,43.19
0,43.2
0,43.2
0,43.2
0,43.18
0,43.16
0,43.17
0,43.16
0,43.16
0,43.14
0,43.16
0,43.14
0,43.12
0,43.1
0,43.1
0,43.08
0,43.08
0,43.11
0,43.12
0,43.1
0,43.1
0,43.1
0,43.11
0,43.12
0,43.12
0,43.12
0,43.08
0,43.1
0,43.1
0,43.1
0,43.1
0,43.09
0,43.09
0,43.04
0,43
0,43.01
0,43.01
0,43.01
0,42.99
0,42.98
0,42.99
0,42.98
0,43
0,43.02
0,43.04
0,43.04
0,43.02
0,42.99
0,42.96
0,42.96
0,43
0,42.98
0,42.96
0,43
0,43
0,43.04
0,43.06
0,43.05
0,43.04
0,43.06
0,43.05
0,43.04
0,43.03
0,43
0,43
0,42.98
0,42.92
0,42.91
0,42.92
0,42.96
0,42.97
0,42.96
0,43
0,42.98
0,43
0,43
0,43.02
0,43.01
0,42.99
0,43
0,43.01
0,43
0,42.99
0,42.98
0,42.96
0,42.96
0,42.96
0,42.98
0,42.98
0,43
0,43.02
0,43
0,43.02
0,43
0,42.98
0,43.02
0,43.02
0,43.04
0,43.07
0,43.1
0,43.1
0,43.12
0,43.12
0,43.12
0,43.11
0,43.09
0,43.06
0,43.02
0,43
0,43.02
0,43
0,43
0,43.01
0,42.98
0,43
0,42.99
0,43
0,43
0,43
0,43.01
0,43.04
0,43.06
0,43.06
0,43.02
0,43.03
0,43.02
0,43.02
0,43.02
0,43.03
0,43
0,43
0,42.98
0,42.97
0,42.96
0,42.96
0,42.96
0,42.98
0,42.96
0,42.96
0,42.96
0,42.95
0,42.96
0,42.94
0,42.98
0,42.98
0,42.99
0,43
0,43
0,43
0,43.01
0,43
0,42.98
0,42.99
0,43.02
0,43.02
0,43.02
0,43.02
0,43.03
0,43.02
0,43.02
0,43.01
0,42.98
0,42.99
0,43.02
0,43.01
0,43.04
0,43.06
0,43.06
0,43.06
0,43.06
0,43.02
0,43.03
0,43
0,42.96
0,42.98
0,43
0,43.02
0,43.02
0,43
0,43.01
0,42.99
0,42.98
0,42.96
0,42.96
0,42.98
0,42.98
0,42.98
0,42.96
0,42.96
0,42.97
0,42.97
0,43
0,43
0,43
0,42.99
0,43.34
0,43.34
0,43.34
0,43.41
0,43.4
0,43.42
0,43.46
0,43.46
0,43.36
0,43.34
0,43.28
0,43.3
0,43.32
0,43.36
0,43.46
0,43.52
0,43.58
0,43.58
0,43.6
0,43.61
0,43.62
0,43.58
0,43.62
0,43.64
0,43.58
0,43.57
0,43.5
0,43.46
0,43.49
0,43.48
0,43.49
0,43.52
0,43.5
0,43.52
0,43.5
0,43.48
0,43.5
0,43.48
0,43.48
0,43.54
0,43.55
0,43.52
0,43.52
0,43.54
0,43.53
0,43.56
0,43.54
0,43.52
0,43.52
0,43.5
0,43.5
0,43.48
0,43.42
0,43.41
0,43.41
0,43.44
0,43.45
0,43.5
0,43.47
0,43.5
0,43.48
0,43.5
0,43.5
0,43.5
0,43.44
0,43.48
0,43.5
0,43.49
0,43.52
0,43.55
0,43.51
0,43.49
0,43.5
0,43.52
0,43.52
0,43.54
0,43.54
0,43.55
0,43.54
0,43.55
0,43.55
0,43.54
0,43.52
0,43.54
0,43.55
0,43.56
0,43.54
0,43.52
0,43.52
0,43.54
0,43.53
0,43.52
0,43.5
0,43.48
0,43.5
0,43.5
0,43.51
0,43.5
0,43.5
0,43.5
0,43.51
0,43.49
0,43.49
0,43.49
0,43.48
0,43.48
0,43.46
0,43.46
0,43.44
0,43.46
0,43.44
0,43.43
0,43.41
0,43.4
0,43.4
0,43.38
0,43.39
0,43.4
0,43.39
0,43.39
0,43.41
0,43.46
0,43.46
0,43.48
0,43.46
0,43.46
0,43.45
0,43.44
0,43.44
0,43.45
0,43.46
0,43.45
0,43.48
0,43.49
0,43.48
0,43.48
0,43.48
0,43.48
0,43.48
0,43.47
0,43.47
0,43.49
0,43.48
0,43.48
0,43.48
0,43.46
0,43.48
0,43.46
0,43.44
0,43.44
0,43.44
0,43.41
0,43.42
0,43.46
0,43.44
0,43.45
0,43.46
0,43.44
0,43.44
0,43.43
0,43.42
0,43.42
0,43.44
0,43.4
0,43.39
0,43.41
0,43.4
0,43.38
0,43.38
0,43.39
0,43.38
0,43.38
0,43.39
0,43.42
0,43.44
0,43.48
0,43.51
0,43.54
0,43.57
0,43.58
0,43.57
0,43.58
0,43.57
0,43.56
0,43.52
0,43.52
0,43.53
0,43.52
0,43.54
0,43.56
0,43.54
0,43.56
0,43.55
0,43.54
0,43.52
0,43.49
0,43.46
0,43.51
0,43.48
0,43.47
0,43.48
0,43.4
0,43.44
0,43.4
0,43.38
0,43.42
0,43.38
0,43.38
0,43.4
0,43.4
0,43.4
0,43.39
0,43.38
0,43.37
0,43.35
0,43.36
0,43.36
0,43.41
0,43.39
0,43.38
0,43.4
0,43.4
0,43.39
0,43.41
0,43.43
0,43.41
0,43.39
0,43.4
0,43.42
0,43.43
0,43.46
0,43.44
0,43.43
0,43.44
0,43.44
0,43.42
0,43.4
0,43.42
0,43.43
0,43.4
0,43.41
0,43.38
0,43.37
0,43.34
0,43.35
0,43.38
0,43.38
0,43.38
0,43.38
0,43.39
0,43.4
0,43.4
0,43.42
0,43.4
0,43.4
0,43.44
0,43.42
0,43.43
0,43.42
0,43.44
0,43.43
0,43.44
0,43.44
0,43.46
0,43.49
0,43.5
0,43.48
0,43.46
0,43.46
0,43.5
0,43.51
0,43.51
0,43.52
0,43.5
0,43.5
0,43.52
0,43.51
0,43.5
0,43.5
0,43.51
0,43.5
0,43.45
0,43.44
0,43.41
0,43.35
0,43.27
0,43.25
0,43.27
0,43.3
0,43.28
0,43.29
0,43.24
0,43.2
0,43.23
0,43.23
0,43.24
0,43.19
0,43.19
0,43.2
0,43.24
0,43.26
0,43.28
0,43.28
0,43.3
0,43.28
0,43.3
0,43.29
0,43.3
0,43.3
0,43.33
0,43.33
0,43.32
0,43.32
0,43.29
0,43.28
0,43.26
0,43.28
0,43.27
0,43.3
0,43.32
0,43.3
0,43.31
0,43.3
0,43.32
0,43.31
0,43.33
0,43.32
0,43.3
0,43.3
0,43.28
0,43.3
0,43.27
0,43.25
0,43.25
0,43.24
0,43.24
0,43.22
0,43.2
0,43.24
0,43.25
0,43.25
0,43.24
0,43.21
0,43.23
0,43.25
0,43.25
0,43.24
0,43.24
0,43.2
0,43.18
0,43.15
0,43.16
0,43.1
0,43.08
0,43.08
0,43.1
0,43.1
0,43.14
0,43.13
0,43.13
0,43.15
0,43.16
0,43.16
0,43.18
0,43.2
0,43.22
0,43.2
0,43.16
0,43.16
0,43.15
0,43.14
0,43.15
0,43.14
0,43.14
0,43.14
0,43.16
0,43.14
0,43.12
0,43.14
0,42.94
0,42.91
0,42.91
0,43.02
0,42.98
0,42.98
0,42.96
0,42.97
0,42.94
0,43
0,42.86
0,42.89
0,42.96
0,42.94
0,42.95
0,43.02
0,43.04
0,43
0,42.96
0,43.02
0,42.9
0,42.92
0,42.93
0,42.92
0,42.92
0,42.88
0,42.84
0,42.86
0,42.91
0,42.92
0,42.88
0,42.86
0,42.84
0,42.82
0,42.86
0,42.82
0,42.84
0,42.86
0,42.86
0,42.88
0,42.88
0,42.84
0,42.82
0,42.84
0,42.78
0,42.76
0,42.8
0,42.78
0,42.76
0,42.77
0,42.8
0,42.82
0,42.82
0,42.84
0,42.81
0,42.78
0,42.78
0,42.81
0,42.79
0,42.84
0,42.82
0,42.79
0,42.82
0,42.8
0,42.8
0,42.8
0,42.8
0,42.79
0,42.75
0,42.8
0,42.74
0,42.78
0,42.8
0,42.84
0,42.86
0,42.86
0,42.82
0,42.84
0,42.8
0,42.77
0,42.71
0,42.7
0,42.72
0,42.77
0,42.77
0,42.78
0,42.72
0,42.72
0,42.7
0,42.71
0,42.62
0,42.62
0,42.58
0,42.6
0,42.59
0,42.56
0,42.6
0,42.56
0,42.56
0,42.57
0,42.58
0,42.58
0,42.61
0,42.63
0,42.66
0,42.67
0,42.65
0,42.62
0,42.62
0,42.63
0,42.63
0,42.64
0,42.68
0,42.7
0,42.68
0,42.68
0,42.7
0,42.72
0,42.7
0,42.72
0,42.69
0,42.71
0,42.69
0,42.7
0,42.64
0,42.66
0,42.64
0,42.63
0,42.57
0,42.54
0,42.54
0,42.54
0,42.52
0,42.52
0,42.52
0,42.51
0,42.53
0,42.5
0,42.44
0,42.5
0,42.51
0,42.51
0,42.51
0,42.48
0,42.44
0,42.41
0,42.4
0,42.44
0,42.45
0,42.4
0,42.36
0,42.38
0,42.32
0,42.31
0,42.28
0,42.32
0,42.35
0,42.37
0,42.34
0,42.38
0,42.38
0,42.4
0,42.42
0,42.42
0,42.41
0,42.43
0,42.44
0,42.46
0,42.48
0,42.48
0,42.48
0,42.5
0,42.52
0,42.49
0,42.5
0,42.5
0,42.52
0,42.51
0,42.5
0,42.52
0,42.54
0,42.54
0,42.53
0,42.54
0,42.56
0,42.56
0,42.54
0,42.52
0,42.48
0,42.5
0,42.5
0,42.51
0,42.52
0,42.48
0,42.49
0,42.49
0,42.46
0,42.46
0,42.47
0,42.49
0,42.46
0,42.48
0,42.48
0,42.46
0,42.46
0,42.45
0,42.44
0,42.42
0,42.4
0,42.42
0,42.42
0,42.39
0,42.39
0,42.39
0,42.41
0,42.45
0,42.46
0,42.46
0,42.5
0,42.52
0,42.52
0,42.54
0,42.54
0,42.53
0,42.54
0,42.52
0,42.52
0,42.54
0,42.54
0,42.56
0,42.58
0,42.58
0,42.62
0,42.6
0,42.59
0,42.59
0,42.58
0,42.59
0,42.6
0,42.62
0,42.62
0,42.68
0,42.7
0,42.69
0,42.68
0,42.67
0,42.65
0,42.66
0,42.65
0,42.65
0,42.65
0,42.65
0,42.66
0,42.68
0,42.68
0,42.68
0,42.68
0,42.7
0,42.7
0,42.66
0,42.64
0,42.64
0,42.64
0,42.68
0,42.69
0,42.7
0,42.7
0,42.7
0,42.72
0,42.72
0,42.7
0,42.69
0,42.68
0,42.64
0,42.66
0,42.66
0,42.66
0,42.68
0,42.69
0,42.7
0,42.66
0,42.64
0,42.68
0,42.69
0,42.68
0,42.7
0,42.7
0,42.7
0,42.7
0,42.72
0,42.72
0,42.7
0,42.68
0,42.67
0,42.68
0,42.69
0,42.7
0,42.69
0,42.72
0,42.74
0,42.74
0,42.74
0,42.74
0,42.72
0,42.7
0,42.7
0,42.7
0,42.74
0,42.74
0,42.74
0,42.7
0,42.71
0,42.7
0,42.7
0,42.71
0,42.72
0,42.75
0,42.78
0,42.79
0,42.77
0,42.76
0,42.78
0,42.74
0,42.73
0,42.75
0,42.79
0,42.77
0,42.78
0,42.79
0,42.79
0,42.8
0,42.78
0,42.82
0,42.8
0,42.76
0,42.72
0,42.75
0,42.76
0,42.8
0,42.82
0,42.82
0,42.84
0,42.84
0,42.85
0,42.84
0,42.79
0,42.8
0,42.82
0,42.84
0,42.88
0,42.85
0,42.84
0,42.88
0,42.88
0,42.86
0,42.87
0,42.92
0,42.88
0,42.87
0,42.88
0,42.88
0,42.84
0,42.86
0,42.86
0,42.88
0,42.86
0,42.86
0,42.86
0,42.82
0,42.83
0,42.84
0,42.84
0,42.8
0,42.78
0,42.8
0,42.78
0,42.76
0,42.77
0,42.78
0,42.8
0,42.81
0,42.82
0,42.81
0,42.8
0,42.81
0,42.67
0,42.72
0,42.67
0,42.74
0,42.64
0,42.6
0,42.6
0,42.56
0,42.55
0,42.53
0,42.52
0,42.56
0,42.55
0,42.61
0,42.56
0,42.64
0,42.63
0,42.71
0,42.72
0,42.71
0,42.74
0,42.72
0,42.68
0,42.66
0,42.62
0,42.66
0,42.68
0,42.7
0,42.67
0,42.64
0,42.59
0,42.62
0,42.6
0,42.59
0,42.6
0,42.62
0,42.6
0,42.56
0,42.53
0,42.52
0,42.48
0,42.47
0,42.42
0,42.46
0,42.39
0,42.38
0,42.35
0,42.34
0,42.34
0,42.42
0,42.45
0,42.42
0,42.44
0,42.44
0,42.43
0,42.46
0,42.46
0,42.51
0,42.54
0,42.56
0,42.6
0,42.6
0,42.58
0,42.58
0,42.6
0,42.6
0,42.57
0,42.6
0,42.58
0,42.58
0,42.57
0,42.58
0,42.58
0,42.56
0,42.57
0,42.56
0,42.6
0,42.56
0,42.56
0,42.56
0,42.56
0,42.48
0,42.48
0,42.46
0,42.46
0,42.46
0,42.48
0,42.44
0,42.39
0,42.42
0,42.39
0,42.38
0,42.38
0,42.42
0,42.42
0,42.39
0,42.39
0,42.42
0,42.46
0,42.47
0,42.46
0,42.45
0,42.42
0,42.4
0,42.4
0,42.46
0,42.45
0,42.44
0,42.46
0,42.44
0,42.46
0,42.44
0,42.44
0,42.47
0,42.44
0,42.44
0,42.44
0,42.46
0,42.5
0,42.52
0,42.51
0,42.51
0,42.5
0,42.48
0,42.5
0,42.5
0,42.5
0,42.5
0,42.52
0,42.52
0,42.52
0,42.5
0,42.5
0,42.48
0,42.48
0,42.52
0,42.55
0,42.54
0,42.52
0,42.5
0,42.55
0,42.56
0,42.58
0,42.6
0,42.58
0,42.6
0,42.57
0,42.59
0,42.58
0,42.59
0,42.58
0,42.57
0,42.58
0,42.54
0,42.55
0,42.54
0,42.54
0,42.59
0,42.58
0,42.59
0,42.6
0,42.59
0,42.6
0,42.62
0,42.62
0,42.62
0,42.6
0,42.6
0,42.62
0,42.62
0,42.6
0,42.6
0,42.62
0,42.59
0,42.58
0,42.6
0,42.6
0,42.58
0,42.57
0,42.54
0,42.53
0,42.51
0,42.5
0,42.52
0,42.53
0,42.52
0,42.55
0,42.53
0,42.54
0,42.56
0,42.56
0,42.54
0,42.54
0,42.54
0,42.54
0,42.51
0,42.54
0,42.55
0,42.54
0,42.52
0,42.55
0,42.54
0,42.56
0,42.58
0,42.6
0,42.59
0,42.61
0,42.6
0,42.58
0,42.57
0,42.54
0,42.54
0,42.54
0,42.55
0,42.54
0,42.58
0,42.56
0,42.56
0,42.56
0,42.57
0,42.56
0,42.58
0,42.6
0,42.6
0,42.57
0,42.62
0,42.62
0,42.64
0,42.64
0,42.65
0,42.64
0,42.66
0,42.62
0,42.64
0,42.64
0,42.62
0,42.66
0,42.63
0,42.63
0,42.66
0,42.66
0,42.67
0,42.66
0,42.67
0,42.63
0,42.63
0,42.63
0,42.62
0,42.62
0,42.62
0,42.6
0,42.6
0,42.62
0,42.64
0,42.66
0,42.66
0,42.67
0,42.66
0,42.66
0,42.65
0,42.66
0,42.62
0,42.62
0,42.6
0,42.62
0,42.63
0,42.66
0,42.66
0,42.68
0,42.64
0,42.63
0,42.64
0,42.64
0,42.64
0,42.62
0,42.62
0,42.62
0,42.58
0,42.6
0,42.6
0,42.6
0,42.6
0,42.57
0,42.56
0,42.57
0,42.56
0,42.56
0,42.56
0,42.52
0,42.53
0,42.58
0,42.58
0,42.58
0,42.58
0,42.58
0,42.58
0,42.58
0,42.58
0,42.58
0,42.59
0,42.58
0,42.56
0,42.55
0,42.55
0,42.57
0,42.56
0,42.53
0,42.52
0,42.51
0,42.5
0,42.52
0,42.5
0,42.49
0,42.5
0,42.5
0,42.49
0,42.49
0,42.52
0,42.5
0,42.49
0,42.48
0,42.46
0,42.44
0,42.45
0,42.44
0,42.41
0,42.42
0,42.44
0,42.46
0,42.44
0,42.44
0,42.44
0,42.46
0,42.46
0,42.46
0,42.48
0,42.5
0,42.5
0,42.5
0,42.46
0,42.47
0,42.46
0,42.46
0,42.43
0,42.42
0,42.45
0,42.44
0,42.42
0,42.4
0,42.39
0,42.38
0,42.38
0,42.39
0,42.4
0,42.4
0,42.39
0,42.38
0,42.39
0,42.39
0,42.37
0,42.34
0,42.33
0,42.32
0,42.32
0,42.3
0,42.29
0,42.3
0,42.31
0,42.32
0,42.31
0,42.29
0,42.26
0,42.24
0,42.18
0,42.15
0,42.14
0,42.21
0,42.14
0,42.26
0,42.22
0,42.26
0,42.28
0,42.36
0,42.42
0,42.4
0,42.47
0,42.48
0,42.5
0,42.41
0,42.4
0,42.42
0,42.39
0,42.42
0,42.37
0,42.34
0,42.32
0,42.27
0,42.3
0,42.29
0,42.2
0,42.2
0,42.26
0,42.24
0,42.24
0,42.27
0,42.22
0,42.22
0,42.25
0,42.28
0,42.3
0,42.32
0,42.31
0,42.34
0,42.34
0,42.34
0,42.39
0,42.37
0,42.36
0,42.33
0,42.34
0,42.32
0,42.33
0,42.27
0,42.32
0,42.31
0,42.3
0,42.28
0,42.29
0,42.27
0,42.26
0,42.28
0,42.28
0,42.27
0,42.3
0,42.34
0,42.33
0,42.29
0,42.3
0,42.31
0,42.25
0,42.32
0,42.34
0,42.33
0,42.32
0,42.34
0,42.34
0,42.36
0,42.36
0,42.32
0,42.28
0,42.3
0,42.32
0,42.3
0,42.3
0,42.24
0,42.24
0,42.26
0,42.24
0,42.24
0,42.21
0,42.23
0,42.26
0,42.3
0,42.36
0,42.36
0,42.35
0,42.37
0,42.36
0,42.36
0,42.36
0,42.42
0,42.4
0,42.41
0,42.41
0,42.44
0,42.46
0,42.46
0,42.48
0,42.48
0,42.48
0,42.5
0,42.5
0,42.5
0,42.44
0,42.46
0,42.48
0,42.5
0,42.48
0,42.49
0,42.5
0,42.46
0,42.48
0,42.44
0,42.46
0,42.46
0,42.48
0,42.49
0,42.5
0,42.48
0,42.46
0,42.46
0,42.47
0,42.46
0,42.49
0,42.51
0,42.52
0,42.58
0,42.56
0,42.57
0,42.6
0,42.64
0,42.64
0,42.61
0,42.56
0,42.57
0,42.56
0,42.58
0,42.56
0,42.57
0,42.56
0,42.54
0,42.56
0,42.56
0,42.56
0,42.56
0,42.54
0,42.56
0,42.57
0,42.58
0,42.59
0,42.58
0,42.58
0,42.58
0,42.58
0,42.58
0,42.58
0,42.6
0,42.6
0,42.62
0,42.6
0,42.61
0,42.59
0,42.56
0,42.54
0,42.54
0,42.55
0,42.56
0,42.54
0,42.56
0,42.56
0,42.54
0,42.56
0,42.56
0,42.52
0,42.5
0,42.5
0,42.53
0,42.48
0,42.5
0,42.5
0,42.52
0,42.52
0,42.5
0,42.51
0,42.5
0,42.49
0,42.5
0,42.52
0,42.52
0,42.52
0,42.5
0,42.5
0,42.51
0,42.5
0,42.5
0,42.48
0,42.5
0,42.48
0,42.46
0,42.46
0,42.45
0,42.48
0,42.48
0,42.48
0,42.5
0,42.48
0,42.5
0,42.5
0,42.52
0,42.52
0,42.51
0,42.5
0,42.5
0,42.48
0,42.45
0,42.45
0,42.46
0,42.46
0,42.45
0,42.44
0,42.44
0,42.44
0,42.43
0,42.43
0,42.44
0,42.43
0,42.43
0,42.44
0,42.46
0,42.49
0,42.48
0,42.49
0,42.52
0,42.5
0,42.5
0,42.5
0,42.5
0,42.5
0,42.5
0,42.52
0,42.54
0,42.54
0,42.54
0,42.54
0,42.52
0,42.51
0,42.51
0,42.5
0,42.52
0,42.52
0,42.52
0,42.54
0,42.53
0,42.56
0,42.58
0,42.56
0,42.6
0,42.62
0,42.6
0,42.62
0,42.66
0,42.63
0,42.73
0,42.85
0,42.86
0,42.82
0,42.84
0,42.78
0,42.83
0,42.79
0,42.84
0,42.88
0,42.91
0,42.94
0,42.94
0,42.9
0,42.94
0,42.91
0,42.89
0,42.95
0,43
0,43.04
0,43.05
0,43.04
0,43
0,43
0,42.96
0,42.92
0,42.92
0,42.92
0,42.92
0,42.89
0,42.85
0,42.9
0,42.9
0,42.88
0,42.86
0,42.9
0,42.9
0,42.89
0,42.88
0,42.88
0,42.87
0,42.89
0,42.92
0,42.91
0,42.97
0,42.96
0,42.98
0,42.96
0,42.92
0,42.94
0,42.98
0,43.01
0,43.02
0,43.02
0,43.06
0,43.05
0,43.08
0,43.09
0,43.06
0,43.04
0,43.04
0,43
0,42.98
0,42.94
0,42.97
0,42.98
0,42.99
0,42.93
0,42.89
0,42.9
0,42.91
0,42.92
0,42.96
0,42.98
0,42.96
0,42.93
0,42.92
0,42.96
0,42.96
0,42.94
0,42.93
0,42.88
0,42.88
0,42.88
0,42.86
0,42.9
0,42.88
0,42.86
0,42.84
0,42.88
0,42.84
0,42.81
0,42.79
0,42.82
0,42.83
0,42.82
0,42.83
0,42.8
0,42.78
0,42.74
0,42.78
0,42.8
0,42.8
0,42.85
0,42.84
0,42.84
0,42.86
0,42.84
0,42.81
0,42.78
0,42.72
0,42.73
0,42.74
0,42.83
0,42.81
0,42.78
0,42.82
0,42.46
0,42.42
0,42.48
0,42.68
0,42.6
0,42.63
0,42.62
0,42.57
0,42.58
0,42.61
0,42.64
0,42.6
0,42.52
0,42.46
0,42.47
0,42.43
0,42.44
0,42.43
0,42.54
0,42.53
0,42.58
0,42.58
0,42.63
0,42.62
0,42.58
0,42.56
0,42.53
0,42.53
0,42.56
0,42.5
0,42.47
0,42.54
0,42.52
0,42.46
0,42.5
0,42.5
0,42.54
0,42.54
0,42.51
0,42.45
0,42.42
0,42.42
0,42.38
0,42.4
0,42.42
0,42.43
0,42.44
0,42.42
0,42.46
0,42.52
0,42.56
0,42.54
0,42.53
0,42.5
0,42.56
0,42.55
0,42.61
0,42.6
0,42.64
0,42.62
0,42.65
0,42.68
0,42.72
0,42.75
0,42.71
0,42.71
0,42.72
0,42.71
0,42.67
0,42.68
0,42.71
0,42.7
0,42.7
0,42.7
0,42.72
0,42.73
0,42.71
0,42.7
0,42.68
0,42.64
0,42.61
0,42.74
0,42.72
0,42.78
0,42.84
0,42.81
0,42.84
0,42.87
0,42.87
0,42.82
0,42.88
0,42.93
0,42.96
0,43
0,43.02
0,43
0,42.99
0,42.92
0,42.93
0,42.9
0,42.92
0,42.9
0,42.87
0,42.89
0,42.89
0,42.86
0,42.82
0,42.78
0,42.75
0,42.71
0,42.74
0,42.76
0,42.75
0,42.75
0,42.78
0,42.82
0,42.8
0,42.82
0,42.84
0,42.85
0,42.84
0,42.87
0,42.84
0,42.82
0,42.86
0,42.82
0,42.8
0,42.81
0,42.84
0,42.86
0,42.85
0,42.84
0,42.86
0,42.86
0,42.84
0,42.86
0,42.86
0,42.89
0,42.92
0,42.93
0,42.92
0,42.89
0,42.88
0,42.88
0,42.91
0,42.92
0,42.9
0,42.91
0,42.93
0,42.92
0,42.92
0,42.9
0,42.93
0,42.91
0,42.88
0,42.89
0,42.84
0,42.88
0,42.86
0,42.89
0,42.9
0,42.88
0,42.86
0,42.87
0,42.86
0,42.84
0,42.83
0,42.84
0,42.8
0,42.8
0,42.82
0,42.78
0,42.78
0,42.78
0,42.8
0,42.78
0,42.76
0,42.75
0,42.75
0,42.76
0,42.77
0,42.78
0,42.79
0,42.8
0,42.8
0,42.82
0,42.82
0,42.84
0,42.85
0,42.86
0,42.86
0,42.88
0,42.84
0,42.84
0,42.82
0,42.76
0,42.78
0,42.77
0,42.8
0,42.78
0,42.77
0,42.8
0,42.77
0,42.78
0,42.78
0,42.78
0,42.76
0,42.77
0,42.79
0,42.78
0,42.78
0,42.75
0,42.8
0,42.82
0,42.81
0,42.8
0,42.83
0,42.84
0,42.86
0,42.88
0,42.89
0,42.89
0,42.9
0,42.87
0,42.89
0,42.88
0,42.91
0,42.88
0,42.86
0,42.88
0,42.86
0,42.86
0,42.86
0,42.86
0,42.86
0,42.86
0,42.87
0,42.88
0,42.85
0,42.86
0,42.86
0,42.84
0,42.84
0,42.86
0,42.86
0,42.86
0,42.86
0,42.9
0,42.92
0,42.9
0,42.9
0,42.91
0,42.94
0,42.93
0,42.92
0,42.91
0,42.93
0,42.92
0,42.92
0,42.92
0,42.96
0,42.94
0,42.96
0,42.95
0,42.97
0,42.96
0,42.97
0,42.98
0,43
0,42.98
0,42.97
0,43
0,43.01
0,43.02
0,43.03
0,43.03
0,43.04
0,43.04
0,43.03
0,43.04
0,43.06
0,43.01
0,43.02
0,43.03
0,43.02
0,43.04
0,43.02
0,43
0,43
0,42.98
0,43
0,43.04
0,43.06
0,43.06
0,43.06
0,43.07
0,43.08
0,43.06
0,43.04
0,43.1
0,43.08
0,43.11
0,43.04
0,43.02
0,43.05
0,43.08
0,43.08
0,43.11
0,43.09
0,43.09
0,43.09
0,43.1
0,43.1
0,43.1
0,43.14
0,43.15
0,43.14
0,43.14
0,43.16
0,43.16
0,43.18
0,43.18
0,43.18
0,43.19
0,43.18
0,43.18
0,43.2
0,43.13
0,43.13
0,43.15
0,43.14
0,43.12
0,43.14
0,43.14
0,43.14
0,43.12
0,43.11
0,43.09
0,43.08
0,43.06
0,43.04
0,43.04
0,43.04
0,43.04
0,43.06
0,43.01
0,42.98
0,43
0,42.98
0,42.98
0,42.98
0,42.98
0,42.99
0,43.02
0,43
0,43
0,43.01
0,43.02
0,43.04
0,43.05
0,43.05
0,43.06
0,43.08
0,43.05
0,43.08
0,43.08
0,43.09
0,43.11
0,43.1
0,43.09
0,43.08
0,43.11
0,43.12
0,43.12
0,43.1
0,43.11
0,43.12
0,43.14
0,43.16
0,43.2
0,43.24
0,43.28
0,43.3
0,43.32
0,43.3
0,43.28
0,58.81
0,58.88
0,58.84
0,58.91
0,58.94
0,58.7
0,58.64
0,58.39
0,58.2
0,57.6
0,57.98
0,58.04
0,58.2
0,58.1
0,57.97
0,57.88
0,58.15
0,57.96
0,58.14
0,57.98
0,57.82
0,57.9
0,57.8
0,57.72
0,57.6
0,57.82
0,57.86
0,58.02
0,57.84
0,57.86
0,57.86
0,57.81
0,57.92
0,57.95
0,57.91
0,58.11
0,58.24
0,58.2
0,58.2
0,58.3
0,58.44
0,58.37
0,58.38
0,58.43
0,58.3
0,58.33
0,58.39
0,58.32
0,58.42
0,58.37
0,58.38
0,58.24
0,58.3
0,58.42
0,58.36
0,58.43
0,58.51
0,58.38
0,58.32
0,58.25
0,58.2
0,58.22
0,58.17
0,58.26
0,58.2
0,58.19
0,58.24
0,58.12
0,58.18
0,58.13
0,58.26
0,58.3
0,58.31
0,58.29
0,58.36
0,58.4
0,58.3
0,58.32
0,58.4
0,58.44
0,58.34
0,58.34
0,58.43
0,58.52
0,58.44
0,58.43
0,58.44
0,58.48
0,58.47
0,58.52
0,58.49
0,58.42
0,58.42
0,58.41
0,58.46
0,58.56
0,58.62
0,58.72
0,58.69
0,58.73
0,58.74
0,58.68
0,58.7
0,58.82
0,58.82
0,58.8
0,58.76
0,58.7
0,58.68
0,58.7
0,58.82
0,58.81
0,58.77
0,58.72
0,58.68
0,58.7
0,58.7
0,58.68
0,58.54
0,58.48
0,58.55
0,58.6
0,58.57
0,58.64
0,58.63
0,58.72
0,58.68
0,58.67
0,58.64
0,58.59
0,58.61
0,58.66
0,58.78
0,58.85
0,58.94
0,58.92
0,58.88
0,58.82
0,58.8
0,58.82
0,58.88
0,58.75
0,58.68
0,58.8
0,58.78
0,58.72
0,58.71
0,58.76
0,58.74
0,58.59
0,58.6
0,58.58
0,58.53
0,58.58
0,58.53
0,58.49
0,58.53
0,58.46
0,58.58
0,58.6
0,58.68
0,58.68
0,58.6
0,58.69
0,58.76
0,58.75
0,58.68
0,58.6
0,58.61
0,58.62
0,58.6
0,58.62
0,58.56
0,58.5
0,58.51
0,58.56
0,58.52
0,58.53
0,58.54
0,58.53
0,58.54
0,58.57
0,58.55
0,58.52
0,58.66
0,58.61
0,58.62
0,58.79
0,58.8
0,58.86
0,58.86
0,58.8
0,58.88
0,58.84
0,58.84
0,58.86
0,58.96
0,58.98
0,58.94
0,58.9
0,58.89
0,58.9
0,58.94
0,58.97
0,58.92
0,58.96
0,58.89
0,58.97
0,59.02
0,59.06
0,59.12
0,59.16
0,59.22
0,59.22
0,59.16
0,59.17
0,59.28
0,59.36
0,59.34
0,59.31
0,59.31
0,59.22
0,59.25
0,59.25
0,59.25
0,59.23
0,59.22
0,59.22
0,59.18
0,59.16
0,59.21
0,59.24
0,59.2
0,59.26
0,59.28
0,59.26
0,59.22
0,59.29
0,59.38
0,59.36
0,59.34
0,59.38
0,59.41
0,59.46
0,59.48
0,59.44
0,59.32
0,59.33
0,59.26
0,59.34
0,59.37
0,59.24
0,59.32
0,59.32
0,59.36
0,59.36
0,59.37
0,59.36
0,59.39
0,59.42
0,59.39
0,59.36
0,59.37
0,59.45
0,59.46
0,59.42
0,59.48
0,59.46
0,59.48
0,59.45
0,59.48
0,59.41
0,59.34
0,59.4
0,59.45
0,59.44
0,59.38
0,59.38
0,59.24
0,59.22
0,59.24
0,59.13
0,59.14
0,59.11
0,59.08
0,59.12
0,59.11
0,59.16
0,59.2
0,59.18
0,59.14
0,59.2
0,59.18
0,59.24
0,59.28
0,59.3
0,59.25
0,59.23
0,59.22
0,59.15
0,59.11
0,59.2
0,59.24
0,59.26
0,59.25
0,59.18
0,59.18
0,59.16
0,59.16
0,59.14
0,59.16
0,59.12
0,59.06
0,59.05
0,59.08
0,59.1
0,59.06
0,59.1
0,59.1
0,59.12
0,59.13
0,59.16
0,59.1
0,59.08
0,59.11
0,59.11
0,59.1
0,59.09
0,59.08
0,59.05
0,58.98
0,58.91
0,59.02
0,59.03
0,59
0,58.92
0,58.96
0,59
0,58.97
0,58.82
0,58.84
0,58.84
0,58.8
0,58.88
0,58.93
0,58.94
0,58.84
0,58.77
0,58.81
0,58.78
0,58.72
0,58.74
0,58.73
0,58.73
0,58.74
0,58.78
0,58.77
0,58.85
0,58.75
0,58.72
0,58.74
0,58.64
0,58.65
0,58.69
0,58.68
0,58.66
0,58.66
0,58.68
0,58.77
0,58.77
0,58.68
0,58.72
0,58.76
0,58.78
0,58.8
0,58.76
0,58.79
0,58.81
0,58.8
0,58.8
0,58.8
0,58.86
0,58.89
0,58.92
0,58.92
0,58.94
0,59
0,58.98
0,58.93
0,58.93
0,59
0,58.48
0,58.47
0,58.42
0,58.42
0,58.5
0,58.34
0,58.45
0,58.36
0,58.4
0,58.43
0,58.26
0,58.38
0,58.58
0,58.61
0,58.56
0,58.53
0,58.35
0,58.35
0,58.23
0,58.18
0,58.12
0,58.06
0,58.07
0,58.03
0,57.96
0,57.96
0,57.92
0,58.02
0,57.86
0,57.93
0,57.92
0,57.84
0,57.94
0,57.8
0,57.79
0,57.72
0,57.61
0,57.58
0,57.64
0,57.56
0,57.53
0,57.54
0,57.4
0,57.28
0,57.24
0,57.34
0,57.32
0,57.18
0,57.19
0,57.24
0,57.32
0,57.38
0,57.5
0,57.58
0,57.62
0,57.61
0,57.55
0,57.79
0,57.57
0,57.64
0,57.66
0,57.52
0,57.44
0,57.45
0,57.58
0,57.41
0,57.44
0,57.5
0,57.44
0,57.28
0,57.34
0,57.38
0,57.53
0,57.6
0,57.48
0,57.52
0,57.52
0,57.58
0,57.62
0,57.56
0,57.56
0,57.66
0,57.7
0,57.67
0,57.59
0,57.54
0,57.6
0,57.7
0,57.7
0,57.61
0,57.84
0,57.96
0,58
0,58.02
0,58.06
0,58.01
0,57.89
0,57.94
0,57.92
0,57.88
0,57.85
0,57.96
0,58.19
0,58.15
0,58.16
0,58.22
0,58.27
0,58.32
0,58.34
0,58.29
0,58.25
0,58.45
0,58.34
0,58.42
0,58.34
0,58.3
0,58.22
0,58.22
0,58.23
0,58.18
0,58.14
0,58.13
0,58.12
0,58
0,58.14
0,58.13
0,58.18
0,58.26
0,58.29
0,58.34
0,58.42
0,58.39
0,58.46
0,58.52
0,58.62
0,58.58
0,58.52
0,58.57
0,58.64
0,58.58
0,58.54
0,58.6
0,58.54
0,58.52
0,58.47
0,58.48
0,58.54
0,58.42
0,58.39
0,58.44
0,58.5
0,58.45
0,58.52
0,58.52
0,58.52
0,58.6
0,58.5
0,58.48
0,58.46
0,58.46
0,58.42
0,58.42
0,58.46
0,58.48
0,58.44
0,58.46
0,58.42
0,58.32
0,58.28
0,58.25
0,58.37
0,58.28
0,58.32
0,58.42
0,58.44
0,58.46
0,58.34
0,58.31
0,58.36
0,58.44
0,58.37
0,58.48
0,58.44
0,58.4
0,58.45
0,58.5
0,58.48
0,58.38
0,58.36
0,58.28
0,58.32
0,58.34
0,58.38
0,58.37
0,58.36
0,58.36
0,58.36
0,58.41
0,58.48
0,58.5
0,58.49
0,58.48
0,58.53
0,58.52
0,58.46
0,58.52
0,58.49
0,58.44
0,58.5
0,58.42
0,58.42
0,58.4
0,58.44
0,58.41
0,58.32
0,58.32
0,58.38
0,58.18
0,58.17
0,58.18
0,58.24
0,58.16
0,58.17
0,58.16
0,58.16
0,58.16
0,57.92
0,57.88
0,57.86
0,57.88
0,57.86
0,57.88
0,57.97
0,57.97
0,58
0,57.94
0,58
0,57.98
0,58
0,57.98
0,58.02
0,58.06
0,58.07
0,58.03
0,58.04
0,58.07
0,57.96
0,58.02
0,58.07
0,58.06
0,58.11
0,58.1
0,58.1
0,58.14
0,58.16
0,58.17
0,58.12
0,58.1
0,58.1
0,58.06
0,58.07
0,58.06
0,58.07
0,57.96
0,57.94
0,57.98
0,57.98
0,57.92
0,57.91
0,57.82
0,57.9
0,57.87
0,57.92
0,57.92
0,57.9
0,57.9
0,57.98
0,58
0,58.02
0,58.04
0,58.04
0,58.12
0,58.14
0,58.12
0,58.11
0,58.06
0,58.09
0,58.02
0,58.06
0,58.08
0,58.14
0,58.12
0,58.12
0,58.14
0,58.09
0,58.09
0,58.05
0,58.01
0,58.06
0,58.12
0,58.25
0,58.26
0,58.19
0,58.12
0,58.13
0,58.14
0,58.08
0,58.08
0,58.08
0,58.11
0,58.06
0,58.08
0,58.03
0,58.02
0,58.02
0,57.94
0,57.98
0,57.94
0,57.94
0,57.86
0,57.9
0,58
0,57.9
0,57.94
0,57.9
0,57.88
0,57.82
0,57.82
0,57.74
0,57.85
0,57.85
0,57.78
0,57.84
0,57.77
0,57.78
0,57.8
0,57.8
0,57.82
0,57.77
0,57.84
0,57.76
0,57.75
0,57.8
0,57.78
0,57.7
0,57.68
0,57.78
0,57.78
0,57.78
0,57.88
0,57.88
0,57.92
0,57.86
0,57.94
0,57.83
0,57.8
0,57.82
0,57.78
0,57.82
0,57.87
0,57.82
0,57.86
0,57.93
0,58.05
0,57.99
0,57.98
0,57.92
0,57.87
0,57.84
0,57.84
0,57.76
0,57.76
0,57.77
0,57.84
0,57.82
0,57.77
0,57.84
0,57.84
0,57.78
0,57.76
0,57.76
0,57.79
0,57.8
0,57.74
0,57.74
0,57.8
0,57.75
0,57.68
0,57.75
0,57.76
0,58.68
0,58.72
0,58.36
0,58.56
0,58.11
0,58.5
0,58.48
0,58.47
0,58.62
0,58.66
0,58.72
0,58.71
0,58.63
0,58.65
0,58.75
0,58.78
0,58.91
0,58.9
0,58.97
0,58.92
0,58.98
0,58.96
0,59.01
0,59.04
0,59
0,58.92
0,59.03
0,59.02
0,59.04
0,59.04
0,59.12
0,59.2
0,59.25
0,59.17
0,59.14
0,59.14
0,59.08
0,59.04
0,58.94
0,59.06
0,59.08
0,59.05
0,59.02
0,58.92
0,58.86
0,58.72
0,58.86
0,58.76
0,58.75
0,58.79
0,58.73
0,58.82
0,58.91
0,59.13
0,59.2
0,59.18
0,59.15
0,59.18
0,59.28
0,59.34
0,59.42
0,59.46
0,59.3
0,59.46
0,59.47
0,59.23
0,59.36
0,59.34
0,59.34
0,59.4
0,59.32
0,59.27
0,59.26
0,59.27
0,59.24
0,59.22
0,59.26
0,59.27
0,59.44
0,59.37
0,59.33
0,59.24
0,59.33
0,59.3
0,59.28
0,59.22
0,59.2
0,59.12
0,59.24
0,59.22
0,59.2
0,59.18
0,59.18
0,59.25
0,59.3
0,59.33
0,59.3
0,59.22
0,59.2
0,59.24
0,59.21
0,59.24
0,59.16
0,59.18
0,59.21
0,59.16
0,59.08
0,59.08
0,59.08
0,59.18
0,59.21
0,59.25
0,59.25
0,59.28
0,59.34
0,59.24
0,59.22
0,59.15
0,59.18
0,59.14
0,59.18
0,59.09
0,59.08
0,59.14
0,59.19
0,59.16
0,59.09
0,59.12
0,59.11
0,59.08
0,59.11
0,59.11
0,59.09
0,59.14
0,59.16
0,59.14
0,59.19
0,59.16
0,59.14
0,59.2
0,59.18
0,59.19
0,59.25
0,59.33
0,59.39
0,59.4
0,59.36
0,59.4
0,59.44
0,59.45
0,59.43
0,59.42
0,59.36
0,59.27
0,59.22
0,59.25
0,59.16
0,59.25
0,59.22
0,59.26
0,59.3
0,59.37
0,59.44
0,59.42
0,59.42
0,59.44
0,59.5
0,59.55
0,59.6
0,59.64
0,59.64
0,59.6
0,59.61
0,59.68
0,59.69
0,59.66
0,59.64
0,59.64
0,59.68
0,59.66
0,59.63
0,59.58
0,59.5
0,59.59
0,59.56
0,59.56
0,59.58
0,59.56
0,59.55
0,59.58
0,59.6
0,59.67
0,59.66
0,59.61
0,59.63
0,59.67
0,59.6
0,59.63
0,59.67
0,59.68
0,59.69
0,59.68
0,59.64
0,59.6
0,59.56
0,59.56
0,59.57
0,59.58
0,59.54
0,59.5
0,59.52
0,59.56
0,59.64
0,59.72
0,59.79
0,59.84
0,59.82
0,59.87
0,59.96
0,59.94
0,59.97
0,59.94
0,59.82
0,59.85
0,59.86
0,59.88
0,59.85
0,59.82
0,59.82
0,59.78
0,59.8
0,59.83
0,59.8
0,59.79
0,59.77
0,59.73
0,59.73
0,59.75
0,59.86
0,59.93
0,60
0,60.03
0,60.04
0,60.1
0,60.03
0,60
0,59.92
0,59.96
0,59.92
0,59.96
0,59.87
0,59.82
0,59.8
0,59.78
0,59.76
0,59.7
0,59.69
0,59.7
0,59.73
0,59.72
0,59.75
0,59.78
0,59.76
0,59.74
0,59.72
0,59.72
0,59.68
0,59.67
0,59.57
0,59.56
0,59.58
0,59.56
0,59.74
0,59.7
0,59.72
0,59.72
0,59.75
0,59.84
0,59.76
0,59.8
0,59.88
0,59.9
0,59.91
0,59.97
0,59.96
0,59.98
0,59.98
0,60.02
0,60.03
0,60.04
0,59.99
0,59.96
0,59.98
0,59.99
0,60.06
0,60.07
0,60.02
0,60.04
0,60.02
0,60.06
0,60.08
0,60.09
0,60.07
0,60.08
0,60.06
0,60.07
0,60.1
0,60.09
0,60.04
0,60.01
0,60.02
0,60.02
0,60.02
0,59.97
0,59.97
0,59.92
0,59.85
0,59.72
0,59.69
0,59.74
0,59.7
0,59.72
0,59.7
0,59.74
0,59.68
0,59.66
0,59.69
0,59.64
0,59.66
0,59.65
0,59.61
0,59.74
0,59.68
0,59.7
0,59.71
0,59.76
0,59.77
0,59.83
0,59.8
0,59.82
0,59.76
0,59.78
0,59.8
0,59.75
0,59.76
0,59.81
0,59.78
0,59.78
0,59.75
0,59.73
0,59.74
0,59.68
0,59.61
0,59.58
0,59.63
0,59.53
0,59.56
0,59.56
0,59.54
0,59.5
0,59.51
0,59.56
0,59.6
0,59.58
0,59.6
0,59.6
0,59.56
0,59.58
0,59.56
0,59.54
0,59.54
0,59.5
0,59.52
0,59.53
0,59.52
0,59.5
0,59.54
0,59.55
0,59.54
0,59.58
0,59.53
0,59.52
0,59.52
0,59.51
0,59.58
0,59.48
0,59.48
0,59.48
0,59.41
0,59.34
0,59.42
0,59.5
0,59.56
0,59.58
0,59.58
0,59.45
0,59.6
0,59.82
0,59.84
0,59.8
0,59.96
0,60.06
0,60.21
0,60.16
0,60.21
0,60.37
0,60.38
0,60.69
0,60.9
0,60.84
0,60.85
0,60.61
0,60.6
0,60.67
0,60.7
0,60.75
0,60.81
0,60.8
0,60.78
0,60.86
0,60.73
0,60.64
0,60.64
0,60.65
0,60.74
0,60.54
0,60.56
0,60.44
0,60.52
0,60.52
0,60.41
0,60.31
0,60.33
0,60.4
0,60.5
0,60.52
0,60.49
0,60.52
0,60.6
0,60.53
0,60.64
0,60.59
0,60.66
0,60.58
0,60.58
0,60.67
0,60.83
0,60.78
0,60.89
0,60.86
0,60.82
0,60.86
0,60.94
0,60.98
0,60.94
0,61.04
0,61.02
0,60.83
0,60.92
0,60.94
0,60.86
0,60.81
0,60.84
0,60.96
0,60.94
0,60.84
0,60.94
0,60.87
0,60.95
0,60.93
0,61.01
0,61.03
0,60.94
0,60.97
0,60.97
0,61.02
0,60.87
0,60.92
0,60.93
0,60.98
0,60.95
0,61.02
0,60.97
0,60.95
0,60.88
0,60.92
0,60.96
0,61.03
0,61.02
0,61.08
0,61.09
0,61.16
0,61.04
0,60.94
0,60.92
0,60.9
0,60.87
0,60.83
0,60.82
0,60.73
0,60.76
0,60.73
0,60.78
0,60.86
0,60.9
0,60.92
0,60.96
0,60.98
0,60.96
0,60.98
0,60.95
0,60.9
0,60.84
0,60.85
0,60.79
0,60.82
0,60.86
0,60.78
0,60.84
0,60.78
0,60.72
0,60.74
0,60.76
0,60.8
0,60.94
0,60.97
0,61.08
0,61.09
0,61.02
0,60.98
0,60.91
0,60.98
0,61.03
0,61.09
0,61
0,61.06
0,61.06
0,61.14
0,61.1
0,61.14
0,61.15
0,61.14
0,61.16
0,61.2
0,61.1
0,61.08
0,61.09
0,61.08
0,61.09
0,61.03
0,60.98
0,61
0,61.01
0,61.01
0,61.03
0,61.06
0,61.08
0,61.08
0,61.08
0,61.06
0,61.06
0,61.08
0,61.12
0,61.12
0,61.15
0,61.2
0,61.19
0,61.22
0,61.24
0,61.26
0,61.26
0,61.16
0,61.23
0,61.24
0,61.24
0,61.25
0,61.26
0,61.27
0,61.24
0,61.24
0,61.24
0,61.19
0,61.16
0,61.2
0,61.17
0,61.16
0,61.16
0,61.18
0,61.22
0,61.29
0,61.25
0,61.18
0,61.15
0,61.16
0,61.16
0,61.19
0,61.22
0,61.3
0,61.28
0,61.27
0,61.26
0,61.26
0,61.28
0,61.29
0,61.28
0,61.35
0,61.35
0,61.29
0,61.32
0,61.37
0,61.44
0,61.37
0,61.4
0,61.41
0,61.41
0,61.42
0,61.39
0,61.4
0,61.4
0,61.42
0,61.48
0,61.44
0,61.42
0,61.32
0,61.28
0,61.31
0,61.32
0,61.32
0,61.38
0,61.29
0,61.31
0,61.24
0,61.28
0,61.42
0,61.44
0,61.47
0,61.46
0,61.47
0,61.46
0,61.48
0,61.52
0,61.5
0,61.45
0,61.51
0,61.52
0,61.54
0,61.48
0,61.43
0,61.36
0,61.39
0,61.36
0,61.33
0,61.34
0,61.37
0,61.39
0,61.4
0,61.41
0,61.42
0,61.44
0,61.44
0,61.42
0,61.48
0,61.45
0,61.5
0,61.48
0,61.51
0,61.48
0,61.49
0,61.48
0,61.35
0,61.36
0,61.3
0,61.33
0,61.34
0,61.38
0,61.36
0,61.39
0,61.36
0,61.33
0,61.28
0,61.31
0,61.24
0,61.24
0,61.24
0,61.24
0,61.16
0,61.18
0,61.2
0,61.2
0,61.14
0,61.17
0,61.15
0,61.2
0,61.2
0,61.19
0,61.18
0,61.2
0,61.17
0,61.16
0,61.2
0,61.17
0,61.12
0,61.16
0,61.16
0,61.21
0,61.19
0,61.15
0,61.2
0,61.27
0,61.26
0,61.27
0,61.3
0,61.24
0,61.16
0,61.18
0,61.16
0,61.19
0,61.22
0,61.21
0,61.22
0,61.24
0,61.3
0,61.29
0,61.35
0,61.38
0,61.39
0,61.38
0,61.36
0,61.35
0,61.34
0,61.35
0,61.37
0,61.38
0,61.36
0,61.39
0,61.43
0,61.39
0,61.4
0,61.39
0,61.42
0,61.44
0,61.48
0,61.46
0,61.45
0,61.51
0,61.48
0,61.53
0,61.48
0,61.47
0,61.53
0,61.53
0,61.46
0,61.41
0,61.44
0,61.47
0,61.5
0,61.51
0,61.52
0,61.58
0,61.5
0,61.46
0,61.46
0,61.43
0,61.39
0,61.44
0,61.44
0,61.51
0,61.48
0,61.48
0,61.46
0,61.46
0,61.38
0,61.37
0,61.38
0,61.33
0,61.29
0,61.3
0,61.27
0,61.28
0,61.25
0,61.72
0,61.84
0,61.6
0,62.15
0,62.14
0,62.2
0,62.28
0,62.28
0,62.36
0,62.43
0,62.2
0,62.22
0,62.15
0,62.25
0,62.25
0,62.37
0,62.22
0,62.28
0,62.1
0,62.08
0,62.11
0,62.11
0,61.92
0,62.05
0,62.06
0,62.04
0,62.16
0,62.06
0,62.11
0,62.14
0,62.22
0,62.14
0,62.09
0,62.16
0,62.12
0,62.13
0,62.14
0,62.2
0,62.17
0,62.1
0,62.09
0,62.13
0,62.16
0,62.1
0,62.03
0,61.84
0,61.94
0,61.86
0,61.76
0,61.74
0,61.62
0,61.72
0,61.78
0,61.76
0,61.74
0,61.76
0,61.82
0,61.83
0,61.83
0,61.76
0,61.78
0,61.68
0,61.56
0,61.5
0,61.5
0,61.41
0,61.37
0,61.3
0,61.28
0,61.35
0,61.42
0,61.39
0,61.33
0,61.4
0,61.42
0,61.29
0,61.15
0,61.17
0,61.14
0,61.14
0,61.22
0,61.08
0,61.16
0,61.12
0,61.07
0,61.1
0,61.14
0,61.16
0,61.2
0,61.25
0,61.29
0,61.34
0,61.38
0,61.39
0,61.46
0,61.44
0,61.5
0,61.38
0,61.51
0,61.52
0,61.46
0,61.48
0,61.49
0,61.42
0,61.39
0,61.36
0,61.38
0,61.4
0,61.45
0,61.48
0,61.5
0,61.5
0,61.49
0,61.59
0,61.53
0,61.58
0,61.54
0,61.56
0,61.53
0,61.56
0,61.53
0,61.5
0,61.43
0,61.43
0,61.44
0,61.44
0,61.46
0,61.52
0,61.48
0,61.54
0,61.52
0,61.6
0,61.58
0,61.56
0,61.6
0,61.58
0,61.64
0,61.59
0,61.6
0,61.61
0,61.58
0,61.6
0,61.6
0,61.56
0,61.58
0,61.6
0,61.61
0,61.61
0,61.66
0,61.72
0,61.7
0,61.72
0,61.72
0,61.76
0,61.77
0,61.72
0,61.67
0,61.7
0,61.67
0,61.69
0,61.72
0,61.67
0,61.63
0,61.63
0,61.69
0,61.77
0,61.74
0,61.74
0,61.78
0,61.84
0,61.86
0,61.84
0,61.88
0,61.92
0,61.92
0,61.96
0,61.99
0,61.99
0,61.98
0,62.01
0,61.95
0,61.97
0,61.98
0,61.97
0,61.95
0,61.94
0,61.9
0,61.89
0,61.88
0,61.85
0,61.89
0,61.9
0,61.96
0,61.99
0,62
0,61.98
0,62
0,62
0,61.92
0,61.85
0,61.82
0,61.82
0,61.86
0,61.87
0,61.84
0,61.89
0,61.89
0,61.88
0,61.94
0,61.98
0,61.94
0,61.96
0,61.92
0,61.96
0,62.08
0,61.98
0,61.96
0,61.98
0,61.94
0,61.86
0,61.87
0,61.89
0,61.89
0,61.92
0,61.99
0,62.03
0,61.99
0,62.01
0,61.9
0,61.94
0,61.91
0,61.98
0,61.92
0,61.98
0,61.93
0,61.92
0,61.95
0,61.89
0,61.98
0,61.92
0,61.92
0,61.93
0,61.98
0,62
0,62.08
0,62.06
0,62.06
0,62.03
0,62
0,62.02
0,61.98
0,62
0,61.97
0,61.98
0,61.97
0,62
0,61.96
0,61.98
0,62.02
0,62.06
0,62.08
0,62.11
0,62.12
0,62.19
0,62.18
0,62.2
0,62.18
0,62.16
0,62.16
0,62.14
0,62.14
0,62.12
0,62.19
0,62.24
0,62.18
0,62.12
0,62.12
0,62.12
0,62.08
0,62.1
0,62.08
0,62.1
0,62.1
0,62.11
0,62.09
0,62.1
0,62.14
0,62.18
0,62.12
0,62.11
0,62.11
0,62.12
0,62.1
0,62.08
0,62.04
0,62.04
0,62.1
0,62.06
0,62.02
0,62.04
0,62.04
0,62.1
0,62.12
0,62.16
0,62.18
0,62.14
0,62.18
0,62.16
0,62.14
0,62.12
0,62.18
0,62.17
0,62.14
0,62.14
0,62.2
0,62.16
0,62.17
0,62.1
0,62.14
0,62.17
0,62.16
0,62.14
0,62.1
0,62.08
0,62.1
0,62.12
0,62.14
0,62.1
0,62.11
0,62.1
0,62.12
0,62.1
0,62.11
0,62.08
0,62.06
0,62.02
0,61.96
0,61.94
0,62
0,62
0,62
0,61.98
0,62.02
0,62.02
0,62.03
0,62.04
0,62.02
0,62.02
0,62.03
0,62.05
0,62.04
0,62.06
0,62.02
0,62
0,62.05
0,62.06
0,62.06
0,62.06
0,62.08
0,62.14
0,62.16
0,62.18
0,62.18
0,62.22
0,62.19
0,62.2
0,62.2
0,62.19
0,62.2
0,62.21
0,62.31
0,62.28
0,62.22
0,62.19
0,62.23
0,62.24
0,62.24
0,62.24
0,62.24
0,62.3
0,62.25
0,62.18
0,62.19
0,62.3
0,62.3
0,62.38
0,62.42
0,62.39
0,62.4
0,62.38
0,63.72
0,63.84
0,63.54
0,63.24
0,63.18
0,62.56
0,63.32
0,63.2
0,63.19
0,63.35
0,62.86
0,62.92
0,62.74
0,62.78
0,62.74
0,62.78
0,62.52
0,62.5
0,62.44
0,62.56
0,62.56
0,62.71
0,62.7
0,62.66
0,62.75
0,62.78
0,62.66
0,62.64
0,62.61
0,62.64
0,62.78
0,62.62
0,62.64
0,62.74
0,62.5
0,62.8
0,62.88
0,62.83
0,62.85
0,62.91
0,62.96
0,63.06
0,63
0,63.02
0,62.97
0,63
0,63.08
0,63.03
0,63.14
0,63.13
0,63.21
0,63.17
0,63.21
0,63.14
0,63.19
0,63.28
0,63.26
0,63.18
0,63.18
0,63.17
0,63.22
0,63.04
0,63.02
0,62.97
0,62.99
0,62.91
0,63.02
0,62.96
0,63.03
0,63.1
0,63.04
0,63.06
0,63.1
0,63.08
0,62.97
0,62.89
0,62.78
0,62.85
0,62.92
0,62.98
0,63
0,62.98
0,63.02
0,63
0,63.08
0,63.05
0,63.02
0,63.02
0,63.01
0,63
0,63.09
0,63.08
0,63.08
0,63.2
0,63.2
0,63.16
0,63.18
0,63.16
0,63.13
0,63.05
0,63.13
0,63.1
0,63.12
0,63.18
0,63.16
0,63.11
0,63.1
0,63.04
0,63.09
0,63.12
0,63.16
0,63.1
0,63.11
0,63.1
0,63.19
0,63.14
0,63.18
0,63.12
0,63.12
0,63.08
0,63.08
0,63.1
0,63.1
0,63.08
0,63.11
0,63.11
0,63.05
0,63.06
0,63
0,62.96
0,62.93
0,62.92
0,62.97
0,62.94
0,62.95
0,62.94
0,63.12
0,63.17
0,63.1
0,63.06
0,63.16
0,63.11
0,63.12
0,63.18
0,63.16
0,63.14
0,63
0,62.96
0,62.99
0,62.98
0,62.98
0,63.02
0,62.92
0,62.88
0,62.88
0,62.88
0,62.85
0,62.91
0,62.96
0,62.92
0,62.9
0,62.86
0,62.84
0,62.89
0,62.84
0,62.82
0,62.84
0,62.85
0,62.82
0,62.84
0,62.84
0,62.94
0,62.99
0,62.92
0,62.98
0,62.98
0,62.96
0,63.02
0,62.98
0,62.95
0,62.95
0,62.96
0,62.97
0,63
0,63.01
0,63.06
0,63.11
0,63.1
0,63.09
0,63.1
0,63.11
0,63.18
0,63.18
0,63.14
0,63.16
0,63.18
0,63.16
0,63.2
0,63.2
0,63.25
0,63.26
0,63.32
0,63.31
0,63.25
0,63.26
0,63.22
0,63.23
0,63.26
0,63.27
0,63.25
0,63.26
0,63.26
0,63.18
0,63.16
0,63.16
0,63.17
0,63.15
0,63.11
0,63.06
0,63.12
0,63.08
0,63.02
0,63
0,63.03
0,63.12
0,63.15
0,63.17
0,63.14
0,63.18
0,63.18
0,63.17
0,63.19
0,63.16
0,63.15
0,63.1
0,63.14
0,63.12
0,63.12
0,63.1
0,63.1
0,63.08
0,63.1
0,63.08
0,63.08
0,63.05
0,63.06
0,63.08
0,63.08
0,63.1
0,63.12
0,63.08
0,63.12
0,63.1
0,63.1
0,63.1
0,63.1
0,63.08
0,63.06
0,63.06
0,63.04
0,63.05
0,63.01
0,63.02
0,63.03
0,63.03
0,63.08
0,63.08
0,63.08
0,63.07
0,63.12
0,63.03
0,63.24
0,63.2
0,63.17
0,63.12
0,63.16
0,63.14
0,63.22
0,63.2
0,63.24
0,63.26
0,63.28
0,63.24
0,63.24
0,63.26
0,63.32
0,63.34
0,63.3
0,63.29
0,63.24
0,63.17
0,63.18
0,63.22
0,63.22
0,63.18
0,63.18
0,63.2
0,63.22
0,63.14
0,63.18
0,63.13
0,63.08
0,63.14
0,63.13
0,63.13
0,63.08
0,63.16
0,63.1
0,63.08
0,63.13
0,63.12
0,63.1
0,63.2
0,63.2
0,63.21
0,63.24
0,63.2
0,63.28
0,63.3
0,63.25
0,63.32
0,63.28
0,63.3
0,63.3
0,63.29
0,63.33
0,63.25
0,63.26
0,63.26
0,63.28
0,63.24
0,63.26
0,63.26
0,63.28
0,63.24
0,63.28
0,63.29
0,63.24
0,63.2
0,63.22
0,63.26
0,63.28
0,63.28
0,63.28
0,63.24
0,63.26
0,63.25
0,63.28
0,63.3
0,63.26
0,63.24
0,63.28
0,63.25
0,63.26
0,63.22
0,63.2
0,63.2
0,63.21
0,63.22
0,63.19
0,63.18
0,63.14
0,63.15
0,63.22
0,63.21
0,63.19
0,63.11
0,63.16
0,63.18
0,63.19
0,63.18
0,63.14
0,63.08
0,63.11
0,63.14
0,63.16
0,63.17
0,63.21
0,63.18
0,63.16
0,63.12
0,63.11
0,63.12
0,63.13
0,63.16
0,63.14
0,63.2
0,63.22
0,63.24
0,63.24
0,62.83
0,62.88
0,62.75
0,62.48
0,62.5
0,62.32
0,62.53
0,62.68
0,63
0,62.7
0,62.64
0,62.68
0,62.74
0,62.62
0,62.54
0,62.52
0,62.63
0,62.56
0,62.66
0,62.61
0,62.66
0,62.58
0,62.38
0,62.48
0,62.44
0,62.46
0,62.57
0,62.6
0,62.54
0,62.64
0,62.72
0,62.79
0,62.74
0,62.74
0,62.76
0,62.74
0,62.76
0,62.76
0,62.82
0,62.86
0,62.87
0,62.89
0,62.9
0,62.9
0,62.86
0,62.79
0,62.86
0,62.89
0,62.9
0,62.84
0,62.82
0,62.86
0,62.92
0,62.91
0,62.8
0,62.83
0,62.86
0,62.96
0,62.94
0,62.97
0,62.94
0,62.93
0,62.96
0,62.9
0,62.9
0,62.92
0,62.96
0,63.02
0,63.01
0,62.95
0,62.88
0,62.86
0,62.88
0,62.84
0,62.83
0,62.84
0,62.75
0,62.88
0,62.88
0,63
0,63.01
0,62.97
0,62.95
0,62.92
0,62.95
0,62.95
0,63.03
0,63.04
0,63.08
0,63.02
0,62.98
0,62.97
0,62.98
0,63
0,63.01
0,63.03
0,63.03
0,63.08
0,63.04
0,63.01
0,63.05
0,63.02
0,63.06
0,63.03
0,63.02
0,63.06
0,63
0,63.02
0,62.99
0,62.98
0,63.02
0,63.04
0,63.05
0,62.96
0,62.96
0,62.98
0,62.99
0,62.97
0,62.98
0,63
0,63.02
0,63.02
0,63.06
0,63.1
0,63.11
0,63.12
0,63.08
0,63.09
0,63.1
0,63.1
0,63.08
0,63.06
0,63.09
0,63.1
0,63.11
0,63.08
0,63.1
0,63.09
0,63.06
0,63
0,63.05
0,63.06
0,63.1
0,63.1
0,63.06
0,63.03
0,63.06
0,63.1
0,63.08
0,63.1
0,63.04
0,62.98
0,63
0,62.96
0,62.9
0,62.96
0,62.86
0,62.85
0,62.83
0,62.88
0,62.9
0,62.93
0,62.89
0,62.91
0,62.94
0,62.94
0,62.88
0,62.93
0,62.84
0,62.83
0,62.9
0,62.89
0,62.88
0,62.88
0,62.86
0,62.84
0,62.86
0,62.96
0,62.91
0,62.89
0,62.94
0,62.92
0,62.9
0,62.92
0,62.94
0,62.94
0,62.94
0,62.94
0,62.94
0,62.88
0,62.9
0,62.87
0,62.86
0,62.88
0,62.9
0,62.96
0,62.89
0,63.03
0,62.95
0,63.02
0,62.98
0,62.98
0,62.97
0,62.9
0,62.88
0,62.88
0,62.86
0,62.9
0,62.86
0,62.89
0,62.92
0,62.86
0,62.86
0,62.86
0,62.86
0,62.78
0,62.67
0,62.7
0,62.57
0,62.63
0,62.66
0,62.58
0,62.58
0,62.61
0,62.55
0,62.6
0,62.62
0,62.62
0,62.56
0,62.53
0,62.53
0,62.56
0,62.56
0,62.56
0,62.6
0,62.62
0,62.62
0,62.66
0,62.64
0,62.64
0,62.58
0,62.58
0,62.6
0,62.6
0,62.58
0,62.57
0,62.58
0,62.56
0,62.52
0,62.54
0,62.48
0,62.48
0,62.52
0,62.52
0,62.6
0,62.58
0,62.69
0,62.74
0,62.74
0,62.73
0,62.72
0,62.69
0,62.64
0,62.64
0,62.68
0,62.72
0,62.71
0,62.67
0,62.68
0,62.8
0,62.78
0,62.74
0,62.78
0,62.76
0,62.79
0,62.79
0,62.84
0,62.86
0,62.92
0,62.89
0,62.88
0,62.94
0,62.89
0,62.92
0,62.92
0,62.94
0,62.92
0,62.92
0,62.96
0,62.96
0,62.96
0,63
0,62.99
0,63
0,62.99
0,63.02
0,62.97
0,63.02
0,63
0,63.01
0,63
0,63
0,63.02
0,62.95
0,63
0,63
0,63.04
0,62.96
0,62.98
0,63
0,62.99
0,63.05
0,63.04
0,63.03
0,62.97
0,62.98
0,62.98
0,62.96
0,62.88
0,62.86
0,62.87
0,62.85
0,62.85
0,62.84
0,62.84
0,62.86
0,62.86
0,62.85
0,62.89
0,62.85
0,62.86
0,62.85
0,62.94
0,62.94
0,62.92
0,62.87
0,62.96
0,62.94
0,62.92
0,62.91
0,62.92
0,62.9
0,62.97
0,63
0,63
0,63.01
0,62.99
0,62.99
0,63.02
0,63.02
0,62.98
0,63
0,63
0,63.02
0,63.02
0,63.02
0,63.04
0,63.04
0,63.05
0,63
0,63.09
0,63.07
0,63.08
0,63.06
0,63.02
0,63
0,63.03
0,63.07
0,63.06
0,63.09
0,63.11
0,63.11
0,63.1
0,63.11
0,63.09
0,63.06
0,63.03
0,63
0,63.01
0,63.08
0,63.1
0,63.13
0,63.12
0,63.14
0,63.1
0,63.08
0,63.1
0,63.12
0,62.82
0,63.24
0,63.28
0,63.28
0,63.43
0,63.55
0,63.57
0,63.26
0,63.3
0,63.17
0,63.17
0,63.16
0,63.08
0,63
0,63.11
0,63.1
0,63.09
0,63.24
0,63.16
0,63.18
0,63.1
0,63.06
0,63.06
0,63.09
0,63.15
0,63.14
0,63.14
0,63.17
0,63.19
0,63.3
0,63.28
0,63.3
0,63.34
0,63.3
0,63.32
0,63.28
0,63.3
0,63.32
0,63.34
0,63.3
0,63.3
0,63.28
0,63.3
0,63.24
0,63.24
0,63.31
0,63.38
0,63.38
0,63.4
0,63.39
0,63.48
0,63.38
0,63.41
0,63.43
0,63.28
0,63.28
0,63.31
0,63.28
0,63.28
0,63.33
0,63.34
0,63.33
0,63.36
0,63.44
0,63.36
0,63.3
0,63.35
0,63.32
0,63.28
0,63.29
0,63.32
0,63.4
0,63.41
0,63.27
0,63.27
0,63.22
0,63.18
0,63.12
0,63.06
0,63.12
0,63.13
0,63.14
0,63.13
0,63.22
0,63.2
0,63.16
0,63.2
0,63.19
0,63.19
0,63.15
0,63.19
0,63.15
0,63.12
0,63.18
0,63.16
0,63.14
0,63.17
0,63.21
0,63.13
0,63.11
0,63.15
0,63.19
0,63.18
0,63.16
0,63.2
0,63.13
0,63.17
0,63.14
0,63.16
0,63.17
0,63.14
0,63.12
0,63.12
0,63.13
0,63.13
0,63.1
0,63.1
0,63.14
0,63.11
0,63.12
0,63.09
0,63.1
0,63.16
0,63.16
0,63.12
0,63.13
0,63.15
0,63.08
0,63.12
0,63.09
0,63.08
0,63.1
0,63.12
0,63.14
0,63.18
0,63.14
0,63.14
0,63.14
0,63.14
0,63.1
0,63.11
0,63.12
0,63.07
0,63.06
0,63.14
0,63.12
0,63.14
0,63.12
0,63.1
0,63.08
0,63.08
0,63.07
0,63.08
0,63.1
0,63.09
0,63.11
0,63.08
0,63.06
0,63.08
0,63.1
0,63.1
0,63.1
0,63.12
0,63.15
0,63.14
0,63.14
0,63.14
0,63.12
0,63.08
0,63.08
0,63.1
0,63.11
0,63.12
0,63.11
0,63.13
0,63.14
0,63.18
0,63.18
0,63.18
0,63.2
0,63.19
0,63.23
0,63.17
0,63.14
0,63.18
0,63.22
0,63.24
0,63.2
0,63.2
0,63.19
0,63.2
0,63.2
0,63.19
0,63.22
0,63.18
0,63.17
0,63.21
0,63.18
0,63.17
0,63.19
0,63.16
0,63.14
0,63.19
0,63.2
0,63.18
0,63.2
0,63.18
0,63.19
0,63.18
0,63.2
0,63.22
0,63.24
0,63.25
0,63.24
0,63.26
0,63.22
0,63.23
0,63.24
0,63.24
0,63.22
0,63.22
0,63.2
0,63.19
0,63.26
0,63.24
0,63.24
0,63.26
0,63.25
0,63.24
0,63.24
0,63.22
0,63.14
0,63.18
0,63.19
0,63.16
0,63.2
0,63.18
0,63.19
0,63.2
0,63.2
0,63.21
0,63.2
0,63.19
0,63.18
0,63.14
0,63.12
0,63.08
0,63.14
0,63.1
0,63.12
0,63.12
0,63.11
0,63.12
0,63.12
0,63.14
0,63.16
0,63.16
0,63.18
0,63.18
0,63.17
0,63.18
0,63.2
0,63.19
0,63.21
0,63.24
0,63.25
0,63.22
0,63.2
0,63.28
0,63.25
0,63.26
0,63.24
0,63.28
0,63.24
0,63.25
0,63.25
0,63.29
0,63.24
0,63.25
0,63.25
0,63.25
0,63.24
0,63.23
0,63.24
0,63.25
0,63.24
0,63.23
0,63.25
0,63.24
0,63.22
0,63.22
0,63.23
0,63.23
0,63.22
0,63.22
0,63.25
0,63.24
0,63.22
0,63.2
0,63.2
0,63.2
0,63.22
0,63.21
0,63.22
0,63.22
0,63.21
0,63.19
0,63.18
0,63.18
0,63.2
0,63.18
0,63.16
0,63.18
0,63.15
0,63.17
0,63.17
0,63.13
0,63.16
0,63.15
0,63.07
0,63.1
0,63.1
0,63.07
0,63.06
0,63.08
0,63.1
0,63.1
0,63.1
0,63.12
0,63.11
0,63.11
0,63.15
0,63.16
0,63.23
0,63.21
0,63.2
0,63.22
0,63.21
0,63.19
0,63.16
0,63.17
0,63.18
0,63.15
0,63.15
0,63.18
0,63.16
0,63.19
0,63.17
0,63.17
0,63.16
0,63.14
0,63.14
0,63.14
0,63.12
0,63.14
0,63.14
0,63.15
0,63.18
0,63.17
0,63.2
0,63.18
0,63.2
0,63.22
0,63.2
0,63.18
0,63.18
0,63.19
0,63.19
0,63.19
0,63.18
0,63.18
0,63.18
0,63.18
0,63.18
0,63.16
0,63.17
0,63.18
0,63.17
0,63.13
0,63.14
0,63.12
0,63.1
0,63.08
0,63.08
0,62.65
0,62.37
0,62.62
0,62.6
0,62.59
0,62.5
0,62.18
0,62.34
0,62.24
0,62.11
0,62.31
0,62.28
0,62.4
0,62.22
0,62.21
0,62.44
0,62.45
0,62.38
0,62.55
0,62.54
0,62.7
0,62.61
0,62.61
0,62.68
0,62.59
0,62.68
0,62.62
0,62.52
0,62.53
0,62.51
0,62.53
0,62.42
0,62.46
0,62.38
0,62.46
0,62.42
0,62.41
0,62.36
0,62.44
0,62.42
0,62.47
0,62.48
0,62.57
0,62.53
0,62.44
0,62.38
0,62.43
0,62.36
0,62.42
0,62.43
0,62.5
0,62.52
0,62.52
0,62.49
0,62.48
0,62.52
0,62.51
0,62.52
0,62.53
0,62.55
0,62.55
0,62.52
0,62.52
0,62.48
0,62.56
0,62.53
0,62.53
0,62.58
0,62.56
0,62.56
0,62.58
0,62.56
0,62.6
0,62.62
0,62.64
0,62.66
0,62.68
0,62.64
0,62.61
0,62.57
0,62.62
0,62.6
0,62.59
0,62.62
0,62.59
0,62.66
0,62.67
0,62.76
0,62.78
0,62.77
0,62.74
0,62.7
0,62.75
0,62.78
0,62.84
0,62.81
0,62.78
0,62.74
0,62.71
0,62.68
0,62.67
0,62.68
0,62.68
0,62.62
0,62.68
0,62.74
0,62.79
0,62.8
0,62.75
0,62.73
0,62.7
0,62.68
0,62.71
0,62.72
0,62.75
0,62.83
0,62.82
0,62.84
0,62.83
0,62.82
0,62.82
0,62.82
0,62.89
0,62.89
0,62.97
0,62.96
0,62.94
0,62.92
0,62.96
0,62.98
0,63.04
0,63.04
0,62.97
0,62.96
0,62.93
0,62.92
0,62.9
0,62.92
0,62.92
0,62.88
0,62.86
0,62.88
0,62.86
0,62.82
0,62.76
0,62.78
0,62.76
0,62.82
0,62.83
0,62.76
0,62.79
0,62.81
0,62.79
0,62.79
0,62.82
0,62.86
0,62.83
0,62.82
0,62.83
0,62.84
0,62.86
0,62.86
0,62.86
0,62.85
0,62.86
0,62.91
0,62.94
0,63.02
0,63.08
0,63.05
0,63.04
0,63.05
0,63
0,63
0,62.98
0,62.96
0,62.95
0,62.86
0,62.9
0,62.89
0,62.91
0,62.82
0,62.84
0,62.85
0,62.88
0,62.85
0,62.87
0,62.87
0,62.88
0,62.88
0,62.89
0,62.88
0,62.88
0,62.88
0,62.9
0,62.92
0,62.95
0,62.94
0,62.95
0,62.92
0,62.93
0,62.9
0,62.93
0,62.91
0,62.92
0,62.92
0,62.96
0,62.93
0,62.9
0,62.97
0,62.92
0,62.9
0,62.92
0,62.92
0,62.86
0,62.86
0,62.84
0,62.85
0,62.8
0,62.86
0,62.88
0,62.85
0,62.88
0,62.9
0,62.94
0,62.95
0,62.93
0,62.89
0,62.91
0,62.89
0,62.95
0,62.95
0,62.96
0,62.97
0,62.98
0,62.96
0,63
0,63.02
0,63
0,62.98
0,63
0,63.01
0,63.01
0,63
0,62.99
0,62.96
0,62.94
0,62.96
0,62.96
0,62.96
0,62.94
0,62.93
0,62.93
0,62.93
0,62.94
0,62.94
0,62.9
0,62.9
0,62.88
0,62.89
0,62.9
0,62.86
0,62.89
0,62.88
0,62.91
0,62.9
0,62.9
0,62.91
0,62.9
0,62.89
0,62.9
0,62.88
0,62.88
0,62.89
0,62.89
0,62.91
0,62.91
0,62.92
0,62.92
0,62.88
0,62.86
0,62.84
0,62.82
0,62.8
0,62.82
0,62.81
0,62.8
0,62.81
0,62.81
0,62.8
0,62.8
0,62.8
0,62.78
0,62.81
0,62.82
0,62.8
0,62.76
0,62.75
0,62.82
0,62.83
0,62.82
0,62.82
0,62.87
0,62.84
0,62.85
0,62.9
0,62.86
0,62.92
0,62.89
0,62.9
0,62.94
0,62.89
0,62.96
0,62.89
0,62.89
0,62.92
0,62.9
0,62.9
0,62.92
0,62.94
0,62.95
0,62.94
0,62.94
0,62.97
0,62.94
0,62.93
0,63
0,63.02
0,63.01
0,63
0,63
0,63
0,63.02
0,63.01
0,63
0,63
0,63.02
0,63.02
0,63.02
0,63.03
0,63.01
0,63.02
0,63.02
0,62.96
0,62.97
0,62.98
0,63.02
0,62.96
0,62.99
0,62.98
0,63
0,62.98
0,63
0,63
0,62.98
0,62.97
0,62.98
0,62.98
0,62.98
0,62.94
0,62.94
0,62.98
0,62.95
0,62.94
0,62.94
0,62.94
0,62.92
0,62.92
0,62.92
0,62.92
0,62.84
0,62.86
0,62.85
0,62.85
0,62.86
0,62.87
0,62.83
0,62.78
0,62.8
0,62.8
0,62.82
0,62.8
0,62.75
0,62.74
0,62.74
0,62.79
0,62.78
0,62.74
0,62.75
0,64.12
0,63.8
0,63.44
0,63.47
0,63.75
0,63.74
0,63.81
0,63.82
0,63.9
0,63.74
0,63.8
0,63.82
0,63.92
0,63.98
0,64
0,64.06
0,64.06
0,64.06
0,64.18
0,64.19
0,64.14
0,64.11
0,64.16
0,64.12
0,64.15
0,64.02
0,63.96
0,64.03
0,64.12
0,64.12
0,64.14
0,64.3
0,64.36
0,64.31
0,64.3
0,64.27
0,64.17
0,64.22
0,64.2
0,64.24
0,64.13
0,64.16
0,64.01
0,63.96
0,64.01
0,63.93
0,63.82
0,63.94
0,64
0,64.06
0,64.06
0,64.07
0,63.96
0,63.92
0,63.92
0,63.96
0,63.92
0,63.9
0,63.93
0,63.96
0,63.94
0,63.93
0,63.91
0,64
0,63.97
0,63.98
0,63.95
0,64
0,64
0,64
0,63.98
0,64.02
0,64
0,63.99
0,64
0,63.93
0,63.96
0,63.94
0,63.92
0,63.88
0,63.86
0,63.95
0,63.96
0,63.94
0,64
0,64
0,64.04
0,63.92
0,63.97
0,64
0,63.96
0,64.01
0,64.07
0,64.03
0,64.12
0,64.11
0,64.08
0,64.06
0,64.06
0,64.1
0,64.1
0,64.09
0,64.08
0,64.09
0,64.09
0,64.1
0,64.14
0,64.11
0,64.1
0,64.1
0,64.13
0,64.12
0,64.08
0,64.1
0,64.06
0,64.07
0,63.98
0,64.01
0,64.04
0,64.11
0,64.11
0,64.07
0,64.06
0,64.12
0,64.05
0,64.11
0,64.12
0,64.12
0,64.06
0,64.06
0,64.06
0,64.08
0,64.14
0,64.12
0,64.17
0,64.1
0,64.11
0,64.09
0,64.09
0,64.08
0,64.1
0,64.03
0,64.02
0,64.04
0,64.04
0,64.04
0,64.04
0,64.06
0,64.08
0,64.14
0,64.17
0,64.14
0,64.18
0,64.22
0,64.18
0,64.18
0,64.12
0,64.11
0,64.13
0,64.12
0,64.13
0,64.14
0,64.18
0,64.19
0,64.23
0,64.23
0,64.21
0,64.22
0,64.24
0,64.21
0,64.21
0,64.22
0,64.28
0,64.25
0,64.26
0,64.28
0,64.27
0,64.28
0,64.28
0,64.28
0,64.28
0,64.3
0,64.26
0,64.18
0,64.21
0,64.23
0,64.22
0,64.23
0,64.18
0,64.22
0,64.22
0,64.22
0,64.19
0,64.24
0,64.22
0,64.25
0,64.26
0,64.28
0,64.29
0,64.28
0,64.26
0,64.28
0,64.24
0,64.25
0,64.22
0,64.21
0,64.2
0,64.2
0,64.2
0,64.23
0,64.2
0,64.2
0,64.2
0,64.2
0,64.22
0,64.18
0,64.16
0,64.26
0,64.28
0,64.27
0,64.26
0,64.19
0,64.16
0,64.13
0,64.15
0,64.16
0,64.16
0,64.21
0,64.17
0,64.18
0,64.21
0,64.21
0,64.16
0,64.18
0,64.18
0,64.19
0,64.18
0,64.2
0,64.21
0,64.16
0,64.17
0,64.2
0,64.22
0,64.21
0,64.22
0,64.22
0,64.21
0,64.21
0,64.22
0,64.21
0,64.21
0,64.21
0,64.22
0,64.21
0,64.21
0,64.21
0,64.19
0,64.18
0,64.19
0,64.18
0,64.2
0,64.23
0,64.22
0,64.25
0,64.2
0,64.22
0,64.2
0,64.22
0,64.23
0,64.22
0,64.19
0,64.22
0,64.31
0,64.32
0,64.29
0,64.24
0,64.24
0,64.25
0,64.26
0,64.22
0,64.22
0,64.23
0,64.22
0,64.24
0,64.21
0,64.24
0,64.19
0,64.18
0,64.2
0,64.23
0,64.22
0,64.18
0,64.16
0,64.19
0,64.19
0,64.19
0,64.15
0,64.14
0,64.08
0,64.02
0,64.04
0,64.04
0,64.08
0,64.1
0,64.12
0,64.14
0,64.12
0,64.12
0,64.12
0,64.11
0,63.98
0,63.96
0,63.97
0,63.89
0,63.83
0,63.82
0,63.83
0,63.84
0,63.74
0,63.7
0,63.66
0,63.72
0,63.73
0,63.71
0,63.72
0,63.67
0,63.61
0,63.6
0,63.61
0,63.7
0,63.68
0,63.72
0,63.75
0,63.8
0,63.84
0,63.86
0,63.88
0,63.89
0,63.9
0,63.94
0,63.94
0,63.92
0,63.92
0,63.86
0,63.88
0,63.88
0,63.88
0,63.8
0,63.76
0,63.7
0,63.65
0,63.6
0,63.58
0,63.53
0,63.5
0,63.5
0,63.52
0,63.53
0,63.53
0,63.48
0,63.49
0,63.52
0,63.54
0,63.58
0,63.55
0,63.53
0,63.52
0,63.44
0,63.42
0,63.4
0,63.43
0,63.44
0,63.43
0,63.42
0,63.43
0,63.43
0,63.46
0,63.46
0,63.42
0,63.47
0,63.46
0,63.42
0,63.42
0,63.36
0,63.36
0,63.39
0,63.39
0,63.46
0,63.4
0,63.46
0,63.63
0,63.66
0,63.67
0,63.64
0,63.6
0,63.64
0,63.7
0,63.66
0,63.6
0,63.63
0,63.54
0,63.66
0,63.75
0,63.6
0,63.62
0,63.6
0,63.7
0,63.76
0,63.72
0,63.72
0,63.69
0,63.66
0,63.74
0,63.74
0,63.74
0,63.71
0,63.71
0,63.77
0,63.74
0,63.74
0,63.72
0,63.69
0,63.75
0,63.7
0,63.67
0,63.66
0,63.72
0,63.68
0,63.66
0,63.65
0,63.55
0,63.56
0,63.6
0,63.58
0,63.63
0,63.66
0,63.68
0,63.64
0,63.66
0,63.68
0,63.73
0,63.72
0,63.64
0,63.64
0,63.64
0,63.72
0,63.66
0,63.66
0,63.62
0,63.68
0,63.67
0,63.7
0,63.73
0,63.73
0,63.68
0,63.71
0,63.74
0,63.72
0,63.74
0,63.71
0,63.68
0,63.66
0,63.64
0,63.69
0,63.69
0,63.64
0,63.72
0,63.73
0,63.77
0,63.8
0,63.82
0,63.82
0,63.83
0,63.83
0,63.8
0,63.81
0,63.73
0,63.76
0,63.74
0,63.72
0,63.75
0,63.7
0,63.66
0,63.66
0,63.63
0,63.64
0,63.65
0,63.58
0,63.64
0,63.67
0,63.72
0,63.76
0,63.74
0,63.78
0,63.74
0,63.76
0,63.72
0,63.72
0,63.76
0,63.75
0,63.77
0,63.76
0,63.74
0,63.72
0,63.78
0,63.74
0,63.69
0,63.65
0,63.64
0,63.73
0,63.75
0,63.72
0,63.74
0,63.76
0,63.75
0,63.78
0,63.79
0,63.7
0,63.66
0,63.64
0,63.62
0,63.62
0,63.62
0,63.64
0,63.69
0,63.68
0,63.69
0,63.67
0,63.64
0,63.62
0,63.56
0,63.6
0,63.61
0,63.63
0,63.62
0,63.59
0,63.58
0,63.6
0,63.62
0,63.66
0,63.67
0,63.62
0,63.63
0,63.62
0,63.56
0,63.62
0,63.64
0,63.6
0,63.62
0,63.68
0,63.69
0,63.66
0,63.69
0,63.74
0,63.73
0,63.7
0,63.67
0,63.67
0,63.7
0,63.71
0,63.7
0,63.74
0,63.75
0,63.74
0,63.75
0,63.73
0,63.73
0,63.72
0,63.74
0,63.73
0,63.74
0,63.73
0,63.74
0,63.74
0,63.75
0,63.72
0,63.72
0,63.74
0,63.71
0,63.74
0,63.8
0,63.76
0,63.75
0,63.75
0,63.79
0,63.78
0,63.74
0,63.76
0,63.78
0,63.76
0,63.78
0,63.8
0,63.76
0,63.76
0,63.74
0,63.75
0,63.74
0,63.73
0,63.73
0,63.73
0,63.7
0,63.72
0,63.7
0,63.72
0,63.7
0,63.71
0,63.71
0,63.7
0,63.7
0,63.72
0,63.71
0,63.73
0,63.7
0,63.68
0,63.66
0,63.66
0,63.68
0,63.7
0,63.72
0,63.71
0,63.71
0,63.72
0,63.72
0,63.69
0,63.7
0,63.71
0,63.69
0,63.64
0,63.66
0,63.66
0,63.66
0,63.68
0,63.68
0,63.66
0,63.69
0,63.66
0,63.68
0,63.66
0,63.65
0,63.65
0,63.65
0,63.66
0,63.66
0,63.65
0,63.69
0,63.64
0,63.66
0,63.72
0,63.74
0,63.8
0,63.86
0,63.78
0,63.77
0,63.76
0,63.76
0,63.79
0,63.8
0,63.76
0,63.77
0,63.78
0,63.78
0,63.84
0,63.84
0,63.85
0,63.82
0,63.81
0,63.82
0,63.81
0,63.78
0,63.82
0,63.81
0,63.83
0,63.84
0,63.86
0,63.88
0,63.89
0,63.94
0,63.83
0,63.86
0,63.85
0,63.9
0,63.84
0,63.87
0,63.89
0,63.92
0,63.94
0,63.92
0,63.94
0,63.95
0,63.95
0,63.94
0,63.94
0,63.96
0,63.94
0,63.88
0,63.88
0,63.88
0,63.94
0,63.9
0,63.88
0,63.92
0,63.91
0,63.9
0,63.9
0,63.9
0,63.88
0,63.88
0,63.89
0,63.89
0,63.95
0,63.95
0,63.95
0,63.96
0,63.83
0,63.92
0,63.89
0,63.9
0,63.89
0,63.91
0,63.86
0,63.82
0,63.85
0,63.84
0,63.9
0,63.89
0,63.9
0,63.89
0,63.9
0,63.86
0,63.83
0,63.82
0,63.82
0,63.8
0,63.78
0,63.74
0,63.76
0,63.76
0,63.76
0,63.78
0,63.82
0,63.84
0,63.82
0,63.83
0,63.88
0,63.83
0,63.88
0,63.84
0,63.86
0,63.89
0,63.92
0,63.92
0,63.88
0,63.86
0,63.81
0,63.84
0,63.83
0,63.81
0,63.81
0,63.8
0,63.82
0,63.83
0,63.82
0,63.79
0,63.8
0,63.81
0,63.82
0,63.8
0,63.8
0,63.8
0,63.88
0,63.89
0,63.86
0,63.83
0,63.81
0,63.8
0,63.86
0,63.87
0,63.86
0,63.84
0,63.84
0,63.7
0,63.74
0,63.75
0,63.68
0,63.99
0,63.72
0,63.83
0,64
0,63.88
0,64.04
0,63.99
0,64
0,64.06
0,64.12
0,64.14
0,64.12
0,64.12
0,64.11
0,64.13
0,64.14
0,64.13
0,64.07
0,64.11
0,64.04
0,64.16
0,64.22
0,64.22
0,64.18
0,64.09
0,64.12
0,64.15
0,64.12
0,64.14
0,64.13
0,64.14
0,64.13
0,64.03
0,64.1
0,64.1
0,64.04
0,64.03
0,64.02
0,64.06
0,64.1
0,64.07
0,64.09
0,64.05
0,64.03
0,64.02
0,63.91
0,63.89
0,63.9
0,63.99
0,63.92
0,63.94
0,63.96
0,64
0,64.01
0,63.96
0,63.94
0,63.95
0,63.93
0,63.93
0,63.94
0,63.93
0,64
0,64
0,63.95
0,63.98
0,63.94
0,63.94
0,63.99
0,64.01
0,63.99
0,63.99
0,64.03
0,63.97
0,63.94
0,63.96
0,63.97
0,64
0,63.98
0,64
0,64.03
0,64
0,64.03
0,64.01
0,63.98
0,64.02
0,63.96
0,64
0,64.1
0,64.09
0,64.12
0,64.12
0,64.16
0,64.24
0,64.24
0,64.24
0,64.26
0,64.28
0,64.3
0,64.32
0,64.34
0,64.35
0,64.35
0,64.34
0,64.31
0,64.24
0,64.24
0,64.29
0,64.3
0,64.29
0,64.29
0,64.31
0,64.33
0,64.35
0,64.35
0,64.4
0,64.32
0,64.37
0,64.38
0,64.36
0,64.48
0,64.47
0,64.5
0,64.46
0,64.5
0,64.48
0,64.42
0,64.38
0,64.3
0,64.26
0,64.25
0,64.28
0,64.28
0,64.3
0,64.26
0,64.34
0,64.32
0,64.31
0,64.31
0,64.32
0,64.32
0,64.3
0,64.33
0,64.33
0,64.34
0,64.3
0,64.3
0,64.31
0,64.35
0,64.41
0,64.46
0,64.46
0,64.46
0,64.41
0,64.47
0,64.46
0,64.47
0,64.48
0,64.5
0,64.52
0,64.52
0,64.5
0,64.52
0,64.52
0,64.54
0,64.52
0,64.53
0,64.54
0,64.54
0,64.52
0,64.52
0,64.52
0,64.5
0,64.52
0,64.47
0,64.5
0,64.46
0,64.44
0,64.46
0,64.45
0,64.46
0,64.48
0,64.5
0,64.5
0,64.52
0,64.6
0,64.6
0,64.61
0,64.59
0,64.58
0,64.56
0,64.53
0,64.56
0,64.55
0,64.56
0,64.59
0,64.57
0,64.56
0,64.57
0,64.56
0,64.56
0,64.59
0,64.58
0,64.59
0,64.54
0,64.54
0,64.56
0,64.57
0,64.56
0,64.56
0,64.6
0,64.6
0,64.62
0,64.63
0,64.59
0,64.6
0,64.66
0,64.73
0,64.69
0,64.7
0,64.75
0,64.77
0,64.8
0,64.84
0,64.83
0,64.84
0,64.77
0,64.79
0,64.81
0,64.78
0,64.81
0,64.81
0,64.86
0,64.81
0,64.76
0,64.82
0,64.86
0,64.89
0,64.88
0,64.88
0,64.97
0,64.98
0,64.94
0,65
0,65.03
0,64.94
0,65
0,64.99
0,64.92
0,64.89
0,64.79
0,64.79
0,64.78
0,64.72
0,64.71
0,64.64
0,64.59
0,64.58
0,64.5
0,64.54
0,64.5
0,64.54
0,64.52
0,64.56
0,64.53
0,64.52
0,64.51
0,64.57
0,64.6
0,64.68
0,64.69
0,64.68
0,64.67
0,64.66
0,64.69
0,64.69
0,64.7
0,64.72
0,64.68
0,64.67
0,64.66
0,64.7
0,64.7
0,64.72
0,64.72
0,64.68
0,64.71
0,64.65
0,64.68
0,64.7
0,64.67
0,64.66
0,64.68
0,64.68
0,64.68
0,64.68
0,64.59
0,64.62
0,64.6
0,64.6
0,64.63
0,64.61
0,64.62
0,64.65
0,64.66
0,64.68
0,64.73
0,64.76
0,64.85
0,64.8
0,64.79
0,64.89
0,64.94
0,64.97
0,65.01
0,65.04
0,65.15
0,65.14
0,65.06
0,64.99
0,65.1
0,65.13
0,65.01
0,64.86
0,64.89
0,64.84
0,64.87
0,64.84
0,64.74
0,64.84
0,64.76
0,64.78
0,64.84
0,64.88
0,64.96
0,64.94
0,64.94
0,64.88
0,64.91
0,64.85
0,64.86
0,64.86
0,64.84
0,64.88
0,64.87
0,64.83
0,64.82
0,64.84
0,64.88
0,64.86
0,64.91
0,64.9
0,64.84
0,64.89
0,64.88
0,64.92
0,64.96
0,64.96
0,64.98
0,65.02
0,65.01
0,65
0,64.98
0,64.94
0,64.88
0,64.9
0,64.85
0,64.84
0,64.83
0,64.8
0,64.8
0,64.79
0,64.81
0,64.81
0,64.82
0,64.8
0,64.81
0,64.79
0,64.78
0,64.82
0,64.81
0,64.79
0,64.78
0,64.82
0,64.85
0,64.84
0,64.99
0,64.94
0,64.88
0,65.21
0,65.15
0,65.24
0,65.18
0,65.08
0,65.03
0,65.03
0,65.14
0,65.24
0,65.17
0,65.17
0,65.19
0,65.14
0,65.15
0,65.16
0,65.16
0,65.23
0,65.24
0,65.24
0,65.15
0,65.2
0,65.15
0,65.16
0,65.16
0,65.07
0,65.06
0,65.03
0,65.12
0,65.16
0,65.21
0,65.13
0,65.19
0,65.2
0,65.2
0,65.24
0,65.26
0,65.28
0,65.24
0,65.22
0,65.25
0,65.28
0,65.29
0,65.26
0,65.33
0,65.45
0,65.52
0,65.51
0,65.48
0,65.48
0,65.57
0,65.52
0,65.63
0,65.6
0,65.6
0,65.62
0,65.55
0,65.53
0,65.54
0,65.6
0,65.69
0,65.69
0,65.66
0,65.66
0,65.62
0,65.6
0,65.65
0,65.68
0,65.74
0,65.78
0,65.82
0,65.87
0,65.93
0,65.88
0,65.88
0,65.9
0,65.86
0,65.76
0,65.76
0,65.74
0,65.74
0,65.77
0,65.81
0,65.9
0,65.76
0,65.76
0,65.74
0,65.74
0,65.76
0,65.74
0,65.76
0,65.82
0,65.81
0,65.85
0,65.79
0,65.75
0,65.78
0,65.72
0,65.74
0,65.69
0,65.68
0,65.68
0,65.68
0,65.69
0,65.67
0,65.66
0,65.65
0,65.6
0,65.6
0,65.56
0,65.58
0,65.58
0,65.68
0,65.71
0,65.74
0,65.73
0,65.69
0,65.69
0,65.69
0,65.74
0,65.71
0,65.69
0,65.72
0,65.72
0,65.7
0,65.71
0,65.74
0,65.72
0,65.74
0,65.72
0,65.71
0,65.71
0,65.68
0,65.68
0,65.63
0,65.66
0,65.6
0,65.56
0,65.53
0,65.5
0,65.49
0,65.54
0,65.5
0,65.46
0,65.42
0,65.47
0,65.41
0,65.46
0,65.51
0,65.54
0,65.56
0,65.54
0,65.59
0,65.64
0,65.73
0,65.67
0,65.67
0,65.64
0,65.6
0,65.61
0,65.66
0,65.6
0,65.65
0,65.68
0,65.69
0,65.62
0,65.68
0,65.69
0,65.69
0,65.69
0,65.68
0,65.66
0,65.68
0,65.71
0,65.74
0,65.75
0,65.75
0,65.76
0,65.76
0,65.76
0,65.76
0,65.78
0,65.75
0,65.73
0,65.68
0,65.67
0,65.69
0,65.64
0,65.69
0,65.74
0,65.75
0,65.75
0,65.71
0,65.74
0,65.72
0,65.65
0,65.66
0,65.63
0,65.65
0,65.69
0,65.64
0,65.66
0,65.66
0,65.67
0,65.65
0,65.68
0,65.69
0,65.71
0,65.72
0,65.72
0,65.72
0,65.72
0,65.68
0,65.68
0,65.67
0,65.68
0,65.71
0,65.66
0,65.68
0,65.61
0,65.62
0,65.65
0,65.67
0,65.68
0,65.63
0,65.66
0,65.68
0,65.68
0,65.65
0,65.69
0,65.66
0,65.65
0,65.67
0,65.68
0,65.66
0,65.62
0,65.68
0,65.63
0,65.63
0,65.63
0,65.62
0,65.6
0,65.58
0,65.59
0,65.61
0,65.61
0,65.58
0,65.61
0,65.54
0,65.6
0,65.59
0,65.6
0,65.64
0,65.64
0,65.6
0,65.61
0,65.65
0,65.7
0,65.69
0,65.68
0,65.68
0,65.66
0,65.7
0,65.68
0,65.69
0,65.74
0,65.68
0,65.74
0,65.72
0,65.73
0,65.7
0,65.71
0,65.68
0,65.66
0,65.65
0,65.66
0,65.68
0,65.68
0,65.68
0,65.67
0,65.66
0,65.62
0,65.64
0,65.68
0,65.62
0,65.65
0,65.66
0,65.65
0,65.61
0,65.63
0,65.66
0,65.66
0,65.62
0,65.66
0,65.58
0,65.6
0,65.59
0,65.6
0,65.58
0,65.6
0,65.56
0,65.56
0,65.58
0,65.55
0,65.54
0,65.6
0,65.59
0,65.6
0,65.6
0,65.62
0,65.65
0,65.54
0,65.55
0,65.6
0,65.61
0,65.65
0,65.68
0,65.68
0,65.66
0,65.62
0,65.63
0,65.68
0,65.69
0,65.71
0,65.74
0,65.8
0,65.75
0,65.79
0,65.77
0,65.74
0,65.74
0,65.72
0,65.74
0,65.78
0,65.76
0,65.78
0,65.76
0,65.74
0,65.78
0,65.74
0,65.76
0,65.78
0,65.8
0,65.81
0,65.8
0,65.81
0,65.81
0,65.81
0,65.84
0,65.79
0,65.75
0,65.77
0,65.71
0,65.7
0,65.72
0,65.74
0,65.74
0,65.72
0,65.74
0,65.72
0,65.73
0,65.72
0,65.67
0,65.66
0,65.71
0,65.74
0,65.74
0,65.74
0,65.75
0,65.74
0,65.64
0,65.64
0,65.63
0,65.65
0,65.56
0,65.58
0,65.56
0,65.53
0,65.48
0,65.52
0,65.52
0,65.52
0,65.56
0,65.62
0,65.69
0,65.71
0,65.73
0,65.74
0,65.32
0,65.17
0,65.13
0,65.17
0,65.1
0,65.24
0,65.24
0,65.25
0,65.25
0,65.35
0,65.1
0,65.07
0,65.09
0,65.18
0,65.12
0,65.04
0,65.01
0,65.02
0,65.05
0,65.12
0,64.97
0,64.93
0,64.86
0,64.81
0,64.89
0,64.89
0,64.85
0,64.91
0,64.88
0,64.81
0,64.81
0,64.82
0,64.8
0,64.77
0,64.78
0,64.65
0,64.62
0,64.74
0,64.8
0,64.82
0,64.95
0,65.02
0,64.87
0,64.78
0,64.78
0,64.74
0,64.87
0,64.77
0,64.75
0,64.78
0,64.87
0,64.84
0,64.94
0,64.9
0,64.93
0,64.9
0,64.88
0,64.81
0,64.81
0,64.81
0,64.79
0,64.83
0,64.95
0,64.91
0,64.89
0,64.92
0,64.92
0,64.97
0,64.93
0,64.89
0,64.87
0,64.81
0,64.84
0,64.77
0,64.74
0,64.72
0,64.69
0,64.62
0,64.66
0,64.75
0,64.82
0,64.84
0,64.75
0,64.8
0,64.76
0,64.72
0,64.68
0,64.68
0,64.67
0,64.71
0,64.68
0,64.68
0,64.69
0,64.75
0,64.75
0,64.78
0,64.79
0,64.75
0,64.74
0,64.78
0,64.85
0,64.87
0,64.86
0,64.84
0,64.88
0,64.86
0,64.88
0,64.88
0,64.88
0,64.88
0,64.87
0,64.87
0,64.91
0,64.95
0,64.9
0,64.83
0,64.82
0,64.81
0,64.73
0,64.71
0,64.75
0,64.82
0,64.78
0,64.74
0,64.75
0,64.75
0,64.72
0,64.68
0,64.64
0,64.56
0,64.54
0,64.57
0,64.57
0,64.65
0,64.62
0,64.68
0,64.66
0,64.67
0,64.69
0,64.65
0,64.62
0,64.63
0,64.53
0,64.53
0,64.54
0,64.5
0,64.52
0,64.52
0,64.48
0,64.46
0,64.46
0,64.46
0,64.4
0,64.44
0,64.46
0,64.5
0,64.5
0,64.46
0,64.47
0,64.53
0,64.5
0,64.51
0,64.49
0,64.53
0,64.56
0,64.55
0,64.54
0,64.56
0,64.56
0,64.56
0,64.52
0,64.55
0,64.49
0,64.48
0,64.44
0,64.43
0,64.4
0,64.4
0,64.45
0,64.46
0,64.4
0,64.37
0,64.32
0,64.38
0,64.43
0,64.46
0,64.44
0,64.43
0,64.44
0,64.49
0,64.48
0,64.5
0,64.52
0,64.5
0,64.48
0,64.5
0,64.5
0,64.53
0,64.54
0,64.56
0,64.53
0,64.54
0,64.53
0,64.54
0,64.54
0,64.56
0,64.46
0,64.43
0,64.37
0,64.36
0,64.3
0,64.31
0,64.32
0,64.32
0,64.31
0,64.26
0,64.3
0,64.23
0,64.27
0,64.23
0,64.26
0,64.31
0,64.3
0,64.29
0,64.28
0,64.26
0,64.19
0,64.28
0,64.32
0,64.32
0,64.29
0,64.28
0,64.32
0,64.3
0,64.35
0,64.32
0,64.32
0,64.35
0,64.34
0,64.31
0,64.31
0,64.36
0,64.4
0,64.41
0,64.4
0,64.44
0,64.42
0,64.47
0,64.38
0,64.41
0,64.37
0,64.36
0,64.4
0,64.39
0,64.38
0,64.36
0,64.38
0,64.47
0,64.4
0,64.39
0,64.43
0,64.47
0,64.48
0,64.46
0,64.46
0,64.44
0,64.43
0,64.44
0,64.42
0,64.4
0,64.41
0,64.46
0,64.42
0,64.4
0,64.37
0,64.35
0,64.34
0,64.38
0,64.34
0,64.32
0,64.36
0,64.47
0,64.58
0,64.63
0,64.57
0,64.62
0,64.6
0,64.52
0,64.47
0,64.38
0,64.38
0,64.38
0,64.37
0,64.35
0,64.37
0,64.34
0,64.34
0,64.32
0,64.34
0,64.32
0,64.27
0,64.26
0,64.25
0,64.17
0,64.09
0,64.14
0,64.22
0,64.21
0,64.24
0,64.25
0,64.18
0,64.22
0,64.19
0,64.14
0,64.15
0,64.16
0,64.22
0,64.16
0,64.12
0,64.13
0,64.28
0,64.24
0,64.22
0,64.28
0,64.31
0,64.27
0,64.26
0,64.26
0,64.18
0,64.26
0,64.13
0,64.12
0,64.08
0,64.14
0,64.12
0,64.12
0,64.1
0,64.12
0,64.16
0,64.18
0,64.16
0,64.16
0,64.15
0,64.2
0,64.18
0,64.19
0,64.18
0,64.23
0,64.28
0,64.28
0,64.28
0,64.26
0,64.28
0,64.31
0,64.37
0,64.36
0,64.34
0,64.32
0,64.31
0,64.31
0,64.31
0,64.35
0,64.28
0,64.29
0,64.38
0,64.6
0,64.59
0,64.66
0,64.62
0,64.56
0,64.47
0,64.48
0,64.48
0,64.47
0,64.47
0,64.43
0,64.36
0,64.37
0,64.31
0,64.32
0,64.28
0,64.32
0,64.34
0,64.37
0,64.4
0,64.74
0,64.74
0,64.66
0,64.78
0,64.82
0,64.86
0,64.81
0,64.75
0,64.75
0,64.77
0,64.71
0,64.74
0,64.72
0,64.68
0,64.64
0,64.63
0,64.78
0,64.7
0,64.78
0,64.74
0,64.9
0,64.92
0,64.75
0,64.74
0,64.71
0,64.71
0,64.78
0,64.74
0,64.74
0,64.74
0,64.74
0,64.62
0,64.65
0,64.78
0,64.72
0,64.76
0,64.69
0,64.66
0,64.66
0,64.75
0,64.69
0,64.62
0,64.6
0,64.61
0,64.63
0,64.65
0,64.68
0,64.71
0,64.56
0,64.52
0,64.56
0,64.54
0,64.46
0,64.46
0,64.42
0,64.44
0,64.39
0,64.41
0,64.4
0,64.35
0,64.32
0,64.28
0,64.36
0,64.43
0,64.42
0,64.44
0,64.44
0,64.43
0,64.4
0,64.36
0,64.31
0,64.28
0,64.24
0,64.23
0,64.22
0,64.18
0,64.21
0,64.16
0,64.21
0,64.21
0,64.22
0,64.19
0,64.22
0,64.21
0,64.26
0,64.28
0,64.28
0,64.27
0,64.29
0,64.24
0,64.18
0,64.13
0,64.12
0,64.19
0,64.25
0,64.24
0,64.31
0,64.32
0,64.28
0,64.37
0,64.38
0,64.42
0,64.39
0,64.4
0,64.44
0,64.5
0,64.4
0,64.38
0,64.34
0,64.28
0,64.24
0,64.31
0,64.28
0,64.29
0,64.26
0,64.22
0,64.24
0,64.22
0,64.22
0,64.31
0,64.31
0,64.3
0,64.33
0,64.34
0,64.3
0,64.32
0,64.32
0,64.32
0,64.32
0,64.26
0,64.24
0,64.28
0,64.24
0,64.24
0,64.22
0,64.2
0,64.15
0,64.1
0,64.09
0,64.12
0,64.17
0,64.13
0,64.06
0,63.98
0,63.94
0,63.91
0,63.92
0,63.9
0,63.9
0,63.93
0,63.91
0,63.88
0,63.88
0,63.92
0,63.92
0,63.91
0,63.96
0,63.9
0,63.77
0,63.84
0,63.83
0,63.83
0,63.9
0,63.88
0,63.92
0,63.88
0,63.86
0,63.9
0,63.84
0,63.84
0,63.8
0,63.86
0,63.86
0,63.86
0,63.88
0,63.88
0,63.9
0,63.92
0,63.89
0,63.9
0,63.94
0,63.96
0,63.98
0,63.9
0,63.92
0,63.9
0,63.89
0,63.88
0,63.84
0,63.87
0,63.84
0,63.92
0,63.96
0,63.97
0,64.05
0,64.05
0,64.06
0,64.1
0,64.18
0,64.12
0,64.06
0,64.12
0,64.12
0,64.18
0,64.17
0,64.16
0,64.22
0,64.24
0,64.25
0,64.18
0,64.13
0,64.11
0,64.08
0,64.04
0,64.04
0,64.06
0,64.02
0,64.04
0,64.09
0,64.18
0,64.12
0,64.13
0,64.06
0,64.09
0,64.1
0,64.1
0,64.16
0,64.24
0,64.22
0,64.18
0,64.22
0,64.22
0,64.22
0,64.22
0,64.21
0,64.22
0,64.22
0,64.22
0,64.17
0,64.22
0,64.22
0,64.23
0,64.22
0,64.2
0,64.17
0,64.18
0,64.19
0,64.18
0,64.18
0,64.18
0,64.11
0,64.1
0,64.1
0,64.17
0,64.18
0,64.17
0,64.18
0,64.17
0,64.18
0,64.16
0,64.16
0,64.16
0,64.15
0,64.16
0,64.17
0,64.24
0,64.21
0,64.17
0,64.19
0,64.21
0,64.22
0,64.31
0,64.36
0,64.33
0,64.31
0,64.29
0,64.31
0,64.28
0,64.28
0,64.3
0,64.29
0,64.32
0,64.28
0,64.28
0,64.29
0,64.28
0,64.22
0,64.22
0,64.2
0,64.22
0,64.22
0,64.21
0,64.25
0,64.29
0,64.29
0,64.3
0,64.31
0,64.34
0,64.32
0,64.3
0,64.28
0,64.26
0,64.24
0,64.24
0,64.3
0,64.31
0,64.3
0,64.21
0,64.24
0,64.22
0,64.22
0,64.19
0,64.16
0,64.18
0,64.11
0,64.07
0,64.12
0,64.12
0,64.17
0,64.18
0,64.22
0,64.25
0,64.22
0,64.22
0,64.24
0,64.22
0,64.23
0,64.22
0,64.23
0,64.2
0,64.23
0,64.26
0,64.29
0,64.28
0,64.28
0,64.31
0,64.25
0,64.24
0,64.22
0,64.21
0,64.22
0,64.24
0,64.26
0,64.28
0,64.27
0,64.28
0,64.32
0,64.34
0,64.34
0,64.34
0,64.36
0,64.34
0,64.4
0,64.34
0,64.34
0,64.32
0,64.32
0,64.32
0,64.32
0,64.38
0,64.33
0,64.34
0,64.32
0,64.28
0,64.28
0,64.28
0,64.3
0,64.31
0,64.31
0,64.28
0,64.29
0,64.28
0,64.28
0,64.31
0,64.28
0,64.28
0,64.28
0,64.28
0,64.27
0,64.31
0,64.32
0,64.3
0,64.28
0,64.33
0,64.34
0,64.36
0,64.37
0,64.34
0,64.45
0,64.37
0,64.3
0,64.43
0,64.21
0,64.12
0,64.32
0,64.29
0,64.35
0,64.32
0,64.3
0,64.25
0,64.31
0,64.41
0,64.37
0,64.5
0,64.69
0,64.71
0,64.86
0,64.73
0,64.75
0,64.88
0,64.82
0,64.83
0,64.71
0,64.73
0,64.52
0,64.55
0,64.59
0,64.74
0,64.6
0,64.6
0,64.68
0,64.66
0,64.67
0,64.62
0,64.69
0,64.69
0,64.69
0,64.73
0,64.73
0,64.76
0,64.69
0,64.76
0,64.78
0,64.85
0,64.82
0,64.91
0,64.86
0,64.8
0,64.82
0,64.84
0,64.87
0,64.78
0,64.75
0,64.86
0,64.79
0,64.77
0,64.86
0,64.87
0,64.83
0,64.84
0,64.8
0,64.8
0,64.74
0,64.68
0,64.66
0,64.7
0,64.68
0,64.67
0,64.73
0,64.76
0,64.66
0,64.71
0,64.72
0,64.63
0,64.68
0,64.63
0,64.68
0,64.59
0,64.55
0,64.54
0,64.48
0,64.5
0,64.52
0,64.54
0,64.57
0,64.59
0,64.66
0,64.6
0,64.57
0,64.62
0,64.58
0,64.66
0,64.71
0,64.7
0,64.66
0,64.65
0,64.68
0,64.71
0,64.69
0,64.72
0,64.7
0,64.62
0,64.6
0,64.65
0,64.68
0,64.69
0,64.8
0,64.72
0,64.68
0,64.66
0,64.68
0,64.71
0,64.68
0,64.68
0,64.69
0,64.59
0,64.58
0,64.66
0,64.68
0,64.67
0,64.69
0,64.66
0,64.65
0,64.68
0,64.66
0,64.66
0,64.81
0,64.75
0,64.8
0,64.7
0,64.73
0,64.74
0,64.72
0,64.69
0,64.72
0,64.71
0,64.72
0,64.73
0,64.72
0,64.7
0,64.67
0,64.75
0,64.72
0,64.72
0,64.7
0,64.72
0,64.72
0,64.75
0,64.75
0,64.78
0,64.74
0,64.72
0,64.74
0,64.68
0,64.66
0,64.68
0,64.68
0,64.7
0,64.69
0,64.69
0,64.71
0,64.69
0,64.69
0,64.74
0,64.78
0,64.83
0,64.8
0,64.8
0,64.82
0,64.79
0,64.82
0,64.72
0,64.7
0,64.64
0,64.72
0,64.74
0,64.72
0,64.74
0,64.73
0,64.76
0,64.76
0,64.76
0,64.75
0,64.66
0,64.63
0,64.6
0,64.62
0,64.68
0,64.63
0,64.66
0,64.6
0,64.63
0,64.6
0,64.64
0,64.66
0,64.69
0,64.69
0,64.71
0,64.69
0,64.64
0,64.66
0,64.66
0,64.63
0,64.68
0,64.65
0,64.65
0,64.68
0,64.66
0,64.68
0,64.7
0,64.67
0,64.66
0,64.58
0,64.68
0,64.63
0,64.63
0,64.56
0,64.59
0,64.65
0,64.5
0,64.46
0,64.47
0,64.52
0,64.47
0,64.43
0,64.43
0,64.5
0,64.45
0,64.49
0,64.52
0,64.51
0,64.53
0,64.5
0,64.47
0,64.47
0,64.5
0,64.52
0,64.51
0,64.53
0,64.52
0,64.53
0,64.55
0,64.62
0,64.6
0,64.64
0,64.58
0,64.6
0,64.6
0,64.59
0,64.54
0,64.56
0,64.5
0,64.5
0,64.52
0,64.56
0,64.52
0,64.56
0,64.58
0,64.56
0,64.6
0,64.6
0,64.6
0,64.63
0,64.59
0,64.62
0,64.61
0,64.62
0,64.61
0,64.56
0,64.56
0,64.58
0,64.56
0,64.56
0,64.6
0,64.67
0,64.71
0,64.65
0,64.66
0,64.64
0,64.65
0,64.65
0,64.63
0,64.61
0,64.6
0,64.6
0,64.61
0,64.61
0,64.62
0,64.67
0,64.66
0,64.62
0,64.61
0,64.6
0,64.63
0,64.6
0,64.63
0,64.65
0,64.61
0,64.59
0,64.6
0,64.62
0,64.61
0,64.6
0,64.63
0,64.62
0,64.66
0,64.62
0,64.63
0,64.62
0,64.62
0,64.58
0,64.56
0,64.57
0,64.58
0,64.52
0,64.53
0,64.55
0,64.56
0,64.6
0,64.57
0,64.58
0,64.58
0,64.63
0,64.64
0,64.6
0,64.6
0,64.6
0,64.55
0,64.57
0,64.6
0,64.56
0,64.56
0,64.6
0,64.64
0,64.6
0,64.6
0,64.62
0,64.54
0,64.56
0,64.62
0,64.64
0,64.62
0,64.62
0,64.62
0,64.62
0,64.6
0,64.6
0,64.58
0,64.56
0,64.55
0,64.52
0,64.53
0,64.52
0,64.52
0,64.52
0,64.52
0,64.51
0,64.52
0,64.48
0,64.46
0,64.44
0,64.47
0,64.46
0,64.5
0,64.52
0,64.55
0,64.53
0,64.5
0,64.5
0,64.5
0,64.51
0,64.53
0,64.52
0,64.53
0,64.55
0,64.52
0,64.54
0,64.52
0,64.5
0,64.54
0,64.53
0,64.56
0,64.58
0,64.54
0,64.58
0,64.56
0,64.59
0,65.21
0,65.11
0,65.09
0,65.24
0,65.04
0,65.05
0,65.09
0,65.14
0,65.06
0,65.08
0,65.1
0,65.07
0,65.09
0,65.15
0,64.97
0,65.02
0,65.03
0,65.06
0,65.03
0,65.09
0,65.14
0,65
0,65.08
0,65.19
0,65.03
0,65.06
0,65.08
0,65.1
0,65.13
0,65.31
0,65.28
0,65.32
0,65.34
0,65.33
0,65.25
0,65.22
0,65.22
0,65.24
0,65.3
0,65.22
0,65.18
0,65.22
0,65.35
0,65.39
0,65.29
0,65.24
0,65.24
0,65.19
0,65.25
0,65.25
0,65.25
0,65.26
0,65.25
0,65.24
0,65.24
0,65.24
0,65.24
0,65.26
0,65.24
0,65.22
0,65.26
0,65.38
0,65.3
0,65.34
0,65.34
0,65.29
0,65.29
0,65.31
0,65.3
0,65.28
0,65.28
0,65.25
0,65.26
0,65.26
0,65.28
0,65.28
0,65.26
0,65.3
0,65.24
0,65.26
0,65.28
0,65.26
0,65.25
0,65.24
0,65.28
0,65.26
0,65.34
0,65.28
0,65.31
0,65.35
0,65.31
0,65.51
0,65.6
0,65.67
0,65.68
0,65.66
0,65.66
0,65.66
0,65.58
0,65.62
0,65.56
0,65.54
0,65.52
0,65.52
0,65.47
0,65.47
0,65.44
0,65.39
0,65.44
0,65.5
0,65.46
0,65.44
0,65.46
0,65.44
0,65.45
0,65.43
0,65.43
0,65.43
0,65.44
0,65.41
0,65.4
0,65.4
0,65.4
0,65.42
0,65.49
0,65.52
0,65.56
0,65.6
0,65.56
0,65.6
0,65.59
0,65.59
0,65.59
0,65.6
0,65.59
0,65.61
0,65.61
0,65.6
0,65.59
0,65.6
0,65.63
0,65.68
0,65.66
0,65.71
0,65.79
0,65.76
0,65.76
0,65.76
0,65.75
0,65.7
0,65.68
0,65.62
0,65.72
0,65.73
0,65.74
0,65.74
0,65.74
0,65.68
0,65.63
0,65.6
0,65.64
0,65.63
0,65.62
0,65.6
0,65.59
0,65.53
0,65.54
0,65.56
0,65.54
0,65.54
0,65.54
0,65.56
0,65.6
0,65.61
0,65.59
0,65.59
0,65.6
0,65.62
0,65.62
0,65.62
0,65.62
0,65.64
0,65.66
0,65.65
0,65.66
0,65.78
0,65.66
0,65.65
0,65.65
0,65.62
0,65.61
0,65.56
0,65.45
0,65.56
0,65.51
0,65.53
0,65.57
0,65.5
0,65.51
0,65.54
0,65.54
0,65.56
0,65.56
0,65.56
0,65.58
0,65.61
0,65.64
0,65.65
0,65.68
0,65.66
0,65.62
0,65.62
0,65.62
0,65.66
0,65.63
0,65.64
0,65.62
0,65.62
0,65.64
0,65.65
0,65.64
0,65.62
0,65.61
0,65.67
0,65.65
0,65.62
0,65.6
0,65.6
0,65.58
0,65.61
0,65.67
0,65.68
0,65.65
0,65.66
0,65.69
0,65.68
0,65.71
0,65.73
0,65.73
0,65.68
0,65.69
0,65.68
0,65.67
0,65.68
0,65.66
0,65.71
0,65.72
0,65.69
0,65.7
0,65.72
0,65.72
0,65.74
0,65.72
0,65.66
0,65.66
0,65.65
0,65.62
0,65.62
0,65.64
0,65.66
0,65.65
0,65.68
0,65.68
0,65.66
0,65.65
0,65.65
0,65.66
0,65.66
0,65.68
0,65.74
0,65.74
0,65.71
0,65.74
0,65.73
0,65.72
0,65.68
0,65.68
0,65.66
0,65.65
0,65.66
0,65.62
0,65.67
0,65.71
0,65.64
0,65.64
0,65.62
0,65.6
0,65.52
0,65.54
0,65.56
0,65.55
0,65.54
0,65.54
0,65.46
0,65.4
0,65.46
0,65.48
0,65.46
0,65.46
0,65.46
0,65.48
0,65.49
0,65.5
0,65.51
0,65.56
0,65.56
0,65.57
0,65.6
0,65.62
0,65.62
0,65.61
0,65.59
0,65.57
0,65.59
0,65.5
0,65.52
0,65.5
0,65.52
0,65.59
0,65.51
0,65.5
0,65.53
0,65.52
0,65.52
0,65.56
0,65.54
0,65.58
0,65.56
0,65.54
0,65.53
0,65.56
0,65.55
0,65.52
0,65.53
0,65.53
0,65.52
0,65.51
0,65.53
0,65.53
0,65.52
0,65.54
0,65.57
0,65.59
0,65.54
0,65.54
0,65.53
0,65.51
0,65.54
0,65.56
0,65.54
0,65.55
0,65.53
0,65.53
0,65.47
0,65.47
0,65.42
0,65.44
0,65.4
0,65.39
0,65.45
0,65.46
0,65.5
0,65.5
0,65.5
0,65.52
0,65.52
0,65.55
0,65.6
0,65.57
0,65.54
0,65.54
0,65.55
0,65.52
0,65.53
0,65.5
0,65.49
0,65.47
0,65.47
0,65.52
0,65.54
0,65.5
0,65.46
0,64.91
0,65.04
0,64.9
0,64.84
0,64.84
0,64.9
0,64.75
0,64.76
0,64.91
0,64.84
0,64.86
0,64.92
0,64.67
0,64.6
0,64.71
0,64.6
0,64.68
0,64.66
0,64.72
0,64.75
0,64.63
0,64.62
0,64.69
0,64.67
0,64.68
0,64.59
0,64.6
0,64.59
0,64.71
0,64.74
0,64.74
0,64.72
0,64.78
0,64.78
0,64.74
0,64.69
0,64.75
0,64.72
0,64.7
0,64.75
0,64.82
0,64.78
0,64.76
0,64.78
0,64.72
0,64.75
0,64.78
0,64.79
0,64.79
0,64.78
0,64.81
0,64.76
0,64.86
0,64.76
0,64.86
0,64.85
0,64.8
0,64.84
0,64.88
0,64.93
0,64.86
0,64.87
0,64.84
0,64.81
0,64.78
0,64.76
0,64.71
0,64.74
0,64.72
0,64.74
0,64.7
0,64.76
0,64.79
0,64.84
0,64.84
0,64.83
0,64.82
0,64.86
0,64.8
0,64.77
0,64.78
0,64.74
0,64.75
0,64.75
0,64.79
0,64.82
0,64.71
0,64.78
0,64.72
0,64.72
0,64.66
0,64.72
0,64.68
0,64.69
0,64.67
0,64.64
0,64.67
0,64.68
0,64.72
0,64.72
0,64.74
0,64.75
0,64.79
0,64.79
0,64.81
0,64.77
0,64.75
0,64.77
0,64.72
0,64.74
0,64.74
0,64.76
0,64.74
0,64.7
0,64.74
0,64.72
0,64.72
0,64.69
0,64.69
0,64.68
0,64.66
0,64.66
0,64.67
0,64.7
0,64.68
0,64.63
0,64.62
0,64.65
0,64.6
0,64.59
0,64.56
0,64.53
0,64.52
0,64.54
0,64.53
0,64.52
0,64.53
0,64.51
0,64.47
0,64.47
0,64.46
0,64.47
0,64.48
0,64.51
0,64.44
0,64.39
0,64.35
0,64.41
0,64.41
0,64.37
0,64.33
0,64.35
0,64.31
0,64.31
0,64.31
0,64.35
0,64.36
0,64.38
0,64.32
0,64.4
0,64.4
0,64.38
0,64.38
0,64.39
0,64.38
0,64.4
0,64.42
0,64.45
0,64.44
0,64.43
0,64.42
0,64.44
0,64.46
0,64.46
0,64.47
0,64.49
0,64.5
0,64.52
0,64.47
0,64.46
0,64.47
0,64.46
0,64.46
0,64.44
0,64.44
0,64.46
0,64.46
0,64.48
0,64.44
0,64.47
0,64.49
0,64.5
0,64.5
0,64.5
0,64.55
0,64.53
0,64.56
0,64.57
0,64.57
0,64.59
0,64.62
0,64.62
0,64.56
0,64.57
0,64.53
0,64.5
0,64.54
0,64.53
0,64.53
0,64.53
0,64.52
0,64.56
0,64.53
0,64.52
0,64.52
0,64.56
0,64.6
0,64.63
0,64.61
0,64.64
0,64.63
0,64.67
0,64.67
0,64.67
0,64.69
0,64.69
0,64.71
0,64.69
0,64.7
0,64.71
0,64.72
0,64.75
0,64.72
0,64.7
0,64.7
0,64.72
0,64.72
0,64.71
0,64.72
0,64.72
0,64.72
0,64.72
0,64.81
0,64.85
0,64.82
0,64.8
0,64.79
0,64.75
0,64.74
0,64.75
0,64.75
0,64.74
0,64.76
0,64.74
0,64.75
0,64.81
0,64.82
0,64.81
0,64.82
0,64.85
0,64.84
0,64.83
0,64.83
0,64.84
0,64.87
0,64.83
0,64.82
0,64.76
0,64.74
0,64.76
0,64.75
0,64.76
0,64.71
0,64.66
0,64.66
0,64.66
0,64.67
0,64.67
0,64.65
0,64.64
0,64.63
0,64.63
0,64.66
0,64.66
0,64.68
0,64.69
0,64.71
0,64.69
0,64.69
0,64.69
0,64.68
0,64.65
0,64.65
0,64.65
0,64.64
0,64.62
0,64.65
0,64.62
0,64.68
0,64.7
0,64.69
0,64.69
0,64.69
0,64.68
0,64.66
0,64.63
0,64.66
0,64.68
0,64.68
0,64.69
0,64.65
0,64.66
0,64.66
0,64.67
0,64.68
0,64.69
0,64.69
0,64.72
0,64.74
0,64.78
0,64.78
0,64.78
0,64.79
0,64.79
0,64.88
0,64.92
0,64.91
0,64.94
0,64.93
0,64.94
0,64.96
0,64.94
0,64.94
0,64.94
0,64.9
0,64.88
0,64.9
0,64.9
0,64.91
0,64.9
0,64.91
0,64.94
0,64.93
0,64.98
0,64.93
0,64.88
0,64.88
0,64.85
0,64.86
0,64.84
0,64.82
0,64.86
0,64.85
0,64.85
0,64.85
0,64.86
0,64.85
0,64.85
0,64.84
0,64.86
0,64.83
0,64.84
0,64.87
0,64.85
0,64.84
0,64.84
0,64.84
0,64.82
0,64.81
0,64.83
0,64.82
0,64.84
0,64.83
0,64.8
0,64.84
0,64.82
0,64.82
0,64.8
0,64.76
0,64.75
0,64.74
0,64.75
0,64.75
0,64.87
0,64.92
0,64.96
0,64.97
0,65
0,65
0,64.89
0,64.77
0,64.78
0,64.76
0,64.74
0,64.66
0,64.67
0,64.7
0,64.68
0,64.7
0,64.68
0,64.59
0,64.62
0,64.52
0,64.55
0,64.68
0,64.7
0,64.7
0,64.62
0,64.56
0,64.6
0,64.56
0,64.53
0,64.52
0,64.52
0,64.53
0,64.53
0,64.52
0,64.5
0,64.52
0,64.58
0,64.62
0,64.66
0,64.62
0,64.64
0,64.53
0,64.5
0,64.52
0,64.5
0,64.46
0,64.44
0,64.42
0,64.44
0,64.41
0,64.38
0,64.37
0,64.38
0,64.37
0,64.38
0,64.34
0,64.34
0,64.37
0,64.36
0,64.34
0,64.38
0,64.4
0,64.41
0,64.44
0,64.48
0,64.49
0,64.51
0,64.51
0,64.53
0,64.51
0,64.56
0,64.56
0,64.49
0,64.51
0,64.55
0,64.58
0,64.53
0,64.52
0,64.52
0,64.56
0,64.55
0,64.5
0,64.45
0,64.46
0,64.42
0,64.39
0,64.37
0,64.32
0,64.28
0,64.28
0,64.22
0,64.16
0,64.21
0,64.2
0,64.18
0,64.17
0,64.13
0,64.21
0,64.18
0,64.11
0,64.18
0,64.22
0,64.22
0,64.24
0,64.28
0,64.27
0,64.26
0,64.24
0,64.26
0,64.27
0,64.28
0,64.26
0,64.23
0,64.26
0,64.28
0,64.28
0,64.29
0,64.24
0,64.21
0,64.22
0,64.22
0,64.28
0,64.26
0,64.26
0,64.3
0,64.31
0,64.31
0,64.31
0,64.32
0,64.36
0,64.38
0,64.44
0,64.46
0,64.44
0,64.46
0,64.48
0,64.52
0,64.53
0,64.55
0,64.56
0,64.54
0,64.55
0,64.54
0,64.56
0,64.59
0,64.6
0,64.63
0,64.63
0,64.63
0,64.62
0,64.63
0,64.6
0,64.59
0,64.57
0,64.61
0,64.6
0,64.56
0,64.51
0,64.51
0,64.49
0,64.46
0,64.47
0,64.46
0,64.42
0,64.47
0,64.47
0,64.52
0,64.55
0,64.55
0,64.53
0,64.55
0,64.59
0,64.6
0,64.59
0,64.59
0,64.6
0,64.6
0,64.6
0,64.62
0,64.64
0,64.62
0,64.65
0,64.65
0,64.64
0,64.67
0,64.62
0,64.56
0,64.59
0,64.56
0,64.58
0,64.56
0,64.54
0,64.54
0,64.58
0,64.58
0,64.58
0,64.58
0,64.56
0,64.59
0,64.61
0,64.63
0,64.63
0,64.62
0,64.63
0,64.63
0,64.63
0,64.65
0,64.65
0,64.66
0,64.62
0,64.62
0,64.6
0,64.57
0,64.6
0,64.62
0,64.64
0,64.64
0,64.65
0,64.65
0,64.62
0,64.63
0,64.62
0,64.63
0,64.63
0,64.63
0,64.64
0,64.64
0,64.57
0,64.61
0,64.63
0,64.63
0,64.62
0,64.63
0,64.63
0,64.63
0,64.61
0,64.63
0,64.63
0,64.62
0,64.63
0,64.62
0,64.64
0,64.66
0,64.66
0,64.65
0,64.65
0,64.64
0,64.62
0,64.6
0,64.62
0,64.6
0,64.59
0,64.61
0,64.6
0,64.63
0,64.63
0,64.62
0,64.62
0,64.6
0,64.64
0,64.65
0,64.64
0,64.62
0,64.6
0,64.59
0,64.6
0,64.57
0,64.57
0,64.58
0,64.59
0,64.6
0,64.6
0,64.6
0,64.58
0,64.57
0,64.59
0,64.6
0,64.59
0,64.59
0,64.59
0,64.58
0,64.58
0,64.59
0,64.59
0,64.59
0,64.6
0,64.56
0,64.56
0,64.58
0,64.56
0,64.56
0,64.56
0,64.54
0,64.5
0,64.5
0,64.5
0,64.49
0,64.48
0,64.5
0,64.51
0,64.52
0,64.5
0,64.51
0,64.53
0,64.52
0,64.52
0,64.5
0,64.5
0,64.51
0,64.5
0,64.49
0,64.5
0,64.45
0,64.41
0,64.44
0,64.41
0,64.44
0,64.43
0,64.4
0,64.39
0,64.41
0,64.42
0,64.43
0,64.39
0,64.4
0,64.41
0,64.4
0,64.39
0,64.36
0,64.4
0,64.37
0,64.35
0,64.37
0,64.34
0,64.35
0,64.39
0,64.39
0,64.4
0,64.4
0,64.44
0,64.44
0,64.47
0,64.44
0,64.44
0,64.44
0,64.4
0,64.38
0,64.38
0,64.4
0,64.4
0,64.41
0,64.42
0,64.4
0,64.39
0,64.4
0,64.4
0,64.42
0,64.42
0,64.4
0,64.4
0,64.4
0,64.4
0,64.4
0,64.4
0,64.4
0,64.38
0,64.34
0,64.32
0,64.31
0,64.32
0,64.32
0,64.33
0,64.31
0,64.31
0,64.3
0,64.32
0,64.32
0,64.28
0,64.25
0,64.25
0,64.25
0,64.24
0,64.18
0,64.15
0,64.16
0,64.2
0,64.21
0,64.19
0,64.18
0,64.18
0,64.18
0,64.2
0,64.3
0,64.26
0,64.24
0,64.27
0,64.24
0,64.28
0,64.21
0,64.3
0,64.24
0,64.19
0,64.22
0,64.18
0,64.1
0,64.12
0,64.14
0,64.16
0,64.07
0,64.06
0,64.1
0,64.08
0,64.06
0,64.08
0,64.09
0,64.08
0,64.09
0,64.06
0,64.03
0,63.99
0,64
0,63.97
0,63.86
0,63.87
0,63.84
0,63.89
0,63.91
0,63.92
0,63.96
0,63.94
0,63.94
0,64
0,64.02
0,64.03
0,64.04
0,64.02
0,63.97
0,63.88
0,63.92
0,63.94
0,64
0,64
0,63.99
0,63.99
0,64.03
0,64.04
0,64.1
0,64.1
0,64.06
0,64.07
0,64.07
0,64.07
0,64.12
0,64.08
0,64.1
0,64.11
0,64.03
0,64.02
0,64.06
0,64.1
0,64.07
0,64.06
0,64.07
0,64.1
0,64.13
0,64.12
0,64.09
0,64.06
0,64.06
0,64.01
0,64.02
0,64.03
0,64
0,63.96
0,63.99
0,64.01
0,64.01
0,63.95
0,63.9
0,63.92
0,63.98
0,64.1
0,64.1
0,64.09
0,64.1
0,64.08
0,64.1
0,64.07
0,64.03
0,64.05
0,64.03
0,64.06
0,64.03
0,63.98
0,63.98
0,63.94
0,63.97
0,63.96
0,63.97
0,63.96
0,63.96
0,63.98
0,63.93
0,63.94
0,63.96
0,63.93
0,63.9
0,63.86
0,63.82
0,63.83
0,63.84
0,63.85
0,63.89
0,63.92
0,63.91
0,63.9
0,63.86
0,63.82
0,63.86
0,63.88
0,63.88
0,63.92
0,63.91
0,63.92
0,63.96
0,64
0,64.01
0,63.96
0,63.94
0,63.9
0,63.96
0,63.96
0,63.98
0,64.02
0,64.07
0,64.08
0,64.06
0,64
0,64.02
0,64
0,64
0,64
0,64
0,63.98
0,63.98
0,63.97
0,64.02
0,64
0,64
0,64
0,64
0,64
0,64
0,63.97
0,63.97
0,64.01
0,64
0,63.96
0,63.98
0,64
0,64.02
0,63.98
0,63.99
0,63.96
0,64.02
0,64.01
0,63.96
0,63.98
0,63.99
0,63.98
0,63.96
0,63.97
0,63.96
0,63.96
0,63.97
0,63.96
0,63.94
0,63.94
0,63.96
0,63.97
0,63.96
0,63.94
0,63.93
0,63.92
0,63.92
0,63.9
0,63.9
0,63.89
0,63.92
0,63.94
0,63.94
0,63.94
0,63.93
0,63.92
0,63.87
0,63.92
0,63.89
0,63.9
0,63.88
0,63.88
0,63.88
0,63.9
0,63.89
0,63.9
0,63.89
0,63.89
0,63.88
0,63.94
0,63.95
0,63.95
0,63.95
0,63.92
0,63.94
0,63.96
0,63.98
0,63.98
0,63.98
0,63.98
0,63.98
0,63.96
0,63.95
0,63.92
0,63.94
0,63.92
0,63.92
0,63.93
0,63.94
0,63.96
0,63.96
0,64.04
0,64.05
0,64.04
0,64.04
0,64.02
0,64.03
0,64.02
0,64.02
0,64.02
0,64
0,63.99
0,63.96
0,63.94
0,63.94
0,63.94
0,64
0,63.98
0,64
0,63.99
0,64
0,64
0,63.98
0,64
0,63.99
0,64
0,64.02
0,63.95
0,63.93
0,64.18
0,64.1
0,64.11
0,64.26
0,64.44
0,64.38
0,64.4
0,64.4
0,64.46
0,64.41
0,64.38
0,64.47
0,64.52
0,64.57
0,64.51
0,64.59
0,64.6
0,64.56
0,64.59
0,64.6
0,64.63
0,64.7
0,64.74
0,64.74
0,64.72
0,64.7
0,64.62
0,64.63
0,64.6
0,64.6
0,64.59
0,64.57
0,64.61
0,64.64
0,64.68
0,64.62
0,64.6
0,64.66
0,64.69
0,64.63
0,64.63
0,64.65
0,64.64
0,64.66
0,64.65
0,64.68
0,64.72
0,64.7
0,64.71
0,64.72
0,64.64
0,64.66
0,64.76
0,64.76
0,64.77
0,64.73
0,64.78
0,64.81
0,64.82
0,64.81
0,64.79
0,64.78
0,64.74
0,64.75
0,64.73
0,64.68
0,64.7
0,64.72
0,64.74
0,64.69
0,64.65
0,64.66
0,64.68
0,64.68
0,64.66
0,64.71
0,64.72
0,64.68
0,64.68
0,64.74
0,64.78
0,64.78
0,64.75
0,64.7
0,64.71
0,64.68
0,64.69
0,64.72
0,64.68
0,64.66
0,64.65
0,64.62
0,64.63
0,64.6
0,64.58
0,64.53
0,64.52
0,64.48
0,64.5
0,64.5
0,64.5
0,64.46
0,64.52
0,64.52
0,64.5
0,64.56
0,64.58
0,64.58
0,64.54
0,64.53
0,64.56
0,64.55
0,64.54
0,64.5
0,64.56
0,64.65
0,64.65
0,64.65
0,64.69
0,64.78
0,64.86
0,65.04
0,65.04
0,65.04
0,65.04
0,65
0,64.84
0,64.82
0,64.97
0,64.86
0,64.9
0,64.84
0,64.86
0,64.87
0,64.89
0,64.91
0,64.92
0,64.9
0,64.81
0,64.86
0,64.94
0,65.02
0,65.14
0,65.12
0,65.1
0,65
0,64.98
0,65.03
0,65.03
0,65
0,65.16
0,65.23
0,65.26
0,65.32
0,65.26
0,65.32
0,65.32
0,65.4
0,65.37
0,65.32
0,65.32
0,65.32
0,65.35
0,65.3
0,65.28
0,65.28
0,65.28
0,65.32
0,65.36
0,65.38
0,65.38
0,65.28
0,65.23
0,65.32
0,65.28
0,65.29
0,65.32
0,65.3
0,65.26
0,65.28
0,65.34
0,65.31
0,65.31
0,65.32
0,65.32
0,65.34
0,65.3
0,65.34
0,65.35
0,65.38
0,65.4
0,65.41
0,65.41
0,65.43
0,65.46
0,65.44
0,65.4
0,65.34
0,65.26
0,65.23
0,65.24
0,65.13
0,65.21
0,65.21
0,65.2
0,65.21
0,65.22
0,65.22
0,65.18
0,65.16
0,65.16
0,65.18
0,65.2
0,65.26
0,65.26
0,65.3
0,65.31
0,65.34
0,65.31
0,65.28
0,65.33
0,65.3
0,65.31
0,65.34
0,65.34
0,65.38
0,65.39
0,65.41
0,65.44
0,65.44
0,65.44
0,65.42
0,65.4
0,65.44
0,65.47
0,65.47
0,65.45
0,65.4
0,65.4
0,65.38
0,65.38
0,65.34
0,65.36
0,65.36
0,65.38
0,65.36
0,65.36
0,65.35
0,65.34
0,65.37
0,65.34
0,65.36
0,65.36
0,65.38
0,65.39
0,65.4
0,65.39
0,65.38
0,65.4
0,65.42
0,65.4
0,65.42
0,65.46
0,65.5
0,65.46
0,65.44
0,65.41
0,65.4
0,65.37
0,65.32
0,65.32
0,65.2
0,65.22
0,65.21
0,65.26
0,65.25
0,65.24
0,65.18
0,65.24
0,65.25
0,65.24
0,65.24
0,65.19
0,65.19
0,65.16
0,65.15
0,65.12
0,65.14
0,65.15
0,65.16
0,65.12
0,65.1
0,65.09
0,65.08
0,65.07
0,65.03
0,65.05
0,65.07
0,65.1
0,65.08
0,65.08
0,65.09
0,65.12
0,65.13
0,65.15
0,65.17
0,65.15
0,65.15
0,65.08
0,64.98
0,65.02
0,64.99
0,65.04
0,65
0,64.98
0,64.99
0,65.02
0,65.02
0,65.02
0,65.01
0,64.97
0,64.98
0,65
0,64.98
0,64.96
0,64.98
0,65
0,64.98
0,64.97
0,65.02
0,65.02
0,65.02
0,65.01
0,65.01
0,64.98
0,64.97
0,64.95
0,64.93
0,64.93
0,64.9
0,64.87
0,64.85
0,64.84
0,64.83
0,64.85
0,64.85
0,64.84
0,64.87
0,64.87
0,64.85
0,64.85
0,64.81
0,64.83
0,64.76
0,64.78
0,64.74
0,64.72
0,64.71
0,64.69
0,64.72
0,64.72
0,64.75
0,64.74
0,64.72
0,64.72
0,64.72
0,64.71
0,64.71
0,64.68
0,64.66
0,64.68
0,64.65
0,64.66
0,64.66
0,64.66
0,64.68
0,64.68
0,64.66
0,64.67
0,64.68
0,64.68
0,64.7
0,64.71
0,64.76
0,64.76
0,64.78
0,64.8
0,64.85
0,64.85
0,64.91
0,64.88
0,64.88
0,64.85
0,64.82
0,64.84
0,64.84
0,64.82
0,64.79
0,64.78
0,64.76
0,64.74
0,64.75
0,64.69
0,64.72
0,64.71
0,64.74
0,64.72
0,64.75
0,64.72
0,64.72
0,64.72
0,64.72
0,64.68
0,64.68
0,64.66
0,64.66
0,64.66
0,64.62
0,64.63
0,64.65
0,64.63
0,64.63
0,64.61
0,64.6
0,64.62
0,64.58
0,64.6
0,64.61
0,64.6
0,64.56
0,64.56
0,64.6
0,64.62
0,64.6
0,64.64
0,64.66
0,64.68
0,64.7
0,64.69
0,64.7
0,64.72
0,64.72
0,64.72
0,64.72
0,64.68
0,64.67
0,64.66
0,64.63
0,64.61
0,64.57
0,64.6
0,64.6
0,64.55
0,64.56
0,64.52
0,64.53
0,64.48
0,64.46
0,64.42
0,64.43
0,64.45
0,64.47
0,64.52
0,64.5
0,64.52
0,64.56
0,64.57
0,64.55
0,64.59
0,64.57
0,64.62
0,64.62
0,64.67
0,64.69
0,64.74
0,64.82
0,64.84
0,64.87
0,64.88
0,64.88
0,64.87
0,64.9
0,64.9
0,64.94
0,64.93
0,64.88
0,64.86
0,64.83
0,64.82
0,64.89
0,64.88
0,64.89
0,64.86
0,64.81
0,64.81
0,64.81
0,64.82
0,64.85
0,64.87
0,64.99
0,65.02
0,65.03
0,65.04
0,81.21
0,81.2
0,81.62
0,81.64
0,81.52
0,81.34
0,81.34
0,81.36
0,81.5
0,81.54
0,81.52
0,81.51
0,81.52
0,81.5
0,81.56
0,81.7
0,81.82
0,81.78
0,81.76
0,81.67
0,81.64
0,81.58
0,81.48
0,81.46
0,81.46
0,81.6
0,81.57
0,81.63
0,81.64
0,81.62
0,81.75
0,81.6
0,81.56
0,81.59
0,81.6
0,81.59
0,81.68
0,81.64
0,81.65
0,81.66
0,81.8
0,81.81
0,81.84
0,81.85
0,81.85
0,81.72
0,81.74
0,81.73
0,81.79
0,81.76
0,81.78
0,81.8
0,81.82
0,81.88
0,81.86
0,81.81
0,81.88
0,81.73
0,81.71
0,81.74
0,81.63
0,81.63
0,81.6
0,81.64
0,81.55
0,81.56
0,81.53
0,81.55
0,81.56
0,81.48
0,81.5
0,81.53
0,81.52
0,81.58
0,81.64
0,81.71
0,81.74
0,81.72
0,81.75
0,81.72
0,81.6
0,81.56
0,81.6
0,81.65
0,81.63
0,81.63
0,81.7
0,81.74
0,81.72
0,81.69
0,81.64
0,81.6
0,81.53
0,81.56
0,81.6
0,81.68
0,81.68
0,81.72
0,81.66
0,81.62
0,81.64
0,81.62
0,81.65
0,81.76
0,81.78
0,81.85
0,81.89
0,81.81
0,81.77
0,81.8
0,81.93
0,81.94
0,81.94
0,82
0,82
0,82
0,82
0,82.01
0,81.89
0,81.88
0,81.85
0,81.89
0,81.84
0,81.84
0,81.79
0,81.84
0,81.81
0,81.86
0,81.84
0,81.83
0,81.87
0,81.99
0,82.04
0,82
0,82
0,82
0,82
0,81.88
0,81.9
0,81.81
0,81.89
0,81.75
0,81.69
0,81.69
0,81.72
0,81.63
0,81.63
0,81.69
0,81.63
0,81.6
0,81.56
0,81.6
0,81.56
0,81.57
0,81.57
0,81.51
0,81.54
0,81.43
0,81.45
0,81.4
0,81.4
0,81.4
0,81.41
0,81.46
0,81.47
0,81.51
0,81.48
0,81.49
0,81.43
0,81.44
0,81.41
0,81.39
0,81.38
0,81.37
0,81.35
0,81.34
0,81.35
0,81.35
0,81.4
0,81.38
0,81.36
0,81.36
0,81.3
0,81.27
0,81.3
0,81.3
0,81.29
0,81.45
0,81.46
0,81.47
0,81.45
0,81.46
0,81.5
0,81.46
0,81.44
0,81.44
0,81.53
0,81.5
0,81.52
0,81.54
0,81.54
0,81.54
0,81.46
0,81.48
0,81.47
0,81.47
0,81.46
0,81.52
0,81.56
0,81.57
0,81.53
0,81.58
0,81.62
0,81.62
0,81.62
0,81.62
0,81.75
0,81.74
0,81.73
0,81.74
0,81.76
0,81.68
0,81.68
0,81.68
0,81.72
0,81.72
0,81.71
0,81.65
0,81.61
0,81.65
0,81.64
0,81.66
0,81.63
0,81.62
0,81.66
0,81.68
0,81.65
0,81.68
0,81.74
0,81.78
0,81.75
0,81.78
0,81.71
0,81.69
0,81.72
0,81.72
0,81.67
0,81.65
0,81.65
0,81.62
0,81.66
0,81.62
0,81.63
0,81.64
0,81.65
0,81.6
0,81.64
0,81.63
0,81.62
0,81.72
0,81.69
0,81.71
0,81.74
0,81.75
0,81.78
0,81.74
0,81.82
0,81.83
0,81.87
0,81.87
0,81.97
0,81.89
0,81.82
0,81.9
0,81.94
0,81.94
0,81.87
0,81.87
0,81.78
0,81.76
0,81.8
0,81.69
0,81.66
0,81.68
0,81.68
0,81.72
0,81.67
0,81.66
0,81.68
0,81.66
0,81.67
0,81.68
0,81.68
0,81.72
0,81.8
0,81.78
0,81.75
0,81.68
0,81.7
0,81.66
0,81.65
0,81.76
0,81.82
0,81.84
0,81.81
0,81.78
0,81.72
0,81.72
0,81.73
0,81.72
0,81.72
0,81.72
0,81.65
0,81.63
0,81.68
0,81.66
0,81.68
0,81.62
0,81.66
0,81.72
0,81.72
0,81.73
0,81.66
0,81.65
0,81.63
0,81.59
0,81.56
0,81.58
0,81.56
0,81.52
0,81.48
0,81.47
0,81.54
0,81.56
0,81.52
0,81.44
0,81.41
0,81.38
0,81.4
0,81.36
0,81.32
0,81.31
0,81.25
0,81.24
0,81.34
0,81.37
0,81.37
0,81.29
0,81.28
0,81.26
0,81.2
0,81.26
0,81.24
0,81.22
0,81.23
0,81.3
0,81.38
0,81.45
0,81.36
0,81.3
0,81.35
0,81.25
0,81.22
0,81.3
0,81.32
0,81.3
0,81.37
0,81.34
0,81.45
0,81.4
0,81.31
0,81.28
0,81.25
0,81.31
0,81.34
0,81.3
0,81.44
0,81.41
0,81.4
0,81.42
0,81.39
0,81.41
0,81.43
0,81.47
0,81.46
0,81.44
0,81.56
0,81.56
0,81.56
0,81.52
0,81.14
0,81.15
0,81.13
0,81.14
0,81.14
0,81.1
0,81.02
0,80.87
0,81.02
0,81.03
0,81
0,81.12
0,81.2
0,81.28
0,81.26
0,81.3
0,81.25
0,81.24
0,81.32
0,81.34
0,81.24
0,81.35
0,81.3
0,81.31
0,81.28
0,81.42
0,81.38
0,81.34
0,81.26
0,81.22
0,81.12
0,80.9
0,80.99
0,80.87
0,80.85
0,80.81
0,80.92
0,80.89
0,80.86
0,80.79
0,80.72
0,80.66
0,80.62
0,80.59
0,80.58
0,80.62
0,80.62
0,80.58
0,80.66
0,80.72
0,80.81
0,80.81
0,80.82
0,80.75
0,80.77
0,80.78
0,80.76
0,80.8
0,80.76
0,80.74
0,80.66
0,80.58
0,80.53
0,80.51
0,80.48
0,80.46
0,80.44
0,80.43
0,80.31
0,80.25
0,80.38
0,80.44
0,80.46
0,80.47
0,80.4
0,80.35
0,80.45
0,80.56
0,80.46
0,80.45
0,80.34
0,80.46
0,80.48
0,80.45
0,80.4
0,80.5
0,80.54
0,80.59
0,80.6
0,80.61
0,80.6
0,80.68
0,80.58
0,80.6
0,80.58
0,80.58
0,80.44
0,80.49
0,80.39
0,80.44
0,80.46
0,80.58
0,80.71
0,80.68
0,80.65
0,80.7
0,80.76
0,80.75
0,80.68
0,80.65
0,80.63
0,80.66
0,80.61
0,80.61
0,80.57
0,80.52
0,80.54
0,80.5
0,80.47
0,80.48
0,80.47
0,80.56
0,80.52
0,80.46
0,80.53
0,80.55
0,80.68
0,80.74
0,80.81
0,80.82
0,80.84
0,80.81
0,80.94
0,80.98
0,80.98
0,80.9
0,80.9
0,80.94
0,80.99
0,80.92
0,80.88
0,80.86
0,80.81
0,80.77
0,80.68
0,80.69
0,80.76
0,80.74
0,80.69
0,80.62
0,80.69
0,80.59
0,80.6
0,80.54
0,80.59
0,80.56
0,80.62
0,80.61
0,80.59
0,80.62
0,80.65
0,80.63
0,80.7
0,80.78
0,80.75
0,80.74
0,80.7
0,80.64
0,80.62
0,80.59
0,80.63
0,80.68
0,80.7
0,80.74
0,80.74
0,80.78
0,80.74
0,80.7
0,80.7
0,80.74
0,80.69
0,80.82
0,80.71
0,80.71
0,80.67
0,80.76
0,80.69
0,80.68
0,80.65
0,80.62
0,80.62
0,80.69
0,80.72
0,80.68
0,80.65
0,80.68
0,80.72
0,80.75
0,80.82
0,80.83
0,80.79
0,80.84
0,80.94
0,80.94
0,80.94
0,80.92
0,80.87
0,80.82
0,80.9
0,80.91
0,80.88
0,80.85
0,80.84
0,80.79
0,80.74
0,80.72
0,80.74
0,80.6
0,80.6
0,80.6
0,80.66
0,80.7
0,80.72
0,80.76
0,80.76
0,80.78
0,80.48
0,80.4
0,80.37
0,80.36
0,80.34
0,80.38
0,80.44
0,80.38
0,80.41
0,80.46
0,80.53
0,80.5
0,80.46
0,80.47
0,80.56
0,80.53
0,80.57
0,80.54
0,80.54
0,80.56
0,80.57
0,80.58
0,80.62
0,80.65
0,80.69
0,80.69
0,80.74
0,80.74
0,80.78
0,80.74
0,80.68
0,80.7
0,80.71
0,80.71
0,80.72
0,80.69
0,80.72
0,80.62
0,80.58
0,80.51
0,80.5
0,80.44
0,80.5
0,80.4
0,80.44
0,80.42
0,80.44
0,80.49
0,80.48
0,80.5
0,80.46
0,80.53
0,80.56
0,80.56
0,80.57
0,80.63
0,80.61
0,80.56
0,80.56
0,80.5
0,80.53
0,80.44
0,80.53
0,80.58
0,80.59
0,80.6
0,80.65
0,80.65
0,80.59
0,80.6
0,80.59
0,80.62
0,80.66
0,80.74
0,80.81
0,80.88
0,80.75
0,80.7
0,80.7
0,80.76
0,80.62
0,80.62
0,80.64
0,80.69
0,80.66
0,80.68
0,80.66
0,80.64
0,80.64
0,80.62
0,80.62
0,80.53
0,80.58
0,80.57
0,80.55
0,80.53
0,80.5
0,80.5
0,80.44
0,80.48
0,80.44
0,80.38
0,80.42
0,80.47
0,80.42
0,80.38
0,80.4
0,80.38
0,80.36
0,80.33
0,80.33
0,80.28
0,80.29
0,80.34
0,80.34
0,80.34
0,80.36
0,80.34
0,80.3
0,80.25
0,80.33
0,80.34
0,80.28
0,80.4
0,80.4
0,80.5
0,80.48
0,80.54
0,80.46
0,80.41
0,80.42
0,80.4
0,80.42
0,80.51
0,80.46
0,80.45
0,80.53
0,80.68
0,80.65
0,80.63
0,80.63
0,80.48
0,80.47
0,80.48
0,80.36
0,80.4
0,80.45
0,80.48
0,80.48
0,80.42
0,80.43
0,80.4
0,80.39
0,80.41
0,80.48
0,80.46
0,80.47
0,80.41
0,80.38
0,80.43
0,80.4
0,80.35
0,80.43
0,80.48
0,81.4
0,81.35
0,81.35
0,81.47
0,81.45
0,81.43
0,81.46
0,81.5
0,81.67
0,81.62
0,81.61
0,81.53
0,81.56
0,81.64
0,81.86
0,81.85
0,81.95
0,81.96
0,82
0,82.06
0,82.1
0,82.08
0,82.18
0,82.26
0,82.28
0,82.14
0,82.1
0,82.12
0,82.21
0,82.16
0,82.18
0,82.16
0,82.19
0,82.22
0,82.24
0,82.24
0,82.14
0,82
0,81.94
0,81.97
0,81.98
0,81.95
0,81.95
0,81.91
0,81.88
0,81.89
0,81.92
0,81.91
0,81.9
0,81.91
0,81.84
0,81.78
0,81.9
0,82.09
0,82.16
0,82.2
0,82.3
0,82.31
0,82.38
0,82.5
0,82.56
0,82.63
0,82.52
0,82.54
0,82.54
0,82.45
0,82.56
0,82.5
0,82.42
0,82.44
0,82.28
0,82.26
0,82.2
0,82.17
0,82.15
0,82.07
0,82.1
0,82.1
0,82.2
0,82.15
0,82.1
0,82.2
0,82.25
0,82.21
0,82.18
0,82.16
0,82.18
0,82.2
0,82.24
0,82.28
0,82.34
0,82.4
0,82.54
0,82.62
0,82.62
0,82.58
0,82.56
0,82.52
0,82.46
0,82.47
0,82.56
0,82.62
0,82.63
0,82.61
0,82.57
0,82.5
0,82.46
0,82.35
0,82.46
0,82.47
0,82.44
0,82.46
0,82.35
0,82.24
0,82.33
0,82.27
0,82.24
0,82.18
0,82.19
0,82.21
0,82.24
0,82.22
0,82.22
0,82.27
0,82.32
0,82.37
0,82.36
0,82.38
0,82.38
0,82.28
0,82.32
0,82.4
0,82.41
0,82.4
0,82.48
0,82.46
0,82.52
0,82.52
0,82.6
0,82.64
0,82.58
0,82.62
0,82.66
0,82.63
0,82.63
0,82.68
0,82.56
0,82.6
0,82.61
0,82.66
0,82.6
0,82.56
0,82.52
0,82.38
0,82.31
0,82.32
0,82.32
0,82.36
0,82.4
0,82.4
0,82.44
0,82.46
0,82.47
0,82.5
0,82.5
0,82.49
0,82.48
0,82.5
0,82.56
0,82.6
0,82.64
0,82.68
0,82.71
0,82.74
0,82.71
0,82.63
0,82.66
0,82.7
0,82.7
0,82.69
0,82.65
0,82.61
0,82.56
0,82.62
0,82.58
0,82.59
0,82.6
0,82.62
0,82.65
0,82.67
0,82.68
0,82.72
0,82.77
0,82.72
0,82.74
0,82.78
0,82.76
0,82.76
0,82.77
0,82.78
0,82.77
0,82.78
0,82.78
0,82.79
0,82.78
0,82.78
0,82.8
0,82.8
0,82.74
0,82.72
0,82.71
0,82.71
0,82.75
0,82.77
0,82.77
0,82.8
0,82.78
0,82.79
0,82.83
0,82.82
0,82.84
0,82.78
0,82.76
0,82.76
0,82.74
0,82.68
0,82.7
0,82.66
0,82.68
0,82.72
0,82.7
0,82.74
0,82.73
0,82.73
0,82.68
0,82.63
0,82.62
0,82.62
0,82.63
0,82.65
0,82.63
0,82.68
0,82.7
0,82.73
0,82.7
0,82.68
0,82.6
0,82.6
0,82.62
0,82.64
0,82.63
0,82.6
0,82.61
0,82.52
0,82.58
0,82.6
0,82.6
0,82.56
0,82.62
0,82.63
0,82.68
0,82.67
0,82.67
0,82.76
0,82.72
0,82.7
0,82.78
0,82.66
0,82.64
0,82.62
0,82.64
0,82.58
0,82.56
0,82.52
0,82.56
0,82.56
0,82.54
0,82.5
0,82.4
0,82.42
0,82.46
0,82.51
0,82.5
0,82.54
0,82.52
0,82.52
0,82.5
0,82.62
0,82.66
0,82.68
0,82.61
0,82.65
0,82.67
0,82.69
0,82.76
0,82.75
0,82.8
0,82.78
0,82.77
0,82.76
0,82.76
0,82.78
0,82.72
0,82.75
0,82.78
0,82.78
0,82.79
0,82.78
0,82.75
0,82.71
0,82.76
0,82.76
0,82.81
0,82.77
0,82.76
0,82.76
0,82.72
0,82.6
0,82.56
0,82.62
0,82.65
0,82.62
0,82.59
0,82.63
0,82.6
0,82.59
0,82.6
0,82.52
0,82.54
0,82.48
0,82.5
0,82.63
0,82.6
0,82.66
0,82.7
0,82.72
0,82.75
0,82.76
0,82.72
0,82.71
0,82.66
0,82.68
0,82.76
0,82.7
0,82.72
0,82.72
0,82.7
0,82.74
0,82.77
0,82.77
0,82.76
0,82.69
0,82.62
0,82.64
0,82.68
0,82.63
0,82.66
0,82.64
0,82.68
0,82.68
0,82.77
0,82.81
0,82.82
0,82.82
0,82.79
0,82.8
0,82.8
0,82.77
0,82.76
0,82.74
0,82.72
0,82.74
0,82.72
0,82.67
0,82.66
0,82.66
0,82.73
0,82.76
0,82.77
0,82.79
0,82.78
0,82.76
0,82.75
0,82.77
0,82.78
0,82.76
0,82.82
0,82.84
0,82.79
0,82.76
0,82.34
0,82.48
0,82.53
0,82.34
0,82.41
0,82.5
0,82.35
0,82.49
0,82.5
0,82.58
0,82.6
0,82.64
0,82.5
0,82.48
0,82.52
0,82.51
0,82.32
0,82.35
0,82.36
0,82.36
0,82.33
0,82.32
0,82.36
0,82.34
0,82.29
0,82.36
0,82.33
0,82.38
0,82.38
0,82.34
0,82.4
0,82.48
0,82.55
0,82.62
0,82.68
0,82.66
0,82.6
0,82.6
0,82.68
0,82.64
0,82.68
0,82.6
0,82.68
0,82.69
0,82.65
0,82.68
0,82.7
0,82.69
0,82.66
0,82.64
0,82.55
0,82.41
0,82.5
0,82.5
0,82.5
0,82.46
0,82.48
0,82.48
0,82.52
0,82.48
0,82.45
0,82.5
0,82.5
0,82.5
0,82.51
0,82.64
0,82.66
0,82.6
0,82.58
0,82.62
0,82.57
0,82.62
0,82.56
0,82.68
0,82.67
0,82.7
0,82.74
0,82.68
0,82.75
0,82.68
0,82.71
0,82.72
0,82.74
0,82.79
0,82.77
0,82.74
0,82.66
0,82.72
0,82.69
0,82.67
0,82.62
0,82.69
0,82.74
0,82.74
0,82.72
0,82.72
0,82.73
0,82.68
0,82.62
0,82.69
0,82.62
0,82.69
0,82.68
0,82.7
0,82.64
0,82.69
0,82.77
0,82.76
0,82.76
0,82.75
0,82.77
0,82.78
0,82.8
0,82.8
0,82.83
0,82.82
0,82.74
0,82.74
0,82.8
0,82.82
0,82.86
0,82.8
0,82.72
0,82.72
0,82.71
0,82.78
0,82.92
0,82.94
0,82.98
0,82.98
0,83.06
0,83.06
0,83.13
0,83.1
0,83.09
0,83.12
0,83.15
0,83.1
0,83.02
0,82.99
0,82.93
0,82.87
0,82.9
0,83.02
0,83.01
0,83
0,83.06
0,83.14
0,83.12
0,83.17
0,83.22
0,83.18
0,83.22
0,83.16
0,83.16
0,83.14
0,83.14
0,83.08
0,83.06
0,82.98
0,83.02
0,83.02
0,83.03
0,82.96
0,82.93
0,82.92
0,82.98
0,83.01
0,83.08
0,83.09
0,83.06
0,83.08
0,83.04
0,83.08
0,83.12
0,83.1
0,83.14
0,83.14
0,83.1
0,83.13
0,83.06
0,83.02
0,83.04
0,83.07
0,83.14
0,83.16
0,83.1
0,83.14
0,83.12
0,83.12
0,83.2
0,83.09
0,83.02
0,83.05
0,83.02
0,83.06
0,83.09
0,83.1
0,83.13
0,83.13
0,83.08
0,83.06
0,83.02
0,83.08
0,83.06
0,83.08
0,83.14
0,83.2
0,83.2
0,83.22
0,83.21
0,83.21
0,83.17
0,83.22
0,83.21
0,83.22
0,83.22
0,83.18
0,83.18
0,83.18
0,83.21
0,83.24
0,83.26
0,83.24
0,83.22
0,83.26
0,83.22
0,83.24
0,83.24
0,83.26
0,83.26
0,83.26
0,83.26
0,83.28
0,83.26
0,83.25
0,83.28
0,83.26
0,83.26
0,83.24
0,83.22
0,83.18
0,83.18
0,83.21
0,83.22
0,83.26
0,83.27
0,83.24
0,83.22
0,83.21
0,83.22
0,83.24
0,83.24
0,83.26
0,83.28
0,83.23
0,83.2
0,83.13
0,83.02
0,83.02
0,82.98
0,82.96
0,82.92
0,82.94
0,82.96
0,82.96
0,82.96
0,82.96
0,82.96
0,82.95
0,82.93
0,82.98
0,82.98
0,83
0,82.98
0,83
0,82.97
0,82.98
0,83
0,82.96
0,83
0,82.94
0,83
0,83
0,83.04
0,83.06
0,83.16
0,83.16
0,83.13
0,83.12
0,83.2
0,83.22
0,83.17
0,83.16
0,83.14
0,83.14
0,83.18
0,83.16
0,83.13
0,83.07
0,83.07
0,83.04
0,83.04
0,83.04
0,83.02
0,83.01
0,82.99
0,83.02
0,83.02
0,83
0,83
0,82.97
0,83
0,83.04
0,83.03
0,83
0,82.98
0,82.88
0,82.94
0,82.88
0,82.89
0,82.88
0,82.83
0,82.78
0,82.77
0,82.74
0,82.75
0,82.75
0,82.72
0,82.78
0,82.78
0,82.82
0,82.82
0,82.91
0,82.94
0,83
0,82.95
0,82.94
0,82.91
0,82.94
0,82.92
0,82.96
0,82.92
0,82.88
0,82.92
0,82.95
0,82.96
0,82.98
0,82.98
0,82.98
0,82.98
0,82.98
0,82.98
0,82.98
0,83.04
0,83.06
0,83.07
0,83.08
0,83.08
0,83.09
0,83.08
0,83.02
0,82.9
0,82.94
0,82.92
0,82.9
0,82.89
0,82.96
0,82.98
0,82.98
0,82.9
0,82.89
0,82.85
0,82.76
0,82.82
0,82.82
0,82.94
0,82.82
0,82.84
0,82.78
0,82.8
0,82.72
0,82.76
0,82.76
0,82.79
0,82.76
0,82.7
0,82.68
0,82.68
0,82.63
0,83.46
0,83.16
0,83.24
0,83.4
0,83.27
0,83.1
0,83.3
0,83.42
0,83.33
0,83.47
0,83.38
0,83.41
0,83.49
0,83.37
0,83.45
0,83.35
0,83.24
0,83.16
0,82.96
0,83
0,83.06
0,83.1
0,83.03
0,83.04
0,82.97
0,82.94
0,82.99
0,82.99
0,83.04
0,83.11
0,83.04
0,83.13
0,83.14
0,83.22
0,83.27
0,83.26
0,83.2
0,83.16
0,83.16
0,83.1
0,83.04
0,83.02
0,82.86
0,82.76
0,82.66
0,82.59
0,82.54
0,82.58
0,82.58
0,82.66
0,82.56
0,82.52
0,82.49
0,82.46
0,82.4
0,82.48
0,82.56
0,82.59
0,82.66
0,82.64
0,82.63
0,82.57
0,82.44
0,82.45
0,82.38
0,82.44
0,82.39
0,82.41
0,82.39
0,82.46
0,82.48
0,82.41
0,82.31
0,82.35
0,82.32
0,82.27
0,82.12
0,82.16
0,82.18
0,82.17
0,82.14
0,82.12
0,82.03
0,82.03
0,81.97
0,82.03
0,82.08
0,82.08
0,82.12
0,82.04
0,82.01
0,82.09
0,82.02
0,82.04
0,82
0,81.93
0,81.91
0,81.88
0,81.91
0,82.02
0,82
0,81.93
0,81.92
0,81.91
0,81.96
0,81.96
0,82.1
0,82.16
0,82.15
0,82.14
0,82.01
0,81.96
0,82
0,82
0,82
0,82.02
0,81.98
0,81.95
0,81.9
0,81.9
0,81.87
0,81.87
0,81.9
0,81.88
0,81.87
0,81.87
0,81.9
0,81.84
0,81.69
0,81.68
0,81.74
0,81.81
0,81.76
0,81.72
0,81.77
0,81.75
0,81.72
0,81.82
0,81.78
0,81.78
0,81.79
0,81.81
0,81.82
0,81.84
0,81.96
0,82.04
0,82.08
0,82.06
0,82.13
0,82.1
0,82.16
0,82.14
0,82.14
0,82.19
0,82.18
0,82.22
0,82.15
0,82.2
0,82.16
0,82.16
0,82.18
0,82.16
0,82.13
0,82.12
0,82.12
0,82.12
0,82.1
0,82.14
0,82.09
0,82.13
0,82.14
0,82.14
0,82.12
0,82.18
0,82.16
0,82.22
0,82.25
0,82.28
0,82.18
0,82.22
0,82.2
0,82.2
0,82.18
0,82.24
0,82.02
0,81.96
0,81.92
0,81.91
0,81.87
0,81.88
0,81.9
0,81.98
0,82.02
0,82.05
0,82.02
0,82
0,81.98
0,81.93
0,81.87
0,81.78
0,81.68
0,81.72
0,81.76
0,81.85
0,81.82
0,81.82
0,81.84
0,81.83
0,81.78
0,81.78
0,81.8
0,81.82
0,81.79
0,81.76
0,81.85
0,81.84
0,81.84
0,81.82
0,81.84
0,81.87
0,81.82
0,81.85
0,81.78
0,81.82
0,81.89
0,81.94
0,82.01
0,82.02
0,82.02
0,81.98
0,81.98
0,82.03
0,82.07
0,82.09
0,82.08
0,82.07
0,82.06
0,82.06
0,82.07
0,82.09
0,82.1
0,82.1
0,82.16
0,82.17
0,82.24
0,82.22
0,82.18
0,82.2
0,82.19
0,82.22
0,82.2
0,82.24
0,82.26
0,82.23
0,82.21
0,82.2
0,82.16
0,82.14
0,82.16
0,82.22
0,82.24
0,82.31
0,82.32
0,82.34
0,82.4
0,82.32
0,82.31
0,82.34
0,82.34
0,82.34
0,82.31
0,82.35
0,82.4
0,82.44
0,82.41
0,82.37
0,82.43
0,82.42
0,82.4
0,82.46
0,82.46
0,82.46
0,82.47
0,82.48
0,82.46
0,82.52
0,82.56
0,82.56
0,82.56
0,82.58
0,82.58
0,82.46
0,82.44
0,82.41
0,82.38
0,82.39
0,82.35
0,82.36
0,82.35
0,82.35
0,82.41
0,82.46
0,82.47
0,82.47
0,82.48
0,82.47
0,82.46
0,82.53
0,82.56
0,82.56
0,82.6
0,82.6
0,82.62
0,82.6
0,82.61
0,82.58
0,82.46
0,82.5
0,82.52
0,82.5
0,82.4
0,82.38
0,82.34
0,82.3
0,82.32
0,82.26
0,82.27
0,82.24
0,82.28
0,82.28
0,82.34
0,82.32
0,82.32
0,82.34
0,82.31
0,82.21
0,82.2
0,82.21
0,82.25
0,82.22
0,82.21
0,82.25
0,82.24
0,82.25
0,82.25
0,82.26
0,82.26
0,82.32
0,82.31
0,82.31
0,82.32
0,82.28
0,82.28
0,82.32
0,82.35
0,82.34
0,82.3
0,82.3
0,82.32
0,82.35
0,82.36
0,82.34
0,82.41
0,82.4
0,82.44
0,82.44
0,82.45
0,82.44
0,82.5
0,82.48
0,82.48
0,82.42
0,82.37
0,82.4
0,82.48
0,82.41
0,82.44
0,82.4
0,82.4
0,82.36
0,82.34
0,82.34
0,82.34
0,82.4
0,82.41
0,82.48
0,82.52
0,82.54
0,82.52
0,82.79
0,82.8
0,83.1
0,83.21
0,83.2
0,83.28
0,83.28
0,83.49
0,83.58
0,83.52
0,83.57
0,83.55
0,83.62
0,83.58
0,83.73
0,83.63
0,83.6
0,83.56
0,83.74
0,83.73
0,83.7
0,83.66
0,83.56
0,83.67
0,83.74
0,83.74
0,83.7
0,83.7
0,83.66
0,83.63
0,83.64
0,83.8
0,83.75
0,83.71
0,83.6
0,83.63
0,83.7
0,83.58
0,83.58
0,83.58
0,83.63
0,83.64
0,83.61
0,83.56
0,83.58
0,83.55
0,83.54
0,83.5
0,83.52
0,83.56
0,83.57
0,83.62
0,83.62
0,83.57
0,83.6
0,83.62
0,83.56
0,83.54
0,83.56
0,83.53
0,83.56
0,83.46
0,83.5
0,83.43
0,83.36
0,83.22
0,83.23
0,83.26
0,83.32
0,83.3
0,83.23
0,83.19
0,83.2
0,83.21
0,83.17
0,83.1
0,83.08
0,83.12
0,83.12
0,83.05
0,83.07
0,83.1
0,83.13
0,83.13
0,83.16
0,83.12
0,83.09
0,83.14
0,83.06
0,83.08
0,83.13
0,83.18
0,83.18
0,83.22
0,83.28
0,83.26
0,83.22
0,83.21
0,83.22
0,83.2
0,83.2
0,83.12
0,83.09
0,83.12
0,83.19
0,83.16
0,83.12
0,83.12
0,83.13
0,83.14
0,83.11
0,83.03
0,83.06
0,83.1
0,83.14
0,83.17
0,83.14
0,83.1
0,83.18
0,83.24
0,83.24
0,83.14
0,83.14
0,83.04
0,83.07
0,83.16
0,83.17
0,83.25
0,83.22
0,83.18
0,83.28
0,83.26
0,83.22
0,83.24
0,83.23
0,83.24
0,83.29
0,83.26
0,83.22
0,83.16
0,83.22
0,83.22
0,83.18
0,83.22
0,83.26
0,83.26
0,83.24
0,83.22
0,83.22
0,83.22
0,83.22
0,83.24
0,83.22
0,83.26
0,83.25
0,83.22
0,83.25
0,83.28
0,83.22
0,83.24
0,83.22
0,83.26
0,83.25
0,83.27
0,83.23
0,83.24
0,83.22
0,83.24
0,83.23
0,83.18
0,83.21
0,83.25
0,83.23
0,83.22
0,83.25
0,83.26
0,83.22
0,83.22
0,83.17
0,83.24
0,83.27
0,83.26
0,83.24
0,83.26
0,83.3
0,83.3
0,83.28
0,83.28
0,83.28
0,83.33
0,83.41
0,83.46
0,83.48
0,83.49
0,83.6
0,83.52
0,83.48
0,83.54
0,83.56
0,83.52
0,83.44
0,83.56
0,83.56
0,83.54
0,83.52
0,83.52
0,83.52
0,83.53
0,83.54
0,83.54
0,83.54
0,83.51
0,83.56
0,83.56
0,83.55
0,83.56
0,83.54
0,83.54
0,83.48
0,83.56
0,83.5
0,83.41
0,83.46
0,83.46
0,83.46
0,83.46
0,83.48
0,83.46
0,83.51
0,83.46
0,83.48
0,83.49
0,83.5
0,83.52
0,83.54
0,83.55
0,83.5
0,83.51
0,83.54
0,83.48
0,83.48
0,83.48
0,83.44
0,83.4
0,83.34
0,83.32
0,83.32
0,83.35
0,83.37
0,83.37
0,83.38
0,83.39
0,83.4
0,83.41
0,83.43
0,83.44
0,83.43
0,83.44
0,83.43
0,83.42
0,83.4
0,83.36
0,83.35
0,83.35
0,83.35
0,83.38
0,83.36
0,83.35
0,83.43
0,83.43
0,83.44
0,83.49
0,83.51
0,83.48
0,83.4
0,83.51
0,83.52
0,83.54
0,83.54
0,83.52
0,83.51
0,83.55
0,83.52
0,83.46
0,83.5
0,83.56
0,83.51
0,83.48
0,83.45
0,83.35
0,83.2
0,83.22
0,83.17
0,83.12
0,83.1
0,83.08
0,83.11
0,83.11
0,83.09
0,83.09
0,83.08
0,83.07
0,83.11
0,83.1
0,83.1
0,83.15
0,83.14
0,83.16
0,83.21
0,83.2
0,83.19
0,83.2
0,83.18
0,83.18
0,83.14
0,83.22
0,83.22
0,83.22
0,83.21
0,83.18
0,83.25
0,83.21
0,83.17
0,83.18
0,83.22
0,83.21
0,83.16
0,83.16
0,83.19
0,83.18
0,83.15
0,83.16
0,83.19
0,83.18
0,83.2
0,83.21
0,83.17
0,83.18
0,83.14
0,83.16
0,83.18
0,83.2
0,83.16
0,83.16
0,83.13
0,83.18
0,83.18
0,83.18
0,83.19
0,83.18
0,83.19
0,83.2
0,83.18
0,83.19
0,83.15
0,83.15
0,83.16
0,83.21
0,83.21
0,83.19
0,83.16
0,83.1
0,83.1
0,83.17
0,83.16
0,83.19
0,83.06
0,83.06
0,83.06
0,83.07
0,83.12
0,83.04
0,83.04
0,83.08
0,83.1
0,83.08
0,83.1
0,83.11
0,83.07
0,83.04
0,83.09
0,83.06
0,83.06
0,83.04
0,83.04
0,83.05
0,83.09
0,83.15
0,83.15
0,83.1
0,83.02
0,82.95
0,82.96
0,83.02
0,83.14
0,83
0,83.06
0,83.09
0,83.18
0,83.18
0,83.15
0,83.09
0,83.06
0,83.06
0,83.07
0,83.08
0,83.12
0,83.21
0,83.13
0,83.09
0,83.04
0,83.06
0,83.06
0,83.1
0,83.1
0,83.04
0,83.05
0,83.04
0,83.03
0,83.03
0,83.04
0,83.05
0,82.98
0,83
0,83.1
0,83.14
0,83.16
0,83.14
0,83.14
0,83.12
0,83.13
0,83.15
0,83.12
0,83.18
0,83.15
0,83.08
0,82.99
0,82.94
0,82.94
0,82.94
0,82.98
0,83
0,83.02
0,83.1
0,83.1
0,83.15
0,83.18
0,83.18
0,83.22
0,83.26
0,83.26
0,83.26
0,83.27
0,83.28
0,83.24
0,83.2
0,83.22
0,83.18
0,83.18
0,83.16
0,83.16
0,83.2
0,83.22
0,83.23
0,83.25
0,83.23
0,83.18
0,83.14
0,83.18
0,83.21
0,83.23
0,83.2
0,83.2
0,83.16
0,83.16
0,83.16
0,83.18
0,83.17
0,83.19
0,83.18
0,83.18
0,83.19
0,83.16
0,83.22
0,83.24
0,83.24
0,83.32
0,83.33
0,83.33
0,83.35
0,83.37
0,83.38
0,83.35
0,83.38
0,83.36
0,83.38
0,83.38
0,83.41
0,83.38
0,83.36
0,83.33
0,83.27
0,83.28
0,83.24
0,83.28
0,83.32
0,83.32
0,83.3
0,83.33
0,83.29
0,83.29
0,83.32
0,83.32
0,83.29
0,83.32
0,83.33
0,83.38
0,83.38
0,83.4
0,83.42
0,83.47
0,83.48
0,83.46
0,83.41
0,83.46
0,83.45
0,83.47
0,83.48
0,83.48
0,83.42
0,83.42
0,83.44
0,83.48
0,83.47
0,83.46
0,83.47
0,83.48
0,83.49
0,83.52
0,83.56
0,83.57
0,83.48
0,83.46
0,83.42
0,83.38
0,83.34
0,83.35
0,83.34
0,83.32
0,83.35
0,83.38
0,83.4
0,83.38
0,83.4
0,83.38
0,83.36
0,83.36
0,83.4
0,83.38
0,83.38
0,83.41
0,83.39
0,83.41
0,83.4
0,83.4
0,83.36
0,83.38
0,83.4
0,83.37
0,83.38
0,83.39
0,83.39
0,83.36
0,83.32
0,83.37
0,83.36
0,83.37
0,83.36
0,83.36
0,83.38
0,83.38
0,83.35
0,83.33
0,83.3
0,83.31
0,83.34
0,83.31
0,83.37
0,83.41
0,83.44
0,83.45
0,83.5
0,83.45
0,83.44
0,83.4
0,83.42
0,83.42
0,83.44
0,83.39
0,83.35
0,83.4
0,83.36
0,83.34
0,83.32
0,83.26
0,83.18
0,83.08
0,83.09
0,83
0,83.07
0,83.06
0,83.09
0,83.06
0,83.08
0,83
0,83.03
0,83.04
0,83.09
0,83.06
0,83.07
0,83.07
0,83.12
0,83.11
0,83.12
0,83.16
0,83.15
0,83.16
0,83.12
0,83.13
0,83.14
0,83.09
0,83.1
0,83.12
0,83.12
0,83.12
0,83.1
0,83.08
0,83.06
0,83.09
0,83.06
0,83.04
0,83
0,83.02
0,83.02
0,83.05
0,83.02
0,83.1
0,83.1
0,83.13
0,83.1
0,83.1
0,83.12
0,83.1
0,83.12
0,83.14
0,83.18
0,83.2
0,83.2
0,83.24
0,83.3
0,83.33
0,83.32
0,83.34
0,83.38
0,83.38
0,83.38
0,83.42
0,83.44
0,83.44
0,83.46
0,83.46
0,83.48
0,83.45
0,83.43
0,83.45
0,83.42
0,83.44
0,83.5
0,83.49
0,83.48
0,83.54
0,83.57
0,83.51
0,83.49
0,83.47
0,83.47
0,83.47
0,83.48
0,83.48
0,83.47
0,83.44
0,83.39
0,83.42
0,83.46
0,83.48
0,83.48
0,83.46
0,83.39
0,83.41
0,83.45
0,83.44
0,83.52
0,83.48
0,83.5
0,83.45
0,83.43
0,83.46
0,83.4
0,83.36
0,83.31
0,83.28
0,83.26
0,83.26
0,83.26
0,83.28
0,83.34
0,83.32
0,83.38
0,83.4
0,83.48
0,83.42
0,83.41
0,83.5
0,83.4
0,83.38
0,83.39
0,83.4
0,83.44
0,83.38
0,83.32
0,83.34
0,83.31
0,83.4
0,83.44
0,83.43
0,83.48
0,83.44
0,83.46
0,83.43
0,83.41
0,83.4
0,83.45
0,83.45
0,83.46
0,83.47
0,83.4
0,83.41
0,83.4
0,83.41
0,83.39
0,83.44
0,83.46
0,83.43
0,83.44
0,83.46
0,83.48
0,83.54
0,83.55
0,83.58
0,83.58
0,83.58
0,83.54
0,83.54
0,83.57
0,83.56
0,83.54
0,83.52
0,83.51
0,83.51
0,83.54
0,83.56
0,83.6
0,83.6
0,83.55
0,83.56
0,83.6
0,83.59
0,83.58
0,83.28
0,83.24
0,83.14
0,83.2
0,83.26
0,83.33
0,83.33
0,83.24
0,83.15
0,83.16
0,83.28
0,83.33
0,83.09
0,83.06
0,83.07
0,83.18
0,83.18
0,83.16
0,83.18
0,83.31
0,83.34
0,83.31
0,83.26
0,83.1
0,83.07
0,83.04
0,83.02
0,83.01
0,82.91
0,82.86
0,82.91
0,82.88
0,82.8
0,82.83
0,82.8
0,82.82
0,82.76
0,82.8
0,82.82
0,82.84
0,82.88
0,82.82
0,82.79
0,82.74
0,82.74
0,82.68
0,82.63
0,82.63
0,82.62
0,82.72
0,82.73
0,82.78
0,82.8
0,82.81
0,82.82
0,82.84
0,82.76
0,82.78
0,82.83
0,82.84
0,82.85
0,82.88
0,82.92
0,82.9
0,82.95
0,83.01
0,83.06
0,83.1
0,83.01
0,82.99
0,83.03
0,82.98
0,83.04
0,82.98
0,83
0,83.03
0,83.06
0,83.01
0,83.02
0,83.1
0,83.15
0,83.11
0,83.14
0,83.13
0,83.13
0,83.22
0,83.24
0,83.34
0,83.36
0,83.35
0,83.38
0,83.38
0,83.32
0,83.36
0,83.35
0,83.39
0,83.38
0,83.29
0,83.26
0,83.29
0,83.32
0,83.26
0,83.24
0,83.22
0,83.24
0,83.27
0,83.28
0,83.28
0,83.32
0,83.33
0,83.32
0,83.34
0,83.32
0,83.35
0,83.37
0,83.35
0,83.36
0,83.34
0,83.35
0,83.36
0,83.37
0,83.35
0,83.36
0,83.38
0,83.38
0,83.38
0,83.38
0,83.41
0,83.41
0,83.43
0,83.38
0,83.42
0,83.41
0,83.42
0,83.47
0,83.48
0,83.49
0,83.48
0,83.52
0,83.52
0,83.54
0,83.56
0,83.54
0,83.52
0,83.5
0,83.48
0,83.47
0,83.5
0,83.47
0,83.48
0,83.47
0,83.46
0,83.46
0,83.5
0,83.52
0,83.54
0,83.54
0,83.54
0,83.5
0,83.45
0,83.46
0,83.44
0,83.48
0,83.49
0,83.49
0,83.52
0,83.52
0,83.5
0,83.52
0,83.51
0,83.48
0,83.48
0,83.44
0,83.48
0,83.48
0,83.48
0,83.5
0,83.51
0,83.47
0,83.5
0,83.46
0,83.46
0,83.5
0,83.56
0,83.58
0,83.56
0,83.57
0,83.59
0,83.63
0,83.66
0,83.61
0,83.66
0,83.68
0,83.66
0,83.68
0,83.68
0,83.64
0,83.66
0,83.6
0,83.62
0,83.62
0,83.69
0,83.71
0,83.77
0,83.77
0,83.76
0,83.78
0,83.78
0,83.76
0,83.76
0,83.74
0,83.77
0,83.78
0,83.74
0,83.64
0,83.64
0,83.66
0,83.66
0,83.68
0,83.62
0,83.62
0,83.62
0,83.6
0,83.61
0,83.59
0,83.59
0,83.6
0,83.63
0,83.68
0,83.66
0,83.62
0,83.54
0,83.52
0,83.48
0,83.51
0,83.52
0,83.52
0,83.52
0,83.54
0,83.59
0,83.6
0,83.6
0,83.64
0,83.65
0,83.6
0,83.64
0,83.59
0,83.62
0,83.58
0,83.54
0,83.54
0,83.54
0,83.54
0,83.53
0,83.54
0,83.56
0,83.57
0,83.57
0,83.6
0,83.66
0,83.68
0,83.64
0,83.62
0,83.6
0,83.62
0,83.64
0,83.63
0,83.65
0,83.64
0,83.63
0,83.62
0,83.58
0,83.62
0,83.58
0,83.6
0,83.6
0,83.62
0,83.62
0,83.64
0,83.64
0,83.67
0,83.72
0,83.72
0,83.74
0,83.72
0,83.7
0,83.66
0,83.66
0,83.67
0,83.68
0,83.68
0,83.68
0,83.69
0,83.72
0,83.69
0,83.66
0,83.62
0,83.66
0,83.66
0,83.66
0,83.66
0,83.62
0,83.6
0,83.55
0,83.58
0,83.57
0,83.57
0,83.57
0,83.6
0,83.58
0,83.58
0,83.57
0,83.53
0,83.5
0,83.54
0,83.53
0,83.48
0,83.49
0,83.46
0,83.44
0,83.48
0,83.48
0,83.48
0,83.5
0,83.48
0,83.45
0,83.46
0,83.42
0,83.42
0,83.41
0,83.4
0,83.4
0,83.43
0,83.36
0,83.38
0,83.4
0,83.43
0,83.46
0,83.44
0,83.48
0,83.38
0,83.36
0,83.37
0,83.39
0,83.38
0,83.33
0,83.34
0,83.31
0,83.32
0,83.32
0,83.4
0,83.38
0,83.4
0,83.39
0,83.42
0,83.44
0,83.38
0,83.35
0,83.38
0,83.4
0,83.39
0,83.4
0,83.4
0,83.44
0,83.44
0,83.45
0,83.46
0,83.52
0,83.52
0,83.5
0,83.51
0,83.5
0,83.51
0,83.5
0,83.52
0,83.51
0,83.5
0,83.54
0,83.54
0,83.55
0,83.55
0,83.55
0,83.53
0,83.51
0,83.47
0,83.46
0,83.46
0,83.46
0,83.46
0,83.44
0,83
0,83.02
0,83.02
0,82.96
0,83.1
0,83.27
0,83.22
0,83.16
0,83.22
0,83.16
0,83.22
0,83.38
0,83.43
0,83.52
0,83.48
0,83.54
0,83.57
0,83.52
0,83.5
0,83.39
0,83.33
0,83.3
0,83.36
0,83.36
0,83.35
0,83.32
0,83.33
0,83.31
0,83.35
0,83.31
0,83.33
0,83.36
0,83.41
0,83.47
0,83.58
0,83.57
0,83.63
0,83.67
0,83.68
0,83.72
0,83.67
0,83.72
0,83.7
0,83.68
0,83.72
0,83.72
0,83.78
0,83.73
0,83.66
0,83.64
0,83.73
0,83.66
0,83.65
0,83.66
0,83.66
0,83.63
0,83.54
0,83.54
0,83.62
0,83.65
0,83.67
0,83.66
0,83.66
0,83.61
0,83.72
0,83.7
0,83.68
0,83.64
0,83.6
0,83.6
0,83.51
0,83.48
0,83.49
0,83.47
0,83.48
0,83.48
0,83.47
0,83.38
0,83.36
0,83.34
0,83.32
0,83.35
0,83.38
0,83.38
0,83.37
0,83.4
0,83.4
0,83.52
0,83.44
0,83.42
0,83.4
0,83.32
0,83.4
0,83.45
0,83.47
0,83.45
0,83.45
0,83.4
0,83.44
0,83.5
0,83.48
0,83.5
0,83.5
0,83.46
0,83.51
0,83.48
0,83.48
0,83.4
0,83.38
0,83.32
0,83.32
0,83.4
0,83.4
0,83.34
0,83.38
0,83.34
0,83.38
0,83.36
0,83.34
0,83.34
0,83.34
0,83.34
0,83.34
0,83.36
0,83.38
0,83.43
0,83.46
0,83.49
0,83.56
0,83.54
0,83.59
0,83.6
0,83.62
0,83.63
0,83.63
0,83.61
0,83.63
0,83.62
0,83.6
0,83.6
0,83.62
0,83.63
0,83.59
0,83.56
0,83.54
0,83.54
0,83.56
0,83.59
0,83.58
0,83.54
0,83.52
0,83.5
0,83.54
0,83.54
0,83.59
0,83.63
0,83.63
0,83.64
0,83.65
0,83.65
0,83.68
0,83.69
0,83.67
0,83.65
0,83.64
0,83.72
0,83.76
0,83.78
0,83.78
0,83.79
0,83.83
0,83.86
0,83.84
0,83.86
0,83.83
0,83.82
0,83.79
0,83.78
0,83.84
0,83.82
0,83.84
0,83.82
0,83.8
0,83.84
0,83.84
0,83.82
0,83.79
0,83.76
0,83.76
0,83.78
0,83.82
0,83.79
0,83.77
0,83.75
0,83.73
0,83.76
0,83.76
0,83.75
0,83.74
0,83.72
0,83.67
0,83.65
0,83.66
0,83.72
0,83.72
0,83.72
0,83.74
0,83.76
0,83.78
0,83.81
0,83.86
0,83.85
0,83.87
0,83.9
0,83.9
0,83.89
0,83.84
0,83.78
0,83.79
0,83.81
0,83.84
0,83.84
0,83.81
0,83.82
0,83.9
0,83.88
0,83.88
0,83.87
0,83.88
0,83.93
0,83.94
0,83.95
0,83.98
0,83.96
0,83.92
0,83.92
0,83.9
0,83.91
0,83.89
0,83.86
0,83.87
0,83.88
0,83.89
0,83.89
0,83.84
0,83.82
0,83.81
0,83.84
0,83.83
0,83.82
0,83.82
0,83.85
0,83.87
0,83.91
0,83.9
0,83.9
0,83.88
0,83.84
0,83.86
0,83.81
0,83.84
0,83.8
0,83.79
0,83.82
0,83.83
0,83.84
0,83.82
0,83.78
0,83.76
0,83.76
0,83.79
0,83.76
0,83.76
0,83.79
0,83.79
0,83.84
0,83.85
0,83.84
0,83.83
0,83.8
0,83.74
0,83.72
0,83.72
0,83.7
0,83.7
0,83.72
0,83.7
0,83.73
0,83.72
0,83.74
0,83.76
0,83.72
0,83.76
0,83.76
0,83.74
0,83.76
0,83.76
0,83.76
0,83.76
0,83.79
0,83.81
0,83.84
0,83.85
0,83.83
0,83.81
0,83.82
0,83.82
0,83.82
0,83.82
0,83.85
0,83.88
0,83.87
0,83.88
0,83.9
0,83.89
0,83.91
0,83.94
0,83.94
0,83.96
0,83.94
0,83.94
0,83.94
0,83.96
0,83.98
0,83.96
0,83.97
0,83.97
0,83.96
0,83.97
0,83.96
0,83.97
0,83.96
0,83.96
0,83.92
0,83.91
0,83.94
0,83.94
0,83.94
0,83.95
0,83.96
0,83.96
0,83.94
0,83.9
0,83.88
0,83.84
0,83.85
0,83.88
0,83.92
0,83.91
0,83.95
0,83.94
0,83.92
0,83.94
0,83.95
0,83.96
0,83.96
0,83.96
0,83.9
0,83.94
0,83.94
0,83.89
0,83.91
0,83.94
0,83.92
0,83.9
0,83.89
0,83.88
0,83.84
0,83.83
0,83.84
0,83.84
0,83.79
0,83.81
0,83.8
0,83.79
0,83.78
0,83.79
0,83.79
0,83.82
0,83.8
0,83.8
0,83.78
0,83.7
0,83.72
0,83.74
0,83.76
0,83.78
0,83.78
0,83.8
0,84.28
0,84.16
0,84.21
0,84.17
0,84.08
0,84.02
0,84.08
0,84.24
0,84.26
0,84.32
0,84.39
0,84.36
0,84.38
0,84.44
0,84.42
0,84.46
0,84.42
0,84.37
0,84.39
0,84.35
0,84.32
0,84.26
0,84.21
0,84.12
0,84.16
0,84.19
0,84.22
0,84.13
0,84.14
0,84.12
0,84.17
0,84.3
0,84.38
0,84.36
0,84.29
0,84.28
0,84.24
0,84.21
0,84.14
0,84.12
0,84
0,83.97
0,83.9
0,83.86
0,83.89
0,83.87
0,83.76
0,83.78
0,83.86
0,83.8
0,83.82
0,83.78
0,83.77
0,83.72
0,83.77
0,83.82
0,83.82
0,83.76
0,83.76
0,83.84
0,83.84
0,83.77
0,83.8
0,83.81
0,83.8
0,83.84
0,83.82
0,83.85
0,83.88
0,83.87
0,83.85
0,83.96
0,83.88
0,83.79
0,83.84
0,83.86
0,83.79
0,83.79
0,83.78
0,83.74
0,83.8
0,83.82
0,83.83
0,83.82
0,83.83
0,83.85
0,83.92
0,83.89
0,83.94
0,83.96
0,84.06
0,84.08
0,84.12
0,84.15
0,84.13
0,84.16
0,84.15
0,84.12
0,84.12
0,84.08
0,84.02
0,84.02
0,83.91
0,83.91
0,83.84
0,83.84
0,83.88
0,83.85
0,83.89
0,83.9
0,83.89
0,83.84
0,83.84
0,83.82
0,83.79
0,83.79
0,83.8
0,83.8
0,83.82
0,83.8
0,83.79
0,83.78
0,83.85
0,83.88
0,83.88
0,83.88
0,83.91
0,83.8
0,83.82
0,83.82
0,83.85
0,83.88
0,83.92
0,83.82
0,83.76
0,83.73
0,83.76
0,83.79
0,83.82
0,83.84
0,83.88
0,83.87
0,83.88
0,83.88
0,83.85
0,83.84
0,83.88
0,84
0,84.02
0,84.06
0,84.06
0,84.06
0,84.09
0,84.2
0,84.18
0,84.22
0,84.22
0,84.21
0,84.17
0,84.1
0,84.12
0,84.1
0,84.14
0,84.19
0,84.19
0,84.22
0,84.19
0,84.21
0,84.23
0,84.21
0,84.21
0,84.24
0,84.26
0,84.23
0,84.16
0,84.16
0,84.13
0,84.1
0,84
0,84
0,83.99
0,84.03
0,84
0,84.01
0,84.02
0,84.03
0,84.04
0,84.03
0,84.02
0,84.04
0,83.98
0,84.06
0,84.04
0,84.08
0,84.06
0,84.09
0,84.14
0,84.11
0,84.11
0,84.12
0,84.09
0,84.12
0,84.11
0,84.12
0,84.1
0,84.1
0,84.1
0,84.06
0,84.04
0,84.04
0,84.04
0,84.04
0,84.04
0,84.01
0,84.04
0,84.08
0,84.1
0,84.12
0,84.08
0,84.12
0,84.12
0,84.1
0,84.06
0,84
0,84
0,83.91
0,83.94
0,83.94
0,83.93
0,83.94
0,83.97
0,83.98
0,83.94
0,83.88
0,83.93
0,83.93
0,83.91
0,83.94
0,83.9
0,83.86
0,83.88
0,83.88
0,83.85
0,83.84
0,83.87
0,83.84
0,83.86
0,83.89
0,83.88
0,83.86
0,83.9
0,83.98
0,83.98
0,84
0,84.03
0,84.04
0,84.06
0,83.98
0,83.99
0,83.96
0,84
0,84.02
0,84.02
0,84
0,84
0,84
0,83.99
0,83.98
0,83.98
0,84.02
0,83.96
0,84
0,84.03
0,83.99
0,83.99
0,83.94
0,83.94
0,83.88
0,83.87
0,83.89
0,83.92
0,83.93
0,83.88
0,83.94
0,83.98
0,83.94
0,83.91
0,83.93
0,83.95
0,83.95
0,83.94
0,83.86
0,83.88
0,83.9
0,83.86
0,83.83
0,83.82
0,83.8
0,83.82
0,83.76
0,83.71
0,83.74
0,83.74
0,83.79
0,83.82
0,83.82
0,83.82
0,83.84
0,83.79
0,83.84
0,83.8
0,83.84
0,83.9
0,83.89
0,83.82
0,83.88
0,83.93
0,83.96
0,83.96
0,83.96
0,83.98
0,84.04
0,84.02
0,84.06
0,84.07
0,84.06
0,84.05
0,84.04
0,84.04
0,84.06
0,84.05
0,84.08
0,84.06
0,84.06
0,84.07
0,84.12
0,84.12
0,84.12
0,84.12
0,84.16
0,84.18
0,84.21
0,84.17
0,84.13
0,84.13
0,84.18
0,84.2
0,84.16
0,84.19
0,84.14
0,84.12
0,84.12
0,84.13
0,84.16
0,84.18
0,84.14
0,84.13
0,84.12
0,84.16
0,84.14
0,84.16
0,84.18
0,84.2
0,84.15
0,84.19
0,84.16
0,84.12
0,84.09
0,84.12
0,84.13
0,84.16
0,84.2
0,84.22
0,84.26
0,84.29
0,84.34
0,84.34
0,84.3
0,84.29
0,84.31
0,84.25
0,84.21
0,84.22
0,84.21
0,84.22
0,84.24
0,84.22
0,84.22
0,84.21
0,84.24
0,84.6
0,84.57
0,84.52
0,84.35
0,84.45
0,84.42
0,84.6
0,84.6
0,84.66
0,84.59
0,84.58
0,84.64
0,84.76
0,84.68
0,84.64
0,84.68
0,84.69
0,84.59
0,84.52
0,84.48
0,84.48
0,84.44
0,84.47
0,84.48
0,84.44
0,84.44
0,84.48
0,84.53
0,84.56
0,84.52
0,84.51
0,84.52
0,84.48
0,84.47
0,84.46
0,84.41
0,84.45
0,84.47
0,84.41
0,84.41
0,84.41
0,84.35
0,84.37
0,84.4
0,84.37
0,84.38
0,84.38
0,84.39
0,84.36
0,84.34
0,84.37
0,84.38
0,84.36
0,84.4
0,84.38
0,84.38
0,84.34
0,84.34
0,84.31
0,84.31
0,84.33
0,84.27
0,84.21
0,84.26
0,84.27
0,84.26
0,84.3
0,84.28
0,84.35
0,84.34
0,84.3
0,84.27
0,84.25
0,84.35
0,84.34
0,84.27
0,84.28
0,84.32
0,84.35
0,84.34
0,84.35
0,84.36
0,84.41
0,84.41
0,84.47
0,84.46
0,84.48
0,84.48
0,84.5
0,84.52
0,84.54
0,84.5
0,84.5
0,84.48
0,84.47
0,84.5
0,84.5
0,84.5
0,84.56
0,84.56
0,84.56
0,84.54
0,84.5
0,84.46
0,84.56
0,84.54
0,84.54
0,84.6
0,84.63
0,84.63
0,84.63
0,84.68
0,84.7
0,84.71
0,84.71
0,84.76
0,84.76
0,84.76
0,84.73
0,84.77
0,84.79
0,84.72
0,84.72
0,84.73
0,84.72
0,84.72
0,84.78
0,84.82
0,84.82
0,84.82
0,84.81
0,84.82
0,84.84
0,84.82
0,84.8
0,84.83
0,84.81
0,84.71
0,84.72
0,84.71
0,84.74
0,84.74
0,84.72
0,84.71
0,84.73
0,84.71
0,84.68
0,84.7
0,84.73
0,84.79
0,84.82
0,84.85
0,84.83
0,84.8
0,84.72
0,84.8
0,84.82
0,84.85
0,84.82
0,84.77
0,84.76
0,84.75
0,84.74
0,84.87
0,84.88
0,84.84
0,84.82
0,84.84
0,84.9
0,84.9
0,84.94
0,84.92
0,84.94
0,84.94
0,84.97
0,84.98
0,84.98
0,84.98
0,85.02
0,85.08
0,85.06
0,85.03
0,85.01
0,84.98
0,85
0,84.99
0,84.98
0,84.98
0,84.98
0,84.95
0,85.02
0,85.01
0,85.01
0,85.06
0,85.06
0,85.04
0,85.04
0,85.06
0,85.08
0,85.06
0,85.1
0,85.12
0,85.12
0,85.13
0,85.08
0,85.08
0,85.13
0,85.1
0,85.1
0,85.09
0,85.07
0,85.08
0,85.07
0,85.06
0,85.02
0,85
0,84.96
0,84.9
0,84.91
0,84.92
0,84.94
0,84.92
0,84.94
0,84.93
0,84.94
0,84.93
0,84.9
0,84.9
0,84.88
0,84.95
0,84.99
0,84.96
0,84.94
0,84.94
0,84.97
0,84.98
0,84.96
0,84.89
0,84.88
0,84.93
0,84.86
0,84.94
0,84.88
0,84.88
0,84.86
0,84.86
0,84.86
0,84.9
0,84.88
0,84.9
0,84.93
0,84.9
0,84.88
0,84.87
0,84.84
0,84.82
0,84.76
0,84.78
0,84.78
0,84.81
0,84.79
0,84.78
0,84.77
0,84.77
0,84.78
0,84.79
0,84.78
0,84.78
0,84.77
0,84.78
0,84.78
0,84.8
0,84.79
0,84.81
0,84.78
0,84.79
0,84.78
0,84.78
0,84.72
0,84.7
0,84.68
0,84.71
0,84.69
0,84.64
0,84.66
0,84.71
0,84.72
0,84.73
0,84.71
0,84.72
0,84.72
0,84.74
0,84.74
0,84.74
0,84.72
0,84.72
0,84.72
0,84.71
0,84.7
0,84.72
0,84.73
0,84.77
0,84.77
0,84.78
0,84.82
0,84.88
0,84.86
0,84.84
0,84.82
0,84.78
0,84.78
0,84.82
0,84.8
0,84.78
0,84.79
0,84.77
0,84.78
0,84.76
0,84.74
0,84.74
0,84.75
0,84.74
0,84.75
0,84.66
0,84.69
0,84.65
0,84.66
0,84.66
0,84.66
0,84.62
0,84.63
0,84.62
0,84.64
0,84.68
0,84.72
0,84.72
0,84.76
0,84.72
0,84.68
0,84.7
0,84.7
0,84.71
0,84.67
0,84.68
0,84.67
0,84.65
0,84.66
0,84.71
0,84.72
0,84.72
0,84.72
0,84.76
0,84.76
0,84.79
0,84.79
0,84.81
0,84.8
0,84.86
0,84.86
0,84.88
0,84.9
0,84.9
0,84.79
0,84.75
0,84.72
0,84.68
0,84.74
0,84.74
0,84.77
0,84.77
0,84.74
0,84.72
0,84.66
0,84.67
0,84.66
0,84.66
0,84.62
0,84.61
0,84.63
0,84.66
0,84.66
0,84.66
0,84.64
0,84.61
0,84.62
0,84.63
0,84.61
0,84.6
0,84.56
0,84.52
0,84.49
0,84.68
0,84.66
0,84.7
0,84.73
0,84.72
0,84.76
0,84.82
0,84.78
0,84.82
0,84.78
0,84.77
0,84.72
0,84.7
0,84.71
0,84.63
0,84.58
0,84.58
0,84.52
0,84.52
0,84.48
0,84.58
0,84.52
0,84.54
0,84.56
0,84.56
0,84.6
0,84.58
0,84.66
0,84.62
0,84.62
0,84.59
0,84.57
0,84.59
0,84.57
0,84.6
0,84.6
0,84.62
0,84.62
0,84.62
0,84.64
0,84.66
0,84.62
0,84.54
0,84.5
0,84.52
0,84.51
0,84.49
0,84.49
0,84.39
0,84.36
0,84.31
0,84.38
0,84.45
0,84.47
0,84.52
0,84.5
0,84.46
0,84.46
0,84.5
0,84.51
0,84.5
0,84.49
0,84.48
0,84.44
0,84.48
0,84.48
0,84.46
0,84.48
0,84.43
0,84.46
0,84.48
0,84.48
0,84.44
0,84.4
0,84.5
0,84.5
0,84.52
0,84.46
0,84.46
0,84.46
0,84.44
0,84.46
0,84.48
0,84.48
0,84.56
0,84.5
0,84.5
0,84.44
0,84.44
0,84.44
0,84.44
0,84.5
0,84.5
0,84.52
0,84.51
0,84.54
0,84.52
0,84.52
0,84.51
0,84.66
0,84.68
0,84.64
0,84.62
0,84.61
0,84.61
0,84.68
0,84.68
0,84.66
0,84.6
0,84.61
0,84.64
0,84.58
0,84.52
0,84.5
0,84.52
0,84.6
0,84.6
0,84.6
0,84.56
0,84.58
0,84.6
0,84.52
0,84.54
0,84.55
0,84.56
0,84.48
0,84.57
0,84.56
0,84.58
0,84.6
0,84.64
0,84.68
0,84.66
0,84.66
0,84.66
0,84.68
0,84.66
0,84.66
0,84.62
0,84.6
0,84.58
0,84.6
0,84.58
0,84.62
0,84.64
0,84.62
0,84.63
0,84.6
0,84.62
0,84.6
0,84.6
0,84.6
0,84.55
0,84.56
0,84.57
0,84.54
0,84.51
0,84.5
0,84.5
0,84.53
0,84.56
0,84.54
0,84.54
0,84.56
0,84.56
0,84.57
0,84.56
0,84.54
0,84.55
0,84.54
0,84.56
0,84.58
0,84.57
0,84.57
0,84.54
0,84.48
0,84.48
0,84.45
0,84.48
0,84.52
0,84.52
0,84.56
0,84.58
0,84.58
0,84.55
0,84.54
0,84.56
0,84.56
0,84.53
0,84.54
0,84.54
0,84.55
0,84.55
0,84.56
0,84.54
0,84.56
0,84.52
0,84.47
0,84.44
0,84.43
0,84.44
0,84.44
0,84.43
0,84.43
0,84.44
0,84.38
0,84.36
0,84.27
0,84.29
0,84.28
0,84.3
0,84.29
0,84.32
0,84.34
0,84.31
0,84.32
0,84.3
0,84.32
0,84.36
0,84.44
0,84.46
0,84.43
0,84.43
0,84.44
0,84.48
0,84.49
0,84.51
0,84.52
0,84.5
0,84.5
0,84.5
0,84.54
0,84.47
0,84.48
0,84.5
0,84.54
0,84.57
0,84.53
0,84.56
0,84.56
0,84.56
0,84.5
0,84.5
0,84.5
0,84.48
0,84.48
0,84.5
0,84.46
0,84.43
0,84.44
0,84.45
0,84.43
0,84.43
0,84.4
0,84.44
0,84.44
0,84.46
0,84.48
0,84.44
0,84.43
0,84.38
0,84.36
0,84.36
0,84.39
0,84.41
0,84.45
0,84.48
0,84.5
0,84.5
0,84.51
0,84.54
0,84.51
0,84.51
0,84.47
0,84.45
0,84.48
0,84.48
0,84.46
0,84.46
0,84.46
0,84.46
0,84.43
0,84.45
0,84.42
0,84.43
0,84.45
0,84.4
0,84.38
0,84.35
0,84.33
0,84.31
0,84.3
0,84.25
0,84.24
0,84.24
0,84.3
0,84.3
0,84.33
0,84.31
0,84.31
0,84.32
0,84.32
0,84.29
0,84.3
0,84.36
0,84.38
0,84.38
0,84.34
0,84.46
0,84.46
0,84.5
0,84.66
0,84.61
0,84.69
0,84.74
0,84.88
0,84.87
0,84.86
0,84.76
0,84.76
0,84.74
0,84.59
0,84.55
0,84.66
0,84.66
0,84.54
0,84.5
0,84.58
0,84.63
0,84.61
0,84.56
0,84.51
0,84.53
0,84.44
0,84.41
0,84.48
0,84.54
0,84.58
0,84.54
0,84.55
0,84.52
0,84.54
0,84.44
0,84.46
0,84.46
0,84.41
0,84.45
0,84.46
0,84.41
0,84.52
0,84.53
0,84.55
0,84.57
0,84.6
0,84.56
0,84.49
0,84.5
0,84.56
0,84.58
0,84.6
0,84.56
0,84.63
0,84.71
0,84.66
0,84.65
0,84.72
0,84.71
0,84.68
0,84.66
0,84.62
0,84.6
0,84.6
0,84.54
0,84.52
0,84.6
0,84.53
0,84.52
0,84.57
0,84.56
0,84.56
0,84.5
0,84.48
0,84.5
0,84.5
0,84.5
0,84.52
0,84.57
0,84.58
0,84.58
0,84.92
0,84.84
0,84.86
0,84.86
0,84.87
0,84.86
0,84.84
0,84.81
0,84.69
0,84.68
0,84.64
0,84.69
0,84.74
0,84.89
0,84.98
0,85.04
0,85.1
0,85.09
0,85.19
0,85.08
0,85.02
0,85.02
0,85
0,85.03
0,84.94
0,84.83
0,84.85
0,84.9
0,84.85
0,84.88
0,85.02
0,85.06
0,84.98
0,84.92
0,85
0,85.16
0,85.12
0,85.2
0,85.18
0,85.13
0,85.19
0,85.2
0,85.26
0,85.29
0,85.3
0,85.26
0,85.26
0,85.22
0,85.17
0,85.04
0,85.13
0,85
0,84.96
0,84.98
0,85.07
0,85.06
0,85.1
0,85.12
0,85.03
0,85.01
0,85.09
0,85.17
0,85.22
0,85.21
0,85.25
0,85.23
0,85.26
0,85.26
0,85.27
0,85.28
0,85.24
0,85.25
0,85.3
0,85.38
0,85.46
0,85.47
0,85.51
0,85.48
0,85.48
0,85.39
0,85.38
0,85.42
0,85.47
0,85.48
0,85.5
0,85.47
0,85.43
0,85.41
0,85.44
0,85.43
0,85.46
0,85.44
0,85.46
0,85.54
0,85.54
0,85.58
0,85.63
0,85.64
0,85.63
0,85.64
0,85.65
0,85.63
0,85.59
0,85.66
0,85.66
0,85.65
0,85.66
0,85.75
0,85.74
0,85.73
0,85.76
0,85.81
0,85.8
0,85.78
0,85.82
0,85.78
0,85.8
0,85.8
0,85.79
0,85.82
0,85.81
0,85.8
0,85.76
0,85.68
0,85.66
0,85.66
0,85.77
0,85.78
0,85.76
0,85.68
0,85.71
0,85.69
0,85.72
0,85.77
0,85.74
0,85.68
0,85.68
0,85.73
0,85.73
0,85.71
0,85.74
0,85.8
0,85.84
0,85.83
0,85.84
0,85.84
0,85.81
0,85.83
0,85.76
0,85.82
0,85.87
0,85.9
0,85.93
0,85.9
0,85.9
0,85.85
0,85.87
0,85.78
0,85.74
0,85.72
0,85.74
0,85.76
0,85.8
0,85.77
0,85.84
0,85.84
0,85.83
0,85.86
0,85.89
0,85.84
0,85.84
0,85.8
0,85.79
0,85.8
0,85.76
0,85.82
0,85.86
0,85.87
0,85.82
0,85.78
0,85.7
0,85.72
0,85.74
0,85.72
0,85.67
0,85.68
0,85.68
0,85.69
0,85.69
0,85.66
0,85.7
0,85.67
0,85.72
0,85.71
0,85.64
0,85.66
0,85.68
0,85.63
0,85.6
0,85.56
0,85.59
0,85.61
0,85.61
0,85.62
0,85.64
0,85.64
0,85.68
0,85.72
0,85.76
0,85.74
0,85.74
0,85.66
0,85.74
0,85.72
0,85.7
0,85.66
0,85.63
0,85.61
0,85.64
0,85.68
0,85.7
0,85.66
0,85.71
0,85.73
0,85.71
0,85.73
0,85.7
0,85.72
0,85.74
0,85.74
0,85.74
0,85.76
0,85.76
0,85.76
0,85.77
0,85.77
0,85.76
0,85.71
0,85.74
0,85.7
0,85.62
0,85.6
0,85.61
0,85.59
0,85.56
0,85.56
0,85.58
0,85.58
0,85.56
0,85.54
0,85.49
0,85.5
0,85.48
0,85.48
0,85.52
0,85.57
0,85.56
0,85.56
0,85.57
0,85.61
0,85.62
0,85.63
0,85.62
0,85.62
0,85.63
0,85.64
0,85.66
0,85.71
0,85.71
0,85.72
0,85.71
0,85.72
0,85.69
0,85.7
0,85.7
0,85.71
0,85.72
0,85.72
0,85.72
0,85.72
0,85.66
0,85.68
0,85.7
0,85.7
0,85.71
0,85.74
0,85.72
0,85.7
0,85.72
0,85.7
0,85.64
0,85.63
0,85.69
0,85.68
0,85.68
0,85.7
0,85.68
0,85.74
0,85.62
0,85.66
0,85.68
0,85.72
0,85.71
0,85.65
0,85.68
0,85.66
0,85.64
0,85.7
0,85.68
0,85.66
0,85.69
0,85.72
0,85.69
0,85.68
0,85.65
0,85.64
0,85.64
0,85.72
0,85.72
0,85.73
0,85.77
0,85.76
0,85.76
0,85.78
0,85.8
0,85.82
0,85.84
0,85.85
0,85.85
0,85.84
0,85.85
0,85.82
0,85.79
0,85.74
0,85.76
0,85.74
0,85.76
0,85.74
0,85.74
0,85.68
0,85.69
0,85.65
0,85.71
0,85.74
0,85.74
0,85.74
0,85.74
0,85.79
0,85.74
0,85.76
0,85.75
0,85.7
0,85.67
0,85.66
0,85.65
0,85.6
0,85.61
0,85.65
0,85.6
0,85.6
0,85.6
0,85.62
0,85.62
0,85.64
0,85.64
0,85.6
0,85.65
0,85.71
0,85.66
0,85.7
0,85.74
0,85.72
0,85.7
0,85.73
0,85.72
0,85.73
0,85.66
0,85.66
0,85.63
0,85.68
0,85.68
0,85.68
0,85.65
0,85.6
0,85.57
0,85.61
0,85.65
0,85.66
0,85.68
0,85.71
0,85.37
0,85.41
0,85.44
0,85.44
0,85.52
0,85.66
0,85.71
0,85.6
0,85.7
0,85.74
0,85.63
0,85.72
0,85.76
0,85.76
0,85.86
0,85.9
0,85.9
0,85.89
0,85.94
0,85.98
0,85.98
0,86
0,86.06
0,86.02
0,86.06
0,86.06
0,86.16
0,86.22
0,86.22
0,86.22
0,86.28
0,86.19
0,86.2
0,86.15
0,86.19
0,86.1
0,86.12
0,86.07
0,86.05
0,86.06
0,86.07
0,86.05
0,86.07
0,86.07
0,86.08
0,86.1
0,86.03
0,85.96
0,85.96
0,86.03
0,86.02
0,86.04
0,86.1
0,86.1
0,86.24
0,86.24
0,86.22
0,86.16
0,86.14
0,86.11
0,86.11
0,86.11
0,86.06
0,85.92
0,85.9
0,85.89
0,85.93
0,85.96
0,85.96
0,85.88
0,85.78
0,85.76
0,85.79
0,85.89
0,85.78
0,85.9
0,85.84
0,85.86
0,85.82
0,85.82
0,85.8
0,85.78
0,85.72
0,85.75
0,85.78
0,85.84
0,85.91
0,85.94
0,85.97
0,85.94
0,85.94
0,86
0,86.04
0,86.09
0,86.12
0,86.14
0,86.2
0,86.2
0,86.19
0,86.22
0,86.29
0,86.26
0,86.22
0,86.22
0,86.13
0,86.15
0,86.19
0,86.17
0,86.18
0,86.2
0,86.27
0,86.28
0,86.28
0,86.28
0,86.28
0,86.32
0,86.3
0,86.3
0,86.27
0,86.29
0,86.24
0,86.21
0,86.24
0,86.28
0,86.34
0,86.38
0,86.4
0,86.41
0,86.36
0,86.36
0,86.29
0,86.21
0,86.18
0,86.13
0,86.16
0,86.14
0,86.06
0,86.06
0,86.13
0,86.1
0,86.1
0,86.09
0,86.06
0,86.07
0,86.07
0,86.02
0,85.98
0,86.02
0,85.98
0,85.96
0,85.94
0,85.93
0,85.88
0,85.82
0,85.81
0,85.82
0,85.88
0,85.88
0,85.88
0,85.9
0,85.93
0,85.96
0,85.96
0,85.96
0,85.95
0,85.91
0,85.88
0,85.92
0,85.9
0,85.9
0,85.93
0,85.9
0,85.82
0,85.8
0,85.82
0,85.81
0,85.81
0,85.8
0,85.76
0,85.77
0,85.76
0,85.76
0,85.74
0,85.71
0,85.71
0,85.73
0,85.72
0,85.74
0,85.74
0,85.75
0,85.68
0,85.63
0,85.63
0,85.66
0,85.68
0,85.66
0,85.68
0,85.72
0,85.71
0,85.74
0,85.76
0,85.76
0,85.79
0,85.8
0,85.82
0,85.83
0,85.82
0,85.81
0,85.78
0,85.8
0,85.78
0,85.72
0,85.7
0,85.68
0,85.68
0,85.7
0,85.63
0,85.62
0,85.62
0,85.63
0,85.64
0,85.59
0,85.57
0,85.59
0,85.54
0,85.52
0,85.52
0,85.54
0,85.55
0,85.52
0,85.5
0,85.54
0,85.54
0,85.62
0,85.62
0,85.59
0,85.62
0,85.56
0,85.59
0,85.62
0,85.66
0,85.64
0,85.66
0,85.67
0,85.66
0,85.71
0,85.72
0,85.69
0,85.7
0,85.74
0,85.74
0,85.76
0,85.72
0,85.78
0,85.74
0,85.71
0,85.72
0,85.75
0,85.75
0,85.75
0,85.78
0,85.79
0,85.78
0,85.78
0,85.78
0,85.78
0,85.76
0,85.81
0,85.86
0,85.85
0,85.82
0,85.82
0,85.8
0,85.76
0,85.74
0,85.83
0,85.82
0,85.76
0,85.72
0,85.72
0,85.7
0,85.71
0,85.66
0,85.68
0,85.6
0,85.65
0,85.71
0,85.74
0,85.73
0,85.74
0,85.77
0,85.74
0,85.72
0,85.64
0,85.65
0,85.63
0,85.63
0,85.62
0,85.62
0,85.56
0,85.6
0,85.58
0,85.6
0,85.62
0,85.6
0,85.62
0,85.6
0,85.57
0,85.54
0,85.64
0,85.7
0,85.66
0,85.66
0,85.66
0,85.56
0,85.61
0,85.6
0,85.58
0,85.54
0,85.54
0,85.6
0,85.57
0,85.55
0,85.52
0,85.58
0,85.62
0,85.62
0,85.6
0,85.64
0,85.63
0,85.66
0,85.62
0,85.54
0,85.6
0,85.56
0,85.57
0,85.5
0,85.48
0,85.49
0,85.48
0,85.46
0,85.53
0,85.53
0,85.49
0,85.47
0,85.5
0,85.54
0,85.54
0,85.55
0,85.57
0,85.6
0,85.66
0,85.7
0,85.72
0,85.73
0,85.74
0,85.76
0,85.76
0,85.79
0,85.79
0,85.76
0,85.68
0,85.65
0,85.64
0,85.63
0,85.66
0,85.56
0,85.54
0,85.61
0,85.87
0,85.84
0,85.92
0,85.88
0,85.78
0,85.75
0,85.74
0,85.72
0,85.68
0,85.7
0,85.66
0,85.7
0,85.7
0,85.62
0,85.66
0,85.64
0,85.66
0,85.66
0,85.75
0,85.78
0,85.93
0,85.95
0,85.98
0,86.06
0,86.22
0,86.2
0,86.26
0,86.24
0,86.2
0,86.23
0,86.32
0,86.28
0,86.2
0,86.28
0,86.32
0,86.22
0,86.21
0,86.2
0,86.22
0,86.32
0,86.26
0,86.3
0,86.3
0,86.26
0,86.36
0,86.41
0,86.44
0,86.36
0,86.36
0,86.35
0,86.3
0,86.24
0,86.3
0,86.36
0,86.32
0,86.39
0,86.34
0,86.36
0,86.3
0,86.32
0,86.33
0,86.43
0,86.38
0,86.38
0,86.4
0,86.4
0,86.33
0,86.32
0,86.28
0,86.2
0,86.13
0,86.15
0,86.1
0,86.06
0,86.1
0,86.08
0,86.1
0,86.1
0,86.06
0,86.04
0,86.02
0,85.93
0,85.9
0,85.92
0,85.96
0,85.9
0,85.91
0,85.85
0,85.84
0,85.76
0,85.77
0,85.75
0,85.8
0,85.73
0,85.72
0,85.68
0,85.74
0,85.76
0,85.73
0,85.77
0,85.7
0,85.7
0,85.66
0,85.61
0,85.64
0,85.69
0,85.68
0,85.64
0,85.62
0,85.63
0,85.63
0,85.66
0,85.62
0,85.58
0,85.58
0,85.68
0,85.73
0,85.72
0,85.72
0,85.76
0,85.74
0,85.8
0,85.87
0,85.84
0,85.8
0,85.82
0,85.83
0,85.8
0,85.74
0,85.67
0,85.73
0,85.69
0,85.63
0,85.64
0,85.58
0,85.56
0,85.58
0,85.56
0,85.58
0,85.62
0,85.7
0,85.66
0,85.6
0,85.57
0,85.57
0,85.56
0,85.57
0,85.55
0,85.55
0,85.6
0,85.62
0,85.56
0,85.58
0,85.5
0,85.5
0,85.44
0,85.41
0,85.36
0,85.34
0,85.26
0,85.22
0,85.18
0,85.2
0,85.12
0,85.1
0,85.1
0,85.08
0,85.17
0,85.12
0,85.1
0,85.13
0,85.1
0,85.1
0,85.09
0,85.08
0,85.06
0,85.01
0,85.04
0,84.96
0,84.75
0,84.8
0,84.8
0,84.75
0,84.74
0,84.72
0,84.76
0,84.71
0,84.74
0,84.79
0,84.71
0,84.76
0,84.84
0,84.88
0,84.87
0,84.92
0,85
0,85.05
0,85.06
0,85.08
0,85.07
0,85.08
0,85.16
0,85.14
0,85.13
0,85.08
0,85.08
0,85.11
0,85.07
0,85.08
0,85.07
0,85.15
0,85.19
0,85.21
0,85.26
0,85.22
0,85.24
0,85.28
0,85.24
0,85.24
0,85.26
0,85.28
0,85.24
0,85.32
0,85.34
0,85.35
0,85.3
0,85.3
0,85.3
0,85.34
0,85.34
0,85.38
0,85.38
0,85.38
0,85.35
0,85.32
0,85.32
0,85.32
0,85.29
0,85.28
0,85.32
0,85.4
0,85.32
0,85.34
0,85.32
0,85.35
0,85.37
0,85.4
0,85.41
0,85.52
0,85.48
0,85.48
0,85.47
0,85.5
0,85.5
0,85.48
0,85.52
0,85.5
0,85.48
0,85.5
0,85.46
0,85.45
0,85.48
0,85.48
0,85.5
0,85.5
0,85.53
0,85.56
0,85.56
0,85.56
0,85.56
0,85.54
0,85.52
0,85.53
0,85.51
0,85.55
0,85.57
0,85.56
0,85.57
0,85.55
0,85.56
0,85.56
0,85.56
0,85.57
0,85.54
0,85.57
0,85.57
0,85.6
0,85.54
0,85.5
0,85.52
0,85.54
0,85.55
0,85.62
0,85.63
0,85.73
0,85.72
0,85.72
0,85.75
0,85.75
0,85.79
0,85.82
0,85.82
0,85.84
0,85.8
0,85.82
0,85.85
0,85.84
0,85.74
0,85.7
0,85.66
0,85.66
0,85.66
0,85.68
0,85.69
0,85.76
0,85.78
0,85.77
0,85.78
0,85.86
0,85.85
0,85.85
0,85.78
0,85.72
0,85.75
0,85.71
0,85.78
0,85.76
0,85.76
0,85.66
0,85.66
0,85.68
0,85.69
0,85.61
0,85.66
0,85.64
0,85.62
0,85.58
0,85.62
0,85.63
0,85.64
0,85.68
0,85.74
0,85.74
0,85.74
0,85.73
0,85.72
0,85.71
0,85.66
0,85.66
0,85.66
0,85.63
0,85.68
0,85.72
0,85.73
0,85.75
0,85.76
0,85.82
0,85.76
0,85.79
0,85.73
0,85.74
0,85.76
0,85.82
0,85.86
0,85.84
0,85.8
0,85.83
0,85.86
0,85.84
0,85.82
0,85.8
0,85.85
0,85.85
0,85.86
0,85.83
0,85.8
0,85.83
0,85.85
0,85.86
0,85.88
0,85.91
0,85.84
0,85.84
0,85.84
0,85.76
0,85.78
0,85.76
0,85.78
0,85.78
0,85.84
0,85.82
0,85.82
0,85.84
0,85.86
0,85.9
0,85.9
0,85.9
0,85.91
0,85.85
0,85.86
0,85.9
0,85.89
0,85.85
0,85.8
0,85.82
0,85.84
0,85.86
0,85.9
0,85.84
0,85.88
0,85.96
0,85.88
0,85.78
0,85.86
0,85.86
0,85.89
0,85.76
0,85.76
0,85.66
0,85.48
0,85.52
0,85.52
0,85.68
0,85.68
0,85.65
0,85.76
0,85.9
0,85.99
0,85.94
0,85.95
0,85.88
0,86.02
0,85.94
0,85.92
0,86.02
0,86.1
0,86.06
0,86.14
0,86.1
0,86.14
0,86.26
0,86.24
0,86.29
0,86.18
0,86.17
0,86.16
0,86.15
0,86.1
0,86.16
0,86.16
0,86.21
0,86.2
0,86.22
0,86.21
0,86.2
0,86.29
0,86.35
0,86.32
0,86.32
0,86.28
0,86.26
0,86.32
0,86.32
0,86.28
0,86.31
0,86.35
0,86.31
0,86.34
0,86.4
0,86.46
0,86.5
0,86.5
0,86.51
0,86.51
0,86.56
0,86.46
0,86.42
0,86.4
0,86.36
0,86.39
0,86.4
0,86.4
0,86.4
0,86.44
0,86.43
0,86.41
0,86.44
0,86.46
0,86.44
0,86.4
0,86.36
0,86.38
0,86.3
0,86.3
0,86.24
0,86.27
0,86.26
0,86.22
0,86.3
0,86.31
0,86.34
0,86.32
0,86.36
0,86.33
0,86.32
0,86.36
0,86.38
0,86.38
0,86.36
0,86.4
0,86.44
0,86.44
0,86.39
0,86.32
0,86.28
0,86.29
0,86.36
0,86.38
0,86.39
0,86.39
0,86.35
0,86.28
0,86.28
0,86.27
0,86.3
0,86.28
0,86.28
0,86.24
0,86.24
0,86.23
0,86.17
0,86.15
0,86.16
0,86.11
0,86.18
0,86.22
0,86.2
0,86.21
0,86.32
0,86.3
0,86.35
0,86.35
0,86.39
0,86.41
0,86.36
0,86.37
0,86.41
0,86.4
0,86.38
0,86.38
0,86.44
0,86.38
0,86.34
0,86.34
0,86.34
0,86.38
0,86.4
0,86.34
0,86.34
0,86.4
0,86.37
0,86.35
0,86.32
0,86.29
0,86.32
0,86.29
0,86.23
0,86.24
0,86.24
0,86.28
0,86.3
0,86.29
0,86.26
0,86.32
0,86.27
0,86.24
0,86.24
0,86.25
0,86.18
0,86.22
0,86.18
0,86.18
0,86.18
0,86.2
0,86.21
0,86.21
0,86.21
0,86.24
0,86.24
0,86.26
0,86.24
0,86.24
0,86.22
0,86.24
0,86.24
0,86.22
0,86.2
0,86.16
0,86.19
0,86.2
0,86.16
0,86.17
0,86.16
0,86.07
0,86.07
0,86.07
0,86.03
0,86.05
0,86.07
0,86.03
0,86
0,86
0,86
0,85.94
0,85.94
0,85.98
0,85.98
0,86.01
0,85.99
0,85.98
0,86
0,86
0,86.02
0,86.02
0,85.94
0,85.95
0,85.99
0,85.98
0,85.96
0,85.94
0,85.94
0,85.84
0,85.79
0,85.82
0,85.78
0,85.78
0,85.78
0,85.78
0,85.82
0,85.84
0,85.82
0,85.84
0,85.85
0,85.85
0,85.86
0,85.82
0,85.79
0,85.8
0,85.87
0,85.88
0,85.85
0,85.9
0,85.87
0,85.91
0,85.94
0,85.93
0,85.9
0,85.88
0,85.9
0,85.87
0,85.88
0,85.86
0,85.87
0,85.85
0,85.78
0,85.78
0,85.8
0,85.85
0,85.86
0,85.89
0,85.96
0,85.94
0,85.96
0,85.97
0,86
0,85.98
0,85.96
0,85.98
0,86
0,85.99
0,86
0,85.96
0,85.94
0,85.94
0,85.95
0,85.98
0,86
0,86
0,86.02
0,86.04
0,86.04
0,86.02
0,86.02
0,86.06
0,86.07
0,86.1
0,86.12
0,86.12
0,86.07
0,86.06
0,86.11
0,86.12
0,86.16
0,86.12
0,86.11
0,86.04
0,86.06
0,86.08
0,86.07
0,86.07
0,86.09
0,86.06
0,86.06
0,86.08
0,86.09
0,86.1
0,86.11
0,86.11
0,86.21
0,86.21
0,86.2
0,86.17
0,86.18
0,86.18
0,86.16
0,86.15
0,86.15
0,86.1
0,86.07
0,86.09
0,86.1
0,86.1
0,86.06
0,86.04
0,86.02
0,86.03
0,86.02
0,86.04
0,86.07
0,86.09
0,86.1
0,86.08
0,86.08
0,86.1
0,86.1
0,86.09
0,86.12
0,86.13
0,86.13
0,86.12
0,86.12
0,86.08
0,86.12
0,86.2
0,86.22
0,86.21
0,86.22
0,86.22
0,86.21
0,86.2
0,86.18
0,86.18
0,86.2
0,86.2
0,86.22
0,86.22
0,86.24
0,86.25
0,86.26
0,86.24
0,86.24
0,86.18
0,86.16
0,86.12
0,86.09
0,86.11
0,86.12
0,86.13
0,86.12
0,86.12
0,86.08
0,86.08
0,86.08
0,86.1
0,86.1
0,86.1
0,86.14
0,86.2
0,86.15
0,86.12
0,86.14
0,86.14
0,86.16
0,86.16
0,86.14
0,86.17
0,86.22
0,86.25
0,86.28
0,86.28
0,86.6
0,86.57
0,86.72
0,86.83
0,86.78
0,86.69
0,86.65
0,86.56
0,86.48
0,86.47
0,86.42
0,86.44
0,86.44
0,86.38
0,86.48
0,86.5
0,86.5
0,86.5
0,86.5
0,86.54
0,86.54
0,86.64
0,86.69
0,86.74
0,86.75
0,86.64
0,86.64
0,86.62
0,86.7
0,86.68
0,86.74
0,86.74
0,86.67
0,86.66
0,86.62
0,86.61
0,86.6
0,86.62
0,86.7
0,86.78
0,86.7
0,86.71
0,86.68
0,86.71
0,86.74
0,86.74
0,86.74
0,86.74
0,86.72
0,86.72
0,86.74
0,86.68
0,86.68
0,86.68
0,86.68
0,86.64
0,86.72
0,86.76
0,86.77
0,86.78
0,86.78
0,86.78
0,86.77
0,86.72
0,86.6
0,86.62
0,86.63
0,86.7
0,86.76
0,86.75
0,86.75
0,86.78
0,86.79
0,86.81
0,86.8
0,86.81
0,86.8
0,86.8
0,86.82
0,86.83
0,86.84
0,86.85
0,86.82
0,86.81
0,86.79
0,86.78
0,86.74
0,86.79
0,86.8
0,86.84
0,86.88
0,86.88
0,86.82
0,86.78
0,86.82
0,86.82
0,86.84
0,86.82
0,86.78
0,86.78
0,86.71
0,86.61
0,86.62
0,86.62
0,86.58
0,86.6
0,86.55
0,86.54
0,86.5
0,86.44
0,86.46
0,86.48
0,86.51
0,86.52
0,86.52
0,86.52
0,86.52
0,86.46
0,86.46
0,86.46
0,86.46
0,86.48
0,86.49
0,86.52
0,86.48
0,86.51
0,86.48
0,86.45
0,86.43
0,86.46
0,86.46
0,86.48
0,86.48
0,86.52
0,86.52
0,86.52
0,86.48
0,86.5
0,86.48
0,86.5
0,86.51
0,86.48
0,86.51
0,86.5
0,86.5
0,86.47
0,86.44
0,86.46
0,86.48
0,86.48
0,86.46
0,86.44
0,86.44
0,86.48
0,86.51
0,86.5
0,86.52
0,86.52
0,86.54
0,86.52
0,86.5
0,86.56
0,86.58
0,86.58
0,86.54
0,86.52
0,86.54
0,86.56
0,86.5
0,86.5
0,86.48
0,86.44
0,86.45
0,86.45
0,86.44
0,86.48
0,86.58
0,86.68
0,86.78
0,86.82
0,86.87
0,86.92
0,86.88
0,86.81
0,86.79
0,86.76
0,86.76
0,86.78
0,86.82
0,86.82
0,86.86
0,86.79
0,86.79
0,86.8
0,86.78
0,86.72
0,86.7
0,86.67
0,86.76
0,86.72
0,86.7
0,86.71
0,86.59
0,86.65
0,86.66
0,86.62
0,86.63
0,86.63
0,86.57
0,86.63
0,86.67
0,86.66
0,86.67
0,86.63
0,86.6
0,86.6
0,86.58
0,86.56
0,86.61
0,86.63
0,86.63
0,86.58
0,86.59
0,86.59
0,86.63
0,86.63
0,86.62
0,86.63
0,86.64
0,86.7
0,86.69
0,86.65
0,86.64
0,86.62
0,86.63
0,86.66
0,86.64
0,86.63
0,86.7
0,86.72
0,86.69
0,86.69
0,86.7
0,86.7
0,86.66
0,86.67
0,86.64
0,86.64
0,86.57
0,86.52
0,86.57
0,86.6
0,86.62
0,86.64
0,86.63
0,86.65
0,86.64
0,86.64
0,86.58
0,86.58
0,86.6
0,86.58
0,86.58
0,86.56
0,86.6
0,86.6
0,86.56
0,86.55
0,86.54
0,86.57
0,86.55
0,86.56
0,86.52
0,86.52
0,86.54
0,86.58
0,86.58
0,86.56
0,86.57
0,86.57
0,86.59
0,86.6
0,86.58
0,86.58
0,86.63
0,86.66
0,86.68
0,86.68
0,86.58
0,86.6
0,86.6
0,86.57
0,86.45
0,86.46
0,86.48
0,86.51
0,86.47
0,86.48
0,86.43
0,86.4
0,86.38
0,86.33
0,86.34
0,86.32
0,86.29
0,86.28
0,86.37
0,86.43
0,86.45
0,86.43
0,86.46
0,86.46
0,86.48
0,86.43
0,86.46
0,86.48
0,86.5
0,86.52
0,86.52
0,86.54
0,86.5
0,86.47
0,86.44
0,86.46
0,86.46
0,86.52
0,86.53
0,86.51
0,86.49
0,86.48
0,86.52
0,86.44
0,86.45
0,86.48
0,86.45
0,86.46
0,86.44
0,86.42
0,86.45
0,86.44
0,86.4
0,86.4
0,86.38
0,86.37
0,86.35
0,86.33
0,86.34
0,86.34
0,86.36
0,86.34
0,86.32
0,86.33
0,86.32
0,86.34
0,86.31
0,86.27
0,86.26
0,86.19
0,86.21
0,86.14
0,86.13
0,86.04
0,86.04
0,86
0,86.05
0,86.03
0,86
0,86.05
0,86.06
0,86.05
0,86.08
0,86.12
0,86.11
0,86.15
0,86.14
0,86.12
0,86.14
0,86.12
0,86.1
0,86.12
0,86.13
0,86.1
0,86.11
0,86.12
0,86.1
0,86.13
0,86.17
0,86.12
0,86.12
0,86.1
0,85.74
0,85.82
0,85.74
0,85.84
0,85.89
0,86.12
0,86.16
0,86.28
0,86.22
0,86.23
0,86.05
0,86.07
0,86.24
0,86.28
0,86.28
0,86.3
0,86.34
0,86.34
0,86.32
0,86.31
0,86.1
0,86.17
0,86.24
0,86.26
0,86.3
0,86.24
0,86.05
0,86.1
0,86.2
0,86.25
0,86.2
0,86.17
0,86.16
0,86.13
0,86.22
0,86.16
0,86.2
0,86.28
0,86.28
0,86.28
0,86.18
0,86.16
0,86.1
0,86.12
0,86.09
0,86.04
0,86.13
0,86.18
0,86.16
0,86.19
0,86.19
0,86.16
0,86.25
0,86.34
0,86.32
0,86.29
0,86.22
0,86.22
0,86.16
0,86.24
0,86.18
0,86.2
0,86.26
0,86.26
0,86.34
0,86.38
0,86.33
0,86.28
0,86.18
0,86.21
0,86.16
0,86.25
0,86.24
0,86.3
0,86.26
0,86.28
0,86.2
0,86.22
0,86.16
0,86.15
0,86.08
0,86.04
0,86.02
0,86.1
0,86.08
0,86.04
0,86.02
0,86.04
0,86.02
0,86
0,85.9
0,85.91
0,85.86
0,85.84
0,85.81
0,85.79
0,85.84
0,85.82
0,85.79
0,85.78
0,85.79
0,85.8
0,85.88
0,85.94
0,85.98
0,85.98
0,85.98
0,85.93
0,85.89
0,85.87
0,85.84
0,85.86
0,85.92
0,85.91
0,85.93
0,85.96
0,86.02
0,86
0,86.04
0,86.04
0,86.05
0,86.04
0,86.01
0,86.04
0,85.93
0,85.93
0,85.93
0,85.98
0,85.88
0,85.86
0,85.86
0,85.86
0,85.84
0,85.85
0,85.86
0,85.84
0,85.87
0,85.81
0,85.64
0,85.76
0,85.72
0,85.74
0,85.76
0,85.72
0,85.71
0,85.74
0,85.7
0,85.73
0,85.72
0,85.66
0,85.6
0,85.63
0,85.59
0,85.6
0,85.6
0,85.63
0,85.68
0,85.72
0,85.68
0,85.74
0,85.75
0,85.74
0,85.76
0,85.76
0,85.76
0,85.77
0,85.8
0,85.82
0,85.85
0,85.9
0,85.86
0,85.9
0,85.94
0,85.94
0,85.94
0,85.96
0,85.96
0,85.96
0,85.93
0,85.94
0,85.98
0,85.98
0,85.96
0,85.98
0,86.06
0,86.02
0,86.03
0,86.03
0,86
0,86.06
0,86.07
0,86.08
0,86.1
0,86.11
0,86.13
0,86.07
0,86.07
0,86.07
0,86.07
0,86.07
0,86.08
0,86.09
0,86.06
0,86.1
0,86.12
0,86.1
0,86.08
0,86.08
0,86.04
0,86.04
0,86.04
0,86.06
0,86.02
0,86
0,86
0,85.98
0,86
0,85.99
0,86.06
0,86.04
0,86.09
0,86.17
0,86.18
0,86.19
0,86.19
0,86.18
0,86.18
0,86.18
0,86.19
0,86.19
0,86.2
0,86.24
0,86.24
0,86.23
0,86.24
0,86.25
0,86.24
0,86.22
0,86.2
0,86.22
0,86.2
0,86.2
0,86.2
0,86.24
0,86.22
0,86.29
0,86.32
0,86.29
0,86.27
0,86.25
0,86.25
0,86.2
0,86.15
0,86.15
0,86.14
0,86.16
0,86.24
0,86.16
0,86.17
0,86.14
0,86.16
0,86.14
0,86.1
0,86.1
0,86.1
0,86.12
0,86.16
0,86.16
0,86.14
0,86.16
0,86.16
0,86.17
0,86.18
0,86.18
0,86.18
0,86.12
0,86.16
0,86.18
0,86.18
0,86.17
0,86.18
0,86.18
0,86.14
0,86.12
0,86.18
0,86.16
0,86.08
0,86.11
0,86.1
0,86.13
0,86.13
0,86.16
0,86.2
0,86.14
0,86.13
0,86.12
0,86.13
0,86.13
0,86.12
0,86.13
0,86.16
0,86.2
0,86.21
0,86.22
0,86.24
0,86.27
0,86.26
0,86.24
0,86.22
0,86.26
0,86.25
0,86.22
0,86.17
0,86.18
0,86.2
0,86.16
0,86.18
0,86.22
0,86.22
0,86.24
0,86.22
0,86.3
0,86.32
0,86.32
0,86.26
0,86.28
0,86.32
0,86.4
0,86.41
0,86.38
0,86.36
0,86.38
0,86.4
0,86.36
0,86.38
0,86.38
0,86.32
0,86.29
0,86.34
0,86.29
0,86.34
0,86.34
0,86.34
0,86.35
0,86.34
0,86.36
0,86.38
0,86.32
0,86.32
0,86.32
0,86.38
0,86.46
0,86.41
0,86.43
0,86.45
0,86.44
0,86.43
0,86.44
0,86.48
0,86.5
0,86.44
0,86.46
0,86.45
0,86.46
0,86.43
0,86.43
0,86.45
0,86.43
0,86.45
0,86.46
0,86.43
0,86.44
0,86.43
0,86.39
0,86.36
0,86.29
0,86.33
0,86.32
0,86.34
0,86.29
0,86.25
0,86.23
0,86.22
0,86.29
0,86.32
0,86.32
0,86.41
0,86.44
0,86.44
0,86.48
0,86.41
0,86.63
0,86.62
0,86.66
0,86.58
0,86.41
0,86.52
0,86.56
0,86.52
0,86.63
0,86.5
0,86.62
0,86.66
0,86.72
0,86.68
0,86.8
0,86.82
0,86.86
0,86.85
0,86.83
0,86.86
0,86.9
0,87.03
0,87.07
0,86.98
0,86.95
0,86.92
0,87.12
0,87.11
0,87.02
0,86.88
0,86.86
0,86.8
0,86.78
0,86.76
0,86.81
0,86.82
0,86.82
0,86.82
0,86.84
0,86.8
0,86.78
0,86.74
0,86.77
0,86.78
0,86.7
0,86.7
0,86.74
0,86.76
0,86.8
0,86.76
0,86.81
0,86.78
0,86.84
0,86.88
0,86.91
0,86.96
0,87.02
0,86.99
0,86.91
0,87.07
0,87.05
0,87.06
0,87.04
0,87.01
0,87.04
0,87
0,87.04
0,87.06
0,87.05
0,87.04
0,87.08
0,87.07
0,87.02
0,87.01
0,86.96
0,86.95
0,86.96
0,86.96
0,86.91
0,86.93
0,86.76
0,86.75
0,86.77
0,86.81
0,86.87
0,86.88
0,86.84
0,86.74
0,86.78
0,86.74
0,86.72
0,86.68
0,86.65
0,86.62
0,86.64
0,86.66
0,86.68
0,86.75
0,86.79
0,86.78
0,86.76
0,86.74
0,86.74
0,86.75
0,86.78
0,86.76
0,86.74
0,86.78
0,86.79
0,86.85
0,86.81
0,86.85
0,86.9
0,86.86
0,86.86
0,86.87
0,86.84
0,86.82
0,86.79
0,86.76
0,86.74
0,86.76
0,86.76
0,86.78
0,86.74
0,86.74
0,86.72
0,86.72
0,86.7
0,86.73
0,86.75
0,86.76
0,86.76
0,86.78
0,86.82
0,86.84
0,86.82
0,86.82
0,86.8
0,86.87
0,86.91
0,86.95
0,86.97
0,86.98
0,87
0,87
0,86.99
0,87
0,87.01
0,86.99
0,87
0,86.98
0,86.98
0,87
0,87.03
0,87
0,87.02
0,87.02
0,87.04
0,87.02
0,87.02
0,86.96
0,86.98
0,86.98
0,87.01
0,87
0,87.02
0,87.12
0,87.1
0,87.07
0,87.12
0,87.09
0,87.06
0,87.04
0,87.07
0,87.06
0,87.06
0,87.06
0,87.07
0,87.04
0,87.02
0,87.02
0,87.02
0,87.03
0,87.02
0,87.03
0,87.02
0,86.98
0,87.04
0,87.07
0,87.11
0,87.1
0,87.08
0,87.06
0,87.07
0,87.05
0,87.07
0,87.04
0,87.03
0,87
0,87.06
0,87.02
0,87.02
0,87.03
0,87.03
0,87.06
0,87.04
0,87.04
0,87.01
0,87
0,86.98
0,86.98
0,87
0,87
0,87.01
0,87.06
0,87.05
0,87.02
0,87.01
0,87
0,87.02
0,87.06
0,87.04
0,87.06
0,87
0,87.02
0,87.04
0,87.04
0,87.06
0,87.1
0,87.12
0,87.08
0,87.04
0,87.04
0,87.04
0,87.01
0,87.04
0,87.02
0,87.02
0,87.06
0,87.04
0,87.04
0,87.02
0,87.02
0,87
0,87.02
0,87
0,87.04
0,87.04
0,87.05
0,87.04
0,87.06
0,87.05
0,87.08
0,87.07
0,87.05
0,87.04
0,87.04
0,87.04
0,87.02
0,87.02
0,87.06
0,87.06
0,87.03
0,87.03
0,87.07
0,87.12
0,87.14
0,87.16
0,87.18
0,87.14
0,87.12
0,87.14
0,87.13
0,87.1
0,87.1
0,87.06
0,87.03
0,87.04
0,87.07
0,87.04
0,87.07
0,87.09
0,87.08
0,87.1
0,87.07
0,87.04
0,87.02
0,87.04
0,87.03
0,87
0,87
0,87.03
0,87.06
0,87.05
0,87.02
0,87
0,87.01
0,87.02
0,87.04
0,87.04
0,87.03
0,87.05
0,87.03
0,87.02
0,87
0,87
0,87.01
0,87
0,86.96
0,86.97
0,86.95
0,86.92
0,86.9
0,86.88
0,86.87
0,86.86
0,86.85
0,86.9
0,86.94
0,86.96
0,86.95
0,86.94
0,86.94
0,86.93
0,86.9
0,86.87
0,86.84
0,86.85
0,86.88
0,86.86
0,86.85
0,86.82
0,86.8
0,86.84
0,86.85
0,86.88
0,86.84
0,86.84
0,86.8
0,86.85
0,86.82
0,86.84
0,86.84
0,86.84
0,86.82
0,86.81
0,86.87
0,86.87
0,86.89
0,86.9
0,86.87
0,86.85
0,86.88
0,86.88
0,86.89
0,86.85
0,86.82
0,86.84
0,86.88
0,86.88
0,86.82
0,86.83
0,86.82
0,86.8
0,86.79
0,86.74
0,86.72
0,86.74
0,86.74
0,86.79
0,86.74
0,86.77
0,86.77
0,86.78
0,86.78
0,86.76
0,86.79
0,86.78
0,86.76
0,86.76
0,86.77
0,86.78
0,86.8
0,86.82
0,86.79
0,86.76
0,86.79
0,86.84
0,86.97
0,86.84
0,86.84
0,86.9
0,86.76
0,86.82
0,86.72
0,86.64
0,86.56
0,86.58
0,86.55
0,86.48
0,86.56
0,86.59
0,86.6
0,86.6
0,86.55
0,86.52
0,86.48
0,86.39
0,86.35
0,86.42
0,86.38
0,86.4
0,86.4
0,86.41
0,86.29
0,86.35
0,86.26
0,86.26
0,86.22
0,86.26
0,86.22
0,86.15
0,86.24
0,86.22
0,86.22
0,86.41
0,86.44
0,86.46
0,86.5
0,86.44
0,86.44
0,86.42
0,86.42
0,86.41
0,86.43
0,86.36
0,86.38
0,86.26
0,86.32
0,86.26
0,86.24
0,86.24
0,86.24
0,86.21
0,86.28
0,86.29
0,86.32
0,86.32
0,86.32
0,86.34
0,86.36
0,86.41
0,86.4
0,86.32
0,86.26
0,86.24
0,86.14
0,86.19
0,86.22
0,86.2
0,86.2
0,86.22
0,86.2
0,86.26
0,86.26
0,86.22
0,86.22
0,86.24
0,86.29
0,86.3
0,86.32
0,86.28
0,86.3
0,86.35
0,86.41
0,86.43
0,86.42
0,86.46
0,86.48
0,86.5
0,86.59
0,86.58
0,86.58
0,86.63
0,86.67
0,86.72
0,86.74
0,86.78
0,86.79
0,86.79
0,86.84
0,86.9
0,86.94
0,86.96
0,86.94
0,86.94
0,86.96
0,86.98
0,87
0,87.02
0,86.98
0,87.04
0,87.06
0,87.12
0,87.12
0,87.19
0,87.22
0,87.19
0,87.16
0,87.08
0,87.08
0,87.06
0,87.06
0,87.06
0,87.06
0,87
0,86.98
0,86.93
0,86.94
0,86.97
0,87
0,87.04
0,87.06
0,87.1
0,87.06
0,87.04
0,87.08
0,87.14
0,87.16
0,87.14
0,87.1
0,87.06
0,87.07
0,87.1
0,87.1
0,87.06
0,87.1
0,87.13
0,87.11
0,87.04
0,87.05
0,87.2
0,87.2
0,87.2
0,87.18
0,87.18
0,87.2
0,87.21
0,87.17
0,87.18
0,87.18
0,87.21
0,87.18
0,87.21
0,87.22
0,87.24
0,87.3
0,87.26
0,87.27
0,87.27
0,87.24
0,87.21
0,87.17
0,87.18
0,87.24
0,87.18
0,87.18
0,87.16
0,87.18
0,87.21
0,87.22
0,87.18
0,87.17
0,87.16
0,87.11
0,87.06
0,87.07
0,87.14
0,87.18
0,87.17
0,87.13
0,87.13
0,87.1
0,87.07
0,87.04
0,87.06
0,87.1
0,87.12
0,87.12
0,87.15
0,87.14
0,87.13
0,87.08
0,87.11
0,87.1
0,87.1
0,87.1
0,87.08
0,87.06
0,87.07
0,87.1
0,87.1
0,87.09
0,87.09
0,87.08
0,87.07
0,87.09
0,87.11
0,87.1
0,87.12
0,87.1
0,87.13
0,87.08
0,87.05
0,87.02
0,87.03
0,87
0,86.98
0,86.96
0,86.95
0,86.96
0,86.93
0,86.96
0,86.96
0,86.96
0,86.96
0,86.98
0,86.99
0,87.02
0,87.01
0,87
0,86.98
0,86.94
0,86.93
0,86.97
0,86.96
0,86.96
0,86.97
0,86.97
0,86.96
0,86.98
0,86.94
0,86.96
0,86.9
0,86.88
0,86.86
0,86.83
0,86.85
0,86.85
0,86.92
0,86.94
0,86.93
0,86.96
0,86.97
0,86.94
0,86.98
0,86.96
0,86.96
0,86.97
0,87.08
0,87.2
0,87.2
0,87.4
0,87.45
0,87.4
0,87.37
0,87.29
0,87.41
0,87.35
0,87.41
0,87.48
0,87.48
0,87.49
0,87.48
0,87.48
0,87.56
0,87.57
0,87.52
0,87.57
0,87.64
0,87.7
0,87.69
0,87.66
0,87.6
0,87.63
0,87.58
0,87.5
0,87.55
0,87.54
0,87.48
0,87.4
0,87.34
0,87.4
0,87.39
0,87.31
0,87.32
0,87.35
0,87.37
0,87.34
0,87.32
0,87.31
0,87.28
0,87.34
0,87.35
0,87.36
0,87.43
0,87.47
0,87.46
0,87.44
0,87.36
0,87.36
0,87.44
0,87.51
0,87.48
0,87.46
0,87.48
0,87.52
0,87.53
0,87.54
0,87.5
0,87.48
0,87.48
0,87.44
0,87.41
0,87.34
0,87.38
0,87.44
0,87.46
0,87.41
0,87.36
0,87.38
0,87.4
0,87.39
0,87.39
0,87.41
0,87.35
0,87.29
0,87.32
0,87.31
0,87.34
0,87.3
0,87.28
0,87.21
0,87.22
0,87.22
0,87.2
0,87.22
0,87.24
0,87.15
0,87.13
0,87.2
0,87.13
0,87.1
0,87.07
0,87.12
0,87.16
0,87.17
0,87.2
0,87.15
0,87.16
0,87.17
0,87.19
0,87.24
0,87.18
0,87.24
0,87.24
0,87.24
0,87.21
0,87.18
0,87.18
0,87.13
0,87.04
0,87.04
0,87.13
0,87.24
0,87.26
0,87.2
0,87.24
0,86.96
0,86.96
0,86.92
0,87.1
0,87.18
0,87.2
0,87.07
0,86.98
0,87.12
0,87.16
0,87.11
0,87.16
0,87.19
0,87.18
0,87.19
0,87.18
0,87.2
0,87.26
0,87.24
0,87.24
0,87.26
0,87.32
0,87.32
0,87.3
0,87.27
0,87.2
0,87.2
0,87.23
0,87.15
0,87.15
0,87.24
0,87.26
0,87.13
0,87.16
0,87.2
0,87.25
0,87.24
0,87.24
0,87.22
0,87.24
0,87.24
0,87.24
0,87.24
0,87.29
0,87.32
0,87.34
0,87.36
0,87.34
0,87.33
0,87.32
0,87.26
0,87.24
0,87.2
0,87.28
0,87.3
0,87.41
0,87.38
0,87.42
0,87.41
0,87.42
0,87.42
0,87.45
0,87.52
0,87.46
0,87.46
0,87.46
0,87.43
0,87.38
0,87.41
0,87.46
0,87.47
0,87.46
0,87.46
0,87.48
0,87.44
0,87.4
0,87.35
0,87.35
0,87.28
0,87.26
0,87.31
0,87.23
0,87.24
0,87.29
0,87.28
0,87.26
0,87.26
0,87.24
0,87.1
0,87.22
0,87.27
0,87.34
0,87.34
0,87.35
0,87.32
0,87.28
0,87.26
0,87.24
0,87.22
0,87.26
0,87.3
0,87.27
0,87.28
0,87.3
0,87.26
0,87.25
0,87.24
0,87.18
0,87.23
0,87.26
0,87.28
0,87.3
0,87.31
0,87.3
0,87.32
0,87.36
0,87.35
0,87.38
0,87.39
0,87.38
0,87.36
0,87.33
0,87.35
0,87.41
0,87.42
0,87.4
0,87.38
0,87.39
0,87.4
0,87.41
0,87.4
0,87.43
0,87.44
0,87.45
0,87.46
0,87.44
0,87.5
0,87.54
0,87.55
0,87.53
0,87.46
0,87.45
0,87.44
0,87.48
0,87.5
0,87.48
0,87.48
0,87.5
0,87.48
0,87.49
0,87.47
0,87.5
0,87.44
0,87.43
0,87.38
0,87.35
0,87.37
0,87.34
0,87.39
0,87.33
0,87.35
0,87.29
0,87.3
0,87.34
0,87.3
0,87.3
0,87.32
0,87.28
0,87.27
0,87.3
0,87.28
0,87.24
0,87.24
0,87.28
0,87.24
0,87.23
0,87.2
0,87.18
0,87.18
0,87.21
0,87.2
0,87.25
0,87.25
0,87.26
0,87.32
0,87.35
0,87.36
0,87.4
0,87.4
0,87.41
0,87.4
0,87.39
0,87.43
0,87.34
0,87.23
0,87.26
0,87.27
0,87.27
0,87.29
0,87.26
0,87.28
0,87.23
0,87.26
0,87.26
0,87.27
0,87.27
0,87.29
0,87.29
0,87.28
0,87.3
0,87.26
0,87.32
0,87.32
0,87.3
0,87.31
0,87.38
0,87.36
0,87.36
0,87.37
0,87.38
0,87.36
0,87.34
0,87.31
0,87.33
0,87.33
0,87.32
0,87.33
0,87.32
0,87.31
0,87.33
0,87.34
0,87.35
0,87.35
0,87.34
0,87.35
0,87.38
0,87.36
0,87.32
0,87.36
0,87.36
0,87.35
0,87.34
0,87.38
0,87.37
0,87.38
0,87.41
0,87.45
0,87.48
0,87.47
0,87.48
0,87.47
0,87.5
0,87.48
0,87.52
0,87.5
0,87.46
0,87.44
0,87.46
0,87.48
0,87.48
0,87.48
0,87.52
0,87.48
0,87.5
0,87.52
0,87.52
0,87.54
0,87.57
0,87.6
0,87.64
0,87.65
0,87.62
0,87.66
0,87.7
0,87.66
0,87.7
0,87.71
0,87.72
0,87.75
0,87.74
0,87.7
0,87.72
0,87.61
0,87.6
0,87.6
0,87.6
0,87.64
0,87.62
0,87.6
0,87.61
0,87.6
0,87.62
0,87.64
0,87.66
0,87.66
0,87.63
0,87.6
0,87.61
0,87.6
0,87.6
0,87.61
0,87.63
0,87.68
0,87.63
0,87.6
0,87.58
0,87.6
0,87.62
0,87.66
0,87.66
0,87.68
0,87.62
0,87.6
0,87.62
0,87.63
0,87.62
0,87.63
0,87.68
0,87.7
0,87.68
0,87.74
0,87.72
0,87.76
0,87.79
0,87.76
0,87.77
0,87.8
0,87.79
0,87.79
0,87.78
0,87.72
0,87.7
0,87.74
0,87.7
0,87.69
0,87.7
0,87.74
0,87.74
0,87.72
0,87.72
0,87.69
0,87.66
0,87.64
0,87.6
0,87.61
0,87.64
0,87.66
0,87.69
0,87.6
0,87.55
0,87.58
0,87.6
0,87.56
0,87.56
0,87.6
0,87.57
0,87.61
0,87.63
0,87.63
0,87.65
0,87.66
0,87.72
0,87.72
0,87.71
0,87.72
0,87.72
0,87.7
0,87.68
0,87.71
0,87.72
0,87.8
0,87.82
0,87.8
0,87.79
0,87.75
0,87.77
0,87.82
0,87.82
0,87.82
0,87.84
0,87.84
0,87.83
0,87.88
0,87.96
0,87.98
0,88.02
0,88.02
0,88.04
0,88.02
0,32.22
0,32.38
0,32.35
0,32.44
0,32.44
0,32.5
0,32.52
0,32.57
0,32.65
0,32.66
0,32.61
0,32.67
0,32.82
0,32.8
0,32.83
0,32.87
0,32.88
0,32.88
0,32.97
0,32.98
0,33.04
0,32.95
0,33.01
0,32.91
0,32.91
0,33.03
0,33.05
0,33.16
0,33.13
0,33.2
0,33.17
0,33.16
0,33.06
0,33.07
0,33.15
0,33.2
0,33.21
0,33.24
0,33.28
0,33.25
0,33.32
0,33.36
0,33.38
0,33.39
0,33.37
0,33.38
0,33.39
0,33.38
0,33.42
0,33.44
0,33.45
0,33.42
0,33.45
0,33.47
0,33.47
0,33.48
0,33.58
0,33.56
0,33.59
0,33.62
0,33.63
0,33.65
0,33.62
0,33.66
0,33.61
0,33.56
0,33.53
0,33.54
0,33.53
0,33.55
0,33.56
0,33.58
0,33.58
0,33.61
0,33.67
0,33.68
0,33.67
0,33.68
0,33.72
0,33.71
0,33.64
0,33.62
0,33.66
0,33.72
0,33.67
0,33.71
0,33.67
0,33.74
0,33.73
0,33.7
0,33.72
0,33.64
0,33.6
0,33.6
0,33.61
0,33.61
0,33.62
0,33.7
0,33.7
0,33.73
0,33.7
0,33.7
0,33.69
0,33.73
0,33.71
0,33.72
0,33.7
0,33.68
0,33.66
0,33.7
0,33.78
0,33.76
0,33.68
0,33.64
0,33.67
0,33.72
0,33.74
0,33.76
0,33.72
0,33.62
0,33.61
0,33.59
0,33.53
0,33.54
0,33.52
0,33.61
0,33.61
0,33.58
0,33.58
0,33.56
0,33.58
0,33.63
0,33.67
0,33.66
0,33.68
0,33.67
0,33.64
0,33.6
0,33.62
0,33.57
0,33.61
0,33.54
0,33.52
0,33.5
0,33.52
0,33.5
0,33.5
0,33.53
0,33.53
0,33.44
0,33.42
0,33.39
0,33.4
0,33.4
0,33.4
0,33.38
0,33.39
0,33.33
0,33.34
0,33.33
0,33.35
0,33.33
0,33.31
0,33.34
0,33.38
0,33.38
0,33.35
0,33.34
0,33.39
0,33.41
0,33.4
0,33.43
0,33.42
0,33.41
0,33.4
0,33.39
0,33.42
0,33.42
0,33.42
0,33.41
0,33.4
0,33.45
0,33.44
0,33.45
0,33.5
0,33.5
0,33.54
0,33.61
0,33.59
0,33.58
0,33.58
0,33.58
0,33.6
0,33.61
0,33.59
0,33.57
0,33.57
0,33.58
0,33.56
0,33.53
0,33.53
0,33.55
0,33.54
0,33.58
0,33.56
0,33.56
0,33.52
0,33.57
0,33.6
0,33.63
0,33.62
0,33.61
0,33.63
0,33.63
0,33.61
0,33.62
0,33.66
0,33.66
0,33.7
0,33.7
0,33.69
0,33.64
0,33.64
0,33.59
0,33.58
0,33.6
0,33.58
0,33.53
0,33.58
0,33.6
0,33.59
0,33.61
0,33.58
0,33.6
0,33.59
0,33.53
0,33.52
0,33.58
0,33.58
0,33.54
0,33.59
0,33.58
0,33.59
0,33.61
0,33.61
0,33.58
0,33.56
0,33.56
0,33.56
0,33.56
0,33.56
0,33.56
0,33.56
0,33.54
0,33.54
0,33.54
0,33.54
0,33.53
0,33.54
0,33.53
0,33.5
0,33.48
0,33.48
0,33.47
0,33.45
0,33.45
0,33.46
0,33.44
0,33.44
0,33.45
0,33.42
0,33.4
0,33.4
0,33.38
0,33.42
0,33.4
0,33.42
0,33.38
0,33.39
0,33.39
0,33.36
0,33.34
0,33.34
0,33.36
0,33.36
0,33.36
0,33.37
0,33.4
0,33.41
0,33.39
0,33.42
0,33.46
0,33.46
0,33.5
0,33.51
0,33.52
0,33.56
0,33.57
0,33.55
0,33.56
0,33.59
0,33.6
0,33.59
0,33.61
0,33.61
0,33.6
0,33.62
0,33.61
0,33.62
0,33.62
0,33.63
0,33.62
0,33.62
0,33.6
0,33.58
0,33.58
0,33.59
0,33.58
0,33.59
0,33.63
0,33.65
0,33.64
0,33.65
0,33.64
0,33.64
0,33.62
0,33.64
0,33.65
0,33.63
0,33.62
0,33.56
0,33.61
0,33.62
0,33.56
0,33.54
0,33.51
0,33.48
0,33.46
0,33.43
0,33.42
0,33.39
0,33.38
0,33.39
0,33.43
0,33.42
0,33.39
0,33.38
0,33.44
0,33.42
0,33.38
0,33.39
0,33.38
0,33.39
0,33.38
0,33.42
0,33.4
0,33.43
0,33.39
0,33.4
0,33.4
0,33.36
0,33.34
0,33.37
0,33.37
0,33.36
0,33.38
0,33.42
0,33.44
0,33.41
0,33.37
0,33.39
0,33.41
0,33.4
0,33.42
0,33.36
0,33.41
0,33.43
0,33.42
0,33.41
0,33.38
0,33.41
0,33.42
0,33.42
0,33.44
0,33.45
0,33.47
0,33.45
0,33.45
0,33.45
0,32.75
0,32.62
0,32.8
0,33.05
0,33.25
0,33.16
0,32.96
0,32.74
0,32.78
0,32.8
0,32.71
0,32.62
0,32.58
0,32.62
0,32.49
0,32.48
0,32.31
0,32.34
0,32.28
0,32.26
0,32.2
0,32.28
0,32.25
0,32.2
0,32.1
0,32.08
0,32.07
0,32.15
0,32.14
0,32.22
0,32.2
0,32.09
0,32.08
0,32.08
0,32.1
0,32.09
0,32.09
0,32.02
0,32.05
0,32.01
0,32.03
0,31.95
0,31.95
0,31.94
0,31.94
0,31.92
0,31.9
0,31.91
0,31.96
0,32.03
0,32.03
0,32.09
0,32.13
0,32.13
0,32.16
0,32.14
0,32.12
0,32.14
0,32.06
0,32.06
0,32.05
0,31.98
0,31.86
0,31.9
0,31.88
0,31.86
0,31.76
0,31.66
0,31.62
0,31.59
0,31.65
0,31.63
0,31.7
0,31.72
0,31.68
0,31.66
0,31.71
0,31.8
0,31.77
0,31.75
0,31.72
0,31.76
0,31.88
0,31.85
0,31.78
0,31.83
0,31.9
0,31.94
0,32.01
0,32.01
0,32.02
0,32.03
0,32.04
0,32.06
0,32.07
0,32.03
0,31.94
0,31.94
0,31.95
0,31.96
0,31.91
0,31.97
0,32.06
0,32.04
0,32
0,32
0,32.02
0,31.99
0,32.01
0,32.05
0,32.02
0,32.12
0,32.14
0,32.19
0,32.15
0,32.18
0,32.11
0,32.13
0,32.13
0,32.13
0,32.14
0,32.12
0,32.16
0,32.11
0,32.18
0,32.18
0,32.24
0,32.29
0,32.35
0,32.37
0,32.4
0,32.44
0,32.46
0,32.43
0,32.45
0,32.39
0,32.34
0,32.36
0,32.38
0,32.34
0,32.32
0,32.3
0,32.22
0,32.2
0,32.15
0,32.09
0,32.12
0,32.12
0,32.06
0,32.06
0,32.07
0,32.08
0,32.1
0,32.12
0,32.13
0,32.12
0,32.1
0,32.07
0,32.08
0,32.04
0,32.09
0,32.12
0,32.17
0,32.19
0,32.17
0,32.08
0,32.01
0,31.92
0,31.9
0,31.87
0,31.9
0,31.85
0,31.86
0,31.9
0,31.89
0,31.87
0,31.84
0,31.79
0,31.76
0,31.78
0,31.78
0,31.8
0,31.8
0,31.78
0,31.78
0,31.81
0,31.86
0,31.89
0,31.88
0,31.87
0,31.89
0,31.95
0,31.97
0,31.96
0,31.91
0,31.88
0,31.86
0,31.92
0,31.92
0,31.89
0,31.9
0,31.93
0,31.99
0,31.96
0,32.02
0,32.06
0,32
0,31.98
0,31.98
0,31.97
0,31.94
0,31.86
0,31.86
0,31.88
0,31.88
0,31.92
0,31.9
0,31.89
0,31.88
0,31.89
0,31.87
0,31.86
0,31.85
0,31.88
0,31.88
0,31.91
0,31.82
0,31.83
0,31.85
0,31.87
0,31.88
0,31.88
0,31.88
0,31.8
0,31.81
0,31.82
0,31.84
0,31.85
0,31.84
0,31.8
0,31.78
0,31.83
0,31.9
0,31.86
0,31.89
0,31.85
0,31.87
0,31.88
0,31.9
0,31.92
0,31.94
0,31.93
0,31.97
0,31.98
0,32
0,32.04
0,32.02
0,31.98
0,31.99
0,31.95
0,31.94
0,31.95
0,31.94
0,31.94
0,31.94
0,31.93
0,31.92
0,31.94
0,31.95
0,31.95
0,31.92
0,31.94
0,31.94
0,31.91
0,31.95
0,31.97
0,31.95
0,31.96
0,31.96
0,31.96
0,31.95
0,31.99
0,31.94
0,31.94
0,31.96
0,31.93
0,31.96
0,31.94
0,31.95
0,31.98
0,32
0,31.99
0,32.03
0,32.03
0,32
0,32
0,32.01
0,32.02
0,32
0,32.04
0,32.12
0,32.2
0,32.1
0,32.05
0,32.06
0,32.05
0,31.99
0,32
0,32.02
0,32.02
0,31.99
0,31.98
0,32.02
0,32
0,32
0,32
0,31.99
0,31.97
0,31.98
0,31.94
0,31.98
0,31.97
0,31.96
0,31.95
0,31.9
0,31.9
0,31.86
0,31.89
0,31.94
0,31.92
0,31.92
0,31.93
0,31.92
0,31.9
0,31.93
0,31.94
0,31.94
0,31.95
0,32
0,31.99
0,32.01
0,32
0,31.97
0,31.94
0,31.93
0,31.93
0,31.93
0,31.94
0,32
0,31.95
0,31.96
0,31.9
0,31.89
0,31.85
0,31.86
0,31.85
0,31.78
0,31.77
0,31.78
0,31.75
0,31.76
0,31.8
0,31.8
0,31.77
0,31.77
0,31.72
0,31.69
0,31.7
0,31.72
0,31.65
0,31.62
0,31.6
0,31.62
0,31.61
0,31.61
0,31.6
0,31.6
0,31.62
0,31.6
0,31.61
0,31.59
0,31.58
0,31.54
0,31.58
0,31.6
0,31.58
0,31.59
0,31.59
0,32.52
0,32.46
0,32.5
0,32.46
0,32.46
0,32.52
0,32.49
0,32.56
0,32.7
0,32.71
0,32.63
0,32.56
0,32.66
0,32.7
0,32.68
0,32.71
0,32.69
0,32.64
0,32.6
0,32.58
0,32.62
0,32.6
0,32.59
0,32.56
0,32.52
0,32.45
0,32.49
0,32.46
0,32.45
0,32.5
0,32.45
0,32.46
0,32.48
0,32.42
0,32.44
0,32.45
0,32.47
0,32.5
0,32.5
0,32.51
0,32.5
0,32.59
0,32.61
0,32.63
0,32.58
0,32.54
0,32.56
0,32.52
0,32.55
0,32.59
0,32.55
0,32.5
0,32.56
0,32.67
0,32.74
0,32.83
0,32.87
0,32.82
0,32.81
0,32.84
0,32.89
0,32.87
0,32.83
0,32.86
0,32.78
0,32.76
0,32.8
0,32.69
0,32.7
0,32.76
0,32.71
0,32.74
0,32.77
0,32.74
0,32.72
0,32.72
0,32.76
0,32.78
0,32.81
0,32.78
0,32.85
0,32.88
0,32.89
0,32.9
0,32.95
0,32.88
0,32.9
0,32.94
0,32.98
0,33
0,33.01
0,32.98
0,33.03
0,33.06
0,33.09
0,33.11
0,33.12
0,33.12
0,33.06
0,33.06
0,33.08
0,33.12
0,33.12
0,33.14
0,33.17
0,33.14
0,33.1
0,33.06
0,33.08
0,33.11
0,33.14
0,33.12
0,33.14
0,33.14
0,33.16
0,33.14
0,33.14
0,33.11
0,33.1
0,33.06
0,33.11
0,33.08
0,33.06
0,33.02
0,33.04
0,33.03
0,33
0,32.99
0,32.97
0,32.98
0,33.01
0,33
0,33
0,32.99
0,32.99
0,33
0,33.12
0,33.2
0,33.24
0,33.21
0,33.17
0,33.18
0,33.16
0,33.28
0,33.31
0,33.25
0,33.25
0,33.29
0,33.31
0,33.32
0,33.33
0,33.34
0,33.32
0,33.3
0,33.28
0,33.3
0,33.27
0,33.31
0,33.35
0,33.36
0,33.39
0,33.41
0,33.35
0,33.39
0,33.34
0,33.38
0,33.39
0,33.43
0,33.47
0,33.49
0,33.5
0,33.5
0,33.52
0,33.49
0,33.48
0,33.42
0,33.43
0,33.46
0,33.46
0,33.41
0,33.47
0,33.5
0,33.52
0,33.54
0,33.52
0,33.53
0,33.56
0,33.54
0,33.52
0,33.48
0,33.51
0,33.52
0,33.53
0,33.5
0,33.51
0,33.5
0,33.48
0,33.47
0,33.48
0,33.51
0,33.5
0,33.52
0,33.52
0,33.47
0,33.48
0,33.5
0,33.53
0,33.5
0,33.47
0,33.5
0,33.5
0,33.54
0,33.56
0,33.61
0,33.61
0,33.63
0,33.64
0,33.67
0,33.7
0,33.67
0,33.72
0,33.67
0,33.61
0,33.63
0,33.63
0,33.64
0,33.65
0,33.7
0,33.7
0,33.67
0,33.69
0,33.71
0,33.7
0,33.7
0,33.65
0,33.63
0,33.62
0,33.65
0,33.66
0,33.64
0,33.7
0,33.72
0,33.78
0,33.82
0,33.82
0,33.83
0,33.81
0,33.78
0,33.81
0,33.82
0,33.76
0,33.73
0,33.66
0,33.63
0,33.65
0,33.64
0,33.64
0,33.57
0,33.54
0,33.53
0,33.58
0,33.53
0,33.54
0,33.58
0,33.54
0,33.56
0,33.58
0,33.58
0,33.58
0,33.63
0,33.67
0,33.63
0,33.59
0,33.58
0,33.62
0,33.61
0,33.63
0,33.64
0,33.58
0,33.62
0,33.63
0,33.64
0,33.62
0,33.63
0,33.64
0,33.65
0,33.64
0,33.7
0,33.69
0,33.7
0,33.68
0,33.69
0,33.73
0,33.78
0,33.81
0,33.81
0,33.8
0,33.84
0,33.82
0,33.83
0,33.82
0,33.82
0,33.8
0,33.8
0,33.82
0,33.83
0,33.82
0,33.82
0,33.81
0,33.79
0,33.82
0,33.82
0,33.8
0,33.81
0,33.81
0,33.81
0,33.81
0,33.73
0,33.73
0,33.75
0,33.72
0,33.69
0,33.63
0,33.6
0,33.54
0,33.58
0,33.54
0,33.48
0,33.49
0,33.43
0,33.44
0,33.5
0,33.5
0,33.47
0,33.48
0,33.5
0,33.5
0,33.55
0,33.54
0,33.52
0,33.48
0,33.53
0,33.54
0,33.5
0,33.53
0,33.57
0,33.58
0,33.61
0,33.55
0,33.55
0,33.56
0,33.55
0,33.52
0,33.52
0,33.51
0,33.51
0,33.52
0,33.49
0,33.5
0,33.5
0,33.49
0,33.5
0,33.54
0,33.5
0,33.52
0,33.52
0,33.49
0,33.5
0,33.49
0,33.48
0,33.48
0,33.46
0,33.5
0,33.53
0,33.58
0,33.61
0,33.6
0,33.65
0,33.68
0,33.7
0,33.7
0,33.67
0,33.65
0,33.66
0,33.65
0,33.69
0,33.71
0,33.66
0,33.68
0,33.98
0,33.86
0,33.83
0,33.81
0,33.8
0,33.88
0,33.7
0,33.71
0,33.72
0,33.84
0,33.86
0,33.8
0,33.95
0,33.98
0,34.01
0,33.95
0,33.9
0,34
0,34.06
0,34.08
0,34.07
0,33.84
0,33.8
0,33.8
0,33.76
0,33.75
0,33.72
0,33.72
0,33.76
0,33.72
0,33.82
0,33.82
0,33.88
0,33.82
0,33.96
0,34
0,34.03
0,34.03
0,34.08
0,34.09
0,34.09
0,33.98
0,33.95
0,33.92
0,33.88
0,33.86
0,33.84
0,33.89
0,33.92
0,33.9
0,33.92
0,33.83
0,33.92
0,33.94
0,33.95
0,34
0,34.04
0,34.02
0,34.05
0,34.03
0,34.03
0,34.08
0,34.11
0,34.1
0,34.08
0,34.12
0,34.06
0,33.98
0,33.99
0,34.01
0,33.98
0,34
0,34
0,34.14
0,34.12
0,34.03
0,34.06
0,34.06
0,34.11
0,34.04
0,34.06
0,34.04
0,34.03
0,34.13
0,34.12
0,34.1
0,34.04
0,34.04
0,34.02
0,34.02
0,34.02
0,34.06
0,34.06
0,34.03
0,34
0,34.04
0,34.14
0,34.11
0,34.03
0,34.06
0,34.02
0,34.02
0,34
0,33.99
0,33.97
0,33.97
0,34.02
0,34.04
0,34.11
0,34.17
0,34.12
0,34.12
0,34.12
0,34.16
0,34.22
0,34.19
0,34.2
0,34.17
0,34.2
0,34.22
0,34.25
0,34.24
0,34.16
0,34.12
0,34.14
0,34.18
0,34.22
0,34.19
0,34.24
0,34.26
0,34.25
0,34.25
0,34.22
0,34.18
0,34.24
0,34.22
0,34.22
0,34.25
0,34.26
0,34.34
0,34.32
0,34.3
0,34.34
0,34.36
0,34.36
0,34.42
0,34.39
0,34.41
0,34.43
0,34.41
0,34.45
0,34.42
0,34.41
0,34.42
0,34.44
0,34.45
0,34.49
0,34.47
0,34.42
0,34.4
0,34.39
0,34.37
0,34.41
0,34.39
0,34.41
0,34.43
0,34.47
0,34.44
0,34.44
0,34.47
0,34.43
0,34.47
0,34.46
0,34.48
0,34.48
0,34.52
0,34.53
0,34.56
0,34.57
0,34.58
0,34.55
0,34.6
0,34.63
0,34.66
0,34.7
0,34.7
0,34.66
0,34.68
0,34.71
0,34.72
0,34.7
0,34.67
0,34.68
0,34.66
0,34.66
0,34.7
0,34.76
0,34.79
0,34.78
0,34.78
0,34.72
0,34.74
0,34.75
0,34.75
0,34.71
0,34.73
0,34.7
0,34.67
0,34.65
0,34.67
0,34.66
0,34.64
0,34.66
0,34.68
0,34.66
0,34.64
0,34.58
0,34.6
0,34.6
0,34.62
0,34.63
0,34.67
0,34.67
0,34.64
0,34.64
0,34.64
0,34.66
0,34.66
0,34.71
0,34.7
0,34.7
0,34.67
0,34.64
0,34.62
0,34.6
0,34.62
0,34.6
0,34.59
0,34.55
0,34.56
0,34.56
0,34.54
0,34.61
0,34.58
0,34.62
0,34.64
0,34.66
0,34.65
0,34.62
0,34.62
0,34.64
0,34.62
0,34.63
0,34.63
0,34.62
0,34.59
0,34.55
0,34.51
0,34.54
0,34.52
0,34.47
0,34.47
0,34.49
0,34.47
0,34.48
0,34.48
0,34.47
0,34.48
0,34.47
0,34.47
0,34.46
0,34.48
0,34.5
0,34.5
0,34.49
0,34.48
0,34.5
0,34.42
0,34.42
0,34.42
0,34.44
0,34.44
0,34.46
0,34.47
0,34.53
0,34.56
0,34.6
0,34.58
0,34.61
0,34.59
0,34.6
0,34.6
0,34.61
0,34.56
0,34.58
0,34.56
0,34.56
0,34.52
0,34.53
0,34.53
0,34.57
0,34.56
0,34.54
0,34.54
0,34.52
0,34.52
0,34.54
0,34.56
0,34.54
0,34.53
0,34.56
0,34.57
0,34.58
0,34.53
0,34.48
0,34.44
0,34.42
0,34.43
0,34.42
0,34.42
0,34.45
0,34.4
0,34.42
0,34.4
0,34.38
0,34.39
0,34.36
0,34.38
0,34.39
0,34.42
0,34.42
0,34.44
0,34.47
0,34.48
0,34.47
0,34.5
0,34.5
0,34.52
0,34.49
0,34.48
0,34.48
0,34.47
0,34.5
0,34.52
0,34.52
0,34.52
0,34.53
0,34.52
0,34.52
0,34.53
0,34.53
0,34.56
0,34.56
0,34.53
0,34.55
0,34.56
0,34.54
0,34.47
0,34.44
0,34.48
0,34.47
0,34.48
0,34.47
0,34.47
0,34.5
0,34.48
0,34.43
0,34.43
0,34.41
0,34.38
0,34.42
0,34.41
0,34.43
0,34.43
0,34.42
0,34.41
0,34.41
0,34.38
0,34.44
0,34.43
0,34.42
0,34.39
0,34.36
0,34.34
0,34.34
0,34.34
0,34.57
0,34.58
0,34.48
0,34.44
0,34.45
0,34.38
0,34.32
0,34.34
0,34.1
0,34.14
0,34.08
0,33.98
0,33.95
0,33.92
0,34.02
0,33.94
0,33.87
0,33.92
0,33.92
0,33.9
0,33.97
0,34.08
0,33.93
0,33.89
0,33.82
0,33.83
0,33.83
0,33.86
0,33.8
0,33.78
0,33.79
0,33.81
0,33.75
0,33.8
0,33.78
0,33.74
0,33.75
0,33.78
0,33.84
0,33.79
0,33.76
0,33.74
0,33.66
0,33.6
0,33.46
0,33.43
0,33.42
0,33.36
0,33.3
0,33.23
0,33.09
0,33.11
0,33.18
0,33.23
0,33.16
0,33.16
0,33.2
0,33.15
0,33.12
0,33.11
0,33.02
0,33
0,32.98
0,32.99
0,33
0,33.02
0,33.02
0,32.98
0,32.98
0,33.06
0,33.08
0,33.02
0,33.02
0,33.1
0,33.15
0,33.04
0,33.01
0,33.02
0,32.89
0,32.95
0,33.01
0,32.89
0,32.94
0,32.92
0,32.88
0,32.91
0,32.92
0,32.88
0,32.86
0,32.88
0,32.9
0,32.9
0,32.87
0,32.94
0,32.89
0,32.9
0,32.94
0,32.85
0,32.95
0,32.92
0,32.92
0,32.92
0,32.94
0,32.94
0,32.9
0,32.9
0,32.91
0,32.94
0,32.91
0,32.96
0,32.98
0,32.94
0,32.95
0,32.94
0,32.98
0,32.94
0,32.9
0,32.9
0,32.89
0,32.85
0,32.82
0,32.72
0,32.75
0,32.76
0,32.72
0,32.75
0,32.79
0,32.75
0,32.73
0,32.76
0,32.77
0,32.75
0,32.76
0,32.74
0,32.7
0,32.74
0,32.84
0,32.86
0,32.84
0,32.82
0,32.86
0,32.82
0,32.86
0,32.8
0,32.84
0,32.87
0,32.93
0,32.89
0,32.93
0,32.95
0,32.9
0,32.93
0,32.94
0,32.97
0,32.99
0,32.98
0,32.97
0,33
0,33
0,32.98
0,33
0,32.98
0,32.98
0,32.97
0,33
0,33.05
0,33.02
0,33.03
0,33
0,33.06
0,33.11
0,33.16
0,33.13
0,33.16
0,33.16
0,33.14
0,33.16
0,33.18
0,33.14
0,33.12
0,33.11
0,33.1
0,33.08
0,33.06
0,33.06
0,33.02
0,33.06
0,33.05
0,33
0,33
0,33
0,32.97
0,33.02
0,33.08
0,33.06
0,33.04
0,33.04
0,33.02
0,32.98
0,32.96
0,32.94
0,32.92
0,32.92
0,32.88
0,32.89
0,32.84
0,32.78
0,32.8
0,32.76
0,32.81
0,32.88
0,32.88
0,32.82
0,32.87
0,32.94
0,32.91
0,32.92
0,32.91
0,32.92
0,32.88
0,32.85
0,32.83
0,32.83
0,32.83
0,32.85
0,32.9
0,32.97
0,32.95
0,32.9
0,32.88
0,32.87
0,32.9
0,32.9
0,32.95
0,32.9
0,32.9
0,32.9
0,32.9
0,32.92
0,32.9
0,32.91
0,32.88
0,32.86
0,32.85
0,32.84
0,32.84
0,32.84
0,32.86
0,32.86
0,32.86
0,32.84
0,32.83
0,32.82
0,32.81
0,32.78
0,32.78
0,32.79
0,32.81
0,32.84
0,32.86
0,32.86
0,32.86
0,32.91
0,32.92
0,32.97
0,32.94
0,32.94
0,32.94
0,32.94
0,32.92
0,32.9
0,32.92
0,32.93
0,32.9
0,32.88
0,32.9
0,32.88
0,32.86
0,32.87
0,32.88
0,32.88
0,32.86
0,32.86
0,32.86
0,32.86
0,32.88
0,32.9
0,32.9
0,32.89
0,32.91
0,32.88
0,32.86
0,32.89
0,32.85
0,32.88
0,32.88
0,32.88
0,32.91
0,32.92
0,32.95
0,32.98
0,32.98
0,33
0,33.04
0,33.01
0,33.02
0,33
0,32.97
0,32.96
0,32.96
0,33
0,32.98
0,32.99
0,32.98
0,32.98
0,32.99
0,32.97
0,32.97
0,33
0,33
0,33
0,32.97
0,32.97
0,32.98
0,32.99
0,32.96
0,32.94
0,32.93
0,32.94
0,32.92
0,32.93
0,32.94
0,32.89
0,32.87
0,32.83
0,32.73
0,32.72
0,32.75
0,32.78
0,32.74
0,32.72
0,32.75
0,32.75
0,32.73
0,32.76
0,32.8
0,32.79
0,32.79
0,32.84
0,32.85
0,32.84
0,32.81
0,32.82
0,32.86
0,32.86
0,32.84
0,32.85
0,32.82
0,32.82
0,32.86
0,32.87
0,32.9
0,32.93
0,32.93
0,32.92
0,32.92
0,32.92
0,32.88
0,32.89
0,32.88
0,32.85
0,32.84
0,32.83
0,32.87
0,32.87
0,32.87
0,32.86
0,32.84
0,32.81
0,32.81
0,32.81
0,32.86
0,32.88
0,32.91
0,32.91
0,32.92
0,33.56
0,33.61
0,33.55
0,33.68
0,33.7
0,33.8
0,33.82
0,33.87
0,33.9
0,34.1
0,34.17
0,34.09
0,33.98
0,33.95
0,34.12
0,34.01
0,34.2
0,34.1
0,34.02
0,34.09
0,34.2
0,34.3
0,34.18
0,34.14
0,34.16
0,34.18
0,34.08
0,34.13
0,34.14
0,34.2
0,34.12
0,34.17
0,34.16
0,34.21
0,34.15
0,34.15
0,34.13
0,34.02
0,34.02
0,34.02
0,34.08
0,34.08
0,34.11
0,34.08
0,34.1
0,34.07
0,34.13
0,34.13
0,34.18
0,34.17
0,34.19
0,34.22
0,34.28
0,34.26
0,34.3
0,34.34
0,34.34
0,34.38
0,34.36
0,34.29
0,34.34
0,34.22
0,34.19
0,34.22
0,34.2
0,34.17
0,34.23
0,34.19
0,34.24
0,34.36
0,34.28
0,34.32
0,34.34
0,34.34
0,34.17
0,34.12
0,34.02
0,34.1
0,34.08
0,34.06
0,34.14
0,34.11
0,34.16
0,34.13
0,34.16
0,34.12
0,34.14
0,34.18
0,34.15
0,34.12
0,34.15
0,34.13
0,34.16
0,34.17
0,34.21
0,34.2
0,34.23
0,34.3
0,34.32
0,34.34
0,34.31
0,34.33
0,34.28
0,34.34
0,34.4
0,34.38
0,34.39
0,34.38
0,34.41
0,34.39
0,34.47
0,34.44
0,34.5
0,34.48
0,34.5
0,34.51
0,34.45
0,34.47
0,34.45
0,34.5
0,34.5
0,34.46
0,34.42
0,34.41
0,34.39
0,34.44
0,34.38
0,34.42
0,34.38
0,34.36
0,34.38
0,34.38
0,34.4
0,34.42
0,34.42
0,34.41
0,34.5
0,34.55
0,34.52
0,34.52
0,34.54
0,34.55
0,34.55
0,34.6
0,34.55
0,34.6
0,34.62
0,34.52
0,34.55
0,34.53
0,34.52
0,34.48
0,34.54
0,34.54
0,34.53
0,34.53
0,34.54
0,34.5
0,34.48
0,34.5
0,34.48
0,34.52
0,34.5
0,34.52
0,34.56
0,34.58
0,34.58
0,34.6
0,34.62
0,34.6
0,34.64
0,34.66
0,34.66
0,34.69
0,34.7
0,34.72
0,34.73
0,34.72
0,34.72
0,34.72
0,34.75
0,34.74
0,34.75
0,34.74
0,34.7
0,34.74
0,34.75
0,34.72
0,34.67
0,34.67
0,34.67
0,34.63
0,34.64
0,34.63
0,34.6
0,34.65
0,34.58
0,34.61
0,34.64
0,34.67
0,34.68
0,34.75
0,34.75
0,34.76
0,34.78
0,34.76
0,34.76
0,34.75
0,34.79
0,34.83
0,34.81
0,34.81
0,34.79
0,34.78
0,34.78
0,34.81
0,34.8
0,34.8
0,34.74
0,34.76
0,34.8
0,34.81
0,34.81
0,34.82
0,34.82
0,34.8
0,34.78
0,34.78
0,34.78
0,34.79
0,34.78
0,34.78
0,34.72
0,34.7
0,34.68
0,34.67
0,34.65
0,34.63
0,34.64
0,34.62
0,34.62
0,34.63
0,34.63
0,34.61
0,34.6
0,34.6
0,34.61
0,34.58
0,34.6
0,34.58
0,34.61
0,34.6
0,34.61
0,34.6
0,34.58
0,34.58
0,34.58
0,34.54
0,34.52
0,34.48
0,34.48
0,34.42
0,34.44
0,34.48
0,34.49
0,34.5
0,34.49
0,34.52
0,34.56
0,34.53
0,34.56
0,34.62
0,34.63
0,34.54
0,34.47
0,34.52
0,34.51
0,34.54
0,34.54
0,34.6
0,34.57
0,34.58
0,34.54
0,34.5
0,34.51
0,34.52
0,34.5
0,34.48
0,34.48
0,34.42
0,34.35
0,34.34
0,34.34
0,34.34
0,34.33
0,34.34
0,34.38
0,34.38
0,34.39
0,34.39
0,34.39
0,34.36
0,34.4
0,34.4
0,34.42
0,34.44
0,34.43
0,34.44
0,34.41
0,34.42
0,34.42
0,34.41
0,34.44
0,34.43
0,34.48
0,34.5
0,34.48
0,34.5
0,34.52
0,34.5
0,34.53
0,34.5
0,34.48
0,34.5
0,34.5
0,34.48
0,34.45
0,34.45
0,34.47
0,34.48
0,34.45
0,34.48
0,34.49
0,34.5
0,34.5
0,34.48
0,34.48
0,34.45
0,34.45
0,34.45
0,34.48
0,34.52
0,34.5
0,34.48
0,34.45
0,34.45
0,34.48
0,34.48
0,34.5
0,34.49
0,34.47
0,34.48
0,34.48
0,34.47
0,34.47
0,34.47
0,34.49
0,34.49
0,34.46
0,34.46
0,34.42
0,34.43
0,34.44
0,34.44
0,34.44
0,34.36
0,34.4
0,34.39
0,34.36
0,34.38
0,34.34
0,34.33
0,34.36
0,34.38
0,34.37
0,34.38
0,34.35
0,34.36
0,34.34
0,34.33
0,34.31
0,34.27
0,34.28
0,34.27
0,34.28
0,34.25
0,34.27
0,34.28
0,33.98
0,33.98
0,33.92
0,34.08
0,34.04
0,34.08
0,34.17
0,34.21
0,34.24
0,34.22
0,34.17
0,34.08
0,34.08
0,34.13
0,34.08
0,34.06
0,34.12
0,34.18
0,34.07
0,34.11
0,34.11
0,34.22
0,34.22
0,34.25
0,34.25
0,34.25
0,34.2
0,34.22
0,34.3
0,34.28
0,34.33
0,34.4
0,34.44
0,34.48
0,34.5
0,34.44
0,34.52
0,34.56
0,34.58
0,34.63
0,34.61
0,34.66
0,34.63
0,34.6
0,34.56
0,34.53
0,34.53
0,34.5
0,34.53
0,34.56
0,34.52
0,34.54
0,34.56
0,34.58
0,34.56
0,34.61
0,34.51
0,34.54
0,34.52
0,34.6
0,34.57
0,34.59
0,34.56
0,34.54
0,34.61
0,34.61
0,34.56
0,34.54
0,34.54
0,34.54
0,34.6
0,34.58
0,34.54
0,34.56
0,34.58
0,34.52
0,34.55
0,34.54
0,34.52
0,34.53
0,34.56
0,34.59
0,34.61
0,34.66
0,34.67
0,34.63
0,34.65
0,34.67
0,34.66
0,34.65
0,34.66
0,34.63
0,34.62
0,34.63
0,34.65
0,34.67
0,34.66
0,34.66
0,34.63
0,34.64
0,34.64
0,34.62
0,34.63
0,34.63
0,34.72
0,34.66
0,34.62
0,34.61
0,34.56
0,34.56
0,34.52
0,34.51
0,34.54
0,34.56
0,34.55
0,34.5
0,34.46
0,34.47
0,34.48
0,34.49
0,34.44
0,34.44
0,34.46
0,34.48
0,34.5
0,34.52
0,34.56
0,34.55
0,34.56
0,34.58
0,34.56
0,34.6
0,34.56
0,34.54
0,34.51
0,34.47
0,34.48
0,34.46
0,34.5
0,34.48
0,34.48
0,34.47
0,34.49
0,34.54
0,34.52
0,34.53
0,34.5
0,34.51
0,34.54
0,34.58
0,34.56
0,34.56
0,34.52
0,34.5
0,34.53
0,34.48
0,34.47
0,34.48
0,34.48
0,34.48
0,34.45
0,34.47
0,34.44
0,34.49
0,34.48
0,34.5
0,34.5
0,34.53
0,34.51
0,34.53
0,34.49
0,34.5
0,34.5
0,34.5
0,34.5
0,34.53
0,34.52
0,34.52
0,34.52
0,34.56
0,34.6
0,34.59
0,34.62
0,34.63
0,34.65
0,34.62
0,34.64
0,34.63
0,34.63
0,34.59
0,34.62
0,34.6
0,34.6
0,34.56
0,34.56
0,34.56
0,34.61
0,34.62
0,34.63
0,34.64
0,34.65
0,34.68
0,34.67
0,34.72
0,34.72
0,34.7
0,34.67
0,34.66
0,34.63
0,34.67
0,34.65
0,34.63
0,34.66
0,34.64
0,34.62
0,34.62
0,34.62
0,34.56
0,34.52
0,34.51
0,34.45
0,34.46
0,34.47
0,34.47
0,34.48
0,34.45
0,34.39
0,34.43
0,34.42
0,34.42
0,34.4
0,34.36
0,34.37
0,34.39
0,34.41
0,34.39
0,34.41
0,34.45
0,34.42
0,34.4
0,34.45
0,34.42
0,34.4
0,34.4
0,34.4
0,34.42
0,34.44
0,34.41
0,34.45
0,34.4
0,34.42
0,34.39
0,34.35
0,34.34
0,34.36
0,34.38
0,34.44
0,34.43
0,34.48
0,34.44
0,34.48
0,34.48
0,34.51
0,34.49
0,34.47
0,34.46
0,34.44
0,34.48
0,34.48
0,34.48
0,34.48
0,34.5
0,34.51
0,34.5
0,34.5
0,34.51
0,34.53
0,34.54
0,34.56
0,34.59
0,34.56
0,34.58
0,34.6
0,34.6
0,34.58
0,34.6
0,34.58
0,34.6
0,34.64
0,34.64
0,34.63
0,34.66
0,34.68
0,34.66
0,34.69
0,34.67
0,34.66
0,34.66
0,34.66
0,34.66
0,34.66
0,34.63
0,34.66
0,34.68
0,34.67
0,34.7
0,34.71
0,34.69
0,34.66
0,34.66
0,34.68
0,34.66
0,34.73
0,34.72
0,34.74
0,34.68
0,34.7
0,34.67
0,34.66
0,34.64
0,34.64
0,34.63
0,34.63
0,34.62
0,34.63
0,34.64
0,34.65
0,34.66
0,34.64
0,34.69
0,34.71
0,34.7
0,34.71
0,34.72
0,34.72
0,34.68
0,34.66
0,34.67
0,34.67
0,34.66
0,34.65
0,34.66
0,34.64
0,34.68
0,34.72
0,34.72
0,34.72
0,34.74
0,34.72
0,34.72
0,34.72
0,34.73
0,34.74
0,34.74
0,34.76
0,34.75
0,34.75
0,34.7
0,34.7
0,34.68
0,34.73
0,34.74
0,34.75
0,34.76
0,34.76
0,34.76
0,34.79
0,34.81
0,34.82
0,34.8
0,34.75
0,34.79
0,34.79
0,34.78
0,34.79
0,34.77
0,34.79
0,34.79
0,34.8
0,34.82
0,34.81
0,34.81
0,34.76
0,34.75
0,34.75
0,34.76
0,34.4
0,34.43
0,34.39
0,34.3
0,34.28
0,34.38
0,34.36
0,34.33
0,34.38
0,34.28
0,34.2
0,34.34
0,34.26
0,34.22
0,34.26
0,34.28
0,34.37
0,34.45
0,34.44
0,34.48
0,34.51
0,34.45
0,34.46
0,34.38
0,34.37
0,34.38
0,34.32
0,34.31
0,34.36
0,34.38
0,34.37
0,34.38
0,34.34
0,34.4
0,34.45
0,34.45
0,34.43
0,34.51
0,34.48
0,34.54
0,34.55
0,34.56
0,34.56
0,34.52
0,34.53
0,34.52
0,34.48
0,34.53
0,34.56
0,34.56
0,34.6
0,34.56
0,34.58
0,34.58
0,34.56
0,34.55
0,34.51
0,34.48
0,34.5
0,34.45
0,34.42
0,34.44
0,34.44
0,34.43
0,34.43
0,34.52
0,34.56
0,34.56
0,34.54
0,34.53
0,34.56
0,34.5
0,34.5
0,34.5
0,34.53
0,34.53
0,34.54
0,34.53
0,34.56
0,34.54
0,34.52
0,34.47
0,34.52
0,34.5
0,34.53
0,34.58
0,34.66
0,34.66
0,34.66
0,34.69
0,34.74
0,34.7
0,34.68
0,34.7
0,34.7
0,34.64
0,34.62
0,34.6
0,34.65
0,34.67
0,34.63
0,34.58
0,34.56
0,34.53
0,34.54
0,34.58
0,34.54
0,34.58
0,34.58
0,34.61
0,34.64
0,34.64
0,34.61
0,34.63
0,34.72
0,34.7
0,34.71
0,34.67
0,34.64
0,34.63
0,34.65
0,34.58
0,34.59
0,34.64
0,34.62
0,34.67
0,34.66
0,34.66
0,34.66
0,34.7
0,34.66
0,34.65
0,34.63
0,34.67
0,34.71
0,34.75
0,34.72
0,34.75
0,34.76
0,34.75
0,34.75
0,34.72
0,34.74
0,34.73
0,34.72
0,34.72
0,34.74
0,34.75
0,34.74
0,34.76
0,34.74
0,34.75
0,34.75
0,34.77
0,34.78
0,34.82
0,34.8
0,34.8
0,34.78
0,34.79
0,34.78
0,34.78
0,34.78
0,34.8
0,34.8
0,34.82
0,34.82
0,34.83
0,34.82
0,34.81
0,34.8
0,34.8
0,34.8
0,34.85
0,34.86
0,34.89
0,34.93
0,34.95
0,34.95
0,35.06
0,35.08
0,35.13
0,35.11
0,35.13
0,35.12
0,35.13
0,35.11
0,35.08
0,35.08
0,35.13
0,35.2
0,35.25
0,35.28
0,35.31
0,35.27
0,35.25
0,35.2
0,35.19
0,35.16
0,35.17
0,35.17
0,35.18
0,35.2
0,35.25
0,35.28
0,35.24
0,35.26
0,35.27
0,35.28
0,35.26
0,35.28
0,35.3
0,35.29
0,35.25
0,35.19
0,35.22
0,35.22
0,35.22
0,35.23
0,35.25
0,35.21
0,35.19
0,35.16
0,35.12
0,35.1
0,35.11
0,35.1
0,35.11
0,35.13
0,35.12
0,35.08
0,35.07
0,35.08
0,35.04
0,34.98
0,34.94
0,34.92
0,34.89
0,34.92
0,34.95
0,35
0,35.01
0,35.04
0,35.02
0,35
0,34.97
0,34.94
0,34.93
0,34.96
0,34.95
0,34.96
0,34.97
0,34.97
0,34.98
0,34.98
0,35
0,34.97
0,34.94
0,34.94
0,34.94
0,34.9
0,34.93
0,34.95
0,34.97
0,34.94
0,34.95
0,34.94
0,34.97
0,35.02
0,35.03
0,35.01
0,34.98
0,35
0,35
0,34.99
0,34.96
0,34.96
0,34.97
0,34.95
0,34.98
0,35
0,35
0,35.02
0,35.02
0,35.03
0,35.02
0,35.02
0,35.03
0,35
0,34.98
0,34.97
0,34.97
0,34.98
0,34.92
0,34.93
0,34.92
0,34.9
0,34.89
0,34.89
0,34.9
0,34.88
0,34.87
0,34.85
0,34.89
0,34.9
0,34.89
0,34.89
0,34.9
0,34.9
0,34.88
0,34.86
0,34.85
0,34.86
0,34.85
0,34.84
0,34.86
0,34.84
0,34.82
0,34.83
0,34.81
0,34.8
0,34.8
0,34.78
0,34.73
0,34.72
0,34.73
0,34.75
0,34.74
0,34.74
0,34.75
0,34.76
0,34.75
0,34.74
0,34.74
0,34.75
0,34.76
0,34.8
0,34.82
0,34.81
0,34.8
0,34.82
0,34.8
0,34.79
0,34.8
0,34.76
0,34.78
0,34.78
0,34.79
0,34.8
0,34.8
0,34.8
0,34.8
0,34.8
0,34.8
0,34.8
0,34.78
0,34.8
0,34.8
0,34.82
0,34.81
0,34.81
0,34.81
0,34.82
0,34.84
0,34.82
0,34.82
0,34.82
0,34.84
0,34.84
0,34.85
0,34.84
0,34.83
0,34.83
0,34.82
0,34.82
0,34.8
0,34.79
0,34.78
0,34.77
0,34.02
0,34.17
0,34
0,33.74
0,33.76
0,33.74
0,33.62
0,33.72
0,33.7
0,33.64
0,33.63
0,33.61
0,33.59
0,33.72
0,33.67
0,33.7
0,33.64
0,33.6
0,33.65
0,33.58
0,33.61
0,33.66
0,33.66
0,33.64
0,33.66
0,33.62
0,33.6
0,33.52
0,33.5
0,33.5
0,33.5
0,33.5
0,33.47
0,33.43
0,33.56
0,33.62
0,33.66
0,33.72
0,33.69
0,33.75
0,33.73
0,33.75
0,33.78
0,33.74
0,33.75
0,33.7
0,33.67
0,33.64
0,33.68
0,33.66
0,33.75
0,33.8
0,33.82
0,33.87
0,33.86
0,33.86
0,33.86
0,33.81
0,33.8
0,33.84
0,33.82
0,33.84
0,33.83
0,33.83
0,33.88
0,33.85
0,33.84
0,33.84
0,33.84
0,33.84
0,33.8
0,33.8
0,33.84
0,33.81
0,33.8
0,33.81
0,33.8
0,33.78
0,33.75
0,33.7
0,33.7
0,33.69
0,33.67
0,33.66
0,33.69
0,33.73
0,33.75
0,33.81
0,33.78
0,33.77
0,33.75
0,33.71
0,33.75
0,33.76
0,33.76
0,33.76
0,33.72
0,33.71
0,33.72
0,33.74
0,33.74
0,33.76
0,33.72
0,33.71
0,33.75
0,33.71
0,33.73
0,33.72
0,33.7
0,33.65
0,33.66
0,33.7
0,33.67
0,33.7
0,33.73
0,33.77
0,33.81
0,33.84
0,33.81
0,33.82
0,33.84
0,33.86
0,33.89
0,33.89
0,33.95
0,33.97
0,34.02
0,34.01
0,34.05
0,34.08
0,34.04
0,34.08
0,34.12
0,34.12
0,34.1
0,34.13
0,34.08
0,34.09
0,34.12
0,34.13
0,34.11
0,34.16
0,34.14
0,34.11
0,34.06
0,34.1
0,34.06
0,34.04
0,34.03
0,34.05
0,34.06
0,34.1
0,34.06
0,34.04
0,34.06
0,34.04
0,34.02
0,34.01
0,34.06
0,34.06
0,34.06
0,34.08
0,34.06
0,34.08
0,34.08
0,34.1
0,34.13
0,34.18
0,34.21
0,34.21
0,34.21
0,34.19
0,34.16
0,34.17
0,34.18
0,34.18
0,34.16
0,34.13
0,34.15
0,34.14
0,34.16
0,34.17
0,34.14
0,34.12
0,34.17
0,34.17
0,34.18
0,34.2
0,34.2
0,34.18
0,34.16
0,34.16
0,34.17
0,34.18
0,34.2
0,34.25
0,34.3
0,34.28
0,34.29
0,34.29
0,34.27
0,34.26
0,34.24
0,34.24
0,34.22
0,34.2
0,34.18
0,34.19
0,34.16
0,34.18
0,34.14
0,34.18
0,34.16
0,34.17
0,34.14
0,34.12
0,34.1
0,34.1
0,34.13
0,34.14
0,34.18
0,34.17
0,34.2
0,34.25
0,34.25
0,34.25
0,34.26
0,34.26
0,34.22
0,34.2
0,34.2
0,34.23
0,34.25
0,34.24
0,34.22
0,34.19
0,34.18
0,34.22
0,34.22
0,34.24
0,34.24
0,34.21
0,34.22
0,34.22
0,34.23
0,34.22
0,34.2
0,34.21
0,34.22
0,34.22
0,34.21
0,34.17
0,34.17
0,34.17
0,34.17
0,34.18
0,34.17
0,34.17
0,34.17
0,34.14
0,34.15
0,34.14
0,34.13
0,34.12
0,34.12
0,34.09
0,34.06
0,34.09
0,34.1
0,34.08
0,34.08
0,34.1
0,34.08
0,34.05
0,34.02
0,33.98
0,34
0,33.99
0,33.98
0,34
0,34
0,33.98
0,33.98
0,33.97
0,33.95
0,33.94
0,33.94
0,33.95
0,33.95
0,33.94
0,33.94
0,33.94
0,33.92
0,33.92
0,33.94
0,33.94
0,33.94
0,33.93
0,33.94
0,33.93
0,33.94
0,33.94
0,33.92
0,33.92
0,33.94
0,33.94
0,33.92
0,33.95
0,33.95
0,33.97
0,33.98
0,33.99
0,33.98
0,33.98
0,33.95
0,33.97
0,33.94
0,33.94
0,33.94
0,33.95
0,33.96
0,33.94
0,33.95
0,33.94
0,33.94
0,33.94
0,33.94
0,33.93
0,33.94
0,33.92
0,33.92
0,33.92
0,33.93
0,33.92
0,33.92
0,33.88
0,33.88
0,33.9
0,33.92
0,33.92
0,33.92
0,33.94
0,33.94
0,33.95
0,33.97
0,34
0,34
0,34
0,34
0,34.03
0,34.02
0,34
0,33.99
0,34
0,34
0,34.01
0,34.01
0,34.02
0,34.02
0,34.02
0,34.02
0,34
0,34
0,33.98
0,33.94
0,33.94
0,33.92
0,33.94
0,33.91
0,33.9
0,33.93
0,33.9
0,33.89
0,33.86
0,33.85
0,33.82
0,33.89
0,33.9
0,33.91
0,33.93
0,34.14
0,34.1
0,34.02
0,34.11
0,34.18
0,34.12
0,34.18
0,34.22
0,34.22
0,34.2
0,34.3
0,34.22
0,34.15
0,34.11
0,34.03
0,34.04
0,34.05
0,34.08
0,34.06
0,34.01
0,33.97
0,34
0,33.97
0,33.88
0,33.98
0,34
0,33.95
0,33.94
0,33.92
0,33.92
0,33.95
0,34.08
0,34.11
0,34.1
0,34.08
0,34.08
0,34.09
0,34.08
0,34.11
0,34.08
0,34.05
0,34
0,33.94
0,33.92
0,33.98
0,33.97
0,33.88
0,33.88
0,33.9
0,33.92
0,33.88
0,33.84
0,33.82
0,33.84
0,33.84
0,33.86
0,33.9
0,33.86
0,33.88
0,33.89
0,33.88
0,33.84
0,33.86
0,33.86
0,33.86
0,33.89
0,33.84
0,33.84
0,33.83
0,33.82
0,33.82
0,33.84
0,33.82
0,33.8
0,33.82
0,33.84
0,33.83
0,33.8
0,33.78
0,33.74
0,33.75
0,33.75
0,33.76
0,33.76
0,33.75
0,33.78
0,33.79
0,33.75
0,33.75
0,33.75
0,33.74
0,33.7
0,33.7
0,33.69
0,33.68
0,33.73
0,33.66
0,33.66
0,33.62
0,33.61
0,33.62
0,33.61
0,33.58
0,33.61
0,33.61
0,33.62
0,33.66
0,33.66
0,33.64
0,33.67
0,33.64
0,33.62
0,33.62
0,33.59
0,33.54
0,33.53
0,33.52
0,33.52
0,33.52
0,33.51
0,33.5
0,33.48
0,33.45
0,33.47
0,33.47
0,33.5
0,33.5
0,33.5
0,33.57
0,33.54
0,33.58
0,33.64
0,33.63
0,33.61
0,33.58
0,33.58
0,33.6
0,33.6
0,33.6
0,33.61
0,33.61
0,33.59
0,33.61
0,33.61
0,33.62
0,33.6
0,33.62
0,33.63
0,33.64
0,33.67
0,33.65
0,33.68
0,33.72
0,33.73
0,33.75
0,33.77
0,33.72
0,33.72
0,33.67
0,33.66
0,33.66
0,33.66
0,33.7
0,33.71
0,33.7
0,33.68
0,33.66
0,33.63
0,33.66
0,33.66
0,33.68
0,33.69
0,33.71
0,33.68
0,33.67
0,33.67
0,33.67
0,33.69
0,33.69
0,33.68
0,33.7
0,33.7
0,33.67
0,33.64
0,33.67
0,33.66
0,33.66
0,33.69
0,33.66
0,33.66
0,33.7
0,33.72
0,33.69
0,33.7
0,33.7
0,33.68
0,33.68
0,33.72
0,33.7
0,33.72
0,33.7
0,33.7
0,33.7
0,33.68
0,33.7
0,33.69
0,33.67
0,33.65
0,33.68
0,33.68
0,33.67
0,33.66
0,33.66
0,33.66
0,33.65
0,33.67
0,33.7
0,33.72
0,33.7
0,33.71
0,33.71
0,33.7
0,33.71
0,33.69
0,33.7
0,33.67
0,33.66
0,33.67
0,33.64
0,33.64
0,33.64
0,33.63
0,33.62
0,33.6
0,33.61
0,33.58
0,33.6
0,33.61
0,33.6
0,33.6
0,33.58
0,33.59
0,33.62
0,33.61
0,33.62
0,33.63
0,33.64
0,33.63
0,33.62
0,33.62
0,33.66
0,33.66
0,33.66
0,33.66
0,33.66
0,33.66
0,33.63
0,33.63
0,33.63
0,33.63
0,33.63
0,33.62
0,33.62
0,33.61
0,33.62
0,33.64
0,33.62
0,33.62
0,33.62
0,33.66
0,33.69
0,33.72
0,33.67
0,33.68
0,33.66
0,33.66
0,33.64
0,33.66
0,33.65
0,33.64
0,33.63
0,33.64
0,33.63
0,33.58
0,33.58
0,33.62
0,33.62
0,33.62
0,33.58
0,33.6
0,33.62
0,33.58
0,33.58
0,33.58
0,33.56
0,33.5
0,33.45
0,33.45
0,33.43
0,33.45
0,33.48
0,33.48
0,33.49
0,33.5
0,33.5
0,33.5
0,33.5
0,33.47
0,33.5
0,33.52
0,33.52
0,33.52
0,33.55
0,33.58
0,33.58
0,33.54
0,33.56
0,33.55
0,33.57
0,33.57
0,33.58
0,33.58
0,33.6
0,33.61
0,33.62
0,33.63
0,33.64
0,33.66
0,33.66
0,33.63
0,33.64
0,33.63
0,33.65
0,33.64
0,33.64
0,33.65
0,33.67
0,33.68
0,33.69
0,33.68
0,33.66
0,33.66
0,33.67
0,33.7
0,33.7
0,33.68
0,33.67
0,33.65
0,33.63
0,33.63
0,33.65
0,33.65
0,33.63
0,33.63
0,33.66
0,33.67
0,33.67
0,33.69
0,33.7
0,33.7
0,33.7
0,33.7
0,33.7
0,33.69
0,33.72
0,33.74
0,33.75
0,33.76
0,33.75
0,33.75
0,33.75
0,33.75
0,33.76
0,33.76
0,33.74
0,33.72
0,33.72
0,33.72
0,33.74
0,33.73
0,33.73
0,33.7
0,33.78
0,33.75
0,33.61
0,33.62
0,33.7
0,33.78
0,33.92
0,33.98
0,33.96
0,33.95
0,33.92
0,33.99
0,33.98
0,33.95
0,34
0,34
0,34.11
0,34.19
0,34.17
0,34.14
0,34.17
0,34.19
0,34.13
0,34.22
0,34.22
0,34.2
0,34.16
0,34.16
0,34.17
0,34.18
0,34.16
0,34.07
0,34.09
0,34.1
0,34.08
0,34.09
0,34.12
0,34.13
0,34.12
0,34.08
0,34.03
0,34.08
0,34.16
0,34.2
0,34.22
0,34.22
0,34.2
0,34.22
0,34.2
0,34.22
0,34.24
0,34.17
0,34.13
0,34.11
0,34.11
0,34.08
0,34.12
0,34.11
0,34.13
0,34.1
0,34.1
0,34.03
0,34.05
0,34.03
0,34.04
0,34.08
0,34.06
0,34.04
0,34.03
0,34.03
0,34
0,33.96
0,34
0,34.01
0,34.04
0,34.04
0,34.05
0,34.11
0,34.12
0,34.14
0,34.15
0,34.14
0,34.12
0,34.12
0,34.14
0,34.17
0,34.2
0,34.22
0,34.18
0,34.18
0,34.16
0,34.15
0,34.12
0,34.08
0,34.03
0,34.06
0,34.08
0,34.1
0,34.11
0,34.1
0,34.1
0,34.11
0,34.12
0,34.09
0,34.1
0,34.14
0,34.17
0,34.18
0,34.2
0,34.21
0,34.2
0,34.22
0,34.17
0,34.15
0,34.15
0,34.12
0,34.16
0,34.2
0,34.13
0,34.17
0,34.19
0,34.2
0,34.22
0,34.24
0,34.24
0,34.22
0,34.19
0,34.17
0,34.18
0,34.22
0,34.23
0,34.25
0,34.24
0,34.23
0,34.21
0,34.18
0,34.16
0,34.13
0,34.1
0,34.11
0,34.11
0,34.14
0,34.08
0,34.08
0,34.11
0,34.08
0,34.08
0,34.11
0,34.12
0,34.12
0,34.11
0,34.11
0,34.12
0,34.12
0,34.13
0,34.12
0,34.12
0,34.12
0,34.16
0,34.17
0,34.14
0,34.11
0,34.04
0,34.02
0,34.04
0,34.06
0,34.04
0,34.02
0,34.01
0,34.02
0,34.01
0,34
0,33.97
0,33.95
0,34
0,34
0,33.98
0,33.98
0,33.94
0,33.95
0,33.97
0,33.98
0,33.98
0,33.97
0,33.94
0,33.98
0,34
0,34.02
0,34.05
0,34.03
0,34.02
0,34.02
0,34
0,34.02
0,34.05
0,34.03
0,34.02
0,34.04
0,34.06
0,34.08
0,34.06
0,34.04
0,34.01
0,34.02
0,34.03
0,33.96
0,33.97
0,33.95
0,33.93
0,33.92
0,33.89
0,33.86
0,33.88
0,33.86
0,33.86
0,33.86
0,33.84
0,33.86
0,33.83
0,33.86
0,33.87
0,33.88
0,33.89
0,33.9
0,33.91
0,33.91
0,33.91
0,33.88
0,33.9
0,33.88
0,33.88
0,33.84
0,33.86
0,33.88
0,33.86
0,33.84
0,33.86
0,33.86
0,33.86
0,33.86
0,33.86
0,33.88
0,33.88
0,33.86
0,33.89
0,33.89
0,33.9
0,33.88
0,33.9
0,33.92
0,33.94
0,33.96
0,33.95
0,33.95
0,33.96
0,33.97
0,33.94
0,33.92
0,33.93
0,33.92
0,33.94
0,33.93
0,33.96
0,33.94
0,33.94
0,33.93
0,33.92
0,33.9
0,33.88
0,33.86
0,33.84
0,33.83
0,33.8
0,33.82
0,33.8
0,33.82
0,33.82
0,33.82
0,33.8
0,33.82
0,33.82
0,33.82
0,33.82
0,33.83
0,33.81
0,33.84
0,33.82
0,33.83
0,33.84
0,33.88
0,33.92
0,33.93
0,33.93
0,33.92
0,33.92
0,33.91
0,33.92
0,33.89
0,33.91
0,33.91
0,33.89
0,33.89
0,33.88
0,33.86
0,33.89
0,33.88
0,33.83
0,33.84
0,33.86
0,33.86
0,33.86
0,33.86
0,33.84
0,33.82
0,33.81
0,33.82
0,33.83
0,33.85
0,33.87
0,33.86
0,33.84
0,33.86
0,33.85
0,33.86
0,33.86
0,33.87
0,33.87
0,33.86
0,33.88
0,33.88
0,33.89
0,33.91
0,33.91
0,33.91
0,33.92
0,33.93
0,33.92
0,33.91
0,33.89
0,33.93
0,33.94
0,33.92
0,33.94
0,33.93
0,33.88
0,33.84
0,33.83
0,33.84
0,33.87
0,33.86
0,33.84
0,33.85
0,33.83
0,33.81
0,33.82
0,33.78
0,33.76
0,33.75
0,33.72
0,33.72
0,33.74
0,33.73
0,33.72
0,33.72
0,33.7
0,33.69
0,33.73
0,33.72
0,33.7
0,33.68
0,33.56
0,33.45
0,33.4
0,33.4
0,33.5
0,33.42
0,33.47
0,33.63
0,33.46
0,33.44
0,33.26
0,33.31
0,33.38
0,33.36
0,33.34
0,33.38
0,33.44
0,33.44
0,33.44
0,33.48
0,33.46
0,33.51
0,33.62
0,33.61
0,33.62
0,33.65
0,33.75
0,33.81
0,33.79
0,33.75
0,33.75
0,33.73
0,33.71
0,33.67
0,33.7
0,33.66
0,33.61
0,33.62
0,33.62
0,33.63
0,33.69
0,33.74
0,33.75
0,33.75
0,33.76
0,33.75
0,33.78
0,33.8
0,33.86
0,33.8
0,33.73
0,33.7
0,33.76
0,33.76
0,33.78
0,33.8
0,33.84
0,33.88
0,33.86
0,33.9
0,33.97
0,33.98
0,33.94
0,33.93
0,33.94
0,33.93
0,33.97
0,33.92
0,33.96
0,33.91
0,33.9
0,33.92
0,33.92
0,33.92
0,33.92
0,33.96
0,33.92
0,33.92
0,33.94
0,33.94
0,33.98
0,33.95
0,33.97
0,34.02
0,34.02
0,34.05
0,34.08
0,34.13
0,34.14
0,34.17
0,34.16
0,34.17
0,34.18
0,34.16
0,34.17
0,34.16
0,34.12
0,34.06
0,34.06
0,34.03
0,34.01
0,34
0,34.02
0,34.02
0,34.02
0,34.02
0,34.06
0,34.02
0,33.98
0,34.01
0,34.06
0,34.02
0,34.04
0,34.01
0,34.02
0,34
0,34.01
0,33.98
0,33.98
0,33.99
0,33.99
0,33.98
0,34.02
0,34.06
0,34.05
0,34.04
0,34.04
0,34.06
0,34.04
0,34.04
0,34.05
0,34.06
0,34.1
0,34.02
0,34.01
0,34.02
0,34.02
0,34.03
0,34
0,34.03
0,34.05
0,34.04
0,34.06
0,34.04
0,34.03
0,34.02
0,34
0,33.98
0,34.02
0,34.02
0,34.02
0,33.97
0,33.94
0,33.94
0,33.97
0,33.98
0,33.99
0,34.02
0,34
0,34.02
0,34.02
0,34.02
0,34.03
0,34.01
0,33.99
0,33.99
0,33.96
0,33.97
0,33.95
0,33.95
0,33.94
0,33.94
0,33.92
0,33.95
0,33.97
0,34
0,34
0,34
0,33.98
0,33.98
0,33.96
0,33.94
0,33.95
0,33.95
0,33.95
0,33.98
0,33.96
0,33.98
0,33.97
0,33.97
0,33.97
0,33.95
0,33.95
0,33.97
0,33.99
0,33.98
0,33.97
0,33.92
0,33.92
0,33.95
0,33.94
0,33.92
0,33.91
0,33.94
0,33.96
0,33.96
0,33.98
0,33.98
0,33.95
0,33.98
0,33.99
0,33.97
0,34
0,34
0,34
0,34.01
0,34
0,33.98
0,33.99
0,34.03
0,34.06
0,34.04
0,34.04
0,34.06
0,34.08
0,34.06
0,34.06
0,34.07
0,34.08
0,34.05
0,34.05
0,34.02
0,34.02
0,34.03
0,34.05
0,34.05
0,34.06
0,34.04
0,34.04
0,34.03
0,34.03
0,34.02
0,34.01
0,34
0,33.98
0,33.97
0,33.98
0,33.94
0,33.95
0,33.96
0,33.98
0,33.97
0,33.98
0,33.98
0,33.97
0,33.97
0,33.98
0,34.01
0,34.01
0,34.02
0,34.03
0,34.02
0,34.02
0,34.03
0,34.03
0,34.03
0,34.02
0,34.03
0,34.04
0,34.04
0,34.08
0,34.06
0,34.04
0,34.04
0,34.04
0,34.04
0,34.02
0,34.02
0,34.02
0,34.03
0,34
0,33.98
0,33.97
0,33.98
0,34
0,34.01
0,34
0,33.99
0,34
0,34.01
0,34
0,33.98
0,34
0,34
0,34.02
0,34
0,33.98
0,34.06
0,34.1
0,34.23
0,34.28
0,34.24
0,34.28
0,34.34
0,34.46
0,34.5
0,34.58
0,34.56
0,34.61
0,34.59
0,34.52
0,34.47
0,34.47
0,34.43
0,34.3
0,34.25
0,34.27
0,34.32
0,34.32
0,34.25
0,34.24
0,34.25
0,34.18
0,34.17
0,34.22
0,34.25
0,34.28
0,34.28
0,34.3
0,34.25
0,34.32
0,34.34
0,34.33
0,34.34
0,34.31
0,34.32
0,34.36
0,34.4
0,34.47
0,34.46
0,34.48
0,34.5
0,34.52
0,34.51
0,34.5
0,34.51
0,34.52
0,34.56
0,34.58
0,34.6
0,34.62
0,34.66
0,34.67
0,34.71
0,34.66
0,34.61
0,34.61
0,34.58
0,34.53
0,34.53
0,34.5
0,34.48
0,34.49
0,34.5
0,34.5
0,34.48
0,34.48
0,34.48
0,34.49
0,34.48
0,34.47
0,34.47
0,34.48
0,34.47
0,34.47
0,34.46
0,34.48
0,34.52
0,35.08
0,35.04
0,35.02
0,35.04
0,35.05
0,35.09
0,35.11
0,35.14
0,35.12
0,35
0,34.92
0,34.75
0,34.68
0,34.72
0,34.64
0,34.77
0,34.76
0,34.88
0,35.02
0,34.97
0,35.04
0,35.08
0,34.97
0,34.86
0,34.89
0,34.91
0,34.89
0,34.86
0,34.86
0,34.95
0,35.01
0,35.05
0,35.02
0,34.92
0,35
0,35.11
0,35.16
0,35.26
0,35.25
0,35.27
0,35.28
0,35.28
0,35.34
0,35.38
0,35.37
0,35.4
0,35.34
0,35.4
0,35.41
0,35.44
0,35.58
0,35.58
0,35.54
0,35.54
0,35.53
0,35.62
0,35.64
0,35.66
0,35.62
0,35.62
0,35.63
0,35.67
0,35.66
0,35.71
0,35.62
0,35.61
0,35.54
0,35.61
0,35.66
0,35.7
0,35.71
0,35.66
0,35.7
0,35.7
0,35.76
0,35.72
0,35.76
0,35.81
0,35.8
0,35.76
0,35.84
0,35.88
0,35.92
0,35.98
0,35.97
0,35.98
0,36
0,36.02
0,35.99
0,36.06
0,36.05
0,36.09
0,36.18
0,36.22
0,36.25
0,36.25
0,36.22
0,36.17
0,36.14
0,36.11
0,36.16
0,36.11
0,36.06
0,36.06
0,36.09
0,36.08
0,36.1
0,36.14
0,36.16
0,36.12
0,36.04
0,36.08
0,36.05
0,35.99
0,36.03
0,36.03
0,36.06
0,36.02
0,36.08
0,36.12
0,36.17
0,36.18
0,36.14
0,36.08
0,36.08
0,36.06
0,36.06
0,36.06
0,36.11
0,36.11
0,36.15
0,36.17
0,36.14
0,36.16
0,36.19
0,36.16
0,36.14
0,36.16
0,36.16
0,36.16
0,36.15
0,36.14
0,36.13
0,36.12
0,36.12
0,36.1
0,36.06
0,36.17
0,36.17
0,36.18
0,36.2
0,36.22
0,36.2
0,36.17
0,36.14
0,36.14
0,36.15
0,36.12
0,36.11
0,36.11
0,36.12
0,36.16
0,36.18
0,36.2
0,36.25
0,36.25
0,36.26
0,36.27
0,36.26
0,36.28
0,36.28
0,36.25
0,36.27
0,36.3
0,36.25
0,36.3
0,36.28
0,36.3
0,36.28
0,36.24
0,36.25
0,36.21
0,36.2
0,36.18
0,36.16
0,36.14
0,36.13
0,36.12
0,36.11
0,36.15
0,36.14
0,36.17
0,36.2
0,36.15
0,36.13
0,36.16
0,36.12
0,36.07
0,36.09
0,36.1
0,36.12
0,36.1
0,36.06
0,36.07
0,36.08
0,36.06
0,36.08
0,36.12
0,36.09
0,36.06
0,36.02
0,35.99
0,36
0,35.98
0,35.94
0,35.9
0,35.89
0,35.88
0,35.89
0,35.86
0,35.85
0,35.86
0,35.86
0,35.86
0,35.82
0,35.86
0,35.86
0,35.88
0,35.88
0,35.87
0,35.87
0,35.89
0,35.86
0,35.86
0,35.88
0,35.89
0,35.9
0,35.89
0,35.88
0,35.88
0,35.86
0,35.82
0,35.81
0,35.81
0,35.83
0,35.84
0,35.83
0,35.84
0,35.81
0,35.84
0,35.79
0,35.78
0,35.82
0,35.81
0,35.78
0,35.78
0,35.8
0,35.81
0,35.81
0,35.82
0,35.83
0,35.82
0,35.82
0,35.8
0,35.79
0,35.8
0,35.78
0,35.78
0,35.8
0,35.82
0,35.81
0,35.82
0,35.82
0,35.8
0,35.8
0,35.8
0,35.8
0,35.82
0,35.81
0,35.81
0,35.81
0,35.79
0,35.74
0,35.74
0,35.73
0,35.74
0,35.73
0,35.7
0,35.7
0,35.72
0,35.7
0,35.69
0,35.7
0,35.7
0,35.66
0,35.62
0,35.62
0,35.63
0,35.62
0,35.62
0,35.64
0,35.6
0,35.59
0,35.54
0,35.53
0,35.58
0,35.58
0,35.6
0,35.62
0,35.64
0,35.66
0,35.61
0,35.61
0,35.66
0,35.66
0,35.67
0,35.68
0,35.67
0,35.67
0,35.65
0,35.66
0,35.66
0,35.66
0,35.65
0,35.66
0,35.66
0,35.65
0,35.65
0,35.64
0,35.62
0,35.6
0,35.58
0,35.58
0,35.59
0,35.58
0,35.58
0,35.59
0,35.61
0,35.63
0,35.66
0,35.65
0,35.66
0,35.66
0,35.66
0,35.66
0,35.65
0,35.66
0,35.64
0,35.62
0,35.62
0,35.62
0,35.63
0,35.64
0,35.65
0,35.64
0,35.65
0,35.66
0,35.65
0,35.67
0,35.63
0,35.62
0,35.64
0,35.65
0,35.65
0,35.64
0,35.64
0,35.66
0,35.66
0,35.65
0,35.66
0,35.7
0,35.7
0,35.67
0,35.64
0,35.65
0,35.63
0,35.62
0,35.62
0,35.6
0,35.6
0,35.58
0,35.64
0,35.64
0,35.64
0,35.63
0,35.66
0,35.3
0,35.25
0,35.14
0,34.97
0,34.9
0,34.9
0,35
0,34.97
0,34.98
0,34.89
0,34.92
0,34.94
0,34.84
0,34.92
0,35.03
0,35.06
0,34.98
0,34.92
0,34.91
0,34.88
0,34.78
0,34.6
0,34.62
0,34.61
0,34.62
0,34.68
0,34.66
0,34.72
0,34.75
0,34.84
0,34.8
0,34.84
0,34.81
0,34.86
0,34.86
0,34.82
0,34.75
0,34.67
0,34.7
0,34.72
0,34.7
0,34.78
0,34.76
0,34.72
0,34.72
0,34.7
0,34.67
0,34.66
0,34.64
0,34.62
0,34.62
0,34.68
0,34.67
0,34.67
0,34.76
0,34.78
0,34.76
0,34.78
0,34.79
0,34.79
0,34.78
0,34.78
0,34.79
0,34.78
0,34.77
0,34.78
0,34.89
0,34.89
0,34.94
0,34.89
0,34.87
0,34.86
0,34.85
0,34.88
0,34.89
0,34.84
0,34.78
0,34.73
0,34.71
0,34.7
0,34.73
0,34.75
0,34.75
0,34.75
0,34.74
0,34.75
0,34.75
0,34.69
0,34.65
0,34.62
0,34.61
0,34.58
0,34.6
0,34.58
0,34.6
0,34.64
0,34.62
0,34.6
0,34.66
0,34.65
0,34.62
0,34.61
0,34.61
0,34.61
0,34.61
0,34.59
0,34.6
0,34.6
0,34.58
0,34.55
0,34.53
0,34.57
0,34.57
0,34.59
0,34.62
0,34.61
0,34.56
0,34.56
0,34.58
0,34.6
0,34.54
0,34.54
0,34.55
0,34.59
0,34.58
0,34.58
0,34.6
0,34.6
0,34.58
0,34.58
0,34.58
0,34.53
0,34.51
0,34.47
0,34.46
0,34.44
0,34.44
0,34.42
0,34.47
0,34.47
0,34.47
0,34.47
0,34.47
0,34.47
0,34.49
0,34.47
0,34.44
0,34.44
0,34.44
0,34.45
0,34.5
0,34.5
0,34.48
0,34.4
0,34.41
0,34.36
0,34.38
0,34.4
0,34.44
0,34.44
0,34.42
0,34.47
0,34.44
0,34.42
0,34.44
0,34.42
0,34.4
0,34.45
0,34.46
0,34.44
0,34.43
0,34.44
0,34.44
0,34.42
0,34.41
0,34.42
0,34.4
0,34.43
0,34.38
0,34.4
0,34.42
0,34.44
0,34.44
0,34.42
0,34.41
0,34.42
0,34.38
0,34.44
0,34.44
0,34.48
0,34.48
0,34.48
0,34.5
0,34.48
0,34.48
0,34.49
0,34.48
0,34.46
0,34.46
0,34.45
0,34.48
0,34.42
0,34.42
0,34.42
0,34.44
0,34.42
0,34.38
0,34.4
0,34.39
0,34.39
0,34.36
0,34.34
0,34.31
0,34.3
0,34.28
0,34.29
0,34.28
0,34.3
0,34.3
0,34.31
0,34.34
0,34.3
0,34.29
0,34.28
0,34.24
0,34.25
0,34.25
0,34.24
0,34.22
0,34.21
0,34.22
0,34.28
0,34.3
0,34.34
0,34.32
0,34.3
0,34.32
0,34.29
0,34.34
0,34.31
0,34.31
0,34.31
0,34.34
0,34.34
0,34.32
0,34.36
0,34.36
0,34.4
0,34.36
0,34.38
0,34.36
0,34.39
0,34.36
0,34.36
0,34.31
0,34.3
0,34.34
0,34.36
0,34.34
0,34.34
0,34.34
0,34.38
0,34.38
0,34.34
0,34.36
0,34.36
0,34.37
0,34.35
0,34.36
0,34.34
0,34.36
0,34.34
0,34.34
0,34.35
0,34.39
0,34.42
0,34.44
0,34.42
0,34.42
0,34.39
0,34.38
0,34.42
0,34.38
0,34.39
0,34.39
0,34.44
0,34.49
0,34.52
0,34.48
0,34.48
0,34.44
0,34.42
0,34.45
0,34.4
0,34.38
0,34.39
0,34.38
0,34.36
0,34.38
0,34.38
0,34.39
0,34.39
0,34.38
0,34.4
0,34.37
0,34.36
0,34.38
0,34.34
0,34.34
0,34.36
0,34.41
0,34.38
0,34.37
0,34.38
0,34.36
0,34.38
0,34.35
0,34.3
0,34.26
0,34.25
0,34.3
0,34.25
0,34.2
0,34.2
0,34.22
0,34.22
0,34.21
0,34.22
0,34.25
0,34.25
0,34.3
0,34.28
0,34.22
0,34.28
0,34.22
0,34.2
0,34.18
0,34.18
0,34.17
0,34.16
0,34.13
0,34.17
0,34.17
0,34.17
0,34.17
0,34.17
0,34.2
0,34.22
0,34.2
0,34.2
0,34.22
0,34.28
0,34.28
0,34.29
0,34.31
0,34.29
0,34.26
0,34.26
0,34.28
0,34.27
0,34.24
0,34.23
0,34.22
0,34.23
0,34.22
0,34.25
0,34.23
0,34.24
0,34.3
0,34.47
0,34.45
0,34.47
0,34.42
0,34.38
0,34.34
0,34.32
0,34.36
0,34.31
0,34.34
0,34.34
0,34.34
0,34.34
0,34.28
0,34.31
0,34.31
0,34.3
0,34.32
0,34.32
0,34.35
0,34.87
0,34.86
0,34.72
0,34.74
0,34.92
0,34.84
0,34.9
0,34.9
0,34.8
0,34.66
0,34.72
0,34.77
0,34.76
0,34.72
0,34.84
0,34.66
0,34.72
0,34.67
0,34.7
0,34.62
0,34.57
0,34.64
0,34.67
0,34.72
0,34.7
0,34.74
0,34.78
0,34.86
0,34.88
0,34.88
0,34.85
0,34.82
0,34.81
0,34.88
0,34.89
0,34.88
0,34.84
0,34.85
0,34.84
0,34.82
0,34.88
0,34.88
0,34.8
0,34.78
0,34.76
0,34.76
0,34.77
0,34.7
0,34.74
0,34.66
0,34.56
0,34.59
0,34.56
0,34.52
0,34.54
0,34.58
0,34.58
0,34.53
0,34.56
0,34.51
0,34.5
0,34.53
0,34.53
0,34.54
0,34.58
0,34.56
0,34.52
0,34.52
0,34.51
0,34.48
0,34.47
0,34.48
0,34.52
0,34.49
0,34.48
0,34.44
0,34.48
0,34.45
0,34.43
0,34.5
0,34.46
0,34.5
0,34.42
0,34.42
0,34.44
0,34.46
0,34.47
0,34.44
0,34.42
0,34.43
0,34.44
0,34.42
0,34.42
0,34.4
0,34.42
0,34.48
0,34.44
0,34.47
0,34.45
0,34.43
0,34.44
0,34.5
0,34.51
0,34.48
0,34.44
0,34.42
0,34.43
0,34.34
0,34.31
0,34.3
0,34.28
0,34.25
0,34.25
0,34.22
0,34.18
0,34.17
0,34.16
0,34.13
0,34.12
0,34.16
0,34.17
0,34.17
0,34.18
0,34.16
0,34.17
0,34.17
0,34.16
0,34.13
0,34.06
0,34.06
0,34.06
0,34.04
0,34.05
0,33.98
0,34
0,33.98
0,33.94
0,33.89
0,33.89
0,33.88
0,33.84
0,33.86
0,33.89
0,33.88
0,33.86
0,33.83
0,33.84
0,33.88
0,33.86
0,33.87
0,33.9
0,33.9
0,33.88
0,33.9
0,33.87
0,33.85
0,33.84
0,33.86
0,33.83
0,33.75
0,33.77
0,33.76
0,33.76
0,33.78
0,33.75
0,33.76
0,33.73
0,33.72
0,33.78
0,33.73
0,33.78
0,33.78
0,33.82
0,33.81
0,33.84
0,33.89
0,33.88
0,33.87
0,33.87
0,33.86
0,33.89
0,33.9
0,33.94
0,33.95
0,33.94
0,33.94
0,33.92
0,33.9
0,33.94
0,33.86
0,33.87
0,33.86
0,33.9
0,33.91
0,33.91
0,33.94
0,33.95
0,33.96
0,34
0,34.01
0,34.02
0,33.99
0,34.01
0,34.03
0,34.03
0,34
0,33.97
0,33.99
0,33.98
0,33.98
0,33.98
0,33.97
0,33.94
0,33.9
0,33.86
0,33.86
0,33.86
0,33.86
0,33.86
0,33.89
0,33.95
0,33.93
0,33.98
0,34
0,34.03
0,34.02
0,34.03
0,34.04
0,34.1
0,34.06
0,34.06
0,34.04
0,34.1
0,34.08
0,34.1
0,34.12
0,34.12
0,34.13
0,34.1
0,34.12
0,34.13
0,34.14
0,34.16
0,34.18
0,34.16
0,34.14
0,34.23
0,34.22
0,34.2
0,34.16
0,34.16
0,34.16
0,34.17
0,34.17
0,34.15
0,34.17
0,34.19
0,34.2
0,34.18
0,34.2
0,34.24
0,34.26
0,34.28
0,34.22
0,34.24
0,34.24
0,34.26
0,34.19
0,34.18
0,34.18
0,34.17
0,34.17
0,34.25
0,34.28
0,34.31
0,34.33
0,34.35
0,34.37
0,34.38
0,34.4
0,34.42
0,34.42
0,34.42
0,34.4
0,34.39
0,34.36
0,34.34
0,34.3
0,34.3
0,34.29
0,34.3
0,34.34
0,34.31
0,34.35
0,34.34
0,34.37
0,34.36
0,34.37
0,34.39
0,34.38
0,34.37
0,34.39
0,34.38
0,34.37
0,34.31
0,34.36
0,34.35
0,34.34
0,34.27
0,34.27
0,34.25
0,34.26
0,34.22
0,34.22
0,34.21
0,34.18
0,34.14
0,34.18
0,34.14
0,34.17
0,34.16
0,34.21
0,34.22
0,34.17
0,34.17
0,34.16
0,34.13
0,34.14
0,34.17
0,34.16
0,34.16
0,34.16
0,34.19
0,34.2
0,34.2
0,34.19
0,34.21
0,34.18
0,34.19
0,34.22
0,34.28
0,34.28
0,34.26
0,34.3
0,34.28
0,34.25
0,34.25
0,34.26
0,34.26
0,34.28
0,34.27
0,34.29
0,34.28
0,34.31
0,34.28
0,34.26
0,34.26
0,34.25
0,34.23
0,34.26
0,34.26
0,34.22
0,34.2
0,34.21
0,34.17
0,34.19
0,34.2
0,34.2
0,34.22
0,34.21
0,34.22
0,34.22
0,34.24
0,34.27
0,34.26
0,34.28
0,34.3
0,34.3
0,34.27
0,34.3
0,34.28
0,34.28
0,34.3
0,34.32
0,34.31
0,34.33
0,34.36
0,34.36
0,36.24
0,36.38
0,36.54
0,36.59
0,36.68
0,36.84
0,36.89
0,36.76
0,36.91
0,36.88
0,36.99
0,36.86
0,36.88
0,37.11
0,37.06
0,36.97
0,37.14
0,37.24
0,37.34
0,37.3
0,37.3
0,37.42
0,37.39
0,37.42
0,37.44
0,37.33
0,37.31
0,37.42
0,37.6
0,37.7
0,37.63
0,37.52
0,37.56
0,37.51
0,37.56
0,37.56
0,37.66
0,37.52
0,37.54
0,37.6
0,37.47
0,37.48
0,37.48
0,37.36
0,37.36
0,37.48
0,37.53
0,37.62
0,37.59
0,37.54
0,37.5
0,37.58
0,37.52
0,37.45
0,37.49
0,37.56
0,37.62
0,37.58
0,37.64
0,37.7
0,37.69
0,37.7
0,37.75
0,37.87
0,37.9
0,37.81
0,37.75
0,37.8
0,37.75
0,37.7
0,37.68
0,37.71
0,37.63
0,37.62
0,37.67
0,37.62
0,37.64
0,37.66
0,37.66
0,37.66
0,37.56
0,37.52
0,37.44
0,37.44
0,37.44
0,37.38
0,37.44
0,37.45
0,37.5
0,37.43
0,37.41
0,37.5
0,37.5
0,37.63
0,37.67
0,37.72
0,37.79
0,37.74
0,37.78
0,37.75
0,37.75
0,37.75
0,37.67
0,37.52
0,37.52
0,37.54
0,37.62
0,37.62
0,37.65
0,37.63
0,37.67
0,37.66
0,37.68
0,37.76
0,37.78
0,37.81
0,37.84
0,37.82
0,37.81
0,37.81
0,37.82
0,37.76
0,37.8
0,37.78
0,37.79
0,37.8
0,37.78
0,37.76
0,37.84
0,37.84
0,37.84
0,37.78
0,37.8
0,37.75
0,37.75
0,37.7
0,37.74
0,37.74
0,37.72
0,37.75
0,37.75
0,37.72
0,37.65
0,37.71
0,37.72
0,37.71
0,37.7
0,37.71
0,37.74
0,37.77
0,37.73
0,37.73
0,37.73
0,37.74
0,37.73
0,37.72
0,37.68
0,37.7
0,37.7
0,37.74
0,37.72
0,37.74
0,37.72
0,37.69
0,37.7
0,37.71
0,37.75
0,37.73
0,37.72
0,37.75
0,37.74
0,37.7
0,37.74
0,37.7
0,37.67
0,37.66
0,37.72
0,37.67
0,37.62
0,37.64
0,37.65
0,37.68
0,37.7
0,37.68
0,37.7
0,37.67
0,37.66
0,37.58
0,37.66
0,37.66
0,37.64
0,37.63
0,37.58
0,37.56
0,37.64
0,37.6
0,37.58
0,37.62
0,37.58
0,37.59
0,37.58
0,37.53
0,37.56
0,37.56
0,37.54
0,37.56
0,37.54
0,37.58
0,37.61
0,37.6
0,37.64
0,37.65
0,37.64
0,37.56
0,37.53
0,37.49
0,37.47
0,37.46
0,37.4
0,37.39
0,37.4
0,37.35
0,37.28
0,37.34
0,37.36
0,37.33
0,37.29
0,37.28
0,37.26
0,37.32
0,37.34
0,37.39
0,37.36
0,37.36
0,37.31
0,37.29
0,37.24
0,37.27
0,37.3
0,37.29
0,37.32
0,37.29
0,37.3
0,37.34
0,37.34
0,37.34
0,37.36
0,37.42
0,37.38
0,37.4
0,37.42
0,37.42
0,37.4
0,37.44
0,37.36
0,37.31
0,37.34
0,37.31
0,37.31
0,37.32
0,37.36
0,37.38
0,37.39
0,37.43
0,37.39
0,37.39
0,37.39
0,37.42
0,37.42
0,37.46
0,37.44
0,37.42
0,37.4
0,37.39
0,37.4
0,37.42
0,37.42
0,37.44
0,37.47
0,37.45
0,37.41
0,37.42
0,37.44
0,37.44
0,37.45
0,37.45
0,37.45
0,37.45
0,37.45
0,37.47
0,37.48
0,37.51
0,37.53
0,37.54
0,37.51
0,37.52
0,37.53
0,37.53
0,37.54
0,37.58
0,37.56
0,37.52
0,37.52
0,37.53
0,37.54
0,37.54
0,37.54
0,37.55
0,37.56
0,37.56
0,37.56
0,37.56
0,37.56
0,37.58
0,37.61
0,37.58
0,37.62
0,37.6
0,37.59
0,37.54
0,37.56
0,37.58
0,37.56
0,37.58
0,37.61
0,37.63
0,37.63
0,37.66
0,37.69
0,37.68
0,37.7
0,37.7
0,37.71
0,37.72
0,37.74
0,37.74
0,37.73
0,37.73
0,37.75
0,37.75
0,37.75
0,37.78
0,37.79
0,37.8
0,37.8
0,37.84
0,37.84
0,37.85
0,37.81
0,37.81
0,37.82
0,37.81
0,37.8
0,37.78
0,37.8
0,37.8
0,37.77
0,37.78
0,37.73
0,37.67
0,37.68
0,37.66
0,37.67
0,37.68
0,37.69
0,37.72
0,37.72
0,37.71
0,37.67
0,37.73
0,37.73
0,37.71
0,37.69
0,37.71
0,37.75
0,37.75
0,37.74
0,37.71
0,37.7
0,37.7
0,37.71
0,37.74
0,37.75
0,37.78
0,37.85
0,37.84
0,37.82
0,37.85
0,39.06
0,39.12
0,38.78
0,38.5
0,38.56
0,38.6
0,38.58
0,38.58
0,38.6
0,38.56
0,38.63
0,38.79
0,38.94
0,38.87
0,38.89
0,38.86
0,39.1
0,39.14
0,39.06
0,39
0,38.85
0,38.84
0,38.81
0,38.88
0,38.73
0,38.59
0,38.62
0,38.61
0,38.61
0,38.54
0,38.67
0,38.64
0,38.71
0,38.69
0,38.71
0,38.68
0,38.7
0,38.75
0,38.81
0,38.82
0,38.78
0,38.78
0,38.75
0,38.84
0,38.88
0,38.87
0,38.88
0,38.93
0,38.98
0,38.97
0,38.98
0,38.92
0,38.8
0,38.81
0,38.88
0,38.93
0,38.89
0,39
0,39.01
0,39.04
0,39
0,39
0,39.04
0,39.13
0,39.17
0,39.06
0,39.03
0,39.07
0,39.06
0,39.06
0,39.01
0,38.95
0,39
0,39.04
0,39.03
0,39.12
0,39.12
0,39.02
0,39.04
0,39.17
0,39.17
0,39.1
0,39.08
0,39.08
0,39.09
0,39.07
0,39.13
0,39.11
0,39.11
0,39.13
0,39.16
0,39.2
0,39.11
0,39.08
0,39.13
0,39.08
0,39.12
0,39.13
0,39.16
0,39.12
0,39.08
0,39.04
0,39.02
0,39
0,38.94
0,38.94
0,38.87
0,38.86
0,38.88
0,38.85
0,38.84
0,38.86
0,38.82
0,38.82
0,38.82
0,38.86
0,38.85
0,38.84
0,38.88
0,38.93
0,38.98
0,38.98
0,38.97
0,39
0,39.06
0,39.06
0,39.06
0,39.05
0,39.12
0,39.14
0,39.16
0,39.17
0,39.15
0,39.15
0,39.17
0,39.2
0,39.22
0,39.25
0,39.22
0,39.23
0,39.21
0,39.2
0,39.24
0,39.2
0,39.23
0,39.22
0,39.23
0,39.2
0,39.14
0,39.12
0,39.11
0,39.02
0,38.99
0,39.09
0,39.12
0,39.11
0,39.1
0,39.09
0,39.1
0,39.1
0,39.1
0,39.09
0,39.08
0,39.08
0,39.03
0,39.06
0,39.04
0,39.08
0,39.09
0,39.12
0,39.16
0,39.15
0,39.16
0,39.17
0,39.24
0,39.25
0,39.29
0,39.29
0,39.28
0,39.28
0,39.28
0,39.27
0,39.24
0,39.28
0,39.31
0,39.33
0,39.31
0,39.33
0,39.33
0,39.34
0,39.4
0,39.34
0,39.36
0,39.35
0,39.32
0,39.26
0,39.24
0,39.16
0,39.17
0,39.16
0,39.2
0,39.14
0,39.16
0,39.16
0,39.2
0,39.25
0,39.28
0,39.28
0,39.32
0,39.34
0,39.39
0,39.4
0,39.44
0,39.44
0,39.41
0,39.39
0,39.38
0,39.43
0,39.43
0,39.46
0,39.45
0,39.37
0,39.38
0,39.41
0,39.41
0,39.42
0,39.44
0,39.42
0,39.43
0,39.4
0,39.38
0,39.42
0,39.42
0,39.4
0,39.42
0,39.42
0,39.43
0,39.4
0,39.38
0,39.42
0,39.41
0,39.45
0,39.44
0,39.42
0,39.41
0,39.34
0,39.34
0,39.36
0,39.37
0,39.36
0,39.34
0,39.34
0,39.31
0,39.34
0,39.36
0,39.35
0,39.35
0,39.39
0,39.39
0,39.39
0,39.39
0,39.41
0,39.35
0,39.32
0,39.32
0,39.36
0,39.31
0,39.3
0,39.29
0,39.3
0,39.27
0,39.26
0,39.2
0,39.21
0,39.25
0,39.27
0,39.3
0,39.34
0,39.4
0,39.4
0,39.4
0,39.41
0,39.38
0,39.38
0,39.38
0,39.38
0,39.36
0,39.36
0,39.34
0,39.38
0,39.4
0,39.31
0,39.25
0,39.22
0,39.24
0,39.22
0,39.19
0,39.16
0,39.1
0,39.06
0,39.1
0,39.09
0,39.06
0,39.11
0,39.07
0,39.04
0,39.05
0,39.12
0,39.12
0,39.13
0,39.17
0,39.13
0,39.13
0,39.12
0,39.13
0,39.13
0,39.13
0,39.16
0,39.2
0,39.21
0,39.17
0,39.15
0,39.14
0,39.16
0,39.2
0,39.21
0,39.24
0,39.22
0,39.23
0,39.23
0,39.22
0,39.21
0,39.25
0,39.27
0,39.25
0,39.24
0,39.22
0,39.22
0,39.24
0,39.25
0,39.24
0,39.25
0,39.25
0,39.25
0,39.27
0,39.26
0,39.28
0,39.26
0,39.27
0,39.3
0,39.35
0,39.37
0,39.36
0,39.38
0,39.39
0,39.36
0,39.37
0,39.36
0,39.33
0,39.3
0,39.3
0,39.28
0,39.26
0,39.26
0,39.26
0,39.29
0,39.25
0,39.27
0,39.28
0,39.28
0,39.31
0,39.3
0,39.3
0,39.3
0,39.32
0,39.33
0,39.32
0,39.28
0,39.27
0,39.28
0,39.3
0,39.27
0,39.23
0,39.22
0,39.22
0,39.21
0,39.22
0,39.19
0,39.17
0,39.16
0,37.56
0,37.57
0,37.99
0,37.96
0,37.95
0,37.89
0,38.19
0,38.12
0,38.28
0,38.4
0,38.38
0,38.38
0,38.51
0,38.44
0,38.4
0,38.58
0,38.62
0,38.62
0,38.49
0,38.4
0,38.31
0,38.3
0,38.47
0,38.44
0,38.38
0,38.39
0,38.48
0,38.39
0,38.57
0,38.56
0,38.54
0,38.51
0,38.54
0,38.49
0,38.53
0,38.5
0,38.56
0,38.56
0,38.52
0,38.69
0,38.7
0,38.72
0,38.66
0,38.66
0,38.61
0,38.56
0,38.66
0,38.61
0,38.62
0,38.64
0,38.69
0,38.7
0,38.75
0,38.8
0,38.72
0,38.68
0,38.68
0,38.7
0,38.67
0,38.7
0,38.72
0,38.75
0,38.71
0,38.72
0,38.72
0,38.71
0,38.74
0,38.74
0,38.68
0,38.7
0,38.65
0,38.69
0,38.7
0,38.75
0,38.76
0,38.82
0,38.78
0,38.8
0,38.76
0,38.75
0,38.71
0,38.7
0,38.74
0,38.77
0,38.81
0,38.82
0,38.78
0,38.8
0,38.83
0,38.79
0,38.66
0,38.7
0,38.64
0,38.69
0,38.7
0,38.63
0,38.69
0,38.67
0,38.68
0,38.74
0,38.78
0,38.8
0,38.81
0,38.86
0,38.88
0,38.93
0,38.91
0,38.92
0,38.89
0,38.92
0,38.91
0,38.92
0,38.92
0,38.9
0,38.86
0,38.86
0,38.86
0,38.88
0,38.89
0,38.89
0,38.88
0,38.91
0,38.88
0,38.91
0,38.82
0,38.82
0,38.76
0,38.78
0,38.76
0,38.72
0,38.7
0,38.63
0,38.63
0,38.62
0,38.64
0,38.62
0,38.64
0,38.63
0,38.62
0,38.66
0,38.66
0,38.68
0,38.74
0,38.73
0,38.63
0,38.61
0,38.57
0,38.56
0,38.6
0,38.56
0,38.52
0,38.56
0,38.53
0,38.48
0,38.48
0,38.52
0,38.56
0,38.58
0,38.52
0,38.56
0,38.57
0,38.54
0,38.56
0,38.58
0,38.56
0,38.58
0,38.58
0,38.6
0,38.61
0,38.61
0,38.6
0,38.6
0,38.62
0,38.62
0,38.66
0,38.7
0,38.7
0,38.69
0,38.67
0,38.72
0,38.72
0,38.7
0,38.7
0,38.67
0,38.69
0,38.67
0,38.64
0,38.64
0,38.6
0,38.66
0,38.72
0,38.74
0,38.72
0,38.75
0,38.75
0,38.68
0,38.71
0,38.7
0,38.67
0,38.68
0,38.66
0,38.64
0,38.62
0,38.63
0,38.62
0,38.61
0,38.6
0,38.54
0,38.5
0,38.53
0,38.52
0,38.55
0,38.52
0,38.49
0,38.48
0,38.46
0,38.45
0,38.48
0,38.5
0,38.55
0,38.58
0,38.55
0,38.53
0,38.53
0,38.53
0,38.54
0,38.58
0,38.58
0,38.59
0,38.6
0,38.59
0,38.63
0,38.67
0,38.63
0,38.66
0,38.66
0,38.63
0,38.58
0,38.58
0,38.56
0,38.56
0,38.55
0,38.55
0,38.56
0,38.6
0,38.63
0,38.62
0,38.61
0,38.58
0,38.56
0,38.56
0,38.54
0,38.56
0,38.54
0,38.54
0,38.56
0,38.6
0,38.58
0,38.54
0,38.53
0,38.54
0,38.54
0,38.52
0,38.55
0,38.56
0,38.58
0,38.59
0,38.61
0,38.6
0,38.61
0,38.61
0,38.61
0,38.61
0,38.57
0,38.56
0,38.5
0,38.48
0,38.52
0,38.54
0,38.54
0,38.54
0,38.55
0,38.52
0,38.53
0,38.52
0,38.5
0,38.48
0,38.48
0,38.52
0,38.53
0,38.54
0,38.6
0,38.6
0,38.56
0,38.56
0,38.54
0,38.53
0,38.52
0,38.56
0,38.56
0,38.58
0,38.58
0,38.6
0,38.62
0,38.62
0,38.62
0,38.61
0,38.66
0,38.66
0,38.68
0,38.68
0,38.66
0,38.69
0,38.72
0,38.75
0,38.73
0,38.78
0,38.8
0,38.8
0,38.8
0,38.84
0,38.82
0,38.82
0,38.82
0,38.82
0,38.81
0,38.84
0,38.81
0,38.83
0,38.83
0,38.82
0,38.84
0,38.82
0,38.83
0,38.84
0,38.81
0,38.8
0,38.83
0,38.84
0,38.84
0,38.82
0,38.84
0,38.86
0,38.86
0,38.9
0,38.88
0,38.88
0,38.88
0,38.86
0,38.89
0,38.92
0,38.86
0,38.86
0,38.88
0,38.86
0,38.84
0,38.86
0,38.83
0,38.82
0,38.8
0,38.81
0,38.81
0,38.78
0,38.85
0,38.87
0,38.86
0,38.84
0,38.84
0,38.84
0,38.82
0,38.83
0,38.83
0,38.84
0,38.82
0,38.83
0,38.83
0,38.82
0,38.81
0,38.78
0,38.75
0,38.74
0,38.74
0,38.75
0,38.75
0,38.74
0,38.74
0,38.74
0,38.75
0,38.74
0,39.21
0,39.36
0,39.2
0,39.24
0,39.19
0,39.02
0,38.52
0,38.52
0,38.3
0,38.35
0,38.38
0,38.62
0,38.52
0,38.52
0,38.52
0,38.37
0,38.56
0,38.58
0,38.66
0,38.64
0,38.67
0,38.78
0,38.68
0,38.73
0,38.59
0,38.67
0,38.7
0,38.67
0,38.69
0,38.61
0,38.56
0,38.52
0,38.72
0,38.66
0,38.63
0,38.63
0,38.53
0,38.52
0,38.56
0,38.56
0,38.48
0,38.54
0,38.52
0,38.56
0,38.48
0,38.45
0,38.41
0,38.41
0,38.42
0,38.48
0,38.5
0,38.58
0,38.56
0,38.53
0,38.54
0,38.52
0,38.5
0,38.55
0,38.63
0,38.52
0,38.61
0,38.58
0,38.54
0,38.55
0,38.49
0,38.45
0,38.4
0,38.42
0,38.36
0,38.34
0,38.35
0,38.3
0,38.25
0,38.23
0,38.24
0,38.2
0,38.28
0,38.19
0,38.22
0,38.19
0,38.22
0,38.14
0,38.16
0,38.18
0,38.19
0,38.25
0,38.25
0,38.23
0,38.14
0,38.22
0,38.22
0,38.19
0,38.19
0,38.2
0,38.24
0,38.18
0,38.12
0,38.16
0,38.19
0,38.22
0,38.23
0,38.24
0,38.16
0,38.14
0,38.11
0,38.13
0,38.16
0,38.1
0,38.15
0,38.15
0,38.16
0,38.2
0,38.18
0,38.15
0,38.11
0,38.08
0,38.1
0,38.13
0,38.16
0,38.11
0,38.12
0,38.16
0,38.12
0,38.14
0,38.14
0,38.12
0,38.15
0,38.16
0,38.14
0,38.14
0,38.11
0,38.12
0,38.07
0,38.01
0,37.98
0,37.99
0,38.05
0,38.05
0,38
0,37.93
0,37.94
0,37.91
0,37.96
0,37.97
0,37.98
0,37.98
0,37.96
0,37.98
0,37.96
0,37.97
0,37.96
0,37.96
0,37.98
0,37.92
0,37.9
0,37.9
0,37.9
0,37.92
0,37.88
0,37.88
0,37.86
0,37.88
0,37.85
0,37.89
0,37.97
0,38.02
0,38.02
0,38
0,38.06
0,38.06
0,38.07
0,38.09
0,38.12
0,38.12
0,38.13
0,38.14
0,38.18
0,38.16
0,38.17
0,38.18
0,38.15
0,38.16
0,38.18
0,38.16
0,38.17
0,38.16
0,38.16
0,38.14
0,38.13
0,38.13
0,38.13
0,38.13
0,38.14
0,38.12
0,38.12
0,38.12
0,38.14
0,38.14
0,38.14
0,38.14
0,38.17
0,38.19
0,38.18
0,38.22
0,38.23
0,38.24
0,38.26
0,38.23
0,38.24
0,38.2
0,38.2
0,38.15
0,38.16
0,38.16
0,38.16
0,38.16
0,38.17
0,38.14
0,38.14
0,38.16
0,38.19
0,38.2
0,38.19
0,38.21
0,38.22
0,38.18
0,38.26
0,38.26
0,38.25
0,38.28
0,38.3
0,38.28
0,38.28
0,38.28
0,38.25
0,38.28
0,38.28
0,38.27
0,38.25
0,38.26
0,38.28
0,38.25
0,38.26
0,38.25
0,38.26
0,38.22
0,38.17
0,38.18
0,38.2
0,38.2
0,38.22
0,38.22
0,38.24
0,38.24
0,38.26
0,38.26
0,38.27
0,38.24
0,38.24
0,38.24
0,38.22
0,38.23
0,38.26
0,38.26
0,38.25
0,38.25
0,38.28
0,38.27
0,38.28
0,38.29
0,38.28
0,38.26
0,38.26
0,38.28
0,38.26
0,38.26
0,38.24
0,38.26
0,38.28
0,38.28
0,38.26
0,38.25
0,38.22
0,38.22
0,38.2
0,38.2
0,38.18
0,38.2
0,38.2
0,38.22
0,38.22
0,38.2
0,38.19
0,38.21
0,38.2
0,38.2
0,38.22
0,38.25
0,38.25
0,38.24
0,38.2
0,38.22
0,38.23
0,38.22
0,38.22
0,38.2
0,38.2
0,38.23
0,38.22
0,38.22
0,38.18
0,38.2
0,38.18
0,38.2
0,38.21
0,38.16
0,38.16
0,38.16
0,38.16
0,38.16
0,38.16
0,38.16
0,38.17
0,38.17
0,38.16
0,38.16
0,38.2
0,38.18
0,38.17
0,38.19
0,38.19
0,38.18
0,38.19
0,38.2
0,38.23
0,38.24
0,38.24
0,38.22
0,38.22
0,38.21
0,38.22
0,38.22
0,38.24
0,38.25
0,38.24
0,38.26
0,38.26
0,38.26
0,38.29
0,38.26
0,38.29
0,38.28
0,38.3
0,38.28
0,38.28
0,38.27
0,38.28
0,38.3
0,38.28
0,38.31
0,38.34
0,38.3
0,38.3
0,38.28
0,38.29
0,38.31
0,38.31
0,38.34
0,38.34
0,38.36
0,38.39
0,38.33
0,38.3
0,38.28
0,38.26
0,38.25
0,38.25
0,38.25
0,38.27
0,38.27
0,38.28
0,38.27
0,38.28
0,38.68
0,38.64
0,38.82
0,38.78
0,38.74
0,38.82
0,38.84
0,38.89
0,38.85
0,38.94
0,38.98
0,38.88
0,38.74
0,38.75
0,38.71
0,38.78
0,38.88
0,38.92
0,38.84
0,38.81
0,38.78
0,38.94
0,38.88
0,38.81
0,38.88
0,38.96
0,38.89
0,38.86
0,38.8
0,38.8
0,38.77
0,38.74
0,38.74
0,38.72
0,38.72
0,38.65
0,38.66
0,38.66
0,38.59
0,38.63
0,38.68
0,38.75
0,38.82
0,38.82
0,38.87
0,38.86
0,38.8
0,38.83
0,38.82
0,38.75
0,38.8
0,38.82
0,38.84
0,38.82
0,38.84
0,38.82
0,38.86
0,38.88
0,38.89
0,38.9
0,38.92
0,38.93
0,38.92
0,38.94
0,38.99
0,38.99
0,39
0,38.99
0,38.94
0,38.98
0,38.96
0,38.94
0,38.88
0,38.87
0,38.92
0,38.97
0,38.97
0,38.96
0,38.88
0,38.89
0,38.85
0,38.76
0,38.76
0,38.72
0,38.74
0,38.78
0,38.79
0,38.8
0,38.78
0,38.78
0,38.75
0,38.8
0,38.89
0,38.94
0,38.99
0,38.98
0,38.95
0,38.95
0,38.98
0,38.95
0,38.92
0,38.84
0,38.81
0,38.78
0,38.8
0,38.78
0,38.78
0,38.8
0,38.74
0,38.7
0,38.67
0,38.64
0,38.56
0,38.53
0,38.56
0,38.57
0,38.54
0,38.54
0,38.53
0,38.53
0,38.53
0,38.55
0,38.58
0,38.58
0,38.58
0,38.62
0,38.61
0,38.6
0,38.6
0,38.62
0,38.63
0,38.62
0,38.66
0,38.69
0,38.66
0,38.66
0,38.7
0,38.72
0,38.74
0,38.72
0,38.71
0,38.66
0,38.6
0,38.55
0,38.58
0,38.61
0,38.62
0,38.65
0,38.62
0,38.67
0,38.74
0,38.75
0,38.7
0,38.75
0,38.72
0,38.72
0,38.68
0,38.71
0,38.72
0,38.75
0,38.76
0,38.8
0,38.86
0,38.88
0,38.88
0,38.88
0,38.88
0,38.96
0,38.92
0,38.86
0,38.9
0,38.94
0,38.91
0,38.96
0,38.95
0,38.95
0,38.98
0,38.98
0,38.94
0,38.94
0,38.96
0,38.98
0,38.97
0,38.97
0,38.94
0,38.92
0,38.95
0,38.97
0,38.94
0,38.95
0,38.98
0,38.97
0,38.97
0,38.95
0,38.95
0,38.97
0,39
0,39
0,39.02
0,39.02
0,39.04
0,39.11
0,39.14
0,39.09
0,39.12
0,39.1
0,39.03
0,39.07
0,39.06
0,39.12
0,39.13
0,39.11
0,39.12
0,39.12
0,39.07
0,39.07
0,39.09
0,39.12
0,39.11
0,39.16
0,39.17
0,39.18
0,39.2
0,39.16
0,39.16
0,39.15
0,39.12
0,39.12
0,39.16
0,39.16
0,39.16
0,39.14
0,39.16
0,39.15
0,39.17
0,39.16
0,39.19
0,39.2
0,39.18
0,39.2
0,39.18
0,39.22
0,39.22
0,39.24
0,39.23
0,39.27
0,39.24
0,39.22
0,39.2
0,39.22
0,39.22
0,39.22
0,39.22
0,39.2
0,39.22
0,39.2
0,39.18
0,39.16
0,39.14
0,39.15
0,39.16
0,39.17
0,39.17
0,39.2
0,39.18
0,39.2
0,39.22
0,39.25
0,39.28
0,39.22
0,39.25
0,39.36
0,39.34
0,39.36
0,39.46
0,39.48
0,39.48
0,39.48
0,39.44
0,39.48
0,39.45
0,39.48
0,39.52
0,39.52
0,39.54
0,39.55
0,39.56
0,39.6
0,39.6
0,39.65
0,39.68
0,39.69
0,39.74
0,39.71
0,39.75
0,39.74
0,39.76
0,39.78
0,39.66
0,39.66
0,39.68
0,39.68
0,39.72
0,39.75
0,39.78
0,39.8
0,39.77
0,39.76
0,39.79
0,39.78
0,39.76
0,39.78
0,39.81
0,39.77
0,39.75
0,39.78
0,39.8
0,39.82
0,39.84
0,39.87
0,39.86
0,39.82
0,39.86
0,39.9
0,39.94
0,39.92
0,39.95
0,39.96
0,39.98
0,39.98
0,39.96
0,39.98
0,39.98
0,39.98
0,39.98
0,39.95
0,39.93
0,39.9
0,39.89
0,39.89
0,39.81
0,39.77
0,39.75
0,39.82
0,39.84
0,39.86
0,39.9
0,39.9
0,39.88
0,39.86
0,39.85
0,39.88
0,39.84
0,39.85
0,39.83
0,39.9
0,39.9
0,39.9
0,39.92
0,39.96
0,39.91
0,39.91
0,39.94
0,39.88
0,39.88
0,39.86
0,39.9
0,39.9
0,39.89
0,39.88
0,39.86
0,39.82
0,39.74
0,39.81
0,39.8
0,39.8
0,39.81
0,39.81
0,39.82
0,39.81
0,39.8
0,39.75
0,39.76
0,39.76
0,39.73
0,39.71
0,39.7
0,39.66
0,39.6
0,39.61
0,39.11
0,38.98
0,38.9
0,38.84
0,38.86
0,38.98
0,38.97
0,39.02
0,39.01
0,39.16
0,39.16
0,38.96
0,39.02
0,38.97
0,38.98
0,38.98
0,39.07
0,39.19
0,39.26
0,39.26
0,39.2
0,39.21
0,39.13
0,39.13
0,39.12
0,39.11
0,39.09
0,39.06
0,39.12
0,39.06
0,39.03
0,39.07
0,38.94
0,39
0,39.06
0,39.11
0,39.11
0,39.06
0,39.02
0,39
0,38.98
0,39.02
0,39.02
0,39.03
0,39.08
0,39.16
0,39.12
0,39.08
0,39.13
0,39.13
0,39.12
0,39.11
0,39.03
0,39.02
0,39.02
0,39
0,39.02
0,39.01
0,39.04
0,39.05
0,39.06
0,39.07
0,39.12
0,39.11
0,39.1
0,39.1
0,39.06
0,39.04
0,39.03
0,39.04
0,39.03
0,39.05
0,39.08
0,39.09
0,39.11
0,39.1
0,39.06
0,39.08
0,39.08
0,39.09
0,39.06
0,39.03
0,39
0,39
0,39.02
0,39.01
0,39.01
0,39
0,39
0,38.98
0,39.03
0,39.04
0,39.1
0,39.13
0,39.2
0,39.24
0,39.2
0,39.2
0,39.24
0,39.21
0,39.2
0,39.25
0,39.22
0,39.25
0,39.24
0,39.22
0,39.18
0,39.17
0,39.12
0,39.12
0,39.16
0,39.16
0,39.14
0,39.11
0,39.13
0,39.18
0,39.18
0,39.17
0,39.14
0,39.15
0,39.17
0,39.22
0,39.23
0,39.18
0,39.19
0,39.22
0,39.2
0,39.28
0,39.34
0,39.36
0,39.39
0,39.35
0,39.39
0,39.41
0,39.42
0,39.45
0,39.47
0,39.5
0,39.5
0,39.52
0,39.53
0,39.52
0,39.49
0,39.55
0,39.6
0,39.59
0,39.59
0,39.64
0,39.65
0,39.65
0,39.63
0,39.64
0,39.64
0,39.59
0,39.63
0,39.64
0,39.63
0,39.62
0,39.58
0,39.59
0,39.58
0,39.58
0,39.52
0,39.55
0,39.55
0,39.56
0,39.59
0,39.61
0,39.61
0,39.6
0,39.63
0,39.61
0,39.7
0,39.66
0,39.72
0,39.73
0,39.68
0,39.66
0,39.59
0,39.6
0,39.61
0,39.61
0,39.56
0,39.6
0,39.61
0,39.58
0,39.58
0,39.62
0,39.61
0,39.6
0,39.56
0,39.55
0,39.48
0,39.47
0,39.4
0,39.3
0,39.34
0,39.3
0,39.31
0,39.34
0,39.32
0,39.3
0,39.28
0,39.28
0,39.26
0,39.25
0,39.27
0,39.25
0,39.25
0,39.28
0,39.27
0,39.25
0,39.26
0,39.28
0,39.3
0,39.31
0,39.36
0,39.38
0,39.36
0,39.34
0,39.3
0,39.29
0,39.29
0,39.32
0,39.31
0,39.34
0,39.36
0,39.31
0,39.3
0,39.32
0,39.34
0,39.32
0,39.34
0,39.34
0,39.34
0,39.31
0,39.36
0,39.38
0,39.36
0,39.39
0,39.37
0,39.36
0,39.31
0,39.31
0,39.26
0,39.23
0,39.24
0,39.24
0,39.2
0,39.16
0,39.13
0,39.11
0,39.13
0,39.12
0,39.14
0,39.16
0,39.13
0,39.16
0,39.17
0,39.16
0,39.16
0,39.16
0,39.2
0,39.2
0,39.18
0,39.2
0,39.2
0,39.2
0,39.23
0,39.23
0,39.23
0,39.23
0,39.24
0,39.23
0,39.25
0,39.28
0,39.28
0,39.3
0,39.29
0,39.29
0,39.28
0,39.29
0,39.28
0,39.27
0,39.25
0,39.26
0,39.25
0,39.22
0,39.2
0,39.15
0,39.15
0,39.15
0,39.16
0,39.2
0,39.24
0,39.21
0,39.18
0,39.16
0,39.18
0,39.17
0,39.18
0,39.17
0,39.17
0,39.18
0,39.12
0,39.13
0,39.13
0,39.12
0,39.13
0,39.14
0,39.12
0,39.14
0,39.14
0,39.14
0,39.14
0,39.15
0,39.15
0,39.16
0,39.19
0,39.18
0,39.15
0,39.12
0,39.14
0,39.16
0,39.16
0,39.17
0,39.18
0,39.18
0,39.17
0,39.18
0,39.14
0,39.12
0,39.13
0,39.13
0,39.11
0,39.1
0,39.08
0,39.08
0,39.11
0,39.1
0,39.07
0,39.08
0,39.06
0,39.02
0,38.99
0,38.98
0,38.98
0,38.96
0,38.98
0,38.95
0,38.95
0,38.95
0,38.95
0,38.95
0,38.96
0,38.95
0,38.95
0,38.95
0,38.94
0,38.97
0,38.98
0,38.98
0,39
0,39
0,38.98
0,38.98
0,38.99
0,38.98
0,39
0,39
0,38.98
0,39
0,38.98
0,38.97
0,38.97
0,38.98
0,39.01
0,39.02
0,39.03
0,39.04
0,39.04
0,39.03
0,39.08
0,39.11
0,39.13
0,39.14
0,39.13
0,39.13
0,39.11
0,39.11
0,18.14
0,18.09
0,18.16
0,18.19
0,18.17
0,18.2
0,18.19
0,18.24
0,18.28
0,18.2
0,18.15
0,18.13
0,18.18
0,18.22
0,18.24
0,18.26
0,18.27
0,18.24
0,18.23
0,18.19
0,18.22
0,18.19
0,18.17
0,18.11
0,18.14
0,18.2
0,18.22
0,18.27
0,18.3
0,18.22
0,18.21
0,18.13
0,18.11
0,18.14
0,18.13
0,18.17
0,18.24
0,18.18
0,18.21
0,18.19
0,18.21
0,18.21
0,18.2
0,18.24
0,18.24
0,18.24
0,18.29
0,18.27
0,18.28
0,18.26
0,18.26
0,18.25
0,18.28
0,18.35
0,18.37
0,18.38
0,18.44
0,18.42
0,18.44
0,18.46
0,18.41
0,18.44
0,18.41
0,18.44
0,18.38
0,18.32
0,18.37
0,18.35
0,18.38
0,18.38
0,18.39
0,18.43
0,18.44
0,18.43
0,18.47
0,18.51
0,18.55
0,18.59
0,18.67
0,18.65
0,18.62
0,18.62
0,18.68
0,18.74
0,18.73
0,18.76
0,18.76
0,18.79
0,18.77
0,18.87
0,18.85
0,18.8
0,18.8
0,18.8
0,18.87
0,18.85
0,18.85
0,18.85
0,18.84
0,18.88
0,18.93
0,18.86
0,18.89
0,18.89
0,18.91
0,18.91
0,18.89
0,18.86
0,18.81
0,18.81
0,18.88
0,18.81
0,18.8
0,18.76
0,18.76
0,18.77
0,18.76
0,18.76
0,18.7
0,18.66
0,18.69
0,18.67
0,18.69
0,18.68
0,18.64
0,18.7
0,18.72
0,18.68
0,18.66
0,18.62
0,18.65
0,18.66
0,18.73
0,18.74
0,18.74
0,18.74
0,18.71
0,18.69
0,18.68
0,18.66
0,18.7
0,18.63
0,18.65
0,18.63
0,18.62
0,18.59
0,18.58
0,18.67
0,18.65
0,18.62
0,18.59
0,18.59
0,18.57
0,18.56
0,18.59
0,18.59
0,18.64
0,18.63
0,18.62
0,18.62
0,18.66
0,18.66
0,18.65
0,18.64
0,18.64
0,18.59
0,18.56
0,18.55
0,18.57
0,18.54
0,18.55
0,18.54
0,18.52
0,18.5
0,18.53
0,18.52
0,18.49
0,18.51
0,18.51
0,18.54
0,18.55
0,18.61
0,18.58
0,18.59
0,18.62
0,18.63
0,18.65
0,18.7
0,18.71
0,18.72
0,18.7
0,18.67
0,18.68
0,18.65
0,18.66
0,18.67
0,18.71
0,18.7
0,18.68
0,18.64
0,18.64
0,18.65
0,18.64
0,18.67
0,18.69
0,18.66
0,18.67
0,18.74
0,18.77
0,18.8
0,18.78
0,18.78
0,18.85
0,18.85
0,18.84
0,18.84
0,18.9
0,18.88
0,18.88
0,18.88
0,18.87
0,18.84
0,18.84
0,18.87
0,18.86
0,18.87
0,18.87
0,18.86
0,18.81
0,18.82
0,18.85
0,18.86
0,18.88
0,18.88
0,18.94
0,18.89
0,18.85
0,18.89
0,18.9
0,18.94
0,18.9
0,18.93
0,18.94
0,18.94
0,18.95
0,18.93
0,18.9
0,18.85
0,18.85
0,18.85
0,18.86
0,18.84
0,18.87
0,18.87
0,18.85
0,18.86
0,18.87
0,18.91
0,18.96
0,18.94
0,18.91
0,18.91
0,18.91
0,18.93
0,18.93
0,18.94
0,18.92
0,18.92
0,18.94
0,18.94
0,18.92
0,18.88
0,18.91
0,18.9
0,18.94
0,18.92
0,18.92
0,18.86
0,18.83
0,18.82
0,18.81
0,18.76
0,18.79
0,18.8
0,18.83
0,18.84
0,18.84
0,18.87
0,18.88
0,18.85
0,18.85
0,18.89
0,18.94
0,18.96
0,18.93
0,18.94
0,18.95
0,18.94
0,18.91
0,18.92
0,18.96
0,18.98
0,18.98
0,18.99
0,18.98
0,18.97
0,18.94
0,18.94
0,18.93
0,18.91
0,18.91
0,18.86
0,18.89
0,18.91
0,18.92
0,18.96
0,18.95
0,18.96
0,18.95
0,18.95
0,18.95
0,18.93
0,18.92
0,18.95
0,18.94
0,18.9
0,18.88
0,18.91
0,18.88
0,18.86
0,18.83
0,18.85
0,18.88
0,18.87
0,18.84
0,18.81
0,18.83
0,18.83
0,18.8
0,18.79
0,18.76
0,18.75
0,18.78
0,18.81
0,18.79
0,18.77
0,18.74
0,18.78
0,18.77
0,18.76
0,18.76
0,18.76
0,18.76
0,18.73
0,18.74
0,18.74
0,18.76
0,18.71
0,18.71
0,18.69
0,18.68
0,18.68
0,18.69
0,18.69
0,18.68
0,18.7
0,18.72
0,18.76
0,18.72
0,18.7
0,18.71
0,18.72
0,18.74
0,18.76
0,18.72
0,18.79
0,18.81
0,18.82
0,18.79
0,18.78
0,18.79
0,18.81
0,18.83
0,18.83
0,18.84
0,18.83
0,18.83
0,18.81
0,18.83
0,18.42
0,18.38
0,18.52
0,18.65
0,18.59
0,18.53
0,18.49
0,18.37
0,18.3
0,18.31
0,18.17
0,18.16
0,18.12
0,18.16
0,18.03
0,17.92
0,17.91
0,17.8
0,17.79
0,17.72
0,17.67
0,17.6
0,17.54
0,17.6
0,17.49
0,17.52
0,17.44
0,17.6
0,17.55
0,17.56
0,17.58
0,17.53
0,17.46
0,17.38
0,17.49
0,17.4
0,17.42
0,17.44
0,17.44
0,17.4
0,17.38
0,17.45
0,17.46
0,17.41
0,17.41
0,17.41
0,17.42
0,17.4
0,17.46
0,17.53
0,17.43
0,17.39
0,17.4
0,17.44
0,17.48
0,17.51
0,17.42
0,17.47
0,17.45
0,17.47
0,17.49
0,17.43
0,17.4
0,17.4
0,17.28
0,17.3
0,17.29
0,17.24
0,17.24
0,17.16
0,17.22
0,17.24
0,17.23
0,17.29
0,17.2
0,17.22
0,17.27
0,17.34
0,17.31
0,17.28
0,17.3
0,17.37
0,17.43
0,17.45
0,17.41
0,17.4
0,17.41
0,17.42
0,17.44
0,17.45
0,17.49
0,17.54
0,17.56
0,17.58
0,17.6
0,17.55
0,17.54
0,17.55
0,17.5
0,17.5
0,17.46
0,17.55
0,17.65
0,17.62
0,17.64
0,17.63
0,17.67
0,17.7
0,17.69
0,17.69
0,17.64
0,17.7
0,17.66
0,17.69
0,17.66
0,17.65
0,17.57
0,17.54
0,17.53
0,17.52
0,17.52
0,17.56
0,17.6
0,17.54
0,17.53
0,17.54
0,17.58
0,17.6
0,17.62
0,17.65
0,17.65
0,17.64
0,17.66
0,17.68
0,17.7
0,17.65
0,17.63
0,17.62
0,17.62
0,17.6
0,17.59
0,17.59
0,17.55
0,17.54
0,17.53
0,17.45
0,17.47
0,17.44
0,17.42
0,17.41
0,17.41
0,17.42
0,17.44
0,17.38
0,17.33
0,17.3
0,17.3
0,17.31
0,17.28
0,17.3
0,17.3
0,17.25
0,17.32
0,17.35
0,17.34
0,17.34
0,17.29
0,17.23
0,17.22
0,17.23
0,17.28
0,17.22
0,17.22
0,17.24
0,17.26
0,17.24
0,17.22
0,17.21
0,17.26
0,17.27
0,17.26
0,17.32
0,17.32
0,17.33
0,17.31
0,17.35
0,17.31
0,17.26
0,17.25
0,17.23
0,17.25
0,17.26
0,17.28
0,17.26
0,17.28
0,17.29
0,17.32
0,17.36
0,17.36
0,17.37
0,17.34
0,17.34
0,17.36
0,17.37
0,17.36
0,17.38
0,17.34
0,17.34
0,17.37
0,17.36
0,17.34
0,17.32
0,17.32
0,17.31
0,17.27
0,17.27
0,17.28
0,17.25
0,17.22
0,17.22
0,17.23
0,17.24
0,17.24
0,17.24
0,17.26
0,17.23
0,17.16
0,17.12
0,17.13
0,17.13
0,17.13
0,17.17
0,17.2
0,17.17
0,17.18
0,17.17
0,17.18
0,17.16
0,17.14
0,17.13
0,17.16
0,17.17
0,17.18
0,17.12
0,17.13
0,17.12
0,17.11
0,17.15
0,17.17
0,17.18
0,17.22
0,17.22
0,17.21
0,17.21
0,17.24
0,17.21
0,17.19
0,17.17
0,17.17
0,17.15
0,17.14
0,17.12
0,17.11
0,17.08
0,17.08
0,17.1
0,17.06
0,17.08
0,17.12
0,17.07
0,17.09
0,17.09
0,17.1
0,17.12
0,17.11
0,17.11
0,17.13
0,17.13
0,17.14
0,17.16
0,17.15
0,17.18
0,17.17
0,17.16
0,17.18
0,17.13
0,17.16
0,17.14
0,17.16
0,17.16
0,17.16
0,17.14
0,17.15
0,17.17
0,17.14
0,17.15
0,17.14
0,17.15
0,17.16
0,17.19
0,17.24
0,17.26
0,17.22
0,17.2
0,17.22
0,17.25
0,17.18
0,17.2
0,17.2
0,17.2
0,17.18
0,17.19
0,17.16
0,17.13
0,17.15
0,17.11
0,17.12
0,17.1
0,17.11
0,17.11
0,17.13
0,17.17
0,17.14
0,17.14
0,17.11
0,17.09
0,17.08
0,17.08
0,17.06
0,17.09
0,17.08
0,17.06
0,17.05
0,17.04
0,17.04
0,17.04
0,17.05
0,17.04
0,17.05
0,17.04
0,17.02
0,17.01
0,17.01
0,16.98
0,16.96
0,16.96
0,16.98
0,16.99
0,16.99
0,17.06
0,17.06
0,17.09
0,17.08
0,17.07
0,17.06
0,17.08
0,17.09
0,17.16
0,17.12
0,17.12
0,17.16
0,17.17
0,17.16
0,17.17
0,17.16
0,17.16
0,17.15
0,17.12
0,17.16
0,17.16
0,17.14
0,17.13
0,17.13
0,17.13
0,17.12
0,17.1
0,17.09
0,17.09
0,17.09
0,17.09
0,17.09
0,17.53
0,17.58
0,17.6
0,17.66
0,17.65
0,17.65
0,17.61
0,17.65
0,17.76
0,17.81
0,17.78
0,17.74
0,17.84
0,17.88
0,17.86
0,17.89
0,17.86
0,17.83
0,17.83
0,17.81
0,17.84
0,17.86
0,17.88
0,17.9
0,17.9
0,17.85
0,17.88
0,17.89
0,17.94
0,17.97
0,18
0,18.08
0,18.06
0,18.01
0,18.06
0,18.07
0,18.07
0,18.06
0,18.02
0,18.04
0,18.12
0,18.16
0,18.17
0,18.18
0,18.12
0,18.08
0,18.11
0,18.06
0,18.1
0,18.09
0,18.05
0,17.98
0,18.02
0,18.13
0,18.19
0,18.16
0,18.22
0,18.22
0,18.22
0,18.19
0,18.23
0,18.21
0,18.16
0,18.22
0,18.2
0,18.15
0,18.2
0,18.2
0,18.18
0,18.22
0,18.18
0,18.2
0,18.17
0,18.18
0,18.13
0,18.14
0,18.19
0,18.24
0,18.25
0,18.24
0,18.22
0,18.26
0,18.3
0,18.28
0,18.26
0,18.25
0,18.25
0,18.27
0,18.29
0,18.34
0,18.34
0,18.31
0,18.35
0,18.44
0,18.46
0,18.46
0,18.42
0,18.4
0,18.42
0,18.46
0,18.45
0,18.48
0,18.49
0,18.53
0,18.55
0,18.5
0,18.44
0,18.38
0,18.4
0,18.45
0,18.5
0,18.44
0,18.44
0,18.48
0,18.48
0,18.42
0,18.45
0,18.41
0,18.37
0,18.38
0,18.4
0,18.34
0,18.35
0,18.38
0,18.43
0,18.48
0,18.45
0,18.42
0,18.4
0,18.4
0,18.4
0,18.39
0,18.38
0,18.39
0,18.4
0,18.43
0,18.46
0,18.45
0,18.46
0,18.44
0,18.49
0,18.53
0,18.53
0,18.58
0,18.6
0,18.63
0,18.56
0,18.57
0,18.58
0,18.62
0,18.59
0,18.62
0,18.63
0,18.6
0,18.59
0,18.62
0,18.62
0,18.59
0,18.6
0,18.63
0,18.69
0,18.7
0,18.7
0,18.7
0,18.68
0,18.7
0,18.67
0,18.71
0,18.75
0,18.77
0,18.76
0,18.75
0,18.77
0,18.76
0,18.76
0,18.7
0,18.71
0,18.74
0,18.72
0,18.7
0,18.7
0,18.74
0,18.71
0,18.66
0,18.68
0,18.68
0,18.67
0,18.68
0,18.69
0,18.73
0,18.72
0,18.76
0,18.76
0,18.74
0,18.74
0,18.74
0,18.71
0,18.69
0,18.68
0,18.7
0,18.71
0,18.72
0,18.77
0,18.78
0,18.8
0,18.8
0,18.82
0,18.8
0,18.77
0,18.76
0,18.78
0,18.8
0,18.82
0,18.83
0,18.84
0,18.87
0,18.88
0,18.9
0,18.94
0,18.95
0,18.95
0,18.91
0,18.9
0,18.87
0,18.92
0,18.9
0,18.89
0,18.9
0,18.94
0,18.94
0,18.94
0,18.91
0,18.94
0,18.92
0,18.9
0,18.93
0,18.94
0,18.94
0,18.94
0,18.96
0,18.99
0,18.99
0,19.06
0,19.05
0,19.02
0,19.01
0,18.95
0,18.95
0,18.98
0,18.95
0,18.94
0,18.9
0,18.88
0,18.88
0,18.83
0,18.85
0,18.8
0,18.85
0,18.88
0,18.94
0,18.9
0,18.87
0,18.87
0,18.87
0,18.87
0,18.88
0,18.83
0,18.77
0,18.79
0,18.85
0,18.84
0,18.83
0,18.83
0,18.85
0,18.85
0,18.83
0,18.8
0,18.76
0,18.8
0,18.81
0,18.84
0,18.84
0,18.89
0,18.9
0,18.92
0,18.9
0,18.94
0,18.98
0,18.98
0,18.98
0,18.95
0,18.98
0,19
0,18.99
0,18.99
0,18.99
0,18.96
0,18.96
0,18.99
0,18.99
0,19.02
0,19.01
0,19.01
0,19.02
0,19.03
0,19.02
0,19.04
0,19.05
0,19.05
0,19.05
0,19.04
0,19.05
0,19.05
0,19.06
0,19.06
0,19.05
0,18.96
0,18.88
0,18.92
0,18.9
0,18.94
0,18.94
0,18.96
0,18.94
0,18.94
0,18.92
0,18.9
0,18.9
0,18.9
0,18.9
0,18.96
0,18.93
0,18.92
0,18.92
0,18.94
0,18.97
0,18.94
0,18.91
0,18.94
0,18.95
0,18.96
0,18.99
0,18.99
0,19
0,19.02
0,19.02
0,19.02
0,19.02
0,18.98
0,18.95
0,18.91
0,18.92
0,18.95
0,18.92
0,18.9
0,18.89
0,18.91
0,18.91
0,18.93
0,18.94
0,18.94
0,18.92
0,18.91
0,18.88
0,18.88
0,18.89
0,18.91
0,18.92
0,18.94
0,18.94
0,18.92
0,18.92
0,18.9
0,18.91
0,18.93
0,18.92
0,18.91
0,18.93
0,18.98
0,18.99
0,18.95
0,18.96
0,19.3
0,19.35
0,19.16
0,19.09
0,19.13
0,19.14
0,19.07
0,19.2
0,19.1
0,19.09
0,19.11
0,19.06
0,19.28
0,19.22
0,19.32
0,19.3
0,19.36
0,19.47
0,19.54
0,19.64
0,19.59
0,19.51
0,19.45
0,19.54
0,19.48
0,19.47
0,19.47
0,19.54
0,19.59
0,19.56
0,19.63
0,19.62
0,19.59
0,19.58
0,19.71
0,19.73
0,19.74
0,19.76
0,19.72
0,19.81
0,19.8
0,19.69
0,19.74
0,19.7
0,19.7
0,19.63
0,19.62
0,19.67
0,19.7
0,19.68
0,19.68
0,19.58
0,19.58
0,19.65
0,19.63
0,19.66
0,19.69
0,19.68
0,19.73
0,19.73
0,19.74
0,19.81
0,19.86
0,19.88
0,19.84
0,19.86
0,19.88
0,19.85
0,19.88
0,19.88
0,19.87
0,19.88
0,19.88
0,19.98
0,19.98
0,19.91
0,19.94
0,19.95
0,19.98
0,19.94
0,20
0,19.98
0,19.96
0,20.02
0,20.05
0,20.05
0,20.03
0,20.09
0,20.09
0,20.11
0,20.07
0,20.14
0,20.16
0,20.15
0,20.22
0,20.27
0,20.26
0,20.24
0,20.21
0,20.25
0,20.24
0,20.27
0,20.32
0,20.33
0,20.32
0,20.28
0,20.3
0,20.29
0,20.27
0,20.3
0,20.26
0,20.22
0,20.16
0,20.16
0,20.23
0,20.23
0,20.22
0,20.15
0,20.16
0,20.19
0,20.18
0,20.2
0,20.17
0,20.14
0,20.11
0,20.16
0,20.18
0,20.22
0,20.26
0,20.2
0,20.21
0,20.24
0,20.24
0,20.23
0,20.29
0,20.26
0,20.3
0,20.3
0,20.37
0,20.39
0,20.37
0,20.38
0,20.39
0,20.44
0,20.42
0,20.41
0,20.33
0,20.36
0,20.34
0,20.33
0,20.35
0,20.33
0,20.31
0,20.3
0,20.26
0,20.24
0,20.3
0,20.27
0,20.24
0,20.22
0,20.23
0,20.21
0,20.2
0,20.2
0,20.24
0,20.27
0,20.28
0,20.3
0,20.27
0,20.27
0,20.24
0,20.27
0,20.3
0,20.27
0,20.27
0,20.28
0,20.3
0,20.27
0,20.28
0,20.31
0,20.3
0,20.26
0,20.26
0,20.3
0,20.3
0,20.34
0,20.39
0,20.35
0,20.39
0,20.37
0,20.41
0,20.4
0,20.35
0,20.38
0,20.38
0,20.39
0,20.38
0,20.39
0,20.4
0,20.37
0,20.35
0,20.33
0,20.31
0,20.31
0,20.37
0,20.35
0,20.37
0,20.38
0,20.34
0,20.31
0,20.34
0,20.37
0,20.38
0,20.43
0,20.42
0,20.43
0,20.44
0,20.4
0,20.4
0,20.4
0,20.44
0,20.49
0,20.49
0,20.52
0,20.53
0,20.49
0,20.49
0,20.52
0,20.54
0,20.56
0,20.57
0,20.56
0,20.54
0,20.53
0,20.47
0,20.5
0,20.49
0,20.46
0,20.48
0,20.44
0,20.46
0,20.42
0,20.41
0,20.48
0,20.49
0,20.5
0,20.51
0,20.5
0,20.52
0,20.49
0,20.5
0,20.51
0,20.45
0,20.47
0,20.48
0,20.46
0,20.47
0,20.44
0,20.38
0,20.41
0,20.38
0,20.37
0,20.36
0,20.38
0,20.38
0,20.37
0,20.42
0,20.41
0,20.4
0,20.4
0,20.38
0,20.4
0,20.44
0,20.45
0,20.45
0,20.44
0,20.46
0,20.45
0,20.45
0,20.42
0,20.4
0,20.41
0,20.44
0,20.41
0,20.45
0,20.44
0,20.49
0,20.5
0,20.5
0,20.51
0,20.56
0,20.55
0,20.58
0,20.58
0,20.59
0,20.58
0,20.57
0,20.55
0,20.52
0,20.48
0,20.48
0,20.47
0,20.51
0,20.52
0,20.53
0,20.54
0,20.52
0,20.5
0,20.48
0,20.48
0,20.46
0,20.45
0,20.46
0,20.47
0,20.54
0,20.53
0,20.51
0,20.51
0,20.52
0,20.5
0,20.5
0,20.49
0,20.5
0,20.45
0,20.49
0,20.46
0,20.47
0,20.43
0,20.46
0,20.49
0,20.47
0,20.48
0,20.51
0,20.52
0,20.6
0,20.63
0,20.65
0,20.6
0,20.62
0,20.65
0,20.65
0,20.63
0,20.63
0,20.58
0,20.65
0,20.67
0,20.64
0,20.61
0,20.61
0,20.63
0,20.62
0,20.61
0,20.57
0,20.58
0,20.57
0,20.6
0,20.61
0,20.62
0,20.62
0,20.63
0,20.62
0,20.58
0,20.58
0,20.6
0,20.6
0,20.57
0,20.57
0,20.57
0,20.6
0,20.58
0,20.56
0,20.57
0,20.54
0,20.5
0,20.53
0,20.53
0,20.56
0,20.56
0,20.55
0,20.56
0,20.56
0,20.52
0,20.58
0,20.58
0,20.6
0,20.58
0,20.57
0,20.56
0,20.58
0,21.08
0,20.98
0,20.98
0,20.93
0,21.01
0,21.04
0,21.06
0,20.95
0,20.84
0,20.91
0,20.76
0,20.73
0,20.66
0,20.75
0,20.78
0,20.78
0,20.81
0,20.82
0,20.75
0,20.56
0,20.61
0,20.53
0,20.48
0,20.45
0,20.54
0,20.52
0,20.55
0,20.48
0,20.36
0,20.38
0,20.35
0,20.31
0,20.3
0,20.35
0,20.44
0,20.45
0,20.37
0,20.4
0,20.37
0,20.38
0,20.43
0,20.41
0,20.4
0,20.3
0,20.15
0,20.09
0,20.1
0,20.14
0,20.05
0,20.03
0,19.95
0,19.98
0,20.04
0,20.04
0,19.98
0,19.98
0,20.16
0,20.1
0,20.08
0,20.07
0,20.07
0,20.08
0,20.02
0,20.07
0,20.04
0,20.04
0,19.96
0,19.94
0,19.91
0,19.98
0,20.04
0,20.04
0,20
0,20.02
0,20
0,19.94
0,19.94
0,19.97
0,19.92
0,19.83
0,19.87
0,19.9
0,19.84
0,19.81
0,19.74
0,19.77
0,19.75
0,19.73
0,19.7
0,19.72
0,19.75
0,19.8
0,19.77
0,19.83
0,19.88
0,19.95
0,19.94
0,19.92
0,20.03
0,20.08
0,20.12
0,20.1
0,20.11
0,20.07
0,20.06
0,20.04
0,20
0,19.99
0,19.95
0,19.98
0,19.98
0,19.92
0,19.97
0,19.91
0,19.93
0,19.98
0,19.92
0,19.94
0,19.9
0,19.88
0,19.87
0,19.83
0,19.82
0,19.84
0,19.83
0,19.83
0,19.89
0,19.86
0,19.91
0,19.96
0,19.91
0,19.96
0,19.91
0,19.91
0,19.88
0,19.88
0,19.92
0,19.93
0,19.89
0,19.9
0,19.91
0,19.95
0,19.94
0,19.91
0,19.94
0,19.96
0,19.96
0,19.96
0,19.99
0,19.99
0,19.98
0,20
0,20.03
0,20.05
0,20.1
0,20.1
0,20.09
0,20.13
0,20.11
0,20.11
0,20.11
0,20.13
0,20.12
0,20.06
0,20.08
0,20.12
0,20.12
0,20.15
0,20.24
0,20.27
0,20.3
0,20.27
0,20.29
0,20.33
0,20.34
0,20.32
0,20.33
0,20.38
0,20.33
0,20.33
0,20.26
0,20.29
0,20.34
0,20.32
0,20.3
0,20.26
0,20.31
0,20.31
0,20.29
0,20.27
0,20.3
0,20.31
0,20.35
0,20.4
0,20.36
0,20.34
0,20.41
0,20.41
0,20.41
0,20.34
0,20.36
0,20.34
0,20.34
0,20.34
0,20.37
0,20.35
0,20.33
0,20.33
0,20.34
0,20.34
0,20.32
0,20.31
0,20.27
0,20.31
0,20.38
0,20.38
0,20.39
0,20.4
0,20.35
0,20.35
0,20.36
0,20.38
0,20.41
0,20.42
0,20.4
0,20.45
0,20.43
0,20.44
0,20.42
0,20.42
0,20.42
0,20.44
0,20.44
0,20.48
0,20.46
0,20.47
0,20.46
0,20.44
0,20.46
0,20.48
0,20.48
0,20.46
0,20.49
0,20.48
0,20.52
0,20.56
0,20.58
0,20.6
0,20.58
0,20.56
0,20.55
0,20.55
0,20.56
0,20.54
0,20.52
0,20.52
0,20.48
0,20.5
0,20.5
0,20.54
0,20.57
0,20.6
0,20.6
0,20.62
0,20.65
0,20.63
0,20.59
0,20.6
0,20.61
0,20.59
0,20.58
0,20.6
0,20.62
0,20.62
0,20.61
0,20.6
0,20.63
0,20.62
0,20.6
0,20.61
0,20.6
0,20.6
0,20.59
0,20.6
0,20.6
0,20.61
0,20.62
0,20.65
0,20.67
0,20.66
0,20.65
0,20.64
0,20.62
0,20.6
0,20.59
0,20.58
0,20.6
0,20.56
0,20.57
0,20.59
0,20.61
0,20.62
0,20.66
0,20.66
0,20.64
0,20.6
0,20.62
0,20.62
0,20.62
0,20.62
0,20.62
0,20.64
0,20.64
0,20.65
0,20.63
0,20.64
0,20.62
0,20.6
0,20.62
0,20.62
0,20.66
0,20.63
0,20.62
0,20.62
0,20.6
0,20.62
0,20.62
0,20.61
0,20.6
0,20.6
0,20.58
0,20.6
0,20.59
0,20.6
0,20.57
0,20.58
0,20.51
0,20.51
0,20.54
0,20.55
0,20.54
0,20.54
0,20.56
0,20.56
0,20.6
0,20.62
0,20.6
0,20.61
0,20.62
0,20.62
0,20.62
0,20.61
0,20.61
0,20.64
0,20.67
0,20.68
0,20.66
0,20.68
0,20.67
0,20.7
0,20.74
0,20.76
0,20.76
0,20.76
0,20.77
0,20.76
0,20.74
0,20.73
0,20.74
0,20.74
0,20.74
0,20.74
0,20.73
0,20.74
0,20.74
0,20.72
0,20.75
0,20.75
0,20.72
0,20.71
0,20.67
0,20.69
0,20.72
0,20.71
0,20.73
0,20.74
0,20.74
0,20.75
0,20.76
0,20.88
0,20.88
0,20.66
0,20.62
0,20.72
0,20.92
0,21.07
0,21.18
0,21.12
0,21.22
0,21.21
0,21.24
0,21.22
0,21.26
0,21.31
0,21.29
0,21.32
0,21.27
0,21.18
0,21.17
0,21.18
0,21.26
0,21.24
0,21.3
0,21.37
0,21.39
0,21.34
0,21.35
0,21.33
0,21.33
0,21.33
0,21.27
0,21.19
0,21.23
0,21.12
0,21.18
0,21.13
0,21.08
0,21.11
0,21.12
0,21.14
0,21.15
0,21.1
0,21.08
0,21.04
0,21.01
0,20.98
0,20.98
0,21.01
0,20.94
0,20.95
0,21
0,21.06
0,21.02
0,21.02
0,21.06
0,21.08
0,21.09
0,21.04
0,20.98
0,21
0,20.87
0,20.9
0,20.88
0,20.86
0,20.78
0,20.79
0,20.83
0,20.85
0,20.84
0,20.84
0,20.86
0,20.84
0,20.86
0,20.79
0,20.76
0,20.7
0,20.74
0,20.78
0,20.78
0,20.8
0,20.78
0,20.81
0,20.83
0,20.87
0,20.83
0,20.78
0,20.77
0,20.8
0,20.84
0,20.87
0,20.84
0,20.88
0,20.95
0,20.97
0,20.94
0,20.96
0,20.97
0,20.95
0,20.93
0,20.95
0,20.92
0,20.92
0,20.95
0,20.97
0,20.94
0,20.94
0,20.92
0,20.93
0,20.93
0,20.99
0,20.94
0,20.96
0,21.01
0,21.03
0,21.04
0,21.02
0,21.04
0,21.06
0,21.12
0,21.1
0,21.1
0,21.12
0,21.1
0,21.12
0,21.08
0,21.1
0,21.08
0,21.02
0,21.04
0,21.05
0,21.06
0,21.08
0,21.06
0,21.03
0,21.11
0,21.14
0,21.15
0,21.13
0,21.15
0,21.13
0,21.16
0,21.21
0,21.2
0,21.21
0,21.2
0,21.16
0,21.15
0,21.14
0,21.16
0,21.18
0,21.19
0,21.21
0,21.22
0,21.26
0,21.24
0,21.22
0,21.18
0,21.19
0,21.2
0,21.18
0,21.17
0,21.24
0,21.25
0,21.27
0,21.25
0,21.28
0,21.31
0,21.31
0,21.33
0,21.32
0,21.3
0,21.3
0,21.27
0,21.28
0,21.31
0,21.33
0,21.27
0,21.28
0,21.26
0,21.24
0,21.18
0,21.16
0,21.13
0,21.15
0,21.06
0,20.98
0,20.88
0,20.84
0,20.74
0,20.56
0,20.4
0,20.37
0,20.4
0,20.51
0,20.41
0,20.78
0,20.67
0,20.66
0,20.7
0,20.84
0,20.84
0,20.76
0,20.74
0,20.68
0,20.62
0,20.48
0,20.57
0,20.56
0,20.6
0,20.41
0,20.41
0,20.42
0,20.38
0,20.66
0,20.58
0,20.6
0,20.55
0,20.72
0,20.74
0,20.8
0,20.81
0,20.89
0,20.83
0,20.88
0,20.91
0,20.98
0,21.04
0,21.08
0,21.02
0,20.93
0,20.94
0,20.89
0,20.76
0,20.6
0,20.46
0,20.49
0,20.44
0,20.35
0,20.35
0,20.26
0,20.38
0,20.35
0,20.32
0,20.29
0,20.38
0,20.28
0,20.28
0,20.29
0,20.29
0,20.3
0,20.38
0,20.39
0,20.38
0,20.38
0,20.35
0,20.27
0,20.31
0,20.29
0,20.3
0,20.28
0,20.27
0,20.34
0,20.35
0,20.36
0,20.37
0,20.41
0,20.38
0,20.34
0,20.32
0,20.35
0,20.38
0,20.32
0,20.32
0,20.35
0,20.31
0,20.33
0,20.37
0,20.43
0,20.44
0,20.41
0,20.41
0,20.4
0,20.38
0,20.42
0,20.44
0,20.39
0,20.35
0,20.31
0,20.26
0,20.26
0,20.28
0,20.25
0,20.2
0,20.16
0,20.23
0,20.22
0,20.24
0,20.23
0,20.21
0,20.16
0,20.17
0,20.19
0,20.2
0,20.23
0,20.26
0,20.28
0,20.3
0,20.35
0,20.35
0,20.37
0,20.4
0,20.37
0,20.39
0,20.39
0,20.38
0,20.42
0,20.43
0,20.36
0,20.41
0,20.38
0,20.35
0,20.3
0,20.27
0,20.27
0,20.23
0,20.22
0,20.27
0,20.27
0,20.26
0,20.29
0,20.34
0,20.32
0,20.29
0,20.31
0,20.34
0,20.37
0,20.36
0,20.34
0,20.33
0,20.34
0,20.33
0,20.3
0,20.31
0,20.31
0,20.31
0,20.3
0,20.33
0,20.33
0,20.32
0,20.35
0,20.34
0,20.33
0,20.32
0,20.31
0,20.28
0,20.26
0,20.28
0,20.26
0,20.25
0,20.21
0,20.26
0,20.26
0,20.26
0,20.27
0,20.23
0,20.26
0,20.25
0,20.22
0,20.22
0,20.17
0,20.2
0,20.18
0,20.21
0,20.19
0,20.18
0,20.19
0,20.18
0,20.17
0,20.2
0,20.2
0,20.16
0,20.14
0,20.09
0,20.1
0,20.17
0,20.17
0,20.17
0,20.2
0,19.59
0,19.6
0,19.48
0,19.41
0,19.24
0,19.31
0,19.26
0,19.33
0,19.38
0,19.28
0,19.3
0,19.38
0,19.37
0,19.31
0,19.27
0,19.2
0,19.3
0,19.28
0,19.2
0,19.19
0,19.2
0,19.16
0,19.15
0,19.06
0,18.96
0,19
0,19.02
0,18.92
0,19.06
0,19.05
0,19.11
0,19.19
0,19.17
0,19.19
0,19.16
0,19.15
0,19.18
0,19.22
0,19.23
0,19.29
0,19.35
0,19.35
0,19.27
0,19.36
0,19.36
0,19.27
0,19.26
0,19.2
0,19.25
0,19.22
0,19.2
0,19.24
0,19.3
0,19.34
0,19.34
0,19.37
0,19.33
0,19.24
0,19.24
0,19.3
0,19.33
0,19.34
0,19.28
0,19.28
0,19.34
0,19.35
0,19.3
0,19.33
0,19.4
0,19.42
0,19.46
0,19.48
0,19.45
0,19.46
0,19.46
0,19.39
0,19.38
0,19.4
0,19.39
0,19.37
0,19.41
0,19.46
0,19.51
0,19.56
0,19.56
0,19.54
0,19.56
0,19.62
0,19.63
0,19.65
0,19.66
0,19.66
0,19.65
0,19.73
0,19.74
0,19.77
0,19.79
0,19.81
0,19.75
0,19.72
0,19.69
0,19.73
0,19.7
0,19.69
0,19.73
0,19.67
0,19.66
0,19.64
0,19.57
0,19.57
0,19.5
0,19.48
0,19.51
0,19.5
0,19.48
0,19.44
0,19.44
0,19.45
0,19.48
0,19.47
0,19.48
0,19.46
0,19.5
0,19.49
0,19.49
0,19.57
0,19.59
0,19.59
0,19.58
0,19.59
0,19.58
0,19.57
0,19.51
0,19.51
0,19.54
0,19.47
0,19.49
0,19.42
0,19.44
0,19.47
0,19.46
0,19.44
0,19.44
0,19.47
0,19.48
0,19.48
0,19.46
0,19.49
0,19.54
0,19.56
0,19.57
0,19.58
0,19.58
0,19.55
0,19.56
0,19.53
0,19.53
0,19.57
0,19.6
0,19.6
0,19.58
0,19.58
0,19.56
0,19.57
0,19.57
0,19.59
0,19.58
0,19.57
0,19.56
0,19.58
0,19.55
0,19.58
0,19.58
0,19.57
0,19.58
0,19.59
0,19.59
0,19.6
0,19.65
0,19.7
0,19.67
0,19.66
0,19.67
0,19.65
0,19.64
0,19.58
0,19.6
0,19.58
0,19.59
0,19.58
0,19.61
0,19.6
0,19.6
0,19.55
0,19.56
0,19.57
0,19.58
0,19.59
0,19.58
0,19.59
0,19.64
0,19.65
0,19.67
0,19.7
0,19.7
0,19.67
0,19.66
0,19.66
0,19.63
0,19.63
0,19.59
0,19.56
0,19.56
0,19.55
0,19.55
0,19.55
0,19.52
0,19.5
0,19.46
0,19.47
0,19.42
0,19.41
0,19.42
0,19.42
0,19.42
0,19.44
0,19.4
0,19.32
0,19.34
0,19.33
0,19.35
0,19.37
0,19.37
0,19.35
0,19.38
0,19.35
0,19.39
0,19.44
0,19.44
0,19.43
0,19.49
0,19.45
0,19.4
0,19.38
0,19.41
0,19.45
0,19.44
0,19.42
0,19.41
0,19.36
0,19.35
0,19.33
0,19.28
0,19.28
0,19.28
0,19.28
0,19.32
0,19.28
0,19.33
0,19.31
0,19.31
0,19.33
0,19.36
0,19.36
0,19.33
0,19.33
0,19.34
0,19.36
0,19.35
0,19.34
0,19.34
0,19.39
0,19.39
0,19.36
0,19.36
0,19.38
0,19.42
0,19.44
0,19.46
0,19.48
0,19.49
0,19.45
0,19.5
0,19.55
0,19.55
0,19.49
0,19.49
0,19.47
0,19.49
0,19.52
0,19.52
0,19.53
0,19.56
0,19.58
0,19.54
0,19.55
0,19.53
0,19.52
0,19.52
0,19.52
0,19.51
0,19.5
0,19.46
0,19.47
0,19.48
0,19.48
0,19.5
0,19.51
0,19.48
0,19.46
0,19.46
0,19.47
0,19.48
0,19.52
0,19.52
0,19.52
0,19.49
0,19.52
0,19.5
0,19.47
0,19.47
0,19.47
0,19.47
0,19.47
0,19.48
0,19.46
0,19.48
0,19.51
0,19.51
0,19.51
0,19.51
0,19.56
0,19.55
0,19.57
0,19.62
0,19.59
0,19.58
0,19.61
0,19.6
0,19.59
0,19.59
0,19.62
0,19.6
0,19.6
0,19.6
0,19.58
0,19.6
0,19.59
0,19.59
0,19.6
0,19.63
0,19.66
0,19.69
0,19.7
0,19.7
0,19.69
0,19.74
0,19.72
0,19.7
0,19.7
0,19.69
0,19.72
0,19.71
0,19.72
0,19.71
0,19.74
0,19.72
0,19.74
0,19.74
0,19.77
0,19.78
0,19.79
0,19.78
0,19.76
0,19.79
0,19.78
0,19.79
0,19.76
0,19.77
0,19.78
0,19.78
0,19.78
0,19.79
0,19.78
0,19.74
0,19.75
0,19.76
0,19.76
0,19.34
0,19.35
0,19.32
0,19.25
0,19.32
0,19.44
0,19.42
0,19.44
0,19.63
0,19.71
0,19.6
0,19.66
0,19.65
0,19.67
0,19.72
0,19.74
0,19.87
0,19.9
0,19.85
0,19.84
0,19.91
0,19.84
0,19.86
0,19.86
0,19.87
0,19.83
0,19.77
0,19.83
0,19.87
0,19.87
0,19.87
0,19.81
0,19.8
0,19.85
0,19.8
0,19.72
0,19.72
0,19.81
0,19.79
0,19.86
0,19.87
0,19.9
0,19.84
0,19.84
0,19.82
0,19.8
0,19.76
0,19.79
0,19.83
0,19.85
0,19.84
0,19.84
0,19.84
0,19.83
0,19.8
0,19.81
0,19.76
0,19.74
0,19.69
0,19.66
0,19.64
0,19.7
0,19.72
0,19.72
0,19.72
0,19.77
0,19.78
0,19.81
0,19.77
0,19.8
0,19.83
0,19.78
0,19.78
0,19.8
0,19.84
0,19.8
0,19.82
0,19.8
0,19.83
0,19.81
0,19.81
0,19.75
0,19.77
0,19.76
0,19.76
0,19.8
0,19.84
0,19.88
0,19.86
0,19.85
0,19.87
0,19.88
0,19.85
0,19.9
0,19.87
0,19.88
0,19.89
0,19.85
0,19.89
0,19.89
0,19.88
0,19.84
0,19.8
0,19.8
0,19.81
0,19.82
0,19.8
0,19.84
0,19.81
0,19.85
0,19.82
0,19.81
0,19.78
0,19.81
0,19.82
0,19.77
0,19.77
0,19.75
0,19.73
0,19.72
0,19.73
0,19.73
0,19.76
0,19.76
0,19.8
0,19.78
0,19.76
0,19.76
0,19.77
0,19.76
0,19.77
0,19.75
0,19.78
0,19.83
0,19.85
0,19.81
0,19.81
0,19.83
0,19.85
0,19.84
0,19.81
0,19.78
0,19.78
0,19.78
0,19.79
0,19.78
0,19.78
0,19.81
0,19.83
0,19.81
0,19.81
0,19.82
0,19.84
0,19.84
0,19.84
0,19.83
0,19.84
0,19.85
0,19.83
0,19.82
0,19.82
0,19.82
0,19.85
0,19.86
0,19.88
0,19.88
0,19.88
0,19.86
0,19.84
0,19.83
0,19.85
0,19.87
0,19.94
0,19.93
0,20.01
0,20.08
0,20.06
0,20.06
0,20.07
0,20.07
0,20.08
0,20.1
0,20.15
0,20.19
0,20.16
0,20.15
0,20.13
0,20.15
0,20.2
0,20.16
0,20.18
0,20.18
0,20.22
0,20.22
0,20.21
0,20.19
0,20.22
0,20.19
0,20.2
0,20.18
0,20.19
0,20.22
0,20.22
0,20.23
0,20.19
0,20.2
0,20.23
0,20.27
0,20.3
0,20.28
0,20.28
0,20.27
0,20.29
0,20.21
0,20.17
0,20.19
0,20.17
0,20.2
0,20.21
0,20.2
0,20.21
0,20.2
0,20.15
0,20.12
0,20.13
0,20.06
0,20.06
0,20.06
0,20.08
0,20.09
0,20.08
0,20.07
0,20.02
0,20.02
0,20.02
0,20.04
0,20.06
0,20.1
0,20.12
0,20.11
0,20.14
0,20.14
0,20.13
0,20.11
0,20.13
0,20.11
0,20.12
0,20.15
0,20.13
0,20.15
0,20.16
0,20.18
0,20.17
0,20.17
0,20.15
0,20.13
0,20.11
0,20.14
0,20.14
0,20.1
0,20.09
0,20.15
0,20.16
0,20.14
0,20.16
0,20.15
0,20.16
0,20.19
0,20.19
0,20.19
0,20.16
0,20.2
0,20.19
0,20.19
0,20.18
0,20.2
0,20.22
0,20.23
0,20.26
0,20.26
0,20.24
0,20.25
0,20.27
0,20.27
0,20.26
0,20.26
0,20.28
0,20.27
0,20.24
0,20.23
0,20.24
0,20.22
0,20.22
0,20.22
0,20.25
0,20.25
0,20.24
0,20.25
0,20.26
0,20.27
0,20.3
0,20.26
0,20.26
0,20.26
0,20.28
0,20.32
0,20.34
0,20.35
0,20.31
0,20.33
0,20.31
0,20.31
0,20.32
0,20.31
0,20.31
0,20.3
0,20.27
0,20.28
0,20.28
0,20.25
0,20.24
0,20.25
0,20.21
0,20.22
0,20.25
0,20.24
0,20.23
0,20.24
0,20.25
0,20.29
0,20.28
0,20.28
0,20.26
0,20.24
0,20.27
0,20.27
0,20.3
0,20.3
0,20.3
0,20.31
0,20.31
0,20.3
0,20.32
0,20.29
0,20.28
0,20.28
0,20.28
0,20.28
0,20.28
0,20.3
0,20.27
0,20.26
0,20.27
0,20.26
0,20.27
0,20.28
0,20.29
0,20.3
0,20.29
0,20.3
0,20.3
0,20.31
0,20.33
0,20.32
0,20.31
0,20.3
0,20.3
0,20.3
0,20.29
0,20.3
0,20.29
0,20.29
0,20.27
0,20.3
0,20.3
0,20.29
0,20.27
0,20.26
0,20.27
0,20.26
0,20.27
0,20.26
0,20.26
0,19.81
0,19.92
0,19.94
0,19.92
0,19.87
0,19.88
0,19.84
0,19.9
0,20.02
0,20.08
0,20.15
0,20.16
0,20.13
0,20.19
0,20.21
0,20.29
0,20.33
0,20.32
0,20.44
0,20.37
0,20.4
0,20.4
0,20.44
0,20.44
0,20.39
0,20.37
0,20.3
0,20.2
0,20.23
0,20.2
0,20.22
0,20.24
0,20.22
0,20.21
0,20.33
0,20.31
0,20.29
0,20.24
0,20.22
0,20.26
0,20.28
0,20.34
0,20.38
0,20.32
0,20.35
0,20.27
0,20.3
0,20.28
0,20.27
0,20.26
0,20.3
0,20.31
0,20.31
0,20.28
0,20.27
0,20.3
0,20.26
0,20.23
0,20.27
0,20.29
0,20.26
0,20.3
0,20.26
0,20.22
0,20.29
0,20.28
0,20.26
0,20.24
0,20.28
0,20.26
0,20.27
0,20.25
0,20.24
0,20.18
0,20.12
0,20.16
0,20.15
0,20.11
0,20.1
0,20.09
0,20.1
0,20.09
0,20.09
0,20.06
0,20.05
0,20.06
0,20.1
0,20.17
0,20.15
0,20.17
0,20.16
0,20.12
0,20.17
0,20.16
0,20.19
0,20.23
0,20.26
0,20.23
0,20.22
0,20.24
0,20.2
0,20.21
0,20.2
0,20.17
0,20.21
0,20.22
0,20.23
0,20.26
0,20.28
0,20.22
0,20.24
0,20.31
0,20.35
0,20.35
0,20.35
0,20.37
0,20.4
0,20.39
0,20.39
0,20.38
0,20.39
0,20.4
0,20.41
0,20.4
0,20.39
0,20.38
0,20.39
0,20.4
0,20.41
0,20.46
0,20.48
0,20.49
0,20.49
0,20.52
0,20.55
0,20.58
0,20.52
0,20.52
0,20.54
0,20.54
0,20.5
0,20.53
0,20.5
0,20.45
0,20.41
0,20.47
0,20.47
0,20.46
0,20.49
0,20.46
0,20.46
0,20.48
0,20.48
0,20.45
0,20.46
0,20.48
0,20.47
0,20.47
0,20.47
0,20.47
0,20.51
0,20.53
0,20.51
0,20.52
0,20.5
0,20.53
0,20.53
0,20.56
0,20.58
0,20.58
0,20.53
0,20.53
0,20.54
0,20.54
0,20.56
0,20.58
0,20.57
0,20.57
0,20.57
0,20.53
0,20.54
0,20.52
0,20.54
0,20.55
0,20.56
0,20.56
0,20.53
0,20.55
0,20.56
0,20.55
0,20.55
0,20.57
0,20.55
0,20.56
0,20.58
0,20.6
0,20.61
0,20.61
0,20.6
0,20.6
0,20.58
0,20.57
0,20.58
0,20.6
0,20.59
0,20.58
0,20.57
0,20.54
0,20.51
0,20.52
0,20.49
0,20.5
0,20.53
0,20.54
0,20.54
0,20.52
0,20.49
0,20.49
0,20.48
0,20.48
0,20.49
0,20.49
0,20.48
0,20.46
0,20.52
0,20.55
0,20.55
0,20.53
0,20.52
0,20.5
0,20.51
0,20.49
0,20.49
0,20.49
0,20.49
0,20.46
0,20.45
0,20.45
0,20.43
0,20.42
0,20.45
0,20.48
0,20.49
0,20.5
0,20.49
0,20.48
0,20.48
0,20.49
0,20.47
0,20.46
0,20.48
0,20.48
0,20.48
0,20.5
0,20.51
0,20.52
0,20.48
0,20.5
0,20.49
0,20.5
0,20.52
0,20.48
0,20.47
0,20.47
0,20.47
0,20.46
0,20.46
0,20.44
0,20.45
0,20.43
0,20.44
0,20.44
0,20.43
0,20.44
0,20.44
0,20.43
0,20.44
0,20.44
0,20.44
0,20.39
0,20.37
0,20.33
0,20.34
0,20.35
0,20.34
0,20.33
0,20.33
0,20.28
0,20.27
0,20.27
0,20.25
0,20.23
0,20.26
0,20.26
0,20.28
0,20.27
0,20.28
0,20.31
0,20.33
0,20.35
0,20.34
0,20.34
0,20.34
0,20.34
0,20.34
0,20.34
0,20.35
0,20.34
0,20.34
0,20.39
0,20.39
0,20.4
0,20.41
0,20.41
0,20.42
0,20.42
0,20.4
0,20.39
0,20.38
0,20.38
0,20.41
0,20.41
0,20.41
0,20.39
0,20.38
0,20.39
0,20.38
0,20.37
0,20.36
0,20.39
0,20.38
0,20.38
0,20.39
0,20.41
0,20.42
0,20.42
0,20.41
0,20.4
0,20.39
0,20.4
0,20.4
0,20.43
0,20.41
0,20.4
0,20.4
0,20.42
0,20.4
0,20.4
0,20.43
0,20.45
0,20.44
0,20.45
0,20.48
0,20.46
0,20.44
0,20.44
0,20.45
0,20.44
0,20.4
0,20.41
0,20.4
0,20.39
0,20.4
0,20.39
0,20.39
0,20.38
0,20.37
0,20.36
0,20.4
0,20.37
0,20.36
0,20.35
0,20.35
0,20.35
0,20.34
0,20.33
0,20.32
0,20.3
0,20.31
0,20.28
0,20.26
0,20.26
0,20.62
0,20.6
0,20.41
0,20.45
0,20.51
0,20.52
0,20.52
0,20.57
0,20.54
0,20.43
0,20.51
0,20.41
0,20.37
0,20.4
0,20.38
0,20.35
0,20.43
0,20.4
0,20.48
0,20.44
0,20.47
0,20.55
0,20.54
0,20.47
0,20.53
0,20.54
0,20.48
0,20.42
0,20.43
0,20.45
0,20.46
0,20.53
0,20.58
0,20.54
0,20.58
0,20.62
0,20.62
0,20.58
0,20.6
0,20.61
0,20.57
0,20.55
0,20.5
0,20.47
0,20.51
0,20.5
0,20.46
0,20.48
0,20.45
0,20.48
0,20.43
0,20.43
0,20.38
0,20.36
0,20.38
0,20.38
0,20.36
0,20.37
0,20.42
0,20.44
0,20.43
0,20.39
0,20.42
0,20.48
0,20.48
0,20.5
0,20.48
0,20.49
0,20.48
0,20.47
0,20.44
0,20.46
0,20.5
0,20.52
0,20.53
0,20.54
0,20.53
0,20.53
0,20.48
0,20.46
0,20.5
0,20.5
0,20.48
0,20.46
0,20.48
0,20.49
0,20.5
0,20.46
0,20.48
0,20.48
0,20.48
0,20.49
0,20.51
0,20.49
0,20.46
0,20.48
0,20.4
0,20.41
0,20.39
0,20.4
0,20.42
0,20.4
0,20.41
0,20.42
0,20.42
0,20.42
0,20.43
0,20.44
0,20.46
0,20.46
0,20.48
0,20.48
0,20.49
0,20.48
0,20.49
0,20.48
0,20.5
0,20.51
0,20.5
0,20.5
0,20.52
0,20.5
0,20.51
0,20.53
0,20.54
0,20.56
0,20.54
0,20.55
0,20.58
0,20.56
0,20.54
0,20.54
0,20.57
0,20.56
0,20.58
0,20.56
0,20.58
0,20.61
0,20.58
0,20.55
0,20.56
0,20.52
0,20.52
0,20.52
0,20.51
0,20.52
0,20.55
0,20.54
0,20.55
0,20.54
0,20.54
0,20.51
0,20.54
0,20.54
0,20.54
0,20.58
0,20.55
0,20.53
0,20.52
0,20.52
0,20.52
0,20.54
0,20.56
0,20.56
0,20.6
0,20.6
0,20.58
0,20.59
0,20.6
0,20.6
0,20.6
0,20.6
0,20.64
0,20.64
0,20.64
0,20.6
0,20.57
0,20.57
0,20.58
0,20.6
0,20.56
0,20.52
0,20.52
0,20.54
0,20.54
0,20.51
0,20.53
0,20.55
0,20.55
0,20.55
0,20.55
0,20.55
0,20.55
0,20.57
0,20.57
0,20.57
0,20.56
0,20.56
0,20.56
0,20.54
0,20.53
0,20.51
0,20.51
0,20.52
0,20.51
0,20.52
0,20.51
0,20.52
0,20.51
0,20.51
0,20.52
0,20.52
0,20.52
0,20.48
0,20.5
0,20.5
0,20.52
0,20.49
0,20.5
0,20.49
0,20.5
0,20.48
0,20.49
0,20.51
0,20.47
0,20.46
0,20.48
0,20.49
0,20.49
0,20.5
0,20.49
0,20.48
0,20.48
0,20.5
0,20.5
0,20.49
0,20.49
0,20.5
0,20.52
0,20.53
0,20.56
0,20.56
0,20.56
0,20.56
0,20.56
0,20.54
0,20.54
0,20.54
0,20.53
0,20.53
0,20.53
0,20.52
0,20.51
0,20.5
0,20.49
0,20.48
0,20.5
0,20.52
0,20.49
0,20.48
0,20.5
0,20.52
0,20.5
0,20.49
0,20.5
0,20.51
0,20.54
0,20.53
0,20.51
0,20.5
0,20.51
0,20.53
0,20.52
0,20.51
0,20.5
0,20.5
0,20.49
0,20.51
0,20.51
0,20.49
0,20.48
0,20.46
0,20.47
0,20.48
0,20.48
0,20.49
0,20.5
0,20.47
0,20.46
0,20.44
0,20.4
0,20.38
0,20.33
0,20.33
0,20.33
0,20.36
0,20.37
0,20.37
0,20.36
0,20.38
0,20.37
0,20.34
0,20.34
0,20.3
0,20.32
0,20.33
0,20.33
0,20.32
0,20.33
0,20.34
0,20.34
0,20.3
0,20.27
0,20.28
0,20.31
0,20.32
0,20.35
0,20.34
0,20.36
0,20.36
0,20.34
0,20.35
0,20.39
0,20.4
0,20.41
0,20.38
0,20.37
0,20.36
0,20.37
0,20.37
0,20.39
0,20.42
0,20.39
0,20.4
0,20.38
0,20.37
0,20.37
0,20.39
0,20.4
0,20.4
0,20.39
0,20.37
0,20.38
0,20.37
0,20.38
0,20.37
0,20.37
0,20.38
0,20.38
0,20.38
0,20.38
0,20.37
0,20.38
0,20.38
0,20.39
0,20.38
0,20.39
0,20.37
0,20.38
0,20.38
0,20.34
0,20.37
0,20.37
0,20.36
0,20.37
0,20.41
0,20.42
0,20.42
0,20.44
0,20.44
0,20.42
0,20.41
0,20.4
0,20.39
0,20.41
0,20.39
0,20.42
0,20.38
0,20.38
0,20.38
0,20.38
0,20.39
0,20.45
0,20.44
0,20.35
0,20.4
0,20.5
0,20.46
0,20.42
0,20.4
0,20.31
0,20.31
0,20.3
0,20.3
0,20.36
0,20.33
0,20.33
0,20.39
0,20.46
0,20.5
0,20.52
0,20.52
0,20.49
0,20.47
0,20.47
0,20.52
0,20.51
0,20.5
0,20.51
0,20.49
0,20.48
0,20.46
0,20.49
0,20.48
0,20.46
0,20.46
0,20.5
0,20.48
0,20.49
0,20.49
0,20.53
0,20.5
0,20.44
0,20.47
0,20.5
0,20.49
0,20.48
0,20.47
0,20.49
0,20.49
0,20.48
0,20.46
0,20.48
0,20.42
0,20.41
0,20.38
0,20.37
0,20.4
0,20.41
0,20.38
0,20.41
0,20.39
0,20.39
0,20.37
0,20.33
0,20.33
0,20.31
0,20.35
0,20.33
0,20.32
0,20.31
0,20.29
0,20.24
0,20.2
0,20.24
0,20.26
0,20.23
0,20.3
0,20.3
0,20.3
0,20.33
0,20.34
0,20.31
0,20.35
0,20.35
0,20.33
0,20.34
0,20.34
0,20.33
0,20.31
0,20.29
0,20.27
0,20.28
0,20.28
0,20.24
0,20.26
0,20.22
0,20.18
0,20.22
0,20.27
0,20.26
0,20.27
0,20.24
0,20.29
0,20.3
0,20.29
0,20.27
0,20.27
0,20.3
0,20.29
0,20.27
0,20.3
0,20.31
0,20.28
0,20.29
0,20.26
0,20.23
0,20.23
0,20.22
0,20.24
0,20.28
0,20.22
0,20.24
0,20.24
0,20.26
0,20.28
0,20.26
0,20.27
0,20.26
0,20.21
0,20.22
0,20.23
0,20.22
0,20.22
0,20.21
0,20.2
0,20.17
0,20.14
0,20.14
0,20.13
0,20.15
0,20.16
0,20.16
0,20.18
0,20.18
0,20.16
0,20.15
0,20.15
0,20.18
0,20.2
0,20.18
0,20.2
0,20.21
0,20.22
0,20.2
0,20.22
0,20.21
0,20.22
0,20.17
0,20.18
0,20.18
0,20.18
0,20.2
0,20.2
0,20.17
0,20.13
0,20.09
0,20.12
0,20.13
0,20.12
0,20.08
0,20.05
0,20.06
0,20.1
0,20.06
0,20.02
0,20.02
0,19.98
0,20.01
0,20.01
0,20.03
0,20
0,19.95
0,19.95
0,19.98
0,19.97
0,19.95
0,19.95
0,19.93
0,19.94
0,20
0,19.99
0,19.99
0,20
0,20.03
0,20.02
0,19.98
0,20
0,20.02
0,20.02
0,20.02
0,20.02
0,20.01
0,20.02
0,20.01
0,19.97
0,19.98
0,19.98
0,19.95
0,19.94
0,19.95
0,19.94
0,19.92
0,19.92
0,19.91
0,19.92
0,19.95
0,19.95
0,19.98
0,19.99
0,19.97
0,19.98
0,19.98
0,19.95
0,19.95
0,19.96
0,19.95
0,19.96
0,19.94
0,19.93
0,19.91
0,19.88
0,19.87
0,19.88
0,19.87
0,19.87
0,19.89
0,19.9
0,19.92
0,19.91
0,19.9
0,19.87
0,19.86
0,19.83
0,19.84
0,19.86
0,19.84
0,19.87
0,19.88
0,19.87
0,19.83
0,19.83
0,19.83
0,19.83
0,19.84
0,19.84
0,19.88
0,19.89
0,19.89
0,19.84
0,19.84
0,19.84
0,19.84
0,19.87
0,19.88
0,19.86
0,19.86
0,19.85
0,19.87
0,19.85
0,19.88
0,19.89
0,19.9
0,19.9
0,19.89
0,19.88
0,19.86
0,19.85
0,19.86
0,19.84
0,19.86
0,19.86
0,19.87
0,19.88
0,19.9
0,19.89
0,19.86
0,19.87
0,19.87
0,19.89
0,19.91
0,19.91
0,19.92
0,19.91
0,19.94
0,19.95
0,19.95
0,19.95
0,19.97
0,19.98
0,20
0,19.98
0,19.99
0,19.97
0,19.96
0,19.98
0,19.97
0,19.96
0,19.95
0,19.96
0,19.95
0,19.95
0,19.94
0,19.94
0,19.94
0,19.94
0,19.92
0,19.91
0,19.88
0,19.9
0,19.88
0,19.87
0,19.87
0,19.87
0,19.86
0,19.87
0,19.87
0,19.89
0,19.87
0,19.89
0,19.88
0,19.89
0,19.88
0,19.88
0,19.89
0,19.9
0,19.88
0,19.89
0,19.87
0,19.88
0,19.89
0,19.91
0,19.92
0,19.93
0,19.96
0,19.94
0,19.92
0,19.92
0,19.91
0,19.92
0,19.93
0,19.93
0,19.92
0,19.9
0,19.88
0,19.86
0,19.84
0,19.85
0,19.86
0,19.86
0,19.85
0,19.83
0,19.82
0,19.78
0,19.78
0,19.77
0,19.79
0,19.77
0,19.77
0,19.76
0,19.77
0,19.81
0,19.8
0,19.8
0,19.77
0,19.76
0,19.76
0,19.78
0,19.77
0,19.76
0,19.76
0,19.44
0,19.37
0,19.29
0,19.29
0,19.23
0,19.12
0,19.15
0,19.24
0,19.2
0,19.14
0,19.14
0,19.09
0,19.11
0,19.04
0,19.06
0,19.09
0,19.15
0,19.16
0,19.22
0,19.19
0,19.19
0,19.31
0,19.38
0,19.38
0,19.37
0,19.35
0,19.37
0,19.43
0,19.44
0,19.38
0,19.34
0,19.34
0,19.3
0,19.27
0,19.28
0,19.24
0,19.25
0,19.3
0,19.35
0,19.43
0,19.44
0,19.45
0,19.43
0,19.45
0,19.43
0,19.48
0,19.53
0,19.56
0,19.55
0,19.51
0,19.48
0,19.49
0,19.54
0,19.51
0,19.5
0,19.52
0,19.55
0,19.56
0,19.55
0,19.55
0,19.55
0,19.52
0,19.52
0,19.51
0,19.5
0,19.52
0,19.55
0,19.57
0,19.57
0,19.54
0,19.56
0,19.58
0,19.63
0,19.63
0,19.68
0,19.7
0,19.67
0,19.66
0,19.66
0,19.67
0,19.68
0,19.66
0,19.66
0,19.74
0,19.74
0,19.72
0,19.75
0,19.79
0,19.8
0,19.84
0,19.84
0,19.84
0,19.88
0,19.9
0,19.89
0,19.92
0,19.95
0,19.95
0,19.9
0,19.92
0,19.87
0,19.86
0,19.84
0,19.88
0,19.88
0,19.88
0,19.88
0,19.89
0,19.87
0,19.81
0,19.83
0,19.84
0,19.83
0,19.84
0,19.83
0,19.8
0,19.79
0,19.79
0,19.79
0,19.79
0,19.78
0,19.78
0,19.82
0,19.87
0,19.88
0,19.88
0,19.85
0,19.87
0,19.87
0,19.87
0,19.87
0,19.83
0,19.82
0,19.84
0,19.84
0,19.85
0,19.85
0,19.82
0,19.81
0,19.8
0,19.8
0,19.83
0,19.82
0,19.8
0,19.79
0,19.83
0,19.84
0,19.88
0,19.9
0,19.88
0,19.87
0,19.87
0,19.9
0,19.92
0,19.91
0,19.91
0,19.89
0,19.86
0,19.89
0,19.88
0,19.89
0,19.89
0,19.91
0,19.92
0,19.95
0,19.96
0,19.94
0,19.92
0,19.94
0,19.9
0,19.9
0,19.91
0,19.93
0,19.94
0,19.94
0,19.92
0,19.93
0,19.92
0,19.95
0,19.95
0,19.94
0,19.96
0,19.98
0,19.99
0,19.98
0,19.98
0,19.98
0,19.97
0,19.98
0,19.96
0,19.95
0,19.98
0,19.97
0,19.96
0,19.97
0,19.95
0,19.95
0,19.98
0,19.98
0,19.99
0,19.94
0,19.95
0,19.94
0,19.94
0,19.93
0,19.91
0,19.91
0,19.91
0,19.93
0,19.93
0,19.95
0,19.96
0,19.95
0,19.98
0,19.98
0,20.02
0,20.02
0,20.02
0,20.01
0,19.99
0,19.99
0,20.01
0,20.03
0,20.04
0,20.07
0,20.04
0,20.08
0,20.07
0,20.08
0,20.09
0,20.13
0,20.15
0,20.12
0,20.09
0,20.09
0,20.08
0,20.09
0,20.09
0,20.1
0,20.12
0,20.09
0,20.06
0,20.05
0,20.04
0,20.05
0,20.05
0,20.07
0,20.05
0,20.03
0,20.01
0,20.01
0,20.03
0,20.03
0,20.05
0,20.04
0,20.05
0,20.04
0,20.03
0,20.04
0,20.05
0,20.04
0,20.06
0,20.08
0,20.06
0,20.06
0,20.05
0,20.08
0,20.06
0,20.07
0,20.07
0,20.06
0,20.08
0,20.1
0,20.09
0,20.09
0,20.09
0,20.09
0,20.07
0,20.09
0,20.06
0,20.06
0,20.06
0,20.06
0,20.06
0,20.06
0,20.02
0,20.04
0,20.03
0,20.02
0,20.02
0,20.05
0,20.04
0,20.05
0,20.06
0,20.06
0,20.05
0,20.05
0,20.05
0,20.04
0,20.05
0,20.04
0,20.11
0,20.14
0,20.2
0,20.22
0,20.17
0,20.2
0,20.24
0,20.32
0,20.35
0,20.38
0,20.41
0,20.45
0,20.47
0,20.4
0,20.29
0,20.31
0,20.31
0,20.17
0,20.17
0,20.17
0,20.2
0,20.18
0,20.15
0,20.16
0,20.17
0,20.15
0,20.15
0,20.17
0,20.2
0,20.23
0,20.22
0,20.21
0,20.18
0,20.22
0,20.19
0,20.19
0,20.19
0,20.19
0,20.2
0,20.19
0,20.2
0,20.23
0,20.24
0,20.25
0,20.26
0,20.26
0,20.27
0,20.26
0,20.28
0,20.29
0,20.33
0,20.34
0,20.34
0,20.33
0,20.35
0,20.34
0,20.32
0,20.29
0,20.26
0,20.29
0,20.28
0,20.29
0,20.3
0,20.35
0,20.32
0,20.31
0,20.32
0,20.3
0,20.31
0,20.31
0,20.3
0,20.29
0,20.28
0,20.3
0,20.29
0,20.28
0,20.27
0,20.26
0,20.26
0,20.26
0,20.3
0,20.38
0,20.22
0,20.2
0,20.29
0,20.3
0,20.35
0,20.26
0,20.26
0,20.2
0,20.17
0,20.13
0,20.07
0,20.11
0,20.04
0,20.14
0,20.16
0,20.24
0,20.22
0,20.24
0,20.25
0,20.21
0,20.14
0,20.16
0,20.19
0,20.16
0,20.18
0,20.21
0,20.25
0,20.29
0,20.31
0,20.33
0,20.28
0,20.24
0,20.31
0,20.31
0,20.33
0,20.4
0,20.42
0,20.42
0,20.4
0,20.4
0,20.41
0,20.46
0,20.43
0,20.48
0,20.46
0,20.52
0,20.58
0,20.56
0,20.56
0,20.62
0,20.61
0,20.62
0,20.61
0,20.6
0,20.6
0,20.62
0,20.57
0,20.6
0,20.57
0,20.61
0,20.63
0,20.63
0,20.62
0,20.6
0,20.62
0,20.62
0,20.67
0,20.66
0,20.65
0,20.63
0,20.67
0,20.68
0,20.72
0,20.72
0,20.72
0,20.74
0,20.72
0,20.7
0,20.68
0,20.7
0,20.7
0,20.72
0,20.76
0,20.76
0,20.77
0,20.78
0,20.78
0,20.82
0,20.84
0,20.83
0,20.88
0,20.93
0,20.96
0,20.97
0,20.91
0,20.92
